{"type":"FeatureCollection","features":[{"type":"Feature","properties":{"nombre":"Seccion Escuela Betania","establecimiento":"Institucion Educativa America","sector":"Oficial","direccion":"CR 110A  34 82"},"geometry":{"type":"Point","coordinates":[-75.622614,6.246213]}},{"type":"Feature","properties":{"nombre":"Colegio Montessori","establecimiento":"Colegio Montessori","sector":"No Oficial","direccion":"CL 20A SUR # 20 55"},"geometry":{"type":"Point","coordinates":[-75.561435,6.17706]}},{"type":"Feature","properties":{"nombre":"Centro Educativo Boqueron","establecimiento":"Centro Educativo Pedregal Alto","sector":"Oficial","direccion":"VDA BOQUERO"},"geometry":{"type":"Point","coordinates":[-75.657539,6.31522]}},{"type":"Feature","properties":{"nombre":"Centro Educativo El Yolombo","establecimiento":"Centro Educativo Pedregal Alto","sector":"Oficial","direccion":"VDA EL YOLOMBO"},"geometry":{"type":"Point","coordinates":[-75.618543,6.302232]}},{"type":"Feature","properties":{"nombre":"Institucion Educativa Fe Y Alegria Jose Maria Velaz","establecimiento":"Institucion Educativa Fe Y Alegria Jose Maria Velaz","sector":"Oficial","direccion":"CL 121 48 67"},"geometry":{"type":"Point","coordinates":[-75.550293,6.30392]}},{"type":"Feature","properties":{"nombre":"Institucion Educativa Barrio Santa Cruz","establecimiento":"Institucion Educativa Barrio Santa Cruz","sector":"Oficial","direccion":"CL 103 43 A 45"},"geometry":{"type":"Point","coordinates":[-75.550549,6.292347]}},{"type":"Feature","properties":{"nombre":"Institucion Educativa Centro Formativo De Antioquia -Cefa","establecimiento":"Institucion Educativa Centro Formativo De Antioquia -Cefa","sector":"Oficial","direccion":"CL 50 41 50"},"geometry":{"type":"Point","coordinates":[-75.561677,6.246579]}},{"type":"Feature","properties":{"nombre":"Institucion Educativa Jose Maria Bernal","establecimiento":"Institucion Educativa Jose Maria Bernal","sector":"Oficial","direccion":"CR 70 A 13 A 19"},"geometry":{"type":"Point","coordinates":[-75.593437,6.220178]}},{"type":"Feature","properties":{"nombre":"Institucion Educativa Presbitero Camilo Torres Restrepo","establecimiento":"Institucion Educativa Presbitero Camilo Torres Restrepo","sector":"Oficial","direccion":"CR 49 83 34"},"geometry":{"type":"Point","coordinates":[-75.557402,6.27645]}},{"type":"Feature","properties":{"nombre":"Institucion Educativa Gabriel Restrepo Moreno","establecimiento":"Institucion Educativa Gabriel Restrepo Moreno","sector":"Oficial","direccion":"CR 39 A 85 59"},"geometry":{"type":"Point","coordinates":[-75.548283,6.276758]}},{"type":"Feature","properties":{"nombre":"Seccion Escuela Santa Bernardita","establecimiento":"Institucion Educativa Gabriel Restrepo Moreno","sector":"Oficial","direccion":"CR 40    85A-20"},"geometry":{"type":"Point","coordinates":[-75.548719,6.276445]}},{"type":"Feature","properties":{"nombre":"Institucion Educativa San Agustin","establecimiento":"Institucion Educativa San Agustin","sector":"Oficial","direccion":"CL 88 A 51 B 91"},"geometry":{"type":"Point","coordinates":[-75.562918,6.280155]}},{"type":"Feature","properties":{"nombre":"Institucion Educativa Hector Abad Gomez","establecimiento":"Institucion Educativa Hector Abad Gomez","sector":"Oficial","direccion":"CL 50 39 65"},"geometry":{"type":"Point","coordinates":[-75.56032,6.245708]}},{"type":"Feature","properties":{"nombre":"Seccion Escuela Dario Londoño Cardona","establecimiento":"Institucion Educativa Hector Abad Gomez","sector":"Oficial","direccion":"CL 44 43 96"},"geometry":{"type":"Point","coordinates":[-75.566783,6.242428]}},{"type":"Feature","properties":{"nombre":"Institucion Educativa Juan De La Cruz Posada","establecimiento":"Institucion Educativa Juan De La Cruz Posada","sector":"Oficial","direccion":"CL 62 39 22"},"geometry":{"type":"Point","coordinates":[-75.55464,6.25371]}},{"type":"Feature","properties":{"nombre":"Seccion Escuela Hipolito Londoño Mesa","establecimiento":"Institucion Educativa Juan De La Cruz Posada","sector":"Oficial","direccion":"CR 40 59 A 52"},"geometry":{"type":"Point","coordinates":[-75.556344,6.251861]}},{"type":"Feature","properties":{"nombre":"Seccion Colegio Agustin Nieto Caballero","establecimiento":"Institucion Educativa Juan De La Cruz Posada","sector":"Oficial","direccion":"CR 40 59 A 21"},"geometry":{"type":"Point","coordinates":[-75.556958,6.252423]}},{"type":"Feature","properties":{"nombre":"Institucion Educativa Jose Acevedo Y Gomez","establecimiento":"Institucion Educativa Jose Acevedo Y Gomez","sector":"Oficial","direccion":"CL 8 SUR 52 B 72"},"geometry":{"type":"Point","coordinates":[-75.589907,6.202364]}},{"type":"Feature","properties":{"nombre":"Seccion Escuela Gabriela Mistral","establecimiento":"Institucion Educativa Jose Acevedo Y Gomez","sector":"Oficial","direccion":"CL 10SUR    52-09"},"geometry":{"type":"Point","coordinates":[-75.589587,6.199539]}},{"type":"Feature","properties":{"nombre":"Seccion Escuela La Colina","establecimiento":"Institucion Educativa Jose Acevedo Y Gomez","sector":"Oficial","direccion":"CR 52C    12ASUR-23"},"geometry":{"type":"Point","coordinates":[-75.591784,6.197219]}},{"type":"Feature","properties":{"nombre":"Seccion Escuela Republica De Costa Rica","establecimiento":"Institucion Educativa Jose Acevedo Y Gomez","sector":"Oficial","direccion":"CR 52    7SUR-23"},"geometry":{"type":"Point","coordinates":[-75.588028,6.202493]}},{"type":"Feature","properties":{"nombre":"Institucion Educativa La Milagrosa","establecimiento":"Institucion Educativa La Milagrosa","sector":"Oficial","direccion":"CR 29 41 14"},"geometry":{"type":"Point","coordinates":[-75.554793,6.235225]}},{"type":"Feature","properties":{"nombre":"Seccion Escuela Santo Tomas De Aquino","establecimiento":"Institucion Educativa La Milagrosa","sector":"Oficial","direccion":"CR 33    36A-28"},"geometry":{"type":"Point","coordinates":[-75.559059,6.23342]}},{"type":"Feature","properties":{"nombre":"Institucion Educativa La Salle De Campoamor","establecimiento":"Institucion Educativa La Salle De Campoamor","sector":"Oficial","direccion":"CR 65 B 4 49"},"geometry":{"type":"Point","coordinates":[-75.58749,6.212469]}},{"type":"Feature","properties":{"nombre":"Institucion Educativa Ramon Giraldo Ceballos","establecimiento":"Institucion Educativa Ramon Giraldo Ceballos","sector":"Oficial","direccion":"CR 82 A 21 15"},"geometry":{"type":"Point","coordinates":[-75.604247,6.22665]}},{"type":"Feature","properties":{"nombre":"Institucion Educativa Caracas","establecimiento":"Institucion Educativa Caracas","sector":"Oficial","direccion":"CL 54 33 67"},"geometry":{"type":"Point","coordinates":[-75.553944,6.245139]}},{"type":"Feature","properties":{"nombre":"Seccion Escuela Beato Hermano Salomon","establecimiento":"Institucion Educativa Caracas","sector":"Oficial","direccion":"CL 53 27 A 50"},"geometry":{"type":"Point","coordinates":[-75.549709,6.243643]}},{"type":"Feature","properties":{"nombre":"Institucion Educativa Escuela Normal Superior De Medellin","establecimiento":"Institucion Educativa Escuela Normal Superior De Medellin","sector":"Oficial","direccion":"CR 34 65 02"},"geometry":{"type":"Point","coordinates":[-75.547829,6.252937]}},{"type":"Feature","properties":{"nombre":"Institucion Educativa Alfredo Cock Arango","establecimiento":"Institucion Educativa Alfredo Cock Arango","sector":"Oficial","direccion":"CR 72 99 55"},"geometry":{"type":"Point","coordinates":[-75.573499,6.296283]}},{"type":"Feature","properties":{"nombre":"Institucion Educativa Perpetuo Socorro","establecimiento":"Institucion Educativa Perpetuo Socorro","sector":"Oficial","direccion":"CR 92 34 D 53"},"geometry":{"type":"Point","coordinates":[-75.616928,6.245799]}},{"type":"Feature","properties":{"nombre":"Institucion Educativa Jesus Maria El Rosal","establecimiento":"Institucion Educativa Jesus Maria El Rosal","sector":"Oficial","direccion":"CR 72 95 20"},"geometry":{"type":"Point","coordinates":[-75.574965,6.291307]}},{"type":"Feature","properties":{"nombre":"Institucion Educativa Republica De Venezuela","establecimiento":"Institucion Educativa Republica De Venezuela","sector":"Oficial","direccion":"Cl 31 C Nº 89 C 92"},"geometry":{"type":"Point","coordinates":[-75.614417,6.234743]}},{"type":"Feature","properties":{"nombre":"Institucion Educativa Javiera Londoño Sevilla","establecimiento":"Institucion Educativa Javiera Londoño Sevilla","sector":"Oficial","direccion":"CL 71 51 D 26"},"geometry":{"type":"Point","coordinates":[-75.565144,6.267823]}},{"type":"Feature","properties":{"nombre":"Institucion Educativa Diego Echavarria Misas","establecimiento":"Institucion Educativa Diego Echavarria Misas","sector":"Oficial","direccion":"CL 111 70 68"},"geometry":{"type":"Point","coordinates":[-75.568938,6.307806]}},{"type":"Feature","properties":{"nombre":"Seccion Escuela Eduardo Uribe Botero","establecimiento":"Institucion Educativa Diego Echavarria Misas","sector":"Oficial","direccion":"CR 74 112 30"},"geometry":{"type":"Point","coordinates":[-75.569661,6.308794]}},{"type":"Feature","properties":{"nombre":"Seccion Escuela Estado De Israel","establecimiento":"Institucion Educativa Diego Echavarria Misas","sector":"Oficial","direccion":"CL 110 A 75 A 1"},"geometry":{"type":"Point","coordinates":[-75.571395,6.308361]}},{"type":"Feature","properties":{"nombre":"Institucion Educativa Gilberto Alzate Avendaño","establecimiento":"Institucion Educativa Gilberto Alzate Avendaño","sector":"Oficial","direccion":"CL 92 51 A 100"},"geometry":{"type":"Point","coordinates":[-75.562534,6.28365]}},{"type":"Feature","properties":{"nombre":"Seccion Escuela Tomas Carrasquilla No. 1","establecimiento":"Institucion Educativa Gilberto Alzate Avendaño","sector":"Oficial","direccion":"CR 52     92-05"},"geometry":{"type":"Point","coordinates":[-75.563315,6.283948]}},{"type":"Feature","properties":{"nombre":"Seccion Escuela Carlos Villa Martinez","establecimiento":"Institucion Educativa Gilberto Alzate Avendaño","sector":"Oficial","direccion":"CR 50B    95-06"},"geometry":{"type":"Point","coordinates":[-75.558854,6.287337]}},{"type":"Feature","properties":{"nombre":"Seccion Escuela Seguros Bolivar","establecimiento":"Institucion Educativa Gilberto Alzate Avendaño","sector":"Oficial","direccion":"CR 52    86-21"},"geometry":{"type":"Point","coordinates":[-75.563614,6.279662]}},{"type":"Feature","properties":{"nombre":"Seccion Escuela San Isidro","establecimiento":"Institucion Educativa Gilberto Alzate Avendaño","sector":"Oficial","direccion":"CR 53  95 25"},"geometry":{"type":"Point","coordinates":[-75.563491,6.28778]}},{"type":"Feature","properties":{"nombre":"Institucion Educativa Gonzalo Restrepo Jaramillo","establecimiento":"Institucion Educativa Gonzalo Restrepo Jaramillo","sector":"Oficial","direccion":"CR 26 49 70"},"geometry":{"type":"Point","coordinates":[-75.549342,6.239777]}},{"type":"Feature","properties":{"nombre":"Seccion Escuela Juan Cancio Restrepo","establecimiento":"Institucion Educativa Gonzalo Restrepo Jaramillo","sector":"Oficial","direccion":"CL 45 31 63"},"geometry":{"type":"Point","coordinates":[-75.55565,6.23847]}},{"type":"Feature","properties":{"nombre":"Seccion Escuela La Anunciacion","establecimiento":"Institucion Educativa Gonzalo Restrepo Jaramillo","sector":"Oficial","direccion":"KR 26 49 70"},"geometry":{"type":"Point","coordinates":[-75.548687,6.231641]}},{"type":"Feature","properties":{"nombre":"Institucion Educativa Antonio Ricaurte","establecimiento":"Institucion Educativa Antonio Ricaurte","sector":"Oficial","direccion":"CR 80 # 2-11"},"geometry":{"type":"Point","coordinates":[-75.603428,6.211076]}},{"type":"Feature","properties":{"nombre":"Institucion Educativa Jose Roberto Vasquez Barrio Manrique","establecimiento":"Institucion Educativa Jose Roberto Vasquez Barrio Manrique","sector":"Oficial","direccion":"CL 76 39 160"},"geometry":{"type":"Point","coordinates":[-75.550133,6.26863]}},{"type":"Feature","properties":{"nombre":"Seccion Escuela Baldomero Sanin Cano","establecimiento":"Institucion Educativa Jose Roberto Vasquez Barrio Manrique","sector":"Oficial","direccion":"CR 37 # 75A-2"},"geometry":{"type":"Point","coordinates":[-75.548052,6.268864]}},{"type":"Feature","properties":{"nombre":"Seccion Escuela Jose Manuel Mora Vasquez","establecimiento":"Institucion Educativa Jose Roberto Vasquez Barrio Manrique","sector":"Oficial","direccion":"CR 42A    75-9"},"geometry":{"type":"Point","coordinates":[-75.552294,6.268547]}},{"type":"Feature","properties":{"nombre":"Institucion Educativa San Juan Bautista De La Salle","establecimiento":"Institucion Educativa San Juan Bautista De La Salle","sector":"Oficial","direccion":"CL 93 40 42"},"geometry":{"type":"Point","coordinates":[-75.549484,6.2844]}},{"type":"Feature","properties":{"nombre":"Institucion Educativa La Asuncion","establecimiento":"Institucion Educativa La Asuncion","sector":"Oficial","direccion":"CR 47 99 77"},"geometry":{"type":"Point","coordinates":[-75.554241,6.29092]}},{"type":"Feature","properties":{"nombre":"Institucion Educativa Aures","establecimiento":"Institucion Educativa Aures","sector":"Oficial","direccion":"CR 96A  77E 15 INT 102"},"geometry":{"type":"Point","coordinates":[-75.596686,6.289816]}},{"type":"Feature","properties":{"nombre":"Seccion Escuela Aures","establecimiento":"Institucion Educativa Aures","sector":"Oficial","direccion":"CR 93 A 77 F 57"},"geometry":{"type":"Point","coordinates":[-75.594088,6.288679]}},{"type":"Feature","properties":{"nombre":"Institucion Educativa Montecarlo Guillermo Gaviria Correa","establecimiento":"Institucion Educativa Montecarlo Guillermo Gaviria Correa","sector":"Oficial","direccion":"CR 36 85 B 140"},"geometry":{"type":"Point","coordinates":[-75.546149,6.276729]}},{"type":"Feature","properties":{"nombre":"Institucion Educativa Cristobal Colon","establecimiento":"Institucion Educativa Cristobal Colon","sector":"Oficial","direccion":"CL 38 92 93"},"geometry":{"type":"Point","coordinates":[-75.613154,6.250513]}},{"type":"Feature","properties":{"nombre":"Institucion Educativa Ciro Mendia","establecimiento":"Institucion Educativa Ciro Mendia","sector":"Oficial","direccion":"CL 99 48 55"},"geometry":{"type":"Point","coordinates":[-75.555474,6.290498]}},{"type":"Feature","properties":{"nombre":"Seccion Escuela Arzobispo Garcia","establecimiento":"Institucion Educativa Ciro Mendia","sector":"Oficial","direccion":"CR 49  98  48"},"geometry":{"type":"Point","coordinates":[-75.555906,6.289898]}},{"type":"Feature","properties":{"nombre":"Institucion Educativa Madre Maria Mazarello","establecimiento":"Institucion Educativa Madre Maria Mazarello","sector":"Oficial","direccion":"CL 48 33 62"},"geometry":{"type":"Point","coordinates":[-75.556091,6.24137]}},{"type":"Feature","properties":{"nombre":"Institucion Educativa Republica Del Brasil","establecimiento":"Institucion Educativa Republica Del Brasil","sector":"Oficial","direccion":"CR 42 A 76 28"},"geometry":{"type":"Point","coordinates":[-75.551829,6.269217]}},{"type":"Feature","properties":{"nombre":"Institucion Educativa Manuela Beltran","establecimiento":"Institucion Educativa Manuela Beltran","sector":"Oficial","direccion":"CR 37  71 47"},"geometry":{"type":"Point","coordinates":[-75.548517,6.266308]}},{"type":"Feature","properties":{"nombre":"Seccion Escuela San Jose","establecimiento":"Institucion Educativa Manuela Beltran","sector":"Oficial","direccion":"CL 71  33 18"},"geometry":{"type":"Point","coordinates":[-75.545899,6.265603]}},{"type":"Feature","properties":{"nombre":"Institucion Educativa Lola Gonzalez","establecimiento":"Institucion Educativa Lola Gonzalez","sector":"Oficial","direccion":"CL 47 F 94 63"},"geometry":{"type":"Point","coordinates":[-75.610981,6.25759]}},{"type":"Feature","properties":{"nombre":"Seccion Escuela Santa Lucia","establecimiento":"Institucion Educativa Lola Gonzalez","sector":"Oficial","direccion":"CR 89A    47DD-71"},"geometry":{"type":"Point","coordinates":[-75.606077,6.258112]}},{"type":"Feature","properties":{"nombre":"Institucion Educativa Javiera Londoño","establecimiento":"Institucion Educativa Javiera Londoño","sector":"Oficial","direccion":"CL 53 40 65"},"geometry":{"type":"Point","coordinates":[-75.559928,6.248561]}},{"type":"Feature","properties":{"nombre":"Seccion Escuela Antonia Santos","establecimiento":"Institucion Educativa Javiera Londoño","sector":"Oficial","direccion":"CL 50 B 38 11"},"geometry":{"type":"Point","coordinates":[-75.559928,6.248561]}},{"type":"Feature","properties":{"nombre":"Seccion Escuela Luis Alfonso Agudelo","establecimiento":"Institucion Educativa Javiera Londoño","sector":"Oficial","direccion":"CR 43 A 38 20"},"geometry":{"type":"Point","coordinates":[-75.568054,6.236803]}},{"type":"Feature","properties":{"nombre":"Institucion Educativa Yermo Y Parres","establecimiento":"Institucion Educativa Yermo Y Parres","sector":"Oficial","direccion":"CL 28 77 84"},"geometry":{"type":"Point","coordinates":[-75.597857,6.229112]}},{"type":"Feature","properties":{"nombre":"Seccion Escuela Carlos Franco","establecimiento":"Institucion Educativa Yermo Y Parres","sector":"Oficial","direccion":"CL 23 78 48"},"geometry":{"type":"Point","coordinates":[-75.597431,6.227937]}},{"type":"Feature","properties":{"nombre":"Seccion Escuela Guillermo Valencia","establecimiento":"Institucion Educativa Yermo Y Parres","sector":"Oficial","direccion":"CR 77 25 67"},"geometry":{"type":"Point","coordinates":[-75.598739,6.226681]}},{"type":"Feature","properties":{"nombre":"Institucion Educativa Jose Celestino Mutis","establecimiento":"Institucion Educativa Jose Celestino Mutis","sector":"Oficial","direccion":"CL 65 45 15"},"geometry":{"type":"Point","coordinates":[-75.556833,6.258904]}},{"type":"Feature","properties":{"nombre":"Institucion Educativa Jose Antonio Galan","establecimiento":"Institucion Educativa Jose Antonio Galan","sector":"Oficial","direccion":"CR 44A 93 87"},"geometry":{"type":"Point","coordinates":[-75.55195,6.284963]}},{"type":"Feature","properties":{"nombre":"Institucion Educativa Santa Catalina De Siena","establecimiento":"Institucion Educativa Santa Catalina De Siena","sector":"Oficial","direccion":"CL 1 # 29 - 300"},"geometry":{"type":"Point","coordinates":[-75.56118,6.199755]}},{"type":"Feature","properties":{"nombre":"Institucion Educativa Monseñor Gerardo Valencia Cano","establecimiento":"Institucion Educativa Monseñor Gerardo Valencia Cano","sector":"Oficial","direccion":"CL 65 74 B 273"},"geometry":{"type":"Point","coordinates":[-75.587365,6.2692]}},{"type":"Feature","properties":{"nombre":"Seccion Escuela La Portada","establecimiento":"Institucion Educativa Monseñor Gerardo Valencia Cano","sector":"Oficial","direccion":"CL 80C  88A 37"},"geometry":{"type":"Point","coordinates":[-75.589062,6.288165]}},{"type":"Feature","properties":{"nombre":"Institucion Educativa Fe Y Alegria Popular No. 1","establecimiento":"Institucion Educativa Fe Y Alegria Popular No. 1","sector":"Oficial","direccion":"IND CL 120 42BB 10"},"geometry":{"type":"Point","coordinates":[-75.544792,6.302135]}},{"type":"Feature","properties":{"nombre":"Seccion Escuela Fe Y Alegria Popular No. 2","establecimiento":"Institucion Educativa Fe Y Alegria Popular No. 1","sector":"Oficial","direccion":"CR 43    11 8B 16"},"geometry":{"type":"Point","coordinates":[-75.547208,6.302469]}},{"type":"Feature","properties":{"nombre":"Institucion Educativa Nuevo Horizonte - Paulo Vi","establecimiento":"Institucion Educativa Nuevo Horizonte - Paulo Vi","sector":"Oficial","direccion":"CR 42 B 110 A 28"},"geometry":{"type":"Point","coordinates":[-75.546343,6.298962]}},{"type":"Feature","properties":{"nombre":"Seccion Escuela Nuevo Horizonte 2","establecimiento":"Institucion Educativa Nuevo Horizonte - Paulo Vi","sector":"Oficial","direccion":"CR 37    107AA-21"},"geometry":{"type":"Point","coordinates":[-75.546067,6.294821]}},{"type":"Feature","properties":{"nombre":"Institucion Educativa Sor Juana Ines De La Cruz","establecimiento":"Institucion Educativa Sor Juana Ines De La Cruz","sector":"Oficial","direccion":"CR 67 103 EE 1"},"geometry":{"type":"Point","coordinates":[-75.56782,6.300333]}},{"type":"Feature","properties":{"nombre":"Seccion Escuela Sor Juana","establecimiento":"Institucion Educativa Sor Juana Ines De La Cruz","sector":"Oficial","direccion":"CL 103 EE  65 85"},"geometry":{"type":"Point","coordinates":[-75.567491,6.300083]}},{"type":"Feature","properties":{"nombre":"Institucion Educativa Carlos Vieco Ortiz","establecimiento":"Institucion Educativa Carlos Vieco Ortiz","sector":"Oficial","direccion":"CL 40 105 36"},"geometry":{"type":"Point","coordinates":[-75.619992,6.254792]}},{"type":"Feature","properties":{"nombre":"Seccion Escuela Juan De Dios Aranzazu","establecimiento":"Institucion Educativa Carlos Vieco Ortiz","sector":"Oficial","direccion":"CL 42    105-42"},"geometry":{"type":"Point","coordinates":[-75.620162,6.255683]}},{"type":"Feature","properties":{"nombre":"Seccion Escuela Municipal San Javier","establecimiento":"Institucion Educativa Carlos Vieco Ortiz","sector":"Oficial","direccion":"CR 108 39 D 07"},"geometry":{"type":"Point","coordinates":[-75.621543,6.253347]}},{"type":"Feature","properties":{"nombre":"Seccion Escuela Veinte De Julio","establecimiento":"Institucion Educativa Carlos Vieco Ortiz","sector":"Oficial","direccion":"CR 106 38 40"},"geometry":{"type":"Point","coordinates":[-75.618293,6.252071]}},{"type":"Feature","properties":{"nombre":"Institucion Educativa San Roberto Belarmino","establecimiento":"Institucion Educativa San Roberto Belarmino","sector":"Oficial","direccion":"CL 32 B 83 39"},"geometry":{"type":"Point","coordinates":[-75.606698,6.235577]}},{"type":"Feature","properties":{"nombre":"Institucion Educativa Federico Ozanam","establecimiento":"Institucion Educativa Federico Ozanam","sector":"Oficial","direccion":"CR 36-45-08"},"geometry":{"type":"Point","coordinates":[-75.557846,6.240924]}},{"type":"Feature","properties":{"nombre":"Institucion Educativa Rafael Uribe Uribe","establecimiento":"Institucion Educativa Rafael Uribe Uribe","sector":"Oficial","direccion":"CR 82 42 C 58"},"geometry":{"type":"Point","coordinates":[-75.60339,6.249565]}},{"type":"Feature","properties":{"nombre":"Seccion Escuela Rafael Uribe Uribe","establecimiento":"Institucion Educativa Rafael Uribe Uribe","sector":"Oficial","direccion":"CR 83  42C 54"},"geometry":{"type":"Point","coordinates":[-75.604158,6.249078]}},{"type":"Feature","properties":{"nombre":"Institucion Educativa Jose Eusebio Caro","establecimiento":"Institucion Educativa Jose Eusebio Caro","sector":"Oficial","direccion":"CR 50 A 93 77"},"geometry":{"type":"Point","coordinates":[-75.558696,6.285425]}},{"type":"Feature","properties":{"nombre":"Institucion Educativa Benjamin Herrera","establecimiento":"Institucion Educativa Benjamin Herrera","sector":"Oficial","direccion":"CL 25 52 140"},"geometry":{"type":"Point","coordinates":[-75.579661,6.226468]}},{"type":"Feature","properties":{"nombre":"Seccion Escuela Santisima Trinidad","establecimiento":"Institucion Educativa Benjamin Herrera","sector":"Oficial","direccion":"CL 26    65B-100"},"geometry":{"type":"Point","coordinates":[-75.585913,6.22783]}},{"type":"Feature","properties":{"nombre":"Institucion Educativa Juan De Dios Cock","establecimiento":"Institucion Educativa Juan De Dios Cock","sector":"Oficial","direccion":"CL 88 45 70"},"geometry":{"type":"Point","coordinates":[-75.553446,6.280667]}},{"type":"Feature","properties":{"nombre":"Institucion Educativa Marco Fidel Suarez","establecimiento":"Institucion Educativa Marco Fidel Suarez","sector":"Oficial","direccion":"CR 70 49 70"},"geometry":{"type":"Point","coordinates":[-75.586537,6.25732]}},{"type":"Feature","properties":{"nombre":"Seccion Escuela Cuarta Brigada","establecimiento":"Institucion Educativa Marco Fidel Suarez","sector":"Oficial","direccion":"CL 53    76-267"},"geometry":{"type":"Point","coordinates":[-75.592219,6.26498]}},{"type":"Feature","properties":{"nombre":"Seccion Escuela Carlos Obando Velasco","establecimiento":"Institucion Educativa Marco Fidel Suarez","sector":"Oficial","direccion":"CR 67A    42-24"},"geometry":{"type":"Point","coordinates":[-75.58541,6.246874]}},{"type":"Feature","properties":{"nombre":"Seccion Escuela La Iguana","establecimiento":"Institucion Educativa Marco Fidel Suarez","sector":"Oficial","direccion":"CR 70 N° 53 02"},"geometry":{"type":"Point","coordinates":[-75.580999,6.259666]}},{"type":"Feature","properties":{"nombre":"Institucion Educativa Ramon Munera Lopera","establecimiento":"Institucion Educativa Ramon Munera Lopera","sector":"Oficial","direccion":"CR 30A    77-04"},"geometry":{"type":"Point","coordinates":[-75.543487,6.269757]}},{"type":"Feature","properties":{"nombre":"Seccion Escuela Alto De La Cruz","establecimiento":"Institucion Educativa Ramon Munera Lopera","sector":"Oficial","direccion":"CL 79 C 24 21"},"geometry":{"type":"Point","coordinates":[-75.538172,6.271418]}},{"type":"Feature","properties":{"nombre":"Institucion Educativa Mariscal Robledo","establecimiento":"Institucion Educativa Mariscal Robledo","sector":"Oficial","direccion":"CL 65 84 87"},"geometry":{"type":"Point","coordinates":[-75.595832,6.275257]}},{"type":"Feature","properties":{"nombre":"Seccion Escuela Conrado Gonzalez Mejia","establecimiento":"Institucion Educativa Mariscal Robledo","sector":"Oficial","direccion":"CL 76 80 496"},"geometry":{"type":"Point","coordinates":[-75.595832,6.275257]}},{"type":"Feature","properties":{"nombre":"Institucion Educativa Fe Y Alegria Santo Domingo Savio","establecimiento":"Institucion Educativa Fe Y Alegria Santo Domingo Savio","sector":"Oficial","direccion":"CR 29 110 A 83"},"geometry":{"type":"Point","coordinates":[-75.541456,6.29907]}},{"type":"Feature","properties":{"nombre":"Seccion Escuela Fe Y Alegria Segunda Agrupacion","establecimiento":"Institucion Educativa Fe Y Alegria Santo Domingo Savio","sector":"Oficial","direccion":"CR 30    110B-24"},"geometry":{"type":"Point","coordinates":[-75.54203,6.299333]}},{"type":"Feature","properties":{"nombre":"Institucion Educativa Gabriel Garcia Marquez","establecimiento":"Institucion Educativa Gabriel Garcia Marquez","sector":"Oficial","direccion":"CR 8 A 57 A 93"},"geometry":{"type":"Point","coordinates":[-75.533555,6.236517]}},{"type":"Feature","properties":{"nombre":"Seccion Escuela San Vicente De Paul","establecimiento":"Institucion Educativa Gabriel Garcia Marquez","sector":"Oficial","direccion":"CR 6F    54-133"},"geometry":{"type":"Point","coordinates":[-75.532429,6.233504]}},{"type":"Feature","properties":{"nombre":"Institucion Educativa Lucrecio Jaramillo Velez","establecimiento":"Institucion Educativa Lucrecio Jaramillo Velez","sector":"Oficial","direccion":"CR 79 38 59"},"geometry":{"type":"Point","coordinates":[-75.599304,6.246286]}},{"type":"Feature","properties":{"nombre":"Seccion Escuela Agrupacion Colombia","establecimiento":"Institucion Educativa Lucrecio Jaramillo Velez","sector":"Oficial","direccion":"CL 44A    75-68"},"geometry":{"type":"Point","coordinates":[-75.595171,6.250654]}},{"type":"Feature","properties":{"nombre":"Institucion Educativa San Vicente De Paul","establecimiento":"Institucion Educativa San Vicente De Paul","sector":"Oficial","direccion":"CR 71A N° 79D-01"},"geometry":{"type":"Point","coordinates":[-75.577537,6.278864]}},{"type":"Feature","properties":{"nombre":"Seccion Escuela Alfredo Cock Arango","establecimiento":"Institucion Educativa San Vicente De Paul","sector":"Oficial","direccion":"CR 70    79A-43"},"geometry":{"type":"Point","coordinates":[-75.57828,6.277798]}},{"type":"Feature","properties":{"nombre":"Institucion Educativa Pedro Luis Villa","establecimiento":"Institucion Educativa Pedro Luis Villa","sector":"Oficial","direccion":"CR 43 66 C 40"},"geometry":{"type":"Point","coordinates":[-75.553878,6.261146]}},{"type":"Feature","properties":{"nombre":"Seccion Escuela Marco Fidel Suarez","establecimiento":"Institucion Educativa Pedro Luis Villa","sector":"Oficial","direccion":"CL 70 A 43 74"},"geometry":{"type":"Point","coordinates":[-75.553482,6.266097]}},{"type":"Feature","properties":{"nombre":"Seccion Escuela Versalles","establecimiento":"Institucion Educativa Pedro Luis Villa","sector":"Oficial","direccion":"CL 71    33-33"},"geometry":{"type":"Point","coordinates":[-75.546006,6.265459]}},{"type":"Feature","properties":{"nombre":"Institucion Educativa Cristo Rey","establecimiento":"Institucion Educativa Cristo Rey","sector":"Oficial","direccion":"CL 2 SUR 50 D 30"},"geometry":{"type":"Point","coordinates":[-75.581674,6.205101]}},{"type":"Feature","properties":{"nombre":"Seccion Escuela Cristo Rey-Apolo","establecimiento":"Institucion Educativa Cristo Rey","sector":"Oficial","direccion":"CR 50G  3SUR-34"},"geometry":{"type":"Point","coordinates":[-75.583817,6.204458]}},{"type":"Feature","properties":{"nombre":"Institucion Educativa Samuel Barrientos","establecimiento":"Institucion Educativa Samuel Barrientos","sector":"Oficial","direccion":"CL 44 94 119"},"geometry":{"type":"Point","coordinates":[-75.611703,6.254607]}},{"type":"Feature","properties":{"nombre":"Seccion Escuela Monseñor Perdomo","establecimiento":"Institucion Educativa Samuel Barrientos","sector":"Oficial","direccion":"CL 44    97-14"},"geometry":{"type":"Point","coordinates":[-75.614047,6.256047]}},{"type":"Feature","properties":{"nombre":"Seccion Escuela Pio Xii","establecimiento":"Institucion Educativa Samuel Barrientos","sector":"Oficial","direccion":"CR 98    44-52"},"geometry":{"type":"Point","coordinates":[-75.614027,6.256369]}},{"type":"Feature","properties":{"nombre":"Institucion Educativa San Francisco De Asis","establecimiento":"Institucion Educativa San Francisco De Asis","sector":"Oficial","direccion":"CL 56 16 18"},"geometry":{"type":"Point","coordinates":[-75.539627,6.238488]}},{"type":"Feature","properties":{"nombre":"Institucion Educativa Mater Dei","establecimiento":"Institucion Educativa Mater Dei","sector":"Oficial","direccion":"CR 68 42 70"},"geometry":{"type":"Point","coordinates":[-75.586062,6.247429]}},{"type":"Feature","properties":{"nombre":"Institucion Educativa Francisco Antonio Zea","establecimiento":"Institucion Educativa Francisco Antonio Zea","sector":"Oficial","direccion":"CR 82 35 40"},"geometry":{"type":"Point","coordinates":[-75.603979,6.243853]}},{"type":"Feature","properties":{"nombre":"Seccion Escuela Pedro De Castro","establecimiento":"Institucion Educativa Francisco Antonio Zea","sector":"Oficial","direccion":"CL 40    86A-101"},"geometry":{"type":"Point","coordinates":[-75.608208,6.248518]}},{"type":"Feature","properties":{"nombre":"Institucion Educativa La Piedad","establecimiento":"Institucion Educativa La Piedad","sector":"Oficial","direccion":"CR 81 54 71"},"geometry":{"type":"Point","coordinates":[-75.596639,6.269143]}},{"type":"Feature","properties":{"nombre":"Institucion Educativa Fatima Nutibara","establecimiento":"Institucion Educativa Fatima Nutibara","sector":"Oficial","direccion":"CR 65 A 32 B 120"},"geometry":{"type":"Point","coordinates":[-75.583253,6.236576]}},{"type":"Feature","properties":{"nombre":"Seccion Escuela Sofia Ospina De Navarro","establecimiento":"Institucion Educativa Fatima Nutibara","sector":"Oficial","direccion":"CL 32    65-20"},"geometry":{"type":"Point","coordinates":[-75.582889,6.234948]}},{"type":"Feature","properties":{"nombre":"Institucion Educativa Republica De Honduras","establecimiento":"Institucion Educativa Republica De Honduras","sector":"Oficial","direccion":"CR 50 B 97 A 30"},"geometry":{"type":"Point","coordinates":[-75.559632,6.290909]}},{"type":"Feature","properties":{"nombre":"Seccion Escuela Municipal La Rosa","establecimiento":"Institucion Educativa Republica De Honduras","sector":"Oficial","direccion":"CR 52     99-24"},"geometry":{"type":"Point","coordinates":[-75.559564,6.29085]}},{"type":"Feature","properties":{"nombre":"Institucion Educativa Manuel Jose Cayzedo","establecimiento":"Institucion Educativa Manuel Jose Cayzedo","sector":"Oficial","direccion":"CL 50 29 82"},"geometry":{"type":"Point","coordinates":[-75.552138,6.241546]}},{"type":"Feature","properties":{"nombre":"Institucion Educativa Octavio Harry - Jacqueline Kennedy","establecimiento":"Institucion Educativa Octavio Harry - Jacqueline Kennedy","sector":"Oficial","direccion":"CL 17 73 37"},"geometry":{"type":"Point","coordinates":[-75.595916,6.222032]}},{"type":"Feature","properties":{"nombre":"Seccion Jardin Infantil No.1","establecimiento":"Institucion Educativa Octavio Harry - Jacqueline Kennedy","sector":"Oficial","direccion":"KR 72 A 20 A 62"},"geometry":{"type":"Point","coordinates":[-75.594191,6.224416]}},{"type":"Feature","properties":{"nombre":"Institucion Educativa Maria Montessori","establecimiento":"Institucion Educativa Maria Montessori","sector":"Oficial","direccion":"CR 69 A 92 C 87"},"geometry":{"type":"Point","coordinates":[-75.574998,6.286844]}},{"type":"Feature","properties":{"nombre":"Seccion Escuela La Union","establecimiento":"Institucion Educativa Maria Montessori","sector":"Oficial","direccion":"CR 67 93 75"},"geometry":{"type":"Point","coordinates":[-75.572459,6.28786]}},{"type":"Feature","properties":{"nombre":"Institucion Educativa Lorenza Villegas De Santos","establecimiento":"Institucion Educativa Lorenza Villegas De Santos","sector":"Oficial","direccion":"CR 51 87 40"},"geometry":{"type":"Point","coordinates":[-75.560891,6.28021]}},{"type":"Feature","properties":{"nombre":"Seccion Escuela Esteban Jaramillo","establecimiento":"Institucion Educativa Lorenza Villegas De Santos","sector":"Oficial","direccion":"CR 47    89-50"},"geometry":{"type":"Point","coordinates":[-75.555176,6.281746]}},{"type":"Feature","properties":{"nombre":"Seccion Escuela Simona Duque","establecimiento":"Institucion Educativa Lorenza Villegas De Santos","sector":"Oficial","direccion":"CR 51    96-44"},"geometry":{"type":"Point","coordinates":[-75.560556,6.289046]}},{"type":"Feature","properties":{"nombre":"Institucion Educativa Santa Rosa De Lima","establecimiento":"Institucion Educativa Santa Rosa De Lima","sector":"Oficial","direccion":"CL 45 G 80 95"},"geometry":{"type":"Point","coordinates":[-75.599266,6.255529]}},{"type":"Feature","properties":{"nombre":"Seccion Escuela Republica De Panama","establecimiento":"Institucion Educativa Santa Rosa De Lima","sector":"Oficial","direccion":"CR 88    49DD-70"},"geometry":{"type":"Point","coordinates":[-75.606293,6.262894]}},{"type":"Feature","properties":{"nombre":"Seccion Escuela La Pradera","establecimiento":"Institucion Educativa Santa Rosa De Lima","sector":"Oficial","direccion":"CR 97A    49A-15"},"geometry":{"type":"Point","coordinates":[-75.610792,6.262993]}},{"type":"Feature","properties":{"nombre":"Institucion Educativa Jose Maria Bravo Marquez","establecimiento":"Institucion Educativa Jose Maria Bravo Marquez","sector":"Oficial","direccion":"CL 70 47 A 04"},"geometry":{"type":"Point","coordinates":[-75.55742,6.265653]}},{"type":"Feature","properties":{"nombre":"Seccion Escuela Porfirio Barba Jacob","establecimiento":"Institucion Educativa Jose Maria Bravo Marquez","sector":"Oficial","direccion":"CR 47    74-32"},"geometry":{"type":"Point","coordinates":[-75.556541,6.268982]}},{"type":"Feature","properties":{"nombre":"Instituto Tecnico Industrial Pascual Bravo","establecimiento":"Instituto Tecnico Industrial Pascual Bravo","sector":"Oficial","direccion":"CL 73    73A-227"},"geometry":{"type":"Point","coordinates":[-75.58657,6.273915]}},{"type":"Feature","properties":{"nombre":"Institucion Educativa Rosalia Suarez","establecimiento":"Institucion Educativa Rosalia Suarez","sector":"Oficial","direccion":"CR 77    30A-53"},"geometry":{"type":"Point","coordinates":[-75.597223,6.232619]}},{"type":"Feature","properties":{"nombre":"Seccion Escuela Municipal Belen","establecimiento":"Institucion Educativa Rosalia Suarez","sector":"Oficial","direccion":"CL 30A    80-18"},"geometry":{"type":"Point","coordinates":[-75.600251,6.232128]}},{"type":"Feature","properties":{"nombre":"Institucion Educativa La Presentacion","establecimiento":"Institucion Educativa La Presentacion","sector":"Oficial","direccion":"CL 7 56 8"},"geometry":{"type":"Point","coordinates":[-75.58498,6.213788]}},{"type":"Feature","properties":{"nombre":"Institucion Educativa Santo Angel","establecimiento":"Institucion Educativa Santo Angel","sector":"Oficial","direccion":"CL 2 SUR 53 140"},"geometry":{"type":"Point","coordinates":[-75.587755,6.207578]}},{"type":"Feature","properties":{"nombre":"Institucion Educativa Campo Valdes","establecimiento":"Institucion Educativa Campo Valdes","sector":"Oficial","direccion":"CL 83 47 33"},"geometry":{"type":"Point","coordinates":[-75.555669,6.275532]}},{"type":"Feature","properties":{"nombre":"Institucion Educativa Monseñor Francisco Cristobal Toro","establecimiento":"Institucion Educativa Monseñor Francisco Cristobal Toro","sector":"Oficial","direccion":"CR 50 D 90 49"},"geometry":{"type":"Point","coordinates":[-75.560414,6.282485]}},{"type":"Feature","properties":{"nombre":"Seccion Escuela Ana Frank","establecimiento":"Institucion Educativa Monseñor Francisco Cristobal Toro","sector":"Oficial","direccion":"CR 50AA  88-13"},"geometry":{"type":"Point","coordinates":[-75.559211,6.280855]}},{"type":"Feature","properties":{"nombre":"Seccion Escuela Epifanio Mejia","establecimiento":"Institucion Educativa Monseñor Francisco Cristobal Toro","sector":"Oficial","direccion":"CL 90    50A-09"},"geometry":{"type":"Point","coordinates":[-75.558851,6.281995]}},{"type":"Feature","properties":{"nombre":"Institucion Educativa Tulio Ospina","establecimiento":"Institucion Educativa Tulio Ospina","sector":"Oficial","direccion":"CL 60 51 48"},"geometry":{"type":"Point","coordinates":[-75.565942,6.259]}},{"type":"Feature","properties":{"nombre":"Institucion Educativa Manuel Uribe Angel","establecimiento":"Institucion Educativa Manuel Uribe Angel","sector":"Oficial","direccion":"CR 49 A 107 65"},"geometry":{"type":"Point","coordinates":[-75.553712,6.297995]}},{"type":"Feature","properties":{"nombre":"Seccion Escuela Gerardo David Giraldo","establecimiento":"Institucion Educativa Manuel Uribe Angel","sector":"Oficial","direccion":"CR 49C    108-70"},"geometry":{"type":"Point","coordinates":[-75.55329,6.30033]}},{"type":"Feature","properties":{"nombre":"Institucion Educativa Juan De Dios Carvajal","establecimiento":"Institucion Educativa Juan De Dios Carvajal","sector":"Oficial","direccion":"CL 65 AA 36 39"},"geometry":{"type":"Point","coordinates":[-75.551071,6.255692]}},{"type":"Feature","properties":{"nombre":"Seccion Escuela Batallon Girardot","establecimiento":"Institucion Educativa Juan De Dios Carvajal","sector":"Oficial","direccion":"CL 66 D 39 A 20"},"geometry":{"type":"Point","coordinates":[-75.550953,6.259861]}},{"type":"Feature","properties":{"nombre":"Seccion Escuela Francisco Antonio Uribe","establecimiento":"Institucion Educativa Juan De Dios Carvajal","sector":"Oficial","direccion":"CL 66 39 75"},"geometry":{"type":"Point","coordinates":[-75.551592,6.258019]}},{"type":"Feature","properties":{"nombre":"Institucion Educativa Republica De Uruguay","establecimiento":"Institucion Educativa Republica De Uruguay","sector":"Oficial","direccion":"CL 91 A 70 A 123"},"geometry":{"type":"Point","coordinates":[-75.576947,6.283915]}},{"type":"Feature","properties":{"nombre":"Institucion Educativa Enrique Olaya Herrera","establecimiento":"Institucion Educativa Enrique Olaya Herrera","sector":"Oficial","direccion":"CL 71 A 32 18"},"geometry":{"type":"Point","coordinates":[-75.545165,6.266344]}},{"type":"Feature","properties":{"nombre":"Institucion Educativa Francisco Miranda","establecimiento":"Institucion Educativa Francisco Miranda","sector":"Oficial","direccion":"CR 51 C 79 56"},"geometry":{"type":"Point","coordinates":[-75.563829,6.274161]}},{"type":"Feature","properties":{"nombre":"Seccion Escuela Julio Arboleda","establecimiento":"Institucion Educativa Francisco Miranda","sector":"Oficial","direccion":"CL 78    51-12"},"geometry":{"type":"Point","coordinates":[-75.562795,6.272679]}},{"type":"Feature","properties":{"nombre":"Institucion Educativa Dinamarca","establecimiento":"Institucion Educativa Dinamarca","sector":"Oficial","direccion":"CL 91 65 119"},"geometry":{"type":"Point","coordinates":[-75.572772,6.282588]}},{"type":"Feature","properties":{"nombre":"Seccion Escuela Ricardo Uribe Escobar","establecimiento":"Institucion Educativa Dinamarca","sector":"Oficial","direccion":"CR 64 B 75 A 49"},"geometry":{"type":"Point","coordinates":[-75.572104,6.274211]}},{"type":"Feature","properties":{"nombre":"Institucion Educativa Julio Cesar Garcia","establecimiento":"Institucion Educativa Julio Cesar Garcia","sector":"Oficial","direccion":"CL 111 A 65 26"},"geometry":{"type":"Point","coordinates":[-75.56422,6.306539]}},{"type":"Feature","properties":{"nombre":"Institucion Educativa Pedro Octavio Amado","establecimiento":"Institucion Educativa Pedro Octavio Amado","sector":"Oficial","direccion":"CR 88 A 18 A 5"},"geometry":{"type":"Point","coordinates":[-75.61056,6.221782]}},{"type":"Feature","properties":{"nombre":"Institucion Educativa Jorge Robledo","establecimiento":"Institucion Educativa Jorge Robledo","sector":"Oficial","direccion":"CL 65 87 74"},"geometry":{"type":"Point","coordinates":[-75.597483,6.276897]}},{"type":"Feature","properties":{"nombre":"Institucion Educativa Rodrigo Correa Palacio","establecimiento":"Institucion Educativa Rodrigo Correa Palacio","sector":"Oficial","direccion":"CL 103 66 63"},"geometry":{"type":"Point","coordinates":[-75.568438,6.29773]}},{"type":"Feature","properties":{"nombre":"Institucion Educativa Juan Xxiii","establecimiento":"Institucion Educativa Juan Xxiii","sector":"Oficial","direccion":"CL 49 96 A 11"},"geometry":{"type":"Point","coordinates":[-75.610458,6.261628]}},{"type":"Feature","properties":{"nombre":"Institucion Educativa Asia Ignaciana","establecimiento":"Institucion Educativa Asia Ignaciana","sector":"Oficial","direccion":"CL 122 51 B 30"},"geometry":{"type":"Point","coordinates":[-75.554595,6.306107]}},{"type":"Feature","properties":{"nombre":"Seccion Escuela La Frontera","establecimiento":"Institucion Educativa Asia Ignaciana","sector":"Oficial","direccion":"CL 122    50A-14"},"geometry":{"type":"Point","coordinates":[-75.552679,6.305648]}},{"type":"Feature","properties":{"nombre":"Seccion Escuela Asia Ignaciana","establecimiento":"Institucion Educativa Asia Ignaciana","sector":"Oficial","direccion":"CL 123     51A-11"},"geometry":{"type":"Point","coordinates":[-75.554624,6.306128]}},{"type":"Feature","properties":{"nombre":"Seccion Preescolar El Playon","establecimiento":"Institucion Educativa Asia Ignaciana","sector":"Oficial","direccion":"CL 126    51-09"},"geometry":{"type":"Point","coordinates":[-75.553986,6.307691]}},{"type":"Feature","properties":{"nombre":"Institucion Educativa Concejo De Medellin","establecimiento":"Institucion Educativa Concejo De Medellin","sector":"Oficial","direccion":"CR 82 47 A 65"},"geometry":{"type":"Point","coordinates":[-75.600468,6.258421]}},{"type":"Feature","properties":{"nombre":"Seccion Escuela Pichincha","establecimiento":"Institucion Educativa Concejo De Medellin","sector":"Oficial","direccion":"CR 86    45B-17"},"geometry":{"type":"Point","coordinates":[-75.603322,6.255363]}},{"type":"Feature","properties":{"nombre":"Seccion Escuela Clodomiro Ramirez","establecimiento":"Institucion Educativa Concejo De Medellin","sector":"Oficial","direccion":"CR 89A    47B-39"},"geometry":{"type":"Point","coordinates":[-75.605866,6.25764]}},{"type":"Feature","properties":{"nombre":"Institucion Educativa Sebastian De Belalcazar","establecimiento":"Institucion Educativa Sebastian De Belalcazar","sector":"Oficial","direccion":"CL 103 EE 63 D 185"},"geometry":{"type":"Point","coordinates":[-75.565294,6.29828]}},{"type":"Feature","properties":{"nombre":"Institucion Educativa Benedikta Zur Nieden","establecimiento":"Institucion Educativa Benedikta Zur Nieden","sector":"Oficial","direccion":"CL 42 C 95 54"},"geometry":{"type":"Point","coordinates":[-75.614423,6.254076]}},{"type":"Feature","properties":{"nombre":"Institucion Educativa Maria De Los Angeles Cano Marquez","establecimiento":"Institucion Educativa Maria De Los Angeles Cano Marquez","sector":"Oficial","direccion":"CL 103 33 D 75"},"geometry":{"type":"Point","coordinates":[-75.544508,6.292398]}},{"type":"Feature","properties":{"nombre":"Institucion Educativa Octavio Calderon Mejia","establecimiento":"Institucion Educativa Octavio Calderon Mejia","sector":"Oficial","direccion":"CR 58 7 157"},"geometry":{"type":"Point","coordinates":[-75.584849,6.214954]}},{"type":"Feature","properties":{"nombre":"Institucion Educativa Pedro Claver Aguirre","establecimiento":"Institucion Educativa Pedro Claver Aguirre","sector":"Oficial","direccion":"CR 67 95 118"},"geometry":{"type":"Point","coordinates":[-75.571392,6.290521]}},{"type":"Feature","properties":{"nombre":"Institucion Educativa Juvenil Nuevo Futuro","establecimiento":"Institucion Educativa Juvenil Nuevo Futuro","sector":"Oficial","direccion":"CL 104CC #80-03"},"geometry":{"type":"Point","coordinates":[-75.577076,6.305547]}},{"type":"Feature","properties":{"nombre":"Institucion Educativa Pablo Neruda","establecimiento":"Institucion Educativa Pablo Neruda","sector":"Oficial","direccion":"CL 97 A 50AA 49"},"geometry":{"type":"Point","coordinates":[-75.559868,6.290798]}},{"type":"Feature","properties":{"nombre":"Institucion Educativa Bello Horizonte","establecimiento":"Institucion Educativa Bello Horizonte","sector":"Oficial","direccion":"CR 86 77AB  53"},"geometry":{"type":"Point","coordinates":[-75.590765,6.282323]}},{"type":"Feature","properties":{"nombre":"Institucion Educativa Gabriela Gomez Carvajal","establecimiento":"Institucion Educativa Gabriela Gomez Carvajal","sector":"Oficial","direccion":"CR 32 34 06"},"geometry":{"type":"Point","coordinates":[-75.559849,6.231691]}},{"type":"Feature","properties":{"nombre":"Seccion Escuela Mercedes Yepes Isaza","establecimiento":"Institucion Educativa Gabriela Gomez Carvajal","sector":"Oficial","direccion":"CR 32 32 A 57"},"geometry":{"type":"Point","coordinates":[-75.560146,6.230965]}},{"type":"Feature","properties":{"nombre":"Institucion Educativa Capilla Del Rosario","establecimiento":"Institucion Educativa Capilla Del Rosario","sector":"Oficial","direccion":"CL 6 SUR 79 195"},"geometry":{"type":"Point","coordinates":[-75.602464,6.205437]}},{"type":"Feature","properties":{"nombre":"Institucion Educativa San Lorenzo De Aburra","establecimiento":"Institucion Educativa San Lorenzo De Aburra","sector":"Oficial","direccion":"CR 39 # 80- 33"},"geometry":{"type":"Point","coordinates":[-75.549055,6.271882]}},{"type":"Feature","properties":{"nombre":"Seccion Escuela San Lorenzo De Aburra","establecimiento":"Institucion Educativa San Lorenzo De Aburra","sector":"Oficial","direccion":"CL 81    40-46"},"geometry":{"type":"Point","coordinates":[-75.549528,6.272927]}},{"type":"Feature","properties":{"nombre":"Institucion Educativa San Juan Bosco","establecimiento":"Institucion Educativa San Juan Bosco","sector":"Oficial","direccion":"CL 82 50 C 10"},"geometry":{"type":"Point","coordinates":[-75.561156,6.275958]}},{"type":"Feature","properties":{"nombre":"Institucion Educativa Felix Henao Botero","establecimiento":"Institucion Educativa Felix Henao Botero","sector":"Oficial","direccion":"CL 52 NRO 23 51"},"geometry":{"type":"Point","coordinates":[-75.546568,6.240713]}},{"type":"Feature","properties":{"nombre":"Seccion Escuela Republica Del Peru","establecimiento":"Institucion Educativa Felix Henao Botero","sector":"Oficial","direccion":"CL 52    23-114"},"geometry":{"type":"Point","coordinates":[-75.546792,6.24125]}},{"type":"Feature","properties":{"nombre":"Seccion Escuela Miguel De Aguinaga","establecimiento":"Institucion Educativa Felix Henao Botero","sector":"Oficial","direccion":"CL 52 16 71"},"geometry":{"type":"Point","coordinates":[-75.541757,6.236548]}},{"type":"Feature","properties":{"nombre":"Institucion Educativa Hernan Toro Agudelo","establecimiento":"Institucion Educativa Hernan Toro Agudelo","sector":"Oficial","direccion":"CR 45 72 80"},"geometry":{"type":"Point","coordinates":[-75.553156,6.271932]}},{"type":"Feature","properties":{"nombre":"Seccion Escuela Victor Gomez Restrepo","establecimiento":"Institucion Educativa Hernan Toro Agudelo","sector":"Oficial","direccion":"CR 44    78-67"},"geometry":{"type":"Point","coordinates":[-75.553424,6.271465]}},{"type":"Feature","properties":{"nombre":"Seccion Escuela Nuestra Señora De Las Nieves","establecimiento":"Institucion Educativa Hernan Toro Agudelo","sector":"Oficial","direccion":"CL 79 44 21"},"geometry":{"type":"Point","coordinates":[-75.553851,6.271734]}},{"type":"Feature","properties":{"nombre":"Institucion Educativa Maestro Fernando Botero","establecimiento":"Institucion Educativa Maestro Fernando Botero","sector":"Oficial","direccion":"CL 104 72 A 80"},"geometry":{"type":"Point","coordinates":[-75.571963,6.301462]}},{"type":"Feature","properties":{"nombre":"Seccion Escuela El Pedregal","establecimiento":"Institucion Educativa Maestro Fernando Botero","sector":"Oficial","direccion":"CL 104 E 74 109"},"geometry":{"type":"Point","coordinates":[-75.571941,6.301489]}},{"type":"Feature","properties":{"nombre":"Institucion Educativa Santos Angeles Custodios","establecimiento":"Institucion Educativa Santos Angeles Custodios","sector":"Oficial","direccion":"CL 16 A 65 G 4"},"geometry":{"type":"Point","coordinates":[-75.586693,6.221193]}},{"type":"Feature","properties":{"nombre":"Seccion Escuela Juan Pablo Ii","establecimiento":"Institucion Educativa Santos Angeles Custodios","sector":"Oficial","direccion":"CR 65G    16A-12"},"geometry":{"type":"Point","coordinates":[-75.586305,6.221184]}},{"type":"Feature","properties":{"nombre":"Institucion Educativa La Esperanza","establecimiento":"Institucion Educativa La Esperanza","sector":"Oficial","direccion":"CR 73 B 96 09"},"geometry":{"type":"Point","coordinates":[-75.577134,6.293185]}},{"type":"Feature","properties":{"nombre":"Seccion Escuela Republica De Cuba","establecimiento":"Institucion Educativa La Esperanza","sector":"Oficial","direccion":"CL 97 74 03"},"geometry":{"type":"Point","coordinates":[-75.577322,6.294081]}},{"type":"Feature","properties":{"nombre":"Seccion Escuela San Francisco De Paula","establecimiento":"Institucion Educativa La Esperanza","sector":"Oficial","direccion":"CR 74 B 93 58"},"geometry":{"type":"Point","coordinates":[-75.579414,6.289886]}},{"type":"Feature","properties":{"nombre":"Seccion Escuela Los Comuneros","establecimiento":"Institucion Educativa La Esperanza","sector":"Oficial","direccion":"CR 73 B 96 77"},"geometry":{"type":"Point","coordinates":[-75.576651,6.293216]}},{"type":"Feature","properties":{"nombre":"Seccion Escuela San Martin De Porres","establecimiento":"Institucion Educativa La Esperanza","sector":"Oficial","direccion":"CR 75 A 97 135"},"geometry":{"type":"Point","coordinates":[-75.578555,6.295835]}},{"type":"Feature","properties":{"nombre":"Institucion Educativa Fe Y Alegria La Cima","establecimiento":"Institucion Educativa Fe Y Alegria La Cima","sector":"Oficial","direccion":"CR 36 C 86 B B 15"},"geometry":{"type":"Point","coordinates":[-75.547272,6.280989]}},{"type":"Feature","properties":{"nombre":"Seccion Escuela Fe Y Alegria No. 3","establecimiento":"Institucion Educativa Fe Y Alegria La Cima","sector":"Oficial","direccion":"CL 89     38-61"},"geometry":{"type":"Point","coordinates":[-75.547773,6.281336]}},{"type":"Feature","properties":{"nombre":"Seccion Escuela La Cima San Jose","establecimiento":"Institucion Educativa Fe Y Alegria La Cima","sector":"Oficial","direccion":"CL 92C    31BB-23"},"geometry":{"type":"Point","coordinates":[-75.544166,6.283259]}},{"type":"Feature","properties":{"nombre":"Institucion Educativa Ana De Castrillon","establecimiento":"Institucion Educativa Ana De Castrillon","sector":"Oficial","direccion":"CR 38 C 39 B 86"},"geometry":{"type":"Point","coordinates":[-75.564422,6.237387]}},{"type":"Feature","properties":{"nombre":"Seccion Escuela Divino Salvador","establecimiento":"Institucion Educativa Ana De Castrillon","sector":"Oficial","direccion":"CR 38B    40-29"},"geometry":{"type":"Point","coordinates":[-75.562304,6.238693]}},{"type":"Feature","properties":{"nombre":"Institucion Educativa Tomas Carrasquilla","establecimiento":"Institucion Educativa Tomas Carrasquilla","sector":"Oficial","direccion":"CR 88 68 109"},"geometry":{"type":"Point","coordinates":[-75.595594,6.279108]}},{"type":"Feature","properties":{"nombre":"Institucion Educativa Jose Asuncion Silva","establecimiento":"Institucion Educativa Jose Asuncion Silva","sector":"Oficial","direccion":"CL 118 64 CC 68"},"geometry":{"type":"Point","coordinates":[-75.562268,6.310913]}},{"type":"Feature","properties":{"nombre":"Institucion Educativa Merceditas Gomez Martinez","establecimiento":"Institucion Educativa Merceditas Gomez Martinez","sector":"Oficial","direccion":"CL 45 18 03"},"geometry":{"type":"Point","coordinates":[-75.546589,6.233583]}},{"type":"Feature","properties":{"nombre":"Seccion Escuela Nuestra Señora Del Rosario","establecimiento":"Institucion Educativa Merceditas Gomez Martinez","sector":"Oficial","direccion":"CL 43E    9D-51"},"geometry":{"type":"Point","coordinates":[-75.542981,6.225696]}},{"type":"Feature","properties":{"nombre":"Seccion Escuela Juan Manuel Gonzalez Arbelaez","establecimiento":"Institucion Educativa Merceditas Gomez Martinez","sector":"Oficial","direccion":"CL 40A    32-80"},"geometry":{"type":"Point","coordinates":[-75.558076,6.236122]}},{"type":"Feature","properties":{"nombre":"Seccion Escuela Eterna Primavera","establecimiento":"Institucion Educativa Merceditas Gomez Martinez","sector":"Oficial","direccion":"CL 34 19 05"},"geometry":{"type":"Point","coordinates":[-75.547627,6.226982]}},{"type":"Feature","properties":{"nombre":"Institucion Educativa Ciudadela Las Americas","establecimiento":"Institucion Educativa Ciudadela Las Americas","sector":"Oficial","direccion":"CL 111 79 77"},"geometry":{"type":"Point","coordinates":[-75.57578,6.308994]}},{"type":"Feature","properties":{"nombre":"Institucion Educativa Doce De Octubre","establecimiento":"Institucion Educativa Doce De Octubre","sector":"Oficial","direccion":"CR 77 B 103 05"},"geometry":{"type":"Point","coordinates":[-75.576739,6.303267]}},{"type":"Feature","properties":{"nombre":"Seccion Escuela Liceo Leon De Greiff","establecimiento":"Institucion Educativa Doce De Octubre","sector":"Oficial","direccion":"CL 101 CC 82 E 72"},"geometry":{"type":"Point","coordinates":[-75.580846,6.302246]}},{"type":"Feature","properties":{"nombre":"Institucion Educativa Fe Y Alegria Aures","establecimiento":"Institucion Educativa Fe Y Alegria Aures","sector":"Oficial","direccion":"CR 95 89 73"},"geometry":{"type":"Point","coordinates":[-75.590869,6.29491]}},{"type":"Feature","properties":{"nombre":"Institucion Educativa Horacio Muñoz Suescun","establecimiento":"Institucion Educativa Horacio Muñoz Suescun","sector":"Oficial","direccion":"CL 32 86 35"},"geometry":{"type":"Point","coordinates":[-75.609278,6.2343]}},{"type":"Feature","properties":{"nombre":"Seccion Escuela San Pablo","establecimiento":"Institucion Educativa Horacio Muñoz Suescun","sector":"Oficial","direccion":"CR 102 Nº 31 B 28"},"geometry":{"type":"Point","coordinates":[-75.621121,6.236079]}},{"type":"Feature","properties":{"nombre":"Institucion Educativa Asamblea Departamental","establecimiento":"Institucion Educativa Asamblea Departamental","sector":"Oficial","direccion":"CR 27 47 45"},"geometry":{"type":"Point","coordinates":[-75.551135,6.238563]}},{"type":"Feature","properties":{"nombre":"Seccion Escuela Alejandro Echavarria","establecimiento":"Institucion Educativa Asamblea Departamental","sector":"Oficial","direccion":"CR 30  50 07"},"geometry":{"type":"Point","coordinates":[-75.542291,6.234679]}},{"type":"Feature","properties":{"nombre":"Seccion Liceo Leon De Greiff","establecimiento":"Institucion Educativa Asamblea Departamental","sector":"Oficial","direccion":"CR 30 50 16"},"geometry":{"type":"Point","coordinates":[-75.552553,6.241689]}},{"type":"Feature","properties":{"nombre":"Institucion Educativa Federico Carrasquilla","establecimiento":"Institucion Educativa Federico Carrasquilla","sector":"Oficial","direccion":"CR 45 108 110"},"geometry":{"type":"Point","coordinates":[-75.549476,6.298633]}},{"type":"Feature","properties":{"nombre":"Seccion Escuela Divina Providencia","establecimiento":"Institucion Educativa Federico Carrasquilla","sector":"Oficial","direccion":"CLL  108  43b 17"},"geometry":{"type":"Point","coordinates":[-75.549254,6.297267]}},{"type":"Feature","properties":{"nombre":"Institucion Educativa Villa De La Candelaria","establecimiento":"Institucion Educativa Villa De La Candelaria","sector":"Oficial","direccion":"CL 77 A 90 D 35"},"geometry":{"type":"Point","coordinates":[-75.593438,6.285105]}},{"type":"Feature","properties":{"nombre":"Institucion Educativa America","establecimiento":"Institucion Educativa America","sector":"Oficial","direccion":"CL 34 EE 91 20"},"geometry":{"type":"Point","coordinates":[-75.615573,6.245839]}},{"type":"Feature","properties":{"nombre":"Escuela Universidad Nacional","establecimiento":"Escuela Universidad Nacional","sector":"Oficial","direccion":"CL 65 74 149"},"geometry":{"type":"Point","coordinates":[-75.595598,6.27947]}},{"type":"Feature","properties":{"nombre":"Institucion Educativa Barrio Santander","establecimiento":"Institucion Educativa Barrio Santander","sector":"Oficial","direccion":"CR 78 C 104 F 78"},"geometry":{"type":"Point","coordinates":[-75.576086,6.306388]}},{"type":"Feature","properties":{"nombre":"Institucion Educativa Juan Maria Cespedes","establecimiento":"Institucion Educativa Juan Maria Cespedes","sector":"Oficial","direccion":"CL 32 B 76 A 48"},"geometry":{"type":"Point","coordinates":[-75.597214,6.235091]}},{"type":"Feature","properties":{"nombre":"Seccion Escuela Las Playas","establecimiento":"Institucion Educativa Juan Maria Cespedes","sector":"Oficial","direccion":"CL 10 76 20"},"geometry":{"type":"Point","coordinates":[-75.595915,6.218807]}},{"type":"Feature","properties":{"nombre":"Institucion Educativa Guadalupe","establecimiento":"Institucion Educativa Guadalupe","sector":"Oficial","direccion":"CR 42 B 95 A 23"},"geometry":{"type":"Point","coordinates":[-75.550025,6.286818]}},{"type":"Feature","properties":{"nombre":"Seccion Escuela Agripina Montes Del Valle","establecimiento":"Institucion Educativa Guadalupe","sector":"Oficial","direccion":"CL 95 A 92 B 44"},"geometry":{"type":"Point","coordinates":[-75.550417,6.28638]}},{"type":"Feature","properties":{"nombre":"Seccion Escuela Graciela Jimenez De Bustamante","establecimiento":"Institucion Educativa Guadalupe","sector":"Oficial","direccion":"CR 44 98 B 24"},"geometry":{"type":"Point","coordinates":[-75.550085,6.289378]}},{"type":"Feature","properties":{"nombre":"Institucion Educativa Reino De Belgica","establecimiento":"Institucion Educativa Reino De Belgica","sector":"Oficial","direccion":"CL 94 24 C 39"},"geometry":{"type":"Point","coordinates":[-75.539337,6.284011]}},{"type":"Feature","properties":{"nombre":"Institucion Educativa Alfonso Lopez Pumarejo","establecimiento":"Institucion Educativa Alfonso Lopez Pumarejo","sector":"Oficial","direccion":"CL 58 36 B 40"},"geometry":{"type":"Point","coordinates":[-75.554882,6.249797]}},{"type":"Feature","properties":{"nombre":"Seccion Escuela Julia Agudelo","establecimiento":"Institucion Educativa Alfonso Lopez Pumarejo","sector":"Oficial","direccion":"CL 58 28 58"},"geometry":{"type":"Point","coordinates":[-75.549085,6.249726]}},{"type":"Feature","properties":{"nombre":"Seccion Escuela Santiago Santamaria","establecimiento":"Institucion Educativa Alfonso Lopez Pumarejo","sector":"Oficial","direccion":"CL 58  29 31"},"geometry":{"type":"Point","coordinates":[-75.549649,6.249213]}},{"type":"Feature","properties":{"nombre":"Institucion Educativa San Pablo","establecimiento":"Institucion Educativa San Pablo","sector":"Oficial","direccion":"CL 98 B 37 38"},"geometry":{"type":"Point","coordinates":[-75.546967,6.288224]}},{"type":"Feature","properties":{"nombre":"Seccion Escuela Medellin","establecimiento":"Institucion Educativa San Pablo","sector":"Oficial","direccion":"CL 96    36-45"},"geometry":{"type":"Point","coordinates":[-75.546437,6.286739]}},{"type":"Feature","properties":{"nombre":"Seccion Escuela Marco Fidel Suarez","establecimiento":"Institucion Educativa Pedro Luis Villa","sector":"Oficial","direccion":"CL 99    37-18"},"geometry":{"type":"Point","coordinates":[-75.546427,6.289449]}},{"type":"Feature","properties":{"nombre":"Institucion Educativa El Picachito","establecimiento":"Institucion Educativa El Picachito","sector":"Oficial","direccion":"CR 85 A 98 B 17"},"geometry":{"type":"Point","coordinates":[-75.584731,6.300117]}},{"type":"Feature","properties":{"nombre":"Institucion Educativa Maestro Pedro Nel Gomez","establecimiento":"Institucion Educativa Maestro Pedro Nel Gomez","sector":"Oficial","direccion":"CL 118 70 42"},"geometry":{"type":"Point","coordinates":[-75.568004,6.311318]}},{"type":"Feature","properties":{"nombre":"Seccion Escuela Diego Maria Gomez","establecimiento":"Institucion Educativa Maestro Pedro Nel Gomez","sector":"Oficial","direccion":"CR 74    115-16"},"geometry":{"type":"Point","coordinates":[-75.568021,6.311062]}},{"type":"Feature","properties":{"nombre":"Institucion Educativa Santa Teresa","establecimiento":"Institucion Educativa Santa Teresa","sector":"Oficial","direccion":"CR 52 109 A 18"},"geometry":{"type":"Point","coordinates":[-75.556413,6.301388]}},{"type":"Feature","properties":{"nombre":"Institucion Educativa Inem Jose Felix De Restrepo","establecimiento":"Institucion Educativa Inem Jose Felix De Restrepo","sector":"Oficial","direccion":"CR 48 1 25"},"geometry":{"type":"Point","coordinates":[-75.577089,6.206528]}},{"type":"Feature","properties":{"nombre":"Seccion Escuela Guillermo Echavarria Misas","establecimiento":"Institucion Educativa Inem Jose Felix De Restrepo","sector":"Oficial","direccion":"CR 43B   9 61"},"geometry":{"type":"Point","coordinates":[-75.577089,6.206528]}},{"type":"Feature","properties":{"nombre":"Institucion Educativa Felix De Bedout Moreno","establecimiento":"Institucion Educativa Felix De Bedout Moreno","sector":"Oficial","direccion":"CL 108 70 39"},"geometry":{"type":"Point","coordinates":[-75.569393,6.306336]}},{"type":"Feature","properties":{"nombre":"Institucion Educativa Jose Horacio Betancur","establecimiento":"Institucion Educativa Jose Horacio Betancur","sector":"Oficial","direccion":"CR 121 57 57"},"geometry":{"type":"Point","coordinates":[-75.627593,6.274766]}},{"type":"Feature","properties":{"nombre":"Institucion Educativa Loma Hermosa","establecimiento":"Institucion Educativa Loma Hermosa","sector":"Oficial","direccion":"KR 124 53B 6 -DIRECCIÓN SECUNDARIA KR 124 53B 10 Y CL 48CC 120E 66"},"geometry":{"type":"Point","coordinates":[-75.629532,6.270225]}},{"type":"Feature","properties":{"nombre":"Seccion Escuela San Vicente Ferrer","establecimiento":"Institucion Educativa Loma Hermosa","sector":"Oficial","direccion":"CL 48 CC N 120 E 66"},"geometry":{"type":"Point","coordinates":[-75.626678,6.265335]}},{"type":"Feature","properties":{"nombre":"Institucion Educativa Luis Lopez De Mesa","establecimiento":"Institucion Educativa Luis Lopez De Mesa","sector":"Oficial","direccion":"CL 84 74 60"},"geometry":{"type":"Point","coordinates":[-75.580353,6.283921]}},{"type":"Feature","properties":{"nombre":"Institucion Educativa Jesus Rey","establecimiento":"Institucion Educativa Jesus Rey","sector":"Oficial","direccion":"CR 88 77 A 11"},"geometry":{"type":"Point","coordinates":[-75.591928,6.28332]}},{"type":"Feature","properties":{"nombre":"Institucion Educativa Fe Y Alegria Granizal","establecimiento":"Institucion Educativa Fe Y Alegria Granizal","sector":"Oficial","direccion":"CR 39 A 104 23"},"geometry":{"type":"Point","coordinates":[-75.5478,6.292902]}},{"type":"Feature","properties":{"nombre":"Seccion Escuela Fe Y Alegria Granizal","establecimiento":"Institucion Educativa Fe Y Alegria Granizal","sector":"Oficial","direccion":"CR 39A    104-40"},"geometry":{"type":"Point","coordinates":[-75.547547,6.292919]}},{"type":"Feature","properties":{"nombre":"Institucion Educativa Camilo Mora Carrasquilla","establecimiento":"Institucion Educativa Camilo Mora Carrasquilla","sector":"Oficial","direccion":"CL 62 D 94 B 74"},"geometry":{"type":"Point","coordinates":[-75.606277,6.278112]}},{"type":"Feature","properties":{"nombre":"Institucion Educativa Eduardo Santos","establecimiento":"Institucion Educativa Eduardo Santos","sector":"Oficial","direccion":"CL 43 120 C 77"},"geometry":{"type":"Point","coordinates":[-75.6291,6.25867]}},{"type":"Feature","properties":{"nombre":"Seccion Escuela Pedro J Gomez","establecimiento":"Institucion Educativa Eduardo Santos","sector":"Oficial","direccion":"CR 118    39DA-95"},"geometry":{"type":"Point","coordinates":[-75.627305,6.254551]}},{"type":"Feature","properties":{"nombre":"Institucion Educativa La Libertad","establecimiento":"Institucion Educativa La Libertad","sector":"Oficial","direccion":"DG 17 DD 56 B 49"},"geometry":{"type":"Point","coordinates":[-75.540999,6.239733]}},{"type":"Feature","properties":{"nombre":"Institucion Educativa Vallejuelos","establecimiento":"Institucion Educativa Vallejuelos","sector":"Oficial","direccion":"CR 104 C 62 20"},"geometry":{"type":"Point","coordinates":[-75.614695,6.276718]}},{"type":"Feature","properties":{"nombre":"Institucion Educativa Tricentenario","establecimiento":"Institucion Educativa Tricentenario","sector":"Oficial","direccion":"CR 63 A 94 A 629"},"geometry":{"type":"Point","coordinates":[-75.564583,6.292054]}},{"type":"Feature","properties":{"nombre":"Seccion Escuela Tricentenario","establecimiento":"Institucion Educativa Tricentenario","sector":"Oficial","direccion":"CR 63A    94A-23"},"geometry":{"type":"Point","coordinates":[-75.566189,6.289338]}},{"type":"Feature","properties":{"nombre":"Institucion Educativa Fe Y Alegria San Jose","establecimiento":"Institucion Educativa Fe Y Alegria San Jose","sector":"Oficial","direccion":"CL 86 92 60"},"geometry":{"type":"Point","coordinates":[-75.59045,6.291123]}},{"type":"Feature","properties":{"nombre":"Institucion Educativa Francisco Luis Hernandez Betancur","establecimiento":"Institucion Educativa Francisco Luis Hernandez Betancur","sector":"Oficial","direccion":"CL 87 50 AA 21"},"geometry":{"type":"Point","coordinates":[-75.559076,6.27935]}},{"type":"Feature","properties":{"nombre":"Institucion Educativa Manuel Jose Gomez Serna","establecimiento":"Institucion Educativa Manuel Jose Gomez Serna","sector":"Oficial","direccion":"CR 71  97  101"},"geometry":{"type":"Point","coordinates":[-75.573508,6.294022]}},{"type":"Feature","properties":{"nombre":"Seccion Escuela Alejo Pimienta","establecimiento":"Institucion Educativa Manuel Jose Gomez Serna","sector":"Oficial","direccion":"CL 96 N° 70 - 43"},"geometry":{"type":"Point","coordinates":[-75.573904,6.291625]}},{"type":"Feature","properties":{"nombre":"Institucion Educativa Fe Y Alegria El Limonar","establecimiento":"Institucion Educativa Fe Y Alegria El Limonar","sector":"Oficial","direccion":"CL 55 Sur  60 A 13"},"geometry":{"type":"Point","coordinates":[-75.642087,6.174635]}},{"type":"Feature","properties":{"nombre":"Seccion Escuela Ventanitas","establecimiento":"Institucion Educativa Fe Y Alegria El Limonar","sector":"Oficial","direccion":"CR 63  52 Sur 46"},"geometry":{"type":"Point","coordinates":[-75.644758,6.175757]}},{"type":"Feature","properties":{"nombre":"Institucion Educativa Stella Velez Londoño","establecimiento":"Institucion Educativa Stella Velez Londoño","sector":"Oficial","direccion":"CL 48 DD 99D 118"},"geometry":{"type":"Point","coordinates":[-75.616094,6.268376]}},{"type":"Feature","properties":{"nombre":"Institucion Educativa Alfonso Mora Naranjo","establecimiento":"Institucion Educativa Alfonso Mora Naranjo","sector":"Oficial","direccion":"CR 48 A 77 68"},"geometry":{"type":"Point","coordinates":[-75.557214,6.271233]}},{"type":"Feature","properties":{"nombre":"Seccion Escuela Santa Maria Goretti","establecimiento":"Institucion Educativa Alfonso Mora Naranjo","sector":"Oficial","direccion":"CL 67  48A 32"},"geometry":{"type":"Point","coordinates":[-75.559041,6.263439]}},{"type":"Feature","properties":{"nombre":"Institucion Educativa Vida Para Todos","establecimiento":"Institucion Educativa Vida Para Todos","sector":"Oficial","direccion":"CR 12 52 20"},"geometry":{"type":"Point","coordinates":[-75.539192,6.233637]}},{"type":"Feature","properties":{"nombre":"Seccion Escuela Hogar Antioquia","establecimiento":"Institucion Educativa Vida Para Todos","sector":"Oficial","direccion":"CR 12 52 42"},"geometry":{"type":"Point","coordinates":[-75.539283,6.234161]}},{"type":"Feature","properties":{"nombre":"Seccion Escuela Sor Maria Luisa Courbin","establecimiento":"Institucion Educativa Vida Para Todos","sector":"Oficial","direccion":"CR 12 52 44"},"geometry":{"type":"Point","coordinates":[-75.53912,6.233767]}},{"type":"Feature","properties":{"nombre":"Institucion Educativa Jorge Eliecer Gaitan","establecimiento":"Institucion Educativa Jorge Eliecer Gaitan","sector":"Oficial","direccion":"CL 92 83 41"},"geometry":{"type":"Point","coordinates":[-75.585244,6.289939]}},{"type":"Feature","properties":{"nombre":"Institucion Educativa El Pedregal","establecimiento":"Institucion Educativa El Pedregal","sector":"Oficial","direccion":"CL 102 74 A 47"},"geometry":{"type":"Point","coordinates":[-75.574934,6.300079]}},{"type":"Feature","properties":{"nombre":"Seccion Escuela Rafael J. Mejia","establecimiento":"Institucion Educativa El Pedregal","sector":"Oficial","direccion":"CL 102    74A-109"},"geometry":{"type":"Point","coordinates":[-75.575465,6.300414]}},{"type":"Feature","properties":{"nombre":"Institucion Educativa La Avanzada","establecimiento":"Institucion Educativa La Avanzada","sector":"Oficial","direccion":"CR 27 106 B B 65"},"geometry":{"type":"Point","coordinates":[-75.539231,6.294331]}},{"type":"Feature","properties":{"nombre":"Institucion Educativa Barrio Santa Margarita","establecimiento":"Institucion Educativa Barrio Santa Margarita","sector":"Oficial","direccion":"CL 63 N°108 BB 160"},"geometry":{"type":"Point","coordinates":[-75.620153,6.277509]}},{"type":"Feature","properties":{"nombre":"Seccion Escuela Santa Margarita","establecimiento":"Institucion Educativa Barrio Santa Margarita","sector":"Oficial","direccion":"CR 105 B 62 68"},"geometry":{"type":"Point","coordinates":[-75.615901,6.276466]}},{"type":"Feature","properties":{"nombre":"Seccion Escuela Pedro Nel Ospina","establecimiento":"Institucion Educativa Barrio Santa Margarita","sector":"Oficial","direccion":"CL 62C Nº 105C 45"},"geometry":{"type":"Point","coordinates":[-75.616907,6.276753]}},{"type":"Feature","properties":{"nombre":"Institucion Educativa Luis Carlos Galan Sarmiento","establecimiento":"Institucion Educativa Luis Carlos Galan Sarmiento","sector":"Oficial","direccion":"CR 24 B 57EE 45"},"geometry":{"type":"Point","coordinates":[-75.546709,6.25022]}},{"type":"Feature","properties":{"nombre":"Seccion Escuela Niño Jesus De Praga","establecimiento":"Institucion Educativa Luis Carlos Galan Sarmiento","sector":"Oficial","direccion":"CL 57 C 23 200"},"geometry":{"type":"Point","coordinates":[-75.546709,6.25022]}},{"type":"Feature","properties":{"nombre":"Seccion Escuela Colinas De Enciso","establecimiento":"Institucion Educativa Luis Carlos Galan Sarmiento","sector":"Oficial","direccion":"CR 24B    57EE-20"},"geometry":{"type":"Point","coordinates":[-75.546119,6.250008]}},{"type":"Feature","properties":{"nombre":"Institucion Educativa Villa Del Socorro","establecimiento":"Institucion Educativa Villa Del Socorro","sector":"Oficial","direccion":"CL 104 C 48 50"},"geometry":{"type":"Point","coordinates":[-75.553909,6.295479]}},{"type":"Feature","properties":{"nombre":"Seccion Escuela Fidel Antonio Saldarriaga","establecimiento":"Institucion Educativa Villa Del Socorro","sector":"Oficial","direccion":"CR 48 103 B 01"},"geometry":{"type":"Point","coordinates":[-75.553785,6.294058]}},{"type":"Feature","properties":{"nombre":"Seccion Escuela Villa Niza","establecimiento":"Institucion Educativa Villa Del Socorro","sector":"Oficial","direccion":"CL 104 A 50 41"},"geometry":{"type":"Point","coordinates":[-75.556434,6.295078]}},{"type":"Feature","properties":{"nombre":"Institucion Educativa Rodrigo Lara Bonilla","establecimiento":"Institucion Educativa Rodrigo Lara Bonilla","sector":"Oficial","direccion":"CR 25 69 D 35"},"geometry":{"type":"Point","coordinates":[-75.54075,6.264102]}},{"type":"Feature","properties":{"nombre":"Institucion Educativa Miraflores - Luis Eduardo Valencia Garcia","establecimiento":"Institucion Educativa Miraflores - Luis Eduardo Valencia Garcia","sector":"Oficial","direccion":"CL 48 27 05"},"geometry":{"type":"Point","coordinates":[-75.551148,6.239138]}},{"type":"Feature","properties":{"nombre":"Institucion Educativa Alfonso Lopez","establecimiento":"Institucion Educativa Alfonso Lopez","sector":"Oficial","direccion":"CR 71 C 89 A 50"},"geometry":{"type":"Point","coordinates":[-75.579117,6.284469]}},{"type":"Feature","properties":{"nombre":"Seccion Escuela Municipal Kennedy","establecimiento":"Institucion Educativa Alfonso Lopez","sector":"Oficial","direccion":"CL 89A    72-50"},"geometry":{"type":"Point","coordinates":[-75.579557,6.285482]}},{"type":"Feature","properties":{"nombre":"Seccion Escuela Cardenal Crisanto Luque","establecimiento":"Institucion Educativa Alfonso Lopez","sector":"Oficial","direccion":"CR 71C N 89A51"},"geometry":{"type":"Point","coordinates":[-75.57886,6.284574]}},{"type":"Feature","properties":{"nombre":"Institucion Educativa Alcaldia De Medellin","establecimiento":"Institucion Educativa Alcaldia De Medellin","sector":"Oficial","direccion":"CL 2 B 79 80"},"geometry":{"type":"Point","coordinates":[-75.603341,6.212276]}},{"type":"Feature","properties":{"nombre":"Seccion Escuela Antonio Jose Restrepo","establecimiento":"Institucion Educativa Alcaldia De Medellin","sector":"Oficial","direccion":"CL 2    79-42"},"geometry":{"type":"Point","coordinates":[-75.602465,6.211927]}},{"type":"Feature","properties":{"nombre":"Seccion Escuela Yermo Y Parres","establecimiento":"Institucion Educativa Alcaldia De Medellin","sector":"Oficial","direccion":"CR 79    2-15"},"geometry":{"type":"Point","coordinates":[-75.602377,6.212241]}},{"type":"Feature","properties":{"nombre":"Institucion Educativa El Salvador","establecimiento":"Institucion Educativa El Salvador","sector":"Oficial","direccion":"CR 38 A 34 207"},"geometry":{"type":"Point","coordinates":[-75.564041,6.235639]}},{"type":"Feature","properties":{"nombre":"Seccion Escuela Jose De San Martin","establecimiento":"Institucion Educativa El Salvador","sector":"Oficial","direccion":"CL 39 38 21"},"geometry":{"type":"Point","coordinates":[-75.562883,6.236843]}},{"type":"Feature","properties":{"nombre":"Institucion Educativa Rafael Garcia Herreros","establecimiento":"Institucion Educativa Rafael Garcia Herreros","sector":"Oficial","direccion":"CL 64 91 20"},"geometry":{"type":"Point","coordinates":[-75.601585,6.278859]}},{"type":"Feature","properties":{"nombre":"Institucion Educativa Ciudad Don Bosco","establecimiento":"Institucion Educativa Ciudad Don Bosco","sector":"Oficial","direccion":"CR 96 B 78 C 11"},"geometry":{"type":"Point","coordinates":[-75.595964,6.291622]}},{"type":"Feature","properties":{"nombre":"Institucion Educativa La Independencia","establecimiento":"Institucion Educativa La Independencia","sector":"Oficial","direccion":"CL 39 D 112 81"},"geometry":{"type":"Point","coordinates":[-75.625009,6.253311]}},{"type":"Feature","properties":{"nombre":"Seccion Escuela Amor Al Niño","establecimiento":"Institucion Educativa La Independencia","sector":"Oficial","direccion":"CR 115    39BD -06"},"geometry":{"type":"Point","coordinates":[-75.626649,6.251931]}},{"type":"Feature","properties":{"nombre":"Seccion Escuela Refugio Del Niño","establecimiento":"Institucion Educativa La Independencia","sector":"Oficial","direccion":"CR 114    36C-61"},"geometry":{"type":"Point","coordinates":[-75.626426,6.249693]}},{"type":"Feature","properties":{"nombre":"Institucion Educativa Villa Flora","establecimiento":"Institucion Educativa Villa Flora","sector":"Oficial","direccion":"CL 76 AE 83 C 41"},"geometry":{"type":"Point","coordinates":[-75.592476,6.279814]}},{"type":"Feature","properties":{"nombre":"Institucion Educativa Kennedy","establecimiento":"Institucion Educativa Kennedy","sector":"Oficial","direccion":"CR 76A # 92 - 200"},"geometry":{"type":"Point","coordinates":[-75.581533,6.290857]}},{"type":"Feature","properties":{"nombre":"Seccion Concentracion Educativa Kennedy","establecimiento":"Institucion Educativa Kennedy","sector":"Oficial","direccion":"CR 76 92 139"},"geometry":{"type":"Point","coordinates":[-75.581687,6.29038]}},{"type":"Feature","properties":{"nombre":"Seccion Escuela Carolina Kennedy","establecimiento":"Institucion Educativa Kennedy","sector":"Oficial","direccion":"CR 76A    90-18"},"geometry":{"type":"Point","coordinates":[-75.582376,6.28737]}},{"type":"Feature","properties":{"nombre":"Seccion Escuela Minerva","establecimiento":"Institucion Educativa Kennedy","sector":"Oficial","direccion":"CL 94 79 A 40"},"geometry":{"type":"Point","coordinates":[-75.583348,6.292193]}},{"type":"Feature","properties":{"nombre":"Institucion Educativa Sol De Oriente","establecimiento":"Institucion Educativa Sol De Oriente","sector":"Oficial","direccion":"CR 23 56EH 200"},"geometry":{"type":"Point","coordinates":[-75.540785,6.244785]}},{"type":"Feature","properties":{"nombre":"Seccion Escuela Beato Domingo Iturrate","establecimiento":"Institucion Educativa Sol De Oriente","sector":"Oficial","direccion":"CR 18E  56FA-09"},"geometry":{"type":"Point","coordinates":[-75.540801,6.246255]}},{"type":"Feature","properties":{"nombre":"Institucion Educativa Las Nieves","establecimiento":"Institucion Educativa Las Nieves","sector":"Oficial","direccion":"CL 82 39 69"},"geometry":{"type":"Point","coordinates":[-75.549182,6.273495]}},{"type":"Feature","properties":{"nombre":"Institucion Educativa Finca La Mesa","establecimiento":"Institucion Educativa Finca La Mesa","sector":"Oficial","direccion":"CL 118 51 A 03"},"geometry":{"type":"Point","coordinates":[-75.554762,6.304216]}},{"type":"Feature","properties":{"nombre":"Seccion Escuela La Francia","establecimiento":"Institucion Educativa Finca La Mesa","sector":"Oficial","direccion":"CL 109 51 71"},"geometry":{"type":"Point","coordinates":[-75.556125,6.300322]}},{"type":"Feature","properties":{"nombre":"Seccion Escuela Juan Bautista Montini","establecimiento":"Institucion Educativa Finca La Mesa","sector":"Oficial","direccion":"CR 50A    114-10"},"geometry":{"type":"Point","coordinates":[-75.553286,6.30297]}},{"type":"Feature","properties":{"nombre":"Seccion Escuela La Isla","establecimiento":"Institucion Educativa Finca La Mesa","sector":"Oficial","direccion":"CL 112    47-39"},"geometry":{"type":"Point","coordinates":[-75.550358,6.301906]}},{"type":"Feature","properties":{"nombre":"Institucion Educativa Jose Maria Espinosa Prieto - Casd","establecimiento":"Institucion Educativa Jose Maria Espinosa Prieto - Casd","sector":"Oficial","direccion":"CL 99 72 192"},"geometry":{"type":"Point","coordinates":[-75.575407,6.296533]}},{"type":"Feature","properties":{"nombre":"Seccion Escuela Contranal","establecimiento":"Institucion Educativa Jose Maria Espinosa Prieto - Casd","sector":"Oficial","direccion":"CL 100 74 A 25"},"geometry":{"type":"Point","coordinates":[-75.576342,6.298282]}},{"type":"Feature","properties":{"nombre":"Colegio Miguel Antonio Ramon Martinez","establecimiento":"Colegio Miguel Antonio Ramon Martinez","sector":"Oficial","direccion":"CR 45   55 19"},"geometry":{"type":"Point","coordinates":[-75.56195,6.251565]}},{"type":"Feature","properties":{"nombre":"Institucion Educativa Debora Arango Perez","establecimiento":"Institucion Educativa Debora Arango Perez","sector":"Oficial","direccion":"CL 18 103 160"},"geometry":{"type":"Point","coordinates":[-75.625857,6.223573]}},{"type":"Feature","properties":{"nombre":"Seccion Escuela Mano De Dios","establecimiento":"Institucion Educativa Debora Arango Perez","sector":"Oficial","direccion":"CR 90 15 60"},"geometry":{"type":"Point","coordinates":[-75.6135,6.221075]}},{"type":"Feature","properties":{"nombre":"Institucion Educativa Joaquin Vallejo Arbelaez","establecimiento":"Institucion Educativa Joaquin Vallejo Arbelaez","sector":"Oficial","direccion":"CR 19 59 C 175"},"geometry":{"type":"Point","coordinates":[-75.542128,6.254718]}},{"type":"Feature","properties":{"nombre":"Seccion Escuela Las Golondrinas","establecimiento":"Institucion Educativa Joaquin Vallejo Arbelaez","sector":"Oficial","direccion":"CL 65 16 D 198"},"geometry":{"type":"Point","coordinates":[-75.539633,6.256312]}},{"type":"Feature","properties":{"nombre":"Seccion Escuela Altos De La Torre","establecimiento":"Institucion Educativa Joaquin Vallejo Arbelaez","sector":"Oficial","direccion":"CL 57 B 16 B 139"},"geometry":{"type":"Point","coordinates":[-75.540128,6.250542]}},{"type":"Feature","properties":{"nombre":"Institucion Educativa Pbro Antonio Jose Bernal Londoño Sj","establecimiento":"Institucion Educativa Pbro Antonio Jose Bernal Londoño Sj","sector":"Oficial","direccion":"CL 105 A 63 A 200"},"geometry":{"type":"Point","coordinates":[-75.559295,6.301631]}},{"type":"Feature","properties":{"nombre":"Seccion Escuela Toscana","establecimiento":"Institucion Educativa Pbro Antonio Jose Bernal Londoño Sj","sector":"Oficial","direccion":"CL 111G  64A 16"},"geometry":{"type":"Point","coordinates":[-75.559342,6.306288]}},{"type":"Feature","properties":{"nombre":"Institucion Educativa Angela Restrepo Moreno","establecimiento":"Institucion Educativa Angela Restrepo Moreno","sector":"Oficial","direccion":"CR 55 48 C SUR 90"},"geometry":{"type":"Point","coordinates":[-75.63721,6.177321]}},{"type":"Feature","properties":{"nombre":"Seccion Escuela Luis Guillermo Echeverry Abad","establecimiento":"Institucion Educativa Angela Restrepo Moreno","sector":"Oficial","direccion":"CR 54 F  57 Sur 21"},"geometry":{"type":"Point","coordinates":[-75.63721,6.177321]}},{"type":"Feature","properties":{"nombre":"Institucion Educativa Antonio Derka - Santo Domingo","establecimiento":"Institucion Educativa Antonio Derka - Santo Domingo","sector":"Oficial","direccion":"CR 28 107 425"},"geometry":{"type":"Point","coordinates":[-75.53836,6.297697]}},{"type":"Feature","properties":{"nombre":"Seccion Escuela Antonio Derka","establecimiento":"Institucion Educativa Antonio Derka - Santo Domingo","sector":"Oficial","direccion":"CR 28 107 365"},"geometry":{"type":"Point","coordinates":[-75.538919,6.296892]}},{"type":"Feature","properties":{"nombre":"Seccion Escuela Santo Domingo Savio","establecimiento":"Institucion Educativa Antonio Derka - Santo Domingo","sector":"Oficial","direccion":"CR 28 107 473"},"geometry":{"type":"Point","coordinates":[-75.537499,6.297659]}},{"type":"Feature","properties":{"nombre":"Seccion Escuela Carpinelo Amapolita","establecimiento":"Institucion Educativa Antonio Derka - Santo Domingo","sector":"Oficial","direccion":"CL 97     23-12"},"geometry":{"type":"Point","coordinates":[-75.538318,6.286939]}},{"type":"Feature","properties":{"nombre":"Institucion Educativa Colegio Loyola Para La Ciencia Y La Innovacion","establecimiento":"Institucion Educativa Colegio Loyola Para La Ciencia Y La Innovacion","sector":"Oficial","direccion":"CR 65 98 A 75"},"geometry":{"type":"Point","coordinates":[-75.559635,6.307939]}},{"type":"Feature","properties":{"nombre":"Institucion Educativa Nicanor Restrepo Santamaria (Antes La Huerta)","establecimiento":"Institucion Educativa Nicanor Restrepo Santamaria (Antes La Huerta)","sector":"Oficial","direccion":"CR 97 # 69C-71"},"geometry":{"type":"Point","coordinates":[-75.605963,6.290585]}},{"type":"Feature","properties":{"nombre":"Institucion Educativa Ciudadela Nuevo Occidente","establecimiento":"Institucion Educativa Ciudadela Nuevo Occidente","sector":"Oficial","direccion":"CL 64 A 105 A 50"},"geometry":{"type":"Point","coordinates":[-75.617015,6.281769]}},{"type":"Feature","properties":{"nombre":"Centro Educativo Pedregal Bajo","establecimiento":"Institucion Educativa Ciudadela Nuevo Occidente","sector":"Oficial","direccion":"CR 115    66-85"},"geometry":{"type":"Point","coordinates":[-75.62289,6.280966]}},{"type":"Feature","properties":{"nombre":"Institucion Educativa El Pinal","establecimiento":"Institucion Educativa El Pinal","sector":"Oficial","direccion":"CL 56 25AA 10"},"geometry":{"type":"Point","coordinates":[-75.544042,6.246167]}},{"type":"Feature","properties":{"nombre":"Seccion Escuela El Pinal","establecimiento":"Institucion Educativa El Pinal","sector":"Oficial","direccion":"CL 56 EE    25AA-17"},"geometry":{"type":"Point","coordinates":[-75.543959,6.24619]}},{"type":"Feature","properties":{"nombre":"Institucion Educativa El Corazon","establecimiento":"Institucion Educativa El Corazon","sector":"Oficial","direccion":"CR 116 F 34 A 131"},"geometry":{"type":"Point","coordinates":[-75.62982,6.247377]}},{"type":"Feature","properties":{"nombre":"Seccion Escuela El Corazon","establecimiento":"Institucion Educativa El Corazon","sector":"Oficial","direccion":"CL 34B    116D-25"},"geometry":{"type":"Point","coordinates":[-75.62924,6.247538]}},{"type":"Feature","properties":{"nombre":"Institucion Educativa Jesus Maria Valle","establecimiento":"Institucion Educativa Jesus Maria Valle","sector":"Oficial","direccion":"CL 101 83 21"},"geometry":{"type":"Point","coordinates":[-75.582185,6.300537]}},{"type":"Feature","properties":{"nombre":"Seccion Escuela El Picacho","establecimiento":"Institucion Educativa Jesus Maria Valle","sector":"Oficial","direccion":"CR 83 95 B 40"},"geometry":{"type":"Point","coordinates":[-75.583503,6.294924]}},{"type":"Feature","properties":{"nombre":"Institucion Educativa San Benito","establecimiento":"Institucion Educativa San Benito","sector":"Oficial","direccion":"CR 56 54 A 25"},"geometry":{"type":"Point","coordinates":[-75.571438,6.255143]}},{"type":"Feature","properties":{"nombre":"Institucion Educativa Bello Oriente","establecimiento":"Institucion Educativa Bello Oriente","sector":"Oficial","direccion":"CR 23 B 84 B 27"},"geometry":{"type":"Point","coordinates":[-75.537782,6.276996]}},{"type":"Feature","properties":{"nombre":"Seccion Escuela Bello Oriente","establecimiento":"Institucion Educativa Bello Oriente","sector":"Oficial","direccion":"CL 83 B 25 C 06"},"geometry":{"type":"Point","coordinates":[-75.540763,6.274292]}},{"type":"Feature","properties":{"nombre":"Institucion Educativa Lusitania- Paz De Colombia","establecimiento":"Institucion Educativa Lusitania- Paz De Colombia","sector":"Oficial","direccion":"CR 109 A 63 B 320"},"geometry":{"type":"Point","coordinates":[-75.618532,6.279139]}},{"type":"Feature","properties":{"nombre":"Seccion Escuela El Tirol","establecimiento":"Institucion Educativa Lusitania- Paz De Colombia","sector":"Oficial","direccion":"CL 66 A 104 74"},"geometry":{"type":"Point","coordinates":[-75.615238,6.286327]}},{"type":"Feature","properties":{"nombre":"Institucion Educativa La Sierra","establecimiento":"Institucion Educativa La Sierra","sector":"Oficial","direccion":"CL 56B 4E 10"},"geometry":{"type":"Point","coordinates":[-75.530088,6.235592]}},{"type":"Feature","properties":{"nombre":"Seccion Escuela Villa Turbay","establecimiento":"Institucion Educativa La Sierra","sector":"Oficial","direccion":"CR 2 55 F 17"},"geometry":{"type":"Point","coordinates":[-75.530088,6.235592]}},{"type":"Feature","properties":{"nombre":"Institucion Educativa Altavista","establecimiento":"Institucion Educativa Altavista","sector":"Oficial","direccion":"CR 112 N° 13 111"},"geometry":{"type":"Point","coordinates":[-75.636519,6.219548]}},{"type":"Feature","properties":{"nombre":"Institucion Educativa El Playon","establecimiento":"Institucion Educativa El Playon","sector":"Oficial","direccion":"CL 125    51D 12"},"geometry":{"type":"Point","coordinates":[-75.555153,6.307503]}},{"type":"Feature","properties":{"nombre":"Institucion Educativa La Pastora","establecimiento":"Institucion Educativa La Pastora","sector":"Oficial","direccion":"CL 45    10A 30"},"geometry":{"type":"Point","coordinates":[-75.542609,6.22983]}},{"type":"Feature","properties":{"nombre":"Institucion Educativa Barrio San Nicolas","establecimiento":"Institucion Educativa Barrio San Nicolas","sector":"Oficial","direccion":"CR 45A    96 17"},"geometry":{"type":"Point","coordinates":[-75.552775,6.287782]}},{"type":"Feature","properties":{"nombre":"Institucion Educativa Blanquizal","establecimiento":"Institucion Educativa Blanquizal","sector":"Oficial","direccion":"CR 92DD    57F 41"},"geometry":{"type":"Point","coordinates":[-75.605429,6.275188]}},{"type":"Feature","properties":{"nombre":"Institucion Educativa Fundadores","establecimiento":"Institucion Educativa Fundadores","sector":"Oficial","direccion":"CR 101   47C 85"},"geometry":{"type":"Point","coordinates":[-75.616767,6.259241]}},{"type":"Feature","properties":{"nombre":"Seccion Escuela El Socorro","establecimiento":"Institucion Educativa Fundadores","sector":"Oficial","direccion":"CR 102B    47B-32"},"geometry":{"type":"Point","coordinates":[-75.618134,6.258457]}},{"type":"Feature","properties":{"nombre":"Institucion Educativa Progresar","establecimiento":"Institucion Educativa Progresar","sector":"Oficial","direccion":"CR 83A    106D 5"},"geometry":{"type":"Point","coordinates":[-75.580233,6.308781]}},{"type":"Feature","properties":{"nombre":"Institucion Educativa Rodrigo Arenas Betancur","establecimiento":"Institucion Educativa Rodrigo Arenas Betancur","sector":"Oficial","direccion":"CL 81 # 94AA - 15"},"geometry":{"type":"Point","coordinates":[-75.593936,6.292428]}},{"type":"Feature","properties":{"nombre":"Institucion Educativa El Diamante","establecimiento":"Institucion Educativa El Diamante","sector":"Oficial","direccion":"KR 87 79 03"},"geometry":{"type":"Point","coordinates":[-75.588211,6.286045]}},{"type":"Feature","properties":{"nombre":"Seccion Escuela El Diamante","establecimiento":"Institucion Educativa El Diamante","sector":"Oficial","direccion":"CL 79 A 86 09"},"geometry":{"type":"Point","coordinates":[-75.587093,6.285261]}},{"type":"Feature","properties":{"nombre":"Centro Educativo Media Luna","establecimiento":"Centro Educativo Media Luna","sector":"Oficial","direccion":"CORREG SANTA ELENA-VDA MEDIA LUNA"},"geometry":{"type":"Point","coordinates":[-75.517608,6.238292]}},{"type":"Feature","properties":{"nombre":"Centro Educativo El Plan","establecimiento":"Centro Educativo Media Luna","sector":"Oficial","direccion":"CORREG SANTA ELENA-VDA EL PLAN"},"geometry":{"type":"Point","coordinates":[-75.516937,6.205244]}},{"type":"Feature","properties":{"nombre":"Centro Educativo El Placer","establecimiento":"Centro Educativo Media Luna","sector":"Oficial","direccion":"CORREG SANTA ELENAVDA EL PLACER"},"geometry":{"type":"Point","coordinates":[-75.490546,6.225337]}},{"type":"Feature","properties":{"nombre":"Institucion Educativa Monseñor Victor Wiedemann","establecimiento":"Institucion Educativa Monseñor Victor Wiedemann","sector":"Oficial","direccion":"Diagonal 60 E Nro 41 A Sur 30"},"geometry":{"type":"Point","coordinates":[-75.642217,6.18405]}},{"type":"Feature","properties":{"nombre":"Seccion Escuela La Verde","establecimiento":"Institucion Educativa Monseñor Victor Wiedemann","sector":"Oficial","direccion":"Diagonal 60 E Nro 41 A Sur 30"},"geometry":{"type":"Point","coordinates":[-75.640719,6.18677]}},{"type":"Feature","properties":{"nombre":"Centro Educativo La Aldea","establecimiento":"Centro Educativo La Aldea","sector":"Oficial","direccion":"VDA LA ALDEA"},"geometry":{"type":"Point","coordinates":[-75.703961,6.342437]}},{"type":"Feature","properties":{"nombre":"Centro Educativo La Volcana","establecimiento":"Centro Educativo La Aldea","sector":"Oficial","direccion":"VDA LA VOLCA  A"},"geometry":{"type":"Point","coordinates":[-75.693937,6.332682]}},{"type":"Feature","properties":{"nombre":"Centro Educativo La Frisola","establecimiento":"Centro Educativo La Aldea","sector":"Oficial","direccion":"VDA  LA  FRISOLA"},"geometry":{"type":"Point","coordinates":[-75.698238,6.330239]}},{"type":"Feature","properties":{"nombre":"Centro Educativo Luis Mesa Villa","establecimiento":"Centro Educativo La Aldea","sector":"Oficial","direccion":"VDA  URQUITA"},"geometry":{"type":"Point","coordinates":[-75.698982,6.365614]}},{"type":"Feature","properties":{"nombre":"Centro Educativo La Suiza","establecimiento":"Centro Educativo La Aldea","sector":"Oficial","direccion":"VDA LA SUIZA"},"geometry":{"type":"Point","coordinates":[-75.704586,6.320953]}},{"type":"Feature","properties":{"nombre":"Centro Educativo La Potrera","establecimiento":"Centro Educativo La Aldea","sector":"Oficial","direccion":"VDA LA POTRERA"},"geometry":{"type":"Point","coordinates":[-75.699769,6.356526]}},{"type":"Feature","properties":{"nombre":"Centro Educativo Leon Arango Paucar","establecimiento":"Centro Educativo La Aldea","sector":"Oficial","direccion":"VDA LA SUCIA"},"geometry":{"type":"Point","coordinates":[-75.712624,6.356372]}},{"type":"Feature","properties":{"nombre":"Institucion Educativa Presbitero Carlos Alberto Calderon","establecimiento":"Institucion Educativa Presbitero Carlos Alberto Calderon","sector":"Oficial","direccion":"VEREDA EL LLANO"},"geometry":{"type":"Point","coordinates":[-75.649806,6.294719]}},{"type":"Feature","properties":{"nombre":"Centro Educativo El Salado","establecimiento":"Centro Educativo El Salado","sector":"Oficial","direccion":"CORREG SN ANTONIO DE PRADO"},"geometry":{"type":"Point","coordinates":[-75.671023,6.210845]}},{"type":"Feature","properties":{"nombre":"Centro Educativo Yarumalito","establecimiento":"Centro Educativo El Salado","sector":"Oficial","direccion":"C S ANTONIO DE PRADO VDA YARUMALITO"},"geometry":{"type":"Point","coordinates":[-75.693869,6.233391]}},{"type":"Feature","properties":{"nombre":"Centro Educativo El Astillero","establecimiento":"Centro Educativo El Salado","sector":"Oficial","direccion":"C S ANTONIO DE PRADO VDA ASTILLERO"},"geometry":{"type":"Point","coordinates":[-75.666732,6.239631]}},{"type":"Feature","properties":{"nombre":"Centro Educativo Potrerito","establecimiento":"Centro Educativo El Salado","sector":"Oficial","direccion":"C SANTONIO DE PRADO VDA LA CABAÑA"},"geometry":{"type":"Point","coordinates":[-75.667749,6.18278]}},{"type":"Feature","properties":{"nombre":"Centro Educativo Quebrada Larga","establecimiento":"Centro Educativo El Salado","sector":"Oficial","direccion":"C S ANTONIO DE PRADO VDA QUEBRADA LARGA"},"geometry":{"type":"Point","coordinates":[-75.685515,6.205584]}},{"type":"Feature","properties":{"nombre":"Centro Educativo Montañita","establecimiento":"Centro Educativo El Salado","sector":"Oficial","direccion":"C S ANTONIO DE PRADO VDA LA MONTAÑA"},"geometry":{"type":"Point","coordinates":[-75.667996,6.196673]}},{"type":"Feature","properties":{"nombre":"Centro Educativo Juan Andres Patiño","establecimiento":"Centro Educativo Juan Andres Patiño","sector":"Oficial","direccion":"CORREG SANTA ELENA-VDA BARRO BLANCO"},"geometry":{"type":"Point","coordinates":[-75.480002,6.231927]}},{"type":"Feature","properties":{"nombre":"Centro Educativo Piedra Gorda","establecimiento":"Centro Educativo Juan Andres Patiño","sector":"Oficial","direccion":"C SANTA ELENA-VDA PIEDRA GORDA"},"geometry":{"type":"Point","coordinates":[-75.498355,6.23613]}},{"type":"Feature","properties":{"nombre":"Centro Educativo El Cerro","establecimiento":"Centro Educativo Juan Andres Patiño","sector":"Oficial","direccion":"CORREG SANTA ELENA-VDA EL CERRO"},"geometry":{"type":"Point","coordinates":[-75.490454,6.201541]}},{"type":"Feature","properties":{"nombre":"Centro Educativo Permanente Mazo","establecimiento":"Centro Educativo Permanente Mazo","sector":"Oficial","direccion":"Corregimiento Santa Elena -Vereda Mazo- Zona de afluencia al Parque Arví"},"geometry":{"type":"Point","coordinates":[-75.49997,6.251319]}},{"type":"Feature","properties":{"nombre":"Centro Educativo Piedras Blancas","establecimiento":"Centro Educativo Permanente Mazo","sector":"Oficial","direccion":"C SANTA ELENA-VDA PIEDRAS BLANCAS"},"geometry":{"type":"Point","coordinates":[-75.496307,6.277708]}},{"type":"Feature","properties":{"nombre":"Institucion Educativa San Cristobal","establecimiento":"Institucion Educativa San Cristobal","sector":"Oficial","direccion":"CR 131 65 07"},"geometry":{"type":"Point","coordinates":[-75.636521,6.280471]}},{"type":"Feature","properties":{"nombre":"Institucion Educativa Marina Orth","establecimiento":"Institucion Educativa Marina Orth","sector":"Oficial","direccion":"VDA AGUAS FRIAS"},"geometry":{"type":"Point","coordinates":[-75.644318,6.232303]}},{"type":"Feature","properties":{"nombre":"Seccion Escuela Aguas Frias","establecimiento":"Institucion Educativa Marina Orth","sector":"Oficial","direccion":"VDA SANTA CLARA - AGUAS FRÍAS (GUANTEROS)"},"geometry":{"type":"Point","coordinates":[-75.637045,6.233287]}},{"type":"Feature","properties":{"nombre":"Institucion Educativa Hector Rogelio Montoya","establecimiento":"Institucion Educativa Hector Rogelio Montoya","sector":"Oficial","direccion":"CL 20    32-60"},"geometry":{"type":"Point","coordinates":[-75.68827,6.343401]}},{"type":"Feature","properties":{"nombre":"Seccion Escuela Palmitas","establecimiento":"Institucion Educativa Hector Rogelio Montoya","sector":"Oficial","direccion":"CL 20    34-105"},"geometry":{"type":"Point","coordinates":[-75.688277,6.343276]}},{"type":"Feature","properties":{"nombre":"Institucion Educativa Manuel J. Betancur","establecimiento":"Institucion Educativa Manuel J. Betancur","sector":"Oficial","direccion":"CR 81 # 43 SUR 38"},"geometry":{"type":"Point","coordinates":[-75.657555,6.18357]}},{"type":"Feature","properties":{"nombre":"Seccion Escuela Gustavo Rodas Isaza","establecimiento":"Institucion Educativa Manuel J. Betancur","sector":"Oficial","direccion":"CL 48 Sur  66 B 22"},"geometry":{"type":"Point","coordinates":[-75.648209,6.178226]}},{"type":"Feature","properties":{"nombre":"Centro Educativo El Manzanillo","establecimiento":"Centro Educativo El Manzanillo","sector":"Oficial","direccion":"VDA EL MANZANILLO"},"geometry":{"type":"Point","coordinates":[-75.614116,6.206716]}},{"type":"Feature","properties":{"nombre":"Centro Educativo Maria Paulina Taborda","establecimiento":"Centro Educativo El Manzanillo","sector":"Oficial","direccion":"VDA TRAVESIAS EL CORAZON"},"geometry":{"type":"Point","coordinates":[-75.63711,6.247728]}},{"type":"Feature","properties":{"nombre":"Centro Educativo Carlos Mesa Sanchez","establecimiento":"Centro Educativo El Manzanillo","sector":"Oficial","direccion":"CORREG  ALTA  VISTA"},"geometry":{"type":"Point","coordinates":[-75.645428,6.220363]}},{"type":"Feature","properties":{"nombre":"Institucion Educativa Presbitero Juan J. Escobar","establecimiento":"Institucion Educativa Presbitero Juan J. Escobar","sector":"Oficial","direccion":"CL 62 128 120"},"geometry":{"type":"Point","coordinates":[-75.634595,6.278279]}},{"type":"Feature","properties":{"nombre":"Seccion Escuela Juan Nepomuceno Morales","establecimiento":"Institucion Educativa Presbitero Juan J. Escobar","sector":"Oficial","direccion":"CL 62    127-6"},"geometry":{"type":"Point","coordinates":[-75.632187,6.278759]}},{"type":"Feature","properties":{"nombre":"Institucion Educativa Alfonso Upegui Orozco","establecimiento":"Institucion Educativa Alfonso Upegui Orozco","sector":"Oficial","direccion":"CLL 64B 117 177"},"geometry":{"type":"Point","coordinates":[-75.610645,6.28752]}},{"type":"Feature","properties":{"nombre":"Institucion Educativa Santa Elena","establecimiento":"Institucion Educativa Santa Elena","sector":"Oficial","direccion":"Kilometro 15 Via Santa Elena"},"geometry":{"type":"Point","coordinates":[-75.492275,6.206316]}},{"type":"Feature","properties":{"nombre":"Seccion Escuela Rural Santa Elena","establecimiento":"Institucion Educativa Santa Elena","sector":"Oficial","direccion":"CORREG SANTA ELENA-PARTE CENTRAL"},"geometry":{"type":"Point","coordinates":[-75.496802,6.211194]}},{"type":"Feature","properties":{"nombre":"Institucion Educativa San Antonio De Prado","establecimiento":"Institucion Educativa San Antonio De Prado","sector":"Oficial","direccion":"CR 79  42 Sur 39"},"geometry":{"type":"Point","coordinates":[-75.656525,6.184552]}},{"type":"Feature","properties":{"nombre":"Seccion Escuela Manuel Maria Mallarino","establecimiento":"Institucion Educativa San Antonio De Prado","sector":"Oficial","direccion":"CL 40 sur  75 B 101"},"geometry":{"type":"Point","coordinates":[-75.656525,6.184552]}},{"type":"Feature","properties":{"nombre":"Seccion Escuela Carlos Betancur Betancur","establecimiento":"Institucion Educativa San Antonio De Prado","sector":"Oficial","direccion":"CR 77 Nro 41 sur -2"},"geometry":{"type":"Point","coordinates":[-75.654527,6.185175]}},{"type":"Feature","properties":{"nombre":"Centro Educativo Las Playas","establecimiento":"Centro Educativo Las Playas","sector":"Oficial","direccion":"VDA LAS PLAYAS"},"geometry":{"type":"Point","coordinates":[-75.649926,6.285035]}},{"type":"Feature","properties":{"nombre":"Centro Educativo Sagrado Corazon","establecimiento":"Centro Educativo Las Playas","sector":"Oficial","direccion":"VDA LA CUCHILLA"},"geometry":{"type":"Point","coordinates":[-75.649926,6.285035]}},{"type":"Feature","properties":{"nombre":"Centro Educativo El Patio","establecimiento":"Centro Educativo Las Playas","sector":"Oficial","direccion":"VDA EL PATIO"},"geometry":{"type":"Point","coordinates":[-75.650003,6.277052]}},{"type":"Feature","properties":{"nombre":"Institucion Educativa El Limonar","establecimiento":"Institucion Educativa El Limonar","sector":"Oficial","direccion":"CL 57 Sur  65-63"},"geometry":{"type":"Point","coordinates":[-75.646585,6.172752]}},{"type":"Feature","properties":{"nombre":"Institucion Educativa San Jose Obrero","establecimiento":"Institucion Educativa San Jose Obrero","sector":"Oficial","direccion":"CR 85 48 A SUR 51"},"geometry":{"type":"Point","coordinates":[-75.661031,6.177976]}},{"type":"Feature","properties":{"nombre":"Seccion Escuela San Jose","establecimiento":"Institucion Educativa Manuela Beltran","sector":"Oficial","direccion":"CL 64 Sur 67-18"},"geometry":{"type":"Point","coordinates":[-75.648469,6.170395]}},{"type":"Feature","properties":{"nombre":"Centro Educativo Travesias El Morro","establecimiento":"Centro Educativo Travesias El Morro","sector":"Oficial","direccion":"CR 143    68-20-120 EL MORRO"},"geometry":{"type":"Point","coordinates":[-75.641454,6.286401]}},{"type":"Feature","properties":{"nombre":"Centro Educativo Fabio Zuluaga Orozco","establecimiento":"Centro Educativo Travesias El Morro","sector":"Oficial","direccion":"VDA LA PALMA"},"geometry":{"type":"Point","coordinates":[-75.651746,6.273104]}},{"type":"Feature","properties":{"nombre":"Centro Educativo Pedregal Alto","establecimiento":"Centro Educativo Pedregal Alto","sector":"Oficial","direccion":"CR 121    69-136 VDA PEDREGAL ALTO"},"geometry":{"type":"Point","coordinates":[-75.627606,6.288744]}},{"type":"Feature","properties":{"nombre":"Centro Educativo San Jose De La Montaña","establecimiento":"Centro Educativo Pedregal Alto","sector":"Oficial","direccion":"CARRETERA  AL MAR KM 14"},"geometry":{"type":"Point","coordinates":[-75.639641,6.303474]}},{"type":"Feature","properties":{"nombre":"Institucion Educativa Compartir","establecimiento":"Institucion Educativa Compartir","sector":"Oficial","direccion":"CR 62 Nro 42 D Sur 26"},"geometry":{"type":"Point","coordinates":[-75.642632,6.181845]}},{"type":"Feature","properties":{"nombre":"Institucion Educativa Corvide","establecimiento":"Institucion Educativa Corvide","sector":"Oficial","direccion":"CR 60D # 48 SUR 25"},"geometry":{"type":"Point","coordinates":[-75.641109,6.177993]}},{"type":"Feature","properties":{"nombre":"Institucion Educativa Pradito","establecimiento":"Institucion Educativa Pradito","sector":"Oficial","direccion":"CL 38 A SUR 66 A 137"},"geometry":{"type":"Point","coordinates":[-75.647694,6.186717]}},{"type":"Feature","properties":{"nombre":"Institucion Educativa Alvernia","establecimiento":"Institucion Educativa Alvernia","sector":"Oficial","direccion":"CL 82 C 50 C 126"},"geometry":{"type":"Point","coordinates":[-75.561975,6.276689]}},{"type":"Feature","properties":{"nombre":"Institucion Educativa Santa Juana De Lestonac","establecimiento":"Institucion Educativa Santa Juana De Lestonac","sector":"Oficial","direccion":"CR 76 A 103 C 43"},"geometry":{"type":"Point","coordinates":[-75.575358,6.302604]}},{"type":"Feature","properties":{"nombre":"Institucion Educativa La Candelaria","establecimiento":"Institucion Educativa La Candelaria","sector":"Oficial","direccion":"CL 106 32 100"},"geometry":{"type":"Point","coordinates":[-75.542467,6.293537]}},{"type":"Feature","properties":{"nombre":"Seccion Escuela La Esperanza No.2","establecimiento":"Institucion Educativa La Candelaria","sector":"Oficial","direccion":"CR 29 102 20"},"geometry":{"type":"Point","coordinates":[-75.541157,6.29121]}},{"type":"Feature","properties":{"nombre":"Institucion Educativa Maestro Arenas Betancur","establecimiento":"Institucion Educativa Maestro Arenas Betancur","sector":"Oficial","direccion":"CL 98A 65-120"},"geometry":{"type":"Point","coordinates":[-75.569818,6.294018]}},{"type":"Feature","properties":{"nombre":"Seccion Escuela Imperio Del Japon","establecimiento":"Institucion Educativa Maestro Arenas Betancur","sector":"Oficial","direccion":"CL 101  65 125"},"geometry":{"type":"Point","coordinates":[-75.568649,6.295711]}},{"type":"Feature","properties":{"nombre":"Seccion Escuela Municipal Castilla","establecimiento":"Institucion Educativa Maestro Arenas Betancur","sector":"Oficial","direccion":"CL 100A  66-54"},"geometry":{"type":"Point","coordinates":[-75.569137,6.295948]}},{"type":"Feature","properties":{"nombre":"Institucion Educativa El Triunfo Santa Teresa","establecimiento":"Institucion Educativa El Triunfo Santa Teresa","sector":"Oficial","direccion":"CL 104 D 82 GG 20"},"geometry":{"type":"Point","coordinates":[-75.581229,6.306266]}},{"type":"Feature","properties":{"nombre":"Seccion Escuela El Triunfo","establecimiento":"Institucion Educativa El Triunfo Santa Teresa","sector":"Oficial","direccion":"CL 103 A 86 35"},"geometry":{"type":"Point","coordinates":[-75.584697,6.306405]}},{"type":"Feature","properties":{"nombre":"Institucion Educativa Fe Y Alegria Luis Amigo","establecimiento":"Institucion Educativa Fe Y Alegria Luis Amigo","sector":"Oficial","direccion":"CR 58 84 40"},"geometry":{"type":"Point","coordinates":[-75.566223,6.278946]}},{"type":"Feature","properties":{"nombre":"Institucion Educativa Madre Laura","establecimiento":"Institucion Educativa Madre Laura","sector":"Oficial","direccion":"CL 45 22 A 81"},"geometry":{"type":"Point","coordinates":[-75.550533,6.234049]}},{"type":"Feature","properties":{"nombre":"Institucion Educativa Arzobispo Tulio Botero Salazar","establecimiento":"Institucion Educativa Arzobispo Tulio Botero Salazar","sector":"Oficial","direccion":"CL 49 A 03 A 006"},"geometry":{"type":"Point","coordinates":[-75.532626,6.229898]}},{"type":"Feature","properties":{"nombre":"Seccion Escuela Las Estancias","establecimiento":"Institucion Educativa Arzobispo Tulio Botero Salazar","sector":"Oficial","direccion":"CL 52 4 38"},"geometry":{"type":"Point","coordinates":[-75.533435,6.231887]}},{"type":"Feature","properties":{"nombre":"Institucion Educativa Barrio Olaya Herrera","establecimiento":"Institucion Educativa Barrio Olaya Herrera","sector":"Oficial","direccion":"CR 101 C 58 44"},"geometry":{"type":"Point","coordinates":[-75.609499,6.27421]}},{"type":"Feature","properties":{"nombre":"Institucion Educativa El Bosque","establecimiento":"Institucion Educativa El Bosque","sector":"Oficial","direccion":"CR 58 85 B 81"},"geometry":{"type":"Point","coordinates":[-75.567243,6.279879]}},{"type":"Feature","properties":{"nombre":"Cosmo Schools - Sede Aranjuez","establecimiento":"Cosmo Schools - Sede Aranjuez","sector":"No Oficial","direccion":"CR 51 B 91 95"},"geometry":{"type":"Point","coordinates":[-75.561889,6.283282]}},{"type":"Feature","properties":{"nombre":"Colegio Sagrada Familia Aldea Pablo Vi","establecimiento":"Colegio Sagrada Familia Aldea Pablo Vi","sector":"No Oficial","direccion":"CR 30 100 B 30"},"geometry":{"type":"Point","coordinates":[-75.541907,6.288836]}},{"type":"Feature","properties":{"nombre":"Centro Educacional Don Bosco","establecimiento":"Centro Educacional Don Bosco","sector":"No Oficial","direccion":"CR 66 94 42"},"geometry":{"type":"Point","coordinates":[-75.57126,6.288622]}},{"type":"Feature","properties":{"nombre":"Preescolar El Arca","establecimiento":"Preescolar El Arca","sector":"No Oficial","direccion":"CR 35 1 52"},"geometry":{"type":"Point","coordinates":[-75.56631,6.201847]}},{"type":"Feature","properties":{"nombre":"Centro Educativo Carrusel De La Alegria","establecimiento":"Centro Educativo Carrusel De La Alegria","sector":"No Oficial","direccion":"CL 66 39 25"},"geometry":{"type":"Point","coordinates":[-75.551233,6.257862]}},{"type":"Feature","properties":{"nombre":"Colegio Vida Y Paz Sede Centro","establecimiento":"Colegio Vida Y Paz Sede Centro","sector":"No Oficial","direccion":"CR 50 57 69"},"geometry":{"type":"Point","coordinates":[-75.564547,6.255809]}},{"type":"Feature","properties":{"nombre":"Centro Educativo Sagrado Niño","establecimiento":"Centro Educativo Sagrado Niño","sector":"No Oficial","direccion":"CR 22 47 12"},"geometry":{"type":"Point","coordinates":[-75.54891,6.236846]}},{"type":"Feature","properties":{"nombre":"Cosmo Schools - Sede Manrique","establecimiento":"Cosmo Schools - Sede Manrique","sector":"No Oficial","direccion":"CR 45 78 61"},"geometry":{"type":"Point","coordinates":[-75.554408,6.271694]}},{"type":"Feature","properties":{"nombre":"El Nuevo Colegio The New School","establecimiento":"El Nuevo Colegio The New School","sector":"No Oficial","direccion":"KR 9 11 SUR 338"},"geometry":{"type":"Point","coordinates":[-75.546882,6.189188]}},{"type":"Feature","properties":{"nombre":"Institucion Educativa Prados Verdes","establecimiento":"Institucion Educativa Prados Verdes","sector":"No Oficial","direccion":"CR 46 60 09"},"geometry":{"type":"Point","coordinates":[-75.560777,6.25602]}},{"type":"Feature","properties":{"nombre":"Preescolar Hormiguitas Laboriosas - Sede Calasanz","establecimiento":"Preescolar Hormiguitas Laboriosas - Sede Calasanz","sector":"No Oficial","direccion":"CR 82 A 50 A 38"},"geometry":{"type":"Point","coordinates":[-75.60033,6.265276]}},{"type":"Feature","properties":{"nombre":"Centro Infantil Casita De Ilusiones","establecimiento":"Centro Infantil Casita De Ilusiones","sector":"No Oficial","direccion":"CL 12B SUR 52 A 46 40"},"geometry":{"type":"Point","coordinates":[-75.591219,6.197066]}},{"type":"Feature","properties":{"nombre":"Colegio De Maria","establecimiento":"Colegio De Maria","sector":"No Oficial","direccion":"CR 51 B 89 01"},"geometry":{"type":"Point","coordinates":[-75.562696,6.281382]}},{"type":"Feature","properties":{"nombre":"Colegio Compuestudio","establecimiento":"Colegio Compuestudio","sector":"No Oficial","direccion":"CR 45 49 60"},"geometry":{"type":"Point","coordinates":[-75.564402,6.247407]}},{"type":"Feature","properties":{"nombre":"Colegio Calasanz Campestre Escolapias","establecimiento":"Colegio Calasanz Campestre Escolapias","sector":"No Oficial","direccion":"CL 53 76 A 130"},"geometry":{"type":"Point","coordinates":[-75.591078,6.264609]}},{"type":"Feature","properties":{"nombre":"Colegio Santa Clara De Asis","establecimiento":"Colegio Santa Clara De Asis","sector":"No Oficial","direccion":"CL 34 B 82 34"},"geometry":{"type":"Point","coordinates":[-75.604661,6.242454]}},{"type":"Feature","properties":{"nombre":"Colegio Adventista Icolven","establecimiento":"Colegio Adventista Icolven","sector":"No Oficial","direccion":"CR 84 33"},"geometry":{"type":"Point","coordinates":[-75.608261,6.240386]}},{"type":"Feature","properties":{"nombre":"Colegio San Jose De La Salle","establecimiento":"Colegio San Jose De La Salle","sector":"No Oficial","direccion":"CL 9 10 37"},"geometry":{"type":"Point","coordinates":[-75.546705,6.203998]}},{"type":"Feature","properties":{"nombre":"Instituto Pedagogico Claret","establecimiento":"Instituto Pedagogico Claret","sector":"No Oficial","direccion":"CR 46 72 43"},"geometry":{"type":"Point","coordinates":[-75.556357,6.267677]}},{"type":"Feature","properties":{"nombre":"Liceo San Rafael","establecimiento":"Liceo San Rafael","sector":"No Oficial","direccion":"CL 30 A 79 12"},"geometry":{"type":"Point","coordinates":[-75.599437,6.232135]}},{"type":"Feature","properties":{"nombre":"Instituto San Carlos","establecimiento":"Instituto San Carlos","sector":"No Oficial","direccion":"DG 79 15 123"},"geometry":{"type":"Point","coordinates":[-75.599724,6.223227]}},{"type":"Feature","properties":{"nombre":"Colegio Marymount","establecimiento":"Colegio Marymount","sector":"No Oficial","direccion":"CL 7 25 64"},"geometry":{"type":"Point","coordinates":[-75.556651,6.204439]}},{"type":"Feature","properties":{"nombre":"Colegio Militar General Jose Maria Cordoba","establecimiento":"Colegio Militar General Jose Maria Cordoba","sector":"No Oficial","direccion":"CL 49 40 63"},"geometry":{"type":"Point","coordinates":[-75.561623,6.24519]}},{"type":"Feature","properties":{"nombre":"Instituto Salesiano Pedro Justo Berrio","establecimiento":"Instituto Salesiano Pedro Justo Berrio","sector":"No Oficial","direccion":"CR 87 A 32 A 101"},"geometry":{"type":"Point","coordinates":[-75.609756,6.236044]}},{"type":"Feature","properties":{"nombre":"Instituto Antioquia Y Cia Ltda","establecimiento":"Instituto Antioquia Y Cia Ltda","sector":"No Oficial","direccion":"CL 46 41 13"},"geometry":{"type":"Point","coordinates":[-75.563422,6.242539]}},{"type":"Feature","properties":{"nombre":"Centro Educacional Conquistadores","establecimiento":"Centro Educacional Conquistadores","sector":"No Oficial","direccion":"CL 36 66 A 07"},"geometry":{"type":"Point","coordinates":[-75.640944,6.235209]}},{"type":"Feature","properties":{"nombre":"Colegio Jesus Maria","establecimiento":"Colegio Jesus Maria","sector":"No Oficial","direccion":"CL 47 D 77 31"},"geometry":{"type":"Point","coordinates":[-75.593723,6.255215]}},{"type":"Feature","properties":{"nombre":"Liceo Salazar Y Herrera","establecimiento":"Liceo Salazar Y Herrera","sector":"No Oficial","direccion":"CL 42 C 86 17"},"geometry":{"type":"Point","coordinates":[-75.606005,6.24868]}},{"type":"Feature","properties":{"nombre":"Jard Inf Las Violetas - Carla Cristina","establecimiento":"Jard Inf Las Violetas - Carla Cristina","sector":"No Oficial","direccion":"CL 31C    89A 10"},"geometry":{"type":"Point","coordinates":[-75.613259,6.23467]}},{"type":"Feature","properties":{"nombre":"Colegio De La Presentacion - Medellin","establecimiento":"Colegio De La Presentacion - Medellin","sector":"No Oficial","direccion":"CR 84 44 73"},"geometry":{"type":"Point","coordinates":[-75.60442,6.251483]}},{"type":"Feature","properties":{"nombre":"Colegio Calasanz","establecimiento":"Colegio Calasanz","sector":"No Oficial","direccion":"CR 82 48 A 120"},"geometry":{"type":"Point","coordinates":[-75.600945,6.261138]}},{"type":"Feature","properties":{"nombre":"Colegio Nuestra Señora De Lourdes","establecimiento":"Colegio Nuestra Señora De Lourdes","sector":"No Oficial","direccion":"CL 82 50 BB 30"},"geometry":{"type":"Point","coordinates":[-75.560533,6.275823]}},{"type":"Feature","properties":{"nombre":"Colegio De La Universidad Pontificia Bolivariana","establecimiento":"Colegio De La Universidad Pontificia Bolivariana","sector":"No Oficial","direccion":"CQ 1 A 70 01"},"geometry":{"type":"Point","coordinates":[-75.58868,6.243541]}},{"type":"Feature","properties":{"nombre":"Colegio Santa Maria Del Rosario","establecimiento":"Colegio Santa Maria Del Rosario","sector":"No Oficial","direccion":"CL 7 B SUR 29 C 100"},"geometry":{"type":"Point","coordinates":[-75.565365,6.192403]}},{"type":"Feature","properties":{"nombre":"Colegio Eucaristico De La Milagrosa","establecimiento":"Colegio Eucaristico De La Milagrosa","sector":"No Oficial","direccion":"CR 28 42 62"},"geometry":{"type":"Point","coordinates":[-75.553617,6.235637]}},{"type":"Feature","properties":{"nombre":"Colegio Salesiano El Sufragio","establecimiento":"Colegio Salesiano El Sufragio","sector":"No Oficial","direccion":"CR 39 54 31"},"geometry":{"type":"Point","coordinates":[-75.558085,6.248209]}},{"type":"Feature","properties":{"nombre":"Colegio San Ignacio De Loyola","establecimiento":"Colegio San Ignacio De Loyola","sector":"No Oficial","direccion":"CL 48 68 98"},"geometry":{"type":"Point","coordinates":[-75.58671,6.254188]}},{"type":"Feature","properties":{"nombre":"Colegio Sagrados Corazones","establecimiento":"Colegio Sagrados Corazones","sector":"No Oficial","direccion":"CR 89 66 91"},"geometry":{"type":"Point","coordinates":[-75.597464,6.278256]}},{"type":"Feature","properties":{"nombre":"Colegio Maria Reina Del Carmelo","establecimiento":"Colegio Maria Reina Del Carmelo","sector":"No Oficial","direccion":"CR 43 A 85 104"},"geometry":{"type":"Point","coordinates":[-75.551473,6.277795]}},{"type":"Feature","properties":{"nombre":"Colegio Tomas Carrasquilla","establecimiento":"Colegio Tomas Carrasquilla","sector":"No Oficial","direccion":"CR 38    42-41"},"geometry":{"type":"Point","coordinates":[-75.560978,6.240659]}},{"type":"Feature","properties":{"nombre":"Instituto Jorge Robledo","establecimiento":"Instituto Jorge Robledo","sector":"No Oficial","direccion":"CL 51 65 72"},"geometry":{"type":"Point","coordinates":[-75.581163,6.257302]}},{"type":"Feature","properties":{"nombre":"Colegio Pinares Altoverde","establecimiento":"Colegio Pinares Altoverde","sector":"No Oficial","direccion":"CR 35 9 160"},"geometry":{"type":"Point","coordinates":[-75.570797,6.191059]}},{"type":"Feature","properties":{"nombre":"Colegio Divino Salvador","establecimiento":"Colegio Divino Salvador","sector":"No Oficial","direccion":"CR 21 47 86"},"geometry":{"type":"Point","coordinates":[-75.548354,6.237227]}},{"type":"Feature","properties":{"nombre":"Colegio Agustiniano De San Nicolas","establecimiento":"Colegio Agustiniano De San Nicolas","sector":"No Oficial","direccion":"CR 48 93 13"},"geometry":{"type":"Point","coordinates":[-75.555594,6.284767]}},{"type":"Feature","properties":{"nombre":"Colegio Pablo Vi","establecimiento":"Colegio Pablo Vi","sector":"No Oficial","direccion":"CR 36    69 30"},"geometry":{"type":"Point","coordinates":[-75.547492,6.263807]}},{"type":"Feature","properties":{"nombre":"Colegio San Juan Bosco","establecimiento":"Colegio San Juan Bosco","sector":"No Oficial","direccion":"CL 28 73 01"},"geometry":{"type":"Point","coordinates":[-75.593768,6.229483]}},{"type":"Feature","properties":{"nombre":"Colegio Nuestra Señora Del Rosario De Chiquinquira","establecimiento":"Colegio Nuestra Señora Del Rosario De Chiquinquira","sector":"No Oficial","direccion":"CR 22 A 46 59"},"geometry":{"type":"Point","coordinates":[-75.549577,6.236344]}},{"type":"Feature","properties":{"nombre":"Colegio De La Inmaculada","establecimiento":"Colegio De La Inmaculada","sector":"No Oficial","direccion":"CR 76 12 57"},"geometry":{"type":"Point","coordinates":[-75.59845,6.221095]}},{"type":"Feature","properties":{"nombre":"Colegio Santa Teresita","establecimiento":"Colegio Santa Teresita","sector":"No Oficial","direccion":"CL 44 90 A 22"},"geometry":{"type":"Point","coordinates":[-75.608181,6.252972]}},{"type":"Feature","properties":{"nombre":"Colegio San Jose De Las Vegas","establecimiento":"Colegio San Jose De Las Vegas","sector":"No Oficial","direccion":"CR 48 7 S 52"},"geometry":{"type":"Point","coordinates":[-75.577576,6.198922]}},{"type":"Feature","properties":{"nombre":"Instituto Ferrini - Sede Calasanz","establecimiento":"Instituto Ferrini - Sede Calasanz","sector":"No Oficial","direccion":"CL 51 A 81 B 33"},"geometry":{"type":"Point","coordinates":[-75.598779,6.265266]}},{"type":"Feature","properties":{"nombre":"Colegio La Anunciacion","establecimiento":"Colegio La Anunciacion","sector":"No Oficial","direccion":"CR 21 40 114"},"geometry":{"type":"Point","coordinates":[-75.548621,6.232045]}},{"type":"Feature","properties":{"nombre":"Colegio Madre Antonia Cerini","establecimiento":"Colegio Madre Antonia Cerini","sector":"No Oficial","direccion":"CR 32 C 7 A 60"},"geometry":{"type":"Point","coordinates":[-75.563235,6.206215]}},{"type":"Feature","properties":{"nombre":"Escuela Normal Superior Antioqueña","establecimiento":"Escuela Normal Superior Antioqueña","sector":"No Oficial","direccion":"CR 36 A 48 55"},"geometry":{"type":"Point","coordinates":[-75.558293,6.242242]}},{"type":"Feature","properties":{"nombre":"Colegio Bethlemitas","establecimiento":"Colegio Bethlemitas","sector":"No Oficial","direccion":"DG 75 C 33 B 93"},"geometry":{"type":"Point","coordinates":[-75.595458,6.240694]}},{"type":"Feature","properties":{"nombre":"Seminario Menor De La Arquidiocesis De Medellin","establecimiento":"Seminario Menor De La Arquidiocesis De Medellin","sector":"No Oficial","direccion":"KM 5 VÍA LAS PALMAS"},"geometry":{"type":"Point","coordinates":[-75.554568,6.222769]}},{"type":"Feature","properties":{"nombre":"Colegio Maria Auxiliadora","establecimiento":"Colegio Maria Auxiliadora","sector":"No Oficial","direccion":"CR 45 58 88"},"geometry":{"type":"Point","coordinates":[-75.560155,6.25341]}},{"type":"Feature","properties":{"nombre":"Colegio Teresiano Nuestra Señora De La Candelaria","establecimiento":"Colegio Teresiano Nuestra Señora De La Candelaria","sector":"No Oficial","direccion":"CL 47 F 89 A 134"},"geometry":{"type":"Point","coordinates":[-75.606977,6.258134]}},{"type":"Feature","properties":{"nombre":"Colegio Latino","establecimiento":"Colegio Latino","sector":"No Oficial","direccion":"KR 86 A 34 64"},"geometry":{"type":"Point","coordinates":[-75.611595,6.243297]}},{"type":"Feature","properties":{"nombre":"Colegio Nuestra Madre De  Mercedes","establecimiento":"Colegio Nuestra Madre De  Mercedes","sector":"No Oficial","direccion":"CL 37 B 98 02"},"geometry":{"type":"Point","coordinates":[-75.616819,6.251331]}},{"type":"Feature","properties":{"nombre":"Colegio Corazonista","establecimiento":"Colegio Corazonista","sector":"No Oficial","direccion":"CR 84 34 36"},"geometry":{"type":"Point","coordinates":[-75.607656,6.242087]}},{"type":"Feature","properties":{"nombre":"Colegio Barbara Micarelli","establecimiento":"Colegio Barbara Micarelli","sector":"No Oficial","direccion":"DG 80 78 B 48"},"geometry":{"type":"Point","coordinates":[-75.585179,6.282157]}},{"type":"Feature","properties":{"nombre":"Colegio El Hogar De Su Niño","establecimiento":"Colegio El Hogar De Su Niño","sector":"No Oficial","direccion":"CR 40    102 40"},"geometry":{"type":"Point","coordinates":[-75.548189,6.29209]}},{"type":"Feature","properties":{"nombre":"Colegio Emilia Riquelme","establecimiento":"Colegio Emilia Riquelme","sector":"No Oficial","direccion":"CR 51 B 91 19"},"geometry":{"type":"Point","coordinates":[-75.562501,6.282875]}},{"type":"Feature","properties":{"nombre":"Gimnasio Los Cedros","establecimiento":"Gimnasio Los Cedros","sector":"No Oficial","direccion":"CR 25 6 105"},"geometry":{"type":"Point","coordinates":[-75.555775,6.203264]}},{"type":"Feature","properties":{"nombre":"Institucion Educativa Camilo C. Restrepo","establecimiento":"Institucion Educativa Camilo C. Restrepo","sector":"No Oficial","direccion":"CR 65 D 24 40"},"geometry":{"type":"Point","coordinates":[-75.585261,6.225772]}},{"type":"Feature","properties":{"nombre":"Colegio De La Compañia De Maria","establecimiento":"Colegio De La Compañia De Maria","sector":"No Oficial","direccion":"CL 9 SUR 37 345"},"geometry":{"type":"Point","coordinates":[-75.573891,6.194696]}},{"type":"Feature","properties":{"nombre":"Instituto Musical Diego Echavarria","establecimiento":"Instituto Musical Diego Echavarria","sector":"No Oficial","direccion":"CR 32 N. 6SUR - 191"},"geometry":{"type":"Point","coordinates":[-75.566991,6.193167]}},{"type":"Feature","properties":{"nombre":"Colegio San Francisco Javier","establecimiento":"Colegio San Francisco Javier","sector":"No Oficial","direccion":"CL 14 73 23"},"geometry":{"type":"Point","coordinates":[-75.596186,6.221042]}},{"type":"Feature","properties":{"nombre":"Colegio Campestre La Colina","establecimiento":"Colegio Campestre La Colina","sector":"No Oficial","direccion":"CL 12 SUR 18 173"},"geometry":{"type":"Point","coordinates":[-75.55952,6.186709]}},{"type":"Feature","properties":{"nombre":"Gimnasio Guayacanes","establecimiento":"Gimnasio Guayacanes","sector":"No Oficial","direccion":"CL 77BB 82 69"},"geometry":{"type":"Point","coordinates":[-75.588654,6.280527]}},{"type":"Feature","properties":{"nombre":"Colegio Nuestra Señora De La Providencia","establecimiento":"Colegio Nuestra Señora De La Providencia","sector":"No Oficial","direccion":"CL 9 A 10 170"},"geometry":{"type":"Point","coordinates":[-75.549382,6.205243]}},{"type":"Feature","properties":{"nombre":"Centro Educativo Campestre Colombo Italiano","establecimiento":"Centro Educativo Campestre Colombo Italiano","sector":"No Oficial","direccion":"CR 74 D 75 201"},"geometry":{"type":"Point","coordinates":[-75.585834,6.277716]}},{"type":"Feature","properties":{"nombre":"Institucion Educativa Guadalupano La Salle","establecimiento":"Institucion Educativa Guadalupano La Salle","sector":"No Oficial","direccion":"CL 49 17 B 21"},"geometry":{"type":"Point","coordinates":[-75.544452,6.236357]}},{"type":"Feature","properties":{"nombre":"Colegio Adventista Simon Bolivar","establecimiento":"Colegio Adventista Simon Bolivar","sector":"No Oficial","direccion":"CR 51 D 71 105"},"geometry":{"type":"Point","coordinates":[-75.564783,6.268713]}},{"type":"Feature","properties":{"nombre":"Centro Preescolar Eugenia Ravasco","establecimiento":"Centro Preescolar Eugenia Ravasco","sector":"No Oficial","direccion":"CL 10 43DD 41"},"geometry":{"type":"Point","coordinates":[-75.573239,6.211482]}},{"type":"Feature","properties":{"nombre":"Kinder Pinocho","establecimiento":"Kinder Pinocho","sector":"No Oficial","direccion":"CL 45 F 77 28"},"geometry":{"type":"Point","coordinates":[-75.594753,6.253999]}},{"type":"Feature","properties":{"nombre":"Colegio Santa Bertilla Boscardin","establecimiento":"Colegio Santa Bertilla Boscardin","sector":"No Oficial","direccion":"CL 78 B 75 181"},"geometry":{"type":"Point","coordinates":[-75.584798,6.281059]}},{"type":"Feature","properties":{"nombre":"Jardin Infantil Mi Mundo Maravilloso","establecimiento":"Jardin Infantil Mi Mundo Maravilloso","sector":"No Oficial","direccion":"CL 30 80 57"},"geometry":{"type":"Point","coordinates":[-75.601265,6.231857]}},{"type":"Feature","properties":{"nombre":"Colegio San Lucas","establecimiento":"Colegio San Lucas","sector":"No Oficial","direccion":"CL 20 SUR 25 B 91"},"geometry":{"type":"Point","coordinates":[-75.56622,6.181276]}},{"type":"Feature","properties":{"nombre":"Instituto Ferrini - Sede Robledo","establecimiento":"Instituto Ferrini - Sede Robledo","sector":"No Oficial","direccion":"CL 76 80 431"},"geometry":{"type":"Point","coordinates":[-75.592338,6.277981]}},{"type":"Feature","properties":{"nombre":"Instituto Vicarial Jesus Maestro","establecimiento":"Instituto Vicarial Jesus Maestro","sector":"No Oficial","direccion":"CR 45   85 154"},"geometry":{"type":"Point","coordinates":[-75.553058,6.278391]}},{"type":"Feature","properties":{"nombre":"Centro Educativo Infantil Piolin","establecimiento":"Centro Educativo Infantil Piolin","sector":"No Oficial","direccion":"Calle 9 sur #35-180 int 1"},"geometry":{"type":"Point","coordinates":[-75.572026,6.19465]}},{"type":"Feature","properties":{"nombre":"Escuela Jose Gregorio Hernandez","establecimiento":"Escuela Jose Gregorio Hernandez","sector":"No Oficial","direccion":"CR 65 113 120"},"geometry":{"type":"Point","coordinates":[-75.563651,6.309046]}},{"type":"Feature","properties":{"nombre":"Jardin Infantil Los Santos Angeles","establecimiento":"Jardin Infantil Los Santos Angeles","sector":"No Oficial","direccion":"CL 32 D 76 51"},"geometry":{"type":"Point","coordinates":[-75.597116,6.236536]}},{"type":"Feature","properties":{"nombre":"Jardin Infantil La Arboleda","establecimiento":"Jardin Infantil La Arboleda","sector":"No Oficial","direccion":"CR 30 A 8 60"},"geometry":{"type":"Point","coordinates":[-75.559688,6.206975]}},{"type":"Feature","properties":{"nombre":"Centro Educativo Mi Dulce Hogar","establecimiento":"Centro Educativo Mi Dulce Hogar","sector":"No Oficial","direccion":"CL 92 36 C 54"},"geometry":{"type":"Point","coordinates":[-75.54718,6.283055]}},{"type":"Feature","properties":{"nombre":"Centro Infantil Notas Y Colores","establecimiento":"Centro Infantil Notas Y Colores","sector":"No Oficial","direccion":"CL 46 80 39"},"geometry":{"type":"Point","coordinates":[-75.598848,6.256118]}},{"type":"Feature","properties":{"nombre":"Colegio Vid Obra De La Congregacion Mariana","establecimiento":"Colegio Vid Obra De La Congregacion Mariana","sector":"No Oficial","direccion":"CL 81 71 06"},"geometry":{"type":"Point","coordinates":[-75.576557,6.280745]}},{"type":"Feature","properties":{"nombre":"Colegio Campestre Manzanares","establecimiento":"Colegio Campestre Manzanares","sector":"No Oficial","direccion":"CR 16 12 SUR 28"},"geometry":{"type":"Point","coordinates":[-75.55654,6.184014]}},{"type":"Feature","properties":{"nombre":"La Casa De Los Colores Preescolar Y Centro De Formacion Artistica","establecimiento":"La Casa De Los Colores Preescolar Y Centro De Formacion Artistica","sector":"No Oficial","direccion":"CL 38 76 09"},"geometry":{"type":"Point","coordinates":[-75.598306,6.245131]}},{"type":"Feature","properties":{"nombre":"Colegio Alfred Binet","establecimiento":"Colegio Alfred Binet","sector":"No Oficial","direccion":"CL 49 26 31"},"geometry":{"type":"Point","coordinates":[-75.549877,6.239131]}},{"type":"Feature","properties":{"nombre":"Colegio Pestalozzi","establecimiento":"Colegio Pestalozzi","sector":"No Oficial","direccion":"CR 75 20 40"},"geometry":{"type":"Point","coordinates":[-75.596174,6.224522]}},{"type":"Feature","properties":{"nombre":"Jardin Infantil Pelusa","establecimiento":"Jardin Infantil Pelusa","sector":"No Oficial","direccion":"CR 78 A 34 A 44"},"geometry":{"type":"Point","coordinates":[-75.598831,6.242147]}},{"type":"Feature","properties":{"nombre":"Centro Infantil Mi Mundo Soñado","establecimiento":"Centro Infantil Mi Mundo Soñado","sector":"No Oficial","direccion":"CL 41 101 66"},"geometry":{"type":"Point","coordinates":[-75.6169,6.255494]}},{"type":"Feature","properties":{"nombre":"Jardin Infantil Vida Nueva","establecimiento":"Jardin Infantil Vida Nueva","sector":"No Oficial","direccion":"KR 93 B 38 C 24"},"geometry":{"type":"Point","coordinates":[-75.612336,6.251956]}},{"type":"Feature","properties":{"nombre":"Guarderia Preescolar Cascanueces","establecimiento":"Guarderia Preescolar Cascanueces","sector":"No Oficial","direccion":"CL 1 BSUR 32 51"},"geometry":{"type":"Point","coordinates":[-75.564828,6.200396]}},{"type":"Feature","properties":{"nombre":"Genios Preescolar Ltda.","establecimiento":"Genios Preescolar Ltda.","sector":"No Oficial","direccion":"CQ 2 72 49"},"geometry":{"type":"Point","coordinates":[-75.591291,6.244571]}},{"type":"Feature","properties":{"nombre":"Colegio Parroquial San Judas Tadeo","establecimiento":"Colegio Parroquial San Judas Tadeo","sector":"No Oficial","direccion":"CL 98 68 51"},"geometry":{"type":"Point","coordinates":[-75.571652,6.293935]}},{"type":"Feature","properties":{"nombre":"Colegio Bautista De Castilla","establecimiento":"Colegio Bautista De Castilla","sector":"No Oficial","direccion":"CL 96 67 40"},"geometry":{"type":"Point","coordinates":[-75.571751,6.29111]}},{"type":"Feature","properties":{"nombre":"Colegio Hispano","establecimiento":"Colegio Hispano","sector":"No Oficial","direccion":"CIR 1 # 72 20"},"geometry":{"type":"Point","coordinates":[-75.590934,6.244304]}},{"type":"Feature","properties":{"nombre":"Jardin Infantil Chiquilandia","establecimiento":"Jardin Infantil Chiquilandia","sector":"No Oficial","direccion":"KR 69 C 31 A 30"},"geometry":{"type":"Point","coordinates":[-75.5909,6.234339]}},{"type":"Feature","properties":{"nombre":"Jardin Infantil Mi Magico Mundo","establecimiento":"Jardin Infantil Mi Magico Mundo","sector":"No Oficial","direccion":"CL 44 A 72 64"},"geometry":{"type":"Point","coordinates":[-75.591778,6.250497]}},{"type":"Feature","properties":{"nombre":"Jardin Infantil Preescolar Mundo De Juguete","establecimiento":"Jardin Infantil Preescolar Mundo De Juguete","sector":"No Oficial","direccion":"CL 32 78 34"},"geometry":{"type":"Point","coordinates":[-75.598583,6.233713]}},{"type":"Feature","properties":{"nombre":"Preescolar Colorines Ltda.","establecimiento":"Preescolar Colorines Ltda.","sector":"No Oficial","direccion":"CR 73 30 A 44"},"geometry":{"type":"Point","coordinates":[-75.593524,6.232734]}},{"type":"Feature","properties":{"nombre":"Centro Educativo Mundo De Colores","establecimiento":"Centro Educativo Mundo De Colores","sector":"No Oficial","direccion":"CL 1 B 65 107"},"geometry":{"type":"Point","coordinates":[-75.589155,6.210041]}},{"type":"Feature","properties":{"nombre":"Preescolar Mickey Mouse","establecimiento":"Preescolar Mickey Mouse","sector":"No Oficial","direccion":"CR 76 45 C 86"},"geometry":{"type":"Point","coordinates":[-75.594177,6.252035]}},{"type":"Feature","properties":{"nombre":"Centro Educativo Sagrado Corazon","establecimiento":"Centro Educativo Sagrado Corazon","sector":"No Oficial","direccion":"CL 103 D 72 4"},"geometry":{"type":"Point","coordinates":[-75.571567,6.300574]}},{"type":"Feature","properties":{"nombre":"Colegio Parroquial Nuestra Señora Del Buen Consejo","establecimiento":"Colegio Parroquial Nuestra Señora Del Buen Consejo","sector":"No Oficial","direccion":"CL 103 EE 65 63"},"geometry":{"type":"Point","coordinates":[-75.567183,6.299822]}},{"type":"Feature","properties":{"nombre":"Centro Educativo Integral El Pacto","establecimiento":"Centro Educativo Integral El Pacto","sector":"No Oficial","direccion":"CR 74 97 33"},"geometry":{"type":"Point","coordinates":[-75.577123,6.294529]}},{"type":"Feature","properties":{"nombre":"Colegio Madrid Campestre","establecimiento":"Colegio Madrid Campestre","sector":"No Oficial","direccion":"CL 76 89 C 66"},"geometry":{"type":"Point","coordinates":[-75.595762,6.283281]}},{"type":"Feature","properties":{"nombre":"Centro Educativo Ingenios","establecimiento":"Centro Educativo Ingenios","sector":"No Oficial","direccion":"CL 5 SUR 50 EE 18"},"geometry":{"type":"Point","coordinates":[-75.583297,6.203548]}},{"type":"Feature","properties":{"nombre":"Centro Infantil Nubecitas","establecimiento":"Centro Infantil Nubecitas","sector":"No Oficial","direccion":"CR 88 47 23"},"geometry":{"type":"Point","coordinates":[-75.604625,6.258278]}},{"type":"Feature","properties":{"nombre":"Centro Educativo Autonomo","establecimiento":"Centro Educativo Autonomo","sector":"No Oficial","direccion":"CL 104 68 A 77"},"geometry":{"type":"Point","coordinates":[-75.56986,6.300007]}},{"type":"Feature","properties":{"nombre":"Colegio Euskadi","establecimiento":"Colegio Euskadi","sector":"No Oficial","direccion":"CR 10 N° 16A SUR 3"},"geometry":{"type":"Point","coordinates":[-75.551972,6.183206]}},{"type":"Feature","properties":{"nombre":"Escuela Popular Eucaristica Arzobispo Tulio Botero Salazar","establecimiento":"Escuela Popular Eucaristica Arzobispo Tulio Botero Salazar","sector":"No Oficial","direccion":"CR 9 B 49 B 05"},"geometry":{"type":"Point","coordinates":[-75.538135,6.231398]}},{"type":"Feature","properties":{"nombre":"Jardin Infantil Super Amigos","establecimiento":"Jardin Infantil Super Amigos","sector":"No Oficial","direccion":"CL 103 EE 65 90"},"geometry":{"type":"Point","coordinates":[-75.567315,6.300089]}},{"type":"Feature","properties":{"nombre":"Centro Educativo Infantil Los Ositos","establecimiento":"Centro Educativo Infantil Los Ositos","sector":"No Oficial","direccion":"CL 9 SUR 32 150"},"geometry":{"type":"Point","coordinates":[-75.56883,6.192359]}},{"type":"Feature","properties":{"nombre":"Colegio Guillermo Taborda Restrepo","establecimiento":"Colegio Guillermo Taborda Restrepo","sector":"No Oficial","direccion":"CL 79 A 82 A 11"},"geometry":{"type":"Point","coordinates":[-75.58578,6.282891]}},{"type":"Feature","properties":{"nombre":"Maternal Y Jardin Infantil Pimpilin","establecimiento":"Maternal Y Jardin Infantil Pimpilin","sector":"No Oficial","direccion":"CL 112 B 67 71"},"geometry":{"type":"Point","coordinates":[-75.565581,6.30802]}},{"type":"Feature","properties":{"nombre":"Jardin Infantil El Arte Y El Conocer","establecimiento":"Jardin Infantil El Arte Y El Conocer","sector":"No Oficial","direccion":"CL 42 C 90 A 50"},"geometry":{"type":"Point","coordinates":[-75.609293,6.252149]}},{"type":"Feature","properties":{"nombre":"Centro Infantil Preescolar Traviesos","establecimiento":"Centro Infantil Preescolar Traviesos","sector":"No Oficial","direccion":"CL 42    101-46"},"geometry":{"type":"Point","coordinates":[-75.61679,6.256159]}},{"type":"Feature","properties":{"nombre":"Centro Educativo Pequeños Creadores","establecimiento":"Centro Educativo Pequeños Creadores","sector":"No Oficial","direccion":"CL 36 80 B 38"},"geometry":{"type":"Point","coordinates":[-75.602218,6.244574]}},{"type":"Feature","properties":{"nombre":"Preescolar Gimnasio Infantil Pepegrillo","establecimiento":"Preescolar Gimnasio Infantil Pepegrillo","sector":"No Oficial","direccion":"CR 81 A 49 F 14"},"geometry":{"type":"Point","coordinates":[-75.598209,6.263214]}},{"type":"Feature","properties":{"nombre":"Centro Educativo Los Nogales","establecimiento":"Centro Educativo Los Nogales","sector":"No Oficial","direccion":"CL 76 80 218"},"geometry":{"type":"Point","coordinates":[-75.591385,6.277546]}},{"type":"Feature","properties":{"nombre":"Institucion Educativa Pedagogico Integral","establecimiento":"Institucion Educativa Pedagogico Integral","sector":"No Oficial","direccion":"CL 26B N° 72 - 3"},"geometry":{"type":"Point","coordinates":[-75.592866,6.228233]}},{"type":"Feature","properties":{"nombre":"Centro Educativo Los Gansitos","establecimiento":"Centro Educativo Los Gansitos","sector":"No Oficial","direccion":"CL 103 76 59"},"geometry":{"type":"Point","coordinates":[-75.575653,6.301527]}},{"type":"Feature","properties":{"nombre":"Escuela Popular Eucaristica Julio C. Hernandez","establecimiento":"Escuela Popular Eucaristica Julio C. Hernandez","sector":"No Oficial","direccion":"CL 108 43 16"},"geometry":{"type":"Point","coordinates":[-75.548671,6.297043]}},{"type":"Feature","properties":{"nombre":"Guri Guri Guarderia Y Preescolar","establecimiento":"Guri Guri Guarderia Y Preescolar","sector":"No Oficial","direccion":"CR 43 58 20"},"geometry":{"type":"Point","coordinates":[-75.559548,6.252791]}},{"type":"Feature","properties":{"nombre":"Centro Educativo Casa Mama Margarita","establecimiento":"Centro Educativo Casa Mama Margarita","sector":"No Oficial","direccion":"CL 48    39 58"},"geometry":{"type":"Point","coordinates":[-75.56101,6.244153]}},{"type":"Feature","properties":{"nombre":"Centro Pedagogico Florencia","establecimiento":"Centro Pedagogico Florencia","sector":"No Oficial","direccion":"CL 111 70 23"},"geometry":{"type":"Point","coordinates":[-75.568791,6.307468]}},{"type":"Feature","properties":{"nombre":"Colegio Arenys Del Mar","establecimiento":"Colegio Arenys Del Mar","sector":"No Oficial","direccion":"CL 53 76 A 130"},"geometry":{"type":"Point","coordinates":[-75.606671,6.276286]}},{"type":"Feature","properties":{"nombre":"Centro De Desarrollo Integrado - Cendi","establecimiento":"Centro De Desarrollo Integrado - Cendi","sector":"No Oficial","direccion":"KR 42 49 59"},"geometry":{"type":"Point","coordinates":[-75.562518,6.246481]}},{"type":"Feature","properties":{"nombre":"Colegio Padre Manyanet","establecimiento":"Colegio Padre Manyanet","sector":"No Oficial","direccion":"CR 84 F 8 29"},"geometry":{"type":"Point","coordinates":[-75.60874,6.220001]}},{"type":"Feature","properties":{"nombre":"Centro Educativo Caminito","establecimiento":"Centro Educativo Caminito","sector":"No Oficial","direccion":"CL 30 83 B 16"},"geometry":{"type":"Point","coordinates":[-75.606904,6.231439]}},{"type":"Feature","properties":{"nombre":"Centro Educativo Mechuditos","establecimiento":"Centro Educativo Mechuditos","sector":"No Oficial","direccion":"CR 84 A 28 38"},"geometry":{"type":"Point","coordinates":[-75.607269,6.229882]}},{"type":"Feature","properties":{"nombre":"Centro Infantil Piruetas","establecimiento":"Centro Infantil Piruetas","sector":"No Oficial","direccion":"CL 26 79 313"},"geometry":{"type":"Point","coordinates":[-75.601524,6.227517]}},{"type":"Feature","properties":{"nombre":"Preescolar El Rodeo","establecimiento":"Preescolar El Rodeo","sector":"No Oficial","direccion":"CL 1 A SUR 56 35"},"geometry":{"type":"Point","coordinates":[-75.588631,6.208133]}},{"type":"Feature","properties":{"nombre":"Guarderia Y Preescolar Palotin","establecimiento":"Guarderia Y Preescolar Palotin","sector":"No Oficial","direccion":"CR 59 7 18"},"geometry":{"type":"Point","coordinates":[-75.585708,6.214246]}},{"type":"Feature","properties":{"nombre":"Centro Infantil Imaginate","establecimiento":"Centro Infantil Imaginate","sector":"No Oficial","direccion":"CL 75 70 49"},"geometry":{"type":"Point","coordinates":[-75.580293,6.274671]}},{"type":"Feature","properties":{"nombre":"Colegio Graciela Vasquez Cano","establecimiento":"Colegio Graciela Vasquez Cano","sector":"No Oficial","direccion":"CR 87 A 77CC 25 - Carrera 87 No\n68B - 65"},"geometry":{"type":"Point","coordinates":[-75.590957,6.284669]}},{"type":"Feature","properties":{"nombre":"Centro Infantil Cacatuas","establecimiento":"Centro Infantil Cacatuas","sector":"No Oficial","direccion":"CR 78 A 45 GG 13"},"geometry":{"type":"Point","coordinates":[-75.597058,6.255406]}},{"type":"Feature","properties":{"nombre":"Preescolar Lucecitas Del Cortijo","establecimiento":"Preescolar Lucecitas Del Cortijo","sector":"No Oficial","direccion":"CR 85 66 35"},"geometry":{"type":"Point","coordinates":[-75.594328,6.276998]}},{"type":"Feature","properties":{"nombre":"Centro Educativo La Motica","establecimiento":"Centro Educativo La Motica","sector":"No Oficial","direccion":"TV 4 A 75 D 52 BQ 26 LC 106"},"geometry":{"type":"Point","coordinates":[-75.599257,6.215458]}},{"type":"Feature","properties":{"nombre":"Colegio San Gabriel De La Dolorosa","establecimiento":"Colegio San Gabriel De La Dolorosa","sector":"No Oficial","direccion":"CL 9 B SUR 52 B 40"},"geometry":{"type":"Point","coordinates":[-75.590091,6.20045]}},{"type":"Feature","properties":{"nombre":"Institucion Educativa Y Cultural Jesus Amigo","establecimiento":"Institucion Educativa Y Cultural Jesus Amigo","sector":"No Oficial","direccion":"CL 99    82-07"},"geometry":{"type":"Point","coordinates":[-75.58089,6.299096]}},{"type":"Feature","properties":{"nombre":"Centro Educativo Infantil Pequeños Personajes","establecimiento":"Centro Educativo Infantil Pequeños Personajes","sector":"No Oficial","direccion":"CL 27 81 A 95"},"geometry":{"type":"Point","coordinates":[-75.603905,6.228042]}},{"type":"Feature","properties":{"nombre":"Centro De Educacion Preescolar Mi Chanchito","establecimiento":"Centro De Educacion Preescolar Mi Chanchito","sector":"No Oficial","direccion":"TV 79 C 80 53"},"geometry":{"type":"Point","coordinates":[-75.584692,6.28322]}},{"type":"Feature","properties":{"nombre":"Jardin Infantil La Tata","establecimiento":"Jardin Infantil La Tata","sector":"No Oficial","direccion":"CL 36 91 A 22"},"geometry":{"type":"Point","coordinates":[-75.613079,6.248906]}},{"type":"Feature","properties":{"nombre":"Institucion Educativa Leonardo Da Vinci","establecimiento":"Institucion Educativa Leonardo Da Vinci","sector":"No Oficial","direccion":"CR 89 65 94"},"geometry":{"type":"Point","coordinates":[-75.597571,6.277894]}},{"type":"Feature","properties":{"nombre":"Preescolar Amigo De Los Niños","establecimiento":"Preescolar Amigo De Los Niños","sector":"No Oficial","direccion":"CL 43    102 4"},"geometry":{"type":"Point","coordinates":[-75.617649,6.256622]}},{"type":"Feature","properties":{"nombre":"Preescolar Guille","establecimiento":"Preescolar Guille","sector":"No Oficial","direccion":"CR 26 48 20"},"geometry":{"type":"Point","coordinates":[-75.549925,6.238587]}},{"type":"Feature","properties":{"nombre":"Centro Educativo Nuevos Amigos","establecimiento":"Centro Educativo Nuevos Amigos","sector":"No Oficial","direccion":"CL 33 83 A 33"},"geometry":{"type":"Point","coordinates":[-75.607112,6.238269]}},{"type":"Feature","properties":{"nombre":"Centro Educativo Senderos Infantiles","establecimiento":"Centro Educativo Senderos Infantiles","sector":"No Oficial","direccion":"CL 73 72 A 64"},"geometry":{"type":"Point","coordinates":[-75.582866,6.273898]}},{"type":"Feature","properties":{"nombre":"Guarderia Y Preescolar Mis Primeros Exitos","establecimiento":"Guarderia Y Preescolar Mis Primeros Exitos","sector":"No Oficial","direccion":"CL 34 B 87 A 39"},"geometry":{"type":"Point","coordinates":[-75.612729,6.243119]}},{"type":"Feature","properties":{"nombre":"Centro Educativo Mis Primeros Maestros","establecimiento":"Centro Educativo Mis Primeros Maestros","sector":"No Oficial","direccion":"CL 31 C 89 E 86"},"geometry":{"type":"Point","coordinates":[-75.616582,6.235776]}},{"type":"Feature","properties":{"nombre":"Jardin Infantil Coqui","establecimiento":"Jardin Infantil Coqui","sector":"No Oficial","direccion":"CR 36 37 37"},"geometry":{"type":"Point","coordinates":[-75.562634,6.236105]}},{"type":"Feature","properties":{"nombre":"Centro Educativo Angelillos","establecimiento":"Centro Educativo Angelillos","sector":"No Oficial","direccion":"CL 103 66 42"},"geometry":{"type":"Point","coordinates":[-75.568176,6.297858]}},{"type":"Feature","properties":{"nombre":"Preescolar Colombianitos Del Futuro","establecimiento":"Preescolar Colombianitos Del Futuro","sector":"No Oficial","direccion":"CL 104 E 83 15"},"geometry":{"type":"Point","coordinates":[-75.58156,6.307133]}},{"type":"Feature","properties":{"nombre":"Escuela Hermana Alcira Castro Osorio","establecimiento":"Escuela Hermana Alcira Castro Osorio","sector":"No Oficial","direccion":"CR 27B 107FA 138"},"geometry":{"type":"Point","coordinates":[-75.535883,6.297123]}},{"type":"Feature","properties":{"nombre":"Instituto De Educacion Comfenalco Consuelo Montoya Gil","establecimiento":"Instituto De Educacion Comfenalco Consuelo Montoya Gil","sector":"No Oficial","direccion":"CR 43 49 20"},"geometry":{"type":"Point","coordinates":[-75.563163,6.246302]}},{"type":"Feature","properties":{"nombre":"Colegio Sapiencia","establecimiento":"Colegio Sapiencia","sector":"No Oficial","direccion":"CL 77 BB 82 69"},"geometry":{"type":"Point","coordinates":[-75.58858,6.280359]}},{"type":"Feature","properties":{"nombre":"Colegio Panamericano Colombo Sueco","establecimiento":"Colegio Panamericano Colombo Sueco","sector":"No Oficial","direccion":"CL 78 B 84 41 ; KRA 83 78 30"},"geometry":{"type":"Point","coordinates":[-75.587275,6.283053]}},{"type":"Feature","properties":{"nombre":"Centro Educativo Ventana Magica","establecimiento":"Centro Educativo Ventana Magica","sector":"No Oficial","direccion":"CL 1 B 53 50"},"geometry":{"type":"Point","coordinates":[-75.586244,6.209065]}},{"type":"Feature","properties":{"nombre":"Centro Educativo Integral Bucarelly","establecimiento":"Centro Educativo Integral Bucarelly","sector":"No Oficial","direccion":"CR 130 61 30"},"geometry":{"type":"Point","coordinates":[-75.63519,6.277515]}},{"type":"Feature","properties":{"nombre":"Colegio Parroquial Emaus","establecimiento":"Colegio Parroquial Emaus","sector":"No Oficial","direccion":"Cr 40 N° 95A 30/ CL 95A N°39-14"},"geometry":{"type":"Point","coordinates":[-75.549053,6.2868]}},{"type":"Feature","properties":{"nombre":"Centro Educativo Rafael Pombo","establecimiento":"Centro Educativo Rafael Pombo","sector":"No Oficial","direccion":"CL 101 D 82 E 50"},"geometry":{"type":"Point","coordinates":[-75.58073,6.302629]}},{"type":"Feature","properties":{"nombre":"Centro Educativo Mi Patito","establecimiento":"Centro Educativo Mi Patito","sector":"No Oficial","direccion":"CL 96 71 22"},"geometry":{"type":"Point","coordinates":[-75.574311,6.291995]}},{"type":"Feature","properties":{"nombre":"Colegio Musical Las Cometas","establecimiento":"Colegio Musical Las Cometas","sector":"No Oficial","direccion":"CL 65 88 34"},"geometry":{"type":"Point","coordinates":[-75.59786,6.277153]}},{"type":"Feature","properties":{"nombre":"Colegio Caminos Abiertos","establecimiento":"Colegio Caminos Abiertos","sector":"No Oficial","direccion":"CR 99 42 40"},"geometry":{"type":"Point","coordinates":[-75.615748,6.255946]}},{"type":"Feature","properties":{"nombre":"Colegio Creadores Del Futuro","establecimiento":"Colegio Creadores Del Futuro","sector":"No Oficial","direccion":"CL 50 57 69"},"geometry":{"type":"Point","coordinates":[-75.57564,6.253818]}},{"type":"Feature","properties":{"nombre":"Guarderia Y Preescolar Mundo De Ilusiones","establecimiento":"Guarderia Y Preescolar Mundo De Ilusiones","sector":"No Oficial","direccion":"KR 64 B 38 10"},"geometry":{"type":"Point","coordinates":[-75.580855,6.242286]}},{"type":"Feature","properties":{"nombre":"Centro Educativo Los Pioneros","establecimiento":"Centro Educativo Los Pioneros","sector":"No Oficial","direccion":"CL 30 A 79 75"},"geometry":{"type":"Point","coordinates":[-75.599904,6.231773]}},{"type":"Feature","properties":{"nombre":"Centro Educativo Instituto De Ciencias Aplicadas - Indecap","establecimiento":"Centro Educativo Instituto De Ciencias Aplicadas - Indecap","sector":"No Oficial","direccion":"CL 56 45 26"},"geometry":{"type":"Point","coordinates":[-75.561507,6.25222]}},{"type":"Feature","properties":{"nombre":"Centro Educativo San Antonio De Padua","establecimiento":"Centro Educativo San Antonio De Padua","sector":"No Oficial","direccion":"CL 104F 74A 06"},"geometry":{"type":"Point","coordinates":[-75.572519,6.303672]}},{"type":"Feature","properties":{"nombre":"Preescolar Nuevo Amanecer","establecimiento":"Preescolar Nuevo Amanecer","sector":"No Oficial","direccion":"CL 105 A 70 4"},"geometry":{"type":"Point","coordinates":[-75.569645,6.301516]}},{"type":"Feature","properties":{"nombre":"Cosmo Schools - Sede Pedregal","establecimiento":"Cosmo Schools - Sede Pedregal","sector":"No Oficial","direccion":"CL 103 C 76 A 24"},"geometry":{"type":"Point","coordinates":[-75.575713,6.30238]}},{"type":"Feature","properties":{"nombre":"Centro Educativo Chiquillos De La Colina","establecimiento":"Centro Educativo Chiquillos De La Colina","sector":"No Oficial","direccion":"DG 79 A 5 299"},"geometry":{"type":"Point","coordinates":[-75.600186,6.217766]}},{"type":"Feature","properties":{"nombre":"Preescolar La Casita Del Saber","establecimiento":"Preescolar La Casita Del Saber","sector":"No Oficial","direccion":"CL 20 57 82"},"geometry":{"type":"Point","coordinates":[-75.582977,6.222583]}},{"type":"Feature","properties":{"nombre":"Centro Educativo Corazones Alegres","establecimiento":"Centro Educativo Corazones Alegres","sector":"No Oficial","direccion":"CL 111 D 64 A 26"},"geometry":{"type":"Point","coordinates":[-75.559702,6.304436]}},{"type":"Feature","properties":{"nombre":"Cosmo Schools - Sede Centro","establecimiento":"Cosmo Schools - Sede Centro","sector":"No Oficial","direccion":"CL 48 43 87"},"geometry":{"type":"Point","coordinates":[-75.564581,6.245722]}},{"type":"Feature","properties":{"nombre":"Jardin Comunitario Susanita Diaz","establecimiento":"Jardin Comunitario Susanita Diaz","sector":"No Oficial","direccion":"CR 76 92 59"},"geometry":{"type":"Point","coordinates":[-75.581709,6.289821]}},{"type":"Feature","properties":{"nombre":"Preescolar Los Pingüinos","establecimiento":"Preescolar Los Pingüinos","sector":"No Oficial","direccion":"CR 74 101 B 4"},"geometry":{"type":"Point","coordinates":[-75.57506,6.299344]}},{"type":"Feature","properties":{"nombre":"Centro Educativo Rondas Infantiles","establecimiento":"Centro Educativo Rondas Infantiles","sector":"No Oficial","direccion":"CL 91 50 54"},"geometry":{"type":"Point","coordinates":[-75.558501,6.283012]}},{"type":"Feature","properties":{"nombre":"Colegio Militar General Pedro Nel Ospina","establecimiento":"Colegio Militar General Pedro Nel Ospina","sector":"No Oficial","direccion":"CL 51 40 175"},"geometry":{"type":"Point","coordinates":[-75.561431,6.247618]}},{"type":"Feature","properties":{"nombre":"Centro Integral Educativo La Magia Del Saber","establecimiento":"Centro Integral Educativo La Magia Del Saber","sector":"No Oficial","direccion":"CL 111 F 64 A 46"},"geometry":{"type":"Point","coordinates":[-75.559517,6.305539]}},{"type":"Feature","properties":{"nombre":"Centro Educativo Descubriendo Maravillas","establecimiento":"Centro Educativo Descubriendo Maravillas","sector":"No Oficial","direccion":"CL 33 AA 82 A 35"},"geometry":{"type":"Point","coordinates":[-75.605768,6.239888]}},{"type":"Feature","properties":{"nombre":"Centro Educativo Genios Escalando","establecimiento":"Centro Educativo Genios Escalando","sector":"No Oficial","direccion":"KR 83 34 B 81"},"geometry":{"type":"Point","coordinates":[-75.605622,6.243409]}},{"type":"Feature","properties":{"nombre":"Centro Educativo Pequeñas Maravillas","establecimiento":"Centro Educativo Pequeñas Maravillas","sector":"No Oficial","direccion":"CR 66 94 19"},"geometry":{"type":"Point","coordinates":[-75.571631,6.288477]}},{"type":"Feature","properties":{"nombre":"Centro Educativo Integral Momentos Felices","establecimiento":"Centro Educativo Integral Momentos Felices","sector":"No Oficial","direccion":"CL 72 A 48 A 69"},"geometry":{"type":"Point","coordinates":[-75.558648,6.267525]}},{"type":"Feature","properties":{"nombre":"Centro Educativo Luceros Y Estrellas","establecimiento":"Centro Educativo Luceros Y Estrellas","sector":"No Oficial","direccion":"CR 47 72 A 4 IN 201"},"geometry":{"type":"Point","coordinates":[-75.556705,6.267829]}},{"type":"Feature","properties":{"nombre":"Instituto Corferrini - Sede Robledo","establecimiento":"Instituto Corferrini - Sede Robledo","sector":"No Oficial","direccion":"CR 86 65A 38"},"geometry":{"type":"Point","coordinates":[-75.595935,6.27644]}},{"type":"Feature","properties":{"nombre":"Colegio Externado Patria - Sede Centro","establecimiento":"Colegio Externado Patria - Sede Centro","sector":"No Oficial","direccion":"CR 43 49 20"},"geometry":{"type":"Point","coordinates":[-75.563173,6.246277]}},{"type":"Feature","properties":{"nombre":"Instituto Corferrini - Sede La Divisa","establecimiento":"Instituto Corferrini - Sede La Divisa","sector":"No Oficial","direccion":"CL 49B 99EE 117"},"geometry":{"type":"Point","coordinates":[-75.613316,6.268424]}},{"type":"Feature","properties":{"nombre":"Centro Educativo El Encuentro","establecimiento":"Centro Educativo El Encuentro","sector":"No Oficial","direccion":"CL 4 28 71"},"geometry":{"type":"Point","coordinates":[-75.559064,6.200577]}},{"type":"Feature","properties":{"nombre":"Centro Educativo Popeye","establecimiento":"Centro Educativo Popeye","sector":"No Oficial","direccion":"CL 79 72 A 65"},"geometry":{"type":"Point","coordinates":[-75.579895,6.278634]}},{"type":"Feature","properties":{"nombre":"Centro Educativo Altos De Calasanz","establecimiento":"Centro Educativo Altos De Calasanz","sector":"No Oficial","direccion":"CR 83 A 50 A 92"},"geometry":{"type":"Point","coordinates":[-75.600985,6.266278]}},{"type":"Feature","properties":{"nombre":"Centro Educativo Semillas De Vida","establecimiento":"Centro Educativo Semillas De Vida","sector":"No Oficial","direccion":"CL 51 83 A 33"},"geometry":{"type":"Point","coordinates":[-75.601209,6.266829]}},{"type":"Feature","properties":{"nombre":"Centro Educativo Mis Primeras Ideas","establecimiento":"Centro Educativo Mis Primeras Ideas","sector":"No Oficial","direccion":"CR 84 32 69 AP 101"},"geometry":{"type":"Point","coordinates":[-75.607652,6.235018]}},{"type":"Feature","properties":{"nombre":"Centro Infantil Mi Edad Feliz","establecimiento":"Centro Infantil Mi Edad Feliz","sector":"No Oficial","direccion":"CR 73 28 60"},"geometry":{"type":"Point","coordinates":[-75.593394,6.230263]}},{"type":"Feature","properties":{"nombre":"Centro Educativo Amaranto","establecimiento":"Centro Educativo Amaranto","sector":"No Oficial","direccion":"CR 129 64 15"},"geometry":{"type":"Point","coordinates":[-75.634725,6.279931]}},{"type":"Feature","properties":{"nombre":"Centro Educativo Hola Niños","establecimiento":"Centro Educativo Hola Niños","sector":"No Oficial","direccion":"CL 64 G 95 10"},"geometry":{"type":"Point","coordinates":[-75.604537,6.283297]}},{"type":"Feature","properties":{"nombre":"Cent Pedagogico Goticas Del Saber","establecimiento":"Cent Pedagogico Goticas Del Saber","sector":"No Oficial","direccion":"CL 19 80 B 69"},"geometry":{"type":"Point","coordinates":[-75.602314,6.224346]}},{"type":"Feature","properties":{"nombre":"Centro Pedagogico La Magia De Aprender","establecimiento":"Centro Pedagogico La Magia De Aprender","sector":"No Oficial","direccion":"CL 70   33 37"},"geometry":{"type":"Point","coordinates":[-75.54615,6.264485]}},{"type":"Feature","properties":{"nombre":"Colegio Gente Unida Jovenes Por La Paz - Luz De Oriente","establecimiento":"Colegio Gente Unida Jovenes Por La Paz - Luz De Oriente","sector":"No Oficial","direccion":"CR 24 72 150"},"geometry":{"type":"Point","coordinates":[-75.535523,6.268946]}},{"type":"Feature","properties":{"nombre":"Colegio Lujan","establecimiento":"Colegio Lujan","sector":"No Oficial","direccion":"CL 34 66AA 02"},"geometry":{"type":"Point","coordinates":[-75.588239,6.240056]}},{"type":"Feature","properties":{"nombre":"Institucion Educativa Pequeña Maria","establecimiento":"Institucion Educativa Pequeña Maria","sector":"No Oficial","direccion":"CL 97 A 24 F 56"},"geometry":{"type":"Point","coordinates":[-75.540714,6.286872]}},{"type":"Feature","properties":{"nombre":"Jardin Infantil Y Preescolar Pajarillos","establecimiento":"Jardin Infantil Y Preescolar Pajarillos","sector":"No Oficial","direccion":"CL 82 76 132"},"geometry":{"type":"Point","coordinates":[-75.583762,6.284983]}},{"type":"Feature","properties":{"nombre":"Colegio Combos Comunidades Educativas De Base","establecimiento":"Colegio Combos Comunidades Educativas De Base","sector":"No Oficial","direccion":"CL 51 56 A 35"},"geometry":{"type":"Point","coordinates":[-75.573401,6.253434]}},{"type":"Feature","properties":{"nombre":"Instituto Ferrini - Sede Centro","establecimiento":"Instituto Ferrini - Sede Centro","sector":"No Oficial","direccion":"CR 42 47 82"},"geometry":{"type":"Point","coordinates":[-75.562726,6.244605]}},{"type":"Feature","properties":{"nombre":"Colegio Bolivariano","establecimiento":"Colegio Bolivariano","sector":"No Oficial","direccion":"Carrera 42 No.50A-26 /\nCarrera 43 No.47-29"},"geometry":{"type":"Point","coordinates":[-75.561431,6.247618]}},{"type":"Feature","properties":{"nombre":"Corporacion Escuela Empresarial De Educacion","establecimiento":"Corporacion Escuela Empresarial De Educacion","sector":"No Oficial","direccion":"CL 52    39 50"},"geometry":{"type":"Point","coordinates":[-75.558786,6.247951]}},{"type":"Feature","properties":{"nombre":"Colegio Empresarial Educativo - Cemped","establecimiento":"Colegio Empresarial Educativo - Cemped","sector":"No Oficial","direccion":"CL 56 N° 41 87"},"geometry":{"type":"Point","coordinates":[-75.560008,6.250857]}},{"type":"Feature","properties":{"nombre":"Politecnico Mayor Agencia Cristiana De Servicio Y Educacion","establecimiento":"Politecnico Mayor Agencia Cristiana De Servicio Y Educacion","sector":"No Oficial","direccion":"CL 55 42 38"},"geometry":{"type":"Point","coordinates":[-75.560477,6.250579]}},{"type":"Feature","properties":{"nombre":"Centro Educativo Pequeños Saltarines","establecimiento":"Centro Educativo Pequeños Saltarines","sector":"No Oficial","direccion":"CR 67 94 50"},"geometry":{"type":"Point","coordinates":[-75.571819,6.288844]}},{"type":"Feature","properties":{"nombre":"Centro Educativo Lazos","establecimiento":"Centro Educativo Lazos","sector":"No Oficial","direccion":"CR 33 A 41 61"},"geometry":{"type":"Point","coordinates":[-75.558446,6.237201]}},{"type":"Feature","properties":{"nombre":"Centro Infantil El Mago De Oz","establecimiento":"Centro Infantil El Mago De Oz","sector":"No Oficial","direccion":"CL 52 78 B 49"},"geometry":{"type":"Point","coordinates":[-75.595084,6.264573]}},{"type":"Feature","properties":{"nombre":"Centro Educativo Sol Naciente","establecimiento":"Centro Educativo Sol Naciente","sector":"No Oficial","direccion":"KR 34 1 SUR  82"},"geometry":{"type":"Point","coordinates":[-75.566064,6.200091]}},{"type":"Feature","properties":{"nombre":"Centro Educativo Hogar San Rafael","establecimiento":"Centro Educativo Hogar San Rafael","sector":"No Oficial","direccion":"CR 102 35AA 03"},"geometry":{"type":"Point","coordinates":[-75.618622,6.249201]}},{"type":"Feature","properties":{"nombre":"Centro Educativo Momo","establecimiento":"Centro Educativo Momo","sector":"No Oficial","direccion":"CL 92 B 69 77"},"geometry":{"type":"Point","coordinates":[-75.575908,6.284931]}},{"type":"Feature","properties":{"nombre":"Centro Educativo Nacional","establecimiento":"Centro Educativo Nacional","sector":"No Oficial","direccion":"CR 64 96 A 04"},"geometry":{"type":"Point","coordinates":[-75.56721,6.290813]}},{"type":"Feature","properties":{"nombre":"Colegio Gente Unida Jovenes Por La Paz-Santo Domingo","establecimiento":"Colegio Gente Unida Jovenes Por La Paz-Santo Domingo","sector":"No Oficial","direccion":"CL 101 C  22 -99"},"geometry":{"type":"Point","coordinates":[-75.537229,6.289564]}},{"type":"Feature","properties":{"nombre":"Centro Educativo Hogar Jesus Redentor","establecimiento":"Centro Educativo Hogar Jesus Redentor","sector":"No Oficial","direccion":"CL 104 B 87 95"},"geometry":{"type":"Point","coordinates":[-75.585813,6.307492]}},{"type":"Feature","properties":{"nombre":"Jardin Infantil Casita De Ilusiones","establecimiento":"Jardin Infantil Casita De Ilusiones","sector":"No Oficial","direccion":"CARRERA 78 A # 54 - 09 y Calle 55 # 78 A - 10"},"geometry":{"type":"Point","coordinates":[-75.593596,6.268279]}},{"type":"Feature","properties":{"nombre":"Centro Educativo Paraisos De Color","establecimiento":"Centro Educativo Paraisos De Color","sector":"No Oficial","direccion":"CR 52 73 298"},"geometry":{"type":"Point","coordinates":[-75.565047,6.270083]}},{"type":"Feature","properties":{"nombre":"Colegio Antares Inteligencias Multiples","establecimiento":"Colegio Antares Inteligencias Multiples","sector":"No Oficial","direccion":"CR 88A  68 135"},"geometry":{"type":"Point","coordinates":[-75.59538,6.279764]}},{"type":"Feature","properties":{"nombre":"Colegio Nuevo Cervantes Conocer","establecimiento":"Colegio Nuevo Cervantes Conocer","sector":"No Oficial","direccion":"CL 49 43 30"},"geometry":{"type":"Point","coordinates":[-75.563533,6.246572]}},{"type":"Feature","properties":{"nombre":"Centro Educativo Jugando Y Aprendiendo","establecimiento":"Centro Educativo Jugando Y Aprendiendo","sector":"No Oficial","direccion":"CL 79 A 69 53"},"geometry":{"type":"Point","coordinates":[-75.578297,6.277351]}},{"type":"Feature","properties":{"nombre":"Colegio Compusocial","establecimiento":"Colegio Compusocial","sector":"No Oficial","direccion":"CR 45    49 60"},"geometry":{"type":"Point","coordinates":[-75.563254,6.248979]}},{"type":"Feature","properties":{"nombre":"Colegio De Desarrollo Social Para La Atencion Integral Al Joven Talita Cumi","establecimiento":"Colegio De Desarrollo Social Para La Atencion Integral Al Joven Talita Cumi","sector":"No Oficial","direccion":"CR 32 92 C 43"},"geometry":{"type":"Point","coordinates":[-75.544644,6.283804]}},{"type":"Feature","properties":{"nombre":"Centro Educativo Y Cultural Senderos Del Saber","establecimiento":"Centro Educativo Y Cultural Senderos Del Saber","sector":"No Oficial","direccion":"CL 100 76 D 45"},"geometry":{"type":"Point","coordinates":[-75.578667,6.298171]}},{"type":"Feature","properties":{"nombre":"Centro Educativo Chispitas Alegres","establecimiento":"Centro Educativo Chispitas Alegres","sector":"No Oficial","direccion":"CR 72 80 26"},"geometry":{"type":"Point","coordinates":[-75.578192,6.280024]}},{"type":"Feature","properties":{"nombre":"Centro Educativo Aprendiendo A Aprender","establecimiento":"Centro Educativo Aprendiendo A Aprender","sector":"No Oficial","direccion":"IND CR 81 A # 30 AA 66"},"geometry":{"type":"Point","coordinates":[-75.602584,6.233174]}},{"type":"Feature","properties":{"nombre":"Centro Educativo Aprendiendo Juntos","establecimiento":"Centro Educativo Aprendiendo Juntos","sector":"No Oficial","direccion":"KR 12 49 A 04"},"geometry":{"type":"Point","coordinates":[-75.540007,6.232626]}},{"type":"Feature","properties":{"nombre":"Colegio Los Arcangeles","establecimiento":"Colegio Los Arcangeles","sector":"No Oficial","direccion":"CL 18 65 G 71"},"geometry":{"type":"Point","coordinates":[-75.586754,6.222355]}},{"type":"Feature","properties":{"nombre":"Preescolar Poldi","establecimiento":"Preescolar Poldi","sector":"No Oficial","direccion":"CL 2 65 B 20"},"geometry":{"type":"Point","coordinates":[-75.588429,6.210808]}},{"type":"Feature","properties":{"nombre":"Centro Educativo Nuestra Señora De Fatima","establecimiento":"Centro Educativo Nuestra Señora De Fatima","sector":"No Oficial","direccion":"CL 32 F 65 B 79"},"geometry":{"type":"Point","coordinates":[-75.584742,6.23861]}},{"type":"Feature","properties":{"nombre":"Centro Educativo Clara Maria","establecimiento":"Centro Educativo Clara Maria","sector":"No Oficial","direccion":"KR 83 41 S 89"},"geometry":{"type":"Point","coordinates":[-75.65963,6.185189]}},{"type":"Feature","properties":{"nombre":"Centro Educativo Semillas De Esperanza","establecimiento":"Centro Educativo Semillas De Esperanza","sector":"No Oficial","direccion":"CL 37 SUR 65 D 141"},"geometry":{"type":"Point","coordinates":[-75.646678,6.188238]}},{"type":"Feature","properties":{"nombre":"Centro Educativo Pasitos Traviesos","establecimiento":"Centro Educativo Pasitos Traviesos","sector":"No Oficial","direccion":"CL 114 6 132"},"geometry":{"type":"Point","coordinates":[-75.653164,6.185585]}},{"type":"Feature","properties":{"nombre":"Jardin Infantil Huellitas De Angeles","establecimiento":"Jardin Infantil Huellitas De Angeles","sector":"No Oficial","direccion":"CL 64 A 94 A 28"},"geometry":{"type":"Point","coordinates":[-75.604279,6.280784]}},{"type":"Feature","properties":{"nombre":"Centro Educativo Sol Y Luna","establecimiento":"Centro Educativo Sol Y Luna","sector":"No Oficial","direccion":"CR 53 95 64 y CR  53  95-96"},"geometry":{"type":"Point","coordinates":[-75.563274,6.288081]}},{"type":"Feature","properties":{"nombre":"Cent Precoz La Alegria Del Saber","establecimiento":"Cent Precoz La Alegria Del Saber","sector":"No Oficial","direccion":"CR 90 A 43 42"},"geometry":{"type":"Point","coordinates":[-75.60817,6.252313]}},{"type":"Feature","properties":{"nombre":"Centro Educativo Conduciendo La Niñez","establecimiento":"Centro Educativo Conduciendo La Niñez","sector":"No Oficial","direccion":"CR 50 A 91 24; KR 84 63-11; KR 45 84-52"},"geometry":{"type":"Point","coordinates":[-75.558537,6.283152]}},{"type":"Feature","properties":{"nombre":"Centro Educativo Mis Encantos","establecimiento":"Centro Educativo Mis Encantos","sector":"No Oficial","direccion":"CR 86 32 85"},"geometry":{"type":"Point","coordinates":[-75.608689,6.235217]}},{"type":"Feature","properties":{"nombre":"Colegio Basico Camino De Paz","establecimiento":"Colegio Basico Camino De Paz","sector":"No Oficial","direccion":"CL 59 C 19 56"},"geometry":{"type":"Point","coordinates":[-75.542509,6.253035]}},{"type":"Feature","properties":{"nombre":"Union Profesional Para La Educacion Y El Trabajo Upet","establecimiento":"Union Profesional Para La Educacion Y El Trabajo Upet","sector":"No Oficial","direccion":"KR 39 49 24"},"geometry":{"type":"Point","coordinates":[-75.559797,6.244738]}},{"type":"Feature","properties":{"nombre":"Centro Infantil Angelitos Del Saber","establecimiento":"Centro Infantil Angelitos Del Saber","sector":"No Oficial","direccion":"CR 17 C 46 A 16"},"geometry":{"type":"Point","coordinates":[-75.546217,6.235404]}},{"type":"Feature","properties":{"nombre":"Centro Educativo Infantil Mi Tesoro","establecimiento":"Centro Educativo Infantil Mi Tesoro","sector":"No Oficial","direccion":"CL 47 D 78 A 25"},"geometry":{"type":"Point","coordinates":[-75.596626,6.257908]}},{"type":"Feature","properties":{"nombre":"Centro Educativo Santa Juana","establecimiento":"Centro Educativo Santa Juana","sector":"No Oficial","direccion":"CR 70B  #19-13"},"geometry":{"type":"Point","coordinates":[-75.592923,6.223124]}},{"type":"Feature","properties":{"nombre":"Centro Educativo  Abejitas Laboriosas","establecimiento":"Centro Educativo  Abejitas Laboriosas","sector":"No Oficial","direccion":"KR 72 22 47"},"geometry":{"type":"Point","coordinates":[-75.594234,6.225022]}},{"type":"Feature","properties":{"nombre":"Centro Educativo Los Delfines","establecimiento":"Centro Educativo Los Delfines","sector":"No Oficial","direccion":"CL 12 SUR 15 45"},"geometry":{"type":"Point","coordinates":[-75.5565,6.185149]}},{"type":"Feature","properties":{"nombre":"Jardin Infantil Los Laureles","establecimiento":"Jardin Infantil Los Laureles","sector":"No Oficial","direccion":"CR 73 40 12"},"geometry":{"type":"Point","coordinates":[-75.592212,6.246939]}},{"type":"Feature","properties":{"nombre":"Centro Educativo Pandora","establecimiento":"Centro Educativo Pandora","sector":"No Oficial","direccion":"CR 49 A 94 75"},"geometry":{"type":"Point","coordinates":[-75.55678,6.28664]}},{"type":"Feature","properties":{"nombre":"Centro Integral Educativo Alegres Y Traviesos","establecimiento":"Centro Integral Educativo Alegres Y Traviesos","sector":"No Oficial","direccion":"CL 79 49 11"},"geometry":{"type":"Point","coordinates":[-75.558379,6.272415]}},{"type":"Feature","properties":{"nombre":"Jardin Infantil Solecitos","establecimiento":"Jardin Infantil Solecitos","sector":"No Oficial","direccion":"CL 42 A 21 59"},"geometry":{"type":"Point","coordinates":[-75.549502,6.233718]}},{"type":"Feature","properties":{"nombre":"Centro Educativo Caicedo","establecimiento":"Centro Educativo Caicedo","sector":"No Oficial","direccion":"CR 25 AB 54 24"},"geometry":{"type":"Point","coordinates":[-75.547497,6.243359]}},{"type":"Feature","properties":{"nombre":"Centro Educativo Chispitas Del Saber","establecimiento":"Centro Educativo Chispitas Del Saber","sector":"No Oficial","direccion":"CR 23 40 76"},"geometry":{"type":"Point","coordinates":[-75.551131,6.232316]}},{"type":"Feature","properties":{"nombre":"Centro De Estudios Multitecnico","establecimiento":"Centro De Estudios Multitecnico","sector":"No Oficial","direccion":"CR 47 53 45"},"geometry":{"type":"Point","coordinates":[-75.564684,6.251775]}},{"type":"Feature","properties":{"nombre":"Institucion Educativa Juan Sebastian De Censa","establecimiento":"Institucion Educativa Juan Sebastian De Censa","sector":"No Oficial","direccion":"CL 51 43 83"},"geometry":{"type":"Point","coordinates":[-75.563278,6.24818]}},{"type":"Feature","properties":{"nombre":"Colegio Empresarial","establecimiento":"Colegio Empresarial","sector":"No Oficial","direccion":"CL 42 SUR 69 A 58"},"geometry":{"type":"Point","coordinates":[-75.650341,6.183208]}},{"type":"Feature","properties":{"nombre":"Cibercolegio Ucn","establecimiento":"Cibercolegio Ucn","sector":"No Oficial","direccion":"CL 52 47 42 edificio coltejer of 702"},"geometry":{"type":"Point","coordinates":[-75.565769,6.25054]}},{"type":"Feature","properties":{"nombre":"Centro Educativo Nuevo Amanecer","establecimiento":"Centro Educativo Nuevo Amanecer","sector":"No Oficial","direccion":"CR 22B   87 48"},"geometry":{"type":"Point","coordinates":[-75.539104,6.279628]}},{"type":"Feature","properties":{"nombre":"Centro Educativo Huellitas Creativas #1","establecimiento":"Centro Educativo Huellitas Creativas #1","sector":"No Oficial","direccion":"KR 30 41 45"},"geometry":{"type":"Point","coordinates":[-75.555671,6.235927]}},{"type":"Feature","properties":{"nombre":"Centro Educativo De Computo Empresarial Para El Trabajo - Cindecomputo","establecimiento":"Centro Educativo De Computo Empresarial Para El Trabajo - Cindecomputo","sector":"No Oficial","direccion":"CL 56 N° 43 55"},"geometry":{"type":"Point","coordinates":[-75.561325,6.251617]}},{"type":"Feature","properties":{"nombre":"Preescolar Hermanos Grimm´S","establecimiento":"Preescolar Hermanos Grimm´S","sector":"No Oficial","direccion":"KR 78b 52 11"},"geometry":{"type":"Point","coordinates":[-75.594591,6.264715]}},{"type":"Feature","properties":{"nombre":"Institucion Educativa Colombianitos","establecimiento":"Institucion Educativa Colombianitos","sector":"No Oficial","direccion":"CL 56 36 72"},"geometry":{"type":"Point","coordinates":[-75.555154,6.248179]}},{"type":"Feature","properties":{"nombre":"Jardin Infantil Magico Universo","establecimiento":"Jardin Infantil Magico Universo","sector":"No Oficial","direccion":"CR 43 A 43 23"},"geometry":{"type":"Point","coordinates":[-75.566015,6.242503]}},{"type":"Feature","properties":{"nombre":"A.B.C. Centro Educativo","establecimiento":"A.B.C. Centro Educativo","sector":"No Oficial","direccion":"CR 39 47 03"},"geometry":{"type":"Point","coordinates":[-75.561197,6.243034]}},{"type":"Feature","properties":{"nombre":"Centro Educativo Pinceladas De Colores","establecimiento":"Centro Educativo Pinceladas De Colores","sector":"No Oficial","direccion":"CL 4 SUR 53 09"},"geometry":{"type":"Point","coordinates":[-75.587491,6.205494]}},{"type":"Feature","properties":{"nombre":"Colegio Centro Fraternal Cristiano","establecimiento":"Colegio Centro Fraternal Cristiano","sector":"No Oficial","direccion":"CR 45 57 44"},"geometry":{"type":"Point","coordinates":[-75.560598,6.252758]}},{"type":"Feature","properties":{"nombre":"Centro Educativo Pequeños Angeles","establecimiento":"Centro Educativo Pequeños Angeles","sector":"No Oficial","direccion":"CR 78 32 B 09"},"geometry":{"type":"Point","coordinates":[-75.598495,6.235505]}},{"type":"Feature","properties":{"nombre":"Centro Educativo Para La Formacion En Competencias Compucec","establecimiento":"Centro Educativo Para La Formacion En Competencias Compucec","sector":"No Oficial","direccion":"CL 55 43 35"},"geometry":{"type":"Point","coordinates":[-75.561458,6.250716]}},{"type":"Feature","properties":{"nombre":"Centro Educativo Integral Campestre Senderos De Paz","establecimiento":"Centro Educativo Integral Campestre Senderos De Paz","sector":"No Oficial","direccion":"CR 121   69 117"},"geometry":{"type":"Point","coordinates":[-75.627293,6.288296]}},{"type":"Feature","properties":{"nombre":"Centro Educativo Hola Bebe","establecimiento":"Centro Educativo Hola Bebe","sector":"No Oficial","direccion":"CR 30 10 331"},"geometry":{"type":"Point","coordinates":[-75.559426,6.211609]}},{"type":"Feature","properties":{"nombre":"Centro Educativo Mi Segundo Hogar","establecimiento":"Centro Educativo Mi Segundo Hogar","sector":"No Oficial","direccion":"CL 97 84 41"},"geometry":{"type":"Point","coordinates":[-75.585062,6.296592]}},{"type":"Feature","properties":{"nombre":"Centro Educativo Luz De Media Luna","establecimiento":"Centro Educativo Luz De Media Luna","sector":"No Oficial","direccion":"CL 59 45 D 56"},"geometry":{"type":"Point","coordinates":[-75.560893,6.255175]}},{"type":"Feature","properties":{"nombre":"Colegio Pilares Del Castillo","establecimiento":"Colegio Pilares Del Castillo","sector":"No Oficial","direccion":"CL 11 A SUR 43 A 49"},"geometry":{"type":"Point","coordinates":[-75.577083,6.194634]}},{"type":"Feature","properties":{"nombre":"Centro Educativo Pelicanos","establecimiento":"Centro Educativo Pelicanos","sector":"No Oficial","direccion":"CR 72 26 61"},"geometry":{"type":"Point","coordinates":[-75.592968,6.228089]}},{"type":"Feature","properties":{"nombre":"Centro Educativo Gimnasio Cantabrico","establecimiento":"Centro Educativo Gimnasio Cantabrico","sector":"No Oficial","direccion":"CR 83 42 16"},"geometry":{"type":"Point","coordinates":[-75.604649,6.24796]}},{"type":"Feature","properties":{"nombre":"Centro Educativo Pachamama","establecimiento":"Centro Educativo Pachamama","sector":"No Oficial","direccion":"CL 31 107 A 140"},"geometry":{"type":"Point","coordinates":[-75.627686,6.233942]}},{"type":"Feature","properties":{"nombre":"Centro Educativo Paleta De Colores","establecimiento":"Centro Educativo Paleta De Colores","sector":"No Oficial","direccion":"CL 19 54 15"},"geometry":{"type":"Point","coordinates":[-75.581763,6.221517]}},{"type":"Feature","properties":{"nombre":"Preescolar Y Centro De Estimulacion Grandes Exploradores","establecimiento":"Preescolar Y Centro De Estimulacion Grandes Exploradores","sector":"No Oficial","direccion":"CL 30 C 65 F 106"},"geometry":{"type":"Point","coordinates":[-75.587133,6.233566]}},{"type":"Feature","properties":{"nombre":"Centro Infantil Alegres Personitas","establecimiento":"Centro Infantil Alegres Personitas","sector":"No Oficial","direccion":"CR 66 35 21"},"geometry":{"type":"Point","coordinates":[-75.58548,6.24121]}},{"type":"Feature","properties":{"nombre":"Centro De Desarrollo Infantil La Casa De Los Sueños","establecimiento":"Centro De Desarrollo Infantil La Casa De Los Sueños","sector":"No Oficial","direccion":"CL 20 A SUR 22 356"},"geometry":{"type":"Point","coordinates":[-75.564761,6.180644]}},{"type":"Feature","properties":{"nombre":"Centro Educativo Amiguitos Creativos","establecimiento":"Centro Educativo Amiguitos Creativos","sector":"No Oficial","direccion":"CL 57 DD 22 B 16"},"geometry":{"type":"Point","coordinates":[-75.543508,6.250981]}},{"type":"Feature","properties":{"nombre":"Preescolar Gepetto","establecimiento":"Preescolar Gepetto","sector":"No Oficial","direccion":"KR 83 AA 15 A 86"},"geometry":{"type":"Point","coordinates":[-75.606124,6.22232]}},{"type":"Feature","properties":{"nombre":"Centro Educativo Nuevos Lideres","establecimiento":"Centro Educativo Nuevos Lideres","sector":"No Oficial","direccion":"CL 44 A 71 22"},"geometry":{"type":"Point","coordinates":[-75.59036,6.250301]}},{"type":"Feature","properties":{"nombre":"Centro Educativo El Castillo De Mickey","establecimiento":"Centro Educativo El Castillo De Mickey","sector":"No Oficial","direccion":"CL 38 B 79 48"},"geometry":{"type":"Point","coordinates":[-75.599125,6.247316]}},{"type":"Feature","properties":{"nombre":"Centro Educativo Crecer Soñando","establecimiento":"Centro Educativo Crecer Soñando","sector":"No Oficial","direccion":"CR 70 A 51 31"},"geometry":{"type":"Point","coordinates":[-75.586255,6.259669]}},{"type":"Feature","properties":{"nombre":"Centro Educativo Forjadores Del Mañana","establecimiento":"Centro Educativo Forjadores Del Mañana","sector":"No Oficial","direccion":"CR 70 74 90"},"geometry":{"type":"Point","coordinates":[-75.579611,6.27455]}},{"type":"Feature","properties":{"nombre":"Preescolar Amigos De La Ciencia","establecimiento":"Preescolar Amigos De La Ciencia","sector":"No Oficial","direccion":"CR 96 47 A 33"},"geometry":{"type":"Point","coordinates":[-75.612762,6.256868]}},{"type":"Feature","properties":{"nombre":"Institucion Educativa Andreas Peter Hauri","establecimiento":"Institucion Educativa Andreas Peter Hauri","sector":"No Oficial","direccion":"CL 76 89 A 35"},"geometry":{"type":"Point","coordinates":[-75.595847,6.28196]}},{"type":"Feature","properties":{"nombre":"Centro Infantil Avanza","establecimiento":"Centro Infantil Avanza","sector":"No Oficial","direccion":"CL 47 D 80 41"},"geometry":{"type":"Point","coordinates":[-75.598376,6.258324]}},{"type":"Feature","properties":{"nombre":"Centro Educativo Pequeños Formadores","establecimiento":"Centro Educativo Pequeños Formadores","sector":"No Oficial","direccion":"CR 83 17 17"},"geometry":{"type":"Point","coordinates":[-75.60607,6.222963]}},{"type":"Feature","properties":{"nombre":"Centro Educativo Internacional La Sabiduria","establecimiento":"Centro Educativo Internacional La Sabiduria","sector":"No Oficial","direccion":"CL 28 80 71"},"geometry":{"type":"Point","coordinates":[-75.601382,6.22916]}},{"type":"Feature","properties":{"nombre":"Centro Educativo Venusitos","establecimiento":"Centro Educativo Venusitos","sector":"No Oficial","direccion":"CR 86 42 C 44"},"geometry":{"type":"Point","coordinates":[-75.605477,6.249141]}},{"type":"Feature","properties":{"nombre":"Colegio Basico Santa Maria De La Cruz","establecimiento":"Colegio Basico Santa Maria De La Cruz","sector":"No Oficial","direccion":"CR 23 C 75 C 246"},"geometry":{"type":"Point","coordinates":[-75.536588,6.271857]}},{"type":"Feature","properties":{"nombre":"Colegio Luis Amigo Y Ferrer","establecimiento":"Colegio Luis Amigo Y Ferrer","sector":"No Oficial","direccion":"CL 65 C 94 C 80"},"geometry":{"type":"Point","coordinates":[-75.6029,6.286691]}},{"type":"Feature","properties":{"nombre":"Centro Educativo Mundo Nuevo","establecimiento":"Centro Educativo Mundo Nuevo","sector":"No Oficial","direccion":"CR 31 46 57"},"geometry":{"type":"Point","coordinates":[-75.554822,6.239322]}},{"type":"Feature","properties":{"nombre":"Centro Educativo Mundo De Alegrias","establecimiento":"Centro Educativo Mundo De Alegrias","sector":"No Oficial","direccion":"CL 35 84 34"},"geometry":{"type":"Point","coordinates":[-75.607053,6.244377]}},{"type":"Feature","properties":{"nombre":"Centro Educativo La Alegria De Empezar","establecimiento":"Centro Educativo La Alegria De Empezar","sector":"No Oficial","direccion":"CL 43 28 22"},"geometry":{"type":"Point","coordinates":[-75.553719,6.23622]}},{"type":"Feature","properties":{"nombre":"Centro Educativo Mi Casita Encantada","establecimiento":"Centro Educativo Mi Casita Encantada","sector":"No Oficial","direccion":"CL 21 A 76 44"},"geometry":{"type":"Point","coordinates":[-75.597431,6.2258]}},{"type":"Feature","properties":{"nombre":"Centro Infantil Preescolar Mi Mundo Alegre","establecimiento":"Centro Infantil Preescolar Mi Mundo Alegre","sector":"No Oficial","direccion":"CL 29 80 04"},"geometry":{"type":"Point","coordinates":[-75.600741,6.230704]}},{"type":"Feature","properties":{"nombre":"Centro Educativo Mi Pequeña Jungla","establecimiento":"Centro Educativo Mi Pequeña Jungla","sector":"No Oficial","direccion":"CL 35 85 D 05"},"geometry":{"type":"Point","coordinates":[-75.610569,6.243643]}},{"type":"Feature","properties":{"nombre":"Centro Educativo Amiguitos Pensadores","establecimiento":"Centro Educativo Amiguitos Pensadores","sector":"No Oficial","direccion":"CL 40 A 31 13"},"geometry":{"type":"Point","coordinates":[-75.556973,6.235333]}},{"type":"Feature","properties":{"nombre":"Centro Educativo Lunitas","establecimiento":"Centro Educativo Lunitas","sector":"No Oficial","direccion":"CL 1 A 77 A 92"},"geometry":{"type":"Point","coordinates":[-75.600686,6.211048]}},{"type":"Feature","properties":{"nombre":"Centro Educativo Pequeños Triunfadores","establecimiento":"Centro Educativo Pequeños Triunfadores","sector":"No Oficial","direccion":"CL 61 A 55 A 66"},"geometry":{"type":"Point","coordinates":[-75.570223,6.261024]}},{"type":"Feature","properties":{"nombre":"Centro Educativo Infantil Arlequin","establecimiento":"Centro Educativo Infantil Arlequin","sector":"No Oficial","direccion":"CR 84 B 9 19"},"geometry":{"type":"Point","coordinates":[-75.607432,6.220467]}},{"type":"Feature","properties":{"nombre":"Centro Educativo Pequeños Exploradores","establecimiento":"Centro Educativo Pequeños Exploradores","sector":"No Oficial","direccion":"KR 98 A 47 07"},"geometry":{"type":"Point","coordinates":[-75.613362,6.258544]}},{"type":"Feature","properties":{"nombre":"Jardin Ingles Campestre","establecimiento":"Jardin Ingles Campestre","sector":"No Oficial","direccion":"CR 79 53 75"},"geometry":{"type":"Point","coordinates":[-75.594691,6.267161]}},{"type":"Feature","properties":{"nombre":"Jardin Infantil Mañanitas","establecimiento":"Jardin Infantil Mañanitas","sector":"No Oficial","direccion":"CR 10 16 A SUR 56"},"geometry":{"type":"Point","coordinates":[-75.551303,6.182588]}},{"type":"Feature","properties":{"nombre":"Redcol - Colegio Vermont Medellin","establecimiento":"Redcol - Colegio Vermont Medellin","sector":"No Oficial","direccion":"CL 11 SUR 29 E 197"},"geometry":{"type":"Point","coordinates":[-75.567779,6.189634]}},{"type":"Feature","properties":{"nombre":"Institucion Educativa Previa","establecimiento":"Institucion Educativa Previa","sector":"No Oficial","direccion":"CL 57 42 48"},"geometry":{"type":"Point","coordinates":[-75.559932,6.251939]}},{"type":"Feature","properties":{"nombre":"Guarderia Y Preescolar Castillo De Colores","establecimiento":"Guarderia Y Preescolar Castillo De Colores","sector":"No Oficial","direccion":"CL 44 A 89 40"},"geometry":{"type":"Point","coordinates":[-75.606483,6.252852]}},{"type":"Feature","properties":{"nombre":"Semillitas De Mostaza Centro De Desarrollo Infantil","establecimiento":"Semillitas De Mostaza Centro De Desarrollo Infantil","sector":"No Oficial","direccion":"KR 78 32 D 27"},"geometry":{"type":"Point","coordinates":[-75.598458,6.236979]}},{"type":"Feature","properties":{"nombre":"Instituto De Educacion Formal Y No Formal Alianza Academica","establecimiento":"Instituto De Educacion Formal Y No Formal Alianza Academica","sector":"No Oficial","direccion":"KR 45 55 37"},"geometry":{"type":"Point","coordinates":[-75.561839,6.25163]}},{"type":"Feature","properties":{"nombre":"Centro Infantil Mis Pequeñines","establecimiento":"Centro Infantil Mis Pequeñines","sector":"No Oficial","direccion":"CL 26 B 70 93"},"geometry":{"type":"Point","coordinates":[-75.592201,6.228478]}},{"type":"Feature","properties":{"nombre":"Colegio Nacional De Capacitacion Academica Y Cultural Cencal","establecimiento":"Colegio Nacional De Capacitacion Academica Y Cultural Cencal","sector":"No Oficial","direccion":"CL 56 41 155"},"geometry":{"type":"Point","coordinates":[-75.560597,6.251083]}},{"type":"Feature","properties":{"nombre":"Centro Educativo Yaragua","establecimiento":"Centro Educativo Yaragua","sector":"No Oficial","direccion":"CL 62 127 109"},"geometry":{"type":"Point","coordinates":[-75.633146,6.278474]}},{"type":"Feature","properties":{"nombre":"Preescolar Caminantes","establecimiento":"Preescolar Caminantes","sector":"No Oficial","direccion":"KR 84 9 71"},"geometry":{"type":"Point","coordinates":[-75.606712,6.220708]}},{"type":"Feature","properties":{"nombre":"Mundo Magico Centro Educativo","establecimiento":"Mundo Magico Centro Educativo","sector":"No Oficial","direccion":"CL 13 83 A 3"},"geometry":{"type":"Point","coordinates":[-75.605809,6.220798]}},{"type":"Feature","properties":{"nombre":"Centro Educativo Mis Pinguinos","establecimiento":"Centro Educativo Mis Pinguinos","sector":"No Oficial","direccion":"KR 89 44 33"},"geometry":{"type":"Point","coordinates":[-75.606695,6.252137]}},{"type":"Feature","properties":{"nombre":"Jardin Infantil Oso Curioso","establecimiento":"Jardin Infantil Oso Curioso","sector":"No Oficial","direccion":"CL 20 SUR 36 A 221"},"geometry":{"type":"Point","coordinates":[-75.573583,6.181841]}},{"type":"Feature","properties":{"nombre":"Centro Educativo Pasos De Amor","establecimiento":"Centro Educativo Pasos De Amor","sector":"No Oficial","direccion":"KR 82 45 C 75"},"geometry":{"type":"Point","coordinates":[-75.601818,6.254403]}},{"type":"Feature","properties":{"nombre":"Centro Educativo Las Cometas","establecimiento":"Centro Educativo Las Cometas","sector":"No Oficial","direccion":"KR 89 35 D 41"},"geometry":{"type":"Point","coordinates":[-75.611767,6.247389]}},{"type":"Feature","properties":{"nombre":"Centro Educativo Mis Primeras Aventura","establecimiento":"Centro Educativo Mis Primeras Aventura","sector":"No Oficial","direccion":"CL 52 B 79 76"},"geometry":{"type":"Point","coordinates":[-75.595303,6.266306]}},{"type":"Feature","properties":{"nombre":"Colegio Formarte","establecimiento":"Colegio Formarte","sector":"No Oficial","direccion":"KR 50 C 64 39"},"geometry":{"type":"Point","coordinates":[-75.563024,6.261679]}},{"type":"Feature","properties":{"nombre":"Centro Educativo Descubriendo Juntos","establecimiento":"Centro Educativo Descubriendo Juntos","sector":"No Oficial","direccion":"CL 93 49 31"},"geometry":{"type":"Point","coordinates":[-75.55633,6.284432]}},{"type":"Feature","properties":{"nombre":"Centro Educativo Los Chicos De Harvard","establecimiento":"Centro Educativo Los Chicos De Harvard","sector":"No Oficial","direccion":"CL 41 97 51"},"geometry":{"type":"Point","coordinates":[-75.616019,6.254884]}},{"type":"Feature","properties":{"nombre":"Centro Educativo El Castillo De Simon","establecimiento":"Centro Educativo El Castillo De Simon","sector":"No Oficial","direccion":"KR 80 38 48"},"geometry":{"type":"Point","coordinates":[-75.599677,6.246077]}},{"type":"Feature","properties":{"nombre":"Jardin Infantil Trazos De Colores","establecimiento":"Jardin Infantil Trazos De Colores","sector":"No Oficial","direccion":"KR 82 A 33 93"},"geometry":{"type":"Point","coordinates":[-75.605569,6.239698]}},{"type":"Feature","properties":{"nombre":"Centro Educativo Rin Rin Renacuajo","establecimiento":"Centro Educativo Rin Rin Renacuajo","sector":"No Oficial","direccion":"CR 70 106 A 25"},"geometry":{"type":"Point","coordinates":[-75.569182,6.30474]}},{"type":"Feature","properties":{"nombre":"Jardin Infantil Mundo De Sueños","establecimiento":"Jardin Infantil Mundo De Sueños","sector":"No Oficial","direccion":"CL 29 81 27"},"geometry":{"type":"Point","coordinates":[-75.602514,6.230339]}},{"type":"Feature","properties":{"nombre":"Centro Educativo Chikiaventuras","establecimiento":"Centro Educativo Chikiaventuras","sector":"No Oficial","direccion":"CL 12B SUR 52A 101"},"geometry":{"type":"Point","coordinates":[-75.591788,6.196841]}},{"type":"Feature","properties":{"nombre":"Centro Infantil Alegrias Y Crayolas","establecimiento":"Centro Infantil Alegrias Y Crayolas","sector":"No Oficial","direccion":"KR 80 B 41 06"},"geometry":{"type":"Point","coordinates":[-75.600664,6.248735]}},{"type":"Feature","properties":{"nombre":"Preescolar Mis Garabatos","establecimiento":"Preescolar Mis Garabatos","sector":"No Oficial","direccion":"CR 36 9SUR 28"},"geometry":{"type":"Point","coordinates":[-75.57051,6.192596]}},{"type":"Feature","properties":{"nombre":"Escuela Popular Eucaristica Santa Angela","establecimiento":"Escuela Popular Eucaristica Santa Angela","sector":"No Oficial","direccion":"KOLIMETRO 3 VIA SANPEDREO"},"geometry":{"type":"Point","coordinates":[-75.594582,6.304314]}},{"type":"Feature","properties":{"nombre":"Colegio Cooperativo San Antonio De Prado","establecimiento":"Colegio Cooperativo San Antonio De Prado","sector":"No Oficial","direccion":"CL 38 SUR 70 181"},"geometry":{"type":"Point","coordinates":[-75.651519,6.18658]}},{"type":"Feature","properties":{"nombre":"El Colegio","establecimiento":"El Colegio","sector":"No Oficial","direccion":"Kilómetro 7, vía las Palmas"},"geometry":{"type":"Point","coordinates":[-75.545904,6.208884]}},{"type":"Feature","properties":{"nombre":"Centro Educativo Mi Lindo Carrusel","establecimiento":"Centro Educativo Mi Lindo Carrusel","sector":"No Oficial","direccion":"CL 12    9-24"},"geometry":{"type":"Point","coordinates":[-75.656156,6.186241]}},{"type":"Feature","properties":{"nombre":"Colegio Edificando Vidas","establecimiento":"Colegio Edificando Vidas","sector":"No Oficial","direccion":"CR 91 44 65"},"geometry":{"type":"Point","coordinates":[-75.608701,6.253704]}},{"type":"Feature","properties":{"nombre":"Jardin Infantil Aprender","establecimiento":"Jardin Infantil Aprender","sector":"No Oficial","direccion":"KR 74 27 45"},"geometry":{"type":"Point","coordinates":[-75.594553,6.229194]}},{"type":"Feature","properties":{"nombre":"Centro Educativo Campestre Heidelberg","establecimiento":"Centro Educativo Campestre Heidelberg","sector":"No Oficial","direccion":"KR 73 SUR 65 64"},"geometry":{"type":"Point","coordinates":[-75.645869,6.165708]}},{"type":"Feature","properties":{"nombre":"Centro Educativo La Casita De Juana","establecimiento":"Centro Educativo La Casita De Juana","sector":"No Oficial","direccion":"KR 77 AA 47 52"},"geometry":{"type":"Point","coordinates":[-75.595531,6.256423]}},{"type":"Feature","properties":{"nombre":"Cosmo Schools - Sede Robledo","establecimiento":"Cosmo Schools - Sede Robledo","sector":"No Oficial","direccion":"CL 76 B 80 126"},"geometry":{"type":"Point","coordinates":[-75.590278,6.277367]}},{"type":"Feature","properties":{"nombre":"Cosmo Schools Barrio Colombia","establecimiento":"Cosmo Schools Barrio Colombia","sector":"No Oficial","direccion":"Calle 25A N°43B – 178"},"geometry":{"type":"Point","coordinates":[-75.571401,6.225739]}},{"type":"Feature","properties":{"nombre":"Cosmo Schools Centro Cesde","establecimiento":"Cosmo Schools Centro Cesde","sector":"No Oficial","direccion":"Calle 49 N°41 – 9"},"geometry":{"type":"Point","coordinates":[-75.562096,6.245213]}},{"type":"Feature","properties":{"nombre":"Cosmo Schools Cristo Rey","establecimiento":"Cosmo Schools Cristo Rey","sector":"No Oficial","direccion":"Calle 2 Sur N°53 – 82"},"geometry":{"type":"Point","coordinates":[-75.587672,6.207617]}},{"type":"Feature","properties":{"nombre":"Colegio Destino (Destiny School)","establecimiento":"Colegio Destino (Destiny School)","sector":"No Oficial","direccion":"CL 19 A 27 250"},"geometry":{"type":"Point","coordinates":[-75.559994,6.222339]}},{"type":"Feature","properties":{"nombre":"Cosmo Schools - Sede Hospital San Vicente De Paul","establecimiento":"Cosmo Schools - Sede Hospital San Vicente De Paul","sector":"No Oficial","direccion":"CL 64 51 D 154 BQ 1"},"geometry":{"type":"Point","coordinates":[-75.564285,6.26344]}},{"type":"Feature","properties":{"nombre":"Cosmo School Sede Candelaria","establecimiento":"Cosmo School Sede Candelaria","sector":"No Oficial","direccion":"CL 47 43 48"},"geometry":{"type":"Point","coordinates":[-75.564739,6.244808]}},{"type":"Feature","properties":{"nombre":"Centro Educativo Caimpa","establecimiento":"Centro Educativo Caimpa","sector":"No Oficial","direccion":"Carrera 27 # 48-81"},"geometry":{"type":"Point","coordinates":[-75.550659,6.239374]}},{"type":"Feature","properties":{"nombre":"Colegio Belen Campestre","establecimiento":"Colegio Belen Campestre","sector":"No Oficial","direccion":"KR 93 A # 6 SUR 65"},"geometry":{"type":"Point","coordinates":[-75.61915,6.204211]}},{"type":"Feature","properties":{"nombre":"Jardin Infantil Capullos De Seda","establecimiento":"Jardin Infantil Capullos De Seda","sector":"No Oficial","direccion":"CL 10 3 19"},"geometry":{"type":"Point","coordinates":[-75.649483,6.182604]}}]}