{"type":"FeatureCollection","features":[{"type":"Feature","geometry":{"type":"LineString","coordinates":[[-75.606974,6.132932],[-75.612806,6.134027]],"crs":null},"properties":{"tension_kv":"220","circuito":"MIRAFLORES - ANCON SUR","estado":"OPERACION"}},{"type":"Feature","geometry":{"type":"LineString","coordinates":[[-75.603594,6.13468],[-75.606974,6.132932]],"crs":null},"properties":{"tension_kv":"220","circuito":"MIRAFLORES - ANCON SUR","estado":"OPERACION"}},{"type":"Feature","geometry":{"type":"LineString","coordinates":[[-75.601601,6.135741],[-75.603592,6.134683]],"crs":null},"properties":{"tension_kv":"220","circuito":"MIRAFLORES - ANCON SUR","estado":"OPERACION"}},{"type":"Feature","geometry":{"type":"LineString","coordinates":[[-75.596979,6.139676],[-75.601594,6.135757]],"crs":null},"properties":{"tension_kv":"220","circuito":"MIRAFLORES - ANCON SUR","estado":"OPERACION"}},{"type":"Feature","geometry":{"type":"LineString","coordinates":[[-75.61793,6.136743],[-75.624574,6.140396]],"crs":null},"properties":{"tension_kv":"220","circuito":"MIRAFLORES - ANCON SUR","estado":"OPERACION"}},{"type":"Feature","geometry":{"type":"LineString","coordinates":[[-75.612806,6.134027],[-75.61793,6.136743]],"crs":null},"properties":{"tension_kv":"220","circuito":"MIRAFLORES - ANCON SUR","estado":"OPERACION"}},{"type":"Feature","geometry":{"type":"LineString","coordinates":[[-75.624574,6.140396],[-75.627867,6.143603]],"crs":null},"properties":{"tension_kv":"220","circuito":"MIRAFLORES - ANCON SUR","estado":"OPERACION"}},{"type":"Feature","geometry":{"type":"LineString","coordinates":[[-75.572077,6.147215],[-75.577133,6.145309]],"crs":null},"properties":{"tension_kv":"220","circuito":"MIRAFLORES - ANCON SUR","estado":"OPERACION"}},{"type":"Feature","geometry":{"type":"LineString","coordinates":[[-75.577831,6.142769],[-75.56982,6.135859]],"crs":null},"properties":{"tension_kv":"220","circuito":"GUATAPE - ENVIGADO","estado":"OPERACION"}},{"type":"Feature","geometry":{"type":"LineString","coordinates":[[-75.577785,6.142823],[-75.569775,6.135912]],"crs":null},"properties":{"tension_kv":"220","circuito":"ORIENTE - ENVIGADO","estado":"OPERACION"}},{"type":"Feature","geometry":{"type":"LineString","coordinates":[[-75.577133,6.145309],[-75.583129,6.143706]],"crs":null},"properties":{"tension_kv":"220","circuito":"MIRAFLORES - ANCON SUR","estado":"OPERACION"}},{"type":"Feature","geometry":{"type":"LineString","coordinates":[[-75.630157,6.147524],[-75.631258,6.148089]],"crs":null},"properties":{"tension_kv":"220","circuito":"MIRAFLORES - ANCON SUR","estado":"OPERACION"}},{"type":"Feature","geometry":{"type":"LineString","coordinates":[[-75.628218,6.145557],[-75.630157,6.147524]],"crs":null},"properties":{"tension_kv":"220","circuito":"MIRAFLORES - ANCON SUR","estado":"OPERACION"}},{"type":"Feature","geometry":{"type":"LineString","coordinates":[[-75.627867,6.143603],[-75.628218,6.145557]],"crs":null},"properties":{"tension_kv":"220","circuito":"MIRAFLORES - ANCON SUR","estado":"OPERACION"}},{"type":"Feature","geometry":{"type":"LineString","coordinates":[[-75.631258,6.148089],[-75.633205,6.149365]],"crs":null},"properties":{"tension_kv":"220","circuito":"MIRAFLORES - ANCON SUR","estado":"OPERACION"}},{"type":"Feature","geometry":{"type":"LineString","coordinates":[[-75.633202,6.149365],[-75.634736,6.148607]],"crs":null},"properties":{"tension_kv":"220","circuito":"MIRAFLORES - ANCON SUR","estado":"OPERACION"}},{"type":"Feature","geometry":{"type":"LineString","coordinates":[[-75.635527,6.148036],[-75.634966,6.148109]],"crs":null},"properties":{"tension_kv":"220","circuito":"OCCIDENTE - ANCON SUR","estado":"OPERACION"}},{"type":"Feature","geometry":{"type":"LineString","coordinates":[[-75.634974,6.148173],[-75.635329,6.148967]],"crs":null},"properties":{"tension_kv":"110","circuito":"BELEN - ANCON SUR","estado":"OPERACION"}},{"type":"Feature","geometry":{"type":"LineString","coordinates":[[-75.635534,6.1481],[-75.634974,6.148173]],"crs":null},"properties":{"tension_kv":"110","circuito":"BELEN - ANCON SUR","estado":"OPERACION"}},{"type":"Feature","geometry":{"type":"LineString","coordinates":[[-75.634922,6.149483],[-75.635174,6.149002]],"crs":null},"properties":{"tension_kv":"110","circuito":"ENVIGADO - ANCON SUR","estado":"OPERACION"}},{"type":"Feature","geometry":{"type":"LineString","coordinates":[[-75.634985,6.14949],[-75.635252,6.149013]],"crs":null},"properties":{"tension_kv":"110","circuito":"ANCON SUR - GUAYABAL","estado":"OPERACION"}},{"type":"Feature","geometry":{"type":"LineString","coordinates":[[-75.634966,6.148109],[-75.634882,6.148238]],"crs":null},"properties":{"tension_kv":"220","circuito":"OCCIDENTE - ANCON SUR","estado":"OPERACION"}},{"type":"Feature","geometry":{"type":"LineString","coordinates":[[-75.634721,6.148324],[-75.633221,6.149215],[-75.632328,6.148363],[-75.632485,6.147675]],"crs":null},"properties":{"tension_kv":"220","circuito":"ANCON SUR - ISA EPM 2","estado":"OPERACION"}},{"type":"Feature","geometry":{"type":"LineString","coordinates":[[-75.634698,6.148177],[-75.633239,6.149155],[-75.632387,6.148347],[-75.632571,6.147864]],"crs":null},"properties":{"tension_kv":"220","circuito":"ANCON SUR - ISA EPM 1","estado":"OPERACION"}},{"type":"Feature","geometry":{"type":"LineString","coordinates":[[-75.647421,6.149069],[-75.643751,6.148775]],"crs":null},"properties":{"tension_kv":"110","circuito":"BELEN - ANCON SUR","estado":"OPERACION"}},{"type":"Feature","geometry":{"type":"LineString","coordinates":[[-75.640239,6.148496],[-75.636881,6.149092]],"crs":null},"properties":{"tension_kv":"110","circuito":"BELEN - ANCON SUR","estado":"OPERACION"}},{"type":"Feature","geometry":{"type":"LineString","coordinates":[[-75.636881,6.149092],[-75.635534,6.1481]],"crs":null},"properties":{"tension_kv":"110","circuito":"BELEN - ANCON SUR","estado":"OPERACION"}},{"type":"Feature","geometry":{"type":"LineString","coordinates":[[-75.647457,6.149014],[-75.643757,6.148711]],"crs":null},"properties":{"tension_kv":"220","circuito":"OCCIDENTE - ANCON SUR","estado":"OPERACION"}},{"type":"Feature","geometry":{"type":"LineString","coordinates":[[-75.643757,6.148711],[-75.640243,6.148431]],"crs":null},"properties":{"tension_kv":"220","circuito":"OCCIDENTE - ANCON SUR","estado":"OPERACION"}},{"type":"Feature","geometry":{"type":"LineString","coordinates":[[-75.640243,6.148431],[-75.636918,6.149041]],"crs":null},"properties":{"tension_kv":"220","circuito":"OCCIDENTE - ANCON SUR","estado":"OPERACION"}},{"type":"Feature","geometry":{"type":"LineString","coordinates":[[-75.643751,6.148775],[-75.640239,6.148496]],"crs":null},"properties":{"tension_kv":"110","circuito":"BELEN - ANCON SUR","estado":"OPERACION"}},{"type":"Feature","geometry":{"type":"LineString","coordinates":[[-75.636918,6.149041],[-75.635527,6.148036]],"crs":null},"properties":{"tension_kv":"220","circuito":"OCCIDENTE - ANCON SUR","estado":"OPERACION"}},{"type":"Feature","geometry":{"type":"LineString","coordinates":[[-75.557288,6.156757],[-75.559242,6.15439]],"crs":null},"properties":{"tension_kv":"220","circuito":"MIRAFLORES - ANCON SUR","estado":"OPERACION"}},{"type":"Feature","geometry":{"type":"LineString","coordinates":[[-75.559242,6.15439],[-75.56213,6.15087]],"crs":null},"properties":{"tension_kv":"220","circuito":"MIRAFLORES - ANCON SUR","estado":"OPERACION"}},{"type":"Feature","geometry":{"type":"LineString","coordinates":[[-75.56213,6.15087],[-75.565591,6.1494]],"crs":null},"properties":{"tension_kv":"220","circuito":"MIRAFLORES - ANCON SUR","estado":"OPERACION"}},{"type":"Feature","geometry":{"type":"LineString","coordinates":[[-75.588287,6.149775],[-75.582742,6.146149]],"crs":null},"properties":{"tension_kv":"220","circuito":"ORIENTE - ENVIGADO","estado":"OPERACION"}},{"type":"Feature","geometry":{"type":"LineString","coordinates":[[-75.590722,6.151401],[-75.588287,6.149775]],"crs":null},"properties":{"tension_kv":"220","circuito":"ORIENTE - ENVIGADO","estado":"OPERACION"}},{"type":"Feature","geometry":{"type":"LineString","coordinates":[[-75.592732,6.15273],[-75.590722,6.151401]],"crs":null},"properties":{"tension_kv":"220","circuito":"ORIENTE - ENVIGADO","estado":"OPERACION"}},{"type":"Feature","geometry":{"type":"LineString","coordinates":[[-75.595308,6.154511],[-75.592732,6.15273]],"crs":null},"properties":{"tension_kv":"220","circuito":"ORIENTE - ENVIGADO","estado":"OPERACION"}},{"type":"Feature","geometry":{"type":"LineString","coordinates":[[-75.595345,6.154458],[-75.592769,6.152683]],"crs":null},"properties":{"tension_kv":"220","circuito":"GUATAPE - ENVIGADO","estado":"OPERACION"}},{"type":"Feature","geometry":{"type":"LineString","coordinates":[[-75.592769,6.152683],[-75.59076,6.151349]],"crs":null},"properties":{"tension_kv":"220","circuito":"GUATAPE - ENVIGADO","estado":"OPERACION"}},{"type":"Feature","geometry":{"type":"LineString","coordinates":[[-75.59076,6.151349],[-75.588328,6.149727]],"crs":null},"properties":{"tension_kv":"220","circuito":"GUATAPE - ENVIGADO","estado":"OPERACION"}},{"type":"Feature","geometry":{"type":"LineString","coordinates":[[-75.588327,6.149727],[-75.582787,6.146095]],"crs":null},"properties":{"tension_kv":"220","circuito":"GUATAPE - ENVIGADO","estado":"OPERACION"}},{"type":"Feature","geometry":{"type":"LineString","coordinates":[[-75.61535,6.158148],[-75.616141,6.157702]],"crs":null},"properties":{"tension_kv":"110","circuito":"ANCON SUR - GUAYABAL","estado":"OPERACION"}},{"type":"Feature","geometry":{"type":"LineString","coordinates":[[-75.615319,6.158091],[-75.616108,6.157647]],"crs":null},"properties":{"tension_kv":"110","circuito":"ENVIGADO - ANCON SUR","estado":"OPERACION"}},{"type":"Feature","geometry":{"type":"LineString","coordinates":[[-75.616141,6.157702],[-75.617123,6.157141]],"crs":null},"properties":{"tension_kv":"110","circuito":"ANCON SUR - GUAYABAL","estado":"OPERACION"}},{"type":"Feature","geometry":{"type":"LineString","coordinates":[[-75.616108,6.157647],[-75.61709,6.157085]],"crs":null},"properties":{"tension_kv":"110","circuito":"ENVIGADO - ANCON SUR","estado":"OPERACION"}},{"type":"Feature","geometry":{"type":"LineString","coordinates":[[-75.61709,6.157085],[-75.618439,6.156365]],"crs":null},"properties":{"tension_kv":"110","circuito":"ENVIGADO - ANCON SUR","estado":"OPERACION"}},{"type":"Feature","geometry":{"type":"LineString","coordinates":[[-75.617123,6.157141],[-75.618468,6.156422]],"crs":null},"properties":{"tension_kv":"110","circuito":"ANCON SUR - GUAYABAL","estado":"OPERACION"}},{"type":"Feature","geometry":{"type":"LineString","coordinates":[[-75.618468,6.156422],[-75.619344,6.156263]],"crs":null},"properties":{"tension_kv":"110","circuito":"ANCON SUR - GUAYABAL","estado":"OPERACION"}},{"type":"Feature","geometry":{"type":"LineString","coordinates":[[-75.618439,6.156365],[-75.61933,6.156201]],"crs":null},"properties":{"tension_kv":"110","circuito":"ENVIGADO - ANCON SUR","estado":"OPERACION"}},{"type":"Feature","geometry":{"type":"LineString","coordinates":[[-75.621988,6.1557],[-75.622717,6.155151]],"crs":null},"properties":{"tension_kv":"110","circuito":"ENVIGADO - ANCON SUR","estado":"OPERACION"}},{"type":"Feature","geometry":{"type":"LineString","coordinates":[[-75.62203,6.155751],[-75.622758,6.155201]],"crs":null},"properties":{"tension_kv":"110","circuito":"ANCON SUR - GUAYABAL","estado":"OPERACION"}},{"type":"Feature","geometry":{"type":"LineString","coordinates":[[-75.619344,6.156263],[-75.62114,6.155926]],"crs":null},"properties":{"tension_kv":"110","circuito":"ANCON SUR - GUAYABAL","estado":"OPERACION"}},{"type":"Feature","geometry":{"type":"LineString","coordinates":[[-75.62114,6.155926],[-75.62203,6.155751]],"crs":null},"properties":{"tension_kv":"110","circuito":"ANCON SUR - GUAYABAL","estado":"OPERACION"}},{"type":"Feature","geometry":{"type":"LineString","coordinates":[[-75.621126,6.155863],[-75.621988,6.1557]],"crs":null},"properties":{"tension_kv":"110","circuito":"ENVIGADO - ANCON SUR","estado":"OPERACION"}},{"type":"Feature","geometry":{"type":"LineString","coordinates":[[-75.61933,6.156201],[-75.621126,6.155863]],"crs":null},"properties":{"tension_kv":"110","circuito":"ENVIGADO - ANCON SUR","estado":"OPERACION"}},{"type":"Feature","geometry":{"type":"LineString","coordinates":[[-75.622758,6.155201],[-75.624363,6.153886]],"crs":null},"properties":{"tension_kv":"110","circuito":"ANCON SUR - GUAYABAL","estado":"OPERACION"}},{"type":"Feature","geometry":{"type":"LineString","coordinates":[[-75.622717,6.155151],[-75.624336,6.153826]],"crs":null},"properties":{"tension_kv":"110","circuito":"ENVIGADO - ANCON SUR","estado":"OPERACION"}},{"type":"Feature","geometry":{"type":"LineString","coordinates":[[-75.624363,6.153886],[-75.625264,6.153454]],"crs":null},"properties":{"tension_kv":"110","circuito":"ANCON SUR - GUAYABAL","estado":"OPERACION"}},{"type":"Feature","geometry":{"type":"LineString","coordinates":[[-75.624336,6.153826],[-75.625237,6.153394]],"crs":null},"properties":{"tension_kv":"110","circuito":"ENVIGADO - ANCON SUR","estado":"OPERACION"}},{"type":"Feature","geometry":{"type":"LineString","coordinates":[[-75.625264,6.153454],[-75.626351,6.153111]],"crs":null},"properties":{"tension_kv":"110","circuito":"ANCON SUR - GUAYABAL","estado":"OPERACION"}},{"type":"Feature","geometry":{"type":"LineString","coordinates":[[-75.625237,6.153394],[-75.626328,6.153047]],"crs":null},"properties":{"tension_kv":"110","circuito":"ENVIGADO - ANCON SUR","estado":"OPERACION"}},{"type":"Feature","geometry":{"type":"LineString","coordinates":[[-75.626351,6.153111],[-75.627478,6.152711]],"crs":null},"properties":{"tension_kv":"110","circuito":"ANCON SUR - GUAYABAL","estado":"OPERACION"}},{"type":"Feature","geometry":{"type":"LineString","coordinates":[[-75.626328,6.153047],[-75.627455,6.152649]],"crs":null},"properties":{"tension_kv":"110","circuito":"ENVIGADO - ANCON SUR","estado":"OPERACION"}},{"type":"Feature","geometry":{"type":"LineString","coordinates":[[-75.627478,6.152711],[-75.629445,6.152381]],"crs":null},"properties":{"tension_kv":"110","circuito":"ANCON SUR - GUAYABAL","estado":"OPERACION"}},{"type":"Feature","geometry":{"type":"LineString","coordinates":[[-75.627455,6.152649],[-75.629434,6.152317]],"crs":null},"properties":{"tension_kv":"110","circuito":"ENVIGADO - ANCON SUR","estado":"OPERACION"}},{"type":"Feature","geometry":{"type":"LineString","coordinates":[[-75.629445,6.152381],[-75.631284,6.152021]],"crs":null},"properties":{"tension_kv":"110","circuito":"ANCON SUR - GUAYABAL","estado":"OPERACION"}},{"type":"Feature","geometry":{"type":"LineString","coordinates":[[-75.629434,6.152317],[-75.631274,6.151956]],"crs":null},"properties":{"tension_kv":"110","circuito":"ENVIGADO - ANCON SUR","estado":"OPERACION"}},{"type":"Feature","geometry":{"type":"LineString","coordinates":[[-75.631284,6.152021],[-75.632182,6.151977]],"crs":null},"properties":{"tension_kv":"110","circuito":"ANCON SUR - GUAYABAL","estado":"OPERACION"}},{"type":"Feature","geometry":{"type":"LineString","coordinates":[[-75.631273,6.151956],[-75.632178,6.151914]],"crs":null},"properties":{"tension_kv":"110","circuito":"ENVIGADO - ANCON SUR","estado":"OPERACION"}},{"type":"Feature","geometry":{"type":"LineString","coordinates":[[-75.632182,6.151977],[-75.633072,6.151696]],"crs":null},"properties":{"tension_kv":"110","circuito":"ANCON SUR - GUAYABAL","estado":"OPERACION"}},{"type":"Feature","geometry":{"type":"LineString","coordinates":[[-75.633072,6.151696],[-75.63417,6.150572]],"crs":null},"properties":{"tension_kv":"110","circuito":"ANCON SUR - GUAYABAL","estado":"OPERACION"}},{"type":"Feature","geometry":{"type":"LineString","coordinates":[[-75.633025,6.15165],[-75.634125,6.150526]],"crs":null},"properties":{"tension_kv":"110","circuito":"ENVIGADO - ANCON SUR","estado":"OPERACION"}},{"type":"Feature","geometry":{"type":"LineString","coordinates":[[-75.63417,6.150572],[-75.634985,6.14949]],"crs":null},"properties":{"tension_kv":"110","circuito":"ANCON SUR - GUAYABAL","estado":"OPERACION"}},{"type":"Feature","geometry":{"type":"LineString","coordinates":[[-75.634125,6.150526],[-75.634922,6.149483]],"crs":null},"properties":{"tension_kv":"110","circuito":"ENVIGADO - ANCON SUR","estado":"OPERACION"}},{"type":"Feature","geometry":{"type":"LineString","coordinates":[[-75.632178,6.151914],[-75.633025,6.15165]],"crs":null},"properties":{"tension_kv":"110","circuito":"ENVIGADO - ANCON SUR","estado":"OPERACION"}},{"type":"Feature","geometry":{"type":"LineString","coordinates":[[-75.649793,6.150657],[-75.647457,6.149014]],"crs":null},"properties":{"tension_kv":"220","circuito":"OCCIDENTE - ANCON SUR","estado":"OPERACION"}},{"type":"Feature","geometry":{"type":"LineString","coordinates":[[-75.658316,6.157688],[-75.656535,6.155414]],"crs":null},"properties":{"tension_kv":"110","circuito":"BELEN - ANCON SUR","estado":"OPERACION"}},{"type":"Feature","geometry":{"type":"LineString","coordinates":[[-75.658367,6.157648],[-75.65658,6.155369]],"crs":null},"properties":{"tension_kv":"220","circuito":"OCCIDENTE - ANCON SUR","estado":"OPERACION"}},{"type":"Feature","geometry":{"type":"LineString","coordinates":[[-75.65658,6.155369],[-75.652664,6.152321]],"crs":null},"properties":{"tension_kv":"220","circuito":"OCCIDENTE - ANCON SUR","estado":"OPERACION"}},{"type":"Feature","geometry":{"type":"LineString","coordinates":[[-75.652664,6.152321],[-75.649793,6.150657]],"crs":null},"properties":{"tension_kv":"220","circuito":"OCCIDENTE - ANCON SUR","estado":"OPERACION"}},{"type":"Feature","geometry":{"type":"LineString","coordinates":[[-75.656535,6.155414],[-75.652624,6.15237]],"crs":null},"properties":{"tension_kv":"110","circuito":"BELEN - ANCON SUR","estado":"OPERACION"}},{"type":"Feature","geometry":{"type":"LineString","coordinates":[[-75.649762,6.150713],[-75.647421,6.149069]],"crs":null},"properties":{"tension_kv":"110","circuito":"BELEN - ANCON SUR","estado":"OPERACION"}},{"type":"Feature","geometry":{"type":"LineString","coordinates":[[-75.652624,6.15237],[-75.649762,6.150713]],"crs":null},"properties":{"tension_kv":"110","circuito":"BELEN - ANCON SUR","estado":"OPERACION"}},{"type":"Feature","geometry":{"type":"LineString","coordinates":[[-75.549878,6.165799],[-75.552108,6.163078]],"crs":null},"properties":{"tension_kv":"220","circuito":"MIRAFLORES - ANCON SUR","estado":"OPERACION"}},{"type":"Feature","geometry":{"type":"LineString","coordinates":[[-75.552108,6.163078],[-75.555026,6.159518]],"crs":null},"properties":{"tension_kv":"220","circuito":"MIRAFLORES - ANCON SUR","estado":"OPERACION"}},{"type":"Feature","geometry":{"type":"LineString","coordinates":[[-75.555026,6.159518],[-75.555747,6.158621]],"crs":null},"properties":{"tension_kv":"220","circuito":"MIRAFLORES - ANCON SUR","estado":"OPERACION"}},{"type":"Feature","geometry":{"type":"LineString","coordinates":[[-75.555747,6.158621],[-75.557288,6.156757]],"crs":null},"properties":{"tension_kv":"220","circuito":"MIRAFLORES - ANCON SUR","estado":"OPERACION"}},{"type":"Feature","geometry":{"type":"LineString","coordinates":[[-75.598616,6.160112],[-75.595308,6.154511]],"crs":null},"properties":{"tension_kv":"220","circuito":"ORIENTE - ENVIGADO","estado":"OPERACION"}},{"type":"Feature","geometry":{"type":"LineString","coordinates":[[-75.598668,6.160077],[-75.595345,6.154458]],"crs":null},"properties":{"tension_kv":"220","circuito":"GUATAPE - ENVIGADO","estado":"OPERACION"}},{"type":"Feature","geometry":{"type":"LineString","coordinates":[[-75.608936,6.161755],[-75.60977,6.161392]],"crs":null},"properties":{"tension_kv":"110","circuito":"ANCON SUR - GUAYABAL","estado":"OPERACION"}},{"type":"Feature","geometry":{"type":"LineString","coordinates":[[-75.608917,6.161693],[-75.609746,6.161328]],"crs":null},"properties":{"tension_kv":"110","circuito":"ENVIGADO - ANCON SUR","estado":"OPERACION"}},{"type":"Feature","geometry":{"type":"LineString","coordinates":[[-75.607943,6.16209],[-75.608936,6.161755]],"crs":null},"properties":{"tension_kv":"110","circuito":"ANCON SUR - GUAYABAL","estado":"OPERACION"}},{"type":"Feature","geometry":{"type":"LineString","coordinates":[[-75.607921,6.162026],[-75.608917,6.161693]],"crs":null},"properties":{"tension_kv":"110","circuito":"ENVIGADO - ANCON SUR","estado":"OPERACION"}},{"type":"Feature","geometry":{"type":"LineString","coordinates":[[-75.60701,6.16234],[-75.607943,6.16209]],"crs":null},"properties":{"tension_kv":"110","circuito":"ANCON SUR - GUAYABAL","estado":"OPERACION"}},{"type":"Feature","geometry":{"type":"LineString","coordinates":[[-75.606996,6.162274],[-75.607927,6.162025]],"crs":null},"properties":{"tension_kv":"110","circuito":"ENVIGADO - ANCON SUR","estado":"OPERACION"}},{"type":"Feature","geometry":{"type":"LineString","coordinates":[[-75.606184,6.16252],[-75.60701,6.16234]],"crs":null},"properties":{"tension_kv":"110","circuito":"ANCON SUR - GUAYABAL","estado":"OPERACION"}},{"type":"Feature","geometry":{"type":"LineString","coordinates":[[-75.606161,6.16246],[-75.606996,6.162274]],"crs":null},"properties":{"tension_kv":"110","circuito":"ENVIGADO - ANCON SUR","estado":"OPERACION"}},{"type":"Feature","geometry":{"type":"LineString","coordinates":[[-75.605345,6.16282],[-75.606184,6.16252]],"crs":null},"properties":{"tension_kv":"110","circuito":"ANCON SUR - GUAYABAL","estado":"OPERACION"}},{"type":"Feature","geometry":{"type":"LineString","coordinates":[[-75.605306,6.162764],[-75.606161,6.16246]],"crs":null},"properties":{"tension_kv":"110","circuito":"ENVIGADO - ANCON SUR","estado":"OPERACION"}},{"type":"Feature","geometry":{"type":"LineString","coordinates":[[-75.604608,6.163331],[-75.605345,6.16282]],"crs":null},"properties":{"tension_kv":"110","circuito":"ANCON SUR - GUAYABAL","estado":"OPERACION"}},{"type":"Feature","geometry":{"type":"LineString","coordinates":[[-75.60456,6.163287],[-75.605306,6.162764]],"crs":null},"properties":{"tension_kv":"110","circuito":"ENVIGADO - ANCON SUR","estado":"OPERACION"}},{"type":"Feature","geometry":{"type":"LineString","coordinates":[[-75.603381,6.164691],[-75.604608,6.163331]],"crs":null},"properties":{"tension_kv":"110","circuito":"ANCON SUR - GUAYABAL","estado":"OPERACION"}},{"type":"Feature","geometry":{"type":"LineString","coordinates":[[-75.603334,6.164648],[-75.60456,6.163287]],"crs":null},"properties":{"tension_kv":"110","circuito":"ENVIGADO - ANCON SUR","estado":"OPERACION"}},{"type":"Feature","geometry":{"type":"LineString","coordinates":[[-75.603177,6.165543],[-75.603381,6.164691]],"crs":null},"properties":{"tension_kv":"110","circuito":"ANCON SUR - GUAYABAL","estado":"OPERACION"}},{"type":"Feature","geometry":{"type":"LineString","coordinates":[[-75.603114,6.165529],[-75.603334,6.164648]],"crs":null},"properties":{"tension_kv":"110","circuito":"ENVIGADO - ANCON SUR","estado":"OPERACION"}},{"type":"Feature","geometry":{"type":"LineString","coordinates":[[-75.602932,6.166419],[-75.603114,6.165529]],"crs":null},"properties":{"tension_kv":"110","circuito":"ENVIGADO - ANCON SUR","estado":"OPERACION"}},{"type":"Feature","geometry":{"type":"LineString","coordinates":[[-75.602995,6.166433],[-75.603177,6.165543]],"crs":null},"properties":{"tension_kv":"110","circuito":"ANCON SUR - GUAYABAL","estado":"OPERACION"}},{"type":"Feature","geometry":{"type":"LineString","coordinates":[[-75.60275,6.167308],[-75.602932,6.166419]],"crs":null},"properties":{"tension_kv":"110","circuito":"ENVIGADO - ANCON SUR","estado":"OPERACION"}},{"type":"Feature","geometry":{"type":"LineString","coordinates":[[-75.602814,6.167327],[-75.602995,6.166433]],"crs":null},"properties":{"tension_kv":"110","circuito":"ANCON SUR - GUAYABAL","estado":"OPERACION"}},{"type":"Feature","geometry":{"type":"LineString","coordinates":[[-75.602431,6.166416],[-75.60082,6.163721]],"crs":null},"properties":{"tension_kv":"220","circuito":"GUATAPE - ENVIGADO","estado":"OPERACION"}},{"type":"Feature","geometry":{"type":"LineString","coordinates":[[-75.60237,6.166438],[-75.600762,6.163753]],"crs":null},"properties":{"tension_kv":"220","circuito":"ORIENTE - ENVIGADO","estado":"OPERACION"}},{"type":"Feature","geometry":{"type":"LineString","coordinates":[[-75.60082,6.163721],[-75.598668,6.160077]],"crs":null},"properties":{"tension_kv":"220","circuito":"GUATAPE - ENVIGADO","estado":"OPERACION"}},{"type":"Feature","geometry":{"type":"LineString","coordinates":[[-75.600762,6.163753],[-75.598616,6.160112]],"crs":null},"properties":{"tension_kv":"220","circuito":"ORIENTE - ENVIGADO","estado":"OPERACION"}},{"type":"Feature","geometry":{"type":"LineString","coordinates":[[-75.614469,6.158645],[-75.61535,6.158148]],"crs":null},"properties":{"tension_kv":"110","circuito":"ANCON SUR - GUAYABAL","estado":"OPERACION"}},{"type":"Feature","geometry":{"type":"LineString","coordinates":[[-75.61207,6.159944],[-75.612821,6.159484]],"crs":null},"properties":{"tension_kv":"110","circuito":"ENVIGADO - ANCON SUR","estado":"OPERACION"}},{"type":"Feature","geometry":{"type":"LineString","coordinates":[[-75.611295,6.1604],[-75.61207,6.159944]],"crs":null},"properties":{"tension_kv":"110","circuito":"ENVIGADO - ANCON SUR","estado":"OPERACION"}},{"type":"Feature","geometry":{"type":"LineString","coordinates":[[-75.614437,6.158585],[-75.615319,6.158091]],"crs":null},"properties":{"tension_kv":"110","circuito":"ENVIGADO - ANCON SUR","estado":"OPERACION"}},{"type":"Feature","geometry":{"type":"LineString","coordinates":[[-75.610545,6.16093],[-75.611328,6.160457]],"crs":null},"properties":{"tension_kv":"110","circuito":"ANCON SUR - GUAYABAL","estado":"OPERACION"}},{"type":"Feature","geometry":{"type":"LineString","coordinates":[[-75.610513,6.160872],[-75.611295,6.1604]],"crs":null},"properties":{"tension_kv":"110","circuito":"ENVIGADO - ANCON SUR","estado":"OPERACION"}},{"type":"Feature","geometry":{"type":"LineString","coordinates":[[-75.612103,6.160004],[-75.612856,6.159541]],"crs":null},"properties":{"tension_kv":"110","circuito":"ANCON SUR - GUAYABAL","estado":"OPERACION"}},{"type":"Feature","geometry":{"type":"LineString","coordinates":[[-75.612856,6.159541],[-75.613657,6.1591]],"crs":null},"properties":{"tension_kv":"110","circuito":"ANCON SUR - GUAYABAL","estado":"OPERACION"}},{"type":"Feature","geometry":{"type":"LineString","coordinates":[[-75.612821,6.159484],[-75.613628,6.159041]],"crs":null},"properties":{"tension_kv":"110","circuito":"ENVIGADO - ANCON SUR","estado":"OPERACION"}},{"type":"Feature","geometry":{"type":"LineString","coordinates":[[-75.613657,6.1591],[-75.614469,6.158645]],"crs":null},"properties":{"tension_kv":"110","circuito":"ANCON SUR - GUAYABAL","estado":"OPERACION"}},{"type":"Feature","geometry":{"type":"LineString","coordinates":[[-75.613628,6.159041],[-75.614437,6.158585]],"crs":null},"properties":{"tension_kv":"110","circuito":"ENVIGADO - ANCON SUR","estado":"OPERACION"}},{"type":"Feature","geometry":{"type":"LineString","coordinates":[[-75.60977,6.161392],[-75.610545,6.16093]],"crs":null},"properties":{"tension_kv":"110","circuito":"ANCON SUR - GUAYABAL","estado":"OPERACION"}},{"type":"Feature","geometry":{"type":"LineString","coordinates":[[-75.609746,6.161328],[-75.610513,6.160872]],"crs":null},"properties":{"tension_kv":"110","circuito":"ENVIGADO - ANCON SUR","estado":"OPERACION"}},{"type":"Feature","geometry":{"type":"LineString","coordinates":[[-75.611328,6.160457],[-75.612103,6.160004]],"crs":null},"properties":{"tension_kv":"110","circuito":"ANCON SUR - GUAYABAL","estado":"OPERACION"}},{"type":"Feature","geometry":{"type":"LineString","coordinates":[[-75.660593,6.160588],[-75.658316,6.157688]],"crs":null},"properties":{"tension_kv":"110","circuito":"BELEN - ANCON SUR","estado":"OPERACION"}},{"type":"Feature","geometry":{"type":"LineString","coordinates":[[-75.660642,6.160549],[-75.658367,6.157648]],"crs":null},"properties":{"tension_kv":"220","circuito":"OCCIDENTE - ANCON SUR","estado":"OPERACION"}},{"type":"Feature","geometry":{"type":"LineString","coordinates":[[-75.547658,6.174444],[-75.548213,6.171981]],"crs":null},"properties":{"tension_kv":"220","circuito":"MIRAFLORES - ANCON SUR","estado":"OPERACION"}},{"type":"Feature","geometry":{"type":"LineString","coordinates":[[-75.548213,6.171981],[-75.549878,6.165799]],"crs":null},"properties":{"tension_kv":"220","circuito":"MIRAFLORES - ANCON SUR","estado":"OPERACION"}},{"type":"Feature","geometry":{"type":"LineString","coordinates":[[-75.594516,6.175618],[-75.595632,6.174728]],"crs":null},"properties":{"tension_kv":"220","circuito":"GUATAPE - ENVIGADO","estado":"OPERACION"}},{"type":"Feature","geometry":{"type":"LineString","coordinates":[[-75.594516,6.175618],[-75.594273,6.175611]],"crs":null},"properties":{"tension_kv":"220","circuito":"GUATAPE - ENVIGADO","estado":"OPERACION"}},{"type":"Feature","geometry":{"type":"LineString","coordinates":[[-75.59452,6.175553],[-75.594272,6.175562]],"crs":null},"properties":{"tension_kv":"220","circuito":"ORIENTE - ENVIGADO","estado":"OPERACION"}},{"type":"Feature","geometry":{"type":"LineString","coordinates":[[-75.594353,6.176223],[-75.594854,6.175712]],"crs":null},"properties":{"tension_kv":"110","circuito":"ANCON SUR - GUAYABAL","estado":"OPERACION"}},{"type":"Feature","geometry":{"type":"LineString","coordinates":[[-75.594308,6.176174],[-75.594806,6.175665]],"crs":null},"properties":{"tension_kv":"110","circuito":"ENVIGADO - ANCON SUR","estado":"OPERACION"}},{"type":"Feature","geometry":{"type":"LineString","coordinates":[[-75.594854,6.175712],[-75.594961,6.175663]],"crs":null},"properties":{"tension_kv":"110","circuito":"ANCON SUR - GUAYABAL","estado":"OPERACION"}},{"type":"Feature","geometry":{"type":"LineString","coordinates":[[-75.594961,6.175663],[-75.595642,6.175169]],"crs":null},"properties":{"tension_kv":"110","circuito":"ANCON SUR - GUAYABAL","estado":"OPERACION"}},{"type":"Feature","geometry":{"type":"LineString","coordinates":[[-75.594806,6.175665],[-75.594923,6.175609]],"crs":null},"properties":{"tension_kv":"110","circuito":"ENVIGADO - ANCON SUR","estado":"OPERACION"}},{"type":"Feature","geometry":{"type":"LineString","coordinates":[[-75.594088,6.176015],[-75.593965,6.175674]],"crs":null},"properties":{"tension_kv":"220","circuito":"OCCIDENTE - ENVIGADO","estado":"OPERACION"}},{"type":"Feature","geometry":{"type":"LineString","coordinates":[[-75.594027,6.175994],[-75.593651,6.175536]],"crs":null},"properties":{"tension_kv":"110","circuito":"ITAGUI - ENVIGADO","estado":"OPERACION"}},{"type":"Feature","geometry":{"type":"LineString","coordinates":[[-75.59452,6.175553],[-75.595582,6.17468]],"crs":null},"properties":{"tension_kv":"220","circuito":"ORIENTE - ENVIGADO","estado":"OPERACION"}},{"type":"Feature","geometry":{"type":"LineString","coordinates":[[-75.594923,6.175609],[-75.595602,6.175113]],"crs":null},"properties":{"tension_kv":"110","circuito":"ENVIGADO - ANCON SUR","estado":"OPERACION"}},{"type":"Feature","geometry":{"type":"LineString","coordinates":[[-75.595755,6.175012],[-75.595931,6.174863]],"crs":null},"properties":{"tension_kv":"110","circuito":"ENVIGADO - ANCON SUR","estado":"OPERACION"}},{"type":"Feature","geometry":{"type":"LineString","coordinates":[[-75.597004,6.174243],[-75.598062,6.173555]],"crs":null},"properties":{"tension_kv":"110","circuito":"ANCON SUR - GUAYABAL","estado":"OPERACION"}},{"type":"Feature","geometry":{"type":"LineString","coordinates":[[-75.596966,6.174183],[-75.598024,6.173499]],"crs":null},"properties":{"tension_kv":"110","circuito":"ENVIGADO - ANCON SUR","estado":"OPERACION"}},{"type":"Feature","geometry":{"type":"LineString","coordinates":[[-75.598062,6.173555],[-75.598772,6.173027]],"crs":null},"properties":{"tension_kv":"110","circuito":"ANCON SUR - GUAYABAL","estado":"OPERACION"}},{"type":"Feature","geometry":{"type":"LineString","coordinates":[[-75.598024,6.173499],[-75.598731,6.172976]],"crs":null},"properties":{"tension_kv":"110","circuito":"ENVIGADO - ANCON SUR","estado":"OPERACION"}},{"type":"Feature","geometry":{"type":"LineString","coordinates":[[-75.598772,6.173027],[-75.599512,6.172492]],"crs":null},"properties":{"tension_kv":"110","circuito":"ANCON SUR - GUAYABAL","estado":"OPERACION"}},{"type":"Feature","geometry":{"type":"LineString","coordinates":[[-75.599512,6.172492],[-75.600215,6.171941]],"crs":null},"properties":{"tension_kv":"110","circuito":"ANCON SUR - GUAYABAL","estado":"OPERACION"}},{"type":"Feature","geometry":{"type":"LineString","coordinates":[[-75.598731,6.172976],[-75.599472,6.172435]],"crs":null},"properties":{"tension_kv":"110","circuito":"ENVIGADO - ANCON SUR","estado":"OPERACION"}},{"type":"Feature","geometry":{"type":"LineString","coordinates":[[-75.599472,6.172435],[-75.600171,6.171887]],"crs":null},"properties":{"tension_kv":"110","circuito":"ENVIGADO - ANCON SUR","estado":"OPERACION"}},{"type":"Feature","geometry":{"type":"LineString","coordinates":[[-75.600215,6.171941],[-75.600915,6.171335]],"crs":null},"properties":{"tension_kv":"110","circuito":"ANCON SUR - GUAYABAL","estado":"OPERACION"}},{"type":"Feature","geometry":{"type":"LineString","coordinates":[[-75.600915,6.171335],[-75.601583,6.170708]],"crs":null},"properties":{"tension_kv":"110","circuito":"ANCON SUR - GUAYABAL","estado":"OPERACION"}},{"type":"Feature","geometry":{"type":"LineString","coordinates":[[-75.60087,6.171279],[-75.601534,6.170657]],"crs":null},"properties":{"tension_kv":"110","circuito":"ENVIGADO - ANCON SUR","estado":"OPERACION"}},{"type":"Feature","geometry":{"type":"LineString","coordinates":[[-75.601583,6.170708],[-75.602119,6.169964]],"crs":null},"properties":{"tension_kv":"110","circuito":"ANCON SUR - GUAYABAL","estado":"OPERACION"}},{"type":"Feature","geometry":{"type":"LineString","coordinates":[[-75.601534,6.170657],[-75.602062,6.169927]],"crs":null},"properties":{"tension_kv":"110","circuito":"ENVIGADO - ANCON SUR","estado":"OPERACION"}},{"type":"Feature","geometry":{"type":"LineString","coordinates":[[-75.602119,6.169964],[-75.602446,6.169109]],"crs":null},"properties":{"tension_kv":"110","circuito":"ANCON SUR - GUAYABAL","estado":"OPERACION"}},{"type":"Feature","geometry":{"type":"LineString","coordinates":[[-75.602062,6.169927],[-75.602384,6.169083]],"crs":null},"properties":{"tension_kv":"110","circuito":"ENVIGADO - ANCON SUR","estado":"OPERACION"}},{"type":"Feature","geometry":{"type":"LineString","coordinates":[[-75.602446,6.169109],[-75.602622,6.168213]],"crs":null},"properties":{"tension_kv":"110","circuito":"ANCON SUR - GUAYABAL","estado":"OPERACION"}},{"type":"Feature","geometry":{"type":"LineString","coordinates":[[-75.602384,6.169083],[-75.602559,6.1682]],"crs":null},"properties":{"tension_kv":"110","circuito":"ENVIGADO - ANCON SUR","estado":"OPERACION"}},{"type":"Feature","geometry":{"type":"LineString","coordinates":[[-75.595973,6.174913],[-75.597004,6.174243]],"crs":null},"properties":{"tension_kv":"110","circuito":"ANCON SUR - GUAYABAL","estado":"OPERACION"}},{"type":"Feature","geometry":{"type":"LineString","coordinates":[[-75.595931,6.174863],[-75.596966,6.174183]],"crs":null},"properties":{"tension_kv":"110","circuito":"ENVIGADO - ANCON SUR","estado":"OPERACION"}},{"type":"Feature","geometry":{"type":"LineString","coordinates":[[-75.602403,6.168619],[-75.602363,6.166443]],"crs":null},"properties":{"tension_kv":"220","circuito":"ORIENTE - ENVIGADO","estado":"OPERACION"}},{"type":"Feature","geometry":{"type":"LineString","coordinates":[[-75.602459,6.168607],[-75.602431,6.166416]],"crs":null},"properties":{"tension_kv":"220","circuito":"GUATAPE - ENVIGADO","estado":"OPERACION"}},{"type":"Feature","geometry":{"type":"LineString","coordinates":[[-75.6016,6.170119],[-75.602459,6.168607]],"crs":null},"properties":{"tension_kv":"220","circuito":"GUATAPE - ENVIGADO","estado":"OPERACION"}},{"type":"Feature","geometry":{"type":"LineString","coordinates":[[-75.601558,6.170066],[-75.602403,6.168619]],"crs":null},"properties":{"tension_kv":"220","circuito":"ORIENTE - ENVIGADO","estado":"OPERACION"}},{"type":"Feature","geometry":{"type":"LineString","coordinates":[[-75.602622,6.168213],[-75.602814,6.167327]],"crs":null},"properties":{"tension_kv":"110","circuito":"ANCON SUR - GUAYABAL","estado":"OPERACION"}},{"type":"Feature","geometry":{"type":"LineString","coordinates":[[-75.600171,6.171887],[-75.60087,6.171279]],"crs":null},"properties":{"tension_kv":"110","circuito":"ENVIGADO - ANCON SUR","estado":"OPERACION"}},{"type":"Feature","geometry":{"type":"LineString","coordinates":[[-75.602559,6.1682],[-75.60275,6.167308]],"crs":null},"properties":{"tension_kv":"110","circuito":"ENVIGADO - ANCON SUR","estado":"OPERACION"}},{"type":"Feature","geometry":{"type":"LineString","coordinates":[[-75.595582,6.17468],[-75.597474,6.173466]],"crs":null},"properties":{"tension_kv":"220","circuito":"ORIENTE - ENVIGADO","estado":"OPERACION"}},{"type":"Feature","geometry":{"type":"LineString","coordinates":[[-75.597474,6.173466],[-75.600477,6.171174]],"crs":null},"properties":{"tension_kv":"220","circuito":"ORIENTE - ENVIGADO","estado":"OPERACION"}},{"type":"Feature","geometry":{"type":"LineString","coordinates":[[-75.595632,6.174728],[-75.597523,6.173515]],"crs":null},"properties":{"tension_kv":"220","circuito":"GUATAPE - ENVIGADO","estado":"OPERACION"}},{"type":"Feature","geometry":{"type":"LineString","coordinates":[[-75.597523,6.173515],[-75.600517,6.171226]],"crs":null},"properties":{"tension_kv":"220","circuito":"GUATAPE - ENVIGADO","estado":"OPERACION"}},{"type":"Feature","geometry":{"type":"LineString","coordinates":[[-75.600477,6.171174],[-75.601558,6.170066]],"crs":null},"properties":{"tension_kv":"220","circuito":"ORIENTE - ENVIGADO","estado":"OPERACION"}},{"type":"Feature","geometry":{"type":"LineString","coordinates":[[-75.600517,6.171226],[-75.6016,6.170119]],"crs":null},"properties":{"tension_kv":"220","circuito":"GUATAPE - ENVIGADO","estado":"OPERACION"}},{"type":"Feature","geometry":{"type":"LineString","coordinates":[[-75.595642,6.175169],[-75.595792,6.175064]],"crs":null},"properties":{"tension_kv":"110","circuito":"ANCON SUR - GUAYABAL","estado":"OPERACION"}},{"type":"Feature","geometry":{"type":"LineString","coordinates":[[-75.595602,6.175113],[-75.595755,6.175012]],"crs":null},"properties":{"tension_kv":"110","circuito":"ENVIGADO - ANCON SUR","estado":"OPERACION"}},{"type":"Feature","geometry":{"type":"LineString","coordinates":[[-75.595792,6.175064],[-75.595973,6.174913]],"crs":null},"properties":{"tension_kv":"110","circuito":"ANCON SUR - GUAYABAL","estado":"OPERACION"}},{"type":"Feature","geometry":{"type":"LineString","coordinates":[[-75.631282,6.172614],[-75.63106,6.172159]],"crs":null},"properties":{"tension_kv":"110","circuito":"RODEO - ITAGUI","estado":"OPERACION"}},{"type":"Feature","geometry":{"type":"LineString","coordinates":[[-75.631222,6.172618],[-75.631017,6.172201]],"crs":null},"properties":{"tension_kv":"110","circuito":"ITAGUI - ENVIGADO","estado":"OPERACION"}},{"type":"Feature","geometry":{"type":"LineString","coordinates":[[-75.630205,6.173885],[-75.63122,6.17262]],"crs":null},"properties":{"tension_kv":"110","circuito":"ITAGUI - ENVIGADO","estado":"OPERACION"}},{"type":"Feature","geometry":{"type":"LineString","coordinates":[[-75.63027,6.17389],[-75.631282,6.172614]],"crs":null},"properties":{"tension_kv":"110","circuito":"RODEO - ITAGUI","estado":"OPERACION"}},{"type":"Feature","geometry":{"type":"LineString","coordinates":[[-75.631363,6.175801],[-75.630205,6.173885]],"crs":null},"properties":{"tension_kv":"110","circuito":"ITAGUI - ENVIGADO","estado":"OPERACION"}},{"type":"Feature","geometry":{"type":"LineString","coordinates":[[-75.631418,6.175824],[-75.63027,6.17389]],"crs":null},"properties":{"tension_kv":"110","circuito":"RODEO - ITAGUI","estado":"OPERACION"}},{"type":"Feature","geometry":{"type":"LineString","coordinates":[[-75.629113,6.176465],[-75.631418,6.175824]],"crs":null},"properties":{"tension_kv":"110","circuito":"RODEO - ITAGUI","estado":"OPERACION"}},{"type":"Feature","geometry":{"type":"LineString","coordinates":[[-75.62913,6.176402],[-75.631363,6.175801]],"crs":null},"properties":{"tension_kv":"110","circuito":"ITAGUI - ENVIGADO","estado":"OPERACION"}},{"type":"Feature","geometry":{"type":"LineString","coordinates":[[-75.625928,6.176186],[-75.629113,6.176465]],"crs":null},"properties":{"tension_kv":"110","circuito":"RODEO - ITAGUI","estado":"OPERACION"}},{"type":"Feature","geometry":{"type":"LineString","coordinates":[[-75.625882,6.176135],[-75.629132,6.176402]],"crs":null},"properties":{"tension_kv":"110","circuito":"ITAGUI - ENVIGADO","estado":"OPERACION"}},{"type":"Feature","geometry":{"type":"LineString","coordinates":[[-75.545944,6.182313],[-75.547119,6.176897]],"crs":null},"properties":{"tension_kv":"220","circuito":"MIRAFLORES - ANCON SUR","estado":"OPERACION"}},{"type":"Feature","geometry":{"type":"LineString","coordinates":[[-75.547119,6.176897],[-75.547658,6.174444]],"crs":null},"properties":{"tension_kv":"220","circuito":"MIRAFLORES - ANCON SUR","estado":"OPERACION"}},{"type":"Feature","geometry":{"type":"LineString","coordinates":[[-75.5933,6.178466],[-75.594088,6.176015]],"crs":null},"properties":{"tension_kv":"220","circuito":"OCCIDENTE - ENVIGADO","estado":"OPERACION"}},{"type":"Feature","geometry":{"type":"LineString","coordinates":[[-75.59324,6.178481],[-75.594027,6.175994]],"crs":null},"properties":{"tension_kv":"110","circuito":"ITAGUI - ENVIGADO","estado":"OPERACION"}},{"type":"Feature","geometry":{"type":"LineString","coordinates":[[-75.588483,6.184462],[-75.589052,6.183391]],"crs":null},"properties":{"tension_kv":"110","circuito":"ANCON SUR - GUAYABAL","estado":"OPERACION"}},{"type":"Feature","geometry":{"type":"LineString","coordinates":[[-75.588438,6.184418],[-75.588994,6.18336]],"crs":null},"properties":{"tension_kv":"110","circuito":"GUAYABAL - ENVIGADO","estado":"OPERACION"}},{"type":"Feature","geometry":{"type":"LineString","coordinates":[[-75.589052,6.183391],[-75.589462,6.182793]],"crs":null},"properties":{"tension_kv":"110","circuito":"ANCON SUR - GUAYABAL","estado":"OPERACION"}},{"type":"Feature","geometry":{"type":"LineString","coordinates":[[-75.588994,6.18336],[-75.589407,6.182759]],"crs":null},"properties":{"tension_kv":"110","circuito":"GUAYABAL - ENVIGADO","estado":"OPERACION"}},{"type":"Feature","geometry":{"type":"LineString","coordinates":[[-75.589462,6.182793],[-75.589941,6.182055]],"crs":null},"properties":{"tension_kv":"110","circuito":"ANCON SUR - GUAYABAL","estado":"OPERACION"}},{"type":"Feature","geometry":{"type":"LineString","coordinates":[[-75.589407,6.182759],[-75.589885,6.182021]],"crs":null},"properties":{"tension_kv":"110","circuito":"GUAYABAL - ENVIGADO","estado":"OPERACION"}},{"type":"Feature","geometry":{"type":"LineString","coordinates":[[-75.589941,6.182055],[-75.590422,6.181268]],"crs":null},"properties":{"tension_kv":"110","circuito":"ANCON SUR - GUAYABAL","estado":"OPERACION"}},{"type":"Feature","geometry":{"type":"LineString","coordinates":[[-75.589885,6.182021],[-75.590365,6.181236]],"crs":null},"properties":{"tension_kv":"110","circuito":"GUAYABAL - ENVIGADO","estado":"OPERACION"}},{"type":"Feature","geometry":{"type":"LineString","coordinates":[[-75.590422,6.181268],[-75.590895,6.180491]],"crs":null},"properties":{"tension_kv":"110","circuito":"ANCON SUR - GUAYABAL","estado":"OPERACION"}},{"type":"Feature","geometry":{"type":"LineString","coordinates":[[-75.590365,6.181236],[-75.59084,6.180458]],"crs":null},"properties":{"tension_kv":"110","circuito":"GUAYABAL - ENVIGADO","estado":"OPERACION"}},{"type":"Feature","geometry":{"type":"LineString","coordinates":[[-75.590895,6.180491],[-75.591382,6.179722]],"crs":null},"properties":{"tension_kv":"110","circuito":"ANCON SUR - GUAYABAL","estado":"OPERACION"}},{"type":"Feature","geometry":{"type":"LineString","coordinates":[[-75.59084,6.180458],[-75.591327,6.179687]],"crs":null},"properties":{"tension_kv":"110","circuito":"GUAYABAL - ENVIGADO","estado":"OPERACION"}},{"type":"Feature","geometry":{"type":"LineString","coordinates":[[-75.591327,6.179687],[-75.5918,6.178914]],"crs":null},"properties":{"tension_kv":"110","circuito":"GUAYABAL - ENVIGADO","estado":"OPERACION"}},{"type":"Feature","geometry":{"type":"LineString","coordinates":[[-75.591855,6.178947],[-75.59244,6.178142]],"crs":null},"properties":{"tension_kv":"110","circuito":"ANCON SUR - GUAYABAL","estado":"OPERACION"}},{"type":"Feature","geometry":{"type":"LineString","coordinates":[[-75.5918,6.178914],[-75.592386,6.178104]],"crs":null},"properties":{"tension_kv":"110","circuito":"GUAYABAL - ENVIGADO","estado":"OPERACION"}},{"type":"Feature","geometry":{"type":"LineString","coordinates":[[-75.59244,6.178142],[-75.593033,6.177464]],"crs":null},"properties":{"tension_kv":"110","circuito":"ANCON SUR - GUAYABAL","estado":"OPERACION"}},{"type":"Feature","geometry":{"type":"LineString","coordinates":[[-75.592386,6.178104],[-75.592983,6.177421]],"crs":null},"properties":{"tension_kv":"110","circuito":"GUAYABAL - ENVIGADO","estado":"OPERACION"}},{"type":"Feature","geometry":{"type":"LineString","coordinates":[[-75.593033,6.177464],[-75.593711,6.176825]],"crs":null},"properties":{"tension_kv":"110","circuito":"ANCON SUR - GUAYABAL","estado":"OPERACION"}},{"type":"Feature","geometry":{"type":"LineString","coordinates":[[-75.592983,6.177421],[-75.593666,6.176781]],"crs":null},"properties":{"tension_kv":"110","circuito":"GUAYABAL - ENVIGADO","estado":"OPERACION"}},{"type":"Feature","geometry":{"type":"LineString","coordinates":[[-75.593711,6.176825],[-75.594353,6.176223]],"crs":null},"properties":{"tension_kv":"110","circuito":"ANCON SUR - GUAYABAL","estado":"OPERACION"}},{"type":"Feature","geometry":{"type":"LineString","coordinates":[[-75.593666,6.176781],[-75.593963,6.176503]],"crs":null},"properties":{"tension_kv":"110","circuito":"GUAYABAL - ENVIGADO","estado":"OPERACION"}},{"type":"Feature","geometry":{"type":"LineString","coordinates":[[-75.58748,6.185356],[-75.588438,6.184418]],"crs":null},"properties":{"tension_kv":"110","circuito":"GUAYABAL - ENVIGADO","estado":"OPERACION"}},{"type":"Feature","geometry":{"type":"LineString","coordinates":[[-75.587525,6.185402],[-75.588483,6.184462]],"crs":null},"properties":{"tension_kv":"110","circuito":"ANCON SUR - GUAYABAL","estado":"OPERACION"}},{"type":"Feature","geometry":{"type":"LineString","coordinates":[[-75.594801,6.17944],[-75.59324,6.178481]],"crs":null},"properties":{"tension_kv":"110","circuito":"ITAGUI - ENVIGADO","estado":"OPERACION"}},{"type":"Feature","geometry":{"type":"LineString","coordinates":[[-75.594836,6.179384],[-75.5933,6.178466]],"crs":null},"properties":{"tension_kv":"220","circuito":"OCCIDENTE - ENVIGADO","estado":"OPERACION"}},{"type":"Feature","geometry":{"type":"LineString","coordinates":[[-75.591382,6.179722],[-75.591855,6.178947]],"crs":null},"properties":{"tension_kv":"110","circuito":"ANCON SUR - GUAYABAL","estado":"OPERACION"}},{"type":"Feature","geometry":{"type":"LineString","coordinates":[[-75.596812,6.180592],[-75.594801,6.17944]],"crs":null},"properties":{"tension_kv":"110","circuito":"ITAGUI - ENVIGADO","estado":"OPERACION"}},{"type":"Feature","geometry":{"type":"LineString","coordinates":[[-75.599852,6.181778],[-75.596812,6.180592]],"crs":null},"properties":{"tension_kv":"110","circuito":"ITAGUI - ENVIGADO","estado":"OPERACION"}},{"type":"Feature","geometry":{"type":"LineString","coordinates":[[-75.596837,6.180532],[-75.594836,6.179384]],"crs":null},"properties":{"tension_kv":"220","circuito":"OCCIDENTE - ENVIGADO","estado":"OPERACION"}},{"type":"Feature","geometry":{"type":"LineString","coordinates":[[-75.599862,6.181715],[-75.596837,6.180532]],"crs":null},"properties":{"tension_kv":"220","circuito":"OCCIDENTE - ENVIGADO","estado":"OPERACION"}},{"type":"Feature","geometry":{"type":"LineString","coordinates":[[-75.604635,6.182568],[-75.599852,6.181778]],"crs":null},"properties":{"tension_kv":"110","circuito":"ITAGUI - ENVIGADO","estado":"OPERACION"}},{"type":"Feature","geometry":{"type":"LineString","coordinates":[[-75.604673,6.182515],[-75.599862,6.181715]],"crs":null},"properties":{"tension_kv":"220","circuito":"OCCIDENTE - ENVIGADO","estado":"OPERACION"}},{"type":"Feature","geometry":{"type":"LineString","coordinates":[[-75.620994,6.18005],[-75.623171,6.178057]],"crs":null},"properties":{"tension_kv":"110","circuito":"ITAGUI - ENVIGADO","estado":"OPERACION"}},{"type":"Feature","geometry":{"type":"LineString","coordinates":[[-75.621033,6.180094],[-75.623215,6.178104]],"crs":null},"properties":{"tension_kv":"110","circuito":"RODEO - ITAGUI","estado":"OPERACION"}},{"type":"Feature","geometry":{"type":"LineString","coordinates":[[-75.618455,6.182359],[-75.620994,6.18005]],"crs":null},"properties":{"tension_kv":"110","circuito":"ITAGUI - ENVIGADO","estado":"OPERACION"}},{"type":"Feature","geometry":{"type":"LineString","coordinates":[[-75.618497,6.182397],[-75.621033,6.180094]],"crs":null},"properties":{"tension_kv":"110","circuito":"RODEO - ITAGUI","estado":"OPERACION"}},{"type":"Feature","geometry":{"type":"LineString","coordinates":[[-75.615832,6.185523],[-75.618455,6.182359]],"crs":null},"properties":{"tension_kv":"110","circuito":"ITAGUI - ENVIGADO","estado":"OPERACION"}},{"type":"Feature","geometry":{"type":"LineString","coordinates":[[-75.61588,6.185566],[-75.618497,6.182397]],"crs":null},"properties":{"tension_kv":"110","circuito":"RODEO - ITAGUI","estado":"OPERACION"}},{"type":"Feature","geometry":{"type":"LineString","coordinates":[[-75.623171,6.178057],[-75.625882,6.176135]],"crs":null},"properties":{"tension_kv":"110","circuito":"ITAGUI - ENVIGADO","estado":"OPERACION"}},{"type":"Feature","geometry":{"type":"LineString","coordinates":[[-75.623215,6.178104],[-75.625928,6.176186]],"crs":null},"properties":{"tension_kv":"110","circuito":"RODEO - ITAGUI","estado":"OPERACION"}},{"type":"Feature","geometry":{"type":"LineString","coordinates":[[-75.671569,6.183036],[-75.670481,6.18053]],"crs":null},"properties":{"tension_kv":"110","circuito":"BELEN - ANCON SUR","estado":"OPERACION"}},{"type":"Feature","geometry":{"type":"LineString","coordinates":[[-75.670541,6.180506],[-75.668144,6.174959]],"crs":null},"properties":{"tension_kv":"220","circuito":"OCCIDENTE - ANCON SUR","estado":"OPERACION"}},{"type":"Feature","geometry":{"type":"LineString","coordinates":[[-75.670481,6.18053],[-75.668082,6.174985]],"crs":null},"properties":{"tension_kv":"110","circuito":"BELEN - ANCON SUR","estado":"OPERACION"}},{"type":"Feature","geometry":{"type":"LineString","coordinates":[[-75.671627,6.183005],[-75.670541,6.180506]],"crs":null},"properties":{"tension_kv":"220","circuito":"OCCIDENTE - ANCON SUR","estado":"OPERACION"}},{"type":"Feature","geometry":{"type":"LineString","coordinates":[[-75.544933,6.186978],[-75.545944,6.182313]],"crs":null},"properties":{"tension_kv":"220","circuito":"MIRAFLORES - ANCON SUR","estado":"OPERACION"}},{"type":"Feature","geometry":{"type":"LineString","coordinates":[[-75.543958,6.192218],[-75.544627,6.188318]],"crs":null},"properties":{"tension_kv":"220","circuito":"MIRAFLORES - ANCON SUR","estado":"OPERACION"}},{"type":"Feature","geometry":{"type":"LineString","coordinates":[[-75.544627,6.188318],[-75.544933,6.186978]],"crs":null},"properties":{"tension_kv":"220","circuito":"MIRAFLORES - ANCON SUR","estado":"OPERACION"}},{"type":"Feature","geometry":{"type":"LineString","coordinates":[[-75.582468,6.193091],[-75.58267,6.192206]],"crs":null},"properties":{"tension_kv":"110","circuito":"ANCON SUR - GUAYABAL","estado":"OPERACION"}},{"type":"Feature","geometry":{"type":"LineString","coordinates":[[-75.58267,6.192206],[-75.582875,6.191317]],"crs":null},"properties":{"tension_kv":"110","circuito":"ANCON SUR - GUAYABAL","estado":"OPERACION"}},{"type":"Feature","geometry":{"type":"LineString","coordinates":[[-75.582406,6.19307],[-75.582607,6.192191]],"crs":null},"properties":{"tension_kv":"110","circuito":"GUAYABAL - ENVIGADO","estado":"OPERACION"}},{"type":"Feature","geometry":{"type":"LineString","coordinates":[[-75.582607,6.192191],[-75.582812,6.191305]],"crs":null},"properties":{"tension_kv":"110","circuito":"GUAYABAL - ENVIGADO","estado":"OPERACION"}},{"type":"Feature","geometry":{"type":"LineString","coordinates":[[-75.582875,6.191317],[-75.583076,6.190435]],"crs":null},"properties":{"tension_kv":"110","circuito":"ANCON SUR - GUAYABAL","estado":"OPERACION"}},{"type":"Feature","geometry":{"type":"LineString","coordinates":[[-75.582812,6.191305],[-75.583014,6.190419]],"crs":null},"properties":{"tension_kv":"110","circuito":"GUAYABAL - ENVIGADO","estado":"OPERACION"}},{"type":"Feature","geometry":{"type":"LineString","coordinates":[[-75.583076,6.190435],[-75.583278,6.189551]],"crs":null},"properties":{"tension_kv":"110","circuito":"ANCON SUR - GUAYABAL","estado":"OPERACION"}},{"type":"Feature","geometry":{"type":"LineString","coordinates":[[-75.583014,6.190419],[-75.583215,6.189537]],"crs":null},"properties":{"tension_kv":"110","circuito":"GUAYABAL - ENVIGADO","estado":"OPERACION"}},{"type":"Feature","geometry":{"type":"LineString","coordinates":[[-75.583278,6.189551],[-75.583623,6.188718]],"crs":null},"properties":{"tension_kv":"110","circuito":"ANCON SUR - GUAYABAL","estado":"OPERACION"}},{"type":"Feature","geometry":{"type":"LineString","coordinates":[[-75.583215,6.189537],[-75.583564,6.188694]],"crs":null},"properties":{"tension_kv":"110","circuito":"GUAYABAL - ENVIGADO","estado":"OPERACION"}},{"type":"Feature","geometry":{"type":"LineString","coordinates":[[-75.583623,6.188718],[-75.584159,6.188009]],"crs":null},"properties":{"tension_kv":"110","circuito":"ANCON SUR - GUAYABAL","estado":"OPERACION"}},{"type":"Feature","geometry":{"type":"LineString","coordinates":[[-75.584159,6.188009],[-75.584988,6.187295]],"crs":null},"properties":{"tension_kv":"110","circuito":"ANCON SUR - GUAYABAL","estado":"OPERACION"}},{"type":"Feature","geometry":{"type":"LineString","coordinates":[[-75.583564,6.188694],[-75.584117,6.187959]],"crs":null},"properties":{"tension_kv":"110","circuito":"GUAYABAL - ENVIGADO","estado":"OPERACION"}},{"type":"Feature","geometry":{"type":"LineString","coordinates":[[-75.584117,6.187959],[-75.58495,6.187241]],"crs":null},"properties":{"tension_kv":"110","circuito":"GUAYABAL - ENVIGADO","estado":"OPERACION"}},{"type":"Feature","geometry":{"type":"LineString","coordinates":[[-75.584988,6.187295],[-75.585883,6.186633]],"crs":null},"properties":{"tension_kv":"110","circuito":"ANCON SUR - GUAYABAL","estado":"OPERACION"}},{"type":"Feature","geometry":{"type":"LineString","coordinates":[[-75.58495,6.187241],[-75.585832,6.186588]],"crs":null},"properties":{"tension_kv":"110","circuito":"GUAYABAL - ENVIGADO","estado":"OPERACION"}},{"type":"Feature","geometry":{"type":"LineString","coordinates":[[-75.586621,6.186011],[-75.58748,6.185356]],"crs":null},"properties":{"tension_kv":"110","circuito":"GUAYABAL - ENVIGADO","estado":"OPERACION"}},{"type":"Feature","geometry":{"type":"LineString","coordinates":[[-75.585832,6.186588],[-75.586621,6.186011]],"crs":null},"properties":{"tension_kv":"110","circuito":"GUAYABAL - ENVIGADO","estado":"OPERACION"}},{"type":"Feature","geometry":{"type":"LineString","coordinates":[[-75.585883,6.186633],[-75.586657,6.186064]],"crs":null},"properties":{"tension_kv":"110","circuito":"ANCON SUR - GUAYABAL","estado":"OPERACION"}},{"type":"Feature","geometry":{"type":"LineString","coordinates":[[-75.586657,6.186064],[-75.587525,6.185402]],"crs":null},"properties":{"tension_kv":"110","circuito":"ANCON SUR - GUAYABAL","estado":"OPERACION"}},{"type":"Feature","geometry":{"type":"LineString","coordinates":[[-75.615265,6.190979],[-75.611858,6.187939]],"crs":null},"properties":{"tension_kv":"110","circuito":"RODEO - ITAGUI","estado":"OPERACION"}},{"type":"Feature","geometry":{"type":"LineString","coordinates":[[-75.613766,6.186954],[-75.611676,6.187819]],"crs":null},"properties":{"tension_kv":"110","circuito":"ITAGUI - ENVIGADO","estado":"OPERACION"}},{"type":"Feature","geometry":{"type":"LineString","coordinates":[[-75.6119,6.187893],[-75.604673,6.182515]],"crs":null},"properties":{"tension_kv":"220","circuito":"OCCIDENTE - ENVIGADO","estado":"OPERACION"}},{"type":"Feature","geometry":{"type":"LineString","coordinates":[[-75.615311,6.190935],[-75.6119,6.187893]],"crs":null},"properties":{"tension_kv":"220","circuito":"OCCIDENTE - ENVIGADO","estado":"OPERACION"}},{"type":"Feature","geometry":{"type":"LineString","coordinates":[[-75.615137,6.186871],[-75.615832,6.185523]],"crs":null},"properties":{"tension_kv":"110","circuito":"ITAGUI - ENVIGADO","estado":"OPERACION"}},{"type":"Feature","geometry":{"type":"LineString","coordinates":[[-75.615179,6.186915],[-75.61588,6.185566]],"crs":null},"properties":{"tension_kv":"110","circuito":"RODEO - ITAGUI","estado":"OPERACION"}},{"type":"Feature","geometry":{"type":"LineString","coordinates":[[-75.61464,6.187194],[-75.615137,6.186871]],"crs":null},"properties":{"tension_kv":"110","circuito":"ITAGUI - ENVIGADO","estado":"OPERACION"}},{"type":"Feature","geometry":{"type":"LineString","coordinates":[[-75.614632,6.187257],[-75.615179,6.186915]],"crs":null},"properties":{"tension_kv":"110","circuito":"RODEO - ITAGUI","estado":"OPERACION"}},{"type":"Feature","geometry":{"type":"LineString","coordinates":[[-75.613771,6.187014],[-75.614632,6.187257]],"crs":null},"properties":{"tension_kv":"110","circuito":"RODEO - ITAGUI","estado":"OPERACION"}},{"type":"Feature","geometry":{"type":"LineString","coordinates":[[-75.613766,6.186954],[-75.614641,6.187194]],"crs":null},"properties":{"tension_kv":"110","circuito":"ITAGUI - ENVIGADO","estado":"OPERACION"}},{"type":"Feature","geometry":{"type":"LineString","coordinates":[[-75.674096,6.191201],[-75.67421,6.186879]],"crs":null},"properties":{"tension_kv":"220","circuito":"OCCIDENTE - ANCON SUR","estado":"OPERACION"}},{"type":"Feature","geometry":{"type":"LineString","coordinates":[[-75.674033,6.1912],[-75.674147,6.186877]],"crs":null},"properties":{"tension_kv":"110","circuito":"BELEN - ANCON SUR","estado":"OPERACION"}},{"type":"Feature","geometry":{"type":"LineString","coordinates":[[-75.67421,6.186879],[-75.673229,6.185657]],"crs":null},"properties":{"tension_kv":"220","circuito":"OCCIDENTE - ANCON SUR","estado":"OPERACION"}},{"type":"Feature","geometry":{"type":"LineString","coordinates":[[-75.674147,6.186877],[-75.67318,6.185698]],"crs":null},"properties":{"tension_kv":"110","circuito":"BELEN - ANCON SUR","estado":"OPERACION"}},{"type":"Feature","geometry":{"type":"LineString","coordinates":[[-75.67318,6.185698],[-75.671569,6.183036]],"crs":null},"properties":{"tension_kv":"110","circuito":"BELEN - ANCON SUR","estado":"OPERACION"}},{"type":"Feature","geometry":{"type":"LineString","coordinates":[[-75.673229,6.185657],[-75.671627,6.183005]],"crs":null},"properties":{"tension_kv":"220","circuito":"OCCIDENTE - ANCON SUR","estado":"OPERACION"}},{"type":"Feature","geometry":{"type":"LineString","coordinates":[[-75.543233,6.197073],[-75.543427,6.195178]],"crs":null},"properties":{"tension_kv":"220","circuito":"MIRAFLORES - ANCON SUR","estado":"OPERACION"}},{"type":"Feature","geometry":{"type":"LineString","coordinates":[[-75.543427,6.195178],[-75.543958,6.192218]],"crs":null},"properties":{"tension_kv":"220","circuito":"MIRAFLORES - ANCON SUR","estado":"OPERACION"}},{"type":"Feature","geometry":{"type":"LineString","coordinates":[[-75.579749,6.20353],[-75.579864,6.202635]],"crs":null},"properties":{"tension_kv":"110","circuito":"ANCON SUR - GUAYABAL","estado":"OPERACION"}},{"type":"Feature","geometry":{"type":"LineString","coordinates":[[-75.579686,6.203524],[-75.5798,6.202626]],"crs":null},"properties":{"tension_kv":"110","circuito":"GUAYABAL - ENVIGADO","estado":"OPERACION"}},{"type":"Feature","geometry":{"type":"LineString","coordinates":[[-75.579864,6.202635],[-75.579991,6.201739]],"crs":null},"properties":{"tension_kv":"110","circuito":"ANCON SUR - GUAYABAL","estado":"OPERACION"}},{"type":"Feature","geometry":{"type":"LineString","coordinates":[[-75.579991,6.201739],[-75.580111,6.200842]],"crs":null},"properties":{"tension_kv":"110","circuito":"ANCON SUR - GUAYABAL","estado":"OPERACION"}},{"type":"Feature","geometry":{"type":"LineString","coordinates":[[-75.5798,6.202626],[-75.579927,6.201728]],"crs":null},"properties":{"tension_kv":"110","circuito":"GUAYABAL - ENVIGADO","estado":"OPERACION"}},{"type":"Feature","geometry":{"type":"LineString","coordinates":[[-75.579927,6.201728],[-75.580047,6.200833]],"crs":null},"properties":{"tension_kv":"110","circuito":"GUAYABAL - ENVIGADO","estado":"OPERACION"}},{"type":"Feature","geometry":{"type":"LineString","coordinates":[[-75.580111,6.200842],[-75.580229,6.199955]],"crs":null},"properties":{"tension_kv":"110","circuito":"ANCON SUR - GUAYABAL","estado":"OPERACION"}},{"type":"Feature","geometry":{"type":"LineString","coordinates":[[-75.580229,6.199955],[-75.58041,6.199074]],"crs":null},"properties":{"tension_kv":"110","circuito":"ANCON SUR - GUAYABAL","estado":"OPERACION"}},{"type":"Feature","geometry":{"type":"LineString","coordinates":[[-75.580167,6.199944],[-75.580348,6.19906]],"crs":null},"properties":{"tension_kv":"110","circuito":"GUAYABAL - ENVIGADO","estado":"OPERACION"}},{"type":"Feature","geometry":{"type":"LineString","coordinates":[[-75.58041,6.199074],[-75.580626,6.198222]],"crs":null},"properties":{"tension_kv":"110","circuito":"ANCON SUR - GUAYABAL","estado":"OPERACION"}},{"type":"Feature","geometry":{"type":"LineString","coordinates":[[-75.580348,6.19906],[-75.580565,6.198202]],"crs":null},"properties":{"tension_kv":"110","circuito":"GUAYABAL - ENVIGADO","estado":"OPERACION"}},{"type":"Feature","geometry":{"type":"LineString","coordinates":[[-75.580565,6.198202],[-75.580868,6.197349]],"crs":null},"properties":{"tension_kv":"110","circuito":"GUAYABAL - ENVIGADO","estado":"OPERACION"}},{"type":"Feature","geometry":{"type":"LineString","coordinates":[[-75.580047,6.200833],[-75.580167,6.199944]],"crs":null},"properties":{"tension_kv":"110","circuito":"GUAYABAL - ENVIGADO","estado":"OPERACION"}},{"type":"Feature","geometry":{"type":"LineString","coordinates":[[-75.581806,6.19478],[-75.582406,6.19307]],"crs":null},"properties":{"tension_kv":"110","circuito":"GUAYABAL - ENVIGADO","estado":"OPERACION"}},{"type":"Feature","geometry":{"type":"LineString","coordinates":[[-75.581566,6.195649],[-75.581867,6.194801]],"crs":null},"properties":{"tension_kv":"110","circuito":"ANCON SUR - GUAYABAL","estado":"OPERACION"}},{"type":"Feature","geometry":{"type":"LineString","coordinates":[[-75.581506,6.195627],[-75.581806,6.19478]],"crs":null},"properties":{"tension_kv":"110","circuito":"GUAYABAL - ENVIGADO","estado":"OPERACION"}},{"type":"Feature","geometry":{"type":"LineString","coordinates":[[-75.580868,6.197349],[-75.581506,6.195627]],"crs":null},"properties":{"tension_kv":"110","circuito":"GUAYABAL - ENVIGADO","estado":"OPERACION"}},{"type":"Feature","geometry":{"type":"LineString","coordinates":[[-75.580929,6.197371],[-75.581566,6.195649]],"crs":null},"properties":{"tension_kv":"110","circuito":"ANCON SUR - GUAYABAL","estado":"OPERACION"}},{"type":"Feature","geometry":{"type":"LineString","coordinates":[[-75.580626,6.198222],[-75.580929,6.197371]],"crs":null},"properties":{"tension_kv":"110","circuito":"ANCON SUR - GUAYABAL","estado":"OPERACION"}},{"type":"Feature","geometry":{"type":"LineString","coordinates":[[-75.581867,6.194801],[-75.582468,6.193091]],"crs":null},"properties":{"tension_kv":"110","circuito":"ANCON SUR - GUAYABAL","estado":"OPERACION"}},{"type":"Feature","geometry":{"type":"LineString","coordinates":[[-75.601484,6.19753],[-75.596649,6.196423]],"crs":null},"properties":{"tension_kv":"110","circuito":"RODEO - ITAGUI","estado":"OPERACION"}},{"type":"Feature","geometry":{"type":"LineString","coordinates":[[-75.607388,6.198157],[-75.605241,6.198364]],"crs":null},"properties":{"tension_kv":"110","circuito":"BELEN - RODEO","estado":"OPERACION"}},{"type":"Feature","geometry":{"type":"LineString","coordinates":[[-75.607379,6.198091],[-75.605238,6.198296]],"crs":null},"properties":{"tension_kv":"110","circuito":"RODEO - ITAGUI","estado":"OPERACION"}},{"type":"Feature","geometry":{"type":"LineString","coordinates":[[-75.605241,6.198364],[-75.603504,6.198063]],"crs":null},"properties":{"tension_kv":"110","circuito":"BELEN - RODEO","estado":"OPERACION"}},{"type":"Feature","geometry":{"type":"LineString","coordinates":[[-75.605238,6.198296],[-75.603514,6.197996]],"crs":null},"properties":{"tension_kv":"110","circuito":"RODEO - ITAGUI","estado":"OPERACION"}},{"type":"Feature","geometry":{"type":"LineString","coordinates":[[-75.603504,6.198063],[-75.60147,6.197595]],"crs":null},"properties":{"tension_kv":"110","circuito":"BELEN - RODEO","estado":"OPERACION"}},{"type":"Feature","geometry":{"type":"LineString","coordinates":[[-75.603514,6.197996],[-75.601484,6.19753]],"crs":null},"properties":{"tension_kv":"110","circuito":"RODEO - ITAGUI","estado":"OPERACION"}},{"type":"Feature","geometry":{"type":"LineString","coordinates":[[-75.596647,6.196425],[-75.595925,6.19697]],"crs":null},"properties":{"tension_kv":"110","circuito":"RODEO - ITAGUI","estado":"OPERACION"}},{"type":"Feature","geometry":{"type":"LineString","coordinates":[[-75.596634,6.196485],[-75.595994,6.197034]],"crs":null},"properties":{"tension_kv":"110","circuito":"BELEN - RODEO","estado":"OPERACION"}},{"type":"Feature","geometry":{"type":"LineString","coordinates":[[-75.60147,6.197595],[-75.596634,6.196485]],"crs":null},"properties":{"tension_kv":"110","circuito":"BELEN - RODEO","estado":"OPERACION"}},{"type":"Feature","geometry":{"type":"LineString","coordinates":[[-75.620498,6.20138],[-75.61853,6.195976]],"crs":null},"properties":{"tension_kv":"110","circuito":"BELEN - RODEO","estado":"OPERACION"}},{"type":"Feature","geometry":{"type":"LineString","coordinates":[[-75.618446,6.196059],[-75.616912,6.197525]],"crs":null},"properties":{"tension_kv":"110","circuito":"BELEN - RODEO","estado":"OPERACION"}},{"type":"Feature","geometry":{"type":"LineString","coordinates":[[-75.618402,6.196015],[-75.616862,6.197471]],"crs":null},"properties":{"tension_kv":"110","circuito":"RODEO - ITAGUI","estado":"OPERACION"}},{"type":"Feature","geometry":{"type":"LineString","coordinates":[[-75.616912,6.197525],[-75.614109,6.197712]],"crs":null},"properties":{"tension_kv":"110","circuito":"BELEN - RODEO","estado":"OPERACION"}},{"type":"Feature","geometry":{"type":"LineString","coordinates":[[-75.616862,6.197471],[-75.614109,6.197647]],"crs":null},"properties":{"tension_kv":"110","circuito":"RODEO - ITAGUI","estado":"OPERACION"}},{"type":"Feature","geometry":{"type":"LineString","coordinates":[[-75.618511,6.195932],[-75.618402,6.196015]],"crs":null},"properties":{"tension_kv":"110","circuito":"RODEO - ITAGUI","estado":"OPERACION"}},{"type":"Feature","geometry":{"type":"LineString","coordinates":[[-75.618511,6.195932],[-75.615265,6.190979]],"crs":null},"properties":{"tension_kv":"110","circuito":"RODEO - ITAGUI","estado":"OPERACION"}},{"type":"Feature","geometry":{"type":"LineString","coordinates":[[-75.620561,6.201358],[-75.618553,6.195914]],"crs":null},"properties":{"tension_kv":"220","circuito":"OCCIDENTE - ENVIGADO","estado":"OPERACION"}},{"type":"Feature","geometry":{"type":"LineString","coordinates":[[-75.618553,6.195914],[-75.615311,6.190935]],"crs":null},"properties":{"tension_kv":"220","circuito":"OCCIDENTE - ENVIGADO","estado":"OPERACION"}},{"type":"Feature","geometry":{"type":"LineString","coordinates":[[-75.614109,6.197712],[-75.607388,6.198157]],"crs":null},"properties":{"tension_kv":"110","circuito":"BELEN - RODEO","estado":"OPERACION"}},{"type":"Feature","geometry":{"type":"LineString","coordinates":[[-75.614109,6.197647],[-75.607379,6.198091]],"crs":null},"properties":{"tension_kv":"110","circuito":"RODEO - ITAGUI","estado":"OPERACION"}},{"type":"Feature","geometry":{"type":"LineString","coordinates":[[-75.61853,6.195976],[-75.618446,6.196059]],"crs":null},"properties":{"tension_kv":"110","circuito":"BELEN - RODEO","estado":"OPERACION"}},{"type":"Feature","geometry":{"type":"LineString","coordinates":[[-75.541808,6.208854],[-75.542272,6.205147]],"crs":null},"properties":{"tension_kv":"220","circuito":"MIRAFLORES - ANCON SUR","estado":"OPERACION"}},{"type":"Feature","geometry":{"type":"LineString","coordinates":[[-75.542272,6.205147],[-75.543233,6.197073]],"crs":null},"properties":{"tension_kv":"220","circuito":"MIRAFLORES - ANCON SUR","estado":"OPERACION"}},{"type":"Feature","geometry":{"type":"LineString","coordinates":[[-75.56509,6.203751],[-75.565544,6.203163]],"crs":null},"properties":{"tension_kv":"110","circuito":"POBLADO - SAN DIEGO","estado":"OPERACION"}},{"type":"Feature","geometry":{"type":"LineString","coordinates":[[-75.567811,6.206857],[-75.567186,6.207061]],"crs":null},"properties":{"tension_kv":"110","circuito":"GUAYABAL - POBLADO","estado":"OPERACION"}},{"type":"Feature","geometry":{"type":"LineString","coordinates":[[-75.567809,6.206922],[-75.567184,6.207126]],"crs":null},"properties":{"tension_kv":"110","circuito":"POBLADO - SAN DIEGO","estado":"OPERACION"}},{"type":"Feature","geometry":{"type":"LineString","coordinates":[[-75.567184,6.207126],[-75.566502,6.206414]],"crs":null},"properties":{"tension_kv":"110","circuito":"POBLADO - SAN DIEGO","estado":"OPERACION"}},{"type":"Feature","geometry":{"type":"LineString","coordinates":[[-75.566502,6.206414],[-75.566385,6.206104]],"crs":null},"properties":{"tension_kv":"110","circuito":"POBLADO - SAN DIEGO","estado":"OPERACION"}},{"type":"Feature","geometry":{"type":"LineString","coordinates":[[-75.566448,6.206103],[-75.566007,6.205709]],"crs":null},"properties":{"tension_kv":"110","circuito":"GUAYABAL - POBLADO","estado":"OPERACION"}},{"type":"Feature","geometry":{"type":"LineString","coordinates":[[-75.566385,6.206104],[-75.565943,6.205709]],"crs":null},"properties":{"tension_kv":"110","circuito":"POBLADO - SAN DIEGO","estado":"OPERACION"}},{"type":"Feature","geometry":{"type":"LineString","coordinates":[[-75.565943,6.205709],[-75.565552,6.205066]],"crs":null},"properties":{"tension_kv":"110","circuito":"POBLADO - SAN DIEGO","estado":"OPERACION"}},{"type":"Feature","geometry":{"type":"LineString","coordinates":[[-75.566007,6.205709],[-75.565589,6.205037]],"crs":null},"properties":{"tension_kv":"110","circuito":"GUAYABAL - POBLADO","estado":"OPERACION"}},{"type":"Feature","geometry":{"type":"LineString","coordinates":[[-75.565589,6.205037],[-75.564903,6.204758]],"crs":null},"properties":{"tension_kv":"110","circuito":"GUAYABAL - POBLADO","estado":"OPERACION"}},{"type":"Feature","geometry":{"type":"LineString","coordinates":[[-75.564903,6.204758],[-75.565153,6.203752]],"crs":null},"properties":{"tension_kv":"110","circuito":"GUAYABAL - POBLADO","estado":"OPERACION"}},{"type":"Feature","geometry":{"type":"LineString","coordinates":[[-75.564844,6.204784],[-75.56509,6.203751]],"crs":null},"properties":{"tension_kv":"110","circuito":"POBLADO - SAN DIEGO","estado":"OPERACION"}},{"type":"Feature","geometry":{"type":"LineString","coordinates":[[-75.565153,6.203752],[-75.565596,6.203203]],"crs":null},"properties":{"tension_kv":"110","circuito":"GUAYABAL - POBLADO","estado":"OPERACION"}},{"type":"Feature","geometry":{"type":"LineString","coordinates":[[-75.565552,6.205066],[-75.564844,6.204784]],"crs":null},"properties":{"tension_kv":"110","circuito":"POBLADO - SAN DIEGO","estado":"OPERACION"}},{"type":"Feature","geometry":{"type":"LineString","coordinates":[[-75.567186,6.207061],[-75.566567,6.206414]],"crs":null},"properties":{"tension_kv":"110","circuito":"GUAYABAL - POBLADO","estado":"OPERACION"}},{"type":"Feature","geometry":{"type":"LineString","coordinates":[[-75.566567,6.206414],[-75.566448,6.206103]],"crs":null},"properties":{"tension_kv":"110","circuito":"GUAYABAL - POBLADO","estado":"OPERACION"}},{"type":"Feature","geometry":{"type":"LineString","coordinates":[[-75.577817,6.212129],[-75.578415,6.207937]],"crs":null},"properties":{"tension_kv":"110","circuito":"GUAYABAL - POBLADO","estado":"OPERACION"}},{"type":"Feature","geometry":{"type":"LineString","coordinates":[[-75.577879,6.212138],[-75.578456,6.20799]],"crs":null},"properties":{"tension_kv":"110","circuito":"GUAYABAL - SAN DIEGO","estado":"OPERACION"}},{"type":"Feature","geometry":{"type":"LineString","coordinates":[[-75.578415,6.207937],[-75.579526,6.208087]],"crs":null},"properties":{"tension_kv":"110","circuito":"GUAYABAL - POBLADO","estado":"OPERACION"}},{"type":"Feature","geometry":{"type":"LineString","coordinates":[[-75.578456,6.20799],[-75.579529,6.208151]],"crs":null},"properties":{"tension_kv":"110","circuito":"GUAYABAL - SAN DIEGO","estado":"OPERACION"}},{"type":"Feature","geometry":{"type":"LineString","coordinates":[[-75.578975,6.210019],[-75.579198,6.208466]],"crs":null},"properties":{"tension_kv":"110","circuito":"CENTRAL - GUAYABAL II","estado":"OPERACION"}},{"type":"Feature","geometry":{"type":"LineString","coordinates":[[-75.579039,6.210029],[-75.579251,6.208498]],"crs":null},"properties":{"tension_kv":"110","circuito":"CENTRAL - GUAYABAL I","estado":"OPERACION"}},{"type":"Feature","geometry":{"type":"LineString","coordinates":[[-75.575823,6.211157],[-75.575875,6.210712]],"crs":null},"properties":{"tension_kv":"110","circuito":"GUAYABAL - POBLADO","estado":"OPERACION"}},{"type":"Feature","geometry":{"type":"LineString","coordinates":[[-75.575875,6.210712],[-75.575917,6.210211]],"crs":null},"properties":{"tension_kv":"110","circuito":"GUAYABAL - POBLADO","estado":"OPERACION"}},{"type":"Feature","geometry":{"type":"LineString","coordinates":[[-75.575759,6.211158],[-75.575809,6.210716]],"crs":null},"properties":{"tension_kv":"110","circuito":"POBLADO - SAN DIEGO","estado":"OPERACION"}},{"type":"Feature","geometry":{"type":"LineString","coordinates":[[-75.575809,6.210716],[-75.575852,6.210212]],"crs":null},"properties":{"tension_kv":"110","circuito":"POBLADO - SAN DIEGO","estado":"OPERACION"}},{"type":"Feature","geometry":{"type":"LineString","coordinates":[[-75.575852,6.210212],[-75.575569,6.209345]],"crs":null},"properties":{"tension_kv":"110","circuito":"POBLADO - SAN DIEGO","estado":"OPERACION"}},{"type":"Feature","geometry":{"type":"LineString","coordinates":[[-75.575633,6.209343],[-75.575353,6.208491]],"crs":null},"properties":{"tension_kv":"110","circuito":"GUAYABAL - POBLADO","estado":"OPERACION"}},{"type":"Feature","geometry":{"type":"LineString","coordinates":[[-75.575569,6.209345],[-75.575288,6.208489]],"crs":null},"properties":{"tension_kv":"110","circuito":"POBLADO - SAN DIEGO","estado":"OPERACION"}},{"type":"Feature","geometry":{"type":"LineString","coordinates":[[-75.574092,6.207689],[-75.573407,6.207983]],"crs":null},"properties":{"tension_kv":"110","circuito":"GUAYABAL - POBLADO","estado":"OPERACION"}},{"type":"Feature","geometry":{"type":"LineString","coordinates":[[-75.573407,6.207983],[-75.572733,6.20792]],"crs":null},"properties":{"tension_kv":"110","circuito":"GUAYABAL - POBLADO","estado":"OPERACION"}},{"type":"Feature","geometry":{"type":"LineString","coordinates":[[-75.574094,6.207754],[-75.57341,6.208048]],"crs":null},"properties":{"tension_kv":"110","circuito":"POBLADO - SAN DIEGO","estado":"OPERACION"}},{"type":"Feature","geometry":{"type":"LineString","coordinates":[[-75.57341,6.208048],[-75.572736,6.207984]],"crs":null},"properties":{"tension_kv":"110","circuito":"POBLADO - SAN DIEGO","estado":"OPERACION"}},{"type":"Feature","geometry":{"type":"LineString","coordinates":[[-75.572733,6.20792],[-75.572017,6.207569]],"crs":null},"properties":{"tension_kv":"110","circuito":"GUAYABAL - POBLADO","estado":"OPERACION"}},{"type":"Feature","geometry":{"type":"LineString","coordinates":[[-75.572736,6.207984],[-75.572021,6.207633]],"crs":null},"properties":{"tension_kv":"110","circuito":"POBLADO - SAN DIEGO","estado":"OPERACION"}},{"type":"Feature","geometry":{"type":"LineString","coordinates":[[-75.572021,6.207633],[-75.571639,6.207575]],"crs":null},"properties":{"tension_kv":"110","circuito":"POBLADO - SAN DIEGO","estado":"OPERACION"}},{"type":"Feature","geometry":{"type":"LineString","coordinates":[[-75.572017,6.207569],[-75.571639,6.207511]],"crs":null},"properties":{"tension_kv":"110","circuito":"GUAYABAL - POBLADO","estado":"OPERACION"}},{"type":"Feature","geometry":{"type":"LineString","coordinates":[[-75.571639,6.207511],[-75.571105,6.207631]],"crs":null},"properties":{"tension_kv":"110","circuito":"GUAYABAL - POBLADO","estado":"OPERACION"}},{"type":"Feature","geometry":{"type":"LineString","coordinates":[[-75.571639,6.207575],[-75.571106,6.207694]],"crs":null},"properties":{"tension_kv":"110","circuito":"POBLADO - SAN DIEGO","estado":"OPERACION"}},{"type":"Feature","geometry":{"type":"LineString","coordinates":[[-75.571105,6.207631],[-75.570571,6.207996]],"crs":null},"properties":{"tension_kv":"110","circuito":"GUAYABAL - POBLADO","estado":"OPERACION"}},{"type":"Feature","geometry":{"type":"LineString","coordinates":[[-75.571106,6.207694],[-75.570573,6.208063]],"crs":null},"properties":{"tension_kv":"110","circuito":"POBLADO - SAN DIEGO","estado":"OPERACION"}},{"type":"Feature","geometry":{"type":"LineString","coordinates":[[-75.570571,6.207996],[-75.569959,6.207702]],"crs":null},"properties":{"tension_kv":"110","circuito":"GUAYABAL - POBLADO","estado":"OPERACION"}},{"type":"Feature","geometry":{"type":"LineString","coordinates":[[-75.570573,6.208063],[-75.569958,6.20777]],"crs":null},"properties":{"tension_kv":"110","circuito":"POBLADO - SAN DIEGO","estado":"OPERACION"}},{"type":"Feature","geometry":{"type":"LineString","coordinates":[[-75.569959,6.207702],[-75.569235,6.207612]],"crs":null},"properties":{"tension_kv":"110","circuito":"GUAYABAL - POBLADO","estado":"OPERACION"}},{"type":"Feature","geometry":{"type":"LineString","coordinates":[[-75.569958,6.20777],[-75.569235,6.207678]],"crs":null},"properties":{"tension_kv":"110","circuito":"POBLADO - SAN DIEGO","estado":"OPERACION"}},{"type":"Feature","geometry":{"type":"LineString","coordinates":[[-75.569235,6.207678],[-75.568722,6.207409]],"crs":null},"properties":{"tension_kv":"110","circuito":"POBLADO - SAN DIEGO","estado":"OPERACION"}},{"type":"Feature","geometry":{"type":"LineString","coordinates":[[-75.569235,6.207612],[-75.568722,6.207345]],"crs":null},"properties":{"tension_kv":"110","circuito":"GUAYABAL - POBLADO","estado":"OPERACION"}},{"type":"Feature","geometry":{"type":"LineString","coordinates":[[-75.568722,6.207409],[-75.567809,6.206922]],"crs":null},"properties":{"tension_kv":"110","circuito":"POBLADO - SAN DIEGO","estado":"OPERACION"}},{"type":"Feature","geometry":{"type":"LineString","coordinates":[[-75.57915,6.207145],[-75.579284,6.206244]],"crs":null},"properties":{"tension_kv":"110","circuito":"GUAYABAL - ENVIGADO","estado":"OPERACION"}},{"type":"Feature","geometry":{"type":"LineString","coordinates":[[-75.579348,6.206255],[-75.579493,6.205315]],"crs":null},"properties":{"tension_kv":"110","circuito":"ANCON SUR - GUAYABAL","estado":"OPERACION"}},{"type":"Feature","geometry":{"type":"LineString","coordinates":[[-75.579284,6.206244],[-75.579429,6.205304]],"crs":null},"properties":{"tension_kv":"110","circuito":"GUAYABAL - ENVIGADO","estado":"OPERACION"}},{"type":"Feature","geometry":{"type":"LineString","coordinates":[[-75.579493,6.205315],[-75.579677,6.20399]],"crs":null},"properties":{"tension_kv":"110","circuito":"ANCON SUR - GUAYABAL","estado":"OPERACION"}},{"type":"Feature","geometry":{"type":"LineString","coordinates":[[-75.579429,6.205304],[-75.579615,6.203979]],"crs":null},"properties":{"tension_kv":"110","circuito":"GUAYABAL - ENVIGADO","estado":"OPERACION"}},{"type":"Feature","geometry":{"type":"LineString","coordinates":[[-75.579677,6.20399],[-75.579749,6.20353]],"crs":null},"properties":{"tension_kv":"110","circuito":"ANCON SUR - GUAYABAL","estado":"OPERACION"}},{"type":"Feature","geometry":{"type":"LineString","coordinates":[[-75.579615,6.203979],[-75.579686,6.203524]],"crs":null},"properties":{"tension_kv":"110","circuito":"GUAYABAL - ENVIGADO","estado":"OPERACION"}},{"type":"Feature","geometry":{"type":"LineString","coordinates":[[-75.578772,6.211508],[-75.578975,6.210019]],"crs":null},"properties":{"tension_kv":"110","circuito":"CENTRAL - GUAYABAL II","estado":"OPERACION"}},{"type":"Feature","geometry":{"type":"LineString","coordinates":[[-75.578836,6.211518],[-75.579039,6.210029]],"crs":null},"properties":{"tension_kv":"110","circuito":"CENTRAL - GUAYABAL I","estado":"OPERACION"}},{"type":"Feature","geometry":{"type":"LineString","coordinates":[[-75.57566,6.21213],[-75.575759,6.211158]],"crs":null},"properties":{"tension_kv":"110","circuito":"POBLADO - SAN DIEGO","estado":"OPERACION"}},{"type":"Feature","geometry":{"type":"LineString","coordinates":[[-75.575725,6.212128],[-75.575823,6.211157]],"crs":null},"properties":{"tension_kv":"110","circuito":"GUAYABAL - POBLADO","estado":"OPERACION"}},{"type":"Feature","geometry":{"type":"LineString","coordinates":[[-75.579215,6.207155],[-75.579348,6.206255]],"crs":null},"properties":{"tension_kv":"110","circuito":"ANCON SUR - GUAYABAL","estado":"OPERACION"}},{"type":"Feature","geometry":{"type":"LineString","coordinates":[[-75.574757,6.207784],[-75.574094,6.207754]],"crs":null},"properties":{"tension_kv":"110","circuito":"POBLADO - SAN DIEGO","estado":"OPERACION"}},{"type":"Feature","geometry":{"type":"LineString","coordinates":[[-75.575353,6.208491],[-75.574803,6.207733]],"crs":null},"properties":{"tension_kv":"110","circuito":"GUAYABAL - POBLADO","estado":"OPERACION"}},{"type":"Feature","geometry":{"type":"LineString","coordinates":[[-75.575288,6.208489],[-75.574757,6.207784]],"crs":null},"properties":{"tension_kv":"110","circuito":"POBLADO - SAN DIEGO","estado":"OPERACION"}},{"type":"Feature","geometry":{"type":"LineString","coordinates":[[-75.575917,6.210211],[-75.575633,6.209343]],"crs":null},"properties":{"tension_kv":"110","circuito":"GUAYABAL - POBLADO","estado":"OPERACION"}},{"type":"Feature","geometry":{"type":"LineString","coordinates":[[-75.574803,6.207733],[-75.574092,6.207689]],"crs":null},"properties":{"tension_kv":"110","circuito":"GUAYABAL - POBLADO","estado":"OPERACION"}},{"type":"Feature","geometry":{"type":"LineString","coordinates":[[-75.568722,6.207345],[-75.567811,6.206857]],"crs":null},"properties":{"tension_kv":"110","circuito":"GUAYABAL - POBLADO","estado":"OPERACION"}},{"type":"Feature","geometry":{"type":"LineString","coordinates":[[-75.579827,6.20762],[-75.579215,6.207155]],"crs":null},"properties":{"tension_kv":"110","circuito":"ANCON SUR - GUAYABAL","estado":"OPERACION"}},{"type":"Feature","geometry":{"type":"LineString","coordinates":[[-75.579787,6.207671],[-75.57915,6.207145]],"crs":null},"properties":{"tension_kv":"110","circuito":"GUAYABAL - ENVIGADO","estado":"OPERACION"}},{"type":"Feature","geometry":{"type":"LineString","coordinates":[[-75.579793,6.207671],[-75.580201,6.207787]],"crs":null},"properties":{"tension_kv":"110","circuito":"GUAYABAL - ENVIGADO","estado":"OPERACION"}},{"type":"Feature","geometry":{"type":"LineString","coordinates":[[-75.579829,6.207619],[-75.580293,6.207656]],"crs":null},"properties":{"tension_kv":"110","circuito":"ANCON SUR - GUAYABAL","estado":"OPERACION"}},{"type":"Feature","geometry":{"type":"LineString","coordinates":[[-75.620377,6.210348],[-75.620518,6.210329]],"crs":null},"properties":{"tension_kv":"110","circuito":"BELEN - ANCON SUR","estado":"OPERACION"}},{"type":"Feature","geometry":{"type":"LineString","coordinates":[[-75.620324,6.21031],[-75.620498,6.20138]],"crs":null},"properties":{"tension_kv":"110","circuito":"BELEN - RODEO","estado":"OPERACION"}},{"type":"Feature","geometry":{"type":"LineString","coordinates":[[-75.620371,6.210302],[-75.620561,6.201358]],"crs":null},"properties":{"tension_kv":"220","circuito":"OCCIDENTE - ENVIGADO","estado":"OPERACION"}},{"type":"Feature","geometry":{"type":"LineString","coordinates":[[-75.620534,6.210267],[-75.620371,6.210302]],"crs":null},"properties":{"tension_kv":"220","circuito":"OCCIDENTE - ENVIGADO","estado":"OPERACION"}},{"type":"Feature","geometry":{"type":"LineString","coordinates":[[-75.576969,6.2186],[-75.577498,6.214868]],"crs":null},"properties":{"tension_kv":"110","circuito":"GUAYABAL - SAN DIEGO","estado":"OPERACION"}},{"type":"Feature","geometry":{"type":"LineString","coordinates":[[-75.576874,6.213067],[-75.57566,6.21213]],"crs":null},"properties":{"tension_kv":"110","circuito":"POBLADO - SAN DIEGO","estado":"OPERACION"}},{"type":"Feature","geometry":{"type":"LineString","coordinates":[[-75.578582,6.213339],[-75.578836,6.211518]],"crs":null},"properties":{"tension_kv":"110","circuito":"CENTRAL - GUAYABAL I","estado":"OPERACION"}},{"type":"Feature","geometry":{"type":"LineString","coordinates":[[-75.578517,6.213329],[-75.578772,6.211508]],"crs":null},"properties":{"tension_kv":"110","circuito":"CENTRAL - GUAYABAL II","estado":"OPERACION"}},{"type":"Feature","geometry":{"type":"LineString","coordinates":[[-75.576876,6.213002],[-75.575725,6.212128]],"crs":null},"properties":{"tension_kv":"110","circuito":"GUAYABAL - POBLADO","estado":"OPERACION"}},{"type":"Feature","geometry":{"type":"LineString","coordinates":[[-75.578291,6.215307],[-75.57851,6.213905]],"crs":null},"properties":{"tension_kv":"110","circuito":"CENTRAL - GUAYABAL I","estado":"OPERACION"}},{"type":"Feature","geometry":{"type":"LineString","coordinates":[[-75.578227,6.215297],[-75.578446,6.213898]],"crs":null},"properties":{"tension_kv":"110","circuito":"CENTRAL - GUAYABAL II","estado":"OPERACION"}},{"type":"Feature","geometry":{"type":"LineString","coordinates":[[-75.577577,6.220582],[-75.577773,6.219238]],"crs":null},"properties":{"tension_kv":"110","circuito":"CENTRAL - GUAYABAL I","estado":"OPERACION"}},{"type":"Feature","geometry":{"type":"LineString","coordinates":[[-75.577509,6.220575],[-75.577708,6.219227]],"crs":null},"properties":{"tension_kv":"110","circuito":"CENTRAL - GUAYABAL II","estado":"OPERACION"}},{"type":"Feature","geometry":{"type":"LineString","coordinates":[[-75.577773,6.219238],[-75.577938,6.21789]],"crs":null},"properties":{"tension_kv":"110","circuito":"CENTRAL - GUAYABAL I","estado":"OPERACION"}},{"type":"Feature","geometry":{"type":"LineString","coordinates":[[-75.577938,6.21789],[-75.578109,6.21656]],"crs":null},"properties":{"tension_kv":"110","circuito":"CENTRAL - GUAYABAL I","estado":"OPERACION"}},{"type":"Feature","geometry":{"type":"LineString","coordinates":[[-75.577708,6.219227],[-75.577875,6.217882]],"crs":null},"properties":{"tension_kv":"110","circuito":"CENTRAL - GUAYABAL II","estado":"OPERACION"}},{"type":"Feature","geometry":{"type":"LineString","coordinates":[[-75.577875,6.217882],[-75.578047,6.21655]],"crs":null},"properties":{"tension_kv":"110","circuito":"CENTRAL - GUAYABAL II","estado":"OPERACION"}},{"type":"Feature","geometry":{"type":"LineString","coordinates":[[-75.578109,6.21656],[-75.578291,6.215307]],"crs":null},"properties":{"tension_kv":"110","circuito":"CENTRAL - GUAYABAL I","estado":"OPERACION"}},{"type":"Feature","geometry":{"type":"LineString","coordinates":[[-75.578047,6.21655],[-75.578227,6.215297]],"crs":null},"properties":{"tension_kv":"110","circuito":"CENTRAL - GUAYABAL II","estado":"OPERACION"}},{"type":"Feature","geometry":{"type":"LineString","coordinates":[[-75.578446,6.213898],[-75.578517,6.213329]],"crs":null},"properties":{"tension_kv":"110","circuito":"CENTRAL - GUAYABAL II","estado":"OPERACION"}},{"type":"Feature","geometry":{"type":"LineString","coordinates":[[-75.57851,6.213905],[-75.578582,6.213339]],"crs":null},"properties":{"tension_kv":"110","circuito":"CENTRAL - GUAYABAL I","estado":"OPERACION"}},{"type":"Feature","geometry":{"type":"LineString","coordinates":[[-75.577699,6.213038],[-75.576874,6.213067]],"crs":null},"properties":{"tension_kv":"110","circuito":"POBLADO - SAN DIEGO","estado":"OPERACION"}},{"type":"Feature","geometry":{"type":"LineString","coordinates":[[-75.577745,6.213037],[-75.577879,6.212138]],"crs":null},"properties":{"tension_kv":"110","circuito":"GUAYABAL - SAN DIEGO","estado":"OPERACION"}},{"type":"Feature","geometry":{"type":"LineString","coordinates":[[-75.576904,6.218589],[-75.577436,6.21486]],"crs":null},"properties":{"tension_kv":"110","circuito":"POBLADO - SAN DIEGO","estado":"OPERACION"}},{"type":"Feature","geometry":{"type":"LineString","coordinates":[[-75.577498,6.214868],[-75.577745,6.213037]],"crs":null},"properties":{"tension_kv":"110","circuito":"GUAYABAL - SAN DIEGO","estado":"OPERACION"}},{"type":"Feature","geometry":{"type":"LineString","coordinates":[[-75.577698,6.212993],[-75.576876,6.213002]],"crs":null},"properties":{"tension_kv":"110","circuito":"GUAYABAL - POBLADO","estado":"OPERACION"}},{"type":"Feature","geometry":{"type":"LineString","coordinates":[[-75.577436,6.21486],[-75.577699,6.213038]],"crs":null},"properties":{"tension_kv":"110","circuito":"POBLADO - SAN DIEGO","estado":"OPERACION"}},{"type":"Feature","geometry":{"type":"LineString","coordinates":[[-75.577698,6.212993],[-75.577817,6.212129]],"crs":null},"properties":{"tension_kv":"110","circuito":"GUAYABAL - POBLADO","estado":"OPERACION"}},{"type":"Feature","geometry":{"type":"LineString","coordinates":[[-75.619878,6.217086],[-75.620377,6.210348]],"crs":null},"properties":{"tension_kv":"110","circuito":"BELEN - ANCON SUR","estado":"OPERACION"}},{"type":"Feature","geometry":{"type":"LineString","coordinates":[[-75.619815,6.217079],[-75.620324,6.21031]],"crs":null},"properties":{"tension_kv":"110","circuito":"BELEN - RODEO","estado":"OPERACION"}},{"type":"Feature","geometry":{"type":"LineString","coordinates":[[-75.632382,6.213787],[-75.624688,6.211564]],"crs":null},"properties":{"tension_kv":"110","circuito":"BELEN - ANCON SUR","estado":"OPERACION"}},{"type":"Feature","geometry":{"type":"LineString","coordinates":[[-75.635627,6.214652],[-75.632397,6.213715]],"crs":null},"properties":{"tension_kv":"220","circuito":"OCCIDENTE - ENVIGADO","estado":"OPERACION"}},{"type":"Feature","geometry":{"type":"LineString","coordinates":[[-75.635612,6.214714],[-75.632382,6.213787]],"crs":null},"properties":{"tension_kv":"110","circuito":"BELEN - ANCON SUR","estado":"OPERACION"}},{"type":"Feature","geometry":{"type":"LineString","coordinates":[[-75.632397,6.213715],[-75.624693,6.211496]],"crs":null},"properties":{"tension_kv":"220","circuito":"OCCIDENTE - ENVIGADO","estado":"OPERACION"}},{"type":"Feature","geometry":{"type":"LineString","coordinates":[[-75.524881,6.224466],[-75.534951,6.22584]],"crs":null},"properties":{"tension_kv":"220","circuito":"MIRAFLORES - BARBOSA","estado":"OPERACION"}},{"type":"Feature","geometry":{"type":"LineString","coordinates":[[-75.524898,6.224405],[-75.534957,6.225779]],"crs":null},"properties":{"tension_kv":"220","circuito":"GUATAPE - MIRAFLORES","estado":"OPERACION"}},{"type":"Feature","geometry":{"type":"LineString","coordinates":[[-75.519869,6.223749],[-75.524898,6.224405]],"crs":null},"properties":{"tension_kv":"220","circuito":"GUATAPE - MIRAFLORES","estado":"OPERACION"}},{"type":"Feature","geometry":{"type":"LineString","coordinates":[[-75.519868,6.223813],[-75.524889,6.224468]],"crs":null},"properties":{"tension_kv":"220","circuito":"MIRAFLORES - BARBOSA","estado":"OPERACION"}},{"type":"Feature","geometry":{"type":"LineString","coordinates":[[-75.518114,6.223493],[-75.51987,6.223813]],"crs":null},"properties":{"tension_kv":"220","circuito":"MIRAFLORES - BARBOSA","estado":"OPERACION"}},{"type":"Feature","geometry":{"type":"LineString","coordinates":[[-75.520103,6.224664],[-75.524819,6.225498]],"crs":null},"properties":{"tension_kv":"110","circuito":"CORDOBA - MIRAFLORES","estado":"OPERACION"}},{"type":"Feature","geometry":{"type":"LineString","coordinates":[[-75.524819,6.225498],[-75.528006,6.226091]],"crs":null},"properties":{"tension_kv":"110","circuito":"CORDOBA - MIRAFLORES","estado":"OPERACION"}},{"type":"Feature","geometry":{"type":"LineString","coordinates":[[-75.538555,6.229174],[-75.53911,6.226458],[-75.539954,6.221894]],"crs":null},"properties":{"tension_kv":"220","circuito":"MIRAFLORES - ANCON SUR","estado":"OPERACION"}},{"type":"Feature","geometry":{"type":"LineString","coordinates":[[-75.540017,6.229161],[-75.538618,6.229428]],"crs":null},"properties":{"tension_kv":"110","circuito":"MIRAFLORES - SAN DIEGO I","estado":"OPERACION"}},{"type":"Feature","geometry":{"type":"LineString","coordinates":[[-75.540004,6.229099],[-75.538613,6.229361]],"crs":null},"properties":{"tension_kv":"110","circuito":"MIRAFLORES - SAN DIEGO II","estado":"OPERACION"}},{"type":"Feature","geometry":{"type":"LineString","coordinates":[[-75.538217,6.2263],[-75.538001,6.22923]],"crs":null},"properties":{"tension_kv":"220","circuito":"GUATAPE - MIRAFLORES","estado":"OPERACION"}},{"type":"Feature","geometry":{"type":"LineString","coordinates":[[-75.53817,6.226342],[-75.537946,6.229192]],"crs":null},"properties":{"tension_kv":"220","circuito":"MIRAFLORES - BARBOSA","estado":"OPERACION"}},{"type":"Feature","geometry":{"type":"LineString","coordinates":[[-75.534949,6.225839],[-75.53817,6.226342]],"crs":null},"properties":{"tension_kv":"220","circuito":"MIRAFLORES - BARBOSA","estado":"OPERACION"}},{"type":"Feature","geometry":{"type":"LineString","coordinates":[[-75.534957,6.225779],[-75.538217,6.2263]],"crs":null},"properties":{"tension_kv":"220","circuito":"GUATAPE - MIRAFLORES","estado":"OPERACION"}},{"type":"Feature","geometry":{"type":"LineString","coordinates":[[-75.528007,6.226092],[-75.53073,6.226611]],"crs":null},"properties":{"tension_kv":"110","circuito":"CORDOBA - MIRAFLORES","estado":"OPERACION"}},{"type":"Feature","geometry":{"type":"LineString","coordinates":[[-75.53073,6.226611],[-75.535446,6.227423]],"crs":null},"properties":{"tension_kv":"110","circuito":"CORDOBA - MIRAFLORES","estado":"OPERACION"}},{"type":"Feature","geometry":{"type":"LineString","coordinates":[[-75.535446,6.227423],[-75.53799,6.229527]],"crs":null},"properties":{"tension_kv":"110","circuito":"CORDOBA - MIRAFLORES","estado":"OPERACION"}},{"type":"Feature","geometry":{"type":"LineString","coordinates":[[-75.539954,6.221894],[-75.540374,6.219535]],"crs":null},"properties":{"tension_kv":"220","circuito":"MIRAFLORES - ANCON SUR","estado":"OPERACION"}},{"type":"Feature","geometry":{"type":"LineString","coordinates":[[-75.553629,6.226482],[-75.549512,6.227282]],"crs":null},"properties":{"tension_kv":"110","circuito":"MIRAFLORES - SAN DIEGO I","estado":"OPERACION"}},{"type":"Feature","geometry":{"type":"LineString","coordinates":[[-75.553617,6.226413],[-75.549502,6.227216]],"crs":null},"properties":{"tension_kv":"110","circuito":"MIRAFLORES - SAN DIEGO II","estado":"OPERACION"}},{"type":"Feature","geometry":{"type":"LineString","coordinates":[[-75.543762,6.228413],[-75.540017,6.229161]],"crs":null},"properties":{"tension_kv":"110","circuito":"MIRAFLORES - SAN DIEGO I","estado":"OPERACION"}},{"type":"Feature","geometry":{"type":"LineString","coordinates":[[-75.543749,6.228346],[-75.540004,6.229099]],"crs":null},"properties":{"tension_kv":"110","circuito":"MIRAFLORES - SAN DIEGO II","estado":"OPERACION"}},{"type":"Feature","geometry":{"type":"LineString","coordinates":[[-75.549512,6.227282],[-75.545395,6.228081]],"crs":null},"properties":{"tension_kv":"110","circuito":"MIRAFLORES - SAN DIEGO I","estado":"OPERACION"}},{"type":"Feature","geometry":{"type":"LineString","coordinates":[[-75.549502,6.227216],[-75.545383,6.22802]],"crs":null},"properties":{"tension_kv":"110","circuito":"MIRAFLORES - SAN DIEGO II","estado":"OPERACION"}},{"type":"Feature","geometry":{"type":"LineString","coordinates":[[-75.545395,6.228081],[-75.543762,6.228413]],"crs":null},"properties":{"tension_kv":"110","circuito":"MIRAFLORES - SAN DIEGO I","estado":"OPERACION"}},{"type":"Feature","geometry":{"type":"LineString","coordinates":[[-75.545383,6.22802],[-75.543749,6.228346]],"crs":null},"properties":{"tension_kv":"110","circuito":"MIRAFLORES - SAN DIEGO II","estado":"OPERACION"}},{"type":"Feature","geometry":{"type":"LineString","coordinates":[[-75.567223,6.226351],[-75.568304,6.226373],[-75.571508,6.226355]],"crs":null},"properties":{"tension_kv":"110","circuito":"GUAYABAL - SAN DIEGO","estado":"OPERACION"}},{"type":"Feature","geometry":{"type":"LineString","coordinates":[[-75.567224,6.226286],[-75.571463,6.22631]],"crs":null},"properties":{"tension_kv":"110","circuito":"POBLADO - SAN DIEGO","estado":"OPERACION"}},{"type":"Feature","geometry":{"type":"LineString","coordinates":[[-75.563801,6.230357],[-75.56389,6.229364]],"crs":null},"properties":{"tension_kv":"110","circuito":"MIRAFLORES - SAN DIEGO I","estado":"OPERACION"}},{"type":"Feature","geometry":{"type":"LineString","coordinates":[[-75.563863,6.230335],[-75.563961,6.229375]],"crs":null},"properties":{"tension_kv":"110","circuito":"MIRAFLORES - SAN DIEGO II","estado":"OPERACION"}},{"type":"Feature","geometry":{"type":"LineString","coordinates":[[-75.564077,6.230341],[-75.564154,6.229499]],"crs":null},"properties":{"tension_kv":"110","circuito":"GUAYABAL - SAN DIEGO","estado":"OPERACION"}},{"type":"Feature","geometry":{"type":"LineString","coordinates":[[-75.56409,6.229491],[-75.564196,6.22847]],"crs":null},"properties":{"tension_kv":"110","circuito":"POBLADO - SAN DIEGO","estado":"OPERACION"}},{"type":"Feature","geometry":{"type":"LineString","coordinates":[[-75.56389,6.229364],[-75.563907,6.228207]],"crs":null},"properties":{"tension_kv":"110","circuito":"MIRAFLORES - SAN DIEGO I","estado":"OPERACION"}},{"type":"Feature","geometry":{"type":"LineString","coordinates":[[-75.564196,6.22847],[-75.564081,6.228094]],"crs":null},"properties":{"tension_kv":"110","circuito":"POBLADO - SAN DIEGO","estado":"OPERACION"}},{"type":"Feature","geometry":{"type":"LineString","coordinates":[[-75.564257,6.228452],[-75.564143,6.228076]],"crs":null},"properties":{"tension_kv":"110","circuito":"GUAYABAL - SAN DIEGO","estado":"OPERACION"}},{"type":"Feature","geometry":{"type":"LineString","coordinates":[[-75.563907,6.228207],[-75.563591,6.227786]],"crs":null},"properties":{"tension_kv":"110","circuito":"MIRAFLORES - SAN DIEGO I","estado":"OPERACION"}},{"type":"Feature","geometry":{"type":"LineString","coordinates":[[-75.563591,6.227786],[-75.563336,6.227082]],"crs":null},"properties":{"tension_kv":"110","circuito":"MIRAFLORES - SAN DIEGO I","estado":"OPERACION"}},{"type":"Feature","geometry":{"type":"LineString","coordinates":[[-75.563958,6.228168],[-75.563637,6.227739]],"crs":null},"properties":{"tension_kv":"110","circuito":"MIRAFLORES - SAN DIEGO II","estado":"OPERACION"}},{"type":"Feature","geometry":{"type":"LineString","coordinates":[[-75.563637,6.227739],[-75.563395,6.227057]],"crs":null},"properties":{"tension_kv":"110","circuito":"MIRAFLORES - SAN DIEGO II","estado":"OPERACION"}},{"type":"Feature","geometry":{"type":"LineString","coordinates":[[-75.564081,6.228094],[-75.563471,6.227073]],"crs":null},"properties":{"tension_kv":"110","circuito":"POBLADO - SAN DIEGO","estado":"OPERACION"}},{"type":"Feature","geometry":{"type":"LineString","coordinates":[[-75.564143,6.228076],[-75.56353,6.22705]],"crs":null},"properties":{"tension_kv":"110","circuito":"GUAYABAL - SAN DIEGO","estado":"OPERACION"}},{"type":"Feature","geometry":{"type":"LineString","coordinates":[[-75.563336,6.227082],[-75.562997,6.226306]],"crs":null},"properties":{"tension_kv":"110","circuito":"MIRAFLORES - SAN DIEGO I","estado":"OPERACION"}},{"type":"Feature","geometry":{"type":"LineString","coordinates":[[-75.563395,6.227057],[-75.563055,6.22628]],"crs":null},"properties":{"tension_kv":"110","circuito":"MIRAFLORES - SAN DIEGO II","estado":"OPERACION"}},{"type":"Feature","geometry":{"type":"LineString","coordinates":[[-75.563471,6.227073],[-75.56323,6.226357]],"crs":null},"properties":{"tension_kv":"110","circuito":"POBLADO - SAN DIEGO","estado":"OPERACION"}},{"type":"Feature","geometry":{"type":"LineString","coordinates":[[-75.56353,6.22705],[-75.5633,6.226359]],"crs":null},"properties":{"tension_kv":"110","circuito":"GUAYABAL - SAN DIEGO","estado":"OPERACION"}},{"type":"Feature","geometry":{"type":"LineString","coordinates":[[-75.56323,6.226357],[-75.563229,6.226189]],"crs":null},"properties":{"tension_kv":"110","circuito":"POBLADO - SAN DIEGO","estado":"OPERACION"}},{"type":"Feature","geometry":{"type":"LineString","coordinates":[[-75.5633,6.226359],[-75.563273,6.226237]],"crs":null},"properties":{"tension_kv":"110","circuito":"GUAYABAL - SAN DIEGO","estado":"OPERACION"}},{"type":"Feature","geometry":{"type":"LineString","coordinates":[[-75.563229,6.226189],[-75.567224,6.226286]],"crs":null},"properties":{"tension_kv":"110","circuito":"POBLADO - SAN DIEGO","estado":"OPERACION"}},{"type":"Feature","geometry":{"type":"LineString","coordinates":[[-75.562997,6.226306],[-75.562667,6.226225]],"crs":null},"properties":{"tension_kv":"110","circuito":"MIRAFLORES - SAN DIEGO I","estado":"OPERACION"}},{"type":"Feature","geometry":{"type":"LineString","coordinates":[[-75.563055,6.22628],[-75.562667,6.226162]],"crs":null},"properties":{"tension_kv":"110","circuito":"MIRAFLORES - SAN DIEGO II","estado":"OPERACION"}},{"type":"Feature","geometry":{"type":"LineString","coordinates":[[-75.562293,6.226217],[-75.558597,6.226125]],"crs":null},"properties":{"tension_kv":"110","circuito":"MIRAFLORES - SAN DIEGO I","estado":"OPERACION"}},{"type":"Feature","geometry":{"type":"LineString","coordinates":[[-75.562293,6.226151],[-75.558595,6.226061]],"crs":null},"properties":{"tension_kv":"110","circuito":"MIRAFLORES - SAN DIEGO II","estado":"OPERACION"}},{"type":"Feature","geometry":{"type":"LineString","coordinates":[[-75.558597,6.226125],[-75.555752,6.226053]],"crs":null},"properties":{"tension_kv":"110","circuito":"MIRAFLORES - SAN DIEGO I","estado":"OPERACION"}},{"type":"Feature","geometry":{"type":"LineString","coordinates":[[-75.558595,6.226061],[-75.555751,6.225988]],"crs":null},"properties":{"tension_kv":"110","circuito":"MIRAFLORES - SAN DIEGO II","estado":"OPERACION"}},{"type":"Feature","geometry":{"type":"LineString","coordinates":[[-75.555752,6.226053],[-75.553629,6.226482]],"crs":null},"properties":{"tension_kv":"110","circuito":"MIRAFLORES - SAN DIEGO I","estado":"OPERACION"}},{"type":"Feature","geometry":{"type":"LineString","coordinates":[[-75.555751,6.225988],[-75.553617,6.226413]],"crs":null},"properties":{"tension_kv":"110","circuito":"MIRAFLORES - SAN DIEGO II","estado":"OPERACION"}},{"type":"Feature","geometry":{"type":"LineString","coordinates":[[-75.564014,6.230333],[-75.56409,6.229491]],"crs":null},"properties":{"tension_kv":"110","circuito":"POBLADO - SAN DIEGO","estado":"OPERACION"}},{"type":"Feature","geometry":{"type":"LineString","coordinates":[[-75.563961,6.229375],[-75.563958,6.228168]],"crs":null},"properties":{"tension_kv":"110","circuito":"MIRAFLORES - SAN DIEGO II","estado":"OPERACION"}},{"type":"Feature","geometry":{"type":"LineString","coordinates":[[-75.563273,6.226237],[-75.567223,6.226351]],"crs":null},"properties":{"tension_kv":"110","circuito":"GUAYABAL - SAN DIEGO","estado":"OPERACION"}},{"type":"Feature","geometry":{"type":"LineString","coordinates":[[-75.564154,6.229499],[-75.564257,6.228452]],"crs":null},"properties":{"tension_kv":"110","circuito":"GUAYABAL - SAN DIEGO","estado":"OPERACION"}},{"type":"Feature","geometry":{"type":"LineString","coordinates":[[-75.562667,6.226225],[-75.562293,6.226217]],"crs":null},"properties":{"tension_kv":"110","circuito":"MIRAFLORES - SAN DIEGO I","estado":"OPERACION"}},{"type":"Feature","geometry":{"type":"LineString","coordinates":[[-75.562667,6.226162],[-75.562293,6.226151]],"crs":null},"properties":{"tension_kv":"110","circuito":"MIRAFLORES - SAN DIEGO II","estado":"OPERACION"}},{"type":"Feature","geometry":{"type":"LineString","coordinates":[[-75.571508,6.226355],[-75.572115,6.225313]],"crs":null},"properties":{"tension_kv":"110","circuito":"GUAYABAL - SAN DIEGO","estado":"OPERACION"}},{"type":"Feature","geometry":{"type":"LineString","coordinates":[[-75.571463,6.22631],[-75.572056,6.225282]],"crs":null},"properties":{"tension_kv":"110","circuito":"POBLADO - SAN DIEGO","estado":"OPERACION"}},{"type":"Feature","geometry":{"type":"LineString","coordinates":[[-75.572115,6.225313],[-75.575974,6.225701]],"crs":null},"properties":{"tension_kv":"110","circuito":"GUAYABAL - SAN DIEGO","estado":"OPERACION"}},{"type":"Feature","geometry":{"type":"LineString","coordinates":[[-75.572056,6.225282],[-75.575931,6.225653]],"crs":null},"properties":{"tension_kv":"110","circuito":"POBLADO - SAN DIEGO","estado":"OPERACION"}},{"type":"Feature","geometry":{"type":"LineString","coordinates":[[-75.575931,6.225653],[-75.576904,6.218589]],"crs":null},"properties":{"tension_kv":"110","circuito":"POBLADO - SAN DIEGO","estado":"OPERACION"}},{"type":"Feature","geometry":{"type":"LineString","coordinates":[[-75.575974,6.225701],[-75.576969,6.2186]],"crs":null},"properties":{"tension_kv":"110","circuito":"GUAYABAL - SAN DIEGO","estado":"OPERACION"}},{"type":"Feature","geometry":{"type":"LineString","coordinates":[[-75.576323,6.228964],[-75.576506,6.22764]],"crs":null},"properties":{"tension_kv":"110","circuito":"CENTRAL - GUAYABAL II","estado":"OPERACION"}},{"type":"Feature","geometry":{"type":"LineString","coordinates":[[-75.576505,6.227647],[-75.576715,6.226197]],"crs":null},"properties":{"tension_kv":"110","circuito":"CENTRAL - GUAYABAL II","estado":"OPERACION"}},{"type":"Feature","geometry":{"type":"LineString","coordinates":[[-75.576569,6.227649],[-75.57678,6.226204]],"crs":null},"properties":{"tension_kv":"110","circuito":"CENTRAL - GUAYABAL I","estado":"OPERACION"}},{"type":"Feature","geometry":{"type":"LineString","coordinates":[[-75.57678,6.226204],[-75.576973,6.224804]],"crs":null},"properties":{"tension_kv":"110","circuito":"CENTRAL - GUAYABAL I","estado":"OPERACION"}},{"type":"Feature","geometry":{"type":"LineString","coordinates":[[-75.576715,6.226197],[-75.576909,6.224793]],"crs":null},"properties":{"tension_kv":"110","circuito":"CENTRAL - GUAYABAL II","estado":"OPERACION"}},{"type":"Feature","geometry":{"type":"LineString","coordinates":[[-75.576973,6.224804],[-75.577173,6.223362]],"crs":null},"properties":{"tension_kv":"110","circuito":"CENTRAL - GUAYABAL I","estado":"OPERACION"}},{"type":"Feature","geometry":{"type":"LineString","coordinates":[[-75.576909,6.224793],[-75.577109,6.223349]],"crs":null},"properties":{"tension_kv":"110","circuito":"CENTRAL - GUAYABAL II","estado":"OPERACION"}},{"type":"Feature","geometry":{"type":"LineString","coordinates":[[-75.577173,6.223362],[-75.577396,6.221924]],"crs":null},"properties":{"tension_kv":"110","circuito":"CENTRAL - GUAYABAL I","estado":"OPERACION"}},{"type":"Feature","geometry":{"type":"LineString","coordinates":[[-75.577109,6.223349],[-75.577332,6.221915]],"crs":null},"properties":{"tension_kv":"110","circuito":"CENTRAL - GUAYABAL II","estado":"OPERACION"}},{"type":"Feature","geometry":{"type":"LineString","coordinates":[[-75.577332,6.221915],[-75.577513,6.220572]],"crs":null},"properties":{"tension_kv":"110","circuito":"CENTRAL - GUAYABAL II","estado":"OPERACION"}},{"type":"Feature","geometry":{"type":"LineString","coordinates":[[-75.577396,6.221924],[-75.577577,6.220582]],"crs":null},"properties":{"tension_kv":"110","circuito":"CENTRAL - GUAYABAL I","estado":"OPERACION"}},{"type":"Feature","geometry":{"type":"LineString","coordinates":[[-75.57621,6.23073],[-75.576324,6.228965]],"crs":null},"properties":{"tension_kv":"110","circuito":"CENTRAL - GUAYABAL II","estado":"OPERACION"}},{"type":"Feature","geometry":{"type":"LineString","coordinates":[[-75.57627,6.230736],[-75.576387,6.228974]],"crs":null},"properties":{"tension_kv":"110","circuito":"CENTRAL - GUAYABAL I","estado":"OPERACION"}},{"type":"Feature","geometry":{"type":"LineString","coordinates":[[-75.576387,6.228974],[-75.576569,6.227649]],"crs":null},"properties":{"tension_kv":"110","circuito":"CENTRAL - GUAYABAL I","estado":"OPERACION"}},{"type":"Feature","geometry":{"type":"LineString","coordinates":[[-75.610417,6.228938],[-75.615659,6.224814]],"crs":null},"properties":{"tension_kv":"110","circuito":"BELEN - ANCON SUR","estado":"OPERACION"}},{"type":"Feature","geometry":{"type":"LineString","coordinates":[[-75.610376,6.228887],[-75.615608,6.224778]],"crs":null},"properties":{"tension_kv":"110","circuito":"BELEN - RODEO","estado":"OPERACION"}},{"type":"Feature","geometry":{"type":"LineString","coordinates":[[-75.615659,6.224814],[-75.617281,6.222186],[-75.619878,6.217086]],"crs":null},"properties":{"tension_kv":"110","circuito":"BELEN - ANCON SUR","estado":"OPERACION"}},{"type":"Feature","geometry":{"type":"LineString","coordinates":[[-75.615608,6.224778],[-75.616968,6.222491],[-75.619815,6.217079]],"crs":null},"properties":{"tension_kv":"110","circuito":"BELEN - RODEO","estado":"OPERACION"}},{"type":"Feature","geometry":{"type":"LineString","coordinates":[[-75.537291,6.236949],[-75.537965,6.234862]],"crs":null},"properties":{"tension_kv":"110","circuito":"MIRAFLORES - PIEDRAS BLANCAS","estado":"OPERACION"}},{"type":"Feature","geometry":{"type":"LineString","coordinates":[[-75.538027,6.23488],[-75.538408,6.23178]],"crs":null},"properties":{"tension_kv":"110","circuito":"MIRAFLORES - VILLA HERMOSA","estado":"OPERACION"}},{"type":"Feature","geometry":{"type":"LineString","coordinates":[[-75.536714,6.238338],[-75.537291,6.236949]],"crs":null},"properties":{"tension_kv":"110","circuito":"MIRAFLORES - PIEDRAS BLANCAS","estado":"OPERACION"}},{"type":"Feature","geometry":{"type":"LineString","coordinates":[[-75.536773,6.238364],[-75.537352,6.236968]],"crs":null},"properties":{"tension_kv":"110","circuito":"MIRAFLORES - VILLA HERMOSA","estado":"OPERACION"}},{"type":"Feature","geometry":{"type":"LineString","coordinates":[[-75.537965,6.234862],[-75.538345,6.231773]],"crs":null},"properties":{"tension_kv":"110","circuito":"MIRAFLORES - PIEDRAS BLANCAS","estado":"OPERACION"}},{"type":"Feature","geometry":{"type":"LineString","coordinates":[[-75.537352,6.236968],[-75.538027,6.23488]],"crs":null},"properties":{"tension_kv":"110","circuito":"MIRAFLORES - VILLA HERMOSA","estado":"OPERACION"}},{"type":"Feature","geometry":{"type":"LineString","coordinates":[[-75.538345,6.231773],[-75.537743,6.231007]],"crs":null},"properties":{"tension_kv":"110","circuito":"MIRAFLORES - PIEDRAS BLANCAS","estado":"OPERACION"}},{"type":"Feature","geometry":{"type":"LineString","coordinates":[[-75.538408,6.23178],[-75.537809,6.230987]],"crs":null},"properties":{"tension_kv":"110","circuito":"MIRAFLORES - VILLA HERMOSA","estado":"OPERACION"}},{"type":"Feature","geometry":{"type":"LineString","coordinates":[[-75.568134,6.2372],[-75.565616,6.235308]],"crs":null},"properties":{"tension_kv":"110","circuito":"MIRAFLORES - SAN DIEGO I","estado":"OPERACION"}},{"type":"Feature","geometry":{"type":"LineString","coordinates":[[-75.568151,6.237182],[-75.565675,6.235285]],"crs":null},"properties":{"tension_kv":"110","circuito":"MIRAFLORES - SAN DIEGO II","estado":"OPERACION"}},{"type":"Feature","geometry":{"type":"LineString","coordinates":[[-75.568132,6.237134],[-75.56602,6.235226]],"crs":null},"properties":{"tension_kv":"110","circuito":"GUAYABAL - SAN DIEGO","estado":"OPERACION"}},{"type":"Feature","geometry":{"type":"LineString","coordinates":[[-75.565959,6.23525],[-75.564043,6.230895]],"crs":null},"properties":{"tension_kv":"110","circuito":"POBLADO - SAN DIEGO","estado":"OPERACION"}},{"type":"Feature","geometry":{"type":"LineString","coordinates":[[-75.565616,6.235308],[-75.563996,6.230891]],"crs":null},"properties":{"tension_kv":"110","circuito":"MIRAFLORES - SAN DIEGO I","estado":"OPERACION"}},{"type":"Feature","geometry":{"type":"LineString","coordinates":[[-75.565675,6.235285],[-75.564011,6.230895]],"crs":null},"properties":{"tension_kv":"110","circuito":"MIRAFLORES - SAN DIEGO II","estado":"OPERACION"}},{"type":"Feature","geometry":{"type":"LineString","coordinates":[[-75.56602,6.235226],[-75.564057,6.230868]],"crs":null},"properties":{"tension_kv":"110","circuito":"GUAYABAL - SAN DIEGO","estado":"OPERACION"}},{"type":"Feature","geometry":{"type":"LineString","coordinates":[[-75.563996,6.230891],[-75.563801,6.230357]],"crs":null},"properties":{"tension_kv":"110","circuito":"MIRAFLORES - SAN DIEGO I","estado":"OPERACION"}},{"type":"Feature","geometry":{"type":"LineString","coordinates":[[-75.564011,6.230895],[-75.563863,6.230335]],"crs":null},"properties":{"tension_kv":"110","circuito":"MIRAFLORES - SAN DIEGO II","estado":"OPERACION"}},{"type":"Feature","geometry":{"type":"LineString","coordinates":[[-75.564043,6.230895],[-75.564014,6.230333]],"crs":null},"properties":{"tension_kv":"110","circuito":"POBLADO - SAN DIEGO","estado":"OPERACION"}},{"type":"Feature","geometry":{"type":"LineString","coordinates":[[-75.564057,6.230868],[-75.564077,6.230341]],"crs":null},"properties":{"tension_kv":"110","circuito":"GUAYABAL - SAN DIEGO","estado":"OPERACION"}},{"type":"Feature","geometry":{"type":"LineString","coordinates":[[-75.568133,6.237156],[-75.565959,6.23525]],"crs":null},"properties":{"tension_kv":"110","circuito":"POBLADO - SAN DIEGO","estado":"OPERACION"}},{"type":"Feature","geometry":{"type":"LineString","coordinates":[[-75.568766,6.2373],[-75.568134,6.2372]],"crs":null},"properties":{"tension_kv":"110","circuito":"MIRAFLORES - SAN DIEGO I","estado":"OPERACION"}},{"type":"Feature","geometry":{"type":"LineString","coordinates":[[-75.568755,6.237284],[-75.568151,6.237182]],"crs":null},"properties":{"tension_kv":"110","circuito":"MIRAFLORES - SAN DIEGO II","estado":"OPERACION"}},{"type":"Feature","geometry":{"type":"LineString","coordinates":[[-75.568755,6.237252],[-75.568133,6.237156]],"crs":null},"properties":{"tension_kv":"110","circuito":"POBLADO - SAN DIEGO","estado":"OPERACION"}},{"type":"Feature","geometry":{"type":"LineString","coordinates":[[-75.568776,6.237237],[-75.568132,6.237134]],"crs":null},"properties":{"tension_kv":"110","circuito":"GUAYABAL - SAN DIEGO","estado":"OPERACION"}},{"type":"Feature","geometry":{"type":"LineString","coordinates":[[-75.577761,6.239083],[-75.577505,6.238308]],"crs":null},"properties":{"tension_kv":"110","circuito":"CENTRAL - GUAYABAL II","estado":"OPERACION"}},{"type":"Feature","geometry":{"type":"LineString","coordinates":[[-75.577505,6.238308],[-75.576901,6.236567]],"crs":null},"properties":{"tension_kv":"110","circuito":"CENTRAL - GUAYABAL II","estado":"OPERACION"}},{"type":"Feature","geometry":{"type":"LineString","coordinates":[[-75.576964,6.236548],[-75.576232,6.234071]],"crs":null},"properties":{"tension_kv":"110","circuito":"CENTRAL - GUAYABAL I","estado":"OPERACION"}},{"type":"Feature","geometry":{"type":"LineString","coordinates":[[-75.576232,6.234071],[-75.576187,6.232024]],"crs":null},"properties":{"tension_kv":"110","circuito":"CENTRAL - GUAYABAL I","estado":"OPERACION"}},{"type":"Feature","geometry":{"type":"LineString","coordinates":[[-75.576166,6.234071],[-75.576121,6.232027]],"crs":null},"properties":{"tension_kv":"110","circuito":"CENTRAL - GUAYABAL II","estado":"OPERACION"}},{"type":"Feature","geometry":{"type":"LineString","coordinates":[[-75.577566,6.238287],[-75.576964,6.236548]],"crs":null},"properties":{"tension_kv":"110","circuito":"CENTRAL - GUAYABAL I","estado":"OPERACION"}},{"type":"Feature","geometry":{"type":"LineString","coordinates":[[-75.576901,6.236567],[-75.576166,6.234071]],"crs":null},"properties":{"tension_kv":"110","circuito":"CENTRAL - GUAYABAL II","estado":"OPERACION"}},{"type":"Feature","geometry":{"type":"LineString","coordinates":[[-75.576121,6.232027],[-75.576209,6.230729]],"crs":null},"properties":{"tension_kv":"110","circuito":"CENTRAL - GUAYABAL II","estado":"OPERACION"}},{"type":"Feature","geometry":{"type":"LineString","coordinates":[[-75.576187,6.232024],[-75.57627,6.230736]],"crs":null},"properties":{"tension_kv":"110","circuito":"CENTRAL - GUAYABAL I","estado":"OPERACION"}},{"type":"Feature","geometry":{"type":"LineString","coordinates":[[-75.577824,6.239059],[-75.577566,6.238287]],"crs":null},"properties":{"tension_kv":"110","circuito":"CENTRAL - GUAYABAL I","estado":"OPERACION"}},{"type":"Feature","geometry":{"type":"LineString","coordinates":[[-75.611472,6.233326],[-75.6095,6.23302]],"crs":null},"properties":{"tension_kv":"110","circuito":"COLOMBIA - BELEN","estado":"OPERACION"}},{"type":"Feature","geometry":{"type":"LineString","coordinates":[[-75.609046,6.232544],[-75.610376,6.228887]],"crs":null},"properties":{"tension_kv":"110","circuito":"BELEN - RODEO","estado":"OPERACION"}},{"type":"Feature","geometry":{"type":"LineString","coordinates":[[-75.609103,6.232572],[-75.610417,6.228938]],"crs":null},"properties":{"tension_kv":"110","circuito":"BELEN - ANCON SUR","estado":"OPERACION"}},{"type":"Feature","geometry":{"type":"LineString","coordinates":[[-75.611515,6.233281],[-75.609501,6.232956]],"crs":null},"properties":{"tension_kv":"110","circuito":"OCCIDENTE - BELEN II","estado":"OPERACION"}},{"type":"Feature","geometry":{"type":"LineString","coordinates":[[-75.6095,6.23302],[-75.609229,6.232904]],"crs":null},"properties":{"tension_kv":"110","circuito":"COLOMBIA - BELEN","estado":"OPERACION"}},{"type":"Feature","geometry":{"type":"LineString","coordinates":[[-75.609501,6.232956],[-75.609224,6.232836]],"crs":null},"properties":{"tension_kv":"110","circuito":"OCCIDENTE - BELEN II","estado":"OPERACION"}},{"type":"Feature","geometry":{"type":"LineString","coordinates":[[-75.609103,6.232572],[-75.609243,6.232676]],"crs":null},"properties":{"tension_kv":"110","circuito":"BELEN - ANCON SUR","estado":"OPERACION"}},{"type":"Feature","geometry":{"type":"LineString","coordinates":[[-75.609046,6.232544],[-75.609235,6.23258]],"crs":null},"properties":{"tension_kv":"110","circuito":"BELEN - RODEO","estado":"OPERACION"}},{"type":"Feature","geometry":{"type":"LineString","coordinates":[[-75.61694,6.239455],[-75.615172,6.237838]],"crs":null},"properties":{"tension_kv":"110","circuito":"OCCIDENTE - BELEN II","estado":"OPERACION"}},{"type":"Feature","geometry":{"type":"LineString","coordinates":[[-75.615172,6.237838],[-75.611515,6.233281]],"crs":null},"properties":{"tension_kv":"110","circuito":"OCCIDENTE - BELEN II","estado":"OPERACION"}},{"type":"Feature","geometry":{"type":"LineString","coordinates":[[-75.616896,6.239498],[-75.615127,6.237884]],"crs":null},"properties":{"tension_kv":"110","circuito":"COLOMBIA - BELEN","estado":"OPERACION"}},{"type":"Feature","geometry":{"type":"LineString","coordinates":[[-75.615127,6.237884],[-75.611472,6.233326]],"crs":null},"properties":{"tension_kv":"110","circuito":"COLOMBIA - BELEN","estado":"OPERACION"}},{"type":"Feature","geometry":{"type":"LineString","coordinates":[[-75.537924,6.247621],[-75.537374,6.243586]],"crs":null},"properties":{"tension_kv":"110","circuito":"MIRAFLORES - PIEDRAS BLANCAS","estado":"OPERACION"}},{"type":"Feature","geometry":{"type":"LineString","coordinates":[[-75.537985,6.247609],[-75.537437,6.243573]],"crs":null},"properties":{"tension_kv":"110","circuito":"MIRAFLORES - VILLA HERMOSA","estado":"OPERACION"}},{"type":"Feature","geometry":{"type":"LineString","coordinates":[[-75.537437,6.243573],[-75.537265,6.241836],[-75.537058,6.240166],[-75.536773,6.238364]],"crs":null},"properties":{"tension_kv":"110","circuito":"MIRAFLORES - VILLA HERMOSA","estado":"OPERACION"}},{"type":"Feature","geometry":{"type":"LineString","coordinates":[[-75.537374,6.243586],[-75.537212,6.241792],[-75.536714,6.238338]],"crs":null},"properties":{"tension_kv":"110","circuito":"MIRAFLORES - PIEDRAS BLANCAS","estado":"OPERACION"}},{"type":"Feature","geometry":{"type":"LineString","coordinates":[[-75.578134,6.239993],[-75.577824,6.239059]],"crs":null},"properties":{"tension_kv":"110","circuito":"CENTRAL - GUAYABAL I","estado":"OPERACION"}},{"type":"Feature","geometry":{"type":"LineString","coordinates":[[-75.578072,6.240013],[-75.577761,6.239083]],"crs":null},"properties":{"tension_kv":"110","circuito":"CENTRAL - GUAYABAL II","estado":"OPERACION"}},{"type":"Feature","geometry":{"type":"LineString","coordinates":[[-75.580939,6.247531],[-75.580186,6.245436]],"crs":null},"properties":{"tension_kv":"110","circuito":"CENTRAL - GUAYABAL I","estado":"OPERACION"}},{"type":"Feature","geometry":{"type":"LineString","coordinates":[[-75.580877,6.247551],[-75.580128,6.245464]],"crs":null},"properties":{"tension_kv":"110","circuito":"CENTRAL - GUAYABAL II","estado":"OPERACION"}},{"type":"Feature","geometry":{"type":"LineString","coordinates":[[-75.580186,6.245436],[-75.579544,6.244098]],"crs":null},"properties":{"tension_kv":"110","circuito":"CENTRAL - GUAYABAL I","estado":"OPERACION"}},{"type":"Feature","geometry":{"type":"LineString","coordinates":[[-75.580128,6.245464],[-75.579481,6.244121]],"crs":null},"properties":{"tension_kv":"110","circuito":"CENTRAL - GUAYABAL II","estado":"OPERACION"}},{"type":"Feature","geometry":{"type":"LineString","coordinates":[[-75.579481,6.244121],[-75.579011,6.242735]],"crs":null},"properties":{"tension_kv":"110","circuito":"CENTRAL - GUAYABAL II","estado":"OPERACION"}},{"type":"Feature","geometry":{"type":"LineString","coordinates":[[-75.579072,6.242716],[-75.57858,6.241262]],"crs":null},"properties":{"tension_kv":"110","circuito":"CENTRAL - GUAYABAL I","estado":"OPERACION"}},{"type":"Feature","geometry":{"type":"LineString","coordinates":[[-75.579011,6.242735],[-75.578518,6.241284]],"crs":null},"properties":{"tension_kv":"110","circuito":"CENTRAL - GUAYABAL II","estado":"OPERACION"}},{"type":"Feature","geometry":{"type":"LineString","coordinates":[[-75.57858,6.241262],[-75.578134,6.239993]],"crs":null},"properties":{"tension_kv":"110","circuito":"CENTRAL - GUAYABAL I","estado":"OPERACION"}},{"type":"Feature","geometry":{"type":"LineString","coordinates":[[-75.578518,6.241284],[-75.578072,6.240013]],"crs":null},"properties":{"tension_kv":"110","circuito":"CENTRAL - GUAYABAL II","estado":"OPERACION"}},{"type":"Feature","geometry":{"type":"LineString","coordinates":[[-75.579544,6.244098],[-75.579072,6.242716]],"crs":null},"properties":{"tension_kv":"110","circuito":"CENTRAL - GUAYABAL I","estado":"OPERACION"}},{"type":"Feature","geometry":{"type":"LineString","coordinates":[[-75.617795,6.240316],[-75.61694,6.239455]],"crs":null},"properties":{"tension_kv":"110","circuito":"OCCIDENTE - BELEN II","estado":"OPERACION"}},{"type":"Feature","geometry":{"type":"LineString","coordinates":[[-75.617756,6.240366],[-75.616896,6.239498]],"crs":null},"properties":{"tension_kv":"110","circuito":"COLOMBIA - BELEN","estado":"OPERACION"}},{"type":"Feature","geometry":{"type":"LineString","coordinates":[[-75.620002,6.242221],[-75.617795,6.240316]],"crs":null},"properties":{"tension_kv":"110","circuito":"OCCIDENTE - BELEN II","estado":"OPERACION"}},{"type":"Feature","geometry":{"type":"LineString","coordinates":[[-75.619961,6.242269],[-75.617756,6.240366]],"crs":null},"properties":{"tension_kv":"110","circuito":"COLOMBIA - BELEN","estado":"OPERACION"}},{"type":"Feature","geometry":{"type":"LineString","coordinates":[[-75.623198,6.24493],[-75.619961,6.242269]],"crs":null},"properties":{"tension_kv":"110","circuito":"COLOMBIA - BELEN","estado":"OPERACION"}},{"type":"Feature","geometry":{"type":"LineString","coordinates":[[-75.62326,6.244928],[-75.620002,6.242221]],"crs":null},"properties":{"tension_kv":"110","circuito":"OCCIDENTE - BELEN II","estado":"OPERACION"}},{"type":"Feature","geometry":{"type":"LineString","coordinates":[[-75.538969,6.254463],[-75.538667,6.252153],[-75.537985,6.247609]],"crs":null},"properties":{"tension_kv":"110","circuito":"MIRAFLORES - VILLA HERMOSA","estado":"OPERACION"}},{"type":"Feature","geometry":{"type":"LineString","coordinates":[[-75.538905,6.254475],[-75.53851,6.251373],[-75.537924,6.247621]],"crs":null},"properties":{"tension_kv":"110","circuito":"MIRAFLORES - PIEDRAS BLANCAS","estado":"OPERACION"}},{"type":"Feature","geometry":{"type":"LineString","coordinates":[[-75.539573,6.25797],[-75.538969,6.254463]],"crs":null},"properties":{"tension_kv":"110","circuito":"MIRAFLORES - VILLA HERMOSA","estado":"OPERACION"}},{"type":"Feature","geometry":{"type":"LineString","coordinates":[[-75.553468,6.252926],[-75.554353,6.253471]],"crs":null},"properties":{"tension_kv":"110","circuito":"PIEDRAS BLANCAS - VILLA HERMOSA","estado":"OPERACION"}},{"type":"Feature","geometry":{"type":"LineString","coordinates":[[-75.554398,6.253425],[-75.553478,6.252863]],"crs":null},"properties":{"tension_kv":"110","circuito":"MIRAFLORES - VILLA HERMOSA","estado":"OPERACION"}},{"type":"Feature","geometry":{"type":"LineString","coordinates":[[-75.544501,6.25672],[-75.539573,6.25797]],"crs":null},"properties":{"tension_kv":"110","circuito":"MIRAFLORES - VILLA HERMOSA","estado":"OPERACION"}},{"type":"Feature","geometry":{"type":"LineString","coordinates":[[-75.55079,6.254174],[-75.549819,6.25507]],"crs":null},"properties":{"tension_kv":"110","circuito":"MIRAFLORES - VILLA HERMOSA","estado":"OPERACION"}},{"type":"Feature","geometry":{"type":"LineString","coordinates":[[-75.550797,6.254239],[-75.551497,6.254105]],"crs":null},"properties":{"tension_kv":"110","circuito":"PIEDRAS BLANCAS - VILLA HERMOSA","estado":"OPERACION"}},{"type":"Feature","geometry":{"type":"LineString","coordinates":[[-75.551477,6.25404],[-75.55079,6.254174]],"crs":null},"properties":{"tension_kv":"110","circuito":"MIRAFLORES - VILLA HERMOSA","estado":"OPERACION"}},{"type":"Feature","geometry":{"type":"LineString","coordinates":[[-75.553478,6.252863],[-75.551818,6.253983],[-75.551477,6.25404]],"crs":null},"properties":{"tension_kv":"110","circuito":"MIRAFLORES - VILLA HERMOSA","estado":"OPERACION"}},{"type":"Feature","geometry":{"type":"LineString","coordinates":[[-75.551497,6.254105],[-75.551839,6.254027],[-75.553468,6.252926]],"crs":null},"properties":{"tension_kv":"110","circuito":"PIEDRAS BLANCAS - VILLA HERMOSA","estado":"OPERACION"}},{"type":"Feature","geometry":{"type":"LineString","coordinates":[[-75.549819,6.25507],[-75.544501,6.25672]],"crs":null},"properties":{"tension_kv":"110","circuito":"MIRAFLORES - VILLA HERMOSA","estado":"OPERACION"}},{"type":"Feature","geometry":{"type":"LineString","coordinates":[[-75.544517,6.256786],[-75.549863,6.25512]],"crs":null},"properties":{"tension_kv":"110","circuito":"PIEDRAS BLANCAS - VILLA HERMOSA","estado":"OPERACION"}},{"type":"Feature","geometry":{"type":"LineString","coordinates":[[-75.549863,6.25512],[-75.550797,6.254239]],"crs":null},"properties":{"tension_kv":"110","circuito":"PIEDRAS BLANCAS - VILLA HERMOSA","estado":"OPERACION"}},{"type":"Feature","geometry":{"type":"LineString","coordinates":[[-75.577897,6.254194],[-75.57907,6.252161]],"crs":null},"properties":{"tension_kv":"110","circuito":"CASTILLA - CENTRAL I","estado":"OPERACION"}},{"type":"Feature","geometry":{"type":"LineString","coordinates":[[-75.5792,6.251887],[-75.579257,6.251218]],"crs":null},"properties":{"tension_kv":"110","circuito":"CENTRAL - GUAYABAL I","estado":"OPERACION"}},{"type":"Feature","geometry":{"type":"LineString","coordinates":[[-75.579137,6.251881],[-75.579198,6.251188]],"crs":null},"properties":{"tension_kv":"110","circuito":"CENTRAL - GUAYABAL II","estado":"OPERACION"}},{"type":"Feature","geometry":{"type":"LineString","coordinates":[[-75.579762,6.254515],[-75.580531,6.253096]],"crs":null},"properties":{"tension_kv":"110","circuito":"BELLO - CENTRAL 2","estado":"OPERACION"}},{"type":"Feature","geometry":{"type":"LineString","coordinates":[[-75.579816,6.254553],[-75.58059,6.253076]],"crs":null},"properties":{"tension_kv":"110","circuito":"BELLO - CENTRAL 1","estado":"OPERACION"}},{"type":"Feature","geometry":{"type":"LineString","coordinates":[[-75.577842,6.254166],[-75.579016,6.252129]],"crs":null},"properties":{"tension_kv":"110","circuito":"CASTILLA - CENTRAL II","estado":"OPERACION"}},{"type":"Feature","geometry":{"type":"LineString","coordinates":[[-75.579818,6.249956],[-75.580877,6.247551]],"crs":null},"properties":{"tension_kv":"110","circuito":"CENTRAL - GUAYABAL II","estado":"OPERACION"}},{"type":"Feature","geometry":{"type":"LineString","coordinates":[[-75.578065,6.257707],[-75.578975,6.256066]],"crs":null},"properties":{"tension_kv":"110","circuito":"BELLO - CENTRAL 2","estado":"OPERACION"}},{"type":"Feature","geometry":{"type":"LineString","coordinates":[[-75.578975,6.256066],[-75.579762,6.254515]],"crs":null},"properties":{"tension_kv":"110","circuito":"BELLO - CENTRAL 2","estado":"OPERACION"}},{"type":"Feature","geometry":{"type":"LineString","coordinates":[[-75.576577,6.256254],[-75.577897,6.254194]],"crs":null},"properties":{"tension_kv":"110","circuito":"CASTILLA - CENTRAL I","estado":"OPERACION"}},{"type":"Feature","geometry":{"type":"LineString","coordinates":[[-75.576524,6.256219],[-75.577842,6.254166]],"crs":null},"properties":{"tension_kv":"110","circuito":"CASTILLA - CENTRAL II","estado":"OPERACION"}},{"type":"Feature","geometry":{"type":"LineString","coordinates":[[-75.579257,6.251218],[-75.579879,6.249985]],"crs":null},"properties":{"tension_kv":"110","circuito":"CENTRAL - GUAYABAL I","estado":"OPERACION"}},{"type":"Feature","geometry":{"type":"LineString","coordinates":[[-75.579198,6.251188],[-75.579818,6.249956]],"crs":null},"properties":{"tension_kv":"110","circuito":"CENTRAL - GUAYABAL II","estado":"OPERACION"}},{"type":"Feature","geometry":{"type":"LineString","coordinates":[[-75.579879,6.249985],[-75.580939,6.247531]],"crs":null},"properties":{"tension_kv":"110","circuito":"CENTRAL - GUAYABAL I","estado":"OPERACION"}},{"type":"Feature","geometry":{"type":"LineString","coordinates":[[-75.57903,6.256098],[-75.579816,6.254553]],"crs":null},"properties":{"tension_kv":"110","circuito":"BELLO - CENTRAL 1","estado":"OPERACION"}},{"type":"Feature","geometry":{"type":"LineString","coordinates":[[-75.578123,6.257678],[-75.57903,6.256098]],"crs":null},"properties":{"tension_kv":"110","circuito":"BELLO - CENTRAL 1","estado":"OPERACION"}},{"type":"Feature","geometry":{"type":"LineString","coordinates":[[-75.623383,6.254995],[-75.62326,6.244928]],"crs":null},"properties":{"tension_kv":"110","circuito":"OCCIDENTE - BELEN II","estado":"OPERACION"}},{"type":"Feature","geometry":{"type":"LineString","coordinates":[[-75.62332,6.254995],[-75.623198,6.24493]],"crs":null},"properties":{"tension_kv":"110","circuito":"COLOMBIA - BELEN","estado":"OPERACION"}},{"type":"Feature","geometry":{"type":"LineString","coordinates":[[-75.539584,6.258016],[-75.544517,6.256786]],"crs":null},"properties":{"tension_kv":"110","circuito":"PIEDRAS BLANCAS - VILLA HERMOSA","estado":"OPERACION"}},{"type":"Feature","geometry":{"type":"LineString","coordinates":[[-75.540019,6.260994],[-75.539584,6.258016]],"crs":null},"properties":{"tension_kv":"110","circuito":"PIEDRAS BLANCAS - VILLA HERMOSA","estado":"OPERACION"}},{"type":"Feature","geometry":{"type":"LineString","coordinates":[[-75.539955,6.261004],[-75.539542,6.258027]],"crs":null},"properties":{"tension_kv":"110","circuito":"MIRAFLORES - PIEDRAS BLANCAS","estado":"OPERACION"}},{"type":"Feature","geometry":{"type":"LineString","coordinates":[[-75.539621,6.265642],[-75.540019,6.260994]],"crs":null},"properties":{"tension_kv":"110","circuito":"PIEDRAS BLANCAS - VILLA HERMOSA","estado":"OPERACION"}},{"type":"Feature","geometry":{"type":"LineString","coordinates":[[-75.53956,6.26567],[-75.539955,6.261004]],"crs":null},"properties":{"tension_kv":"110","circuito":"MIRAFLORES - PIEDRAS BLANCAS","estado":"OPERACION"}},{"type":"Feature","geometry":{"type":"LineString","coordinates":[[-75.539542,6.258027],[-75.538905,6.254475]],"crs":null},"properties":{"tension_kv":"110","circuito":"MIRAFLORES - PIEDRAS BLANCAS","estado":"OPERACION"}},{"type":"Feature","geometry":{"type":"LineString","coordinates":[[-75.578854,6.2594],[-75.578123,6.257678]],"crs":null},"properties":{"tension_kv":"110","circuito":"BELLO - CENTRAL 1","estado":"OPERACION"}},{"type":"Feature","geometry":{"type":"LineString","coordinates":[[-75.575533,6.25907],[-75.576577,6.256254]],"crs":null},"properties":{"tension_kv":"110","circuito":"CASTILLA - CENTRAL I","estado":"OPERACION"}},{"type":"Feature","geometry":{"type":"LineString","coordinates":[[-75.575472,6.259056],[-75.576524,6.256219]],"crs":null},"properties":{"tension_kv":"110","circuito":"CASTILLA - CENTRAL II","estado":"OPERACION"}},{"type":"Feature","geometry":{"type":"LineString","coordinates":[[-75.58029,6.262683],[-75.578854,6.2594]],"crs":null},"properties":{"tension_kv":"110","circuito":"BELLO - CENTRAL 1","estado":"OPERACION"}},{"type":"Feature","geometry":{"type":"LineString","coordinates":[[-75.580231,6.262706],[-75.578796,6.259424]],"crs":null},"properties":{"tension_kv":"110","circuito":"BELLO - CENTRAL 2","estado":"OPERACION"}},{"type":"Feature","geometry":{"type":"LineString","coordinates":[[-75.574869,6.264188],[-75.574811,6.261808]],"crs":null},"properties":{"tension_kv":"110","circuito":"CASTILLA - CENTRAL I","estado":"OPERACION"}},{"type":"Feature","geometry":{"type":"LineString","coordinates":[[-75.574803,6.264189],[-75.574747,6.261804]],"crs":null},"properties":{"tension_kv":"110","circuito":"CASTILLA - CENTRAL II","estado":"OPERACION"}},{"type":"Feature","geometry":{"type":"LineString","coordinates":[[-75.574747,6.261804],[-75.574872,6.260246]],"crs":null},"properties":{"tension_kv":"110","circuito":"CASTILLA - CENTRAL II","estado":"OPERACION"}},{"type":"Feature","geometry":{"type":"LineString","coordinates":[[-75.574931,6.260279],[-75.575533,6.25907]],"crs":null},"properties":{"tension_kv":"110","circuito":"CASTILLA - CENTRAL I","estado":"OPERACION"}},{"type":"Feature","geometry":{"type":"LineString","coordinates":[[-75.574872,6.260246],[-75.575472,6.259056]],"crs":null},"properties":{"tension_kv":"110","circuito":"CASTILLA - CENTRAL II","estado":"OPERACION"}},{"type":"Feature","geometry":{"type":"LineString","coordinates":[[-75.578322,6.266328],[-75.58029,6.262683]],"crs":null},"properties":{"tension_kv":"110","circuito":"BELLO - CENTRAL 1","estado":"OPERACION"}},{"type":"Feature","geometry":{"type":"LineString","coordinates":[[-75.578268,6.266297],[-75.580231,6.262706]],"crs":null},"properties":{"tension_kv":"110","circuito":"BELLO - CENTRAL 2","estado":"OPERACION"}},{"type":"Feature","geometry":{"type":"LineString","coordinates":[[-75.578796,6.259424],[-75.578065,6.257707]],"crs":null},"properties":{"tension_kv":"110","circuito":"BELLO - CENTRAL 2","estado":"OPERACION"}},{"type":"Feature","geometry":{"type":"LineString","coordinates":[[-75.574811,6.261808],[-75.574931,6.260279]],"crs":null},"properties":{"tension_kv":"110","circuito":"CASTILLA - CENTRAL I","estado":"OPERACION"}},{"type":"Feature","geometry":{"type":"LineString","coordinates":[[-75.604834,6.266542],[-75.604099,6.266366]],"crs":null},"properties":{"tension_kv":"110","circuito":"COLOMBIA - BELEN","estado":"OPERACION"}},{"type":"Feature","geometry":{"type":"LineString","coordinates":[[-75.604113,6.266339],[-75.60481,6.266602]],"crs":null},"properties":{"tension_kv":"110","circuito":"CABANAS - COLOMBIA","estado":"OPERACION"}},{"type":"Feature","geometry":{"type":"LineString","coordinates":[[-75.60481,6.266602],[-75.607728,6.267978]],"crs":null},"properties":{"tension_kv":"110","circuito":"CABANAS - COLOMBIA","estado":"OPERACION"}},{"type":"Feature","geometry":{"type":"LineString","coordinates":[[-75.60398,6.266437],[-75.608455,6.271991]],"crs":null},"properties":{"tension_kv":"110","circuito":"OCCIDENTE - COLOMBIA","estado":"OPERACION"}},{"type":"Feature","geometry":{"type":"LineString","coordinates":[[-75.603904,6.266567],[-75.608415,6.27204]],"crs":null},"properties":{"tension_kv":"110","circuito":"HORIZONTE - COLOMBIA","estado":"OPERACION"}},{"type":"Feature","geometry":{"type":"LineString","coordinates":[[-75.619138,6.266916],[-75.621875,6.261075]],"crs":null},"properties":{"tension_kv":"110","circuito":"OCCIDENTE - BELEN II","estado":"OPERACION"}},{"type":"Feature","geometry":{"type":"LineString","coordinates":[[-75.619098,6.266875],[-75.621821,6.261043]],"crs":null},"properties":{"tension_kv":"110","circuito":"COLOMBIA - BELEN","estado":"OPERACION"}},{"type":"Feature","geometry":{"type":"LineString","coordinates":[[-75.621821,6.261043],[-75.623378,6.258395]],"crs":null},"properties":{"tension_kv":"110","circuito":"COLOMBIA - BELEN","estado":"OPERACION"}},{"type":"Feature","geometry":{"type":"LineString","coordinates":[[-75.621875,6.261075],[-75.623439,6.258395]],"crs":null},"properties":{"tension_kv":"110","circuito":"OCCIDENTE - BELEN II","estado":"OPERACION"}},{"type":"Feature","geometry":{"type":"LineString","coordinates":[[-75.623439,6.258395],[-75.623383,6.254995]],"crs":null},"properties":{"tension_kv":"110","circuito":"OCCIDENTE - BELEN II","estado":"OPERACION"}},{"type":"Feature","geometry":{"type":"LineString","coordinates":[[-75.623378,6.258395],[-75.62332,6.254995]],"crs":null},"properties":{"tension_kv":"110","circuito":"COLOMBIA - BELEN","estado":"OPERACION"}},{"type":"Feature","geometry":{"type":"LineString","coordinates":[[-75.546528,6.274814],[-75.54544,6.272256]],"crs":null},"properties":{"tension_kv":"110","circuito":"PIEDRAS BLANCAS - VILLA HERMOSA","estado":"OPERACION"}},{"type":"Feature","geometry":{"type":"LineString","coordinates":[[-75.545402,6.272307],[-75.541473,6.269385]],"crs":null},"properties":{"tension_kv":"110","circuito":"MIRAFLORES - PIEDRAS BLANCAS","estado":"OPERACION"}},{"type":"Feature","geometry":{"type":"LineString","coordinates":[[-75.541473,6.269385],[-75.539871,6.266346],[-75.53956,6.26567]],"crs":null},"properties":{"tension_kv":"110","circuito":"MIRAFLORES - PIEDRAS BLANCAS","estado":"OPERACION"}},{"type":"Feature","geometry":{"type":"LineString","coordinates":[[-75.54544,6.272256],[-75.541529,6.269357]],"crs":null},"properties":{"tension_kv":"110","circuito":"PIEDRAS BLANCAS - VILLA HERMOSA","estado":"OPERACION"}},{"type":"Feature","geometry":{"type":"LineString","coordinates":[[-75.541529,6.269357],[-75.539905,6.266312],[-75.539621,6.265642]],"crs":null},"properties":{"tension_kv":"110","circuito":"PIEDRAS BLANCAS - VILLA HERMOSA","estado":"OPERACION"}},{"type":"Feature","geometry":{"type":"LineString","coordinates":[[-75.546469,6.27481],[-75.545402,6.272307]],"crs":null},"properties":{"tension_kv":"110","circuito":"MIRAFLORES - PIEDRAS BLANCAS","estado":"OPERACION"}},{"type":"Feature","geometry":{"type":"LineString","coordinates":[[-75.546469,6.27481],[-75.546323,6.274758]],"crs":null},"properties":{"tension_kv":"110","circuito":"MIRAFLORES - PIEDRAS BLANCAS","estado":"OPERACION"}},{"type":"Feature","geometry":{"type":"LineString","coordinates":[[-75.573934,6.275114],[-75.574816,6.273059]],"crs":null},"properties":{"tension_kv":"110","circuito":"BELLO - CENTRAL 2","estado":"OPERACION"}},{"type":"Feature","geometry":{"type":"LineString","coordinates":[[-75.573308,6.275917],[-75.574782,6.272819]],"crs":null},"properties":{"tension_kv":"110","circuito":"CASTILLA - CENTRAL II","estado":"OPERACION"}},{"type":"Feature","geometry":{"type":"LineString","coordinates":[[-75.573986,6.27514],[-75.574876,6.273087]],"crs":null},"properties":{"tension_kv":"110","circuito":"BELLO - CENTRAL 1","estado":"OPERACION"}},{"type":"Feature","geometry":{"type":"LineString","coordinates":[[-75.574876,6.273087],[-75.575604,6.271434]],"crs":null},"properties":{"tension_kv":"110","circuito":"BELLO - CENTRAL 1","estado":"OPERACION"}},{"type":"Feature","geometry":{"type":"LineString","coordinates":[[-75.575604,6.271434],[-75.576766,6.269454]],"crs":null},"properties":{"tension_kv":"110","circuito":"BELLO - CENTRAL 1","estado":"OPERACION"}},{"type":"Feature","geometry":{"type":"LineString","coordinates":[[-75.574816,6.273059],[-75.575549,6.271401]],"crs":null},"properties":{"tension_kv":"110","circuito":"BELLO - CENTRAL 2","estado":"OPERACION"}},{"type":"Feature","geometry":{"type":"LineString","coordinates":[[-75.575387,6.271359],[-75.576213,6.269851]],"crs":null},"properties":{"tension_kv":"110","circuito":"CASTILLA - CENTRAL II","estado":"OPERACION"}},{"type":"Feature","geometry":{"type":"LineString","coordinates":[[-75.576725,6.26771],[-75.574869,6.264188]],"crs":null},"properties":{"tension_kv":"110","circuito":"CASTILLA - CENTRAL I","estado":"OPERACION"}},{"type":"Feature","geometry":{"type":"LineString","coordinates":[[-75.576669,6.267739],[-75.574803,6.264189]],"crs":null},"properties":{"tension_kv":"110","circuito":"CASTILLA - CENTRAL II","estado":"OPERACION"}},{"type":"Feature","geometry":{"type":"LineString","coordinates":[[-75.576213,6.269851],[-75.576669,6.267739]],"crs":null},"properties":{"tension_kv":"110","circuito":"CASTILLA - CENTRAL II","estado":"OPERACION"}},{"type":"Feature","geometry":{"type":"LineString","coordinates":[[-75.576273,6.269868],[-75.576725,6.26771]],"crs":null},"properties":{"tension_kv":"110","circuito":"CASTILLA - CENTRAL I","estado":"OPERACION"}},{"type":"Feature","geometry":{"type":"LineString","coordinates":[[-75.576766,6.269454],[-75.578322,6.266328]],"crs":null},"properties":{"tension_kv":"110","circuito":"BELLO - CENTRAL 1","estado":"OPERACION"}},{"type":"Feature","geometry":{"type":"LineString","coordinates":[[-75.576709,6.269422],[-75.578268,6.266297]],"crs":null},"properties":{"tension_kv":"110","circuito":"BELLO - CENTRAL 2","estado":"OPERACION"}},{"type":"Feature","geometry":{"type":"LineString","coordinates":[[-75.575442,6.271391],[-75.576273,6.269868]],"crs":null},"properties":{"tension_kv":"110","circuito":"CASTILLA - CENTRAL I","estado":"OPERACION"}},{"type":"Feature","geometry":{"type":"LineString","coordinates":[[-75.575549,6.271401],[-75.576709,6.269422]],"crs":null},"properties":{"tension_kv":"110","circuito":"BELLO - CENTRAL 2","estado":"OPERACION"}},{"type":"Feature","geometry":{"type":"LineString","coordinates":[[-75.574782,6.272819],[-75.575387,6.271359]],"crs":null},"properties":{"tension_kv":"110","circuito":"CASTILLA - CENTRAL II","estado":"OPERACION"}},{"type":"Feature","geometry":{"type":"LineString","coordinates":[[-75.573367,6.275945],[-75.574841,6.272844]],"crs":null},"properties":{"tension_kv":"110","circuito":"CASTILLA - CENTRAL I","estado":"OPERACION"}},{"type":"Feature","geometry":{"type":"LineString","coordinates":[[-75.574841,6.272844],[-75.575442,6.271391]],"crs":null},"properties":{"tension_kv":"110","circuito":"CASTILLA - CENTRAL I","estado":"OPERACION"}},{"type":"Feature","geometry":{"type":"LineString","coordinates":[[-75.607769,6.267921],[-75.604834,6.266542]],"crs":null},"properties":{"tension_kv":"110","circuito":"COLOMBIA - BELEN","estado":"OPERACION"}},{"type":"Feature","geometry":{"type":"LineString","coordinates":[[-75.607728,6.267978],[-75.61205,6.270165]],"crs":null},"properties":{"tension_kv":"110","circuito":"CABANAS - COLOMBIA","estado":"OPERACION"}},{"type":"Feature","geometry":{"type":"LineString","coordinates":[[-75.608415,6.27204],[-75.609851,6.274659]],"crs":null},"properties":{"tension_kv":"110","circuito":"HORIZONTE - COLOMBIA","estado":"OPERACION"}},{"type":"Feature","geometry":{"type":"LineString","coordinates":[[-75.609851,6.274659],[-75.604985,6.280686]],"crs":null},"properties":{"tension_kv":"110","circuito":"HORIZONTE - COLOMBIA","estado":"OPERACION"}},{"type":"Feature","geometry":{"type":"LineString","coordinates":[[-75.614375,6.271036],[-75.619138,6.266916]],"crs":null},"properties":{"tension_kv":"110","circuito":"OCCIDENTE - BELEN II","estado":"OPERACION"}},{"type":"Feature","geometry":{"type":"LineString","coordinates":[[-75.613677,6.270781],[-75.61207,6.270106]],"crs":null},"properties":{"tension_kv":"110","circuito":"COLOMBIA - BELEN","estado":"OPERACION"}},{"type":"Feature","geometry":{"type":"LineString","coordinates":[[-75.61207,6.270106],[-75.607769,6.267921]],"crs":null},"properties":{"tension_kv":"110","circuito":"COLOMBIA - BELEN","estado":"OPERACION"}},{"type":"Feature","geometry":{"type":"LineString","coordinates":[[-75.61434,6.270984],[-75.619098,6.266875]],"crs":null},"properties":{"tension_kv":"110","circuito":"COLOMBIA - BELEN","estado":"OPERACION"}},{"type":"Feature","geometry":{"type":"LineString","coordinates":[[-75.61434,6.270984],[-75.613677,6.270781]],"crs":null},"properties":{"tension_kv":"110","circuito":"COLOMBIA - BELEN","estado":"OPERACION"}},{"type":"Feature","geometry":{"type":"LineString","coordinates":[[-75.610451,6.274423],[-75.611497,6.279924]],"crs":null},"properties":{"tension_kv":"110","circuito":"OCCIDENTE - BELEN II","estado":"OPERACION"}},{"type":"Feature","geometry":{"type":"LineString","coordinates":[[-75.614375,6.271036],[-75.610451,6.274423]],"crs":null},"properties":{"tension_kv":"110","circuito":"OCCIDENTE - BELEN II","estado":"OPERACION"}},{"type":"Feature","geometry":{"type":"LineString","coordinates":[[-75.612046,6.270164],[-75.613661,6.270843]],"crs":null},"properties":{"tension_kv":"110","circuito":"CABANAS - COLOMBIA","estado":"OPERACION"}},{"type":"Feature","geometry":{"type":"LineString","coordinates":[[-75.613657,6.270841],[-75.614323,6.271027]],"crs":null},"properties":{"tension_kv":"110","circuito":"CABANAS - COLOMBIA","estado":"OPERACION"}},{"type":"Feature","geometry":{"type":"LineString","coordinates":[[-75.614323,6.271027],[-75.610408,6.274375]],"crs":null},"properties":{"tension_kv":"110","circuito":"CABANAS - COLOMBIA","estado":"OPERACION"}},{"type":"Feature","geometry":{"type":"LineString","coordinates":[[-75.610074,6.274746],[-75.608455,6.271991]],"crs":null},"properties":{"tension_kv":"110","circuito":"OCCIDENTE - COLOMBIA","estado":"OPERACION"}},{"type":"Feature","geometry":{"type":"LineString","coordinates":[[-75.610408,6.274375],[-75.609888,6.274686]],"crs":null},"properties":{"tension_kv":"110","circuito":"CABANAS - COLOMBIA","estado":"OPERACION"}},{"type":"Feature","geometry":{"type":"LineString","coordinates":[[-75.546318,6.277563],[-75.546608,6.275018]],"crs":null},"properties":{"tension_kv":"110","circuito":"BELLO - PIEDRAS BLANCAS","estado":"OPERACION"}},{"type":"Feature","geometry":{"type":"LineString","coordinates":[[-75.546255,6.277556],[-75.546545,6.275042]],"crs":null},"properties":{"tension_kv":"110","circuito":"PIEDRAS BLANCAS - GIRARDOTA","estado":"OPERACION"}},{"type":"Feature","geometry":{"type":"LineString","coordinates":[[-75.544559,6.284156],[-75.546318,6.277563]],"crs":null},"properties":{"tension_kv":"110","circuito":"BELLO - PIEDRAS BLANCAS","estado":"OPERACION"}},{"type":"Feature","geometry":{"type":"LineString","coordinates":[[-75.544499,6.284141],[-75.546255,6.277556]],"crs":null},"properties":{"tension_kv":"110","circuito":"PIEDRAS BLANCAS - GIRARDOTA","estado":"OPERACION"}},{"type":"Feature","geometry":{"type":"LineString","coordinates":[[-75.572955,6.278601],[-75.573986,6.27514]],"crs":null},"properties":{"tension_kv":"110","circuito":"BELLO - CENTRAL 1","estado":"OPERACION"}},{"type":"Feature","geometry":{"type":"LineString","coordinates":[[-75.572431,6.279301],[-75.573308,6.275917]],"crs":null},"properties":{"tension_kv":"110","circuito":"CASTILLA - CENTRAL II","estado":"OPERACION"}},{"type":"Feature","geometry":{"type":"LineString","coordinates":[[-75.572892,6.278583],[-75.573934,6.275114]],"crs":null},"properties":{"tension_kv":"110","circuito":"BELLO - CENTRAL 2","estado":"OPERACION"}},{"type":"Feature","geometry":{"type":"LineString","coordinates":[[-75.57213,6.281662],[-75.572955,6.278601]],"crs":null},"properties":{"tension_kv":"110","circuito":"BELLO - CENTRAL 1","estado":"OPERACION"}},{"type":"Feature","geometry":{"type":"LineString","coordinates":[[-75.571618,6.283545],[-75.57213,6.281662]],"crs":null},"properties":{"tension_kv":"110","circuito":"BELLO - CENTRAL 1","estado":"OPERACION"}},{"type":"Feature","geometry":{"type":"LineString","coordinates":[[-75.571562,6.283509],[-75.572066,6.281642]],"crs":null},"properties":{"tension_kv":"110","circuito":"BELLO - CENTRAL 2","estado":"OPERACION"}},{"type":"Feature","geometry":{"type":"LineString","coordinates":[[-75.571256,6.283854],[-75.571909,6.281913]],"crs":null},"properties":{"tension_kv":"110","circuito":"CASTILLA - CENTRAL I","estado":"OPERACION"}},{"type":"Feature","geometry":{"type":"LineString","coordinates":[[-75.571193,6.283834],[-75.571846,6.281895]],"crs":null},"properties":{"tension_kv":"110","circuito":"CASTILLA - CENTRAL II","estado":"OPERACION"}},{"type":"Feature","geometry":{"type":"LineString","coordinates":[[-75.571909,6.281913],[-75.572493,6.279319]],"crs":null},"properties":{"tension_kv":"110","circuito":"CASTILLA - CENTRAL I","estado":"OPERACION"}},{"type":"Feature","geometry":{"type":"LineString","coordinates":[[-75.571846,6.281895],[-75.572431,6.279301]],"crs":null},"properties":{"tension_kv":"110","circuito":"CASTILLA - CENTRAL II","estado":"OPERACION"}},{"type":"Feature","geometry":{"type":"LineString","coordinates":[[-75.572066,6.281642],[-75.572892,6.278583]],"crs":null},"properties":{"tension_kv":"110","circuito":"BELLO - CENTRAL 2","estado":"OPERACION"}},{"type":"Feature","geometry":{"type":"LineString","coordinates":[[-75.572493,6.279319],[-75.573367,6.275945]],"crs":null},"properties":{"tension_kv":"110","circuito":"CASTILLA - CENTRAL I","estado":"OPERACION"}},{"type":"Feature","geometry":{"type":"LineString","coordinates":[[-75.602229,6.284374],[-75.605043,6.280713]],"crs":null},"properties":{"tension_kv":"110","circuito":"CABANAS - COLOMBIA","estado":"OPERACION"}},{"type":"Feature","geometry":{"type":"LineString","coordinates":[[-75.602185,6.284328],[-75.604985,6.280686]],"crs":null},"properties":{"tension_kv":"110","circuito":"HORIZONTE - COLOMBIA","estado":"OPERACION"}},{"type":"Feature","geometry":{"type":"LineString","coordinates":[[-75.605043,6.280713],[-75.609888,6.274686]],"crs":null},"properties":{"tension_kv":"110","circuito":"CABANAS - COLOMBIA","estado":"OPERACION"}},{"type":"Feature","geometry":{"type":"LineString","coordinates":[[-75.613122,6.284339],[-75.611497,6.279924]],"crs":null},"properties":{"tension_kv":"110","circuito":"OCCIDENTE - BELEN II","estado":"OPERACION"}},{"type":"Feature","geometry":{"type":"LineString","coordinates":[[-75.613064,6.284359],[-75.611436,6.279943]],"crs":null},"properties":{"tension_kv":"110","circuito":"OCCIDENTE - COLOMBIA","estado":"OPERACION"}},{"type":"Feature","geometry":{"type":"LineString","coordinates":[[-75.611436,6.279943],[-75.610074,6.274746]],"crs":null},"properties":{"tension_kv":"110","circuito":"OCCIDENTE - COLOMBIA","estado":"OPERACION"}},{"type":"Feature","geometry":{"type":"LineString","coordinates":[[-75.543149,6.288689],[-75.54421,6.286614]],"crs":null},"properties":{"tension_kv":"110","circuito":"PIEDRAS BLANCAS - GIRARDOTA","estado":"OPERACION"}},{"type":"Feature","geometry":{"type":"LineString","coordinates":[[-75.543205,6.288718],[-75.544274,6.286623]],"crs":null},"properties":{"tension_kv":"110","circuito":"BELLO - PIEDRAS BLANCAS","estado":"OPERACION"}},{"type":"Feature","geometry":{"type":"LineString","coordinates":[[-75.544274,6.286623],[-75.544559,6.284156]],"crs":null},"properties":{"tension_kv":"110","circuito":"BELLO - PIEDRAS BLANCAS","estado":"OPERACION"}},{"type":"Feature","geometry":{"type":"LineString","coordinates":[[-75.54421,6.286614],[-75.544499,6.284141]],"crs":null},"properties":{"tension_kv":"110","circuito":"PIEDRAS BLANCAS - GIRARDOTA","estado":"OPERACION"}},{"type":"Feature","geometry":{"type":"LineString","coordinates":[[-75.566459,6.293934],[-75.566949,6.292473]],"crs":null},"properties":{"tension_kv":"110","circuito":"CASTILLA - CENTRAL II","estado":"OPERACION"}},{"type":"Feature","geometry":{"type":"LineString","coordinates":[[-75.566521,6.293953],[-75.567011,6.29249]],"crs":null},"properties":{"tension_kv":"110","circuito":"CASTILLA - CENTRAL I","estado":"OPERACION"}},{"type":"Feature","geometry":{"type":"LineString","coordinates":[[-75.567316,6.289565],[-75.568232,6.28848]],"crs":null},"properties":{"tension_kv":"110","circuito":"BELLO - CENTRAL 1","estado":"OPERACION"}},{"type":"Feature","geometry":{"type":"LineString","coordinates":[[-75.567268,6.289523],[-75.568185,6.288436]],"crs":null},"properties":{"tension_kv":"110","circuito":"BELLO - CENTRAL 2","estado":"OPERACION"}},{"type":"Feature","geometry":{"type":"LineString","coordinates":[[-75.568232,6.28848],[-75.569019,6.287546]],"crs":null},"properties":{"tension_kv":"110","circuito":"BELLO - CENTRAL 1","estado":"OPERACION"}},{"type":"Feature","geometry":{"type":"LineString","coordinates":[[-75.568185,6.288436],[-75.568965,6.287511]],"crs":null},"properties":{"tension_kv":"110","circuito":"BELLO - CENTRAL 2","estado":"OPERACION"}},{"type":"Feature","geometry":{"type":"LineString","coordinates":[[-75.567868,6.289709],[-75.568768,6.287447]],"crs":null},"properties":{"tension_kv":"110","circuito":"CASTILLA - CENTRAL II","estado":"OPERACION"}},{"type":"Feature","geometry":{"type":"LineString","coordinates":[[-75.567926,6.289733],[-75.568829,6.287474]],"crs":null},"properties":{"tension_kv":"110","circuito":"CASTILLA - CENTRAL I","estado":"OPERACION"}},{"type":"Feature","geometry":{"type":"LineString","coordinates":[[-75.566949,6.292473],[-75.567868,6.289709]],"crs":null},"properties":{"tension_kv":"110","circuito":"CASTILLA - CENTRAL II","estado":"OPERACION"}},{"type":"Feature","geometry":{"type":"LineString","coordinates":[[-75.567011,6.29249],[-75.567926,6.289733]],"crs":null},"properties":{"tension_kv":"110","circuito":"CASTILLA - CENTRAL I","estado":"OPERACION"}},{"type":"Feature","geometry":{"type":"LineString","coordinates":[[-75.564466,6.29372],[-75.567316,6.289565]],"crs":null},"properties":{"tension_kv":"110","circuito":"BELLO - CENTRAL 1","estado":"OPERACION"}},{"type":"Feature","geometry":{"type":"LineString","coordinates":[[-75.564414,6.293684],[-75.567268,6.289523]],"crs":null},"properties":{"tension_kv":"110","circuito":"BELLO - CENTRAL 2","estado":"OPERACION"}},{"type":"Feature","geometry":{"type":"LineString","coordinates":[[-75.570282,6.285595],[-75.571618,6.283545]],"crs":null},"properties":{"tension_kv":"110","circuito":"BELLO - CENTRAL 1","estado":"OPERACION"}},{"type":"Feature","geometry":{"type":"LineString","coordinates":[[-75.570228,6.28556],[-75.571562,6.283509]],"crs":null},"properties":{"tension_kv":"110","circuito":"BELLO - CENTRAL 2","estado":"OPERACION"}},{"type":"Feature","geometry":{"type":"LineString","coordinates":[[-75.569763,6.28597],[-75.571193,6.283834]],"crs":null},"properties":{"tension_kv":"110","circuito":"CASTILLA - CENTRAL II","estado":"OPERACION"}},{"type":"Feature","geometry":{"type":"LineString","coordinates":[[-75.569816,6.286006],[-75.571256,6.283854]],"crs":null},"properties":{"tension_kv":"110","circuito":"CASTILLA - CENTRAL I","estado":"OPERACION"}},{"type":"Feature","geometry":{"type":"LineString","coordinates":[[-75.568768,6.287447],[-75.569763,6.28597]],"crs":null},"properties":{"tension_kv":"110","circuito":"CASTILLA - CENTRAL II","estado":"OPERACION"}},{"type":"Feature","geometry":{"type":"LineString","coordinates":[[-75.568829,6.287474],[-75.569816,6.286006]],"crs":null},"properties":{"tension_kv":"110","circuito":"CASTILLA - CENTRAL I","estado":"OPERACION"}},{"type":"Feature","geometry":{"type":"LineString","coordinates":[[-75.569019,6.287546],[-75.570282,6.285595]],"crs":null},"properties":{"tension_kv":"110","circuito":"BELLO - CENTRAL 1","estado":"OPERACION"}},{"type":"Feature","geometry":{"type":"LineString","coordinates":[[-75.568965,6.287511],[-75.570228,6.28556]],"crs":null},"properties":{"tension_kv":"110","circuito":"BELLO - CENTRAL 2","estado":"OPERACION"}},{"type":"Feature","geometry":{"type":"LineString","coordinates":[[-75.591487,6.289298],[-75.590857,6.288598]],"crs":null},"properties":{"tension_kv":"110","circuito":"ZAMORA - HORIZONTE","estado":"OPERACION"}},{"type":"Feature","geometry":{"type":"LineString","coordinates":[[-75.590857,6.288598],[-75.589923,6.287545]],"crs":null},"properties":{"tension_kv":"110","circuito":"ZAMORA - HORIZONTE","estado":"OPERACION"}},{"type":"Feature","geometry":{"type":"LineString","coordinates":[[-75.589974,6.287438],[-75.590905,6.288547]],"crs":null},"properties":{"tension_kv":"110","circuito":"HORIZONTE - COLOMBIA","estado":"OPERACION"}},{"type":"Feature","geometry":{"type":"LineString","coordinates":[[-75.590905,6.288547],[-75.591549,6.289286]],"crs":null},"properties":{"tension_kv":"110","circuito":"HORIZONTE - COLOMBIA","estado":"OPERACION"}},{"type":"Feature","geometry":{"type":"LineString","coordinates":[[-75.593032,6.2881],[-75.595834,6.286607]],"crs":null},"properties":{"tension_kv":"110","circuito":"HORIZONTE - COLOMBIA","estado":"OPERACION"}},{"type":"Feature","geometry":{"type":"LineString","coordinates":[[-75.589712,6.291415],[-75.591173,6.289957]],"crs":null},"properties":{"tension_kv":"110","circuito":"CABANAS - COLOMBIA","estado":"OPERACION"}},{"type":"Feature","geometry":{"type":"LineString","coordinates":[[-75.591173,6.289957],[-75.593065,6.288157]],"crs":null},"properties":{"tension_kv":"110","circuito":"CABANAS - COLOMBIA","estado":"OPERACION"}},{"type":"Feature","geometry":{"type":"LineString","coordinates":[[-75.593065,6.288157],[-75.595854,6.286672]],"crs":null},"properties":{"tension_kv":"110","circuito":"CABANAS - COLOMBIA","estado":"OPERACION"}},{"type":"Feature","geometry":{"type":"LineString","coordinates":[[-75.591124,6.289871],[-75.591487,6.289298]],"crs":null},"properties":{"tension_kv":"110","circuito":"ZAMORA - HORIZONTE","estado":"OPERACION"}},{"type":"Feature","geometry":{"type":"LineString","coordinates":[[-75.589667,6.291372],[-75.591124,6.289871]],"crs":null},"properties":{"tension_kv":"110","circuito":"ZAMORA - HORIZONTE","estado":"OPERACION"}},{"type":"Feature","geometry":{"type":"LineString","coordinates":[[-75.591549,6.289286],[-75.591169,6.289912]],"crs":null},"properties":{"tension_kv":"110","circuito":"HORIZONTE - COLOMBIA","estado":"OPERACION"}},{"type":"Feature","geometry":{"type":"LineString","coordinates":[[-75.591169,6.289911],[-75.593032,6.2881]],"crs":null},"properties":{"tension_kv":"110","circuito":"HORIZONTE - COLOMBIA","estado":"OPERACION"}},{"type":"Feature","geometry":{"type":"LineString","coordinates":[[-75.595834,6.286607],[-75.599035,6.285465]],"crs":null},"properties":{"tension_kv":"110","circuito":"HORIZONTE - COLOMBIA","estado":"OPERACION"}},{"type":"Feature","geometry":{"type":"LineString","coordinates":[[-75.599035,6.285465],[-75.602185,6.284328]],"crs":null},"properties":{"tension_kv":"110","circuito":"HORIZONTE - COLOMBIA","estado":"OPERACION"}},{"type":"Feature","geometry":{"type":"LineString","coordinates":[[-75.595854,6.286672],[-75.599057,6.285527]],"crs":null},"properties":{"tension_kv":"110","circuito":"CABANAS - COLOMBIA","estado":"OPERACION"}},{"type":"Feature","geometry":{"type":"LineString","coordinates":[[-75.599057,6.285527],[-75.602229,6.284374]],"crs":null},"properties":{"tension_kv":"110","circuito":"CABANAS - COLOMBIA","estado":"OPERACION"}},{"type":"Feature","geometry":{"type":"LineString","coordinates":[[-75.613914,6.288111],[-75.613064,6.284359]],"crs":null},"properties":{"tension_kv":"110","circuito":"OCCIDENTE - COLOMBIA","estado":"OPERACION"}},{"type":"Feature","geometry":{"type":"LineString","coordinates":[[-75.61454,6.293807],[-75.614434,6.291471]],"crs":null},"properties":{"tension_kv":"110","circuito":"OCCIDENTE - COLOMBIA","estado":"OPERACION"}},{"type":"Feature","geometry":{"type":"LineString","coordinates":[[-75.614604,6.293798],[-75.614499,6.291468]],"crs":null},"properties":{"tension_kv":"110","circuito":"OCCIDENTE - BELEN II","estado":"OPERACION"}},{"type":"Feature","geometry":{"type":"LineString","coordinates":[[-75.614434,6.291471],[-75.613877,6.289686]],"crs":null},"properties":{"tension_kv":"110","circuito":"OCCIDENTE - COLOMBIA","estado":"OPERACION"}},{"type":"Feature","geometry":{"type":"LineString","coordinates":[[-75.614499,6.291468],[-75.61394,6.289686]],"crs":null},"properties":{"tension_kv":"110","circuito":"OCCIDENTE - BELEN II","estado":"OPERACION"}},{"type":"Feature","geometry":{"type":"LineString","coordinates":[[-75.613877,6.289686],[-75.613914,6.288111]],"crs":null},"properties":{"tension_kv":"110","circuito":"OCCIDENTE - COLOMBIA","estado":"OPERACION"}},{"type":"Feature","geometry":{"type":"LineString","coordinates":[[-75.61394,6.289686],[-75.613978,6.288095]],"crs":null},"properties":{"tension_kv":"110","circuito":"OCCIDENTE - BELEN II","estado":"OPERACION"}},{"type":"Feature","geometry":{"type":"LineString","coordinates":[[-75.613978,6.288095],[-75.613122,6.284339]],"crs":null},"properties":{"tension_kv":"110","circuito":"OCCIDENTE - BELEN II","estado":"OPERACION"}},{"type":"Feature","geometry":{"type":"LineString","coordinates":[[-75.540257,6.299702],[-75.541498,6.294905]],"crs":null},"properties":{"tension_kv":"110","circuito":"PIEDRAS BLANCAS - GIRARDOTA","estado":"OPERACION"}},{"type":"Feature","geometry":{"type":"LineString","coordinates":[[-75.540318,6.299719],[-75.541562,6.294921]],"crs":null},"properties":{"tension_kv":"110","circuito":"BELLO - PIEDRAS BLANCAS","estado":"OPERACION"}},{"type":"Feature","geometry":{"type":"LineString","coordinates":[[-75.541498,6.294905],[-75.543149,6.288689]],"crs":null},"properties":{"tension_kv":"110","circuito":"PIEDRAS BLANCAS - GIRARDOTA","estado":"OPERACION"}},{"type":"Feature","geometry":{"type":"LineString","coordinates":[[-75.541562,6.294921],[-75.543205,6.288718]],"crs":null},"properties":{"tension_kv":"110","circuito":"BELLO - PIEDRAS BLANCAS","estado":"OPERACION"}},{"type":"Feature","geometry":{"type":"LineString","coordinates":[[-75.565378,6.296758],[-75.566272,6.294545]],"crs":null},"properties":{"tension_kv":"110","circuito":"BELLO - CASTILLA II","estado":"OPERACION"}},{"type":"Feature","geometry":{"type":"LineString","coordinates":[[-75.56544,6.296782],[-75.566333,6.29457]],"crs":null},"properties":{"tension_kv":"110","circuito":"BELLO - CASTILLA I","estado":"OPERACION"}},{"type":"Feature","geometry":{"type":"LineString","coordinates":[[-75.563736,6.294758],[-75.564466,6.29372]],"crs":null},"properties":{"tension_kv":"110","circuito":"BELLO - CENTRAL 1","estado":"OPERACION"}},{"type":"Feature","geometry":{"type":"LineString","coordinates":[[-75.563684,6.294727],[-75.564414,6.293684]],"crs":null},"properties":{"tension_kv":"110","circuito":"BELLO - CENTRAL 2","estado":"OPERACION"}},{"type":"Feature","geometry":{"type":"LineString","coordinates":[[-75.55952,6.302826],[-75.56003,6.301684]],"crs":null},"properties":{"tension_kv":"110","circuito":"BELLO - CENTRAL 1","estado":"OPERACION"}},{"type":"Feature","geometry":{"type":"LineString","coordinates":[[-75.559462,6.3028],[-75.559972,6.301657]],"crs":null},"properties":{"tension_kv":"110","circuito":"BELLO - CENTRAL 2","estado":"OPERACION"}},{"type":"Feature","geometry":{"type":"LineString","coordinates":[[-75.56003,6.301684],[-75.56086,6.299946]],"crs":null},"properties":{"tension_kv":"110","circuito":"BELLO - CENTRAL 1","estado":"OPERACION"}},{"type":"Feature","geometry":{"type":"LineString","coordinates":[[-75.559972,6.301657],[-75.560803,6.299917]],"crs":null},"properties":{"tension_kv":"110","circuito":"BELLO - CENTRAL 2","estado":"OPERACION"}},{"type":"Feature","geometry":{"type":"LineString","coordinates":[[-75.56086,6.299946],[-75.562217,6.29705]],"crs":null},"properties":{"tension_kv":"110","circuito":"BELLO - CENTRAL 1","estado":"OPERACION"}},{"type":"Feature","geometry":{"type":"LineString","coordinates":[[-75.560803,6.299917],[-75.562163,6.297011]],"crs":null},"properties":{"tension_kv":"110","circuito":"BELLO - CENTRAL 2","estado":"OPERACION"}},{"type":"Feature","geometry":{"type":"LineString","coordinates":[[-75.562217,6.29705],[-75.563736,6.294758]],"crs":null},"properties":{"tension_kv":"110","circuito":"BELLO - CENTRAL 1","estado":"OPERACION"}},{"type":"Feature","geometry":{"type":"LineString","coordinates":[[-75.562163,6.297011],[-75.563684,6.294727]],"crs":null},"properties":{"tension_kv":"110","circuito":"BELLO - CENTRAL 2","estado":"OPERACION"}},{"type":"Feature","geometry":{"type":"LineString","coordinates":[[-75.563924,6.300924],[-75.56544,6.296782]],"crs":null},"properties":{"tension_kv":"110","circuito":"BELLO - CASTILLA I","estado":"OPERACION"}},{"type":"Feature","geometry":{"type":"LineString","coordinates":[[-75.563865,6.300899],[-75.565378,6.296758]],"crs":null},"properties":{"tension_kv":"110","circuito":"BELLO - CASTILLA II","estado":"OPERACION"}},{"type":"Feature","geometry":{"type":"LineString","coordinates":[[-75.580224,6.299416],[-75.583909,6.296277]],"crs":null},"properties":{"tension_kv":"110","circuito":"ZAMORA - HORIZONTE","estado":"OPERACION"}},{"type":"Feature","geometry":{"type":"LineString","coordinates":[[-75.580286,6.299436],[-75.583961,6.296312]],"crs":null},"properties":{"tension_kv":"110","circuito":"CABANAS - COLOMBIA","estado":"OPERACION"}},{"type":"Feature","geometry":{"type":"LineString","coordinates":[[-75.583909,6.296277],[-75.586495,6.294165]],"crs":null},"properties":{"tension_kv":"110","circuito":"ZAMORA - HORIZONTE","estado":"OPERACION"}},{"type":"Feature","geometry":{"type":"LineString","coordinates":[[-75.583961,6.296312],[-75.586543,6.294202]],"crs":null},"properties":{"tension_kv":"110","circuito":"CABANAS - COLOMBIA","estado":"OPERACION"}},{"type":"Feature","geometry":{"type":"LineString","coordinates":[[-75.586543,6.294202],[-75.589712,6.291415]],"crs":null},"properties":{"tension_kv":"110","circuito":"CABANAS - COLOMBIA","estado":"OPERACION"}},{"type":"Feature","geometry":{"type":"LineString","coordinates":[[-75.586495,6.294165],[-75.589667,6.291372]],"crs":null},"properties":{"tension_kv":"110","circuito":"ZAMORA - HORIZONTE","estado":"OPERACION"}},{"type":"Feature","geometry":{"type":"LineString","coordinates":[[-75.614819,6.300697],[-75.6147,6.297775]],"crs":null},"properties":{"tension_kv":"110","circuito":"OCCIDENTE - COLOMBIA","estado":"OPERACION"}},{"type":"Feature","geometry":{"type":"LineString","coordinates":[[-75.614883,6.300695],[-75.614764,6.297773]],"crs":null},"properties":{"tension_kv":"110","circuito":"OCCIDENTE - BELEN II","estado":"OPERACION"}},{"type":"Feature","geometry":{"type":"LineString","coordinates":[[-75.6147,6.297775],[-75.61454,6.293807]],"crs":null},"properties":{"tension_kv":"110","circuito":"OCCIDENTE - COLOMBIA","estado":"OPERACION"}},{"type":"Feature","geometry":{"type":"LineString","coordinates":[[-75.614764,6.297773],[-75.614604,6.293798]],"crs":null},"properties":{"tension_kv":"110","circuito":"OCCIDENTE - BELEN II","estado":"OPERACION"}},{"type":"Feature","geometry":{"type":"LineString","coordinates":[[-75.538692,6.30575],[-75.540318,6.299719]],"crs":null},"properties":{"tension_kv":"110","circuito":"BELLO - PIEDRAS BLANCAS","estado":"OPERACION"}},{"type":"Feature","geometry":{"type":"LineString","coordinates":[[-75.538631,6.305733],[-75.540257,6.299702]],"crs":null},"properties":{"tension_kv":"110","circuito":"PIEDRAS BLANCAS - GIRARDOTA","estado":"OPERACION"}},{"type":"Feature","geometry":{"type":"LineString","coordinates":[[-75.538118,6.307885],[-75.538692,6.30575]],"crs":null},"properties":{"tension_kv":"110","circuito":"BELLO - PIEDRAS BLANCAS","estado":"OPERACION"}},{"type":"Feature","geometry":{"type":"LineString","coordinates":[[-75.538055,6.307868],[-75.538631,6.305733]],"crs":null},"properties":{"tension_kv":"110","circuito":"PIEDRAS BLANCAS - GIRARDOTA","estado":"OPERACION"}},{"type":"Feature","geometry":{"type":"LineString","coordinates":[[-75.562296,6.305433],[-75.563924,6.300924]],"crs":null},"properties":{"tension_kv":"110","circuito":"BELLO - CASTILLA I","estado":"OPERACION"}},{"type":"Feature","geometry":{"type":"LineString","coordinates":[[-75.562235,6.305409],[-75.563865,6.300899]],"crs":null},"properties":{"tension_kv":"110","circuito":"BELLO - CASTILLA II","estado":"OPERACION"}},{"type":"Feature","geometry":{"type":"LineString","coordinates":[[-75.558644,6.304583],[-75.559462,6.3028]],"crs":null},"properties":{"tension_kv":"110","circuito":"BELLO - CENTRAL 2","estado":"OPERACION"}},{"type":"Feature","geometry":{"type":"LineString","coordinates":[[-75.558701,6.304609],[-75.55952,6.302826]],"crs":null},"properties":{"tension_kv":"110","circuito":"BELLO - CENTRAL 1","estado":"OPERACION"}},{"type":"Feature","geometry":{"type":"LineString","coordinates":[[-75.555274,6.311897],[-75.556043,6.310213]],"crs":null},"properties":{"tension_kv":"110","circuito":"BELLO - CENTRAL 2","estado":"OPERACION"}},{"type":"Feature","geometry":{"type":"LineString","coordinates":[[-75.555334,6.311921],[-75.556101,6.310239]],"crs":null},"properties":{"tension_kv":"110","circuito":"BELLO - CENTRAL 1","estado":"OPERACION"}},{"type":"Feature","geometry":{"type":"LineString","coordinates":[[-75.556101,6.310239],[-75.55672,6.308904]],"crs":null},"properties":{"tension_kv":"110","circuito":"BELLO - CENTRAL 1","estado":"OPERACION"}},{"type":"Feature","geometry":{"type":"LineString","coordinates":[[-75.556043,6.310213],[-75.556661,6.308878]],"crs":null},"properties":{"tension_kv":"110","circuito":"BELLO - CENTRAL 2","estado":"OPERACION"}},{"type":"Feature","geometry":{"type":"LineString","coordinates":[[-75.55672,6.308904],[-75.557964,6.306204]],"crs":null},"properties":{"tension_kv":"110","circuito":"BELLO - CENTRAL 1","estado":"OPERACION"}},{"type":"Feature","geometry":{"type":"LineString","coordinates":[[-75.556661,6.308878],[-75.557909,6.306167]],"crs":null},"properties":{"tension_kv":"110","circuito":"BELLO - CENTRAL 2","estado":"OPERACION"}},{"type":"Feature","geometry":{"type":"LineString","coordinates":[[-75.557909,6.306167],[-75.558644,6.304583]],"crs":null},"properties":{"tension_kv":"110","circuito":"BELLO - CENTRAL 2","estado":"OPERACION"}},{"type":"Feature","geometry":{"type":"LineString","coordinates":[[-75.561233,6.308362],[-75.562296,6.305433]],"crs":null},"properties":{"tension_kv":"110","circuito":"BELLO - CASTILLA I","estado":"OPERACION"}},{"type":"Feature","geometry":{"type":"LineString","coordinates":[[-75.561171,6.308339],[-75.562235,6.305409]],"crs":null},"properties":{"tension_kv":"110","circuito":"BELLO - CASTILLA II","estado":"OPERACION"}},{"type":"Feature","geometry":{"type":"LineString","coordinates":[[-75.557964,6.306204],[-75.558701,6.304609]],"crs":null},"properties":{"tension_kv":"110","circuito":"BELLO - CENTRAL 1","estado":"OPERACION"}},{"type":"Feature","geometry":{"type":"LineString","coordinates":[[-75.560032,6.311669],[-75.561233,6.308362]],"crs":null},"properties":{"tension_kv":"110","circuito":"BELLO - CASTILLA I","estado":"OPERACION"}},{"type":"Feature","geometry":{"type":"LineString","coordinates":[[-75.559973,6.311646],[-75.561171,6.308339]],"crs":null},"properties":{"tension_kv":"110","circuito":"BELLO - CASTILLA II","estado":"OPERACION"}},{"type":"Feature","geometry":{"type":"LineString","coordinates":[[-75.577939,6.306448],[-75.580224,6.299416]],"crs":null},"properties":{"tension_kv":"110","circuito":"ZAMORA - HORIZONTE","estado":"OPERACION"}},{"type":"Feature","geometry":{"type":"LineString","coordinates":[[-75.576883,6.309708],[-75.577939,6.306448]],"crs":null},"properties":{"tension_kv":"110","circuito":"ZAMORA - HORIZONTE","estado":"OPERACION"}},{"type":"Feature","geometry":{"type":"LineString","coordinates":[[-75.576944,6.309724],[-75.578,6.306464]],"crs":null},"properties":{"tension_kv":"110","circuito":"CABANAS - COLOMBIA","estado":"OPERACION"}},{"type":"Feature","geometry":{"type":"LineString","coordinates":[[-75.578003,6.306462],[-75.580286,6.299436]],"crs":null},"properties":{"tension_kv":"110","circuito":"CABANAS - COLOMBIA","estado":"OPERACION"}},{"type":"Feature","geometry":{"type":"LineString","coordinates":[[-75.58614,6.311892],[-75.586013,6.311957]],"crs":null},"properties":{"tension_kv":"110","circuito":"CABANAS - COLOMBIA","estado":"OPERACION"}},{"type":"Feature","geometry":{"type":"LineString","coordinates":[[-75.58614,6.311892],[-75.587344,6.313128]],"crs":null},"properties":{"tension_kv":"110","circuito":"CABANAS - COLOMBIA","estado":"OPERACION"}},{"type":"Feature","geometry":{"type":"LineString","coordinates":[[-75.535458,6.317931],[-75.536591,6.313736]],"crs":null},"properties":{"tension_kv":"110","circuito":"BELLO - PIEDRAS BLANCAS","estado":"OPERACION"}},{"type":"Feature","geometry":{"type":"LineString","coordinates":[[-75.536529,6.313719],[-75.538055,6.307868]],"crs":null},"properties":{"tension_kv":"110","circuito":"PIEDRAS BLANCAS - GIRARDOTA","estado":"OPERACION"}},{"type":"Feature","geometry":{"type":"LineString","coordinates":[[-75.535395,6.317934],[-75.536529,6.313719]],"crs":null},"properties":{"tension_kv":"110","circuito":"PIEDRAS BLANCAS - GIRARDOTA","estado":"OPERACION"}},{"type":"Feature","geometry":{"type":"LineString","coordinates":[[-75.536591,6.313736],[-75.538118,6.307885]],"crs":null},"properties":{"tension_kv":"110","circuito":"BELLO - PIEDRAS BLANCAS","estado":"OPERACION"}},{"type":"Feature","geometry":{"type":"LineString","coordinates":[[-75.551654,6.31657],[-75.555334,6.311921]],"crs":null},"properties":{"tension_kv":"110","circuito":"BELLO - CENTRAL 1","estado":"OPERACION"}},{"type":"Feature","geometry":{"type":"LineString","coordinates":[[-75.551603,6.316531],[-75.555274,6.311897]],"crs":null},"properties":{"tension_kv":"110","circuito":"BELLO - CENTRAL 2","estado":"OPERACION"}},{"type":"Feature","geometry":{"type":"LineString","coordinates":[[-75.549273,6.319994],[-75.551603,6.316531]],"crs":null},"properties":{"tension_kv":"110","circuito":"BELLO - CENTRAL 2","estado":"OPERACION"}},{"type":"Feature","geometry":{"type":"LineString","coordinates":[[-75.549324,6.320033],[-75.551654,6.31657]],"crs":null},"properties":{"tension_kv":"110","circuito":"BELLO - CENTRAL 1","estado":"OPERACION"}},{"type":"Feature","geometry":{"type":"LineString","coordinates":[[-75.548401,6.321089],[-75.549273,6.319994]],"crs":null},"properties":{"tension_kv":"110","circuito":"BELLO - CENTRAL 2","estado":"OPERACION"}},{"type":"Feature","geometry":{"type":"LineString","coordinates":[[-75.548449,6.321133],[-75.549324,6.320033]],"crs":null},"properties":{"tension_kv":"110","circuito":"BELLO - CENTRAL 1","estado":"OPERACION"}},{"type":"Feature","geometry":{"type":"LineString","coordinates":[[-75.555635,6.318085],[-75.555595,6.315297]],"crs":null},"properties":{"tension_kv":"110","circuito":"ZAMORA - HORIZONTE","estado":"OPERACION"}},{"type":"Feature","geometry":{"type":"LineString","coordinates":[[-75.55563,6.315348],[-75.555704,6.318073]],"crs":null},"properties":{"tension_kv":"110","circuito":"OCCIDENTE - ZAMORA","estado":"OPERACION"}},{"type":"Feature","geometry":{"type":"LineString","coordinates":[[-75.555704,6.318073],[-75.555814,6.319855]],"crs":null},"properties":{"tension_kv":"110","circuito":"OCCIDENTE - ZAMORA","estado":"OPERACION"}},{"type":"Feature","geometry":{"type":"LineString","coordinates":[[-75.55575,6.319857],[-75.555635,6.318085]],"crs":null},"properties":{"tension_kv":"110","circuito":"ZAMORA - HORIZONTE","estado":"OPERACION"}},{"type":"Feature","geometry":{"type":"LineString","coordinates":[[-75.555814,6.319855],[-75.555887,6.323343]],"crs":null},"properties":{"tension_kv":"110","circuito":"OCCIDENTE - ZAMORA","estado":"OPERACION"}},{"type":"Feature","geometry":{"type":"LineString","coordinates":[[-75.567025,6.315744],[-75.563769,6.315671]],"crs":null},"properties":{"tension_kv":"110","circuito":"OCCIDENTE - ZAMORA","estado":"OPERACION"}},{"type":"Feature","geometry":{"type":"LineString","coordinates":[[-75.563771,6.315607],[-75.566999,6.315686]],"crs":null},"properties":{"tension_kv":"110","circuito":"ZAMORA - HORIZONTE","estado":"OPERACION"}},{"type":"Feature","geometry":{"type":"LineString","coordinates":[[-75.566999,6.315686],[-75.569713,6.314519]],"crs":null},"properties":{"tension_kv":"110","circuito":"ZAMORA - HORIZONTE","estado":"OPERACION"}},{"type":"Feature","geometry":{"type":"LineString","coordinates":[[-75.559668,6.314185],[-75.559973,6.311646]],"crs":null},"properties":{"tension_kv":"110","circuito":"BELLO - CASTILLA II","estado":"OPERACION"}},{"type":"Feature","geometry":{"type":"LineString","coordinates":[[-75.559733,6.314196],[-75.560032,6.311669]],"crs":null},"properties":{"tension_kv":"110","circuito":"BELLO - CASTILLA I","estado":"OPERACION"}},{"type":"Feature","geometry":{"type":"LineString","coordinates":[[-75.559088,6.318682],[-75.559668,6.314185]],"crs":null},"properties":{"tension_kv":"110","circuito":"BELLO - CASTILLA II","estado":"OPERACION"}},{"type":"Feature","geometry":{"type":"LineString","coordinates":[[-75.559151,6.31869],[-75.559733,6.314196]],"crs":null},"properties":{"tension_kv":"110","circuito":"BELLO - CASTILLA I","estado":"OPERACION"}},{"type":"Feature","geometry":{"type":"LineString","coordinates":[[-75.563769,6.315671],[-75.559315,6.315563]],"crs":null},"properties":{"tension_kv":"110","circuito":"OCCIDENTE - ZAMORA","estado":"OPERACION"}},{"type":"Feature","geometry":{"type":"LineString","coordinates":[[-75.555595,6.315297],[-75.559316,6.3155]],"crs":null},"properties":{"tension_kv":"110","circuito":"ZAMORA - HORIZONTE","estado":"OPERACION"}},{"type":"Feature","geometry":{"type":"LineString","coordinates":[[-75.559315,6.315563],[-75.55563,6.315348]],"crs":null},"properties":{"tension_kv":"110","circuito":"OCCIDENTE - ZAMORA","estado":"OPERACION"}},{"type":"Feature","geometry":{"type":"LineString","coordinates":[[-75.563389,6.315598],[-75.563771,6.315607]],"crs":null},"properties":{"tension_kv":"110","circuito":"ZAMORA - HORIZONTE","estado":"OPERACION"}},{"type":"Feature","geometry":{"type":"LineString","coordinates":[[-75.559316,6.3155],[-75.563389,6.315598]],"crs":null},"properties":{"tension_kv":"110","circuito":"ZAMORA - HORIZONTE","estado":"OPERACION"}},{"type":"Feature","geometry":{"type":"LineString","coordinates":[[-75.57448,6.312491],[-75.576883,6.309708]],"crs":null},"properties":{"tension_kv":"110","circuito":"ZAMORA - HORIZONTE","estado":"OPERACION"}},{"type":"Feature","geometry":{"type":"LineString","coordinates":[[-75.573826,6.317026],[-75.569736,6.314578]],"crs":null},"properties":{"tension_kv":"110","circuito":"OCCIDENTE - ZAMORA","estado":"OPERACION"}},{"type":"Feature","geometry":{"type":"LineString","coordinates":[[-75.569713,6.314519],[-75.57448,6.312491]],"crs":null},"properties":{"tension_kv":"110","circuito":"ZAMORA - HORIZONTE","estado":"OPERACION"}},{"type":"Feature","geometry":{"type":"LineString","coordinates":[[-75.569736,6.314578],[-75.567025,6.315744]],"crs":null},"properties":{"tension_kv":"110","circuito":"OCCIDENTE - ZAMORA","estado":"OPERACION"}},{"type":"Feature","geometry":{"type":"LineString","coordinates":[[-75.581623,6.320794],[-75.577258,6.318687]],"crs":null},"properties":{"tension_kv":"110","circuito":"OCCIDENTE - ZAMORA","estado":"OPERACION"}},{"type":"Feature","geometry":{"type":"LineString","coordinates":[[-75.577258,6.318687],[-75.573826,6.317026]],"crs":null},"properties":{"tension_kv":"110","circuito":"OCCIDENTE - ZAMORA","estado":"OPERACION"}},{"type":"Feature","geometry":{"type":"LineString","coordinates":[[-75.577289,6.318629],[-75.573858,6.316966]],"crs":null},"properties":{"tension_kv":"110","circuito":"CABANAS - COLOMBIA","estado":"OPERACION"}},{"type":"Feature","geometry":{"type":"LineString","coordinates":[[-75.581669,6.320748],[-75.577289,6.318629]],"crs":null},"properties":{"tension_kv":"110","circuito":"CABANAS - COLOMBIA","estado":"OPERACION"}},{"type":"Feature","geometry":{"type":"LineString","coordinates":[[-75.573858,6.316966],[-75.569753,6.314537]],"crs":null},"properties":{"tension_kv":"110","circuito":"CABANAS - COLOMBIA","estado":"OPERACION"}},{"type":"Feature","geometry":{"type":"LineString","coordinates":[[-75.574523,6.31254],[-75.576944,6.309724]],"crs":null},"properties":{"tension_kv":"110","circuito":"CABANAS - COLOMBIA","estado":"OPERACION"}},{"type":"Feature","geometry":{"type":"LineString","coordinates":[[-75.569753,6.314537],[-75.574523,6.31254]],"crs":null},"properties":{"tension_kv":"110","circuito":"CABANAS - COLOMBIA","estado":"OPERACION"}},{"type":"Feature","geometry":{"type":"LineString","coordinates":[[-75.587344,6.313128],[-75.590138,6.313466]],"crs":null},"properties":{"tension_kv":"110","circuito":"CABANAS - COLOMBIA","estado":"OPERACION"}},{"type":"Feature","geometry":{"type":"LineString","coordinates":[[-75.590138,6.313466],[-75.589599,6.31491]],"crs":null},"properties":{"tension_kv":"110","circuito":"CABANAS - COLOMBIA","estado":"OPERACION"}},{"type":"Feature","geometry":{"type":"LineString","coordinates":[[-75.589599,6.31491],[-75.585064,6.322332]],"crs":null},"properties":{"tension_kv":"110","circuito":"CABANAS - COLOMBIA","estado":"OPERACION"}},{"type":"Feature","geometry":{"type":"LineString","coordinates":[[-75.535334,6.321678],[-75.535458,6.317931]],"crs":null},"properties":{"tension_kv":"110","circuito":"BELLO - PIEDRAS BLANCAS","estado":"OPERACION"}},{"type":"Feature","geometry":{"type":"LineString","coordinates":[[-75.535271,6.321678],[-75.535395,6.317934]],"crs":null},"properties":{"tension_kv":"110","circuito":"PIEDRAS BLANCAS - GIRARDOTA","estado":"OPERACION"}},{"type":"Feature","geometry":{"type":"LineString","coordinates":[[-75.53514,6.327707],[-75.535334,6.321678]],"crs":null},"properties":{"tension_kv":"110","circuito":"BELLO - PIEDRAS BLANCAS","estado":"OPERACION"}},{"type":"Feature","geometry":{"type":"LineString","coordinates":[[-75.535051,6.330126],[-75.53514,6.327707]],"crs":null},"properties":{"tension_kv":"110","circuito":"BELLO - PIEDRAS BLANCAS","estado":"OPERACION"}},{"type":"Feature","geometry":{"type":"LineString","coordinates":[[-75.534987,6.330127],[-75.535076,6.327707]],"crs":null},"properties":{"tension_kv":"110","circuito":"PIEDRAS BLANCAS - GIRARDOTA","estado":"OPERACION"}},{"type":"Feature","geometry":{"type":"LineString","coordinates":[[-75.535076,6.327707],[-75.535271,6.321678]],"crs":null},"properties":{"tension_kv":"110","circuito":"PIEDRAS BLANCAS - GIRARDOTA","estado":"OPERACION"}},{"type":"Feature","geometry":{"type":"LineString","coordinates":[[-75.550831,6.329816],[-75.550776,6.331816]],"crs":null},"properties":{"tension_kv":"110","circuito":"GIRARDOTA - ZAMORA","estado":"OPERACION"}},{"type":"Feature","geometry":{"type":"LineString","coordinates":[[-75.550935,6.327443],[-75.550831,6.329816]],"crs":null},"properties":{"tension_kv":"110","circuito":"GIRARDOTA - ZAMORA","estado":"OPERACION"}},{"type":"Feature","geometry":{"type":"LineString","coordinates":[[-75.550895,6.32982],[-75.55082,6.331862]],"crs":null},"properties":{"tension_kv":"110","circuito":"SALTO - ZAMORA","estado":"OPERACION"}},{"type":"Feature","geometry":{"type":"LineString","coordinates":[[-75.550988,6.32748],[-75.550895,6.32982]],"crs":null},"properties":{"tension_kv":"110","circuito":"SALTO - ZAMORA","estado":"OPERACION"}},{"type":"Feature","geometry":{"type":"LineString","coordinates":[[-75.551781,6.326127],[-75.550935,6.327443]],"crs":null},"properties":{"tension_kv":"110","circuito":"GIRARDOTA - ZAMORA","estado":"OPERACION"}},{"type":"Feature","geometry":{"type":"LineString","coordinates":[[-75.551837,6.326165],[-75.550988,6.32748]],"crs":null},"properties":{"tension_kv":"110","circuito":"SALTO - ZAMORA","estado":"OPERACION"}},{"type":"Feature","geometry":{"type":"LineString","coordinates":[[-75.552633,6.324343],[-75.555761,6.324228]],"crs":null},"properties":{"tension_kv":"110","circuito":"BELLO - CASTILLA I","estado":"OPERACION"}},{"type":"Feature","geometry":{"type":"LineString","coordinates":[[-75.552936,6.324174],[-75.551781,6.326127]],"crs":null},"properties":{"tension_kv":"110","circuito":"GIRARDOTA - ZAMORA","estado":"OPERACION"}},{"type":"Feature","geometry":{"type":"LineString","coordinates":[[-75.552982,6.324216],[-75.551837,6.326165]],"crs":null},"properties":{"tension_kv":"110","circuito":"SALTO - ZAMORA","estado":"OPERACION"}},{"type":"Feature","geometry":{"type":"LineString","coordinates":[[-75.554255,6.324076],[-75.552936,6.324174]],"crs":null},"properties":{"tension_kv":"110","circuito":"GIRARDOTA - ZAMORA","estado":"OPERACION"}},{"type":"Feature","geometry":{"type":"LineString","coordinates":[[-75.55426,6.32414],[-75.552982,6.324216]],"crs":null},"properties":{"tension_kv":"110","circuito":"SALTO - ZAMORA","estado":"OPERACION"}},{"type":"Feature","geometry":{"type":"LineString","coordinates":[[-75.552598,6.324298],[-75.555761,6.324161]],"crs":null},"properties":{"tension_kv":"110","circuito":"BELLO - CASTILLA II","estado":"OPERACION"}},{"type":"Feature","geometry":{"type":"LineString","coordinates":[[-75.548864,6.327387],[-75.552598,6.324298]],"crs":null},"properties":{"tension_kv":"110","circuito":"BELLO - CASTILLA II","estado":"OPERACION"}},{"type":"Feature","geometry":{"type":"LineString","coordinates":[[-75.548904,6.327437],[-75.552633,6.324343]],"crs":null},"properties":{"tension_kv":"110","circuito":"BELLO - CASTILLA I","estado":"OPERACION"}},{"type":"Feature","geometry":{"type":"LineString","coordinates":[[-75.545628,6.32502],[-75.548401,6.321089]],"crs":null},"properties":{"tension_kv":"110","circuito":"BELLO - CENTRAL 2","estado":"OPERACION"}},{"type":"Feature","geometry":{"type":"LineString","coordinates":[[-75.545679,6.325056],[-75.548449,6.321133]],"crs":null},"properties":{"tension_kv":"110","circuito":"BELLO - CENTRAL 1","estado":"OPERACION"}},{"type":"Feature","geometry":{"type":"LineString","coordinates":[[-75.544303,6.32689],[-75.545628,6.32502]],"crs":null},"properties":{"tension_kv":"110","circuito":"BELLO - CENTRAL 2","estado":"OPERACION"}},{"type":"Feature","geometry":{"type":"LineString","coordinates":[[-75.544355,6.32693],[-75.545679,6.325056]],"crs":null},"properties":{"tension_kv":"110","circuito":"BELLO - CENTRAL 1","estado":"OPERACION"}},{"type":"Feature","geometry":{"type":"LineString","coordinates":[[-75.542986,6.328879],[-75.544355,6.32693]],"crs":null},"properties":{"tension_kv":"110","circuito":"BELLO - CENTRAL 1","estado":"OPERACION"}},{"type":"Feature","geometry":{"type":"LineString","coordinates":[[-75.542074,6.330068],[-75.542939,6.328834]],"crs":null},"properties":{"tension_kv":"110","circuito":"BELLO - CENTRAL 2","estado":"OPERACION"}},{"type":"Feature","geometry":{"type":"LineString","coordinates":[[-75.542126,6.330107],[-75.542986,6.328879]],"crs":null},"properties":{"tension_kv":"110","circuito":"BELLO - CENTRAL 1","estado":"OPERACION"}},{"type":"Feature","geometry":{"type":"LineString","coordinates":[[-75.542939,6.328834],[-75.544303,6.32689]],"crs":null},"properties":{"tension_kv":"110","circuito":"BELLO - CENTRAL 2","estado":"OPERACION"}},{"type":"Feature","geometry":{"type":"LineString","coordinates":[[-75.555826,6.323344],[-75.55575,6.319857]],"crs":null},"properties":{"tension_kv":"110","circuito":"ZAMORA - HORIZONTE","estado":"OPERACION"}},{"type":"Feature","geometry":{"type":"LineString","coordinates":[[-75.557309,6.322637],[-75.559151,6.31869]],"crs":null},"properties":{"tension_kv":"110","circuito":"BELLO - CASTILLA I","estado":"OPERACION"}},{"type":"Feature","geometry":{"type":"LineString","coordinates":[[-75.555761,6.324228],[-75.556621,6.324204]],"crs":null},"properties":{"tension_kv":"110","circuito":"BELLO - CASTILLA I","estado":"OPERACION"}},{"type":"Feature","geometry":{"type":"LineString","coordinates":[[-75.556621,6.324204],[-75.557309,6.322637]],"crs":null},"properties":{"tension_kv":"110","circuito":"BELLO - CASTILLA I","estado":"OPERACION"}},{"type":"Feature","geometry":{"type":"LineString","coordinates":[[-75.556595,6.324148],[-75.55725,6.322609]],"crs":null},"properties":{"tension_kv":"110","circuito":"BELLO - CASTILLA II","estado":"OPERACION"}},{"type":"Feature","geometry":{"type":"LineString","coordinates":[[-75.55725,6.322609],[-75.559088,6.318682]],"crs":null},"properties":{"tension_kv":"110","circuito":"BELLO - CASTILLA II","estado":"OPERACION"}},{"type":"Feature","geometry":{"type":"LineString","coordinates":[[-75.555761,6.324161],[-75.556595,6.324148]],"crs":null},"properties":{"tension_kv":"110","circuito":"BELLO - CASTILLA II","estado":"OPERACION"}},{"type":"Feature","geometry":{"type":"LineString","coordinates":[[-75.55581,6.324016],[-75.55426,6.32414]],"crs":null},"properties":{"tension_kv":"110","circuito":"SALTO - ZAMORA","estado":"OPERACION"}},{"type":"Feature","geometry":{"type":"LineString","coordinates":[[-75.555805,6.323952],[-75.554255,6.324076]],"crs":null},"properties":{"tension_kv":"110","circuito":"GIRARDOTA - ZAMORA","estado":"OPERACION"}},{"type":"Feature","geometry":{"type":"LineString","coordinates":[[-75.555947,6.323487],[-75.555826,6.323344]],"crs":null},"properties":{"tension_kv":"110","circuito":"ZAMORA - HORIZONTE","estado":"OPERACION"}},{"type":"Feature","geometry":{"type":"LineString","coordinates":[[-75.555887,6.323343],[-75.556048,6.323533]],"crs":null},"properties":{"tension_kv":"110","circuito":"OCCIDENTE - ZAMORA","estado":"OPERACION"}},{"type":"Feature","geometry":{"type":"LineString","coordinates":[[-75.51179,6.339064],[-75.515101,6.337281]],"crs":null},"properties":{"tension_kv":"220","circuito":"SALTO IV - BELLO","estado":"OPERACION"}},{"type":"Feature","geometry":{"type":"LineString","coordinates":[[-75.515101,6.337281],[-75.519821,6.33585]],"crs":null},"properties":{"tension_kv":"220","circuito":"SALTO IV - BELLO","estado":"OPERACION"}},{"type":"Feature","geometry":{"type":"LineString","coordinates":[[-75.519821,6.33585],[-75.522662,6.336771]],"crs":null},"properties":{"tension_kv":"220","circuito":"SALTO IV - BELLO","estado":"OPERACION"}},{"type":"Feature","geometry":{"type":"LineString","coordinates":[[-75.525956,6.337242],[-75.531501,6.33688]],"crs":null},"properties":{"tension_kv":"220","circuito":"SALTO IV - BELLO","estado":"OPERACION"}},{"type":"Feature","geometry":{"type":"LineString","coordinates":[[-75.522662,6.336771],[-75.525956,6.337242]],"crs":null},"properties":{"tension_kv":"220","circuito":"SALTO IV - BELLO","estado":"OPERACION"}},{"type":"Feature","geometry":{"type":"LineString","coordinates":[[-75.536877,6.33789],[-75.539003,6.33445]],"crs":null},"properties":{"tension_kv":"110","circuito":"BELLO - CENTRAL 2","estado":"OPERACION"}},{"type":"Feature","geometry":{"type":"LineString","coordinates":[[-75.534986,6.332221],[-75.535051,6.330126]],"crs":null},"properties":{"tension_kv":"110","circuito":"BELLO - PIEDRAS BLANCAS","estado":"OPERACION"}},{"type":"Feature","geometry":{"type":"LineString","coordinates":[[-75.534922,6.332217],[-75.534987,6.330127]],"crs":null},"properties":{"tension_kv":"110","circuito":"PIEDRAS BLANCAS - GIRARDOTA","estado":"OPERACION"}},{"type":"Feature","geometry":{"type":"LineString","coordinates":[[-75.540788,6.338957],[-75.538945,6.339845]],"crs":null},"properties":{"tension_kv":"110","circuito":"SALTO - ZAMORA","estado":"OPERACION"}},{"type":"Feature","geometry":{"type":"LineString","coordinates":[[-75.535629,6.337953],[-75.533672,6.339691]],"crs":null},"properties":{"tension_kv":"110","circuito":"RIOGRANDE - BELLO","estado":"OPERACION"}},{"type":"Feature","geometry":{"type":"LineString","coordinates":[[-75.540758,6.3389],[-75.53892,6.339785]],"crs":null},"properties":{"tension_kv":"110","circuito":"GIRARDOTA - ZAMORA","estado":"OPERACION"}},{"type":"Feature","geometry":{"type":"LineString","coordinates":[[-75.54082,6.331972],[-75.542126,6.330107]],"crs":null},"properties":{"tension_kv":"110","circuito":"BELLO - CENTRAL 1","estado":"OPERACION"}},{"type":"Feature","geometry":{"type":"LineString","coordinates":[[-75.536258,6.337412],[-75.535468,6.33532]],"crs":null},"properties":{"tension_kv":"110","circuito":"BELLO - PIEDRAS BLANCAS","estado":"OPERACION"}},{"type":"Feature","geometry":{"type":"LineString","coordinates":[[-75.535404,6.335328],[-75.534922,6.332217]],"crs":null},"properties":{"tension_kv":"110","circuito":"PIEDRAS BLANCAS - GIRARDOTA","estado":"OPERACION"}},{"type":"Feature","geometry":{"type":"LineString","coordinates":[[-75.535468,6.33532],[-75.534986,6.332221]],"crs":null},"properties":{"tension_kv":"110","circuito":"BELLO - PIEDRAS BLANCAS","estado":"OPERACION"}},{"type":"Feature","geometry":{"type":"LineString","coordinates":[[-75.540155,6.336493],[-75.544954,6.331764]],"crs":null},"properties":{"tension_kv":"110","circuito":"BELLO - CASTILLA I","estado":"OPERACION"}},{"type":"Feature","geometry":{"type":"LineString","coordinates":[[-75.540108,6.336448],[-75.54491,6.331717]],"crs":null},"properties":{"tension_kv":"110","circuito":"BELLO - CASTILLA II","estado":"OPERACION"}},{"type":"Feature","geometry":{"type":"LineString","coordinates":[[-75.538208,6.3376],[-75.540155,6.336493]],"crs":null},"properties":{"tension_kv":"110","circuito":"BELLO - CASTILLA I","estado":"OPERACION"}},{"type":"Feature","geometry":{"type":"LineString","coordinates":[[-75.538186,6.337531],[-75.540108,6.336448]],"crs":null},"properties":{"tension_kv":"110","circuito":"BELLO - CASTILLA II","estado":"OPERACION"}},{"type":"Feature","geometry":{"type":"LineString","coordinates":[[-75.539054,6.334485],[-75.54082,6.331972]],"crs":null},"properties":{"tension_kv":"110","circuito":"BELLO - CENTRAL 1","estado":"OPERACION"}},{"type":"Feature","geometry":{"type":"LineString","coordinates":[[-75.539003,6.33445],[-75.540778,6.331929]],"crs":null},"properties":{"tension_kv":"110","circuito":"BELLO - CENTRAL 2","estado":"OPERACION"}},{"type":"Feature","geometry":{"type":"LineString","coordinates":[[-75.540778,6.331929],[-75.542074,6.330068]],"crs":null},"properties":{"tension_kv":"110","circuito":"BELLO - CENTRAL 2","estado":"OPERACION"}},{"type":"Feature","geometry":{"type":"LineString","coordinates":[[-75.536199,6.337435],[-75.535404,6.335328]],"crs":null},"properties":{"tension_kv":"110","circuito":"PIEDRAS BLANCAS - GIRARDOTA","estado":"OPERACION"}},{"type":"Feature","geometry":{"type":"LineString","coordinates":[[-75.537523,6.337977],[-75.536943,6.338173],[-75.536258,6.337412]],"crs":null},"properties":{"tension_kv":"110","circuito":"BELLO - PIEDRAS BLANCAS","estado":"OPERACION"}},{"type":"Feature","geometry":{"type":"LineString","coordinates":[[-75.531501,6.33688],[-75.535868,6.33791]],"crs":null},"properties":{"tension_kv":"220","circuito":"SALTO IV - BELLO","estado":"OPERACION"}},{"type":"Feature","geometry":{"type":"LineString","coordinates":[[-75.53772,6.338261],[-75.536944,6.338335]],"crs":null},"properties":{"tension_kv":"110","circuito":"RIOGRANDE - BELLO","estado":"OPERACION"}},{"type":"Feature","geometry":{"type":"LineString","coordinates":[[-75.536877,6.33789],[-75.536481,6.337938],[-75.536946,6.338242],[-75.537544,6.338116]],"crs":null},"properties":{"tension_kv":"110","circuito":"BELLO - CENTRAL 2","estado":"OPERACION"}},{"type":"Feature","geometry":{"type":"LineString","coordinates":[[-75.53784,6.337717],[-75.538208,6.3376]],"crs":null},"properties":{"tension_kv":"110","circuito":"BELLO - CASTILLA I","estado":"OPERACION"}},{"type":"Feature","geometry":{"type":"LineString","coordinates":[[-75.537884,6.338025],[-75.538186,6.337531]],"crs":null},"properties":{"tension_kv":"110","circuito":"BELLO - CASTILLA II","estado":"OPERACION"}},{"type":"Feature","geometry":{"type":"LineString","coordinates":[[-75.537416,6.337692],[-75.536935,6.337915]],"crs":null},"properties":{"tension_kv":"110","circuito":"BELLO - CENTRAL 1","estado":"OPERACION"}},{"type":"Feature","geometry":{"type":"LineString","coordinates":[[-75.536199,6.337435],[-75.535598,6.337928]],"crs":null},"properties":{"tension_kv":"110","circuito":"PIEDRAS BLANCAS - GIRARDOTA","estado":"OPERACION"}},{"type":"Feature","geometry":{"type":"LineString","coordinates":[[-75.535872,6.337913],[-75.537635,6.339022],[-75.53785,6.33876]],"crs":null},"properties":{"tension_kv":"220","circuito":"SALTO IV - BELLO","estado":"OPERACION"}},{"type":"Feature","geometry":{"type":"LineString","coordinates":[[-75.54491,6.331717],[-75.548864,6.327387]],"crs":null},"properties":{"tension_kv":"110","circuito":"BELLO - CASTILLA II","estado":"OPERACION"}},{"type":"Feature","geometry":{"type":"LineString","coordinates":[[-75.544954,6.331764],[-75.548904,6.327437]],"crs":null},"properties":{"tension_kv":"110","circuito":"BELLO - CASTILLA I","estado":"OPERACION"}},{"type":"Feature","geometry":{"type":"LineString","coordinates":[[-75.542839,6.337811],[-75.540758,6.3389]],"crs":null},"properties":{"tension_kv":"110","circuito":"GIRARDOTA - ZAMORA","estado":"OPERACION"}},{"type":"Feature","geometry":{"type":"LineString","coordinates":[[-75.550776,6.331816],[-75.547415,6.335347]],"crs":null},"properties":{"tension_kv":"110","circuito":"GIRARDOTA - ZAMORA","estado":"OPERACION"}},{"type":"Feature","geometry":{"type":"LineString","coordinates":[[-75.54746,6.335393],[-75.542868,6.337867]],"crs":null},"properties":{"tension_kv":"110","circuito":"SALTO - ZAMORA","estado":"OPERACION"}},{"type":"Feature","geometry":{"type":"LineString","coordinates":[[-75.547415,6.335347],[-75.542839,6.337811]],"crs":null},"properties":{"tension_kv":"110","circuito":"GIRARDOTA - ZAMORA","estado":"OPERACION"}},{"type":"Feature","geometry":{"type":"LineString","coordinates":[[-75.542868,6.337867],[-75.540788,6.338957]],"crs":null},"properties":{"tension_kv":"110","circuito":"SALTO - ZAMORA","estado":"OPERACION"}},{"type":"Feature","geometry":{"type":"LineString","coordinates":[[-75.55082,6.331862],[-75.54746,6.335393]],"crs":null},"properties":{"tension_kv":"110","circuito":"SALTO - ZAMORA","estado":"OPERACION"}},{"type":"Feature","geometry":{"type":"LineString","coordinates":[[-75.501798,6.345168],[-75.506451,6.342323]],"crs":null},"properties":{"tension_kv":"220","circuito":"SALTO IV - BELLO","estado":"OPERACION"}},{"type":"Feature","geometry":{"type":"LineString","coordinates":[[-75.506451,6.342323],[-75.51037,6.339931]],"crs":null},"properties":{"tension_kv":"220","circuito":"SALTO IV - BELLO","estado":"OPERACION"}},{"type":"Feature","geometry":{"type":"LineString","coordinates":[[-75.51037,6.339932],[-75.51179,6.339064]],"crs":null},"properties":{"tension_kv":"220","circuito":"SALTO IV - BELLO","estado":"OPERACION"}},{"type":"Feature","geometry":{"type":"LineString","coordinates":[[-75.524425,6.347715],[-75.521657,6.349196]],"crs":null},"properties":{"tension_kv":"110","circuito":"SALTO - ZAMORA","estado":"OPERACION"}},{"type":"Feature","geometry":{"type":"LineString","coordinates":[[-75.523809,6.347395],[-75.521107,6.349159]],"crs":null},"properties":{"tension_kv":"110","circuito":"PIEDRAS BLANCAS - GIRARDOTA","estado":"OPERACION"}},{"type":"Feature","geometry":{"type":"LineString","coordinates":[[-75.526695,6.346452],[-75.524425,6.347715]],"crs":null},"properties":{"tension_kv":"110","circuito":"SALTO - ZAMORA","estado":"OPERACION"}},{"type":"Feature","geometry":{"type":"LineString","coordinates":[[-75.526343,6.3458],[-75.524882,6.346762]],"crs":null},"properties":{"tension_kv":"110","circuito":"RIOGRANDE - BELLO","estado":"OPERACION"}},{"type":"Feature","geometry":{"type":"LineString","coordinates":[[-75.526309,6.345746],[-75.524849,6.346708]],"crs":null},"properties":{"tension_kv":"110","circuito":"PIEDRAS BLANCAS - GIRARDOTA","estado":"OPERACION"}},{"type":"Feature","geometry":{"type":"LineString","coordinates":[[-75.524882,6.346762],[-75.523845,6.347448]],"crs":null},"properties":{"tension_kv":"110","circuito":"RIOGRANDE - BELLO","estado":"OPERACION"}},{"type":"Feature","geometry":{"type":"LineString","coordinates":[[-75.524849,6.346708],[-75.523809,6.347395]],"crs":null},"properties":{"tension_kv":"110","circuito":"PIEDRAS BLANCAS - GIRARDOTA","estado":"OPERACION"}},{"type":"Feature","geometry":{"type":"LineString","coordinates":[[-75.526666,6.346395],[-75.524395,6.347658]],"crs":null},"properties":{"tension_kv":"110","circuito":"GIRARDOTA - ZAMORA","estado":"OPERACION"}},{"type":"Feature","geometry":{"type":"LineString","coordinates":[[-75.523845,6.347448],[-75.521144,6.349214]],"crs":null},"properties":{"tension_kv":"110","circuito":"RIOGRANDE - BELLO","estado":"OPERACION"}},{"type":"Feature","geometry":{"type":"LineString","coordinates":[[-75.539227,6.340222],[-75.538824,6.339012]],"crs":null},"properties":{"tension_kv":"220","circuito":"TASAJERA - BELLO","estado":"OPERACION"}},{"type":"Feature","geometry":{"type":"LineString","coordinates":[[-75.529258,6.34503],[-75.526695,6.346452]],"crs":null},"properties":{"tension_kv":"110","circuito":"SALTO - ZAMORA","estado":"OPERACION"}},{"type":"Feature","geometry":{"type":"LineString","coordinates":[[-75.529228,6.34497],[-75.526666,6.346395]],"crs":null},"properties":{"tension_kv":"110","circuito":"GIRARDOTA - ZAMORA","estado":"OPERACION"}},{"type":"Feature","geometry":{"type":"LineString","coordinates":[[-75.529493,6.343751],[-75.526343,6.3458]],"crs":null},"properties":{"tension_kv":"110","circuito":"RIOGRANDE - BELLO","estado":"OPERACION"}},{"type":"Feature","geometry":{"type":"LineString","coordinates":[[-75.529447,6.343704],[-75.526309,6.345746]],"crs":null},"properties":{"tension_kv":"110","circuito":"PIEDRAS BLANCAS - GIRARDOTA","estado":"OPERACION"}},{"type":"Feature","geometry":{"type":"LineString","coordinates":[[-75.53381,6.342643],[-75.529258,6.34503]],"crs":null},"properties":{"tension_kv":"110","circuito":"SALTO - ZAMORA","estado":"OPERACION"}},{"type":"Feature","geometry":{"type":"LineString","coordinates":[[-75.533774,6.342591],[-75.529228,6.34497]],"crs":null},"properties":{"tension_kv":"110","circuito":"GIRARDOTA - ZAMORA","estado":"OPERACION"}},{"type":"Feature","geometry":{"type":"LineString","coordinates":[[-75.531327,6.341958],[-75.529493,6.343751]],"crs":null},"properties":{"tension_kv":"110","circuito":"RIOGRANDE - BELLO","estado":"OPERACION"}},{"type":"Feature","geometry":{"type":"LineString","coordinates":[[-75.53128,6.341912],[-75.529447,6.343704]],"crs":null},"properties":{"tension_kv":"110","circuito":"PIEDRAS BLANCAS - GIRARDOTA","estado":"OPERACION"}},{"type":"Feature","geometry":{"type":"LineString","coordinates":[[-75.53892,6.339785],[-75.537447,6.340255]],"crs":null},"properties":{"tension_kv":"110","circuito":"GIRARDOTA - ZAMORA","estado":"OPERACION"}},{"type":"Feature","geometry":{"type":"LineString","coordinates":[[-75.539343,6.344232],[-75.539227,6.340222]],"crs":null},"properties":{"tension_kv":"220","circuito":"TASAJERA - BELLO","estado":"OPERACION"}},{"type":"Feature","geometry":{"type":"LineString","coordinates":[[-75.533628,6.339642],[-75.53128,6.341912]],"crs":null},"properties":{"tension_kv":"110","circuito":"PIEDRAS BLANCAS - GIRARDOTA","estado":"OPERACION"}},{"type":"Feature","geometry":{"type":"LineString","coordinates":[[-75.533672,6.339691],[-75.531327,6.341958]],"crs":null},"properties":{"tension_kv":"110","circuito":"RIOGRANDE - BELLO","estado":"OPERACION"}},{"type":"Feature","geometry":{"type":"LineString","coordinates":[[-75.538945,6.339845],[-75.537467,6.340316]],"crs":null},"properties":{"tension_kv":"110","circuito":"SALTO - ZAMORA","estado":"OPERACION"}},{"type":"Feature","geometry":{"type":"LineString","coordinates":[[-75.538016,6.347447],[-75.539343,6.344232]],"crs":null},"properties":{"tension_kv":"220","circuito":"TASAJERA - BELLO","estado":"OPERACION"}},{"type":"Feature","geometry":{"type":"LineString","coordinates":[[-75.537467,6.340316],[-75.535719,6.341438]],"crs":null},"properties":{"tension_kv":"110","circuito":"SALTO - ZAMORA","estado":"OPERACION"}},{"type":"Feature","geometry":{"type":"LineString","coordinates":[[-75.535738,6.341361],[-75.533774,6.342591]],"crs":null},"properties":{"tension_kv":"110","circuito":"GIRARDOTA - ZAMORA","estado":"OPERACION"}},{"type":"Feature","geometry":{"type":"LineString","coordinates":[[-75.537447,6.340255],[-75.535738,6.341361]],"crs":null},"properties":{"tension_kv":"110","circuito":"GIRARDOTA - ZAMORA","estado":"OPERACION"}},{"type":"Feature","geometry":{"type":"LineString","coordinates":[[-75.535719,6.341438],[-75.53381,6.342643]],"crs":null},"properties":{"tension_kv":"110","circuito":"SALTO - ZAMORA","estado":"OPERACION"}},{"type":"Feature","geometry":{"type":"LineString","coordinates":[[-75.492718,6.349671],[-75.494381,6.348829]],"crs":null},"properties":{"tension_kv":"220","circuito":"SALTO IV - BELLO","estado":"OPERACION"}},{"type":"Feature","geometry":{"type":"LineString","coordinates":[[-75.494381,6.348829],[-75.501798,6.345168]],"crs":null},"properties":{"tension_kv":"220","circuito":"SALTO IV - BELLO","estado":"OPERACION"}},{"type":"Feature","geometry":{"type":"LineString","coordinates":[[-75.506847,6.357264],[-75.505249,6.358142]],"crs":null},"properties":{"tension_kv":"110","circuito":"SALTO - ZAMORA","estado":"OPERACION"}},{"type":"Feature","geometry":{"type":"LineString","coordinates":[[-75.510207,6.357043],[-75.507739,6.358133]],"crs":null},"properties":{"tension_kv":"110","circuito":"RIOGRANDE - BELLO","estado":"OPERACION"}},{"type":"Feature","geometry":{"type":"LineString","coordinates":[[-75.510181,6.356982],[-75.50771,6.358075]],"crs":null},"properties":{"tension_kv":"110","circuito":"PIEDRAS BLANCAS - GIRARDOTA","estado":"OPERACION"}},{"type":"Feature","geometry":{"type":"LineString","coordinates":[[-75.513131,6.353756],[-75.511405,6.354712]],"crs":null},"properties":{"tension_kv":"110","circuito":"SALTO - ZAMORA","estado":"OPERACION"}},{"type":"Feature","geometry":{"type":"LineString","coordinates":[[-75.513098,6.3537],[-75.511373,6.354657]],"crs":null},"properties":{"tension_kv":"110","circuito":"GIRARDOTA - ZAMORA","estado":"OPERACION"}},{"type":"Feature","geometry":{"type":"LineString","coordinates":[[-75.511405,6.354712],[-75.508677,6.356234]],"crs":null},"properties":{"tension_kv":"110","circuito":"SALTO - ZAMORA","estado":"OPERACION"}},{"type":"Feature","geometry":{"type":"LineString","coordinates":[[-75.511373,6.354657],[-75.508646,6.356177]],"crs":null},"properties":{"tension_kv":"110","circuito":"GIRARDOTA - ZAMORA","estado":"OPERACION"}},{"type":"Feature","geometry":{"type":"LineString","coordinates":[[-75.508677,6.356234],[-75.506847,6.357264]],"crs":null},"properties":{"tension_kv":"110","circuito":"SALTO - ZAMORA","estado":"OPERACION"}},{"type":"Feature","geometry":{"type":"LineString","coordinates":[[-75.508646,6.356177],[-75.506816,6.357201]],"crs":null},"properties":{"tension_kv":"110","circuito":"GIRARDOTA - ZAMORA","estado":"OPERACION"}},{"type":"Feature","geometry":{"type":"LineString","coordinates":[[-75.513179,6.3557],[-75.510207,6.357043]],"crs":null},"properties":{"tension_kv":"110","circuito":"RIOGRANDE - BELLO","estado":"OPERACION"}},{"type":"Feature","geometry":{"type":"LineString","coordinates":[[-75.513133,6.355655],[-75.510181,6.356982]],"crs":null},"properties":{"tension_kv":"110","circuito":"PIEDRAS BLANCAS - GIRARDOTA","estado":"OPERACION"}},{"type":"Feature","geometry":{"type":"LineString","coordinates":[[-75.506816,6.357201],[-75.505209,6.358088]],"crs":null},"properties":{"tension_kv":"110","circuito":"GIRARDOTA - ZAMORA","estado":"OPERACION"}},{"type":"Feature","geometry":{"type":"LineString","coordinates":[[-75.521657,6.349196],[-75.518928,6.350636]],"crs":null},"properties":{"tension_kv":"110","circuito":"SALTO - ZAMORA","estado":"OPERACION"}},{"type":"Feature","geometry":{"type":"LineString","coordinates":[[-75.518928,6.350636],[-75.515739,6.352359]],"crs":null},"properties":{"tension_kv":"110","circuito":"SALTO - ZAMORA","estado":"OPERACION"}},{"type":"Feature","geometry":{"type":"LineString","coordinates":[[-75.515739,6.352359],[-75.513131,6.353756]],"crs":null},"properties":{"tension_kv":"110","circuito":"SALTO - ZAMORA","estado":"OPERACION"}},{"type":"Feature","geometry":{"type":"LineString","coordinates":[[-75.5189,6.35058],[-75.515709,6.352302]],"crs":null},"properties":{"tension_kv":"110","circuito":"GIRARDOTA - ZAMORA","estado":"OPERACION"}},{"type":"Feature","geometry":{"type":"LineString","coordinates":[[-75.521144,6.349214],[-75.518443,6.35054]],"crs":null},"properties":{"tension_kv":"110","circuito":"RIOGRANDE - BELLO","estado":"OPERACION"}},{"type":"Feature","geometry":{"type":"LineString","coordinates":[[-75.521107,6.349159],[-75.518415,6.350481]],"crs":null},"properties":{"tension_kv":"110","circuito":"PIEDRAS BLANCAS - GIRARDOTA","estado":"OPERACION"}},{"type":"Feature","geometry":{"type":"LineString","coordinates":[[-75.518443,6.35054],[-75.517212,6.351722]],"crs":null},"properties":{"tension_kv":"110","circuito":"RIOGRANDE - BELLO","estado":"OPERACION"}},{"type":"Feature","geometry":{"type":"LineString","coordinates":[[-75.518415,6.350481],[-75.517167,6.351677]],"crs":null},"properties":{"tension_kv":"110","circuito":"PIEDRAS BLANCAS - GIRARDOTA","estado":"OPERACION"}},{"type":"Feature","geometry":{"type":"LineString","coordinates":[[-75.517212,6.351722],[-75.515149,6.353757]],"crs":null},"properties":{"tension_kv":"110","circuito":"RIOGRANDE - BELLO","estado":"OPERACION"}},{"type":"Feature","geometry":{"type":"LineString","coordinates":[[-75.517167,6.351677],[-75.515102,6.353711]],"crs":null},"properties":{"tension_kv":"110","circuito":"PIEDRAS BLANCAS - GIRARDOTA","estado":"OPERACION"}},{"type":"Feature","geometry":{"type":"LineString","coordinates":[[-75.515149,6.353757],[-75.513179,6.3557]],"crs":null},"properties":{"tension_kv":"110","circuito":"RIOGRANDE - BELLO","estado":"OPERACION"}},{"type":"Feature","geometry":{"type":"LineString","coordinates":[[-75.515102,6.353711],[-75.513133,6.355655]],"crs":null},"properties":{"tension_kv":"110","circuito":"PIEDRAS BLANCAS - GIRARDOTA","estado":"OPERACION"}},{"type":"Feature","geometry":{"type":"LineString","coordinates":[[-75.523895,6.357072],[-75.527809,6.355049]],"crs":null},"properties":{"tension_kv":"220","circuito":"TASAJERA - BELLO","estado":"OPERACION"}},{"type":"Feature","geometry":{"type":"LineString","coordinates":[[-75.515709,6.352302],[-75.513098,6.3537]],"crs":null},"properties":{"tension_kv":"110","circuito":"GIRARDOTA - ZAMORA","estado":"OPERACION"}},{"type":"Feature","geometry":{"type":"LineString","coordinates":[[-75.521627,6.349138],[-75.5189,6.35058]],"crs":null},"properties":{"tension_kv":"110","circuito":"GIRARDOTA - ZAMORA","estado":"OPERACION"}},{"type":"Feature","geometry":{"type":"LineString","coordinates":[[-75.521627,6.349138],[-75.524395,6.347658]],"crs":null},"properties":{"tension_kv":"110","circuito":"GIRARDOTA - ZAMORA","estado":"OPERACION"}},{"type":"Feature","geometry":{"type":"LineString","coordinates":[[-75.536784,6.350424],[-75.538016,6.347447]],"crs":null},"properties":{"tension_kv":"220","circuito":"TASAJERA - BELLO","estado":"OPERACION"}},{"type":"Feature","geometry":{"type":"LineString","coordinates":[[-75.527809,6.355049],[-75.530602,6.353612]],"crs":null},"properties":{"tension_kv":"220","circuito":"TASAJERA - BELLO","estado":"OPERACION"}},{"type":"Feature","geometry":{"type":"LineString","coordinates":[[-75.530602,6.353612],[-75.532865,6.352446]],"crs":null},"properties":{"tension_kv":"220","circuito":"TASAJERA - BELLO","estado":"OPERACION"}},{"type":"Feature","geometry":{"type":"LineString","coordinates":[[-75.532865,6.352446],[-75.536784,6.350424]],"crs":null},"properties":{"tension_kv":"220","circuito":"TASAJERA - BELLO","estado":"OPERACION"}},{"type":"Feature","geometry":{"type":"LineString","coordinates":[[-75.475896,6.359559],[-75.477697,6.358647]],"crs":null},"properties":{"tension_kv":"220","circuito":"SALTO IV - BELLO","estado":"OPERACION"}},{"type":"Feature","geometry":{"type":"LineString","coordinates":[[-75.477697,6.358647],[-75.48013,6.356861]],"crs":null},"properties":{"tension_kv":"220","circuito":"SALTO IV - BELLO","estado":"OPERACION"}},{"type":"Feature","geometry":{"type":"LineString","coordinates":[[-75.497426,6.363775],[-75.495937,6.365688]],"crs":null},"properties":{"tension_kv":"110","circuito":"SALTO - ZAMORA","estado":"OPERACION"}},{"type":"Feature","geometry":{"type":"LineString","coordinates":[[-75.497381,6.363727],[-75.49589,6.365641]],"crs":null},"properties":{"tension_kv":"110","circuito":"GIRARDOTA - ZAMORA","estado":"OPERACION"}},{"type":"Feature","geometry":{"type":"LineString","coordinates":[[-75.49589,6.365641],[-75.493548,6.368647]],"crs":null},"properties":{"tension_kv":"110","circuito":"GIRARDOTA - ZAMORA","estado":"OPERACION"}},{"type":"Feature","geometry":{"type":"LineString","coordinates":[[-75.495937,6.365688],[-75.493599,6.368686]],"crs":null},"properties":{"tension_kv":"110","circuito":"SALTO - ZAMORA","estado":"OPERACION"}},{"type":"Feature","geometry":{"type":"LineString","coordinates":[[-75.498054,6.364256],[-75.496471,6.366173]],"crs":null},"properties":{"tension_kv":"110","circuito":"RIOGRANDE - BELLO","estado":"OPERACION"}},{"type":"Feature","geometry":{"type":"LineString","coordinates":[[-75.49801,6.364208],[-75.496423,6.366131]],"crs":null},"properties":{"tension_kv":"110","circuito":"PIEDRAS BLANCAS - GIRARDOTA","estado":"OPERACION"}},{"type":"Feature","geometry":{"type":"LineString","coordinates":[[-75.496471,6.366173],[-75.493982,6.369202]],"crs":null},"properties":{"tension_kv":"110","circuito":"RIOGRANDE - BELLO","estado":"OPERACION"}},{"type":"Feature","geometry":{"type":"LineString","coordinates":[[-75.496423,6.366131],[-75.493932,6.369161]],"crs":null},"properties":{"tension_kv":"110","circuito":"PIEDRAS BLANCAS - GIRARDOTA","estado":"OPERACION"}},{"type":"Feature","geometry":{"type":"LineString","coordinates":[[-75.500155,6.361177],[-75.497381,6.363727]],"crs":null},"properties":{"tension_kv":"110","circuito":"GIRARDOTA - ZAMORA","estado":"OPERACION"}},{"type":"Feature","geometry":{"type":"LineString","coordinates":[[-75.500197,6.361225],[-75.497426,6.363775]],"crs":null},"properties":{"tension_kv":"110","circuito":"SALTO - ZAMORA","estado":"OPERACION"}},{"type":"Feature","geometry":{"type":"LineString","coordinates":[[-75.502132,6.361261],[-75.498054,6.364256]],"crs":null},"properties":{"tension_kv":"110","circuito":"RIOGRANDE - BELLO","estado":"OPERACION"}},{"type":"Feature","geometry":{"type":"LineString","coordinates":[[-75.502084,6.361217],[-75.49801,6.364208]],"crs":null},"properties":{"tension_kv":"110","circuito":"PIEDRAS BLANCAS - GIRARDOTA","estado":"OPERACION"}},{"type":"Feature","geometry":{"type":"LineString","coordinates":[[-75.500925,6.36056],[-75.500197,6.361225]],"crs":null},"properties":{"tension_kv":"110","circuito":"SALTO - ZAMORA","estado":"OPERACION"}},{"type":"Feature","geometry":{"type":"LineString","coordinates":[[-75.500894,6.360503],[-75.500155,6.361177]],"crs":null},"properties":{"tension_kv":"110","circuito":"GIRARDOTA - ZAMORA","estado":"OPERACION"}},{"type":"Feature","geometry":{"type":"LineString","coordinates":[[-75.505249,6.358142],[-75.502685,6.359578]],"crs":null},"properties":{"tension_kv":"110","circuito":"SALTO - ZAMORA","estado":"OPERACION"}},{"type":"Feature","geometry":{"type":"LineString","coordinates":[[-75.505209,6.358088],[-75.502652,6.359518]],"crs":null},"properties":{"tension_kv":"110","circuito":"GIRARDOTA - ZAMORA","estado":"OPERACION"}},{"type":"Feature","geometry":{"type":"LineString","coordinates":[[-75.502685,6.359578],[-75.500925,6.36056]],"crs":null},"properties":{"tension_kv":"110","circuito":"SALTO - ZAMORA","estado":"OPERACION"}},{"type":"Feature","geometry":{"type":"LineString","coordinates":[[-75.502652,6.359518],[-75.500894,6.360503]],"crs":null},"properties":{"tension_kv":"110","circuito":"GIRARDOTA - ZAMORA","estado":"OPERACION"}},{"type":"Feature","geometry":{"type":"LineString","coordinates":[[-75.507739,6.358133],[-75.506477,6.358698]],"crs":null},"properties":{"tension_kv":"110","circuito":"RIOGRANDE - BELLO","estado":"OPERACION"}},{"type":"Feature","geometry":{"type":"LineString","coordinates":[[-75.50771,6.358075],[-75.506448,6.358638]],"crs":null},"properties":{"tension_kv":"110","circuito":"PIEDRAS BLANCAS - GIRARDOTA","estado":"OPERACION"}},{"type":"Feature","geometry":{"type":"LineString","coordinates":[[-75.506477,6.358698],[-75.503335,6.360086]],"crs":null},"properties":{"tension_kv":"110","circuito":"RIOGRANDE - BELLO","estado":"OPERACION"}},{"type":"Feature","geometry":{"type":"LineString","coordinates":[[-75.506448,6.358638],[-75.503307,6.360027]],"crs":null},"properties":{"tension_kv":"110","circuito":"PIEDRAS BLANCAS - GIRARDOTA","estado":"OPERACION"}},{"type":"Feature","geometry":{"type":"LineString","coordinates":[[-75.503335,6.360086],[-75.502132,6.361261]],"crs":null},"properties":{"tension_kv":"110","circuito":"RIOGRANDE - BELLO","estado":"OPERACION"}},{"type":"Feature","geometry":{"type":"LineString","coordinates":[[-75.503307,6.360027],[-75.502084,6.361217]],"crs":null},"properties":{"tension_kv":"110","circuito":"PIEDRAS BLANCAS - GIRARDOTA","estado":"OPERACION"}},{"type":"Feature","geometry":{"type":"LineString","coordinates":[[-75.511392,6.366043],[-75.51375,6.363891]],"crs":null},"properties":{"tension_kv":"220","circuito":"TASAJERA - BELLO","estado":"OPERACION"}},{"type":"Feature","geometry":{"type":"LineString","coordinates":[[-75.51375,6.363891],[-75.516716,6.361217]],"crs":null},"properties":{"tension_kv":"220","circuito":"TASAJERA - BELLO","estado":"OPERACION"}},{"type":"Feature","geometry":{"type":"LineString","coordinates":[[-75.519666,6.359267],[-75.523895,6.357072]],"crs":null},"properties":{"tension_kv":"220","circuito":"TASAJERA - BELLO","estado":"OPERACION"}},{"type":"Feature","geometry":{"type":"LineString","coordinates":[[-75.516716,6.361217],[-75.51785,6.360163]],"crs":null},"properties":{"tension_kv":"220","circuito":"TASAJERA - BELLO","estado":"OPERACION"}},{"type":"Feature","geometry":{"type":"LineString","coordinates":[[-75.51785,6.360163],[-75.519666,6.359267]],"crs":null},"properties":{"tension_kv":"220","circuito":"TASAJERA - BELLO","estado":"OPERACION"}},{"type":"Feature","geometry":{"type":"LineString","coordinates":[[-75.442135,6.371611],[-75.446276,6.370244]],"crs":null},"properties":{"tension_kv":"220","circuito":"SALTO IV - BELLO","estado":"OPERACION"}},{"type":"Feature","geometry":{"type":"LineString","coordinates":[[-75.446276,6.370244],[-75.450178,6.36901]],"crs":null},"properties":{"tension_kv":"220","circuito":"SALTO IV - BELLO","estado":"OPERACION"}},{"type":"Feature","geometry":{"type":"LineString","coordinates":[[-75.450178,6.36901],[-75.453991,6.36828]],"crs":null},"properties":{"tension_kv":"220","circuito":"SALTO IV - BELLO","estado":"OPERACION"}},{"type":"Feature","geometry":{"type":"LineString","coordinates":[[-75.453991,6.36828],[-75.457796,6.367483]],"crs":null},"properties":{"tension_kv":"220","circuito":"SALTO IV - BELLO","estado":"OPERACION"}},{"type":"Feature","geometry":{"type":"LineString","coordinates":[[-75.457796,6.367483],[-75.461066,6.366168]],"crs":null},"properties":{"tension_kv":"220","circuito":"SALTO IV - BELLO","estado":"OPERACION"}},{"type":"Feature","geometry":{"type":"LineString","coordinates":[[-75.493548,6.368647],[-75.492019,6.3706]],"crs":null},"properties":{"tension_kv":"110","circuito":"GIRARDOTA - ZAMORA","estado":"OPERACION"}},{"type":"Feature","geometry":{"type":"LineString","coordinates":[[-75.49207,6.370639],[-75.491065,6.371916]],"crs":null},"properties":{"tension_kv":"110","circuito":"SALTO - ZAMORA","estado":"OPERACION"}},{"type":"Feature","geometry":{"type":"LineString","coordinates":[[-75.492019,6.3706],[-75.491018,6.371869]],"crs":null},"properties":{"tension_kv":"110","circuito":"GIRARDOTA - ZAMORA","estado":"OPERACION"}},{"type":"Feature","geometry":{"type":"LineString","coordinates":[[-75.491065,6.371916],[-75.489729,6.373612]],"crs":null},"properties":{"tension_kv":"110","circuito":"SALTO - ZAMORA","estado":"OPERACION"}},{"type":"Feature","geometry":{"type":"LineString","coordinates":[[-75.491018,6.371869],[-75.489677,6.373573]],"crs":null},"properties":{"tension_kv":"110","circuito":"GIRARDOTA - ZAMORA","estado":"OPERACION"}},{"type":"Feature","geometry":{"type":"LineString","coordinates":[[-75.489729,6.373612],[-75.488548,6.375123]],"crs":null},"properties":{"tension_kv":"110","circuito":"SALTO - ZAMORA","estado":"OPERACION"}},{"type":"Feature","geometry":{"type":"LineString","coordinates":[[-75.489677,6.373573],[-75.488496,6.375084]],"crs":null},"properties":{"tension_kv":"110","circuito":"GIRARDOTA - ZAMORA","estado":"OPERACION"}},{"type":"Feature","geometry":{"type":"LineString","coordinates":[[-75.488548,6.375123],[-75.487419,6.376568]],"crs":null},"properties":{"tension_kv":"110","circuito":"SALTO - ZAMORA","estado":"OPERACION"}},{"type":"Feature","geometry":{"type":"LineString","coordinates":[[-75.488496,6.375084],[-75.487368,6.376528]],"crs":null},"properties":{"tension_kv":"110","circuito":"GIRARDOTA - ZAMORA","estado":"OPERACION"}},{"type":"Feature","geometry":{"type":"LineString","coordinates":[[-75.493982,6.369202],[-75.492953,6.370466]],"crs":null},"properties":{"tension_kv":"110","circuito":"RIOGRANDE - BELLO","estado":"OPERACION"}},{"type":"Feature","geometry":{"type":"LineString","coordinates":[[-75.493932,6.369161],[-75.492904,6.370425]],"crs":null},"properties":{"tension_kv":"110","circuito":"PIEDRAS BLANCAS - GIRARDOTA","estado":"OPERACION"}},{"type":"Feature","geometry":{"type":"LineString","coordinates":[[-75.500156,6.375104],[-75.501911,6.37431],[-75.503714,6.372422]],"crs":null},"properties":{"tension_kv":"220","circuito":"TASAJERA - BELLO","estado":"OPERACION"}},{"type":"Feature","geometry":{"type":"LineString","coordinates":[[-75.493599,6.368686],[-75.49207,6.370639]],"crs":null},"properties":{"tension_kv":"110","circuito":"SALTO - ZAMORA","estado":"OPERACION"}},{"type":"Feature","geometry":{"type":"LineString","coordinates":[[-75.492953,6.370466],[-75.491081,6.372737]],"crs":null},"properties":{"tension_kv":"110","circuito":"RIOGRANDE - BELLO","estado":"OPERACION"}},{"type":"Feature","geometry":{"type":"LineString","coordinates":[[-75.492904,6.370425],[-75.491032,6.372697]],"crs":null},"properties":{"tension_kv":"110","circuito":"PIEDRAS BLANCAS - GIRARDOTA","estado":"OPERACION"}},{"type":"Feature","geometry":{"type":"LineString","coordinates":[[-75.491081,6.372737],[-75.49026,6.373758]],"crs":null},"properties":{"tension_kv":"110","circuito":"RIOGRANDE - BELLO","estado":"OPERACION"}},{"type":"Feature","geometry":{"type":"LineString","coordinates":[[-75.491032,6.372697],[-75.490207,6.37371]],"crs":null},"properties":{"tension_kv":"110","circuito":"PIEDRAS BLANCAS - GIRARDOTA","estado":"OPERACION"}},{"type":"Feature","geometry":{"type":"LineString","coordinates":[[-75.49026,6.373758],[-75.488889,6.375462]],"crs":null},"properties":{"tension_kv":"110","circuito":"RIOGRANDE - BELLO","estado":"OPERACION"}},{"type":"Feature","geometry":{"type":"LineString","coordinates":[[-75.490207,6.37371],[-75.48884,6.375422]],"crs":null},"properties":{"tension_kv":"110","circuito":"PIEDRAS BLANCAS - GIRARDOTA","estado":"OPERACION"}},{"type":"Feature","geometry":{"type":"LineString","coordinates":[[-75.488889,6.375462],[-75.487164,6.377596]],"crs":null},"properties":{"tension_kv":"110","circuito":"RIOGRANDE - BELLO","estado":"OPERACION"}},{"type":"Feature","geometry":{"type":"LineString","coordinates":[[-75.48884,6.375422],[-75.487115,6.377554]],"crs":null},"properties":{"tension_kv":"110","circuito":"PIEDRAS BLANCAS - GIRARDOTA","estado":"OPERACION"}},{"type":"Feature","geometry":{"type":"LineString","coordinates":[[-75.439915,6.382677],[-75.439637,6.381597]],"crs":null},"properties":{"tension_kv":"110","circuito":"GIRARDOTA - ENKA","estado":"OPERACION"}},{"type":"Feature","geometry":{"type":"LineString","coordinates":[[-75.434449,6.376485],[-75.442135,6.371611]],"crs":null},"properties":{"tension_kv":"220","circuito":"SALTO IV - BELLO","estado":"OPERACION"}},{"type":"Feature","geometry":{"type":"LineString","coordinates":[[-75.441051,6.384229],[-75.439915,6.382677]],"crs":null},"properties":{"tension_kv":"110","circuito":"GIRARDOTA - ENKA","estado":"OPERACION"}},{"type":"Feature","geometry":{"type":"LineString","coordinates":[[-75.454486,6.383768],[-75.454856,6.383515]],"crs":null},"properties":{"tension_kv":"110","circuito":"GIRARDOTA - ZAMORA","estado":"OPERACION"}},{"type":"Feature","geometry":{"type":"LineString","coordinates":[[-75.454854,6.38345],[-75.454429,6.383738]],"crs":null},"properties":{"tension_kv":"110","circuito":"BARBOSA - GIRARDOTA","estado":"OPERACION"}},{"type":"Feature","geometry":{"type":"LineString","coordinates":[[-75.454854,6.38345],[-75.45496,6.383283]],"crs":null},"properties":{"tension_kv":"110","circuito":"BARBOSA - GIRARDOTA","estado":"OPERACION"}},{"type":"Feature","geometry":{"type":"LineString","coordinates":[[-75.454856,6.383515],[-75.455031,6.383252]],"crs":null},"properties":{"tension_kv":"110","circuito":"GIRARDOTA - ZAMORA","estado":"OPERACION"}},{"type":"Feature","geometry":{"type":"LineString","coordinates":[[-75.454198,6.383028],[-75.452863,6.383763]],"crs":null},"properties":{"tension_kv":"110","circuito":"GIRARDOTA - ENKA","estado":"OPERACION"}},{"type":"Feature","geometry":{"type":"LineString","coordinates":[[-75.452863,6.383763],[-75.451848,6.38557]],"crs":null},"properties":{"tension_kv":"110","circuito":"GIRARDOTA - ENKA","estado":"OPERACION"}},{"type":"Feature","geometry":{"type":"LineString","coordinates":[[-75.454429,6.383738],[-75.454753,6.385837]],"crs":null},"properties":{"tension_kv":"110","circuito":"BARBOSA - GIRARDOTA","estado":"OPERACION"}},{"type":"Feature","geometry":{"type":"LineString","coordinates":[[-75.454234,6.383629],[-75.454707,6.38317]],"crs":null},"properties":{"tension_kv":"110","circuito":"RIOGRANDE - GIRARDOTA","estado":"OPERACION"}},{"type":"Feature","geometry":{"type":"LineString","coordinates":[[-75.454296,6.383638],[-75.454468,6.38347]],"crs":null},"properties":{"tension_kv":"110","circuito":"PIEDRAS BLANCAS - GIRARDOTA","estado":"OPERACION"}},{"type":"Feature","geometry":{"type":"LineString","coordinates":[[-75.454468,6.38347],[-75.454817,6.383386]],"crs":null},"properties":{"tension_kv":"110","circuito":"PIEDRAS BLANCAS - GIRARDOTA","estado":"OPERACION"}},{"type":"Feature","geometry":{"type":"LineString","coordinates":[[-75.464055,6.384131],[-75.461565,6.384628]],"crs":null},"properties":{"tension_kv":"110","circuito":"SALTO - ZAMORA","estado":"OPERACION"}},{"type":"Feature","geometry":{"type":"LineString","coordinates":[[-75.464041,6.384061],[-75.461552,6.384559]],"crs":null},"properties":{"tension_kv":"110","circuito":"GIRARDOTA - ZAMORA","estado":"OPERACION"}},{"type":"Feature","geometry":{"type":"LineString","coordinates":[[-75.471914,6.382102],[-75.470183,6.382684]],"crs":null},"properties":{"tension_kv":"110","circuito":"SALTO - ZAMORA","estado":"OPERACION"}},{"type":"Feature","geometry":{"type":"LineString","coordinates":[[-75.471894,6.382038],[-75.47016,6.382621]],"crs":null},"properties":{"tension_kv":"110","circuito":"GIRARDOTA - ZAMORA","estado":"OPERACION"}},{"type":"Feature","geometry":{"type":"LineString","coordinates":[[-75.470183,6.382684],[-75.468465,6.383258]],"crs":null},"properties":{"tension_kv":"110","circuito":"SALTO - ZAMORA","estado":"OPERACION"}},{"type":"Feature","geometry":{"type":"LineString","coordinates":[[-75.47016,6.382621],[-75.468443,6.383193]],"crs":null},"properties":{"tension_kv":"110","circuito":"GIRARDOTA - ZAMORA","estado":"OPERACION"}},{"type":"Feature","geometry":{"type":"LineString","coordinates":[[-75.468465,6.383258],[-75.466355,6.383692]],"crs":null},"properties":{"tension_kv":"110","circuito":"SALTO - ZAMORA","estado":"OPERACION"}},{"type":"Feature","geometry":{"type":"LineString","coordinates":[[-75.468443,6.383193],[-75.466345,6.383626]],"crs":null},"properties":{"tension_kv":"110","circuito":"GIRARDOTA - ZAMORA","estado":"OPERACION"}},{"type":"Feature","geometry":{"type":"LineString","coordinates":[[-75.466355,6.383692],[-75.464055,6.384131]],"crs":null},"properties":{"tension_kv":"110","circuito":"SALTO - ZAMORA","estado":"OPERACION"}},{"type":"Feature","geometry":{"type":"LineString","coordinates":[[-75.466345,6.383626],[-75.464041,6.384061]],"crs":null},"properties":{"tension_kv":"110","circuito":"GIRARDOTA - ZAMORA","estado":"OPERACION"}},{"type":"Feature","geometry":{"type":"LineString","coordinates":[[-75.483724,6.379606],[-75.480084,6.38179]],"crs":null},"properties":{"tension_kv":"110","circuito":"RIOGRANDE - BELLO","estado":"OPERACION"}},{"type":"Feature","geometry":{"type":"LineString","coordinates":[[-75.483692,6.37955],[-75.480051,6.381733]],"crs":null},"properties":{"tension_kv":"110","circuito":"PIEDRAS BLANCAS - GIRARDOTA","estado":"OPERACION"}},{"type":"Feature","geometry":{"type":"LineString","coordinates":[[-75.474534,6.383424],[-75.469884,6.384786]],"crs":null},"properties":{"tension_kv":"110","circuito":"RIOGRANDE - BELLO","estado":"OPERACION"}},{"type":"Feature","geometry":{"type":"LineString","coordinates":[[-75.474514,6.383363],[-75.469868,6.384721]],"crs":null},"properties":{"tension_kv":"110","circuito":"PIEDRAS BLANCAS - GIRARDOTA","estado":"OPERACION"}},{"type":"Feature","geometry":{"type":"LineString","coordinates":[[-75.485696,6.382995],[-75.487476,6.382508]],"crs":null},"properties":{"tension_kv":"220","circuito":"TASAJERA - BELLO","estado":"OPERACION"}},{"type":"Feature","geometry":{"type":"LineString","coordinates":[[-75.483184,6.383735],[-75.485696,6.382995]],"crs":null},"properties":{"tension_kv":"220","circuito":"TASAJERA - BELLO","estado":"OPERACION"}},{"type":"Feature","geometry":{"type":"LineString","coordinates":[[-75.473619,6.381509],[-75.471914,6.382102]],"crs":null},"properties":{"tension_kv":"110","circuito":"SALTO - ZAMORA","estado":"OPERACION"}},{"type":"Feature","geometry":{"type":"LineString","coordinates":[[-75.473599,6.381446],[-75.471894,6.382038]],"crs":null},"properties":{"tension_kv":"110","circuito":"GIRARDOTA - ZAMORA","estado":"OPERACION"}},{"type":"Feature","geometry":{"type":"LineString","coordinates":[[-75.485102,6.377466],[-75.484122,6.377812]],"crs":null},"properties":{"tension_kv":"110","circuito":"SALTO - ZAMORA","estado":"OPERACION"}},{"type":"Feature","geometry":{"type":"LineString","coordinates":[[-75.481251,6.378906],[-75.478825,6.379737]],"crs":null},"properties":{"tension_kv":"110","circuito":"SALTO - ZAMORA","estado":"OPERACION"}},{"type":"Feature","geometry":{"type":"LineString","coordinates":[[-75.478825,6.379737],[-75.476947,6.380381]],"crs":null},"properties":{"tension_kv":"110","circuito":"SALTO - ZAMORA","estado":"OPERACION"}},{"type":"Feature","geometry":{"type":"LineString","coordinates":[[-75.481229,6.378846],[-75.478803,6.379677]],"crs":null},"properties":{"tension_kv":"110","circuito":"GIRARDOTA - ZAMORA","estado":"OPERACION"}},{"type":"Feature","geometry":{"type":"LineString","coordinates":[[-75.478803,6.379677],[-75.476928,6.380318]],"crs":null},"properties":{"tension_kv":"110","circuito":"GIRARDOTA - ZAMORA","estado":"OPERACION"}},{"type":"Feature","geometry":{"type":"LineString","coordinates":[[-75.476947,6.380381],[-75.473619,6.381509]],"crs":null},"properties":{"tension_kv":"110","circuito":"SALTO - ZAMORA","estado":"OPERACION"}},{"type":"Feature","geometry":{"type":"LineString","coordinates":[[-75.476928,6.380318],[-75.473599,6.381446]],"crs":null},"properties":{"tension_kv":"110","circuito":"GIRARDOTA - ZAMORA","estado":"OPERACION"}},{"type":"Feature","geometry":{"type":"LineString","coordinates":[[-75.485649,6.378487],[-75.483724,6.379606]],"crs":null},"properties":{"tension_kv":"110","circuito":"RIOGRANDE - BELLO","estado":"OPERACION"}},{"type":"Feature","geometry":{"type":"LineString","coordinates":[[-75.485617,6.378431],[-75.483692,6.37955]],"crs":null},"properties":{"tension_kv":"110","circuito":"PIEDRAS BLANCAS - GIRARDOTA","estado":"OPERACION"}},{"type":"Feature","geometry":{"type":"LineString","coordinates":[[-75.480084,6.38179],[-75.478833,6.382154]],"crs":null},"properties":{"tension_kv":"110","circuito":"RIOGRANDE - BELLO","estado":"OPERACION"}},{"type":"Feature","geometry":{"type":"LineString","coordinates":[[-75.480051,6.381733],[-75.478813,6.38209]],"crs":null},"properties":{"tension_kv":"110","circuito":"PIEDRAS BLANCAS - GIRARDOTA","estado":"OPERACION"}},{"type":"Feature","geometry":{"type":"LineString","coordinates":[[-75.478833,6.382154],[-75.474534,6.383424]],"crs":null},"properties":{"tension_kv":"110","circuito":"RIOGRANDE - BELLO","estado":"OPERACION"}},{"type":"Feature","geometry":{"type":"LineString","coordinates":[[-75.478813,6.38209],[-75.474514,6.383363]],"crs":null},"properties":{"tension_kv":"110","circuito":"PIEDRAS BLANCAS - GIRARDOTA","estado":"OPERACION"}},{"type":"Feature","geometry":{"type":"LineString","coordinates":[[-75.484122,6.377812],[-75.481251,6.378906]],"crs":null},"properties":{"tension_kv":"110","circuito":"SALTO - ZAMORA","estado":"OPERACION"}},{"type":"Feature","geometry":{"type":"LineString","coordinates":[[-75.484101,6.377749],[-75.481229,6.378846]],"crs":null},"properties":{"tension_kv":"110","circuito":"GIRARDOTA - ZAMORA","estado":"OPERACION"}},{"type":"Feature","geometry":{"type":"LineString","coordinates":[[-75.485078,6.377406],[-75.484101,6.377749]],"crs":null},"properties":{"tension_kv":"110","circuito":"GIRARDOTA - ZAMORA","estado":"OPERACION"}},{"type":"Feature","geometry":{"type":"LineString","coordinates":[[-75.487419,6.376568],[-75.485102,6.377466]],"crs":null},"properties":{"tension_kv":"110","circuito":"SALTO - ZAMORA","estado":"OPERACION"}},{"type":"Feature","geometry":{"type":"LineString","coordinates":[[-75.487368,6.376528],[-75.485078,6.377406]],"crs":null},"properties":{"tension_kv":"110","circuito":"GIRARDOTA - ZAMORA","estado":"OPERACION"}},{"type":"Feature","geometry":{"type":"LineString","coordinates":[[-75.498394,6.376562],[-75.500156,6.375104]],"crs":null},"properties":{"tension_kv":"220","circuito":"TASAJERA - BELLO","estado":"OPERACION"}},{"type":"Feature","geometry":{"type":"LineString","coordinates":[[-75.487476,6.382508],[-75.491908,6.381235]],"crs":null},"properties":{"tension_kv":"220","circuito":"TASAJERA - BELLO","estado":"OPERACION"}},{"type":"Feature","geometry":{"type":"LineString","coordinates":[[-75.491908,6.381235],[-75.495269,6.379144]],"crs":null},"properties":{"tension_kv":"220","circuito":"TASAJERA - BELLO","estado":"OPERACION"}},{"type":"Feature","geometry":{"type":"LineString","coordinates":[[-75.495269,6.379144],[-75.498394,6.376562]],"crs":null},"properties":{"tension_kv":"220","circuito":"TASAJERA - BELLO","estado":"OPERACION"}},{"type":"Feature","geometry":{"type":"LineString","coordinates":[[-75.487164,6.377596],[-75.485649,6.378487]],"crs":null},"properties":{"tension_kv":"110","circuito":"RIOGRANDE - BELLO","estado":"OPERACION"}},{"type":"Feature","geometry":{"type":"LineString","coordinates":[[-75.487115,6.377554],[-75.485617,6.378431]],"crs":null},"properties":{"tension_kv":"110","circuito":"PIEDRAS BLANCAS - GIRARDOTA","estado":"OPERACION"}},{"type":"Feature","geometry":{"type":"LineString","coordinates":[[-75.423306,6.3892],[-75.424858,6.387005]],"crs":null},"properties":{"tension_kv":"220","circuito":"SALTO IV - BELLO","estado":"OPERACION"}},{"type":"Feature","geometry":{"type":"LineString","coordinates":[[-75.424858,6.387005],[-75.428101,6.382336]],"crs":null},"properties":{"tension_kv":"220","circuito":"SALTO IV - BELLO","estado":"OPERACION"}},{"type":"Feature","geometry":{"type":"LineString","coordinates":[[-75.445837,6.391161],[-75.443229,6.392687]],"crs":null},"properties":{"tension_kv":"110","circuito":"SALTO - ZAMORA","estado":"OPERACION"}},{"type":"Feature","geometry":{"type":"LineString","coordinates":[[-75.445806,6.391103],[-75.443196,6.392629]],"crs":null},"properties":{"tension_kv":"110","circuito":"BARBOSA - GIRARDOTA","estado":"OPERACION"}},{"type":"Feature","geometry":{"type":"LineString","coordinates":[[-75.443229,6.392687],[-75.441465,6.393716]],"crs":null},"properties":{"tension_kv":"110","circuito":"SALTO - ZAMORA","estado":"OPERACION"}},{"type":"Feature","geometry":{"type":"LineString","coordinates":[[-75.443196,6.392629],[-75.441432,6.393658]],"crs":null},"properties":{"tension_kv":"110","circuito":"BARBOSA - GIRARDOTA","estado":"OPERACION"}},{"type":"Feature","geometry":{"type":"LineString","coordinates":[[-75.446236,6.391989],[-75.442535,6.394428]],"crs":null},"properties":{"tension_kv":"110","circuito":"RIOGRANDE - BELLO","estado":"OPERACION"}},{"type":"Feature","geometry":{"type":"LineString","coordinates":[[-75.442579,6.385789],[-75.441108,6.386587]],"crs":null},"properties":{"tension_kv":"110","circuito":"GIRARDOTA - ENKA","estado":"OPERACION"}},{"type":"Feature","geometry":{"type":"LineString","coordinates":[[-75.441108,6.386587],[-75.441051,6.384227]],"crs":null},"properties":{"tension_kv":"110","circuito":"GIRARDOTA - ENKA","estado":"OPERACION"}},{"type":"Feature","geometry":{"type":"LineString","coordinates":[[-75.446196,6.391934],[-75.442499,6.394376]],"crs":null},"properties":{"tension_kv":"110","circuito":"RIOGRANDE - GIRARDOTA","estado":"OPERACION"}},{"type":"Feature","geometry":{"type":"LineString","coordinates":[[-75.4473,6.386509],[-75.442579,6.385789]],"crs":null},"properties":{"tension_kv":"110","circuito":"GIRARDOTA - ENKA","estado":"OPERACION"}},{"type":"Feature","geometry":{"type":"LineString","coordinates":[[-75.448604,6.392244],[-75.45022,6.390834]],"crs":null},"properties":{"tension_kv":"220","circuito":"TASAJERA - BELLO","estado":"OPERACION"}},{"type":"Feature","geometry":{"type":"LineString","coordinates":[[-75.45022,6.390834],[-75.453393,6.388309]],"crs":null},"properties":{"tension_kv":"220","circuito":"TASAJERA - BELLO","estado":"OPERACION"}},{"type":"Feature","geometry":{"type":"LineString","coordinates":[[-75.453393,6.388309],[-75.455603,6.387751]],"crs":null},"properties":{"tension_kv":"220","circuito":"TASAJERA - BELLO","estado":"OPERACION"}},{"type":"Feature","geometry":{"type":"LineString","coordinates":[[-75.455603,6.387751],[-75.456885,6.387437]],"crs":null},"properties":{"tension_kv":"220","circuito":"TASAJERA - BELLO","estado":"OPERACION"}},{"type":"Feature","geometry":{"type":"LineString","coordinates":[[-75.456885,6.387437],[-75.460659,6.387816]],"crs":null},"properties":{"tension_kv":"220","circuito":"TASAJERA - BELLO","estado":"OPERACION"}},{"type":"Feature","geometry":{"type":"LineString","coordinates":[[-75.454813,6.385955],[-75.453171,6.386932]],"crs":null},"properties":{"tension_kv":"110","circuito":"SALTO - ZAMORA","estado":"OPERACION"}},{"type":"Feature","geometry":{"type":"LineString","coordinates":[[-75.454788,6.385916],[-75.453135,6.386878]],"crs":null},"properties":{"tension_kv":"110","circuito":"BARBOSA - GIRARDOTA","estado":"OPERACION"}},{"type":"Feature","geometry":{"type":"LineString","coordinates":[[-75.457283,6.385468],[-75.454813,6.385955]],"crs":null},"properties":{"tension_kv":"110","circuito":"SALTO - ZAMORA","estado":"OPERACION"}},{"type":"Feature","geometry":{"type":"LineString","coordinates":[[-75.457268,6.385406],[-75.454828,6.385892]],"crs":null},"properties":{"tension_kv":"110","circuito":"GIRARDOTA - ZAMORA","estado":"OPERACION"}},{"type":"Feature","geometry":{"type":"LineString","coordinates":[[-75.454828,6.385892],[-75.454818,6.385828]],"crs":null},"properties":{"tension_kv":"110","circuito":"GIRARDOTA - ZAMORA","estado":"OPERACION"}},{"type":"Feature","geometry":{"type":"LineString","coordinates":[[-75.453135,6.386878],[-75.450267,6.388523]],"crs":null},"properties":{"tension_kv":"110","circuito":"BARBOSA - GIRARDOTA","estado":"OPERACION"}},{"type":"Feature","geometry":{"type":"LineString","coordinates":[[-75.453171,6.386932],[-75.450298,6.388579]],"crs":null},"properties":{"tension_kv":"110","circuito":"SALTO - ZAMORA","estado":"OPERACION"}},{"type":"Feature","geometry":{"type":"LineString","coordinates":[[-75.457023,6.386716],[-75.455204,6.387005]],"crs":null},"properties":{"tension_kv":"110","circuito":"RIOGRANDE - BELLO","estado":"OPERACION"}},{"type":"Feature","geometry":{"type":"LineString","coordinates":[[-75.455204,6.387005],[-75.453243,6.388035]],"crs":null},"properties":{"tension_kv":"110","circuito":"RIOGRANDE - BELLO","estado":"OPERACION"}},{"type":"Feature","geometry":{"type":"LineString","coordinates":[[-75.451848,6.38557],[-75.4473,6.386509]],"crs":null},"properties":{"tension_kv":"110","circuito":"GIRARDOTA - ENKA","estado":"OPERACION"}},{"type":"Feature","geometry":{"type":"LineString","coordinates":[[-75.450298,6.388579],[-75.447783,6.390039]],"crs":null},"properties":{"tension_kv":"110","circuito":"SALTO - ZAMORA","estado":"OPERACION"}},{"type":"Feature","geometry":{"type":"LineString","coordinates":[[-75.450267,6.388523],[-75.44775,6.389982]],"crs":null},"properties":{"tension_kv":"110","circuito":"BARBOSA - GIRARDOTA","estado":"OPERACION"}},{"type":"Feature","geometry":{"type":"LineString","coordinates":[[-75.447783,6.390039],[-75.445837,6.391161]],"crs":null},"properties":{"tension_kv":"110","circuito":"SALTO - ZAMORA","estado":"OPERACION"}},{"type":"Feature","geometry":{"type":"LineString","coordinates":[[-75.44775,6.389982],[-75.445806,6.391103]],"crs":null},"properties":{"tension_kv":"110","circuito":"BARBOSA - GIRARDOTA","estado":"OPERACION"}},{"type":"Feature","geometry":{"type":"LineString","coordinates":[[-75.453243,6.388035],[-75.448296,6.390617]],"crs":null},"properties":{"tension_kv":"110","circuito":"RIOGRANDE - BELLO","estado":"OPERACION"}},{"type":"Feature","geometry":{"type":"LineString","coordinates":[[-75.448296,6.390617],[-75.446236,6.391989]],"crs":null},"properties":{"tension_kv":"110","circuito":"RIOGRANDE - BELLO","estado":"OPERACION"}},{"type":"Feature","geometry":{"type":"LineString","coordinates":[[-75.454818,6.385828],[-75.454486,6.383768]],"crs":null},"properties":{"tension_kv":"110","circuito":"GIRARDOTA - ZAMORA","estado":"OPERACION"}},{"type":"Feature","geometry":{"type":"LineString","coordinates":[[-75.454753,6.385837],[-75.454788,6.385916]],"crs":null},"properties":{"tension_kv":"110","circuito":"BARBOSA - GIRARDOTA","estado":"OPERACION"}},{"type":"Feature","geometry":{"type":"LineString","coordinates":[[-75.457012,6.386653],[-75.455196,6.386939]],"crs":null},"properties":{"tension_kv":"110","circuito":"PIEDRAS BLANCAS - GIRARDOTA","estado":"OPERACION"}},{"type":"Feature","geometry":{"type":"LineString","coordinates":[[-75.455167,6.386971],[-75.453215,6.387976]],"crs":null},"properties":{"tension_kv":"110","circuito":"RIOGRANDE - GIRARDOTA","estado":"OPERACION"}},{"type":"Feature","geometry":{"type":"LineString","coordinates":[[-75.453215,6.387976],[-75.448267,6.390559]],"crs":null},"properties":{"tension_kv":"110","circuito":"RIOGRANDE - GIRARDOTA","estado":"OPERACION"}},{"type":"Feature","geometry":{"type":"LineString","coordinates":[[-75.448267,6.390559],[-75.446196,6.391934]],"crs":null},"properties":{"tension_kv":"110","circuito":"RIOGRANDE - GIRARDOTA","estado":"OPERACION"}},{"type":"Feature","geometry":{"type":"LineString","coordinates":[[-75.454236,6.386279],[-75.454296,6.383638]],"crs":null},"properties":{"tension_kv":"110","circuito":"PIEDRAS BLANCAS - GIRARDOTA","estado":"OPERACION"}},{"type":"Feature","geometry":{"type":"LineString","coordinates":[[-75.455177,6.386799],[-75.454236,6.386279]],"crs":null},"properties":{"tension_kv":"110","circuito":"PIEDRAS BLANCAS - GIRARDOTA","estado":"OPERACION"}},{"type":"Feature","geometry":{"type":"LineString","coordinates":[[-75.454179,6.386307],[-75.454234,6.383629]],"crs":null},"properties":{"tension_kv":"110","circuito":"RIOGRANDE - GIRARDOTA","estado":"OPERACION"}},{"type":"Feature","geometry":{"type":"LineString","coordinates":[[-75.455167,6.386971],[-75.45512,6.386825],[-75.454179,6.386307]],"crs":null},"properties":{"tension_kv":"110","circuito":"RIOGRANDE - GIRARDOTA","estado":"OPERACION"}},{"type":"Feature","geometry":{"type":"LineString","coordinates":[[-75.455199,6.386938],[-75.455177,6.386799]],"crs":null},"properties":{"tension_kv":"110","circuito":"PIEDRAS BLANCAS - GIRARDOTA","estado":"OPERACION"}},{"type":"Feature","geometry":{"type":"LineString","coordinates":[[-75.460659,6.387816],[-75.463574,6.388111]],"crs":null},"properties":{"tension_kv":"220","circuito":"TASAJERA - BELLO","estado":"OPERACION"}},{"type":"Feature","geometry":{"type":"LineString","coordinates":[[-75.463574,6.388111],[-75.465026,6.388254]],"crs":null},"properties":{"tension_kv":"220","circuito":"TASAJERA - BELLO","estado":"OPERACION"}},{"type":"Feature","geometry":{"type":"LineString","coordinates":[[-75.465026,6.388254],[-75.466647,6.387912]],"crs":null},"properties":{"tension_kv":"220","circuito":"TASAJERA - BELLO","estado":"OPERACION"}},{"type":"Feature","geometry":{"type":"LineString","coordinates":[[-75.466647,6.387912],[-75.472028,6.386754]],"crs":null},"properties":{"tension_kv":"220","circuito":"TASAJERA - BELLO","estado":"OPERACION"}},{"type":"Feature","geometry":{"type":"LineString","coordinates":[[-75.472028,6.386754],[-75.474304,6.386265]],"crs":null},"properties":{"tension_kv":"220","circuito":"TASAJERA - BELLO","estado":"OPERACION"}},{"type":"Feature","geometry":{"type":"LineString","coordinates":[[-75.460634,6.386109],[-75.457012,6.386653]],"crs":null},"properties":{"tension_kv":"110","circuito":"PIEDRAS BLANCAS - GIRARDOTA","estado":"OPERACION"}},{"type":"Feature","geometry":{"type":"LineString","coordinates":[[-75.460644,6.386173],[-75.457023,6.386716]],"crs":null},"properties":{"tension_kv":"110","circuito":"RIOGRANDE - BELLO","estado":"OPERACION"}},{"type":"Feature","geometry":{"type":"LineString","coordinates":[[-75.461552,6.384559],[-75.457268,6.385406]],"crs":null},"properties":{"tension_kv":"110","circuito":"GIRARDOTA - ZAMORA","estado":"OPERACION"}},{"type":"Feature","geometry":{"type":"LineString","coordinates":[[-75.461565,6.384628],[-75.457283,6.385468]],"crs":null},"properties":{"tension_kv":"110","circuito":"SALTO - ZAMORA","estado":"OPERACION"}},{"type":"Feature","geometry":{"type":"LineString","coordinates":[[-75.463848,6.385636],[-75.46295,6.385762]],"crs":null},"properties":{"tension_kv":"110","circuito":"PIEDRAS BLANCAS - GIRARDOTA","estado":"OPERACION"}},{"type":"Feature","geometry":{"type":"LineString","coordinates":[[-75.46295,6.385762],[-75.460634,6.386109]],"crs":null},"properties":{"tension_kv":"110","circuito":"PIEDRAS BLANCAS - GIRARDOTA","estado":"OPERACION"}},{"type":"Feature","geometry":{"type":"LineString","coordinates":[[-75.462958,6.385826],[-75.460644,6.386173]],"crs":null},"properties":{"tension_kv":"110","circuito":"RIOGRANDE - BELLO","estado":"OPERACION"}},{"type":"Feature","geometry":{"type":"LineString","coordinates":[[-75.463857,6.385701],[-75.462958,6.385826]],"crs":null},"properties":{"tension_kv":"110","circuito":"RIOGRANDE - BELLO","estado":"OPERACION"}},{"type":"Feature","geometry":{"type":"LineString","coordinates":[[-75.469884,6.384786],[-75.463857,6.385701]],"crs":null},"properties":{"tension_kv":"110","circuito":"RIOGRANDE - BELLO","estado":"OPERACION"}},{"type":"Feature","geometry":{"type":"LineString","coordinates":[[-75.469868,6.384721],[-75.463848,6.385636]],"crs":null},"properties":{"tension_kv":"110","circuito":"PIEDRAS BLANCAS - GIRARDOTA","estado":"OPERACION"}},{"type":"Feature","geometry":{"type":"LineString","coordinates":[[-75.474304,6.386265],[-75.479392,6.384811]],"crs":null},"properties":{"tension_kv":"220","circuito":"TASAJERA - BELLO","estado":"OPERACION"}},{"type":"Feature","geometry":{"type":"LineString","coordinates":[[-75.479392,6.384811],[-75.483184,6.383735]],"crs":null},"properties":{"tension_kv":"220","circuito":"TASAJERA - BELLO","estado":"OPERACION"}},{"type":"Feature","geometry":{"type":"LineString","coordinates":[[-75.412473,6.400855],[-75.415611,6.398054]],"crs":null},"properties":{"tension_kv":"220","circuito":"SALTO IV - BELLO","estado":"OPERACION"}},{"type":"Feature","geometry":{"type":"LineString","coordinates":[[-75.415611,6.398054],[-75.419636,6.394388]],"crs":null},"properties":{"tension_kv":"220","circuito":"SALTO IV - BELLO","estado":"OPERACION"}},{"type":"Feature","geometry":{"type":"LineString","coordinates":[[-75.419636,6.394388],[-75.423306,6.3892]],"crs":null},"properties":{"tension_kv":"220","circuito":"SALTO IV - BELLO","estado":"OPERACION"}},{"type":"Feature","geometry":{"type":"LineString","coordinates":[[-75.429582,6.40177],[-75.426935,6.40459]],"crs":null},"properties":{"tension_kv":"110","circuito":"BARBOSA - GIRARDOTA","estado":"OPERACION"}},{"type":"Feature","geometry":{"type":"LineString","coordinates":[[-75.429616,6.401829],[-75.426981,6.404637]],"crs":null},"properties":{"tension_kv":"110","circuito":"SALTO - ZAMORA","estado":"OPERACION"}},{"type":"Feature","geometry":{"type":"LineString","coordinates":[[-75.431719,6.402451],[-75.429775,6.404156]],"crs":null},"properties":{"tension_kv":"110","circuito":"RIOGRANDE - BELLO","estado":"OPERACION"}},{"type":"Feature","geometry":{"type":"LineString","coordinates":[[-75.430517,6.401215],[-75.429582,6.40177]],"crs":null},"properties":{"tension_kv":"110","circuito":"BARBOSA - GIRARDOTA","estado":"OPERACION"}},{"type":"Feature","geometry":{"type":"LineString","coordinates":[[-75.43055,6.401272],[-75.429616,6.401829]],"crs":null},"properties":{"tension_kv":"110","circuito":"SALTO - ZAMORA","estado":"OPERACION"}},{"type":"Feature","geometry":{"type":"LineString","coordinates":[[-75.431677,6.402402],[-75.429733,6.404108]],"crs":null},"properties":{"tension_kv":"110","circuito":"RIOGRANDE - GIRARDOTA","estado":"OPERACION"}},{"type":"Feature","geometry":{"type":"LineString","coordinates":[[-75.440104,6.398437],[-75.444083,6.395525]],"crs":null},"properties":{"tension_kv":"220","circuito":"TASAJERA - BELLO","estado":"OPERACION"}},{"type":"Feature","geometry":{"type":"LineString","coordinates":[[-75.442535,6.394428],[-75.440221,6.395955]],"crs":null},"properties":{"tension_kv":"110","circuito":"RIOGRANDE - BELLO","estado":"OPERACION"}},{"type":"Feature","geometry":{"type":"LineString","coordinates":[[-75.444083,6.395525],[-75.448604,6.392244]],"crs":null},"properties":{"tension_kv":"220","circuito":"TASAJERA - BELLO","estado":"OPERACION"}},{"type":"Feature","geometry":{"type":"LineString","coordinates":[[-75.436634,6.400977],[-75.440104,6.398437]],"crs":null},"properties":{"tension_kv":"220","circuito":"TASAJERA - BELLO","estado":"OPERACION"}},{"type":"Feature","geometry":{"type":"LineString","coordinates":[[-75.435824,6.398879],[-75.431719,6.402451]],"crs":null},"properties":{"tension_kv":"110","circuito":"RIOGRANDE - BELLO","estado":"OPERACION"}},{"type":"Feature","geometry":{"type":"LineString","coordinates":[[-75.440221,6.395955],[-75.436678,6.398309]],"crs":null},"properties":{"tension_kv":"110","circuito":"RIOGRANDE - BELLO","estado":"OPERACION"}},{"type":"Feature","geometry":{"type":"LineString","coordinates":[[-75.441465,6.393716],[-75.438362,6.395846]],"crs":null},"properties":{"tension_kv":"110","circuito":"SALTO - ZAMORA","estado":"OPERACION"}},{"type":"Feature","geometry":{"type":"LineString","coordinates":[[-75.441432,6.393658],[-75.438326,6.395791]],"crs":null},"properties":{"tension_kv":"110","circuito":"BARBOSA - GIRARDOTA","estado":"OPERACION"}},{"type":"Feature","geometry":{"type":"LineString","coordinates":[[-75.438362,6.395846],[-75.435342,6.398455]],"crs":null},"properties":{"tension_kv":"110","circuito":"SALTO - ZAMORA","estado":"OPERACION"}},{"type":"Feature","geometry":{"type":"LineString","coordinates":[[-75.435342,6.398455],[-75.43055,6.401272]],"crs":null},"properties":{"tension_kv":"110","circuito":"SALTO - ZAMORA","estado":"OPERACION"}},{"type":"Feature","geometry":{"type":"LineString","coordinates":[[-75.438326,6.395791],[-75.4353,6.398405]],"crs":null},"properties":{"tension_kv":"110","circuito":"BARBOSA - GIRARDOTA","estado":"OPERACION"}},{"type":"Feature","geometry":{"type":"LineString","coordinates":[[-75.4353,6.398405],[-75.430517,6.401215]],"crs":null},"properties":{"tension_kv":"110","circuito":"BARBOSA - GIRARDOTA","estado":"OPERACION"}},{"type":"Feature","geometry":{"type":"LineString","coordinates":[[-75.436678,6.398309],[-75.435824,6.398879]],"crs":null},"properties":{"tension_kv":"110","circuito":"RIOGRANDE - BELLO","estado":"OPERACION"}},{"type":"Feature","geometry":{"type":"LineString","coordinates":[[-75.442499,6.394376],[-75.440187,6.3959]],"crs":null},"properties":{"tension_kv":"110","circuito":"RIOGRANDE - GIRARDOTA","estado":"OPERACION"}},{"type":"Feature","geometry":{"type":"LineString","coordinates":[[-75.440187,6.3959],[-75.436645,6.398254]],"crs":null},"properties":{"tension_kv":"110","circuito":"RIOGRANDE - GIRARDOTA","estado":"OPERACION"}},{"type":"Feature","geometry":{"type":"LineString","coordinates":[[-75.436645,6.398254],[-75.435788,6.398823]],"crs":null},"properties":{"tension_kv":"110","circuito":"RIOGRANDE - GIRARDOTA","estado":"OPERACION"}},{"type":"Feature","geometry":{"type":"LineString","coordinates":[[-75.435788,6.398823],[-75.431677,6.402402]],"crs":null},"properties":{"tension_kv":"110","circuito":"RIOGRANDE - GIRARDOTA","estado":"OPERACION"}},{"type":"Feature","geometry":{"type":"LineString","coordinates":[[-75.37726,6.41119],[-75.380137,6.410234]],"crs":null},"properties":{"tension_kv":"220","circuito":"SALTO IV - BELLO","estado":"OPERACION"}},{"type":"Feature","geometry":{"type":"LineString","coordinates":[[-75.380137,6.410234],[-75.385901,6.410195]],"crs":null},"properties":{"tension_kv":"220","circuito":"SALTO IV - BELLO","estado":"OPERACION"}},{"type":"Feature","geometry":{"type":"LineString","coordinates":[[-75.385901,6.410195],[-75.390476,6.409864]],"crs":null},"properties":{"tension_kv":"220","circuito":"SALTO IV - BELLO","estado":"OPERACION"}},{"type":"Feature","geometry":{"type":"LineString","coordinates":[[-75.390476,6.409864],[-75.391835,6.409765]],"crs":null},"properties":{"tension_kv":"220","circuito":"SALTO IV - BELLO","estado":"OPERACION"}},{"type":"Feature","geometry":{"type":"LineString","coordinates":[[-75.391835,6.409765],[-75.396634,6.409408]],"crs":null},"properties":{"tension_kv":"220","circuito":"SALTO IV - BELLO","estado":"OPERACION"}},{"type":"Feature","geometry":{"type":"LineString","coordinates":[[-75.396634,6.409408],[-75.400197,6.408821]],"crs":null},"properties":{"tension_kv":"220","circuito":"SALTO IV - BELLO","estado":"OPERACION"}},{"type":"Feature","geometry":{"type":"LineString","coordinates":[[-75.400197,6.408821],[-75.403923,6.407008]],"crs":null},"properties":{"tension_kv":"220","circuito":"SALTO IV - BELLO","estado":"OPERACION"}},{"type":"Feature","geometry":{"type":"LineString","coordinates":[[-75.403923,6.407008],[-75.407952,6.404262]],"crs":null},"properties":{"tension_kv":"220","circuito":"SALTO IV - BELLO","estado":"OPERACION"}},{"type":"Feature","geometry":{"type":"LineString","coordinates":[[-75.407952,6.404262],[-75.412473,6.400855]],"crs":null},"properties":{"tension_kv":"220","circuito":"SALTO IV - BELLO","estado":"OPERACION"}},{"type":"Feature","geometry":{"type":"LineString","coordinates":[[-75.431381,6.41147],[-75.430819,6.410618]],"crs":null},"properties":{"tension_kv":"220","circuito":"TASAJERA - BELLO","estado":"OPERACION"}},{"type":"Feature","geometry":{"type":"LineString","coordinates":[[-75.430731,6.40533],[-75.434194,6.40266]],"crs":null},"properties":{"tension_kv":"220","circuito":"TASAJERA - BELLO","estado":"OPERACION"}},{"type":"Feature","geometry":{"type":"LineString","coordinates":[[-75.430819,6.410618],[-75.430731,6.40533]],"crs":null},"properties":{"tension_kv":"220","circuito":"TASAJERA - BELLO","estado":"OPERACION"}},{"type":"Feature","geometry":{"type":"LineString","coordinates":[[-75.429775,6.404156],[-75.426386,6.407118]],"crs":null},"properties":{"tension_kv":"110","circuito":"RIOGRANDE - BELLO","estado":"OPERACION"}},{"type":"Feature","geometry":{"type":"LineString","coordinates":[[-75.426386,6.407118],[-75.42077,6.41202]],"crs":null},"properties":{"tension_kv":"110","circuito":"RIOGRANDE - BELLO","estado":"OPERACION"}},{"type":"Feature","geometry":{"type":"LineString","coordinates":[[-75.419339,6.411412],[-75.417659,6.411767]],"crs":null},"properties":{"tension_kv":"110","circuito":"BARBOSA - GIRARDOTA","estado":"OPERACION"}},{"type":"Feature","geometry":{"type":"LineString","coordinates":[[-75.419352,6.411481],[-75.417672,6.411832]],"crs":null},"properties":{"tension_kv":"110","circuito":"SALTO - ZAMORA","estado":"OPERACION"}},{"type":"Feature","geometry":{"type":"LineString","coordinates":[[-75.42085,6.411158],[-75.419352,6.411481]],"crs":null},"properties":{"tension_kv":"110","circuito":"SALTO - ZAMORA","estado":"OPERACION"}},{"type":"Feature","geometry":{"type":"LineString","coordinates":[[-75.426935,6.40459],[-75.425368,6.40626]],"crs":null},"properties":{"tension_kv":"110","circuito":"BARBOSA - GIRARDOTA","estado":"OPERACION"}},{"type":"Feature","geometry":{"type":"LineString","coordinates":[[-75.426981,6.404637],[-75.425415,6.406307]],"crs":null},"properties":{"tension_kv":"110","circuito":"SALTO - ZAMORA","estado":"OPERACION"}},{"type":"Feature","geometry":{"type":"LineString","coordinates":[[-75.425415,6.406307],[-75.423734,6.4081]],"crs":null},"properties":{"tension_kv":"110","circuito":"SALTO - ZAMORA","estado":"OPERACION"}},{"type":"Feature","geometry":{"type":"LineString","coordinates":[[-75.425368,6.40626],[-75.423689,6.408053]],"crs":null},"properties":{"tension_kv":"110","circuito":"BARBOSA - GIRARDOTA","estado":"OPERACION"}},{"type":"Feature","geometry":{"type":"LineString","coordinates":[[-75.423689,6.408053],[-75.420804,6.411112]],"crs":null},"properties":{"tension_kv":"110","circuito":"BARBOSA - GIRARDOTA","estado":"OPERACION"}},{"type":"Feature","geometry":{"type":"LineString","coordinates":[[-75.423734,6.4081],[-75.42085,6.411158]],"crs":null},"properties":{"tension_kv":"110","circuito":"SALTO - ZAMORA","estado":"OPERACION"}},{"type":"Feature","geometry":{"type":"LineString","coordinates":[[-75.420804,6.411112],[-75.419339,6.411412]],"crs":null},"properties":{"tension_kv":"110","circuito":"BARBOSA - GIRARDOTA","estado":"OPERACION"}},{"type":"Feature","geometry":{"type":"LineString","coordinates":[[-75.429733,6.404108],[-75.426342,6.407072]],"crs":null},"properties":{"tension_kv":"110","circuito":"RIOGRANDE - GIRARDOTA","estado":"OPERACION"}},{"type":"Feature","geometry":{"type":"LineString","coordinates":[[-75.426342,6.407072],[-75.420728,6.411971]],"crs":null},"properties":{"tension_kv":"110","circuito":"RIOGRANDE - GIRARDOTA","estado":"OPERACION"}},{"type":"Feature","geometry":{"type":"LineString","coordinates":[[-75.366274,6.419189],[-75.367901,6.418908]],"crs":null},"properties":{"tension_kv":"220","circuito":"SALTO IV - BELLO","estado":"OPERACION"}},{"type":"Feature","geometry":{"type":"LineString","coordinates":[[-75.367901,6.418908],[-75.369444,6.418741]],"crs":null},"properties":{"tension_kv":"220","circuito":"SALTO IV - BELLO","estado":"OPERACION"}},{"type":"Feature","geometry":{"type":"LineString","coordinates":[[-75.375375,6.414497],[-75.375379,6.411805]],"crs":null},"properties":{"tension_kv":"220","circuito":"SALTO IV - BELLO","estado":"OPERACION"}},{"type":"Feature","geometry":{"type":"LineString","coordinates":[[-75.375379,6.411805],[-75.37726,6.41119]],"crs":null},"properties":{"tension_kv":"220","circuito":"SALTO IV - BELLO","estado":"OPERACION"}},{"type":"Feature","geometry":{"type":"LineString","coordinates":[[-75.37698,6.420666],[-75.37592,6.421921]],"crs":null},"properties":{"tension_kv":"110","circuito":"BARBOSA - GIRARDOTA","estado":"OPERACION"}},{"type":"Feature","geometry":{"type":"LineString","coordinates":[[-75.369444,6.418741],[-75.372377,6.418408]],"crs":null},"properties":{"tension_kv":"220","circuito":"SALTO IV - BELLO","estado":"OPERACION"}},{"type":"Feature","geometry":{"type":"LineString","coordinates":[[-75.372377,6.418408],[-75.374469,6.415758],[-75.375385,6.414502]],"crs":null},"properties":{"tension_kv":"220","circuito":"SALTO IV - BELLO","estado":"OPERACION"}},{"type":"Feature","geometry":{"type":"LineString","coordinates":[[-75.389288,6.417617],[-75.387867,6.417813]],"crs":null},"properties":{"tension_kv":"110","circuito":"RIOGRANDE - GIRARDOTA","estado":"OPERACION"}},{"type":"Feature","geometry":{"type":"LineString","coordinates":[[-75.387878,6.417883],[-75.385523,6.418557]],"crs":null},"properties":{"tension_kv":"110","circuito":"RIOGRANDE - BELLO","estado":"OPERACION"}},{"type":"Feature","geometry":{"type":"LineString","coordinates":[[-75.385523,6.418557],[-75.383949,6.418997]],"crs":null},"properties":{"tension_kv":"110","circuito":"RIOGRANDE - BELLO","estado":"OPERACION"}},{"type":"Feature","geometry":{"type":"LineString","coordinates":[[-75.383949,6.418997],[-75.381677,6.419649]],"crs":null},"properties":{"tension_kv":"110","circuito":"RIOGRANDE - BELLO","estado":"OPERACION"}},{"type":"Feature","geometry":{"type":"LineString","coordinates":[[-75.381677,6.419649],[-75.377045,6.420985]],"crs":null},"properties":{"tension_kv":"110","circuito":"RIOGRANDE - BELLO","estado":"OPERACION"}},{"type":"Feature","geometry":{"type":"LineString","coordinates":[[-75.379673,6.417629],[-75.377031,6.420708]],"crs":null},"properties":{"tension_kv":"110","circuito":"SALTO - ZAMORA","estado":"OPERACION"}},{"type":"Feature","geometry":{"type":"LineString","coordinates":[[-75.379624,6.417587],[-75.37698,6.420666]],"crs":null},"properties":{"tension_kv":"110","circuito":"BARBOSA - GIRARDOTA","estado":"OPERACION"}},{"type":"Feature","geometry":{"type":"LineString","coordinates":[[-75.38986,6.416487],[-75.388073,6.416702]],"crs":null},"properties":{"tension_kv":"110","circuito":"SALTO - ZAMORA","estado":"OPERACION"}},{"type":"Feature","geometry":{"type":"LineString","coordinates":[[-75.38985,6.416423],[-75.388061,6.416634]],"crs":null},"properties":{"tension_kv":"110","circuito":"BARBOSA - GIRARDOTA","estado":"OPERACION"}},{"type":"Feature","geometry":{"type":"LineString","coordinates":[[-75.388073,6.416702],[-75.385848,6.416945]],"crs":null},"properties":{"tension_kv":"110","circuito":"SALTO - ZAMORA","estado":"OPERACION"}},{"type":"Feature","geometry":{"type":"LineString","coordinates":[[-75.388061,6.416634],[-75.385841,6.416881]],"crs":null},"properties":{"tension_kv":"110","circuito":"BARBOSA - GIRARDOTA","estado":"OPERACION"}},{"type":"Feature","geometry":{"type":"LineString","coordinates":[[-75.385848,6.416945],[-75.382584,6.417307]],"crs":null},"properties":{"tension_kv":"110","circuito":"SALTO - ZAMORA","estado":"OPERACION"}},{"type":"Feature","geometry":{"type":"LineString","coordinates":[[-75.382584,6.417307],[-75.379673,6.417629]],"crs":null},"properties":{"tension_kv":"110","circuito":"SALTO - ZAMORA","estado":"OPERACION"}},{"type":"Feature","geometry":{"type":"LineString","coordinates":[[-75.385841,6.416881],[-75.382575,6.417243]],"crs":null},"properties":{"tension_kv":"110","circuito":"BARBOSA - GIRARDOTA","estado":"OPERACION"}},{"type":"Feature","geometry":{"type":"LineString","coordinates":[[-75.382575,6.417243],[-75.379624,6.417587]],"crs":null},"properties":{"tension_kv":"110","circuito":"BARBOSA - GIRARDOTA","estado":"OPERACION"}},{"type":"Feature","geometry":{"type":"LineString","coordinates":[[-75.389298,6.41768],[-75.387878,6.417883]],"crs":null},"properties":{"tension_kv":"110","circuito":"RIOGRANDE - BELLO","estado":"OPERACION"}},{"type":"Feature","geometry":{"type":"LineString","coordinates":[[-75.387867,6.417813],[-75.385504,6.418496]],"crs":null},"properties":{"tension_kv":"110","circuito":"RIOGRANDE - GIRARDOTA","estado":"OPERACION"}},{"type":"Feature","geometry":{"type":"LineString","coordinates":[[-75.385504,6.418496],[-75.383932,6.418935]],"crs":null},"properties":{"tension_kv":"110","circuito":"RIOGRANDE - GIRARDOTA","estado":"OPERACION"}},{"type":"Feature","geometry":{"type":"LineString","coordinates":[[-75.383932,6.418935],[-75.381659,6.419587]],"crs":null},"properties":{"tension_kv":"110","circuito":"RIOGRANDE - GIRARDOTA","estado":"OPERACION"}},{"type":"Feature","geometry":{"type":"LineString","coordinates":[[-75.381659,6.419587],[-75.377026,6.42092]],"crs":null},"properties":{"tension_kv":"110","circuito":"RIOGRANDE - GIRARDOTA","estado":"OPERACION"}},{"type":"Feature","geometry":{"type":"LineString","coordinates":[[-75.40444,6.415595],[-75.399741,6.416239]],"crs":null},"properties":{"tension_kv":"110","circuito":"RIOGRANDE - BELLO","estado":"OPERACION"}},{"type":"Feature","geometry":{"type":"LineString","coordinates":[[-75.398095,6.416407],[-75.39669,6.416606]],"crs":null},"properties":{"tension_kv":"110","circuito":"RIOGRANDE - GIRARDOTA","estado":"OPERACION"}},{"type":"Feature","geometry":{"type":"LineString","coordinates":[[-75.396705,6.416671],[-75.39423,6.416995]],"crs":null},"properties":{"tension_kv":"110","circuito":"RIOGRANDE - BELLO","estado":"OPERACION"}},{"type":"Feature","geometry":{"type":"LineString","coordinates":[[-75.39423,6.416995],[-75.389298,6.41768]],"crs":null},"properties":{"tension_kv":"110","circuito":"RIOGRANDE - BELLO","estado":"OPERACION"}},{"type":"Feature","geometry":{"type":"LineString","coordinates":[[-75.399741,6.416239],[-75.398105,6.416477]],"crs":null},"properties":{"tension_kv":"110","circuito":"RIOGRANDE - BELLO","estado":"OPERACION"}},{"type":"Feature","geometry":{"type":"LineString","coordinates":[[-75.398105,6.416477],[-75.396705,6.416671]],"crs":null},"properties":{"tension_kv":"110","circuito":"RIOGRANDE - BELLO","estado":"OPERACION"}},{"type":"Feature","geometry":{"type":"LineString","coordinates":[[-75.393735,6.416056],[-75.38986,6.416487]],"crs":null},"properties":{"tension_kv":"110","circuito":"SALTO - ZAMORA","estado":"OPERACION"}},{"type":"Feature","geometry":{"type":"LineString","coordinates":[[-75.4015,6.415197],[-75.399419,6.415437]],"crs":null},"properties":{"tension_kv":"110","circuito":"SALTO - ZAMORA","estado":"OPERACION"}},{"type":"Feature","geometry":{"type":"LineString","coordinates":[[-75.399419,6.415437],[-75.39797,6.415606]],"crs":null},"properties":{"tension_kv":"110","circuito":"SALTO - ZAMORA","estado":"OPERACION"}},{"type":"Feature","geometry":{"type":"LineString","coordinates":[[-75.39797,6.415606],[-75.396321,6.415785]],"crs":null},"properties":{"tension_kv":"110","circuito":"SALTO - ZAMORA","estado":"OPERACION"}},{"type":"Feature","geometry":{"type":"LineString","coordinates":[[-75.396321,6.415785],[-75.393735,6.416056]],"crs":null},"properties":{"tension_kv":"110","circuito":"SALTO - ZAMORA","estado":"OPERACION"}},{"type":"Feature","geometry":{"type":"LineString","coordinates":[[-75.399413,6.415372],[-75.397958,6.415536]],"crs":null},"properties":{"tension_kv":"110","circuito":"BARBOSA - GIRARDOTA","estado":"OPERACION"}},{"type":"Feature","geometry":{"type":"LineString","coordinates":[[-75.397958,6.415536],[-75.396311,6.415715]],"crs":null},"properties":{"tension_kv":"110","circuito":"BARBOSA - GIRARDOTA","estado":"OPERACION"}},{"type":"Feature","geometry":{"type":"LineString","coordinates":[[-75.401492,6.415134],[-75.399413,6.415372]],"crs":null},"properties":{"tension_kv":"110","circuito":"BARBOSA - GIRARDOTA","estado":"OPERACION"}},{"type":"Feature","geometry":{"type":"LineString","coordinates":[[-75.396311,6.415715],[-75.393724,6.41599]],"crs":null},"properties":{"tension_kv":"110","circuito":"BARBOSA - GIRARDOTA","estado":"OPERACION"}},{"type":"Feature","geometry":{"type":"LineString","coordinates":[[-75.393724,6.41599],[-75.38985,6.416423]],"crs":null},"properties":{"tension_kv":"110","circuito":"BARBOSA - GIRARDOTA","estado":"OPERACION"}},{"type":"Feature","geometry":{"type":"LineString","coordinates":[[-75.40443,6.41553],[-75.399734,6.416174]],"crs":null},"properties":{"tension_kv":"110","circuito":"RIOGRANDE - GIRARDOTA","estado":"OPERACION"}},{"type":"Feature","geometry":{"type":"LineString","coordinates":[[-75.399734,6.416174],[-75.398095,6.416407]],"crs":null},"properties":{"tension_kv":"110","circuito":"RIOGRANDE - GIRARDOTA","estado":"OPERACION"}},{"type":"Feature","geometry":{"type":"LineString","coordinates":[[-75.39669,6.416606],[-75.394219,6.41693]],"crs":null},"properties":{"tension_kv":"110","circuito":"RIOGRANDE - GIRARDOTA","estado":"OPERACION"}},{"type":"Feature","geometry":{"type":"LineString","coordinates":[[-75.394219,6.41693],[-75.389288,6.417617]],"crs":null},"properties":{"tension_kv":"110","circuito":"RIOGRANDE - GIRARDOTA","estado":"OPERACION"}},{"type":"Feature","geometry":{"type":"LineString","coordinates":[[-75.418269,6.412611],[-75.414617,6.413452]],"crs":null},"properties":{"tension_kv":"110","circuito":"RIOGRANDE - BELLO","estado":"OPERACION"}},{"type":"Feature","geometry":{"type":"LineString","coordinates":[[-75.413092,6.413804],[-75.410231,6.414474]],"crs":null},"properties":{"tension_kv":"110","circuito":"RIOGRANDE - BELLO","estado":"OPERACION"}},{"type":"Feature","geometry":{"type":"LineString","coordinates":[[-75.410231,6.414474],[-75.408932,6.414755]],"crs":null},"properties":{"tension_kv":"110","circuito":"RIOGRANDE - BELLO","estado":"OPERACION"}},{"type":"Feature","geometry":{"type":"LineString","coordinates":[[-75.410216,6.414411],[-75.408919,6.414689]],"crs":null},"properties":{"tension_kv":"110","circuito":"RIOGRANDE - GIRARDOTA","estado":"OPERACION"}},{"type":"Feature","geometry":{"type":"LineString","coordinates":[[-75.408932,6.414755],[-75.406676,6.415293]],"crs":null},"properties":{"tension_kv":"110","circuito":"RIOGRANDE - BELLO","estado":"OPERACION"}},{"type":"Feature","geometry":{"type":"LineString","coordinates":[[-75.406676,6.415293],[-75.40444,6.415595]],"crs":null},"properties":{"tension_kv":"110","circuito":"RIOGRANDE - BELLO","estado":"OPERACION"}},{"type":"Feature","geometry":{"type":"LineString","coordinates":[[-75.414617,6.413452],[-75.413092,6.413804]],"crs":null},"properties":{"tension_kv":"110","circuito":"RIOGRANDE - BELLO","estado":"OPERACION"}},{"type":"Feature","geometry":{"type":"LineString","coordinates":[[-75.415174,6.412345],[-75.413289,6.412741]],"crs":null},"properties":{"tension_kv":"110","circuito":"SALTO - ZAMORA","estado":"OPERACION"}},{"type":"Feature","geometry":{"type":"LineString","coordinates":[[-75.413289,6.412741],[-75.411627,6.41308]],"crs":null},"properties":{"tension_kv":"110","circuito":"SALTO - ZAMORA","estado":"OPERACION"}},{"type":"Feature","geometry":{"type":"LineString","coordinates":[[-75.411627,6.41308],[-75.408525,6.413885]],"crs":null},"properties":{"tension_kv":"110","circuito":"SALTO - ZAMORA","estado":"OPERACION"}},{"type":"Feature","geometry":{"type":"LineString","coordinates":[[-75.408525,6.413885],[-75.405864,6.414728]],"crs":null},"properties":{"tension_kv":"110","circuito":"SALTO - ZAMORA","estado":"OPERACION"}},{"type":"Feature","geometry":{"type":"LineString","coordinates":[[-75.405864,6.414728],[-75.4015,6.415197]],"crs":null},"properties":{"tension_kv":"110","circuito":"SALTO - ZAMORA","estado":"OPERACION"}},{"type":"Feature","geometry":{"type":"LineString","coordinates":[[-75.417672,6.411832],[-75.415174,6.412345]],"crs":null},"properties":{"tension_kv":"110","circuito":"SALTO - ZAMORA","estado":"OPERACION"}},{"type":"Feature","geometry":{"type":"LineString","coordinates":[[-75.405844,6.414667],[-75.401492,6.415134]],"crs":null},"properties":{"tension_kv":"110","circuito":"BARBOSA - GIRARDOTA","estado":"OPERACION"}},{"type":"Feature","geometry":{"type":"LineString","coordinates":[[-75.408509,6.413823],[-75.405844,6.414667]],"crs":null},"properties":{"tension_kv":"110","circuito":"BARBOSA - GIRARDOTA","estado":"OPERACION"}},{"type":"Feature","geometry":{"type":"LineString","coordinates":[[-75.413277,6.412678],[-75.411611,6.413018]],"crs":null},"properties":{"tension_kv":"110","circuito":"BARBOSA - GIRARDOTA","estado":"OPERACION"}},{"type":"Feature","geometry":{"type":"LineString","coordinates":[[-75.411611,6.413018],[-75.408509,6.413823]],"crs":null},"properties":{"tension_kv":"110","circuito":"BARBOSA - GIRARDOTA","estado":"OPERACION"}},{"type":"Feature","geometry":{"type":"LineString","coordinates":[[-75.415159,6.412281],[-75.413277,6.412678]],"crs":null},"properties":{"tension_kv":"110","circuito":"BARBOSA - GIRARDOTA","estado":"OPERACION"}},{"type":"Feature","geometry":{"type":"LineString","coordinates":[[-75.417659,6.411767],[-75.415159,6.412281]],"crs":null},"properties":{"tension_kv":"110","circuito":"BARBOSA - GIRARDOTA","estado":"OPERACION"}},{"type":"Feature","geometry":{"type":"LineString","coordinates":[[-75.418255,6.412547],[-75.414602,6.413386]],"crs":null},"properties":{"tension_kv":"110","circuito":"RIOGRANDE - GIRARDOTA","estado":"OPERACION"}},{"type":"Feature","geometry":{"type":"LineString","coordinates":[[-75.414602,6.413386],[-75.413076,6.413742]],"crs":null},"properties":{"tension_kv":"110","circuito":"RIOGRANDE - GIRARDOTA","estado":"OPERACION"}},{"type":"Feature","geometry":{"type":"LineString","coordinates":[[-75.413076,6.413742],[-75.410216,6.414411]],"crs":null},"properties":{"tension_kv":"110","circuito":"RIOGRANDE - GIRARDOTA","estado":"OPERACION"}},{"type":"Feature","geometry":{"type":"LineString","coordinates":[[-75.408919,6.414689],[-75.406661,6.415228]],"crs":null},"properties":{"tension_kv":"110","circuito":"RIOGRANDE - GIRARDOTA","estado":"OPERACION"}},{"type":"Feature","geometry":{"type":"LineString","coordinates":[[-75.406661,6.415228],[-75.40443,6.41553]],"crs":null},"properties":{"tension_kv":"110","circuito":"RIOGRANDE - GIRARDOTA","estado":"OPERACION"}},{"type":"Feature","geometry":{"type":"LineString","coordinates":[[-75.430786,6.413664],[-75.431381,6.41147]],"crs":null},"properties":{"tension_kv":"220","circuito":"TASAJERA - BELLO","estado":"OPERACION"}},{"type":"Feature","geometry":{"type":"LineString","coordinates":[[-75.428652,6.413775],[-75.429268,6.412852]],"crs":null},"properties":{"tension_kv":"220","circuito":"BARBOSA - TASAJERA","estado":"OPERACION"}},{"type":"Feature","geometry":{"type":"LineString","coordinates":[[-75.42899,6.416834],[-75.428652,6.413775]],"crs":null},"properties":{"tension_kv":"220","circuito":"BARBOSA - TASAJERA","estado":"OPERACION"}},{"type":"Feature","geometry":{"type":"LineString","coordinates":[[-75.42077,6.41202],[-75.418269,6.412611]],"crs":null},"properties":{"tension_kv":"110","circuito":"RIOGRANDE - BELLO","estado":"OPERACION"}},{"type":"Feature","geometry":{"type":"LineString","coordinates":[[-75.430313,6.420155],[-75.42899,6.416834]],"crs":null},"properties":{"tension_kv":"220","circuito":"BARBOSA - TASAJERA","estado":"OPERACION"}},{"type":"Feature","geometry":{"type":"LineString","coordinates":[[-75.420728,6.411971],[-75.418255,6.412547]],"crs":null},"properties":{"tension_kv":"110","circuito":"RIOGRANDE - GIRARDOTA","estado":"OPERACION"}},{"type":"Feature","geometry":{"type":"LineString","coordinates":[[-75.429438,6.412839],[-75.430788,6.41366]],"crs":null},"properties":{"tension_kv":"220","circuito":"TASAJERA - OCCIDENTE","estado":"OPERACION"}},{"type":"Feature","geometry":{"type":"LineString","coordinates":[[-75.430788,6.41366],[-75.433229,6.416204]],"crs":null},"properties":{"tension_kv":"220","circuito":"TASAJERA - OCCIDENTE","estado":"OPERACION"}},{"type":"Feature","geometry":{"type":"LineString","coordinates":[[-75.3556,6.427537],[-75.35907,6.424774]],"crs":null},"properties":{"tension_kv":"220","circuito":"SALTO IV - BELLO","estado":"OPERACION"}},{"type":"Feature","geometry":{"type":"LineString","coordinates":[[-75.35907,6.424774],[-75.361092,6.423185]],"crs":null},"properties":{"tension_kv":"220","circuito":"SALTO IV - BELLO","estado":"OPERACION"}},{"type":"Feature","geometry":{"type":"LineString","coordinates":[[-75.353363,6.429314],[-75.3556,6.427537]],"crs":null},"properties":{"tension_kv":"220","circuito":"SALTO IV - BELLO","estado":"OPERACION"}},{"type":"Feature","geometry":{"type":"LineString","coordinates":[[-75.361092,6.423185],[-75.362755,6.421853]],"crs":null},"properties":{"tension_kv":"220","circuito":"SALTO IV - BELLO","estado":"OPERACION"}},{"type":"Feature","geometry":{"type":"LineString","coordinates":[[-75.362755,6.421853],[-75.364212,6.420704]],"crs":null},"properties":{"tension_kv":"220","circuito":"SALTO IV - BELLO","estado":"OPERACION"}},{"type":"Feature","geometry":{"type":"LineString","coordinates":[[-75.364212,6.420704],[-75.366274,6.419189]],"crs":null},"properties":{"tension_kv":"220","circuito":"SALTO IV - BELLO","estado":"OPERACION"}},{"type":"Feature","geometry":{"type":"LineString","coordinates":[[-75.364791,6.424274],[-75.363239,6.425209]],"crs":null},"properties":{"tension_kv":"110","circuito":"RIOGRANDE - BELLO","estado":"OPERACION"}},{"type":"Feature","geometry":{"type":"LineString","coordinates":[[-75.363206,6.425155],[-75.357875,6.429759]],"crs":null},"properties":{"tension_kv":"110","circuito":"RIOGRANDE - GIRARDOTA","estado":"OPERACION"}},{"type":"Feature","geometry":{"type":"LineString","coordinates":[[-75.363239,6.425209],[-75.357921,6.42981]],"crs":null},"properties":{"tension_kv":"110","circuito":"RIOGRANDE - BELLO","estado":"OPERACION"}},{"type":"Feature","geometry":{"type":"LineString","coordinates":[[-75.363522,6.425427],[-75.361297,6.426877]],"crs":null},"properties":{"tension_kv":"110","circuito":"BARBOSA - GIRARDOTA","estado":"OPERACION"}},{"type":"Feature","geometry":{"type":"LineString","coordinates":[[-75.357593,6.429255],[-75.355628,6.430493]],"crs":null},"properties":{"tension_kv":"110","circuito":"SALTO - ZAMORA","estado":"OPERACION"}},{"type":"Feature","geometry":{"type":"LineString","coordinates":[[-75.35756,6.429198],[-75.355595,6.430437]],"crs":null},"properties":{"tension_kv":"110","circuito":"BARBOSA - GIRARDOTA","estado":"OPERACION"}},{"type":"Feature","geometry":{"type":"LineString","coordinates":[[-75.364844,6.424926],[-75.363546,6.425486]],"crs":null},"properties":{"tension_kv":"110","circuito":"SALTO - ZAMORA","estado":"OPERACION"}},{"type":"Feature","geometry":{"type":"LineString","coordinates":[[-75.364821,6.424866],[-75.363522,6.425427]],"crs":null},"properties":{"tension_kv":"110","circuito":"BARBOSA - GIRARDOTA","estado":"OPERACION"}},{"type":"Feature","geometry":{"type":"LineString","coordinates":[[-75.363546,6.425486],[-75.361332,6.426933]],"crs":null},"properties":{"tension_kv":"110","circuito":"SALTO - ZAMORA","estado":"OPERACION"}},{"type":"Feature","geometry":{"type":"LineString","coordinates":[[-75.361332,6.426933],[-75.357593,6.429255]],"crs":null},"properties":{"tension_kv":"110","circuito":"SALTO - ZAMORA","estado":"OPERACION"}},{"type":"Feature","geometry":{"type":"LineString","coordinates":[[-75.361297,6.426877],[-75.35756,6.429198]],"crs":null},"properties":{"tension_kv":"110","circuito":"BARBOSA - GIRARDOTA","estado":"OPERACION"}},{"type":"Feature","geometry":{"type":"LineString","coordinates":[[-75.364757,6.42422],[-75.363206,6.425155]],"crs":null},"properties":{"tension_kv":"110","circuito":"RIOGRANDE - GIRARDOTA","estado":"OPERACION"}},{"type":"Feature","geometry":{"type":"LineString","coordinates":[[-75.377045,6.420985],[-75.374867,6.421236]],"crs":null},"properties":{"tension_kv":"110","circuito":"RIOGRANDE - BELLO","estado":"OPERACION"}},{"type":"Feature","geometry":{"type":"LineString","coordinates":[[-75.374867,6.421236],[-75.371576,6.421667]],"crs":null},"properties":{"tension_kv":"110","circuito":"RIOGRANDE - BELLO","estado":"OPERACION"}},{"type":"Feature","geometry":{"type":"LineString","coordinates":[[-75.371576,6.421667],[-75.368397,6.422071]],"crs":null},"properties":{"tension_kv":"110","circuito":"RIOGRANDE - BELLO","estado":"OPERACION"}},{"type":"Feature","geometry":{"type":"LineString","coordinates":[[-75.368397,6.422071],[-75.364791,6.424274]],"crs":null},"properties":{"tension_kv":"110","circuito":"RIOGRANDE - BELLO","estado":"OPERACION"}},{"type":"Feature","geometry":{"type":"LineString","coordinates":[[-75.369067,6.423111],[-75.364844,6.424926]],"crs":null},"properties":{"tension_kv":"110","circuito":"SALTO - ZAMORA","estado":"OPERACION"}},{"type":"Feature","geometry":{"type":"LineString","coordinates":[[-75.369058,6.423048],[-75.364821,6.424866]],"crs":null},"properties":{"tension_kv":"110","circuito":"BARBOSA - GIRARDOTA","estado":"OPERACION"}},{"type":"Feature","geometry":{"type":"LineString","coordinates":[[-75.375968,6.421964],[-75.369067,6.423111]],"crs":null},"properties":{"tension_kv":"110","circuito":"SALTO - ZAMORA","estado":"OPERACION"}},{"type":"Feature","geometry":{"type":"LineString","coordinates":[[-75.377031,6.420708],[-75.375968,6.421964]],"crs":null},"properties":{"tension_kv":"110","circuito":"SALTO - ZAMORA","estado":"OPERACION"}},{"type":"Feature","geometry":{"type":"LineString","coordinates":[[-75.377026,6.42092],[-75.374859,6.421171]],"crs":null},"properties":{"tension_kv":"110","circuito":"RIOGRANDE - GIRARDOTA","estado":"OPERACION"}},{"type":"Feature","geometry":{"type":"LineString","coordinates":[[-75.374859,6.421171],[-75.371572,6.421602]],"crs":null},"properties":{"tension_kv":"110","circuito":"RIOGRANDE - GIRARDOTA","estado":"OPERACION"}},{"type":"Feature","geometry":{"type":"LineString","coordinates":[[-75.371572,6.421602],[-75.368389,6.422008]],"crs":null},"properties":{"tension_kv":"110","circuito":"RIOGRANDE - GIRARDOTA","estado":"OPERACION"}},{"type":"Feature","geometry":{"type":"LineString","coordinates":[[-75.368389,6.422008],[-75.364757,6.42422]],"crs":null},"properties":{"tension_kv":"110","circuito":"RIOGRANDE - GIRARDOTA","estado":"OPERACION"}},{"type":"Feature","geometry":{"type":"LineString","coordinates":[[-75.37592,6.421921],[-75.369058,6.423048]],"crs":null},"properties":{"tension_kv":"110","circuito":"BARBOSA - GIRARDOTA","estado":"OPERACION"}},{"type":"Feature","geometry":{"type":"LineString","coordinates":[[-75.345019,6.436826],[-75.348324,6.433331]],"crs":null},"properties":{"tension_kv":"220","circuito":"SALTO IV - BELLO","estado":"OPERACION"}},{"type":"Feature","geometry":{"type":"LineString","coordinates":[[-75.348324,6.433331],[-75.351121,6.431102]],"crs":null},"properties":{"tension_kv":"220","circuito":"SALTO IV - BELLO","estado":"OPERACION"}},{"type":"Feature","geometry":{"type":"LineString","coordinates":[[-75.34413,6.437761],[-75.345019,6.436826]],"crs":null},"properties":{"tension_kv":"220","circuito":"SALTO IV - BELLO","estado":"OPERACION"}},{"type":"Feature","geometry":{"type":"LineString","coordinates":[[-75.351127,6.431098],[-75.353363,6.429314]],"crs":null},"properties":{"tension_kv":"220","circuito":"SALTO IV - BELLO","estado":"OPERACION"}},{"type":"Feature","geometry":{"type":"LineString","coordinates":[[-75.347931,6.4379],[-75.344872,6.440831]],"crs":null},"properties":{"tension_kv":"110","circuito":"SALTO - ZAMORA","estado":"OPERACION"}},{"type":"Feature","geometry":{"type":"LineString","coordinates":[[-75.347884,6.437853],[-75.344828,6.440786]],"crs":null},"properties":{"tension_kv":"110","circuito":"BARBOSA - GIRARDOTA","estado":"OPERACION"}},{"type":"Feature","geometry":{"type":"LineString","coordinates":[[-75.351315,6.434558],[-75.347884,6.437853]],"crs":null},"properties":{"tension_kv":"110","circuito":"BARBOSA - GIRARDOTA","estado":"OPERACION"}},{"type":"Feature","geometry":{"type":"LineString","coordinates":[[-75.35136,6.434604],[-75.347931,6.4379]],"crs":null},"properties":{"tension_kv":"110","circuito":"SALTO - ZAMORA","estado":"OPERACION"}},{"type":"Feature","geometry":{"type":"LineString","coordinates":[[-75.357921,6.42981],[-75.356373,6.43114]],"crs":null},"properties":{"tension_kv":"110","circuito":"RIOGRANDE - BELLO","estado":"OPERACION"}},{"type":"Feature","geometry":{"type":"LineString","coordinates":[[-75.356332,6.431088],[-75.355967,6.431695]],"crs":null},"properties":{"tension_kv":"110","circuito":"RIOGRANDE - GIRARDOTA","estado":"OPERACION"}},{"type":"Feature","geometry":{"type":"LineString","coordinates":[[-75.356373,6.43114],[-75.356023,6.431727]],"crs":null},"properties":{"tension_kv":"110","circuito":"RIOGRANDE - BELLO","estado":"OPERACION"}},{"type":"Feature","geometry":{"type":"LineString","coordinates":[[-75.356023,6.431727],[-75.353993,6.435114]],"crs":null},"properties":{"tension_kv":"110","circuito":"RIOGRANDE - BELLO","estado":"OPERACION"}},{"type":"Feature","geometry":{"type":"LineString","coordinates":[[-75.353993,6.435114],[-75.350503,6.44082]],"crs":null},"properties":{"tension_kv":"110","circuito":"RIOGRANDE - BELLO","estado":"OPERACION"}},{"type":"Feature","geometry":{"type":"LineString","coordinates":[[-75.355595,6.430437],[-75.354555,6.431438]],"crs":null},"properties":{"tension_kv":"110","circuito":"BARBOSA - GIRARDOTA","estado":"OPERACION"}},{"type":"Feature","geometry":{"type":"LineString","coordinates":[[-75.355628,6.430493],[-75.354599,6.431484]],"crs":null},"properties":{"tension_kv":"110","circuito":"SALTO - ZAMORA","estado":"OPERACION"}},{"type":"Feature","geometry":{"type":"LineString","coordinates":[[-75.357875,6.429759],[-75.356332,6.431088]],"crs":null},"properties":{"tension_kv":"110","circuito":"RIOGRANDE - GIRARDOTA","estado":"OPERACION"}},{"type":"Feature","geometry":{"type":"LineString","coordinates":[[-75.355967,6.431695],[-75.353935,6.435079]],"crs":null},"properties":{"tension_kv":"110","circuito":"RIOGRANDE - GIRARDOTA","estado":"OPERACION"}},{"type":"Feature","geometry":{"type":"LineString","coordinates":[[-75.353935,6.435079],[-75.35045,6.440784]],"crs":null},"properties":{"tension_kv":"110","circuito":"RIOGRANDE - GIRARDOTA","estado":"OPERACION"}},{"type":"Feature","geometry":{"type":"LineString","coordinates":[[-75.311017,6.44327],[-75.309358,6.442455]],"crs":null},"properties":{"tension_kv":"220","circuito":"MIRAFLORES - BARBOSA","estado":"OPERACION"}},{"type":"Feature","geometry":{"type":"LineString","coordinates":[[-75.310994,6.443329],[-75.313323,6.443425]],"crs":null},"properties":{"tension_kv":"220","circuito":"GUATAPE - BARBOSA","estado":"OPERACION"}},{"type":"Feature","geometry":{"type":"LineString","coordinates":[[-75.31332,6.443367],[-75.311017,6.44327]],"crs":null},"properties":{"tension_kv":"220","circuito":"MIRAFLORES - BARBOSA","estado":"OPERACION"}},{"type":"Feature","geometry":{"type":"LineString","coordinates":[[-75.313324,6.443426],[-75.31591,6.443528]],"crs":null},"properties":{"tension_kv":"220","circuito":"GUATAPE - BARBOSA","estado":"OPERACION"}},{"type":"Feature","geometry":{"type":"LineString","coordinates":[[-75.315913,6.443464],[-75.313318,6.443366]],"crs":null},"properties":{"tension_kv":"220","circuito":"MIRAFLORES - BARBOSA","estado":"OPERACION"}},{"type":"Feature","geometry":{"type":"LineString","coordinates":[[-75.31591,6.443528],[-75.321236,6.443525]],"crs":null},"properties":{"tension_kv":"220","circuito":"GUATAPE - BARBOSA","estado":"OPERACION"}},{"type":"Feature","geometry":{"type":"LineString","coordinates":[[-75.321232,6.443454],[-75.315913,6.443464]],"crs":null},"properties":{"tension_kv":"220","circuito":"MIRAFLORES - BARBOSA","estado":"OPERACION"}},{"type":"Feature","geometry":{"type":"LineString","coordinates":[[-75.321236,6.443525],[-75.32637,6.443473]],"crs":null},"properties":{"tension_kv":"220","circuito":"GUATAPE - BARBOSA","estado":"OPERACION"}},{"type":"Feature","geometry":{"type":"LineString","coordinates":[[-75.322413,6.447405],[-75.325972,6.445929]],"crs":null},"properties":{"tension_kv":"220","circuito":"SALTO IV - BARBOSA","estado":"OPERACION"}},{"type":"Feature","geometry":{"type":"LineString","coordinates":[[-75.326372,6.44341],[-75.321232,6.443454]],"crs":null},"properties":{"tension_kv":"220","circuito":"MIRAFLORES - BARBOSA","estado":"OPERACION"}},{"type":"Feature","geometry":{"type":"LineString","coordinates":[[-75.32637,6.443473],[-75.330156,6.443071]],"crs":null},"properties":{"tension_kv":"220","circuito":"GUATAPE - BARBOSA","estado":"OPERACION"}},{"type":"Feature","geometry":{"type":"LineString","coordinates":[[-75.330166,6.44301],[-75.326372,6.44341]],"crs":null},"properties":{"tension_kv":"220","circuito":"MIRAFLORES - BARBOSA","estado":"OPERACION"}},{"type":"Feature","geometry":{"type":"LineString","coordinates":[[-75.331135,6.443379],[-75.332816,6.446015]],"crs":null},"properties":{"tension_kv":"220","circuito":"BARBOSA - TASAJERA","estado":"OPERACION"}},{"type":"Feature","geometry":{"type":"LineString","coordinates":[[-75.332816,6.446015],[-75.33481,6.448695]],"crs":null},"properties":{"tension_kv":"220","circuito":"BARBOSA - TASAJERA","estado":"OPERACION"}},{"type":"Feature","geometry":{"type":"LineString","coordinates":[[-75.330153,6.443072],[-75.330688,6.443038]],"crs":null},"properties":{"tension_kv":"220","circuito":"GUATAPE - BARBOSA","estado":"OPERACION"}},{"type":"Feature","geometry":{"type":"LineString","coordinates":[[-75.330166,6.44301],[-75.330566,6.442985]],"crs":null},"properties":{"tension_kv":"220","circuito":"MIRAFLORES - BARBOSA","estado":"OPERACION"}},{"type":"Feature","geometry":{"type":"LineString","coordinates":[[-75.331182,6.443236],[-75.331135,6.443379]],"crs":null},"properties":{"tension_kv":"220","circuito":"BARBOSA - TASAJERA","estado":"OPERACION"}},{"type":"Feature","geometry":{"type":"LineString","coordinates":[[-75.331613,6.441853],[-75.331125,6.442305]],"crs":null},"properties":{"tension_kv":"110","circuito":"BARBOSA - GIRARDOTA","estado":"OPERACION"}},{"type":"Feature","geometry":{"type":"LineString","coordinates":[[-75.332937,6.445777],[-75.331613,6.441853]],"crs":null},"properties":{"tension_kv":"110","circuito":"BARBOSA - GIRARDOTA","estado":"OPERACION"}},{"type":"Feature","geometry":{"type":"LineString","coordinates":[[-75.335741,6.447061],[-75.336984,6.445647]],"crs":null},"properties":{"tension_kv":"220","circuito":"SALTO IV - BELLO","estado":"OPERACION"}},{"type":"Feature","geometry":{"type":"LineString","coordinates":[[-75.336984,6.445647],[-75.339202,6.443116]],"crs":null},"properties":{"tension_kv":"220","circuito":"SALTO IV - BELLO","estado":"OPERACION"}},{"type":"Feature","geometry":{"type":"LineString","coordinates":[[-75.330929,6.443173],[-75.330977,6.443082]],"crs":null},"properties":{"tension_kv":"220","circuito":"PORCE II - BARBOSA","estado":"OPERACION"}},{"type":"Feature","geometry":{"type":"LineString","coordinates":[[-75.330929,6.443173],[-75.327369,6.44668]],"crs":null},"properties":{"tension_kv":"220","circuito":"PORCE II - BARBOSA","estado":"OPERACION"}},{"type":"Feature","geometry":{"type":"LineString","coordinates":[[-75.327369,6.44668],[-75.324883,6.449846]],"crs":null},"properties":{"tension_kv":"220","circuito":"PORCE II - BARBOSA","estado":"OPERACION"}},{"type":"Feature","geometry":{"type":"LineString","coordinates":[[-75.330354,6.44324],[-75.330834,6.443095]],"crs":null},"properties":{"tension_kv":"220","circuito":"SALTO IV - BARBOSA","estado":"OPERACION"}},{"type":"Feature","geometry":{"type":"LineString","coordinates":[[-75.330072,6.443373],[-75.330354,6.44324]],"crs":null},"properties":{"tension_kv":"220","circuito":"SALTO IV - BARBOSA","estado":"OPERACION"}},{"type":"Feature","geometry":{"type":"LineString","coordinates":[[-75.325972,6.445929],[-75.330072,6.443373]],"crs":null},"properties":{"tension_kv":"220","circuito":"SALTO IV - BARBOSA","estado":"OPERACION"}},{"type":"Feature","geometry":{"type":"LineString","coordinates":[[-75.342101,6.439929],[-75.34413,6.437761]],"crs":null},"properties":{"tension_kv":"220","circuito":"SALTO IV - BELLO","estado":"OPERACION"}},{"type":"Feature","geometry":{"type":"LineString","coordinates":[[-75.339202,6.443116],[-75.342101,6.439929]],"crs":null},"properties":{"tension_kv":"220","circuito":"SALTO IV - BELLO","estado":"OPERACION"}},{"type":"Feature","geometry":{"type":"LineString","coordinates":[[-75.350503,6.44082],[-75.349926,6.441812]],"crs":null},"properties":{"tension_kv":"110","circuito":"RIOGRANDE - BELLO","estado":"OPERACION"}},{"type":"Feature","geometry":{"type":"LineString","coordinates":[[-75.349926,6.441812],[-75.349389,6.445905]],"crs":null},"properties":{"tension_kv":"110","circuito":"RIOGRANDE - BELLO","estado":"OPERACION"}},{"type":"Feature","geometry":{"type":"LineString","coordinates":[[-75.349389,6.445905],[-75.349045,6.448309]],"crs":null},"properties":{"tension_kv":"110","circuito":"RIOGRANDE - BELLO","estado":"OPERACION"}},{"type":"Feature","geometry":{"type":"LineString","coordinates":[[-75.341355,6.444729],[-75.338102,6.448501],[-75.336833,6.449647]],"crs":null},"properties":{"tension_kv":"110","circuito":"SALTO - ZAMORA","estado":"OPERACION"}},{"type":"Feature","geometry":{"type":"LineString","coordinates":[[-75.341308,6.444683],[-75.33797,6.448533],[-75.336831,6.449583]],"crs":null},"properties":{"tension_kv":"110","circuito":"BARBOSA - GIRARDOTA","estado":"OPERACION"}},{"type":"Feature","geometry":{"type":"LineString","coordinates":[[-75.344872,6.440831],[-75.341355,6.444729]],"crs":null},"properties":{"tension_kv":"110","circuito":"SALTO - ZAMORA","estado":"OPERACION"}},{"type":"Feature","geometry":{"type":"LineString","coordinates":[[-75.344828,6.440786],[-75.341308,6.444683]],"crs":null},"properties":{"tension_kv":"110","circuito":"BARBOSA - GIRARDOTA","estado":"OPERACION"}},{"type":"Feature","geometry":{"type":"LineString","coordinates":[[-75.35045,6.440784],[-75.349869,6.441779]],"crs":null},"properties":{"tension_kv":"110","circuito":"RIOGRANDE - GIRARDOTA","estado":"OPERACION"}},{"type":"Feature","geometry":{"type":"LineString","coordinates":[[-75.349869,6.441779],[-75.349325,6.445892]],"crs":null},"properties":{"tension_kv":"110","circuito":"RIOGRANDE - GIRARDOTA","estado":"OPERACION"}},{"type":"Feature","geometry":{"type":"LineString","coordinates":[[-75.349325,6.445892],[-75.348993,6.44833]],"crs":null},"properties":{"tension_kv":"110","circuito":"RIOGRANDE - GIRARDOTA","estado":"OPERACION"}},{"type":"Feature","geometry":{"type":"LineString","coordinates":[[-75.319176,6.448807],[-75.322413,6.447405]],"crs":null},"properties":{"tension_kv":"220","circuito":"SALTO IV - BARBOSA","estado":"OPERACION"}},{"type":"Feature","geometry":{"type":"LineString","coordinates":[[-75.314832,6.450654],[-75.319176,6.448807]],"crs":null},"properties":{"tension_kv":"220","circuito":"SALTO IV - BARBOSA","estado":"OPERACION"}},{"type":"Feature","geometry":{"type":"LineString","coordinates":[[-75.33481,6.448695],[-75.337096,6.451749]],"crs":null},"properties":{"tension_kv":"220","circuito":"BARBOSA - TASAJERA","estado":"OPERACION"}},{"type":"Feature","geometry":{"type":"LineString","coordinates":[[-75.337096,6.451749],[-75.338936,6.454245]],"crs":null},"properties":{"tension_kv":"220","circuito":"BARBOSA - TASAJERA","estado":"OPERACION"}},{"type":"Feature","geometry":{"type":"LineString","coordinates":[[-75.325254,6.455266],[-75.327814,6.454833]],"crs":null},"properties":{"tension_kv":"220","circuito":"SALTO IV - BELLO","estado":"OPERACION"}},{"type":"Feature","geometry":{"type":"LineString","coordinates":[[-75.327814,6.454833],[-75.329113,6.454613]],"crs":null},"properties":{"tension_kv":"220","circuito":"SALTO IV - BELLO","estado":"OPERACION"}},{"type":"Feature","geometry":{"type":"LineString","coordinates":[[-75.329113,6.454613],[-75.329822,6.453809]],"crs":null},"properties":{"tension_kv":"220","circuito":"SALTO IV - BELLO","estado":"OPERACION"}},{"type":"Feature","geometry":{"type":"LineString","coordinates":[[-75.329822,6.453809],[-75.331067,6.452381]],"crs":null},"properties":{"tension_kv":"220","circuito":"SALTO IV - BELLO","estado":"OPERACION"}},{"type":"Feature","geometry":{"type":"LineString","coordinates":[[-75.331067,6.452381],[-75.332322,6.450953]],"crs":null},"properties":{"tension_kv":"220","circuito":"SALTO IV - BELLO","estado":"OPERACION"}},{"type":"Feature","geometry":{"type":"LineString","coordinates":[[-75.332322,6.450953],[-75.333293,6.449843]],"crs":null},"properties":{"tension_kv":"220","circuito":"SALTO IV - BELLO","estado":"OPERACION"}},{"type":"Feature","geometry":{"type":"LineString","coordinates":[[-75.333293,6.449843],[-75.334485,6.448479]],"crs":null},"properties":{"tension_kv":"220","circuito":"SALTO IV - BELLO","estado":"OPERACION"}},{"type":"Feature","geometry":{"type":"LineString","coordinates":[[-75.334485,6.448479],[-75.335741,6.447061]],"crs":null},"properties":{"tension_kv":"220","circuito":"SALTO IV - BELLO","estado":"OPERACION"}},{"type":"Feature","geometry":{"type":"LineString","coordinates":[[-75.336831,6.449583],[-75.336801,6.449512]],"crs":null},"properties":{"tension_kv":"110","circuito":"BARBOSA - GIRARDOTA","estado":"OPERACION"}},{"type":"Feature","geometry":{"type":"LineString","coordinates":[[-75.336801,6.449512],[-75.332937,6.445777]],"crs":null},"properties":{"tension_kv":"110","circuito":"BARBOSA - GIRARDOTA","estado":"OPERACION"}},{"type":"Feature","geometry":{"type":"LineString","coordinates":[[-75.324971,6.456449],[-75.336833,6.449647]],"crs":null},"properties":{"tension_kv":"110","circuito":"SALTO - ZAMORA","estado":"OPERACION"}},{"type":"Feature","geometry":{"type":"LineString","coordinates":[[-75.324883,6.449846],[-75.324151,6.454149]],"crs":null},"properties":{"tension_kv":"220","circuito":"PORCE II - BARBOSA","estado":"OPERACION"}},{"type":"Feature","geometry":{"type":"LineString","coordinates":[[-75.549884,6.12342],[-75.547411,6.122363]],"crs":null},"properties":{"tension_kv":"220","circuito":"GUATAPE - ENVIGADO","estado":"OPERACION"}},{"type":"Feature","geometry":{"type":"LineString","coordinates":[[-75.537828,6.12068],[-75.532837,6.121421]],"crs":null},"properties":{"tension_kv":"220","circuito":"ORIENTE - ENVIGADO","estado":"OPERACION"}},{"type":"Feature","geometry":{"type":"LineString","coordinates":[[-75.547369,6.122408],[-75.544414,6.12105]],"crs":null},"properties":{"tension_kv":"220","circuito":"ORIENTE - ENVIGADO","estado":"OPERACION"}},{"type":"Feature","geometry":{"type":"LineString","coordinates":[[-75.549846,6.123468],[-75.547369,6.122408]],"crs":null},"properties":{"tension_kv":"220","circuito":"ORIENTE - ENVIGADO","estado":"OPERACION"}},{"type":"Feature","geometry":{"type":"LineString","coordinates":[[-75.552603,6.124802],[-75.549846,6.123468]],"crs":null},"properties":{"tension_kv":"220","circuito":"ORIENTE - ENVIGADO","estado":"OPERACION"}},{"type":"Feature","geometry":{"type":"LineString","coordinates":[[-75.558799,6.127666],[-75.552603,6.124802]],"crs":null},"properties":{"tension_kv":"220","circuito":"ORIENTE - ENVIGADO","estado":"OPERACION"}},{"type":"Feature","geometry":{"type":"LineString","coordinates":[[-75.561383,6.128868],[-75.558798,6.127666]],"crs":null},"properties":{"tension_kv":"220","circuito":"ORIENTE - ENVIGADO","estado":"OPERACION"}},{"type":"Feature","geometry":{"type":"LineString","coordinates":[[-75.558843,6.127622],[-75.552648,6.124757]],"crs":null},"properties":{"tension_kv":"220","circuito":"GUATAPE - ENVIGADO","estado":"OPERACION"}},{"type":"Feature","geometry":{"type":"LineString","coordinates":[[-75.552648,6.124757],[-75.549884,6.12342]],"crs":null},"properties":{"tension_kv":"220","circuito":"GUATAPE - ENVIGADO","estado":"OPERACION"}},{"type":"Feature","geometry":{"type":"LineString","coordinates":[[-75.547411,6.122363],[-75.544444,6.120994]],"crs":null},"properties":{"tension_kv":"220","circuito":"GUATAPE - ENVIGADO","estado":"OPERACION"}},{"type":"Feature","geometry":{"type":"LineString","coordinates":[[-75.561415,6.128819],[-75.558843,6.127622]],"crs":null},"properties":{"tension_kv":"220","circuito":"GUATAPE - ENVIGADO","estado":"OPERACION"}},{"type":"Feature","geometry":{"type":"LineString","coordinates":[[-75.544417,6.121051],[-75.542339,6.120056]],"crs":null},"properties":{"tension_kv":"220","circuito":"ORIENTE - ENVIGADO","estado":"OPERACION"}},{"type":"Feature","geometry":{"type":"LineString","coordinates":[[-75.542339,6.120056],[-75.537828,6.12068]],"crs":null},"properties":{"tension_kv":"220","circuito":"ORIENTE - ENVIGADO","estado":"OPERACION"}},{"type":"Feature","geometry":{"type":"LineString","coordinates":[[-75.537826,6.120634],[-75.532844,6.121379]],"crs":null},"properties":{"tension_kv":"220","circuito":"GUATAPE - ENVIGADO","estado":"OPERACION"}},{"type":"Feature","geometry":{"type":"LineString","coordinates":[[-75.544444,6.120994],[-75.542346,6.119996]],"crs":null},"properties":{"tension_kv":"220","circuito":"GUATAPE - ENVIGADO","estado":"OPERACION"}},{"type":"Feature","geometry":{"type":"LineString","coordinates":[[-75.542346,6.119996],[-75.537826,6.120634]],"crs":null},"properties":{"tension_kv":"220","circuito":"GUATAPE - ENVIGADO","estado":"OPERACION"}},{"type":"Feature","geometry":{"type":"LineString","coordinates":[[-75.503204,6.125802],[-75.495977,6.126905]],"crs":null},"properties":{"tension_kv":"220","circuito":"ORIENTE - ENVIGADO","estado":"OPERACION"}},{"type":"Feature","geometry":{"type":"LineString","coordinates":[[-75.509323,6.12488],[-75.503204,6.125802]],"crs":null},"properties":{"tension_kv":"220","circuito":"ORIENTE - ENVIGADO","estado":"OPERACION"}},{"type":"Feature","geometry":{"type":"LineString","coordinates":[[-75.51817,6.123564],[-75.509323,6.12488]],"crs":null},"properties":{"tension_kv":"220","circuito":"ORIENTE - ENVIGADO","estado":"OPERACION"}},{"type":"Feature","geometry":{"type":"LineString","coordinates":[[-75.522028,6.122979],[-75.51817,6.123564]],"crs":null},"properties":{"tension_kv":"220","circuito":"ORIENTE - ENVIGADO","estado":"OPERACION"}},{"type":"Feature","geometry":{"type":"LineString","coordinates":[[-75.529127,6.121877],[-75.522028,6.122979]],"crs":null},"properties":{"tension_kv":"220","circuito":"ORIENTE - ENVIGADO","estado":"OPERACION"}},{"type":"Feature","geometry":{"type":"LineString","coordinates":[[-75.531289,6.121564],[-75.529125,6.121877]],"crs":null},"properties":{"tension_kv":"220","circuito":"ORIENTE - ENVIGADO","estado":"OPERACION"}},{"type":"Feature","geometry":{"type":"LineString","coordinates":[[-75.532837,6.121421],[-75.53129,6.121564]],"crs":null},"properties":{"tension_kv":"220","circuito":"ORIENTE - ENVIGADO","estado":"OPERACION"}},{"type":"Feature","geometry":{"type":"LineString","coordinates":[[-75.532846,6.121378],[-75.531285,6.121521]],"crs":null},"properties":{"tension_kv":"220","circuito":"GUATAPE - ENVIGADO","estado":"OPERACION"}},{"type":"Feature","geometry":{"type":"LineString","coordinates":[[-75.531292,6.12152],[-75.529115,6.121829]],"crs":null},"properties":{"tension_kv":"220","circuito":"GUATAPE - ENVIGADO","estado":"OPERACION"}},{"type":"Feature","geometry":{"type":"LineString","coordinates":[[-75.529117,6.121828],[-75.522005,6.122926]],"crs":null},"properties":{"tension_kv":"220","circuito":"GUATAPE - ENVIGADO","estado":"OPERACION"}},{"type":"Feature","geometry":{"type":"LineString","coordinates":[[-75.522005,6.122926],[-75.518163,6.123503]],"crs":null},"properties":{"tension_kv":"220","circuito":"GUATAPE - ENVIGADO","estado":"OPERACION"}},{"type":"Feature","geometry":{"type":"LineString","coordinates":[[-75.518163,6.123503],[-75.509305,6.124825]],"crs":null},"properties":{"tension_kv":"220","circuito":"GUATAPE - ENVIGADO","estado":"OPERACION"}},{"type":"Feature","geometry":{"type":"LineString","coordinates":[[-75.509305,6.124825],[-75.503201,6.12576]],"crs":null},"properties":{"tension_kv":"220","circuito":"GUATAPE - ENVIGADO","estado":"OPERACION"}},{"type":"Feature","geometry":{"type":"LineString","coordinates":[[-75.503201,6.12576],[-75.495973,6.126845]],"crs":null},"properties":{"tension_kv":"220","circuito":"GUATAPE - ENVIGADO","estado":"OPERACION"}},{"type":"Feature","geometry":{"type":"LineString","coordinates":[[-75.48839,6.128052],[-75.484068,6.128766]],"crs":null},"properties":{"tension_kv":"220","circuito":"ORIENTE - ENVIGADO","estado":"OPERACION"}},{"type":"Feature","geometry":{"type":"LineString","coordinates":[[-75.493411,6.12724],[-75.48839,6.128052]],"crs":null},"properties":{"tension_kv":"220","circuito":"ORIENTE - ENVIGADO","estado":"OPERACION"}},{"type":"Feature","geometry":{"type":"LineString","coordinates":[[-75.495977,6.126905],[-75.493411,6.12724]],"crs":null},"properties":{"tension_kv":"220","circuito":"ORIENTE - ENVIGADO","estado":"OPERACION"}},{"type":"Feature","geometry":{"type":"LineString","coordinates":[[-75.495973,6.126845],[-75.493404,6.127179]],"crs":null},"properties":{"tension_kv":"220","circuito":"GUATAPE - ENVIGADO","estado":"OPERACION"}},{"type":"Feature","geometry":{"type":"LineString","coordinates":[[-75.493404,6.127179],[-75.488385,6.127992]],"crs":null},"properties":{"tension_kv":"220","circuito":"GUATAPE - ENVIGADO","estado":"OPERACION"}},{"type":"Feature","geometry":{"type":"LineString","coordinates":[[-75.488385,6.127992],[-75.484057,6.128722]],"crs":null},"properties":{"tension_kv":"220","circuito":"GUATAPE - ENVIGADO","estado":"OPERACION"}},{"type":"Feature","geometry":{"type":"LineString","coordinates":[[-75.470313,6.198578],[-75.475946,6.201552]],"crs":null},"properties":{"tension_kv":"110","circuito":"CORDOBA - MIRAFLORES","estado":"OPERACION"}},{"type":"Feature","geometry":{"type":"LineString","coordinates":[[-75.672371,6.220199],[-75.6725,6.217654]],"crs":null},"properties":{"tension_kv":"110","circuito":"BELEN - ANCON SUR","estado":"OPERACION"}},{"type":"Feature","geometry":{"type":"LineString","coordinates":[[-75.672437,6.220201],[-75.672563,6.217652]],"crs":null},"properties":{"tension_kv":"220","circuito":"OCCIDENTE - ANCON SUR","estado":"OPERACION"}},{"type":"Feature","geometry":{"type":"LineString","coordinates":[[-75.67304,6.208991],[-75.673284,6.205025]],"crs":null},"properties":{"tension_kv":"220","circuito":"OCCIDENTE - ANCON SUR","estado":"OPERACION"}},{"type":"Feature","geometry":{"type":"LineString","coordinates":[[-75.672977,6.208988],[-75.673219,6.205019]],"crs":null},"properties":{"tension_kv":"110","circuito":"BELEN - ANCON SUR","estado":"OPERACION"}},{"type":"Feature","geometry":{"type":"LineString","coordinates":[[-75.673284,6.205025],[-75.673568,6.203384]],"crs":null},"properties":{"tension_kv":"220","circuito":"OCCIDENTE - ANCON SUR","estado":"OPERACION"}},{"type":"Feature","geometry":{"type":"LineString","coordinates":[[-75.673219,6.205019],[-75.673505,6.203375]],"crs":null},"properties":{"tension_kv":"110","circuito":"BELEN - ANCON SUR","estado":"OPERACION"}},{"type":"Feature","geometry":{"type":"LineString","coordinates":[[-75.672563,6.217652],[-75.67304,6.208991]],"crs":null},"properties":{"tension_kv":"220","circuito":"OCCIDENTE - ANCON SUR","estado":"OPERACION"}},{"type":"Feature","geometry":{"type":"LineString","coordinates":[[-75.6725,6.217654],[-75.672977,6.208988]],"crs":null},"properties":{"tension_kv":"110","circuito":"BELEN - ANCON SUR","estado":"OPERACION"}},{"type":"Feature","geometry":{"type":"LineString","coordinates":[[-75.673568,6.203384],[-75.674513,6.197922]],"crs":null},"properties":{"tension_kv":"220","circuito":"OCCIDENTE - ANCON SUR","estado":"OPERACION"}},{"type":"Feature","geometry":{"type":"LineString","coordinates":[[-75.673505,6.203375],[-75.674447,6.197922]],"crs":null},"properties":{"tension_kv":"110","circuito":"BELEN - ANCON SUR","estado":"OPERACION"}},{"type":"Feature","geometry":{"type":"LineString","coordinates":[[-75.475946,6.201552],[-75.479576,6.203475]],"crs":null},"properties":{"tension_kv":"110","circuito":"CORDOBA - MIRAFLORES","estado":"OPERACION"}},{"type":"Feature","geometry":{"type":"LineString","coordinates":[[-75.479576,6.203475],[-75.483069,6.205325]],"crs":null},"properties":{"tension_kv":"110","circuito":"CORDOBA - MIRAFLORES","estado":"OPERACION"}},{"type":"Feature","geometry":{"type":"LineString","coordinates":[[-75.483069,6.205325],[-75.485161,6.206435]],"crs":null},"properties":{"tension_kv":"110","circuito":"CORDOBA - MIRAFLORES","estado":"OPERACION"}},{"type":"Feature","geometry":{"type":"LineString","coordinates":[[-75.485161,6.206435],[-75.489088,6.20869]],"crs":null},"properties":{"tension_kv":"110","circuito":"CORDOBA - MIRAFLORES","estado":"OPERACION"}},{"type":"Feature","geometry":{"type":"LineString","coordinates":[[-75.489088,6.20869],[-75.49195,6.211115]],"crs":null},"properties":{"tension_kv":"110","circuito":"CORDOBA - MIRAFLORES","estado":"OPERACION"}},{"type":"Feature","geometry":{"type":"LineString","coordinates":[[-75.491951,6.211117],[-75.493517,6.212553]],"crs":null},"properties":{"tension_kv":"110","circuito":"CORDOBA - MIRAFLORES","estado":"OPERACION"}},{"type":"Feature","geometry":{"type":"LineString","coordinates":[[-75.493517,6.212553],[-75.495766,6.214464]],"crs":null},"properties":{"tension_kv":"110","circuito":"CORDOBA - MIRAFLORES","estado":"OPERACION"}},{"type":"Feature","geometry":{"type":"LineString","coordinates":[[-75.495765,6.214463],[-75.497766,6.215902]],"crs":null},"properties":{"tension_kv":"110","circuito":"CORDOBA - MIRAFLORES","estado":"OPERACION"}},{"type":"Feature","geometry":{"type":"LineString","coordinates":[[-75.497766,6.215902],[-75.499687,6.217236]],"crs":null},"properties":{"tension_kv":"110","circuito":"CORDOBA - MIRAFLORES","estado":"OPERACION"}},{"type":"Feature","geometry":{"type":"LineString","coordinates":[[-75.499687,6.217236],[-75.503483,6.220002]],"crs":null},"properties":{"tension_kv":"110","circuito":"CORDOBA - MIRAFLORES","estado":"OPERACION"}},{"type":"Feature","geometry":{"type":"LineString","coordinates":[[-75.498764,6.220829],[-75.506355,6.221705]],"crs":null},"properties":{"tension_kv":"220","circuito":"MIRAFLORES - BARBOSA","estado":"OPERACION"}},{"type":"Feature","geometry":{"type":"LineString","coordinates":[[-75.498763,6.220773],[-75.506352,6.221645]],"crs":null},"properties":{"tension_kv":"220","circuito":"GUATAPE - MIRAFLORES","estado":"OPERACION"}},{"type":"Feature","geometry":{"type":"LineString","coordinates":[[-75.671273,6.22504],[-75.665169,6.223289]],"crs":null},"properties":{"tension_kv":"110","circuito":"BELEN - ANCON SUR","estado":"OPERACION"}},{"type":"Feature","geometry":{"type":"LineString","coordinates":[[-75.671286,6.224978],[-75.665181,6.223228]],"crs":null},"properties":{"tension_kv":"220","circuito":"OCCIDENTE - ENVIGADO","estado":"OPERACION"}},{"type":"Feature","geometry":{"type":"LineString","coordinates":[[-75.671604,6.23319],[-75.672094,6.225275]],"crs":null},"properties":{"tension_kv":"220","circuito":"OCCIDENTE - ENVIGADO","estado":"OPERACION"}},{"type":"Feature","geometry":{"type":"LineString","coordinates":[[-75.671029,6.241677],[-75.671278,6.239767]],"crs":null},"properties":{"tension_kv":"220","circuito":"OCCIDENTE - ANCON SUR","estado":"OPERACION"}},{"type":"Feature","geometry":{"type":"LineString","coordinates":[[-75.670965,6.241679],[-75.671216,6.239767]],"crs":null},"properties":{"tension_kv":"220","circuito":"OCCIDENTE - ENVIGADO","estado":"OPERACION"}},{"type":"Feature","geometry":{"type":"LineString","coordinates":[[-75.671278,6.239767],[-75.67166,6.236408]],"crs":null},"properties":{"tension_kv":"220","circuito":"OCCIDENTE - ANCON SUR","estado":"OPERACION"}},{"type":"Feature","geometry":{"type":"LineString","coordinates":[[-75.671216,6.239767],[-75.671598,6.236404]],"crs":null},"properties":{"tension_kv":"220","circuito":"OCCIDENTE - ENVIGADO","estado":"OPERACION"}},{"type":"Feature","geometry":{"type":"LineString","coordinates":[[-75.67166,6.236408],[-75.671669,6.23319]],"crs":null},"properties":{"tension_kv":"220","circuito":"OCCIDENTE - ANCON SUR","estado":"OPERACION"}},{"type":"Feature","geometry":{"type":"LineString","coordinates":[[-75.671598,6.236404],[-75.671604,6.23319]],"crs":null},"properties":{"tension_kv":"220","circuito":"OCCIDENTE - ENVIGADO","estado":"OPERACION"}},{"type":"Feature","geometry":{"type":"LineString","coordinates":[[-75.671669,6.23319],[-75.672141,6.225275]],"crs":null},"properties":{"tension_kv":"220","circuito":"OCCIDENTE - ANCON SUR","estado":"OPERACION"}},{"type":"Feature","geometry":{"type":"LineString","coordinates":[[-75.672094,6.225275],[-75.671286,6.224978]],"crs":null},"properties":{"tension_kv":"220","circuito":"OCCIDENTE - ENVIGADO","estado":"OPERACION"}},{"type":"Feature","geometry":{"type":"LineString","coordinates":[[-75.671273,6.22504],[-75.672095,6.22523]],"crs":null},"properties":{"tension_kv":"110","circuito":"BELEN - ANCON SUR","estado":"OPERACION"}},{"type":"Feature","geometry":{"type":"LineString","coordinates":[[-75.672141,6.225275],[-75.672437,6.220201]],"crs":null},"properties":{"tension_kv":"220","circuito":"OCCIDENTE - ANCON SUR","estado":"OPERACION"}},{"type":"Feature","geometry":{"type":"LineString","coordinates":[[-75.672095,6.22523],[-75.672371,6.220199]],"crs":null},"properties":{"tension_kv":"110","circuito":"BELEN - ANCON SUR","estado":"OPERACION"}},{"type":"Feature","geometry":{"type":"LineString","coordinates":[[-75.495392,6.222183],[-75.498764,6.220829]],"crs":null},"properties":{"tension_kv":"220","circuito":"MIRAFLORES - BARBOSA","estado":"OPERACION"}},{"type":"Feature","geometry":{"type":"LineString","coordinates":[[-75.495348,6.222135],[-75.498763,6.220773]],"crs":null},"properties":{"tension_kv":"220","circuito":"GUATAPE - MIRAFLORES","estado":"OPERACION"}},{"type":"Feature","geometry":{"type":"LineString","coordinates":[[-75.490373,6.224005],[-75.495348,6.222135]],"crs":null},"properties":{"tension_kv":"220","circuito":"GUATAPE - MIRAFLORES","estado":"OPERACION"}},{"type":"Feature","geometry":{"type":"LineString","coordinates":[[-75.490421,6.224047],[-75.495392,6.222183]],"crs":null},"properties":{"tension_kv":"220","circuito":"MIRAFLORES - BARBOSA","estado":"OPERACION"}},{"type":"Feature","geometry":{"type":"LineString","coordinates":[[-75.487599,6.225145],[-75.490379,6.224]],"crs":null},"properties":{"tension_kv":"220","circuito":"GUATAPE - MIRAFLORES","estado":"OPERACION"}},{"type":"Feature","geometry":{"type":"LineString","coordinates":[[-75.480505,6.227977],[-75.487636,6.225195],[-75.490421,6.224047]],"crs":null},"properties":{"tension_kv":"220","circuito":"MIRAFLORES - BARBOSA","estado":"OPERACION"}},{"type":"Feature","geometry":{"type":"LineString","coordinates":[[-75.480472,6.227921],[-75.487599,6.225145]],"crs":null},"properties":{"tension_kv":"220","circuito":"GUATAPE - MIRAFLORES","estado":"OPERACION"}},{"type":"Feature","geometry":{"type":"LineString","coordinates":[[-75.471341,6.231582],[-75.476832,6.229412]],"crs":null},"properties":{"tension_kv":"220","circuito":"GUATAPE - MIRAFLORES","estado":"OPERACION"}},{"type":"Feature","geometry":{"type":"LineString","coordinates":[[-75.476832,6.229412],[-75.480472,6.227923]],"crs":null},"properties":{"tension_kv":"220","circuito":"GUATAPE - MIRAFLORES","estado":"OPERACION"}},{"type":"Feature","geometry":{"type":"LineString","coordinates":[[-75.476863,6.229469],[-75.480505,6.227977]],"crs":null},"properties":{"tension_kv":"220","circuito":"MIRAFLORES - BARBOSA","estado":"OPERACION"}},{"type":"Feature","geometry":{"type":"LineString","coordinates":[[-75.471372,6.231632],[-75.476863,6.229469]],"crs":null},"properties":{"tension_kv":"220","circuito":"MIRAFLORES - BARBOSA","estado":"OPERACION"}},{"type":"Feature","geometry":{"type":"LineString","coordinates":[[-75.468024,6.23277],[-75.471372,6.231632]],"crs":null},"properties":{"tension_kv":"220","circuito":"MIRAFLORES - BARBOSA","estado":"OPERACION"}},{"type":"Feature","geometry":{"type":"LineString","coordinates":[[-75.467993,6.232715],[-75.471341,6.231582]],"crs":null},"properties":{"tension_kv":"220","circuito":"GUATAPE - MIRAFLORES","estado":"OPERACION"}},{"type":"Feature","geometry":{"type":"LineString","coordinates":[[-75.465726,6.233571],[-75.46803,6.232767]],"crs":null},"properties":{"tension_kv":"220","circuito":"MIRAFLORES - BARBOSA","estado":"OPERACION"}},{"type":"Feature","geometry":{"type":"LineString","coordinates":[[-75.465695,6.233516],[-75.467993,6.232715]],"crs":null},"properties":{"tension_kv":"220","circuito":"GUATAPE - MIRAFLORES","estado":"OPERACION"}},{"type":"Feature","geometry":{"type":"LineString","coordinates":[[-75.461315,6.235033],[-75.465726,6.233571]],"crs":null},"properties":{"tension_kv":"220","circuito":"MIRAFLORES - BARBOSA","estado":"OPERACION"}},{"type":"Feature","geometry":{"type":"LineString","coordinates":[[-75.46128,6.234981],[-75.465695,6.233516]],"crs":null},"properties":{"tension_kv":"220","circuito":"GUATAPE - MIRAFLORES","estado":"OPERACION"}},{"type":"Feature","geometry":{"type":"LineString","coordinates":[[-75.669982,6.248118],[-75.670548,6.245353]],"crs":null},"properties":{"tension_kv":"220","circuito":"OCCIDENTE - ANCON SUR","estado":"OPERACION"}},{"type":"Feature","geometry":{"type":"LineString","coordinates":[[-75.670548,6.245353],[-75.671029,6.241677]],"crs":null},"properties":{"tension_kv":"220","circuito":"OCCIDENTE - ANCON SUR","estado":"OPERACION"}},{"type":"Feature","geometry":{"type":"LineString","coordinates":[[-75.670483,6.245356],[-75.670965,6.241679]],"crs":null},"properties":{"tension_kv":"220","circuito":"OCCIDENTE - ENVIGADO","estado":"OPERACION"}},{"type":"Feature","geometry":{"type":"LineString","coordinates":[[-75.653812,6.315179],[-75.659074,6.311099]],"crs":null},"properties":{"tension_kv":"220","circuito":"OCCIDENTE - ENVIGADO","estado":"OPERACION"}},{"type":"Feature","geometry":{"type":"LineString","coordinates":[[-75.653853,6.315229],[-75.659121,6.311145]],"crs":null},"properties":{"tension_kv":"220","circuito":"OCCIDENTE - ANCON SUR","estado":"OPERACION"}},{"type":"Feature","geometry":{"type":"LineString","coordinates":[[-75.641285,6.325422],[-75.642557,6.324037]],"crs":null},"properties":{"tension_kv":"220","circuito":"OCCIDENTE - ANCON SUR","estado":"OPERACION"}},{"type":"Feature","geometry":{"type":"LineString","coordinates":[[-75.64124,6.325377],[-75.642512,6.323993]],"crs":null},"properties":{"tension_kv":"220","circuito":"OCCIDENTE - ENVIGADO","estado":"OPERACION"}},{"type":"Feature","geometry":{"type":"LineString","coordinates":[[-75.640343,6.326463],[-75.641285,6.325422]],"crs":null},"properties":{"tension_kv":"220","circuito":"OCCIDENTE - ANCON SUR","estado":"OPERACION"}},{"type":"Feature","geometry":{"type":"LineString","coordinates":[[-75.640297,6.326418],[-75.64124,6.325377]],"crs":null},"properties":{"tension_kv":"220","circuito":"OCCIDENTE - ENVIGADO","estado":"OPERACION"}},{"type":"Feature","geometry":{"type":"LineString","coordinates":[[-75.647841,6.319945],[-75.650289,6.318024]],"crs":null},"properties":{"tension_kv":"220","circuito":"OCCIDENTE - ANCON SUR","estado":"OPERACION"}},{"type":"Feature","geometry":{"type":"LineString","coordinates":[[-75.647801,6.319895],[-75.650244,6.317979]],"crs":null},"properties":{"tension_kv":"220","circuito":"OCCIDENTE - ENVIGADO","estado":"OPERACION"}},{"type":"Feature","geometry":{"type":"LineString","coordinates":[[-75.650244,6.317979],[-75.653812,6.315179]],"crs":null},"properties":{"tension_kv":"220","circuito":"OCCIDENTE - ENVIGADO","estado":"OPERACION"}},{"type":"Feature","geometry":{"type":"LineString","coordinates":[[-75.650289,6.318024],[-75.653853,6.315229]],"crs":null},"properties":{"tension_kv":"220","circuito":"OCCIDENTE - ANCON SUR","estado":"OPERACION"}},{"type":"Feature","geometry":{"type":"LineString","coordinates":[[-75.642512,6.323993],[-75.647801,6.319895]],"crs":null},"properties":{"tension_kv":"220","circuito":"OCCIDENTE - ENVIGADO","estado":"OPERACION"}},{"type":"Feature","geometry":{"type":"LineString","coordinates":[[-75.642557,6.324037],[-75.647841,6.319945]],"crs":null},"properties":{"tension_kv":"220","circuito":"OCCIDENTE - ANCON SUR","estado":"OPERACION"}},{"type":"Feature","geometry":{"type":"LineString","coordinates":[[-75.635099,6.333949],[-75.637215,6.330833],[-75.640343,6.326463]],"crs":null},"properties":{"tension_kv":"220","circuito":"OCCIDENTE - ANCON SUR","estado":"OPERACION"}},{"type":"Feature","geometry":{"type":"LineString","coordinates":[[-75.635047,6.333909],[-75.640297,6.326418]],"crs":null},"properties":{"tension_kv":"220","circuito":"OCCIDENTE - ENVIGADO","estado":"OPERACION"}},{"type":"Feature","geometry":{"type":"LineString","coordinates":[[-75.615329,6.313386],[-75.615203,6.310155]],"crs":null},"properties":{"tension_kv":"110","circuito":"OCCIDENTE - COLOMBIA","estado":"OPERACION"}},{"type":"Feature","geometry":{"type":"LineString","coordinates":[[-75.615396,6.313393],[-75.615268,6.310157]],"crs":null},"properties":{"tension_kv":"110","circuito":"OCCIDENTE - BELEN II","estado":"OPERACION"}},{"type":"Feature","geometry":{"type":"LineString","coordinates":[[-75.612161,6.322379],[-75.613424,6.318743]],"crs":null},"properties":{"tension_kv":"110","circuito":"OCCIDENTE - COLOMBIA","estado":"OPERACION"}},{"type":"Feature","geometry":{"type":"LineString","coordinates":[[-75.612221,6.322399],[-75.613483,6.318765]],"crs":null},"properties":{"tension_kv":"110","circuito":"OCCIDENTE - BELEN II","estado":"OPERACION"}},{"type":"Feature","geometry":{"type":"LineString","coordinates":[[-75.611016,6.325871],[-75.612221,6.322399]],"crs":null},"properties":{"tension_kv":"110","circuito":"OCCIDENTE - BELEN II","estado":"OPERACION"}},{"type":"Feature","geometry":{"type":"LineString","coordinates":[[-75.610955,6.32585],[-75.612161,6.322379]],"crs":null},"properties":{"tension_kv":"110","circuito":"OCCIDENTE - COLOMBIA","estado":"OPERACION"}},{"type":"Feature","geometry":{"type":"LineString","coordinates":[[-75.614768,6.314772],[-75.615329,6.313386]],"crs":null},"properties":{"tension_kv":"110","circuito":"OCCIDENTE - COLOMBIA","estado":"OPERACION"}},{"type":"Feature","geometry":{"type":"LineString","coordinates":[[-75.614831,6.314802],[-75.615396,6.313393]],"crs":null},"properties":{"tension_kv":"110","circuito":"OCCIDENTE - BELEN II","estado":"OPERACION"}},{"type":"Feature","geometry":{"type":"LineString","coordinates":[[-75.613483,6.318765],[-75.614831,6.314802]],"crs":null},"properties":{"tension_kv":"110","circuito":"OCCIDENTE - BELEN II","estado":"OPERACION"}},{"type":"Feature","geometry":{"type":"LineString","coordinates":[[-75.613424,6.318743],[-75.614768,6.314772]],"crs":null},"properties":{"tension_kv":"110","circuito":"OCCIDENTE - COLOMBIA","estado":"OPERACION"}},{"type":"Feature","geometry":{"type":"LineString","coordinates":[[-75.607746,6.333259],[-75.608904,6.330587]],"crs":null},"properties":{"tension_kv":"110","circuito":"OCCIDENTE - COLOMBIA","estado":"OPERACION"}},{"type":"Feature","geometry":{"type":"LineString","coordinates":[[-75.607804,6.33328],[-75.608964,6.330609]],"crs":null},"properties":{"tension_kv":"110","circuito":"OCCIDENTE - BELEN II","estado":"OPERACION"}},{"type":"Feature","geometry":{"type":"LineString","coordinates":[[-75.608904,6.330587],[-75.610955,6.32585]],"crs":null},"properties":{"tension_kv":"110","circuito":"OCCIDENTE - COLOMBIA","estado":"OPERACION"}},{"type":"Feature","geometry":{"type":"LineString","coordinates":[[-75.608964,6.330609],[-75.611016,6.325871]],"crs":null},"properties":{"tension_kv":"110","circuito":"OCCIDENTE - BELEN II","estado":"OPERACION"}},{"type":"Feature","geometry":{"type":"LineString","coordinates":[[-75.606873,6.337602],[-75.607746,6.333259]],"crs":null},"properties":{"tension_kv":"110","circuito":"OCCIDENTE - COLOMBIA","estado":"OPERACION"}},{"type":"Feature","geometry":{"type":"LineString","coordinates":[[-75.606936,6.337616],[-75.607804,6.33328]],"crs":null},"properties":{"tension_kv":"110","circuito":"OCCIDENTE - BELEN II","estado":"OPERACION"}},{"type":"Feature","geometry":{"type":"LineString","coordinates":[[-75.606444,6.351006],[-75.606433,6.348407]],"crs":null},"properties":{"tension_kv":"110","circuito":"OCCIDENTE - BELEN II","estado":"OPERACION"}},{"type":"Feature","geometry":{"type":"LineString","coordinates":[[-75.606433,6.348407],[-75.606435,6.345831]],"crs":null},"properties":{"tension_kv":"110","circuito":"OCCIDENTE - BELEN II","estado":"OPERACION"}},{"type":"Feature","geometry":{"type":"LineString","coordinates":[[-75.60637,6.3484],[-75.606371,6.345831]],"crs":null},"properties":{"tension_kv":"110","circuito":"OCCIDENTE - COLOMBIA","estado":"OPERACION"}},{"type":"Feature","geometry":{"type":"LineString","coordinates":[[-75.606435,6.345831],[-75.606446,6.343083]],"crs":null},"properties":{"tension_kv":"110","circuito":"OCCIDENTE - BELEN II","estado":"OPERACION"}},{"type":"Feature","geometry":{"type":"LineString","coordinates":[[-75.606371,6.345831],[-75.606384,6.343082]],"crs":null},"properties":{"tension_kv":"110","circuito":"OCCIDENTE - COLOMBIA","estado":"OPERACION"}},{"type":"Feature","geometry":{"type":"LineString","coordinates":[[-75.606384,6.343082],[-75.606373,6.340741]],"crs":null},"properties":{"tension_kv":"110","circuito":"OCCIDENTE - COLOMBIA","estado":"OPERACION"}},{"type":"Feature","geometry":{"type":"LineString","coordinates":[[-75.606446,6.343083],[-75.606435,6.34075]],"crs":null},"properties":{"tension_kv":"110","circuito":"OCCIDENTE - BELEN II","estado":"OPERACION"}},{"type":"Feature","geometry":{"type":"LineString","coordinates":[[-75.606373,6.340741],[-75.606873,6.337602]],"crs":null},"properties":{"tension_kv":"110","circuito":"OCCIDENTE - COLOMBIA","estado":"OPERACION"}},{"type":"Feature","geometry":{"type":"LineString","coordinates":[[-75.606435,6.34075],[-75.606936,6.337616]],"crs":null},"properties":{"tension_kv":"110","circuito":"OCCIDENTE - BELEN II","estado":"OPERACION"}},{"type":"Feature","geometry":{"type":"LineString","coordinates":[[-75.606378,6.351002],[-75.60637,6.3484]],"crs":null},"properties":{"tension_kv":"110","circuito":"OCCIDENTE - COLOMBIA","estado":"OPERACION"}},{"type":"Feature","geometry":{"type":"LineString","coordinates":[[-75.606089,6.354816],[-75.609127,6.354421]],"crs":null},"properties":{"tension_kv":"220","circuito":"OCCIDENTE - ANCON SUR","estado":"OPERACION"}},{"type":"Feature","geometry":{"type":"LineString","coordinates":[[-75.604498,6.35466],[-75.604859,6.354569]],"crs":null},"properties":{"tension_kv":"220","circuito":"GUADALUPE IV - OCCIDENTE","estado":"OPERACION"}},{"type":"Feature","geometry":{"type":"LineString","coordinates":[[-75.604455,6.354606],[-75.604775,6.354486]],"crs":null},"properties":{"tension_kv":"220","circuito":"TASAJERA - OCCIDENTE","estado":"OPERACION"}},{"type":"Feature","geometry":{"type":"LineString","coordinates":[[-75.606089,6.354816],[-75.605288,6.354576]],"crs":null},"properties":{"tension_kv":"220","circuito":"OCCIDENTE - ANCON SUR","estado":"OPERACION"}},{"type":"Feature","geometry":{"type":"LineString","coordinates":[[-75.606081,6.354753],[-75.605416,6.354467]],"crs":null},"properties":{"tension_kv":"220","circuito":"OCCIDENTE - ENVIGADO","estado":"OPERACION"}},{"type":"Feature","geometry":{"type":"LineString","coordinates":[[-75.606081,6.354753],[-75.609108,6.354361]],"crs":null},"properties":{"tension_kv":"220","circuito":"OCCIDENTE - ENVIGADO","estado":"OPERACION"}},{"type":"Feature","geometry":{"type":"LineString","coordinates":[[-75.605926,6.354096],[-75.606412,6.353453],[-75.606444,6.351006]],"crs":null},"properties":{"tension_kv":"110","circuito":"OCCIDENTE - BELEN II","estado":"OPERACION"}},{"type":"Feature","geometry":{"type":"LineString","coordinates":[[-75.605857,6.354045],[-75.606344,6.353449],[-75.606378,6.351002]],"crs":null},"properties":{"tension_kv":"110","circuito":"OCCIDENTE - COLOMBIA","estado":"OPERACION"}},{"type":"Feature","geometry":{"type":"LineString","coordinates":[[-75.60566,6.353941],[-75.606221,6.353442]],"crs":null},"properties":{"tension_kv":"110","circuito":"OCCIDENTE - ZAMORA","estado":"OPERACION"}},{"type":"Feature","geometry":{"type":"LineString","coordinates":[[-75.634129,6.335219],[-75.635047,6.333909]],"crs":null},"properties":{"tension_kv":"220","circuito":"OCCIDENTE - ENVIGADO","estado":"OPERACION"}},{"type":"Feature","geometry":{"type":"LineString","coordinates":[[-75.603902,6.347205],[-75.601069,6.344676]],"crs":null},"properties":{"tension_kv":"110","circuito":"OCCIDENTE - ZAMORA","estado":"OPERACION"}},{"type":"Feature","geometry":{"type":"LineString","coordinates":[[-75.606221,6.353442],[-75.606231,6.351045]],"crs":null},"properties":{"tension_kv":"110","circuito":"OCCIDENTE - ZAMORA","estado":"OPERACION"}},{"type":"Feature","geometry":{"type":"LineString","coordinates":[[-75.606231,6.351045],[-75.605187,6.348382]],"crs":null},"properties":{"tension_kv":"110","circuito":"OCCIDENTE - ZAMORA","estado":"OPERACION"}},{"type":"Feature","geometry":{"type":"LineString","coordinates":[[-75.605187,6.348382],[-75.603902,6.347205]],"crs":null},"properties":{"tension_kv":"110","circuito":"OCCIDENTE - ZAMORA","estado":"OPERACION"}},{"type":"Feature","geometry":{"type":"LineString","coordinates":[[-75.618213,6.349228],[-75.621486,6.346524]],"crs":null},"properties":{"tension_kv":"220","circuito":"OCCIDENTE - ANCON SUR","estado":"OPERACION"}},{"type":"Feature","geometry":{"type":"LineString","coordinates":[[-75.618173,6.349179],[-75.621447,6.346475]],"crs":null},"properties":{"tension_kv":"220","circuito":"OCCIDENTE - ENVIGADO","estado":"OPERACION"}},{"type":"Feature","geometry":{"type":"LineString","coordinates":[[-75.621486,6.346524],[-75.624222,6.344272]],"crs":null},"properties":{"tension_kv":"220","circuito":"OCCIDENTE - ANCON SUR","estado":"OPERACION"}},{"type":"Feature","geometry":{"type":"LineString","coordinates":[[-75.621447,6.346475],[-75.624178,6.344225]],"crs":null},"properties":{"tension_kv":"220","circuito":"OCCIDENTE - ENVIGADO","estado":"OPERACION"}},{"type":"Feature","geometry":{"type":"LineString","coordinates":[[-75.624222,6.344272],[-75.626875,6.341325]],"crs":null},"properties":{"tension_kv":"220","circuito":"OCCIDENTE - ANCON SUR","estado":"OPERACION"}},{"type":"Feature","geometry":{"type":"LineString","coordinates":[[-75.624178,6.344225],[-75.626836,6.341276]],"crs":null},"properties":{"tension_kv":"220","circuito":"OCCIDENTE - ENVIGADO","estado":"OPERACION"}},{"type":"Feature","geometry":{"type":"LineString","coordinates":[[-75.626875,6.341325],[-75.629703,6.33897]],"crs":null},"properties":{"tension_kv":"220","circuito":"OCCIDENTE - ANCON SUR","estado":"OPERACION"}},{"type":"Feature","geometry":{"type":"LineString","coordinates":[[-75.626836,6.341276],[-75.629658,6.338925]],"crs":null},"properties":{"tension_kv":"220","circuito":"OCCIDENTE - ENVIGADO","estado":"OPERACION"}},{"type":"Feature","geometry":{"type":"LineString","coordinates":[[-75.629658,6.338925],[-75.634129,6.335219]],"crs":null},"properties":{"tension_kv":"220","circuito":"OCCIDENTE - ENVIGADO","estado":"OPERACION"}},{"type":"Feature","geometry":{"type":"LineString","coordinates":[[-75.609127,6.354421],[-75.615087,6.352424]],"crs":null},"properties":{"tension_kv":"220","circuito":"OCCIDENTE - ANCON SUR","estado":"OPERACION"}},{"type":"Feature","geometry":{"type":"LineString","coordinates":[[-75.609108,6.354361],[-75.615042,6.352379]],"crs":null},"properties":{"tension_kv":"220","circuito":"OCCIDENTE - ENVIGADO","estado":"OPERACION"}},{"type":"Feature","geometry":{"type":"LineString","coordinates":[[-75.615087,6.352424],[-75.618213,6.349228]],"crs":null},"properties":{"tension_kv":"220","circuito":"OCCIDENTE - ANCON SUR","estado":"OPERACION"}},{"type":"Feature","geometry":{"type":"LineString","coordinates":[[-75.615042,6.352379],[-75.618173,6.349179]],"crs":null},"properties":{"tension_kv":"220","circuito":"OCCIDENTE - ENVIGADO","estado":"OPERACION"}},{"type":"Feature","geometry":{"type":"LineString","coordinates":[[-75.634153,6.335269],[-75.635099,6.333949]],"crs":null},"properties":{"tension_kv":"220","circuito":"OCCIDENTE - ANCON SUR","estado":"OPERACION"}},{"type":"Feature","geometry":{"type":"LineString","coordinates":[[-75.629703,6.33897],[-75.634153,6.335269]],"crs":null},"properties":{"tension_kv":"220","circuito":"OCCIDENTE - ANCON SUR","estado":"OPERACION"}},{"type":"Feature","geometry":{"type":"LineString","coordinates":[[-75.580255,6.390004],[-75.584822,6.388336]],"crs":null},"properties":{"tension_kv":"220","circuito":"GUADALUPE IV - OCCIDENTE","estado":"OPERACION"}},{"type":"Feature","geometry":{"type":"LineString","coordinates":[[-75.580236,6.389942],[-75.584799,6.388274]],"crs":null},"properties":{"tension_kv":"220","circuito":"TASAJERA - OCCIDENTE","estado":"OPERACION"}},{"type":"Feature","geometry":{"type":"LineString","coordinates":[[-75.588957,6.386834],[-75.591813,6.383565]],"crs":null},"properties":{"tension_kv":"220","circuito":"GUADALUPE IV - OCCIDENTE","estado":"OPERACION"}},{"type":"Feature","geometry":{"type":"LineString","coordinates":[[-75.588908,6.386792],[-75.591768,6.38352]],"crs":null},"properties":{"tension_kv":"220","circuito":"TASAJERA - OCCIDENTE","estado":"OPERACION"}},{"type":"Feature","geometry":{"type":"LineString","coordinates":[[-75.584799,6.388274],[-75.588908,6.386792]],"crs":null},"properties":{"tension_kv":"220","circuito":"TASAJERA - OCCIDENTE","estado":"OPERACION"}},{"type":"Feature","geometry":{"type":"LineString","coordinates":[[-75.57151,6.393198],[-75.573749,6.392374]],"crs":null},"properties":{"tension_kv":"220","circuito":"GUADALUPE IV - OCCIDENTE","estado":"OPERACION"}},{"type":"Feature","geometry":{"type":"LineString","coordinates":[[-75.591813,6.383565],[-75.597821,6.376609]],"crs":null},"properties":{"tension_kv":"220","circuito":"GUADALUPE IV - OCCIDENTE","estado":"OPERACION"}},{"type":"Feature","geometry":{"type":"LineString","coordinates":[[-75.591768,6.38352],[-75.597775,6.376562]],"crs":null},"properties":{"tension_kv":"220","circuito":"TASAJERA - OCCIDENTE","estado":"OPERACION"}},{"type":"Feature","geometry":{"type":"LineString","coordinates":[[-75.584822,6.388336],[-75.588957,6.386834]],"crs":null},"properties":{"tension_kv":"220","circuito":"GUADALUPE IV - OCCIDENTE","estado":"OPERACION"}},{"type":"Feature","geometry":{"type":"LineString","coordinates":[[-75.573749,6.392374],[-75.580255,6.390004]],"crs":null},"properties":{"tension_kv":"220","circuito":"GUADALUPE IV - OCCIDENTE","estado":"OPERACION"}},{"type":"Feature","geometry":{"type":"LineString","coordinates":[[-75.573734,6.39231],[-75.580236,6.389942]],"crs":null},"properties":{"tension_kv":"220","circuito":"TASAJERA - OCCIDENTE","estado":"OPERACION"}},{"type":"Feature","geometry":{"type":"LineString","coordinates":[[-75.571487,6.393134],[-75.573734,6.39231]],"crs":null},"properties":{"tension_kv":"220","circuito":"TASAJERA - OCCIDENTE","estado":"OPERACION"}},{"type":"Feature","geometry":{"type":"LineString","coordinates":[[-75.540059,6.402387],[-75.543979,6.401148]],"crs":null},"properties":{"tension_kv":"220","circuito":"GUADALUPE IV - OCCIDENTE","estado":"OPERACION"}},{"type":"Feature","geometry":{"type":"LineString","coordinates":[[-75.543974,6.40115],[-75.550329,6.399702]],"crs":null},"properties":{"tension_kv":"220","circuito":"GUADALUPE IV - OCCIDENTE","estado":"OPERACION"}},{"type":"Feature","geometry":{"type":"LineString","coordinates":[[-75.543929,6.401106],[-75.550323,6.399643]],"crs":null},"properties":{"tension_kv":"220","circuito":"TASAJERA - OCCIDENTE","estado":"OPERACION"}},{"type":"Feature","geometry":{"type":"LineString","coordinates":[[-75.554845,6.398677],[-75.559091,6.397705]],"crs":null},"properties":{"tension_kv":"220","circuito":"GUADALUPE IV - OCCIDENTE","estado":"OPERACION"}},{"type":"Feature","geometry":{"type":"LineString","coordinates":[[-75.550329,6.399702],[-75.554845,6.398677]],"crs":null},"properties":{"tension_kv":"220","circuito":"GUADALUPE IV - OCCIDENTE","estado":"OPERACION"}},{"type":"Feature","geometry":{"type":"LineString","coordinates":[[-75.554836,6.398613],[-75.559071,6.397646]],"crs":null},"properties":{"tension_kv":"220","circuito":"TASAJERA - OCCIDENTE","estado":"OPERACION"}},{"type":"Feature","geometry":{"type":"LineString","coordinates":[[-75.550323,6.399643],[-75.554836,6.398613]],"crs":null},"properties":{"tension_kv":"220","circuito":"TASAJERA - OCCIDENTE","estado":"OPERACION"}},{"type":"Feature","geometry":{"type":"LineString","coordinates":[[-75.564576,6.395756],[-75.57151,6.393198]],"crs":null},"properties":{"tension_kv":"220","circuito":"GUADALUPE IV - OCCIDENTE","estado":"OPERACION"}},{"type":"Feature","geometry":{"type":"LineString","coordinates":[[-75.559091,6.397705],[-75.561272,6.396945]],"crs":null},"properties":{"tension_kv":"220","circuito":"GUADALUPE IV - OCCIDENTE","estado":"OPERACION"}},{"type":"Feature","geometry":{"type":"LineString","coordinates":[[-75.559071,6.397646],[-75.561228,6.396902]],"crs":null},"properties":{"tension_kv":"220","circuito":"TASAJERA - OCCIDENTE","estado":"OPERACION"}},{"type":"Feature","geometry":{"type":"LineString","coordinates":[[-75.561272,6.396945],[-75.564576,6.395756]],"crs":null},"properties":{"tension_kv":"220","circuito":"GUADALUPE IV - OCCIDENTE","estado":"OPERACION"}},{"type":"Feature","geometry":{"type":"LineString","coordinates":[[-75.561228,6.396902],[-75.564555,6.395694]],"crs":null},"properties":{"tension_kv":"220","circuito":"TASAJERA - OCCIDENTE","estado":"OPERACION"}},{"type":"Feature","geometry":{"type":"LineString","coordinates":[[-75.540013,6.402341],[-75.543929,6.401106]],"crs":null},"properties":{"tension_kv":"220","circuito":"TASAJERA - OCCIDENTE","estado":"OPERACION"}},{"type":"Feature","geometry":{"type":"LineString","coordinates":[[-75.564555,6.395694],[-75.571487,6.393134]],"crs":null},"properties":{"tension_kv":"220","circuito":"TASAJERA - OCCIDENTE","estado":"OPERACION"}},{"type":"Feature","geometry":{"type":"LineString","coordinates":[[-75.275303,6.382471],[-75.276214,6.385025]],"crs":null},"properties":{"tension_kv":"220","circuito":"GUATAPE - BARBOSA","estado":"OPERACION"}},{"type":"Feature","geometry":{"type":"LineString","coordinates":[[-75.276266,6.384992],[-75.275363,6.382453]],"crs":null},"properties":{"tension_kv":"220","circuito":"MIRAFLORES - BARBOSA","estado":"OPERACION"}},{"type":"Feature","geometry":{"type":"LineString","coordinates":[[-75.276214,6.385025],[-75.27802,6.390033]],"crs":null},"properties":{"tension_kv":"220","circuito":"GUATAPE - BARBOSA","estado":"OPERACION"}},{"type":"Feature","geometry":{"type":"LineString","coordinates":[[-75.278061,6.389985],[-75.276266,6.384992]],"crs":null},"properties":{"tension_kv":"220","circuito":"MIRAFLORES - BARBOSA","estado":"OPERACION"}},{"type":"Feature","geometry":{"type":"LineString","coordinates":[[-75.278018,6.39003],[-75.279905,6.395347]],"crs":null},"properties":{"tension_kv":"220","circuito":"GUATAPE - BARBOSA","estado":"OPERACION"}},{"type":"Feature","geometry":{"type":"LineString","coordinates":[[-75.279963,6.395328],[-75.278061,6.389985]],"crs":null},"properties":{"tension_kv":"220","circuito":"MIRAFLORES - BARBOSA","estado":"OPERACION"}},{"type":"Feature","geometry":{"type":"LineString","coordinates":[[-75.279905,6.395347],[-75.280602,6.397219]],"crs":null},"properties":{"tension_kv":"220","circuito":"GUATAPE - BARBOSA","estado":"OPERACION"}},{"type":"Feature","geometry":{"type":"LineString","coordinates":[[-75.280662,6.397206],[-75.279963,6.395328]],"crs":null},"properties":{"tension_kv":"220","circuito":"MIRAFLORES - BARBOSA","estado":"OPERACION"}},{"type":"Feature","geometry":{"type":"LineString","coordinates":[[-75.280602,6.397219],[-75.282618,6.402835]],"crs":null},"properties":{"tension_kv":"220","circuito":"GUATAPE - BARBOSA","estado":"OPERACION"}},{"type":"Feature","geometry":{"type":"LineString","coordinates":[[-75.537951,6.403188],[-75.540059,6.402387]],"crs":null},"properties":{"tension_kv":"220","circuito":"GUADALUPE IV - OCCIDENTE","estado":"OPERACION"}},{"type":"Feature","geometry":{"type":"LineString","coordinates":[[-75.537907,6.403141],[-75.540013,6.402341]],"crs":null},"properties":{"tension_kv":"220","circuito":"TASAJERA - OCCIDENTE","estado":"OPERACION"}},{"type":"Feature","geometry":{"type":"LineString","coordinates":[[-75.533775,6.404795],[-75.537951,6.403188]],"crs":null},"properties":{"tension_kv":"220","circuito":"GUADALUPE IV - OCCIDENTE","estado":"OPERACION"}},{"type":"Feature","geometry":{"type":"LineString","coordinates":[[-75.533744,6.404737],[-75.537907,6.403141]],"crs":null},"properties":{"tension_kv":"220","circuito":"TASAJERA - OCCIDENTE","estado":"OPERACION"}},{"type":"Feature","geometry":{"type":"LineString","coordinates":[[-75.501476,6.415972],[-75.504684,6.414918]],"crs":null},"properties":{"tension_kv":"220","circuito":"GUADALUPE IV - OCCIDENTE","estado":"OPERACION"}},{"type":"Feature","geometry":{"type":"LineString","coordinates":[[-75.501472,6.415906],[-75.504663,6.414858]],"crs":null},"properties":{"tension_kv":"220","circuito":"TASAJERA - OCCIDENTE","estado":"OPERACION"}},{"type":"Feature","geometry":{"type":"LineString","coordinates":[[-75.504684,6.414918],[-75.507794,6.413893]],"crs":null},"properties":{"tension_kv":"220","circuito":"GUADALUPE IV - OCCIDENTE","estado":"OPERACION"}},{"type":"Feature","geometry":{"type":"LineString","coordinates":[[-75.504663,6.414858],[-75.50777,6.413831]],"crs":null},"properties":{"tension_kv":"220","circuito":"TASAJERA - OCCIDENTE","estado":"OPERACION"}},{"type":"Feature","geometry":{"type":"LineString","coordinates":[[-75.507794,6.413893],[-75.512336,6.412402]],"crs":null},"properties":{"tension_kv":"220","circuito":"GUADALUPE IV - OCCIDENTE","estado":"OPERACION"}},{"type":"Feature","geometry":{"type":"LineString","coordinates":[[-75.50777,6.413831],[-75.51234,6.412339]],"crs":null},"properties":{"tension_kv":"220","circuito":"TASAJERA - OCCIDENTE","estado":"OPERACION"}},{"type":"Feature","geometry":{"type":"LineString","coordinates":[[-75.512336,6.412402],[-75.515282,6.411378]],"crs":null},"properties":{"tension_kv":"220","circuito":"GUADALUPE IV - OCCIDENTE","estado":"OPERACION"}},{"type":"Feature","geometry":{"type":"LineString","coordinates":[[-75.51234,6.412339],[-75.515261,6.411319]],"crs":null},"properties":{"tension_kv":"220","circuito":"TASAJERA - OCCIDENTE","estado":"OPERACION"}},{"type":"Feature","geometry":{"type":"LineString","coordinates":[[-75.515282,6.411378],[-75.520171,6.409682]],"crs":null},"properties":{"tension_kv":"220","circuito":"GUADALUPE IV - OCCIDENTE","estado":"OPERACION"}},{"type":"Feature","geometry":{"type":"LineString","coordinates":[[-75.515261,6.411319],[-75.520152,6.409623]],"crs":null},"properties":{"tension_kv":"220","circuito":"TASAJERA - OCCIDENTE","estado":"OPERACION"}},{"type":"Feature","geometry":{"type":"LineString","coordinates":[[-75.520171,6.409682],[-75.522583,6.408846]],"crs":null},"properties":{"tension_kv":"220","circuito":"GUADALUPE IV - OCCIDENTE","estado":"OPERACION"}},{"type":"Feature","geometry":{"type":"LineString","coordinates":[[-75.520152,6.409623],[-75.522563,6.408784]],"crs":null},"properties":{"tension_kv":"220","circuito":"TASAJERA - OCCIDENTE","estado":"OPERACION"}},{"type":"Feature","geometry":{"type":"LineString","coordinates":[[-75.522583,6.408846],[-75.524144,6.408295]],"crs":null},"properties":{"tension_kv":"220","circuito":"GUADALUPE IV - OCCIDENTE","estado":"OPERACION"}},{"type":"Feature","geometry":{"type":"LineString","coordinates":[[-75.522563,6.408784],[-75.524123,6.408235]],"crs":null},"properties":{"tension_kv":"220","circuito":"TASAJERA - OCCIDENTE","estado":"OPERACION"}},{"type":"Feature","geometry":{"type":"LineString","coordinates":[[-75.530046,6.406254],[-75.533775,6.404795]],"crs":null},"properties":{"tension_kv":"220","circuito":"GUADALUPE IV - OCCIDENTE","estado":"OPERACION"}},{"type":"Feature","geometry":{"type":"LineString","coordinates":[[-75.524123,6.408235],[-75.530016,6.406196]],"crs":null},"properties":{"tension_kv":"220","circuito":"TASAJERA - OCCIDENTE","estado":"OPERACION"}},{"type":"Feature","geometry":{"type":"LineString","coordinates":[[-75.530016,6.406196],[-75.533744,6.404737]],"crs":null},"properties":{"tension_kv":"220","circuito":"TASAJERA - OCCIDENTE","estado":"OPERACION"}},{"type":"Feature","geometry":{"type":"LineString","coordinates":[[-75.524144,6.408295],[-75.530046,6.406254]],"crs":null},"properties":{"tension_kv":"220","circuito":"GUADALUPE IV - OCCIDENTE","estado":"OPERACION"}},{"type":"Feature","geometry":{"type":"LineString","coordinates":[[-75.49702,6.417438],[-75.501476,6.415972]],"crs":null},"properties":{"tension_kv":"220","circuito":"GUADALUPE IV - OCCIDENTE","estado":"OPERACION"}},{"type":"Feature","geometry":{"type":"LineString","coordinates":[[-75.497015,6.417373],[-75.501472,6.415906]],"crs":null},"properties":{"tension_kv":"220","circuito":"TASAJERA - OCCIDENTE","estado":"OPERACION"}},{"type":"Feature","geometry":{"type":"LineString","coordinates":[[-75.474684,6.424524],[-75.479054,6.423191]],"crs":null},"properties":{"tension_kv":"220","circuito":"TASAJERA - OCCIDENTE","estado":"OPERACION"}},{"type":"Feature","geometry":{"type":"LineString","coordinates":[[-75.474676,6.424595],[-75.479057,6.423258]],"crs":null},"properties":{"tension_kv":"220","circuito":"GUADALUPE IV - OCCIDENTE","estado":"OPERACION"}},{"type":"Feature","geometry":{"type":"LineString","coordinates":[[-75.479057,6.423258],[-75.481358,6.422542]],"crs":null},"properties":{"tension_kv":"220","circuito":"GUADALUPE IV - OCCIDENTE","estado":"OPERACION"}},{"type":"Feature","geometry":{"type":"LineString","coordinates":[[-75.479054,6.423191],[-75.481358,6.422478]],"crs":null},"properties":{"tension_kv":"220","circuito":"TASAJERA - OCCIDENTE","estado":"OPERACION"}},{"type":"Feature","geometry":{"type":"LineString","coordinates":[[-75.493343,6.418647],[-75.49702,6.417438]],"crs":null},"properties":{"tension_kv":"220","circuito":"GUADALUPE IV - OCCIDENTE","estado":"OPERACION"}},{"type":"Feature","geometry":{"type":"LineString","coordinates":[[-75.493331,6.418582],[-75.497015,6.417373]],"crs":null},"properties":{"tension_kv":"220","circuito":"TASAJERA - OCCIDENTE","estado":"OPERACION"}},{"type":"Feature","geometry":{"type":"LineString","coordinates":[[-75.481358,6.422542],[-75.487485,6.420534]],"crs":null},"properties":{"tension_kv":"220","circuito":"GUADALUPE IV - OCCIDENTE","estado":"OPERACION"}},{"type":"Feature","geometry":{"type":"LineString","coordinates":[[-75.487485,6.420534],[-75.493343,6.418647]],"crs":null},"properties":{"tension_kv":"220","circuito":"GUADALUPE IV - OCCIDENTE","estado":"OPERACION"}},{"type":"Feature","geometry":{"type":"LineString","coordinates":[[-75.481358,6.422478],[-75.48748,6.420473]],"crs":null},"properties":{"tension_kv":"220","circuito":"TASAJERA - OCCIDENTE","estado":"OPERACION"}},{"type":"Feature","geometry":{"type":"LineString","coordinates":[[-75.48748,6.420473],[-75.493331,6.418582]],"crs":null},"properties":{"tension_kv":"220","circuito":"TASAJERA - OCCIDENTE","estado":"OPERACION"}},{"type":"Feature","geometry":{"type":"LineString","coordinates":[[-75.282671,6.402806],[-75.280662,6.397206]],"crs":null},"properties":{"tension_kv":"220","circuito":"MIRAFLORES - BARBOSA","estado":"OPERACION"}},{"type":"Feature","geometry":{"type":"LineString","coordinates":[[-75.282618,6.402835],[-75.283993,6.405058]],"crs":null},"properties":{"tension_kv":"220","circuito":"GUATAPE - BARBOSA","estado":"OPERACION"}},{"type":"Feature","geometry":{"type":"LineString","coordinates":[[-75.284036,6.405015],[-75.282669,6.402806]],"crs":null},"properties":{"tension_kv":"220","circuito":"MIRAFLORES - BARBOSA","estado":"OPERACION"}},{"type":"Feature","geometry":{"type":"LineString","coordinates":[[-75.283993,6.405058],[-75.286391,6.408847]],"crs":null},"properties":{"tension_kv":"220","circuito":"GUATAPE - BARBOSA","estado":"OPERACION"}},{"type":"Feature","geometry":{"type":"LineString","coordinates":[[-75.286434,6.408805],[-75.284036,6.405015]],"crs":null},"properties":{"tension_kv":"220","circuito":"MIRAFLORES - BARBOSA","estado":"OPERACION"}},{"type":"Feature","geometry":{"type":"LineString","coordinates":[[-75.286391,6.408847],[-75.287792,6.411113]],"crs":null},"properties":{"tension_kv":"220","circuito":"GUATAPE - BARBOSA","estado":"OPERACION"}},{"type":"Feature","geometry":{"type":"LineString","coordinates":[[-75.287833,6.411065],[-75.286434,6.408805]],"crs":null},"properties":{"tension_kv":"220","circuito":"MIRAFLORES - BARBOSA","estado":"OPERACION"}},{"type":"Feature","geometry":{"type":"LineString","coordinates":[[-75.287792,6.411113],[-75.288625,6.412451]],"crs":null},"properties":{"tension_kv":"220","circuito":"GUATAPE - BARBOSA","estado":"OPERACION"}},{"type":"Feature","geometry":{"type":"LineString","coordinates":[[-75.288666,6.412403],[-75.287833,6.411065]],"crs":null},"properties":{"tension_kv":"220","circuito":"MIRAFLORES - BARBOSA","estado":"OPERACION"}},{"type":"Feature","geometry":{"type":"LineString","coordinates":[[-75.288625,6.412451],[-75.290624,6.415651]],"crs":null},"properties":{"tension_kv":"220","circuito":"GUATAPE - BARBOSA","estado":"OPERACION"}},{"type":"Feature","geometry":{"type":"LineString","coordinates":[[-75.290668,6.415605],[-75.288666,6.412403]],"crs":null},"properties":{"tension_kv":"220","circuito":"MIRAFLORES - BARBOSA","estado":"OPERACION"}},{"type":"Feature","geometry":{"type":"LineString","coordinates":[[-75.290624,6.415651],[-75.292466,6.418089]],"crs":null},"properties":{"tension_kv":"220","circuito":"GUATAPE - BARBOSA","estado":"OPERACION"}},{"type":"Feature","geometry":{"type":"LineString","coordinates":[[-75.292507,6.418043],[-75.290668,6.415605]],"crs":null},"properties":{"tension_kv":"220","circuito":"MIRAFLORES - BARBOSA","estado":"OPERACION"}},{"type":"Feature","geometry":{"type":"LineString","coordinates":[[-75.292466,6.418089],[-75.296179,6.424485]],"crs":null},"properties":{"tension_kv":"220","circuito":"GUATAPE - BARBOSA","estado":"OPERACION"}},{"type":"Feature","geometry":{"type":"LineString","coordinates":[[-75.296222,6.424437],[-75.292505,6.418041]],"crs":null},"properties":{"tension_kv":"220","circuito":"MIRAFLORES - BARBOSA","estado":"OPERACION"}},{"type":"Feature","geometry":{"type":"LineString","coordinates":[[-75.296179,6.424485],[-75.297264,6.426232]],"crs":null},"properties":{"tension_kv":"220","circuito":"GUATAPE - BARBOSA","estado":"OPERACION"}},{"type":"Feature","geometry":{"type":"LineString","coordinates":[[-75.467178,6.426881],[-75.468336,6.426522]],"crs":null},"properties":{"tension_kv":"220","circuito":"GUADALUPE IV - OCCIDENTE","estado":"OPERACION"}},{"type":"Feature","geometry":{"type":"LineString","coordinates":[[-75.467168,6.426814],[-75.46832,6.426459]],"crs":null},"properties":{"tension_kv":"220","circuito":"TASAJERA - OCCIDENTE","estado":"OPERACION"}},{"type":"Feature","geometry":{"type":"LineString","coordinates":[[-75.46832,6.426459],[-75.474684,6.424524]],"crs":null},"properties":{"tension_kv":"220","circuito":"TASAJERA - OCCIDENTE","estado":"OPERACION"}},{"type":"Feature","geometry":{"type":"LineString","coordinates":[[-75.468336,6.426522],[-75.474676,6.424595]],"crs":null},"properties":{"tension_kv":"220","circuito":"GUADALUPE IV - OCCIDENTE","estado":"OPERACION"}},{"type":"Feature","geometry":{"type":"LineString","coordinates":[[-75.446036,6.433288],[-75.44989,6.432119]],"crs":null},"properties":{"tension_kv":"220","circuito":"GUADALUPE IV - OCCIDENTE","estado":"OPERACION"}},{"type":"Feature","geometry":{"type":"LineString","coordinates":[[-75.44989,6.432119],[-75.451122,6.431743]],"crs":null},"properties":{"tension_kv":"220","circuito":"GUADALUPE IV - OCCIDENTE","estado":"OPERACION"}},{"type":"Feature","geometry":{"type":"LineString","coordinates":[[-75.459565,6.429183],[-75.467178,6.426881]],"crs":null},"properties":{"tension_kv":"220","circuito":"GUADALUPE IV - OCCIDENTE","estado":"OPERACION"}},{"type":"Feature","geometry":{"type":"LineString","coordinates":[[-75.459565,6.42912],[-75.467168,6.426814]],"crs":null},"properties":{"tension_kv":"220","circuito":"TASAJERA - OCCIDENTE","estado":"OPERACION"}},{"type":"Feature","geometry":{"type":"LineString","coordinates":[[-75.457395,6.429864],[-75.459565,6.429183]],"crs":null},"properties":{"tension_kv":"220","circuito":"GUADALUPE IV - OCCIDENTE","estado":"OPERACION"}},{"type":"Feature","geometry":{"type":"LineString","coordinates":[[-75.457397,6.4298],[-75.459565,6.42912]],"crs":null},"properties":{"tension_kv":"220","circuito":"TASAJERA - OCCIDENTE","estado":"OPERACION"}},{"type":"Feature","geometry":{"type":"LineString","coordinates":[[-75.439969,6.435145],[-75.442697,6.434295]],"crs":null},"properties":{"tension_kv":"220","circuito":"GUADALUPE IV - OCCIDENTE","estado":"OPERACION"}},{"type":"Feature","geometry":{"type":"LineString","coordinates":[[-75.435287,6.436602],[-75.439969,6.435145]],"crs":null},"properties":{"tension_kv":"220","circuito":"GUADALUPE IV - OCCIDENTE","estado":"OPERACION"}},{"type":"Feature","geometry":{"type":"LineString","coordinates":[[-75.449745,6.427341],[-75.451954,6.428051]],"crs":null},"properties":{"tension_kv":"220","circuito":"TASAJERA - OCCIDENTE","estado":"OPERACION"}},{"type":"Feature","geometry":{"type":"LineString","coordinates":[[-75.451122,6.431743],[-75.45463,6.430674]],"crs":null},"properties":{"tension_kv":"220","circuito":"GUADALUPE IV - OCCIDENTE","estado":"OPERACION"}},{"type":"Feature","geometry":{"type":"LineString","coordinates":[[-75.442697,6.434295],[-75.446036,6.433288]],"crs":null},"properties":{"tension_kv":"220","circuito":"GUADALUPE IV - OCCIDENTE","estado":"OPERACION"}},{"type":"Feature","geometry":{"type":"LineString","coordinates":[[-75.445206,6.42587],[-75.449745,6.427341]],"crs":null},"properties":{"tension_kv":"220","circuito":"TASAJERA - OCCIDENTE","estado":"OPERACION"}},{"type":"Feature","geometry":{"type":"LineString","coordinates":[[-75.45463,6.430674],[-75.456722,6.430013],[-75.457395,6.429864]],"crs":null},"properties":{"tension_kv":"220","circuito":"GUADALUPE IV - OCCIDENTE","estado":"OPERACION"}},{"type":"Feature","geometry":{"type":"LineString","coordinates":[[-75.451954,6.428051],[-75.456613,6.429575],[-75.457397,6.4298]],"crs":null},"properties":{"tension_kv":"220","circuito":"TASAJERA - OCCIDENTE","estado":"OPERACION"}},{"type":"Feature","geometry":{"type":"LineString","coordinates":[[-75.406782,6.447395],[-75.410443,6.445302]],"crs":null},"properties":{"tension_kv":"220","circuito":"BARBOSA - TASAJERA","estado":"OPERACION"}},{"type":"Feature","geometry":{"type":"LineString","coordinates":[[-75.410443,6.445302],[-75.412004,6.44441]],"crs":null},"properties":{"tension_kv":"220","circuito":"BARBOSA - TASAJERA","estado":"OPERACION"}},{"type":"Feature","geometry":{"type":"LineString","coordinates":[[-75.410489,6.445347],[-75.41205,6.444457]],"crs":null},"properties":{"tension_kv":"220","circuito":"GUADALUPE IV - OCCIDENTE","estado":"OPERACION"}},{"type":"Feature","geometry":{"type":"LineString","coordinates":[[-75.412004,6.44441],[-75.414382,6.443049]],"crs":null},"properties":{"tension_kv":"220","circuito":"BARBOSA - TASAJERA","estado":"OPERACION"}},{"type":"Feature","geometry":{"type":"LineString","coordinates":[[-75.41205,6.444457],[-75.414381,6.443113]],"crs":null},"properties":{"tension_kv":"220","circuito":"GUADALUPE IV - OCCIDENTE","estado":"OPERACION"}},{"type":"Feature","geometry":{"type":"LineString","coordinates":[[-75.414382,6.443049],[-75.417167,6.442205]],"crs":null},"properties":{"tension_kv":"220","circuito":"BARBOSA - TASAJERA","estado":"OPERACION"}},{"type":"Feature","geometry":{"type":"LineString","coordinates":[[-75.420656,6.441185],[-75.425934,6.439535]],"crs":null},"properties":{"tension_kv":"220","circuito":"GUADALUPE IV - OCCIDENTE","estado":"OPERACION"}},{"type":"Feature","geometry":{"type":"LineString","coordinates":[[-75.420656,6.441122],[-75.425928,6.439468]],"crs":null},"properties":{"tension_kv":"220","circuito":"BARBOSA - TASAJERA","estado":"OPERACION"}},{"type":"Feature","geometry":{"type":"LineString","coordinates":[[-75.406828,6.447442],[-75.410489,6.445347]],"crs":null},"properties":{"tension_kv":"220","circuito":"GUADALUPE IV - OCCIDENTE","estado":"OPERACION"}},{"type":"Feature","geometry":{"type":"LineString","coordinates":[[-75.417171,6.442268],[-75.420656,6.441185]],"crs":null},"properties":{"tension_kv":"220","circuito":"GUADALUPE IV - OCCIDENTE","estado":"OPERACION"}},{"type":"Feature","geometry":{"type":"LineString","coordinates":[[-75.417167,6.442205],[-75.420656,6.441122]],"crs":null},"properties":{"tension_kv":"220","circuito":"BARBOSA - TASAJERA","estado":"OPERACION"}},{"type":"Feature","geometry":{"type":"LineString","coordinates":[[-75.414381,6.443113],[-75.417171,6.442268]],"crs":null},"properties":{"tension_kv":"220","circuito":"GUADALUPE IV - OCCIDENTE","estado":"OPERACION"}},{"type":"Feature","geometry":{"type":"LineString","coordinates":[[-75.432481,6.437456],[-75.435287,6.436602]],"crs":null},"properties":{"tension_kv":"220","circuito":"GUADALUPE IV - OCCIDENTE","estado":"OPERACION"}},{"type":"Feature","geometry":{"type":"LineString","coordinates":[[-75.425928,6.439468],[-75.429896,6.438179]],"crs":null},"properties":{"tension_kv":"220","circuito":"BARBOSA - TASAJERA","estado":"OPERACION"}},{"type":"Feature","geometry":{"type":"LineString","coordinates":[[-75.430792,6.431556],[-75.431136,6.428609]],"crs":null},"properties":{"tension_kv":"220","circuito":"BARBOSA - TASAJERA","estado":"OPERACION"}},{"type":"Feature","geometry":{"type":"LineString","coordinates":[[-75.430333,6.434708],[-75.430499,6.434072],[-75.430792,6.431556]],"crs":null},"properties":{"tension_kv":"220","circuito":"BARBOSA - TASAJERA","estado":"OPERACION"}},{"type":"Feature","geometry":{"type":"LineString","coordinates":[[-75.431136,6.428609],[-75.431741,6.423726]],"crs":null},"properties":{"tension_kv":"220","circuito":"BARBOSA - TASAJERA","estado":"OPERACION"}},{"type":"Feature","geometry":{"type":"LineString","coordinates":[[-75.429896,6.438179],[-75.430333,6.434708]],"crs":null},"properties":{"tension_kv":"220","circuito":"BARBOSA - TASAJERA","estado":"OPERACION"}},{"type":"Feature","geometry":{"type":"LineString","coordinates":[[-75.429892,6.438243],[-75.430595,6.438007],[-75.432481,6.437456]],"crs":null},"properties":{"tension_kv":"220","circuito":"GUADALUPE IV - OCCIDENTE","estado":"OPERACION"}},{"type":"Feature","geometry":{"type":"LineString","coordinates":[[-75.425934,6.439535],[-75.429892,6.438243]],"crs":null},"properties":{"tension_kv":"220","circuito":"GUADALUPE IV - OCCIDENTE","estado":"OPERACION"}},{"type":"Feature","geometry":{"type":"LineString","coordinates":[[-75.389958,6.449924],[-75.399424,6.449622]],"crs":null},"properties":{"tension_kv":"220","circuito":"GUADALUPE IV - OCCIDENTE","estado":"OPERACION"}},{"type":"Feature","geometry":{"type":"LineString","coordinates":[[-75.389949,6.44986],[-75.399424,6.449559]],"crs":null},"properties":{"tension_kv":"220","circuito":"BARBOSA - TASAJERA","estado":"OPERACION"}},{"type":"Feature","geometry":{"type":"LineString","coordinates":[[-75.387493,6.450138],[-75.389958,6.449924]],"crs":null},"properties":{"tension_kv":"220","circuito":"GUADALUPE IV - OCCIDENTE","estado":"OPERACION"}},{"type":"Feature","geometry":{"type":"LineString","coordinates":[[-75.387491,6.450074],[-75.389949,6.44986]],"crs":null},"properties":{"tension_kv":"220","circuito":"BARBOSA - TASAJERA","estado":"OPERACION"}},{"type":"Feature","geometry":{"type":"LineString","coordinates":[[-75.370348,6.451619],[-75.372981,6.451386]],"crs":null},"properties":{"tension_kv":"220","circuito":"GUADALUPE IV - OCCIDENTE","estado":"OPERACION"}},{"type":"Feature","geometry":{"type":"LineString","coordinates":[[-75.370337,6.451549],[-75.372988,6.451324]],"crs":null},"properties":{"tension_kv":"220","circuito":"BARBOSA - TASAJERA","estado":"OPERACION"}},{"type":"Feature","geometry":{"type":"LineString","coordinates":[[-75.366492,6.451893],[-75.370337,6.451549]],"crs":null},"properties":{"tension_kv":"220","circuito":"BARBOSA - TASAJERA","estado":"OPERACION"}},{"type":"Feature","geometry":{"type":"LineString","coordinates":[[-75.366494,6.451952],[-75.370348,6.451619]],"crs":null},"properties":{"tension_kv":"220","circuito":"GUADALUPE IV - OCCIDENTE","estado":"OPERACION"}},{"type":"Feature","geometry":{"type":"LineString","coordinates":[[-75.385851,6.450208],[-75.387491,6.450074]],"crs":null},"properties":{"tension_kv":"220","circuito":"BARBOSA - TASAJERA","estado":"OPERACION"}},{"type":"Feature","geometry":{"type":"LineString","coordinates":[[-75.385856,6.450272],[-75.387493,6.450138]],"crs":null},"properties":{"tension_kv":"220","circuito":"GUADALUPE IV - OCCIDENTE","estado":"OPERACION"}},{"type":"Feature","geometry":{"type":"LineString","coordinates":[[-75.382446,6.450586],[-75.385856,6.450272]],"crs":null},"properties":{"tension_kv":"220","circuito":"GUADALUPE IV - OCCIDENTE","estado":"OPERACION"}},{"type":"Feature","geometry":{"type":"LineString","coordinates":[[-75.382436,6.45052],[-75.385851,6.450208]],"crs":null},"properties":{"tension_kv":"220","circuito":"BARBOSA - TASAJERA","estado":"OPERACION"}},{"type":"Feature","geometry":{"type":"LineString","coordinates":[[-75.378574,6.450831],[-75.382436,6.45052]],"crs":null},"properties":{"tension_kv":"220","circuito":"BARBOSA - TASAJERA","estado":"OPERACION"}},{"type":"Feature","geometry":{"type":"LineString","coordinates":[[-75.372988,6.451324],[-75.378574,6.450831]],"crs":null},"properties":{"tension_kv":"220","circuito":"BARBOSA - TASAJERA","estado":"OPERACION"}},{"type":"Feature","geometry":{"type":"LineString","coordinates":[[-75.378579,6.450897],[-75.382446,6.450586]],"crs":null},"properties":{"tension_kv":"220","circuito":"GUADALUPE IV - OCCIDENTE","estado":"OPERACION"}},{"type":"Feature","geometry":{"type":"LineString","coordinates":[[-75.372981,6.451386],[-75.378579,6.450897]],"crs":null},"properties":{"tension_kv":"220","circuito":"GUADALUPE IV - OCCIDENTE","estado":"OPERACION"}},{"type":"Feature","geometry":{"type":"LineString","coordinates":[[-75.296579,6.457775],[-75.302753,6.456276]],"crs":null},"properties":{"tension_kv":"220","circuito":"SALTO IV - BARBOSA","estado":"OPERACION"}},{"type":"Feature","geometry":{"type":"LineString","coordinates":[[-75.293445,6.460387],[-75.296579,6.457775]],"crs":null},"properties":{"tension_kv":"220","circuito":"SALTO IV - BARBOSA","estado":"OPERACION"}},{"type":"Feature","geometry":{"type":"LineString","coordinates":[[-75.29187,6.461683],[-75.293445,6.460387]],"crs":null},"properties":{"tension_kv":"220","circuito":"SALTO IV - BARBOSA","estado":"OPERACION"}},{"type":"Feature","geometry":{"type":"LineString","coordinates":[[-75.288578,6.464625],[-75.29187,6.461683]],"crs":null},"properties":{"tension_kv":"220","circuito":"SALTO IV - BARBOSA","estado":"OPERACION"}},{"type":"Feature","geometry":{"type":"LineString","coordinates":[[-75.284696,6.468715],[-75.288578,6.464625]],"crs":null},"properties":{"tension_kv":"220","circuito":"SALTO IV - BARBOSA","estado":"OPERACION"}},{"type":"Feature","geometry":{"type":"LineString","coordinates":[[-75.296787,6.465311],[-75.300786,6.464049]],"crs":null},"properties":{"tension_kv":"110","circuito":"SALTO - ZAMORA","estado":"OPERACION"}},{"type":"Feature","geometry":{"type":"LineString","coordinates":[[-75.294119,6.468947],[-75.296787,6.465311]],"crs":null},"properties":{"tension_kv":"110","circuito":"SALTO - ZAMORA","estado":"OPERACION"}},{"type":"Feature","geometry":{"type":"LineString","coordinates":[[-75.366557,6.485302],[-75.366458,6.483898]],"crs":null},"properties":{"tension_kv":"110","circuito":"RIOGRANDE - GIRARDOTA","estado":"OPERACION"}},{"type":"Feature","geometry":{"type":"LineString","coordinates":[[-75.366621,6.485295],[-75.366519,6.483875]],"crs":null},"properties":{"tension_kv":"110","circuito":"RIOGRANDE - BELLO","estado":"OPERACION"}},{"type":"Feature","geometry":{"type":"LineString","coordinates":[[-75.366657,6.487095],[-75.366557,6.485302]],"crs":null},"properties":{"tension_kv":"110","circuito":"RIOGRANDE - GIRARDOTA","estado":"OPERACION"}},{"type":"Feature","geometry":{"type":"LineString","coordinates":[[-75.366724,6.487088],[-75.366621,6.485295]],"crs":null},"properties":{"tension_kv":"110","circuito":"RIOGRANDE - BELLO","estado":"OPERACION"}},{"type":"Feature","geometry":{"type":"LineString","coordinates":[[-75.366823,6.48924],[-75.366657,6.487095]],"crs":null},"properties":{"tension_kv":"110","circuito":"RIOGRANDE - GIRARDOTA","estado":"OPERACION"}},{"type":"Feature","geometry":{"type":"LineString","coordinates":[[-75.366889,6.489228],[-75.366724,6.487088]],"crs":null},"properties":{"tension_kv":"110","circuito":"RIOGRANDE - BELLO","estado":"OPERACION"}},{"type":"Feature","geometry":{"type":"LineString","coordinates":[[-75.366458,6.483898],[-75.3662,6.479458],[-75.364537,6.474661],[-75.361345,6.467666],[-75.358382,6.463068],[-75.356553,6.460151],[-75.349539,6.449191]],"crs":null},"properties":{"tension_kv":"110","circuito":"RIOGRANDE - GIRARDOTA","estado":"OPERACION"}},{"type":"Feature","geometry":{"type":"LineString","coordinates":[[-75.366519,6.483875],[-75.366248,6.479425],[-75.364587,6.474624],[-75.361377,6.467607],[-75.35844,6.463052],[-75.356579,6.460085],[-75.349593,6.449157]],"crs":null},"properties":{"tension_kv":"110","circuito":"RIOGRANDE - BELLO","estado":"OPERACION"}},{"type":"Feature","geometry":{"type":"LineString","coordinates":[[-75.316685,6.473101],[-75.322986,6.46975]],"crs":null},"properties":{"tension_kv":"220","circuito":"GUADALUPE IV - OCCIDENTE","estado":"OPERACION"}},{"type":"Feature","geometry":{"type":"LineString","coordinates":[[-75.313953,6.474552],[-75.316685,6.473101]],"crs":null},"properties":{"tension_kv":"220","circuito":"GUADALUPE IV - OCCIDENTE","estado":"OPERACION"}},{"type":"Feature","geometry":{"type":"LineString","coordinates":[[-75.308969,6.479017],[-75.313953,6.474552]],"crs":null},"properties":{"tension_kv":"220","circuito":"GUADALUPE IV - OCCIDENTE","estado":"OPERACION"}},{"type":"Feature","geometry":{"type":"LineString","coordinates":[[-75.304292,6.483172],[-75.308969,6.479017]],"crs":null},"properties":{"tension_kv":"220","circuito":"GUADALUPE IV - OCCIDENTE","estado":"OPERACION"}},{"type":"Feature","geometry":{"type":"LineString","coordinates":[[-75.302038,6.485179],[-75.304292,6.483172]],"crs":null},"properties":{"tension_kv":"220","circuito":"GUADALUPE IV - OCCIDENTE","estado":"OPERACION"}},{"type":"Feature","geometry":{"type":"LineString","coordinates":[[-75.299494,6.487458],[-75.302038,6.485179]],"crs":null},"properties":{"tension_kv":"220","circuito":"GUADALUPE IV - OCCIDENTE","estado":"OPERACION"}},{"type":"Feature","geometry":{"type":"LineString","coordinates":[[-75.300257,6.473429],[-75.302651,6.470181]],"crs":null},"properties":{"tension_kv":"220","circuito":"SALTO IV - BELLO","estado":"OPERACION"}},{"type":"Feature","geometry":{"type":"LineString","coordinates":[[-75.300219,6.473371],[-75.30261,6.470137]],"crs":null},"properties":{"tension_kv":"220","circuito":"PORCE II - BARBOSA","estado":"OPERACION"}},{"type":"Feature","geometry":{"type":"LineString","coordinates":[[-75.297179,6.477634],[-75.300257,6.473429]],"crs":null},"properties":{"tension_kv":"220","circuito":"SALTO IV - BELLO","estado":"OPERACION"}},{"type":"Feature","geometry":{"type":"LineString","coordinates":[[-75.297137,6.47759],[-75.300224,6.473365]],"crs":null},"properties":{"tension_kv":"220","circuito":"PORCE II - BARBOSA","estado":"OPERACION"}},{"type":"Feature","geometry":{"type":"LineString","coordinates":[[-75.292322,6.484156],[-75.297137,6.47759]],"crs":null},"properties":{"tension_kv":"220","circuito":"PORCE II - BARBOSA","estado":"OPERACION"}},{"type":"Feature","geometry":{"type":"LineString","coordinates":[[-75.292363,6.484198],[-75.297179,6.477634]],"crs":null},"properties":{"tension_kv":"220","circuito":"SALTO IV - BELLO","estado":"OPERACION"}},{"type":"Feature","geometry":{"type":"LineString","coordinates":[[-75.290452,6.486669],[-75.292322,6.484156]],"crs":null},"properties":{"tension_kv":"220","circuito":"PORCE II - BARBOSA","estado":"OPERACION"}},{"type":"Feature","geometry":{"type":"LineString","coordinates":[[-75.290499,6.48672],[-75.292363,6.484198]],"crs":null},"properties":{"tension_kv":"220","circuito":"SALTO IV - BELLO","estado":"OPERACION"}},{"type":"Feature","geometry":{"type":"LineString","coordinates":[[-75.281931,6.471606],[-75.284696,6.468715]],"crs":null},"properties":{"tension_kv":"220","circuito":"SALTO IV - BARBOSA","estado":"OPERACION"}},{"type":"Feature","geometry":{"type":"LineString","coordinates":[[-75.278091,6.475719],[-75.281931,6.471606]],"crs":null},"properties":{"tension_kv":"220","circuito":"SALTO IV - BARBOSA","estado":"OPERACION"}},{"type":"Feature","geometry":{"type":"LineString","coordinates":[[-75.275576,6.478335],[-75.278091,6.475719]],"crs":null},"properties":{"tension_kv":"220","circuito":"SALTO IV - BARBOSA","estado":"OPERACION"}},{"type":"Feature","geometry":{"type":"LineString","coordinates":[[-75.273735,6.480234],[-75.275576,6.478335]],"crs":null},"properties":{"tension_kv":"220","circuito":"SALTO IV - BARBOSA","estado":"OPERACION"}},{"type":"Feature","geometry":{"type":"LineString","coordinates":[[-75.271171,6.483066],[-75.273735,6.480234]],"crs":null},"properties":{"tension_kv":"220","circuito":"SALTO IV - BARBOSA","estado":"OPERACION"}},{"type":"Feature","geometry":{"type":"LineString","coordinates":[[-75.268219,6.486556],[-75.271171,6.483066]],"crs":null},"properties":{"tension_kv":"220","circuito":"SALTO IV - BARBOSA","estado":"OPERACION"}},{"type":"Feature","geometry":{"type":"LineString","coordinates":[[-75.26652,6.490241],[-75.268219,6.486556]],"crs":null},"properties":{"tension_kv":"220","circuito":"SALTO IV - BARBOSA","estado":"OPERACION"}},{"type":"Feature","geometry":{"type":"LineString","coordinates":[[-75.290894,6.472973],[-75.294119,6.468947]],"crs":null},"properties":{"tension_kv":"110","circuito":"SALTO - ZAMORA","estado":"OPERACION"}},{"type":"Feature","geometry":{"type":"LineString","coordinates":[[-75.288272,6.476526],[-75.290894,6.472973]],"crs":null},"properties":{"tension_kv":"110","circuito":"SALTO - ZAMORA","estado":"OPERACION"}},{"type":"Feature","geometry":{"type":"LineString","coordinates":[[-75.2856,6.480023],[-75.288272,6.476526]],"crs":null},"properties":{"tension_kv":"110","circuito":"SALTO - ZAMORA","estado":"OPERACION"}},{"type":"Feature","geometry":{"type":"LineString","coordinates":[[-75.283287,6.482996],[-75.2856,6.480023]],"crs":null},"properties":{"tension_kv":"110","circuito":"SALTO - ZAMORA","estado":"OPERACION"}},{"type":"Feature","geometry":{"type":"LineString","coordinates":[[-75.280515,6.486692],[-75.283287,6.482996]],"crs":null},"properties":{"tension_kv":"110","circuito":"SALTO - ZAMORA","estado":"OPERACION"}},{"type":"Feature","geometry":{"type":"LineString","coordinates":[[-75.2893,6.496922],[-75.290079,6.49578]],"crs":null},"properties":{"tension_kv":"220","circuito":"GUADALUPE IV - OCCIDENTE","estado":"OPERACION"}},{"type":"Feature","geometry":{"type":"LineString","coordinates":[[-75.284118,6.504778],[-75.2893,6.496922]],"crs":null},"properties":{"tension_kv":"220","circuito":"GUADALUPE IV - OCCIDENTE","estado":"OPERACION"}},{"type":"Feature","geometry":{"type":"LineString","coordinates":[[-75.283396,6.505985],[-75.284118,6.504778]],"crs":null},"properties":{"tension_kv":"220","circuito":"GUADALUPE IV - OCCIDENTE","estado":"OPERACION"}},{"type":"Feature","geometry":{"type":"LineString","coordinates":[[-75.278427,6.514969],[-75.279614,6.512778]],"crs":null},"properties":{"tension_kv":"220","circuito":"GUADALUPE IV - OCCIDENTE","estado":"OPERACION"}},{"type":"Feature","geometry":{"type":"LineString","coordinates":[[-75.279614,6.512778],[-75.283396,6.505985]],"crs":null},"properties":{"tension_kv":"220","circuito":"GUADALUPE IV - OCCIDENTE","estado":"OPERACION"}},{"type":"Feature","geometry":{"type":"LineString","coordinates":[[-75.29008,6.495782],[-75.291255,6.494751]],"crs":null},"properties":{"tension_kv":"220","circuito":"GUADALUPE IV - OCCIDENTE","estado":"OPERACION"}},{"type":"Feature","geometry":{"type":"LineString","coordinates":[[-75.291253,6.49475],[-75.299494,6.487458]],"crs":null},"properties":{"tension_kv":"220","circuito":"GUADALUPE IV - OCCIDENTE","estado":"OPERACION"}},{"type":"Feature","geometry":{"type":"LineString","coordinates":[[-75.28755,6.494443],[-75.290452,6.486669]],"crs":null},"properties":{"tension_kv":"220","circuito":"PORCE II - BARBOSA","estado":"OPERACION"}},{"type":"Feature","geometry":{"type":"LineString","coordinates":[[-75.287595,6.494491],[-75.290499,6.48672]],"crs":null},"properties":{"tension_kv":"220","circuito":"SALTO IV - BELLO","estado":"OPERACION"}},{"type":"Feature","geometry":{"type":"LineString","coordinates":[[-75.286723,6.496767],[-75.28755,6.494443]],"crs":null},"properties":{"tension_kv":"220","circuito":"PORCE II - BARBOSA","estado":"OPERACION"}},{"type":"Feature","geometry":{"type":"LineString","coordinates":[[-75.286767,6.496811],[-75.287595,6.494491]],"crs":null},"properties":{"tension_kv":"220","circuito":"SALTO IV - BELLO","estado":"OPERACION"}},{"type":"Feature","geometry":{"type":"LineString","coordinates":[[-75.283797,6.50463],[-75.286723,6.496767]],"crs":null},"properties":{"tension_kv":"220","circuito":"PORCE II - BARBOSA","estado":"OPERACION"}},{"type":"Feature","geometry":{"type":"LineString","coordinates":[[-75.283839,6.504671],[-75.286767,6.496811]],"crs":null},"properties":{"tension_kv":"220","circuito":"SALTO IV - BELLO","estado":"OPERACION"}},{"type":"Feature","geometry":{"type":"LineString","coordinates":[[-75.282123,6.506484],[-75.283797,6.50463]],"crs":null},"properties":{"tension_kv":"220","circuito":"PORCE II - BARBOSA","estado":"OPERACION"}},{"type":"Feature","geometry":{"type":"LineString","coordinates":[[-75.282167,6.506526],[-75.283839,6.504671]],"crs":null},"properties":{"tension_kv":"220","circuito":"SALTO IV - BELLO","estado":"OPERACION"}},{"type":"Feature","geometry":{"type":"LineString","coordinates":[[-75.276357,6.512783],[-75.282123,6.506484]],"crs":null},"properties":{"tension_kv":"220","circuito":"PORCE II - BARBOSA","estado":"OPERACION"}},{"type":"Feature","geometry":{"type":"LineString","coordinates":[[-75.276407,6.512823],[-75.282167,6.506526]],"crs":null},"properties":{"tension_kv":"220","circuito":"SALTO IV - BELLO","estado":"OPERACION"}},{"type":"Feature","geometry":{"type":"LineString","coordinates":[[-75.274615,6.514714],[-75.276357,6.512783]],"crs":null},"properties":{"tension_kv":"220","circuito":"PORCE II - BARBOSA","estado":"OPERACION"}},{"type":"Feature","geometry":{"type":"LineString","coordinates":[[-75.27466,6.514756],[-75.276407,6.512823]],"crs":null},"properties":{"tension_kv":"220","circuito":"SALTO IV - BELLO","estado":"OPERACION"}},{"type":"Feature","geometry":{"type":"LineString","coordinates":[[-75.263927,6.497749],[-75.26652,6.490241]],"crs":null},"properties":{"tension_kv":"220","circuito":"SALTO IV - BARBOSA","estado":"OPERACION"}},{"type":"Feature","geometry":{"type":"LineString","coordinates":[[-75.27715,6.493341],[-75.280515,6.486692]],"crs":null},"properties":{"tension_kv":"110","circuito":"SALTO - ZAMORA","estado":"OPERACION"}},{"type":"Feature","geometry":{"type":"LineString","coordinates":[[-75.275342,6.497092],[-75.27715,6.493341]],"crs":null},"properties":{"tension_kv":"110","circuito":"SALTO - ZAMORA","estado":"OPERACION"}},{"type":"Feature","geometry":{"type":"LineString","coordinates":[[-75.274225,6.499272],[-75.275342,6.497092]],"crs":null},"properties":{"tension_kv":"110","circuito":"SALTO - ZAMORA","estado":"OPERACION"}},{"type":"Feature","geometry":{"type":"LineString","coordinates":[[-75.271482,6.502955],[-75.274225,6.499272]],"crs":null},"properties":{"tension_kv":"110","circuito":"SALTO - ZAMORA","estado":"OPERACION"}},{"type":"Feature","geometry":{"type":"LineString","coordinates":[[-75.268927,6.506387],[-75.271482,6.502955]],"crs":null},"properties":{"tension_kv":"110","circuito":"SALTO - ZAMORA","estado":"OPERACION"}},{"type":"Feature","geometry":{"type":"LineString","coordinates":[[-75.263848,6.513215],[-75.268927,6.506387]],"crs":null},"properties":{"tension_kv":"110","circuito":"SALTO - ZAMORA","estado":"OPERACION"}},{"type":"Feature","geometry":{"type":"LineString","coordinates":[[-75.257157,6.51243],[-75.258666,6.509158]],"crs":null},"properties":{"tension_kv":"220","circuito":"SALTO IV - BARBOSA","estado":"OPERACION"}},{"type":"Feature","geometry":{"type":"LineString","coordinates":[[-75.26175,6.502585],[-75.263927,6.497749]],"crs":null},"properties":{"tension_kv":"220","circuito":"SALTO IV - BARBOSA","estado":"OPERACION"}},{"type":"Feature","geometry":{"type":"LineString","coordinates":[[-75.260983,6.504154],[-75.26175,6.502585]],"crs":null},"properties":{"tension_kv":"220","circuito":"SALTO IV - BARBOSA","estado":"OPERACION"}},{"type":"Feature","geometry":{"type":"LineString","coordinates":[[-75.258666,6.509158],[-75.260983,6.504154]],"crs":null},"properties":{"tension_kv":"220","circuito":"SALTO IV - BARBOSA","estado":"OPERACION"}},{"type":"Feature","geometry":{"type":"LineString","coordinates":[[-75.256317,6.513536],[-75.257157,6.51243]],"crs":null},"properties":{"tension_kv":"220","circuito":"SALTO IV - BARBOSA","estado":"OPERACION"}},{"type":"Feature","geometry":{"type":"LineString","coordinates":[[-75.461134,6.193931],[-75.462495,6.194462]],"crs":null},"properties":{"tension_kv":"110","circuito":"CORDOBA - MIRAFLORES","estado":"OPERACION"}},{"type":"Feature","geometry":{"type":"LineString","coordinates":[[-75.462495,6.194462],[-75.465554,6.196053]],"crs":null},"properties":{"tension_kv":"110","circuito":"CORDOBA - MIRAFLORES","estado":"OPERACION"}},{"type":"Feature","geometry":{"type":"LineString","coordinates":[[-75.465554,6.196053],[-75.470313,6.198578]],"crs":null},"properties":{"tension_kv":"110","circuito":"CORDOBA - MIRAFLORES","estado":"OPERACION"}},{"type":"Feature","geometry":{"type":"LineString","coordinates":[[-75.565591,6.1494],[-75.56755,6.148978]],"crs":null},"properties":{"tension_kv":"220","circuito":"MIRAFLORES - ANCON SUR","estado":"OPERACION"}},{"type":"Feature","geometry":{"type":"LineString","coordinates":[[-75.56755,6.148978],[-75.572077,6.147215]],"crs":null},"properties":{"tension_kv":"220","circuito":"MIRAFLORES - ANCON SUR","estado":"OPERACION"}},{"type":"Feature","geometry":{"type":"LineString","coordinates":[[-75.565483,6.132293],[-75.561381,6.128866]],"crs":null},"properties":{"tension_kv":"220","circuito":"ORIENTE - ENVIGADO","estado":"OPERACION"}},{"type":"Feature","geometry":{"type":"LineString","coordinates":[[-75.565527,6.132241],[-75.561415,6.128819]],"crs":null},"properties":{"tension_kv":"220","circuito":"GUATAPE - ENVIGADO","estado":"OPERACION"}},{"type":"Feature","geometry":{"type":"LineString","coordinates":[[-75.590997,6.14163],[-75.596979,6.139676]],"crs":null},"properties":{"tension_kv":"220","circuito":"MIRAFLORES - ANCON SUR","estado":"OPERACION"}},{"type":"Feature","geometry":{"type":"LineString","coordinates":[[-75.56982,6.135859],[-75.565527,6.132241]],"crs":null},"properties":{"tension_kv":"220","circuito":"GUATAPE - ENVIGADO","estado":"OPERACION"}},{"type":"Feature","geometry":{"type":"LineString","coordinates":[[-75.569773,6.13591],[-75.565483,6.132293]],"crs":null},"properties":{"tension_kv":"220","circuito":"ORIENTE - ENVIGADO","estado":"OPERACION"}},{"type":"Feature","geometry":{"type":"LineString","coordinates":[[-75.582742,6.146149],[-75.581838,6.14525],[-75.577787,6.142824]],"crs":null},"properties":{"tension_kv":"220","circuito":"ORIENTE - ENVIGADO","estado":"OPERACION"}},{"type":"Feature","geometry":{"type":"LineString","coordinates":[[-75.582787,6.146095],[-75.58188,6.145179],[-75.577831,6.142769]],"crs":null},"properties":{"tension_kv":"220","circuito":"GUATAPE - ENVIGADO","estado":"OPERACION"}},{"type":"Feature","geometry":{"type":"LineString","coordinates":[[-75.587622,6.142516],[-75.590997,6.14163]],"crs":null},"properties":{"tension_kv":"220","circuito":"MIRAFLORES - ANCON SUR","estado":"OPERACION"}},{"type":"Feature","geometry":{"type":"LineString","coordinates":[[-75.583129,6.143706],[-75.587622,6.142516]],"crs":null},"properties":{"tension_kv":"220","circuito":"MIRAFLORES - ANCON SUR","estado":"OPERACION"}},{"type":"Feature","geometry":{"type":"LineString","coordinates":[[-75.663508,6.164216],[-75.660642,6.160549]],"crs":null},"properties":{"tension_kv":"220","circuito":"OCCIDENTE - ANCON SUR","estado":"OPERACION"}},{"type":"Feature","geometry":{"type":"LineString","coordinates":[[-75.664993,6.167714],[-75.663508,6.164216]],"crs":null},"properties":{"tension_kv":"220","circuito":"OCCIDENTE - ANCON SUR","estado":"OPERACION"}},{"type":"Feature","geometry":{"type":"LineString","coordinates":[[-75.664935,6.167745],[-75.663449,6.164239]],"crs":null},"properties":{"tension_kv":"110","circuito":"BELEN - ANCON SUR","estado":"OPERACION"}},{"type":"Feature","geometry":{"type":"LineString","coordinates":[[-75.667265,6.172931],[-75.664993,6.167714]],"crs":null},"properties":{"tension_kv":"220","circuito":"OCCIDENTE - ANCON SUR","estado":"OPERACION"}},{"type":"Feature","geometry":{"type":"LineString","coordinates":[[-75.667205,6.172957],[-75.664935,6.167745]],"crs":null},"properties":{"tension_kv":"110","circuito":"BELEN - ANCON SUR","estado":"OPERACION"}},{"type":"Feature","geometry":{"type":"LineString","coordinates":[[-75.668082,6.174985],[-75.667205,6.172957]],"crs":null},"properties":{"tension_kv":"110","circuito":"BELEN - ANCON SUR","estado":"OPERACION"}},{"type":"Feature","geometry":{"type":"LineString","coordinates":[[-75.668144,6.174959],[-75.667265,6.172931]],"crs":null},"properties":{"tension_kv":"220","circuito":"OCCIDENTE - ANCON SUR","estado":"OPERACION"}},{"type":"Feature","geometry":{"type":"LineString","coordinates":[[-75.663449,6.164239],[-75.660593,6.160588]],"crs":null},"properties":{"tension_kv":"110","circuito":"BELEN - ANCON SUR","estado":"OPERACION"}},{"type":"Feature","geometry":{"type":"LineString","coordinates":[[-75.673995,6.194778],[-75.674033,6.1912]],"crs":null},"properties":{"tension_kv":"110","circuito":"BELEN - ANCON SUR","estado":"OPERACION"}},{"type":"Feature","geometry":{"type":"LineString","coordinates":[[-75.674447,6.197922],[-75.673995,6.194778]],"crs":null},"properties":{"tension_kv":"110","circuito":"BELEN - ANCON SUR","estado":"OPERACION"}},{"type":"Feature","geometry":{"type":"LineString","coordinates":[[-75.674513,6.197922],[-75.674058,6.194756]],"crs":null},"properties":{"tension_kv":"220","circuito":"OCCIDENTE - ANCON SUR","estado":"OPERACION"}},{"type":"Feature","geometry":{"type":"LineString","coordinates":[[-75.674058,6.194756],[-75.674096,6.191201]],"crs":null},"properties":{"tension_kv":"220","circuito":"OCCIDENTE - ANCON SUR","estado":"OPERACION"}},{"type":"Feature","geometry":{"type":"LineString","coordinates":[[-75.506352,6.221645],[-75.518122,6.223432],[-75.519869,6.223749]],"crs":null},"properties":{"tension_kv":"220","circuito":"GUATAPE - MIRAFLORES","estado":"OPERACION"}},{"type":"Feature","geometry":{"type":"LineString","coordinates":[[-75.506355,6.221705],[-75.518114,6.223493]],"crs":null},"properties":{"tension_kv":"220","circuito":"MIRAFLORES - BARBOSA","estado":"OPERACION"}},{"type":"Feature","geometry":{"type":"LineString","coordinates":[[-75.503482,6.22],[-75.50652,6.222157]],"crs":null},"properties":{"tension_kv":"110","circuito":"CORDOBA - MIRAFLORES","estado":"OPERACION"}},{"type":"Feature","geometry":{"type":"LineString","coordinates":[[-75.541176,6.214147],[-75.541808,6.208854]],"crs":null},"properties":{"tension_kv":"220","circuito":"MIRAFLORES - ANCON SUR","estado":"OPERACION"}},{"type":"Feature","geometry":{"type":"LineString","coordinates":[[-75.540374,6.219535],[-75.5408,6.217199],[-75.541176,6.214147]],"crs":null},"properties":{"tension_kv":"220","circuito":"MIRAFLORES - ANCON SUR","estado":"OPERACION"}},{"type":"Feature","geometry":{"type":"LineString","coordinates":[[-75.624693,6.211496],[-75.622766,6.210965]],"crs":null},"properties":{"tension_kv":"220","circuito":"OCCIDENTE - ENVIGADO","estado":"OPERACION"}},{"type":"Feature","geometry":{"type":"LineString","coordinates":[[-75.624688,6.211564],[-75.622765,6.211027]],"crs":null},"properties":{"tension_kv":"110","circuito":"BELEN - ANCON SUR","estado":"OPERACION"}},{"type":"Feature","geometry":{"type":"LineString","coordinates":[[-75.622765,6.211027],[-75.620518,6.210329]],"crs":null},"properties":{"tension_kv":"110","circuito":"BELEN - ANCON SUR","estado":"OPERACION"}},{"type":"Feature","geometry":{"type":"LineString","coordinates":[[-75.622766,6.210965],[-75.620534,6.210267]],"crs":null},"properties":{"tension_kv":"220","circuito":"OCCIDENTE - ENVIGADO","estado":"OPERACION"}},{"type":"Feature","geometry":{"type":"LineString","coordinates":[[-75.50652,6.222157],[-75.509025,6.222596]],"crs":null},"properties":{"tension_kv":"110","circuito":"CORDOBA - MIRAFLORES","estado":"OPERACION"}},{"type":"Feature","geometry":{"type":"LineString","coordinates":[[-75.509025,6.222596],[-75.520103,6.224664]],"crs":null},"properties":{"tension_kv":"110","circuito":"CORDOBA - MIRAFLORES","estado":"OPERACION"}},{"type":"Feature","geometry":{"type":"LineString","coordinates":[[-75.665169,6.223289],[-75.661337,6.222168]],"crs":null},"properties":{"tension_kv":"110","circuito":"BELEN - ANCON SUR","estado":"OPERACION"}},{"type":"Feature","geometry":{"type":"LineString","coordinates":[[-75.665181,6.223228],[-75.661359,6.222109]],"crs":null},"properties":{"tension_kv":"220","circuito":"OCCIDENTE - ENVIGADO","estado":"OPERACION"}},{"type":"Feature","geometry":{"type":"LineString","coordinates":[[-75.661337,6.222168],[-75.655521,6.220461]],"crs":null},"properties":{"tension_kv":"110","circuito":"BELEN - ANCON SUR","estado":"OPERACION"}},{"type":"Feature","geometry":{"type":"LineString","coordinates":[[-75.661359,6.222109],[-75.655538,6.220399]],"crs":null},"properties":{"tension_kv":"220","circuito":"OCCIDENTE - ENVIGADO","estado":"OPERACION"}},{"type":"Feature","geometry":{"type":"LineString","coordinates":[[-75.669061,6.253808],[-75.669982,6.248118]],"crs":null},"properties":{"tension_kv":"220","circuito":"OCCIDENTE - ANCON SUR","estado":"OPERACION"}},{"type":"Feature","geometry":{"type":"LineString","coordinates":[[-75.668998,6.253812],[-75.669916,6.24812]],"crs":null},"properties":{"tension_kv":"220","circuito":"OCCIDENTE - ENVIGADO","estado":"OPERACION"}},{"type":"Feature","geometry":{"type":"LineString","coordinates":[[-75.66863,6.255618],[-75.669061,6.253808]],"crs":null},"properties":{"tension_kv":"220","circuito":"OCCIDENTE - ANCON SUR","estado":"OPERACION"}},{"type":"Feature","geometry":{"type":"LineString","coordinates":[[-75.668569,6.255622],[-75.668998,6.253812]],"crs":null},"properties":{"tension_kv":"220","circuito":"OCCIDENTE - ENVIGADO","estado":"OPERACION"}},{"type":"Feature","geometry":{"type":"LineString","coordinates":[[-75.669916,6.24812],[-75.670483,6.245356]],"crs":null},"properties":{"tension_kv":"220","circuito":"OCCIDENTE - ENVIGADO","estado":"OPERACION"}},{"type":"Feature","geometry":{"type":"LineString","coordinates":[[-75.668479,6.259347],[-75.668569,6.255622]],"crs":null},"properties":{"tension_kv":"220","circuito":"OCCIDENTE - ENVIGADO","estado":"OPERACION"}},{"type":"Feature","geometry":{"type":"LineString","coordinates":[[-75.668542,6.259345],[-75.66863,6.255618]],"crs":null},"properties":{"tension_kv":"220","circuito":"OCCIDENTE - ANCON SUR","estado":"OPERACION"}},{"type":"Feature","geometry":{"type":"LineString","coordinates":[[-75.668358,6.266526],[-75.668479,6.259347]],"crs":null},"properties":{"tension_kv":"220","circuito":"OCCIDENTE - ENVIGADO","estado":"OPERACION"}},{"type":"Feature","geometry":{"type":"LineString","coordinates":[[-75.668423,6.266523],[-75.668542,6.259345]],"crs":null},"properties":{"tension_kv":"220","circuito":"OCCIDENTE - ANCON SUR","estado":"OPERACION"}},{"type":"Feature","geometry":{"type":"LineString","coordinates":[[-75.668078,6.282146],[-75.668215,6.273925]],"crs":null},"properties":{"tension_kv":"220","circuito":"OCCIDENTE - ENVIGADO","estado":"OPERACION"}},{"type":"Feature","geometry":{"type":"LineString","coordinates":[[-75.668279,6.273921],[-75.668423,6.266523]],"crs":null},"properties":{"tension_kv":"220","circuito":"OCCIDENTE - ANCON SUR","estado":"OPERACION"}},{"type":"Feature","geometry":{"type":"LineString","coordinates":[[-75.668215,6.273925],[-75.668358,6.266526]],"crs":null},"properties":{"tension_kv":"220","circuito":"OCCIDENTE - ENVIGADO","estado":"OPERACION"}},{"type":"Feature","geometry":{"type":"LineString","coordinates":[[-75.668054,6.284],[-75.668078,6.282146]],"crs":null},"properties":{"tension_kv":"220","circuito":"OCCIDENTE - ENVIGADO","estado":"OPERACION"}},{"type":"Feature","geometry":{"type":"LineString","coordinates":[[-75.668142,6.282147],[-75.668279,6.273921]],"crs":null},"properties":{"tension_kv":"220","circuito":"OCCIDENTE - ANCON SUR","estado":"OPERACION"}},{"type":"Feature","geometry":{"type":"LineString","coordinates":[[-75.668117,6.283999],[-75.668142,6.282147]],"crs":null},"properties":{"tension_kv":"220","circuito":"OCCIDENTE - ANCON SUR","estado":"OPERACION"}},{"type":"Feature","geometry":{"type":"LineString","coordinates":[[-75.667982,6.288129],[-75.668054,6.284]],"crs":null},"properties":{"tension_kv":"220","circuito":"OCCIDENTE - ENVIGADO","estado":"OPERACION"}},{"type":"Feature","geometry":{"type":"LineString","coordinates":[[-75.668044,6.288128],[-75.668117,6.283999]],"crs":null},"properties":{"tension_kv":"220","circuito":"OCCIDENTE - ANCON SUR","estado":"OPERACION"}},{"type":"Feature","geometry":{"type":"LineString","coordinates":[[-75.614944,6.303997],[-75.614819,6.300697]],"crs":null},"properties":{"tension_kv":"110","circuito":"OCCIDENTE - COLOMBIA","estado":"OPERACION"}},{"type":"Feature","geometry":{"type":"LineString","coordinates":[[-75.615007,6.303995],[-75.614883,6.300695]],"crs":null},"properties":{"tension_kv":"110","circuito":"OCCIDENTE - BELEN II","estado":"OPERACION"}},{"type":"Feature","geometry":{"type":"LineString","coordinates":[[-75.615203,6.310155],[-75.615041,6.306288]],"crs":null},"properties":{"tension_kv":"110","circuito":"OCCIDENTE - COLOMBIA","estado":"OPERACION"}},{"type":"Feature","geometry":{"type":"LineString","coordinates":[[-75.615268,6.310157],[-75.615104,6.306289]],"crs":null},"properties":{"tension_kv":"110","circuito":"OCCIDENTE - BELEN II","estado":"OPERACION"}},{"type":"Feature","geometry":{"type":"LineString","coordinates":[[-75.615041,6.306288],[-75.614944,6.303997]],"crs":null},"properties":{"tension_kv":"110","circuito":"OCCIDENTE - COLOMBIA","estado":"OPERACION"}},{"type":"Feature","geometry":{"type":"LineString","coordinates":[[-75.615104,6.306289],[-75.615007,6.303995]],"crs":null},"properties":{"tension_kv":"110","circuito":"OCCIDENTE - BELEN II","estado":"OPERACION"}},{"type":"Feature","geometry":{"type":"LineString","coordinates":[[-75.667918,6.291582],[-75.667982,6.288129]],"crs":null},"properties":{"tension_kv":"220","circuito":"OCCIDENTE - ENVIGADO","estado":"OPERACION"}},{"type":"Feature","geometry":{"type":"LineString","coordinates":[[-75.667983,6.291585],[-75.668044,6.288128]],"crs":null},"properties":{"tension_kv":"220","circuito":"OCCIDENTE - ANCON SUR","estado":"OPERACION"}},{"type":"Feature","geometry":{"type":"LineString","coordinates":[[-75.666849,6.296708],[-75.667983,6.291585]],"crs":null},"properties":{"tension_kv":"220","circuito":"OCCIDENTE - ANCON SUR","estado":"OPERACION"}},{"type":"Feature","geometry":{"type":"LineString","coordinates":[[-75.666786,6.296694],[-75.667918,6.291582]],"crs":null},"properties":{"tension_kv":"220","circuito":"OCCIDENTE - ENVIGADO","estado":"OPERACION"}},{"type":"Feature","geometry":{"type":"LineString","coordinates":[[-75.662947,6.306608],[-75.66629,6.298928]],"crs":null},"properties":{"tension_kv":"220","circuito":"OCCIDENTE - ENVIGADO","estado":"OPERACION"}},{"type":"Feature","geometry":{"type":"LineString","coordinates":[[-75.659074,6.311099],[-75.662947,6.306608]],"crs":null},"properties":{"tension_kv":"220","circuito":"OCCIDENTE - ENVIGADO","estado":"OPERACION"}},{"type":"Feature","geometry":{"type":"LineString","coordinates":[[-75.659121,6.311145],[-75.663005,6.306634]],"crs":null},"properties":{"tension_kv":"220","circuito":"OCCIDENTE - ANCON SUR","estado":"OPERACION"}},{"type":"Feature","geometry":{"type":"LineString","coordinates":[[-75.666352,6.298942],[-75.666849,6.296708]],"crs":null},"properties":{"tension_kv":"220","circuito":"OCCIDENTE - ANCON SUR","estado":"OPERACION"}},{"type":"Feature","geometry":{"type":"LineString","coordinates":[[-75.66629,6.298928],[-75.666786,6.296694]],"crs":null},"properties":{"tension_kv":"220","circuito":"OCCIDENTE - ENVIGADO","estado":"OPERACION"}},{"type":"Feature","geometry":{"type":"LineString","coordinates":[[-75.663005,6.306634],[-75.666352,6.298942]],"crs":null},"properties":{"tension_kv":"220","circuito":"OCCIDENTE - ANCON SUR","estado":"OPERACION"}},{"type":"Feature","geometry":{"type":"LineString","coordinates":[[-75.591577,6.330931],[-75.587237,6.325356]],"crs":null},"properties":{"tension_kv":"110","circuito":"OCCIDENTE - ZAMORA","estado":"OPERACION"}},{"type":"Feature","geometry":{"type":"LineString","coordinates":[[-75.587237,6.325356],[-75.584951,6.32243]],"crs":null},"properties":{"tension_kv":"110","circuito":"OCCIDENTE - ZAMORA","estado":"OPERACION"}},{"type":"Feature","geometry":{"type":"LineString","coordinates":[[-75.584951,6.32243],[-75.581623,6.320794]],"crs":null},"properties":{"tension_kv":"110","circuito":"OCCIDENTE - ZAMORA","estado":"OPERACION"}},{"type":"Feature","geometry":{"type":"LineString","coordinates":[[-75.584977,6.322374],[-75.581669,6.320748]],"crs":null},"properties":{"tension_kv":"110","circuito":"CABANAS - COLOMBIA","estado":"OPERACION"}},{"type":"Feature","geometry":{"type":"LineString","coordinates":[[-75.585064,6.322332],[-75.584977,6.322374]],"crs":null},"properties":{"tension_kv":"110","circuito":"CABANAS - COLOMBIA","estado":"OPERACION"}},{"type":"Feature","geometry":{"type":"LineString","coordinates":[[-75.48013,6.356861],[-75.483116,6.354539]],"crs":null},"properties":{"tension_kv":"220","circuito":"SALTO IV - BELLO","estado":"OPERACION"}},{"type":"Feature","geometry":{"type":"LineString","coordinates":[[-75.483116,6.354539],[-75.486358,6.352897]],"crs":null},"properties":{"tension_kv":"220","circuito":"SALTO IV - BELLO","estado":"OPERACION"}},{"type":"Feature","geometry":{"type":"LineString","coordinates":[[-75.486358,6.352897],[-75.492718,6.349671]],"crs":null},"properties":{"tension_kv":"220","circuito":"SALTO IV - BELLO","estado":"OPERACION"}},{"type":"Feature","geometry":{"type":"LineString","coordinates":[[-75.601158,6.35694],[-75.604498,6.35466]],"crs":null},"properties":{"tension_kv":"220","circuito":"GUADALUPE IV - OCCIDENTE","estado":"OPERACION"}},{"type":"Feature","geometry":{"type":"LineString","coordinates":[[-75.601097,6.356924],[-75.604455,6.354606]],"crs":null},"properties":{"tension_kv":"220","circuito":"TASAJERA - OCCIDENTE","estado":"OPERACION"}},{"type":"Feature","geometry":{"type":"LineString","coordinates":[[-75.599797,6.342282],[-75.59853,6.33986]],"crs":null},"properties":{"tension_kv":"110","circuito":"OCCIDENTE - ZAMORA","estado":"OPERACION"}},{"type":"Feature","geometry":{"type":"LineString","coordinates":[[-75.601069,6.344676],[-75.599797,6.342282]],"crs":null},"properties":{"tension_kv":"110","circuito":"OCCIDENTE - ZAMORA","estado":"OPERACION"}},{"type":"Feature","geometry":{"type":"LineString","coordinates":[[-75.59853,6.33986],[-75.591577,6.330931]],"crs":null},"properties":{"tension_kv":"110","circuito":"OCCIDENTE - ZAMORA","estado":"OPERACION"}},{"type":"Feature","geometry":{"type":"LineString","coordinates":[[-75.461066,6.366168],[-75.46552,6.364382]],"crs":null},"properties":{"tension_kv":"220","circuito":"SALTO IV - BELLO","estado":"OPERACION"}},{"type":"Feature","geometry":{"type":"LineString","coordinates":[[-75.46552,6.364382],[-75.469056,6.362976]],"crs":null},"properties":{"tension_kv":"220","circuito":"SALTO IV - BELLO","estado":"OPERACION"}},{"type":"Feature","geometry":{"type":"LineString","coordinates":[[-75.471146,6.362119],[-75.472892,6.361182],[-75.474361,6.36033],[-75.475896,6.359559]],"crs":null},"properties":{"tension_kv":"220","circuito":"SALTO IV - BELLO","estado":"OPERACION"}},{"type":"Feature","geometry":{"type":"LineString","coordinates":[[-75.469056,6.362976],[-75.471146,6.362119]],"crs":null},"properties":{"tension_kv":"220","circuito":"SALTO IV - BELLO","estado":"OPERACION"}},{"type":"Feature","geometry":{"type":"LineString","coordinates":[[-75.503714,6.372422],[-75.507669,6.369447]],"crs":null},"properties":{"tension_kv":"220","circuito":"TASAJERA - BELLO","estado":"OPERACION"}},{"type":"Feature","geometry":{"type":"LineString","coordinates":[[-75.507669,6.369447],[-75.509617,6.367813],[-75.511392,6.366043]],"crs":null},"properties":{"tension_kv":"220","circuito":"TASAJERA - BELLO","estado":"OPERACION"}},{"type":"Feature","geometry":{"type":"LineString","coordinates":[[-75.598904,6.372788],[-75.599049,6.368902]],"crs":null},"properties":{"tension_kv":"220","circuito":"GUADALUPE IV - OCCIDENTE","estado":"OPERACION"}},{"type":"Feature","geometry":{"type":"LineString","coordinates":[[-75.598982,6.368901],[-75.599253,6.362347]],"crs":null},"properties":{"tension_kv":"220","circuito":"TASAJERA - OCCIDENTE","estado":"OPERACION"}},{"type":"Feature","geometry":{"type":"LineString","coordinates":[[-75.599313,6.36237],[-75.600741,6.359008]],"crs":null},"properties":{"tension_kv":"220","circuito":"GUADALUPE IV - OCCIDENTE","estado":"OPERACION"}},{"type":"Feature","geometry":{"type":"LineString","coordinates":[[-75.599253,6.362347],[-75.600682,6.358992]],"crs":null},"properties":{"tension_kv":"220","circuito":"TASAJERA - OCCIDENTE","estado":"OPERACION"}},{"type":"Feature","geometry":{"type":"LineString","coordinates":[[-75.597821,6.376609],[-75.598904,6.372788]],"crs":null},"properties":{"tension_kv":"220","circuito":"GUADALUPE IV - OCCIDENTE","estado":"OPERACION"}},{"type":"Feature","geometry":{"type":"LineString","coordinates":[[-75.597775,6.376562],[-75.598843,6.372771]],"crs":null},"properties":{"tension_kv":"220","circuito":"TASAJERA - OCCIDENTE","estado":"OPERACION"}},{"type":"Feature","geometry":{"type":"LineString","coordinates":[[-75.600682,6.358992],[-75.601097,6.356924]],"crs":null},"properties":{"tension_kv":"220","circuito":"TASAJERA - OCCIDENTE","estado":"OPERACION"}},{"type":"Feature","geometry":{"type":"LineString","coordinates":[[-75.600741,6.359008],[-75.601158,6.35694]],"crs":null},"properties":{"tension_kv":"220","circuito":"GUADALUPE IV - OCCIDENTE","estado":"OPERACION"}},{"type":"Feature","geometry":{"type":"LineString","coordinates":[[-75.599049,6.368902],[-75.599313,6.36237]],"crs":null},"properties":{"tension_kv":"220","circuito":"GUADALUPE IV - OCCIDENTE","estado":"OPERACION"}},{"type":"Feature","geometry":{"type":"LineString","coordinates":[[-75.598843,6.372771],[-75.598982,6.368901]],"crs":null},"properties":{"tension_kv":"220","circuito":"TASAJERA - OCCIDENTE","estado":"OPERACION"}},{"type":"Feature","geometry":{"type":"LineString","coordinates":[[-75.428101,6.382336],[-75.432008,6.378722],[-75.432761,6.37809],[-75.434449,6.376485]],"crs":null},"properties":{"tension_kv":"220","circuito":"SALTO IV - BELLO","estado":"OPERACION"}},{"type":"Feature","geometry":{"type":"LineString","coordinates":[[-75.431741,6.423726],[-75.430313,6.420155]],"crs":null},"properties":{"tension_kv":"220","circuito":"BARBOSA - TASAJERA","estado":"OPERACION"}},{"type":"Feature","geometry":{"type":"LineString","coordinates":[[-75.440807,6.424236],[-75.443027,6.42522],[-75.445206,6.42587]],"crs":null},"properties":{"tension_kv":"220","circuito":"TASAJERA - OCCIDENTE","estado":"OPERACION"}},{"type":"Feature","geometry":{"type":"LineString","coordinates":[[-75.4382,6.421455],[-75.440807,6.424236]],"crs":null},"properties":{"tension_kv":"220","circuito":"TASAJERA - OCCIDENTE","estado":"OPERACION"}},{"type":"Feature","geometry":{"type":"LineString","coordinates":[[-75.435829,6.418985],[-75.4382,6.421455]],"crs":null},"properties":{"tension_kv":"220","circuito":"TASAJERA - OCCIDENTE","estado":"OPERACION"}},{"type":"Feature","geometry":{"type":"LineString","coordinates":[[-75.433229,6.416204],[-75.435829,6.418985]],"crs":null},"properties":{"tension_kv":"220","circuito":"TASAJERA - OCCIDENTE","estado":"OPERACION"}},{"type":"Feature","geometry":{"type":"LineString","coordinates":[[-75.434194,6.40266],[-75.436634,6.400977]],"crs":null},"properties":{"tension_kv":"220","circuito":"TASAJERA - BELLO","estado":"OPERACION"}},{"type":"Feature","geometry":{"type":"LineString","coordinates":[[-75.297264,6.426232],[-75.300901,6.432051]],"crs":null},"properties":{"tension_kv":"220","circuito":"GUATAPE - BARBOSA","estado":"OPERACION"}},{"type":"Feature","geometry":{"type":"LineString","coordinates":[[-75.300946,6.432004],[-75.297307,6.42619]],"crs":null},"properties":{"tension_kv":"220","circuito":"MIRAFLORES - BARBOSA","estado":"OPERACION"}},{"type":"Feature","geometry":{"type":"LineString","coordinates":[[-75.297305,6.426188],[-75.296222,6.424437]],"crs":null},"properties":{"tension_kv":"220","circuito":"MIRAFLORES - BARBOSA","estado":"OPERACION"}},{"type":"Feature","geometry":{"type":"LineString","coordinates":[[-75.300901,6.432051],[-75.305514,6.4378]],"crs":null},"properties":{"tension_kv":"220","circuito":"GUATAPE - BARBOSA","estado":"OPERACION"}},{"type":"Feature","geometry":{"type":"LineString","coordinates":[[-75.305553,6.437752],[-75.300946,6.432004]],"crs":null},"properties":{"tension_kv":"220","circuito":"MIRAFLORES - BARBOSA","estado":"OPERACION"}},{"type":"Feature","geometry":{"type":"LineString","coordinates":[[-75.305514,6.4378],[-75.307077,6.439738]],"crs":null},"properties":{"tension_kv":"220","circuito":"GUATAPE - BARBOSA","estado":"OPERACION"}},{"type":"Feature","geometry":{"type":"LineString","coordinates":[[-75.306359,6.438747],[-75.305553,6.437752]],"crs":null},"properties":{"tension_kv":"220","circuito":"MIRAFLORES - BARBOSA","estado":"OPERACION"}},{"type":"Feature","geometry":{"type":"LineString","coordinates":[[-75.307117,6.439687],[-75.306359,6.438747]],"crs":null},"properties":{"tension_kv":"220","circuito":"MIRAFLORES - BARBOSA","estado":"OPERACION"}},{"type":"Feature","geometry":{"type":"LineString","coordinates":[[-75.309358,6.442455],[-75.307117,6.439687]],"crs":null},"properties":{"tension_kv":"220","circuito":"MIRAFLORES - BARBOSA","estado":"OPERACION"}},{"type":"Feature","geometry":{"type":"LineString","coordinates":[[-75.307077,6.439738],[-75.309314,6.442499]],"crs":null},"properties":{"tension_kv":"220","circuito":"GUATAPE - BARBOSA","estado":"OPERACION"}},{"type":"Feature","geometry":{"type":"LineString","coordinates":[[-75.309314,6.442499],[-75.310994,6.443329]],"crs":null},"properties":{"tension_kv":"220","circuito":"GUATAPE - BARBOSA","estado":"OPERACION"}},{"type":"Feature","geometry":{"type":"LineString","coordinates":[[-75.306639,6.462198],[-75.310599,6.460967]],"crs":null},"properties":{"tension_kv":"110","circuito":"SALTO - ZAMORA","estado":"OPERACION"}},{"type":"Feature","geometry":{"type":"LineString","coordinates":[[-75.300786,6.464049],[-75.306639,6.462198]],"crs":null},"properties":{"tension_kv":"110","circuito":"SALTO - ZAMORA","estado":"OPERACION"}},{"type":"Feature","geometry":{"type":"LineString","coordinates":[[-75.320201,6.457947],[-75.324971,6.456449]],"crs":null},"properties":{"tension_kv":"110","circuito":"SALTO - ZAMORA","estado":"OPERACION"}},{"type":"Feature","geometry":{"type":"LineString","coordinates":[[-75.321233,6.461265],[-75.324151,6.454149]],"crs":null},"properties":{"tension_kv":"220","circuito":"PORCE II - BARBOSA","estado":"OPERACION"}},{"type":"Feature","geometry":{"type":"LineString","coordinates":[[-75.325866,6.468221],[-75.331874,6.465517]],"crs":null},"properties":{"tension_kv":"220","circuito":"GUADALUPE IV - OCCIDENTE","estado":"OPERACION"}},{"type":"Feature","geometry":{"type":"LineString","coordinates":[[-75.32465,6.468797],[-75.325866,6.468221]],"crs":null},"properties":{"tension_kv":"220","circuito":"GUADALUPE IV - OCCIDENTE","estado":"OPERACION"}},{"type":"Feature","geometry":{"type":"LineString","coordinates":[[-75.322986,6.46975],[-75.32465,6.468797]],"crs":null},"properties":{"tension_kv":"220","circuito":"GUADALUPE IV - OCCIDENTE","estado":"OPERACION"}},{"type":"Feature","geometry":{"type":"LineString","coordinates":[[-75.321279,6.461312],[-75.325254,6.455266]],"crs":null},"properties":{"tension_kv":"220","circuito":"SALTO IV - BELLO","estado":"OPERACION"}},{"type":"Feature","geometry":{"type":"LineString","coordinates":[[-75.313854,6.464534],[-75.321279,6.461312]],"crs":null},"properties":{"tension_kv":"220","circuito":"SALTO IV - BELLO","estado":"OPERACION"}},{"type":"Feature","geometry":{"type":"LineString","coordinates":[[-75.313811,6.464491],[-75.321233,6.461265]],"crs":null},"properties":{"tension_kv":"220","circuito":"PORCE II - BARBOSA","estado":"OPERACION"}},{"type":"Feature","geometry":{"type":"LineString","coordinates":[[-75.310831,6.465824],[-75.313854,6.464534]],"crs":null},"properties":{"tension_kv":"220","circuito":"SALTO IV - BELLO","estado":"OPERACION"}},{"type":"Feature","geometry":{"type":"LineString","coordinates":[[-75.310789,6.46579],[-75.313811,6.464491]],"crs":null},"properties":{"tension_kv":"220","circuito":"PORCE II - BARBOSA","estado":"OPERACION"}},{"type":"Feature","geometry":{"type":"LineString","coordinates":[[-75.308023,6.467334],[-75.310831,6.465824]],"crs":null},"properties":{"tension_kv":"220","circuito":"SALTO IV - BELLO","estado":"OPERACION"}},{"type":"Feature","geometry":{"type":"LineString","coordinates":[[-75.307978,6.467289],[-75.310789,6.46579]],"crs":null},"properties":{"tension_kv":"220","circuito":"PORCE II - BARBOSA","estado":"OPERACION"}},{"type":"Feature","geometry":{"type":"LineString","coordinates":[[-75.304468,6.469211],[-75.308023,6.467334]],"crs":null},"properties":{"tension_kv":"220","circuito":"SALTO IV - BELLO","estado":"OPERACION"}},{"type":"Feature","geometry":{"type":"LineString","coordinates":[[-75.304426,6.469164],[-75.307978,6.467289]],"crs":null},"properties":{"tension_kv":"220","circuito":"PORCE II - BARBOSA","estado":"OPERACION"}},{"type":"Feature","geometry":{"type":"LineString","coordinates":[[-75.302651,6.470181],[-75.304468,6.469211]],"crs":null},"properties":{"tension_kv":"220","circuito":"SALTO IV - BELLO","estado":"OPERACION"}},{"type":"Feature","geometry":{"type":"LineString","coordinates":[[-75.30261,6.470137],[-75.304426,6.469164]],"crs":null},"properties":{"tension_kv":"220","circuito":"PORCE II - BARBOSA","estado":"OPERACION"}},{"type":"Feature","geometry":{"type":"LineString","coordinates":[[-75.310262,6.452651],[-75.314832,6.450654]],"crs":null},"properties":{"tension_kv":"220","circuito":"SALTO IV - BARBOSA","estado":"OPERACION"}},{"type":"Feature","geometry":{"type":"LineString","coordinates":[[-75.306895,6.454339],[-75.310262,6.452651]],"crs":null},"properties":{"tension_kv":"220","circuito":"SALTO IV - BARBOSA","estado":"OPERACION"}},{"type":"Feature","geometry":{"type":"LineString","coordinates":[[-75.302753,6.456276],[-75.306895,6.454339]],"crs":null},"properties":{"tension_kv":"220","circuito":"SALTO IV - BARBOSA","estado":"OPERACION"}},{"type":"Feature","geometry":{"type":"LineString","coordinates":[[-75.317608,6.458774],[-75.320201,6.457947]],"crs":null},"properties":{"tension_kv":"110","circuito":"SALTO - ZAMORA","estado":"OPERACION"}},{"type":"Feature","geometry":{"type":"LineString","coordinates":[[-75.313924,6.459932],[-75.317608,6.458774]],"crs":null},"properties":{"tension_kv":"110","circuito":"SALTO - ZAMORA","estado":"OPERACION"}},{"type":"Feature","geometry":{"type":"LineString","coordinates":[[-75.310599,6.460967],[-75.313924,6.459932]],"crs":null},"properties":{"tension_kv":"110","circuito":"SALTO - ZAMORA","estado":"OPERACION"}},{"type":"Feature","geometry":{"type":"LineString","coordinates":[[-75.338936,6.454245],[-75.342542,6.453948]],"crs":null},"properties":{"tension_kv":"220","circuito":"BARBOSA - TASAJERA","estado":"OPERACION"}},{"type":"Feature","geometry":{"type":"LineString","coordinates":[[-75.345841,6.453724],[-75.348937,6.453466]],"crs":null},"properties":{"tension_kv":"220","circuito":"GUADALUPE IV - OCCIDENTE","estado":"OPERACION"}},{"type":"Feature","geometry":{"type":"LineString","coordinates":[[-75.342542,6.453948],[-75.345832,6.453677]],"crs":null},"properties":{"tension_kv":"220","circuito":"BARBOSA - TASAJERA","estado":"OPERACION"}},{"type":"Feature","geometry":{"type":"LineString","coordinates":[[-75.364733,6.452056],[-75.366492,6.451893]],"crs":null},"properties":{"tension_kv":"220","circuito":"BARBOSA - TASAJERA","estado":"OPERACION"}},{"type":"Feature","geometry":{"type":"LineString","coordinates":[[-75.364737,6.452122],[-75.366494,6.451952]],"crs":null},"properties":{"tension_kv":"220","circuito":"GUADALUPE IV - OCCIDENTE","estado":"OPERACION"}},{"type":"Feature","geometry":{"type":"LineString","coordinates":[[-75.361491,6.452315],[-75.364733,6.452056]],"crs":null},"properties":{"tension_kv":"220","circuito":"BARBOSA - TASAJERA","estado":"OPERACION"}},{"type":"Feature","geometry":{"type":"LineString","coordinates":[[-75.361481,6.452381],[-75.364737,6.452122]],"crs":null},"properties":{"tension_kv":"220","circuito":"GUADALUPE IV - OCCIDENTE","estado":"OPERACION"}},{"type":"Feature","geometry":{"type":"LineString","coordinates":[[-75.348937,6.453466],[-75.353435,6.453075]],"crs":null},"properties":{"tension_kv":"220","circuito":"GUADALUPE IV - OCCIDENTE","estado":"OPERACION"}},{"type":"Feature","geometry":{"type":"LineString","coordinates":[[-75.348938,6.453402],[-75.353437,6.453012]],"crs":null},"properties":{"tension_kv":"220","circuito":"BARBOSA - TASAJERA","estado":"OPERACION"}},{"type":"Feature","geometry":{"type":"LineString","coordinates":[[-75.356135,6.452794],[-75.361491,6.452315]],"crs":null},"properties":{"tension_kv":"220","circuito":"BARBOSA - TASAJERA","estado":"OPERACION"}},{"type":"Feature","geometry":{"type":"LineString","coordinates":[[-75.353437,6.453012],[-75.356135,6.452794]],"crs":null},"properties":{"tension_kv":"220","circuito":"BARBOSA - TASAJERA","estado":"OPERACION"}},{"type":"Feature","geometry":{"type":"LineString","coordinates":[[-75.356128,6.45286],[-75.361481,6.452381]],"crs":null},"properties":{"tension_kv":"220","circuito":"GUADALUPE IV - OCCIDENTE","estado":"OPERACION"}},{"type":"Feature","geometry":{"type":"LineString","coordinates":[[-75.353435,6.453075],[-75.356128,6.45286]],"crs":null},"properties":{"tension_kv":"220","circuito":"GUADALUPE IV - OCCIDENTE","estado":"OPERACION"}},{"type":"Feature","geometry":{"type":"LineString","coordinates":[[-75.345832,6.453677],[-75.348938,6.453402]],"crs":null},"properties":{"tension_kv":"220","circuito":"BARBOSA - TASAJERA","estado":"OPERACION"}},{"type":"Feature","geometry":{"type":"LineString","coordinates":[[-75.345841,6.453724],[-75.345805,6.454214]],"crs":null},"properties":{"tension_kv":"220","circuito":"GUADALUPE IV - OCCIDENTE","estado":"OPERACION"}},{"type":"Feature","geometry":{"type":"LineString","coordinates":[[-75.343175,6.457534],[-75.345805,6.454214]],"crs":null},"properties":{"tension_kv":"220","circuito":"GUADALUPE IV - OCCIDENTE","estado":"OPERACION"}},{"type":"Feature","geometry":{"type":"LineString","coordinates":[[-75.336653,6.462173],[-75.343175,6.457534]],"crs":null},"properties":{"tension_kv":"220","circuito":"GUADALUPE IV - OCCIDENTE","estado":"OPERACION"}},{"type":"Feature","geometry":{"type":"LineString","coordinates":[[-75.331874,6.465517],[-75.33667,6.46216]],"crs":null},"properties":{"tension_kv":"220","circuito":"GUADALUPE IV - OCCIDENTE","estado":"OPERACION"}},{"type":"Feature","geometry":{"type":"LineString","coordinates":[[-75.349045,6.448309],[-75.349593,6.449157]],"crs":null},"properties":{"tension_kv":"110","circuito":"RIOGRANDE - BELLO","estado":"OPERACION"}},{"type":"Feature","geometry":{"type":"LineString","coordinates":[[-75.348993,6.44833],[-75.349539,6.449191]],"crs":null},"properties":{"tension_kv":"110","circuito":"RIOGRANDE - GIRARDOTA","estado":"OPERACION"}},{"type":"Feature","geometry":{"type":"LineString","coordinates":[[-75.646236,6.21779],[-75.638509,6.215559]],"crs":null},"properties":{"tension_kv":"110","circuito":"BELEN - ANCON SUR","estado":"OPERACION"}},{"type":"Feature","geometry":{"type":"LineString","coordinates":[[-75.64627,6.217732],[-75.638527,6.215498]],"crs":null},"properties":{"tension_kv":"220","circuito":"OCCIDENTE - ENVIGADO","estado":"OPERACION"}},{"type":"Feature","geometry":{"type":"LineString","coordinates":[[-75.655538,6.220399],[-75.653649,6.219855]],"crs":null},"properties":{"tension_kv":"220","circuito":"OCCIDENTE - ENVIGADO","estado":"OPERACION"}},{"type":"Feature","geometry":{"type":"LineString","coordinates":[[-75.655521,6.220461],[-75.65363,6.21992]],"crs":null},"properties":{"tension_kv":"110","circuito":"BELEN - ANCON SUR","estado":"OPERACION"}},{"type":"Feature","geometry":{"type":"LineString","coordinates":[[-75.65363,6.21992],[-75.646236,6.21779]],"crs":null},"properties":{"tension_kv":"110","circuito":"BELEN - ANCON SUR","estado":"OPERACION"}},{"type":"Feature","geometry":{"type":"LineString","coordinates":[[-75.638509,6.215559],[-75.635612,6.214714]],"crs":null},"properties":{"tension_kv":"110","circuito":"BELEN - ANCON SUR","estado":"OPERACION"}},{"type":"Feature","geometry":{"type":"LineString","coordinates":[[-75.638527,6.215498],[-75.635627,6.214652]],"crs":null},"properties":{"tension_kv":"220","circuito":"OCCIDENTE - ENVIGADO","estado":"OPERACION"}},{"type":"Feature","geometry":{"type":"LineString","coordinates":[[-75.653649,6.219855],[-75.64627,6.217732]],"crs":null},"properties":{"tension_kv":"220","circuito":"OCCIDENTE - ENVIGADO","estado":"OPERACION"}},{"type":"Feature","geometry":{"type":"LineString","coordinates":[[-75.403549,6.449179],[-75.406828,6.447442]],"crs":null},"properties":{"tension_kv":"220","circuito":"GUADALUPE IV - OCCIDENTE","estado":"OPERACION"}},{"type":"Feature","geometry":{"type":"LineString","coordinates":[[-75.403548,6.449116],[-75.406782,6.447395]],"crs":null},"properties":{"tension_kv":"220","circuito":"BARBOSA - TASAJERA","estado":"OPERACION"}},{"type":"Feature","geometry":{"type":"LineString","coordinates":[[-75.399424,6.449622],[-75.403549,6.449179]],"crs":null},"properties":{"tension_kv":"220","circuito":"GUADALUPE IV - OCCIDENTE","estado":"OPERACION"}},{"type":"Feature","geometry":{"type":"LineString","coordinates":[[-75.399424,6.449559],[-75.403548,6.449116]],"crs":null},"properties":{"tension_kv":"220","circuito":"BARBOSA - TASAJERA","estado":"OPERACION"}},{"type":"Feature","geometry":{"type":"LineString","coordinates":[[-75.367224,6.494247],[-75.366889,6.489228]],"crs":null},"properties":{"tension_kv":"110","circuito":"RIOGRANDE - BELLO","estado":"OPERACION"}},{"type":"Feature","geometry":{"type":"LineString","coordinates":[[-75.367163,6.494249],[-75.366823,6.48924]],"crs":null},"properties":{"tension_kv":"110","circuito":"RIOGRANDE - GIRARDOTA","estado":"OPERACION"}},{"type":"Feature","geometry":{"type":"LineString","coordinates":[[-75.273528,6.524855],[-75.278423,6.514974]],"crs":null},"properties":{"tension_kv":"220","circuito":"GUADALUPE IV - OCCIDENTE","estado":"OPERACION"}},{"type":"Feature","geometry":{"type":"LineString","coordinates":[[-75.268796,6.521121],[-75.274615,6.514714]],"crs":null},"properties":{"tension_kv":"220","circuito":"PORCE II - BARBOSA","estado":"OPERACION"}},{"type":"Feature","geometry":{"type":"LineString","coordinates":[[-75.268841,6.521166],[-75.27466,6.514756]],"crs":null},"properties":{"tension_kv":"220","circuito":"SALTO IV - BELLO","estado":"OPERACION"}},{"type":"Feature","geometry":{"type":"LineString","coordinates":[[-75.266129,6.52401],[-75.268796,6.521121]],"crs":null},"properties":{"tension_kv":"220","circuito":"PORCE II - BARBOSA","estado":"OPERACION"}},{"type":"Feature","geometry":{"type":"LineString","coordinates":[[-75.266176,6.524052],[-75.268841,6.521166]],"crs":null},"properties":{"tension_kv":"220","circuito":"SALTO IV - BELLO","estado":"OPERACION"}},{"type":"Feature","geometry":{"type":"LineString","coordinates":[[-75.252397,6.519028],[-75.256317,6.513536]],"crs":null},"properties":{"tension_kv":"220","circuito":"SALTO IV - BARBOSA","estado":"OPERACION"}},{"type":"Feature","geometry":{"type":"LineString","coordinates":[[-75.248786,6.522092],[-75.252397,6.519028]],"crs":null},"properties":{"tension_kv":"220","circuito":"SALTO IV - BARBOSA","estado":"OPERACION"}},{"type":"Feature","geometry":{"type":"LineString","coordinates":[[-75.259226,6.519471],[-75.263848,6.513215]],"crs":null},"properties":{"tension_kv":"110","circuito":"SALTO - ZAMORA","estado":"OPERACION"}},{"type":"Feature","geometry":{"type":"LineString","coordinates":[[-75.256188,6.523484],[-75.259236,6.519458]],"crs":null},"properties":{"tension_kv":"110","circuito":"SALTO - ZAMORA","estado":"OPERACION"}},{"type":"Feature","geometry":{"type":"LineString","coordinates":[[-75.454198,6.383028],[-75.454652,6.383009]],"crs":null},"properties":{"tension_kv":"110","circuito":"GIRARDOTA - ENKA","estado":"OPERACION"}},{"type":"Feature","geometry":{"type":"LineString","coordinates":[[-75.354555,6.431438],[-75.351315,6.434558]],"crs":null},"properties":{"tension_kv":"110","circuito":"BARBOSA - GIRARDOTA","estado":"OPERACION"}},{"type":"Feature","geometry":{"type":"LineString","coordinates":[[-75.605776,6.354009],[-75.606293,6.353446]],"crs":null},"properties":{"tension_kv":"110","circuito":"OCCIDENTE - CABANAS","estado":"OPERACION"}},{"type":"Feature","geometry":{"type":"LineString","coordinates":[[-75.606293,6.353446],[-75.606291,6.351016]],"crs":null},"properties":{"tension_kv":"110","circuito":"OCCIDENTE - CABANAS","estado":"OPERACION"}},{"type":"Feature","geometry":{"type":"LineString","coordinates":[[-75.606291,6.351016],[-75.605234,6.348334]],"crs":null},"properties":{"tension_kv":"110","circuito":"OCCIDENTE - CABANAS","estado":"OPERACION"}},{"type":"Feature","geometry":{"type":"LineString","coordinates":[[-75.605234,6.348334],[-75.603938,6.347168]],"crs":null},"properties":{"tension_kv":"110","circuito":"OCCIDENTE - CABANAS","estado":"OPERACION"}},{"type":"Feature","geometry":{"type":"LineString","coordinates":[[-75.603938,6.347168],[-75.601123,6.344645]],"crs":null},"properties":{"tension_kv":"110","circuito":"OCCIDENTE - CABANAS","estado":"OPERACION"}},{"type":"Feature","geometry":{"type":"LineString","coordinates":[[-75.601123,6.344645],[-75.599852,6.342253]],"crs":null},"properties":{"tension_kv":"110","circuito":"OCCIDENTE - CABANAS","estado":"OPERACION"}},{"type":"Feature","geometry":{"type":"LineString","coordinates":[[-75.599852,6.342253],[-75.598581,6.339823]],"crs":null},"properties":{"tension_kv":"110","circuito":"OCCIDENTE - CABANAS","estado":"OPERACION"}},{"type":"Feature","geometry":{"type":"LineString","coordinates":[[-75.598581,6.339823],[-75.591629,6.330892]],"crs":null},"properties":{"tension_kv":"110","circuito":"OCCIDENTE - CABANAS","estado":"OPERACION"}},{"type":"Feature","geometry":{"type":"LineString","coordinates":[[-75.591629,6.330892],[-75.587286,6.325316]],"crs":null},"properties":{"tension_kv":"110","circuito":"OCCIDENTE - CABANAS","estado":"OPERACION"}},{"type":"Feature","geometry":{"type":"LineString","coordinates":[[-75.587286,6.325316],[-75.584998,6.322415]],"crs":null},"properties":{"tension_kv":"110","circuito":"OCCIDENTE - CABANAS","estado":"OPERACION"}},{"type":"Feature","geometry":{"type":"LineString","coordinates":[[-75.584998,6.322415],[-75.585111,6.322373]],"crs":null},"properties":{"tension_kv":"110","circuito":"OCCIDENTE - CABANAS","estado":"OPERACION"}},{"type":"Feature","geometry":{"type":"LineString","coordinates":[[-75.585111,6.322373],[-75.589658,6.314931]],"crs":null},"properties":{"tension_kv":"110","circuito":"OCCIDENTE - CABANAS","estado":"OPERACION"}},{"type":"Feature","geometry":{"type":"LineString","coordinates":[[-75.589658,6.314931],[-75.590192,6.313435]],"crs":null},"properties":{"tension_kv":"110","circuito":"OCCIDENTE - CABANAS","estado":"OPERACION"}},{"type":"Feature","geometry":{"type":"LineString","coordinates":[[-75.590192,6.313435],[-75.587378,6.313073]],"crs":null},"properties":{"tension_kv":"110","circuito":"OCCIDENTE - CABANAS","estado":"OPERACION"}},{"type":"Feature","geometry":{"type":"LineString","coordinates":[[-75.587378,6.313073],[-75.586158,6.311833]],"crs":null},"properties":{"tension_kv":"110","circuito":"OCCIDENTE - CABANAS","estado":"OPERACION"}},{"type":"Feature","geometry":{"type":"LineString","coordinates":[[-75.586158,6.311833],[-75.585887,6.311896]],"crs":null},"properties":{"tension_kv":"110","circuito":"OCCIDENTE - CABANAS","estado":"OPERACION"}},{"type":"Feature","geometry":{"type":"LineString","coordinates":[[-75.273484,6.524813],[-75.278377,6.514931]],"crs":null},"properties":{"tension_kv":"220","circuito":"GUADALUPE IV - BARBOSA I","estado":"OPERACION"}},{"type":"Feature","geometry":{"type":"LineString","coordinates":[[-75.278377,6.514931],[-75.279552,6.512746]],"crs":null},"properties":{"tension_kv":"220","circuito":"GUADALUPE IV - BARBOSA I","estado":"OPERACION"}},{"type":"Feature","geometry":{"type":"LineString","coordinates":[[-75.279552,6.512746],[-75.283347,6.505944]],"crs":null},"properties":{"tension_kv":"220","circuito":"GUADALUPE IV - BARBOSA I","estado":"OPERACION"}},{"type":"Feature","geometry":{"type":"LineString","coordinates":[[-75.283347,6.505944],[-75.284075,6.504734]],"crs":null},"properties":{"tension_kv":"220","circuito":"GUADALUPE IV - BARBOSA I","estado":"OPERACION"}},{"type":"Feature","geometry":{"type":"LineString","coordinates":[[-75.284075,6.504734],[-75.289254,6.496877]],"crs":null},"properties":{"tension_kv":"220","circuito":"GUADALUPE IV - BARBOSA I","estado":"OPERACION"}},{"type":"Feature","geometry":{"type":"LineString","coordinates":[[-75.289254,6.496877],[-75.290031,6.495743]],"crs":null},"properties":{"tension_kv":"220","circuito":"GUADALUPE IV - BARBOSA I","estado":"OPERACION"}},{"type":"Feature","geometry":{"type":"LineString","coordinates":[[-75.290031,6.495746],[-75.291206,6.494713]],"crs":null},"properties":{"tension_kv":"220","circuito":"GUADALUPE IV - BARBOSA I","estado":"OPERACION"}},{"type":"Feature","geometry":{"type":"LineString","coordinates":[[-75.291207,6.494713],[-75.299442,6.487416]],"crs":null},"properties":{"tension_kv":"220","circuito":"GUADALUPE IV - BARBOSA I","estado":"OPERACION"}},{"type":"Feature","geometry":{"type":"LineString","coordinates":[[-75.299442,6.487419],[-75.301992,6.485136]],"crs":null},"properties":{"tension_kv":"220","circuito":"GUADALUPE IV - BARBOSA I","estado":"OPERACION"}},{"type":"Feature","geometry":{"type":"LineString","coordinates":[[-75.301991,6.485139],[-75.304254,6.483119]],"crs":null},"properties":{"tension_kv":"220","circuito":"GUADALUPE IV - BARBOSA I","estado":"OPERACION"}},{"type":"Feature","geometry":{"type":"LineString","coordinates":[[-75.304251,6.48312],[-75.30892,6.478975]],"crs":null},"properties":{"tension_kv":"220","circuito":"GUADALUPE IV - BARBOSA I","estado":"OPERACION"}},{"type":"Feature","geometry":{"type":"LineString","coordinates":[[-75.308922,6.478975],[-75.313914,6.474507]],"crs":null},"properties":{"tension_kv":"220","circuito":"GUADALUPE IV - BARBOSA I","estado":"OPERACION"}},{"type":"Feature","geometry":{"type":"LineString","coordinates":[[-75.313912,6.474507],[-75.316644,6.473051]],"crs":null},"properties":{"tension_kv":"220","circuito":"GUADALUPE IV - BARBOSA I","estado":"OPERACION"}},{"type":"Feature","geometry":{"type":"LineString","coordinates":[[-75.316644,6.473051],[-75.322964,6.469695]],"crs":null},"properties":{"tension_kv":"220","circuito":"GUADALUPE IV - BARBOSA I","estado":"OPERACION"}},{"type":"Feature","geometry":{"type":"LineString","coordinates":[[-75.322964,6.469695],[-75.324604,6.468754]],"crs":null},"properties":{"tension_kv":"220","circuito":"GUADALUPE IV - BARBOSA I","estado":"OPERACION"}},{"type":"Feature","geometry":{"type":"LineString","coordinates":[[-75.324604,6.468754],[-75.325824,6.468174]],"crs":null},"properties":{"tension_kv":"220","circuito":"GUADALUPE IV - BARBOSA I","estado":"OPERACION"}},{"type":"Feature","geometry":{"type":"LineString","coordinates":[[-75.325824,6.468174],[-75.331829,6.465469]],"crs":null},"properties":{"tension_kv":"220","circuito":"GUADALUPE IV - BARBOSA I","estado":"OPERACION"}},{"type":"Feature","geometry":{"type":"LineString","coordinates":[[-75.331829,6.465469],[-75.336624,6.462119]],"crs":null},"properties":{"tension_kv":"220","circuito":"GUADALUPE IV - BARBOSA I","estado":"OPERACION"}},{"type":"Feature","geometry":{"type":"LineString","coordinates":[[-75.336624,6.462119],[-75.339836,6.459835]],"crs":null},"properties":{"tension_kv":"220","circuito":"GUADALUPE IV - BARBOSA I","estado":"OPERACION"}},{"type":"Feature","geometry":{"type":"LineString","coordinates":[[-75.339836,6.459835],[-75.343131,6.457483]],"crs":null},"properties":{"tension_kv":"220","circuito":"GUADALUPE IV - BARBOSA I","estado":"OPERACION"}},{"type":"Feature","geometry":{"type":"LineString","coordinates":[[-75.343131,6.457483],[-75.345746,6.454212]],"crs":null},"properties":{"tension_kv":"220","circuito":"GUADALUPE IV - BARBOSA I","estado":"OPERACION"}},{"type":"Feature","geometry":{"type":"LineString","coordinates":[[-75.345746,6.454212],[-75.345793,6.453728]],"crs":null},"properties":{"tension_kv":"220","circuito":"GUADALUPE IV - BARBOSA I","estado":"OPERACION"}},{"type":"Feature","geometry":{"type":"LineString","coordinates":[[-75.345793,6.453728],[-75.342551,6.454012]],"crs":null},"properties":{"tension_kv":"220","circuito":"GUADALUPE IV - BARBOSA I","estado":"OPERACION"}},{"type":"Feature","geometry":{"type":"LineString","coordinates":[[-75.342551,6.454012],[-75.338924,6.454306]],"crs":null},"properties":{"tension_kv":"220","circuito":"GUADALUPE IV - BARBOSA I","estado":"OPERACION"}},{"type":"Feature","geometry":{"type":"LineString","coordinates":[[-75.338924,6.454306],[-75.337056,6.451793]],"crs":null},"properties":{"tension_kv":"220","circuito":"GUADALUPE IV - BARBOSA I","estado":"OPERACION"}},{"type":"Feature","geometry":{"type":"LineString","coordinates":[[-75.337056,6.451793],[-75.334761,6.448747]],"crs":null},"properties":{"tension_kv":"220","circuito":"GUADALUPE IV - BARBOSA I","estado":"OPERACION"}},{"type":"Feature","geometry":{"type":"LineString","coordinates":[[-75.334761,6.448747],[-75.332764,6.446051]],"crs":null},"properties":{"tension_kv":"220","circuito":"GUADALUPE IV - BARBOSA I","estado":"OPERACION"}},{"type":"Feature","geometry":{"type":"LineString","coordinates":[[-75.332764,6.446051],[-75.331077,6.443406]],"crs":null},"properties":{"tension_kv":"220","circuito":"GUADALUPE IV - BARBOSA I","estado":"OPERACION"}},{"type":"Feature","geometry":{"type":"LineString","coordinates":[[-75.331077,6.443406],[-75.331076,6.443189]],"crs":null},"properties":{"tension_kv":"220","circuito":"GUADALUPE IV - BARBOSA I","estado":"OPERACION"}},{"type":"Feature","geometry":{"type":"LineString","coordinates":[[-75.538824,6.339012],[-75.538673,6.338827]],"crs":null},"properties":{"tension_kv":"220","circuito":"TASAJERA - BELLO","estado":"OPERACION"}},{"type":"Feature","geometry":{"type":"LineString","coordinates":[[-75.256142,6.523441],[-75.259191,6.519411]],"crs":null},"properties":{"tension_kv":"110","circuito":"SALTO - BARBOSA III","estado":"OPERACION"}},{"type":"Feature","geometry":{"type":"LineString","coordinates":[[-75.259191,6.519411],[-75.263802,6.513177]],"crs":null},"properties":{"tension_kv":"110","circuito":"SALTO - BARBOSA III","estado":"OPERACION"}},{"type":"Feature","geometry":{"type":"LineString","coordinates":[[-75.263802,6.513177],[-75.268888,6.506342]],"crs":null},"properties":{"tension_kv":"110","circuito":"SALTO - BARBOSA III","estado":"OPERACION"}},{"type":"Feature","geometry":{"type":"LineString","coordinates":[[-75.268888,6.506342],[-75.271442,6.502911]],"crs":null},"properties":{"tension_kv":"110","circuito":"SALTO - BARBOSA III","estado":"OPERACION"}},{"type":"Feature","geometry":{"type":"LineString","coordinates":[[-75.271442,6.502911],[-75.274175,6.499233]],"crs":null},"properties":{"tension_kv":"110","circuito":"SALTO - BARBOSA III","estado":"OPERACION"}},{"type":"Feature","geometry":{"type":"LineString","coordinates":[[-75.274175,6.499233],[-75.275296,6.497058]],"crs":null},"properties":{"tension_kv":"110","circuito":"SALTO - BARBOSA III","estado":"OPERACION"}},{"type":"Feature","geometry":{"type":"LineString","coordinates":[[-75.275296,6.497058],[-75.277103,6.493299]],"crs":null},"properties":{"tension_kv":"110","circuito":"SALTO - BARBOSA III","estado":"OPERACION"}},{"type":"Feature","geometry":{"type":"LineString","coordinates":[[-75.277103,6.493299],[-75.280473,6.486645]],"crs":null},"properties":{"tension_kv":"110","circuito":"SALTO - BARBOSA III","estado":"OPERACION"}},{"type":"Feature","geometry":{"type":"LineString","coordinates":[[-75.280473,6.486645],[-75.283239,6.482951]],"crs":null},"properties":{"tension_kv":"110","circuito":"SALTO - BARBOSA III","estado":"OPERACION"}},{"type":"Feature","geometry":{"type":"LineString","coordinates":[[-75.283239,6.482951],[-75.285557,6.479977]],"crs":null},"properties":{"tension_kv":"110","circuito":"SALTO - BARBOSA III","estado":"OPERACION"}},{"type":"Feature","geometry":{"type":"LineString","coordinates":[[-75.285557,6.479977],[-75.288229,6.476483]],"crs":null},"properties":{"tension_kv":"110","circuito":"SALTO - BARBOSA III","estado":"OPERACION"}},{"type":"Feature","geometry":{"type":"LineString","coordinates":[[-75.288229,6.476483],[-75.290858,6.472921]],"crs":null},"properties":{"tension_kv":"110","circuito":"SALTO - BARBOSA III","estado":"OPERACION"}},{"type":"Feature","geometry":{"type":"LineString","coordinates":[[-75.290858,6.472921],[-75.294072,6.468911]],"crs":null},"properties":{"tension_kv":"110","circuito":"SALTO - BARBOSA III","estado":"OPERACION"}},{"type":"Feature","geometry":{"type":"LineString","coordinates":[[-75.294072,6.468911],[-75.296742,6.465269]],"crs":null},"properties":{"tension_kv":"110","circuito":"SALTO - BARBOSA III","estado":"OPERACION"}},{"type":"Feature","geometry":{"type":"LineString","coordinates":[[-75.296742,6.465269],[-75.300738,6.463998]],"crs":null},"properties":{"tension_kv":"110","circuito":"SALTO - BARBOSA III","estado":"OPERACION"}},{"type":"Feature","geometry":{"type":"LineString","coordinates":[[-75.300738,6.463998],[-75.306593,6.462148]],"crs":null},"properties":{"tension_kv":"110","circuito":"SALTO - BARBOSA III","estado":"OPERACION"}},{"type":"Feature","geometry":{"type":"LineString","coordinates":[[-75.306593,6.462148],[-75.310561,6.460918]],"crs":null},"properties":{"tension_kv":"110","circuito":"SALTO - BARBOSA III","estado":"OPERACION"}},{"type":"Feature","geometry":{"type":"LineString","coordinates":[[-75.310561,6.460918],[-75.313883,6.459881]],"crs":null},"properties":{"tension_kv":"110","circuito":"SALTO - BARBOSA III","estado":"OPERACION"}},{"type":"Feature","geometry":{"type":"LineString","coordinates":[[-75.313883,6.459881],[-75.317569,6.458728]],"crs":null},"properties":{"tension_kv":"110","circuito":"SALTO - BARBOSA III","estado":"OPERACION"}},{"type":"Feature","geometry":{"type":"LineString","coordinates":[[-75.317569,6.458728],[-75.320163,6.457904]],"crs":null},"properties":{"tension_kv":"110","circuito":"SALTO - BARBOSA III","estado":"OPERACION"}},{"type":"Feature","geometry":{"type":"LineString","coordinates":[[-75.320163,6.457904],[-75.324925,6.456403]],"crs":null},"properties":{"tension_kv":"110","circuito":"SALTO - BARBOSA III","estado":"OPERACION"}},{"type":"Feature","geometry":{"type":"LineString","coordinates":[[-75.324925,6.456403],[-75.332699,6.451963]],"crs":null},"properties":{"tension_kv":"110","circuito":"SALTO - BARBOSA III","estado":"OPERACION"}},{"type":"Feature","geometry":{"type":"LineString","coordinates":[[-75.332699,6.451963],[-75.336807,6.449619]],"crs":null},"properties":{"tension_kv":"110","circuito":"SALTO - BARBOSA III","estado":"OPERACION"}},{"type":"Feature","geometry":{"type":"LineString","coordinates":[[-75.336807,6.449619],[-75.336754,6.449557]],"crs":null},"properties":{"tension_kv":"110","circuito":"SALTO - BARBOSA III","estado":"OPERACION"}},{"type":"Feature","geometry":{"type":"LineString","coordinates":[[-75.336754,6.449557],[-75.332873,6.445798]],"crs":null},"properties":{"tension_kv":"110","circuito":"SALTO - BARBOSA III","estado":"OPERACION"}},{"type":"Feature","geometry":{"type":"LineString","coordinates":[[-75.332873,6.445798],[-75.331553,6.441875]],"crs":null},"properties":{"tension_kv":"110","circuito":"SALTO - BARBOSA III","estado":"OPERACION"}},{"type":"Feature","geometry":{"type":"LineString","coordinates":[[-75.331551,6.441878],[-75.331178,6.442384]],"crs":null},"properties":{"tension_kv":"110","circuito":"SALTO - BARBOSA III","estado":"OPERACION"}},{"type":"Feature","geometry":{"type":"LineString","coordinates":[[-75.611668,6.187814],[-75.604635,6.182568]],"crs":null},"properties":{"tension_kv":"110","circuito":"ITAGUI - ENVIGADO","estado":"OPERACION"}},{"type":"Feature","geometry":{"type":"LineString","coordinates":[[-75.566333,6.29457],[-75.566438,6.294416]],"crs":null},"properties":{"tension_kv":"110","circuito":"BELLO - CASTILLA I","estado":"OPERACION"}},{"type":"Feature","geometry":{"type":"LineString","coordinates":[[-75.566272,6.294545],[-75.566367,6.294361]],"crs":null},"properties":{"tension_kv":"110","circuito":"BELLO - CASTILLA II","estado":"OPERACION"}},{"type":"Feature","geometry":{"type":"LineString","coordinates":[[-75.566459,6.293934],[-75.566454,6.294103]],"crs":null},"properties":{"tension_kv":"110","circuito":"CASTILLA - CENTRAL II","estado":"OPERACION"}},{"type":"Feature","geometry":{"type":"LineString","coordinates":[[-75.566521,6.293953],[-75.566527,6.294092]],"crs":null},"properties":{"tension_kv":"110","circuito":"CASTILLA - CENTRAL I","estado":"OPERACION"}},{"type":"Feature","geometry":{"type":"LineString","coordinates":[[-75.55581,6.324016],[-75.555906,6.323867]],"crs":null},"properties":{"tension_kv":"110","circuito":"SALTO - ZAMORA","estado":"OPERACION"}},{"type":"Feature","geometry":{"type":"LineString","coordinates":[[-75.555805,6.323952],[-75.555797,6.323819]],"crs":null},"properties":{"tension_kv":"110","circuito":"GIRARDOTA - ZAMORA","estado":"OPERACION"}},{"type":"Feature","geometry":{"type":"LineString","coordinates":[[-75.546608,6.275018],[-75.546326,6.274912]],"crs":null},"properties":{"tension_kv":"110","circuito":"BELLO - PIEDRAS BLANCAS","estado":"OPERACION"}},{"type":"Feature","geometry":{"type":"LineString","coordinates":[[-75.546528,6.274814],[-75.546321,6.274861]],"crs":null},"properties":{"tension_kv":"110","circuito":"PIEDRAS BLANCAS - VILLA HERMOSA","estado":"OPERACION"}},{"type":"Feature","geometry":{"type":"LineString","coordinates":[[-75.57907,6.252161],[-75.579359,6.252388]],"crs":null},"properties":{"tension_kv":"110","circuito":"CASTILLA - CENTRAL I","estado":"OPERACION"}},{"type":"Feature","geometry":{"type":"LineString","coordinates":[[-75.579016,6.252129],[-75.579306,6.252318]],"crs":null},"properties":{"tension_kv":"110","circuito":"CASTILLA - CENTRAL II","estado":"OPERACION"}},{"type":"Feature","geometry":{"type":"LineString","coordinates":[[-75.554353,6.253471],[-75.554786,6.253402]],"crs":null},"properties":{"tension_kv":"110","circuito":"PIEDRAS BLANCAS - VILLA HERMOSA","estado":"OPERACION"}},{"type":"Feature","geometry":{"type":"LineString","coordinates":[[-75.554398,6.253425],[-75.554913,6.25333]],"crs":null},"properties":{"tension_kv":"110","circuito":"MIRAFLORES - VILLA HERMOSA","estado":"OPERACION"}},{"type":"Feature","geometry":{"type":"LineString","coordinates":[[-75.53799,6.229527],[-75.538138,6.230002]],"crs":null},"properties":{"tension_kv":"110","circuito":"CORDOBA - MIRAFLORES","estado":"OPERACION"}},{"type":"Feature","geometry":{"type":"LineString","coordinates":[[-75.5792,6.251887],[-75.579473,6.252101]],"crs":null},"properties":{"tension_kv":"110","circuito":"CENTRAL - GUAYABAL I","estado":"OPERACION"}},{"type":"Feature","geometry":{"type":"LineString","coordinates":[[-75.580531,6.253096],[-75.579471,6.252557]],"crs":null},"properties":{"tension_kv":"110","circuito":"BELLO - CENTRAL 2","estado":"OPERACION"}},{"type":"Feature","geometry":{"type":"LineString","coordinates":[[-75.58059,6.253076],[-75.579589,6.252245]],"crs":null},"properties":{"tension_kv":"110","circuito":"BELLO - CENTRAL 1","estado":"OPERACION"}},{"type":"Feature","geometry":{"type":"LineString","coordinates":[[-75.579198,6.208466],[-75.580207,6.208371]],"crs":null},"properties":{"tension_kv":"110","circuito":"CENTRAL - GUAYABAL II","estado":"OPERACION"}},{"type":"Feature","geometry":{"type":"LineString","coordinates":[[-75.579251,6.208498],[-75.580227,6.208558]],"crs":null},"properties":{"tension_kv":"110","circuito":"CENTRAL - GUAYABAL I","estado":"OPERACION"}},{"type":"Feature","geometry":{"type":"LineString","coordinates":[[-75.579139,6.251881],[-75.579378,6.25216]],"crs":null},"properties":{"tension_kv":"110","circuito":"CENTRAL - GUAYABAL II","estado":"OPERACION"}},{"type":"Feature","geometry":{"type":"LineString","coordinates":[[-75.535598,6.337928],[-75.533628,6.339642]],"crs":null},"properties":{"tension_kv":"110","circuito":"PIEDRAS BLANCAS - GIRARDOTA","estado":"OPERACION"}},{"type":"Feature","geometry":{"type":"LineString","coordinates":[[-75.569379,6.237375],[-75.569226,6.237375]],"crs":null},"properties":{"tension_kv":"110","circuito":"R15-90","estado":"OPERACION"}},{"type":"Feature","geometry":{"type":"LineString","coordinates":[[-75.593938,6.175593],[-75.593768,6.175592]],"crs":null},"properties":{"tension_kv":"110","circuito":"R09-90","estado":"OPERACION"}},{"type":"Feature","geometry":{"type":"LineString","coordinates":[[-75.536935,6.337916],[-75.539054,6.334485]],"crs":null},"properties":{"tension_kv":"110","circuito":"BELLO - CENTRAL 1","estado":"OPERACION"}},{"type":"Feature","geometry":{"type":"LineString","coordinates":[[-75.611674,6.187873],[-75.613771,6.187014]],"crs":null},"properties":{"tension_kv":"110","circuito":"RODEO - ITAGUI","estado":"OPERACION"}},{"type":"Feature","geometry":{"type":"LineString","coordinates":[[-75.611858,6.187939],[-75.611674,6.187873]],"crs":null},"properties":{"tension_kv":"110","circuito":"RODEO - ITAGUI","estado":"OPERACION"}},{"type":"Feature","geometry":{"type":"LineString","coordinates":[[-75.536944,6.338335],[-75.535629,6.337953]],"crs":null},"properties":{"tension_kv":"110","circuito":"RIOGRANDE - BELLO","estado":"OPERACION"}},{"type":"Feature","geometry":{"type":"LineString","coordinates":[[-75.354599,6.431484],[-75.35136,6.434604]],"crs":null},"properties":{"tension_kv":"110","circuito":"SALTO - ZAMORA","estado":"OPERACION"}},{"type":"Feature","geometry":{"type":"LineString","coordinates":[[-75.594007,6.176458],[-75.594315,6.176167]],"crs":null},"properties":{"tension_kv":"110","circuito":"ENVIGADO - ANCON SUR","estado":"OPERACION"}},{"type":"Feature","geometry":{"type":"LineString","coordinates":[[-75.59397,6.176496],[-75.593736,6.175811]],"crs":null},"properties":{"tension_kv":"110","circuito":"GUAYABAL - ENVIGADO","estado":"OPERACION"}},{"type":"Feature","geometry":{"type":"LineString","coordinates":[[-75.593722,6.175782],[-75.593613,6.175638]],"crs":null},"properties":{"tension_kv":"110","circuito":"GUAYABAL - ENVIGADO","estado":"OPERACION"}},{"type":"Feature","geometry":{"type":"LineString","coordinates":[[-75.594007,6.176458],[-75.593774,6.175774]],"crs":null},"properties":{"tension_kv":"110","circuito":"ENVIGADO - ANCON SUR","estado":"OPERACION"}},{"type":"Feature","geometry":{"type":"LineString","coordinates":[[-75.59376,6.175753],[-75.593637,6.175596]],"crs":null},"properties":{"tension_kv":"110","circuito":"ENVIGADO - ANCON SUR","estado":"OPERACION"}},{"type":"Feature","geometry":{"type":"LineString","coordinates":[[-75.556308,6.323587],[-75.556396,6.323486]],"crs":null},"properties":{"tension_kv":"110","circuito":"R11-90","estado":"OPERACION"}},{"type":"Feature","geometry":{"type":"LineString","coordinates":[[-75.430788,6.41366],[-75.42949,6.412705]],"crs":null},"properties":{"tension_kv":"220","circuito":"TASAJERA - BELLO","estado":"OPERACION"}},{"type":"Feature","geometry":{"type":"LineString","coordinates":[[-75.593938,6.175567],[-75.593767,6.175567]],"crs":null},"properties":{"tension_kv":"110","circuito":"R09-91","estado":"OPERACION"}},{"type":"Feature","geometry":{"type":"LineString","coordinates":[[-75.330686,6.442491],[-75.331093,6.44223],[-75.333643,6.438804],[-75.336663,6.43541],[-75.340623,6.432018],[-75.344071,6.431079],[-75.344183,6.431415]],"crs":null},"properties":{"tension_kv":"110","circuito":"R13-90","estado":"OPERACION"}},{"type":"Feature","geometry":{"type":"LineString","coordinates":[[-75.628984,6.108404],[-75.629609,6.107357]],"crs":null},"properties":{"tension_kv":"110","circuito":"R12-81","estado":"OPERACION"}},{"type":"Feature","geometry":{"type":"LineString","coordinates":[[-75.629609,6.107357],[-75.631683,6.103257]],"crs":null},"properties":{"tension_kv":"110","circuito":"R12-81","estado":"OPERACION"}},{"type":"Feature","geometry":{"type":"LineString","coordinates":[[-75.631683,6.103257],[-75.63253,6.10187]],"crs":null},"properties":{"tension_kv":"110","circuito":"R12-81","estado":"OPERACION"}},{"type":"Feature","geometry":{"type":"LineString","coordinates":[[-75.63253,6.10187],[-75.6331,6.100169]],"crs":null},"properties":{"tension_kv":"110","circuito":"R12-81","estado":"OPERACION"}},{"type":"Feature","geometry":{"type":"LineString","coordinates":[[-75.6331,6.100169],[-75.631643,6.094716]],"crs":null},"properties":{"tension_kv":"110","circuito":"R12-81","estado":"OPERACION"}},{"type":"Feature","geometry":{"type":"LineString","coordinates":[[-75.634816,6.14935],[-75.634955,6.14916]],"crs":null},"properties":{"tension_kv":"110","circuito":"R12-81","estado":"OPERACION"}},{"type":"Feature","geometry":{"type":"LineString","coordinates":[[-75.634816,6.14935],[-75.633265,6.149353]],"crs":null},"properties":{"tension_kv":"110","circuito":"R12-81","estado":"OPERACION"}},{"type":"Feature","geometry":{"type":"LineString","coordinates":[[-75.633265,6.149353],[-75.631678,6.148353]],"crs":null},"properties":{"tension_kv":"110","circuito":"R12-81","estado":"OPERACION"}},{"type":"Feature","geometry":{"type":"LineString","coordinates":[[-75.631678,6.148353],[-75.631463,6.147752]],"crs":null},"properties":{"tension_kv":"110","circuito":"R12-81","estado":"OPERACION"}},{"type":"Feature","geometry":{"type":"LineString","coordinates":[[-75.631465,6.147753],[-75.630501,6.145974]],"crs":null},"properties":{"tension_kv":"110","circuito":"R12-81","estado":"OPERACION"}},{"type":"Feature","geometry":{"type":"LineString","coordinates":[[-75.630501,6.145974],[-75.630014,6.144167]],"crs":null},"properties":{"tension_kv":"110","circuito":"R12-81","estado":"OPERACION"}},{"type":"Feature","geometry":{"type":"LineString","coordinates":[[-75.630014,6.144167],[-75.629246,6.142044]],"crs":null},"properties":{"tension_kv":"110","circuito":"R12-81","estado":"OPERACION"}},{"type":"Feature","geometry":{"type":"LineString","coordinates":[[-75.629246,6.142044],[-75.628278,6.139826]],"crs":null},"properties":{"tension_kv":"110","circuito":"R12-81","estado":"OPERACION"}},{"type":"Feature","geometry":{"type":"LineString","coordinates":[[-75.628278,6.139826],[-75.62839,6.136702]],"crs":null},"properties":{"tension_kv":"110","circuito":"R12-81","estado":"OPERACION"}},{"type":"Feature","geometry":{"type":"LineString","coordinates":[[-75.62839,6.136702],[-75.628519,6.13345]],"crs":null},"properties":{"tension_kv":"110","circuito":"R12-81","estado":"OPERACION"}},{"type":"Feature","geometry":{"type":"LineString","coordinates":[[-75.628519,6.13345],[-75.627758,6.130579]],"crs":null},"properties":{"tension_kv":"110","circuito":"R12-81","estado":"OPERACION"}},{"type":"Feature","geometry":{"type":"LineString","coordinates":[[-75.627758,6.130579],[-75.626338,6.125366]],"crs":null},"properties":{"tension_kv":"110","circuito":"R12-81","estado":"OPERACION"}},{"type":"Feature","geometry":{"type":"LineString","coordinates":[[-75.626338,6.125366],[-75.625651,6.122659]],"crs":null},"properties":{"tension_kv":"110","circuito":"R12-81","estado":"OPERACION"}},{"type":"Feature","geometry":{"type":"LineString","coordinates":[[-75.625651,6.122659],[-75.625394,6.119736]],"crs":null},"properties":{"tension_kv":"110","circuito":"R12-81","estado":"OPERACION"}},{"type":"Feature","geometry":{"type":"LineString","coordinates":[[-75.625394,6.119736],[-75.625916,6.114282]],"crs":null},"properties":{"tension_kv":"110","circuito":"R12-81","estado":"OPERACION"}},{"type":"Feature","geometry":{"type":"LineString","coordinates":[[-75.625916,6.114282],[-75.628984,6.108404]],"crs":null},"properties":{"tension_kv":"110","circuito":"R12-81","estado":"OPERACION"}},{"type":"Feature","geometry":{"type":"LineString","coordinates":[[-75.72525,6.437359],[-75.725847,6.438093]],"crs":null},"properties":{"tension_kv":"110","circuito":"601-80","estado":"OPERACION"}},{"type":"Feature","geometry":{"type":"LineString","coordinates":[[-75.636081,6.359857],[-75.632157,6.360934]],"crs":null},"properties":{"tension_kv":"110","circuito":"601-80","estado":"OPERACION"}},{"type":"Feature","geometry":{"type":"LineString","coordinates":[[-75.632157,6.360934],[-75.63043,6.360389]],"crs":null},"properties":{"tension_kv":"110","circuito":"601-80","estado":"OPERACION"}},{"type":"Feature","geometry":{"type":"LineString","coordinates":[[-75.63043,6.360389],[-75.627263,6.359353]],"crs":null},"properties":{"tension_kv":"110","circuito":"601-80","estado":"OPERACION"}},{"type":"Feature","geometry":{"type":"LineString","coordinates":[[-75.627263,6.359353],[-75.622026,6.357707]],"crs":null},"properties":{"tension_kv":"110","circuito":"601-80","estado":"OPERACION"}},{"type":"Feature","geometry":{"type":"LineString","coordinates":[[-75.622026,6.357707],[-75.617695,6.356331]],"crs":null},"properties":{"tension_kv":"110","circuito":"601-80","estado":"OPERACION"}},{"type":"Feature","geometry":{"type":"LineString","coordinates":[[-75.612125,6.35563],[-75.617695,6.356331]],"crs":null},"properties":{"tension_kv":"110","circuito":"601-80","estado":"OPERACION"}},{"type":"Feature","geometry":{"type":"LineString","coordinates":[[-75.612125,6.35563],[-75.609086,6.354539]],"crs":null},"properties":{"tension_kv":"110","circuito":"601-80","estado":"OPERACION"}},{"type":"Feature","geometry":{"type":"LineString","coordinates":[[-75.609086,6.354539],[-75.606824,6.354893]],"crs":null},"properties":{"tension_kv":"110","circuito":"601-80","estado":"OPERACION"}},{"type":"Feature","geometry":{"type":"LineString","coordinates":[[-75.606824,6.354893],[-75.606424,6.354079]],"crs":null},"properties":{"tension_kv":"110","circuito":"601-80","estado":"OPERACION"}},{"type":"Feature","geometry":{"type":"LineString","coordinates":[[-75.636081,6.359857],[-75.642237,6.358134]],"crs":null},"properties":{"tension_kv":"110","circuito":"601-80","estado":"OPERACION"}},{"type":"Feature","geometry":{"type":"LineString","coordinates":[[-75.642237,6.358134],[-75.647606,6.35675]],"crs":null},"properties":{"tension_kv":"110","circuito":"601-80","estado":"OPERACION"}},{"type":"Feature","geometry":{"type":"LineString","coordinates":[[-75.657947,6.354069],[-75.656351,6.354491]],"crs":null},"properties":{"tension_kv":"110","circuito":"601-80","estado":"OPERACION"}},{"type":"Feature","geometry":{"type":"LineString","coordinates":[[-75.656351,6.354491],[-75.654841,6.354877]],"crs":null},"properties":{"tension_kv":"110","circuito":"601-80","estado":"OPERACION"}},{"type":"Feature","geometry":{"type":"LineString","coordinates":[[-75.654841,6.354877],[-75.653825,6.355135]],"crs":null},"properties":{"tension_kv":"110","circuito":"601-80","estado":"OPERACION"}},{"type":"Feature","geometry":{"type":"LineString","coordinates":[[-75.653825,6.355135],[-75.647606,6.35675]],"crs":null},"properties":{"tension_kv":"110","circuito":"601-80","estado":"OPERACION"}},{"type":"Feature","geometry":{"type":"LineString","coordinates":[[-75.667319,6.351649],[-75.657947,6.354069]],"crs":null},"properties":{"tension_kv":"110","circuito":"601-80","estado":"OPERACION"}},{"type":"Feature","geometry":{"type":"LineString","coordinates":[[-75.667319,6.351649],[-75.672452,6.350287]],"crs":null},"properties":{"tension_kv":"110","circuito":"601-80","estado":"OPERACION"}},{"type":"Feature","geometry":{"type":"LineString","coordinates":[[-75.672452,6.350287],[-75.677542,6.34898]],"crs":null},"properties":{"tension_kv":"110","circuito":"601-80","estado":"OPERACION"}},{"type":"Feature","geometry":{"type":"LineString","coordinates":[[-75.677542,6.34898],[-75.683491,6.347436]],"crs":null},"properties":{"tension_kv":"110","circuito":"601-80","estado":"OPERACION"}},{"type":"Feature","geometry":{"type":"LineString","coordinates":[[-75.683491,6.347436],[-75.685796,6.347148]],"crs":null},"properties":{"tension_kv":"110","circuito":"601-80","estado":"OPERACION"}},{"type":"Feature","geometry":{"type":"LineString","coordinates":[[-75.688475,6.346848],[-75.689519,6.347176]],"crs":null},"properties":{"tension_kv":"110","circuito":"601-80","estado":"OPERACION"}},{"type":"Feature","geometry":{"type":"LineString","coordinates":[[-75.689519,6.347176],[-75.690291,6.347449]],"crs":null},"properties":{"tension_kv":"110","circuito":"601-80","estado":"OPERACION"}},{"type":"Feature","geometry":{"type":"LineString","coordinates":[[-75.690291,6.347449],[-75.692285,6.350388]],"crs":null},"properties":{"tension_kv":"110","circuito":"601-80","estado":"OPERACION"}},{"type":"Feature","geometry":{"type":"LineString","coordinates":[[-75.692285,6.350388],[-75.69379,6.352736]],"crs":null},"properties":{"tension_kv":"110","circuito":"601-80","estado":"OPERACION"}},{"type":"Feature","geometry":{"type":"LineString","coordinates":[[-75.69379,6.352736],[-75.694624,6.354033]],"crs":null},"properties":{"tension_kv":"110","circuito":"601-80","estado":"OPERACION"}},{"type":"Feature","geometry":{"type":"LineString","coordinates":[[-75.694624,6.354033],[-75.69495,6.354764]],"crs":null},"properties":{"tension_kv":"110","circuito":"601-80","estado":"OPERACION"}},{"type":"Feature","geometry":{"type":"LineString","coordinates":[[-75.69495,6.354764],[-75.699195,6.363829]],"crs":null},"properties":{"tension_kv":"110","circuito":"601-80","estado":"OPERACION"}},{"type":"Feature","geometry":{"type":"LineString","coordinates":[[-75.699195,6.363829],[-75.7006,6.366925]],"crs":null},"properties":{"tension_kv":"110","circuito":"601-80","estado":"OPERACION"}},{"type":"Feature","geometry":{"type":"LineString","coordinates":[[-75.7006,6.366925],[-75.702519,6.371002]],"crs":null},"properties":{"tension_kv":"110","circuito":"601-80","estado":"OPERACION"}},{"type":"Feature","geometry":{"type":"LineString","coordinates":[[-75.702519,6.371002],[-75.703092,6.372258]],"crs":null},"properties":{"tension_kv":"110","circuito":"601-80","estado":"OPERACION"}},{"type":"Feature","geometry":{"type":"LineString","coordinates":[[-75.703092,6.372258],[-75.704338,6.375917]],"crs":null},"properties":{"tension_kv":"110","circuito":"601-80","estado":"OPERACION"}},{"type":"Feature","geometry":{"type":"LineString","coordinates":[[-75.704338,6.375917],[-75.705047,6.377967]],"crs":null},"properties":{"tension_kv":"110","circuito":"601-80","estado":"OPERACION"}},{"type":"Feature","geometry":{"type":"LineString","coordinates":[[-75.705047,6.377967],[-75.70632,6.381799]],"crs":null},"properties":{"tension_kv":"110","circuito":"601-80","estado":"OPERACION"}},{"type":"Feature","geometry":{"type":"LineString","coordinates":[[-75.70632,6.381799],[-75.706507,6.382297]],"crs":null},"properties":{"tension_kv":"110","circuito":"601-80","estado":"OPERACION"}},{"type":"Feature","geometry":{"type":"LineString","coordinates":[[-75.706507,6.382297],[-75.707123,6.38415]],"crs":null},"properties":{"tension_kv":"110","circuito":"601-80","estado":"OPERACION"}},{"type":"Feature","geometry":{"type":"LineString","coordinates":[[-75.707123,6.38415],[-75.707646,6.385729]],"crs":null},"properties":{"tension_kv":"110","circuito":"601-80","estado":"OPERACION"}},{"type":"Feature","geometry":{"type":"LineString","coordinates":[[-75.707646,6.385729],[-75.709569,6.391345]],"crs":null},"properties":{"tension_kv":"110","circuito":"601-80","estado":"OPERACION"}},{"type":"Feature","geometry":{"type":"LineString","coordinates":[[-75.709569,6.391345],[-75.711084,6.395883]],"crs":null},"properties":{"tension_kv":"110","circuito":"601-80","estado":"OPERACION"}},{"type":"Feature","geometry":{"type":"LineString","coordinates":[[-75.711084,6.395883],[-75.71181,6.397971]],"crs":null},"properties":{"tension_kv":"110","circuito":"601-80","estado":"OPERACION"}},{"type":"Feature","geometry":{"type":"LineString","coordinates":[[-75.713949,6.404345],[-75.71181,6.397971]],"crs":null},"properties":{"tension_kv":"110","circuito":"601-80","estado":"OPERACION"}},{"type":"Feature","geometry":{"type":"LineString","coordinates":[[-75.713949,6.404345],[-75.715082,6.407768]],"crs":null},"properties":{"tension_kv":"110","circuito":"601-80","estado":"OPERACION"}},{"type":"Feature","geometry":{"type":"LineString","coordinates":[[-75.71605,6.410605],[-75.716635,6.412303]],"crs":null},"properties":{"tension_kv":"110","circuito":"601-80","estado":"OPERACION"}},{"type":"Feature","geometry":{"type":"LineString","coordinates":[[-75.716635,6.412303],[-75.717312,6.414274]],"crs":null},"properties":{"tension_kv":"110","circuito":"601-80","estado":"OPERACION"}},{"type":"Feature","geometry":{"type":"LineString","coordinates":[[-75.717312,6.414274],[-75.717812,6.415776]],"crs":null},"properties":{"tension_kv":"110","circuito":"601-80","estado":"OPERACION"}},{"type":"Feature","geometry":{"type":"LineString","coordinates":[[-75.717812,6.415776],[-75.719051,6.419449]],"crs":null},"properties":{"tension_kv":"110","circuito":"601-80","estado":"OPERACION"}},{"type":"Feature","geometry":{"type":"LineString","coordinates":[[-75.719051,6.419449],[-75.720571,6.423885]],"crs":null},"properties":{"tension_kv":"110","circuito":"601-80","estado":"OPERACION"}},{"type":"Feature","geometry":{"type":"LineString","coordinates":[[-75.720571,6.423885],[-75.720944,6.425134]],"crs":null},"properties":{"tension_kv":"110","circuito":"601-80","estado":"OPERACION"}},{"type":"Feature","geometry":{"type":"LineString","coordinates":[[-75.720944,6.425134],[-75.721763,6.427448]],"crs":null},"properties":{"tension_kv":"110","circuito":"601-80","estado":"OPERACION"}},{"type":"Feature","geometry":{"type":"LineString","coordinates":[[-75.721763,6.427448],[-75.722426,6.429446]],"crs":null},"properties":{"tension_kv":"110","circuito":"601-80","estado":"OPERACION"}},{"type":"Feature","geometry":{"type":"LineString","coordinates":[[-75.72342,6.43238],[-75.72525,6.437359]],"crs":null},"properties":{"tension_kv":"110","circuito":"601-80","estado":"OPERACION"}},{"type":"Feature","geometry":{"type":"LineString","coordinates":[[-75.725841,6.438167],[-75.725453,6.439108]],"crs":null},"properties":{"tension_kv":"110","circuito":"603-82","estado":"OPERACION"}},{"type":"Feature","geometry":{"type":"LineString","coordinates":[[-75.728674,6.439914],[-75.725841,6.438167]],"crs":null},"properties":{"tension_kv":"110","circuito":"603-82","estado":"OPERACION"}},{"type":"Feature","geometry":{"type":"LineString","coordinates":[[-75.631643,6.094716],[-75.631424,6.092267]],"crs":null},"properties":{"tension_kv":"110","circuito":"R12-81","estado":"OPERACION"}},{"type":"Feature","geometry":{"type":"LineString","coordinates":[[-75.631424,6.092267],[-75.631799,6.089593]],"crs":null},"properties":{"tension_kv":"110","circuito":"R12-81","estado":"OPERACION"}},{"type":"Feature","geometry":{"type":"LineString","coordinates":[[-75.631799,6.089593],[-75.63177,6.087931]],"crs":null},"properties":{"tension_kv":"110","circuito":"R12-81","estado":"OPERACION"}},{"type":"Feature","geometry":{"type":"LineString","coordinates":[[-75.63177,6.087931],[-75.630982,6.086078]],"crs":null},"properties":{"tension_kv":"110","circuito":"R12-81","estado":"OPERACION"}},{"type":"Feature","geometry":{"type":"LineString","coordinates":[[-75.630982,6.086078],[-75.631236,6.083005]],"crs":null},"properties":{"tension_kv":"110","circuito":"R12-81","estado":"OPERACION"}},{"type":"Feature","geometry":{"type":"LineString","coordinates":[[-75.631236,6.083005],[-75.631978,6.078874]],"crs":null},"properties":{"tension_kv":"110","circuito":"R12-81","estado":"OPERACION"}},{"type":"Feature","geometry":{"type":"LineString","coordinates":[[-75.631978,6.078874],[-75.635928,6.076757]],"crs":null},"properties":{"tension_kv":"110","circuito":"R12-81","estado":"OPERACION"}},{"type":"Feature","geometry":{"type":"LineString","coordinates":[[-75.635928,6.076757],[-75.640935,6.076202]],"crs":null},"properties":{"tension_kv":"110","circuito":"R12-81","estado":"OPERACION"}},{"type":"Feature","geometry":{"type":"LineString","coordinates":[[-75.640935,6.076202],[-75.641753,6.075076]],"crs":null},"properties":{"tension_kv":"110","circuito":"R12-81","estado":"OPERACION"}},{"type":"Feature","geometry":{"type":"LineString","coordinates":[[-75.641753,6.075076],[-75.645139,6.070392]],"crs":null},"properties":{"tension_kv":"110","circuito":"R12-81","estado":"OPERACION"}},{"type":"Feature","geometry":{"type":"LineString","coordinates":[[-75.645139,6.070392],[-75.647495,6.067228]],"crs":null},"properties":{"tension_kv":"110","circuito":"R12-81","estado":"OPERACION"}},{"type":"Feature","geometry":{"type":"LineString","coordinates":[[-75.647495,6.067228],[-75.649684,6.064981]],"crs":null},"properties":{"tension_kv":"110","circuito":"R12-81","estado":"OPERACION"}},{"type":"Feature","geometry":{"type":"LineString","coordinates":[[-75.650404,6.063827],[-75.653445,6.059088]],"crs":null},"properties":{"tension_kv":"110","circuito":"R12-81","estado":"OPERACION"}},{"type":"Feature","geometry":{"type":"LineString","coordinates":[[-75.653445,6.059088],[-75.654188,6.057895]],"crs":null},"properties":{"tension_kv":"110","circuito":"R12-81","estado":"OPERACION"}},{"type":"Feature","geometry":{"type":"LineString","coordinates":[[-75.654188,6.057895],[-75.658143,6.051619]],"crs":null},"properties":{"tension_kv":"110","circuito":"R12-81","estado":"OPERACION"}},{"type":"Feature","geometry":{"type":"LineString","coordinates":[[-75.658143,6.051619],[-75.658699,6.050728]],"crs":null},"properties":{"tension_kv":"110","circuito":"R12-81","estado":"OPERACION"}},{"type":"Feature","geometry":{"type":"LineString","coordinates":[[-75.658699,6.050728],[-75.661768,6.045475]],"crs":null},"properties":{"tension_kv":"110","circuito":"R12-81","estado":"OPERACION"}},{"type":"Feature","geometry":{"type":"LineString","coordinates":[[-75.661768,6.045475],[-75.66432,6.041293]],"crs":null},"properties":{"tension_kv":"110","circuito":"R12-81","estado":"OPERACION"}},{"type":"Feature","geometry":{"type":"LineString","coordinates":[[-75.66432,6.041293],[-75.664984,6.040184]],"crs":null},"properties":{"tension_kv":"110","circuito":"R12-81","estado":"OPERACION"}},{"type":"Feature","geometry":{"type":"LineString","coordinates":[[-75.664984,6.040184],[-75.665423,6.039459]],"crs":null},"properties":{"tension_kv":"110","circuito":"R12-81","estado":"OPERACION"}},{"type":"Feature","geometry":{"type":"LineString","coordinates":[[-75.665423,6.039459],[-75.671414,6.030553]],"crs":null},"properties":{"tension_kv":"110","circuito":"R12-81","estado":"OPERACION"}},{"type":"Feature","geometry":{"type":"LineString","coordinates":[[-75.671414,6.030553],[-75.672349,6.029094]],"crs":null},"properties":{"tension_kv":"110","circuito":"R12-81","estado":"OPERACION"}},{"type":"Feature","geometry":{"type":"LineString","coordinates":[[-75.672349,6.029094],[-75.675878,6.025552]],"crs":null},"properties":{"tension_kv":"110","circuito":"R12-81","estado":"OPERACION"}},{"type":"Feature","geometry":{"type":"LineString","coordinates":[[-75.675878,6.025552],[-75.678272,6.023131]],"crs":null},"properties":{"tension_kv":"110","circuito":"R12-81","estado":"OPERACION"}},{"type":"Feature","geometry":{"type":"LineString","coordinates":[[-75.678272,6.023131],[-75.679725,6.021499]],"crs":null},"properties":{"tension_kv":"110","circuito":"R12-81","estado":"OPERACION"}},{"type":"Feature","geometry":{"type":"LineString","coordinates":[[-75.679725,6.021499],[-75.683981,6.016711]],"crs":null},"properties":{"tension_kv":"110","circuito":"R12-81","estado":"OPERACION"}},{"type":"Feature","geometry":{"type":"LineString","coordinates":[[-75.683981,6.016711],[-75.685663,6.01478]],"crs":null},"properties":{"tension_kv":"110","circuito":"R12-81","estado":"OPERACION"}},{"type":"Feature","geometry":{"type":"LineString","coordinates":[[-75.685663,6.01478],[-75.687257,6.013368]],"crs":null},"properties":{"tension_kv":"110","circuito":"R12-81","estado":"OPERACION"}},{"type":"Feature","geometry":{"type":"LineString","coordinates":[[-75.634815,6.149351],[-75.634954,6.149162]],"crs":null},"properties":{"tension_kv":"110","circuito":"R12-82","estado":"OPERACION"}},{"type":"Feature","geometry":{"type":"LineString","coordinates":[[-75.634819,6.149349],[-75.633265,6.149353]],"crs":null},"properties":{"tension_kv":"110","circuito":"R12-82","estado":"OPERACION"}},{"type":"Feature","geometry":{"type":"LineString","coordinates":[[-75.633265,6.149353],[-75.631678,6.148353]],"crs":null},"properties":{"tension_kv":"110","circuito":"R12-82","estado":"OPERACION"}},{"type":"Feature","geometry":{"type":"LineString","coordinates":[[-75.631678,6.148353],[-75.631463,6.147752]],"crs":null},"properties":{"tension_kv":"110","circuito":"R12-82","estado":"OPERACION"}},{"type":"Feature","geometry":{"type":"LineString","coordinates":[[-75.631465,6.147753],[-75.630501,6.145974]],"crs":null},"properties":{"tension_kv":"110","circuito":"R12-82","estado":"OPERACION"}},{"type":"Feature","geometry":{"type":"LineString","coordinates":[[-75.630501,6.145974],[-75.630014,6.144167]],"crs":null},"properties":{"tension_kv":"110","circuito":"R12-82","estado":"OPERACION"}},{"type":"Feature","geometry":{"type":"LineString","coordinates":[[-75.630014,6.144167],[-75.629246,6.142044]],"crs":null},"properties":{"tension_kv":"110","circuito":"R12-82","estado":"OPERACION"}},{"type":"Feature","geometry":{"type":"LineString","coordinates":[[-75.629246,6.142044],[-75.628278,6.139826]],"crs":null},"properties":{"tension_kv":"110","circuito":"R12-82","estado":"OPERACION"}},{"type":"Feature","geometry":{"type":"LineString","coordinates":[[-75.628278,6.139826],[-75.62839,6.136702]],"crs":null},"properties":{"tension_kv":"110","circuito":"R12-82","estado":"OPERACION"}},{"type":"Feature","geometry":{"type":"LineString","coordinates":[[-75.62839,6.136702],[-75.628519,6.13345]],"crs":null},"properties":{"tension_kv":"110","circuito":"R12-82","estado":"OPERACION"}},{"type":"Feature","geometry":{"type":"LineString","coordinates":[[-75.628519,6.13345],[-75.627758,6.130579]],"crs":null},"properties":{"tension_kv":"110","circuito":"R12-82","estado":"OPERACION"}},{"type":"Feature","geometry":{"type":"LineString","coordinates":[[-75.627758,6.130579],[-75.626338,6.125366]],"crs":null},"properties":{"tension_kv":"110","circuito":"R12-82","estado":"OPERACION"}},{"type":"Feature","geometry":{"type":"LineString","coordinates":[[-75.626338,6.125366],[-75.625651,6.122659]],"crs":null},"properties":{"tension_kv":"110","circuito":"R12-82","estado":"OPERACION"}},{"type":"Feature","geometry":{"type":"LineString","coordinates":[[-75.625651,6.122659],[-75.625394,6.119736]],"crs":null},"properties":{"tension_kv":"110","circuito":"R12-82","estado":"OPERACION"}},{"type":"Feature","geometry":{"type":"LineString","coordinates":[[-75.625394,6.119736],[-75.625916,6.114282]],"crs":null},"properties":{"tension_kv":"110","circuito":"R12-82","estado":"OPERACION"}},{"type":"Feature","geometry":{"type":"LineString","coordinates":[[-75.625916,6.114282],[-75.628984,6.108404]],"crs":null},"properties":{"tension_kv":"110","circuito":"R12-82","estado":"OPERACION"}},{"type":"Feature","geometry":{"type":"LineString","coordinates":[[-75.628984,6.108404],[-75.629609,6.107357]],"crs":null},"properties":{"tension_kv":"110","circuito":"R12-82","estado":"OPERACION"}},{"type":"Feature","geometry":{"type":"LineString","coordinates":[[-75.629609,6.107357],[-75.631683,6.103257]],"crs":null},"properties":{"tension_kv":"110","circuito":"R12-82","estado":"OPERACION"}},{"type":"Feature","geometry":{"type":"LineString","coordinates":[[-75.631683,6.103257],[-75.63253,6.10187]],"crs":null},"properties":{"tension_kv":"110","circuito":"R12-82","estado":"OPERACION"}},{"type":"Feature","geometry":{"type":"LineString","coordinates":[[-75.63253,6.10187],[-75.6331,6.100169]],"crs":null},"properties":{"tension_kv":"110","circuito":"R12-82","estado":"OPERACION"}},{"type":"Feature","geometry":{"type":"LineString","coordinates":[[-75.6331,6.100169],[-75.631643,6.094716]],"crs":null},"properties":{"tension_kv":"110","circuito":"R12-82","estado":"OPERACION"}},{"type":"Feature","geometry":{"type":"LineString","coordinates":[[-75.631643,6.094716],[-75.631424,6.092267]],"crs":null},"properties":{"tension_kv":"110","circuito":"R12-82","estado":"OPERACION"}},{"type":"Feature","geometry":{"type":"LineString","coordinates":[[-75.631424,6.092267],[-75.631799,6.089593]],"crs":null},"properties":{"tension_kv":"110","circuito":"R12-82","estado":"OPERACION"}},{"type":"Feature","geometry":{"type":"LineString","coordinates":[[-75.631799,6.089593],[-75.63177,6.087931]],"crs":null},"properties":{"tension_kv":"110","circuito":"R12-82","estado":"OPERACION"}},{"type":"Feature","geometry":{"type":"LineString","coordinates":[[-75.63177,6.087931],[-75.630982,6.086078]],"crs":null},"properties":{"tension_kv":"110","circuito":"R12-82","estado":"OPERACION"}},{"type":"Feature","geometry":{"type":"LineString","coordinates":[[-75.630982,6.086078],[-75.631236,6.083005]],"crs":null},"properties":{"tension_kv":"110","circuito":"R12-82","estado":"OPERACION"}},{"type":"Feature","geometry":{"type":"LineString","coordinates":[[-75.631236,6.083005],[-75.631978,6.078874]],"crs":null},"properties":{"tension_kv":"110","circuito":"R12-82","estado":"OPERACION"}},{"type":"Feature","geometry":{"type":"LineString","coordinates":[[-75.631978,6.078874],[-75.631423,6.07645]],"crs":null},"properties":{"tension_kv":"110","circuito":"R12-82","estado":"OPERACION"}},{"type":"Feature","geometry":{"type":"LineString","coordinates":[[-75.631423,6.07645],[-75.630536,6.072499]],"crs":null},"properties":{"tension_kv":"110","circuito":"R12-82","estado":"OPERACION"}},{"type":"Feature","geometry":{"type":"LineString","coordinates":[[-75.630536,6.072499],[-75.629775,6.069405]],"crs":null},"properties":{"tension_kv":"110","circuito":"R12-82","estado":"OPERACION"}},{"type":"Feature","geometry":{"type":"LineString","coordinates":[[-75.629775,6.069405],[-75.634524,6.062135]],"crs":null},"properties":{"tension_kv":"110","circuito":"R12-82","estado":"OPERACION"}},{"type":"Feature","geometry":{"type":"LineString","coordinates":[[-75.634524,6.062135],[-75.636865,6.058544]],"crs":null},"properties":{"tension_kv":"110","circuito":"R12-82","estado":"OPERACION"}},{"type":"Feature","geometry":{"type":"LineString","coordinates":[[-75.636865,6.058544],[-75.638156,6.057163]],"crs":null},"properties":{"tension_kv":"110","circuito":"R12-82","estado":"OPERACION"}},{"type":"Feature","geometry":{"type":"LineString","coordinates":[[-75.638156,6.057163],[-75.642675,6.051839]],"crs":null},"properties":{"tension_kv":"110","circuito":"R12-82","estado":"OPERACION"}},{"type":"Feature","geometry":{"type":"LineString","coordinates":[[-75.642675,6.051839],[-75.644064,6.05029]],"crs":null},"properties":{"tension_kv":"110","circuito":"R12-82","estado":"OPERACION"}},{"type":"Feature","geometry":{"type":"LineString","coordinates":[[-75.644064,6.05029],[-75.645703,6.048337]],"crs":null},"properties":{"tension_kv":"110","circuito":"R12-82","estado":"OPERACION"}},{"type":"Feature","geometry":{"type":"LineString","coordinates":[[-75.645703,6.048337],[-75.648632,6.046198]],"crs":null},"properties":{"tension_kv":"110","circuito":"R12-82","estado":"OPERACION"}},{"type":"Feature","geometry":{"type":"LineString","coordinates":[[-75.648632,6.046198],[-75.651288,6.04373]],"crs":null},"properties":{"tension_kv":"110","circuito":"R12-82","estado":"OPERACION"}},{"type":"Feature","geometry":{"type":"LineString","coordinates":[[-75.651288,6.04373],[-75.653363,6.041849]],"crs":null},"properties":{"tension_kv":"110","circuito":"R12-82","estado":"OPERACION"}},{"type":"Feature","geometry":{"type":"LineString","coordinates":[[-75.661564,6.034278],[-75.663204,6.032772]],"crs":null},"properties":{"tension_kv":"110","circuito":"R12-82","estado":"OPERACION"}},{"type":"Feature","geometry":{"type":"LineString","coordinates":[[-75.663204,6.032772],[-75.671133,6.027254]],"crs":null},"properties":{"tension_kv":"110","circuito":"R12-82","estado":"OPERACION"}},{"type":"Feature","geometry":{"type":"LineString","coordinates":[[-75.671133,6.027254],[-75.674738,6.024231]],"crs":null},"properties":{"tension_kv":"110","circuito":"R12-82","estado":"OPERACION"}},{"type":"Feature","geometry":{"type":"LineString","coordinates":[[-75.674738,6.024231],[-75.678818,6.020771]],"crs":null},"properties":{"tension_kv":"110","circuito":"R12-82","estado":"OPERACION"}},{"type":"Feature","geometry":{"type":"LineString","coordinates":[[-75.678818,6.020771],[-75.683976,6.016412]],"crs":null},"properties":{"tension_kv":"110","circuito":"R12-82","estado":"OPERACION"}},{"type":"Feature","geometry":{"type":"LineString","coordinates":[[-75.683976,6.016412],[-75.687222,6.013673]],"crs":null},"properties":{"tension_kv":"110","circuito":"R12-82","estado":"OPERACION"}},{"type":"Feature","geometry":{"type":"LineString","coordinates":[[-75.656558,6.03903],[-75.661564,6.034278]],"crs":null},"properties":{"tension_kv":"110","circuito":"R12-82","estado":"OPERACION"}},{"type":"Feature","geometry":{"type":"LineString","coordinates":[[-75.725847,6.438093],[-75.725506,6.439075],[-75.725383,6.439061]],"crs":null},"properties":{"tension_kv":"110","circuito":"601-80","estado":"OPERACION"}},{"type":"Feature","geometry":{"type":"LineString","coordinates":[[-75.606424,6.354079],[-75.606113,6.354205]],"crs":null},"properties":{"tension_kv":"110","circuito":"601-80","estado":"OPERACION"}},{"type":"Feature","geometry":{"type":"LineString","coordinates":[[-75.685796,6.347148],[-75.688475,6.346848]],"crs":null},"properties":{"tension_kv":"110","circuito":"601-80","estado":"OPERACION"}},{"type":"Feature","geometry":{"type":"LineString","coordinates":[[-75.715082,6.407768],[-75.71605,6.410605]],"crs":null},"properties":{"tension_kv":"110","circuito":"601-80","estado":"OPERACION"}},{"type":"Feature","geometry":{"type":"LineString","coordinates":[[-75.722426,6.429446],[-75.72342,6.43238]],"crs":null},"properties":{"tension_kv":"110","circuito":"601-80","estado":"OPERACION"}},{"type":"Feature","geometry":{"type":"LineString","coordinates":[[-75.649684,6.064981],[-75.650404,6.063827]],"crs":null},"properties":{"tension_kv":"110","circuito":"R12-81","estado":"OPERACION"}},{"type":"Feature","geometry":{"type":"LineString","coordinates":[[-75.653363,6.041849],[-75.656558,6.03903]],"crs":null},"properties":{"tension_kv":"110","circuito":"R12-82","estado":"OPERACION"}},{"type":"Feature","geometry":{"type":"LineString","coordinates":[[-75.726498,6.439109],[-75.726407,6.43911]],"crs":null},"properties":{"tension_kv":"110","circuito":"603-82","estado":"OPERACION"}}]}