{"type":"FeatureCollection","features":[{"type":"Feature","geometry":{"type":"LineString","coordinates":[[-75.56432,6.27668],[-75.564328,6.276177],[-75.564444,6.27543],[-75.565069,6.272107],[-75.565445,6.26945],[-75.566387,6.264321]],"crs":null},"properties":{"nombre":"SA 04 01 Carrera 52 (Carabobo) Tramo Norte","estado":"Construida","tipo":"Ciclorruta","tipo_via":"Segregada en andén","longitud_m":1400}},{"type":"Feature","geometry":{"type":"LineString","coordinates":[[-75.56859,6.274829],[-75.568308,6.274937],[-75.568039,6.274868],[-75.565651,6.272519],[-75.565657,6.272345],[-75.565717,6.272183],[-75.565069,6.272107]],"crs":null},"properties":{"nombre":"SA 04 02 Parque Norte","estado":"Construida","tipo":"Ciclorruta","tipo_via":"Segregada en andén","longitud_m":547}},{"type":"Feature","geometry":{"type":"LineString","coordinates":[[-75.565069,6.272107],[-75.564976,6.272103],[-75.564825,6.272937],[-75.56242,6.272429],[-75.562002,6.270488],[-75.562034,6.269464],[-75.561969,6.268248],[-75.562044,6.268147],[-75.562162,6.268205],[-75.56271,6.268333],[-75.566259,6.269537]],"crs":null},"properties":{"nombre":"SA 04 03 Anillo Jardín Botánico","estado":"Construida","tipo":"Ciclorruta","tipo_via":"Segregada en andén","longitud_m":1350}},{"type":"Feature","geometry":{"type":"LineString","coordinates":[[-75.56432,6.27668],[-75.564335,6.276783],[-75.564612,6.276716],[-75.564684,6.276779],[-75.564864,6.276718],[-75.564877,6.276653],[-75.565072,6.276671],[-75.565444,6.27679],[-75.566016,6.277758],[-75.56624,6.27839],[-75.566356,6.278631],[-75.566293,6.278693],[-75.566704,6.279476],[-75.566614,6.279226],[-75.566652,6.279165],[-75.566722,6.27912],[-75.56692,6.279219],[-75.567334,6.279528],[-75.567506,6.279738],[-75.567525,6.279908],[-75.567893,6.280689],[-75.567418,6.280867]],"crs":null},"properties":{"nombre":"SA 04 04 Moravia","estado":"Construida","tipo":"Ciclorruta","tipo_via":"Segregada en andén","longitud_m":814}},{"type":"Feature","geometry":{"type":"LineString","coordinates":[[-75.56308,6.285998],[-75.562896,6.285155],[-75.562967,6.284991],[-75.562876,6.284946],[-75.56308,6.283578]],"crs":null},"properties":{"nombre":"SA 04 05 Carrera 52 - 53 (Conexión Puente Madre Laura)","estado":"Construida","tipo":"Ciclorruta","tipo_via":"Segregada en andén","longitud_m":281}},{"type":"Feature","geometry":{"type":"LineString","coordinates":[[-75.56308,6.285998],[-75.563616,6.28586],[-75.56419,6.285662],[-75.564232,6.285818],[-75.564371,6.286019],[-75.564391,6.286134],[-75.564372,6.286238],[-75.564282,6.286469],[-75.564322,6.286483],[-75.564417,6.286315],[-75.564564,6.286122],[-75.564722,6.285971],[-75.564819,6.285911],[-75.565016,6.28594],[-75.565354,6.286026],[-75.565534,6.286036],[-75.565608,6.285986],[-75.566531,6.286397],[-75.566904,6.28662],[-75.56717,6.286876],[-75.567232,6.287036],[-75.567218,6.287116],[-75.567186,6.287186],[-75.567119,6.287231],[-75.56702,6.28726],[-75.566937,6.287258],[-75.566966,6.287231],[-75.567049,6.287228],[-75.567127,6.287191],[-75.567165,6.28713],[-75.567181,6.287063],[-75.56732,6.287098],[-75.567296,6.287194],[-75.567256,6.287271],[-75.56717,6.287338],[-75.567184,6.28738],[-75.567221,6.287402],[-75.567395,6.287407],[-75.567795,6.28766],[-75.568046,6.287851],[-75.568105,6.287769],[-75.567878,6.287601],[-75.567908,6.287563],[-75.568332,6.287839],[-75.568728,6.28802],[-75.569458,6.288296],[-75.569624,6.288374],[-75.569737,6.288468],[-75.569858,6.288638],[-75.569965,6.288898],[-75.57022,6.289089]],"crs":null},"properties":{"nombre":"SA 04 06 Puente de la Madre Laura","estado":"Construida","tipo":"Ciclorruta","tipo_via":"Segregada en andén","longitud_m":1240}},{"type":"Feature","geometry":{"type":"LineString","coordinates":[[-75.575851,6.282409],[-75.576182,6.282608],[-75.576315,6.282721],[-75.576341,6.282958],[-75.576386,6.283126],[-75.576382,6.283187],[-75.57642,6.283239],[-75.57651,6.283282],[-75.577236,6.283312],[-75.577419,6.283436],[-75.577608,6.283668],[-75.577702,6.283853],[-75.577776,6.283912],[-75.577843,6.28391],[-75.577903,6.283862],[-75.57794,6.28379],[-75.577962,6.283517],[-75.577995,6.28347],[-75.578054,6.283482],[-75.578077,6.283533],[-75.578068,6.283797],[-75.578119,6.283826],[-75.578151,6.283794],[-75.578196,6.28364],[-75.578208,6.283523],[-75.578181,6.283424],[-75.578186,6.28329],[-75.578304,6.28321],[-75.578712,6.283226],[-75.578948,6.283274],[-75.579184,6.283392],[-75.57965,6.283925],[-75.579978,6.284245],[-75.580128,6.284416],[-75.580294,6.284474],[-75.580476,6.284511],[-75.580686,6.284416],[-75.580745,6.284485],[-75.58075,6.284559],[-75.580863,6.284634],[-75.581185,6.284762],[-75.581276,6.284842],[-75.581469,6.284847],[-75.581501,6.284805]],"crs":null},"properties":{"nombre":"SA 05 02 Quebrada La Quintana Tramo 1","estado":"Construida","tipo":"Ciclorruta","tipo_via":"Segregada en andén","longitud_m":917}},{"type":"Feature","geometry":{"type":"LineString","coordinates":[[-75.558836,6.309777],[-75.558485,6.309639],[-75.558335,6.309604],[-75.558279,6.309668],[-75.55826,6.309761],[-75.558354,6.309775],[-75.55845,6.309753],[-75.558681,6.309807],[-75.558898,6.3099],[-75.558979,6.309956],[-75.559089,6.310204],[-75.559172,6.31022],[-75.55926,6.310079],[-75.559295,6.309996],[-75.559306,6.309913],[-75.559233,6.309889],[-75.55907,6.309879],[-75.55889,6.309804]],"crs":null},"properties":{"nombre":"SA 05 03 Circuito La Playita","estado":"Construida","tipo":"Ciclorruta","tipo_via":"Segregada en andén","longitud_m":289}},{"type":"Feature","geometry":{"type":"LineString","coordinates":[[-75.57022,6.289089],[-75.570054,6.289449],[-75.569796,6.290169],[-75.569442,6.291267],[-75.569276,6.291907],[-75.569037,6.293003],[-75.568837,6.293428],[-75.568246,6.294397],[-75.567688,6.294888],[-75.567645,6.294845],[-75.56798,6.293851],[-75.56846,6.292307],[-75.568739,6.29172],[-75.569029,6.290889],[-75.569276,6.290121],[-75.569737,6.288468],[-75.569821,6.288108],[-75.569965,6.287782],[-75.570044,6.287735],[-75.570129,6.287762],[-75.570222,6.288009]],"crs":null},"properties":{"nombre":"SA 05 04 Parque Juanes de la Paz","estado":"Construida","tipo":"Ciclorruta","tipo_via":"Segregada en andén","longitud_m":1600}},{"type":"Feature","geometry":{"type":"LineString","coordinates":[[-75.571432,6.298023],[-75.571636,6.297426],[-75.571732,6.297202],[-75.57214,6.296978],[-75.572194,6.29669],[-75.572194,6.296541],[-75.572108,6.296445],[-75.571969,6.296413],[-75.571861,6.296626],[-75.571808,6.296893],[-75.571904,6.29718],[-75.572012,6.297404],[-75.572012,6.297682],[-75.571926,6.297991],[-75.571743,6.29846],[-75.571979,6.298535]],"crs":null},"properties":{"nombre":"SA 05 05 Unidad Deportiva Castilla","estado":"Construida","tipo":"Ciclorruta","tipo_via":"Segregada en andén","longitud_m":496}},{"type":"Feature","geometry":{"type":"LineString","coordinates":[[-75.570222,6.288009],[-75.569803,6.288075],[-75.569624,6.288084],[-75.56938,6.288052],[-75.569139,6.287985],[-75.569013,6.287924],[-75.56901,6.287817],[-75.568576,6.2877],[-75.568275,6.287527],[-75.567964,6.287263],[-75.567819,6.2871],[-75.567766,6.286974],[-75.567733,6.286794],[-75.567806,6.286639],[-75.567838,6.286664],[-75.567784,6.286832],[-75.567623,6.286838],[-75.567535,6.286812],[-75.567436,6.286679],[-75.567422,6.286506],[-75.567537,6.28651],[-75.567724,6.286418],[-75.567757,6.286446],[-75.567669,6.286515],[-75.567526,6.28655],[-75.567368,6.286538],[-75.566883,6.286234],[-75.566296,6.28593],[-75.565282,6.285559],[-75.56489,6.285431],[-75.564818,6.285314],[-75.564792,6.285148],[-75.564782,6.284883],[-75.564886,6.284747],[-75.564843,6.284683],[-75.564655,6.284813],[-75.564399,6.285304],[-75.564228,6.285426],[-75.563396,6.285493],[-75.562956,6.285426]],"crs":null},"properties":{"nombre":"SA 05 06 Puente de la Madre Laura","estado":"Construida","tipo":"Ciclorruta","tipo_via":"Segregada en andén","longitud_m":1180}},{"type":"Feature","geometry":{"type":"LineString","coordinates":[[-75.567806,6.286639],[-75.567865,6.286583],[-75.567937,6.286479],[-75.568012,6.286266],[-75.567988,6.285948],[-75.567999,6.28581],[-75.568087,6.285607],[-75.568015,6.285532],[-75.567511,6.286127],[-75.567285,6.286356],[-75.567205,6.286479],[-75.566851,6.286868],[-75.566786,6.28706],[-75.566803,6.287162],[-75.566854,6.287223],[-75.566937,6.287258]],"crs":null},"properties":{"nombre":"SA 05 06 Conexión Regional Puente Madre Laura","estado":"Construida","tipo":"Ciclorruta","tipo_via":"Segregada en andén","longitud_m":385}},{"type":"Feature","geometry":{"type":"LineString","coordinates":[[-75.567264,6.287402],[-75.567331,6.287274],[-75.567363,6.287127],[-75.567382,6.287108],[-75.56743,6.287135],[-75.567588,6.287316],[-75.567645,6.28745],[-75.567715,6.287561],[-75.567843,6.287684],[-75.568165,6.287873],[-75.568466,6.28802],[-75.56934,6.288324],[-75.569375,6.288359],[-75.569375,6.288449]],"crs":null},"properties":{"nombre":"SA 05 06 Conexión Auto Norte Puente Madre Laura","estado":"Construida","tipo":"Ciclorruta","tipo_via":"Segregada en andén","longitud_m":316}},{"type":"Feature","geometry":{"type":"LineString","coordinates":[[-75.57022,6.289089],[-75.570311,6.288766],[-75.570204,6.287817],[-75.570134,6.287434],[-75.57015,6.28713],[-75.57037,6.286415],[-75.570751,6.285367]],"crs":null},"properties":{"nombre":"SA 05 07 Carrera 65 Tramo Puente Madre Laura","estado":"Construida","tipo":"Ciclorruta","tipo_via":"Segregada en andén","longitud_m":428}},{"type":"Feature","geometry":{"type":"LineString","coordinates":[[-75.57453,6.26524],[-75.57458,6.265307],[-75.574758,6.265398],[-75.574816,6.265531],[-75.574804,6.265596]],"crs":null},"properties":{"nombre":"SC 05 01 Av. Regional (Conexión Punto Cero - Movilidad) T1","estado":"Construida","tipo":"Ciclorruta","tipo_via":"Segregada en calzada","longitud_m":55}},{"type":"Feature","geometry":{"type":"LineString","coordinates":[[-75.573968,6.265768],[-75.572937,6.266368],[-75.572569,6.266685],[-75.572269,6.267704],[-75.57209,6.268412]],"crs":null},"properties":{"nombre":"SC 05 01 Av. Regional (Conexión Punto Cero - Movilidad) T3","estado":"Construida","tipo":"Ciclorruta","tipo_via":"Segregada en calzada","longitud_m":387}},{"type":"Feature","geometry":{"type":"LineString","coordinates":[[-75.571789,6.269654],[-75.571436,6.271124],[-75.571423,6.271446],[-75.571464,6.272088],[-75.571392,6.272421],[-75.571231,6.27289],[-75.571167,6.273242],[-75.571145,6.27353],[-75.570982,6.274193]],"crs":null},"properties":{"nombre":"SC 05 01 Av. Regional (Conexión Punto Cero - Movilidad) T5","estado":"Construida","tipo":"Ciclorruta","tipo_via":"Segregada en calzada","longitud_m":520}},{"type":"Feature","geometry":{"type":"LineString","coordinates":[[-75.573968,6.265768],[-75.574093,6.26571],[-75.574333,6.265768],[-75.574424,6.265853],[-75.574564,6.266024],[-75.574663,6.265973],[-75.574644,6.265933],[-75.574666,6.265922],[-75.574652,6.265878],[-75.574601,6.265798],[-75.574804,6.265596]],"crs":null},"properties":{"nombre":"CO 05 01 Av. Regional (Conexión Punto Cero - Movilidad) T2","estado":"Construida","tipo":"Compartida","tipo_via":"Andén compartido","longitud_m":148}},{"type":"Feature","geometry":{"type":"LineString","coordinates":[[-75.571789,6.269654],[-75.57209,6.268412]],"crs":null},"properties":{"nombre":"CO 05 01 Av. Regional (Conexión Punto Cero - Movilidad) T4","estado":"Construida","tipo":"Compartida","tipo_via":"Andén compartido","longitud_m":142}},{"type":"Feature","geometry":{"type":"LineString","coordinates":[[-75.571129,6.304166],[-75.571096,6.303939],[-75.571115,6.303865],[-75.571184,6.303881],[-75.571291,6.304076],[-75.571464,6.30409],[-75.571641,6.303931],[-75.571999,6.303702],[-75.572053,6.30365],[-75.572198,6.303641],[-75.572376,6.303562],[-75.572577,6.303411],[-75.572657,6.303395],[-75.572837,6.303435],[-75.572868,6.303469],[-75.57283,6.303508],[-75.572754,6.303526],[-75.572701,6.303472],[-75.57262,6.303475],[-75.572387,6.30364],[-75.572227,6.303714],[-75.572106,6.303717],[-75.571512,6.304139],[-75.571378,6.304184],[-75.571386,6.304355],[-75.571349,6.304376],[-75.571305,6.304352],[-75.571295,6.304206],[-75.571272,6.304173],[-75.571234,6.304168],[-75.571158,6.304363],[-75.57111,6.304373],[-75.571093,6.304342],[-75.571129,6.304166]],"crs":null},"properties":{"nombre":"SA 06 01 Parque Circuito Pedregal","estado":"Construida","tipo":"Ciclorruta","tipo_via":"Segregada en andén","longitud_m":568}},{"type":"Feature","geometry":{"type":"LineString","coordinates":[[-75.592243,6.269784],[-75.592256,6.269733],[-75.592058,6.26945],[-75.591934,6.269291],[-75.591832,6.269204]],"crs":null},"properties":{"nombre":"SA 07 01 Quebrada La Iguaná","estado":"Construida","tipo":"Ciclorruta","tipo_via":"Segregada en andén","longitud_m":82}},{"type":"Feature","geometry":{"type":"LineString","coordinates":[[-75.579705,6.261397],[-75.579616,6.260737],[-75.579581,6.260325],[-75.57965,6.259818]],"crs":null},"properties":{"nombre":"SA 07 02 Carrera 65 Entrada UN","estado":"Construida","tipo":"Ciclorruta","tipo_via":"Segregada en andén","longitud_m":177}},{"type":"Feature","geometry":{"type":"LineString","coordinates":[[-75.594266,6.271557],[-75.593743,6.271927],[-75.593088,6.271186],[-75.592831,6.270872],[-75.592571,6.270436]],"crs":null},"properties":{"nombre":"SC 07 01 Quebrada La Iguana Tramo 3 Costado Norte","estado":"Construida","tipo":"Ciclorruta","tipo_via":"Segregada en calzada","longitud_m":301}},{"type":"Feature","geometry":{"type":"LineString","coordinates":[[-75.590993,6.272369],[-75.588596,6.273089],[-75.587866,6.27318],[-75.586278,6.272554],[-75.585892,6.272545],[-75.58476,6.272945],[-75.583374,6.273528],[-75.582063,6.273645]],"crs":null},"properties":{"nombre":"SC 07 02 Transversal 73","estado":"Construida","tipo":"Ciclorruta","tipo_via":"Segregada en calzada","longitud_m":961}},{"type":"Feature","geometry":{"type":"LineString","coordinates":[[-75.582277,6.264879],[-75.582564,6.264814],[-75.583295,6.265327],[-75.583586,6.265989],[-75.583911,6.266138],[-75.58417,6.26632],[-75.584196,6.266683],[-75.583837,6.266961],[-75.583586,6.267078],[-75.583421,6.267477],[-75.582924,6.268324],[-75.58268,6.268833],[-75.58285,6.269348],[-75.582737,6.269514],[-75.582613,6.269583],[-75.582387,6.269584],[-75.582054,6.269718],[-75.581754,6.269808],[-75.581391,6.269809],[-75.580954,6.269681],[-75.580598,6.269698],[-75.580515,6.269583],[-75.580463,6.269442],[-75.580657,6.26912],[-75.580682,6.268711],[-75.580779,6.268517],[-75.580994,6.268482],[-75.581199,6.268611],[-75.581383,6.268772],[-75.581643,6.268816],[-75.581817,6.268668],[-75.582061,6.267625],[-75.582333,6.26716],[-75.582283,6.266721],[-75.582083,6.266251],[-75.582119,6.265564],[-75.582059,6.265115],[-75.582125,6.264935],[-75.582277,6.264879],[-75.582221,6.264752],[-75.582298,6.264616],[-75.582452,6.264435],[-75.582564,6.264814]],"crs":null},"properties":{"nombre":"SC 07 03 Cerro Volador","estado":"Construida","tipo":"Ciclorruta","tipo_via":"Segregada en calzada","longitud_m":1760}},{"type":"Feature","geometry":{"type":"LineString","coordinates":[[-75.571412,6.263887],[-75.571528,6.264014],[-75.571852,6.264065],[-75.572154,6.264152],[-75.572249,6.26404],[-75.57288,6.264281],[-75.573422,6.264374],[-75.573513,6.26437],[-75.57368,6.264537],[-75.574888,6.264786],[-75.574854,6.26516]],"crs":null},"properties":{"nombre":"CO 07 01 Conexión Udea - UN","estado":"Construida","tipo":"Compartida","tipo_via":"Compartida en andén","longitud_m":466}},{"type":"Feature","geometry":{"type":"LineString","coordinates":[[-75.592571,6.270436],[-75.592412,6.270593],[-75.592002,6.271124],[-75.591431,6.271971],[-75.591339,6.271932]],"crs":null},"properties":{"nombre":"CO 07 02 Carrera 77A","estado":"Construida","tipo":"Compartida","tipo_via":"Compartida en andén","longitud_m":224}},{"type":"Feature","geometry":{"type":"LineString","coordinates":[[-75.582452,6.264435],[-75.582403,6.26393],[-75.581927,6.263462],[-75.581843,6.263453],[-75.581726,6.263514],[-75.581451,6.263876],[-75.581351,6.263953],[-75.58118,6.264018],[-75.58106,6.26417],[-75.581024,6.264312],[-75.58104,6.264454],[-75.58116,6.26463],[-75.581105,6.265176],[-75.581169,6.265551],[-75.580909,6.265975],[-75.580961,6.266433],[-75.580598,6.266696],[-75.580235,6.266704],[-75.579892,6.266469],[-75.579462,6.266234],[-75.578926,6.266128],[-75.578669,6.266],[-75.578497,6.265744],[-75.578239,6.26585],[-75.577982,6.266213],[-75.577789,6.26681],[-75.577574,6.26728],[-75.577366,6.267592],[-75.576995,6.267877]],"crs":null},"properties":{"nombre":"CO 07 05 Entrada Cerro El Volador","estado":"Construida","tipo":"Compartida","tipo_via":"Compartida en calzada","longitud_m":1140}},{"type":"Feature","geometry":{"type":"LineString","coordinates":[[-75.538672,6.248211],[-75.538575,6.248209],[-75.538505,6.248174],[-75.538486,6.248065],[-75.5385,6.247947],[-75.538564,6.247827],[-75.538731,6.247622],[-75.538841,6.247529],[-75.538921,6.247321],[-75.538847,6.247208],[-75.538952,6.247091],[-75.538951,6.246623],[-75.538783,6.246215],[-75.53885,6.245936],[-75.538663,6.245541],[-75.53847,6.245474],[-75.538387,6.245296],[-75.538246,6.245133],[-75.538211,6.244886],[-75.538115,6.244538],[-75.537877,6.244223],[-75.537823,6.244009],[-75.537882,6.243774],[-75.537904,6.243457]],"crs":null},"properties":{"nombre":"SA 08 01 Jardín Circunvalar Etapa 1 Fase 1","estado":"Construida","tipo":"Ciclorruta","tipo_via":"Segregada en andén","longitud_m":612}},{"type":"Feature","geometry":{"type":"LineString","coordinates":[[-75.537904,6.243457],[-75.537545,6.243167],[-75.537395,6.243191],[-75.537245,6.24326],[-75.537113,6.243263],[-75.537025,6.243225],[-75.537038,6.243127],[-75.53707,6.243047],[-75.537033,6.242994],[-75.536899,6.24293],[-75.536529,6.242591],[-75.536413,6.242459],[-75.536433,6.242145],[-75.536384,6.242018],[-75.536172,6.24181],[-75.536161,6.241711],[-75.536169,6.241354],[-75.53611,6.24118],[-75.535917,6.240898],[-75.535678,6.240706],[-75.53545,6.240602],[-75.535394,6.240522],[-75.535465,6.240454],[-75.535547,6.240466],[-75.536248,6.24083],[-75.536321,6.240819],[-75.536263,6.240711],[-75.536255,6.240626],[-75.535925,6.240383],[-75.535737,6.240263],[-75.535606,6.240202],[-75.535646,6.240157],[-75.535954,6.240242],[-75.536131,6.240376],[-75.536515,6.24053],[-75.53663,6.240676],[-75.536657,6.240628],[-75.536638,6.240522],[-75.536534,6.240428],[-75.536432,6.240378],[-75.536306,6.240271],[-75.536166,6.240071],[-75.536083,6.239991],[-75.535987,6.239935],[-75.535815,6.23965],[-75.535721,6.239615],[-75.535622,6.239615],[-75.53552,6.239548],[-75.535542,6.239463],[-75.535603,6.239418],[-75.535676,6.239439],[-75.53571,6.239493],[-75.535796,6.23957],[-75.535922,6.239623],[-75.53603,6.239719],[-75.536327,6.240063],[-75.536512,6.240223],[-75.536655,6.240311],[-75.536917,6.240055],[-75.536944,6.239964],[-75.536928,6.239911],[-75.536515,6.239343],[-75.536304,6.238835],[-75.536247,6.238759],[-75.535938,6.238757],[-75.535796,6.238722],[-75.535735,6.238661],[-75.535686,6.23857],[-75.535664,6.238324],[-75.53569,6.23824],[-75.535743,6.238167],[-75.535806,6.238118],[-75.535874,6.238122],[-75.536014,6.238173]],"crs":null},"properties":{"nombre":"SA 08 02 Jardín Circunvalar Etapa I Fase 2","estado":"Construida","tipo":"Ciclorruta","tipo_via":"Segregada en andén","longitud_m":1580}},{"type":"Feature","geometry":{"type":"LineString","coordinates":[[-75.55737,6.249308],[-75.556651,6.248818],[-75.55599,6.248433],[-75.554624,6.247549],[-75.553923,6.247067],[-75.553095,6.246562],[-75.552563,6.246277],[-75.552443,6.246241],[-75.552458,6.246121],[-75.552501,6.246008],[-75.552566,6.24589],[-75.552642,6.245819],[-75.552281,6.245473],[-75.551836,6.245432],[-75.551814,6.245353],[-75.551759,6.245293],[-75.551678,6.245276],[-75.55146,6.245303],[-75.551473,6.24548],[-75.551676,6.24549],[-75.551836,6.245432]],"crs":null},"properties":{"nombre":"SC 08 05 ITM Fraternidad","estado":"Construida","tipo":"Ciclorruta","tipo_via":"Segregada en calzada","longitud_m":915}},{"type":"Feature","geometry":{"type":"LineString","coordinates":[[-75.555387,6.236109],[-75.552842,6.240875]],"crs":null},"properties":{"nombre":"SC 09 01 Carrera 30 La Milagrosa","estado":"Construida","tipo":"Ciclorruta","tipo_via":"Segregada en calzada","longitud_m":601}},{"type":"Feature","geometry":{"type":"LineString","coordinates":[[-75.566387,6.264321],[-75.56684,6.261273],[-75.567248,6.259695],[-75.567527,6.257754],[-75.56859,6.252746]],"crs":null},"properties":{"nombre":"SA 10 01 Carrera 52 (Carabobo) Tramo Centro","estado":"Construida","tipo":"Ciclorruta","tipo_via":"Segregada en andén","longitud_m":1310}},{"type":"Feature","geometry":{"type":"LineString","coordinates":[[-75.575016,6.246908],[-75.57478,6.246524],[-75.574468,6.246204],[-75.573921,6.246044],[-75.571518,6.245196],[-75.569812,6.244485]],"crs":null},"properties":{"nombre":"SA 10 02 Av. San Juan Tramo 2","estado":"Construida","tipo":"Ciclorruta","tipo_via":"Segregada en andén","longitud_m":650}},{"type":"Feature","geometry":{"type":"LineString","coordinates":[[-75.576097,6.246387],[-75.576958,6.246662],[-75.577633,6.246908],[-75.577979,6.246999],[-75.577939,6.247126],[-75.580433,6.248021],[-75.580879,6.248155]],"crs":null},"properties":{"nombre":"SA 10 03 Av. San Juan Tramo 3","estado":"Construida","tipo":"Ciclorruta","tipo_via":"Segregada en andén","longitud_m":586}},{"type":"Feature","geometry":{"type":"LineString","coordinates":[[-75.575016,6.246908],[-75.575115,6.246993],[-75.575222,6.247017],[-75.575332,6.247014],[-75.575429,6.246993],[-75.575522,6.246889],[-75.575667,6.246809],[-75.57581,6.246748],[-75.575919,6.246761],[-75.575981,6.246774],[-75.575885,6.24703],[-75.575957,6.247057],[-75.576241,6.24627],[-75.576166,6.246241],[-75.576097,6.246387],[-75.575681,6.245791],[-75.57558,6.245595],[-75.575544,6.2454],[-75.57538,6.245385],[-75.57538,6.245642],[-75.575103,6.245626],[-75.575071,6.245692],[-75.575001,6.24576],[-75.574797,6.245893],[-75.574667,6.245893],[-75.574461,6.245828],[-75.574356,6.245778],[-75.574279,6.245722],[-75.574247,6.245653],[-75.574252,6.245584],[-75.574135,6.24546],[-75.573964,6.245506],[-75.573634,6.245481],[-75.572792,6.245186],[-75.572631,6.245598]],"crs":null},"properties":{"nombre":"SA 10 04 Conexión La Alpujarra","estado":"Construida","tipo":"Ciclorruta","tipo_via":"Segregada en andén","longitud_m":831}},{"type":"Feature","geometry":{"type":"LineString","coordinates":[[-75.574304,6.233672],[-75.574372,6.232915],[-75.574211,6.232819],[-75.574125,6.232787],[-75.574307,6.232403],[-75.574179,6.232296],[-75.574307,6.232062],[-75.574325,6.231873],[-75.574182,6.23179],[-75.57424,6.231667],[-75.574345,6.231619],[-75.57434,6.231144],[-75.574375,6.230543],[-75.574544,6.229619]],"crs":null},"properties":{"nombre":"SA 10 05 Conexión Palacé Av. Las Vegas","estado":"Construida","tipo":"Ciclorruta","tipo_via":"Segregada en andén","longitud_m":486}},{"type":"Feature","geometry":{"type":"LineString","coordinates":[[-75.567559,6.251472],[-75.568036,6.251278],[-75.56904,6.248963],[-75.569335,6.248446],[-75.569817,6.247361],[-75.570681,6.244849]],"crs":null},"properties":{"nombre":"SA 10 06 Paseo Bolivar","estado":"Construida","tipo":"Ciclorruta","tipo_via":"Segregada en andén","longitud_m":831}},{"type":"Feature","geometry":{"type":"LineString","coordinates":[[-75.570616,6.247612],[-75.569817,6.247361]],"crs":null},"properties":{"nombre":"SA 10 07 Maturín Tramo Bolívar","estado":"Construida","tipo":"Ciclorruta","tipo_via":"Segregada en calzada","longitud_m":93}},{"type":"Feature","geometry":{"type":"LineString","coordinates":[[-75.567355,6.250843],[-75.567049,6.250352],[-75.565714,6.249542],[-75.564936,6.249201]],"crs":null},"properties":{"nombre":"SA 10 08 Av. La Playa Tramo II","estado":"Construida","tipo":"Ciclorruta","tipo_via":"Segregada en andén","longitud_m":331}},{"type":"Feature","geometry":{"type":"LineString","coordinates":[[-75.564888,6.249174],[-75.562956,6.248454],[-75.561518,6.24804],[-75.561068,6.247771],[-75.560296,6.247537],[-75.560027,6.247513],[-75.559906,6.247542],[-75.559876,6.247654],[-75.559812,6.247723],[-75.559686,6.247776],[-75.559504,6.247686],[-75.55939,6.24771],[-75.559268,6.247707],[-75.559078,6.247656],[-75.558863,6.24755],[-75.558626,6.247324],[-75.558512,6.247487],[-75.558662,6.247628],[-75.558866,6.247774],[-75.559027,6.247842],[-75.559232,6.247899],[-75.559552,6.247959],[-75.559686,6.247776]],"crs":null},"properties":{"nombre":"SA 10 09 Av. La Playa Tramo I","estado":"Construida","tipo":"Ciclorruta","tipo_via":"Segregada en andén","longitud_m":934}},{"type":"Feature","geometry":{"type":"LineString","coordinates":[[-75.577979,6.246999],[-75.578331,6.247025],[-75.578878,6.246716],[-75.579039,6.246524],[-75.579146,6.24631],[-75.57862,6.245126],[-75.578041,6.243388],[-75.577569,6.241906],[-75.577108,6.240775],[-75.576689,6.240562],[-75.576442,6.240455],[-75.576271,6.240274],[-75.576185,6.24006],[-75.575985,6.239939],[-75.575801,6.240036],[-75.575245,6.239926]],"crs":null},"properties":{"nombre":"SA 10 10 Parques del Río Etapa 1B","estado":"Construida","tipo":"Ciclorruta","tipo_via":"Segregada en andén","longitud_m":1070}},{"type":"Feature","geometry":{"type":"LineString","coordinates":[[-75.566615,6.262794],[-75.567936,6.263081],[-75.568914,6.263238],[-75.571412,6.263887]],"crs":null},"properties":{"nombre":"SC 10 01 Calle 65 El Chagualo","estado":"Construida","tipo":"Ciclorruta","tipo_via":"Segregada en calzada","longitud_m":545}},{"type":"Feature","geometry":{"type":"LineString","coordinates":[[-75.569812,6.244485],[-75.573446,6.235893],[-75.57391,6.234825],[-75.574304,6.233672]],"crs":null},"properties":{"nombre":"SC 10 02 Palacé","estado":"Construida","tipo":"Ciclorruta","tipo_via":"Segregada en calzada","longitud_m":1300}},{"type":"Feature","geometry":{"type":"LineString","coordinates":[[-75.556973,6.246101],[-75.55763,6.244938],[-75.558205,6.243664]],"crs":null},"properties":{"nombre":"SC 10 03 Bicentenario - Museo de la Memoria","estado":"Construida","tipo":"Ciclorruta","tipo_via":"Segregada en calzada","longitud_m":304}},{"type":"Feature","geometry":{"type":"LineString","coordinates":[[-75.557834,6.246986],[-75.557964,6.246998],[-75.558269,6.247209],[-75.558393,6.247301],[-75.558512,6.247487]],"crs":null},"properties":{"nombre":"SC 10 04 Casa de la Memoria - Pablo Tobón","estado":"Construida","tipo":"Ciclorruta","tipo_via":"Segregada en calzada","longitud_m":97}},{"type":"Feature","geometry":{"type":"LineString","coordinates":[[-75.558512,6.247487],[-75.558158,6.248006],[-75.557382,6.249298],[-75.557064,6.249781],[-75.556902,6.250099],[-75.556518,6.250715],[-75.556063,6.251363],[-75.55492,6.250571],[-75.554845,6.25067],[-75.554753,6.25064],[-75.554671,6.250701]],"crs":null},"properties":{"nombre":"SC 10 05 Giraldo","estado":"Construida","tipo":"Ciclorruta","tipo_via":"Segregada en calzada","longitud_m":700}},{"type":"Feature","geometry":{"type":"LineString","coordinates":[[-75.563401,6.254332],[-75.563911,6.253432],[-75.563853,6.253352],[-75.55737,6.249308]],"crs":null},"properties":{"nombre":"SC 10 06 Bolivia","estado":"Construida","tipo":"Ciclorruta","tipo_via":"Segregada en calzada","longitud_m":973}},{"type":"Feature","geometry":{"type":"LineString","coordinates":[[-75.563401,6.254332],[-75.565274,6.255397],[-75.565848,6.255685],[-75.566298,6.255941],[-75.56655,6.255982],[-75.566636,6.255952],[-75.566775,6.255985],[-75.566842,6.256048],[-75.566977,6.256085],[-75.567851,6.256235]],"crs":null},"properties":{"nombre":"SC 10 07 La Paz","estado":"Construida","tipo":"Ciclorruta","tipo_via":"Segregada en calzada","longitud_m":545}},{"type":"Feature","geometry":{"type":"LineString","coordinates":[[-75.569812,6.244485],[-75.569711,6.244434],[-75.569623,6.244612],[-75.569116,6.245335],[-75.569164,6.245364],[-75.568248,6.246676]],"crs":null},"properties":{"nombre":"SC 10 08 Parque San Antonio","estado":"Construida","tipo":"Ciclorruta","tipo_via":"Segregada en calzada","longitud_m":317}},{"type":"Feature","geometry":{"type":"LineString","coordinates":[[-75.574149,6.232299],[-75.573846,6.232907],[-75.57351,6.233205],[-75.573439,6.233193],[-75.573402,6.233203],[-75.573331,6.233327],[-75.57335,6.233372],[-75.572519,6.234017],[-75.572347,6.234173],[-75.571974,6.234563],[-75.571745,6.234817],[-75.571509,6.235125],[-75.57084,6.236024],[-75.570604,6.236375]],"crs":null},"properties":{"nombre":"SC 10 09 Perpetuo Socorro","estado":"Construida","tipo":"Ciclorruta","tipo_via":"Segregada en calzada","longitud_m":603}},{"type":"Feature","geometry":{"type":"LineString","coordinates":[[-75.57516,6.243345],[-75.574817,6.243319],[-75.574527,6.243415],[-75.57442,6.24342],[-75.57397,6.24334]],"crs":null},"properties":{"nombre":"CO 10 01 Alpujarra Calle 42 T1","estado":"Construida","tipo":"Compartida","tipo_via":"Compartida en calzada","longitud_m":134}},{"type":"Feature","geometry":{"type":"LineString","coordinates":[[-75.57397,6.24334],[-75.573975,6.242471]],"crs":null},"properties":{"nombre":"CO 10 02 Alpujarra Carrera 53","estado":"Construida","tipo":"Compartida","tipo_via":"Compartida en calzada","longitud_m":97}},{"type":"Feature","geometry":{"type":"LineString","coordinates":[[-75.572258,6.243179],[-75.57317,6.243221],[-75.57397,6.24334]],"crs":null},"properties":{"nombre":"CO 10 03 Alpujarra Calle 42 T2","estado":"Construida","tipo":"Compartida","tipo_via":"Compartida en calzada","longitud_m":191}},{"type":"Feature","geometry":{"type":"LineString","coordinates":[[-75.574252,6.245589],[-75.574415,6.245441],[-75.574527,6.24342]],"crs":null},"properties":{"nombre":"CO 10 04 Alpujarra Carrera 54","estado":"Construida","tipo":"Compartida","tipo_via":"Compartida en calzada","longitud_m":250}},{"type":"Feature","geometry":{"type":"LineString","coordinates":[[-75.562252,6.245747],[-75.562302,6.245881],[-75.562425,6.245969],[-75.562382,6.246118],[-75.562061,6.246871],[-75.560987,6.248941]],"crs":null},"properties":{"nombre":"CO 10 05 Córdoba","estado":"Construida","tipo":"Compartida","tipo_via":"Compartida en calzada","longitud_m":300}},{"type":"Feature","geometry":{"type":"LineString","coordinates":[[-75.567264,6.248249],[-75.566454,6.24999]],"crs":null},"properties":{"nombre":"CO 10 06 Junín","estado":"Construida","tipo":"Compartida","tipo_via":"Compartida en calzada","longitud_m":214}},{"type":"Feature","geometry":{"type":"LineString","coordinates":[[-75.557812,6.246981],[-75.557779,6.246545],[-75.556957,6.246107]],"crs":null},"properties":{"nombre":"CO 10 07 Casa de La Memoria","estado":"Construida","tipo":"Compartida","tipo_via":"Andén Compartido","longitud_m":152}},{"type":"Feature","geometry":{"type":"LineString","coordinates":[[-75.563911,6.253432],[-75.564716,6.252122]],"crs":null},"properties":{"nombre":"CO 10 08 Ecuador","estado":"Construida","tipo":"Compartida","tipo_via":"Compartida en calzada","longitud_m":171}},{"type":"Feature","geometry":{"type":"LineString","coordinates":[[-75.564716,6.252122],[-75.565297,6.252441]],"crs":null},"properties":{"nombre":"CO 10 09 Caracas","estado":"Construida","tipo":"Compartida","tipo_via":"Compartida en calzada","longitud_m":73}},{"type":"Feature","geometry":{"type":"LineString","coordinates":[[-75.565297,6.252441],[-75.563913,6.254633]],"crs":null},"properties":{"nombre":"CO 10 10 Venezuela","estado":"Construida","tipo":"Compartida","tipo_via":"Compartida en calzada","longitud_m":288}},{"type":"Feature","geometry":{"type":"LineString","coordinates":[[-75.564346,6.25274],[-75.5639,6.252452]],"crs":null},"properties":{"nombre":"CO 10 11 Perú","estado":"Construida","tipo":"Compartida","tipo_via":"Compartida en calzada","longitud_m":59}},{"type":"Feature","geometry":{"type":"LineString","coordinates":[[-75.580079,6.244737],[-75.57838,6.244228]],"crs":null},"properties":{"nombre":"CO 10 12 Puente Norte Parques del Río","estado":"Construida","tipo":"Compartida"}},{"type":"Feature","geometry":{"type":"LineString","coordinates":[[-75.578781,6.241409],[-75.577663,6.242205]],"crs":null},"properties":{"nombre":"CO 10 13 Puente Sur Parques del Río","estado":"Construida","tipo":"Compartida","longitud_m":152}},{"type":"Feature","geometry":{"type":"LineString","coordinates":[[-75.586213,6.243131],[-75.584266,6.245311],[-75.58407,6.245634]],"crs":null},"properties":{"nombre":"SA 11 01 Av. Bolivariana Tramo 2","estado":"Construida","tipo":"Ciclorruta","tipo_via":"Segregada en andén","longitud_m":395}},{"type":"Feature","geometry":{"type":"LineString","coordinates":[[-75.578942,6.259669],[-75.579673,6.259791],[-75.579792,6.259827],[-75.580113,6.258897],[-75.580165,6.25865],[-75.580468,6.257819],[-75.580676,6.257091],[-75.581011,6.256096],[-75.581597,6.254835],[-75.5824,6.253204],[-75.582534,6.252888],[-75.583154,6.251573],[-75.583218,6.25139],[-75.583233,6.251212],[-75.583244,6.248469],[-75.583695,6.247086],[-75.583964,6.245868],[-75.584149,6.245673],[-75.583881,6.245453],[-75.583727,6.245255],[-75.583429,6.244657],[-75.583359,6.243842],[-75.583284,6.242383],[-75.583264,6.241173],[-75.583207,6.240039],[-75.583043,6.239501]],"crs":null},"properties":{"nombre":"SA 11 02 Carrera 65 Tramo Laureles","estado":"Construida","tipo":"Ciclorruta","tipo_via":"Segregada en andén","longitud_m":3170}},{"type":"Feature","geometry":{"type":"LineString","coordinates":[[-75.582561,6.252841],[-75.582961,6.252921],[-75.583402,6.253038],[-75.583762,6.253056],[-75.584594,6.252895],[-75.585063,6.252771],[-75.585497,6.252736],[-75.585922,6.252813],[-75.586574,6.253158],[-75.586949,6.25324],[-75.589282,6.253317],[-75.590222,6.253389],[-75.590723,6.253504],[-75.591668,6.253824]],"crs":null},"properties":{"nombre":"SA 11 03 Quebrada La Hueso Tramo 2 S","estado":"Construida","tipo":"Ciclorruta","tipo_via":"Segregada en andén","longitud_m":1030}},{"type":"Feature","geometry":{"type":"LineString","coordinates":[[-75.591477,6.254336],[-75.591668,6.253824],[-75.592056,6.251005],[-75.593043,6.251145],[-75.593296,6.25121],[-75.593361,6.250472],[-75.593472,6.249801],[-75.593899,6.24632]],"crs":null},"properties":{"nombre":"SA 11 04 Carrera 73 - 74","estado":"Construida","tipo":"Ciclorruta","tipo_via":"Segregada en andén","longitud_m":1070}},{"type":"Feature","geometry":{"type":"LineString","coordinates":[[-75.591075,6.244062],[-75.591294,6.244354],[-75.59151,6.244377],[-75.591622,6.244488],[-75.592471,6.245556],[-75.592862,6.246019],[-75.593054,6.246134],[-75.593899,6.24632]],"crs":null},"properties":{"nombre":"SA 11 05 Av. Jardín Tramo 1 UPB","estado":"Construida","tipo":"Ciclorruta","tipo_via":"Segregada en andén","longitud_m":421}},{"type":"Feature","geometry":{"type":"LineString","coordinates":[[-75.591075,6.244062],[-75.590263,6.244408],[-75.589845,6.244522],[-75.5894,6.244556],[-75.588964,6.24444],[-75.588501,6.244224],[-75.588182,6.24397],[-75.587912,6.243667],[-75.586952,6.243404],[-75.586496,6.243295],[-75.586325,6.243232],[-75.586213,6.243131]],"crs":null},"properties":{"nombre":"SA 11 06 Circular 1 Tramo 1","estado":"Construida","tipo":"Ciclorruta","tipo_via":"Segregada en andén","longitud_m":591}},{"type":"Feature","geometry":{"type":"LineString","coordinates":[[-75.586254,6.258415],[-75.586497,6.258294],[-75.586431,6.257954],[-75.588138,6.254568],[-75.587734,6.253138],[-75.588661,6.249963],[-75.588769,6.249324],[-75.5894,6.244556]],"crs":null},"properties":{"nombre":"SA 11 07 Carrera 70 Tramo Laureles","estado":"Construida","tipo":"Ciclorruta","tipo_via":"Segregada en andén","longitud_m":1630}},{"type":"Feature","geometry":{"type":"LineString","coordinates":[[-75.591075,6.244062],[-75.59127,6.243873],[-75.591516,6.243585],[-75.591661,6.24334],[-75.591806,6.242956],[-75.591865,6.242727],[-75.591892,6.242492],[-75.591887,6.242279],[-75.591822,6.241842],[-75.591763,6.241607],[-75.591625,6.241239]],"crs":null},"properties":{"nombre":"SA 11 08 Circular 1 Tramo 2","estado":"Construida","tipo":"Ciclorruta","tipo_via":"Segregada en andén","longitud_m":351}},{"type":"Feature","geometry":{"type":"LineString","coordinates":[[-75.580879,6.248155],[-75.582075,6.248518],[-75.583255,6.248625],[-75.588769,6.249324]],"crs":null},"properties":{"nombre":"SA 11 09 Av. San Juan Tramo 4","estado":"Construida","tipo":"Ciclorruta","tipo_via":"Segregada en andén","longitud_m":878}},{"type":"Feature","geometry":{"type":"LineString","coordinates":[[-75.581184,6.245622],[-75.581016,6.245502],[-75.580951,6.245595],[-75.580616,6.245366],[-75.580417,6.245174],[-75.580079,6.244737],[-75.579787,6.244281],[-75.579669,6.243986],[-75.579602,6.243732],[-75.579498,6.243457],[-75.579463,6.243295],[-75.579593,6.24309],[-75.57937,6.242522],[-75.579181,6.242538],[-75.579143,6.242479],[-75.578781,6.241409]],"crs":null},"properties":{"nombre":"SA 11 10 Parques del Río Tramo Etapa 1A","estado":"Construida","tipo":"Ciclorruta","tipo_via":"Segregada en andén","longitud_m":598}},{"type":"Feature","geometry":{"type":"LineString","coordinates":[[-75.592367,6.256427],[-75.592523,6.256825],[-75.59267,6.257111],[-75.593251,6.257657],[-75.593866,6.258011],[-75.596916,6.258721]],"crs":null},"properties":{"nombre":"SA 11 12 Quebrada La Hueso Tramo 3 Fase 2","estado":"Construida","tipo":"Ciclorruta","tipo_via":"Segregada en andén","longitud_m":597}},{"type":"Feature","geometry":{"type":"LineString","coordinates":[[-75.58083,6.256612],[-75.581236,6.256824],[-75.583313,6.257799],[-75.585808,6.258928]],"crs":null},"properties":{"nombre":"SC 11 01 Calle 51 Tramo 1","estado":"Construida","tipo":"Ciclorruta","tipo_via":"Segregada en calzada","longitud_m":608}},{"type":"Feature","geometry":{"type":"LineString","coordinates":[[-75.585199,6.260222],[-75.585267,6.260244],[-75.585131,6.26048],[-75.585229,6.260573],[-75.58624,6.261217],[-75.588386,6.262748],[-75.591718,6.26488],[-75.593132,6.265834],[-75.594311,6.26645],[-75.594738,6.2666]],"crs":null},"properties":{"nombre":"SC 11 02 Calle 53","estado":"Construida","tipo":"Ciclorruta","tipo_via":"Segregada en calzada","longitud_m":1300}},{"type":"Feature","geometry":{"type":"LineString","coordinates":[[-75.594311,6.26645],[-75.594582,6.26585],[-75.59502,6.266076],[-75.595554,6.266227],[-75.596005,6.263965],[-75.595924,6.263795],[-75.59563,6.263642],[-75.59611,6.262664],[-75.596299,6.262099],[-75.596413,6.26166],[-75.596223,6.261572],[-75.59645,6.260731],[-75.596916,6.258721]],"crs":null},"properties":{"nombre":"SC 11 03 Carrera 79","estado":"Construida","tipo":"Ciclorruta","tipo_via":"Segregada en calzada","longitud_m":1090}},{"type":"Feature","geometry":{"type":"LineString","coordinates":[[-75.592569,6.268544],[-75.592922,6.268136],[-75.59318,6.267736],[-75.593507,6.267304],[-75.593416,6.267203],[-75.593957,6.26627]],"crs":null},"properties":{"nombre":"SC 11 04 Carrera 78","estado":"Construida","tipo":"Ciclorruta","tipo_via":"Segregada en calzada","longitud_m":310}},{"type":"Feature","geometry":{"type":"LineString","coordinates":[[-75.585199,6.260222],[-75.585808,6.258928],[-75.585995,6.258567],[-75.586254,6.258415]],"crs":null},"properties":{"nombre":"SC 11 05 Carrera 70 Tramo Colores","estado":"Construida","tipo":"Ciclorruta","tipo_via":"Segregada en calzada","longitud_m":237}},{"type":"Feature","geometry":{"type":"LineString","coordinates":[[-75.58083,6.256612],[-75.579658,6.256024],[-75.579224,6.255837]],"crs":null},"properties":{"nombre":"SC 11 06 Calle 51 Tramo Carlos E","estado":"Construida","tipo":"Ciclorruta","tipo_via":"Segregada en calzada","longitud_m":198}},{"type":"Feature","geometry":{"type":"LineString","coordinates":[[-75.597022,6.243862],[-75.59686,6.2407],[-75.596765,6.239522]],"crs":null},"properties":{"nombre":"SC 11 07 Carrera 76 Tramo Laureles","estado":"Construida","tipo":"Ciclorruta","tipo_via":"Segregada en calzada","longitud_m":484}},{"type":"Feature","geometry":{"type":"LineString","coordinates":[[-75.593899,6.24632],[-75.594196,6.245899],[-75.595003,6.245244],[-75.595789,6.244545],[-75.596438,6.244027],[-75.596628,6.243939],[-75.596825,6.243875],[-75.597022,6.243862]],"crs":null},"properties":{"nombre":"SC 11 08 Circular 74","estado":"Construida","tipo":"Ciclorruta","tipo_via":"Segregada en calzada","longitud_m":449}},{"type":"Feature","geometry":{"type":"LineString","coordinates":[[-75.596995,6.243234],[-75.596619,6.2432],[-75.595971,6.243481],[-75.595454,6.243758]],"crs":null},"properties":{"nombre":"SC 11 09 Circular 73B Tramo 1","estado":"Construida","tipo":"Ciclorruta","tipo_via":"Segregada en calzada","longitud_m":185}},{"type":"Feature","geometry":{"type":"LineString","coordinates":[[-75.59163,6.244491],[-75.59213,6.243949],[-75.592475,6.243364],[-75.592668,6.242315],[-75.592615,6.242145],[-75.595278,6.239776],[-75.595298,6.239599]],"crs":null},"properties":{"nombre":"SC 11 10 Circular 2 - Circular 72","estado":"Construida","tipo":"Ciclorruta","tipo_via":"Segregada en calzada","longitud_m":711}},{"type":"Feature","geometry":{"type":"LineString","coordinates":[[-75.59686,6.2407],[-75.596736,6.240738],[-75.595792,6.241548],[-75.594059,6.242978],[-75.593764,6.243292],[-75.593426,6.244337],[-75.592943,6.245062],[-75.592471,6.245556]],"crs":null},"properties":{"nombre":"SC 11 11 Circular 4 - Circular 73","estado":"Construida","tipo":"Ciclorruta","tipo_via":"Segregada en calzada","longitud_m":744}},{"type":"Feature","geometry":{"type":"LineString","coordinates":[[-75.59686,6.2407],[-75.596151,6.239932],[-75.596082,6.239788],[-75.596066,6.239559]],"crs":null},"properties":{"nombre":"SC 11 12 Transversal 34","estado":"Construida","tipo":"Ciclorruta","tipo_via":"Segregada en calzada","longitud_m":159}},{"type":"Feature","geometry":{"type":"LineString","coordinates":[[-75.596765,6.239522],[-75.59529,6.239596],[-75.591269,6.239747]],"crs":null},"properties":{"nombre":"SC 11 13 Calle 33A","estado":"Construida","tipo":"Ciclorruta","tipo_via":"Segregada en calzada","longitud_m":609}},{"type":"Feature","geometry":{"type":"LineString","coordinates":[[-75.583284,6.242383],[-75.582531,6.243468],[-75.581984,6.244337],[-75.581673,6.244801],[-75.581021,6.245897],[-75.581234,6.246064]],"crs":null},"properties":{"nombre":"SC 11 14 Q. La Picacha Tramo 1","estado":"Construida","tipo":"Ciclorruta","tipo_via":"Segregada en calzada","longitud_m":495}},{"type":"Feature","geometry":{"type":"LineString","coordinates":[[-75.583284,6.242383],[-75.583448,6.242162],[-75.584167,6.241076],[-75.584596,6.240397],[-75.584871,6.240188],[-75.585157,6.240129],[-75.585923,6.240108],[-75.586195,6.240033],[-75.586556,6.239853],[-75.586664,6.239723],[-75.586766,6.239466]],"crs":null},"properties":{"nombre":"SC 11 15A Q. La Picacha Tramo 2 Costado Norte","estado":"Construida","tipo":"Ciclorruta","tipo_via":"Segregada en calzada","longitud_m":545}},{"type":"Feature","geometry":{"type":"LineString","coordinates":[[-75.586469,6.239476],[-75.586286,6.239671],[-75.586142,6.239767],[-75.585455,6.23981],[-75.584836,6.239908],[-75.584595,6.240008],[-75.584382,6.240271],[-75.583288,6.242034]],"crs":null},"properties":{"nombre":"SC 11 15B Q. La Picacha Tramo 2 Costado Sur","estado":"Construida","tipo":"Ciclorruta","tipo_via":"Segregada en calzada","longitud_m":491}},{"type":"Feature","geometry":{"type":"LineString","coordinates":[[-75.583126,6.24005],[-75.584595,6.240008]],"crs":null},"properties":{"nombre":"SC 11 16 Calle 34 Tramo 1","estado":"Construida","tipo":"Ciclorruta","tipo_via":"Segregada en calzada","longitud_m":160}},{"type":"Feature","geometry":{"type":"LineString","coordinates":[[-75.587436,6.239964],[-75.587275,6.239911],[-75.587095,6.239895],[-75.586927,6.239902],[-75.586819,6.239994]],"crs":null},"properties":{"nombre":"SC 11 16 Calle 34 Tramo 2","estado":"Construida","tipo":"Ciclorruta","tipo_via":"Segregada en calzada","longitud_m":83}},{"type":"Feature","geometry":{"type":"LineString","coordinates":[[-75.597966,6.247855],[-75.598564,6.247269],[-75.598626,6.247292],[-75.598683,6.24727],[-75.59872,6.247232],[-75.598734,6.247192],[-75.598702,6.247116],[-75.599112,6.246501],[-75.599272,6.245978],[-75.599364,6.245496],[-75.59944,6.244657],[-75.599545,6.243967],[-75.599617,6.242812]],"crs":null},"properties":{"nombre":"SC 11 18 Carrera 79","estado":"Construida","tipo":"Ciclorruta","tipo_via":"Segregada en calzada","longitud_m":624}},{"type":"Feature","geometry":{"type":"LineString","coordinates":[[-75.588661,6.249915],[-75.594443,6.250642],[-75.594545,6.250618],[-75.595787,6.250585],[-75.596875,6.25066],[-75.597536,6.25073],[-75.598073,6.250737],[-75.599769,6.250609]],"crs":null},"properties":{"nombre":"SC 11 19 Calle 44A","estado":"Construida","tipo":"Ciclorruta","tipo_via":"Segregada en calzada","longitud_m":1240}},{"type":"Feature","geometry":{"type":"LineString","coordinates":[[-75.585808,6.258928],[-75.589745,6.260827],[-75.58982,6.260854],[-75.589864,6.260835],[-75.590053,6.260483]],"crs":null},"properties":{"nombre":"SC 11 20 Calle 51 Tramo 2","estado":"Construida","tipo":"Ciclorruta","tipo_via":"Segregada en calzada","longitud_m":54}},{"type":"Feature","geometry":{"type":"LineString","coordinates":[[-75.59611,6.262664],[-75.593548,6.26147],[-75.590414,6.259978]],"crs":null},"properties":{"nombre":"SC 11 22 Calle 49B","estado":"Construida","tipo":"Ciclorruta","tipo_via":"Segregada en calzada","longitud_m":698}},{"type":"Feature","geometry":{"type":"LineString","coordinates":[[-75.593548,6.26147],[-75.593976,6.260575],[-75.594244,6.260086],[-75.594593,6.259383],[-75.595102,6.258303]],"crs":null},"properties":{"nombre":"SC 11 23 Carrera 77B","estado":"Construida","tipo":"Ciclorruta","tipo_via":"Segregada en calzada","longitud_m":392}},{"type":"Feature","geometry":{"type":"LineString","coordinates":[[-75.586436,6.239914],[-75.586927,6.239902]],"crs":null},"properties":{"nombre":"SC 11 24 Conexión Q. Picacha Unicentro","estado":"Construida","tipo":"Ciclorruta","tipo_via":"Segregada en calzada","longitud_m":54}},{"type":"Feature","geometry":{"type":"LineString","coordinates":[[-75.575261,6.259259],[-75.575622,6.25874],[-75.576668,6.256693],[-75.577054,6.255978],[-75.577969,6.256473],[-75.578442,6.25555],[-75.579192,6.25588],[-75.579224,6.255837]],"crs":null},"properties":{"nombre":"SC 11 40 BBP - Carlos E - UN","estado":"Construida","tipo":"Ciclorruta","tipo_via":"Segregada en calzada","longitud_m":802}},{"type":"Feature","geometry":{"type":"LineString","coordinates":[[-75.594196,6.245899],[-75.593861,6.245527],[-75.593848,6.245144],[-75.59426,6.244751],[-75.595132,6.244005],[-75.595454,6.243758]],"crs":null},"properties":{"nombre":"CO 11 01 Circular 73B Tramo 2","estado":"Construida","tipo":"Compartida","tipo_via":"Compartida en calzada","longitud_m":334}},{"type":"Feature","geometry":{"type":"LineString","coordinates":[[-75.5947,6.26664],[-75.594617,6.267277],[-75.595143,6.267373],[-75.595025,6.267939],[-75.5948,6.268877],[-75.594706,6.269197],[-75.59466,6.269816],[-75.59466,6.2702],[-75.594526,6.270176],[-75.594467,6.270488],[-75.594341,6.270733],[-75.594006,6.271016],[-75.594266,6.271557]],"crs":null},"properties":{"nombre":"CO 11 02 Carrera 79A Los Colores","estado":"Construida","tipo":"Compartida","tipo_via":"Compartida en calzada","longitud_m":648}},{"type":"Feature","geometry":{"type":"LineString","coordinates":[[-75.593716,6.266739],[-75.594333,6.267176],[-75.594617,6.267277]],"crs":null},"properties":{"nombre":"CO 11 03 Calle 53A Los Colores","estado":"Construida","tipo":"Compartida","tipo_via":"Compartida en calzada","longitud_m":117}},{"type":"Feature","geometry":{"type":"LineString","coordinates":[[-75.59775,6.248699],[-75.597039,6.248625],[-75.595497,6.248422],[-75.594719,6.248299],[-75.594467,6.248294],[-75.594327,6.248321],[-75.59415,6.248385],[-75.593896,6.248385],[-75.593657,6.248326]],"crs":null},"properties":{"nombre":"CO 11 04 Calle 42","estado":"Construida","tipo":"Compartida","tipo_via":"Compartida en calzada","longitud_m":454}},{"type":"Feature","geometry":{"type":"LineString","coordinates":[[-75.585874,6.260987],[-75.586362,6.260166],[-75.58678,6.259398]],"crs":null},"properties":{"nombre":"CO 11 05 Carrera 71","estado":"Construida","tipo":"Compartida","tipo_via":"Compartida en calzada","longitud_m":203}},{"type":"Feature","geometry":{"type":"LineString","coordinates":[[-75.591808,6.264928],[-75.591417,6.265654]],"crs":null},"properties":{"nombre":"CO 11 06 Carrera 77","estado":"Construida","tipo":"Compartida","tipo_via":"Compartida en calzada","longitud_m":160}},{"type":"Feature","geometry":{"type":"LineString","coordinates":[[-75.595692,6.260526],[-75.594824,6.260073]],"crs":null},"properties":{"nombre":"CO 11 07 Calle 49","estado":"Construida","tipo":"Compartida","tipo_via":"Compartida en calzada","longitud_m":108}},{"type":"Feature","geometry":{"type":"LineString","coordinates":[[-75.59563,6.263642],[-75.594093,6.262926]],"crs":null},"properties":{"nombre":"CO 11 08 Calle 51","estado":"Construida","tipo":"Compartida","tipo_via":"Compartida en calzada","longitud_m":184}},{"type":"Feature","geometry":{"type":"LineString","coordinates":[[-75.58454,6.257121],[-75.584098,6.256912]],"crs":null},"properties":{"nombre":"CO 11 09 Calle 49B","estado":"Construida","tipo":"Compartida","tipo_via":"Compartida en calzada","longitud_m":54}},{"type":"Feature","geometry":{"type":"LineString","coordinates":[[-75.583986,6.255106],[-75.58448,6.255333],[-75.584722,6.255472]],"crs":null},"properties":{"nombre":"CO 11 10 Calle 48D","estado":"Construida","tipo":"Compartida","tipo_via":"Compartida en calzada","longitud_m":91}},{"type":"Feature","geometry":{"type":"LineString","coordinates":[[-75.594465,6.264727],[-75.594314,6.265056]],"crs":null},"properties":{"nombre":"CO 11 11 Carrera 78B","estado":"Construida","tipo":"Compartida","tipo_via":"Compartida en calzada","longitud_m":40}},{"type":"Feature","geometry":{"type":"LineString","coordinates":[[-75.581234,6.246064],[-75.581525,6.246508],[-75.581621,6.246851],[-75.581602,6.247337]],"crs":null},"properties":{"nombre":"CO 11 12 Conexión La Paloma","estado":"Construida","tipo":"Compartida","tipo_via":"Andén compartido","longitud_m":153}},{"type":"Feature","geometry":{"type":"LineString","coordinates":[[-75.577443,6.256186],[-75.578116,6.254951]],"crs":null},"properties":{"nombre":"CO 11 24 BPP Carrera 64","estado":"Construida","tipo":"Compartida","tipo_via":"Compartida en calzada","longitud_m":156}},{"type":"Feature","geometry":{"type":"LineString","coordinates":[[-75.5778,6.255542],[-75.578304,6.255825]],"crs":null},"properties":{"nombre":"CO 11 25 BPP Calle 51A","estado":"Construida","tipo":"Compartida","tipo_via":"Compartida en calzada","longitud_m":64}},{"type":"Feature","geometry":{"type":"LineString","coordinates":[[-75.604351,6.257156],[-75.605211,6.256543],[-75.60561,6.256303],[-75.605911,6.256148],[-75.60624,6.256036],[-75.606645,6.255953],[-75.607073,6.255876],[-75.607521,6.255856]],"crs":null},"properties":{"nombre":"SA 12 01 Quebrada La Hueso Tramo 5","estado":"Construida","tipo":"Ciclorruta","tipo_via":"Segregada en andén","longitud_m":388}},{"type":"Feature","geometry":{"type":"LineString","coordinates":[[-75.596311,6.255873],[-75.597258,6.256083],[-75.598205,6.256322],[-75.598952,6.256471],[-75.599167,6.256478],[-75.599516,6.256437],[-75.599877,6.256374],[-75.599992,6.256342],[-75.600059,6.256288],[-75.600115,6.256272],[-75.600177,6.256292],[-75.600228,6.256333],[-75.601031,6.256214],[-75.601892,6.256065],[-75.602067,6.256024],[-75.60224,6.255952],[-75.602344,6.255873],[-75.60286,6.255317],[-75.603872,6.254424]],"crs":null},"properties":{"nombre":"SC 12 01 Calle 46","estado":"Construida","tipo":"Ciclorrutas","longitud_m":922}},{"type":"Feature","geometry":{"type":"LineString","coordinates":[[-75.600164,6.257146],[-75.600115,6.256272],[-75.600324,6.255625],[-75.60107,6.254807],[-75.602175,6.253726],[-75.602499,6.253443],[-75.602961,6.252636],[-75.603247,6.252102],[-75.603855,6.250864]],"crs":null},"properties":{"nombre":"SC 12 02 Carrera 82","estado":"Construida","tipo":"Ciclorruta","tipo_via":"Segregada en calzada","longitud_m":830}},{"type":"Feature","geometry":{"type":"LineString","coordinates":[[-75.59936,6.259508],[-75.599329,6.259623],[-75.599374,6.259658],[-75.598926,6.261321],[-75.598712,6.262174],[-75.598411,6.263788],[-75.598326,6.263761],[-75.598639,6.262124],[-75.59925,6.259622],[-75.599329,6.259623]],"crs":null},"properties":{"nombre":"SC 12 03 Carrera 81A Tramo 1","estado":"Construida","tipo":"Ciclorruta","tipo_via":"Segregada en calzada","longitud_m":1000}},{"type":"Feature","geometry":{"type":"LineString","coordinates":[[-75.598326,6.263761],[-75.598263,6.264036],[-75.598146,6.264347],[-75.597884,6.264659],[-75.597529,6.264987],[-75.597275,6.265124],[-75.597131,6.265167],[-75.596809,6.26522],[-75.596818,6.265274],[-75.597113,6.26523],[-75.597371,6.265162],[-75.597592,6.265013],[-75.597933,6.264714],[-75.59822,6.264365],[-75.598344,6.264065],[-75.598411,6.263788]],"crs":null},"properties":{"nombre":"SC 12 04 Carrera 81A Tramo 2","estado":"Construida","tipo":"Ciclorruta","tipo_via":"Segregada en calzada","longitud_m":519}},{"type":"Feature","geometry":{"type":"LineString","coordinates":[[-75.598585,6.258682],[-75.598998,6.257013],[-75.599167,6.256478],[-75.599422,6.255882],[-75.599101,6.255633],[-75.598669,6.255395]],"crs":null},"properties":{"nombre":"SC 12 05 Carrera 81 - Calle 45G","estado":"Construida","tipo":"Ciclorruta","tipo_via":"Segregada en calzada","longitud_m":426}},{"type":"Feature","geometry":{"type":"LineString","coordinates":[[-75.601517,6.255296],[-75.601242,6.255584],[-75.601046,6.255873],[-75.601081,6.256205]],"crs":null},"properties":{"nombre":"CO 12 01 Carrera 84 Parque Floresta","estado":"Construida","tipo":"Ciclorrutas","longitud_m":120}},{"type":"Feature","geometry":{"type":"LineString","coordinates":[[-75.600164,6.257146],[-75.600434,6.258975]],"crs":null},"properties":{"nombre":"CO 12 02 Carrera 82 Tramo 2","estado":"Construida","tipo":"Compartida","tipo_via":"Compartida en calzada","longitud_m":206}},{"type":"Feature","geometry":{"type":"LineString","coordinates":[[-75.600969,6.259179],[-75.60091,6.258604],[-75.600598,6.256277]],"crs":null},"properties":{"nombre":"CO 12 03 Carrera 83","estado":"Construida","tipo":"Señalización","longitud_m":236}},{"type":"Feature","geometry":{"type":"LineString","coordinates":[[-75.602058,6.255982],[-75.602078,6.256025],[-75.6021,6.256176],[-75.602428,6.258831]],"crs":null},"properties":{"nombre":"CO 12 04 Carrera 86","estado":"Construida","tipo":"Señalización","longitud_m":320}},{"type":"Feature","geometry":{"type":"LineString","coordinates":[[-75.602078,6.256025],[-75.601517,6.255296]],"crs":null},"properties":{"nombre":"CO 12 05 Transversal 45D Parque Floresta","estado":"Construida","tipo":"Compartida","tipo_via":"Compartida en calzada","longitud_m":102}},{"type":"Feature","geometry":{"type":"LineString","coordinates":[[-75.601047,6.25484],[-75.601517,6.255296]],"crs":null},"properties":{"nombre":"CO 12 06 Transversal 45D","estado":"Construida","tipo":"Compartida","tipo_via":"Compartida en calzada","longitud_m":73}},{"type":"Feature","geometry":{"type":"LineString","coordinates":[[-75.596811,6.265243],[-75.596508,6.265267],[-75.59598,6.265131],[-75.595789,6.265059]],"crs":null},"properties":{"nombre":"CO 12 07 Carrera 81A Tramo 3","estado":"Construida","tipo":"Compartida","tipo_via":"Compartida en andén","longitud_m":117}},{"type":"Feature","geometry":{"type":"LineString","coordinates":[[-75.574544,6.229619],[-75.574908,6.225822],[-75.575316,6.221129],[-75.575374,6.220101]],"crs":null},"properties":{"nombre":"SA 14 01 Av. Las Vegas Tramo 1","estado":"Construida","tipo":"Ciclorruta","tipo_via":"Segregada en andén","longitud_m":1060}},{"type":"Feature","geometry":{"type":"LineString","coordinates":[[-75.576312,6.212761],[-75.575759,6.217846],[-75.575718,6.218519],[-75.575541,6.218512],[-75.575374,6.220101]],"crs":null},"properties":{"nombre":"SA 14 02 Av. Las Vegas Tramo 2","estado":"Construida","tipo":"Ciclorruta","tipo_via":"Segregada en andén","longitud_m":842}},{"type":"Feature","geometry":{"type":"LineString","coordinates":[[-75.576312,6.212761],[-75.576668,6.209162],[-75.576925,6.206112],[-75.577529,6.200014]],"crs":null},"properties":{"nombre":"SA 14 03 Av. Las Vegas Tramo 3","estado":"Construida","tipo":"Ciclorruta","tipo_via":"Segregada en andén","longitud_m":1430}},{"type":"Feature","geometry":{"type":"LineString","coordinates":[[-75.576786,6.207658],[-75.575677,6.207087],[-75.574319,6.206497],[-75.573453,6.206092]],"crs":null},"properties":{"nombre":"SC 14 01 Calle 5","estado":"Construida","tipo":"Ciclorruta","tipo_via":"Delimitada en calzada","longitud_m":408}},{"type":"Feature","geometry":{"type":"LineString","coordinates":[[-75.571293,6.224105],[-75.571378,6.223316],[-75.571561,6.222025],[-75.571743,6.2205],[-75.57184,6.219433],[-75.572076,6.2181],[-75.572065,6.217567],[-75.572119,6.217098],[-75.572221,6.216767],[-75.572408,6.216479],[-75.57273,6.216052],[-75.573406,6.215466],[-75.574168,6.215071],[-75.575005,6.214879],[-75.575692,6.2149],[-75.576078,6.214952]],"crs":null},"properties":{"nombre":"SC 14 02 Carrera 43F Centro Automotriz","estado":"Construida","tipo":"Ciclorruta","tipo_via":"Segregada en calzada","longitud_m":1320}},{"type":"Feature","geometry":{"type":"LineString","coordinates":[[-75.574927,6.22566],[-75.57346,6.225545],[-75.572574,6.225452],[-75.572199,6.225289],[-75.571732,6.225001],[-75.571357,6.224734],[-75.571325,6.224308],[-75.571293,6.224105],[-75.569742,6.223218],[-75.569409,6.223057]],"crs":null},"properties":{"nombre":"SC 14 03 Calle 23-24","estado":"Construida","tipo":"Ciclorruta","tipo_via":"Segregada en calzada","longitud_m":726}},{"type":"Feature","geometry":{"type":"LineString","coordinates":[[-75.575077,6.204931],[-75.574656,6.205602],[-75.574464,6.205938],[-75.574388,6.206078],[-75.574318,6.206272],[-75.574307,6.207132],[-75.574406,6.207626],[-75.574447,6.207978],[-75.574644,6.208881],[-75.574825,6.209373],[-75.575192,6.210503],[-75.575273,6.210954],[-75.575351,6.210998],[-75.575482,6.211026],[-75.575703,6.211013]],"crs":null},"properties":{"nombre":"CO 14 01 Carrera 45","estado":"Construida","tipo":"Compartida","tipo_via":"Compartida en calzada","longitud_m":757}},{"type":"Feature","geometry":{"type":"LineString","coordinates":[[-75.576596,6.208789],[-75.575595,6.209141],[-75.574825,6.209373]],"crs":null},"properties":{"nombre":"CO 14 02 Calle 7","estado":"Construida","tipo":"Compartida","tipo_via":"Compartida en calzada","longitud_m":207}},{"type":"Feature","geometry":{"type":"LineString","coordinates":[[-75.576446,6.210043],[-75.575831,6.208178],[-75.575622,6.207727],[-75.575376,6.207477],[-75.575224,6.207374],[-75.575073,6.207297],[-75.574838,6.207208],[-75.574307,6.207132]],"crs":null},"properties":{"nombre":"CO 14 03 Transversal 5A","estado":"Construida","tipo":"Compartida","tipo_via":"Compartida en calzada","longitud_m":439}},{"type":"Feature","geometry":{"type":"LineString","coordinates":[[-75.575957,6.212722],[-75.575864,6.212758],[-75.575764,6.212743],[-75.575682,6.212667],[-75.575622,6.212437],[-75.575703,6.211013],[-75.575753,6.210498],[-75.575686,6.210261],[-75.575308,6.209224],[-75.575008,6.20824],[-75.574942,6.208145],[-75.574835,6.208088],[-75.574447,6.207978]],"crs":null},"properties":{"nombre":"CO 14 04 Q. La Presidenta (Carrera 46)","estado":"Construida","tipo":"Compartida","tipo_via":"Compartida en calzada","longitud_m":613}},{"type":"Feature","geometry":{"type":"LineString","coordinates":[[-75.576056,6.212879],[-75.575957,6.212722],[-75.575914,6.212391],[-75.575926,6.211872],[-75.575874,6.211706],[-75.576005,6.211032],[-75.576052,6.210673],[-75.576027,6.210472],[-75.575831,6.209845],[-75.575254,6.208136],[-75.575128,6.207952],[-75.574944,6.207793],[-75.574641,6.207645],[-75.574406,6.207626],[-75.573977,6.207761],[-75.57369,6.207917],[-75.573445,6.207992]],"crs":null},"properties":{"nombre":"CO 14 04 Q. La Presidenta (Carrera 46)","estado":"Construida","tipo":"Compartida","tipo_via":"Compartida en calzada","longitud_m":778}},{"type":"Feature","geometry":{"type":"LineString","coordinates":[[-75.576596,6.208789],[-75.576144,6.20733]],"crs":null},"properties":{"nombre":"CO 14 05 Carrera 47A","estado":"Construida","tipo":"Compartida","tipo_via":"Compartida en calzada","longitud_m":170}},{"type":"Feature","geometry":{"type":"LineString","coordinates":[[-75.576416,6.205533],[-75.575677,6.207087]],"crs":null},"properties":{"nombre":"CO 14 06 Carrera 47","estado":"Construida","tipo":"Compartida","tipo_via":"Compartida en calzada","longitud_m":191}},{"type":"Feature","geometry":{"type":"LineString","coordinates":[[-75.574428,6.204406],[-75.574286,6.204587],[-75.573858,6.205348],[-75.573596,6.205753],[-75.573453,6.206092],[-75.573307,6.206636],[-75.573294,6.206893],[-75.573313,6.207129],[-75.573445,6.207992]],"crs":null},"properties":{"nombre":"CO 14 07 Carrera 43D","estado":"Construida","tipo":"Compartida","tipo_via":"Compartida en calzada","longitud_m":432}},{"type":"Feature","geometry":{"type":"LineString","coordinates":[[-75.576839,6.205738],[-75.576416,6.205533],[-75.575077,6.204931],[-75.574267,6.204588]],"crs":null},"properties":{"nombre":"CO 14 08 Calle 1","estado":"Construida","tipo":"Compartida","tipo_via":"Compartida en calzada","longitud_m":405}},{"type":"Feature","geometry":{"type":"LineString","coordinates":[[-75.574428,6.204406],[-75.576839,6.205418]],"crs":null},"properties":{"nombre":"CO 14 09 Calle 1 Sur","estado":"Construida","tipo":"Compartida","tipo_via":"Compartida en calzada","longitud_m":384}},{"type":"Feature","geometry":{"type":"LineString","coordinates":[[-75.573977,6.207761],[-75.573814,6.207338],[-75.573733,6.206896],[-75.57383,6.206268]],"crs":null},"properties":{"nombre":"CO 14 10 Carrera 43E","estado":"Construida","tipo":"Compartida","tipo_via":"Compartida en calzada","longitud_m":171}},{"type":"Feature","geometry":{"type":"LineString","coordinates":[[-75.5734,6.217077],[-75.573587,6.215325]],"crs":null},"properties":{"nombre":"CO 14 11 Carrera 45","estado":"Construida","tipo":"Compartida","tipo_via":"Compartida en calzada","longitud_m":196}},{"type":"Feature","geometry":{"type":"LineString","coordinates":[[-75.571442,6.222326],[-75.570102,6.221779]],"crs":null},"properties":{"nombre":"CO 14 12 Calle 19A","estado":"Construida","tipo":"Compartida","tipo_via":"Compartida en calzada","longitud_m":160}},{"type":"Feature","geometry":{"type":"LineString","coordinates":[[-75.580626,6.19599],[-75.58061,6.19591],[-75.580568,6.195822],[-75.580397,6.19573],[-75.579752,6.195487],[-75.57965,6.195488],[-75.579584,6.195526]],"crs":null},"properties":{"nombre":"CO 14 13 Aguacatala Calle 11C Sur","estado":"Construida","tipo":"Compartida","tipo_via":"Compartida en calzada","longitud_m":133}},{"type":"Feature","geometry":{"type":"LineString","coordinates":[[-75.578986,6.197097],[-75.579362,6.196217],[-75.579584,6.195526]],"crs":null},"properties":{"nombre":"CO 14 14 Aguacatala Carrera 48A","estado":"Construida","tipo":"Compartida","tipo_via":"Compartida en calzada","longitud_m":187}},{"type":"Feature","geometry":{"type":"LineString","coordinates":[[-75.580173,6.195705],[-75.579573,6.19724]],"crs":null},"properties":{"nombre":"CO 14 15 Aguacatala Carrera 48B","estado":"Construida","tipo":"Compartida","tipo_via":"Compartida en calzada","longitud_m":187}},{"type":"Feature","geometry":{"type":"LineString","coordinates":[[-75.580626,6.19599],[-75.58042,6.196642],[-75.580138,6.197351]],"crs":null},"properties":{"nombre":"CO 14 16 Aguacatala Carrera 48C","estado":"Construida","tipo":"Compartida","tipo_via":"Compartida en calzada","longitud_m":161}},{"type":"Feature","geometry":{"type":"LineString","coordinates":[[-75.578986,6.197097],[-75.57957,6.197211],[-75.580138,6.197351]],"crs":null},"properties":{"nombre":"CO 14 17 Aguacatala Calle 10 Sur","estado":"Construida","tipo":"Compartida","tipo_via":"Compartida en calzada","longitud_m":131}},{"type":"Feature","geometry":{"type":"LineString","coordinates":[[-75.594199,6.209888],[-75.593276,6.208624],[-75.593071,6.208559],[-75.592577,6.208516],[-75.592082,6.208526],[-75.591931,6.20861],[-75.591708,6.208806],[-75.590613,6.21003],[-75.590371,6.210465],[-75.590214,6.2111],[-75.590126,6.21125],[-75.589915,6.211391],[-75.589808,6.211417],[-75.589679,6.21139],[-75.58881,6.210939],[-75.588693,6.210855],[-75.588598,6.210856],[-75.588568,6.210914],[-75.588508,6.211351],[-75.5882,6.213061],[-75.588142,6.213141],[-75.588058,6.21317],[-75.587966,6.213668],[-75.587809,6.214047],[-75.587502,6.214055],[-75.587178,6.213978],[-75.587128,6.214178],[-75.586602,6.214072],[-75.586364,6.215414],[-75.586569,6.215441],[-75.586364,6.216385],[-75.586492,6.216425],[-75.586447,6.216695],[-75.586546,6.216943],[-75.586625,6.21707],[-75.586709,6.217138],[-75.586731,6.217259],[-75.586682,6.217348],[-75.586555,6.217318],[-75.586388,6.217538],[-75.586172,6.217613],[-75.586051,6.2178],[-75.585984,6.218013],[-75.58589,6.21851],[-75.585964,6.21856],[-75.586027,6.218679]],"crs":null},"properties":{"nombre":"SA 15 01 Anillo Aeropuerto","estado":"Construida","tipo":"Ciclorruta","tipo_via":"Segregada en andén","longitud_m":2050}},{"type":"Feature","geometry":{"type":"LineString","coordinates":[[-75.576754,6.230939],[-75.576944,6.231107],[-75.577282,6.231512],[-75.577164,6.231611],[-75.576732,6.23152],[-75.576531,6.231424],[-75.576389,6.23132],[-75.576322,6.231142],[-75.576209,6.230715],[-75.576235,6.230664],[-75.576149,6.230551],[-75.576159,6.230485],[-75.576206,6.230457],[-75.576249,6.230096],[-75.576247,6.22992],[-75.576324,6.229582],[-75.57645,6.229483],[-75.57662,6.229494],[-75.57679,6.229595],[-75.576884,6.23019],[-75.57679,6.230351],[-75.576754,6.230939],[-75.576703,6.231104],[-75.576689,6.231496]],"crs":null},"properties":{"nombre":"SA 15 02 Anillo Estación Industriales","estado":"Construida","tipo":"Ciclorruta","tipo_via":"Segregada en andén","longitud_m":676}},{"type":"Feature","geometry":{"type":"LineString","coordinates":[[-75.577167,6.231614],[-75.577437,6.231687],[-75.577613,6.231646],[-75.577833,6.231544],[-75.57791,6.23165],[-75.577998,6.231731],[-75.578179,6.231752],[-75.579063,6.231759],[-75.582734,6.231684],[-75.582702,6.233339]],"crs":null},"properties":{"nombre":"SA 15 03 Calle 30","estado":"Construida","tipo":"Ciclorruta","tipo_via":"Segregada en andén","longitud_m":806}},{"type":"Feature","geometry":{"type":"LineString","coordinates":[[-75.590513,6.202035],[-75.590611,6.20209],[-75.59075,6.202097],[-75.590866,6.202046],[-75.59091,6.201921],[-75.590992,6.201893],[-75.591466,6.2021],[-75.591724,6.202281],[-75.592005,6.202435],[-75.592237,6.20244],[-75.592483,6.202302],[-75.592628,6.202191],[-75.592979,6.202062],[-75.593347,6.202]],"crs":null},"properties":{"nombre":"SA 15 04 Calle 9 Sur Tramo 2A","estado":"Construida","tipo":"Ciclorruta","tipo_via":"Segregada en andén","longitud_m":350}},{"type":"Feature","geometry":{"type":"LineString","coordinates":[[-75.595336,6.202151],[-75.59494,6.202019],[-75.594307,6.201929],[-75.594066,6.201913],[-75.593694,6.20193],[-75.593491,6.201952],[-75.593347,6.202]],"crs":null},"properties":{"nombre":"SA 15 04 Calle 9 Sur Tramo 2B","estado":"Construida","tipo":"Ciclorruta","tipo_via":"Segregada en andén","longitud_m":224}},{"type":"Feature","geometry":{"type":"LineString","coordinates":[[-75.582799,6.233371],[-75.582888,6.232003],[-75.582734,6.231684]],"crs":null},"properties":{"nombre":"SC 15 01 Carrera 65 Tramo Guayabal","estado":"Construida","tipo":"Ciclorruta","tipo_via":"Segregada en calzada","longitud_m":192}},{"type":"Feature","geometry":{"type":"LineString","coordinates":[[-75.57679,6.229595],[-75.576817,6.229352],[-75.576903,6.229302],[-75.576992,6.229203],[-75.57704,6.228744],[-75.577222,6.228169],[-75.577598,6.227262],[-75.579698,6.221628],[-75.580602,6.21783],[-75.581128,6.21552],[-75.581389,6.215034]],"crs":null},"properties":{"nombre":"SC 15 02 Av. Guayabal T1 E","estado":"Construida","tipo":"Ciclorruta","tipo_via":"Segregada en calzada","longitud_m":1710}},{"type":"Feature","geometry":{"type":"LineString","coordinates":[[-75.581717,6.215246],[-75.581468,6.215644],[-75.580821,6.218303],[-75.580049,6.221693],[-75.579752,6.22257],[-75.578922,6.224721],[-75.577947,6.227358],[-75.57742,6.228675],[-75.577269,6.229188],[-75.577214,6.22953],[-75.577629,6.231105],[-75.577765,6.231437],[-75.577833,6.231544]],"crs":null},"properties":{"nombre":"SC 15 02 Av. Guayabal T1 W","estado":"Construida","tipo":"Ciclorruta","tipo_via":"Segregada en calzada","longitud_m":1910}},{"type":"Feature","geometry":{"type":"LineString","coordinates":[[-75.582036,6.214604],[-75.581853,6.214483],[-75.581741,6.214465],[-75.581564,6.214492],[-75.581418,6.214607],[-75.58134,6.21485],[-75.581389,6.215034],[-75.581557,6.215193],[-75.581717,6.215246],[-75.581902,6.215191],[-75.582018,6.2151],[-75.582099,6.214954],[-75.582097,6.214714],[-75.582036,6.214604]],"crs":null},"properties":{"nombre":"SC 15 02 Av. Guayabal T2","estado":"Construida","tipo":"Ciclorruta","tipo_via":"Segregada en calzada","longitud_m":270}},{"type":"Feature","geometry":{"type":"LineString","coordinates":[[-75.582097,6.214714],[-75.582126,6.214547],[-75.583094,6.213055],[-75.58479,6.210272],[-75.585841,6.20785],[-75.58697,6.205175]],"crs":null},"properties":{"nombre":"SC 15 02 Av. Guayabal T3 W","estado":"Construida","tipo":"Ciclorruta","tipo_via":"Segregada en calzada","longitud_m":1200}},{"type":"Feature","geometry":{"type":"LineString","coordinates":[[-75.586646,6.205089],[-75.586576,6.205271],[-75.58432,6.210268],[-75.581741,6.214465]],"crs":null},"properties":{"nombre":"SC 15 02 Av. Guayabal T3 E","estado":"Construida","tipo":"Ciclorruta","tipo_via":"Segregada en calzada","longitud_m":1180}},{"type":"Feature","geometry":{"type":"LineString","coordinates":[[-75.583757,6.224707],[-75.58355,6.224832],[-75.582574,6.224897],[-75.581957,6.224921],[-75.58175,6.225011],[-75.581584,6.22519],[-75.580042,6.229089],[-75.579827,6.229395],[-75.57891,6.229923],[-75.578481,6.230152],[-75.57817,6.230395],[-75.57807,6.230661],[-75.577913,6.231326],[-75.577765,6.231437]],"crs":null},"properties":{"nombre":"SC 15 03 Q. La Guayabala T1","estado":"Construida","tipo":"Ciclorruta","tipo_via":"Segregada en calzada","longitud_m":1100}},{"type":"Feature","geometry":{"type":"LineString","coordinates":[[-75.583757,6.224707],[-75.583974,6.2244],[-75.584843,6.223894],[-75.585068,6.223675],[-75.585315,6.223291],[-75.585421,6.222991],[-75.58587,6.223159]],"crs":null},"properties":{"nombre":"SC 15 03 Q. La Guayabala T2","estado":"Construida","tipo":"Ciclorruta","tipo_via":"Segregada en calzada","longitud_m":327}},{"type":"Feature","geometry":{"type":"LineString","coordinates":[[-75.587332,6.231544],[-75.58726,6.229704],[-75.58722,6.228147],[-75.587456,6.226707],[-75.587686,6.225844],[-75.587815,6.225161],[-75.588181,6.223755]],"crs":null},"properties":{"nombre":"SC 15 04 Carrera 66B Aeropuerto","estado":"Construida","tipo":"Ciclorruta","tipo_via":"Segregada en calzada","longitud_m":1190}},{"type":"Feature","geometry":{"type":"LineString","coordinates":[[-75.588181,6.223755],[-75.58587,6.223159]],"crs":null},"properties":{"nombre":"SC 15 05 Calle 20 Aeropuerto","estado":"Construida","tipo":"Ciclorruta","tipo_via":"Segregada en calzada","longitud_m":264}},{"type":"Feature","geometry":{"type":"LineString","coordinates":[[-75.587692,6.223635],[-75.587776,6.223166],[-75.587776,6.222782],[-75.587701,6.222472],[-75.587385,6.221678],[-75.587315,6.221432],[-75.587122,6.22123],[-75.586934,6.221139],[-75.586457,6.221011]],"crs":null},"properties":{"nombre":"SC 15 06 Carrera 66","estado":"Construida","tipo":"Compartida","tipo_via":"Compartida en calzada","longitud_m":364}},{"type":"Feature","geometry":{"type":"LineString","coordinates":[[-75.585464,6.223013],[-75.580055,6.221597]],"crs":null},"properties":{"nombre":"SC 15 07 Calle 20 Zoológico","estado":"Construida","tipo":"Ciclorruta","tipo_via":"Segregada en calzada","longitud_m":619}},{"type":"Feature","geometry":{"type":"LineString","coordinates":[[-75.578942,6.212354],[-75.579369,6.209165]],"crs":null},"properties":{"nombre":"SC 15 08 Estación Poblado - Av. Guayabal","estado":"Construida","tipo":"Ciclorruta","tipo_via":"Segregada en calzada","longitud_m":358}},{"type":"Feature","geometry":{"type":"LineString","coordinates":[[-75.576281,6.230925],[-75.575176,6.23076],[-75.57501,6.230722],[-75.575112,6.230157],[-75.575176,6.230322],[-75.574994,6.230376],[-75.574833,6.230322],[-75.574731,6.230194]],"crs":null},"properties":{"nombre":"CO 15 01 Puente Industriales","estado":"Construida","tipo":"Compartida","tipo_via":"Compartida en andén","longitud_m":284}},{"type":"Feature","geometry":{"type":"LineString","coordinates":[[-75.588258,6.20485],[-75.588392,6.204937],[-75.588576,6.204862],[-75.588663,6.204747],[-75.58892,6.204149],[-75.589033,6.203816],[-75.58921,6.203579],[-75.589585,6.203424],[-75.589864,6.203189],[-75.590165,6.202784],[-75.590486,6.202592],[-75.590513,6.202035]],"crs":null},"properties":{"nombre":"CO 15 02 Carrera 53","estado":"Construida","tipo":"Compartida","tipo_via":"Compartida en calzada","longitud_m":445}},{"type":"Feature","geometry":{"type":"LineString","coordinates":[[-75.585875,6.223127],[-75.58641,6.221047],[-75.586463,6.220564],[-75.586431,6.220212],[-75.586268,6.219431],[-75.586193,6.219418],[-75.586148,6.219154],[-75.586099,6.219018],[-75.586054,6.218982],[-75.585875,6.218974]],"crs":null},"properties":{"nombre":"CO 15 03 Quebrada La Guayabala T3","estado":"Construida","tipo":"Compartida","tipo_via":"Compartida en calzada y en andén","longitud_m":507}},{"type":"Feature","geometry":{"type":"LineString","coordinates":[[-75.58432,6.210268],[-75.579369,6.209165]],"crs":null},"properties":{"nombre":"CO 15 04 Estación Poblado - Av. Guayabal (Calle 4)","estado":"Construida","tipo":"Compartida","tipo_via":"Compartida en calzada","longitud_m":561}},{"type":"Feature","geometry":{"type":"LineString","coordinates":[[-75.588139,6.21308],[-75.587235,6.212918]],"crs":null},"properties":{"nombre":"CO 15 05 Calle 5","estado":"Construida","tipo":"Compartida","tipo_via":"Compartida en calzada","longitud_m":102}},{"type":"Feature","geometry":{"type":"LineString","coordinates":[[-75.583182,6.239496],[-75.583071,6.238446],[-75.582722,6.23723],[-75.58269,6.236908],[-75.582685,6.236293],[-75.582728,6.235588],[-75.582736,6.234855],[-75.582799,6.233371]],"crs":null},"properties":{"nombre":"SA 16 01 Carrera 65 Tramo Belén","estado":"Construida","tipo":"Ciclorruta","tipo_via":"Segregada en andén","longitud_m":688}},{"type":"Feature","geometry":{"type":"LineString","coordinates":[[-75.582702,6.233339],[-75.583953,6.233331],[-75.584425,6.233277],[-75.587326,6.232474],[-75.589196,6.232356],[-75.5903,6.232312],[-75.591416,6.232299]],"crs":null},"properties":{"nombre":"SA 16 02 Calle 30A Tramo 1","estado":"Construida","tipo":"Ciclorruta","tipo_via":"Segregada en andén","longitud_m":975}},{"type":"Feature","geometry":{"type":"LineString","coordinates":[[-75.591416,6.232299],[-75.591345,6.230472],[-75.591388,6.229086],[-75.591238,6.226835],[-75.591313,6.226195],[-75.593233,6.216212],[-75.593373,6.216074],[-75.593544,6.215167],[-75.594199,6.209888]],"crs":null},"properties":{"nombre":"SA 16 03 Carrera 70 Tramo Aeropuerto","estado":"Construida","tipo":"Ciclorruta","tipo_via":"Segregada en andén","longitud_m":2530}},{"type":"Feature","geometry":{"type":"LineString","coordinates":[[-75.607138,6.218266],[-75.607606,6.218306],[-75.607677,6.218378],[-75.607587,6.218476],[-75.607449,6.218479],[-75.607325,6.21842],[-75.607138,6.218266],[-75.606909,6.21826],[-75.60682,6.218196],[-75.606033,6.217326],[-75.60521,6.217567],[-75.604811,6.217162],[-75.604729,6.21698],[-75.604683,6.216931],[-75.604645,6.216946],[-75.604679,6.217008],[-75.604729,6.21698]],"crs":null},"properties":{"nombre":"SA 16 04 Calle 5 Loma de Los Bernal","estado":"Construida","tipo":"Ciclorruta","tipo_via":"Segregada en andén","longitud_m":510}},{"type":"Feature","geometry":{"type":"LineString","coordinates":[[-75.591416,6.232299],[-75.596299,6.232152]],"crs":null},"properties":{"nombre":"SC 16 01 Calle 30A Tramo Belén","estado":"Construida","tipo":"Ciclorruta","tipo_via":"Segregada en calzada","longitud_m":541}},{"type":"Feature","geometry":{"type":"LineString","coordinates":[[-75.58804,6.241284],[-75.587838,6.241066],[-75.588068,6.240843],[-75.588092,6.240769],[-75.588055,6.2407],[-75.588098,6.240651],[-75.587436,6.239964],[-75.587438,6.239931],[-75.58748,6.239895],[-75.587516,6.239894],[-75.587504,6.239429],[-75.587539,6.238481],[-75.587332,6.231544]],"crs":null},"properties":{"nombre":"SC 16 02 Carrera 66B Tramo Belén","estado":"Construida","tipo":"Ciclorruta","tipo_via":"Segregada en calzada","longitud_m":1140}},{"type":"Feature","geometry":{"type":"LineString","coordinates":[[-75.591416,6.232299],[-75.591606,6.237438]],"crs":null},"properties":{"nombre":"SC 16 03 Carrera 70 Tramo Rosales","estado":"Construida","tipo":"Ciclorruta","tipo_via":"Segregada en calzada","longitud_m":572}},{"type":"Feature","geometry":{"type":"LineString","coordinates":[[-75.596379,6.235111],[-75.596299,6.232878],[-75.596299,6.232152]],"crs":null},"properties":{"nombre":"SC 16 04 Carrera 76 Tramo 2","estado":"Construida","tipo":"Ciclorruta","tipo_via":"Segregada en calzada","longitud_m":379}},{"type":"Feature","geometry":{"type":"LineString","coordinates":[[-75.606376,6.233736],[-75.6062,6.233963],[-75.606037,6.234047],[-75.605711,6.23428],[-75.605384,6.234456],[-75.605174,6.234515],[-75.604832,6.234472],[-75.603345,6.234115],[-75.602342,6.234112],[-75.601628,6.234227]],"crs":null},"properties":{"nombre":"SC 16 07 Q. La Picacha Tramo 5","estado":"Construida","tipo":"Ciclorruta","tipo_via":"Segregada en calzada","longitud_m":560}},{"type":"Feature","geometry":{"type":"LineString","coordinates":[[-75.606376,6.233736],[-75.606199,6.232643],[-75.606908,6.232552],[-75.607619,6.232484],[-75.608424,6.232462],[-75.60968,6.232515]],"crs":null},"properties":{"nombre":"SC 16 07 Conexión UdeM (Carrera 83 - Calle 31)","estado":"Construida","tipo":"Ciclorruta","tipo_via":"Segregada en calzada","longitud_m":510}},{"type":"Feature","geometry":{"type":"LineString","coordinates":[[-75.601628,6.234227],[-75.601598,6.23389],[-75.601414,6.233874],[-75.601173,6.233726],[-75.60083,6.233366],[-75.600649,6.233141],[-75.600488,6.232994],[-75.60004,6.23286],[-75.599682,6.232932],[-75.598776,6.233197],[-75.598235,6.233291],[-75.597822,6.233319],[-75.597539,6.233443],[-75.597136,6.233853],[-75.59635,6.235144]],"crs":null},"properties":{"nombre":"SC 16 08A Q. La Picacha Tramo 4 Costado Sur","estado":"Construida","tipo":"Ciclorruta","tipo_via":"Segregada en calzada","longitud_m":770}},{"type":"Feature","geometry":{"type":"LineString","coordinates":[[-75.601628,6.234227],[-75.601241,6.234177],[-75.601078,6.234088],[-75.600806,6.233891],[-75.600641,6.233683],[-75.60041,6.233539],[-75.598994,6.233587],[-75.598056,6.233597],[-75.597809,6.23364],[-75.597637,6.233768],[-75.597299,6.234248],[-75.596437,6.235552]],"crs":null},"properties":{"nombre":"SC 16 08B Q. La Picacha Tramo 4 Costado Norte","estado":"Construida","tipo":"Ciclorruta","tipo_via":"Segregada en calzada","longitud_m":712}},{"type":"Feature","geometry":{"type":"LineString","coordinates":[[-75.586766,6.239466],[-75.586903,6.23918],[-75.58708,6.238957],[-75.587262,6.238829],[-75.587479,6.238785],[-75.593642,6.238564],[-75.594324,6.238351],[-75.594821,6.237906],[-75.59532,6.237089],[-75.596437,6.235552]],"crs":null},"properties":{"nombre":"SC 16 09A Q. La Picacha Tramo 3 Costado Norte","estado":"Construida","tipo":"Ciclorruta","tipo_via":"Segregada en calzada","longitud_m":1270}},{"type":"Feature","geometry":{"type":"LineString","coordinates":[[-75.586469,6.239476],[-75.586615,6.239111],[-75.586871,6.238756],[-75.587045,6.238605],[-75.587257,6.238502],[-75.590569,6.238348],[-75.591019,6.238367],[-75.593796,6.238226],[-75.594176,6.238077],[-75.594573,6.237758],[-75.59485,6.237324],[-75.59635,6.235144]],"crs":null},"properties":{"nombre":"SC 16 09B Q. La Picacha Tramo 3 Costado Sur","estado":"Construida","tipo":"Ciclorruta","tipo_via":"Segregada en calzada","longitud_m":1320}},{"type":"Feature","geometry":{"type":"LineString","coordinates":[[-75.605904,6.223945],[-75.605861,6.222718],[-75.605856,6.221545],[-75.605638,6.221268],[-75.605078,6.220969],[-75.604541,6.220729],[-75.604219,6.220639],[-75.603922,6.22059],[-75.603898,6.220873],[-75.603729,6.221532],[-75.603626,6.221739],[-75.603463,6.221855],[-75.602013,6.22246],[-75.601716,6.222499],[-75.601414,6.222458],[-75.600733,6.222079],[-75.600331,6.221988],[-75.599998,6.221951],[-75.59984,6.221972],[-75.599561,6.222047]],"crs":null},"properties":{"nombre":"SC 16 10 Calle 15","estado":"Construida","tipo":"Ciclorruta","tipo_via":"Segregada en calzada","longitud_m":1130}},{"type":"Feature","geometry":{"type":"LineString","coordinates":[[-75.598243,6.233583],[-75.598235,6.233291]],"crs":null},"properties":{"nombre":"SC 16 20 Conexión Q. Picacha Carrera 78","estado":"Construida","tipo":"Ciclorruta","tipo_via":"Segregada en calzada","longitud_m":33}},{"type":"Feature","geometry":{"type":"LineString","coordinates":[[-75.596437,6.235552],[-75.596382,6.235092]],"crs":null},"properties":{"nombre":"SC 16 21 Conexión Q. Picacha Carrera 76","estado":"Construida","tipo":"Ciclorruta","tipo_via":"Segregada en calzada","longitud_m":52}},{"type":"Feature","geometry":{"type":"LineString","coordinates":[[-75.590761,6.238351],[-75.590452,6.23867]],"crs":null},"properties":{"nombre":"SC 16 22 Conexión Q. Picacha Bulerias","estado":"Construida","tipo":"Ciclorruta","tipo_via":"Segregada en calzada","longitud_m":49}},{"type":"Feature","geometry":{"type":"LineString","coordinates":[[-75.584956,6.240174],[-75.584595,6.240008]],"crs":null},"properties":{"nombre":"SC 16 25 Conexión Q. Picacha Calle 34","estado":"Construida","tipo":"Ciclorruta","tipo_via":"Segregada en calzada","longitud_m":44}},{"type":"Feature","geometry":{"type":"LineString","coordinates":[[-75.591553,6.236071],[-75.591089,6.236089],[-75.591105,6.237512],[-75.59057,6.237512],[-75.590569,6.238348]],"crs":null},"properties":{"nombre":"CO 16 01 Conexión Carrera 70 Q. Picacha","estado":"Construida","tipo":"Compartida","tipo_via":"Compartida en calzada","longitud_m":362}},{"type":"Feature","geometry":{"type":"LineString","coordinates":[[-75.600593,6.230523],[-75.600592,6.229415],[-75.600287,6.229428],[-75.599977,6.229373],[-75.59973,6.229191],[-75.599597,6.22904],[-75.599366,6.228862],[-75.599231,6.228708]],"crs":null},"properties":{"nombre":"CO 16 02 Estación La Palma - Q. Altavista","estado":"Construida","tipo":"Compartida","tipo_via":"Compartida en calzada","longitud_m":303}},{"type":"Feature","geometry":{"type":"LineString","coordinates":[[-75.599561,6.222047],[-75.598704,6.222354],[-75.597954,6.222196],[-75.596988,6.221748],[-75.595894,6.2213],[-75.594735,6.220873],[-75.592396,6.220447]],"crs":null},"properties":{"nombre":"CO 16 03 Calle 14 Tramo Belén","estado":"Construida","tipo":"Compartida","tipo_via":"Compartida en calzada","longitud_m":834}},{"type":"Feature","geometry":{"type":"LineString","coordinates":[[-75.610925,6.282323],[-75.611818,6.281693],[-75.612363,6.281432],[-75.612684,6.281323],[-75.613248,6.281358],[-75.614353,6.281336],[-75.615115,6.280795],[-75.615289,6.280752],[-75.615469,6.280755],[-75.615868,6.280726],[-75.616449,6.280394],[-75.616727,6.280379],[-75.617559,6.280398],[-75.618446,6.28031],[-75.619272,6.279806],[-75.620077,6.279451]],"crs":null},"properties":{"nombre":"SA 60 01 Calle 64 Pajarito - Nuevo Occidente","estado":"Construida","tipo":"Ciclorruta","tipo_via":"Segregada en andén","longitud_m":1100}},{"type":"Feature","geometry":{"type":"LineString","coordinates":[[-75.580944,6.217844],[-75.58111,6.217767],[-75.581236,6.217748],[-75.585098,6.218702],[-75.585254,6.218792],[-75.58532,6.218934],[-75.58531,6.219185],[-75.585288,6.219273],[-75.585532,6.21939],[-75.585716,6.219089],[-75.585875,6.218974]],"crs":null},"properties":{"nombre":"SC Calle 14","estado":"Construida","longitud_m":640}},{"type":"Feature","geometry":{"type":"LineString","coordinates":[[-75.596437,6.235552],[-75.596558,6.236146],[-75.596612,6.2367],[-75.59676,6.238839],[-75.596773,6.239505]],"crs":null},"properties":{"nombre":"SC Carrera 76","estado":"Construida","longitud_m":440}},{"type":"Feature","geometry":{"type":"LineString","coordinates":[[-75.569413,6.26469],[-75.574031,6.265399],[-75.575198,6.26553]],"crs":null},"properties":{"nombre":"Barranquilla","estado":"Construida","tipo_via":"Segregada","longitud_m":750}},{"type":"Feature","geometry":{"type":"LineString","coordinates":[[-75.517175,6.349538],[-75.517255,6.349496],[-75.51838,6.349229],[-75.51868,6.349088],[-75.519117,6.348791],[-75.520921,6.347354],[-75.521369,6.347032],[-75.521506,6.34689],[-75.521668,6.346762],[-75.522008,6.346526],[-75.522529,6.346233],[-75.522628,6.346253],[-75.522889,6.346129],[-75.522912,6.346078],[-75.523261,6.345936],[-75.523903,6.345711],[-75.524488,6.345592],[-75.526553,6.345274],[-75.527187,6.345195],[-75.529706,6.34479],[-75.530634,6.344625],[-75.530813,6.344589],[-75.531305,6.344438],[-75.531931,6.344198],[-75.532184,6.34408],[-75.532803,6.343742],[-75.533396,6.343355],[-75.535487,6.341848],[-75.536596,6.341073],[-75.537536,6.34059],[-75.538606,6.339938]],"crs":null},"properties":{"nombre":"CR Niquia - Copacabana","estado":"Construida","tipo":"Ciclorruta","tipo_via":"Segregadaenandén"}},{"type":"Feature","geometry":{"type":"LineString","coordinates":[[-75.549763,6.33441],[-75.549735,6.334283],[-75.549944,6.333879],[-75.54998,6.333679],[-75.549612,6.332887],[-75.549493,6.332764],[-75.549125,6.332676],[-75.54853,6.332582],[-75.548184,6.332689],[-75.547929,6.332792],[-75.547568,6.332947],[-75.547413,6.333081],[-75.547147,6.333195],[-75.546687,6.333359]],"crs":null},"properties":{"nombre":"CR UD Tulio Ospina Sentido Bidireccional","estado":"Construida","tipo_via":"Segregadaenandén"}},{"type":"Feature","geometry":{"type":"LineString","coordinates":[[-75.549216,6.33487],[-75.548178,6.334696],[-75.548168,6.334265],[-75.548183,6.333539],[-75.546777,6.333517],[-75.546687,6.333359]],"crs":null},"properties":{"nombre":"CR UD Tulio Ospina Sentido Bidireccional","estado":"Construida","tipo_via":"Segregadaenandén"}},{"type":"Feature","geometry":{"type":"LineString","coordinates":[[-75.551613,6.33616],[-75.551406,6.335881],[-75.551364,6.335761],[-75.551292,6.335697],[-75.550978,6.335493],[-75.550822,6.335305],[-75.55042,6.334932],[-75.550072,6.334454],[-75.550013,6.334408],[-75.549946,6.334389],[-75.54986,6.334379],[-75.549763,6.33441]],"crs":null},"properties":{"nombre":"CR UD Tulio Ospina Sentido Bidireccional","estado":"Construida","tipo_via":"Segregadaenandén"}},{"type":"Feature","geometry":{"type":"LineString","coordinates":[[-75.546687,6.333359],[-75.546098,6.333616],[-75.545572,6.333814],[-75.545545,6.336549],[-75.54564,6.336612],[-75.546224,6.336533],[-75.547105,6.336304],[-75.547767,6.336015],[-75.548572,6.335467],[-75.549036,6.335028],[-75.549763,6.33441]],"crs":null},"properties":{"nombre":"CR UD Tulio Ospina Sentido Bidireccional","estado":"Construida","tipo_via":"Segregadaenandén"}},{"type":"Feature","geometry":{"type":"LineString","coordinates":[[-75.545524,6.336573],[-75.544729,6.33657],[-75.544451,6.336513]],"crs":null},"properties":{"nombre":"CR UD Tulio Ospina Sentido Bidireccional","estado":"Construida","tipo_via":"Segregadaenandén"}},{"type":"Feature","geometry":{"type":"LineString","coordinates":[[-75.545572,6.333814],[-75.545465,6.33392],[-75.544908,6.332117],[-75.544174,6.332249],[-75.544787,6.332154],[-75.545052,6.33197],[-75.545129,6.331557],[-75.545027,6.331357],[-75.544614,6.330738]],"crs":null},"properties":{"nombre":"CR Conexion B.Las Vegas - Niquia","estado":"Construida","tipo_via":"Segregadaenandén"}},{"type":"Feature","geometry":{"type":"LineString","coordinates":[[-75.548168,6.334265],[-75.547078,6.334275],[-75.547105,6.336304]],"crs":null},"properties":{"nombre":"CR UD Tulio Ospina. Compartida","estado":"Construida","tipo_via":"Compartidaencalzada"}},{"type":"Feature","geometry":{"type":"LineString","coordinates":[[-75.538606,6.339938],[-75.53965,6.339499],[-75.543016,6.338549],[-75.543742,6.338506],[-75.544254,6.338424],[-75.544283,6.338551],[-75.544285,6.338662],[-75.544231,6.33875],[-75.544545,6.339925],[-75.548173,6.339034],[-75.548132,6.338402],[-75.548779,6.338356],[-75.550216,6.338325],[-75.551416,6.338508],[-75.554093,6.339195],[-75.554468,6.338842],[-75.554122,6.335865]],"crs":null},"properties":{"nombre":"CR Carrera 45","estado":"Construida","tipo_via":"Segregadaencalzada"}},{"type":"Feature","geometry":{"type":"LineString","coordinates":[[-75.55378,6.332106],[-75.554574,6.331738],[-75.556083,6.330936]],"crs":null},"properties":{"nombre":"CR Calle 45","estado":"Construida","tipo_via":"Segregadaencalzada"}},{"type":"Feature","geometry":{"type":"LineString","coordinates":[[-75.555934,6.330543],[-75.556252,6.331449],[-75.556862,6.332467],[-75.557875,6.33469],[-75.557968,6.335303]],"crs":null},"properties":{"nombre":"CR Carrera 49","estado":"Construida","tipo_via":"Segregadaencalzada"}},{"type":"Feature","geometry":{"type":"LineString","coordinates":[[-75.558006,6.335408],[-75.555443,6.335752],[-75.555324,6.335867],[-75.55519,6.335945],[-75.555023,6.335892],[-75.55491,6.335753],[-75.554233,6.335838]],"crs":null},"properties":{"nombre":"CR Calle 51","estado":"Construida","tipo_via":"Delimitadaencalzada"}},{"type":"Feature","geometry":{"type":"LineString","coordinates":[[-75.48109,6.381234],[-75.481389,6.38122],[-75.481768,6.38117],[-75.482059,6.381083],[-75.482764,6.380645],[-75.483515,6.380123],[-75.483735,6.380064],[-75.485418,6.379468],[-75.48564,6.379364],[-75.486073,6.379068],[-75.486965,6.378228],[-75.487188,6.378046],[-75.487317,6.378],[-75.488233,6.377353],[-75.488322,6.377257],[-75.488566,6.377079],[-75.48871,6.376949],[-75.488857,6.376797],[-75.488985,6.376631],[-75.489217,6.376236],[-75.490054,6.373984],[-75.490118,6.373735],[-75.490159,6.37346],[-75.490157,6.372982],[-75.490069,6.371389],[-75.490025,6.370155],[-75.490055,6.369934],[-75.490205,6.369364],[-75.490666,6.368177],[-75.490785,6.367905],[-75.490999,6.367576],[-75.491517,6.366935],[-75.491637,6.366762],[-75.492498,6.365733],[-75.492751,6.365334],[-75.492845,6.365117],[-75.492939,6.36484],[-75.493068,6.364319],[-75.493149,6.364159],[-75.49329,6.363708],[-75.493449,6.363393],[-75.493688,6.363092],[-75.493777,6.362945],[-75.494219,6.362613],[-75.494344,6.362566],[-75.494817,6.362221],[-75.498273,6.359989],[-75.498484,6.359835],[-75.498759,6.359562],[-75.499576,6.358445],[-75.499814,6.358152],[-75.500467,6.357238],[-75.500622,6.356959],[-75.500742,6.356643],[-75.501226,6.355153],[-75.501418,6.354741],[-75.501527,6.35457],[-75.501745,6.354281],[-75.502697,6.353206],[-75.502931,6.353041],[-75.503065,6.352975],[-75.503366,6.352872],[-75.504031,6.352684],[-75.504141,6.352713],[-75.504695,6.352556],[-75.504729,6.352517],[-75.504951,6.35242],[-75.506801,6.351905],[-75.506994,6.351827],[-75.507259,6.351887],[-75.507471,6.351827],[-75.507605,6.351676],[-75.508415,6.351371],[-75.508809,6.351206],[-75.509045,6.35113],[-75.509513,6.351036],[-75.512493,6.35053],[-75.51264,6.350523],[-75.513138,6.350424],[-75.513201,6.350434],[-75.51343,6.350387],[-75.513499,6.35034],[-75.514741,6.350016],[-75.515116,6.34998],[-75.516834,6.349592],[-75.516975,6.349586],[-75.517175,6.349538]],"crs":null},"properties":{"nombre":"CR Copacabana - Girardota","estado":"Construida"}},{"type":"Feature","geometry":{"type":"LineString","coordinates":[[-75.506971,6.348006],[-75.508192,6.347354],[-75.508023,6.346922]],"crs":null},"properties":{"nombre":"CR Calle 51","estado":"Construida"}},{"type":"Feature","geometry":{"type":"LineString","coordinates":[[-75.511369,6.345565],[-75.514901,6.344321],[-75.516362,6.344119],[-75.516596,6.344008],[-75.517212,6.343494]],"crs":null},"properties":{"nombre":"CR Calle 50 Tramo 1","estado":"Construida"}},{"type":"Feature","geometry":{"type":"LineString","coordinates":[[-75.507847,6.346475],[-75.508615,6.346131],[-75.508756,6.346185],[-75.510565,6.345739]],"crs":null},"properties":{"nombre":"CR Calle 50 Tramo 2","estado":"Construida"}},{"type":"Feature","geometry":{"type":"LineString","coordinates":[[-75.508023,6.346922],[-75.507847,6.346475]],"crs":null},"properties":{"nombre":"CR Carrera 50","estado":"Construida"}},{"type":"Feature","geometry":{"type":"LineString","coordinates":[[-75.506971,6.348006],[-75.507408,6.34875],[-75.507538,6.34926]],"crs":null},"properties":{"nombre":"CR Carrera 48","estado":"Construida"}},{"type":"Feature","geometry":{"type":"LineString","coordinates":[[-75.441342,6.379773],[-75.442498,6.379471],[-75.443305,6.37919],[-75.44386,6.3788],[-75.445526,6.377484]],"crs":null},"properties":{"nombre":"CB Carrera 15","estado":"Construida"}},{"type":"Feature","geometry":{"type":"LineString","coordinates":[[-75.425158,6.4071],[-75.427896,6.404429],[-75.429255,6.403149],[-75.431204,6.401248],[-75.432232,6.400399],[-75.434383,6.398806],[-75.434789,6.398478],[-75.435497,6.397995],[-75.437127,6.396964],[-75.440007,6.39509],[-75.440562,6.394792],[-75.440652,6.394728],[-75.442641,6.393804],[-75.443483,6.393362],[-75.443715,6.393198],[-75.444042,6.392934],[-75.446336,6.390605],[-75.446817,6.390098],[-75.447031,6.389941],[-75.448216,6.389159],[-75.448647,6.38884],[-75.448883,6.388745],[-75.449072,6.388627],[-75.449226,6.388467],[-75.449683,6.38816],[-75.450082,6.387942],[-75.451938,6.387214],[-75.452584,6.386936],[-75.452984,6.386714],[-75.454669,6.385601],[-75.456526,6.384677],[-75.45686,6.384556],[-75.457141,6.384485],[-75.45762,6.384434],[-75.460379,6.384369],[-75.463467,6.384395],[-75.464088,6.384377],[-75.464323,6.384352],[-75.464752,6.384245],[-75.46538,6.383949],[-75.466068,6.383672],[-75.466944,6.383556],[-75.467243,6.383577],[-75.468424,6.383527],[-75.471584,6.383049],[-75.473045,6.38266],[-75.474796,6.382229],[-75.47487,6.382172],[-75.475236,6.382111],[-75.476298,6.381789],[-75.477195,6.381485],[-75.477454,6.38141],[-75.477797,6.381339],[-75.479517,6.381289],[-75.480574,6.381208]],"crs":null},"properties":{"nombre":"CR Doble calzada Girardota","estado":"Construida"}},{"type":"Feature","geometry":{"type":"LineString","coordinates":[[-75.449231,6.37661],[-75.446525,6.37872]],"crs":null},"properties":{"nombre":"CC Carrera 17","estado":"Construida"}},{"type":"Feature","geometry":{"type":"LineString","coordinates":[[-75.445769,6.376543],[-75.449191,6.380749]],"crs":null},"properties":{"nombre":"CC Calle 7","estado":"Construida"}},{"type":"Feature","geometry":{"type":"LineString","coordinates":[[-75.448539,6.381007],[-75.447055,6.379386],[-75.445163,6.377023]],"crs":null},"properties":{"nombre":"CC Calle 6","estado":"Construida"}},{"type":"Feature","geometry":{"type":"LineString","coordinates":[[-75.448817,6.376163],[-75.450572,6.37823]],"crs":null},"properties":{"nombre":"CC Calle 10","estado":"Construida"}},{"type":"Feature","geometry":{"type":"LineString","coordinates":[[-75.445163,6.377023],[-75.447751,6.374908]],"crs":null},"properties":{"nombre":"CC Carrera 14","estado":"Construida"}},{"type":"Feature","geometry":{"type":"LineString","coordinates":[[-75.449576,6.375295],[-75.446025,6.378115]],"crs":null},"properties":{"nombre":"CC Carrera 16","estado":"Construida"}},{"type":"Feature","geometry":{"type":"LineString","coordinates":[[-75.448964,6.37899],[-75.449778,6.378464],[-75.450572,6.37823]],"crs":null},"properties":{"nombre":"CC Carrera 20","estado":"Construida"}},{"type":"Feature","geometry":{"type":"LineString","coordinates":[[-75.448964,6.37899],[-75.450709,6.380999]],"crs":null},"properties":{"nombre":"CC Calle 8","estado":"Construida"}},{"type":"Feature","geometry":{"type":"LineString","coordinates":[[-75.449703,6.377206],[-75.447055,6.379386]],"crs":null},"properties":{"nombre":"CC Carrera 18","estado":"Construida"}},{"type":"Feature","geometry":{"type":"LineString","coordinates":[[-75.447751,6.374908],[-75.448817,6.376163]],"crs":null},"properties":{"nombre":"CC Calle 10","estado":"Construida"}},{"type":"Feature","geometry":{"type":"LineString","coordinates":[[-75.335809,6.440712],[-75.335048,6.439334],[-75.33489,6.43914],[-75.334615,6.438918],[-75.333608,6.438266]],"crs":null},"properties":{"nombre":"CR Calle 13 Tramo 1","estado":"Construida"}},{"type":"Feature","geometry":{"type":"LineString","coordinates":[[-75.331997,6.439067],[-75.331376,6.438432]],"crs":null},"properties":{"nombre":"CR Calle 16 Tramo 1","estado":"Construida"}},{"type":"Feature","geometry":{"type":"LineString","coordinates":[[-75.332703,6.437745],[-75.331704,6.438768]],"crs":null},"properties":{"nombre":"CR Carrera 18","estado":"Construida"}},{"type":"Feature","geometry":{"type":"LineString","coordinates":[[-75.332839,6.439946],[-75.332015,6.439162],[-75.331997,6.439067]],"crs":null},"properties":{"nombre":"CR Calle 16 Tramo 2","estado":"Construida"}},{"type":"Feature","geometry":{"type":"LineString","coordinates":[[-75.333608,6.438266],[-75.331884,6.437137],[-75.331771,6.437021]],"crs":null},"properties":{"nombre":"CC Calle 13 Tramo 2","estado":"Construida"}},{"type":"Feature","geometry":{"type":"LineString","coordinates":[[-75.331388,6.436567],[-75.330797,6.435903],[-75.330092,6.435295]],"crs":null},"properties":{"nombre":"CC Calle 13 Tramo 3","estado":"Construida"}},{"type":"Feature","geometry":{"type":"LineString","coordinates":[[-75.328466,6.434526],[-75.329644,6.435742]],"crs":null},"properties":{"nombre":"CC Calle 15","estado":"Construida"}},{"type":"Feature","geometry":{"type":"LineString","coordinates":[[-75.329159,6.436227],[-75.330092,6.435295]],"crs":null},"properties":{"nombre":"CC Carrera 11","estado":"Construida"}},{"type":"Feature","geometry":{"type":"LineString","coordinates":[[-75.329159,6.436227],[-75.331376,6.438432]],"crs":null},"properties":{"nombre":"CC Calle 16","estado":"Construida"}},{"type":"Feature","geometry":{"type":"LineString","coordinates":[[-75.331771,6.437021],[-75.331388,6.436567],[-75.330916,6.436985],[-75.331358,6.437458],[-75.331774,6.437024]],"crs":null},"properties":{"nombre":"CR Parque Barbosa Simón Bolivar","estado":"Construida"}},{"type":"Feature","geometry":{"type":"LineString","coordinates":[[-75.609919,6.174499],[-75.609258,6.172949]],"crs":null},"properties":{"nombre":"CR Calle 51","estado":"Construida"}},{"type":"Feature","geometry":{"type":"LineString","coordinates":[[-75.608201,6.170777],[-75.607526,6.16942],[-75.606719,6.168196],[-75.606508,6.168044],[-75.60426,6.164843],[-75.604201,6.164622],[-75.604207,6.164439],[-75.604489,6.164126],[-75.605307,6.163704],[-75.605751,6.163447],[-75.605876,6.16365],[-75.605842,6.16386],[-75.605951,6.164145],[-75.60613,6.164116],[-75.607069,6.163679]],"crs":null},"properties":{"nombre":"CR Calle 51","estado":"Construida"}},{"type":"Feature","geometry":{"type":"LineString","coordinates":[[-75.60327,6.177458],[-75.603017,6.177396],[-75.602845,6.177238],[-75.601261,6.176301],[-75.600365,6.17585],[-75.598642,6.173843]],"crs":null},"properties":{"nombre":"CR Calle 60","estado":"Construida"}},{"type":"Feature","geometry":{"type":"LineString","coordinates":[[-75.602979,6.177545],[-75.603234,6.17748],[-75.603371,6.177525],[-75.6036,6.17786],[-75.603606,6.177988],[-75.603566,6.178164],[-75.603376,6.178395],[-75.603016,6.178671],[-75.602607,6.178892],[-75.602271,6.178989],[-75.602159,6.178814],[-75.602791,6.177703],[-75.602979,6.177545]],"crs":null},"properties":{"nombre":"CR Parque del Artista","estado":"Construida"}},{"type":"Feature","geometry":{"type":"LineString","coordinates":[[-75.608903,6.172189],[-75.609258,6.172949]],"crs":null},"properties":{"nombre":"CR Calle 51","estado":"Construida"}},{"type":"Feature","geometry":{"type":"LineString","coordinates":[[-75.608903,6.172189],[-75.608201,6.170777]],"crs":null},"properties":{"nombre":"CR Calle 51","estado":"Construida"}},{"type":"Feature","geometry":{"type":"LineString","coordinates":[[-75.605528,6.176355],[-75.603539,6.177274],[-75.603405,6.177197],[-75.602845,6.177238]],"crs":null},"properties":{"nombre":"CR Qda. Doña Maria Sur T1","estado":"Construida"}},{"type":"Feature","geometry":{"type":"LineString","coordinates":[[-75.607229,6.175819],[-75.606904,6.175838],[-75.605738,6.176623],[-75.605528,6.176355]],"crs":null},"properties":{"nombre":"CR Qda. Doña Maria Norte","estado":"Construida"}},{"type":"Feature","geometry":{"type":"LineString","coordinates":[[-75.612143,6.174288],[-75.610499,6.174288],[-75.610193,6.174422],[-75.609791,6.174728],[-75.609562,6.175283],[-75.609007,6.175666],[-75.608395,6.175819],[-75.607879,6.175666],[-75.607038,6.17557],[-75.606388,6.175857],[-75.605528,6.176355]],"crs":null},"properties":{"nombre":"CR Qda. Doña Maria Sur T2","estado":"Construida"}},{"type":"Feature","geometry":{"type":"LineString","coordinates":[[-75.628337,6.160415],[-75.62823,6.163931]],"crs":null},"properties":{"nombre":"CR Carrera 52D","estado":"Construida"}},{"type":"Feature","geometry":{"type":"LineString","coordinates":[[-75.625361,6.156469],[-75.624286,6.156971],[-75.623748,6.157258]],"crs":null},"properties":{"nombre":"CR Carrera 50A","estado":"Construida"}},{"type":"Feature","geometry":{"type":"LineString","coordinates":[[-75.608903,6.172189],[-75.6115,6.170939],[-75.611794,6.171746],[-75.609258,6.172949]],"crs":null},"properties":{"nombre":"Zona 30 - Itagüí","estado":"Construida"}},{"type":"Feature","geometry":{"type":"LineString","coordinates":[[-75.618845,6.168024],[-75.619474,6.167777],[-75.619858,6.167524],[-75.620212,6.167214],[-75.620341,6.167054],[-75.62062,6.167225],[-75.621255,6.167894],[-75.62139,6.167968]],"crs":null},"properties":{"nombre":"Induamérica existente","estado":"Construida"}},{"type":"Feature","geometry":{"type":"LineString","coordinates":[[-75.625629,6.156452],[-75.625733,6.156408],[-75.625831,6.156227],[-75.625771,6.156006],[-75.625663,6.156],[-75.625711,6.155633],[-75.625819,6.155212],[-75.625869,6.154922],[-75.62589,6.154596],[-75.62574,6.153792],[-75.625654,6.153512]],"crs":null},"properties":{"nombre":"CR Puente Calle 77 Sur - Costado W","estado":"Construida"}},{"type":"Feature","geometry":{"type":"LineString","coordinates":[[-75.628303,6.158465],[-75.628324,6.1586],[-75.628301,6.160359]],"crs":null},"properties":{"nombre":"CR Carrera 52D","estado":"Construida"}},{"type":"Feature","geometry":{"type":"LineString","coordinates":[[-75.625692,6.155041],[-75.625682,6.15478],[-75.625466,6.15417],[-75.625257,6.153447],[-75.625806,6.153142],[-75.625872,6.153249]],"crs":null},"properties":{"nombre":"CR Conexion Estacion La Estrella","estado":"Construida"}},{"type":"Feature","geometry":{"type":"LineString","coordinates":[[-75.625408,6.156368],[-75.625357,6.156228],[-75.625371,6.156128],[-75.625429,6.156027],[-75.625697,6.154965],[-75.625647,6.15437],[-75.625511,6.153839],[-75.625407,6.15358]],"crs":null},"properties":{"nombre":"CR Puente Calle 77 Sur - Costado E","estado":"Construida"}},{"type":"Feature","geometry":{"type":"LineString","coordinates":[[-75.625711,6.155259],[-75.625412,6.155366],[-75.625335,6.15554],[-75.625126,6.156096],[-75.625167,6.156174],[-75.625287,6.156197],[-75.625371,6.156128]],"crs":null},"properties":{"nombre":"CR Lazo al W","estado":"Construida"}},{"type":"Feature","geometry":{"type":"LineString","coordinates":[[-75.625408,6.156368],[-75.625515,6.15643],[-75.625629,6.156452],[-75.625878,6.156707],[-75.626949,6.157532],[-75.628152,6.158331],[-75.628303,6.158465]],"crs":null},"properties":{"nombre":"CR Calle 77 Sur","estado":"Construida"}},{"type":"Feature","geometry":{"type":"LineString","coordinates":[[-75.642294,6.156866],[-75.64314,6.157181],[-75.644688,6.157669]],"crs":null},"properties":{"nombre":"CC Calle 81 Sur","estado":"Construida"}},{"type":"Feature","geometry":{"type":"LineString","coordinates":[[-75.644416,6.158444],[-75.643627,6.158215],[-75.643627,6.158057],[-75.643183,6.157899],[-75.643011,6.157913],[-75.642079,6.15767]],"crs":null},"properties":{"nombre":"CC Calle 80 Sur","estado":"Construida"}},{"type":"Feature","geometry":{"type":"LineString","coordinates":[[-75.644688,6.157669],[-75.644416,6.158444]],"crs":null},"properties":{"nombre":"CC Carrera 62","estado":"Construida"}},{"type":"Feature","geometry":{"type":"LineString","coordinates":[[-75.644401,6.155861],[-75.644158,6.156607],[-75.6439,6.157267],[-75.643627,6.158215],[-75.643068,6.159679]],"crs":null},"properties":{"nombre":"CC Carrera 61","estado":"Construida"}},{"type":"Feature","geometry":{"type":"LineString","coordinates":[[-75.643613,6.15556],[-75.64314,6.157181],[-75.642738,6.159636]],"crs":null},"properties":{"nombre":"CC Carrera 60","estado":"Construida"}},{"type":"Feature","geometry":{"type":"LineString","coordinates":[[-75.643613,6.15556],[-75.644401,6.155861]],"crs":null},"properties":{"nombre":"CC Calle 83 Sur","estado":"Construida"}},{"type":"Feature","geometry":{"type":"LineString","coordinates":[[-75.64339,6.156322],[-75.644158,6.156607]],"crs":null},"properties":{"nombre":"CC Calle 82 Sur","estado":"Construida"}},{"type":"Feature","geometry":{"type":"LineString","coordinates":[[-75.64286,6.158865],[-75.643325,6.159006]],"crs":null},"properties":{"nombre":"CC Calle 79 Sur","estado":"Construida"}},{"type":"Feature","geometry":{"type":"LineString","coordinates":[[-75.616656,6.155589],[-75.616725,6.156093],[-75.616841,6.15658],[-75.616897,6.156956]],"crs":null},"properties":{"nombre":"CR Calle 67 Sur Tramo 1","estado":"Construida"}},{"type":"Feature","geometry":{"type":"LineString","coordinates":[[-75.616508,6.154429],[-75.616448,6.154583],[-75.616092,6.154995]],"crs":null},"properties":{"nombre":"CR Calle 68 Sur","estado":"Construida"}},{"type":"Feature","geometry":{"type":"LineString","coordinates":[[-75.616092,6.154995],[-75.616527,6.155508],[-75.616656,6.155589]],"crs":null},"properties":{"nombre":"CR Calle 67 Sur Tramo 2","estado":"Construida"}},{"type":"Feature","geometry":{"type":"LineString","coordinates":[[-75.617596,6.153473],[-75.617847,6.153774],[-75.617898,6.153867]],"crs":null},"properties":{"nombre":"CR Calle 70 Sur","estado":"Construida"}},{"type":"Feature","geometry":{"type":"LineString","coordinates":[[-75.618969,6.150163],[-75.620886,6.14795]],"crs":null},"properties":{"nombre":"CR Carrera 46","estado":"Construida"}},{"type":"Feature","geometry":{"type":"LineString","coordinates":[[-75.625407,6.15358],[-75.625339,6.153412],[-75.625152,6.153085],[-75.624891,6.15273],[-75.624772,6.152615],[-75.624389,6.152048],[-75.623345,6.150656]],"crs":null},"properties":{"nombre":"CR Puente Calle 77 Sur Costado E","estado":"Construida"}},{"type":"Feature","geometry":{"type":"LineString","coordinates":[[-75.625671,6.153511],[-75.625399,6.153063],[-75.624683,6.152195],[-75.624474,6.151843],[-75.624076,6.151301],[-75.623486,6.150563],[-75.623491,6.150404],[-75.623347,6.150376]],"crs":null},"properties":{"nombre":"CR Puente Calle 77 Sur Costado W","estado":"Construida"}},{"type":"Feature","geometry":{"type":"LineString","coordinates":[[-75.624041,6.151808],[-75.623256,6.150765],[-75.623345,6.150656]],"crs":null},"properties":{"nombre":"CR Conexion Estacion La Estrella","estado":"Construida"}},{"type":"Feature","geometry":{"type":"LineString","coordinates":[[-75.624883,6.152009],[-75.624873,6.152116],[-75.624826,6.152238],[-75.624718,6.152325],[-75.624593,6.152386],[-75.624217,6.152314],[-75.624034,6.152027],[-75.624041,6.151808]],"crs":null},"properties":{"nombre":"CR Conexion Estacion La Estrella","estado":"Construida"}},{"type":"Feature","geometry":{"type":"LineString","coordinates":[[-75.624041,6.151808],[-75.624148,6.151786],[-75.624202,6.151815],[-75.624586,6.151704],[-75.624747,6.151761],[-75.624844,6.151876],[-75.624883,6.152009]],"crs":null},"properties":{"nombre":"CR Conexion Estacion La Estrella","estado":"Construida"}},{"type":"Feature","geometry":{"type":"LineString","coordinates":[[-75.625156,6.152515],[-75.624883,6.152009]],"crs":null},"properties":{"nombre":"CR Conexion Estacion La Estrella","estado":"Construida"}},{"type":"Feature","geometry":{"type":"LineString","coordinates":[[-75.625249,6.151729],[-75.625217,6.151747],[-75.625195,6.151815],[-75.625156,6.152515]],"crs":null},"properties":{"nombre":"CR Conexion Estacion La Estrella","estado":"Construida"}},{"type":"Feature","geometry":{"type":"LineString","coordinates":[[-75.625156,6.152515],[-75.6254,6.152536]],"crs":null},"properties":{"nombre":"CR Conexion Estacion La Estrella","estado":"Construida"}},{"type":"Feature","geometry":{"type":"LineString","coordinates":[[-75.603378,6.161191],[-75.603674,6.16144],[-75.604018,6.161368],[-75.604315,6.161191],[-75.604802,6.160861],[-75.605648,6.160234],[-75.606647,6.159545],[-75.609802,6.157416],[-75.611159,6.156474],[-75.612225,6.15577],[-75.61297,6.155316],[-75.613391,6.155163],[-75.61395,6.154986],[-75.615365,6.154579],[-75.616804,6.154206],[-75.618587,6.153655],[-75.619581,6.153387],[-75.621201,6.152909],[-75.622807,6.152464],[-75.623921,6.152196],[-75.624034,6.152027]],"crs":null},"properties":{"nombre":"CR Carrera 48","estado":"Construida"}},{"type":"Feature","geometry":{"type":"LineString","coordinates":[[-75.615767,6.151468],[-75.616176,6.151905],[-75.616537,6.152344],[-75.617317,6.153175],[-75.617395,6.153292],[-75.617596,6.153473]],"crs":null},"properties":{"nombre":"CR Calle 70 Sur","estado":"Construida"}},{"type":"Feature","geometry":{"type":"LineString","coordinates":[[-75.618417,6.149424],[-75.618969,6.150163]],"crs":null},"properties":{"nombre":"CR Calle 75 Sur","estado":"Construida"}},{"type":"Feature","geometry":{"type":"LineString","coordinates":[[-75.615767,6.151468],[-75.615896,6.151421],[-75.616589,6.150656],[-75.617473,6.149962],[-75.618417,6.149424]],"crs":null},"properties":{"nombre":"CR Carrera 45","estado":"Construida"}},{"type":"Feature","geometry":{"type":"LineString","coordinates":[[-75.615454,6.151852],[-75.615767,6.151468]],"crs":null},"properties":{"nombre":"CR Carrera 45 Parque","estado":"Construida"}},{"type":"Feature","geometry":{"type":"LineString","coordinates":[[-75.615059,6.151433],[-75.615454,6.151852]],"crs":null},"properties":{"nombre":"CR Calle 69 Sur","estado":"Construida"}},{"type":"Feature","geometry":{"type":"LineString","coordinates":[[-75.612884,6.152857],[-75.613004,6.152821],[-75.613204,6.153153],[-75.615059,6.151433]],"crs":null},"properties":{"nombre":"CR Carrera 44","estado":"Construida"}},{"type":"Feature","geometry":{"type":"LineString","coordinates":[[-75.62155,6.148711],[-75.620886,6.14795]],"crs":null},"properties":{"nombre":"CR Calle 77Sur Bidireccional","estado":"Construida"}},{"type":"Feature","geometry":{"type":"LineString","coordinates":[[-75.623256,6.150765],[-75.622955,6.150337],[-75.62155,6.148711]],"crs":null},"properties":{"nombre":"CR Calle 77Sur Costado E","estado":"Construida"}},{"type":"Feature","geometry":{"type":"LineString","coordinates":[[-75.623347,6.150376],[-75.62176,6.148644],[-75.62155,6.148711]],"crs":null},"properties":{"nombre":"CR Calle 77Sur Costado W","estado":"Construida"}},{"type":"Feature","geometry":{"type":"LineString","coordinates":[[-75.623212,6.150228],[-75.622955,6.150337]],"crs":null},"properties":{"nombre":"CR Conexion Carrera 47B","estado":"Construida"}},{"type":"Feature","geometry":{"type":"LineString","coordinates":[[-75.59518,6.24395],[-75.5938,6.24517],[-75.59383,6.24527],[-75.59384,6.24553],[-75.59392,6.24562],[-75.59419,6.24586],[-75.59401,6.24613],[-75.59396,6.24622],[-75.59392,6.24634],[-75.59354,6.24624]],"crs":null},"properties":{"nombre":"Indicaciones de Cacique Candela a Primer Parque de Laureles","estado":"Construida"}}]}