{"type":"FeatureCollection","features":[{"type":"Feature","geometry":{"type":"Polygon","coordinates":[[[-75.537954,6.255803],[-75.538099,6.255837],[-75.538157,6.255818],[-75.538197,6.255838],[-75.538277,6.255806],[-75.538566,6.255781],[-75.538685,6.255792],[-75.538755,6.255823],[-75.538875,6.255816],[-75.538981,6.255874],[-75.539131,6.255999],[-75.539284,6.256049],[-75.53932,6.256014],[-75.53927,6.255897],[-75.53933,6.255805],[-75.539391,6.255747],[-75.539478,6.255714],[-75.539459,6.255644],[-75.539487,6.255603],[-75.53946,6.255576],[-75.539413,6.255576],[-75.539311,6.255636],[-75.539177,6.255638],[-75.53909,6.255667],[-75.538788,6.255605],[-75.538602,6.255592],[-75.538473,6.255602],[-75.538017,6.255747],[-75.537954,6.255803]]]},"properties":{"nombre":"Llanaditas","riesgo":"Con condiciones de riesgo","amenaza":"Movimientos en masa"}},{"type":"Feature","geometry":{"type":"Polygon","coordinates":[[[-75.539928,6.256876],[-75.539933,6.256679],[-75.540008,6.256616],[-75.540084,6.25652],[-75.540177,6.256478],[-75.540197,6.256374],[-75.540244,6.256313],[-75.539999,6.256341],[-75.539997,6.256421],[-75.539974,6.256445],[-75.539839,6.256483],[-75.539589,6.256669],[-75.539475,6.256708],[-75.539443,6.256751],[-75.539428,6.257019],[-75.539687,6.256982],[-75.539751,6.256956],[-75.539812,6.256898],[-75.539928,6.256876]]]},"properties":{"nombre":"Llanaditas","riesgo":"Con condiciones de riesgo","amenaza":"Movimientos en masa"}},{"type":"Feature","geometry":{"type":"Polygon","coordinates":[[[-75.627398,6.248986],[-75.627384,6.248605],[-75.627353,6.248351],[-75.627337,6.248289],[-75.627292,6.248222],[-75.627174,6.248166],[-75.626999,6.248145],[-75.626787,6.24821],[-75.626754,6.248253],[-75.626737,6.24834],[-75.626749,6.248694],[-75.626732,6.248836],[-75.626736,6.249079],[-75.626802,6.249019],[-75.626913,6.2488],[-75.626995,6.248707],[-75.627099,6.248642],[-75.627157,6.248657],[-75.627236,6.248743],[-75.627398,6.248986]]]},"properties":{"nombre":"Nuevos Conquistadores","riesgo":"Con condiciones de riesgo","amenaza":"Movimientos en masa"}},{"type":"Feature","geometry":{"type":"Polygon","coordinates":[[[-75.628299,6.249368],[-75.628252,6.249437],[-75.62822,6.24978],[-75.628236,6.249801],[-75.628283,6.249815],[-75.628358,6.249792],[-75.628377,6.249771],[-75.628405,6.24955],[-75.628402,6.249514],[-75.628358,6.249487],[-75.628338,6.249359],[-75.628321,6.249335],[-75.628299,6.249368]]]},"properties":{"nombre":"Nuevos Conquistadores","riesgo":"Con condiciones de riesgo","amenaza":"Movimientos en masa"}},{"type":"Feature","geometry":{"type":"Polygon","coordinates":[[[-75.631153,6.249835],[-75.631206,6.249984],[-75.631299,6.25011],[-75.631306,6.250168],[-75.631705,6.250067],[-75.631593,6.249984],[-75.631543,6.249924],[-75.631449,6.249728],[-75.631335,6.249596],[-75.631311,6.249529],[-75.631306,6.249316],[-75.631148,6.249111],[-75.631141,6.249082],[-75.63105,6.249046],[-75.630955,6.249068],[-75.630787,6.249154],[-75.630692,6.249161],[-75.630606,6.249092],[-75.630558,6.248924],[-75.630486,6.24879],[-75.63046,6.248769],[-75.630414,6.248761],[-75.630304,6.248783],[-75.630115,6.248843],[-75.630218,6.248905],[-75.630261,6.248977],[-75.630304,6.249118],[-75.630316,6.249281],[-75.630362,6.249477],[-75.630479,6.24951],[-75.630651,6.249491],[-75.630711,6.249539],[-75.630756,6.249678],[-75.630893,6.249792],[-75.630962,6.249828],[-75.631105,6.249814],[-75.631153,6.249835]]]},"properties":{"nombre":"Nuevos Conquistadores","riesgo":"Con condiciones de riesgo","amenaza":"Movimientos en masa"}},{"type":"Feature","geometry":{"type":"Polygon","coordinates":[[[-75.626545,6.249646],[-75.626578,6.249907],[-75.626568,6.250055],[-75.626456,6.250306],[-75.626367,6.250424],[-75.626321,6.250566],[-75.626347,6.25064],[-75.626398,6.250701],[-75.626408,6.25079],[-75.626453,6.250764],[-75.626551,6.25061],[-75.626605,6.25057],[-75.626662,6.250566],[-75.626868,6.250612],[-75.626974,6.250617],[-75.627009,6.250605],[-75.627044,6.25057],[-75.627094,6.250484],[-75.627058,6.250382],[-75.626952,6.25033],[-75.626912,6.250324],[-75.626862,6.250375],[-75.626831,6.250383],[-75.626733,6.250343],[-75.626806,6.250258],[-75.626787,6.250012],[-75.626819,6.249986],[-75.626943,6.249985],[-75.626997,6.250015],[-75.627027,6.25006],[-75.627141,6.250076],[-75.627283,6.250347],[-75.627287,6.250449],[-75.627371,6.250489],[-75.627445,6.250433],[-75.627694,6.250332],[-75.627709,6.250309],[-75.627685,6.250251],[-75.627691,6.25022],[-75.627813,6.250123],[-75.627859,6.250105],[-75.627881,6.250105],[-75.627905,6.250138],[-75.627935,6.250279],[-75.627974,6.250281],[-75.628023,6.250241],[-75.62812,6.250254],[-75.628194,6.250227],[-75.628127,6.250141],[-75.628127,6.250121],[-75.628159,6.250101],[-75.628152,6.250085],[-75.628091,6.250062],[-75.628058,6.250019],[-75.628092,6.249607],[-75.628111,6.249492],[-75.628185,6.249375],[-75.62829,6.249258],[-75.628324,6.249167],[-75.628326,6.249112],[-75.628386,6.249],[-75.628381,6.248978],[-75.628343,6.248973],[-75.62818,6.24899],[-75.628142,6.248973],[-75.628095,6.248912],[-75.628115,6.248915],[-75.628042,6.24862],[-75.628033,6.24836],[-75.627965,6.248247],[-75.62785,6.248184],[-75.627618,6.248155],[-75.627489,6.248194],[-75.627458,6.248234],[-75.627451,6.248363],[-75.627501,6.248576],[-75.627616,6.248933],[-75.627595,6.249024],[-75.627556,6.24906],[-75.627506,6.249076],[-75.627461,6.249064],[-75.6274,6.249003],[-75.627408,6.249216],[-75.627394,6.249284],[-75.62735,6.24941],[-75.627225,6.2496],[-75.62717,6.249844],[-75.626938,6.249844],[-75.626831,6.249869],[-75.626734,6.249848],[-75.626598,6.249729],[-75.626545,6.249646]]]},"properties":{"nombre":"Nuevos Conquistadores","riesgo":"Con condiciones de riesgo","amenaza":"Movimientos en masa"}},{"type":"Feature","geometry":{"type":"Polygon","coordinates":[[[-75.628896,6.252093],[-75.62886,6.252062],[-75.628741,6.252008],[-75.628622,6.251975],[-75.628463,6.252093],[-75.628254,6.252202],[-75.628113,6.252304],[-75.627897,6.252321],[-75.627732,6.252383],[-75.627553,6.252359],[-75.627329,6.252645],[-75.627237,6.252711],[-75.627342,6.252853],[-75.627443,6.252949],[-75.627561,6.252918],[-75.627652,6.25287],[-75.627829,6.252726],[-75.627954,6.252664],[-75.62814,6.252616],[-75.62826,6.252604],[-75.628367,6.252614],[-75.62845,6.252587],[-75.628584,6.252476],[-75.628896,6.252093]]]},"properties":{"nombre":"Nuevos Conquistadores","riesgo":"Con condiciones de riesgo","amenaza":"Movimientos en masa"}},{"type":"Feature","geometry":{"type":"Polygon","coordinates":[[[-75.626564,6.253102],[-75.626573,6.253064],[-75.626609,6.253036],[-75.62667,6.25281],[-75.626756,6.252585],[-75.626899,6.252473],[-75.627057,6.252321],[-75.627055,6.252109],[-75.627157,6.251786],[-75.6272,6.251602],[-75.627216,6.251455],[-75.627166,6.2512],[-75.627128,6.251139],[-75.627098,6.251139],[-75.627043,6.251188],[-75.626981,6.251298],[-75.626868,6.251431],[-75.626838,6.251752],[-75.626803,6.251836],[-75.626702,6.251978],[-75.626676,6.252088],[-75.626662,6.252309],[-75.626491,6.252581],[-75.626473,6.252895],[-75.626432,6.252966],[-75.626361,6.253043],[-75.626424,6.253165],[-75.626512,6.253008],[-75.626567,6.252949],[-75.626552,6.253068],[-75.626564,6.253102]]]},"properties":{"nombre":"Nuevos Conquistadores","riesgo":"Con condiciones de riesgo","amenaza":"Movimientos en masa"}},{"type":"Feature","geometry":{"type":"Polygon","coordinates":[[[-75.62504,6.252904],[-75.6251,6.252915],[-75.625163,6.252955],[-75.625304,6.252979],[-75.625421,6.2531],[-75.625445,6.253168],[-75.625584,6.253318],[-75.625676,6.253329],[-75.625763,6.253317],[-75.625707,6.253059],[-75.625652,6.252951],[-75.625503,6.252775],[-75.625471,6.252682],[-75.625271,6.252777],[-75.625173,6.25286],[-75.62504,6.252904]]]},"properties":{"nombre":"Nuevos Conquistadores","riesgo":"Con condiciones de riesgo","amenaza":"Movimientos en masa"}},{"type":"Feature","geometry":{"type":"Polygon","coordinates":[[[-75.626545,6.249646],[-75.626598,6.249729],[-75.626734,6.249848],[-75.626831,6.249869],[-75.626938,6.249844],[-75.62717,6.249844],[-75.627225,6.2496],[-75.62735,6.24941],[-75.627394,6.249284],[-75.627408,6.249119],[-75.627393,6.248976],[-75.627297,6.248822],[-75.627157,6.248657],[-75.627099,6.248642],[-75.626995,6.248707],[-75.626913,6.2488],[-75.626802,6.249019],[-75.626736,6.249079],[-75.626677,6.249472],[-75.626545,6.249646]]]},"properties":{"nombre":"Nuevos Conquistadores","riesgo":"Alto riesgo no mitigable","amenaza":"Movimientos en masa"}},{"type":"Feature","geometry":{"type":"Polygon","coordinates":[[[-75.607101,6.2519],[-75.606582,6.252134],[-75.606604,6.252234],[-75.606915,6.252078],[-75.607178,6.251966],[-75.607101,6.2519]]]},"properties":{"nombre":"La América","riesgo":"Con condiciones de riesgo","amenaza":"Inundaciones"}},{"type":"Feature","geometry":{"type":"Polygon","coordinates":[[[-75.558672,6.229239],[-75.558683,6.229258],[-75.559135,6.229359],[-75.559207,6.229321],[-75.559269,6.229249],[-75.559211,6.229172],[-75.559134,6.22912],[-75.55897,6.229086],[-75.558713,6.22922],[-75.558682,6.229064],[-75.558672,6.229239]]]},"properties":{"nombre":"Loreto","riesgo":"Con condiciones de riesgo","amenaza":"Movimientos en masa"}},{"type":"Feature","geometry":{"type":"Polygon","coordinates":[[[-75.561256,6.232918],[-75.561355,6.232969],[-75.561345,6.232826],[-75.56132,6.232807],[-75.561273,6.232844],[-75.561256,6.232918]]]},"properties":{"nombre":"Loreto","riesgo":"Con condiciones de riesgo","amenaza":"Inundaciones"}},{"type":"Feature","geometry":{"type":"Polygon","coordinates":[[[-75.584529,6.302573],[-75.584834,6.302717],[-75.584961,6.302609],[-75.585017,6.302487],[-75.585105,6.302389],[-75.585141,6.30229],[-75.58566,6.302567],[-75.585803,6.302538],[-75.585956,6.30248],[-75.586018,6.302436],[-75.586043,6.302376],[-75.586104,6.302329],[-75.586127,6.302244],[-75.586226,6.302125],[-75.586305,6.301956],[-75.586407,6.301867],[-75.586413,6.30184],[-75.58637,6.301766],[-75.586382,6.301719],[-75.586367,6.301696],[-75.586236,6.301669],[-75.586194,6.301644],[-75.586032,6.301684],[-75.585896,6.301646],[-75.585802,6.301596],[-75.585705,6.301583],[-75.585378,6.301974],[-75.585209,6.302027],[-75.585184,6.302078],[-75.585123,6.302136],[-75.585036,6.302132],[-75.58495,6.302166],[-75.584665,6.302398],[-75.584588,6.302404],[-75.584529,6.302573]]]},"properties":{"nombre":"Picachito","riesgo":"Alto riesgo no mitigable","amenaza":"Movimientos en masa"}},{"type":"Feature","geometry":{"type":"Polygon","coordinates":[[[-75.576081,6.213235],[-75.576191,6.213235],[-75.57633,6.213211],[-75.576822,6.213311],[-75.577056,6.213398],[-75.577339,6.213435],[-75.577608,6.213514],[-75.577987,6.213573],[-75.578087,6.212876],[-75.577909,6.212807],[-75.577106,6.212693],[-75.576592,6.212663],[-75.576291,6.212624],[-75.575992,6.212508],[-75.57594,6.212459],[-75.575897,6.212306],[-75.575868,6.212025],[-75.576006,6.210581],[-75.575995,6.210455],[-75.575273,6.208242],[-75.57508,6.207961],[-75.57495,6.207851],[-75.574844,6.207785],[-75.574535,6.20766],[-75.574366,6.207628],[-75.57423,6.207638],[-75.574066,6.207674],[-75.573887,6.20774],[-75.573779,6.207823],[-75.573586,6.20792],[-75.573402,6.207966],[-75.573323,6.207967],[-75.573163,6.207951],[-75.572962,6.207884],[-75.572892,6.207838],[-75.572699,6.207605],[-75.572589,6.207557],[-75.571946,6.207596],[-75.571754,6.207577],[-75.571481,6.207511],[-75.571373,6.207507],[-75.571353,6.207669],[-75.571869,6.207656],[-75.572049,6.207694],[-75.572408,6.207614],[-75.57256,6.207633],[-75.572604,6.207657],[-75.572643,6.207705],[-75.572738,6.207942],[-75.572802,6.208031],[-75.572926,6.208092],[-75.573162,6.208142],[-75.57344,6.20816],[-75.573582,6.208136],[-75.573732,6.208076],[-75.57415,6.207846],[-75.574471,6.207786],[-75.574568,6.207798],[-75.574763,6.207872],[-75.574877,6.207943],[-75.575015,6.208074],[-75.575098,6.208186],[-75.57521,6.20844],[-75.575797,6.210228],[-75.575863,6.210449],[-75.575882,6.210566],[-75.575887,6.210625],[-75.575823,6.211196],[-75.575751,6.211586],[-75.575706,6.211961],[-75.575697,6.212249],[-75.575718,6.21267],[-75.575707,6.212774],[-75.575665,6.21293],[-75.575602,6.213074],[-75.575782,6.213164],[-75.576081,6.213235]]]},"properties":{"nombre":"Patio Bonito","riesgo":"Con condiciones de riesgo","amenaza":"Avenidas Torrenciales"}},{"type":"Feature","geometry":{"type":"Polygon","coordinates":[[[-75.541315,6.289623],[-75.541352,6.289615],[-75.541292,6.289573],[-75.54145,6.28956],[-75.541581,6.289512],[-75.541607,6.28958],[-75.541769,6.289713],[-75.541899,6.289852],[-75.541946,6.289876],[-75.542121,6.28991],[-75.542218,6.289962],[-75.542417,6.289972],[-75.542486,6.290042],[-75.542533,6.29013],[-75.542541,6.290221],[-75.542613,6.290316],[-75.542653,6.290433],[-75.542537,6.290751],[-75.542362,6.290973],[-75.542336,6.291031],[-75.542329,6.291102],[-75.542361,6.29125],[-75.542438,6.291429],[-75.542465,6.291541],[-75.542546,6.291654],[-75.542624,6.291868],[-75.542643,6.291712],[-75.542574,6.29132],[-75.542576,6.29124],[-75.542609,6.291132],[-75.542807,6.290899],[-75.542886,6.290765],[-75.542918,6.290445],[-75.542878,6.289874],[-75.542883,6.289832],[-75.542932,6.289758],[-75.542808,6.289714],[-75.542651,6.289775],[-75.542511,6.289772],[-75.542401,6.289722],[-75.54232,6.289711],[-75.54225,6.289664],[-75.542201,6.289608],[-75.542193,6.289566],[-75.542115,6.289532],[-75.541842,6.289474],[-75.541785,6.289439],[-75.541755,6.289376],[-75.541721,6.289351],[-75.541626,6.289325],[-75.541333,6.289396],[-75.541118,6.289386],[-75.541136,6.289441],[-75.541174,6.289487],[-75.541315,6.289623]]]},"properties":{"nombre":"La Esperanza No.2","riesgo":"Con condiciones de riesgo","amenaza":"Movimientos en masa"}},{"type":"Feature","geometry":{"type":"Polygon","coordinates":[[[-75.539636,6.292488],[-75.539701,6.292508],[-75.539898,6.292631],[-75.539996,6.292634],[-75.54007,6.292602],[-75.54027,6.2926],[-75.540478,6.292667],[-75.541117,6.292684],[-75.541073,6.292563],[-75.540974,6.292503],[-75.540489,6.292353],[-75.540334,6.292286],[-75.540271,6.292308],[-75.540118,6.292308],[-75.539998,6.292366],[-75.539755,6.292434],[-75.539636,6.292488]]]},"properties":{"nombre":"La Esperanza No.2","riesgo":"Con condiciones de riesgo","amenaza":"Movimientos en masa"}},{"type":"Feature","geometry":{"type":"Polygon","coordinates":[[[-75.5752,6.298017],[-75.575259,6.29832],[-75.575408,6.298408],[-75.575287,6.297893],[-75.5752,6.298017]]]},"properties":{"nombre":"Pedregal","riesgo":"Con condiciones de riesgo","amenaza":"Inundaciones"}},{"type":"Feature","geometry":{"type":"Polygon","coordinates":[[[-75.575427,6.298646],[-75.576219,6.299223],[-75.576309,6.299268],[-75.576382,6.299274],[-75.576396,6.299256],[-75.576405,6.299205],[-75.576381,6.299155],[-75.575501,6.298534],[-75.575427,6.298646]]]},"properties":{"nombre":"Pedregal","riesgo":"Con condiciones de riesgo","amenaza":"Inundaciones"}},{"type":"Feature","geometry":{"type":"Polygon","coordinates":[[[-75.575121,6.299319],[-75.574977,6.29934],[-75.574985,6.299433],[-75.575215,6.299408],[-75.57521,6.299325],[-75.575121,6.299319]]]},"properties":{"nombre":"Pedregal","riesgo":"Con condiciones de riesgo","amenaza":"Inundaciones"}},{"type":"Feature","geometry":{"type":"Polygon","coordinates":[[[-75.573392,6.183958],[-75.573323,6.184023],[-75.573197,6.184214],[-75.573065,6.184475],[-75.573163,6.184771],[-75.573251,6.184927],[-75.573377,6.185009],[-75.573459,6.185035],[-75.573538,6.185005],[-75.573632,6.184925],[-75.573729,6.184744],[-75.573842,6.184473],[-75.573729,6.184201],[-75.573609,6.184022],[-75.57352,6.183958],[-75.573456,6.183933],[-75.573392,6.183958]]]},"properties":{"nombre":"El Diamante No.2","riesgo":"Con condiciones de riesgo","amenaza":"Movimientos en masa"}},{"type":"Feature","geometry":{"type":"Polygon","coordinates":[[[-75.553328,6.29336],[-75.553306,6.293392],[-75.553401,6.29344],[-75.553841,6.293469],[-75.553851,6.293364],[-75.553726,6.293402],[-75.55359,6.293359],[-75.553328,6.29336]]]},"properties":{"nombre":"Villa del Socorro","riesgo":"Con condiciones de riesgo","amenaza":"Movimientos en masa"}},{"type":"Feature","geometry":{"type":"Polygon","coordinates":[[[-75.548943,6.294953],[-75.549011,6.295018],[-75.549082,6.295047],[-75.549156,6.29512],[-75.549364,6.295269],[-75.549621,6.29534],[-75.549615,6.295354],[-75.549696,6.295391],[-75.550113,6.295505],[-75.550147,6.295528],[-75.55015,6.295607],[-75.550172,6.295629],[-75.550277,6.295626],[-75.550334,6.295642],[-75.550363,6.295658],[-75.550373,6.295704],[-75.550441,6.295761],[-75.550557,6.295796],[-75.550601,6.295936],[-75.550505,6.296014],[-75.550507,6.296073],[-75.550576,6.29615],[-75.550621,6.296173],[-75.550633,6.296244],[-75.55069,6.296324],[-75.550726,6.29642],[-75.550798,6.296517],[-75.55091,6.29642],[-75.55097,6.296181],[-75.550934,6.296086],[-75.550707,6.295787],[-75.550611,6.295691],[-75.550468,6.295476],[-75.550348,6.295404],[-75.550097,6.295308],[-75.550001,6.295224],[-75.54987,6.295224],[-75.549798,6.29526],[-75.549595,6.295177],[-75.54938,6.295129],[-75.549129,6.294925],[-75.548981,6.294861],[-75.548943,6.294953]]]},"properties":{"nombre":"Villa del Socorro","riesgo":"Con condiciones de riesgo","amenaza":"Movimientos en masa"}},{"type":"Feature","geometry":{"type":"Polygon","coordinates":[[[-75.550273,6.292613],[-75.550388,6.292667],[-75.550406,6.292596],[-75.550293,6.292545],[-75.550273,6.292613]]]},"properties":{"nombre":"Villa del Socorro","riesgo":"Con condiciones de riesgo","amenaza":"Inundaciones"}},{"type":"Feature","geometry":{"type":"Polygon","coordinates":[[[-75.55092,6.29288],[-75.550917,6.292914],[-75.551039,6.292939],[-75.551087,6.292994],[-75.551133,6.293012],[-75.551144,6.292978],[-75.551085,6.292933],[-75.551007,6.292894],[-75.55092,6.29288]]]},"properties":{"nombre":"Villa del Socorro","riesgo":"Con condiciones de riesgo","amenaza":"Inundaciones"}},{"type":"Feature","geometry":{"type":"Polygon","coordinates":[[[-75.551383,6.293055],[-75.551364,6.293085],[-75.551401,6.293135],[-75.551486,6.293168],[-75.551541,6.293226],[-75.551581,6.293225],[-75.551645,6.293173],[-75.551751,6.293213],[-75.551753,6.293185],[-75.551644,6.293149],[-75.551627,6.293148],[-75.551566,6.293203],[-75.551506,6.293136],[-75.55144,6.293124],[-75.551383,6.293055]]]},"properties":{"nombre":"Villa del Socorro","riesgo":"Con condiciones de riesgo","amenaza":"Inundaciones"}},{"type":"Feature","geometry":{"type":"Polygon","coordinates":[[[-75.553979,6.29331],[-75.553982,6.293344],[-75.554081,6.293341],[-75.554165,6.293317],[-75.554154,6.293289],[-75.554092,6.293309],[-75.553979,6.29331]]]},"properties":{"nombre":"Villa del Socorro","riesgo":"Con condiciones de riesgo","amenaza":"Inundaciones"}},{"type":"Feature","geometry":{"type":"Polygon","coordinates":[[[-75.555156,6.2931],[-75.555142,6.293134],[-75.555612,6.29348],[-75.555633,6.293437],[-75.555578,6.293395],[-75.555567,6.293349],[-75.555521,6.293307],[-75.555292,6.29315],[-75.55524,6.293099],[-75.555156,6.2931]]]},"properties":{"nombre":"Villa del Socorro","riesgo":"Con condiciones de riesgo","amenaza":"Inundaciones"}},{"type":"Feature","geometry":{"type":"Polygon","coordinates":[[[-75.53991,6.245265],[-75.539991,6.24535],[-75.540091,6.245614],[-75.540176,6.245755],[-75.540221,6.245867],[-75.54032,6.245942],[-75.540359,6.246048],[-75.540446,6.246159],[-75.540445,6.246244],[-75.540355,6.246429],[-75.540376,6.246445],[-75.54044,6.246435],[-75.540408,6.246451],[-75.540556,6.246399],[-75.540639,6.246403],[-75.540821,6.246328],[-75.541019,6.246145],[-75.541123,6.24608],[-75.541202,6.245955],[-75.541273,6.24589],[-75.541306,6.245754],[-75.541323,6.245553],[-75.54127,6.245298],[-75.541266,6.245205],[-75.541309,6.245125],[-75.541346,6.245162],[-75.541422,6.245332],[-75.541466,6.245371],[-75.541501,6.245391],[-75.541559,6.245392],[-75.54161,6.245319],[-75.541541,6.245294],[-75.541466,6.245221],[-75.54143,6.245176],[-75.541392,6.245046],[-75.541312,6.245118],[-75.541211,6.245017],[-75.541217,6.245006],[-75.541107,6.244833],[-75.541035,6.244761],[-75.540939,6.244701],[-75.540763,6.244543],[-75.540688,6.244522],[-75.540641,6.244558],[-75.540539,6.244695],[-75.540411,6.244824],[-75.540351,6.244928],[-75.5403,6.244976],[-75.540219,6.245012],[-75.540151,6.245015],[-75.540013,6.245116],[-75.53991,6.245265]]]},"properties":{"nombre":"Trece de Noviembre","riesgo":"Con condiciones de riesgo","amenaza":"Movimientos en masa"}},{"type":"Feature","geometry":{"type":"Polygon","coordinates":[[[-75.539684,6.247089],[-75.539593,6.247242],[-75.539448,6.247404],[-75.539402,6.24754],[-75.539529,6.247566],[-75.539524,6.247581],[-75.539672,6.247569],[-75.539672,6.247581],[-75.539957,6.247506],[-75.53999,6.247478],[-75.539977,6.247477],[-75.540022,6.247387],[-75.540167,6.246938],[-75.540325,6.246641],[-75.540315,6.246645],[-75.540302,6.246504],[-75.540232,6.24652],[-75.540034,6.246666],[-75.539684,6.247089]]]},"properties":{"nombre":"Trece de Noviembre","riesgo":"Con condiciones de riesgo","amenaza":"Movimientos en masa"}},{"type":"Feature","geometry":{"type":"Polygon","coordinates":[[[-75.540102,6.248825],[-75.540305,6.248709],[-75.540419,6.248699],[-75.540493,6.248659],[-75.540755,6.248612],[-75.540846,6.248633],[-75.540898,6.248383],[-75.540888,6.248337],[-75.540828,6.248287],[-75.54068,6.24825],[-75.540629,6.248261],[-75.540277,6.248429],[-75.540092,6.248481],[-75.540018,6.248518],[-75.539993,6.248548],[-75.53999,6.24858],[-75.540028,6.248653],[-75.540081,6.248685],[-75.540102,6.248825]]]},"properties":{"nombre":"Trece de Noviembre","riesgo":"Con condiciones de riesgo","amenaza":"Movimientos en masa"}},{"type":"Feature","geometry":{"type":"Polygon","coordinates":[[[-75.575619,6.311035],[-75.575667,6.311054],[-75.575725,6.311045],[-75.575799,6.310938],[-75.575841,6.310923],[-75.575876,6.310936],[-75.576083,6.311149],[-75.576457,6.311236],[-75.576584,6.311201],[-75.576616,6.311182],[-75.576661,6.31112],[-75.57667,6.311044],[-75.576708,6.310955],[-75.576899,6.310853],[-75.577037,6.310751],[-75.577133,6.310742],[-75.577199,6.310781],[-75.577333,6.310787],[-75.577435,6.310757],[-75.577495,6.310712],[-75.577641,6.310742],[-75.577691,6.310717],[-75.577791,6.310566],[-75.577903,6.310543],[-75.577968,6.310505],[-75.57814,6.310522],[-75.578305,6.310461],[-75.578444,6.310434],[-75.578582,6.310471],[-75.578677,6.310465],[-75.578736,6.310426],[-75.579067,6.310123],[-75.579271,6.310109],[-75.579363,6.309979],[-75.579404,6.309951],[-75.579567,6.309924],[-75.579765,6.309807],[-75.579967,6.309787],[-75.580156,6.309684],[-75.580177,6.309615],[-75.580388,6.309587],[-75.580542,6.309541],[-75.580692,6.309463],[-75.580782,6.309348],[-75.580951,6.309243],[-75.58164,6.308963],[-75.581722,6.308976],[-75.581794,6.309035],[-75.581879,6.309077],[-75.581988,6.309063],[-75.582242,6.30916],[-75.582315,6.309162],[-75.582369,6.309244],[-75.582433,6.309297],[-75.582583,6.309371],[-75.58268,6.309389],[-75.582638,6.309291],[-75.582502,6.309246],[-75.582368,6.309151],[-75.582248,6.309091],[-75.582116,6.309079],[-75.582039,6.309003],[-75.581901,6.309008],[-75.5817,6.308916],[-75.581588,6.308932],[-75.580921,6.309191],[-75.580745,6.309315],[-75.580668,6.309418],[-75.580492,6.309501],[-75.580151,6.309587],[-75.580116,6.309619],[-75.5801,6.309665],[-75.580002,6.30973],[-75.579736,6.309778],[-75.57952,6.309896],[-75.579352,6.309929],[-75.579323,6.309949],[-75.579292,6.310022],[-75.579228,6.310054],[-75.579071,6.310064],[-75.578791,6.310324],[-75.578699,6.310381],[-75.578617,6.310391],[-75.578533,6.310354],[-75.57844,6.310361],[-75.578318,6.310391],[-75.5782,6.310466],[-75.578036,6.310467],[-75.577768,6.310535],[-75.577731,6.310556],[-75.577629,6.310694],[-75.577544,6.31067],[-75.577293,6.310705],[-75.577126,6.31063],[-75.576875,6.310693],[-75.576797,6.310747],[-75.57649,6.311075],[-75.576406,6.311115],[-75.576352,6.311108],[-75.576274,6.311061],[-75.576159,6.310885],[-75.575941,6.310828],[-75.575813,6.310856],[-75.575704,6.310988],[-75.575653,6.310956],[-75.575619,6.311035]]]},"properties":{"nombre":"Doce de Octubre No.1","riesgo":"Con condiciones de riesgo","amenaza":"Inundaciones"}},{"type":"Feature","geometry":{"type":"Polygon","coordinates":[[[-75.611128,6.218739],[-75.61113,6.218876],[-75.61104,6.219256],[-75.611216,6.219231],[-75.611242,6.219168],[-75.611314,6.219074],[-75.611289,6.218794],[-75.611303,6.218737],[-75.611128,6.218739]]]},"properties":{"nombre":"La Loma de Los Bernal","riesgo":"Con condiciones de riesgo","amenaza":"Avenidas Torrenciales"}},{"type":"Feature","geometry":{"type":"Polygon","coordinates":[[[-75.61208,6.21888],[-75.611991,6.21901],[-75.611713,6.219159],[-75.611873,6.219138],[-75.612194,6.218872],[-75.61208,6.21888]]]},"properties":{"nombre":"La Loma de Los Bernal","riesgo":"Con condiciones de riesgo","amenaza":"Avenidas Torrenciales"}},{"type":"Feature","geometry":{"type":"Polygon","coordinates":[[[-75.53021,6.228946],[-75.530247,6.229057],[-75.530352,6.229191],[-75.530409,6.229346],[-75.530448,6.229346],[-75.530565,6.229156],[-75.530587,6.228984],[-75.530588,6.228819],[-75.530409,6.228812],[-75.530247,6.228738],[-75.530242,6.228884],[-75.53021,6.228946]]]},"properties":{"nombre":"Juan Pablo II","riesgo":"Alto riesgo no mitigable","amenaza":"Movimientos en masa"}},{"type":"Feature","geometry":{"type":"MultiPolygon","coordinates":[[[[-75.526735,6.229585],[-75.52722,6.229827],[-75.527256,6.229884],[-75.527248,6.229949],[-75.527277,6.23002],[-75.527342,6.230078],[-75.527714,6.230128],[-75.527772,6.230178],[-75.527786,6.230243],[-75.527858,6.2303],[-75.528008,6.2303],[-75.528073,6.230315],[-75.528188,6.2303],[-75.528295,6.230336],[-75.528424,6.230494],[-75.528561,6.230494],[-75.528847,6.230279],[-75.529306,6.230107],[-75.529507,6.230057],[-75.529737,6.230028],[-75.529954,6.230025],[-75.530151,6.229612],[-75.530151,6.229449],[-75.530122,6.229296],[-75.530046,6.229095],[-75.52987,6.228868],[-75.529866,6.228904],[-75.529795,6.22892],[-75.529786,6.228964],[-75.52972,6.229061],[-75.52963,6.229119],[-75.529474,6.229181],[-75.529295,6.229222],[-75.529052,6.229231],[-75.528769,6.229314],[-75.528576,6.229421],[-75.528424,6.229464],[-75.528353,6.229453],[-75.528332,6.229373],[-75.528294,6.229351],[-75.528306,6.229392],[-75.528286,6.22943],[-75.528171,6.229525],[-75.528137,6.229584],[-75.527948,6.229638],[-75.52783,6.229649],[-75.527761,6.229625],[-75.527617,6.229609],[-75.527545,6.229577],[-75.527521,6.229732],[-75.527452,6.229776],[-75.527407,6.229771],[-75.527205,6.22966],[-75.527119,6.229636],[-75.52691,6.229518],[-75.526896,6.229579],[-75.526735,6.229585]]],[[[-75.530409,6.229346],[-75.530428,6.229803],[-75.530476,6.229937],[-75.530533,6.230001],[-75.530766,6.230014],[-75.531002,6.229938],[-75.531095,6.229888],[-75.53136,6.229874],[-75.531489,6.229851],[-75.531556,6.229775],[-75.531595,6.229679],[-75.531556,6.229487],[-75.531499,6.229382],[-75.531423,6.229287],[-75.531384,6.2292],[-75.531337,6.229153],[-75.53127,6.228971],[-75.531327,6.228579],[-75.531451,6.228282],[-75.531537,6.228186],[-75.531729,6.228043],[-75.531865,6.22788],[-75.531792,6.227868],[-75.531716,6.227985],[-75.531672,6.227962],[-75.531536,6.228101],[-75.531417,6.228101],[-75.53134,6.228178],[-75.531312,6.228228],[-75.531284,6.228369],[-75.531265,6.228403],[-75.531229,6.228386],[-75.531157,6.228309],[-75.531059,6.228276],[-75.530908,6.228335],[-75.530925,6.228362],[-75.530891,6.228427],[-75.530875,6.228535],[-75.530933,6.228564],[-75.530968,6.228653],[-75.531121,6.228885],[-75.531164,6.228992],[-75.53103,6.229016],[-75.530844,6.229075],[-75.530657,6.229156],[-75.530565,6.229156],[-75.530448,6.229346],[-75.530409,6.229346]],[[-75.530577,6.229814],[-75.530541,6.229644],[-75.53055,6.229598],[-75.53095,6.229452],[-75.531433,6.229375],[-75.531484,6.229394],[-75.531513,6.229577],[-75.531507,6.229643],[-75.531069,6.229726],[-75.530908,6.229821],[-75.530581,6.229834],[-75.530577,6.229814]]],[[[-75.529998,6.22871],[-75.530199,6.228894],[-75.53021,6.228946],[-75.530242,6.228884],[-75.530247,6.228738],[-75.530183,6.228726],[-75.530138,6.228761],[-75.53009,6.228764],[-75.529998,6.22871]]]]},"properties":{"nombre":"Juan Pablo II","riesgo":"Con condiciones de riesgo","amenaza":"Movimientos en masa"}},{"type":"Feature","geometry":{"type":"Polygon","coordinates":[[[-75.525834,6.229643],[-75.52599,6.229636],[-75.526038,6.229673],[-75.526234,6.229761],[-75.526453,6.229768],[-75.52657,6.229797],[-75.526736,6.229806],[-75.526859,6.229833],[-75.526977,6.229952],[-75.527216,6.230315],[-75.527361,6.230417],[-75.527494,6.230466],[-75.527558,6.23047],[-75.527747,6.230432],[-75.528012,6.2305],[-75.528141,6.230513],[-75.528211,6.230569],[-75.528288,6.23073],[-75.528359,6.230772],[-75.528485,6.230749],[-75.528879,6.230516],[-75.529205,6.230377],[-75.529324,6.230311],[-75.529527,6.230246],[-75.529776,6.230204],[-75.529901,6.230246],[-75.529965,6.230244],[-75.530083,6.230229],[-75.530247,6.230172],[-75.530878,6.230186],[-75.531406,6.229981],[-75.531443,6.229975],[-75.53152,6.229995],[-75.531686,6.229974],[-75.531676,6.229625],[-75.531648,6.229488],[-75.53145,6.22897],[-75.531437,6.228896],[-75.53151,6.228592],[-75.531552,6.228485],[-75.531677,6.22829],[-75.531886,6.228071],[-75.531992,6.227882],[-75.532038,6.227662],[-75.532131,6.227465],[-75.532156,6.227347],[-75.532134,6.227397],[-75.532017,6.227468],[-75.531996,6.227498],[-75.532012,6.227602],[-75.531939,6.227862],[-75.531918,6.227881],[-75.531865,6.22788],[-75.531729,6.228043],[-75.531537,6.228186],[-75.531451,6.228282],[-75.531327,6.228579],[-75.53127,6.228971],[-75.531337,6.229153],[-75.531384,6.2292],[-75.531423,6.229287],[-75.531499,6.229382],[-75.531556,6.229487],[-75.531595,6.229679],[-75.531556,6.229775],[-75.531477,6.229859],[-75.531095,6.229888],[-75.531002,6.229938],[-75.530766,6.230014],[-75.530533,6.230001],[-75.530476,6.229937],[-75.530428,6.229803],[-75.530419,6.229373],[-75.530352,6.229191],[-75.530247,6.229057],[-75.530199,6.228894],[-75.529919,6.228646],[-75.529819,6.228616],[-75.529811,6.228628],[-75.52986,6.228767],[-75.52987,6.228868],[-75.530046,6.229095],[-75.530122,6.229296],[-75.530151,6.229449],[-75.530151,6.229612],[-75.529954,6.230025],[-75.529737,6.230028],[-75.529507,6.230057],[-75.529306,6.230107],[-75.528847,6.230279],[-75.528561,6.230494],[-75.528424,6.230494],[-75.528295,6.230336],[-75.528188,6.2303],[-75.528073,6.230315],[-75.528008,6.2303],[-75.527858,6.2303],[-75.527786,6.230243],[-75.527772,6.230178],[-75.527714,6.230128],[-75.527342,6.230078],[-75.527277,6.23002],[-75.527248,6.229949],[-75.527256,6.229884],[-75.52722,6.229827],[-75.526735,6.229585],[-75.526571,6.229579],[-75.526308,6.229632],[-75.526236,6.229625],[-75.526023,6.22955],[-75.525942,6.229539],[-75.52593,6.229523],[-75.525872,6.229585],[-75.525835,6.229602],[-75.525834,6.229643]]]},"properties":{"nombre":"Juan Pablo II","riesgo":"Con condiciones de riesgo","amenaza":"Avenidas Torrenciales"}},{"type":"Feature","geometry":{"type":"Polygon","coordinates":[[[-75.593772,6.27998],[-75.593784,6.280007],[-75.593787,6.280208],[-75.593811,6.280246],[-75.593873,6.280205],[-75.593858,6.280172],[-75.593849,6.279934],[-75.593772,6.27998]]]},"properties":{"nombre":"Villa Flora","riesgo":"Con condiciones de riesgo","amenaza":"Inundaciones"}},{"type":"Feature","geometry":{"type":"Polygon","coordinates":[[[-75.584499,6.305195],[-75.584595,6.305205],[-75.584585,6.305168],[-75.584622,6.305163],[-75.584495,6.304951],[-75.584467,6.304877],[-75.584232,6.304876],[-75.584172,6.304849],[-75.584124,6.304849],[-75.584087,6.304621],[-75.583926,6.304321],[-75.583894,6.304132],[-75.583867,6.304062],[-75.583872,6.303968],[-75.583916,6.303808],[-75.583898,6.303737],[-75.583955,6.303538],[-75.583919,6.303354],[-75.58386,6.303215],[-75.583855,6.303159],[-75.583922,6.303071],[-75.584243,6.302872],[-75.584265,6.302823],[-75.584265,6.302765],[-75.58422,6.302623],[-75.584233,6.302567],[-75.584268,6.302523],[-75.584333,6.302481],[-75.584529,6.302573],[-75.584588,6.302404],[-75.584422,6.302347],[-75.584365,6.302345],[-75.584302,6.302369],[-75.584187,6.302456],[-75.584136,6.302541],[-75.583996,6.30269],[-75.583801,6.30288],[-75.583697,6.302926],[-75.583622,6.30301],[-75.583564,6.303123],[-75.583572,6.303238],[-75.583555,6.303385],[-75.58348,6.303662],[-75.583495,6.303927],[-75.583511,6.303977],[-75.583544,6.304007],[-75.583555,6.30405],[-75.583761,6.30437],[-75.583803,6.304505],[-75.583922,6.304764],[-75.584017,6.304889],[-75.584091,6.304957],[-75.58422,6.304986],[-75.584252,6.305109],[-75.584367,6.305135],[-75.584499,6.305195]]]},"properties":{"nombre":"Mirador del Doce","riesgo":"Alto riesgo no mitigable","amenaza":"Movimientos en masa"}},{"type":"Feature","geometry":{"type":"Polygon","coordinates":[[[-75.584499,6.305195],[-75.584569,6.305221],[-75.584554,6.30535],[-75.584568,6.305457],[-75.584663,6.305473],[-75.584825,6.305448],[-75.584853,6.305497],[-75.584984,6.305503],[-75.585031,6.305681],[-75.585029,6.305761],[-75.585239,6.305828],[-75.585278,6.305985],[-75.585301,6.305995],[-75.585423,6.306012],[-75.585425,6.305943],[-75.585475,6.305858],[-75.585518,6.30572],[-75.585659,6.305619],[-75.585702,6.305511],[-75.585658,6.305335],[-75.585632,6.305284],[-75.585589,6.30525],[-75.584622,6.305163],[-75.584585,6.305168],[-75.584595,6.305205],[-75.584499,6.305195]]]},"properties":{"nombre":"El Triunfo","riesgo":"Alto riesgo no mitigable","amenaza":"Movimientos en masa"}},{"type":"Feature","geometry":{"type":"Polygon","coordinates":[[[-75.58413,6.309262],[-75.58425,6.309281],[-75.584362,6.30935],[-75.584435,6.309367],[-75.584507,6.309349],[-75.584657,6.309266],[-75.584713,6.309272],[-75.584701,6.309236],[-75.584645,6.309224],[-75.584569,6.309246],[-75.584474,6.3093],[-75.584398,6.309299],[-75.584272,6.309213],[-75.584211,6.309196],[-75.584085,6.309199],[-75.58413,6.309262]]]},"properties":{"nombre":"El Triunfo","riesgo":"Con condiciones de riesgo","amenaza":"Inundaciones"}},{"type":"Feature","geometry":{"type":"Polygon","coordinates":[[[-75.549796,6.251081],[-75.549756,6.251167],[-75.549742,6.251255],[-75.549824,6.251328],[-75.54987,6.251341],[-75.54991,6.251345],[-75.549983,6.251317],[-75.550145,6.251179],[-75.549917,6.251106],[-75.549864,6.251027],[-75.549834,6.251012],[-75.549796,6.251081]]]},"properties":{"nombre":"Enciso","riesgo":"Alto riesgo no mitigable","amenaza":"Movimientos en masa"}},{"type":"Feature","geometry":{"type":"Polygon","coordinates":[[[-75.552668,6.247276],[-75.552591,6.247259],[-75.552423,6.247255],[-75.552344,6.247395],[-75.552839,6.247394],[-75.552668,6.247276]]]},"properties":{"nombre":"Enciso","riesgo":"Con condiciones de riesgo","amenaza":"Inundaciones"}},{"type":"Feature","geometry":{"type":"Polygon","coordinates":[[[-75.579018,6.289479],[-75.579122,6.289525],[-75.579157,6.28941],[-75.579084,6.289372],[-75.578889,6.289174],[-75.578754,6.289111],[-75.578663,6.28941],[-75.578717,6.289413],[-75.578955,6.289488],[-75.578989,6.28947],[-75.579018,6.289479]]]},"properties":{"nombre":"La Esperanza","riesgo":"Alto riesgo no mitigable","amenaza":"Movimientos en masa"}},{"type":"Feature","geometry":{"type":"Polygon","coordinates":[[[-75.531087,6.231012],[-75.531207,6.231165],[-75.531227,6.231244],[-75.531247,6.231405],[-75.531228,6.231637],[-75.531388,6.231827],[-75.531691,6.23204],[-75.53166,6.231975],[-75.531654,6.231872],[-75.531747,6.231768],[-75.531988,6.231628],[-75.532242,6.231444],[-75.532338,6.231322],[-75.532119,6.231163],[-75.531868,6.231037],[-75.531679,6.23098],[-75.531624,6.230982],[-75.531381,6.230786],[-75.531137,6.230632],[-75.531003,6.230637],[-75.530956,6.230693],[-75.530949,6.230833],[-75.531087,6.231012]]]},"properties":{"nombre":"Las Estancias","riesgo":"Con condiciones de riesgo","amenaza":"Movimientos en masa"}},{"type":"Feature","geometry":{"type":"Polygon","coordinates":[[[-75.526546,6.232011],[-75.526307,6.232204],[-75.527143,6.232166],[-75.5273,6.232143],[-75.527626,6.232066],[-75.527765,6.231987],[-75.527917,6.231977],[-75.527996,6.231992],[-75.528384,6.231963],[-75.528765,6.231985],[-75.529031,6.231982],[-75.529136,6.231937],[-75.52922,6.23185],[-75.529268,6.231826],[-75.529663,6.231803],[-75.529722,6.231778],[-75.529742,6.231748],[-75.529693,6.231465],[-75.52971,6.231333],[-75.529746,6.231226],[-75.529661,6.230917],[-75.529478,6.230992],[-75.529299,6.231231],[-75.529179,6.231437],[-75.529069,6.231545],[-75.529005,6.231576],[-75.528692,6.231614],[-75.528597,6.231609],[-75.528328,6.231744],[-75.528021,6.231848],[-75.527971,6.231879],[-75.527863,6.231876],[-75.527689,6.231978],[-75.527587,6.23201],[-75.527402,6.231981],[-75.52736,6.231957],[-75.527275,6.231863],[-75.527171,6.231779],[-75.527085,6.231609],[-75.527041,6.231588],[-75.52694,6.231671],[-75.526858,6.231715],[-75.526733,6.231852],[-75.526605,6.23194],[-75.526546,6.232011]]]},"properties":{"nombre":"Las Estancias","riesgo":"Con condiciones de riesgo","amenaza":"Movimientos en masa"}},{"type":"Feature","geometry":{"type":"Polygon","coordinates":[[[-75.530742,6.233115],[-75.530955,6.233263],[-75.531089,6.233334],[-75.531135,6.233328],[-75.5312,6.233293],[-75.531291,6.23315],[-75.531383,6.23308],[-75.531402,6.232926],[-75.531376,6.232726],[-75.53147,6.232628],[-75.531589,6.232596],[-75.531961,6.232635],[-75.531818,6.232574],[-75.531732,6.232483],[-75.53173,6.232424],[-75.53177,6.232368],[-75.531622,6.232356],[-75.531313,6.232385],[-75.531161,6.232471],[-75.531028,6.232613],[-75.531028,6.23266],[-75.531129,6.232964],[-75.531127,6.23298],[-75.531037,6.233031],[-75.53103,6.233088],[-75.531013,6.233109],[-75.530971,6.233104],[-75.530746,6.232953],[-75.530653,6.232875],[-75.530592,6.232783],[-75.530554,6.232761],[-75.530614,6.232971],[-75.530742,6.233115]]]},"properties":{"nombre":"Las Estancias","riesgo":"Con condiciones de riesgo","amenaza":"Movimientos en masa"}},{"type":"Feature","geometry":{"type":"Polygon","coordinates":[[[-75.530288,6.232866],[-75.530269,6.232872],[-75.530242,6.232941],[-75.530229,6.233066],[-75.530148,6.233175],[-75.530134,6.233306],[-75.530139,6.233477],[-75.530115,6.233535],[-75.530077,6.233589],[-75.530019,6.233635],[-75.529885,6.233639],[-75.529796,6.233692],[-75.529761,6.233695],[-75.529797,6.233739],[-75.529765,6.233767],[-75.529812,6.233804],[-75.52989,6.233728],[-75.530064,6.233754],[-75.530042,6.23375],[-75.530053,6.233616],[-75.530103,6.233567],[-75.530148,6.233477],[-75.530143,6.233306],[-75.530157,6.233175],[-75.530242,6.233057],[-75.53025,6.232942],[-75.530288,6.232866]]]},"properties":{"nombre":"Las Estancias","riesgo":"Con condiciones de riesgo","amenaza":"Movimientos en masa"}},{"type":"Feature","geometry":{"type":"Polygon","coordinates":[[[-75.532771,6.234269],[-75.532713,6.234328],[-75.532943,6.234269],[-75.53312,6.234092],[-75.533193,6.234058],[-75.533588,6.234013],[-75.533608,6.234008],[-75.533562,6.234015],[-75.533876,6.233954],[-75.534086,6.233887],[-75.534353,6.233904],[-75.534606,6.233954],[-75.534589,6.233785],[-75.534534,6.233581],[-75.534411,6.233353],[-75.534402,6.233306],[-75.534414,6.233251],[-75.53449,6.233222],[-75.534864,6.233248],[-75.535086,6.233292],[-75.535129,6.233347],[-75.535126,6.2334],[-75.534785,6.233803],[-75.534714,6.233898],[-75.534674,6.233979],[-75.534807,6.234015],[-75.534824,6.234039],[-75.534914,6.234088],[-75.535327,6.234251],[-75.535329,6.234198],[-75.535272,6.234222],[-75.535077,6.234142],[-75.5351,6.233954],[-75.535336,6.233523],[-75.535331,6.233479],[-75.535271,6.233359],[-75.535266,6.233294],[-75.535292,6.233215],[-75.535477,6.23299],[-75.535507,6.232858],[-75.53547,6.232752],[-75.535473,6.232698],[-75.535537,6.232599],[-75.535741,6.232392],[-75.535798,6.232268],[-75.535816,6.232192],[-75.535809,6.232137],[-75.53578,6.232104],[-75.535658,6.232241],[-75.535567,6.232315],[-75.535447,6.232379],[-75.535347,6.232414],[-75.535212,6.232424],[-75.535039,6.232488],[-75.53504,6.232519],[-75.534889,6.232688],[-75.534715,6.232729],[-75.534597,6.232729],[-75.534291,6.232543],[-75.534057,6.232456],[-75.533872,6.232445],[-75.533724,6.23239],[-75.533632,6.232312],[-75.533487,6.232138],[-75.533209,6.231797],[-75.53314,6.231682],[-75.533094,6.231789],[-75.533086,6.2319],[-75.53313,6.232042],[-75.533118,6.232205],[-75.532979,6.232553],[-75.532868,6.232712],[-75.533031,6.232763],[-75.533084,6.2328],[-75.53313,6.232843],[-75.533215,6.232976],[-75.53328,6.233023],[-75.533787,6.233167],[-75.533963,6.233191],[-75.533908,6.233267],[-75.533605,6.233502],[-75.533211,6.233574],[-75.533092,6.233663],[-75.533049,6.233744],[-75.533037,6.233818],[-75.532981,6.233911],[-75.532811,6.234137],[-75.532771,6.234269]]]},"properties":{"nombre":"Las Estancias","riesgo":"Con condiciones de riesgo","amenaza":"Movimientos en masa"}},{"type":"Feature","geometry":{"type":"Polygon","coordinates":[[[-75.535327,6.234257],[-75.535296,6.234339],[-75.535324,6.234304],[-75.535327,6.234257]]]},"properties":{"nombre":"Las Estancias","riesgo":"Con condiciones de riesgo","amenaza":"Movimientos en masa"}},{"type":"Feature","geometry":{"type":"Polygon","coordinates":[[[-75.528597,6.231609],[-75.528692,6.231614],[-75.529005,6.231576],[-75.529069,6.231545],[-75.529179,6.231437],[-75.529299,6.231231],[-75.529478,6.230992],[-75.529657,6.230916],[-75.529614,6.230815],[-75.529522,6.230672],[-75.529416,6.230564],[-75.529385,6.230513],[-75.529042,6.230604],[-75.52885,6.230699],[-75.528685,6.230813],[-75.528384,6.230899],[-75.528327,6.230899],[-75.528226,6.230878],[-75.528191,6.23067],[-75.528126,6.230641],[-75.528083,6.230641],[-75.527954,6.230684],[-75.527889,6.230684],[-75.527746,6.230641],[-75.527552,6.230627],[-75.527433,6.230561],[-75.527377,6.230557],[-75.527155,6.230471],[-75.527076,6.230428],[-75.527036,6.230383],[-75.52699,6.230591],[-75.527084,6.230588],[-75.527216,6.230636],[-75.527306,6.230726],[-75.527387,6.23075],[-75.527584,6.230908],[-75.527933,6.230894],[-75.528007,6.231024],[-75.528008,6.231078],[-75.528065,6.231084],[-75.528075,6.231122],[-75.528104,6.231115],[-75.528144,6.231139],[-75.52832,6.231155],[-75.528523,6.231074],[-75.528623,6.231071],[-75.528664,6.231085],[-75.528677,6.23111],[-75.528669,6.23115],[-75.528639,6.231194],[-75.528601,6.231203],[-75.528602,6.231225],[-75.528625,6.231241],[-75.528589,6.231378],[-75.528543,6.231426],[-75.528359,6.23154],[-75.52846,6.231548],[-75.528626,6.231503],[-75.528597,6.231609]]]},"properties":{"nombre":"Las Estancias","riesgo":"Alto riesgo no mitigable","amenaza":"Movimientos en masa"}},{"type":"Feature","geometry":{"type":"Polygon","coordinates":[[[-75.532047,6.233557],[-75.531999,6.233648],[-75.531942,6.233973],[-75.531937,6.234132],[-75.531968,6.234186],[-75.532305,6.234338],[-75.532478,6.234346],[-75.532694,6.234331],[-75.532732,6.234311],[-75.532765,6.234259],[-75.532712,6.234236],[-75.53272,6.234219],[-75.532606,6.23415],[-75.532506,6.23405],[-75.53243,6.233944],[-75.532415,6.233887],[-75.532367,6.233853],[-75.532296,6.233844],[-75.532229,6.233643],[-75.532224,6.233581],[-75.532109,6.233542],[-75.532047,6.233557]]]},"properties":{"nombre":"Las Estancias","riesgo":"Alto riesgo no mitigable","amenaza":"Movimientos en masa"}},{"type":"Feature","geometry":{"type":"Polygon","coordinates":[[[-75.529385,6.230513],[-75.529837,6.230413],[-75.529953,6.230363],[-75.530048,6.23029],[-75.530198,6.230239],[-75.530708,6.230232],[-75.53093,6.230268],[-75.531321,6.230227],[-75.531479,6.230306],[-75.531752,6.230406],[-75.53201,6.230471],[-75.532254,6.2306],[-75.532433,6.230729],[-75.532648,6.23078],[-75.532712,6.230851],[-75.532956,6.230937],[-75.533006,6.231009],[-75.533186,6.231117],[-75.533437,6.231311],[-75.53353,6.23144],[-75.534197,6.232165],[-75.534354,6.232258],[-75.534562,6.232351],[-75.534749,6.232387],[-75.534892,6.232387],[-75.535,6.23238],[-75.535072,6.232351],[-75.535251,6.232258],[-75.535488,6.232065],[-75.535725,6.231819],[-75.535901,6.231769],[-75.536016,6.231802],[-75.536467,6.232067],[-75.537102,6.232343],[-75.537188,6.232391],[-75.537295,6.232484],[-75.537976,6.232667],[-75.538117,6.232745],[-75.538233,6.232754],[-75.538311,6.232668],[-75.538102,6.232656],[-75.537918,6.232619],[-75.537695,6.232549],[-75.537409,6.23243],[-75.537248,6.232399],[-75.537198,6.232368],[-75.5371,6.232228],[-75.537029,6.232154],[-75.53689,6.232132],[-75.536795,6.232092],[-75.536436,6.231915],[-75.536097,6.2317],[-75.536029,6.231681],[-75.535937,6.231689],[-75.535678,6.231822],[-75.535458,6.232059],[-75.535332,6.232136],[-75.535275,6.232154],[-75.535164,6.232154],[-75.534961,6.232234],[-75.534768,6.232234],[-75.534581,6.232163],[-75.534445,6.23214],[-75.534255,6.232071],[-75.534159,6.232013],[-75.533999,6.231829],[-75.533811,6.231357],[-75.533597,6.231022],[-75.533278,6.230815],[-75.532917,6.230718],[-75.53263,6.23068],[-75.532453,6.230611],[-75.532241,6.230481],[-75.532114,6.230383],[-75.531894,6.230179],[-75.531732,6.229991],[-75.531686,6.229974],[-75.53152,6.229995],[-75.531443,6.229975],[-75.531406,6.229981],[-75.530878,6.230186],[-75.530247,6.230172],[-75.530083,6.230229],[-75.529965,6.230244],[-75.529901,6.230246],[-75.529776,6.230204],[-75.529527,6.230246],[-75.529324,6.230311],[-75.529205,6.230377],[-75.528879,6.230516],[-75.528485,6.230749],[-75.528359,6.230772],[-75.528288,6.23073],[-75.528211,6.230569],[-75.528141,6.230513],[-75.528012,6.2305],[-75.527747,6.230432],[-75.527558,6.23047],[-75.527494,6.230466],[-75.527361,6.230417],[-75.527216,6.230315],[-75.526977,6.229952],[-75.526859,6.229833],[-75.526736,6.229806],[-75.52657,6.229797],[-75.526453,6.229768],[-75.526234,6.229761],[-75.526038,6.229673],[-75.52599,6.229636],[-75.525834,6.229643],[-75.525841,6.22969],[-75.525938,6.2298],[-75.526088,6.229808],[-75.526193,6.229848],[-75.526235,6.229901],[-75.526309,6.229918],[-75.526409,6.229904],[-75.526538,6.229911],[-75.526675,6.229947],[-75.526789,6.230026],[-75.526911,6.230169],[-75.527005,6.230349],[-75.527076,6.230428],[-75.527155,6.230471],[-75.527377,6.230557],[-75.527433,6.230561],[-75.527552,6.230627],[-75.527746,6.230641],[-75.527889,6.230684],[-75.528026,6.23067],[-75.528083,6.230641],[-75.528126,6.230641],[-75.528191,6.23067],[-75.528226,6.230878],[-75.528384,6.230899],[-75.528549,6.230856],[-75.528685,6.230813],[-75.52885,6.230699],[-75.529042,6.230604],[-75.529385,6.230513]]]},"properties":{"nombre":"Las Estancias","riesgo":"Con condiciones de riesgo","amenaza":"Avenidas Torrenciales"}},{"type":"Feature","geometry":{"type":"Polygon","coordinates":[[[-75.553521,6.302414],[-75.553572,6.302493],[-75.5536,6.302421],[-75.553626,6.302406],[-75.553704,6.30241],[-75.553633,6.30235],[-75.553568,6.302363],[-75.553521,6.302414]]]},"properties":{"nombre":"Pablo VI","riesgo":"Con condiciones de riesgo","amenaza":"Inundaciones"}},{"type":"Feature","geometry":{"type":"Polygon","coordinates":[[[-75.584365,6.261711],[-75.584685,6.261866],[-75.584762,6.261978],[-75.584804,6.262008],[-75.584882,6.262355],[-75.584989,6.26263],[-75.585198,6.262917],[-75.585459,6.263075],[-75.585555,6.263158],[-75.58577,6.263532],[-75.585859,6.26364],[-75.585961,6.263866],[-75.586105,6.263776],[-75.58619,6.263751],[-75.586161,6.263513],[-75.586132,6.263403],[-75.586061,6.263229],[-75.585945,6.263052],[-75.585858,6.262952],[-75.585691,6.262827],[-75.585401,6.262692],[-75.585194,6.262522],[-75.585104,6.262422],[-75.584984,6.262104],[-75.584959,6.26192],[-75.584908,6.261736],[-75.584709,6.261412],[-75.58464,6.261343],[-75.584571,6.261308],[-75.584365,6.261711]]]},"properties":{"nombre":"Ecoparque Cerro El Volador","riesgo":"Alto riesgo no mitigable","amenaza":"Avenidas Torrenciales"}},{"type":"Feature","geometry":{"type":"Polygon","coordinates":[[[-75.541501,6.26263],[-75.541491,6.262724],[-75.541505,6.26281],[-75.541568,6.26291],[-75.541534,6.262997],[-75.541544,6.263188],[-75.541587,6.263317],[-75.541676,6.263438],[-75.541704,6.263592],[-75.541764,6.263628],[-75.541792,6.263527],[-75.541807,6.263183],[-75.541773,6.26302],[-75.541768,6.262705],[-75.541744,6.262585],[-75.541754,6.26237],[-75.541738,6.262315],[-75.542313,6.262215],[-75.542396,6.262184],[-75.542442,6.262115],[-75.542554,6.26175],[-75.542591,6.261554],[-75.542319,6.261496],[-75.541943,6.261507],[-75.541848,6.261588],[-75.54163,6.26165],[-75.541578,6.261687],[-75.541573,6.261716],[-75.541595,6.261731],[-75.541636,6.26181],[-75.541722,6.261873],[-75.541762,6.261923],[-75.541779,6.262049],[-75.541725,6.26213],[-75.54156,6.262273],[-75.541536,6.262318],[-75.541563,6.262462],[-75.541501,6.26263]],[[-75.542347,6.261529],[-75.542488,6.261569],[-75.542559,6.261574],[-75.542533,6.261763],[-75.542497,6.261849],[-75.542439,6.261935],[-75.542271,6.261957],[-75.542113,6.261919],[-75.542073,6.261837],[-75.542089,6.261707],[-75.542137,6.261524],[-75.542347,6.261529]]]},"properties":{"nombre":"Versalles No.1","riesgo":"Con condiciones de riesgo","amenaza":"Movimientos en masa"}},{"type":"Feature","geometry":{"type":"Polygon","coordinates":[[[-75.540819,6.267626],[-75.540971,6.267803],[-75.54115,6.267883],[-75.541262,6.267881],[-75.54149,6.267815],[-75.541708,6.267801],[-75.541788,6.267837],[-75.541967,6.267864],[-75.542545,6.267759],[-75.54252,6.267653],[-75.542523,6.267513],[-75.542494,6.267465],[-75.542366,6.26746],[-75.542191,6.267405],[-75.542079,6.267435],[-75.541994,6.267435],[-75.541936,6.267421],[-75.541914,6.267383],[-75.541899,6.26726],[-75.541938,6.267048],[-75.541987,6.266904],[-75.542047,6.266872],[-75.542108,6.266563],[-75.54211,6.266417],[-75.541995,6.266109],[-75.542015,6.265951],[-75.54208,6.265851],[-75.542088,6.265678],[-75.54205,6.265535],[-75.541844,6.26528],[-75.541745,6.265132],[-75.54166,6.264937],[-75.541624,6.264751],[-75.541621,6.264798],[-75.541582,6.264855],[-75.541582,6.265007],[-75.541516,6.265152],[-75.541525,6.26525],[-75.541478,6.265298],[-75.541452,6.265362],[-75.541468,6.265437],[-75.541397,6.266289],[-75.541407,6.266402],[-75.541364,6.266502],[-75.541371,6.266602],[-75.541334,6.266675],[-75.541343,6.267107],[-75.541324,6.267206],[-75.54127,6.267251],[-75.541262,6.267292],[-75.541269,6.267355],[-75.541307,6.267412],[-75.541364,6.267468],[-75.541455,6.267504],[-75.54153,6.267559],[-75.541532,6.267613],[-75.541441,6.267673],[-75.541173,6.267737],[-75.541112,6.267736],[-75.540978,6.267665],[-75.540819,6.267626]]]},"properties":{"nombre":"Versalles No.1","riesgo":"Con condiciones de riesgo","amenaza":"Movimientos en masa"}},{"type":"Feature","geometry":{"type":"Polygon","coordinates":[[[-75.540407,6.267668],[-75.540549,6.267644],[-75.540745,6.267769],[-75.540948,6.267841],[-75.54106,6.267954],[-75.541176,6.267991],[-75.541575,6.267938],[-75.541672,6.267963],[-75.541748,6.267939],[-75.541834,6.267938],[-75.542018,6.267982],[-75.542115,6.267932],[-75.542149,6.267884],[-75.5422,6.267853],[-75.542432,6.267835],[-75.542589,6.267773],[-75.543125,6.267668],[-75.543278,6.267675],[-75.543528,6.267786],[-75.543637,6.267795],[-75.5437,6.267762],[-75.543869,6.267581],[-75.543935,6.267563],[-75.544129,6.267553],[-75.544132,6.267521],[-75.54391,6.267536],[-75.543784,6.267608],[-75.543734,6.267689],[-75.543684,6.267737],[-75.543633,6.267752],[-75.543519,6.267746],[-75.543348,6.267651],[-75.543296,6.267639],[-75.542958,6.267647],[-75.5428,6.267668],[-75.542726,6.267708],[-75.542453,6.267784],[-75.542142,6.267823],[-75.541967,6.267864],[-75.541788,6.267837],[-75.541708,6.267801],[-75.54149,6.267815],[-75.541262,6.267881],[-75.54115,6.267883],[-75.540971,6.267803],[-75.540823,6.267629],[-75.540671,6.267545],[-75.540577,6.267552],[-75.540405,6.267652],[-75.540407,6.267668]]]},"properties":{"nombre":"Versalles No.1","riesgo":"Con condiciones de riesgo","amenaza":"Avenidas Torrenciales"}},{"type":"Feature","geometry":{"type":"Polygon","coordinates":[[[-75.586359,6.287779],[-75.586383,6.287798],[-75.58649,6.287671],[-75.586506,6.287644],[-75.586495,6.287633],[-75.586483,6.287625],[-75.586359,6.287779]]]},"properties":{"nombre":"El Diamante","riesgo":"Con condiciones de riesgo","amenaza":"Inundaciones"}},{"type":"Feature","geometry":{"type":"Polygon","coordinates":[[[-75.586697,6.287902],[-75.586756,6.288008],[-75.586816,6.288064],[-75.586834,6.288047],[-75.586784,6.288],[-75.586722,6.287891],[-75.586697,6.287902]]]},"properties":{"nombre":"El Diamante","riesgo":"Con condiciones de riesgo","amenaza":"Inundaciones"}},{"type":"Feature","geometry":{"type":"Polygon","coordinates":[[[-75.592781,6.277294],[-75.59285,6.277303],[-75.59293,6.277579],[-75.593012,6.277542],[-75.592947,6.277304],[-75.592917,6.277263],[-75.592798,6.277241],[-75.592781,6.277294]]]},"properties":{"nombre":"Palenque","riesgo":"Con condiciones de riesgo","amenaza":"Inundaciones"}},{"type":"Feature","geometry":{"type":"Polygon","coordinates":[[[-75.696051,6.366607],[-75.696237,6.366232],[-75.696375,6.366017],[-75.696476,6.365873],[-75.696536,6.365819],[-75.69656,6.365766],[-75.696721,6.36555],[-75.696829,6.365472],[-75.696894,6.365365],[-75.696954,6.365209],[-75.697115,6.364898],[-75.697247,6.364707],[-75.697301,6.364581],[-75.697354,6.364348],[-75.697342,6.364217],[-75.697372,6.364049],[-75.697354,6.363804],[-75.697318,6.363678],[-75.697336,6.363469],[-75.697378,6.363373],[-75.697438,6.363308],[-75.697492,6.363206],[-75.697725,6.362973],[-75.697748,6.362847],[-75.697707,6.362686],[-75.697736,6.362572],[-75.697838,6.362327],[-75.697916,6.362195],[-75.698167,6.361902],[-75.698208,6.361824],[-75.698364,6.361693],[-75.698501,6.361627],[-75.698693,6.361579],[-75.698932,6.361495],[-75.699027,6.361447],[-75.699081,6.361406],[-75.699077,6.361388],[-75.69897,6.361342],[-75.698555,6.361354],[-75.698519,6.361383],[-75.698447,6.361401],[-75.698166,6.361395],[-75.698094,6.361407],[-75.697652,6.361568],[-75.697473,6.36155],[-75.697377,6.361556],[-75.697311,6.361586],[-75.697216,6.361706],[-75.697114,6.361748],[-75.696738,6.36182],[-75.696612,6.36182],[-75.696522,6.361808],[-75.696366,6.361746],[-75.696302,6.361744],[-75.696255,6.361853],[-75.696174,6.36194],[-75.696052,6.361992],[-75.695774,6.361986],[-75.695548,6.362003],[-75.695426,6.362038],[-75.695177,6.362195],[-75.694928,6.36252],[-75.694859,6.362659],[-75.69472,6.362851],[-75.694402,6.362966],[-75.693654,6.362967],[-75.693504,6.36292],[-75.693289,6.362926],[-75.692924,6.362892],[-75.692594,6.362961],[-75.692449,6.363002],[-75.692328,6.36306],[-75.692218,6.363083],[-75.692108,6.36313],[-75.691847,6.363315],[-75.691554,6.363628],[-75.691392,6.363774],[-75.691236,6.363976],[-75.690897,6.364267],[-75.690796,6.3644],[-75.690963,6.364636],[-75.69113,6.365042],[-75.691393,6.365592],[-75.691441,6.365879],[-75.691561,6.366286],[-75.691585,6.366453],[-75.691752,6.366812],[-75.692159,6.366956],[-75.692732,6.366932],[-75.693067,6.367003],[-75.693521,6.367003],[-75.693856,6.367099],[-75.694573,6.367099],[-75.694824,6.367178],[-75.695099,6.367226],[-75.695322,6.367292],[-75.695574,6.367153],[-75.695681,6.367057],[-75.696051,6.366607]]]},"properties":{"nombre":"Urquitá","riesgo":"Alto riesgo no mitigable","amenaza":"Movimientos en masa"}},{"type":"Feature","geometry":{"type":"Polygon","coordinates":[[[-75.69833,6.365699],[-75.698201,6.365778],[-75.698087,6.365928],[-75.698044,6.366093],[-75.697972,6.36623],[-75.697943,6.366352],[-75.697943,6.366459],[-75.69808,6.366646],[-75.698295,6.36666],[-75.698409,6.366603],[-75.698546,6.366502],[-75.698768,6.366222],[-75.698804,6.36605],[-75.698804,6.365907],[-75.698739,6.365813],[-75.698565,6.365739],[-75.698495,6.365684],[-75.69833,6.365699]]]},"properties":{"nombre":"Urquitá","riesgo":"Con condiciones de riesgo","amenaza":"Movimientos en masa"}},{"type":"Feature","geometry":{"type":"Polygon","coordinates":[[[-75.716877,6.360889],[-75.716946,6.360914],[-75.716931,6.360831],[-75.716877,6.360889]]]},"properties":{"nombre":"Urquitá","riesgo":"Con condiciones de riesgo","amenaza":"Avenidas Torrenciales"}},{"type":"Feature","geometry":{"type":"Polygon","coordinates":[[[-75.703871,6.363462],[-75.703874,6.363602],[-75.703906,6.363643],[-75.703969,6.36361],[-75.703871,6.363462]]]},"properties":{"nombre":"Urquitá","riesgo":"Con condiciones de riesgo","amenaza":"Avenidas Torrenciales"}},{"type":"Feature","geometry":{"type":"Polygon","coordinates":[[[-75.695766,6.366949],[-75.695759,6.367036],[-75.695788,6.36709],[-75.695877,6.367126],[-75.695935,6.367122],[-75.695968,6.367104],[-75.696282,6.366676],[-75.696254,6.36662],[-75.696193,6.366584],[-75.696114,6.366584],[-75.696051,6.366607],[-75.695998,6.366687],[-75.695766,6.366949]]]},"properties":{"nombre":"Urquitá","riesgo":"Alto riesgo no mitigable","amenaza":"Avenidas Torrenciales"}},{"type":"Feature","geometry":{"type":"Polygon","coordinates":[[[-75.703871,6.363462],[-75.703969,6.36361],[-75.704024,6.363583],[-75.70403,6.363547],[-75.703986,6.363361],[-75.703897,6.363351],[-75.703858,6.363405],[-75.703871,6.363462]]]},"properties":{"nombre":"Potrera Miserenga","riesgo":"Con condiciones de riesgo","amenaza":"Avenidas Torrenciales"}},{"type":"Feature","geometry":{"type":"Polygon","coordinates":[[[-75.546684,6.245465],[-75.54633,6.245648],[-75.54619,6.245778],[-75.546051,6.245956],[-75.546041,6.246069],[-75.546076,6.246212],[-75.546197,6.246342],[-75.546225,6.246429],[-75.546215,6.246351],[-75.546227,6.246247],[-75.546302,6.246118],[-75.546524,6.245953],[-75.546728,6.245831],[-75.546883,6.245762],[-75.547064,6.245551],[-75.547138,6.245496],[-75.547335,6.245408],[-75.547171,6.245418],[-75.546998,6.245407],[-75.546684,6.245465]]]},"properties":{"nombre":"El Pinal","riesgo":"Con condiciones de riesgo","amenaza":"Movimientos en masa"}},{"type":"Feature","geometry":{"type":"Polygon","coordinates":[[[-75.54492,6.247591],[-75.544975,6.247585],[-75.545024,6.247478],[-75.545102,6.247411],[-75.545177,6.24738],[-75.545259,6.247281],[-75.545347,6.247216],[-75.545356,6.247138],[-75.545392,6.247067],[-75.545429,6.247034],[-75.545285,6.246918],[-75.545226,6.24681],[-75.545176,6.24667],[-75.545179,6.246613],[-75.545259,6.246527],[-75.545369,6.246447],[-75.54565,6.246278],[-75.545719,6.246188],[-75.545741,6.245987],[-75.545727,6.245927],[-75.545656,6.2458],[-75.545603,6.245769],[-75.545415,6.24593],[-75.545107,6.246107],[-75.544752,6.246411],[-75.544627,6.246484],[-75.544426,6.246561],[-75.544019,6.246692],[-75.543903,6.246766],[-75.543821,6.246925],[-75.543722,6.247033],[-75.543648,6.247084],[-75.543371,6.247181],[-75.543285,6.247185],[-75.543242,6.247213],[-75.543288,6.247448],[-75.543156,6.247474],[-75.543176,6.24763],[-75.543118,6.247943],[-75.543043,6.247953],[-75.543115,6.248188],[-75.543184,6.248564],[-75.543236,6.248721],[-75.543477,6.248681],[-75.543524,6.248699],[-75.543633,6.248701],[-75.543921,6.248553],[-75.544075,6.248391],[-75.544186,6.248366],[-75.54422,6.24832],[-75.544279,6.248297],[-75.544311,6.248262],[-75.544315,6.248209],[-75.544288,6.248149],[-75.544287,6.248025],[-75.544386,6.247976],[-75.544437,6.247929],[-75.544499,6.247906],[-75.544545,6.247901],[-75.544587,6.247916],[-75.544641,6.247896],[-75.544671,6.247862],[-75.544701,6.24778],[-75.544759,6.247722],[-75.544796,6.247636],[-75.54492,6.247591]]]},"properties":{"nombre":"El Pinal","riesgo":"Con condiciones de riesgo","amenaza":"Movimientos en masa"}},{"type":"Feature","geometry":{"type":"Polygon","coordinates":[[[-75.545816,6.240428],[-75.546505,6.240702],[-75.546735,6.240809],[-75.546907,6.24092],[-75.547491,6.241599],[-75.547663,6.241703],[-75.547782,6.241833],[-75.547967,6.241979],[-75.548072,6.242032],[-75.548295,6.242055],[-75.548594,6.24217],[-75.548874,6.24236],[-75.548981,6.242479],[-75.549139,6.242554],[-75.549433,6.242662],[-75.549748,6.242704],[-75.549748,6.242673],[-75.549329,6.24259],[-75.549266,6.242547],[-75.549258,6.242525],[-75.549252,6.242541],[-75.54913,6.242487],[-75.549003,6.242397],[-75.548844,6.2422],[-75.54873,6.242084],[-75.548572,6.242021],[-75.548352,6.242018],[-75.548217,6.242035],[-75.548131,6.242023],[-75.548012,6.241979],[-75.547836,6.241843],[-75.547781,6.241753],[-75.54776,6.241656],[-75.547689,6.241503],[-75.547643,6.24144],[-75.547483,6.241289],[-75.547428,6.241207],[-75.547404,6.241097],[-75.547302,6.240897],[-75.547204,6.240795],[-75.547193,6.24068],[-75.547143,6.240575],[-75.546971,6.24039],[-75.546623,6.240303],[-75.546358,6.240196],[-75.545819,6.240177],[-75.545816,6.240428]]]},"properties":{"nombre":"El Pinal","riesgo":"Con condiciones de riesgo","amenaza":"Avenidas Torrenciales"}},{"type":"Feature","geometry":{"type":"Polygon","coordinates":[[[-75.608867,6.279068],[-75.608836,6.279074],[-75.608817,6.279096],[-75.608824,6.27922],[-75.608947,6.279421],[-75.609004,6.279478],[-75.609037,6.279469],[-75.609064,6.279451],[-75.609023,6.279369],[-75.608984,6.279329],[-75.609002,6.279277],[-75.608995,6.279223],[-75.608935,6.279135],[-75.608867,6.279068]]]},"properties":{"nombre":"Fuente Clara","riesgo":"Con condiciones de riesgo","amenaza":"Avenidas Torrenciales"}},{"type":"Feature","geometry":{"type":"Polygon","coordinates":[[[-75.603076,6.275801],[-75.603185,6.275771],[-75.603414,6.275755],[-75.603541,6.27578],[-75.603683,6.275778],[-75.603803,6.275717],[-75.604082,6.275725],[-75.604211,6.275747],[-75.60443,6.275808],[-75.604552,6.275861],[-75.605037,6.276234],[-75.605336,6.276418],[-75.605485,6.276537],[-75.605653,6.276634],[-75.605781,6.276652],[-75.606086,6.276748],[-75.606157,6.276757],[-75.606305,6.276722],[-75.606469,6.276705],[-75.606936,6.276673],[-75.607022,6.276681],[-75.607312,6.27675],[-75.607629,6.276769],[-75.607725,6.276814],[-75.607762,6.27686],[-75.607771,6.276572],[-75.607758,6.276561],[-75.607559,6.276455],[-75.607373,6.276412],[-75.607161,6.276337],[-75.606847,6.276388],[-75.606762,6.276425],[-75.606699,6.276487],[-75.606514,6.27652],[-75.606063,6.276495],[-75.605882,6.276452],[-75.605525,6.276285],[-75.605487,6.276221],[-75.605417,6.276205],[-75.605313,6.2761],[-75.605265,6.27602],[-75.605179,6.275999],[-75.605197,6.275969],[-75.605187,6.275938],[-75.605027,6.275779],[-75.604977,6.275751],[-75.604937,6.275689],[-75.60488,6.275684],[-75.604752,6.275607],[-75.604661,6.275586],[-75.604268,6.275352],[-75.604198,6.27532],[-75.604073,6.275295],[-75.60403,6.275263],[-75.60396,6.275289],[-75.603891,6.275256],[-75.60376,6.275257],[-75.603718,6.275225],[-75.603648,6.275245],[-75.603597,6.275232],[-75.60341,6.27539],[-75.603325,6.275578],[-75.60324,6.275652],[-75.603211,6.2757],[-75.603158,6.275692],[-75.603087,6.275707],[-75.603076,6.275801]]]},"properties":{"nombre":"Fuente Clara","riesgo":"Con condiciones de riesgo","amenaza":"Avenidas Torrenciales"}},{"type":"Feature","geometry":{"type":"Polygon","coordinates":[[[-75.538389,6.296984],[-75.538446,6.29705],[-75.538518,6.297259],[-75.538575,6.297359],[-75.538827,6.297687],[-75.538903,6.297812],[-75.538941,6.297955],[-75.539033,6.298057],[-75.539204,6.298158],[-75.539254,6.298225],[-75.539276,6.298305],[-75.539272,6.298435],[-75.539396,6.298526],[-75.539509,6.298638],[-75.539541,6.298824],[-75.539654,6.298873],[-75.539812,6.298863],[-75.539837,6.298829],[-75.539846,6.298757],[-75.53984,6.29854],[-75.539817,6.298364],[-75.53955,6.297818],[-75.539414,6.2978],[-75.539317,6.297754],[-75.539256,6.2977],[-75.539214,6.297629],[-75.538994,6.297445],[-75.538794,6.297312],[-75.538646,6.297164],[-75.538694,6.296988],[-75.538822,6.296792],[-75.538846,6.296683],[-75.538674,6.29673],[-75.538571,6.296785],[-75.538481,6.296857],[-75.538389,6.296984]]]},"properties":{"nombre":"Santo Domingo Savio No.2","riesgo":"Con condiciones de riesgo","amenaza":"Movimientos en masa"}},{"type":"Feature","geometry":{"type":"Polygon","coordinates":[[[-75.538547,6.300017],[-75.538454,6.300235],[-75.538416,6.300144],[-75.538298,6.300032],[-75.538227,6.299987],[-75.538396,6.299754],[-75.538384,6.299469],[-75.538241,6.299264],[-75.537966,6.299074],[-75.537723,6.298988],[-75.537571,6.29895],[-75.537453,6.298949],[-75.53731,6.298985],[-75.537278,6.299076],[-75.537294,6.299186],[-75.537391,6.299393],[-75.537431,6.299422],[-75.537466,6.299479],[-75.537632,6.299785],[-75.537786,6.299892],[-75.537821,6.299939],[-75.537945,6.300153],[-75.537977,6.300239],[-75.538117,6.300291],[-75.538161,6.300336],[-75.538192,6.300504],[-75.538218,6.300515],[-75.538234,6.300549],[-75.538205,6.300719],[-75.538238,6.300784],[-75.538294,6.300827],[-75.53831,6.300858],[-75.538399,6.300859],[-75.538476,6.300814],[-75.538486,6.300734],[-75.538565,6.300696],[-75.538628,6.300751],[-75.538705,6.30079],[-75.538624,6.300468],[-75.538598,6.300076],[-75.538547,6.300017]]]},"properties":{"nombre":"Santo Domingo Savio No.2","riesgo":"Con condiciones de riesgo","amenaza":"Movimientos en masa"}},{"type":"Feature","geometry":{"type":"Polygon","coordinates":[[[-75.539969,6.302174],[-75.540037,6.302147],[-75.540132,6.302145],[-75.540451,6.302359],[-75.540496,6.302374],[-75.540789,6.302384],[-75.541067,6.302446],[-75.541131,6.302448],[-75.541174,6.302441],[-75.541331,6.302289],[-75.541453,6.302217],[-75.541548,6.302179],[-75.541805,6.302126],[-75.541966,6.302047],[-75.541942,6.301921],[-75.541949,6.301778],[-75.542003,6.301548],[-75.542054,6.30149],[-75.542174,6.301433],[-75.542409,6.301423],[-75.542279,6.30134],[-75.542239,6.301299],[-75.542222,6.301255],[-75.542232,6.301197],[-75.542296,6.30109],[-75.542551,6.300746],[-75.542574,6.300681],[-75.542586,6.300601],[-75.542567,6.300516],[-75.542529,6.300521],[-75.54252,6.300302],[-75.542435,6.300382],[-75.542238,6.300636],[-75.541737,6.30068],[-75.541655,6.300705],[-75.541569,6.300773],[-75.541526,6.300881],[-75.541522,6.301139],[-75.541465,6.301412],[-75.54144,6.301494],[-75.541364,6.301602],[-75.541049,6.301954],[-75.540952,6.302029],[-75.540783,6.302072],[-75.540626,6.302058],[-75.540558,6.302029],[-75.540425,6.301925],[-75.54002,6.301523],[-75.539934,6.301397],[-75.539865,6.30125],[-75.539665,6.300902],[-75.539543,6.300597],[-75.539511,6.300493],[-75.539514,6.300282],[-75.539396,6.299966],[-75.53932,6.299883],[-75.539127,6.299834],[-75.539189,6.299935],[-75.539265,6.300205],[-75.539275,6.300612],[-75.539228,6.301083],[-75.539302,6.301314],[-75.539434,6.301523],[-75.539478,6.301548],[-75.539544,6.301621],[-75.539655,6.301855],[-75.539756,6.301918],[-75.539878,6.302127],[-75.539969,6.302174]]]},"properties":{"nombre":"Santo Domingo Savio No.2","riesgo":"Con condiciones de riesgo","amenaza":"Movimientos en masa"}},{"type":"Feature","geometry":{"type":"Polygon","coordinates":[[[-75.539942,6.295583],[-75.540138,6.295395],[-75.539998,6.295514],[-75.539942,6.295583]]]},"properties":{"nombre":"Santo Domingo Savio No.2","riesgo":"Alto riesgo no mitigable","amenaza":"Movimientos en masa"}},{"type":"Feature","geometry":{"type":"Polygon","coordinates":[[[-75.538705,6.30079],[-75.538748,6.300811],[-75.538905,6.300805],[-75.538979,6.300847],[-75.53905,6.300854],[-75.539231,6.300967],[-75.539275,6.300612],[-75.539265,6.300205],[-75.539189,6.299935],[-75.539127,6.299834],[-75.539025,6.29977],[-75.538755,6.299773],[-75.538598,6.299849],[-75.538562,6.299919],[-75.538547,6.300017],[-75.538598,6.300076],[-75.538624,6.300468],[-75.538705,6.30079]]]},"properties":{"nombre":"Santo Domingo Savio No.2","riesgo":"Alto riesgo no mitigable","amenaza":"Movimientos en masa"}},{"type":"Feature","geometry":{"type":"Polygon","coordinates":[[[-75.53989,6.295691],[-75.539996,6.295751],[-75.540099,6.295785],[-75.540381,6.295809],[-75.540402,6.295714],[-75.540164,6.29569],[-75.540046,6.29565],[-75.539942,6.295583],[-75.53989,6.295691]]]},"properties":{"nombre":"Santo Domingo Savio No.2","riesgo":"Con condiciones de riesgo","amenaza":"Inundaciones"}},{"type":"Feature","geometry":{"type":"Polygon","coordinates":[[[-75.54396,6.275432],[-75.543983,6.275456],[-75.543985,6.275504],[-75.543912,6.275681],[-75.543923,6.27576],[-75.544014,6.275895],[-75.544042,6.27599],[-75.544087,6.276063],[-75.544229,6.276262],[-75.544331,6.276364],[-75.544354,6.276405],[-75.544395,6.276614],[-75.544387,6.276654],[-75.544439,6.276681],[-75.544424,6.276884],[-75.544467,6.277017],[-75.544528,6.277138],[-75.544559,6.277253],[-75.544571,6.277601],[-75.544569,6.277633],[-75.544538,6.277645],[-75.544538,6.277665],[-75.544561,6.277678],[-75.544553,6.277892],[-75.544541,6.277941],[-75.544517,6.277947],[-75.544531,6.277974],[-75.544481,6.278059],[-75.544455,6.278242],[-75.544436,6.278248],[-75.544366,6.278372],[-75.544348,6.278462],[-75.544348,6.278636],[-75.544381,6.27869],[-75.544372,6.278765],[-75.544396,6.27897],[-75.544396,6.279217],[-75.544412,6.279105],[-75.5444,6.27883],[-75.544418,6.278543],[-75.544562,6.278543],[-75.544549,6.278579],[-75.54456,6.278581],[-75.544632,6.278548],[-75.544659,6.278429],[-75.544808,6.278154],[-75.544854,6.278026],[-75.544922,6.277924],[-75.544943,6.27763],[-75.544977,6.277595],[-75.545205,6.277587],[-75.545208,6.277601],[-75.545225,6.277575],[-75.545268,6.277565],[-75.545486,6.277567],[-75.545474,6.277383],[-75.545421,6.277291],[-75.545416,6.277244],[-75.545431,6.277108],[-75.545415,6.276625],[-75.545313,6.276508],[-75.545279,6.276425],[-75.545203,6.27633],[-75.545184,6.276222],[-75.545077,6.276057],[-75.545031,6.275916],[-75.544952,6.275294],[-75.544938,6.275283],[-75.544836,6.275568],[-75.544827,6.275692],[-75.544847,6.275851],[-75.544682,6.275836],[-75.544624,6.275867],[-75.54456,6.27596],[-75.544561,6.275982],[-75.544549,6.275966],[-75.544484,6.275571],[-75.544406,6.275386],[-75.544364,6.275132],[-75.544841,6.274797],[-75.544772,6.274844],[-75.544628,6.274818],[-75.544544,6.274877],[-75.544512,6.274851],[-75.544391,6.274831],[-75.544276,6.274774],[-75.544196,6.274766],[-75.544135,6.274764],[-75.544095,6.274787],[-75.544041,6.274779],[-75.543974,6.274809],[-75.543901,6.274812],[-75.543835,6.274794],[-75.543815,6.274811],[-75.543809,6.274797],[-75.543797,6.274804],[-75.543797,6.274834],[-75.543839,6.274897],[-75.543839,6.274946],[-75.543806,6.274975],[-75.543858,6.274995],[-75.543871,6.27505],[-75.54387,6.275141],[-75.543832,6.275218],[-75.543832,6.275265],[-75.543862,6.275317],[-75.543916,6.27533],[-75.543933,6.275401],[-75.54396,6.275432]]]},"properties":{"nombre":"Las Granjas","riesgo":"Con condiciones de riesgo","amenaza":"Movimientos en masa"}},{"type":"Feature","geometry":{"type":"Polygon","coordinates":[[[-75.545529,6.282096],[-75.545631,6.282113],[-75.545647,6.282073],[-75.545724,6.281831],[-75.545727,6.281717],[-75.545762,6.281577],[-75.545749,6.281505],[-75.545693,6.2815],[-75.545664,6.281516],[-75.545636,6.281567],[-75.545617,6.281681],[-75.545581,6.281747],[-75.545445,6.281879],[-75.545383,6.281976],[-75.545349,6.282062],[-75.545378,6.282097],[-75.545529,6.282096]]]},"properties":{"nombre":"Las Granjas","riesgo":"Con condiciones de riesgo","amenaza":"Movimientos en masa"}},{"type":"Feature","geometry":{"type":"MultiPolygon","coordinates":[[[[-75.549284,6.281574],[-75.549356,6.2816],[-75.549291,6.281572],[-75.549284,6.281574]]],[[[-75.549426,6.281614],[-75.54943,6.281616],[-75.54943,6.281615],[-75.549426,6.281614]]]]},"properties":{"nombre":"Las Granjas","riesgo":"Con condiciones de riesgo","amenaza":"Movimientos en masa"}},{"type":"Feature","geometry":{"type":"Polygon","coordinates":[[[-75.550137,6.281891],[-75.550208,6.281955],[-75.550262,6.28198],[-75.550278,6.281962],[-75.550162,6.281869],[-75.550137,6.281891]]]},"properties":{"nombre":"Las Granjas","riesgo":"Con condiciones de riesgo","amenaza":"Inundaciones"}},{"type":"Feature","geometry":{"type":"Polygon","coordinates":[[[-75.538311,6.232668],[-75.5384,6.232649],[-75.538569,6.232499],[-75.538714,6.232424],[-75.538792,6.232336],[-75.538849,6.232317],[-75.538945,6.232345],[-75.539042,6.232432],[-75.539103,6.232605],[-75.539325,6.232983],[-75.539489,6.232854],[-75.539452,6.232787],[-75.539285,6.232595],[-75.539231,6.232512],[-75.539178,6.232338],[-75.5391,6.232225],[-75.538992,6.232099],[-75.538909,6.232051],[-75.538807,6.232081],[-75.538574,6.232207],[-75.538515,6.232308],[-75.538439,6.23239],[-75.538299,6.23248],[-75.538213,6.232512],[-75.538095,6.232505],[-75.537754,6.232437],[-75.537367,6.23229],[-75.537112,6.232133],[-75.537019,6.232026],[-75.536873,6.231949],[-75.536743,6.231926],[-75.536632,6.23188],[-75.536539,6.231769],[-75.536449,6.231708],[-75.53636,6.231662],[-75.536159,6.231593],[-75.535947,6.23155],[-75.535836,6.231543],[-75.535689,6.231594],[-75.535562,6.231704],[-75.535496,6.231782],[-75.535347,6.231897],[-75.535204,6.231955],[-75.534838,6.232062],[-75.534648,6.232057],[-75.534329,6.231847],[-75.534178,6.231718],[-75.534121,6.231632],[-75.534071,6.231495],[-75.5339,6.231286],[-75.533749,6.231049],[-75.533238,6.23063],[-75.533074,6.230563],[-75.532837,6.23057],[-75.532737,6.230519],[-75.532601,6.230484],[-75.532242,6.23029],[-75.532185,6.230211],[-75.532185,6.230158],[-75.532043,6.229987],[-75.531964,6.229916],[-75.531805,6.229824],[-75.531805,6.229545],[-75.531757,6.229373],[-75.531709,6.229258],[-75.531556,6.229019],[-75.531556,6.228894],[-75.531614,6.228588],[-75.531671,6.228473],[-75.531757,6.228339],[-75.532025,6.22811],[-75.532197,6.227842],[-75.532284,6.227638],[-75.532317,6.227312],[-75.53229,6.227168],[-75.532231,6.227098],[-75.532146,6.22706],[-75.53216,6.227202],[-75.532153,6.22739],[-75.532043,6.227644],[-75.531998,6.227869],[-75.531886,6.228071],[-75.531677,6.22829],[-75.531552,6.228485],[-75.53151,6.228592],[-75.531437,6.228896],[-75.53145,6.22897],[-75.531648,6.229488],[-75.531676,6.229625],[-75.531686,6.229974],[-75.531732,6.229991],[-75.531894,6.230179],[-75.532114,6.230383],[-75.532319,6.230533],[-75.532501,6.230634],[-75.53263,6.23068],[-75.532917,6.230718],[-75.533278,6.230815],[-75.533597,6.231022],[-75.533811,6.231357],[-75.533999,6.231829],[-75.534159,6.232013],[-75.534255,6.232071],[-75.534445,6.23214],[-75.534581,6.232163],[-75.534768,6.232234],[-75.534961,6.232234],[-75.535164,6.232154],[-75.535275,6.232154],[-75.535332,6.232136],[-75.535458,6.232059],[-75.535678,6.231822],[-75.535937,6.231689],[-75.536029,6.231681],[-75.536097,6.2317],[-75.536436,6.231915],[-75.536795,6.232092],[-75.53689,6.232132],[-75.537029,6.232154],[-75.5371,6.232228],[-75.537198,6.232368],[-75.537248,6.232399],[-75.537409,6.23243],[-75.537695,6.232549],[-75.537918,6.232619],[-75.538102,6.232656],[-75.538311,6.232668]]]},"properties":{"nombre":"Barrios de Jesús","riesgo":"Con condiciones de riesgo","amenaza":"Avenidas Torrenciales"}},{"type":"Feature","geometry":{"type":"MultiPolygon","coordinates":[[[[-75.556503,6.241259],[-75.556623,6.241544],[-75.557082,6.241817],[-75.557533,6.242113],[-75.557794,6.242405],[-75.557952,6.24269],[-75.557995,6.242816],[-75.558184,6.243041],[-75.558239,6.243331],[-75.55826,6.243371],[-75.558258,6.243515],[-75.558226,6.243555],[-75.558324,6.243566],[-75.558358,6.243369],[-75.55832,6.24328],[-75.558274,6.242998],[-75.558066,6.242778],[-75.558028,6.242668],[-75.55793,6.242537],[-75.557858,6.242372],[-75.557607,6.242075],[-75.557103,6.241728],[-75.556716,6.241506],[-75.556608,6.241245],[-75.556537,6.24118],[-75.556403,6.241161],[-75.556142,6.241044],[-75.555437,6.240676],[-75.55515,6.240353],[-75.55494,6.240049],[-75.554842,6.239934],[-75.554749,6.239862],[-75.55462,6.239793],[-75.554474,6.239669],[-75.554419,6.239683],[-75.554407,6.239731],[-75.554569,6.239869],[-75.554703,6.239929],[-75.554835,6.240051],[-75.555136,6.240496],[-75.555375,6.240752],[-75.556396,6.241247],[-75.55647,6.241242],[-75.556503,6.241259]]],[[[-75.551998,6.240394],[-75.552041,6.240417],[-75.552076,6.240253],[-75.551998,6.240394]]]]},"properties":{"nombre":"Buenos Aires","riesgo":"Con condiciones de riesgo","amenaza":"Inundaciones"}},{"type":"Feature","geometry":{"type":"Polygon","coordinates":[[[-75.56059,6.238724],[-75.560486,6.238937],[-75.560122,6.239286],[-75.560191,6.239347],[-75.56054,6.238992],[-75.560663,6.238771],[-75.560602,6.238704],[-75.56059,6.238724]]]},"properties":{"nombre":"Gerona","riesgo":"Con condiciones de riesgo","amenaza":"Inundaciones"}},{"type":"Feature","geometry":{"type":"Polygon","coordinates":[[[-75.557079,6.236359],[-75.557151,6.236442],[-75.557318,6.236723],[-75.557381,6.237342],[-75.557426,6.237492],[-75.557522,6.237671],[-75.557835,6.238033],[-75.558116,6.238287],[-75.558224,6.238493],[-75.558316,6.238607],[-75.558445,6.238733],[-75.558726,6.238954],[-75.559195,6.239205],[-75.560021,6.239428],[-75.560107,6.239303],[-75.559906,6.239232],[-75.559524,6.239151],[-75.559255,6.239067],[-75.558845,6.238861],[-75.558696,6.238762],[-75.558549,6.238628],[-75.558296,6.238272],[-75.558269,6.238087],[-75.558275,6.237734],[-75.558224,6.237683],[-75.558137,6.23774],[-75.558101,6.238072],[-75.557985,6.237925],[-75.557773,6.237707],[-75.557572,6.237426],[-75.557516,6.237267],[-75.557486,6.2371],[-75.557486,6.236894],[-75.557447,6.236643],[-75.557378,6.23646],[-75.557163,6.236204],[-75.557079,6.236359]]]},"properties":{"nombre":"Gerona","riesgo":"Con condiciones de riesgo","amenaza":"Inundaciones"}},{"type":"Feature","geometry":{"type":"Polygon","coordinates":[[[-75.560292,6.241968],[-75.560224,6.241834],[-75.56023,6.242007],[-75.560292,6.241968]]]},"properties":{"nombre":"Gerona","riesgo":"Con condiciones de riesgo","amenaza":"Inundaciones"}},{"type":"Feature","geometry":{"type":"Polygon","coordinates":[[[-75.613654,6.24181],[-75.613719,6.241851],[-75.613871,6.241737],[-75.613996,6.241708],[-75.61417,6.241751],[-75.614269,6.24174],[-75.614468,6.24175],[-75.615079,6.241714],[-75.615315,6.241801],[-75.615563,6.241843],[-75.615643,6.241885],[-75.615751,6.241977],[-75.616008,6.242043],[-75.616083,6.242043],[-75.616142,6.242007],[-75.616184,6.241858],[-75.61616,6.24175],[-75.615978,6.241613],[-75.615893,6.241516],[-75.615783,6.241573],[-75.615704,6.241591],[-75.615403,6.241549],[-75.615206,6.241623],[-75.614632,6.241644],[-75.614394,6.241613],[-75.614184,6.241658],[-75.614054,6.241644],[-75.613882,6.241573],[-75.613807,6.241575],[-75.613762,6.241607],[-75.613708,6.241683],[-75.613654,6.24181]]]},"properties":{"nombre":"Santa Teresita","riesgo":"Con condiciones de riesgo","amenaza":"Inundaciones"}},{"type":"Feature","geometry":{"type":"Polygon","coordinates":[[[-75.615834,6.244254],[-75.615587,6.244177],[-75.615467,6.244185],[-75.615353,6.244265],[-75.615249,6.244472],[-75.615159,6.244573],[-75.615036,6.244597],[-75.614851,6.2446],[-75.614774,6.244666],[-75.615108,6.244649],[-75.615195,6.244622],[-75.615288,6.244531],[-75.615446,6.244279],[-75.615526,6.244233],[-75.615674,6.24424],[-75.615864,6.244343],[-75.615834,6.244254]]]},"properties":{"nombre":"Santa Teresita","riesgo":"Con condiciones de riesgo","amenaza":"Avenidas Torrenciales"}},{"type":"Feature","geometry":{"type":"Polygon","coordinates":[[[-75.599796,6.205248],[-75.59969,6.205303],[-75.599659,6.205385],[-75.599684,6.205494],[-75.599988,6.20578],[-75.600048,6.205819],[-75.600101,6.205821],[-75.600114,6.205797],[-75.600103,6.205763],[-75.599911,6.205506],[-75.599843,6.205286],[-75.599828,6.205258],[-75.599796,6.205248]]]},"properties":{"nombre":"La Mota","riesgo":"Con condiciones de riesgo","amenaza":"Movimientos en masa"}},{"type":"Feature","geometry":{"type":"Polygon","coordinates":[[[-75.539773,6.248894],[-75.539701,6.248892],[-75.539627,6.248843],[-75.539546,6.248877],[-75.53951,6.248866],[-75.539449,6.24874],[-75.539414,6.2487],[-75.539367,6.248679],[-75.539288,6.248671],[-75.539197,6.248698],[-75.53924,6.248855],[-75.539205,6.248853],[-75.53924,6.248858],[-75.53947,6.249121],[-75.539543,6.249114],[-75.539627,6.249074],[-75.539724,6.249067],[-75.539753,6.249037],[-75.539851,6.249034],[-75.539889,6.249014],[-75.539872,6.249009],[-75.539892,6.248938],[-75.539773,6.248894]]]},"properties":{"nombre":"Llanaditas","riesgo":"Con condiciones de riesgo","amenaza":"Movimientos en masa"}},{"type":"Feature","geometry":{"type":"Polygon","coordinates":[[[-75.538138,6.250669],[-75.538305,6.25077],[-75.538374,6.250764],[-75.538396,6.250787],[-75.538417,6.250775],[-75.53846,6.250796],[-75.538616,6.250779],[-75.538704,6.250719],[-75.538673,6.250684],[-75.538565,6.250674],[-75.538549,6.250587],[-75.538499,6.250558],[-75.538496,6.250501],[-75.538514,6.250491],[-75.538728,6.250446],[-75.539084,6.250448],[-75.53922,6.250358],[-75.53938,6.250334],[-75.539537,6.250432],[-75.539568,6.250435],[-75.53963,6.250397],[-75.539694,6.250304],[-75.539755,6.250259],[-75.539775,6.250228],[-75.539775,6.25016],[-75.539745,6.2501],[-75.539699,6.250058],[-75.539508,6.249952],[-75.539381,6.249967],[-75.539252,6.24994],[-75.539226,6.249957],[-75.539219,6.250007],[-75.539243,6.250068],[-75.539157,6.250117],[-75.539061,6.250131],[-75.538984,6.250109],[-75.538889,6.250001],[-75.538682,6.249863],[-75.538578,6.249902],[-75.538498,6.249877],[-75.538369,6.249777],[-75.538361,6.249784],[-75.538268,6.249628],[-75.538153,6.249486],[-75.538152,6.24943],[-75.538109,6.249305],[-75.538001,6.249352],[-75.537886,6.249301],[-75.53783,6.24934],[-75.537777,6.249344],[-75.537433,6.249303],[-75.537146,6.249327],[-75.536993,6.249371],[-75.536792,6.249367],[-75.536806,6.249637],[-75.536788,6.249702],[-75.536884,6.249737],[-75.536944,6.249806],[-75.537012,6.250003],[-75.537093,6.250104],[-75.537189,6.250163],[-75.537296,6.250175],[-75.537351,6.250205],[-75.537443,6.250357],[-75.537541,6.250456],[-75.537655,6.250531],[-75.537844,6.250576],[-75.537892,6.250606],[-75.537956,6.250603],[-75.538029,6.250637],[-75.538091,6.25064],[-75.538138,6.250669]]]},"properties":{"nombre":"Llanaditas","riesgo":"Con condiciones de riesgo","amenaza":"Movimientos en masa"}},{"type":"Feature","geometry":{"type":"Polygon","coordinates":[[[-75.538349,6.25263],[-75.538342,6.252642],[-75.538799,6.252936],[-75.53891,6.252799],[-75.53941,6.252383],[-75.53948,6.252235],[-75.539639,6.252076],[-75.5398,6.252001],[-75.539965,6.251986],[-75.540049,6.251945],[-75.540177,6.2518],[-75.540273,6.251785],[-75.540476,6.251826],[-75.540579,6.251736],[-75.540641,6.251725],[-75.540789,6.251745],[-75.540963,6.251699],[-75.541006,6.251719],[-75.541221,6.251679],[-75.541258,6.251702],[-75.541462,6.251931],[-75.541474,6.252009],[-75.541512,6.252044],[-75.54153,6.251905],[-75.541489,6.251739],[-75.541399,6.251507],[-75.541345,6.251452],[-75.541257,6.251438],[-75.541223,6.251396],[-75.541124,6.251366],[-75.541176,6.251312],[-75.541268,6.251297],[-75.541271,6.251275],[-75.541214,6.251241],[-75.541208,6.251186],[-75.541213,6.251166],[-75.541281,6.25112],[-75.54133,6.251032],[-75.541331,6.250945],[-75.541372,6.25079],[-75.541361,6.25073],[-75.541268,6.250533],[-75.541277,6.25049],[-75.541237,6.250273],[-75.541255,6.25013],[-75.541281,6.250062],[-75.541296,6.249749],[-75.541216,6.249603],[-75.54114,6.249519],[-75.54096,6.249454],[-75.541013,6.249533],[-75.541111,6.249621],[-75.541177,6.249742],[-75.541212,6.24992],[-75.541181,6.250089],[-75.541158,6.250137],[-75.54099,6.250115],[-75.540927,6.250051],[-75.540895,6.250141],[-75.540904,6.250378],[-75.540868,6.250556],[-75.540827,6.250591],[-75.540821,6.250647],[-75.540831,6.250759],[-75.540907,6.250939],[-75.540905,6.251091],[-75.540783,6.251414],[-75.540703,6.251403],[-75.540538,6.251326],[-75.540402,6.251308],[-75.54031,6.251317],[-75.540233,6.251371],[-75.540196,6.251373],[-75.539944,6.251335],[-75.539659,6.251371],[-75.539482,6.251342],[-75.539271,6.251372],[-75.539207,6.251403],[-75.539028,6.251529],[-75.538984,6.25162],[-75.538865,6.251622],[-75.53878,6.251588],[-75.53855,6.251592],[-75.538375,6.251702],[-75.538292,6.251657],[-75.538177,6.251629],[-75.538306,6.251962],[-75.538464,6.251927],[-75.538657,6.251932],[-75.538826,6.251905],[-75.538935,6.251906],[-75.53899,6.25194],[-75.538753,6.252189],[-75.538626,6.252396],[-75.538581,6.252405],[-75.538451,6.252554],[-75.538349,6.25263]]]},"properties":{"nombre":"Llanaditas","riesgo":"Con condiciones de riesgo","amenaza":"Movimientos en masa"}},{"type":"Feature","geometry":{"type":"Polygon","coordinates":[[[-75.53177,6.232368],[-75.531711,6.232358],[-75.531618,6.232281],[-75.531539,6.232246],[-75.531101,6.232234],[-75.530857,6.232392],[-75.530685,6.232531],[-75.530465,6.232578],[-75.529911,6.232607],[-75.529777,6.232669],[-75.529605,6.232798],[-75.52949,6.232918],[-75.529375,6.233009],[-75.529265,6.233056],[-75.52895,6.233071],[-75.52874,6.233152],[-75.52812,6.233774],[-75.527893,6.234159],[-75.527887,6.234257],[-75.527941,6.234377],[-75.527997,6.234472],[-75.528221,6.234624],[-75.528323,6.234735],[-75.528427,6.234899],[-75.528533,6.234871],[-75.528604,6.234804],[-75.528896,6.234747],[-75.528976,6.234717],[-75.529617,6.234163],[-75.529792,6.233871],[-75.529812,6.233804],[-75.529765,6.233767],[-75.529797,6.233739],[-75.529761,6.233695],[-75.529796,6.233692],[-75.529885,6.233639],[-75.530019,6.233635],[-75.530084,6.233582],[-75.530139,6.233477],[-75.530134,6.233306],[-75.530148,6.233175],[-75.530233,6.233057],[-75.530242,6.232941],[-75.530269,6.232872],[-75.530318,6.232857],[-75.530367,6.232811],[-75.530405,6.23273],[-75.530462,6.232726],[-75.530553,6.232756],[-75.530592,6.232783],[-75.530653,6.232875],[-75.530746,6.232953],[-75.531,6.233113],[-75.531025,6.2331],[-75.531051,6.233015],[-75.531127,6.23298],[-75.53109,6.232818],[-75.531025,6.232641],[-75.531028,6.232613],[-75.531102,6.232521],[-75.531161,6.232471],[-75.531334,6.232379],[-75.531387,6.232368],[-75.531466,6.23238],[-75.531622,6.232356],[-75.53177,6.232368]]]},"properties":{"nombre":"La Sierra","riesgo":"Con condiciones de riesgo","amenaza":"Movimientos en masa"}},{"type":"Feature","geometry":{"type":"Polygon","coordinates":[[[-75.525902,6.235592],[-75.525947,6.235623],[-75.526008,6.235631],[-75.526008,6.235535],[-75.525985,6.235459],[-75.526103,6.235462],[-75.526179,6.235573],[-75.526196,6.235571],[-75.526157,6.235483],[-75.526148,6.235399],[-75.526155,6.235337],[-75.526196,6.235235],[-75.526213,6.235215],[-75.526328,6.235271],[-75.526401,6.235237],[-75.526601,6.234916],[-75.526647,6.23483],[-75.526642,6.234653],[-75.526665,6.234547],[-75.526712,6.23447],[-75.52673,6.234406],[-75.526727,6.234282],[-75.526825,6.234024],[-75.526839,6.233945],[-75.527343,6.233816],[-75.52759,6.232882],[-75.527839,6.232559],[-75.528019,6.232422],[-75.52819,6.232364],[-75.528501,6.232313],[-75.528853,6.232302],[-75.529102,6.231965],[-75.529247,6.231842],[-75.52937,6.231824],[-75.529459,6.231842],[-75.529615,6.231836],[-75.529698,6.231818],[-75.529746,6.231776],[-75.529742,6.231748],[-75.529722,6.231778],[-75.529663,6.231803],[-75.529257,6.231829],[-75.529136,6.231937],[-75.529031,6.231982],[-75.528765,6.231985],[-75.528384,6.231963],[-75.527996,6.231992],[-75.527917,6.231977],[-75.527765,6.231987],[-75.527626,6.232066],[-75.5273,6.232143],[-75.527143,6.232166],[-75.526307,6.232204],[-75.526161,6.232315],[-75.525944,6.232398],[-75.525874,6.232447],[-75.525812,6.232511],[-75.525675,6.23276],[-75.525614,6.232822],[-75.525569,6.232831],[-75.525401,6.232806],[-75.52503,6.23289],[-75.525186,6.233611],[-75.525476,6.233543],[-75.525483,6.233504],[-75.52553,6.233475],[-75.525605,6.233439],[-75.525791,6.233397],[-75.525838,6.233347],[-75.525934,6.233302],[-75.526089,6.233258],[-75.526176,6.233256],[-75.52626,6.233284],[-75.526349,6.233369],[-75.526383,6.233383],[-75.526541,6.233552],[-75.526625,6.233741],[-75.526592,6.233798],[-75.526543,6.233997],[-75.526335,6.234159],[-75.526201,6.234351],[-75.526131,6.234645],[-75.52608,6.234753],[-75.526025,6.234976],[-75.525849,6.235178],[-75.52577,6.235241],[-75.525753,6.235215],[-75.525902,6.235592]],[[-75.526641,6.233914],[-75.526664,6.233842],[-75.526822,6.233911],[-75.526725,6.234165],[-75.526677,6.234482],[-75.526628,6.234614],[-75.526411,6.234588],[-75.526558,6.2341],[-75.526641,6.233914]],[[-75.525881,6.235484],[-75.525898,6.235563],[-75.525855,6.23546],[-75.525878,6.235428],[-75.525881,6.235484]]]},"properties":{"nombre":"La Sierra","riesgo":"Con condiciones de riesgo","amenaza":"Movimientos en masa"}},{"type":"Feature","geometry":{"type":"Polygon","coordinates":[[[-75.527403,6.236335],[-75.52746,6.236454],[-75.527404,6.236323],[-75.527403,6.236335]]]},"properties":{"nombre":"La Sierra","riesgo":"Con condiciones de riesgo","amenaza":"Movimientos en masa"}},{"type":"Feature","geometry":{"type":"MultiPolygon","coordinates":[[[[-75.526641,6.233914],[-75.526558,6.2341],[-75.526411,6.234588],[-75.526628,6.234614],[-75.526677,6.234482],[-75.526725,6.234165],[-75.526822,6.233911],[-75.526664,6.233842],[-75.526641,6.233914]]],[[[-75.526008,6.235631],[-75.526008,6.235642],[-75.526056,6.235636],[-75.526151,6.23557],[-75.526185,6.235583],[-75.526103,6.235462],[-75.525985,6.235459],[-75.526008,6.235535],[-75.526008,6.235631]]]]},"properties":{"nombre":"La Sierra","riesgo":"Con condiciones de riesgo","amenaza":"Inundaciones"}},{"type":"Feature","geometry":{"type":"Polygon","coordinates":[[[-75.540418,6.278058],[-75.540455,6.278067],[-75.540456,6.278088],[-75.54052,6.278143],[-75.540538,6.278197],[-75.540547,6.278342],[-75.540511,6.278387],[-75.540619,6.279186],[-75.540692,6.279367],[-75.540728,6.279412],[-75.540764,6.27943],[-75.540782,6.279467],[-75.540837,6.279503],[-75.540873,6.279575],[-75.540891,6.279584],[-75.540909,6.279675],[-75.540927,6.279693],[-75.540954,6.279874],[-75.540936,6.280219],[-75.540954,6.280228],[-75.540972,6.280282],[-75.541054,6.280336],[-75.541099,6.2804],[-75.541136,6.280617],[-75.541271,6.280584],[-75.541345,6.280598],[-75.541272,6.280543],[-75.541209,6.280417],[-75.541191,6.280344],[-75.541182,6.279936],[-75.541136,6.279846],[-75.541028,6.279746],[-75.541009,6.279674],[-75.541019,6.279438],[-75.541064,6.279356],[-75.541191,6.279329],[-75.541263,6.27923],[-75.541281,6.279112],[-75.541272,6.278704],[-75.54129,6.27855],[-75.54129,6.27826],[-75.5413,6.27817],[-75.541327,6.278097],[-75.54139,6.278034],[-75.541481,6.277998],[-75.541535,6.277998],[-75.541608,6.278034],[-75.541707,6.278278],[-75.541825,6.278351],[-75.541921,6.278439],[-75.541886,6.27827],[-75.541868,6.277794],[-75.541848,6.277805],[-75.541865,6.277755],[-75.541862,6.27766],[-75.541875,6.277653],[-75.541936,6.27745],[-75.541867,6.277424],[-75.541825,6.277341],[-75.541842,6.277233],[-75.541817,6.277166],[-75.541758,6.277132],[-75.541739,6.277078],[-75.540418,6.278058]]]},"properties":{"nombre":"María Cano-Carambolas","riesgo":"Con condiciones de riesgo","amenaza":"Movimientos en masa"}},{"type":"Feature","geometry":{"type":"Polygon","coordinates":[[[-75.539859,6.28097],[-75.539813,6.281162],[-75.539786,6.281207],[-75.539711,6.281469],[-75.539705,6.281703],[-75.53975,6.281973],[-75.539822,6.282157],[-75.539889,6.282227],[-75.539973,6.282249],[-75.540034,6.282238],[-75.540111,6.282199],[-75.540093,6.282101],[-75.540104,6.282039],[-75.540073,6.282002],[-75.540093,6.281914],[-75.540147,6.28186],[-75.540214,6.281739],[-75.540356,6.281577],[-75.540417,6.281435],[-75.540342,6.281327],[-75.540214,6.281226],[-75.540147,6.281125],[-75.540032,6.281044],[-75.539891,6.28097],[-75.539859,6.28097]]]},"properties":{"nombre":"María Cano-Carambolas","riesgo":"Con condiciones de riesgo","amenaza":"Movimientos en masa"}},{"type":"Feature","geometry":{"type":"Polygon","coordinates":[[[-75.537698,6.281875],[-75.537893,6.281995],[-75.537974,6.282082],[-75.538046,6.282191],[-75.53817,6.282191],[-75.538519,6.282302],[-75.538557,6.282374],[-75.538568,6.28244],[-75.538624,6.282517],[-75.538767,6.282534],[-75.538894,6.282622],[-75.538928,6.282656],[-75.53893,6.282682],[-75.53919,6.282704],[-75.539365,6.282676],[-75.539501,6.2826],[-75.539605,6.282426],[-75.539626,6.282251],[-75.539588,6.282186],[-75.539452,6.282093],[-75.539343,6.28206],[-75.53934,6.282046],[-75.539309,6.282049],[-75.539266,6.28192],[-75.539194,6.281868],[-75.539127,6.281763],[-75.538894,6.281591],[-75.53876,6.281553],[-75.538701,6.281553],[-75.538717,6.281586],[-75.538713,6.281712],[-75.538656,6.28177],[-75.538548,6.281824],[-75.538402,6.281824],[-75.538328,6.281842],[-75.5382,6.281835],[-75.538058,6.281873],[-75.537698,6.281875]]]},"properties":{"nombre":"María Cano-Carambolas","riesgo":"Con condiciones de riesgo","amenaza":"Movimientos en masa"}},{"type":"Feature","geometry":{"type":"Polygon","coordinates":[[[-75.542233,6.2814],[-75.542124,6.28135],[-75.542006,6.281232],[-75.541906,6.281051],[-75.541897,6.280996],[-75.541685,6.280699],[-75.54163,6.280895],[-75.541624,6.280976],[-75.541549,6.281064],[-75.541435,6.281145],[-75.541388,6.281341],[-75.541321,6.281428],[-75.541349,6.281466],[-75.541351,6.281622],[-75.541282,6.281804],[-75.541193,6.281898],[-75.540964,6.282054],[-75.540814,6.282252],[-75.540758,6.282416],[-75.540753,6.282497],[-75.54077,6.282615],[-75.540797,6.282677],[-75.54082,6.282835],[-75.540808,6.283097],[-75.540839,6.283382],[-75.540887,6.28351],[-75.540959,6.283588],[-75.541037,6.283643],[-75.541076,6.283652],[-75.541095,6.28364],[-75.541154,6.283281],[-75.541229,6.283162],[-75.541304,6.283129],[-75.541612,6.283143],[-75.541661,6.28278],[-75.541683,6.282754],[-75.541685,6.282554],[-75.541705,6.282573],[-75.541816,6.282408],[-75.541844,6.282342],[-75.541843,6.282275],[-75.541803,6.282126],[-75.541768,6.282063],[-75.542032,6.281676],[-75.542154,6.281472],[-75.542233,6.2814]]]},"properties":{"nombre":"María Cano-Carambolas","riesgo":"Con condiciones de riesgo","amenaza":"Movimientos en masa"}},{"type":"Feature","geometry":{"type":"Polygon","coordinates":[[[-75.536274,6.284938],[-75.536505,6.284982],[-75.536697,6.284962],[-75.53679,6.284915],[-75.536859,6.284857],[-75.536958,6.284706],[-75.537144,6.284619],[-75.537179,6.28455],[-75.537185,6.284451],[-75.537167,6.284381],[-75.537063,6.28423],[-75.537057,6.284184],[-75.537069,6.284062],[-75.537127,6.283945],[-75.537144,6.283876],[-75.537133,6.283829],[-75.537096,6.283823],[-75.536939,6.284044],[-75.536852,6.28412],[-75.53679,6.284302],[-75.536781,6.284427],[-75.536752,6.284481],[-75.536714,6.284506],[-75.536584,6.284507],[-75.536491,6.284647],[-75.536468,6.284713],[-75.536465,6.284807],[-75.536419,6.284853],[-75.536274,6.284938]]]},"properties":{"nombre":"María Cano-Carambolas","riesgo":"Con condiciones de riesgo","amenaza":"Movimientos en masa"}},{"type":"Feature","geometry":{"type":"Polygon","coordinates":[[[-75.541595,6.284339],[-75.541559,6.284364],[-75.541432,6.284381],[-75.541432,6.284525],[-75.541416,6.284611],[-75.541308,6.284846],[-75.541327,6.28503],[-75.541386,6.285113],[-75.541425,6.28513],[-75.541467,6.28513],[-75.541512,6.285035],[-75.541588,6.284742],[-75.54161,6.284561],[-75.541595,6.284339]]]},"properties":{"nombre":"María Cano-Carambolas","riesgo":"Con condiciones de riesgo","amenaza":"Movimientos en masa"}},{"type":"Feature","geometry":{"type":"Polygon","coordinates":[[[-75.53742,6.283137],[-75.537585,6.283387],[-75.537652,6.283613],[-75.537652,6.284195],[-75.53756,6.284733],[-75.53756,6.28499],[-75.537585,6.285173],[-75.537634,6.285326],[-75.537701,6.285436],[-75.537872,6.28543],[-75.537908,6.285417],[-75.537951,6.285362],[-75.537963,6.285234],[-75.537915,6.285124],[-75.537737,6.284953],[-75.537713,6.28488],[-75.537719,6.284843],[-75.537774,6.284715],[-75.537805,6.284678],[-75.53786,6.28466],[-75.53805,6.284653],[-75.538215,6.284586],[-75.538263,6.284506],[-75.538294,6.284409],[-75.5383,6.284164],[-75.538288,6.28403],[-75.538251,6.283859],[-75.538196,6.283718],[-75.53797,6.28348],[-75.53794,6.2834],[-75.537927,6.283308],[-75.537934,6.282881],[-75.537879,6.282624],[-75.537866,6.282458],[-75.537829,6.282336],[-75.537707,6.282164],[-75.53753,6.28203],[-75.537448,6.281997],[-75.537396,6.282072],[-75.537295,6.282336],[-75.537328,6.282584],[-75.537433,6.282911],[-75.537439,6.283],[-75.53742,6.283137]]]},"properties":{"nombre":"María Cano-Carambolas","riesgo":"Con condiciones de riesgo","amenaza":"Movimientos en masa"}},{"type":"Feature","geometry":{"type":"Polygon","coordinates":[[[-75.540425,6.285415],[-75.5402,6.285288],[-75.539865,6.285129],[-75.539566,6.284914],[-75.539447,6.284735],[-75.539396,6.284507],[-75.539327,6.28448],[-75.539193,6.28448],[-75.539117,6.284523],[-75.539112,6.284674],[-75.539095,6.284728],[-75.539105,6.285135],[-75.539081,6.285412],[-75.5391,6.285584],[-75.539152,6.285819],[-75.539178,6.286113],[-75.539271,6.28613],[-75.539332,6.286068],[-75.539427,6.286009],[-75.539579,6.285959],[-75.539741,6.285946],[-75.539822,6.285881],[-75.539955,6.285913],[-75.539943,6.285901],[-75.539969,6.285862],[-75.540174,6.285856],[-75.540256,6.285817],[-75.540183,6.285756],[-75.540058,6.2857],[-75.539899,6.28566],[-75.539892,6.285704],[-75.539848,6.285694],[-75.539745,6.285726],[-75.539683,6.285771],[-75.539574,6.285778],[-75.539499,6.285802],[-75.539481,6.285725],[-75.539391,6.285627],[-75.539373,6.285586],[-75.539371,6.285251],[-75.539318,6.285196],[-75.539292,6.28508],[-75.539336,6.285099],[-75.539435,6.285208],[-75.539461,6.285269],[-75.539579,6.285392],[-75.539638,6.285422],[-75.539847,6.285464],[-75.539969,6.285469],[-75.540129,6.285593],[-75.540326,6.28568],[-75.540329,6.285622],[-75.540299,6.28549],[-75.540344,6.285447],[-75.540425,6.285415]]]},"properties":{"nombre":"María Cano-Carambolas","riesgo":"Con condiciones de riesgo","amenaza":"Movimientos en masa"}},{"type":"Feature","geometry":{"type":"Polygon","coordinates":[[[-75.624171,6.247293],[-75.624396,6.247277],[-75.624563,6.247348],[-75.624501,6.247286],[-75.624421,6.247258],[-75.624171,6.247293]]]},"properties":{"nombre":"El Corazón","riesgo":"Con condiciones de riesgo","amenaza":"Movimientos en masa"}},{"type":"Feature","geometry":{"type":"Polygon","coordinates":[[[-75.539966,6.286026],[-75.53999,6.286031],[-75.540098,6.286201],[-75.540183,6.286294],[-75.540222,6.286384],[-75.540286,6.286384],[-75.540583,6.286537],[-75.540717,6.286561],[-75.54088,6.286561],[-75.540974,6.286509],[-75.541079,6.28649],[-75.541198,6.286421],[-75.54141,6.286402],[-75.541516,6.286476],[-75.541637,6.286505],[-75.54187,6.286489],[-75.542085,6.28656],[-75.542277,6.286538],[-75.542385,6.286558],[-75.542578,6.28656],[-75.542554,6.286329],[-75.54238,6.28633],[-75.542245,6.286291],[-75.542174,6.286329],[-75.542087,6.286332],[-75.541884,6.286264],[-75.541617,6.286275],[-75.541526,6.286225],[-75.541324,6.286063],[-75.541214,6.286066],[-75.541057,6.286233],[-75.540964,6.286284],[-75.5409,6.286291],[-75.54081,6.286332],[-75.5407,6.286331],[-75.540632,6.286297],[-75.54056,6.286192],[-75.540393,6.286042],[-75.540275,6.28607],[-75.540148,6.286045],[-75.540054,6.285955],[-75.539955,6.285913],[-75.53994,6.285988],[-75.539966,6.286026]]]},"properties":{"nombre":"Aldea Pablo VI","riesgo":"Con condiciones de riesgo","amenaza":"Movimientos en masa"}},{"type":"Feature","geometry":{"type":"MultiPolygon","coordinates":[[[[-75.542437,6.287789],[-75.54245,6.287767],[-75.542581,6.287844],[-75.542718,6.287883],[-75.542687,6.28759],[-75.542613,6.28759],[-75.542459,6.287671],[-75.542437,6.287789]]],[[[-75.542623,6.287966],[-75.542617,6.288063],[-75.542583,6.288051],[-75.542654,6.288145],[-75.542745,6.288141],[-75.542728,6.287979],[-75.542623,6.287966]]]]},"properties":{"nombre":"Aldea Pablo VI","riesgo":"Con condiciones de riesgo","amenaza":"Movimientos en masa"}},{"type":"Feature","geometry":{"type":"Polygon","coordinates":[[[-75.541118,6.289386],[-75.541333,6.289396],[-75.541425,6.289382],[-75.541584,6.289328],[-75.541683,6.289334],[-75.541566,6.28923],[-75.541483,6.289117],[-75.541415,6.289074],[-75.541424,6.288986],[-75.541412,6.288929],[-75.541301,6.288836],[-75.541235,6.288749],[-75.541059,6.288646],[-75.541,6.288574],[-75.540984,6.288809],[-75.541062,6.288872],[-75.541109,6.28888],[-75.541258,6.289039],[-75.541324,6.289133],[-75.541398,6.289175],[-75.541147,6.289205],[-75.541118,6.289386]]]},"properties":{"nombre":"Aldea Pablo VI","riesgo":"Con condiciones de riesgo","amenaza":"Movimientos en masa"}},{"type":"Feature","geometry":{"type":"Polygon","coordinates":[[[-75.542482,6.289762],[-75.542651,6.289775],[-75.542808,6.289714],[-75.542932,6.289758],[-75.542915,6.289753],[-75.542878,6.289405],[-75.54277,6.289412],[-75.542722,6.289394],[-75.542621,6.2893],[-75.542513,6.289264],[-75.54244,6.289285],[-75.542419,6.289311],[-75.542469,6.289528],[-75.542482,6.289762]]]},"properties":{"nombre":"Aldea Pablo VI","riesgo":"Con condiciones de riesgo","amenaza":"Movimientos en masa"}},{"type":"Feature","geometry":{"type":"Polygon","coordinates":[[[-75.542623,6.287966],[-75.542728,6.287979],[-75.542718,6.287883],[-75.542581,6.287844],[-75.54245,6.287767],[-75.542406,6.287843],[-75.542623,6.287966]]]},"properties":{"nombre":"Aldea Pablo VI","riesgo":"Con condiciones de riesgo","amenaza":"Inundaciones"}},{"type":"Feature","geometry":{"type":"Polygon","coordinates":[[[-75.554162,6.257803],[-75.553941,6.257768],[-75.553715,6.257794],[-75.553803,6.257872],[-75.553967,6.257862],[-75.554107,6.257879],[-75.554162,6.257803]]]},"properties":{"nombre":"Villa Hermosa","riesgo":"Con condiciones de riesgo","amenaza":"Inundaciones"}},{"type":"Feature","geometry":{"type":"Polygon","coordinates":[[[-75.560307,6.207687],[-75.560334,6.207713],[-75.560362,6.207709],[-75.560337,6.207677],[-75.560307,6.207687]]]},"properties":{"nombre":"Las Lomas No.1","riesgo":"Con condiciones de riesgo","amenaza":"Avenidas Torrenciales"}},{"type":"Feature","geometry":{"type":"Polygon","coordinates":[[[-75.563149,6.207284],[-75.563032,6.207276],[-75.562961,6.207303],[-75.563149,6.207284]]]},"properties":{"nombre":"Las Lomas No.1","riesgo":"Con condiciones de riesgo","amenaza":"Avenidas Torrenciales"}},{"type":"Feature","geometry":{"type":"Polygon","coordinates":[[[-75.559304,6.292051],[-75.55886,6.2921],[-75.558655,6.292306],[-75.558559,6.292512],[-75.558679,6.292695],[-75.558862,6.292883],[-75.559314,6.292922],[-75.559862,6.292606],[-75.559935,6.292508],[-75.559877,6.292395],[-75.559763,6.292244],[-75.55965,6.292171],[-75.559304,6.292051]]]},"properties":{"nombre":"Santa Cruz","riesgo":"Con condiciones de riesgo","amenaza":"Movimientos en masa"}},{"type":"Feature","geometry":{"type":"Polygon","coordinates":[[[-75.555567,6.293349],[-75.555578,6.293395],[-75.555633,6.293437],[-75.555646,6.293413],[-75.555567,6.293349]]]},"properties":{"nombre":"Santa Cruz","riesgo":"Con condiciones de riesgo","amenaza":"Inundaciones"}},{"type":"Feature","geometry":{"type":"Polygon","coordinates":[[[-75.557233,6.293612],[-75.557231,6.293663],[-75.557375,6.293864],[-75.557692,6.294198],[-75.557905,6.294354],[-75.558078,6.294458],[-75.558265,6.294518],[-75.558324,6.29455],[-75.558347,6.294593],[-75.558493,6.294643],[-75.558454,6.294552],[-75.558392,6.294501],[-75.558121,6.294396],[-75.558002,6.294333],[-75.557758,6.294165],[-75.5574,6.29379],[-75.557291,6.293638],[-75.557233,6.293612]]]},"properties":{"nombre":"Santa Cruz","riesgo":"Con condiciones de riesgo","amenaza":"Inundaciones"}},{"type":"Feature","geometry":{"type":"Polygon","coordinates":[[[-75.560292,6.294615],[-75.560325,6.294646],[-75.560323,6.294605],[-75.560283,6.294587],[-75.560292,6.294615]]]},"properties":{"nombre":"Santa Cruz","riesgo":"Con condiciones de riesgo","amenaza":"Inundaciones"}},{"type":"Feature","geometry":{"type":"Polygon","coordinates":[[[-75.559081,6.294851],[-75.559385,6.295217],[-75.559409,6.295195],[-75.559327,6.295118],[-75.5592,6.294925],[-75.559101,6.29483],[-75.559081,6.294851]]]},"properties":{"nombre":"Santa Cruz","riesgo":"Con condiciones de riesgo","amenaza":"Inundaciones"}},{"type":"Feature","geometry":{"type":"Polygon","coordinates":[[[-75.562564,6.293002],[-75.562382,6.293322],[-75.562317,6.29338],[-75.562107,6.293647],[-75.562028,6.293699],[-75.561853,6.293871],[-75.561624,6.294177],[-75.561387,6.294322],[-75.561267,6.294424],[-75.561147,6.294485],[-75.560637,6.294822],[-75.560416,6.295045],[-75.560169,6.29519],[-75.559995,6.295365],[-75.559899,6.295435],[-75.559923,6.295433],[-75.560755,6.294864],[-75.560933,6.294768],[-75.561058,6.29466],[-75.561323,6.294499],[-75.561868,6.294273],[-75.562295,6.293922],[-75.562639,6.293438],[-75.562757,6.293128],[-75.562564,6.293002]]]},"properties":{"nombre":"Santa Cruz","riesgo":"Alto riesgo no mitigable","amenaza":"Inundaciones"}},{"type":"Feature","geometry":{"type":"MultiPolygon","coordinates":[[[[-75.623142,6.245186],[-75.623142,6.245167],[-75.623022,6.245175],[-75.622636,6.245378],[-75.622811,6.245484],[-75.623044,6.245597],[-75.623103,6.245579],[-75.623056,6.245469],[-75.623156,6.245454],[-75.623161,6.245383],[-75.623142,6.245316],[-75.623047,6.245345],[-75.623027,6.24523],[-75.623123,6.245173],[-75.623142,6.245186]]],[[[-75.622544,6.244022],[-75.622421,6.24413],[-75.622375,6.244215],[-75.622544,6.244022]]]]},"properties":{"nombre":"Betania","riesgo":"Con condiciones de riesgo","amenaza":"Movimientos en masa"}},{"type":"Feature","geometry":{"type":"Polygon","coordinates":[[[-75.619864,6.244379],[-75.620011,6.244443],[-75.620107,6.24451],[-75.620202,6.244608],[-75.620243,6.244624],[-75.620422,6.244667],[-75.620692,6.24467],[-75.620757,6.24477],[-75.620783,6.244897],[-75.620896,6.245055],[-75.620927,6.245184],[-75.62104,6.245371],[-75.621182,6.245564],[-75.621327,6.245696],[-75.621432,6.245756],[-75.621589,6.245812],[-75.621902,6.245728],[-75.622067,6.245717],[-75.622251,6.245787],[-75.622408,6.245914],[-75.622558,6.245994],[-75.622868,6.246071],[-75.623116,6.245983],[-75.623222,6.245886],[-75.623217,6.245803],[-75.623162,6.245705],[-75.62299,6.245744],[-75.622584,6.245772],[-75.622334,6.245557],[-75.622252,6.245506],[-75.622194,6.245492],[-75.622017,6.245476],[-75.621882,6.245519],[-75.621844,6.245548],[-75.621711,6.245572],[-75.621604,6.245573],[-75.621463,6.245518],[-75.621374,6.245459],[-75.621318,6.245382],[-75.621219,6.245302],[-75.621021,6.245077],[-75.620943,6.244816],[-75.620857,6.24461],[-75.620818,6.244557],[-75.620766,6.244536],[-75.62068,6.24453],[-75.62051,6.244465],[-75.620456,6.244422],[-75.620334,6.244388],[-75.620183,6.24426],[-75.620063,6.244204],[-75.619685,6.24412],[-75.619333,6.243951],[-75.619116,6.243969],[-75.619016,6.243953],[-75.618846,6.243875],[-75.61871,6.243753],[-75.618578,6.243724],[-75.618463,6.243639],[-75.618282,6.243569],[-75.618177,6.243567],[-75.618074,6.243595],[-75.617922,6.243671],[-75.617607,6.243872],[-75.617409,6.243938],[-75.617113,6.244101],[-75.616771,6.244156],[-75.616406,6.244179],[-75.616336,6.244206],[-75.616213,6.244211],[-75.616003,6.244261],[-75.615834,6.244254],[-75.615864,6.244343],[-75.615979,6.244415],[-75.61611,6.244429],[-75.616202,6.244419],[-75.616381,6.244322],[-75.616558,6.244254],[-75.616668,6.244241],[-75.616891,6.244178],[-75.617094,6.244148],[-75.61772,6.243911],[-75.618069,6.243736],[-75.618158,6.24367],[-75.618249,6.243659],[-75.618324,6.243664],[-75.618496,6.243731],[-75.61864,6.243817],[-75.618838,6.243917],[-75.618927,6.243943],[-75.619055,6.244018],[-75.619215,6.244065],[-75.619383,6.244061],[-75.619472,6.244084],[-75.619549,6.244137],[-75.61962,6.244152],[-75.619887,6.244281],[-75.619864,6.244379]]]},"properties":{"nombre":"Betania","riesgo":"Con condiciones de riesgo","amenaza":"Avenidas Torrenciales"}},{"type":"Feature","geometry":{"type":"Polygon","coordinates":[[[-75.584648,6.287428],[-75.584695,6.28777],[-75.584701,6.28805],[-75.58498,6.287899],[-75.584842,6.2878],[-75.584807,6.287739],[-75.584778,6.287602],[-75.584742,6.287517],[-75.58465,6.287405],[-75.584648,6.287428]]]},"properties":{"nombre":"Kennedy","riesgo":"Alto riesgo no mitigable","amenaza":"Movimientos en masa"}},{"type":"Feature","geometry":{"type":"Polygon","coordinates":[[[-75.585924,6.288488],[-75.585457,6.288715],[-75.58536,6.288786],[-75.585357,6.288817],[-75.58551,6.289047],[-75.585844,6.288969],[-75.586256,6.288797],[-75.586164,6.288741],[-75.586124,6.28863],[-75.586061,6.288562],[-75.585994,6.288514],[-75.585924,6.288488]]]},"properties":{"nombre":"Kennedy","riesgo":"Alto riesgo no mitigable","amenaza":"Movimientos en masa"}},{"type":"Feature","geometry":{"type":"Polygon","coordinates":[[[-75.580642,6.290849],[-75.580581,6.290867],[-75.580499,6.290932],[-75.580474,6.290989],[-75.58052,6.291061],[-75.580592,6.291089],[-75.580653,6.291089],[-75.580753,6.291061],[-75.580818,6.29101],[-75.580845,6.290962],[-75.580822,6.290885],[-75.580764,6.290845],[-75.580642,6.290849]]]},"properties":{"nombre":"Kennedy","riesgo":"Con condiciones de riesgo","amenaza":"Movimientos en masa"}},{"type":"Feature","geometry":{"type":"Polygon","coordinates":[[[-75.584688,6.288979],[-75.584744,6.289001],[-75.584818,6.288994],[-75.584852,6.288978],[-75.584856,6.288948],[-75.58484,6.288934],[-75.58476,6.288928],[-75.584711,6.28876],[-75.584295,6.288672],[-75.584293,6.2885],[-75.584125,6.288163],[-75.584029,6.288021],[-75.583551,6.287484],[-75.583251,6.287228],[-75.582516,6.286692],[-75.582114,6.286286],[-75.581611,6.285845],[-75.581658,6.285552],[-75.581748,6.285174],[-75.581602,6.285137],[-75.581478,6.285809],[-75.581493,6.285903],[-75.581972,6.286332],[-75.582113,6.286427],[-75.58243,6.286757],[-75.582508,6.286793],[-75.582693,6.28692],[-75.583479,6.28756],[-75.583719,6.287813],[-75.584064,6.288225],[-75.584224,6.288526],[-75.584231,6.288744],[-75.584652,6.288837],[-75.584688,6.288979]]]},"properties":{"nombre":"Kennedy","riesgo":"Con condiciones de riesgo","amenaza":"Inundaciones"}},{"type":"Feature","geometry":{"type":"Polygon","coordinates":[[[-75.579174,6.28729],[-75.579293,6.287316],[-75.579421,6.287384],[-75.579681,6.287587],[-75.579785,6.287617],[-75.580009,6.287719],[-75.580227,6.287756],[-75.580458,6.287874],[-75.580539,6.28801],[-75.58062,6.288112],[-75.580923,6.288404],[-75.580979,6.288482],[-75.581024,6.288598],[-75.581232,6.28885],[-75.581415,6.289017],[-75.581716,6.289183],[-75.581734,6.289097],[-75.581633,6.289061],[-75.581499,6.28897],[-75.581288,6.288789],[-75.581189,6.288686],[-75.581094,6.28855],[-75.581007,6.288352],[-75.580847,6.288241],[-75.580611,6.287987],[-75.58049,6.287801],[-75.580331,6.287716],[-75.579928,6.287595],[-75.57962,6.287399],[-75.579405,6.287238],[-75.579179,6.287185],[-75.579174,6.28729]]]},"properties":{"nombre":"Kennedy","riesgo":"Con condiciones de riesgo","amenaza":"Inundaciones"}},{"type":"Feature","geometry":{"type":"Polygon","coordinates":[[[-75.58257,6.28963],[-75.582635,6.289687],[-75.58283,6.289701],[-75.582928,6.289731],[-75.58297,6.289763],[-75.583061,6.289908],[-75.583134,6.289858],[-75.583045,6.28971],[-75.582981,6.289668],[-75.582902,6.289638],[-75.582708,6.289622],[-75.582647,6.289598],[-75.582579,6.289519],[-75.582551,6.289608],[-75.58257,6.28963]]]},"properties":{"nombre":"Kennedy","riesgo":"Con condiciones de riesgo","amenaza":"Inundaciones"}},{"type":"Feature","geometry":{"type":"Polygon","coordinates":[[[-75.580088,6.290641],[-75.580171,6.290662],[-75.58026,6.290663],[-75.580333,6.290622],[-75.580279,6.290521],[-75.580191,6.290549],[-75.580085,6.290555],[-75.580088,6.290641]]]},"properties":{"nombre":"Kennedy","riesgo":"Con condiciones de riesgo","amenaza":"Inundaciones"}},{"type":"Feature","geometry":{"type":"Polygon","coordinates":[[[-75.583298,6.290369],[-75.583437,6.290512],[-75.583698,6.29072],[-75.584079,6.290955],[-75.584288,6.291241],[-75.58433,6.291139],[-75.584249,6.290999],[-75.584143,6.290873],[-75.583927,6.290757],[-75.583658,6.290562],[-75.583335,6.29026],[-75.583298,6.290369]]]},"properties":{"nombre":"Kennedy","riesgo":"Con condiciones de riesgo","amenaza":"Inundaciones"}},{"type":"Feature","geometry":{"type":"MultiPolygon","coordinates":[[[[-75.557945,6.289116],[-75.557926,6.289168],[-75.55791,6.289247],[-75.557945,6.289116]]],[[[-75.559089,6.289118],[-75.559089,6.289118],[-75.55909,6.289118],[-75.559089,6.289118]]]]},"properties":{"nombre":"La Rosa","riesgo":"Con condiciones de riesgo","amenaza":"Movimientos en masa"}},{"type":"Feature","geometry":{"type":"Polygon","coordinates":[[[-75.562564,6.293002],[-75.562757,6.293128],[-75.562783,6.292936],[-75.56284,6.292773],[-75.562993,6.292184],[-75.562841,6.292533],[-75.562564,6.293002]]]},"properties":{"nombre":"La Rosa","riesgo":"Alto riesgo no mitigable","amenaza":"Inundaciones"}},{"type":"Feature","geometry":{"type":"Polygon","coordinates":[[[-75.557949,6.289116],[-75.558003,6.289104],[-75.558043,6.289056],[-75.558126,6.289004],[-75.558245,6.288978],[-75.558324,6.288986],[-75.558558,6.289054],[-75.558707,6.289146],[-75.558806,6.28918],[-75.559071,6.289193],[-75.55911,6.289156],[-75.559089,6.289118],[-75.558821,6.289117],[-75.558564,6.288985],[-75.558411,6.288967],[-75.558326,6.288922],[-75.558265,6.288917],[-75.558208,6.288928],[-75.558022,6.289027],[-75.557949,6.289116]]]},"properties":{"nombre":"La Rosa","riesgo":"Con condiciones de riesgo","amenaza":"Inundaciones"}},{"type":"Feature","geometry":{"type":"Polygon","coordinates":[[[-75.550959,6.201716],[-75.550745,6.202239],[-75.550805,6.202538],[-75.550805,6.202781],[-75.551009,6.202688],[-75.551073,6.202611],[-75.551053,6.202159],[-75.551163,6.201707],[-75.551182,6.20123],[-75.551137,6.201277],[-75.551073,6.201466],[-75.551064,6.201596],[-75.550959,6.201716]]]},"properties":{"nombre":"El Tesoro","riesgo":"Con condiciones de riesgo","amenaza":"Movimientos en masa"}},{"type":"Feature","geometry":{"type":"Polygon","coordinates":[[[-75.554107,6.257879],[-75.554421,6.257904],[-75.554534,6.257868],[-75.554657,6.257627],[-75.554774,6.257468],[-75.555005,6.257425],[-75.555005,6.257319],[-75.554928,6.257344],[-75.554802,6.257347],[-75.554739,6.25738],[-75.554627,6.2575],[-75.554453,6.25781],[-75.554322,6.257827],[-75.554162,6.257803],[-75.554107,6.257879]]]},"properties":{"nombre":"La Mansión","riesgo":"Con condiciones de riesgo","amenaza":"Inundaciones"}},{"type":"Feature","geometry":{"type":"Polygon","coordinates":[[[-75.563871,6.207529],[-75.563843,6.207447],[-75.564044,6.207383],[-75.564218,6.207356],[-75.564543,6.207486],[-75.564732,6.207595],[-75.564803,6.207666],[-75.564932,6.207736],[-75.56512,6.207783],[-75.565266,6.207779],[-75.565423,6.207726],[-75.565912,6.207366],[-75.566034,6.207295],[-75.566135,6.207259],[-75.566598,6.207267],[-75.566794,6.207216],[-75.566928,6.207214],[-75.567036,6.207289],[-75.56712,6.207325],[-75.567215,6.207318],[-75.567337,6.207276],[-75.567418,6.207221],[-75.567481,6.207146],[-75.567718,6.207044],[-75.567989,6.207111],[-75.568169,6.207178],[-75.568279,6.20726],[-75.568279,6.207244],[-75.568348,6.207322],[-75.568569,6.207486],[-75.568695,6.207494],[-75.568811,6.207474],[-75.568918,6.207484],[-75.569131,6.207769],[-75.569237,6.207882],[-75.569318,6.207902],[-75.569394,6.207829],[-75.56942,6.20776],[-75.569472,6.207704],[-75.569544,6.207693],[-75.569969,6.207746],[-75.570038,6.207768],[-75.570083,6.207807],[-75.570109,6.207859],[-75.570156,6.20808],[-75.570211,6.208167],[-75.570378,6.208188],[-75.570488,6.208184],[-75.570614,6.208128],[-75.570668,6.208135],[-75.57074,6.208243],[-75.570774,6.208242],[-75.570821,6.208181],[-75.570771,6.208022],[-75.57087,6.207869],[-75.570991,6.207742],[-75.571182,6.20769],[-75.571353,6.207669],[-75.571373,6.207507],[-75.571034,6.207495],[-75.570865,6.20754],[-75.570787,6.207581],[-75.570726,6.207651],[-75.570667,6.207812],[-75.570537,6.207868],[-75.570485,6.207874],[-75.570412,6.207826],[-75.570319,6.207725],[-75.570227,6.207514],[-75.570083,6.207405],[-75.569953,6.207406],[-75.569754,6.207468],[-75.569483,6.207518],[-75.569422,6.207547],[-75.569321,6.207543],[-75.569109,6.207296],[-75.569048,6.207274],[-75.568869,6.20726],[-75.568769,6.207278],[-75.568704,6.20731],[-75.568554,6.207317],[-75.568321,6.207098],[-75.56817,6.207009],[-75.567958,6.206915],[-75.567791,6.206882],[-75.567655,6.206876],[-75.567436,6.20693],[-75.567329,6.207021],[-75.567208,6.207083],[-75.567068,6.207076],[-75.56691,6.207045],[-75.566768,6.207047],[-75.566655,6.207064],[-75.566493,6.207154],[-75.566415,6.207161],[-75.566273,6.207153],[-75.566117,6.207101],[-75.565906,6.207114],[-75.565794,6.207163],[-75.5657,6.207309],[-75.565475,6.20748],[-75.565294,6.207545],[-75.565103,6.207533],[-75.564785,6.207446],[-75.564439,6.207284],[-75.564191,6.207285],[-75.563927,6.207404],[-75.563889,6.207405],[-75.563708,6.207346],[-75.563397,6.207172],[-75.563273,6.207118],[-75.563096,6.207106],[-75.562963,6.207122],[-75.562593,6.20724],[-75.562274,6.207317],[-75.562117,6.207314],[-75.561951,6.20729],[-75.56169,6.207302],[-75.561605,6.207321],[-75.561419,6.207416],[-75.561256,6.207417],[-75.560942,6.207482],[-75.560538,6.207486],[-75.560303,6.207558],[-75.560283,6.207627],[-75.560307,6.207687],[-75.560337,6.207677],[-75.560362,6.207709],[-75.560573,6.207661],[-75.561083,6.207656],[-75.561231,6.20764],[-75.561427,6.207611],[-75.56173,6.207508],[-75.561856,6.207481],[-75.562129,6.20752],[-75.562257,6.207485],[-75.562402,6.207478],[-75.562663,6.207387],[-75.562825,6.207351],[-75.562894,6.207315],[-75.563071,6.207274],[-75.563214,6.207284],[-75.563317,6.207322],[-75.563436,6.207418],[-75.563481,6.207481],[-75.563591,6.207538],[-75.563769,6.207545],[-75.563871,6.207529]]]},"properties":{"nombre":"La Florida","riesgo":"Con condiciones de riesgo","amenaza":"Avenidas Torrenciales"}},{"type":"Feature","geometry":{"type":"MultiPolygon","coordinates":[[[[-75.558226,6.272229],[-75.557958,6.272351],[-75.557687,6.272504],[-75.557606,6.272475],[-75.557535,6.272479],[-75.557308,6.272583],[-75.557053,6.272674],[-75.556889,6.27272],[-75.556713,6.272747],[-75.55647,6.272734],[-75.556438,6.272761],[-75.556443,6.272793],[-75.556485,6.272841],[-75.556562,6.272854],[-75.556868,6.272847],[-75.557474,6.272629],[-75.557673,6.272623],[-75.557827,6.272567],[-75.558202,6.272365],[-75.558226,6.272229]]],[[[-75.557172,6.274354],[-75.557027,6.274449],[-75.556695,6.274857],[-75.556751,6.274959],[-75.556926,6.274711],[-75.557063,6.274555],[-75.557168,6.274467],[-75.557191,6.274342],[-75.557172,6.274354]]],[[[-75.556511,6.275152],[-75.556256,6.275364],[-75.556058,6.275445],[-75.556042,6.275549],[-75.55624,6.275478],[-75.556443,6.275334],[-75.556512,6.275262],[-75.556532,6.275137],[-75.556511,6.275152]]],[[[-75.557554,6.27043],[-75.557497,6.270445],[-75.557483,6.270552],[-75.557721,6.270488],[-75.557691,6.270386],[-75.557554,6.27043]]],[[[-75.554492,6.270754],[-75.554619,6.270762],[-75.554678,6.270745],[-75.554693,6.270606],[-75.554665,6.270637],[-75.554512,6.270638],[-75.554492,6.270754]]],[[[-75.558558,6.270286],[-75.558395,6.270299],[-75.558377,6.270415],[-75.558539,6.270399],[-75.558558,6.270286]]],[[[-75.55349,6.276438],[-75.553473,6.276527],[-75.553627,6.276508],[-75.553631,6.276429],[-75.55349,6.276438]]]]},"properties":{"nombre":"Campo Valdés No.1","riesgo":"Con condiciones de riesgo","amenaza":"Inundaciones"}},{"type":"Feature","geometry":{"type":"Polygon","coordinates":[[[-75.608063,6.27421],[-75.608063,6.274233],[-75.608113,6.274301],[-75.60827,6.274441],[-75.608324,6.274444],[-75.608473,6.274511],[-75.608596,6.274545],[-75.608666,6.274504],[-75.608726,6.274388],[-75.608759,6.274354],[-75.608799,6.274329],[-75.608885,6.274323],[-75.608929,6.274287],[-75.608945,6.274197],[-75.6089,6.274178],[-75.608747,6.274059],[-75.608715,6.27405],[-75.608578,6.274085],[-75.608407,6.274059],[-75.60837,6.274092],[-75.608312,6.274096],[-75.608256,6.274127],[-75.608202,6.274185],[-75.608063,6.27421]]]},"properties":{"nombre":"Olaya Herrera","riesgo":"Con condiciones de riesgo","amenaza":"Movimientos en masa"}},{"type":"Feature","geometry":{"type":"Polygon","coordinates":[[[-75.615863,6.273441],[-75.616052,6.273314],[-75.616185,6.273251],[-75.616629,6.273254],[-75.616729,6.273233],[-75.616797,6.273182],[-75.616876,6.27309],[-75.616891,6.273059],[-75.616906,6.272898],[-75.617042,6.272805],[-75.617155,6.272797],[-75.617287,6.272833],[-75.617466,6.272983],[-75.61772,6.27284],[-75.617796,6.272774],[-75.617598,6.272751],[-75.617512,6.272473],[-75.617414,6.272306],[-75.617165,6.272052],[-75.61692,6.271736],[-75.616781,6.2716],[-75.616714,6.271584],[-75.616639,6.271653],[-75.616627,6.271708],[-75.616638,6.271781],[-75.616686,6.271879],[-75.616928,6.272217],[-75.616942,6.272262],[-75.616903,6.272304],[-75.616782,6.27232],[-75.61672,6.272392],[-75.616626,6.272577],[-75.616594,6.272746],[-75.616571,6.272774],[-75.616515,6.27279],[-75.616475,6.272718],[-75.616464,6.272535],[-75.616423,6.272278],[-75.616345,6.272015],[-75.616324,6.271822],[-75.61629,6.271675],[-75.616241,6.27158],[-75.616148,6.271486],[-75.616034,6.271391],[-75.615965,6.271363],[-75.615886,6.271379],[-75.615726,6.271495],[-75.61567,6.271514],[-75.615223,6.271403],[-75.615173,6.271375],[-75.614998,6.271376],[-75.614813,6.271293],[-75.61457,6.271304],[-75.614465,6.271368],[-75.614413,6.271379],[-75.61435,6.271373],[-75.614191,6.271303],[-75.613942,6.271306],[-75.613874,6.271278],[-75.6138,6.271179],[-75.613703,6.271158],[-75.613503,6.271162],[-75.612954,6.271265],[-75.612924,6.27128],[-75.612828,6.271395],[-75.612605,6.271512],[-75.612343,6.271847],[-75.61218,6.271845],[-75.612102,6.271865],[-75.611917,6.271984],[-75.611749,6.272055],[-75.61143,6.272379],[-75.611315,6.272542],[-75.611293,6.272679],[-75.611302,6.272965],[-75.611356,6.273061],[-75.611388,6.273184],[-75.611439,6.273289],[-75.611499,6.27337],[-75.611559,6.273399],[-75.611885,6.273491],[-75.61195,6.273482],[-75.611991,6.273447],[-75.612002,6.273421],[-75.611992,6.273357],[-75.61186,6.272941],[-75.611873,6.272874],[-75.611953,6.272824],[-75.612151,6.272804],[-75.612338,6.272849],[-75.612491,6.27296],[-75.612609,6.273089],[-75.612528,6.273191],[-75.61241,6.273248],[-75.612391,6.273273],[-75.612399,6.273297],[-75.612485,6.273339],[-75.612549,6.273432],[-75.612677,6.273476],[-75.612815,6.273606],[-75.612821,6.273667],[-75.612805,6.273725],[-75.612715,6.273871],[-75.612658,6.274054],[-75.612621,6.274087],[-75.612575,6.274098],[-75.612429,6.274067],[-75.612399,6.274028],[-75.612347,6.273785],[-75.612311,6.273754],[-75.612255,6.273751],[-75.612328,6.274075],[-75.612424,6.274275],[-75.612412,6.274359],[-75.612457,6.274534],[-75.612436,6.274644],[-75.612349,6.274757],[-75.612661,6.274854],[-75.612787,6.27486],[-75.612875,6.274895],[-75.612969,6.274879],[-75.613036,6.274803],[-75.613145,6.274588],[-75.613241,6.274439],[-75.613327,6.274357],[-75.613392,6.274315],[-75.613571,6.274289],[-75.613917,6.274065],[-75.614006,6.274069],[-75.614106,6.274113],[-75.6142,6.274102],[-75.614339,6.274131],[-75.614647,6.274083],[-75.615009,6.273961],[-75.615247,6.27385],[-75.615428,6.273806],[-75.615499,6.273804],[-75.615575,6.273775],[-75.615665,6.273698],[-75.615759,6.273507],[-75.615863,6.273441]],[[-75.615481,6.273247],[-75.615459,6.273316],[-75.615478,6.273397],[-75.615455,6.273554],[-75.615461,6.273611],[-75.61531,6.273675],[-75.615253,6.27368],[-75.615239,6.273627],[-75.615245,6.273509],[-75.615364,6.273149],[-75.615403,6.272956],[-75.6154,6.272808],[-75.615366,6.272641],[-75.615368,6.272475],[-75.615481,6.272239],[-75.615579,6.272252],[-75.615656,6.272224],[-75.615657,6.272311],[-75.615812,6.272469],[-75.615857,6.272562],[-75.615874,6.272644],[-75.615869,6.272753],[-75.615816,6.272858],[-75.6157,6.272936],[-75.615559,6.273085],[-75.615481,6.273247]],[[-75.612837,6.27224],[-75.612771,6.272251],[-75.612613,6.272174],[-75.61248,6.272211],[-75.612433,6.27221],[-75.612383,6.272165],[-75.612367,6.272113],[-75.612528,6.271953],[-75.612566,6.271855],[-75.612691,6.271848],[-75.612889,6.271783],[-75.613087,6.271762],[-75.613122,6.27179],[-75.613161,6.271897],[-75.613197,6.271932],[-75.613017,6.272064],[-75.61287,6.272225],[-75.612837,6.27224]]]},"properties":{"nombre":"Olaya Herrera","riesgo":"Con condiciones de riesgo","amenaza":"Movimientos en masa"}},{"type":"Feature","geometry":{"type":"Polygon","coordinates":[[[-75.617434,6.273122],[-75.617682,6.273468],[-75.617735,6.273517],[-75.617789,6.273531],[-75.617952,6.273495],[-75.61812,6.273497],[-75.618214,6.273469],[-75.618617,6.273195],[-75.618924,6.273058],[-75.619127,6.27303],[-75.619388,6.273036],[-75.619321,6.273015],[-75.619287,6.272959],[-75.619219,6.27291],[-75.619151,6.272912],[-75.619102,6.272885],[-75.619095,6.272847],[-75.619118,6.272832],[-75.618841,6.272903],[-75.618482,6.273035],[-75.618249,6.273172],[-75.618016,6.273262],[-75.617849,6.273214],[-75.617677,6.273076],[-75.617512,6.273019],[-75.617434,6.273122]]]},"properties":{"nombre":"Olaya Herrera","riesgo":"Alto riesgo no mitigable","amenaza":"Avenidas Torrenciales"}},{"type":"Feature","geometry":{"type":"Polygon","coordinates":[[[-75.614841,6.274008],[-75.6148,6.274044],[-75.614797,6.274076],[-75.614917,6.274029],[-75.615001,6.274022],[-75.615143,6.273936],[-75.615367,6.273858],[-75.615489,6.273838],[-75.615545,6.273871],[-75.615606,6.273846],[-75.615647,6.273854],[-75.615708,6.273779],[-75.615749,6.273676],[-75.615781,6.27365],[-75.615787,6.273556],[-75.615867,6.273501],[-75.616044,6.27342],[-75.615928,6.273416],[-75.615816,6.273461],[-75.615759,6.273507],[-75.615665,6.273698],[-75.615575,6.273775],[-75.615499,6.273804],[-75.615428,6.273806],[-75.615247,6.27385],[-75.615009,6.273961],[-75.614841,6.274008]]]},"properties":{"nombre":"Olaya Herrera","riesgo":"Con condiciones de riesgo","amenaza":"Avenidas Torrenciales"}},{"type":"Feature","geometry":{"type":"Polygon","coordinates":[[[-75.575278,6.212831],[-75.575602,6.213074],[-75.575665,6.21293],[-75.575707,6.212774],[-75.575718,6.21267],[-75.575697,6.212249],[-75.575706,6.211961],[-75.575751,6.211586],[-75.575823,6.211196],[-75.575887,6.210625],[-75.575863,6.210449],[-75.575797,6.210228],[-75.57521,6.20844],[-75.575124,6.208238],[-75.575055,6.208124],[-75.574922,6.207981],[-75.574763,6.207872],[-75.574568,6.207798],[-75.574471,6.207786],[-75.57415,6.207846],[-75.573732,6.208076],[-75.573582,6.208136],[-75.57344,6.20816],[-75.573345,6.208158],[-75.573162,6.208142],[-75.572926,6.208092],[-75.572802,6.208031],[-75.572738,6.207942],[-75.572643,6.207705],[-75.572604,6.207657],[-75.5725,6.207617],[-75.57234,6.207624],[-75.572165,6.207677],[-75.572049,6.207694],[-75.571869,6.207656],[-75.571353,6.207669],[-75.571334,6.207821],[-75.571494,6.207802],[-75.57159,6.207839],[-75.571852,6.207856],[-75.572157,6.207789],[-75.572282,6.207785],[-75.572452,6.207831],[-75.572534,6.207881],[-75.572628,6.208042],[-75.572792,6.2082],[-75.572881,6.208242],[-75.573012,6.208274],[-75.57318,6.208292],[-75.573435,6.208285],[-75.574005,6.208153],[-75.574224,6.20804],[-75.574422,6.208007],[-75.574563,6.20802],[-75.574722,6.208064],[-75.574834,6.208143],[-75.574933,6.208253],[-75.575115,6.208566],[-75.575194,6.208772],[-75.575756,6.210535],[-75.575623,6.211866],[-75.575586,6.212444],[-75.575384,6.212743],[-75.575278,6.212831]]]},"properties":{"nombre":"Astorga","riesgo":"Con condiciones de riesgo","amenaza":"Avenidas Torrenciales"}},{"type":"Feature","geometry":{"type":"Polygon","coordinates":[[[-75.555621,6.261167],[-75.555879,6.261483],[-75.555948,6.26141],[-75.55567,6.261115],[-75.555621,6.261167]]]},"properties":{"nombre":"Manrique Central No.2","riesgo":"Con condiciones de riesgo","amenaza":"Inundaciones"}},{"type":"Feature","geometry":{"type":"Polygon","coordinates":[[[-75.536152,6.236152],[-75.53612,6.236171],[-75.536108,6.236229],[-75.53608,6.236266],[-75.535901,6.23635],[-75.535832,6.236446],[-75.535757,6.236518],[-75.535747,6.236547],[-75.535923,6.236434],[-75.536014,6.236343],[-75.53623,6.236173],[-75.536181,6.236174],[-75.536152,6.236152]]]},"properties":{"nombre":"San Antonio","riesgo":"Alto riesgo no mitigable","amenaza":"Movimientos en masa"}},{"type":"Feature","geometry":{"type":"Polygon","coordinates":[[[-75.538674,6.238577],[-75.538673,6.23864],[-75.538713,6.238656],[-75.538731,6.238647],[-75.538722,6.238585],[-75.538731,6.238574],[-75.538788,6.238584],[-75.538795,6.238531],[-75.538859,6.238442],[-75.538886,6.238464],[-75.538894,6.238569],[-75.538909,6.23858],[-75.538978,6.238423],[-75.538986,6.23836],[-75.538918,6.23826],[-75.538871,6.238078],[-75.538676,6.237965],[-75.538612,6.237989],[-75.538462,6.237948],[-75.538287,6.237952],[-75.538347,6.238033],[-75.538333,6.238058],[-75.538211,6.23812],[-75.538217,6.23815],[-75.538246,6.238173],[-75.538315,6.238151],[-75.538481,6.23804],[-75.538565,6.238052],[-75.538623,6.238096],[-75.538637,6.238167],[-75.538702,6.238317],[-75.538674,6.238577]]]},"properties":{"nombre":"San Antonio","riesgo":"Con condiciones de riesgo","amenaza":"Movimientos en masa"}},{"type":"Feature","geometry":{"type":"Polygon","coordinates":[[[-75.531886,6.23941],[-75.531828,6.239492],[-75.531794,6.239644],[-75.531851,6.239631],[-75.532002,6.239462],[-75.532066,6.239415],[-75.532119,6.2394],[-75.532286,6.239412],[-75.532565,6.239275],[-75.532637,6.239211],[-75.532669,6.239133],[-75.532696,6.239116],[-75.532805,6.239148],[-75.532885,6.239142],[-75.532846,6.238992],[-75.532796,6.238899],[-75.532994,6.238632],[-75.533036,6.23845],[-75.533088,6.238425],[-75.533088,6.238173],[-75.533124,6.238167],[-75.533222,6.238059],[-75.5333,6.238006],[-75.533309,6.237934],[-75.533342,6.237931],[-75.533357,6.237668],[-75.533342,6.237524],[-75.533476,6.237432],[-75.533558,6.237475],[-75.53358,6.237446],[-75.533724,6.237461],[-75.533906,6.237411],[-75.534238,6.237245],[-75.534361,6.237148],[-75.534403,6.237095],[-75.534466,6.236934],[-75.534382,6.236979],[-75.534282,6.237098],[-75.534273,6.237161],[-75.53426,6.237168],[-75.534115,6.237149],[-75.533844,6.237189],[-75.53374,6.237254],[-75.533727,6.237278],[-75.533679,6.237296],[-75.533633,6.237271],[-75.533538,6.237261],[-75.533407,6.237274],[-75.533213,6.23737],[-75.533156,6.237417],[-75.533099,6.237503],[-75.533156,6.237686],[-75.533142,6.237819],[-75.533045,6.237962],[-75.532901,6.238084],[-75.532869,6.238138],[-75.532858,6.238178],[-75.532876,6.238397],[-75.532772,6.238673],[-75.532658,6.23877],[-75.532496,6.238866],[-75.532439,6.23896],[-75.532412,6.238977],[-75.532407,6.239006],[-75.532328,6.239088],[-75.532205,6.239106],[-75.532157,6.239137],[-75.532047,6.239243],[-75.532006,6.239332],[-75.531886,6.23941]]]},"properties":{"nombre":"San Antonio","riesgo":"Con condiciones de riesgo","amenaza":"Movimientos en masa"}},{"type":"Feature","geometry":{"type":"Polygon","coordinates":[[[-75.536397,6.235942],[-75.536354,6.235991],[-75.536336,6.236045],[-75.536261,6.23613],[-75.536152,6.236152],[-75.536181,6.236174],[-75.536264,6.236173],[-75.536423,6.236146],[-75.536486,6.236025],[-75.536539,6.235971],[-75.536825,6.235804],[-75.536838,6.235781],[-75.5368,6.235687],[-75.536744,6.235625],[-75.53672,6.235686],[-75.53674,6.235721],[-75.536614,6.235768],[-75.536513,6.235867],[-75.536477,6.235924],[-75.536397,6.235942]]]},"properties":{"nombre":"San Antonio","riesgo":"Alto riesgo no mitigable","amenaza":"Movimientos en masa"}},{"type":"Feature","geometry":{"type":"Polygon","coordinates":[[[-75.533088,6.238425],[-75.533036,6.23845],[-75.532994,6.238632],[-75.532796,6.238899],[-75.532846,6.238992],[-75.532885,6.239142],[-75.533196,6.238896],[-75.533468,6.238587],[-75.533625,6.238549],[-75.533716,6.23848],[-75.533748,6.238386],[-75.533851,6.238202],[-75.533945,6.238099],[-75.53401,6.237848],[-75.534112,6.237748],[-75.534194,6.237715],[-75.534288,6.237712],[-75.534399,6.237838],[-75.534621,6.238005],[-75.53471,6.23811],[-75.534775,6.23813],[-75.534749,6.23803],[-75.53478,6.237957],[-75.534627,6.237915],[-75.534534,6.237832],[-75.534422,6.23778],[-75.534341,6.237675],[-75.534287,6.237643],[-75.534321,6.237599],[-75.53437,6.237594],[-75.534479,6.237521],[-75.534549,6.237453],[-75.53466,6.237423],[-75.534727,6.237384],[-75.534786,6.237306],[-75.534817,6.237232],[-75.534793,6.237187],[-75.534563,6.237224],[-75.53454,6.237223],[-75.534524,6.237181],[-75.534598,6.237137],[-75.535015,6.237042],[-75.53515,6.237133],[-75.534977,6.237511],[-75.535055,6.237528],[-75.535161,6.237466],[-75.535276,6.237521],[-75.535256,6.237655],[-75.535291,6.237673],[-75.535291,6.237696],[-75.535284,6.237723],[-75.535217,6.237776],[-75.535216,6.237827],[-75.535234,6.237856],[-75.535208,6.237893],[-75.535192,6.238021],[-75.535384,6.238117],[-75.535429,6.238123],[-75.535494,6.238102],[-75.53574,6.237959],[-75.535931,6.237961],[-75.535989,6.237998],[-75.53599,6.237921],[-75.535935,6.237873],[-75.535749,6.237863],[-75.535653,6.237718],[-75.535605,6.237706],[-75.535628,6.237605],[-75.535607,6.237415],[-75.535556,6.237276],[-75.535431,6.237049],[-75.53552,6.236958],[-75.535617,6.236926],[-75.535682,6.236885],[-75.535703,6.236805],[-75.535732,6.236788],[-75.53578,6.236804],[-75.535812,6.236793],[-75.536011,6.236611],[-75.536018,6.23652],[-75.535997,6.236483],[-75.535959,6.236439],[-75.535916,6.236433],[-75.535865,6.236465],[-75.535747,6.236547],[-75.535714,6.236611],[-75.535681,6.236639],[-75.535692,6.236674],[-75.535661,6.236676],[-75.535485,6.236832],[-75.535374,6.236853],[-75.535333,6.236922],[-75.535269,6.236949],[-75.535262,6.236974],[-75.535229,6.236968],[-75.535205,6.236995],[-75.535193,6.236962],[-75.535026,6.236814],[-75.535093,6.236889],[-75.535078,6.236903],[-75.53485,6.236961],[-75.534512,6.237082],[-75.534399,6.237095],[-75.53427,6.237227],[-75.533906,6.237411],[-75.533724,6.237461],[-75.53358,6.237446],[-75.533536,6.237504],[-75.533511,6.237732],[-75.533388,6.237962],[-75.533448,6.23797],[-75.533557,6.237799],[-75.533657,6.237679],[-75.533686,6.237664],[-75.53371,6.237721],[-75.533693,6.237784],[-75.533587,6.237945],[-75.533368,6.238185],[-75.533286,6.238306],[-75.533203,6.238373],[-75.533088,6.238425]]]},"properties":{"nombre":"San Antonio","riesgo":"Alto riesgo no mitigable","amenaza":"Movimientos en masa"}},{"type":"Feature","geometry":{"type":"Polygon","coordinates":[[[-75.538524,6.239476],[-75.538257,6.239353],[-75.537741,6.239181],[-75.53754,6.239188],[-75.537267,6.23913],[-75.537138,6.239138],[-75.536887,6.239281],[-75.536793,6.239395],[-75.536901,6.239476],[-75.537296,6.239579],[-75.537384,6.239641],[-75.53749,6.239791],[-75.537557,6.24031],[-75.537514,6.240726],[-75.537521,6.241034],[-75.537539,6.241168],[-75.537683,6.24101],[-75.537797,6.240761],[-75.537892,6.240661],[-75.537952,6.240572],[-75.537997,6.24037],[-75.538041,6.240307],[-75.538163,6.240193],[-75.538211,6.240072],[-75.538234,6.240069],[-75.538281,6.239955],[-75.538334,6.239894],[-75.538412,6.239618],[-75.538545,6.23949],[-75.538524,6.239476]]]},"properties":{"nombre":"San Antonio","riesgo":"Alto riesgo no mitigable","amenaza":"Movimientos en masa"}},{"type":"Feature","geometry":{"type":"MultiPolygon","coordinates":[[[[-75.533024,6.237468],[-75.533013,6.237502],[-75.533086,6.237639],[-75.533087,6.237737],[-75.533054,6.237845],[-75.532951,6.237946],[-75.532847,6.238005],[-75.532802,6.238061],[-75.532825,6.238336],[-75.532809,6.238462],[-75.532714,6.238641],[-75.532415,6.238858],[-75.532412,6.238977],[-75.532439,6.23896],[-75.532496,6.238866],[-75.532658,6.23877],[-75.532772,6.238673],[-75.532876,6.238397],[-75.532858,6.238178],[-75.532869,6.238138],[-75.532901,6.238084],[-75.533045,6.237962],[-75.533142,6.237819],[-75.533156,6.237686],[-75.533106,6.237553],[-75.533099,6.237503],[-75.533113,6.237464],[-75.533213,6.23737],[-75.533407,6.237274],[-75.533458,6.237262],[-75.533303,6.237265],[-75.533255,6.23728],[-75.533024,6.237468]]],[[[-75.533844,6.237189],[-75.533751,6.237222],[-75.53374,6.237254],[-75.533844,6.237189]]]]},"properties":{"nombre":"San Antonio","riesgo":"Con condiciones de riesgo","amenaza":"Avenidas Torrenciales"}},{"type":"Feature","geometry":{"type":"Polygon","coordinates":[[[-75.601495,6.209605],[-75.601968,6.209598],[-75.60202,6.209587],[-75.602054,6.20956],[-75.602035,6.209512],[-75.601985,6.209505],[-75.601559,6.209516],[-75.601495,6.209497],[-75.601495,6.209605]]]},"properties":{"nombre":"El Rincón","riesgo":"Con condiciones de riesgo","amenaza":"Inundaciones"}},{"type":"Feature","geometry":{"type":"MultiPolygon","coordinates":[[[[-75.639222,6.186439],[-75.639356,6.186586],[-75.639459,6.186636],[-75.639629,6.186436],[-75.639606,6.18643],[-75.63947,6.186296],[-75.639222,6.186439]]],[[[-75.631841,6.249227],[-75.631783,6.249368],[-75.631897,6.249279],[-75.631841,6.249227]]],[[[-75.64192,6.187657],[-75.642001,6.187699],[-75.641984,6.187683],[-75.64192,6.187657]]]]},"properties":{"nombre":"El Corazón","riesgo":"Con condiciones de riesgo","amenaza":"Avenidas Torrenciales"}},{"type":"Feature","geometry":{"type":"MultiPolygon","coordinates":[[[[-75.531792,6.227868],[-75.531865,6.22788],[-75.531882,6.227804],[-75.531949,6.22765],[-75.532016,6.22722],[-75.531986,6.227156],[-75.531991,6.227251],[-75.531956,6.227394],[-75.531957,6.227533],[-75.531912,6.227675],[-75.531822,6.227788],[-75.531792,6.227868]]],[[[-75.531975,6.227131],[-75.531967,6.227149],[-75.531982,6.227145],[-75.531975,6.227131]]]]},"properties":{"nombre":"Ocho de Marzo","riesgo":"Con condiciones de riesgo","amenaza":"Movimientos en masa"}},{"type":"Feature","geometry":{"type":"Polygon","coordinates":[[[-75.531059,6.228276],[-75.530996,6.228207],[-75.530969,6.228223],[-75.530809,6.228481],[-75.530858,6.228539],[-75.530875,6.228535],[-75.530891,6.228427],[-75.530925,6.228362],[-75.530908,6.228335],[-75.531059,6.228276]]]},"properties":{"nombre":"Ocho de Marzo","riesgo":"Con condiciones de riesgo","amenaza":"Movimientos en masa"}},{"type":"Feature","geometry":{"type":"MultiPolygon","coordinates":[[[[-75.529998,6.22871],[-75.53009,6.228764],[-75.530138,6.228761],[-75.530183,6.228726],[-75.530247,6.228738],[-75.530259,6.228645],[-75.530204,6.228515],[-75.530212,6.22831],[-75.530195,6.228042],[-75.530063,6.227997],[-75.529904,6.227823],[-75.52966,6.227608],[-75.529562,6.227486],[-75.529482,6.227447],[-75.529491,6.227612],[-75.529597,6.227794],[-75.529616,6.227947],[-75.529721,6.228272],[-75.529769,6.228377],[-75.529845,6.228454],[-75.529998,6.22871]]],[[[-75.529037,6.227774],[-75.529076,6.227872],[-75.529091,6.228023],[-75.529433,6.22831],[-75.529537,6.228551],[-75.529601,6.228638],[-75.529618,6.228629],[-75.529644,6.228698],[-75.529706,6.228789],[-75.529738,6.228896],[-75.529775,6.228893],[-75.529795,6.22892],[-75.529866,6.228904],[-75.52987,6.228868],[-75.529673,6.228645],[-75.529539,6.228425],[-75.529463,6.228138],[-75.529367,6.228062],[-75.529291,6.227966],[-75.529252,6.227851],[-75.529252,6.227698],[-75.529281,6.227469],[-75.529215,6.227386],[-75.529037,6.227774]]]]},"properties":{"nombre":"Ocho de Marzo","riesgo":"Con condiciones de riesgo","amenaza":"Movimientos en masa"}},{"type":"Feature","geometry":{"type":"Polygon","coordinates":[[[-75.528294,6.229351],[-75.528332,6.229373],[-75.528353,6.229453],[-75.528424,6.229464],[-75.528576,6.229421],[-75.528769,6.229314],[-75.529052,6.229231],[-75.529222,6.229229],[-75.529348,6.229207],[-75.529235,6.229218],[-75.52899,6.229198],[-75.528826,6.22921],[-75.528518,6.229303],[-75.528479,6.229327],[-75.528455,6.22927],[-75.528402,6.22921],[-75.528167,6.229035],[-75.528134,6.228852],[-75.528154,6.228681],[-75.528138,6.228633],[-75.528122,6.228429],[-75.528212,6.228406],[-75.528301,6.228297],[-75.528361,6.228173],[-75.528377,6.228074],[-75.528408,6.228052],[-75.528461,6.227915],[-75.528429,6.227899],[-75.52834,6.227693],[-75.528249,6.227547],[-75.52809,6.227431],[-75.527989,6.227407],[-75.527997,6.227419],[-75.527907,6.227438],[-75.528067,6.227672],[-75.528069,6.228112],[-75.528043,6.228216],[-75.527917,6.228397],[-75.527881,6.228474],[-75.527881,6.22869],[-75.527969,6.228904],[-75.528006,6.229114],[-75.528059,6.229174],[-75.528294,6.229351]]]},"properties":{"nombre":"Ocho de Marzo","riesgo":"Con condiciones de riesgo","amenaza":"Movimientos en masa"}},{"type":"Feature","geometry":{"type":"Polygon","coordinates":[[[-75.530247,6.228738],[-75.530409,6.228812],[-75.530588,6.228819],[-75.530588,6.228746],[-75.53044,6.228728],[-75.530315,6.228685],[-75.530259,6.228645],[-75.530247,6.228738]]]},"properties":{"nombre":"Ocho de Marzo","riesgo":"Con condiciones de riesgo","amenaza":"Movimientos en masa"}},{"type":"Feature","geometry":{"type":"Polygon","coordinates":[[[-75.531865,6.22788],[-75.531918,6.227881],[-75.531945,6.227847],[-75.532012,6.227602],[-75.531994,6.227523],[-75.532001,6.227489],[-75.532134,6.227397],[-75.532156,6.227347],[-75.532158,6.227115],[-75.532146,6.22706],[-75.53203,6.227058],[-75.531957,6.227091],[-75.532016,6.22722],[-75.531949,6.22765],[-75.531882,6.227804],[-75.531865,6.22788]]]},"properties":{"nombre":"Ocho de Marzo","riesgo":"Con condiciones de riesgo","amenaza":"Avenidas Torrenciales"}},{"type":"Feature","geometry":{"type":"Polygon","coordinates":[[[-75.529215,6.227386],[-75.529281,6.227469],[-75.529252,6.227698],[-75.529252,6.227851],[-75.529291,6.227966],[-75.529367,6.228062],[-75.529463,6.228138],[-75.529539,6.228425],[-75.529673,6.228645],[-75.52987,6.228868],[-75.52986,6.228767],[-75.529811,6.228628],[-75.529819,6.228616],[-75.529919,6.228646],[-75.529998,6.22871],[-75.529845,6.228454],[-75.529769,6.228377],[-75.529721,6.228272],[-75.529616,6.227947],[-75.529597,6.227794],[-75.529491,6.227612],[-75.529482,6.227392],[-75.529392,6.227284],[-75.529293,6.227281],[-75.529215,6.227386]]]},"properties":{"nombre":"Ocho de Marzo","riesgo":"Con condiciones de riesgo","amenaza":"Avenidas Torrenciales"}},{"type":"Feature","geometry":{"type":"Polygon","coordinates":[[[-75.615864,6.244343],[-75.615989,6.244656],[-75.616126,6.244641],[-75.616531,6.244508],[-75.616809,6.244388],[-75.616991,6.244334],[-75.617232,6.244295],[-75.617949,6.244047],[-75.618183,6.24395],[-75.618297,6.24393],[-75.618498,6.244],[-75.61868,6.244108],[-75.618866,6.244163],[-75.619029,6.244256],[-75.619285,6.244261],[-75.619512,6.244285],[-75.619864,6.244379],[-75.619887,6.244281],[-75.61962,6.244152],[-75.619549,6.244137],[-75.619437,6.244071],[-75.619215,6.244065],[-75.619055,6.244018],[-75.618927,6.243943],[-75.618838,6.243917],[-75.61864,6.243817],[-75.618496,6.243731],[-75.618324,6.243664],[-75.618231,6.243659],[-75.618158,6.24367],[-75.618069,6.243736],[-75.61772,6.243911],[-75.617094,6.244148],[-75.616891,6.244178],[-75.616668,6.244241],[-75.616558,6.244254],[-75.616381,6.244322],[-75.616202,6.244419],[-75.61611,6.244429],[-75.615979,6.244415],[-75.615864,6.244343]]]},"properties":{"nombre":"Belencito","riesgo":"Con condiciones de riesgo","amenaza":"Avenidas Torrenciales"}},{"type":"Feature","geometry":{"type":"MultiPolygon","coordinates":[[[[-75.610546,6.282066],[-75.61051,6.282147],[-75.610569,6.282309],[-75.610588,6.282425],[-75.6106,6.282453],[-75.610676,6.282517],[-75.610679,6.282572],[-75.610763,6.282681],[-75.610787,6.282748],[-75.610788,6.28266],[-75.610742,6.282575],[-75.610722,6.282313],[-75.610697,6.282264],[-75.610711,6.282228],[-75.610702,6.28216],[-75.610607,6.282057],[-75.610546,6.282066]]],[[[-75.609004,6.279478],[-75.609124,6.279636],[-75.609187,6.279689],[-75.609252,6.279693],[-75.609318,6.279728],[-75.609402,6.279741],[-75.609438,6.279734],[-75.609456,6.27971],[-75.609389,6.279609],[-75.609292,6.279602],[-75.609239,6.279562],[-75.609154,6.279597],[-75.609118,6.279493],[-75.609076,6.279443],[-75.609004,6.279478]]]]},"properties":{"nombre":"Cucaracho","riesgo":"Con condiciones de riesgo","amenaza":"Avenidas Torrenciales"}},{"type":"Feature","geometry":{"type":"MultiPolygon","coordinates":[[[[-75.603231,6.283138],[-75.603252,6.283194],[-75.603325,6.283224],[-75.603405,6.283302],[-75.603516,6.28337],[-75.603574,6.283438],[-75.60374,6.283721],[-75.603782,6.283742],[-75.603833,6.283727],[-75.603856,6.283673],[-75.603828,6.283423],[-75.603799,6.283294],[-75.603751,6.283231],[-75.603603,6.283155],[-75.603527,6.283131],[-75.603456,6.283131],[-75.60339,6.283104],[-75.603262,6.2831],[-75.603229,6.283123],[-75.603231,6.283138]]],[[[-75.600135,6.279966],[-75.600141,6.280074],[-75.600193,6.280223],[-75.600289,6.280384],[-75.600383,6.280408],[-75.600494,6.280383],[-75.600501,6.280311],[-75.600484,6.280293],[-75.600407,6.280273],[-75.600361,6.280211],[-75.600338,6.280126],[-75.60035,6.279925],[-75.600262,6.279966],[-75.600135,6.279966]]]]},"properties":{"nombre":"Cucaracho","riesgo":"Con condiciones de riesgo","amenaza":"Avenidas Torrenciales"}},{"type":"Feature","geometry":{"type":"MultiPolygon","coordinates":[[[[-75.558226,6.272229],[-75.558202,6.272365],[-75.558408,6.272253],[-75.558531,6.272144],[-75.558623,6.2721],[-75.558809,6.272103],[-75.55887,6.272084],[-75.559633,6.271574],[-75.559643,6.271488],[-75.559611,6.27149],[-75.558801,6.272006],[-75.558533,6.27204],[-75.558226,6.272229]]],[[[-75.560204,6.270843],[-75.560365,6.27081],[-75.560564,6.270828],[-75.560582,6.270729],[-75.560351,6.270699],[-75.560238,6.270753],[-75.560088,6.270726],[-75.559882,6.27058],[-75.559819,6.270505],[-75.559712,6.270415],[-75.559622,6.270371],[-75.559395,6.270321],[-75.559373,6.270444],[-75.55946,6.270466],[-75.559561,6.27046],[-75.559675,6.270508],[-75.559726,6.270553],[-75.559767,6.270636],[-75.560018,6.270801],[-75.560204,6.270843]]],[[[-75.559145,6.272901],[-75.559017,6.27313],[-75.558931,6.273218],[-75.558719,6.273297],[-75.558654,6.273338],[-75.558627,6.27338],[-75.55861,6.273476],[-75.558588,6.273509],[-75.558668,6.273526],[-75.558709,6.273418],[-75.55874,6.273388],[-75.558942,6.273296],[-75.559055,6.273224],[-75.559113,6.273136],[-75.559155,6.272889],[-75.559145,6.272901]]],[[[-75.558558,6.270286],[-75.558539,6.270399],[-75.558751,6.270387],[-75.558773,6.270271],[-75.558558,6.270286]]]]},"properties":{"nombre":"Brasilia","riesgo":"Con condiciones de riesgo","amenaza":"Inundaciones"}},{"type":"Feature","geometry":{"type":"MultiPolygon","coordinates":[[[[-75.592426,6.248246],[-75.592233,6.248293],[-75.592106,6.248342],[-75.59172,6.248612],[-75.591594,6.248725],[-75.591796,6.24875],[-75.591834,6.248722],[-75.591836,6.248669],[-75.591882,6.248613],[-75.592035,6.248517],[-75.592095,6.248491],[-75.59226,6.248458],[-75.592399,6.248469],[-75.592426,6.248246]]],[[[-75.591351,6.248915],[-75.591344,6.249151],[-75.591509,6.249011],[-75.591592,6.248914],[-75.591643,6.248888],[-75.59141,6.248857],[-75.591351,6.248915]]]]},"properties":{"nombre":"Bolivariana","riesgo":"Con condiciones de riesgo","amenaza":"Inundaciones"}},{"type":"Feature","geometry":{"type":"Polygon","coordinates":[[[-75.554599,6.287411],[-75.554782,6.287478],[-75.554969,6.287287],[-75.555046,6.2871],[-75.554925,6.286956],[-75.554781,6.286873],[-75.554329,6.286864],[-75.554119,6.286892],[-75.554005,6.287053],[-75.554039,6.287109],[-75.554205,6.287214],[-75.55434,6.287204],[-75.554414,6.287214],[-75.55443,6.287273],[-75.55458,6.287332],[-75.554599,6.287411]]]},"properties":{"nombre":"Berlín","riesgo":"Con condiciones de riesgo","amenaza":"Movimientos en masa"}},{"type":"Feature","geometry":{"type":"Polygon","coordinates":[[[-75.552867,6.286553],[-75.552991,6.286761],[-75.553027,6.286797],[-75.553133,6.286836],[-75.553237,6.28681],[-75.553322,6.286854],[-75.55346,6.286806],[-75.553664,6.286871],[-75.553769,6.286869],[-75.553785,6.286743],[-75.553821,6.286651],[-75.553579,6.286498],[-75.553425,6.286445],[-75.552867,6.286553]]]},"properties":{"nombre":"Berlín","riesgo":"Con condiciones de riesgo","amenaza":"Movimientos en masa"}},{"type":"Feature","geometry":{"type":"Polygon","coordinates":[[[-75.610236,6.250612],[-75.610334,6.250603],[-75.610488,6.250541],[-75.610579,6.250523],[-75.610444,6.25038],[-75.610253,6.250444],[-75.610105,6.250469],[-75.609801,6.250429],[-75.609713,6.250436],[-75.609702,6.250483],[-75.609737,6.250572],[-75.609917,6.250587],[-75.609991,6.250608],[-75.610236,6.250612]]]},"properties":{"nombre":"Santa Mónica","riesgo":"Con condiciones de riesgo","amenaza":"Inundaciones"}},{"type":"Feature","geometry":{"type":"Polygon","coordinates":[[[-75.614774,6.244666],[-75.614756,6.244693],[-75.614768,6.244753],[-75.614833,6.244825],[-75.61499,6.244822],[-75.615294,6.244756],[-75.615418,6.244689],[-75.615989,6.244656],[-75.615864,6.244343],[-75.615674,6.24424],[-75.615544,6.244229],[-75.615446,6.244279],[-75.615288,6.244531],[-75.615195,6.244622],[-75.615108,6.244649],[-75.614774,6.244666]]]},"properties":{"nombre":"Santa Mónica","riesgo":"Con condiciones de riesgo","amenaza":"Avenidas Torrenciales"}},{"type":"Feature","geometry":{"type":"Polygon","coordinates":[[[-75.55184,6.269333],[-75.551933,6.269351],[-75.551948,6.269318],[-75.551857,6.269305],[-75.55184,6.269333]]]},"properties":{"nombre":"El Pomar","riesgo":"Con condiciones de riesgo","amenaza":"Inundaciones"}},{"type":"Feature","geometry":{"type":"Polygon","coordinates":[[[-75.536395,6.27709],[-75.536438,6.277171],[-75.536376,6.277265],[-75.536378,6.277381],[-75.536502,6.27767],[-75.536629,6.277914],[-75.536922,6.277831],[-75.536922,6.277595],[-75.536885,6.27745],[-75.536876,6.277432],[-75.53684,6.277432],[-75.536768,6.277396],[-75.536759,6.277342],[-75.53684,6.277188],[-75.536885,6.277151],[-75.536922,6.277043],[-75.536904,6.277043],[-75.536895,6.277025],[-75.536695,6.277025],[-75.53665,6.277043],[-75.536478,6.277061],[-75.536395,6.27709]]]},"properties":{"nombre":"Oriente","riesgo":"Con condiciones de riesgo","amenaza":"Movimientos en masa"}},{"type":"Feature","geometry":{"type":"Polygon","coordinates":[[[-75.539912,6.278239],[-75.540002,6.278248],[-75.540075,6.27823],[-75.540174,6.278148],[-75.540356,6.278058],[-75.540418,6.278058],[-75.541739,6.277078],[-75.541717,6.277016],[-75.541758,6.276899],[-75.541842,6.276899],[-75.541906,6.276955],[-75.54396,6.275432],[-75.543933,6.275401],[-75.543916,6.27533],[-75.543862,6.275317],[-75.543829,6.275252],[-75.54387,6.275141],[-75.543872,6.27506],[-75.543858,6.274995],[-75.543806,6.274975],[-75.54384,6.274932],[-75.543835,6.274877],[-75.543792,6.274821],[-75.543808,6.274796],[-75.543678,6.274743],[-75.543669,6.274717],[-75.543582,6.274665],[-75.543564,6.274639],[-75.543433,6.274551],[-75.543424,6.274578],[-75.543398,6.274569],[-75.543342,6.274512],[-75.543475,6.274106],[-75.543468,6.273855],[-75.543492,6.273854],[-75.543481,6.273785],[-75.543488,6.273537],[-75.543617,6.273014],[-75.543717,6.27278],[-75.543796,6.272644],[-75.543852,6.272571],[-75.543909,6.272539],[-75.543954,6.272291],[-75.54406,6.272073],[-75.544062,6.272014],[-75.54404,6.27198],[-75.543962,6.271968],[-75.543872,6.272],[-75.543589,6.271999],[-75.543482,6.272026],[-75.543406,6.272089],[-75.543301,6.272254],[-75.543062,6.272317],[-75.542866,6.272417],[-75.542792,6.272417],[-75.542725,6.272456],[-75.542663,6.272443],[-75.542479,6.272341],[-75.542239,6.272292],[-75.542108,6.272347],[-75.541859,6.272366],[-75.541764,6.272397],[-75.541289,6.272658],[-75.541056,6.272837],[-75.540876,6.27308],[-75.540795,6.27331],[-75.540707,6.27339],[-75.540573,6.273464],[-75.540446,6.273618],[-75.540373,6.273747],[-75.540254,6.273851],[-75.540005,6.273958],[-75.539862,6.273962],[-75.53955,6.273918],[-75.539264,6.274034],[-75.539119,6.274076],[-75.53895,6.274162],[-75.538846,6.274187],[-75.538763,6.27423],[-75.538715,6.274275],[-75.538618,6.274316],[-75.538417,6.274476],[-75.538351,6.274483],[-75.538134,6.274651],[-75.538015,6.274703],[-75.537982,6.274735],[-75.537889,6.274736],[-75.53777,6.274797],[-75.537684,6.274808],[-75.53758,6.274862],[-75.537416,6.274868],[-75.536854,6.27484],[-75.536643,6.274886],[-75.536342,6.274917],[-75.53625,6.274969],[-75.53612,6.274952],[-75.535871,6.27498],[-75.535696,6.274966],[-75.53533,6.275047],[-75.535131,6.275059],[-75.534877,6.275027],[-75.534915,6.275061],[-75.535119,6.275166],[-75.535359,6.275257],[-75.535454,6.275353],[-75.53554,6.275401],[-75.535741,6.275392],[-75.535863,6.275414],[-75.536078,6.275553],[-75.53624,6.275619],[-75.53636,6.275636],[-75.536456,6.275672],[-75.536527,6.275741],[-75.536544,6.275769],[-75.536513,6.275894],[-75.536415,6.276004],[-75.536304,6.276052],[-75.536236,6.276121],[-75.536092,6.276501],[-75.536015,6.2766],[-75.536196,6.276659],[-75.536232,6.276677],[-75.536232,6.276695],[-75.536268,6.276704],[-75.536368,6.276704],[-75.536585,6.276668],[-75.536712,6.276686],[-75.536884,6.276768],[-75.537047,6.276759],[-75.537229,6.276686],[-75.537373,6.276559],[-75.537437,6.276469],[-75.537528,6.276315],[-75.537555,6.276215],[-75.537555,6.275998],[-75.5375,6.275934],[-75.537401,6.275889],[-75.537328,6.275771],[-75.537274,6.275744],[-75.537102,6.275753],[-75.537038,6.27578],[-75.53702,6.275934],[-75.536957,6.27617],[-75.536902,6.276188],[-75.536812,6.276251],[-75.536667,6.276242],[-75.536594,6.276206],[-75.536576,6.276152],[-75.53654,6.276106],[-75.53654,6.276043],[-75.536585,6.275862],[-75.53664,6.27578],[-75.536785,6.275744],[-75.536875,6.275699],[-75.536893,6.275662],[-75.536893,6.275554],[-75.536875,6.275499],[-75.536631,6.275427],[-75.536576,6.275372],[-75.536477,6.275218],[-75.536458,6.275092],[-75.536504,6.27501],[-75.536785,6.274983],[-75.537573,6.274983],[-75.537754,6.274965],[-75.537953,6.274929],[-75.538171,6.274856],[-75.538225,6.274856],[-75.538379,6.274784],[-75.538751,6.274684],[-75.539322,6.274566],[-75.539566,6.274539],[-75.539838,6.274467],[-75.539901,6.27443],[-75.539983,6.274412],[-75.539992,6.274394],[-75.540046,6.274385],[-75.540182,6.274276],[-75.540282,6.274231],[-75.5404,6.27415],[-75.540581,6.274077],[-75.540681,6.273996],[-75.540771,6.273905],[-75.540826,6.273805],[-75.540889,6.273733],[-75.541007,6.273497],[-75.541025,6.273488],[-75.541143,6.27328],[-75.541297,6.273108],[-75.541514,6.273008],[-75.541668,6.272963],[-75.541877,6.272927],[-75.541913,6.272899],[-75.541967,6.27289],[-75.541976,6.272872],[-75.542085,6.272845],[-75.542384,6.272845],[-75.542511,6.272881],[-75.542602,6.272936],[-75.542656,6.273008],[-75.542656,6.273207],[-75.542611,6.273352],[-75.542565,6.273434],[-75.542464,6.273847],[-75.542321,6.274068],[-75.542139,6.274231],[-75.542121,6.274231],[-75.542121,6.274249],[-75.542103,6.274249],[-75.542004,6.274349],[-75.541859,6.274458],[-75.541768,6.274476],[-75.541587,6.274575],[-75.541433,6.274612],[-75.540554,6.274639],[-75.540382,6.274702],[-75.5403,6.274757],[-75.540164,6.274883],[-75.539956,6.275019],[-75.539729,6.27501],[-75.539693,6.274992],[-75.539458,6.274965],[-75.539303,6.274929],[-75.538995,6.274947],[-75.53866,6.275101],[-75.538452,6.275209],[-75.538406,6.275255],[-75.538334,6.275282],[-75.538171,6.275436],[-75.538144,6.27549],[-75.538089,6.275545],[-75.538082,6.275575],[-75.538127,6.275638],[-75.538281,6.275702],[-75.538344,6.275756],[-75.538399,6.275774],[-75.538516,6.275774],[-75.538607,6.275765],[-75.538716,6.275711],[-75.538743,6.275666],[-75.538779,6.275521],[-75.538797,6.275512],[-75.538815,6.275457],[-75.539015,6.27543],[-75.539078,6.275475],[-75.539096,6.275548],[-75.539096,6.275675],[-75.539069,6.275729],[-75.53906,6.275829],[-75.539042,6.275847],[-75.539024,6.275938],[-75.539006,6.275956],[-75.538978,6.276055],[-75.53896,6.276064],[-75.538824,6.276291],[-75.538698,6.2764],[-75.53867,6.276454],[-75.53867,6.276508],[-75.538707,6.276554],[-75.538888,6.276554],[-75.539033,6.276517],[-75.539151,6.276309],[-75.539223,6.276073],[-75.539359,6.27582],[-75.539504,6.275702],[-75.53964,6.275702],[-75.539749,6.275684],[-75.53983,6.275648],[-75.539866,6.27562],[-75.539903,6.275512],[-75.539975,6.275512],[-75.54003,6.27553],[-75.540256,6.27553],[-75.540365,6.275512],[-75.540419,6.275448],[-75.540519,6.275512],[-75.540664,6.275503],[-75.540736,6.275467],[-75.540836,6.275367],[-75.540908,6.275349],[-75.541126,6.275403],[-75.541207,6.27553],[-75.541289,6.275602],[-75.541334,6.275639],[-75.541443,6.275684],[-75.54166,6.275666],[-75.541751,6.275621],[-75.541796,6.275548],[-75.541905,6.275584],[-75.541996,6.275584],[-75.54205,6.275621],[-75.542059,6.275756],[-75.542023,6.275829],[-75.54195,6.275874],[-75.541823,6.275883],[-75.541715,6.27591],[-75.541425,6.27611],[-75.541298,6.276155],[-75.541044,6.276291],[-75.540872,6.276418],[-75.540736,6.276481],[-75.540591,6.27659],[-75.540591,6.276608],[-75.540528,6.276644],[-75.540528,6.276662],[-75.540383,6.276789],[-75.540256,6.276862],[-75.540138,6.27697],[-75.540093,6.277043],[-75.540066,6.277133],[-75.540066,6.277378],[-75.540038,6.277505],[-75.539948,6.277722],[-75.539866,6.278021],[-75.539875,6.27813],[-75.539912,6.278239]],[[-75.540958,6.276982],[-75.540908,6.277091],[-75.540708,6.277349],[-75.540599,6.277625],[-75.540499,6.277547],[-75.540393,6.277491],[-75.540393,6.277443],[-75.540424,6.277385],[-75.540687,6.277086],[-75.540785,6.27703],[-75.540918,6.276825],[-75.541063,6.276704],[-75.541082,6.276641],[-75.541175,6.276548],[-75.5413,6.276523],[-75.541433,6.276306],[-75.541517,6.276323],[-75.541592,6.276448],[-75.541592,6.276582],[-75.54155,6.276682],[-75.541475,6.276765],[-75.541367,6.276782],[-75.541308,6.27684],[-75.541191,6.276899],[-75.540958,6.276982]]]},"properties":{"nombre":"Oriente","riesgo":"Con condiciones de riesgo","amenaza":"Movimientos en masa"}},{"type":"Feature","geometry":{"type":"Polygon","coordinates":[[[-75.542479,6.272341],[-75.542547,6.272368],[-75.542547,6.272358],[-75.542479,6.272341]]]},"properties":{"nombre":"Oriente","riesgo":"Con condiciones de riesgo","amenaza":"Movimientos en masa"}},{"type":"Feature","geometry":{"type":"Polygon","coordinates":[[[-75.543468,6.27413],[-75.543803,6.274132],[-75.543859,6.274114],[-75.543937,6.27406],[-75.54408,6.274057],[-75.544056,6.273845],[-75.54349,6.273839],[-75.543492,6.273854],[-75.543468,6.273855],[-75.543468,6.27413]]]},"properties":{"nombre":"Oriente","riesgo":"Alto riesgo no mitigable","amenaza":"Movimientos en masa"}},{"type":"Feature","geometry":{"type":"Polygon","coordinates":[[[-75.536694,6.278579],[-75.536698,6.278597],[-75.536704,6.278597],[-75.536694,6.278579]]]},"properties":{"nombre":"Oriente","riesgo":"Con condiciones de riesgo","amenaza":"Movimientos en masa"}},{"type":"Feature","geometry":{"type":"Polygon","coordinates":[[[-75.548396,6.304101],[-75.5484,6.304249],[-75.548482,6.304284],[-75.548537,6.30429],[-75.548674,6.304126],[-75.54879,6.304023],[-75.548794,6.303888],[-75.548771,6.303794],[-75.548692,6.303648],[-75.548617,6.30357],[-75.54849,6.303553],[-75.548328,6.303614],[-75.548327,6.303721],[-75.548405,6.303811],[-75.548442,6.303946],[-75.548423,6.304053],[-75.548396,6.304101]]]},"properties":{"nombre":"La Isla","riesgo":"Con condiciones de riesgo","amenaza":"Movimientos en masa"}},{"type":"Feature","geometry":{"type":"Polygon","coordinates":[[[-75.5442,6.304322],[-75.544291,6.304336],[-75.544447,6.304213],[-75.544503,6.304203],[-75.544561,6.304243],[-75.544627,6.304345],[-75.544704,6.304423],[-75.544751,6.304439],[-75.544847,6.304422],[-75.544957,6.304434],[-75.545039,6.304526],[-75.545149,6.304573],[-75.545375,6.304927],[-75.545456,6.304973],[-75.545583,6.305079],[-75.545675,6.305103],[-75.545733,6.305172],[-75.545747,6.305237],[-75.545702,6.305366],[-75.545748,6.305431],[-75.54579,6.305541],[-75.545877,6.305607],[-75.545901,6.305655],[-75.545916,6.305526],[-75.545895,6.305364],[-75.545967,6.305327],[-75.546129,6.305142],[-75.546361,6.305121],[-75.546005,6.305001],[-75.546037,6.304778],[-75.546005,6.304716],[-75.545898,6.304691],[-75.545892,6.304659],[-75.545939,6.304537],[-75.545959,6.304371],[-75.545942,6.304335],[-75.545881,6.304294],[-75.545814,6.304277],[-75.545766,6.304304],[-75.545706,6.304404],[-75.545618,6.304632],[-75.545584,6.304659],[-75.545522,6.30467],[-75.545417,6.304652],[-75.545322,6.304518],[-75.545548,6.3042],[-75.545381,6.304182],[-75.544897,6.30402],[-75.544588,6.303962],[-75.544567,6.304095],[-75.544447,6.304109],[-75.544315,6.304082],[-75.544231,6.304026],[-75.544231,6.304217],[-75.5442,6.304322]]]},"properties":{"nombre":"La Isla","riesgo":"Con condiciones de riesgo","amenaza":"Movimientos en masa"}},{"type":"Feature","geometry":{"type":"Polygon","coordinates":[[[-75.549568,6.30258],[-75.549644,6.302613],[-75.549558,6.30268],[-75.549586,6.302737],[-75.550026,6.302852],[-75.550275,6.302871],[-75.550227,6.302804],[-75.550084,6.302766],[-75.549816,6.302622],[-75.549806,6.302536],[-75.549883,6.302498],[-75.549806,6.302421],[-75.549673,6.302402],[-75.549586,6.302412],[-75.549548,6.302421],[-75.549491,6.30249],[-75.549438,6.302513],[-75.549391,6.302451],[-75.549309,6.302451],[-75.549296,6.302474],[-75.549302,6.3025],[-75.549366,6.302546],[-75.549375,6.302605],[-75.549397,6.302618],[-75.549412,6.302622],[-75.549474,6.30258],[-75.549568,6.30258]]]},"properties":{"nombre":"La Isla","riesgo":"Con condiciones de riesgo","amenaza":"Movimientos en masa"}},{"type":"Feature","geometry":{"type":"Polygon","coordinates":[[[-75.548724,6.300598],[-75.548872,6.300576],[-75.548859,6.300535],[-75.5488,6.300564],[-75.548733,6.300565],[-75.548724,6.300598]]]},"properties":{"nombre":"La Isla","riesgo":"Con condiciones de riesgo","amenaza":"Inundaciones"}},{"type":"Feature","geometry":{"type":"Polygon","coordinates":[[[-75.548803,6.302152],[-75.548875,6.302186],[-75.548927,6.302116],[-75.548847,6.30206],[-75.548803,6.302152]]]},"properties":{"nombre":"La Isla","riesgo":"Con condiciones de riesgo","amenaza":"Inundaciones"}},{"type":"Feature","geometry":{"type":"Polygon","coordinates":[[[-75.547018,6.303658],[-75.547033,6.303706],[-75.547086,6.303761],[-75.547168,6.303645],[-75.547129,6.303583],[-75.547106,6.303578],[-75.547018,6.303658]]]},"properties":{"nombre":"La Isla","riesgo":"Con condiciones de riesgo","amenaza":"Inundaciones"}},{"type":"Feature","geometry":{"type":"Polygon","coordinates":[[[-75.550662,6.289376],[-75.550662,6.289437],[-75.550687,6.289484],[-75.550755,6.289534],[-75.551002,6.28961],[-75.551479,6.289699],[-75.551529,6.289556],[-75.551436,6.289505],[-75.551472,6.289423],[-75.551512,6.289376],[-75.551504,6.289348],[-75.551264,6.28934],[-75.551192,6.289265],[-75.551121,6.289118],[-75.551085,6.289079],[-75.551006,6.2891],[-75.550737,6.28901],[-75.550672,6.289059],[-75.550662,6.289376]]]},"properties":{"nombre":"Moscú No.2","riesgo":"Alto riesgo no mitigable","amenaza":"Movimientos en masa"}},{"type":"Feature","geometry":{"type":"Polygon","coordinates":[[[-75.549504,6.289858],[-75.549694,6.290094],[-75.549815,6.290194],[-75.550221,6.290406],[-75.550629,6.29055],[-75.550669,6.290402],[-75.550719,6.290316],[-75.550715,6.290227],[-75.55068,6.290158],[-75.550676,6.290015],[-75.550479,6.289983],[-75.550386,6.289943],[-75.550196,6.289954],[-75.550081,6.2899],[-75.549959,6.289893],[-75.549855,6.289818],[-75.549783,6.289739],[-75.549611,6.289649],[-75.549557,6.289645],[-75.549486,6.289714],[-75.549409,6.289738],[-75.549425,6.289785],[-75.549504,6.289858]]]},"properties":{"nombre":"Moscú No.2","riesgo":"Alto riesgo no mitigable","amenaza":"Movimientos en masa"}},{"type":"Feature","geometry":{"type":"Polygon","coordinates":[[[-75.547139,6.29058],[-75.547158,6.290607],[-75.547283,6.29059],[-75.547426,6.290605],[-75.547446,6.290623],[-75.547448,6.290782],[-75.547823,6.290795],[-75.547864,6.290585],[-75.547909,6.290485],[-75.547926,6.290475],[-75.547915,6.290421],[-75.547888,6.290409],[-75.547849,6.290257],[-75.547622,6.290246],[-75.547536,6.290174],[-75.547436,6.290136],[-75.547307,6.290174],[-75.547206,6.290174],[-75.547197,6.290294],[-75.547135,6.290413],[-75.547087,6.290428],[-75.547053,6.290466],[-75.547139,6.29058]]]},"properties":{"nombre":"Moscú No.2","riesgo":"Alto riesgo no mitigable","amenaza":"Movimientos en masa"}},{"type":"Feature","geometry":{"type":"MultiPolygon","coordinates":[[[[-75.546671,6.290796],[-75.546625,6.290831],[-75.546675,6.290887],[-75.54677,6.29078],[-75.546686,6.290735],[-75.546671,6.290796]]],[[[-75.550518,6.289017],[-75.550625,6.289075],[-75.550637,6.288991],[-75.550538,6.288948],[-75.550518,6.289017]]]]},"properties":{"nombre":"Moscú No.2","riesgo":"Con condiciones de riesgo","amenaza":"Inundaciones"}},{"type":"Feature","geometry":{"type":"Polygon","coordinates":[[[-75.542409,6.301423],[-75.542506,6.301433],[-75.542697,6.301396],[-75.542643,6.30127],[-75.542636,6.301051],[-75.542614,6.300965],[-75.542664,6.300825],[-75.542675,6.300649],[-75.542775,6.300506],[-75.542567,6.300516],[-75.542586,6.300601],[-75.542551,6.300746],[-75.542398,6.300943],[-75.542232,6.301197],[-75.542222,6.301255],[-75.542239,6.301299],[-75.542409,6.301423]]]},"properties":{"nombre":"Santo Domingo Savio No.1","riesgo":"Con condiciones de riesgo","amenaza":"Movimientos en masa"}},{"type":"Feature","geometry":{"type":"Polygon","coordinates":[[[-75.542943,6.301718],[-75.543021,6.301717],[-75.543284,6.30189],[-75.543302,6.301872],[-75.543236,6.30178],[-75.543241,6.301683],[-75.543167,6.301608],[-75.543171,6.301426],[-75.543195,6.301417],[-75.543218,6.301361],[-75.543337,6.301371],[-75.543402,6.301338],[-75.543454,6.301334],[-75.543513,6.301386],[-75.543614,6.301367],[-75.543664,6.301388],[-75.543631,6.301428],[-75.543496,6.301442],[-75.54345,6.301516],[-75.54332,6.30156],[-75.543322,6.301589],[-75.543463,6.301581],[-75.543511,6.301564],[-75.543578,6.301511],[-75.543721,6.301482],[-75.543771,6.301482],[-75.543795,6.301512],[-75.543856,6.301345],[-75.543953,6.301316],[-75.544009,6.301245],[-75.544095,6.301234],[-75.544159,6.30118],[-75.544168,6.301237],[-75.544318,6.301181],[-75.544353,6.301085],[-75.544406,6.301091],[-75.544428,6.30113],[-75.54456,6.301049],[-75.54459,6.300976],[-75.544531,6.301017],[-75.544478,6.301019],[-75.544402,6.301009],[-75.544403,6.300968],[-75.544375,6.300954],[-75.5446,6.300813],[-75.54461,6.300929],[-75.544681,6.300757],[-75.544718,6.300616],[-75.544715,6.300367],[-75.544823,6.300235],[-75.544979,6.300111],[-75.544982,6.300043],[-75.544933,6.30006],[-75.544913,6.300003],[-75.544981,6.299797],[-75.545125,6.299703],[-75.545112,6.299699],[-75.545215,6.299535],[-75.545224,6.299363],[-75.545251,6.299312],[-75.545264,6.299113],[-75.545299,6.299053],[-75.545296,6.29899],[-75.545359,6.29897],[-75.54534,6.298927],[-75.545298,6.298942],[-75.545342,6.29874],[-75.545319,6.298672],[-75.545341,6.298651],[-75.545352,6.298579],[-75.545347,6.298442],[-75.5454,6.298362],[-75.545364,6.298329],[-75.545401,6.298118],[-75.545441,6.298099],[-75.545432,6.298016],[-75.545362,6.29795],[-75.545414,6.297804],[-75.545369,6.297705],[-75.545396,6.297629],[-75.545382,6.297587],[-75.545408,6.297563],[-75.545459,6.297339],[-75.54555,6.297276],[-75.545603,6.2972],[-75.545568,6.297172],[-75.545581,6.297078],[-75.545534,6.297053],[-75.545497,6.297003],[-75.545424,6.296975],[-75.54538,6.296998],[-75.545369,6.297041],[-75.545296,6.29705],[-75.545277,6.29713],[-75.545179,6.297187],[-75.545123,6.296994],[-75.545105,6.296974],[-75.545104,6.296986],[-75.545071,6.296987],[-75.545053,6.296923],[-75.545035,6.296924],[-75.54499,6.296845],[-75.545035,6.296843],[-75.544993,6.296686],[-75.545038,6.296512],[-75.545086,6.296468],[-75.545126,6.29633],[-75.545118,6.296288],[-75.545196,6.296264],[-75.545183,6.296184],[-75.545157,6.296193],[-75.545131,6.296105],[-75.545131,6.295958],[-75.545267,6.295979],[-75.545391,6.295821],[-75.545421,6.295764],[-75.545416,6.295633],[-75.545433,6.295609],[-75.545432,6.295567],[-75.54537,6.295548],[-75.545394,6.295525],[-75.545352,6.295505],[-75.545351,6.295489],[-75.545183,6.295442],[-75.545116,6.29538],[-75.545155,6.295241],[-75.545135,6.295116],[-75.545115,6.295116],[-75.545112,6.295075],[-75.545079,6.295063],[-75.54509,6.295],[-75.544999,6.294967],[-75.544919,6.294901],[-75.544865,6.294682],[-75.54486,6.294316],[-75.544804,6.294127],[-75.544798,6.293932],[-75.544879,6.29378],[-75.54465,6.29348],[-75.54443,6.293293],[-75.544154,6.293119],[-75.544098,6.293126],[-75.544086,6.293083],[-75.543842,6.292987],[-75.543742,6.292968],[-75.543598,6.292968],[-75.543331,6.293003],[-75.543439,6.29305],[-75.543482,6.293097],[-75.543525,6.293167],[-75.543539,6.293235],[-75.543778,6.293315],[-75.543852,6.293416],[-75.543855,6.293557],[-75.543812,6.293676],[-75.543759,6.293707],[-75.543704,6.293698],[-75.543673,6.293827],[-75.543577,6.294052],[-75.543573,6.2941],[-75.543584,6.294092],[-75.543692,6.294249],[-75.543832,6.294142],[-75.543927,6.294263],[-75.544067,6.294319],[-75.54414,6.294444],[-75.54422,6.294524],[-75.544248,6.294572],[-75.54425,6.294619],[-75.54425,6.294833],[-75.544231,6.294982],[-75.544143,6.295217],[-75.543992,6.295283],[-75.543683,6.295537],[-75.543824,6.295982],[-75.543843,6.296142],[-75.54384,6.296213],[-75.543784,6.296376],[-75.543736,6.296458],[-75.543732,6.296503],[-75.543749,6.296576],[-75.543718,6.298085],[-75.543745,6.298097],[-75.543772,6.298154],[-75.543808,6.298843],[-75.543755,6.298869],[-75.543679,6.298834],[-75.543607,6.298849],[-75.543601,6.298837],[-75.543559,6.298841],[-75.543463,6.298804],[-75.543349,6.298729],[-75.543243,6.298572],[-75.543164,6.298405],[-75.543282,6.298362],[-75.543301,6.298377],[-75.543346,6.298369],[-75.543368,6.298346],[-75.543336,6.298302],[-75.543329,6.29825],[-75.543368,6.298086],[-75.543398,6.298071],[-75.543349,6.298032],[-75.543264,6.297934],[-75.543268,6.297922],[-75.543045,6.297717],[-75.543065,6.297648],[-75.54305,6.297603],[-75.543074,6.297588],[-75.543037,6.29753],[-75.543104,6.297483],[-75.543043,6.297378],[-75.543194,6.297227],[-75.543114,6.297163],[-75.543318,6.297013],[-75.543228,6.296915],[-75.543228,6.296892],[-75.543139,6.296817],[-75.542983,6.296763],[-75.542824,6.296651],[-75.542714,6.296532],[-75.542665,6.296454],[-75.542529,6.296325],[-75.542391,6.296122],[-75.542295,6.296067],[-75.542219,6.295958],[-75.542206,6.295773],[-75.542145,6.295622],[-75.541795,6.295682],[-75.54178,6.295743],[-75.541789,6.295761],[-75.541736,6.295783],[-75.541663,6.29568],[-75.54156,6.295753],[-75.541527,6.29567],[-75.541489,6.295687],[-75.541321,6.295504],[-75.541261,6.295581],[-75.541186,6.295515],[-75.541201,6.295504],[-75.541134,6.295453],[-75.541069,6.295552],[-75.54107,6.295576],[-75.541044,6.295571],[-75.541253,6.29589],[-75.541356,6.296081],[-75.541342,6.296161],[-75.541292,6.296222],[-75.541325,6.296267],[-75.541298,6.296865],[-75.54134,6.296952],[-75.541448,6.297087],[-75.541629,6.296985],[-75.541696,6.2971],[-75.542032,6.297348],[-75.541995,6.2974],[-75.54207,6.29752],[-75.542114,6.297552],[-75.542123,6.297608],[-75.542173,6.297643],[-75.54219,6.297696],[-75.542256,6.297776],[-75.542275,6.297832],[-75.542253,6.297848],[-75.542293,6.297917],[-75.542255,6.297951],[-75.542235,6.298068],[-75.542255,6.298134],[-75.542205,6.298182],[-75.542203,6.298235],[-75.542162,6.298254],[-75.542161,6.29827],[-75.542181,6.298278],[-75.542218,6.298356],[-75.54262,6.298969],[-75.542864,6.299108],[-75.543045,6.299246],[-75.543082,6.299235],[-75.543204,6.299347],[-75.543305,6.299288],[-75.543523,6.299474],[-75.543683,6.299512],[-75.544124,6.299506],[-75.544113,6.30007],[-75.544033,6.30007],[-75.544012,6.300182],[-75.543932,6.300235],[-75.543746,6.300266],[-75.543705,6.300344],[-75.54358,6.300412],[-75.543552,6.300467],[-75.543459,6.300385],[-75.5433,6.300119],[-75.543195,6.299828],[-75.543213,6.2998],[-75.543177,6.299682],[-75.543014,6.299638],[-75.543005,6.299653],[-75.542934,6.299662],[-75.542955,6.299785],[-75.542924,6.299808],[-75.542829,6.299831],[-75.542862,6.299896],[-75.542847,6.300334],[-75.542833,6.300405],[-75.542801,6.300466],[-75.542675,6.300649],[-75.542664,6.300825],[-75.542614,6.300965],[-75.542636,6.301051],[-75.542643,6.30127],[-75.542682,6.301374],[-75.542722,6.301403],[-75.542722,6.301432],[-75.542797,6.301525],[-75.542815,6.301604],[-75.542872,6.301629],[-75.542943,6.301718]]]},"properties":{"nombre":"Santo Domingo Savio No.1","riesgo":"Alto riesgo no mitigable","amenaza":"Movimientos en masa"}},{"type":"Feature","geometry":{"type":"Polygon","coordinates":[[[-75.545059,6.293936],[-75.545063,6.293963],[-75.545116,6.293976],[-75.545116,6.293937],[-75.545059,6.293936]]]},"properties":{"nombre":"Santo Domingo Savio No.1","riesgo":"Con condiciones de riesgo","amenaza":"Inundaciones"}},{"type":"Feature","geometry":{"type":"Polygon","coordinates":[[[-75.545683,6.294088],[-75.545663,6.294113],[-75.545712,6.294151],[-75.545749,6.294226],[-75.545788,6.294256],[-75.545794,6.294218],[-75.545753,6.294141],[-75.545683,6.294088]]]},"properties":{"nombre":"Santo Domingo Savio No.1","riesgo":"Con condiciones de riesgo","amenaza":"Inundaciones"}},{"type":"Feature","geometry":{"type":"Polygon","coordinates":[[[-75.607101,6.2519],[-75.607178,6.251966],[-75.607416,6.251853],[-75.607686,6.251697],[-75.607796,6.251615],[-75.607963,6.251559],[-75.608354,6.251291],[-75.608622,6.251182],[-75.608864,6.251012],[-75.60902,6.250963],[-75.608979,6.250879],[-75.608887,6.250901],[-75.608797,6.250945],[-75.608451,6.251158],[-75.608258,6.251227],[-75.608161,6.251306],[-75.607678,6.251556],[-75.607561,6.251657],[-75.607317,6.251801],[-75.607101,6.2519]]]},"properties":{"nombre":"El Danubio","riesgo":"Con condiciones de riesgo","amenaza":"Inundaciones"}},{"type":"Feature","geometry":{"type":"MultiPolygon","coordinates":[[[[-75.53905,6.294885],[-75.539128,6.294974],[-75.539157,6.295085],[-75.539186,6.295131],[-75.539259,6.295195],[-75.539362,6.295247],[-75.539496,6.295241],[-75.539599,6.295321],[-75.539726,6.295139],[-75.539803,6.295091],[-75.539876,6.295017],[-75.540072,6.294873],[-75.540253,6.294802],[-75.540363,6.294777],[-75.540417,6.294788],[-75.540651,6.294994],[-75.54073,6.295038],[-75.540991,6.294883],[-75.54114,6.294751],[-75.5414,6.294412],[-75.541481,6.294153],[-75.541448,6.293954],[-75.541416,6.293383],[-75.541434,6.293291],[-75.541433,6.293108],[-75.541493,6.292708],[-75.541331,6.292689],[-75.540478,6.292667],[-75.54027,6.2926],[-75.54007,6.292602],[-75.539996,6.292634],[-75.539898,6.292631],[-75.539701,6.292508],[-75.539642,6.292488],[-75.539501,6.292488],[-75.539383,6.292425],[-75.539239,6.292407],[-75.539051,6.292437],[-75.538974,6.292401],[-75.53887,6.292395],[-75.538777,6.292317],[-75.538635,6.292243],[-75.538481,6.292103],[-75.538183,6.292111],[-75.537937,6.292041],[-75.537971,6.292054],[-75.537971,6.292108],[-75.538029,6.292246],[-75.538156,6.292438],[-75.538203,6.292549],[-75.538281,6.292662],[-75.538349,6.292717],[-75.538563,6.292809],[-75.53898,6.292913],[-75.539374,6.292979],[-75.539808,6.293104],[-75.53983,6.293126],[-75.540126,6.293247],[-75.540471,6.293433],[-75.540636,6.293554],[-75.54069,6.293647],[-75.540712,6.293855],[-75.540685,6.293981],[-75.54063,6.294102],[-75.540466,6.294337],[-75.540153,6.29459],[-75.540021,6.294612],[-75.539791,6.294618],[-75.539681,6.294651],[-75.539616,6.294711],[-75.539528,6.294881],[-75.53949,6.294919],[-75.539358,6.294925],[-75.539221,6.294859],[-75.539177,6.294853],[-75.539125,6.294853],[-75.53905,6.294885]]],[[[-75.53652,6.29406],[-75.536572,6.29402],[-75.536684,6.294037],[-75.537004,6.294212],[-75.537145,6.294261],[-75.537282,6.294258],[-75.53736,6.294228],[-75.537427,6.294226],[-75.537472,6.294242],[-75.537549,6.294305],[-75.53765,6.294328],[-75.537724,6.294367],[-75.53773,6.294174],[-75.537766,6.294084],[-75.537909,6.294001],[-75.538101,6.293923],[-75.538204,6.293803],[-75.538098,6.293518],[-75.538052,6.293455],[-75.537985,6.293405],[-75.537868,6.293363],[-75.53773,6.293359],[-75.53726,6.293409],[-75.537155,6.29343],[-75.537017,6.293493],[-75.536824,6.293694],[-75.536652,6.293824],[-75.536569,6.293866],[-75.53649,6.293874],[-75.5364,6.293974],[-75.536373,6.293938],[-75.536451,6.294043],[-75.53652,6.29406]]]]},"properties":{"nombre":"La Avanzada","riesgo":"Con condiciones de riesgo","amenaza":"Movimientos en masa"}},{"type":"Feature","geometry":{"type":"Polygon","coordinates":[[[-75.538846,6.296683],[-75.53887,6.296459],[-75.53887,6.296283],[-75.538851,6.296155],[-75.53874,6.296017],[-75.538619,6.295935],[-75.538544,6.295929],[-75.538374,6.29603],[-75.538254,6.296192],[-75.538015,6.296377],[-75.53771,6.296677],[-75.537675,6.296793],[-75.537699,6.296983],[-75.537767,6.297061],[-75.537906,6.297145],[-75.538047,6.297017],[-75.538161,6.29695],[-75.538246,6.296941],[-75.538389,6.296984],[-75.538481,6.296857],[-75.538571,6.296785],[-75.538674,6.29673],[-75.538846,6.296683]]]},"properties":{"nombre":"La Avanzada","riesgo":"Con condiciones de riesgo","amenaza":"Movimientos en masa"}},{"type":"Feature","geometry":{"type":"Polygon","coordinates":[[[-75.539599,6.295321],[-75.539942,6.295583],[-75.540004,6.295508],[-75.54017,6.295369],[-75.540731,6.295038],[-75.540651,6.294994],[-75.540417,6.294788],[-75.540363,6.294777],[-75.540253,6.294802],[-75.540072,6.294873],[-75.539876,6.295017],[-75.539803,6.295091],[-75.539726,6.295139],[-75.539599,6.295321]]]},"properties":{"nombre":"La Avanzada","riesgo":"Alto riesgo no mitigable","amenaza":"Movimientos en masa"}},{"type":"Feature","geometry":{"type":"Polygon","coordinates":[[[-75.537435,6.29437],[-75.537531,6.294427],[-75.537612,6.294442],[-75.537764,6.294505],[-75.538005,6.294478],[-75.538335,6.294479],[-75.538441,6.294585],[-75.538576,6.294647],[-75.538622,6.29471],[-75.538682,6.294742],[-75.538837,6.29477],[-75.538883,6.294799],[-75.538933,6.294931],[-75.539027,6.295049],[-75.539101,6.295212],[-75.539174,6.295277],[-75.539249,6.295316],[-75.53942,6.295359],[-75.539464,6.295353],[-75.539517,6.295382],[-75.53962,6.295491],[-75.539681,6.295521],[-75.53989,6.295691],[-75.539942,6.295583],[-75.539879,6.295522],[-75.539738,6.295435],[-75.539496,6.295241],[-75.539362,6.295247],[-75.539323,6.295234],[-75.539186,6.295131],[-75.539157,6.295085],[-75.539128,6.294974],[-75.539014,6.294834],[-75.539004,6.29474],[-75.538936,6.294686],[-75.538727,6.294641],[-75.538625,6.294531],[-75.53849,6.294462],[-75.538418,6.29438],[-75.538275,6.294347],[-75.538146,6.29437],[-75.538,6.294361],[-75.537862,6.294401],[-75.537777,6.294404],[-75.53765,6.294328],[-75.537549,6.294305],[-75.537472,6.294242],[-75.537427,6.294226],[-75.53736,6.294228],[-75.537282,6.294258],[-75.537145,6.294261],[-75.537004,6.294212],[-75.536684,6.294037],[-75.536572,6.29402],[-75.53652,6.29406],[-75.536663,6.294084],[-75.53676,6.294171],[-75.53691,6.294199],[-75.536961,6.294245],[-75.537072,6.294298],[-75.537378,6.294294],[-75.537435,6.29437]]]},"properties":{"nombre":"La Avanzada","riesgo":"Con condiciones de riesgo","amenaza":"Inundaciones"}},{"type":"Feature","geometry":{"type":"Polygon","coordinates":[[[-75.525705,6.232703],[-75.525662,6.232775],[-75.525675,6.23276],[-75.525705,6.232703]]]},"properties":{"nombre":"Media Luna","riesgo":"Con condiciones de riesgo","amenaza":"Movimientos en masa"}},{"type":"Feature","geometry":{"type":"Polygon","coordinates":[[[-75.525048,6.232883],[-75.524867,6.23297],[-75.524745,6.233142],[-75.524738,6.2332],[-75.524659,6.233243],[-75.524659,6.233293],[-75.524623,6.233358],[-75.524616,6.233487],[-75.52458,6.233537],[-75.52458,6.233609],[-75.524609,6.233702],[-75.524889,6.233803],[-75.524953,6.233788],[-75.524971,6.23376],[-75.524939,6.233725],[-75.525034,6.233668],[-75.524998,6.233602],[-75.525176,6.233529],[-75.52503,6.23289],[-75.525048,6.232883]]]},"properties":{"nombre":"Media Luna","riesgo":"Con condiciones de riesgo","amenaza":"Movimientos en masa"}},{"type":"Feature","geometry":{"type":"Polygon","coordinates":[[[-75.525753,6.235215],[-75.52574,6.235227],[-75.525751,6.235268],[-75.525902,6.235592],[-75.525753,6.235215]]]},"properties":{"nombre":"Media Luna","riesgo":"Con condiciones de riesgo","amenaza":"Movimientos en masa"}},{"type":"Feature","geometry":{"type":"Polygon","coordinates":[[[-75.530127,6.24],[-75.530136,6.240067],[-75.530542,6.240004],[-75.530901,6.239989],[-75.530901,6.239967],[-75.530098,6.239967],[-75.530124,6.239977],[-75.530127,6.24]]]},"properties":{"nombre":"Media Luna","riesgo":"Con condiciones de riesgo","amenaza":"Movimientos en masa"}},{"type":"Feature","geometry":{"type":"Polygon","coordinates":[[[-75.527403,6.236335],[-75.5274,6.236364],[-75.527532,6.236707],[-75.527656,6.237125],[-75.527844,6.237355],[-75.527878,6.237494],[-75.528017,6.237758],[-75.528066,6.237898],[-75.528236,6.238109],[-75.528454,6.238286],[-75.528522,6.238372],[-75.52856,6.238478],[-75.52862,6.238776],[-75.528642,6.238998],[-75.52868,6.239126],[-75.528733,6.239209],[-75.528696,6.239319],[-75.528636,6.239642],[-75.528639,6.239699],[-75.528666,6.239816],[-75.528756,6.240001],[-75.528869,6.240094],[-75.52889,6.240148],[-75.528878,6.240309],[-75.528896,6.240396],[-75.528968,6.24036],[-75.529087,6.240237],[-75.529144,6.240205],[-75.529524,6.240088],[-75.529654,6.239967],[-75.529172,6.239967],[-75.529181,6.239795],[-75.529154,6.239641],[-75.528982,6.239563],[-75.528914,6.239515],[-75.528762,6.239343],[-75.528744,6.239303],[-75.528746,6.239212],[-75.528658,6.239007],[-75.52863,6.238715],[-75.528542,6.238383],[-75.528447,6.238261],[-75.528246,6.238108],[-75.528204,6.238045],[-75.528109,6.237959],[-75.528027,6.237749],[-75.527889,6.237495],[-75.52785,6.237334],[-75.527684,6.237139],[-75.527637,6.237024],[-75.527616,6.236912],[-75.527536,6.236668],[-75.527403,6.236335]]]},"properties":{"nombre":"Media Luna","riesgo":"Con condiciones de riesgo","amenaza":"Movimientos en masa"}},{"type":"Feature","geometry":{"type":"Polygon","coordinates":[[[-75.528061,6.231087],[-75.527851,6.231146],[-75.527815,6.23121],[-75.527836,6.231275],[-75.527922,6.23139],[-75.527851,6.231368],[-75.527743,6.231476],[-75.527793,6.231569],[-75.527872,6.231569],[-75.528051,6.231533],[-75.528374,6.231532],[-75.528543,6.231426],[-75.528589,6.231378],[-75.528625,6.231241],[-75.528602,6.231225],[-75.528601,6.231203],[-75.528639,6.231194],[-75.528677,6.231121],[-75.52865,6.231077],[-75.528537,6.231072],[-75.528295,6.231156],[-75.528144,6.231139],[-75.528104,6.231115],[-75.528075,6.231122],[-75.528061,6.231087]]]},"properties":{"nombre":"Media Luna","riesgo":"Alto riesgo no mitigable","amenaza":"Movimientos en masa"}},{"type":"Feature","geometry":{"type":"Polygon","coordinates":[[[-75.530127,6.24],[-75.530041,6.240059],[-75.530046,6.240126],[-75.530127,6.240236],[-75.53017,6.240447],[-75.530123,6.240652],[-75.530137,6.240734],[-75.530175,6.240806],[-75.530204,6.240987],[-75.530146,6.241298],[-75.530256,6.241279],[-75.53061,6.240906],[-75.530749,6.240719],[-75.530868,6.240432],[-75.530844,6.240074],[-75.530811,6.240052],[-75.530806,6.239993],[-75.530542,6.240004],[-75.530136,6.240067],[-75.530127,6.24]]]},"properties":{"nombre":"Media Luna","riesgo":"Con condiciones de riesgo","amenaza":"Movimientos en masa"}},{"type":"Feature","geometry":{"type":"Polygon","coordinates":[[[-75.526008,6.235642],[-75.526018,6.235975],[-75.525998,6.236005],[-75.526132,6.23605],[-75.526211,6.23584],[-75.526229,6.235732],[-75.526205,6.235618],[-75.526185,6.235583],[-75.526151,6.23557],[-75.526056,6.235636],[-75.526008,6.235642]]]},"properties":{"nombre":"Media Luna","riesgo":"Con condiciones de riesgo","amenaza":"Inundaciones"}},{"type":"Feature","geometry":{"type":"Polygon","coordinates":[[[-75.52334,6.22597],[-75.523283,6.225913],[-75.523165,6.225895],[-75.523104,6.225949],[-75.523066,6.226174],[-75.523131,6.226428],[-75.523089,6.22656],[-75.523077,6.226655],[-75.523113,6.226871],[-75.523193,6.227083],[-75.52325,6.22713],[-75.523388,6.227163],[-75.523297,6.226629],[-75.52335,6.226059],[-75.52334,6.22597]]]},"properties":{"nombre":"Media Luna","riesgo":"Con condiciones de riesgo","amenaza":"Avenidas Torrenciales"}},{"type":"Feature","geometry":{"type":"MultiPolygon","coordinates":[[[[-75.516083,6.230045],[-75.515892,6.230111],[-75.515808,6.230159],[-75.515748,6.230201],[-75.515623,6.23035],[-75.515351,6.230849],[-75.515279,6.230948],[-75.515354,6.231095],[-75.515526,6.231123],[-75.51568,6.231123],[-75.515877,6.230534],[-75.515944,6.230409],[-75.516193,6.230314],[-75.516261,6.230193],[-75.516264,6.2301],[-75.516165,6.230052],[-75.516083,6.230045]]],[[[-75.513882,6.22613],[-75.514045,6.226297],[-75.514231,6.226366],[-75.514287,6.226363],[-75.514346,6.226303],[-75.514346,6.226243],[-75.51432,6.226216],[-75.51411,6.226104],[-75.514067,6.226041],[-75.513828,6.22584],[-75.513733,6.225783],[-75.513586,6.225778],[-75.51354,6.225842],[-75.513516,6.225908],[-75.513528,6.225992],[-75.513611,6.226099],[-75.513638,6.226082],[-75.513763,6.226063],[-75.513882,6.22613]]],[[[-75.525938,6.2298],[-75.525982,6.229839],[-75.526051,6.229839],[-75.526235,6.229901],[-75.526193,6.229848],[-75.526088,6.229808],[-75.525938,6.2298]]]]},"properties":{"nombre":"Media Luna","riesgo":"Con condiciones de riesgo","amenaza":"Avenidas Torrenciales"}},{"type":"Feature","geometry":{"type":"Polygon","coordinates":[[[-75.624052,6.235062],[-75.624177,6.235134],[-75.624232,6.235076],[-75.624332,6.235012],[-75.62443,6.234789],[-75.624497,6.234746],[-75.62459,6.234739],[-75.624715,6.234789],[-75.624755,6.23488],[-75.624877,6.234947],[-75.62514,6.234916],[-75.625726,6.235081],[-75.62586,6.235148],[-75.625943,6.235158],[-75.626005,6.235105],[-75.626206,6.234995],[-75.626431,6.23494],[-75.626612,6.234873],[-75.62688,6.234717],[-75.627126,6.234722],[-75.62715,6.234559],[-75.627004,6.234487],[-75.626881,6.234479],[-75.626754,6.234499],[-75.626667,6.234536],[-75.62648,6.234539],[-75.62635,6.234596],[-75.626205,6.234717],[-75.626044,6.234749],[-75.625931,6.234813],[-75.625858,6.234826],[-75.625806,6.234825],[-75.625677,6.23477],[-75.625528,6.234743],[-75.625446,6.234751],[-75.625366,6.234739],[-75.625081,6.234788],[-75.624943,6.234721],[-75.624895,6.234721],[-75.624785,6.234678],[-75.624665,6.234577],[-75.624608,6.234548],[-75.624457,6.234598],[-75.624364,6.234684],[-75.624312,6.234743],[-75.624252,6.234851],[-75.624204,6.234879],[-75.624149,6.234971],[-75.624052,6.235062]]]},"properties":{"nombre":"San Pablo","riesgo":"Alto riesgo no mitigable","amenaza":"Avenidas Torrenciales"}},{"type":"Feature","geometry":{"type":"MultiPolygon","coordinates":[[[[-75.622868,6.246071],[-75.623025,6.246066],[-75.623285,6.245977],[-75.623491,6.245952],[-75.623625,6.245971],[-75.623739,6.246043],[-75.623901,6.246308],[-75.623987,6.246384],[-75.624116,6.246451],[-75.624197,6.246473],[-75.624422,6.246494],[-75.624568,6.246475],[-75.624699,6.246432],[-75.624811,6.24637],[-75.625009,6.246204],[-75.625074,6.246183],[-75.62524,6.246173],[-75.625476,6.24623],[-75.625785,6.246469],[-75.626013,6.246525],[-75.626183,6.246527],[-75.626484,6.246502],[-75.626606,6.246437],[-75.626835,6.246397],[-75.627033,6.24646],[-75.627172,6.246282],[-75.627184,6.24618],[-75.627172,6.24613],[-75.627087,6.245968],[-75.62689,6.245967],[-75.626697,6.246049],[-75.626622,6.246125],[-75.626556,6.246212],[-75.626512,6.246326],[-75.626476,6.246367],[-75.626486,6.246394],[-75.626351,6.246455],[-75.626165,6.246466],[-75.625826,6.246373],[-75.625563,6.2461],[-75.625494,6.246064],[-75.625284,6.246081],[-75.625146,6.246131],[-75.625098,6.246134],[-75.624891,6.246097],[-75.624852,6.246106],[-75.624757,6.246243],[-75.624681,6.246306],[-75.624612,6.246339],[-75.624185,6.246359],[-75.624099,6.246336],[-75.623985,6.246235],[-75.62391,6.246143],[-75.623797,6.245952],[-75.62364,6.245876],[-75.623382,6.245906],[-75.623222,6.245886],[-75.623116,6.245983],[-75.622868,6.246071]]],[[[-75.628656,6.24606],[-75.628574,6.246083],[-75.628464,6.24615],[-75.62838,6.246261],[-75.62837,6.246348],[-75.628388,6.246492],[-75.628355,6.246535],[-75.628296,6.246536],[-75.628248,6.246671],[-75.628319,6.246757],[-75.628358,6.246772],[-75.628512,6.246686],[-75.628565,6.246636],[-75.628738,6.246391],[-75.628848,6.246336],[-75.628941,6.246318],[-75.629046,6.24632],[-75.62923,6.246382],[-75.629305,6.246288],[-75.629221,6.246235],[-75.629019,6.2462],[-75.628846,6.246117],[-75.628797,6.246115],[-75.628698,6.246147],[-75.628656,6.24606]]],[[[-75.631841,6.249227],[-75.631897,6.249279],[-75.631958,6.249196],[-75.632122,6.249075],[-75.632213,6.249059],[-75.632382,6.248968],[-75.632425,6.248918],[-75.632423,6.248872],[-75.632334,6.248792],[-75.632014,6.2486],[-75.631908,6.248582],[-75.631651,6.248598],[-75.631251,6.248396],[-75.631203,6.248341],[-75.631164,6.248262],[-75.631162,6.248136],[-75.631221,6.248055],[-75.631336,6.248005],[-75.631387,6.247963],[-75.631307,6.247953],[-75.631152,6.248008],[-75.631087,6.248137],[-75.631084,6.248302],[-75.631133,6.24841],[-75.63126,6.248523],[-75.631556,6.248685],[-75.631627,6.248701],[-75.632045,6.248712],[-75.632124,6.248786],[-75.632157,6.248855],[-75.632158,6.248913],[-75.632044,6.249038],[-75.631888,6.249142],[-75.631841,6.249227]]],[[[-75.630584,6.246935],[-75.630548,6.246975],[-75.630515,6.247123],[-75.630543,6.247183],[-75.630602,6.247249],[-75.630827,6.247432],[-75.630911,6.247528],[-75.630997,6.247511],[-75.631024,6.247475],[-75.630896,6.247281],[-75.630796,6.247083],[-75.63075,6.247044],[-75.630641,6.247019],[-75.630584,6.246935]]]]},"properties":{"nombre":"El Corazón","riesgo":"Con condiciones de riesgo","amenaza":"Avenidas Torrenciales"}},{"type":"Feature","geometry":{"type":"Polygon","coordinates":[[[-75.556577,6.303294],[-75.556488,6.303807],[-75.556437,6.304558],[-75.556485,6.305141],[-75.556533,6.305434],[-75.55659,6.305575],[-75.556784,6.305734],[-75.55696,6.305947],[-75.556832,6.305114],[-75.556712,6.304169],[-75.556818,6.303512],[-75.556686,6.303343],[-75.556577,6.303294]]]},"properties":{"nombre":"La Frontera","riesgo":"Alto riesgo no mitigable","amenaza":"Inundaciones"}},{"type":"Feature","geometry":{"type":"Polygon","coordinates":[[[-75.595173,6.247787],[-75.594474,6.247837],[-75.594374,6.247854],[-75.59426,6.2479],[-75.59421,6.247927],[-75.594126,6.248007],[-75.593998,6.24826],[-75.59397,6.248283],[-75.594209,6.248297],[-75.594258,6.248172],[-75.594319,6.248082],[-75.594443,6.24803],[-75.595352,6.247937],[-75.595352,6.247808],[-75.595173,6.247787]]]},"properties":{"nombre":"Lorena","riesgo":"Con condiciones de riesgo","amenaza":"Inundaciones"}},{"type":"Feature","geometry":{"type":"Polygon","coordinates":[[[-75.592399,6.248469],[-75.593069,6.248661],[-75.593238,6.248724],[-75.593438,6.248761],[-75.593468,6.248778],[-75.59348,6.248816],[-75.593612,6.248844],[-75.59366,6.248811],[-75.593941,6.248769],[-75.594024,6.248725],[-75.594078,6.248683],[-75.594147,6.248453],[-75.593882,6.248327],[-75.593708,6.248322],[-75.593603,6.248356],[-75.593486,6.248479],[-75.593455,6.248493],[-75.593305,6.248513],[-75.593224,6.248505],[-75.593055,6.248415],[-75.592912,6.248307],[-75.592787,6.248252],[-75.592627,6.248222],[-75.592426,6.248246],[-75.592399,6.248469]]]},"properties":{"nombre":"Lorena","riesgo":"Con condiciones de riesgo","amenaza":"Inundaciones"}},{"type":"Feature","geometry":{"type":"Polygon","coordinates":[[[-75.601116,6.247314],[-75.601383,6.247305],[-75.601526,6.24727],[-75.601636,6.247218],[-75.601835,6.247081],[-75.601842,6.247027],[-75.601815,6.246994],[-75.601718,6.24697],[-75.60145,6.247131],[-75.601292,6.247174],[-75.601136,6.247177],[-75.601116,6.247314]]]},"properties":{"nombre":"Lorena","riesgo":"Con condiciones de riesgo","amenaza":"Inundaciones"}},{"type":"Feature","geometry":{"type":"Polygon","coordinates":[[[-75.552851,6.299465],[-75.55281,6.299493],[-75.552877,6.299545],[-75.552952,6.29958],[-75.553123,6.299601],[-75.553128,6.299628],[-75.553183,6.299694],[-75.553346,6.299831],[-75.55347,6.299877],[-75.553674,6.299892],[-75.553959,6.300089],[-75.554119,6.300133],[-75.554184,6.300135],[-75.554266,6.30011],[-75.554428,6.300036],[-75.554564,6.299951],[-75.554654,6.299867],[-75.554703,6.299775],[-75.554811,6.299672],[-75.554897,6.299614],[-75.554783,6.299681],[-75.554679,6.299693],[-75.554571,6.299653],[-75.554503,6.29959],[-75.554382,6.299549],[-75.554204,6.299407],[-75.554138,6.299384],[-75.553973,6.299377],[-75.553916,6.299361],[-75.55386,6.299301],[-75.553824,6.299168],[-75.553741,6.299046],[-75.553736,6.298955],[-75.553664,6.298794],[-75.553579,6.298794],[-75.553474,6.298831],[-75.553403,6.298831],[-75.553403,6.298857],[-75.553385,6.298857],[-75.553069,6.298752],[-75.553083,6.298714],[-75.552985,6.298661],[-75.552937,6.298579],[-75.552874,6.298549],[-75.552822,6.298467],[-75.552728,6.298438],[-75.552652,6.298376],[-75.55254,6.298369],[-75.552501,6.298346],[-75.552457,6.298273],[-75.552449,6.298133],[-75.552333,6.297963],[-75.552241,6.29795],[-75.552215,6.297899],[-75.552181,6.297877],[-75.551982,6.297862],[-75.551919,6.297796],[-75.551916,6.297713],[-75.551901,6.297682],[-75.551818,6.297682],[-75.551738,6.297643],[-75.551617,6.29764],[-75.551548,6.297579],[-75.551529,6.29766],[-75.551537,6.297806],[-75.551622,6.297826],[-75.551691,6.297823],[-75.55174,6.297859],[-75.551799,6.297952],[-75.551868,6.29801],[-75.551966,6.298045],[-75.552081,6.29805],[-75.552108,6.29809],[-75.552211,6.298136],[-75.552258,6.298189],[-75.552227,6.298547],[-75.552208,6.2986],[-75.55217,6.298624],[-75.552007,6.298567],[-75.551821,6.298533],[-75.55151,6.298389],[-75.5514,6.298375],[-75.551304,6.298375],[-75.551242,6.298399],[-75.551194,6.298452],[-75.55118,6.298495],[-75.55119,6.298552],[-75.551228,6.2986],[-75.551304,6.298653],[-75.551462,6.2987],[-75.55151,6.298748],[-75.551544,6.29888],[-75.551659,6.298959],[-75.55183,6.299045],[-75.5519,6.29912],[-75.551998,6.299156],[-75.552068,6.299161],[-75.552144,6.299242],[-75.552041,6.299373],[-75.551961,6.299442],[-75.551876,6.299475],[-75.551836,6.299517],[-75.551781,6.299495],[-75.551717,6.299494],[-75.551634,6.29954],[-75.551588,6.299634],[-75.551531,6.299666],[-75.551448,6.299627],[-75.55134,6.299647],[-75.551228,6.299647],[-75.551137,6.299715],[-75.551118,6.299748],[-75.551156,6.299777],[-75.551318,6.299824],[-75.551409,6.299811],[-75.551519,6.29984],[-75.551669,6.299839],[-75.551899,6.299805],[-75.551969,6.299782],[-75.552038,6.299725],[-75.552114,6.299709],[-75.55218,6.299645],[-75.552187,6.299605],[-75.552264,6.299551],[-75.55229,6.299497],[-75.552343,6.299451],[-75.552413,6.299348],[-75.552366,6.299295],[-75.552318,6.299277],[-75.552358,6.299117],[-75.552442,6.299154],[-75.552761,6.299221],[-75.552943,6.299353],[-75.552946,6.299393],[-75.55289,6.299449],[-75.552851,6.299465]],[[-75.553697,6.2996],[-75.553568,6.299586],[-75.553372,6.299523],[-75.553372,6.299475],[-75.553415,6.299456],[-75.553506,6.299466],[-75.553718,6.299547],[-75.553841,6.299547],[-75.553989,6.299571],[-75.554037,6.29959],[-75.55408,6.299633],[-75.554099,6.299672],[-75.554094,6.2997],[-75.554065,6.299734],[-75.554046,6.299734],[-75.553965,6.2997],[-75.553822,6.299609],[-75.553697,6.2996]],[[-75.552865,6.298887],[-75.55298,6.298959],[-75.553176,6.299131],[-75.553181,6.299169],[-75.553157,6.299193],[-75.553119,6.299184],[-75.553037,6.299117],[-75.55299,6.299054],[-75.552832,6.298949],[-75.552631,6.298839],[-75.552416,6.298772],[-75.552397,6.298734],[-75.552425,6.29872],[-75.552526,6.298734],[-75.552755,6.298849],[-75.552865,6.298887]]]},"properties":{"nombre":"La Francia","riesgo":"Con condiciones de riesgo","amenaza":"Movimientos en masa"}},{"type":"Feature","geometry":{"type":"Polygon","coordinates":[[[-75.552413,6.299348],[-75.552517,6.299425],[-75.552599,6.299443],[-75.552673,6.299491],[-75.552816,6.299491],[-75.55289,6.299449],[-75.552946,6.299393],[-75.552943,6.299353],[-75.552761,6.299221],[-75.552442,6.299154],[-75.552358,6.299117],[-75.552318,6.299277],[-75.552366,6.299295],[-75.552413,6.299348]]]},"properties":{"nombre":"La Francia","riesgo":"Alto riesgo no mitigable","amenaza":"Movimientos en masa"}},{"type":"Feature","geometry":{"type":"Polygon","coordinates":[[[-75.550242,6.297337],[-75.550301,6.297355],[-75.550301,6.297407],[-75.550358,6.297525],[-75.550511,6.297673],[-75.550637,6.297751],[-75.550786,6.297793],[-75.551018,6.297726],[-75.551061,6.29754],[-75.551061,6.297476],[-75.550971,6.297403],[-75.550745,6.297403],[-75.550605,6.297267],[-75.550584,6.297146],[-75.550363,6.297147],[-75.550283,6.297176],[-75.550233,6.29725],[-75.550242,6.297337]]]},"properties":{"nombre":"La Francia","riesgo":"Con condiciones de riesgo","amenaza":"Movimientos en masa"}},{"type":"Feature","geometry":{"type":"Polygon","coordinates":[[[-75.550352,6.298307],[-75.550294,6.298319],[-75.550302,6.298436],[-75.550407,6.298428],[-75.550417,6.29831],[-75.550352,6.298307]]]},"properties":{"nombre":"La Francia","riesgo":"Con condiciones de riesgo","amenaza":"Inundaciones"}},{"type":"Feature","geometry":{"type":"Polygon","coordinates":[[[-75.550148,6.298818],[-75.55016,6.298837],[-75.550229,6.298851],[-75.550517,6.298892],[-75.550748,6.298893],[-75.551155,6.298848],[-75.551259,6.298785],[-75.551198,6.298712],[-75.551082,6.298779],[-75.550657,6.298789],[-75.550538,6.298812],[-75.550198,6.298753],[-75.550149,6.298785],[-75.550148,6.298818]]]},"properties":{"nombre":"La Francia","riesgo":"Con condiciones de riesgo","amenaza":"Inundaciones"}},{"type":"Feature","geometry":{"type":"Polygon","coordinates":[[[-75.548733,6.300565],[-75.5488,6.300564],[-75.548859,6.300535],[-75.548849,6.300503],[-75.548745,6.300527],[-75.548733,6.300565]]]},"properties":{"nombre":"La Francia","riesgo":"Con condiciones de riesgo","amenaza":"Inundaciones"}},{"type":"Feature","geometry":{"type":"Polygon","coordinates":[[[-75.550917,6.300639],[-75.550902,6.300665],[-75.550959,6.300705],[-75.551255,6.300802],[-75.551447,6.300939],[-75.551569,6.301047],[-75.551603,6.300993],[-75.551283,6.300747],[-75.551115,6.300684],[-75.550917,6.300639]]]},"properties":{"nombre":"La Francia","riesgo":"Con condiciones de riesgo","amenaza":"Inundaciones"}},{"type":"Feature","geometry":{"type":"Polygon","coordinates":[[[-75.552023,6.301281],[-75.55216,6.301266],[-75.552192,6.30121],[-75.552009,6.301222],[-75.552023,6.301281]]]},"properties":{"nombre":"La Francia","riesgo":"Con condiciones de riesgo","amenaza":"Inundaciones"}},{"type":"Feature","geometry":{"type":"Polygon","coordinates":[[[-75.556035,6.301213],[-75.556394,6.301337],[-75.55641,6.301279],[-75.556072,6.30117],[-75.556047,6.301167],[-75.556035,6.301213]]]},"properties":{"nombre":"La Francia","riesgo":"Con condiciones de riesgo","amenaza":"Inundaciones"}},{"type":"Feature","geometry":{"type":"Polygon","coordinates":[[[-75.552821,6.30135],[-75.552942,6.301377],[-75.552946,6.301318],[-75.552836,6.301289],[-75.552821,6.30135]]]},"properties":{"nombre":"La Francia","riesgo":"Con condiciones de riesgo","amenaza":"Inundaciones"}},{"type":"Feature","geometry":{"type":"Polygon","coordinates":[[[-75.556577,6.303294],[-75.556686,6.303343],[-75.556818,6.303512],[-75.556939,6.302865],[-75.557172,6.302019],[-75.557068,6.302255],[-75.556977,6.302387],[-75.556918,6.302444],[-75.556796,6.302708],[-75.556739,6.3028],[-75.556577,6.303294]]]},"properties":{"nombre":"La Francia","riesgo":"Alto riesgo no mitigable","amenaza":"Inundaciones"}},{"type":"Feature","geometry":{"type":"Polygon","coordinates":[[[-75.553083,6.298714],[-75.553069,6.298752],[-75.553329,6.298849],[-75.553403,6.298857],[-75.553403,6.298831],[-75.553361,6.298827],[-75.553282,6.298771],[-75.553083,6.298714]]]},"properties":{"nombre":"La Francia","riesgo":"Con condiciones de riesgo","amenaza":"Inundaciones"}},{"type":"Feature","geometry":{"type":"Polygon","coordinates":[[[-75.550279,6.235603],[-75.550319,6.235756],[-75.550342,6.235795],[-75.550429,6.235874],[-75.550735,6.236032],[-75.550871,6.236052],[-75.550453,6.235793],[-75.550398,6.235746],[-75.550367,6.235613],[-75.550279,6.235603]]]},"properties":{"nombre":"Miraflores","riesgo":"Con condiciones de riesgo","amenaza":"Inundaciones"}},{"type":"Feature","geometry":{"type":"Polygon","coordinates":[[[-75.552672,6.236544],[-75.552521,6.236582],[-75.552522,6.23664],[-75.552638,6.23661],[-75.552855,6.236594],[-75.552915,6.236551],[-75.55287,6.236515],[-75.552847,6.236537],[-75.552672,6.236544]]]},"properties":{"nombre":"Miraflores","riesgo":"Con condiciones de riesgo","amenaza":"Inundaciones"}},{"type":"Feature","geometry":{"type":"Polygon","coordinates":[[[-75.551348,6.240089],[-75.551316,6.239936],[-75.551223,6.239709],[-75.551221,6.239529],[-75.551159,6.239154],[-75.551113,6.239007],[-75.551101,6.23873],[-75.551153,6.238323],[-75.551107,6.238035],[-75.551082,6.237977],[-75.551014,6.237905],[-75.550998,6.237857],[-75.551035,6.237675],[-75.551029,6.237373],[-75.550965,6.237483],[-75.550947,6.237609],[-75.550888,6.237772],[-75.550918,6.237944],[-75.55102,6.238066],[-75.551062,6.238317],[-75.551061,6.238485],[-75.551019,6.238634],[-75.551031,6.239029],[-75.551109,6.239292],[-75.551137,6.23949],[-75.551139,6.239726],[-75.551226,6.239951],[-75.551246,6.240044],[-75.551348,6.240089]]]},"properties":{"nombre":"Miraflores","riesgo":"Con condiciones de riesgo","amenaza":"Inundaciones"}},{"type":"Feature","geometry":{"type":"Polygon","coordinates":[[[-75.551971,6.240381],[-75.551998,6.240394],[-75.552076,6.240253],[-75.552115,6.240059],[-75.552158,6.239988],[-75.552168,6.239897],[-75.552136,6.239771],[-75.552149,6.239667],[-75.552102,6.239412],[-75.55196,6.239266],[-75.551934,6.239174],[-75.551875,6.239252],[-75.551934,6.239374],[-75.552018,6.239448],[-75.552068,6.239674],[-75.552058,6.239831],[-75.552089,6.239919],[-75.552087,6.239956],[-75.552041,6.240047],[-75.551971,6.240381]]]},"properties":{"nombre":"Miraflores","riesgo":"Con condiciones de riesgo","amenaza":"Inundaciones"}},{"type":"Feature","geometry":{"type":"Polygon","coordinates":[[[-75.56171,6.254331],[-75.561203,6.255041],[-75.561293,6.255113],[-75.561746,6.254465],[-75.561811,6.254419],[-75.56171,6.254331]]]},"properties":{"nombre":"Los Ángeles","riesgo":"Con condiciones de riesgo","amenaza":"Inundaciones"}},{"type":"Feature","geometry":{"type":"Polygon","coordinates":[[[-75.600113,6.240777],[-75.599857,6.241098],[-75.599752,6.24114],[-75.599604,6.241154],[-75.599615,6.24131],[-75.599713,6.241313],[-75.599815,6.241282],[-75.5999,6.241239],[-75.599987,6.241167],[-75.60013,6.24096],[-75.600216,6.240917],[-75.600113,6.240777]]]},"properties":{"nombre":"Las Acacias","riesgo":"Con condiciones de riesgo","amenaza":"Inundaciones"}},{"type":"Feature","geometry":{"type":"Polygon","coordinates":[[[-75.594915,6.292618],[-75.595053,6.292635],[-75.595295,6.292715],[-75.595407,6.292774],[-75.595623,6.292946],[-75.595655,6.292995],[-75.595681,6.293113],[-75.595816,6.293261],[-75.595944,6.293358],[-75.596061,6.293475],[-75.59632,6.293521],[-75.596384,6.293591],[-75.596439,6.293605],[-75.596519,6.293655],[-75.596745,6.293673],[-75.596937,6.293635],[-75.597076,6.293736],[-75.597129,6.293835],[-75.597202,6.29392],[-75.597341,6.29402],[-75.597272,6.293859],[-75.597144,6.293732],[-75.597007,6.293635],[-75.596673,6.293585],[-75.596446,6.293584],[-75.596277,6.293456],[-75.596173,6.293431],[-75.596106,6.293359],[-75.595991,6.293315],[-75.595758,6.293078],[-75.595612,6.292901],[-75.595559,6.292805],[-75.595496,6.292754],[-75.595323,6.292703],[-75.595059,6.292564],[-75.594877,6.292546],[-75.594915,6.292618]]]},"properties":{"nombre":"Aures No.1","riesgo":"Con condiciones de riesgo","amenaza":"Inundaciones"}},{"type":"Feature","geometry":{"type":"Polygon","coordinates":[[[-75.550279,6.235603],[-75.550367,6.235613],[-75.550359,6.235573],[-75.550266,6.235565],[-75.550279,6.235603]]]},"properties":{"nombre":"Cataluña","riesgo":"Con condiciones de riesgo","amenaza":"Inundaciones"}},{"type":"Feature","geometry":{"type":"Polygon","coordinates":[[[-75.660235,6.18476],[-75.660446,6.184745],[-75.660491,6.184631],[-75.660784,6.184427],[-75.660782,6.184375],[-75.660761,6.184332],[-75.660769,6.184271],[-75.660798,6.184132],[-75.660881,6.183918],[-75.660858,6.183784],[-75.660862,6.183562],[-75.660884,6.183383],[-75.660914,6.183299],[-75.661061,6.183206],[-75.66111,6.183145],[-75.661068,6.183146],[-75.660982,6.183182],[-75.660835,6.183195],[-75.660591,6.183458],[-75.660585,6.183513],[-75.660661,6.183594],[-75.660668,6.18363],[-75.660617,6.183931],[-75.660557,6.18405],[-75.660529,6.184195],[-75.660394,6.184294],[-75.660245,6.184491],[-75.660235,6.18476]]]},"properties":{"nombre":"San Antonio de Prado","riesgo":"Con condiciones de riesgo","amenaza":"Movimientos en masa"}},{"type":"Feature","geometry":{"type":"Polygon","coordinates":[[[-75.660706,6.185407],[-75.660717,6.185437],[-75.66076,6.185461],[-75.661048,6.185587],[-75.661058,6.185565],[-75.66117,6.185571],[-75.661317,6.185362],[-75.661143,6.185392],[-75.66087,6.185215],[-75.660841,6.185214],[-75.660572,6.185056],[-75.660492,6.185078],[-75.660437,6.185113],[-75.660619,6.185183],[-75.660692,6.185188],[-75.660714,6.185178],[-75.660722,6.185152],[-75.660831,6.185212],[-75.660862,6.185275],[-75.660838,6.185346],[-75.660787,6.185386],[-75.660706,6.185407]]]},"properties":{"nombre":"San Antonio de Prado","riesgo":"Con condiciones de riesgo","amenaza":"Movimientos en masa"}},{"type":"Feature","geometry":{"type":"Polygon","coordinates":[[[-75.661346,6.185896],[-75.661321,6.185896],[-75.661305,6.185963],[-75.661314,6.186011],[-75.661367,6.186106],[-75.661439,6.186125],[-75.661546,6.186226],[-75.661657,6.186142],[-75.661625,6.186095],[-75.661654,6.186072],[-75.661619,6.186033],[-75.661588,6.186056],[-75.661544,6.186003],[-75.661629,6.185994],[-75.661504,6.18593],[-75.661395,6.185954],[-75.661346,6.185896]]]},"properties":{"nombre":"San Antonio de Prado","riesgo":"Con condiciones de riesgo","amenaza":"Movimientos en masa"}},{"type":"Feature","geometry":{"type":"Polygon","coordinates":[[[-75.661561,6.186238],[-75.661609,6.186289],[-75.661626,6.186276],[-75.661581,6.186222],[-75.661561,6.186238]]]},"properties":{"nombre":"San Antonio de Prado","riesgo":"Con condiciones de riesgo","amenaza":"Movimientos en masa"}},{"type":"Feature","geometry":{"type":"Polygon","coordinates":[[[-75.661691,6.186382],[-75.66184,6.18658],[-75.661879,6.186575],[-75.661906,6.186403],[-75.661761,6.186278],[-75.661691,6.186382]]]},"properties":{"nombre":"San Antonio de Prado","riesgo":"Con condiciones de riesgo","amenaza":"Movimientos en masa"}},{"type":"Feature","geometry":{"type":"Polygon","coordinates":[[[-75.525168,6.233531],[-75.524998,6.233602],[-75.525034,6.233668],[-75.524939,6.233725],[-75.524971,6.23376],[-75.525003,6.233709],[-75.525186,6.233611],[-75.525168,6.233531]]]},"properties":{"nombre":"La Sierra","riesgo":"Con condiciones de riesgo","amenaza":"Movimientos en masa"}},{"type":"Feature","geometry":{"type":"Polygon","coordinates":[[[-75.623142,6.245186],[-75.623123,6.245173],[-75.623027,6.24523],[-75.623047,6.245345],[-75.623142,6.245316],[-75.623161,6.245383],[-75.623142,6.245186]]]},"properties":{"nombre":"El Corazón","riesgo":"Con condiciones de riesgo","amenaza":"Movimientos en masa"}},{"type":"Feature","geometry":{"type":"Polygon","coordinates":[[[-75.623156,6.245454],[-75.623056,6.245469],[-75.623103,6.245579],[-75.623138,6.245568],[-75.623156,6.245454]]]},"properties":{"nombre":"Betania","riesgo":"Con condiciones de riesgo","amenaza":"Movimientos en masa"}},{"type":"Feature","geometry":{"type":"Polygon","coordinates":[[[-75.584265,6.302823],[-75.584524,6.30295],[-75.584628,6.302979],[-75.584655,6.3029],[-75.584713,6.302923],[-75.584744,6.302836],[-75.584838,6.302874],[-75.584911,6.302696],[-75.584991,6.302729],[-75.585043,6.302593],[-75.58498,6.302568],[-75.584954,6.302616],[-75.584834,6.302717],[-75.584324,6.302481],[-75.584242,6.302551],[-75.58422,6.302623],[-75.584263,6.302747],[-75.584265,6.302823]]]},"properties":{"nombre":"El Picacho","riesgo":"Alto riesgo no mitigable","amenaza":"Movimientos en masa"}},{"type":"Feature","geometry":{"type":"Polygon","coordinates":[[[-75.539518,6.285981],[-75.53969,6.285985],[-75.539966,6.286026],[-75.53994,6.285988],[-75.539955,6.285913],[-75.539832,6.285879],[-75.539741,6.285946],[-75.539579,6.285959],[-75.539518,6.285981]]]},"properties":{"nombre":"Carpinelo","riesgo":"Con condiciones de riesgo","amenaza":"Movimientos en masa"}},{"type":"Feature","geometry":{"type":"Polygon","coordinates":[[[-75.53612,6.285603],[-75.536075,6.285746],[-75.536026,6.286098],[-75.536037,6.286433],[-75.53609,6.286593],[-75.536067,6.286767],[-75.536243,6.286686],[-75.536284,6.286649],[-75.536325,6.286579],[-75.536354,6.286463],[-75.536342,6.286294],[-75.536238,6.286027],[-75.53612,6.285603]]]},"properties":{"nombre":"Carpinelo","riesgo":"Con condiciones de riesgo","amenaza":"Movimientos en masa"}},{"type":"Feature","geometry":{"type":"Polygon","coordinates":[[[-75.536001,6.287431],[-75.536097,6.287492],[-75.536138,6.287571],[-75.536135,6.287678],[-75.53609,6.287789],[-75.536068,6.288001],[-75.536073,6.288078],[-75.536131,6.288257],[-75.53613,6.288347],[-75.53622,6.288028],[-75.536266,6.287929],[-75.536272,6.287714],[-75.536255,6.287639],[-75.536197,6.287546],[-75.536104,6.287476],[-75.536001,6.287431]]]},"properties":{"nombre":"Carpinelo","riesgo":"Con condiciones de riesgo","amenaza":"Movimientos en masa"}},{"type":"Feature","geometry":{"type":"Polygon","coordinates":[[[-75.536931,6.288817],[-75.536902,6.288901],[-75.536853,6.288951],[-75.536703,6.288996],[-75.536598,6.289056],[-75.536548,6.289115],[-75.536351,6.289161],[-75.536234,6.289236],[-75.536197,6.289381],[-75.53614,6.289495],[-75.536127,6.289582],[-75.536149,6.289868],[-75.536214,6.289987],[-75.536185,6.289674],[-75.536191,6.289465],[-75.536214,6.289418],[-75.536307,6.289354],[-75.536575,6.289302],[-75.536871,6.289302],[-75.537185,6.289337],[-75.537504,6.289348],[-75.537758,6.289395],[-75.53778,6.28947],[-75.537816,6.289521],[-75.537858,6.289539],[-75.538046,6.289545],[-75.538088,6.289578],[-75.538131,6.289575],[-75.538156,6.289593],[-75.538364,6.289453],[-75.538417,6.289383],[-75.538434,6.289256],[-75.538365,6.288816],[-75.538216,6.28846],[-75.538105,6.288257],[-75.537983,6.288126],[-75.537905,6.287988],[-75.537836,6.287936],[-75.537714,6.287878],[-75.53751,6.287866],[-75.537406,6.287826],[-75.537371,6.287756],[-75.537336,6.287593],[-75.537266,6.287547],[-75.536968,6.287512],[-75.536811,6.287579],[-75.536737,6.287669],[-75.536726,6.287762],[-75.536743,6.287832],[-75.536859,6.287954],[-75.536923,6.288046],[-75.536958,6.288163],[-75.536976,6.28854],[-75.536964,6.28868],[-75.536931,6.288817]]]},"properties":{"nombre":"Carpinelo","riesgo":"Con condiciones de riesgo","amenaza":"Movimientos en masa"}},{"type":"Feature","geometry":{"type":"Polygon","coordinates":[[[-75.537937,6.292041],[-75.538162,6.292108],[-75.538383,6.292105],[-75.538357,6.292074],[-75.538315,6.291741],[-75.538267,6.291669],[-75.538148,6.291562],[-75.538089,6.291437],[-75.538107,6.291341],[-75.53825,6.291151],[-75.538262,6.291103],[-75.538248,6.29103],[-75.538219,6.290983],[-75.53796,6.290819],[-75.537872,6.290736],[-75.537854,6.290666],[-75.53786,6.290337],[-75.537825,6.290196],[-75.537766,6.290079],[-75.537725,6.290043],[-75.537648,6.289926],[-75.537595,6.289891],[-75.537478,6.289861],[-75.537383,6.289902],[-75.537342,6.289949],[-75.537307,6.290167],[-75.537283,6.290214],[-75.537142,6.290243],[-75.537054,6.29006],[-75.536977,6.289995],[-75.53686,6.289931],[-75.536789,6.289907],[-75.536718,6.289907],[-75.536524,6.289983],[-75.536442,6.290072],[-75.536377,6.290226],[-75.536594,6.290516],[-75.536817,6.290773],[-75.536912,6.290736],[-75.537007,6.290736],[-75.537201,6.290841],[-75.537318,6.290847],[-75.537412,6.290824],[-75.537577,6.290853],[-75.537654,6.290906],[-75.537677,6.290953],[-75.537683,6.291024],[-75.537665,6.291047],[-75.537524,6.291088],[-75.537477,6.291118],[-75.537418,6.29127],[-75.537377,6.291482],[-75.537351,6.291541],[-75.537266,6.291638],[-75.537251,6.291698],[-75.537459,6.291981],[-75.537496,6.292006],[-75.537625,6.292039],[-75.537718,6.292006],[-75.537817,6.292004],[-75.537937,6.292041]]]},"properties":{"nombre":"Carpinelo","riesgo":"Con condiciones de riesgo","amenaza":"Movimientos en masa"}},{"type":"Feature","geometry":{"type":"Polygon","coordinates":[[[-75.538777,6.292317],[-75.53887,6.292395],[-75.538974,6.292401],[-75.539027,6.292434],[-75.539099,6.292436],[-75.53927,6.292408],[-75.539383,6.292425],[-75.539501,6.292488],[-75.539636,6.292488],[-75.539755,6.292434],[-75.539998,6.292366],[-75.540118,6.292308],[-75.540271,6.292308],[-75.540334,6.292286],[-75.540495,6.292205],[-75.540532,6.292161],[-75.540579,6.292022],[-75.540414,6.292047],[-75.540362,6.29203],[-75.540334,6.291991],[-75.540334,6.29204],[-75.540311,6.292072],[-75.540121,6.292122],[-75.539897,6.292125],[-75.539792,6.292052],[-75.539468,6.291923],[-75.539415,6.291842],[-75.53945,6.29171],[-75.539578,6.291564],[-75.539647,6.291599],[-75.539821,6.291818],[-75.54014,6.291719],[-75.540162,6.291702],[-75.540182,6.29165],[-75.540195,6.291573],[-75.539932,6.291432],[-75.539891,6.291268],[-75.539693,6.291285],[-75.539586,6.291181],[-75.539591,6.291145],[-75.539695,6.290989],[-75.539824,6.290569],[-75.539811,6.290532],[-75.539712,6.290514],[-75.53976,6.290498],[-75.539863,6.290507],[-75.539915,6.29061],[-75.539941,6.290627],[-75.539941,6.290653],[-75.539967,6.29067],[-75.539992,6.290782],[-75.539992,6.290868],[-75.539932,6.290903],[-75.539829,6.29092],[-75.539777,6.290946],[-75.539777,6.291075],[-75.539855,6.291118],[-75.539984,6.291144],[-75.54025,6.291144],[-75.540483,6.291075],[-75.540526,6.291023],[-75.540552,6.290946],[-75.54056,6.290816],[-75.540543,6.290765],[-75.540483,6.290696],[-75.540448,6.290593],[-75.54044,6.290119],[-75.540466,6.289956],[-75.540543,6.289904],[-75.540621,6.289878],[-75.540827,6.289844],[-75.540965,6.289801],[-75.54112,6.289724],[-75.54125,6.289634],[-75.541315,6.289623],[-75.541174,6.289487],[-75.54112,6.289409],[-75.541147,6.289205],[-75.541077,6.289175],[-75.540862,6.289293],[-75.540796,6.289311],[-75.54075,6.28931],[-75.540672,6.289242],[-75.540612,6.289213],[-75.540644,6.289168],[-75.540656,6.289109],[-75.540659,6.2889],[-75.540529,6.288817],[-75.540464,6.288844],[-75.540438,6.288894],[-75.540432,6.289009],[-75.540373,6.289071],[-75.540412,6.289239],[-75.540173,6.289371],[-75.540044,6.289422],[-75.539967,6.289439],[-75.539855,6.289405],[-75.539751,6.289405],[-75.5397,6.289422],[-75.539648,6.289457],[-75.539571,6.289594],[-75.539519,6.289646],[-75.539485,6.289723],[-75.539455,6.289731],[-75.53939,6.289861],[-75.539399,6.289939],[-75.53945,6.290016],[-75.539502,6.290033],[-75.539657,6.290042],[-75.5397,6.290128],[-75.5397,6.290283],[-75.539519,6.290403],[-75.539046,6.290395],[-75.538943,6.290412],[-75.538818,6.290492],[-75.538812,6.290521],[-75.538736,6.290627],[-75.53871,6.290679],[-75.538659,6.291023],[-75.538659,6.291238],[-75.538693,6.291453],[-75.538796,6.291496],[-75.538869,6.291573],[-75.538991,6.291559],[-75.539011,6.291574],[-75.539077,6.29168],[-75.539086,6.291852],[-75.539081,6.291974],[-75.539054,6.292073],[-75.538968,6.292129],[-75.538796,6.292329],[-75.538777,6.292317]]]},"properties":{"nombre":"Carpinelo","riesgo":"Con condiciones de riesgo","amenaza":"Movimientos en masa"}},{"type":"Feature","geometry":{"type":"Polygon","coordinates":[[[-75.553403,6.298831],[-75.553474,6.298831],[-75.553579,6.298794],[-75.553664,6.298794],[-75.553736,6.298955],[-75.553741,6.299046],[-75.553824,6.299168],[-75.553856,6.299293],[-75.553892,6.299344],[-75.553956,6.299374],[-75.554138,6.299384],[-75.554204,6.299407],[-75.554339,6.299521],[-75.554413,6.299566],[-75.554503,6.29959],[-75.554584,6.299659],[-75.554709,6.299699],[-75.554783,6.299681],[-75.555041,6.299533],[-75.555092,6.299443],[-75.555053,6.299427],[-75.554931,6.299424],[-75.554833,6.299443],[-75.554748,6.299486],[-75.554657,6.299468],[-75.554562,6.299387],[-75.554455,6.299344],[-75.554293,6.299195],[-75.554193,6.299156],[-75.554024,6.299153],[-75.553986,6.298897],[-75.553831,6.298684],[-75.55372,6.298594],[-75.553686,6.29858],[-75.553571,6.298579],[-75.553363,6.298648],[-75.553197,6.298621],[-75.5531,6.298461],[-75.552971,6.298343],[-75.552788,6.298221],[-75.552657,6.298168],[-75.552626,6.298032],[-75.552495,6.29786],[-75.55243,6.297799],[-75.552274,6.297698],[-75.552106,6.297665],[-75.552063,6.297543],[-75.551975,6.297466],[-75.551881,6.297444],[-75.551818,6.297456],[-75.551715,6.297411],[-75.5516,6.297488],[-75.551548,6.297579],[-75.551606,6.297635],[-75.551738,6.297643],[-75.551818,6.297682],[-75.551901,6.297682],[-75.551916,6.297713],[-75.551919,6.297796],[-75.551974,6.297857],[-75.552181,6.297877],[-75.552215,6.297899],[-75.552241,6.29795],[-75.552333,6.297963],[-75.552449,6.298133],[-75.552457,6.298273],[-75.552501,6.298346],[-75.55254,6.298369],[-75.552652,6.298376],[-75.552728,6.298438],[-75.552803,6.298454],[-75.552844,6.298486],[-75.552874,6.298549],[-75.552937,6.298579],[-75.552974,6.298649],[-75.553046,6.298702],[-75.553083,6.298714],[-75.553099,6.298672],[-75.553297,6.298723],[-75.55337,6.298761],[-75.553403,6.298752],[-75.553403,6.298831]]]},"properties":{"nombre":"Andalucía","riesgo":"Con condiciones de riesgo","amenaza":"Movimientos en masa"}},{"type":"Feature","geometry":{"type":"Polygon","coordinates":[[[-75.615893,6.241516],[-75.615846,6.241498],[-75.615112,6.241491],[-75.615036,6.241465],[-75.614969,6.241464],[-75.61486,6.241507],[-75.614801,6.24151],[-75.614735,6.241551],[-75.614603,6.241551],[-75.614459,6.24153],[-75.614223,6.241556],[-75.614043,6.24154],[-75.613739,6.24155],[-75.61367,6.241583],[-75.613562,6.241678],[-75.613533,6.241735],[-75.613654,6.24181],[-75.613673,6.241747],[-75.613751,6.241622],[-75.61379,6.241582],[-75.613825,6.241573],[-75.613899,6.241578],[-75.61409,6.241653],[-75.614184,6.241658],[-75.614394,6.241613],[-75.614632,6.241644],[-75.615206,6.241623],[-75.615403,6.241549],[-75.615704,6.241591],[-75.615783,6.241573],[-75.615893,6.241516]]]},"properties":{"nombre":"La Castellana","riesgo":"Con condiciones de riesgo","amenaza":"Inundaciones"}},{"type":"Feature","geometry":{"type":"MultiPolygon","coordinates":[[[[-75.566543,6.279023],[-75.566792,6.279237],[-75.566983,6.279399],[-75.566543,6.279023]]],[[[-75.567276,6.279617],[-75.567338,6.279694],[-75.567514,6.279914],[-75.567276,6.279617]]]]},"properties":{"nombre":"Moravia","riesgo":"Con condiciones de riesgo","amenaza":"Movimientos en masa"}},{"type":"Feature","geometry":{"type":"Polygon","coordinates":[[[-75.567999,6.279889],[-75.56802,6.279835],[-75.568147,6.279884],[-75.568231,6.279568],[-75.568312,6.279341],[-75.568335,6.279337],[-75.568358,6.279266],[-75.568338,6.279262],[-75.568361,6.279175],[-75.568335,6.279162],[-75.568401,6.278947],[-75.568315,6.278919],[-75.568366,6.278795],[-75.568325,6.27878],[-75.568361,6.278547],[-75.568389,6.278478],[-75.568432,6.278435],[-75.568472,6.278361],[-75.568626,6.277859],[-75.568683,6.277699],[-75.568715,6.277691],[-75.568826,6.277351],[-75.568776,6.277153],[-75.568623,6.277014],[-75.568449,6.276795],[-75.568404,6.276689],[-75.568401,6.276629],[-75.56831,6.276338],[-75.568238,6.276181],[-75.568092,6.276095],[-75.567966,6.275986],[-75.567767,6.275873],[-75.567594,6.275574],[-75.56755,6.275572],[-75.567494,6.275603],[-75.567456,6.27567],[-75.567407,6.275713],[-75.567221,6.275747],[-75.567097,6.275752],[-75.566794,6.275704],[-75.566548,6.27581],[-75.566513,6.275818],[-75.566435,6.275798],[-75.566397,6.275847],[-75.566355,6.275837],[-75.566321,6.275875],[-75.566149,6.275915],[-75.566095,6.275983],[-75.566027,6.276116],[-75.566024,6.276225],[-75.566106,6.276405],[-75.566126,6.276404],[-75.566173,6.276451],[-75.566166,6.27647],[-75.566363,6.276708],[-75.566369,6.276737],[-75.566384,6.276724],[-75.566409,6.276771],[-75.566446,6.27676],[-75.566495,6.276849],[-75.566638,6.276898],[-75.566696,6.276976],[-75.566811,6.276979],[-75.566796,6.277183],[-75.566869,6.277192],[-75.566907,6.277187],[-75.566907,6.277173],[-75.567051,6.277198],[-75.56709,6.277221],[-75.567142,6.277197],[-75.567199,6.277219],[-75.56725,6.277344],[-75.567306,6.277624],[-75.567379,6.277791],[-75.567463,6.277944],[-75.567627,6.278108],[-75.567756,6.278269],[-75.567781,6.278345],[-75.567757,6.27852],[-75.567652,6.278759],[-75.567614,6.278883],[-75.567634,6.279196],[-75.567588,6.279518],[-75.56762,6.279528],[-75.567747,6.279666],[-75.567871,6.279716],[-75.567864,6.279764],[-75.567884,6.279805],[-75.567863,6.279835],[-75.567921,6.279886],[-75.567942,6.279871],[-75.567999,6.279889]]]},"properties":{"nombre":"Moravia","riesgo":"Alto riesgo no mitigable","amenaza":"Movimientos en masa"}},{"type":"Feature","geometry":{"type":"Polygon","coordinates":[[[-75.566273,6.282768],[-75.566203,6.28281],[-75.566219,6.28292],[-75.566276,6.28296],[-75.566392,6.282988],[-75.566813,6.283258],[-75.567033,6.283342],[-75.566993,6.283422],[-75.567269,6.283548],[-75.567592,6.283548],[-75.567691,6.283515],[-75.56779,6.283429],[-75.567869,6.283159],[-75.567869,6.283014],[-75.567921,6.282678],[-75.567902,6.282315],[-75.567671,6.282309],[-75.567625,6.282335],[-75.567493,6.282332],[-75.567354,6.282056],[-75.567259,6.281922],[-75.567136,6.281804],[-75.566728,6.281763],[-75.566726,6.281781],[-75.566688,6.281777],[-75.566685,6.281993],[-75.566635,6.282336],[-75.566578,6.282455],[-75.566421,6.282676],[-75.566368,6.282672],[-75.566273,6.282768]]]},"properties":{"nombre":"Moravia","riesgo":"Alto riesgo no mitigable","amenaza":"Movimientos en masa"}},{"type":"Feature","geometry":{"type":"Polygon","coordinates":[[[-75.565636,6.284857],[-75.565684,6.28488],[-75.565904,6.285086],[-75.566298,6.28513],[-75.566342,6.285149],[-75.566424,6.285057],[-75.566739,6.284789],[-75.567084,6.284435],[-75.567351,6.284243],[-75.567691,6.28387],[-75.567471,6.284021],[-75.56739,6.28405],[-75.567331,6.284141],[-75.566862,6.284294],[-75.566566,6.284342],[-75.566432,6.284399],[-75.56604,6.284505],[-75.565791,6.284658],[-75.565681,6.284777],[-75.565636,6.284857]]]},"properties":{"nombre":"Moravia","riesgo":"Alto riesgo no mitigable","amenaza":"Inundaciones"}},{"type":"Feature","geometry":{"type":"Polygon","coordinates":[[[-75.567514,6.279914],[-75.568023,6.280498],[-75.568019,6.280332],[-75.56775,6.280057],[-75.567456,6.27967],[-75.567299,6.279526],[-75.567119,6.27944],[-75.566997,6.279339],[-75.56671,6.279031],[-75.566574,6.27893],[-75.566467,6.278679],[-75.566295,6.278428],[-75.566244,6.278299],[-75.566244,6.278252],[-75.566181,6.278247],[-75.566246,6.278439],[-75.566543,6.279023],[-75.566983,6.279399],[-75.567276,6.279617],[-75.567514,6.279914]]]},"properties":{"nombre":"Moravia","riesgo":"Con condiciones de riesgo","amenaza":"Avenidas Torrenciales"}},{"type":"Feature","geometry":{"type":"Polygon","coordinates":[[[-75.57243,6.257642],[-75.572457,6.25773],[-75.573233,6.25888],[-75.573446,6.259293],[-75.57374,6.260289],[-75.573809,6.260151],[-75.573753,6.260015],[-75.573699,6.259742],[-75.573538,6.259272],[-75.573255,6.258799],[-75.573092,6.258568],[-75.572978,6.258463],[-75.57292,6.258386],[-75.572863,6.258253],[-75.572729,6.25808],[-75.57271,6.258004],[-75.572643,6.257899],[-75.5725,6.257602],[-75.572491,6.257521],[-75.57243,6.257642]]]},"properties":{"nombre":"San Benito","riesgo":"Con condiciones de riesgo","amenaza":"Avenidas Torrenciales"}},{"type":"Feature","geometry":{"type":"Polygon","coordinates":[[[-75.597835,6.273825],[-75.598325,6.273832],[-75.598423,6.273861],[-75.598698,6.273998],[-75.598815,6.274137],[-75.598883,6.274271],[-75.598948,6.274556],[-75.598999,6.274634],[-75.599053,6.274773],[-75.599137,6.274883],[-75.599272,6.274977],[-75.599412,6.275013],[-75.599505,6.275015],[-75.600138,6.27494],[-75.600459,6.274861],[-75.60065,6.274851],[-75.600884,6.274863],[-75.601148,6.27496],[-75.601525,6.275181],[-75.601673,6.275295],[-75.601717,6.275309],[-75.601895,6.275312],[-75.6022,6.275418],[-75.602366,6.275509],[-75.602526,6.275648],[-75.602754,6.275769],[-75.603076,6.275801],[-75.603087,6.275707],[-75.603018,6.275729],[-75.60283,6.275742],[-75.602776,6.275693],[-75.602673,6.275647],[-75.602587,6.275581],[-75.602464,6.275538],[-75.602175,6.275351],[-75.601904,6.275233],[-75.601811,6.27522],[-75.601787,6.275192],[-75.601681,6.275185],[-75.601519,6.275098],[-75.601356,6.275046],[-75.601243,6.274944],[-75.600991,6.274828],[-75.600816,6.274718],[-75.600664,6.274722],[-75.600635,6.2747],[-75.600488,6.274694],[-75.600304,6.27472],[-75.600115,6.274805],[-75.600014,6.274821],[-75.599854,6.274767],[-75.59982,6.274745],[-75.5998,6.274694],[-75.599769,6.274674],[-75.599618,6.274674],[-75.599583,6.274659],[-75.599529,6.274605],[-75.599399,6.274618],[-75.599364,6.274576],[-75.599271,6.274563],[-75.599072,6.274421],[-75.599006,6.27428],[-75.599023,6.274228],[-75.598962,6.274203],[-75.598931,6.274059],[-75.598862,6.273923],[-75.59881,6.273907],[-75.598793,6.273857],[-75.598594,6.273737],[-75.598307,6.273658],[-75.598173,6.273659],[-75.597768,6.273618],[-75.597473,6.273492],[-75.597165,6.273289],[-75.596989,6.273067],[-75.596879,6.272957],[-75.596774,6.272866],[-75.596652,6.2728],[-75.596295,6.272723],[-75.595977,6.272734],[-75.595741,6.272771],[-75.595464,6.272767],[-75.595349,6.272736],[-75.594784,6.272391],[-75.594617,6.272264],[-75.594122,6.271738],[-75.594013,6.271838],[-75.594216,6.27199],[-75.594279,6.272122],[-75.594287,6.272251],[-75.594308,6.272269],[-75.594419,6.272248],[-75.594464,6.272263],[-75.594664,6.2724],[-75.594727,6.272484],[-75.594778,6.272603],[-75.594936,6.27286],[-75.595005,6.272914],[-75.595235,6.272968],[-75.595644,6.272983],[-75.595761,6.272974],[-75.595889,6.272935],[-75.596003,6.272935],[-75.596137,6.272965],[-75.596215,6.273007],[-75.596266,6.273016],[-75.596385,6.273092],[-75.596555,6.273308],[-75.596622,6.273369],[-75.596713,6.27342],[-75.596824,6.273419],[-75.596917,6.273461],[-75.597087,6.273482],[-75.597222,6.273569],[-75.597255,6.273572],[-75.597377,6.273635],[-75.597479,6.273704],[-75.597567,6.2738],[-75.597692,6.273825],[-75.597835,6.273825]]]},"properties":{"nombre":"Robledo","riesgo":"Con condiciones de riesgo","amenaza":"Avenidas Torrenciales"}},{"type":"Feature","geometry":{"type":"MultiPolygon","coordinates":[[[[-75.597567,6.2738],[-75.597548,6.273911],[-75.597601,6.274043],[-75.597602,6.274121],[-75.597698,6.274229],[-75.597853,6.274522],[-75.597932,6.274635],[-75.598062,6.274895],[-75.598093,6.274928],[-75.59819,6.274976],[-75.5985,6.27504],[-75.598569,6.275101],[-75.59857,6.275199],[-75.598485,6.275394],[-75.598435,6.275471],[-75.598409,6.275646],[-75.598462,6.27583],[-75.598504,6.275906],[-75.598558,6.276142],[-75.598611,6.276218],[-75.598654,6.276246],[-75.598765,6.2763],[-75.598798,6.2763],[-75.598848,6.276264],[-75.598869,6.276186],[-75.598834,6.276078],[-75.598805,6.276067],[-75.59879,6.276],[-75.598697,6.275849],[-75.598676,6.275777],[-75.598669,6.275633],[-75.598669,6.275569],[-75.598769,6.275293],[-75.598754,6.275121],[-75.598647,6.274973],[-75.598552,6.274912],[-75.598462,6.274888],[-75.598291,6.274882],[-75.59825,6.274864],[-75.598097,6.274573],[-75.597789,6.274207],[-75.597781,6.274051],[-75.597835,6.273825],[-75.597692,6.273825],[-75.597567,6.2738]]],[[[-75.600135,6.279966],[-75.600262,6.279966],[-75.60035,6.279925],[-75.600376,6.27986],[-75.600404,6.279594],[-75.600383,6.279408],[-75.600261,6.27925],[-75.60017,6.279204],[-75.600049,6.279192],[-75.599985,6.279221],[-75.599963,6.279267],[-75.599963,6.279328],[-75.600023,6.279475],[-75.600067,6.279494],[-75.600139,6.279623],[-75.600135,6.279966]]]]},"properties":{"nombre":"Robledo","riesgo":"Con condiciones de riesgo","amenaza":"Avenidas Torrenciales"}},{"type":"Feature","geometry":{"type":"Polygon","coordinates":[[[-75.614259,6.262632],[-75.614288,6.262688],[-75.614288,6.262885],[-75.614397,6.263037],[-75.614317,6.262887],[-75.614312,6.26272],[-75.614259,6.262632]]]},"properties":{"nombre":"Juan XXIII La Quiebra","riesgo":"Con condiciones de riesgo","amenaza":"Movimientos en masa"}},{"type":"Feature","geometry":{"type":"Polygon","coordinates":[[[-75.614429,6.263054],[-75.614481,6.263098],[-75.614483,6.263091],[-75.614429,6.263054]]]},"properties":{"nombre":"Juan XXIII La Quiebra","riesgo":"Con condiciones de riesgo","amenaza":"Movimientos en masa"}},{"type":"Feature","geometry":{"type":"Polygon","coordinates":[[[-75.613964,6.268404],[-75.614108,6.268599],[-75.61431,6.268647],[-75.614364,6.268637],[-75.614394,6.268655],[-75.614405,6.268708],[-75.614367,6.268749],[-75.614303,6.268779],[-75.614269,6.268923],[-75.614289,6.268993],[-75.614351,6.269061],[-75.614441,6.269059],[-75.614625,6.268976],[-75.614863,6.26901],[-75.614954,6.269057],[-75.614953,6.268908],[-75.614991,6.268697],[-75.615004,6.268474],[-75.61504,6.268336],[-75.615025,6.268298],[-75.615043,6.268161],[-75.615039,6.268009],[-75.614999,6.267863],[-75.614768,6.267476],[-75.614696,6.267198],[-75.614688,6.267087],[-75.614642,6.26699],[-75.614592,6.267005],[-75.614527,6.266983],[-75.614472,6.267107],[-75.614577,6.267516],[-75.614666,6.267698],[-75.614821,6.267939],[-75.614869,6.268173],[-75.614646,6.268504],[-75.614566,6.26844],[-75.614362,6.268367],[-75.614175,6.26826],[-75.613964,6.268404]]]},"properties":{"nombre":"Juan XXIII La Quiebra","riesgo":"Con condiciones de riesgo","amenaza":"Movimientos en masa"}},{"type":"Feature","geometry":{"type":"Polygon","coordinates":[[[-75.625471,6.252682],[-75.625469,6.252629],[-75.625318,6.252584],[-75.625271,6.252777],[-75.625471,6.252682]]]},"properties":{"nombre":"Veinte de Julio","riesgo":"Con condiciones de riesgo","amenaza":"Movimientos en masa"}},{"type":"Feature","geometry":{"type":"Polygon","coordinates":[[[-75.626424,6.253165],[-75.626437,6.253207],[-75.626496,6.253265],[-75.626575,6.25326],[-75.626552,6.253068],[-75.626567,6.252949],[-75.626512,6.253008],[-75.626424,6.253165]]]},"properties":{"nombre":"Veinte de Julio","riesgo":"Con condiciones de riesgo","amenaza":"Movimientos en masa"}},{"type":"Feature","geometry":{"type":"Polygon","coordinates":[[[-75.62504,6.252904],[-75.624979,6.252945],[-75.624953,6.252982],[-75.62511,6.253049],[-75.625209,6.253119],[-75.625331,6.253269],[-75.625389,6.253381],[-75.625465,6.253457],[-75.625529,6.253458],[-75.625625,6.2534],[-75.625775,6.25335],[-75.625763,6.253317],[-75.625639,6.253329],[-75.625569,6.253309],[-75.625445,6.253168],[-75.625421,6.2531],[-75.625304,6.252979],[-75.625163,6.252955],[-75.6251,6.252915],[-75.62504,6.252904]]]},"properties":{"nombre":"Veinte de Julio","riesgo":"Con condiciones de riesgo","amenaza":"Movimientos en masa"}},{"type":"Feature","geometry":{"type":"Polygon","coordinates":[[[-75.619756,6.249144],[-75.619881,6.249134],[-75.619907,6.249006],[-75.619913,6.248844],[-75.619953,6.248719],[-75.619992,6.24865],[-75.619877,6.248511],[-75.61984,6.248393],[-75.619631,6.248338],[-75.619391,6.24865],[-75.619308,6.248854],[-75.619197,6.249027],[-75.619212,6.249055],[-75.61937,6.249103],[-75.619756,6.249144]]]},"properties":{"nombre":"Veinte de Julio","riesgo":"Alto riesgo no mitigable","amenaza":"Movimientos en masa"}},{"type":"Feature","geometry":{"type":"Polygon","coordinates":[[[-75.6188,6.252616],[-75.618917,6.252828],[-75.619005,6.253069],[-75.619015,6.253152],[-75.61907,6.253129],[-75.61901,6.252888],[-75.618928,6.252709],[-75.61886,6.252615],[-75.618827,6.252602],[-75.6188,6.252616]]]},"properties":{"nombre":"Veinte de Julio","riesgo":"Con condiciones de riesgo","amenaza":"Inundaciones"}},{"type":"Feature","geometry":{"type":"Polygon","coordinates":[[[-75.559081,6.294851],[-75.559045,6.294889],[-75.559154,6.294994],[-75.5593,6.295191],[-75.559358,6.295243],[-75.559385,6.295217],[-75.559081,6.294851]]]},"properties":{"nombre":"Villa Niza","riesgo":"Con condiciones de riesgo","amenaza":"Inundaciones"}},{"type":"Feature","geometry":{"type":"Polygon","coordinates":[[[-75.595173,6.247787],[-75.595352,6.247808],[-75.595352,6.247772],[-75.595173,6.247787]]]},"properties":{"nombre":"Laureles","riesgo":"Con condiciones de riesgo","amenaza":"Inundaciones"}},{"type":"Feature","geometry":{"type":"MultiPolygon","coordinates":[[[[-75.555622,6.246071],[-75.555632,6.246128],[-75.555688,6.246189],[-75.555743,6.246237],[-75.555924,6.246301],[-75.556039,6.246464],[-75.556134,6.246498],[-75.55635,6.246534],[-75.556461,6.246597],[-75.556605,6.246638],[-75.556813,6.246764],[-75.556753,6.246814],[-75.556163,6.247028],[-75.555787,6.247277],[-75.555049,6.247583],[-75.55493,6.247665],[-75.554872,6.247672],[-75.554897,6.247806],[-75.554961,6.247792],[-75.555185,6.247643],[-75.55583,6.247389],[-75.556146,6.247178],[-75.55644,6.247036],[-75.556794,6.246926],[-75.556924,6.246852],[-75.557011,6.24695],[-75.557177,6.247091],[-75.557297,6.247134],[-75.557084,6.247325],[-75.55691,6.247548],[-75.556661,6.247798],[-75.556502,6.247848],[-75.556245,6.247874],[-75.556122,6.247959],[-75.556023,6.247973],[-75.555745,6.248088],[-75.555582,6.248205],[-75.555561,6.248241],[-75.555548,6.248373],[-75.555569,6.248558],[-75.555536,6.248735],[-75.55548,6.2489],[-75.555369,6.248996],[-75.555204,6.248999],[-75.555103,6.249018],[-75.555188,6.249075],[-75.555434,6.249055],[-75.555518,6.249005],[-75.555575,6.248937],[-75.555631,6.248801],[-75.555631,6.248349],[-75.555652,6.248262],[-75.555675,6.248239],[-75.556057,6.248063],[-75.556214,6.248045],[-75.556266,6.247963],[-75.556294,6.247947],[-75.556494,6.24794],[-75.556714,6.247874],[-75.557006,6.247591],[-75.557129,6.247395],[-75.557352,6.247215],[-75.5574,6.247143],[-75.557529,6.247121],[-75.557648,6.247054],[-75.557655,6.247032],[-75.557655,6.246941],[-75.557598,6.246836],[-75.557585,6.246828],[-75.557364,6.246883],[-75.557241,6.246863],[-75.557142,6.246803],[-75.556836,6.246564],[-75.556721,6.246504],[-75.556493,6.246423],[-75.556399,6.246362],[-75.556019,6.246052],[-75.55596,6.245971],[-75.55593,6.246032],[-75.555792,6.245875],[-75.555766,6.245818],[-75.555622,6.246071]]],[[[-75.562572,6.245842],[-75.563208,6.246497],[-75.563246,6.246424],[-75.562811,6.245967],[-75.562572,6.245842]]]]},"properties":{"nombre":"Boston","riesgo":"Con condiciones de riesgo","amenaza":"Avenidas Torrenciales"}},{"type":"Feature","geometry":{"type":"Polygon","coordinates":[[[-75.584571,6.261308],[-75.58425,6.261156],[-75.584093,6.261134],[-75.583953,6.261084],[-75.583634,6.26093],[-75.58341,6.260773],[-75.583335,6.260673],[-75.582936,6.260376],[-75.582307,6.259874],[-75.58201,6.259698],[-75.581831,6.259618],[-75.58168,6.259615],[-75.581466,6.259533],[-75.580942,6.259395],[-75.579818,6.259044],[-75.579568,6.259052],[-75.579336,6.25903],[-75.579064,6.258936],[-75.578949,6.258911],[-75.57892,6.258907],[-75.578821,6.258962],[-75.57847,6.259198],[-75.578446,6.259325],[-75.578537,6.259374],[-75.578859,6.25938],[-75.579176,6.259416],[-75.579328,6.259416],[-75.579547,6.259395],[-75.579714,6.259317],[-75.57986,6.259311],[-75.58018,6.259413],[-75.580317,6.259368],[-75.5805,6.25944],[-75.580763,6.259586],[-75.580945,6.259721],[-75.581163,6.25984],[-75.581214,6.259891],[-75.581318,6.259933],[-75.581465,6.259948],[-75.581722,6.26002],[-75.581901,6.26019],[-75.582015,6.260238],[-75.582367,6.260465],[-75.582771,6.260785],[-75.582917,6.260928],[-75.583102,6.26106],[-75.583291,6.261138],[-75.58341,6.261168],[-75.583533,6.261248],[-75.583691,6.261311],[-75.583894,6.261428],[-75.584076,6.261556],[-75.584154,6.261571],[-75.584365,6.261711],[-75.584571,6.261308]]]},"properties":{"nombre":"Nueva Villa de La Iguaná","riesgo":"Alto riesgo no mitigable","amenaza":"Avenidas Torrenciales"}},{"type":"Feature","geometry":{"type":"MultiPolygon","coordinates":[[[[-75.549748,6.242673],[-75.550051,6.242692],[-75.550058,6.242558],[-75.549971,6.242563],[-75.549551,6.242509],[-75.549454,6.242486],[-75.549148,6.242363],[-75.548975,6.24225],[-75.548775,6.242028],[-75.54861,6.241892],[-75.548206,6.241663],[-75.548057,6.241551],[-75.547805,6.241346],[-75.547709,6.241244],[-75.547539,6.240994],[-75.547207,6.240404],[-75.547026,6.240245],[-75.546862,6.240061],[-75.546767,6.239999],[-75.546316,6.239888],[-75.546051,6.239939],[-75.545865,6.239931],[-75.545692,6.239853],[-75.545599,6.239788],[-75.545434,6.239738],[-75.545205,6.239609],[-75.545147,6.239544],[-75.545147,6.2394],[-75.54519,6.239156],[-75.545241,6.239005],[-75.545239,6.238899],[-75.545143,6.23872],[-75.544765,6.238281],[-75.544598,6.237993],[-75.544564,6.237869],[-75.544498,6.237769],[-75.544483,6.237713],[-75.544266,6.237414],[-75.544207,6.237355],[-75.544066,6.237121],[-75.543805,6.237085],[-75.543563,6.236955],[-75.5434,6.236839],[-75.543196,6.236789],[-75.543081,6.236721],[-75.543019,6.236719],[-75.542691,6.236547],[-75.542505,6.236496],[-75.542397,6.236432],[-75.542167,6.236166],[-75.542103,6.235994],[-75.542031,6.235886],[-75.541888,6.235707],[-75.541766,6.235599],[-75.541651,6.235449],[-75.541417,6.235044],[-75.541369,6.234986],[-75.541255,6.2349],[-75.541192,6.234823],[-75.541025,6.234699],[-75.540982,6.234675],[-75.540848,6.234646],[-75.540767,6.234603],[-75.54069,6.234594],[-75.540552,6.234546],[-75.540466,6.234507],[-75.540325,6.234389],[-75.540157,6.234162],[-75.539709,6.233295],[-75.539614,6.233223],[-75.539554,6.233145],[-75.539548,6.233014],[-75.539489,6.232854],[-75.539325,6.232983],[-75.53935,6.233049],[-75.539354,6.233268],[-75.539374,6.233339],[-75.539447,6.2334],[-75.539649,6.233515],[-75.539763,6.233621],[-75.539822,6.233732],[-75.539962,6.234112],[-75.540059,6.234323],[-75.540108,6.234387],[-75.540239,6.234477],[-75.540373,6.234666],[-75.540462,6.23475],[-75.540512,6.234827],[-75.54062,6.234843],[-75.540826,6.234826],[-75.54096,6.23485],[-75.541069,6.234899],[-75.541227,6.235048],[-75.541327,6.235182],[-75.541431,6.235491],[-75.541515,6.235652],[-75.541588,6.235751],[-75.541614,6.235834],[-75.541833,6.236051],[-75.541971,6.236211],[-75.542069,6.236374],[-75.542204,6.236531],[-75.542411,6.23666],[-75.542442,6.236711],[-75.542546,6.23673],[-75.542742,6.236815],[-75.54281,6.236824],[-75.542944,6.236905],[-75.543099,6.236945],[-75.543135,6.236981],[-75.543216,6.236992],[-75.543263,6.237023],[-75.543605,6.23714],[-75.543967,6.237173],[-75.544074,6.237223],[-75.544119,6.237323],[-75.544166,6.237349],[-75.544157,6.237439],[-75.544191,6.237504],[-75.54424,6.237567],[-75.54438,6.237692],[-75.544484,6.237848],[-75.544539,6.238007],[-75.544531,6.238087],[-75.544547,6.238146],[-75.544595,6.238197],[-75.544702,6.238373],[-75.544866,6.238544],[-75.544892,6.238667],[-75.544971,6.23882],[-75.544992,6.238969],[-75.544976,6.239129],[-75.544931,6.239303],[-75.544929,6.239466],[-75.544961,6.239634],[-75.545041,6.23979],[-75.545162,6.239901],[-75.545225,6.239987],[-75.545526,6.240151],[-75.546148,6.240197],[-75.546358,6.240196],[-75.546623,6.240303],[-75.546971,6.24039],[-75.547143,6.240575],[-75.547193,6.24068],[-75.547204,6.240795],[-75.547302,6.240897],[-75.547404,6.241097],[-75.547428,6.241207],[-75.547483,6.241289],[-75.547643,6.24144],[-75.547689,6.241503],[-75.54776,6.241656],[-75.547781,6.241753],[-75.547836,6.241843],[-75.548012,6.241979],[-75.548131,6.242023],[-75.548217,6.242035],[-75.548352,6.242018],[-75.548572,6.242021],[-75.54873,6.242084],[-75.548844,6.2422],[-75.549003,6.242397],[-75.54913,6.242487],[-75.549252,6.242541],[-75.549258,6.242525],[-75.549266,6.242547],[-75.549329,6.24259],[-75.549748,6.242673]]],[[[-75.551246,6.240044],[-75.55127,6.240153],[-75.551293,6.240192],[-75.551348,6.240089],[-75.551246,6.240044]]]]},"properties":{"nombre":"Alejandro Echavarría","riesgo":"Con condiciones de riesgo","amenaza":"Avenidas Torrenciales"}},{"type":"Feature","geometry":{"type":"Polygon","coordinates":[[[-75.582759,6.292792],[-75.582798,6.292882],[-75.582861,6.292922],[-75.582885,6.29285],[-75.582824,6.292777],[-75.582759,6.292792]]]},"properties":{"nombre":"Picacho","riesgo":"Con condiciones de riesgo","amenaza":"Inundaciones"}},{"type":"Feature","geometry":{"type":"Polygon","coordinates":[[[-75.545904,6.290806],[-75.54574,6.291397],[-75.545868,6.291386],[-75.545937,6.291341],[-75.546055,6.29134],[-75.546103,6.29131],[-75.546147,6.291334],[-75.546212,6.291333],[-75.546339,6.291366],[-75.546418,6.291506],[-75.546458,6.291528],[-75.546666,6.291439],[-75.546887,6.291407],[-75.546942,6.291412],[-75.54697,6.291434],[-75.546981,6.29155],[-75.547002,6.291579],[-75.54725,6.291659],[-75.547281,6.291689],[-75.547295,6.291738],[-75.547334,6.291774],[-75.547474,6.291852],[-75.547692,6.291923],[-75.547811,6.291903],[-75.547865,6.291865],[-75.547916,6.29178],[-75.548016,6.291767],[-75.548042,6.291716],[-75.548136,6.291648],[-75.548172,6.291549],[-75.548235,6.291526],[-75.548363,6.291606],[-75.548417,6.291758],[-75.548463,6.291818],[-75.548524,6.291848],[-75.548541,6.291908],[-75.548584,6.29194],[-75.548643,6.291959],[-75.548727,6.291957],[-75.548832,6.292058],[-75.548898,6.292056],[-75.548959,6.292028],[-75.54913,6.292052],[-75.549192,6.292014],[-75.549221,6.291922],[-75.549271,6.291869],[-75.549425,6.291795],[-75.549745,6.29179],[-75.549757,6.291715],[-75.549603,6.291711],[-75.549368,6.291733],[-75.54923,6.291812],[-75.549154,6.291901],[-75.549096,6.291912],[-75.548709,6.291751],[-75.548595,6.29165],[-75.548582,6.291581],[-75.548509,6.291463],[-75.548287,6.291327],[-75.548201,6.291316],[-75.548121,6.291335],[-75.548037,6.291378],[-75.547961,6.291456],[-75.547934,6.291533],[-75.547794,6.291602],[-75.547743,6.291662],[-75.547721,6.291831],[-75.547693,6.291831],[-75.5475,6.291769],[-75.547415,6.291654],[-75.547344,6.291599],[-75.547172,6.291497],[-75.547071,6.291469],[-75.546981,6.291314],[-75.546912,6.291277],[-75.546835,6.291268],[-75.546533,6.291283],[-75.546443,6.291256],[-75.546325,6.291262],[-75.546313,6.291251],[-75.546327,6.291153],[-75.546367,6.291103],[-75.546577,6.291044],[-75.546627,6.291],[-75.546713,6.290858],[-75.54705,6.290692],[-75.547139,6.29058],[-75.547053,6.290466],[-75.547087,6.290428],[-75.547135,6.290413],[-75.547197,6.290294],[-75.547206,6.290174],[-75.547307,6.290174],[-75.547436,6.290136],[-75.547536,6.290174],[-75.547622,6.290246],[-75.547849,6.290257],[-75.547888,6.290409],[-75.547915,6.290421],[-75.547926,6.290475],[-75.548012,6.290426],[-75.548133,6.290395],[-75.548189,6.290404],[-75.548287,6.290467],[-75.548391,6.290469],[-75.548634,6.290294],[-75.54881,6.290249],[-75.548865,6.290218],[-75.548966,6.290094],[-75.549079,6.289987],[-75.549186,6.289954],[-75.549343,6.289945],[-75.549428,6.28984],[-75.549504,6.289858],[-75.549425,6.289785],[-75.549409,6.289738],[-75.549486,6.289714],[-75.549557,6.289645],[-75.549611,6.289649],[-75.549783,6.289739],[-75.549855,6.289818],[-75.549959,6.289893],[-75.550081,6.2899],[-75.550196,6.289954],[-75.550386,6.289943],[-75.550479,6.289983],[-75.550676,6.290015],[-75.55068,6.290158],[-75.550715,6.290227],[-75.550855,6.290161],[-75.551113,6.290257],[-75.551208,6.290501],[-75.551272,6.29057],[-75.551318,6.290594],[-75.551541,6.290617],[-75.551611,6.290574],[-75.551667,6.290468],[-75.551725,6.290446],[-75.551754,6.290461],[-75.551812,6.290599],[-75.551865,6.290632],[-75.55199,6.290646],[-75.552149,6.290647],[-75.55234,6.290545],[-75.552382,6.290488],[-75.55244,6.290475],[-75.552527,6.290412],[-75.552617,6.290263],[-75.552681,6.2902],[-75.552839,6.290159],[-75.553076,6.290159],[-75.55307,6.290073],[-75.553117,6.290018],[-75.553181,6.289982],[-75.553245,6.289994],[-75.553247,6.289859],[-75.553269,6.289754],[-75.55325,6.289726],[-75.553202,6.289724],[-75.553028,6.289799],[-75.552767,6.289737],[-75.552727,6.289694],[-75.55262,6.289664],[-75.552569,6.289633],[-75.552447,6.28947],[-75.552317,6.289378],[-75.552099,6.289282],[-75.551868,6.289258],[-75.551702,6.289182],[-75.551578,6.289149],[-75.551484,6.289077],[-75.551374,6.289065],[-75.551176,6.288992],[-75.551139,6.288969],[-75.551087,6.288894],[-75.550972,6.288829],[-75.5508,6.288771],[-75.55071,6.288769],[-75.550638,6.288786],[-75.550493,6.288876],[-75.550427,6.288892],[-75.550201,6.288732],[-75.550147,6.28865],[-75.550074,6.288595],[-75.55,6.288486],[-75.549912,6.288435],[-75.549804,6.288404],[-75.549658,6.288398],[-75.549461,6.288294],[-75.549314,6.288301],[-75.549149,6.288193],[-75.548967,6.288119],[-75.548528,6.288068],[-75.548221,6.288],[-75.548187,6.288027],[-75.548176,6.28807],[-75.54821,6.288184],[-75.548195,6.288285],[-75.548229,6.28837],[-75.548204,6.288501],[-75.548214,6.288511],[-75.548319,6.288505],[-75.548453,6.288522],[-75.548739,6.28859],[-75.549079,6.288814],[-75.549198,6.288763],[-75.549493,6.288778],[-75.549545,6.288766],[-75.549585,6.288735],[-75.549825,6.288778],[-75.550045,6.288897],[-75.550284,6.28911],[-75.550453,6.289171],[-75.550531,6.289179],[-75.550537,6.289251],[-75.550521,6.289303],[-75.550286,6.289562],[-75.550214,6.289586],[-75.55013,6.289588],[-75.549825,6.289554],[-75.549669,6.289557],[-75.549528,6.289534],[-75.549414,6.289539],[-75.549394,6.289508],[-75.549396,6.289424],[-75.549377,6.289363],[-75.549287,6.289337],[-75.54925,6.289291],[-75.549138,6.289216],[-75.549066,6.289232],[-75.549004,6.289315],[-75.548959,6.289349],[-75.548905,6.289352],[-75.548857,6.289305],[-75.548736,6.28935],[-75.548501,6.289242],[-75.548381,6.289279],[-75.548237,6.289254],[-75.54823,6.289234],[-75.548274,6.28918],[-75.548212,6.289139],[-75.547817,6.289178],[-75.547785,6.289195],[-75.547773,6.289234],[-75.547795,6.289277],[-75.547843,6.289308],[-75.54817,6.289409],[-75.548323,6.289419],[-75.548441,6.289447],[-75.548552,6.28952],[-75.548571,6.289565],[-75.548562,6.289598],[-75.548518,6.289623],[-75.548379,6.289609],[-75.548322,6.289619],[-75.548296,6.289632],[-75.548151,6.289808],[-75.547995,6.289801],[-75.547949,6.289859],[-75.547934,6.289952],[-75.547853,6.290022],[-75.547781,6.290038],[-75.547688,6.290026],[-75.54759,6.289965],[-75.547484,6.289928],[-75.547349,6.289963],[-75.546998,6.289921],[-75.546938,6.28993],[-75.546888,6.289972],[-75.546761,6.290171],[-75.546694,6.290318],[-75.546662,6.290431],[-75.546655,6.290681],[-75.546551,6.290796],[-75.546482,6.290832],[-75.546418,6.290836],[-75.546353,6.29082],[-75.546281,6.290762],[-75.546235,6.29075],[-75.546042,6.290768],[-75.545919,6.290749],[-75.545904,6.290806]],[[-75.550662,6.289376],[-75.550672,6.289059],[-75.550737,6.28901],[-75.551006,6.2891],[-75.551085,6.289079],[-75.551121,6.289118],[-75.551192,6.289265],[-75.551264,6.28934],[-75.551504,6.289348],[-75.551512,6.289376],[-75.551472,6.289423],[-75.551436,6.289505],[-75.551529,6.289556],[-75.551479,6.289699],[-75.551002,6.28961],[-75.550755,6.289534],[-75.550687,6.289484],[-75.550662,6.289437],[-75.550662,6.289376]],[[-75.551427,6.289696],[-75.551632,6.289717],[-75.552203,6.289844],[-75.552245,6.289881],[-75.552278,6.289938],[-75.552284,6.290022],[-75.552269,6.290075],[-75.552227,6.290152],[-75.552185,6.290191],[-75.552009,6.290215],[-75.551969,6.2902],[-75.551956,6.290173],[-75.55196,6.290056],[-75.551846,6.290004],[-75.551722,6.290017],[-75.551615,6.2901],[-75.551528,6.290126],[-75.551471,6.290126],[-75.551431,6.290092],[-75.55141,6.290048],[-75.551427,6.289696]],[[-75.546671,6.290796],[-75.546686,6.290735],[-75.54677,6.29078],[-75.546675,6.290887],[-75.546625,6.290831],[-75.546671,6.290796]],[[-75.550518,6.289017],[-75.550538,6.288948],[-75.550637,6.288991],[-75.550625,6.289075],[-75.550518,6.289017]]]},"properties":{"nombre":"Moscú No.2","riesgo":"Con condiciones de riesgo","amenaza":"Movimientos en masa"}},{"type":"Feature","geometry":{"type":"MultiPolygon","coordinates":[[[[-75.618994,6.237337],[-75.619004,6.237404],[-75.61906,6.2374],[-75.619179,6.237346],[-75.619353,6.237178],[-75.619587,6.23699],[-75.62007,6.236834],[-75.620157,6.236824],[-75.620337,6.236843],[-75.620467,6.236892],[-75.620705,6.236935],[-75.620926,6.236933],[-75.621049,6.236906],[-75.621153,6.236854],[-75.621316,6.236747],[-75.621461,6.236623],[-75.62157,6.236567],[-75.621659,6.236572],[-75.62192,6.236645],[-75.622084,6.236645],[-75.622157,6.236606],[-75.622248,6.236514],[-75.622365,6.236253],[-75.622399,6.236237],[-75.622432,6.236231],[-75.622692,6.236347],[-75.622916,6.236407],[-75.623026,6.236407],[-75.623299,6.236324],[-75.623311,6.236295],[-75.623304,6.236237],[-75.623283,6.236202],[-75.623241,6.236207],[-75.623104,6.236273],[-75.623023,6.236267],[-75.622958,6.236243],[-75.62279,6.236117],[-75.62279,6.236075],[-75.623,6.236101],[-75.623229,6.236074],[-75.623335,6.236033],[-75.623526,6.235918],[-75.623791,6.235713],[-75.623932,6.235562],[-75.624046,6.235485],[-75.624159,6.235448],[-75.624202,6.23541],[-75.624249,6.235357],[-75.624297,6.235247],[-75.624412,6.235075],[-75.62446,6.235017],[-75.624555,6.234984],[-75.62467,6.234969],[-75.624751,6.23506],[-75.624847,6.235099],[-75.625101,6.235051],[-75.625172,6.235051],[-75.625435,6.235146],[-75.625765,6.235232],[-75.626072,6.235229],[-75.626218,6.235195],[-75.626277,6.235162],[-75.626333,6.235084],[-75.626463,6.234985],[-75.626637,6.234926],[-75.626779,6.234908],[-75.626952,6.234826],[-75.627136,6.234836],[-75.627383,6.234945],[-75.627747,6.234961],[-75.627841,6.234896],[-75.627903,6.234803],[-75.62793,6.234718],[-75.627969,6.234681],[-75.628045,6.234649],[-75.628187,6.234631],[-75.628223,6.234566],[-75.628215,6.234484],[-75.628143,6.234428],[-75.62806,6.234407],[-75.627912,6.234378],[-75.627847,6.234395],[-75.627754,6.234453],[-75.627668,6.234576],[-75.627623,6.234698],[-75.627546,6.234754],[-75.62741,6.234751],[-75.627355,6.23473],[-75.627278,6.234684],[-75.62715,6.234559],[-75.627126,6.234722],[-75.62688,6.234717],[-75.626612,6.234873],[-75.626431,6.23494],[-75.626206,6.234995],[-75.626005,6.235105],[-75.625943,6.235158],[-75.62586,6.235148],[-75.625726,6.235081],[-75.62514,6.234916],[-75.624877,6.234947],[-75.624755,6.23488],[-75.624715,6.234789],[-75.624626,6.234744],[-75.624497,6.234746],[-75.62443,6.234789],[-75.624394,6.234847],[-75.624378,6.234926],[-75.624306,6.235041],[-75.624232,6.235076],[-75.624177,6.235134],[-75.624052,6.235062],[-75.623925,6.235174],[-75.623876,6.235287],[-75.623728,6.235452],[-75.623374,6.235656],[-75.623218,6.235807],[-75.623092,6.23586],[-75.623023,6.235871],[-75.622854,6.235833],[-75.622745,6.23578],[-75.622671,6.235778],[-75.622666,6.235827],[-75.622609,6.235895],[-75.62241,6.235997],[-75.622329,6.236077],[-75.622051,6.236531],[-75.621923,6.236521],[-75.621858,6.23647],[-75.621842,6.236425],[-75.621767,6.236345],[-75.621712,6.236323],[-75.621651,6.236334],[-75.621514,6.236413],[-75.621076,6.236745],[-75.620992,6.236792],[-75.620799,6.236859],[-75.62076,6.236864],[-75.620503,6.236799],[-75.620394,6.236797],[-75.620211,6.236751],[-75.6199,6.236766],[-75.619708,6.236829],[-75.619591,6.236912],[-75.619309,6.237043],[-75.619205,6.237233],[-75.619142,6.237302],[-75.619104,6.237327],[-75.618994,6.237337]]],[[[-75.62924,6.233951],[-75.629287,6.234029],[-75.62942,6.234153],[-75.629482,6.234186],[-75.629648,6.234155],[-75.6298,6.23402],[-75.629833,6.233917],[-75.629815,6.233788],[-75.629646,6.233527],[-75.629598,6.233412],[-75.629594,6.233258],[-75.629744,6.233012],[-75.629805,6.232938],[-75.629944,6.232864],[-75.630096,6.232823],[-75.630221,6.232815],[-75.63037,6.232855],[-75.630626,6.232967],[-75.630952,6.233041],[-75.631166,6.23299],[-75.631402,6.232851],[-75.631493,6.232853],[-75.631599,6.232904],[-75.631851,6.233103],[-75.631986,6.233153],[-75.632134,6.233155],[-75.632181,6.233146],[-75.632273,6.23306],[-75.632392,6.233014],[-75.632578,6.232888],[-75.632646,6.232806],[-75.632653,6.232741],[-75.632617,6.23267],[-75.632478,6.232659],[-75.632353,6.232674],[-75.632234,6.232714],[-75.632063,6.232736],[-75.63191,6.232733],[-75.631731,6.232629],[-75.631643,6.232552],[-75.6316,6.232542],[-75.631352,6.232555],[-75.631166,6.232638],[-75.631072,6.232653],[-75.630652,6.232615],[-75.630605,6.232597],[-75.630535,6.232617],[-75.630463,6.232607],[-75.630355,6.23264],[-75.630256,6.232637],[-75.630023,6.232554],[-75.629921,6.232545],[-75.629855,6.232558],[-75.629697,6.232671],[-75.629488,6.232997],[-75.629429,6.233174],[-75.629438,6.233336],[-75.629477,6.233502],[-75.629504,6.23357],[-75.62964,6.23376],[-75.629653,6.233856],[-75.6296,6.233913],[-75.629507,6.233938],[-75.629417,6.233921],[-75.629322,6.233866],[-75.629286,6.233873],[-75.62925,6.233892],[-75.62924,6.233951]]]]},"properties":{"nombre":"San Pablo","riesgo":"Con condiciones de riesgo","amenaza":"Avenidas Torrenciales"}},{"type":"Feature","geometry":{"type":"Polygon","coordinates":[[[-75.598823,6.267493],[-75.598925,6.267645],[-75.59901,6.267838],[-75.599137,6.267699],[-75.599191,6.267543],[-75.599076,6.267448],[-75.59898,6.267408],[-75.598881,6.267445],[-75.598823,6.267493]]]},"properties":{"nombre":"Calasanz Parte Alta","riesgo":"Con condiciones de riesgo","amenaza":"Movimientos en masa"}},{"type":"Feature","geometry":{"type":"Polygon","coordinates":[[[-75.63619,6.232321],[-75.636128,6.232224],[-75.635908,6.232081],[-75.635915,6.232045],[-75.635807,6.232016],[-75.635628,6.232009],[-75.635563,6.232038],[-75.635553,6.232163],[-75.635459,6.232351],[-75.63551,6.232368],[-75.635639,6.232325],[-75.635812,6.232235],[-75.635969,6.232249],[-75.63619,6.232321]]]},"properties":{"nombre":"Aguas Frías","riesgo":"Con condiciones de riesgo","amenaza":"Movimientos en masa"}},{"type":"Feature","geometry":{"type":"Polygon","coordinates":[[[-75.639713,6.232063],[-75.639748,6.232096],[-75.639798,6.232114],[-75.639916,6.232107],[-75.640013,6.232024],[-75.640052,6.23197],[-75.640088,6.231798],[-75.640095,6.231733],[-75.640081,6.231672],[-75.640031,6.231658],[-75.63993,6.231676],[-75.639844,6.231716],[-75.639755,6.231859],[-75.639709,6.231894],[-75.639713,6.232063]]]},"properties":{"nombre":"Aguas Frías","riesgo":"Con condiciones de riesgo","amenaza":"Movimientos en masa"}},{"type":"Feature","geometry":{"type":"Polygon","coordinates":[[[-75.647266,6.234968],[-75.647747,6.23524],[-75.647802,6.235251],[-75.648007,6.235361],[-75.648136,6.235375],[-75.648318,6.235356],[-75.648605,6.235246],[-75.648715,6.235179],[-75.648772,6.235093],[-75.648787,6.235011],[-75.648739,6.234892],[-75.648571,6.234858],[-75.648418,6.234863],[-75.648275,6.234892],[-75.648089,6.234834],[-75.647878,6.234796],[-75.64773,6.234791],[-75.647572,6.23483],[-75.647333,6.234806],[-75.647252,6.234744],[-75.647214,6.234638],[-75.646999,6.234323],[-75.646979,6.234155],[-75.646994,6.234002],[-75.646922,6.233906],[-75.646731,6.233768],[-75.646582,6.233629],[-75.646425,6.233548],[-75.646147,6.233538],[-75.645913,6.233629],[-75.645908,6.233706],[-75.645942,6.233825],[-75.646071,6.233907],[-75.646191,6.233926],[-75.646387,6.233988],[-75.646798,6.234189],[-75.647046,6.234648],[-75.647085,6.234758],[-75.647152,6.234858],[-75.647266,6.234968]]]},"properties":{"nombre":"Aguas Frías","riesgo":"Con condiciones de riesgo","amenaza":"Movimientos en masa"}},{"type":"Feature","geometry":{"type":"Polygon","coordinates":[[[-75.639709,6.231894],[-75.639714,6.231766],[-75.639761,6.23166],[-75.639886,6.231488],[-75.64,6.231421],[-75.640125,6.231373],[-75.640192,6.231306],[-75.640306,6.231249],[-75.640392,6.231182],[-75.640507,6.231057],[-75.640593,6.230914],[-75.640861,6.230751],[-75.640976,6.230713],[-75.641129,6.230713],[-75.641176,6.230761],[-75.641148,6.230866],[-75.641081,6.230981],[-75.641081,6.231076],[-75.641119,6.231201],[-75.64109,6.231411],[-75.64111,6.231574],[-75.641167,6.231631],[-75.64131,6.231708],[-75.641454,6.231727],[-75.641668,6.231792],[-75.641754,6.231775],[-75.64179,6.231744],[-75.641818,6.231632],[-75.641787,6.231565],[-75.641713,6.231474],[-75.641607,6.231418],[-75.641571,6.231318],[-75.641571,6.231196],[-75.641592,6.231074],[-75.641571,6.230959],[-75.64147,6.230801],[-75.641399,6.23045],[-75.641284,6.230299],[-75.641212,6.230242],[-75.641139,6.230246],[-75.641053,6.230433],[-75.640982,6.23049],[-75.640888,6.230519],[-75.640723,6.230526],[-75.640623,6.230562],[-75.640501,6.230627],[-75.640365,6.230734],[-75.640178,6.230993],[-75.639949,6.231136],[-75.639591,6.231459],[-75.639504,6.231589],[-75.639404,6.231969],[-75.639361,6.231976],[-75.639132,6.231868],[-75.638974,6.231847],[-75.638845,6.231897],[-75.638784,6.231945],[-75.63873,6.232038],[-75.638713,6.232098],[-75.638725,6.232201],[-75.638792,6.232248],[-75.638833,6.232253],[-75.638949,6.232225],[-75.639226,6.232196],[-75.639379,6.232244],[-75.639542,6.232225],[-75.639656,6.232187],[-75.639714,6.232072],[-75.639709,6.231894]]]},"properties":{"nombre":"Aguas Frías","riesgo":"Con condiciones de riesgo","amenaza":"Avenidas Torrenciales"}},{"type":"Feature","geometry":{"type":"Polygon","coordinates":[[[-75.635907,6.232249],[-75.636071,6.2324],[-75.636153,6.232389],[-75.636192,6.232324],[-75.635969,6.232249],[-75.635907,6.232249]]]},"properties":{"nombre":"Aguas Frías","riesgo":"Con condiciones de riesgo","amenaza":"Avenidas Torrenciales"}},{"type":"Feature","geometry":{"type":"Polygon","coordinates":[[[-75.545901,6.305655],[-75.545986,6.305703],[-75.546057,6.305717],[-75.546078,6.305705],[-75.546103,6.305617],[-75.546133,6.305579],[-75.546313,6.305529],[-75.546411,6.30552],[-75.546494,6.30553],[-75.546685,6.305628],[-75.546771,6.305632],[-75.546981,6.305483],[-75.547103,6.305517],[-75.547215,6.305493],[-75.547259,6.305506],[-75.547475,6.305708],[-75.547552,6.305755],[-75.547653,6.305773],[-75.547868,6.30576],[-75.547963,6.305773],[-75.548026,6.305899],[-75.54822,6.306025],[-75.548298,6.306053],[-75.548323,6.306049],[-75.548346,6.306019],[-75.548392,6.305914],[-75.548482,6.30587],[-75.548552,6.305811],[-75.548602,6.305805],[-75.548624,6.305859],[-75.548597,6.30594],[-75.54859,6.306043],[-75.54863,6.30615],[-75.548682,6.306189],[-75.548764,6.306184],[-75.5488,6.306143],[-75.548847,6.306024],[-75.548892,6.306001],[-75.548991,6.306029],[-75.549087,6.306082],[-75.549141,6.306157],[-75.549257,6.30639],[-75.549317,6.306439],[-75.549411,6.306475],[-75.549458,6.306511],[-75.549528,6.306684],[-75.549649,6.306785],[-75.549787,6.306784],[-75.549859,6.306719],[-75.549944,6.306591],[-75.550004,6.306546],[-75.550098,6.306542],[-75.550199,6.306583],[-75.550366,6.30655],[-75.550446,6.306602],[-75.550503,6.30662],[-75.550611,6.306733],[-75.550662,6.306809],[-75.550744,6.307036],[-75.550791,6.307104],[-75.550889,6.307104],[-75.551024,6.30708],[-75.551183,6.307093],[-75.551325,6.307081],[-75.551483,6.307099],[-75.551568,6.307061],[-75.551651,6.307054],[-75.551898,6.307129],[-75.552128,6.307273],[-75.552253,6.307284],[-75.552318,6.307248],[-75.552357,6.307198],[-75.552368,6.307129],[-75.552321,6.306986],[-75.55221,6.30695],[-75.552085,6.306939],[-75.551787,6.306964],[-75.551694,6.30686],[-75.551611,6.306814],[-75.551572,6.30681],[-75.5515,6.306835],[-75.551497,6.306864],[-75.551335,6.30691],[-75.551109,6.306946],[-75.550987,6.306936],[-75.550927,6.30691],[-75.550927,6.306767],[-75.550898,6.30671],[-75.550797,6.306684],[-75.550715,6.306595],[-75.550654,6.306584],[-75.550629,6.306516],[-75.550564,6.306455],[-75.550392,6.306358],[-75.550095,6.306243],[-75.54998,6.306218],[-75.549643,6.306243],[-75.549524,6.306214],[-75.549453,6.306168],[-75.549342,6.306021],[-75.549162,6.305906],[-75.54908,6.305873],[-75.548811,6.305873],[-75.548707,6.305791],[-75.548685,6.305708],[-75.548578,6.305619],[-75.548481,6.305626],[-75.54842,6.305669],[-75.54818,6.305741],[-75.548097,6.305676],[-75.547986,6.305647],[-75.547907,6.305547],[-75.547886,6.305479],[-75.547853,6.30545],[-75.547796,6.30545],[-75.547635,6.305497],[-75.547541,6.305443],[-75.547384,6.305317],[-75.547244,6.305271],[-75.54709,6.305274],[-75.546889,6.305317],[-75.546846,6.305314],[-75.54681,6.305307],[-75.546688,6.305218],[-75.546361,6.305121],[-75.546129,6.305142],[-75.545967,6.305327],[-75.545895,6.305364],[-75.545916,6.305526],[-75.545901,6.305655]]]},"properties":{"nombre":"Playón de Los Comuneros","riesgo":"Con condiciones de riesgo","amenaza":"Movimientos en masa"}},{"type":"Feature","geometry":{"type":"Polygon","coordinates":[[[-75.550798,6.305895],[-75.550884,6.305991],[-75.551133,6.306],[-75.551228,6.306038],[-75.551333,6.306038],[-75.551706,6.305962],[-75.551706,6.305924],[-75.551572,6.305866],[-75.551486,6.305866],[-75.551372,6.305818],[-75.551247,6.305742],[-75.551133,6.305704],[-75.551142,6.305656],[-75.551238,6.305637],[-75.550999,6.305474],[-75.550702,6.30534],[-75.550616,6.305235],[-75.55054,6.305244],[-75.550425,6.305216],[-75.550272,6.305072],[-75.55009,6.304986],[-75.550004,6.304919],[-75.549899,6.304747],[-75.549737,6.304555],[-75.549641,6.304412],[-75.549438,6.304306],[-75.549377,6.304342],[-75.54934,6.304427],[-75.549364,6.304603],[-75.549555,6.304823],[-75.549612,6.304852],[-75.549631,6.3049],[-75.549631,6.304976],[-75.54966,6.305034],[-75.549851,6.305129],[-75.549956,6.305254],[-75.550081,6.305321],[-75.550167,6.305388],[-75.550348,6.305637],[-75.550521,6.305637],[-75.550654,6.305675],[-75.550798,6.305895]]]},"properties":{"nombre":"Playón de Los Comuneros","riesgo":"Con condiciones de riesgo","amenaza":"Movimientos en masa"}},{"type":"Feature","geometry":{"type":"Polygon","coordinates":[[[-75.57243,6.257642],[-75.5724,6.257698],[-75.572565,6.257997],[-75.572576,6.258094],[-75.573065,6.258786],[-75.573154,6.258935],[-75.573344,6.259337],[-75.573438,6.259595],[-75.573681,6.260405],[-75.57374,6.260289],[-75.573446,6.259293],[-75.573233,6.25888],[-75.572457,6.25773],[-75.57243,6.257642]]]},"properties":{"nombre":"El Chagualo","riesgo":"Con condiciones de riesgo","amenaza":"Avenidas Torrenciales"}},{"type":"Feature","geometry":{"type":"Polygon","coordinates":[[[-75.600932,6.274432],[-75.601176,6.274526],[-75.601424,6.274735],[-75.601648,6.274748],[-75.601769,6.274725],[-75.60218,6.274577],[-75.602272,6.274501],[-75.602337,6.274407],[-75.602382,6.274386],[-75.602391,6.274321],[-75.602315,6.274315],[-75.602068,6.27447],[-75.601974,6.27451],[-75.601837,6.27452],[-75.601691,6.274449],[-75.6016,6.274441],[-75.601519,6.274405],[-75.601353,6.274395],[-75.601173,6.274233],[-75.600905,6.274061],[-75.600823,6.27404],[-75.600764,6.274053],[-75.600689,6.274108],[-75.600592,6.274135],[-75.600454,6.274041],[-75.600383,6.274047],[-75.600234,6.273904],[-75.600125,6.273921],[-75.600039,6.274001],[-75.599963,6.27412],[-75.599888,6.274185],[-75.599834,6.274175],[-75.59981,6.27411],[-75.599817,6.273959],[-75.599852,6.273835],[-75.599863,6.27354],[-75.599825,6.273418],[-75.599785,6.273196],[-75.599718,6.273098],[-75.599649,6.27304],[-75.599538,6.273053],[-75.599503,6.273095],[-75.599455,6.273099],[-75.599431,6.273065],[-75.599448,6.272907],[-75.599429,6.272812],[-75.599376,6.272748],[-75.599293,6.272733],[-75.599201,6.272742],[-75.599133,6.272771],[-75.599072,6.272824],[-75.599015,6.272835],[-75.598798,6.27302],[-75.598738,6.273016],[-75.598718,6.272969],[-75.598727,6.272901],[-75.598704,6.272844],[-75.598658,6.272802],[-75.59841,6.272801],[-75.598405,6.272753],[-75.598552,6.272679],[-75.598605,6.272626],[-75.598599,6.272571],[-75.59853,6.272535],[-75.598319,6.272492],[-75.598238,6.272505],[-75.598209,6.272541],[-75.598197,6.272585],[-75.598219,6.272702],[-75.598136,6.272794],[-75.598096,6.272862],[-75.598162,6.272996],[-75.598177,6.273253],[-75.598417,6.273465],[-75.598422,6.273486],[-75.59865,6.273537],[-75.598884,6.273641],[-75.59894,6.273703],[-75.598996,6.273801],[-75.599019,6.273903],[-75.599074,6.274014],[-75.599199,6.274134],[-75.599225,6.274258],[-75.599386,6.274431],[-75.599541,6.274487],[-75.599712,6.274496],[-75.599902,6.274636],[-75.600046,6.274689],[-75.600157,6.27466],[-75.600231,6.274547],[-75.600302,6.274473],[-75.600446,6.274394],[-75.600568,6.274349],[-75.600776,6.274347],[-75.600932,6.274432]]]},"properties":{"nombre":"El Pesebre","riesgo":"Con condiciones de riesgo","amenaza":"Movimientos en masa"}},{"type":"Feature","geometry":{"type":"Polygon","coordinates":[[[-75.594122,6.271739],[-75.594617,6.272264],[-75.594784,6.272391],[-75.595349,6.272736],[-75.595464,6.272767],[-75.595741,6.272771],[-75.595977,6.272734],[-75.596295,6.272723],[-75.596652,6.2728],[-75.596774,6.272866],[-75.596879,6.272957],[-75.596989,6.273067],[-75.597165,6.273289],[-75.597473,6.273492],[-75.597768,6.273618],[-75.598173,6.273659],[-75.598307,6.273658],[-75.598594,6.273737],[-75.598793,6.273857],[-75.59881,6.273907],[-75.598862,6.273923],[-75.598931,6.274059],[-75.598962,6.274203],[-75.599023,6.274228],[-75.599006,6.27428],[-75.599085,6.274437],[-75.599271,6.274563],[-75.599364,6.274576],[-75.599399,6.274618],[-75.599529,6.274605],[-75.599583,6.274659],[-75.599618,6.274674],[-75.599769,6.274674],[-75.5998,6.274694],[-75.59982,6.274745],[-75.599854,6.274767],[-75.600014,6.274821],[-75.600115,6.274805],[-75.600304,6.27472],[-75.600488,6.274694],[-75.600635,6.2747],[-75.600664,6.274722],[-75.600816,6.274718],[-75.600991,6.274828],[-75.601243,6.274944],[-75.601356,6.275046],[-75.601519,6.275098],[-75.601681,6.275185],[-75.601787,6.275192],[-75.601811,6.27522],[-75.601904,6.275233],[-75.602175,6.275351],[-75.602464,6.275538],[-75.602587,6.275581],[-75.602673,6.275647],[-75.602776,6.275693],[-75.60283,6.275742],[-75.603018,6.275729],[-75.603158,6.275692],[-75.603211,6.2757],[-75.60324,6.275652],[-75.603325,6.275578],[-75.603398,6.275405],[-75.603514,6.275312],[-75.603475,6.275193],[-75.603363,6.275336],[-75.603331,6.275402],[-75.603186,6.275532],[-75.603122,6.27556],[-75.602957,6.275597],[-75.602838,6.275578],[-75.602695,6.275473],[-75.602381,6.275325],[-75.60223,6.275225],[-75.602079,6.27517],[-75.601801,6.274942],[-75.601699,6.2749],[-75.601534,6.274864],[-75.601466,6.27483],[-75.601237,6.274634],[-75.600917,6.27442],[-75.600762,6.274344],[-75.600601,6.274344],[-75.600477,6.27438],[-75.600271,6.274497],[-75.600145,6.27467],[-75.600086,6.274689],[-75.599991,6.274679],[-75.599863,6.274611],[-75.599712,6.274496],[-75.599541,6.274487],[-75.59944,6.274457],[-75.599366,6.274414],[-75.599225,6.274258],[-75.599199,6.274134],[-75.599057,6.273986],[-75.599006,6.273866],[-75.598996,6.273801],[-75.59894,6.273703],[-75.598884,6.273641],[-75.598818,6.273603],[-75.59865,6.273537],[-75.59848,6.273492],[-75.598308,6.273472],[-75.597906,6.273473],[-75.597652,6.273399],[-75.597596,6.273372],[-75.597548,6.273315],[-75.597437,6.273145],[-75.597362,6.273091],[-75.597171,6.273007],[-75.597069,6.272861],[-75.596962,6.272759],[-75.596815,6.272691],[-75.596644,6.272667],[-75.596526,6.272543],[-75.596425,6.272483],[-75.596212,6.272442],[-75.595853,6.272457],[-75.595811,6.27247],[-75.595782,6.272518],[-75.595717,6.272529],[-75.595519,6.272469],[-75.595309,6.272337],[-75.595232,6.272242],[-75.595121,6.272161],[-75.5949,6.271775],[-75.59486,6.271738],[-75.594797,6.271716],[-75.594656,6.271601],[-75.594553,6.271563],[-75.594392,6.271557],[-75.594334,6.271541],[-75.594122,6.271739]]]},"properties":{"nombre":"El Pesebre","riesgo":"Con condiciones de riesgo","amenaza":"Avenidas Torrenciales"}},{"type":"Feature","geometry":{"type":"Polygon","coordinates":[[[-75.558056,6.265804],[-75.55824,6.265866],[-75.558332,6.265942],[-75.558344,6.265869],[-75.558157,6.265741],[-75.558074,6.26572],[-75.557965,6.265718],[-75.557875,6.265744],[-75.55788,6.265838],[-75.557954,6.265794],[-75.558056,6.265804]]]},"properties":{"nombre":"Manrique Central No.1","riesgo":"Con condiciones de riesgo","amenaza":"Inundaciones"}},{"type":"Feature","geometry":{"type":"Polygon","coordinates":[[[-75.55903,6.266232],[-75.559094,6.266345],[-75.559126,6.266445],[-75.559172,6.266499],[-75.559203,6.266325],[-75.559142,6.266248],[-75.559051,6.266181],[-75.55903,6.266232]]]},"properties":{"nombre":"Manrique Central No.1","riesgo":"Con condiciones de riesgo","amenaza":"Inundaciones"}},{"type":"Feature","geometry":{"type":"Polygon","coordinates":[[[-75.555125,6.267825],[-75.555311,6.267814],[-75.555743,6.267695],[-75.556131,6.267627],[-75.556227,6.267639],[-75.556384,6.267699],[-75.556487,6.267708],[-75.556587,6.267706],[-75.556663,6.267678],[-75.556868,6.267717],[-75.556886,6.267669],[-75.556727,6.267609],[-75.556644,6.267596],[-75.556422,6.267603],[-75.556201,6.26755],[-75.555976,6.267551],[-75.555786,6.267581],[-75.555352,6.267699],[-75.555089,6.267682],[-75.555063,6.267809],[-75.555125,6.267825]]]},"properties":{"nombre":"Manrique Central No.1","riesgo":"Con condiciones de riesgo","amenaza":"Inundaciones"}},{"type":"Feature","geometry":{"type":"Polygon","coordinates":[[[-75.558022,6.26779],[-75.557928,6.267843],[-75.55793,6.267916],[-75.558013,6.267892],[-75.558072,6.267844],[-75.558276,6.267591],[-75.558328,6.267555],[-75.558446,6.267537],[-75.558545,6.267569],[-75.558673,6.267563],[-75.558806,6.267507],[-75.558989,6.26748],[-75.559006,6.267365],[-75.558834,6.267396],[-75.558713,6.267445],[-75.558605,6.267466],[-75.558504,6.267461],[-75.55839,6.26742],[-75.558333,6.267424],[-75.558022,6.26779]]]},"properties":{"nombre":"Manrique Central No.1","riesgo":"Con condiciones de riesgo","amenaza":"Inundaciones"}},{"type":"Feature","geometry":{"type":"Polygon","coordinates":[[[-75.557576,6.269647],[-75.557588,6.269548],[-75.557439,6.269532],[-75.557386,6.269507],[-75.557368,6.269643],[-75.557576,6.269647]]]},"properties":{"nombre":"Manrique Central No.1","riesgo":"Con condiciones de riesgo","amenaza":"Inundaciones"}},{"type":"Feature","geometry":{"type":"Polygon","coordinates":[[[-75.623461,6.247624],[-75.623263,6.247793],[-75.623223,6.247811],[-75.623234,6.247939],[-75.623309,6.247965],[-75.623355,6.247958],[-75.62344,6.247845],[-75.623504,6.247804],[-75.6235,6.247723],[-75.623519,6.24765],[-75.623495,6.247624],[-75.623461,6.247624]]]},"properties":{"nombre":"Las Independencias","riesgo":"Con condiciones de riesgo","amenaza":"Movimientos en masa"}},{"type":"Feature","geometry":{"type":"Polygon","coordinates":[[[-75.621739,6.247931],[-75.621792,6.248002],[-75.621918,6.247888],[-75.622005,6.247873],[-75.622049,6.247908],[-75.622102,6.247544],[-75.62199,6.247544],[-75.621912,6.247564],[-75.621924,6.247624],[-75.621911,6.247644],[-75.62179,6.247703],[-75.621676,6.247785],[-75.621665,6.247842],[-75.621739,6.247931]]]},"properties":{"nombre":"Las Independencias","riesgo":"Con condiciones de riesgo","amenaza":"Movimientos en masa"}},{"type":"Feature","geometry":{"type":"Polygon","coordinates":[[[-75.623233,6.248058],[-75.623229,6.248216],[-75.623246,6.24825],[-75.623329,6.248281],[-75.623433,6.248271],[-75.623492,6.248243],[-75.623533,6.248195],[-75.623553,6.24808],[-75.623537,6.248009],[-75.623489,6.247915],[-75.62344,6.247982],[-75.623388,6.248013],[-75.623321,6.248044],[-75.623235,6.248042],[-75.623233,6.248058]]]},"properties":{"nombre":"Las Independencias","riesgo":"Con condiciones de riesgo","amenaza":"Movimientos en masa"}},{"type":"Feature","geometry":{"type":"Polygon","coordinates":[[[-75.624171,6.247293],[-75.624081,6.247307],[-75.62414,6.247397],[-75.624163,6.24742],[-75.624275,6.247427],[-75.624359,6.247506],[-75.624339,6.247592],[-75.62425,6.247718],[-75.624125,6.247983],[-75.624166,6.24807],[-75.624139,6.248188],[-75.624143,6.248263],[-75.624183,6.248353],[-75.624229,6.248383],[-75.624264,6.248361],[-75.624335,6.248221],[-75.624439,6.248146],[-75.624434,6.248063],[-75.624465,6.247974],[-75.62455,6.247849],[-75.62462,6.247799],[-75.624481,6.247708],[-75.62464,6.247527],[-75.624609,6.24748],[-75.62457,6.247359],[-75.624514,6.247319],[-75.624396,6.247277],[-75.624171,6.247293]]]},"properties":{"nombre":"Las Independencias","riesgo":"Con condiciones de riesgo","amenaza":"Movimientos en masa"}},{"type":"Feature","geometry":{"type":"Polygon","coordinates":[[[-75.626042,6.249836],[-75.626102,6.249832],[-75.626146,6.249808],[-75.626286,6.249623],[-75.626404,6.249432],[-75.626444,6.249341],[-75.626516,6.248945],[-75.626539,6.248899],[-75.626543,6.248772],[-75.626499,6.248713],[-75.62639,6.248673],[-75.626358,6.248708],[-75.626294,6.248728],[-75.626215,6.248713],[-75.62613,6.248639],[-75.626096,6.248559],[-75.626101,6.248522],[-75.626141,6.248457],[-75.626232,6.248403],[-75.626376,6.248271],[-75.626386,6.248172],[-75.626278,6.248113],[-75.626172,6.248126],[-75.626102,6.248158],[-75.62593,6.247937],[-75.625818,6.24786],[-75.625693,6.247913],[-75.625518,6.247929],[-75.625309,6.247866],[-75.625276,6.247804],[-75.625208,6.247784],[-75.625071,6.247695],[-75.625186,6.247904],[-75.625211,6.248135],[-75.625268,6.248161],[-75.625358,6.248169],[-75.625354,6.248322],[-75.625368,6.248383],[-75.625414,6.248447],[-75.625322,6.248493],[-75.625268,6.248503],[-75.625238,6.248435],[-75.625207,6.248416],[-75.624986,6.248399],[-75.624914,6.24844],[-75.624902,6.248647],[-75.624823,6.248779],[-75.624677,6.248973],[-75.624677,6.249034],[-75.624716,6.249168],[-75.624708,6.249348],[-75.624718,6.249403],[-75.624755,6.249436],[-75.624923,6.249453],[-75.625021,6.249503],[-75.625112,6.249489],[-75.625158,6.249529],[-75.625216,6.249549],[-75.625233,6.249657],[-75.625255,6.249682],[-75.625346,6.249724],[-75.625372,6.24972],[-75.625408,6.249596],[-75.625483,6.249502],[-75.625456,6.24954],[-75.625448,6.249705],[-75.625637,6.249619],[-75.625764,6.24961],[-75.625836,6.249633],[-75.625872,6.249697],[-75.626042,6.249836]]]},"properties":{"nombre":"Las Independencias","riesgo":"Con condiciones de riesgo","amenaza":"Movimientos en masa"}},{"type":"Feature","geometry":{"type":"Polygon","coordinates":[[[-75.553076,6.290159],[-75.553195,6.290229],[-75.553288,6.290247],[-75.55325,6.290111],[-75.553245,6.289994],[-75.553181,6.289982],[-75.553117,6.290018],[-75.55307,6.290073],[-75.553076,6.290159]]]},"properties":{"nombre":"Moscú No.1","riesgo":"Con condiciones de riesgo","amenaza":"Movimientos en masa"}},{"type":"Feature","geometry":{"type":"Polygon","coordinates":[[[-75.553328,6.29336],[-75.55359,6.293359],[-75.553726,6.293402],[-75.55379,6.293393],[-75.553849,6.293363],[-75.553459,6.293287],[-75.553328,6.29336]]]},"properties":{"nombre":"Moscú No.1","riesgo":"Con condiciones de riesgo","amenaza":"Movimientos en masa"}},{"type":"Feature","geometry":{"type":"Polygon","coordinates":[[[-75.55092,6.29288],[-75.551007,6.292894],[-75.551144,6.292978],[-75.551155,6.292946],[-75.55103,6.292855],[-75.550923,6.292833],[-75.55092,6.29288]]]},"properties":{"nombre":"Moscú No.1","riesgo":"Con condiciones de riesgo","amenaza":"Inundaciones"}},{"type":"Feature","geometry":{"type":"Polygon","coordinates":[[[-75.555156,6.2931],[-75.55524,6.293099],[-75.555174,6.293057],[-75.555156,6.2931]]]},"properties":{"nombre":"Moscú No.1","riesgo":"Con condiciones de riesgo","amenaza":"Inundaciones"}},{"type":"Feature","geometry":{"type":"Polygon","coordinates":[[[-75.551383,6.293055],[-75.55144,6.293124],[-75.551506,6.293136],[-75.551566,6.293203],[-75.551627,6.293148],[-75.551753,6.293185],[-75.551755,6.293155],[-75.551631,6.293118],[-75.551566,6.293159],[-75.55153,6.293114],[-75.551469,6.293094],[-75.551399,6.293029],[-75.551383,6.293055]]]},"properties":{"nombre":"Moscú No.1","riesgo":"Con condiciones de riesgo","amenaza":"Inundaciones"}},{"type":"Feature","geometry":{"type":"Polygon","coordinates":[[[-75.553979,6.29331],[-75.554092,6.293309],[-75.554154,6.293289],[-75.55414,6.293254],[-75.554117,6.293271],[-75.553975,6.293278],[-75.553979,6.29331]]]},"properties":{"nombre":"Moscú No.1","riesgo":"Con condiciones de riesgo","amenaza":"Inundaciones"}},{"type":"Feature","geometry":{"type":"Polygon","coordinates":[[[-75.542632,6.272422],[-75.542675,6.272448],[-75.542725,6.272456],[-75.542792,6.272417],[-75.542866,6.272417],[-75.543062,6.272317],[-75.543301,6.272254],[-75.543406,6.272089],[-75.54357,6.271943],[-75.543777,6.271781],[-75.544117,6.271556],[-75.544136,6.271388],[-75.544078,6.271345],[-75.544031,6.271161],[-75.543965,6.271015],[-75.54374,6.270814],[-75.543617,6.270665],[-75.54352,6.270655],[-75.543445,6.270594],[-75.543319,6.270413],[-75.543334,6.270323],[-75.543322,6.270201],[-75.543247,6.269824],[-75.543234,6.269616],[-75.543185,6.269419],[-75.543025,6.269009],[-75.542863,6.268503],[-75.54266,6.267937],[-75.542587,6.26783],[-75.542455,6.267885],[-75.542385,6.267897],[-75.542235,6.267887],[-75.542189,6.267906],[-75.542074,6.267982],[-75.541958,6.268032],[-75.541934,6.268164],[-75.541968,6.268283],[-75.542028,6.268387],[-75.542139,6.268493],[-75.542175,6.268556],[-75.542182,6.268632],[-75.542305,6.268837],[-75.542339,6.268982],[-75.542414,6.269171],[-75.542421,6.269292],[-75.542322,6.269737],[-75.542323,6.27019],[-75.542368,6.270237],[-75.542428,6.270384],[-75.542737,6.27078],[-75.542875,6.271185],[-75.542974,6.271335],[-75.542988,6.271389],[-75.542975,6.271534],[-75.542926,6.271634],[-75.542916,6.271722],[-75.542874,6.27185],[-75.542869,6.271941],[-75.542917,6.272057],[-75.542921,6.27213],[-75.54291,6.272166],[-75.54286,6.272203],[-75.542805,6.272294],[-75.54282,6.272296],[-75.542857,6.272389],[-75.542717,6.272434],[-75.542632,6.272422]]]},"properties":{"nombre":"El Raizal","riesgo":"Con condiciones de riesgo","amenaza":"Movimientos en masa"}},{"type":"Feature","geometry":{"type":"Polygon","coordinates":[[[-75.542547,6.272368],[-75.54268,6.272437],[-75.542857,6.272389],[-75.54282,6.272296],[-75.542805,6.272294],[-75.54286,6.272203],[-75.54291,6.272166],[-75.542921,6.27213],[-75.542917,6.272057],[-75.542869,6.271941],[-75.542874,6.27185],[-75.542916,6.271722],[-75.542926,6.271634],[-75.542975,6.271534],[-75.542988,6.271389],[-75.542974,6.271335],[-75.542875,6.271185],[-75.542737,6.27078],[-75.542428,6.270384],[-75.542368,6.270237],[-75.542323,6.27019],[-75.542322,6.269737],[-75.542421,6.269292],[-75.542414,6.269171],[-75.542339,6.268982],[-75.542305,6.268837],[-75.542182,6.268632],[-75.542175,6.268556],[-75.542139,6.268493],[-75.542028,6.268387],[-75.541968,6.268283],[-75.541934,6.268164],[-75.541958,6.268032],[-75.541798,6.268039],[-75.541595,6.268011],[-75.54144,6.268022],[-75.54133,6.268057],[-75.541089,6.26805],[-75.54101,6.268025],[-75.540861,6.26788],[-75.540656,6.267864],[-75.54057,6.267794],[-75.540534,6.267781],[-75.540655,6.267879],[-75.540746,6.267918],[-75.540751,6.267978],[-75.540774,6.267993],[-75.540783,6.268044],[-75.541048,6.268122],[-75.541139,6.26818],[-75.541363,6.268163],[-75.541513,6.268228],[-75.541878,6.268254],[-75.542139,6.268493],[-75.542175,6.268556],[-75.542186,6.268642],[-75.542305,6.268837],[-75.542339,6.268982],[-75.542411,6.269161],[-75.542421,6.269252],[-75.542355,6.269622],[-75.542322,6.269737],[-75.542317,6.270168],[-75.542368,6.270237],[-75.542428,6.270384],[-75.542737,6.27078],[-75.542875,6.271185],[-75.542974,6.271335],[-75.54299,6.271404],[-75.542975,6.271534],[-75.542926,6.271634],[-75.542916,6.271722],[-75.542874,6.27185],[-75.542869,6.271941],[-75.542911,6.27209],[-75.542899,6.272167],[-75.542845,6.272202],[-75.542824,6.272264],[-75.542794,6.272295],[-75.542624,6.27236],[-75.542539,6.272358],[-75.542547,6.272368]]]},"properties":{"nombre":"El Raizal","riesgo":"Con condiciones de riesgo","amenaza":"Movimientos en masa"}},{"type":"Feature","geometry":{"type":"Polygon","coordinates":[[[-75.546702,6.270945],[-75.546702,6.270913],[-75.546462,6.270984],[-75.54646,6.271021],[-75.546702,6.270945]]]},"properties":{"nombre":"El Raizal","riesgo":"Con condiciones de riesgo","amenaza":"Inundaciones"}},{"type":"Feature","geometry":{"type":"Polygon","coordinates":[[[-75.540534,6.267781],[-75.54057,6.267794],[-75.540656,6.267864],[-75.540861,6.26788],[-75.54101,6.268025],[-75.541089,6.26805],[-75.54133,6.268057],[-75.54144,6.268022],[-75.541595,6.268011],[-75.541923,6.268042],[-75.542074,6.267982],[-75.542235,6.267887],[-75.542385,6.267897],[-75.542455,6.267885],[-75.542706,6.267777],[-75.543043,6.267703],[-75.54331,6.267732],[-75.543439,6.267813],[-75.543607,6.267844],[-75.543705,6.267803],[-75.543822,6.267703],[-75.543848,6.267662],[-75.543913,6.267622],[-75.54398,6.267591],[-75.544143,6.267585],[-75.544129,6.267553],[-75.543935,6.267563],[-75.543869,6.267581],[-75.5437,6.267762],[-75.543637,6.267795],[-75.543528,6.267786],[-75.543278,6.267675],[-75.543125,6.267668],[-75.542589,6.267773],[-75.542432,6.267835],[-75.5422,6.267853],[-75.542149,6.267884],[-75.542115,6.267932],[-75.542018,6.267982],[-75.541834,6.267938],[-75.541748,6.267939],[-75.541672,6.267963],[-75.541575,6.267938],[-75.541176,6.267991],[-75.54106,6.267954],[-75.540948,6.267841],[-75.540745,6.267769],[-75.540549,6.267644],[-75.540407,6.267668],[-75.540534,6.267781]]]},"properties":{"nombre":"El Raizal","riesgo":"Con condiciones de riesgo","amenaza":"Avenidas Torrenciales"}},{"type":"Feature","geometry":{"type":"Polygon","coordinates":[[[-75.554005,6.287053],[-75.55397,6.287103],[-75.554177,6.287255],[-75.55433,6.287334],[-75.554512,6.287372],[-75.554599,6.287411],[-75.55458,6.287332],[-75.55443,6.287273],[-75.554414,6.287214],[-75.55434,6.287204],[-75.554205,6.287214],[-75.554076,6.287142],[-75.554005,6.287053]]]},"properties":{"nombre":"Villa Guadalupe","riesgo":"Con condiciones de riesgo","amenaza":"Movimientos en masa"}},{"type":"Feature","geometry":{"type":"Polygon","coordinates":[[[-75.552867,6.286553],[-75.5526,6.286597],[-75.552846,6.286946],[-75.55312,6.287089],[-75.553402,6.28717],[-75.553634,6.287104],[-75.553755,6.286981],[-75.553769,6.286869],[-75.553664,6.286871],[-75.55346,6.286806],[-75.553322,6.286854],[-75.553237,6.28681],[-75.553143,6.286837],[-75.553036,6.286801],[-75.552976,6.286743],[-75.552867,6.286553]]]},"properties":{"nombre":"Villa Guadalupe","riesgo":"Con condiciones de riesgo","amenaza":"Movimientos en masa"}},{"type":"Feature","geometry":{"type":"Polygon","coordinates":[[[-75.550202,6.285698],[-75.550154,6.285758],[-75.550204,6.285816],[-75.550262,6.285843],[-75.550328,6.285824],[-75.550408,6.285757],[-75.550327,6.285692],[-75.550261,6.285663],[-75.550202,6.285698]]]},"properties":{"nombre":"Villa Guadalupe","riesgo":"Con condiciones de riesgo","amenaza":"Movimientos en masa"}},{"type":"Feature","geometry":{"type":"Polygon","coordinates":[[[-75.548492,6.285894],[-75.548907,6.285895],[-75.549002,6.285856],[-75.549084,6.285761],[-75.549051,6.285616],[-75.548906,6.285387],[-75.548541,6.285302],[-75.548492,6.285894]]]},"properties":{"nombre":"Villa Guadalupe","riesgo":"Con condiciones de riesgo","amenaza":"Movimientos en masa"}},{"type":"Feature","geometry":{"type":"Polygon","coordinates":[[[-75.563871,6.207529],[-75.563999,6.207481],[-75.564231,6.207456],[-75.564329,6.207473],[-75.564456,6.207514],[-75.564594,6.207592],[-75.564638,6.207637],[-75.56497,6.207778],[-75.565056,6.207836],[-75.565202,6.207893],[-75.56536,6.207905],[-75.565936,6.207785],[-75.566004,6.207738],[-75.566035,6.207695],[-75.566119,6.207497],[-75.566201,6.207443],[-75.566699,6.207386],[-75.566873,6.207291],[-75.567182,6.207369],[-75.567238,6.207366],[-75.567313,6.207355],[-75.567473,6.20728],[-75.567871,6.207234],[-75.567996,6.207275],[-75.568204,6.207389],[-75.568437,6.207587],[-75.568615,6.207619],[-75.568897,6.207744],[-75.568964,6.207793],[-75.569084,6.20801],[-75.569152,6.208089],[-75.569235,6.20811],[-75.569385,6.208071],[-75.569532,6.207952],[-75.56959,6.207923],[-75.569801,6.207939],[-75.569858,6.207956],[-75.56989,6.207989],[-75.569952,6.208195],[-75.570016,6.208256],[-75.570559,6.208421],[-75.570618,6.208424],[-75.570697,6.208424],[-75.570871,6.208373],[-75.571016,6.208239],[-75.571106,6.208065],[-75.571157,6.20791],[-75.571219,6.207856],[-75.571334,6.207821],[-75.571353,6.207669],[-75.571182,6.20769],[-75.570991,6.207742],[-75.570816,6.207935],[-75.570771,6.208022],[-75.570821,6.208181],[-75.570774,6.208242],[-75.57074,6.208243],[-75.570668,6.208135],[-75.570614,6.208128],[-75.570488,6.208184],[-75.570378,6.208188],[-75.570211,6.208167],[-75.570156,6.20808],[-75.570109,6.207859],[-75.570083,6.207807],[-75.570038,6.207768],[-75.569969,6.207746],[-75.569544,6.207693],[-75.569472,6.207704],[-75.56942,6.20776],[-75.569394,6.207829],[-75.569318,6.207902],[-75.569237,6.207882],[-75.569131,6.207769],[-75.568918,6.207484],[-75.568811,6.207474],[-75.568695,6.207494],[-75.568569,6.207486],[-75.568348,6.207322],[-75.568279,6.207244],[-75.568279,6.20726],[-75.568169,6.207178],[-75.567989,6.207111],[-75.567718,6.207044],[-75.567481,6.207146],[-75.567418,6.207221],[-75.567337,6.207276],[-75.567215,6.207318],[-75.56712,6.207325],[-75.567036,6.207289],[-75.566928,6.207214],[-75.566794,6.207216],[-75.566598,6.207267],[-75.566135,6.207259],[-75.566034,6.207295],[-75.565912,6.207366],[-75.565423,6.207726],[-75.565266,6.207779],[-75.56512,6.207783],[-75.564932,6.207736],[-75.564803,6.207666],[-75.564732,6.207595],[-75.564543,6.207486],[-75.564218,6.207356],[-75.564044,6.207383],[-75.563843,6.207447],[-75.563871,6.207529]]]},"properties":{"nombre":"El Poblado","riesgo":"Con condiciones de riesgo","amenaza":"Avenidas Torrenciales"}},{"type":"Feature","geometry":{"type":"Polygon","coordinates":[[[-75.605363,6.22738],[-75.605151,6.227486],[-75.604906,6.22755],[-75.604906,6.227689],[-75.605024,6.227666],[-75.605319,6.227563],[-75.605382,6.22737],[-75.605363,6.22738]]]},"properties":{"nombre":"La Palma","riesgo":"Con condiciones de riesgo","amenaza":"Inundaciones"}},{"type":"Feature","geometry":{"type":"Polygon","coordinates":[[[-75.542624,6.291868],[-75.542953,6.292162],[-75.543073,6.292314],[-75.543158,6.292313],[-75.543282,6.292266],[-75.543333,6.292228],[-75.543337,6.29218],[-75.543193,6.291918],[-75.543105,6.291893],[-75.543074,6.291652],[-75.543077,6.291576],[-75.543137,6.291488],[-75.543156,6.291261],[-75.543217,6.290989],[-75.543277,6.290809],[-75.543273,6.290634],[-75.543073,6.290049],[-75.543067,6.289974],[-75.543085,6.289902],[-75.542947,6.289826],[-75.542974,6.289771],[-75.542932,6.289758],[-75.542883,6.289832],[-75.542878,6.289874],[-75.542918,6.290445],[-75.542886,6.290765],[-75.542807,6.290899],[-75.542609,6.291132],[-75.542576,6.29124],[-75.542574,6.29132],[-75.542643,6.291712],[-75.542624,6.291868]]]},"properties":{"nombre":"Granizal","riesgo":"Con condiciones de riesgo","amenaza":"Movimientos en masa"}},{"type":"Feature","geometry":{"type":"Polygon","coordinates":[[[-75.544435,6.290728],[-75.544418,6.290826],[-75.544523,6.290859],[-75.544613,6.290864],[-75.54466,6.290851],[-75.544719,6.290754],[-75.544774,6.290714],[-75.544888,6.290681],[-75.545003,6.290679],[-75.545125,6.29072],[-75.545276,6.290807],[-75.545513,6.290888],[-75.545673,6.29088],[-75.545708,6.290923],[-75.545705,6.290958],[-75.545692,6.290994],[-75.545627,6.291037],[-75.545474,6.291055],[-75.545297,6.29111],[-75.545235,6.291156],[-75.54513,6.291298],[-75.545022,6.291402],[-75.544952,6.291425],[-75.544651,6.291447],[-75.544532,6.291496],[-75.544356,6.291632],[-75.54424,6.291769],[-75.544234,6.291833],[-75.544274,6.291879],[-75.544547,6.291896],[-75.544578,6.291839],[-75.544676,6.291732],[-75.544724,6.291712],[-75.544792,6.291708],[-75.545009,6.291756],[-75.545071,6.291756],[-75.545237,6.291662],[-75.545408,6.291595],[-75.545574,6.29161],[-75.545718,6.291587],[-75.545905,6.291593],[-75.546013,6.291661],[-75.546081,6.291735],[-75.546122,6.291754],[-75.546248,6.291768],[-75.546326,6.291752],[-75.546421,6.29169],[-75.546517,6.291597],[-75.546551,6.291584],[-75.546618,6.291594],[-75.546803,6.291707],[-75.546869,6.291768],[-75.54708,6.291845],[-75.547193,6.29196],[-75.547353,6.292046],[-75.547204,6.292105],[-75.547044,6.292107],[-75.547053,6.292172],[-75.547142,6.292375],[-75.547543,6.292679],[-75.547706,6.292675],[-75.547895,6.292706],[-75.547996,6.292664],[-75.548089,6.292591],[-75.548312,6.292587],[-75.548378,6.29257],[-75.54848,6.292472],[-75.548804,6.292421],[-75.548857,6.292354],[-75.549028,6.292274],[-75.549125,6.292277],[-75.549232,6.292257],[-75.549341,6.292177],[-75.549379,6.292128],[-75.549368,6.292116],[-75.549489,6.291993],[-75.549579,6.291937],[-75.549713,6.291903],[-75.549745,6.29179],[-75.549425,6.291795],[-75.549256,6.291881],[-75.549221,6.291922],[-75.549199,6.292004],[-75.549154,6.292046],[-75.54908,6.292052],[-75.548959,6.292028],[-75.548898,6.292056],[-75.548832,6.292058],[-75.548727,6.291957],[-75.548631,6.291957],[-75.548541,6.291908],[-75.548524,6.291848],[-75.548463,6.291818],[-75.548417,6.291758],[-75.548363,6.291606],[-75.548219,6.291525],[-75.548172,6.291549],[-75.548136,6.291648],[-75.548042,6.291716],[-75.548016,6.291767],[-75.547916,6.29178],[-75.547865,6.291865],[-75.547811,6.291903],[-75.547692,6.291923],[-75.547474,6.291852],[-75.547334,6.291774],[-75.547295,6.291738],[-75.547281,6.291689],[-75.54725,6.291659],[-75.547002,6.291579],[-75.546981,6.29155],[-75.54697,6.291434],[-75.546942,6.291412],[-75.546887,6.291407],[-75.546666,6.291439],[-75.546458,6.291528],[-75.546418,6.291506],[-75.546339,6.291366],[-75.546212,6.291333],[-75.546147,6.291334],[-75.546103,6.29131],[-75.546055,6.29134],[-75.545937,6.291341],[-75.545868,6.291386],[-75.54574,6.291397],[-75.545904,6.290806],[-75.545874,6.290817],[-75.545848,6.290805],[-75.545777,6.290811],[-75.545511,6.290686],[-75.545397,6.290701],[-75.545233,6.290676],[-75.545174,6.290631],[-75.544989,6.290551],[-75.544754,6.290619],[-75.544659,6.290611],[-75.544625,6.290767],[-75.544601,6.290777],[-75.544435,6.290728]],[[-75.548044,6.29199],[-75.54814,6.291971],[-75.548217,6.291873],[-75.548239,6.291959],[-75.548263,6.291976],[-75.548265,6.292107],[-75.548319,6.292272],[-75.547795,6.292333],[-75.547721,6.29233],[-75.547683,6.292307],[-75.54766,6.292218],[-75.54769,6.292146],[-75.547875,6.292122],[-75.547999,6.292043],[-75.548044,6.29199]]]},"properties":{"nombre":"Granizal","riesgo":"Con condiciones de riesgo","amenaza":"Movimientos en masa"}},{"type":"Feature","geometry":{"type":"Polygon","coordinates":[[[-75.548123,6.294559],[-75.548219,6.294628],[-75.54827,6.294733],[-75.548332,6.294682],[-75.548457,6.294688],[-75.548511,6.294713],[-75.548588,6.294805],[-75.548756,6.294879],[-75.548892,6.2949],[-75.548943,6.294953],[-75.548981,6.294861],[-75.548854,6.294806],[-75.548782,6.294722],[-75.548758,6.29465],[-75.548567,6.294531],[-75.548292,6.294495],[-75.548123,6.294559]]]},"properties":{"nombre":"Granizal","riesgo":"Con condiciones de riesgo","amenaza":"Movimientos en masa"}},{"type":"Feature","geometry":{"type":"Polygon","coordinates":[[[-75.544091,6.293086],[-75.544098,6.293126],[-75.544154,6.293119],[-75.544091,6.293086]]]},"properties":{"nombre":"Granizal","riesgo":"Alto riesgo no mitigable","amenaza":"Movimientos en masa"}},{"type":"Feature","geometry":{"type":"Polygon","coordinates":[[[-75.545059,6.293936],[-75.545116,6.293937],[-75.545116,6.29388],[-75.545052,6.293891],[-75.545059,6.293936]]]},"properties":{"nombre":"Granizal","riesgo":"Con condiciones de riesgo","amenaza":"Inundaciones"}},{"type":"Feature","geometry":{"type":"Polygon","coordinates":[[[-75.545683,6.294088],[-75.545753,6.294141],[-75.545794,6.294218],[-75.545802,6.294165],[-75.545775,6.294125],[-75.545701,6.294067],[-75.545683,6.294088]]]},"properties":{"nombre":"Granizal","riesgo":"Con condiciones de riesgo","amenaza":"Inundaciones"}},{"type":"Feature","geometry":{"type":"Polygon","coordinates":[[[-75.543085,6.289902],[-75.54314,6.289939],[-75.543159,6.289903],[-75.542974,6.289771],[-75.542947,6.289826],[-75.543085,6.289902]]]},"properties":{"nombre":"Granizal","riesgo":"Con condiciones de riesgo","amenaza":"Inundaciones"}},{"type":"Feature","geometry":{"type":"Polygon","coordinates":[[[-75.561426,6.233273],[-75.561289,6.233488],[-75.561217,6.233659],[-75.561205,6.233773],[-75.561247,6.234048],[-75.561253,6.234254],[-75.561241,6.234293],[-75.561274,6.234445],[-75.561268,6.234658],[-75.561292,6.23469],[-75.56134,6.234699],[-75.56142,6.234921],[-75.56148,6.234995],[-75.561465,6.235217],[-75.561477,6.235357],[-75.561453,6.235384],[-75.561459,6.235438],[-75.561474,6.235477],[-75.561558,6.235492],[-75.561806,6.235378],[-75.561919,6.235285],[-75.561985,6.235148],[-75.561991,6.235046],[-75.561898,6.234867],[-75.561659,6.234681],[-75.561603,6.234613],[-75.561582,6.234523],[-75.561399,6.234143],[-75.561423,6.233904],[-75.561375,6.233787],[-75.561375,6.233698],[-75.561444,6.23359],[-75.561483,6.233494],[-75.561516,6.233315],[-75.561504,6.233237],[-75.561452,6.233218],[-75.561426,6.233273]]]},"properties":{"nombre":"El Salvador","riesgo":"Con condiciones de riesgo","amenaza":"Movimientos en masa"}},{"type":"Feature","geometry":{"type":"Polygon","coordinates":[[[-75.561806,6.24092],[-75.561776,6.24099],[-75.561808,6.241059],[-75.561877,6.241118],[-75.562329,6.241112],[-75.562395,6.241055],[-75.562425,6.240988],[-75.562396,6.24092],[-75.562328,6.24086],[-75.561876,6.240856],[-75.561806,6.24092]]]},"properties":{"nombre":"El Salvador","riesgo":"Con condiciones de riesgo","amenaza":"Movimientos en masa"}},{"type":"Feature","geometry":{"type":"Polygon","coordinates":[[[-75.561256,6.232918],[-75.561266,6.233025],[-75.561356,6.233167],[-75.561418,6.23308],[-75.561355,6.232969],[-75.561256,6.232918]]]},"properties":{"nombre":"El Salvador","riesgo":"Con condiciones de riesgo","amenaza":"Inundaciones"}},{"type":"Feature","geometry":{"type":"Polygon","coordinates":[[[-75.561016,6.237716],[-75.56111,6.237854],[-75.561116,6.237966],[-75.561177,6.238012],[-75.561215,6.237857],[-75.561197,6.237797],[-75.561062,6.237668],[-75.561016,6.237716]]]},"properties":{"nombre":"El Salvador","riesgo":"Con condiciones de riesgo","amenaza":"Inundaciones"}},{"type":"Feature","geometry":{"type":"Polygon","coordinates":[[[-75.543902,6.272553],[-75.544349,6.272132],[-75.544352,6.27225],[-75.544397,6.272517],[-75.544462,6.272495],[-75.545039,6.272565],[-75.545141,6.272604],[-75.545238,6.272591],[-75.545586,6.27268],[-75.545677,6.272418],[-75.545702,6.272256],[-75.545564,6.272223],[-75.545549,6.272247],[-75.545426,6.272247],[-75.545149,6.27222],[-75.544862,6.271945],[-75.544524,6.27173],[-75.544479,6.271718],[-75.54442,6.271765],[-75.544401,6.271831],[-75.54422,6.271752],[-75.544128,6.271672],[-75.544117,6.271556],[-75.543767,6.271788],[-75.543483,6.272026],[-75.543589,6.271999],[-75.543872,6.272],[-75.543962,6.271968],[-75.54405,6.271988],[-75.54406,6.272073],[-75.543954,6.272291],[-75.543902,6.272553]]]},"properties":{"nombre":"Santa Inés","riesgo":"Con condiciones de riesgo","amenaza":"Movimientos en masa"}},{"type":"Feature","geometry":{"type":"Polygon","coordinates":[[[-75.544628,6.274818],[-75.544772,6.274844],[-75.544896,6.27476],[-75.544861,6.274611],[-75.545118,6.274047],[-75.544839,6.273887],[-75.544794,6.27388],[-75.544693,6.274062],[-75.544648,6.274626],[-75.544675,6.274785],[-75.544628,6.274818]]]},"properties":{"nombre":"Santa Inés","riesgo":"Con condiciones de riesgo","amenaza":"Movimientos en masa"}},{"type":"Feature","geometry":{"type":"Polygon","coordinates":[[[-75.544056,6.273845],[-75.54408,6.274057],[-75.544209,6.274042],[-75.544233,6.274016],[-75.544224,6.273983],[-75.544176,6.27395],[-75.544107,6.273854],[-75.544056,6.273845]]]},"properties":{"nombre":"Santa Inés","riesgo":"Alto riesgo no mitigable","amenaza":"Movimientos en masa"}},{"type":"Feature","geometry":{"type":"Polygon","coordinates":[[[-75.547919,6.274126],[-75.548259,6.274121],[-75.548349,6.273973],[-75.547969,6.273889],[-75.547919,6.274126]]]},"properties":{"nombre":"Santa Inés","riesgo":"Con condiciones de riesgo","amenaza":"Movimientos en masa"}},{"type":"Feature","geometry":{"type":"Polygon","coordinates":[[[-75.54646,6.271021],[-75.546458,6.271053],[-75.546702,6.270972],[-75.546702,6.270945],[-75.54646,6.271021]]]},"properties":{"nombre":"Santa Inés","riesgo":"Con condiciones de riesgo","amenaza":"Inundaciones"}},{"type":"Feature","geometry":{"type":"Polygon","coordinates":[[[-75.54515,6.270917],[-75.544873,6.270953],[-75.544774,6.271017],[-75.544772,6.271075],[-75.544914,6.270995],[-75.545173,6.270966],[-75.54515,6.270917]]]},"properties":{"nombre":"Santa Inés","riesgo":"Con condiciones de riesgo","amenaza":"Inundaciones"}},{"type":"Feature","geometry":{"type":"Polygon","coordinates":[[[-75.543236,6.248721],[-75.543252,6.248798],[-75.543367,6.248927],[-75.543453,6.248934],[-75.543525,6.248908],[-75.543704,6.248922],[-75.54395,6.248829],[-75.544141,6.248693],[-75.544275,6.248712],[-75.544352,6.2487],[-75.544715,6.248418],[-75.544846,6.248379],[-75.544897,6.248379],[-75.544973,6.248334],[-75.54479,6.247651],[-75.544816,6.247621],[-75.54492,6.247591],[-75.544796,6.247636],[-75.544759,6.247722],[-75.544701,6.24778],[-75.544671,6.247862],[-75.544641,6.247896],[-75.544587,6.247916],[-75.544545,6.247901],[-75.544499,6.247906],[-75.544437,6.247929],[-75.544386,6.247976],[-75.544287,6.248025],[-75.544288,6.248149],[-75.544315,6.248209],[-75.544311,6.248262],[-75.544279,6.248297],[-75.54422,6.24832],[-75.544186,6.248366],[-75.544075,6.248391],[-75.543921,6.248553],[-75.543633,6.248701],[-75.543524,6.248699],[-75.543477,6.248681],[-75.543236,6.248721]]]},"properties":{"nombre":"Los Mangos","riesgo":"Con condiciones de riesgo","amenaza":"Movimientos en masa"}},{"type":"Feature","geometry":{"type":"Polygon","coordinates":[[[-75.539773,6.248894],[-75.539892,6.248938],[-75.539908,6.248883],[-75.539773,6.248894]]]},"properties":{"nombre":"Los Mangos","riesgo":"Con condiciones de riesgo","amenaza":"Movimientos en masa"}},{"type":"Feature","geometry":{"type":"Polygon","coordinates":[[[-75.541512,6.252044],[-75.541497,6.252104],[-75.541521,6.252046],[-75.541702,6.25208],[-75.541702,6.252115],[-75.541714,6.25209],[-75.541718,6.252028],[-75.541645,6.251609],[-75.541668,6.251517],[-75.541615,6.251184],[-75.541796,6.251059],[-75.541924,6.251032],[-75.54202,6.250991],[-75.542217,6.250799],[-75.542126,6.250608],[-75.541924,6.249834],[-75.541815,6.24918],[-75.541792,6.249111],[-75.541757,6.249066],[-75.541739,6.248939],[-75.5416,6.24897],[-75.541485,6.248974],[-75.541382,6.248894],[-75.541308,6.248865],[-75.541088,6.248836],[-75.541007,6.248755],[-75.540933,6.248912],[-75.540898,6.248906],[-75.540751,6.24895],[-75.540391,6.248982],[-75.540362,6.249008],[-75.540183,6.249059],[-75.540082,6.249107],[-75.540127,6.249157],[-75.540209,6.249307],[-75.540269,6.249351],[-75.540349,6.249365],[-75.540645,6.249367],[-75.540761,6.249413],[-75.540869,6.249419],[-75.541131,6.249512],[-75.541216,6.249603],[-75.541289,6.249732],[-75.541299,6.24981],[-75.541281,6.250062],[-75.541255,6.25013],[-75.541237,6.250273],[-75.541277,6.25049],[-75.541268,6.250533],[-75.541361,6.25073],[-75.541372,6.25079],[-75.541331,6.250945],[-75.54133,6.251032],[-75.541281,6.25112],[-75.541213,6.251166],[-75.541208,6.251186],[-75.541214,6.251241],[-75.541271,6.251275],[-75.541268,6.251297],[-75.541176,6.251312],[-75.541124,6.251366],[-75.541223,6.251396],[-75.541257,6.251438],[-75.541345,6.251452],[-75.541399,6.251507],[-75.541489,6.251739],[-75.54153,6.251905],[-75.541512,6.252044]]]},"properties":{"nombre":"Los Mangos","riesgo":"Con condiciones de riesgo","amenaza":"Movimientos en masa"}},{"type":"Feature","geometry":{"type":"Polygon","coordinates":[[[-75.544447,6.253828],[-75.544504,6.253844],[-75.544551,6.253826],[-75.544601,6.253756],[-75.544658,6.253709],[-75.544751,6.253565],[-75.544864,6.253547],[-75.544908,6.253524],[-75.545057,6.253381],[-75.545176,6.253362],[-75.545233,6.253329],[-75.545352,6.253324],[-75.54541,6.253285],[-75.545498,6.253274],[-75.545649,6.253197],[-75.545728,6.25321],[-75.54595,6.253185],[-75.546203,6.253061],[-75.546469,6.253035],[-75.54651,6.253011],[-75.546423,6.25285],[-75.546437,6.25284],[-75.546036,6.252582],[-75.545804,6.252485],[-75.545541,6.252457],[-75.545343,6.252499],[-75.545131,6.252612],[-75.545001,6.252708],[-75.544736,6.253026],[-75.544566,6.253153],[-75.544483,6.253179],[-75.54444,6.253215],[-75.544421,6.253263],[-75.544437,6.253437],[-75.544413,6.253468],[-75.544291,6.253507],[-75.544196,6.253483],[-75.544167,6.253434],[-75.54399,6.253325],[-75.543891,6.253336],[-75.54379,6.25339],[-75.543586,6.253412],[-75.543428,6.253383],[-75.543371,6.253343],[-75.54336,6.253286],[-75.543389,6.253214],[-75.543482,6.25311],[-75.543543,6.25297],[-75.543547,6.252924],[-75.543669,6.25278],[-75.543704,6.252704],[-75.54337,6.25263],[-75.54328,6.252631],[-75.543184,6.25265],[-75.543099,6.25271],[-75.543015,6.252805],[-75.542967,6.252912],[-75.542894,6.253022],[-75.542714,6.253174],[-75.542594,6.253236],[-75.542313,6.253286],[-75.542175,6.253342],[-75.542196,6.253377],[-75.542161,6.253542],[-75.542164,6.253763],[-75.542376,6.253638],[-75.542433,6.253662],[-75.542528,6.253658],[-75.542601,6.253589],[-75.542703,6.253536],[-75.542928,6.253526],[-75.543034,6.253536],[-75.543128,6.25357],[-75.54322,6.25366],[-75.543272,6.253686],[-75.543374,6.253716],[-75.543488,6.253709],[-75.543531,6.253735],[-75.543676,6.25376],[-75.54372,6.253802],[-75.543956,6.253777],[-75.544177,6.253799],[-75.544221,6.253756],[-75.544251,6.253754],[-75.544391,6.253831],[-75.544447,6.253828]]]},"properties":{"nombre":"Los Mangos","riesgo":"Con condiciones de riesgo","amenaza":"Movimientos en masa"}},{"type":"Feature","geometry":{"type":"Polygon","coordinates":[[[-75.54122,6.23237],[-75.541303,6.232418],[-75.541382,6.232197],[-75.541377,6.231963],[-75.541306,6.231896],[-75.541191,6.232087],[-75.541,6.23202],[-75.540957,6.23203],[-75.540909,6.232049],[-75.540818,6.232221],[-75.540823,6.232307],[-75.541086,6.232365],[-75.54122,6.23237]]]},"properties":{"nombre":"Los Cerros El Vergel","riesgo":"Con condiciones de riesgo","amenaza":"Movimientos en masa"}},{"type":"Feature","geometry":{"type":"Polygon","coordinates":[[[-75.557163,6.236204],[-75.556954,6.235976],[-75.556817,6.235946],[-75.556823,6.236065],[-75.557079,6.236359],[-75.557163,6.236204]]]},"properties":{"nombre":"La Milagrosa","riesgo":"Con condiciones de riesgo","amenaza":"Inundaciones"}},{"type":"Feature","geometry":{"type":"Polygon","coordinates":[[[-75.567749,6.190785],[-75.567728,6.190832],[-75.567749,6.190816],[-75.567749,6.190785]]]},"properties":{"nombre":"El Castillo","riesgo":"Con condiciones de riesgo","amenaza":"Movimientos en masa"}},{"type":"Feature","geometry":{"type":"Polygon","coordinates":[[[-75.541683,6.282754],[-75.541777,6.28264],[-75.541909,6.282432],[-75.542202,6.282062],[-75.542542,6.282136],[-75.542529,6.28221],[-75.542398,6.282447],[-75.542443,6.28265],[-75.542503,6.282788],[-75.542529,6.283031],[-75.542522,6.283326],[-75.542673,6.283602],[-75.542857,6.283681],[-75.543021,6.28351],[-75.543157,6.283457],[-75.543174,6.283316],[-75.543255,6.283132],[-75.543374,6.282498],[-75.54342,6.282405],[-75.543478,6.282209],[-75.543456,6.282191],[-75.543544,6.281904],[-75.543637,6.281743],[-75.543705,6.281714],[-75.543716,6.281506],[-75.543741,6.28137],[-75.543835,6.281079],[-75.543906,6.280923],[-75.543483,6.280765],[-75.543353,6.280774],[-75.543186,6.280835],[-75.542903,6.280742],[-75.542752,6.280598],[-75.54268,6.280588],[-75.542629,6.280605],[-75.5425,6.280524],[-75.542477,6.281096],[-75.542459,6.281105],[-75.542378,6.281304],[-75.542296,6.281404],[-75.542233,6.2814],[-75.542154,6.281472],[-75.542032,6.281676],[-75.541768,6.282063],[-75.541803,6.282126],[-75.541843,6.282275],[-75.541844,6.282342],[-75.541816,6.282408],[-75.541705,6.282573],[-75.541685,6.282554],[-75.541683,6.282754]]]},"properties":{"nombre":"San José La Cima No.1","riesgo":"Con condiciones de riesgo","amenaza":"Movimientos en masa"}},{"type":"Feature","geometry":{"type":"Polygon","coordinates":[[[-75.541467,6.28513],[-75.541686,6.285088],[-75.541748,6.285097],[-75.541795,6.285216],[-75.54187,6.28528],[-75.541987,6.285347],[-75.542143,6.285344],[-75.542202,6.285328],[-75.542277,6.285278],[-75.54231,6.28518],[-75.542338,6.284974],[-75.542408,6.284919],[-75.542486,6.284902],[-75.5428,6.285027],[-75.542806,6.284909],[-75.542768,6.284717],[-75.542767,6.284557],[-75.542797,6.284334],[-75.542864,6.284231],[-75.542883,6.284139],[-75.542713,6.284079],[-75.542505,6.284044],[-75.542238,6.283925],[-75.542153,6.284101],[-75.542074,6.284181],[-75.542036,6.284198],[-75.541825,6.284156],[-75.541759,6.284194],[-75.541595,6.284339],[-75.54161,6.284538],[-75.541596,6.2847],[-75.541512,6.285035],[-75.541467,6.28513]]]},"properties":{"nombre":"San José La Cima No.1","riesgo":"Con condiciones de riesgo","amenaza":"Movimientos en masa"}},{"type":"Feature","geometry":{"type":"Polygon","coordinates":[[[-75.542554,6.286329],[-75.542621,6.286343],[-75.542688,6.286336],[-75.542751,6.286302],[-75.54285,6.286204],[-75.542888,6.286213],[-75.542956,6.286172],[-75.543037,6.286163],[-75.543059,6.286146],[-75.543185,6.28593],[-75.543229,6.285891],[-75.543349,6.28582],[-75.543497,6.285812],[-75.543604,6.285778],[-75.543655,6.285783],[-75.543747,6.285699],[-75.54359,6.285741],[-75.543437,6.285746],[-75.543423,6.28568],[-75.543503,6.285526],[-75.543516,6.285394],[-75.543393,6.285196],[-75.543366,6.285082],[-75.543366,6.285016],[-75.543402,6.284906],[-75.543489,6.284836],[-75.543643,6.284796],[-75.543659,6.284705],[-75.54355,6.28466],[-75.543253,6.284674],[-75.543252,6.284707],[-75.543113,6.284853],[-75.542993,6.285015],[-75.542934,6.285065],[-75.542928,6.285105],[-75.543009,6.285166],[-75.543084,6.285253],[-75.543137,6.285361],[-75.543173,6.285495],[-75.543165,6.285601],[-75.543113,6.285711],[-75.543133,6.285697],[-75.543075,6.285772],[-75.542946,6.285878],[-75.542795,6.285959],[-75.542523,6.285997],[-75.542446,6.286038],[-75.542293,6.286074],[-75.541808,6.286095],[-75.541767,6.286117],[-75.541598,6.286105],[-75.541515,6.286029],[-75.541479,6.285934],[-75.54141,6.28582],[-75.541311,6.28576],[-75.541252,6.285593],[-75.541171,6.285539],[-75.541105,6.285503],[-75.540944,6.285464],[-75.54072,6.285482],[-75.540425,6.285415],[-75.540344,6.285447],[-75.540299,6.28549],[-75.540329,6.285622],[-75.540326,6.28568],[-75.540427,6.285743],[-75.540485,6.285759],[-75.540605,6.285853],[-75.54057,6.285871],[-75.540469,6.285821],[-75.540381,6.285814],[-75.540278,6.285841],[-75.540256,6.285817],[-75.540174,6.285856],[-75.539988,6.285856],[-75.539958,6.285871],[-75.539943,6.285901],[-75.540063,6.285961],[-75.540148,6.286045],[-75.540255,6.286069],[-75.540379,6.286041],[-75.540419,6.286055],[-75.54056,6.286192],[-75.540632,6.286297],[-75.5407,6.286331],[-75.54081,6.286332],[-75.5409,6.286291],[-75.540964,6.286284],[-75.541057,6.286233],[-75.541196,6.286081],[-75.54124,6.286056],[-75.541324,6.286063],[-75.541526,6.286225],[-75.541617,6.286275],[-75.541884,6.286264],[-75.542087,6.286332],[-75.542174,6.286329],[-75.542245,6.286291],[-75.54238,6.28633],[-75.542554,6.286329]]]},"properties":{"nombre":"San José La Cima No.1","riesgo":"Con condiciones de riesgo","amenaza":"Movimientos en masa"}},{"type":"Feature","geometry":{"type":"Polygon","coordinates":[[[-75.65064,6.190564],[-75.650659,6.190585],[-75.650755,6.190609],[-75.650844,6.190675],[-75.651191,6.190806],[-75.651298,6.190824],[-75.651555,6.190818],[-75.651669,6.190866],[-75.651938,6.190884],[-75.652039,6.190914],[-75.652111,6.190878],[-75.652163,6.190734],[-75.652024,6.190734],[-75.651892,6.19071],[-75.651677,6.190639],[-75.651462,6.190687],[-75.651283,6.190746],[-75.651104,6.190758],[-75.65064,6.190564]]]},"properties":{"nombre":"La Verde","riesgo":"Con condiciones de riesgo","amenaza":"Movimientos en masa"}},{"type":"Feature","geometry":{"type":"Polygon","coordinates":[[[-75.650853,6.190134],[-75.650983,6.190204],[-75.651098,6.190213],[-75.651157,6.190234],[-75.651041,6.190041],[-75.651035,6.189831],[-75.650886,6.18973],[-75.650826,6.189568],[-75.650725,6.18955],[-75.650665,6.189497],[-75.650599,6.189329],[-75.65048,6.189245],[-75.650426,6.189186],[-75.650366,6.189162],[-75.650133,6.189126],[-75.649625,6.189341],[-75.649378,6.189335],[-75.649374,6.189371],[-75.649463,6.1894],[-75.649645,6.189525],[-75.64974,6.189563],[-75.650008,6.189601],[-75.650218,6.189687],[-75.650438,6.189869],[-75.650853,6.190134]]]},"properties":{"nombre":"La Verde","riesgo":"Con condiciones de riesgo","amenaza":"Movimientos en masa"}},{"type":"Feature","geometry":{"type":"Polygon","coordinates":[[[-75.637186,6.180617],[-75.636918,6.180777],[-75.636802,6.180812],[-75.636822,6.180837],[-75.63703,6.180866],[-75.637109,6.180909],[-75.637167,6.181081],[-75.63718,6.181354],[-75.63716,6.181482],[-75.637169,6.181573],[-75.637196,6.181635],[-75.637226,6.181685],[-75.637407,6.181775],[-75.637637,6.181976],[-75.63778,6.182335],[-75.637837,6.18255],[-75.637909,6.182737],[-75.638024,6.182909],[-75.638712,6.183354],[-75.638827,6.183454],[-75.63887,6.183598],[-75.638884,6.183856],[-75.638798,6.183999],[-75.638612,6.184057],[-75.638483,6.184157],[-75.638339,6.184301],[-75.638268,6.184444],[-75.638196,6.184674],[-75.638196,6.184889],[-75.638325,6.185047],[-75.638598,6.185219],[-75.638727,6.185435],[-75.638842,6.185679],[-75.638899,6.185865],[-75.638883,6.186012],[-75.638904,6.186213],[-75.638983,6.186271],[-75.639062,6.186285],[-75.639141,6.186335],[-75.639222,6.186439],[-75.639475,6.186293],[-75.639393,6.186207],[-75.639356,6.186082],[-75.639329,6.185909],[-75.639333,6.185673],[-75.63928,6.185181],[-75.639034,6.184693],[-75.638928,6.1844],[-75.638935,6.184251],[-75.638971,6.184128],[-75.639067,6.183955],[-75.639243,6.18375],[-75.639289,6.18364],[-75.639296,6.183477],[-75.639259,6.183431],[-75.638988,6.183284],[-75.638755,6.183102],[-75.638666,6.183065],[-75.63847,6.183035],[-75.63836,6.183002],[-75.638145,6.182873],[-75.638082,6.182789],[-75.638025,6.18265],[-75.638015,6.182541],[-75.638015,6.182421],[-75.638068,6.182012],[-75.638052,6.181955],[-75.637939,6.181866],[-75.637561,6.181777],[-75.637425,6.181713],[-75.637382,6.181671],[-75.637368,6.18159],[-75.637368,6.181135],[-75.637222,6.180773],[-75.637186,6.180617]]]},"properties":{"nombre":"La Verde","riesgo":"Con condiciones de riesgo","amenaza":"Avenidas Torrenciales"}},{"type":"Feature","geometry":{"type":"Polygon","coordinates":[[[-75.661041,6.194875],[-75.661167,6.194979],[-75.661158,6.194897],[-75.661041,6.194875]]]},"properties":{"nombre":"La Verde","riesgo":"Con condiciones de riesgo","amenaza":"Avenidas Torrenciales"}},{"type":"Feature","geometry":{"type":"Polygon","coordinates":[[[-75.652548,6.190243],[-75.65239,6.190514],[-75.652696,6.190476],[-75.652906,6.190514],[-75.653183,6.190514],[-75.653508,6.190456],[-75.653496,6.19031],[-75.652733,6.190184],[-75.652637,6.190232],[-75.652548,6.190243]]]},"properties":{"nombre":"La Verde","riesgo":"Alto riesgo no mitigable","amenaza":"Avenidas Torrenciales"}},{"type":"Feature","geometry":{"type":"Polygon","coordinates":[[[-75.660451,6.194742],[-75.660474,6.194967],[-75.660521,6.195098],[-75.660701,6.195302],[-75.660844,6.195385],[-75.661011,6.195373],[-75.661119,6.195445],[-75.661159,6.195526],[-75.661225,6.195516],[-75.661167,6.194979],[-75.661041,6.194875],[-75.66082,6.194834],[-75.660768,6.194771],[-75.660722,6.194645],[-75.660668,6.194597],[-75.660451,6.194742]]]},"properties":{"nombre":"La Verde","riesgo":"Alto riesgo no mitigable","amenaza":"Avenidas Torrenciales"}},{"type":"Feature","geometry":{"type":"Polygon","coordinates":[[[-75.661925,6.199219],[-75.661895,6.199225],[-75.661914,6.199288],[-75.661925,6.199219]]]},"properties":{"nombre":"La Verde","riesgo":"Con condiciones de riesgo","amenaza":"Avenidas Torrenciales"}},{"type":"Feature","geometry":{"type":"Polygon","coordinates":[[[-75.65064,6.190564],[-75.651104,6.190758],[-75.651283,6.190746],[-75.651462,6.190687],[-75.651677,6.190639],[-75.651892,6.19071],[-75.652024,6.190734],[-75.652251,6.190734],[-75.652211,6.190527],[-75.652121,6.190503],[-75.651786,6.190462],[-75.651625,6.190503],[-75.651511,6.190575],[-75.651446,6.190533],[-75.651314,6.190408],[-75.651219,6.19036],[-75.651141,6.190354],[-75.651021,6.190318],[-75.650853,6.190134],[-75.650334,6.189791],[-75.650209,6.189924],[-75.650609,6.190246],[-75.650544,6.190532],[-75.65064,6.190564]]]},"properties":{"nombre":"La Verde","riesgo":"Alto riesgo no mitigable","amenaza":"Avenidas Torrenciales"}},{"type":"Feature","geometry":{"type":"MultiPolygon","coordinates":[[[[-75.642122,6.187757],[-75.642377,6.187827],[-75.642616,6.18799],[-75.642712,6.188095],[-75.642788,6.188382],[-75.642951,6.188621],[-75.643008,6.188736],[-75.643324,6.188985],[-75.643524,6.18908],[-75.643687,6.189128],[-75.64383,6.189195],[-75.643974,6.189224],[-75.644127,6.189224],[-75.644461,6.189406],[-75.644538,6.189473],[-75.644538,6.189578],[-75.644595,6.189693],[-75.644729,6.189779],[-75.644806,6.189807],[-75.644882,6.189874],[-75.645006,6.189941],[-75.645217,6.190152],[-75.645284,6.190276],[-75.64537,6.190334],[-75.645494,6.190343],[-75.645733,6.190171],[-75.646058,6.190075],[-75.646163,6.18997],[-75.646205,6.189791],[-75.645899,6.189843],[-75.64536,6.190027],[-75.645312,6.19003],[-75.645262,6.190011],[-75.645109,6.189897],[-75.644972,6.189766],[-75.644743,6.189402],[-75.644634,6.189291],[-75.644383,6.18908],[-75.644176,6.188826],[-75.644068,6.188548],[-75.644023,6.188076],[-75.643944,6.187946],[-75.643832,6.187878],[-75.643377,6.187827],[-75.643141,6.187767],[-75.642743,6.187474],[-75.642533,6.187257],[-75.642421,6.18718],[-75.642372,6.187263],[-75.64236,6.187367],[-75.642368,6.18741],[-75.642431,6.187521],[-75.642429,6.187553],[-75.642389,6.187583],[-75.64228,6.18759],[-75.642231,6.187612],[-75.642122,6.187757]]],[[[-75.652251,6.190734],[-75.652382,6.190734],[-75.652621,6.190698],[-75.652801,6.190698],[-75.653243,6.190758],[-75.653422,6.190818],[-75.653565,6.190902],[-75.653793,6.191212],[-75.65396,6.191368],[-75.654175,6.191464],[-75.654438,6.191511],[-75.654749,6.19144],[-75.655035,6.191416],[-75.655181,6.191238],[-75.655196,6.191162],[-75.655196,6.190937],[-75.655138,6.19087],[-75.655058,6.190816],[-75.65496,6.190816],[-75.654807,6.190758],[-75.65453,6.190749],[-75.654329,6.190691],[-75.653909,6.1905],[-75.653832,6.190433],[-75.653765,6.190347],[-75.65366,6.190318],[-75.653496,6.19031],[-75.653508,6.190456],[-75.653183,6.190514],[-75.652906,6.190514],[-75.652696,6.190476],[-75.65239,6.190514],[-75.652548,6.190243],[-75.65235,6.190252],[-75.652149,6.190204],[-75.651949,6.190194],[-75.651509,6.190347],[-75.651413,6.190328],[-75.651098,6.190213],[-75.650983,6.190204],[-75.650853,6.190134],[-75.651021,6.190318],[-75.651141,6.190354],[-75.651219,6.19036],[-75.651314,6.190408],[-75.651446,6.190533],[-75.651511,6.190575],[-75.651625,6.190503],[-75.651786,6.190462],[-75.651942,6.190473],[-75.652211,6.190527],[-75.652251,6.190734]]],[[[-75.649826,6.189573],[-75.649746,6.189632],[-75.649732,6.189689],[-75.649732,6.18977],[-75.649787,6.189931],[-75.649901,6.189931],[-75.649978,6.189988],[-75.650322,6.190448],[-75.650544,6.190532],[-75.650609,6.190246],[-75.650209,6.189924],[-75.650334,6.189791],[-75.650218,6.189687],[-75.650008,6.189601],[-75.649826,6.189573]]],[[[-75.660569,6.194218],[-75.660536,6.194225],[-75.660366,6.194381],[-75.660366,6.194536],[-75.660451,6.194742],[-75.660668,6.194597],[-75.660722,6.194645],[-75.660569,6.194218]]]]},"properties":{"nombre":"La Verde","riesgo":"Con condiciones de riesgo","amenaza":"Avenidas Torrenciales"}},{"type":"Feature","geometry":{"type":"Polygon","coordinates":[[[-75.677075,6.194846],[-75.677022,6.194952],[-75.677181,6.195066],[-75.677243,6.195095],[-75.677343,6.195109],[-75.67741,6.195109],[-75.677601,6.195066],[-75.677831,6.194946],[-75.677831,6.194865],[-75.677788,6.194774],[-75.677716,6.194693],[-75.677544,6.194611],[-75.677295,6.194549],[-75.677075,6.194846]]]},"properties":{"nombre":"Montañita","riesgo":"Con condiciones de riesgo","amenaza":"Movimientos en masa"}},{"type":"Feature","geometry":{"type":"Polygon","coordinates":[[[-75.675008,6.195406],[-75.674928,6.195475],[-75.674793,6.195928],[-75.674886,6.196379],[-75.67508,6.196654],[-75.675202,6.196708],[-75.67533,6.19683],[-75.675532,6.196906],[-75.675587,6.196884],[-75.675649,6.196829],[-75.675768,6.196376],[-75.675723,6.195925],[-75.675607,6.195473],[-75.675571,6.195431],[-75.675528,6.19541],[-75.675076,6.195379],[-75.675008,6.195406]]]},"properties":{"nombre":"Montañita","riesgo":"Con condiciones de riesgo","amenaza":"Movimientos en masa"}},{"type":"Feature","geometry":{"type":"Polygon","coordinates":[[[-75.67558,6.191163],[-75.675589,6.1912],[-75.675665,6.191267],[-75.675665,6.19142],[-75.675685,6.191535],[-75.675532,6.191899],[-75.675503,6.192004],[-75.675341,6.192195],[-75.675235,6.192358],[-75.675233,6.192492],[-75.675296,6.192559],[-75.675421,6.192552],[-75.675428,6.19248],[-75.675486,6.192344],[-75.675615,6.19215],[-75.675679,6.192093],[-75.67578,6.192035],[-75.675808,6.191863],[-75.675866,6.191799],[-75.675937,6.191748],[-75.675973,6.191669],[-75.675973,6.191583],[-75.675952,6.191504],[-75.675887,6.191411],[-75.675887,6.191318],[-75.675952,6.191117],[-75.675901,6.191052],[-75.675908,6.190715],[-75.675951,6.190607],[-75.675987,6.190406],[-75.675987,6.190213],[-75.675933,6.190163],[-75.675922,6.190612],[-75.675625,6.190677],[-75.675665,6.190779],[-75.675665,6.190875],[-75.675608,6.19099],[-75.675573,6.191114],[-75.67558,6.191163]]]},"properties":{"nombre":"Montañita","riesgo":"Con condiciones de riesgo","amenaza":"Avenidas Torrenciales"}},{"type":"Feature","geometry":{"type":"Polygon","coordinates":[[[-75.662469,6.182039],[-75.662572,6.182083],[-75.662681,6.182169],[-75.662741,6.182195],[-75.66286,6.182037],[-75.662965,6.181828],[-75.663075,6.181666],[-75.663126,6.181621],[-75.663141,6.181534],[-75.663119,6.181481],[-75.663092,6.181455],[-75.663016,6.181613],[-75.662915,6.181728],[-75.662844,6.181771],[-75.662707,6.181943],[-75.66257,6.182015],[-75.662448,6.182026],[-75.662469,6.182039]]]},"properties":{"nombre":"San Antonio de Prado","riesgo":"Con condiciones de riesgo","amenaza":"Movimientos en masa"}},{"type":"Feature","geometry":{"type":"Polygon","coordinates":[[[-75.661531,6.182702],[-75.661335,6.182834],[-75.661292,6.182872],[-75.661273,6.18293],[-75.661215,6.182977],[-75.661134,6.183016],[-75.660809,6.183054],[-75.660666,6.183155],[-75.660623,6.183231],[-75.660527,6.183308],[-75.660431,6.183523],[-75.660441,6.183695],[-75.660403,6.183781],[-75.660393,6.18392],[-75.66036,6.184025],[-75.66025,6.18414],[-75.660226,6.184212],[-75.660183,6.18426],[-75.660021,6.184341],[-75.659973,6.184384],[-75.659958,6.184552],[-75.659939,6.184595],[-75.659987,6.184729],[-75.660235,6.18476],[-75.660239,6.184528],[-75.660254,6.184474],[-75.660331,6.184392],[-75.660394,6.184294],[-75.660529,6.184195],[-75.660557,6.18405],[-75.660617,6.183931],[-75.660666,6.183667],[-75.660661,6.183594],[-75.660585,6.183513],[-75.660601,6.183442],[-75.660725,6.183327],[-75.660835,6.183195],[-75.660982,6.183182],[-75.661068,6.183146],[-75.661132,6.183143],[-75.661282,6.182994],[-75.661411,6.182955],[-75.661492,6.182911],[-75.661531,6.182702]]]},"properties":{"nombre":"San Antonio de Prado","riesgo":"Con condiciones de riesgo","amenaza":"Movimientos en masa"}},{"type":"Feature","geometry":{"type":"Polygon","coordinates":[[[-75.660437,6.185113],[-75.660387,6.185145],[-75.660363,6.185183],[-75.660621,6.185269],[-75.660688,6.185355],[-75.660706,6.185407],[-75.660805,6.185377],[-75.660854,6.18532],[-75.660861,6.185256],[-75.660831,6.185212],[-75.660765,6.185169],[-75.660722,6.185152],[-75.660714,6.185178],[-75.660692,6.185188],[-75.660619,6.185183],[-75.660437,6.185113]]]},"properties":{"nombre":"San Antonio de Prado","riesgo":"Con condiciones de riesgo","amenaza":"Movimientos en masa"}},{"type":"Feature","geometry":{"type":"Polygon","coordinates":[[[-75.656747,6.188095],[-75.656679,6.187986],[-75.656534,6.187891],[-75.656317,6.187906],[-75.656252,6.18804],[-75.656138,6.188194],[-75.656064,6.18837],[-75.656019,6.188578],[-75.655994,6.188876],[-75.655891,6.189223],[-75.655911,6.18924],[-75.655957,6.189265],[-75.656064,6.189187],[-75.656086,6.189149],[-75.656097,6.189163],[-75.65612,6.189035],[-75.656217,6.188802],[-75.656238,6.188361],[-75.656285,6.188213],[-75.65641,6.188152],[-75.656452,6.188108],[-75.656521,6.188033],[-75.656554,6.18792],[-75.656624,6.187946],[-75.656747,6.188095]]]},"properties":{"nombre":"San Antonio de Prado","riesgo":"Con condiciones de riesgo","amenaza":"Movimientos en masa"}},{"type":"Feature","geometry":{"type":"Polygon","coordinates":[[[-75.649378,6.189335],[-75.649374,6.189335],[-75.649374,6.189351],[-75.649378,6.189335]]]},"properties":{"nombre":"San Antonio de Prado","riesgo":"Con condiciones de riesgo","amenaza":"Movimientos en masa"}},{"type":"Feature","geometry":{"type":"Polygon","coordinates":[[[-75.64961,6.188333],[-75.649613,6.188416],[-75.649847,6.188466],[-75.649922,6.188366],[-75.649925,6.188312],[-75.649872,6.188254],[-75.649735,6.188218],[-75.64961,6.188333]]]},"properties":{"nombre":"San Antonio de Prado","riesgo":"Con condiciones de riesgo","amenaza":"Movimientos en masa"}},{"type":"Feature","geometry":{"type":"Polygon","coordinates":[[[-75.647839,6.188412],[-75.648004,6.188351],[-75.648022,6.188294],[-75.647946,6.188136],[-75.647903,6.187993],[-75.647921,6.187899],[-75.647953,6.187856],[-75.648172,6.187835],[-75.648294,6.187842],[-75.64838,6.187896],[-75.648427,6.187903],[-75.648495,6.187896],[-75.648595,6.187842],[-75.648599,6.187792],[-75.647939,6.187785],[-75.647681,6.18776],[-75.647499,6.187661],[-75.647455,6.187806],[-75.647394,6.18791],[-75.647391,6.187968],[-75.647391,6.188004],[-75.647498,6.188265],[-75.647584,6.188369],[-75.647663,6.188405],[-75.647839,6.188412]]]},"properties":{"nombre":"San Antonio de Prado","riesgo":"Con condiciones de riesgo","amenaza":"Movimientos en masa"}},{"type":"Feature","geometry":{"type":"Polygon","coordinates":[[[-75.647072,6.178993],[-75.647131,6.179176],[-75.647239,6.179348],[-75.647268,6.179434],[-75.647497,6.179527],[-75.647605,6.179463],[-75.647669,6.179341],[-75.647683,6.179219],[-75.647576,6.179039],[-75.64749,6.178968],[-75.647303,6.178953],[-75.647072,6.178993]]]},"properties":{"nombre":"San Antonio de Prado","riesgo":"Con condiciones de riesgo","amenaza":"Movimientos en masa"}},{"type":"Feature","geometry":{"type":"Polygon","coordinates":[[[-75.662807,6.187568],[-75.662813,6.187633],[-75.66277,6.187676],[-75.662669,6.187712],[-75.662605,6.187755],[-75.662382,6.187942],[-75.662289,6.188078],[-75.662237,6.188276],[-75.662347,6.188271],[-75.66235,6.188142],[-75.662381,6.188105],[-75.662479,6.188041],[-75.662678,6.187805],[-75.662811,6.187764],[-75.66288,6.187628],[-75.662863,6.187597],[-75.662807,6.187568]]]},"properties":{"nombre":"San Antonio de Prado","riesgo":"Con condiciones de riesgo","amenaza":"Avenidas Torrenciales"}},{"type":"Feature","geometry":{"type":"Polygon","coordinates":[[[-75.617193,6.236871],[-75.617213,6.236977],[-75.617352,6.237097],[-75.617675,6.237188],[-75.617782,6.237178],[-75.617929,6.237109],[-75.618091,6.237109],[-75.618145,6.237093],[-75.618302,6.23696],[-75.618353,6.236955],[-75.6185,6.237017],[-75.618832,6.237346],[-75.618937,6.237393],[-75.619004,6.237404],[-75.618994,6.237337],[-75.618866,6.237265],[-75.618817,6.237186],[-75.618711,6.237076],[-75.618615,6.237028],[-75.618451,6.236845],[-75.618392,6.236824],[-75.618329,6.236836],[-75.618271,6.236871],[-75.618174,6.236983],[-75.618069,6.237008],[-75.617991,6.236991],[-75.61782,6.236795],[-75.617753,6.236793],[-75.617701,6.236811],[-75.617592,6.236936],[-75.617521,6.236986],[-75.617481,6.236996],[-75.617338,6.236981],[-75.617193,6.236871]]]},"properties":{"nombre":"Área de Expansión El Noral","riesgo":"Con condiciones de riesgo","amenaza":"Avenidas Torrenciales"}},{"type":"Feature","geometry":{"type":"Polygon","coordinates":[[[-75.615096,6.231252],[-75.615103,6.23129],[-75.615154,6.23135],[-75.615216,6.231466],[-75.615256,6.231573],[-75.615251,6.231624],[-75.615185,6.231702],[-75.615172,6.231743],[-75.615285,6.231705],[-75.615334,6.23167],[-75.615362,6.231612],[-75.615354,6.23152],[-75.61531,6.231399],[-75.615273,6.231356],[-75.615195,6.231298],[-75.615096,6.231252]]]},"properties":{"nombre":"Las Violetas","riesgo":"Con condiciones de riesgo","amenaza":"Movimientos en masa"}},{"type":"Feature","geometry":{"type":"Polygon","coordinates":[[[-75.615502,6.231478],[-75.615484,6.231525],[-75.615508,6.231644],[-75.615461,6.231766],[-75.615466,6.231828],[-75.615534,6.231789],[-75.615574,6.231691],[-75.615574,6.231615],[-75.615551,6.231536],[-75.615522,6.231484],[-75.615502,6.231478]]]},"properties":{"nombre":"Las Violetas","riesgo":"Con condiciones de riesgo","amenaza":"Movimientos en masa"}},{"type":"Feature","geometry":{"type":"Polygon","coordinates":[[[-75.615723,6.231439],[-75.615663,6.231469],[-75.615692,6.231575],[-75.615694,6.231655],[-75.615631,6.231851],[-75.615637,6.231928],[-75.615788,6.231796],[-75.615831,6.231711],[-75.615755,6.231451],[-75.615723,6.231439]]]},"properties":{"nombre":"Las Violetas","riesgo":"Con condiciones de riesgo","amenaza":"Movimientos en masa"}},{"type":"Feature","geometry":{"type":"Polygon","coordinates":[[[-75.615365,6.231887],[-75.615285,6.231939],[-75.61524,6.232007],[-75.615234,6.23205],[-75.61527,6.232111],[-75.615325,6.232159],[-75.615626,6.232247],[-75.615631,6.232218],[-75.615571,6.232156],[-75.61539,6.232076],[-75.615379,6.232013],[-75.615403,6.231907],[-75.615365,6.231887]]]},"properties":{"nombre":"Las Violetas","riesgo":"Con condiciones de riesgo","amenaza":"Movimientos en masa"}},{"type":"Feature","geometry":{"type":"Polygon","coordinates":[[[-75.618994,6.237337],[-75.619104,6.237327],[-75.619142,6.237302],[-75.619205,6.237233],[-75.619309,6.237043],[-75.619591,6.236912],[-75.619708,6.236829],[-75.6199,6.236766],[-75.620211,6.236751],[-75.620394,6.236797],[-75.620503,6.236799],[-75.62076,6.236864],[-75.620799,6.236859],[-75.620992,6.236792],[-75.621076,6.236745],[-75.621514,6.236413],[-75.621651,6.236334],[-75.621712,6.236323],[-75.621767,6.236345],[-75.621842,6.236425],[-75.621858,6.23647],[-75.621923,6.236521],[-75.622051,6.236531],[-75.622329,6.236077],[-75.62241,6.235997],[-75.622609,6.235895],[-75.622666,6.235827],[-75.622671,6.235778],[-75.622627,6.235772],[-75.622451,6.235831],[-75.62237,6.235893],[-75.622296,6.235985],[-75.622191,6.236062],[-75.622122,6.236173],[-75.622033,6.236246],[-75.621937,6.236263],[-75.621685,6.236232],[-75.621517,6.236283],[-75.621244,6.23645],[-75.621081,6.236608],[-75.620823,6.236735],[-75.620657,6.236735],[-75.620492,6.236654],[-75.620223,6.23658],[-75.619917,6.236573],[-75.619715,6.236547],[-75.619629,6.236562],[-75.619586,6.2366],[-75.619548,6.236667],[-75.619285,6.236743],[-75.619247,6.236801],[-75.619208,6.236825],[-75.619084,6.236895],[-75.618966,6.236938],[-75.61871,6.236939],[-75.618544,6.23686],[-75.618422,6.236753],[-75.618282,6.236721],[-75.617998,6.2368],[-75.617932,6.236796],[-75.617813,6.236726],[-75.617747,6.236706],[-75.617636,6.2367],[-75.617541,6.236747],[-75.617442,6.236855],[-75.617302,6.23684],[-75.617263,6.236802],[-75.617198,6.236836],[-75.617193,6.236871],[-75.617338,6.236981],[-75.617481,6.236996],[-75.617521,6.236986],[-75.617592,6.236936],[-75.617701,6.236811],[-75.617753,6.236793],[-75.61782,6.236795],[-75.617991,6.236991],[-75.618069,6.237008],[-75.618174,6.236983],[-75.618271,6.236871],[-75.618329,6.236836],[-75.618392,6.236824],[-75.618451,6.236845],[-75.618615,6.237028],[-75.618711,6.237076],[-75.618817,6.237186],[-75.618866,6.237265],[-75.618994,6.237337]]]},"properties":{"nombre":"Las Violetas","riesgo":"Con condiciones de riesgo","amenaza":"Avenidas Torrenciales"}},{"type":"Feature","geometry":{"type":"Polygon","coordinates":[[[-75.614407,6.261835],[-75.614441,6.261932],[-75.614426,6.261864],[-75.614407,6.261835]]]},"properties":{"nombre":"La Pradera","riesgo":"Con condiciones de riesgo","amenaza":"Movimientos en masa"}},{"type":"Feature","geometry":{"type":"Polygon","coordinates":[[[-75.563613,6.295249],[-75.563656,6.295259],[-75.564043,6.294776],[-75.564081,6.294795],[-75.564359,6.294398],[-75.564369,6.294357],[-75.564311,6.294273],[-75.564169,6.294198],[-75.564054,6.294062],[-75.563971,6.294013],[-75.56392,6.293932],[-75.56368,6.293803],[-75.563626,6.293968],[-75.563418,6.294302],[-75.563228,6.294517],[-75.562909,6.294833],[-75.562838,6.294937],[-75.5628,6.295025],[-75.562816,6.295069],[-75.562916,6.295095],[-75.563218,6.295249],[-75.563311,6.295252],[-75.563388,6.295216],[-75.563512,6.295216],[-75.563613,6.295249]]]},"properties":{"nombre":"Belalcázar","riesgo":"Con condiciones de riesgo","amenaza":"Movimientos en masa"}},{"type":"Feature","geometry":{"type":"Polygon","coordinates":[[[-75.561416,6.294469],[-75.561418,6.294584],[-75.561496,6.294558],[-75.561683,6.294457],[-75.561868,6.294273],[-75.561416,6.294469]]]},"properties":{"nombre":"Belalcázar","riesgo":"Alto riesgo no mitigable","amenaza":"Inundaciones"}},{"type":"Feature","geometry":{"type":"Polygon","coordinates":[[[-75.561823,6.295328],[-75.561926,6.295356],[-75.561974,6.295421],[-75.561987,6.295498],[-75.562007,6.295506],[-75.562038,6.295476],[-75.561991,6.295363],[-75.561913,6.295272],[-75.561823,6.295328]]]},"properties":{"nombre":"Belalcázar","riesgo":"Con condiciones de riesgo","amenaza":"Inundaciones"}},{"type":"Feature","geometry":{"type":"Polygon","coordinates":[[[-75.626881,6.225304],[-75.6271,6.225291],[-75.627175,6.22506],[-75.626981,6.22501],[-75.626881,6.225304]]]},"properties":{"nombre":"Altavista Sector Central","riesgo":"Con condiciones de riesgo","amenaza":"Movimientos en masa"}},{"type":"Feature","geometry":{"type":"Polygon","coordinates":[[[-75.626893,6.226607],[-75.627056,6.226626],[-75.62728,6.226583],[-75.627409,6.226602],[-75.627467,6.226568],[-75.627486,6.226497],[-75.627476,6.226391],[-75.627534,6.226329],[-75.627567,6.226224],[-75.627591,6.226052],[-75.627514,6.225722],[-75.627447,6.225573],[-75.627156,6.22554],[-75.626845,6.225483],[-75.62674,6.225483],[-75.62653,6.225258],[-75.626357,6.225109],[-75.626137,6.224755],[-75.625889,6.224435],[-75.625827,6.224325],[-75.625726,6.22421],[-75.625607,6.224024],[-75.625549,6.223957],[-75.625436,6.223879],[-75.625234,6.223981],[-75.625076,6.223976],[-75.625043,6.223995],[-75.625186,6.224225],[-75.625215,6.224339],[-75.625325,6.224469],[-75.625334,6.224756],[-75.625382,6.224923],[-75.625416,6.225119],[-75.625425,6.225306],[-75.625444,6.225354],[-75.625392,6.225612],[-75.625258,6.225995],[-75.625167,6.226172],[-75.625139,6.226277],[-75.625272,6.226263],[-75.625502,6.226344],[-75.625631,6.226353],[-75.625746,6.226334],[-75.625899,6.226248],[-75.62609,6.226334],[-75.626238,6.226454],[-75.626434,6.226559],[-75.626644,6.226607],[-75.62675,6.226588],[-75.626893,6.226607]],[[-75.625899,6.225535],[-75.625798,6.225521],[-75.625731,6.225478],[-75.625616,6.225516],[-75.625588,6.225373],[-75.625583,6.225186],[-75.625535,6.225133],[-75.625497,6.225043],[-75.625516,6.224875],[-75.625588,6.224665],[-75.625582,6.22461],[-75.62564,6.224636],[-75.625683,6.224693],[-75.625707,6.224794],[-75.625793,6.224913],[-75.625908,6.225014],[-75.625951,6.225086],[-75.625913,6.225287],[-75.625899,6.225535]]]},"properties":{"nombre":"Altavista Sector Central","riesgo":"Con condiciones de riesgo","amenaza":"Movimientos en masa"}},{"type":"Feature","geometry":{"type":"Polygon","coordinates":[[[-75.632941,6.221048],[-75.632855,6.22106],[-75.632789,6.221132],[-75.632807,6.221201],[-75.632882,6.221237],[-75.632974,6.221237],[-75.633049,6.221222],[-75.633103,6.221189],[-75.633076,6.221078],[-75.633043,6.221048],[-75.632941,6.221048]]]},"properties":{"nombre":"Altavista Sector Central","riesgo":"Con condiciones de riesgo","amenaza":"Movimientos en masa"}},{"type":"Feature","geometry":{"type":"Polygon","coordinates":[[[-75.617237,6.22257],[-75.617285,6.22259],[-75.617266,6.222576],[-75.617237,6.22257]]]},"properties":{"nombre":"Altavista Sector Central","riesgo":"Con condiciones de riesgo","amenaza":"Avenidas Torrenciales"}},{"type":"Feature","geometry":{"type":"Polygon","coordinates":[[[-75.66227,6.179464],[-75.662266,6.179542],[-75.662197,6.179647],[-75.662305,6.179636],[-75.662604,6.179564],[-75.66261,6.179428],[-75.662553,6.179474],[-75.662486,6.179493],[-75.662401,6.179463],[-75.66227,6.179464]]]},"properties":{"nombre":"San Antonio de Prado","riesgo":"Con condiciones de riesgo","amenaza":"Avenidas Torrenciales"}},{"type":"Feature","geometry":{"type":"MultiPolygon","coordinates":[[[[-75.642122,6.187757],[-75.642231,6.187612],[-75.64228,6.18759],[-75.642389,6.187583],[-75.642429,6.187553],[-75.642431,6.187521],[-75.642368,6.18741],[-75.64236,6.187367],[-75.642372,6.187263],[-75.642421,6.18718],[-75.642533,6.187257],[-75.642743,6.187474],[-75.643141,6.187767],[-75.643377,6.187827],[-75.643832,6.187878],[-75.643944,6.187946],[-75.644023,6.188076],[-75.644068,6.188548],[-75.644176,6.188826],[-75.644383,6.18908],[-75.644634,6.189291],[-75.644743,6.189402],[-75.644972,6.189766],[-75.645109,6.189897],[-75.645262,6.190011],[-75.645312,6.19003],[-75.64536,6.190027],[-75.645899,6.189843],[-75.646205,6.189791],[-75.646228,6.189685],[-75.646228,6.189589],[-75.646204,6.189422],[-75.646142,6.189302],[-75.645978,6.189122],[-75.645639,6.189124],[-75.645467,6.189104],[-75.64495,6.188741],[-75.644864,6.188617],[-75.644749,6.188368],[-75.644596,6.188244],[-75.644434,6.188062],[-75.644214,6.187765],[-75.644061,6.18767],[-75.643602,6.187507],[-75.643478,6.187478],[-75.643287,6.187402],[-75.643105,6.187306],[-75.642598,6.186866],[-75.642254,6.186675],[-75.642015,6.186503],[-75.641967,6.186397],[-75.641938,6.186273],[-75.641814,6.186187],[-75.64169,6.186139],[-75.641489,6.186101],[-75.641202,6.186177],[-75.640868,6.186177],[-75.640543,6.186149],[-75.640371,6.186187],[-75.640208,6.186254],[-75.640122,6.186244],[-75.639998,6.18613],[-75.639912,6.186005],[-75.639892,6.18589],[-75.639892,6.185757],[-75.639826,6.185623],[-75.639653,6.185489],[-75.639548,6.185355],[-75.639434,6.185259],[-75.639367,6.185077],[-75.639242,6.184915],[-75.639156,6.184752],[-75.639108,6.184599],[-75.639156,6.184465],[-75.639261,6.18435],[-75.639347,6.184312],[-75.639462,6.184187],[-75.639519,6.184025],[-75.63951,6.183881],[-75.639653,6.183499],[-75.639653,6.183384],[-75.639558,6.183298],[-75.639338,6.183183],[-75.639108,6.183125],[-75.638582,6.182772],[-75.638496,6.182628],[-75.638448,6.182485],[-75.638381,6.18193],[-75.638305,6.181796],[-75.638209,6.181671],[-75.638124,6.181312],[-75.638486,6.181332],[-75.638801,6.181246],[-75.639067,6.181116],[-75.639353,6.181052],[-75.639827,6.180973],[-75.639984,6.180923],[-75.640357,6.180714],[-75.640916,6.180485],[-75.641153,6.180456],[-75.641282,6.180456],[-75.641322,6.180409],[-75.641334,6.180332],[-75.641328,6.180142],[-75.641051,6.180081],[-75.64084,6.180148],[-75.640535,6.180167],[-75.640229,6.180244],[-75.640104,6.180254],[-75.63976,6.180368],[-75.639273,6.180464],[-75.63911,6.180474],[-75.638909,6.180397],[-75.638259,6.179775],[-75.638068,6.179756],[-75.637905,6.179814],[-75.637772,6.179909],[-75.637686,6.180024],[-75.637571,6.18012],[-75.637216,6.180191],[-75.637194,6.180117],[-75.637105,6.180015],[-75.637117,6.179806],[-75.63717,6.179692],[-75.637164,6.179555],[-75.637123,6.179477],[-75.637057,6.179417],[-75.637039,6.17928],[-75.636946,6.178965],[-75.636957,6.178905],[-75.636885,6.17856],[-75.636828,6.17846],[-75.636656,6.178273],[-75.636642,6.178101],[-75.636527,6.177943],[-75.636398,6.177814],[-75.636168,6.177757],[-75.635939,6.177728],[-75.635795,6.177656],[-75.635695,6.177541],[-75.635552,6.177556],[-75.635509,6.177412],[-75.635566,6.177226],[-75.635652,6.177125],[-75.635681,6.176953],[-75.635867,6.176494],[-75.635838,6.176307],[-75.635712,6.176194],[-75.635664,6.176079],[-75.635463,6.175921],[-75.635413,6.175893],[-75.635355,6.175893],[-75.635248,6.175835],[-75.635226,6.175742],[-75.635162,6.175677],[-75.63504,6.17562],[-75.635004,6.175584],[-75.635004,6.175555],[-75.63504,6.17552],[-75.635233,6.175433],[-75.635377,6.17534],[-75.635556,6.175146],[-75.6356,6.175065],[-75.635595,6.174955],[-75.635566,6.174895],[-75.635494,6.174847],[-75.635318,6.175028],[-75.635264,6.175193],[-75.635213,6.175294],[-75.635104,6.175377],[-75.634988,6.175438],[-75.634807,6.175377],[-75.63475,6.175411],[-75.634563,6.175587],[-75.634519,6.175652],[-75.634646,6.175752],[-75.634859,6.176012],[-75.63524,6.176508],[-75.635269,6.176591],[-75.635251,6.176731],[-75.635167,6.176951],[-75.635148,6.177053],[-75.635123,6.177432],[-75.635182,6.177556],[-75.635211,6.177696],[-75.635247,6.17778],[-75.635286,6.177812],[-75.635367,6.17783],[-75.63571,6.177839],[-75.635954,6.177884],[-75.636144,6.177956],[-75.636284,6.178067],[-75.636321,6.178195],[-75.636336,6.178547],[-75.636475,6.179006],[-75.636555,6.179453],[-75.636708,6.179788],[-75.636904,6.180077],[-75.637061,6.180268],[-75.637105,6.180348],[-75.637222,6.180773],[-75.637368,6.181135],[-75.637368,6.18159],[-75.637382,6.181671],[-75.637425,6.181713],[-75.637561,6.181777],[-75.637939,6.181866],[-75.638052,6.181955],[-75.638068,6.182012],[-75.638015,6.182421],[-75.638025,6.18265],[-75.638082,6.182789],[-75.638145,6.182873],[-75.63836,6.183002],[-75.63847,6.183035],[-75.638666,6.183065],[-75.638755,6.183102],[-75.638988,6.183284],[-75.639259,6.183431],[-75.639296,6.183477],[-75.639289,6.18364],[-75.639243,6.18375],[-75.639067,6.183955],[-75.638971,6.184128],[-75.638935,6.184251],[-75.638928,6.1844],[-75.639034,6.184693],[-75.63928,6.185181],[-75.639333,6.185673],[-75.639329,6.185909],[-75.639393,6.186207],[-75.639606,6.18643],[-75.639629,6.186436],[-75.639459,6.186636],[-75.639757,6.18673],[-75.639843,6.18673],[-75.639908,6.186679],[-75.639987,6.186565],[-75.640058,6.186514],[-75.640546,6.186356],[-75.640689,6.186335],[-75.64079,6.186349],[-75.640869,6.186399],[-75.64089,6.186486],[-75.64094,6.186572],[-75.640998,6.186608],[-75.641105,6.186608],[-75.641206,6.186672],[-75.641313,6.186801],[-75.641385,6.186938],[-75.641407,6.187031],[-75.641478,6.18711],[-75.641564,6.187182],[-75.641784,6.187292],[-75.641794,6.187531],[-75.64188,6.187636],[-75.642122,6.187757]]],[[[-75.654242,6.182202],[-75.654228,6.182233],[-75.654228,6.182376],[-75.654268,6.18247],[-75.654406,6.182485],[-75.654511,6.182564],[-75.654777,6.182693],[-75.65492,6.182707],[-75.655028,6.182664],[-75.655178,6.182642],[-75.655451,6.182685],[-75.655723,6.182549],[-75.656024,6.182606],[-75.656175,6.182614],[-75.656311,6.182614],[-75.65644,6.182578],[-75.656519,6.182535],[-75.656626,6.182434],[-75.656648,6.182355],[-75.656734,6.182233],[-75.656763,6.182133],[-75.656834,6.182047],[-75.657049,6.181968],[-75.657171,6.181867],[-75.657214,6.181759],[-75.657307,6.181645],[-75.657386,6.181566],[-75.657508,6.181508],[-75.657648,6.181329],[-75.65773,6.181313],[-75.657867,6.181358],[-75.657953,6.18135],[-75.65801,6.181271],[-75.658063,6.181136],[-75.657996,6.181141],[-75.657914,6.181273],[-75.657878,6.181301],[-75.657833,6.181289],[-75.65771,6.181201],[-75.657598,6.181221],[-75.657455,6.181374],[-75.657324,6.181443],[-75.657179,6.181641],[-75.656992,6.181845],[-75.656816,6.181936],[-75.656778,6.181979],[-75.656643,6.182069],[-75.65661,6.182127],[-75.656658,6.182217],[-75.656641,6.182259],[-75.656529,6.182359],[-75.656456,6.182382],[-75.656342,6.182496],[-75.65626,6.18253],[-75.656154,6.182536],[-75.656069,6.182487],[-75.655956,6.182391],[-75.655874,6.182364],[-75.655637,6.182448],[-75.655351,6.182521],[-75.655175,6.182535],[-75.655114,6.182517],[-75.654985,6.182434],[-75.654907,6.182461],[-75.654824,6.182519],[-75.654739,6.182538],[-75.654688,6.182522],[-75.654661,6.182491],[-75.65465,6.182361],[-75.65457,6.182245],[-75.654448,6.182204],[-75.654324,6.182223],[-75.654242,6.182202]]]]},"properties":{"nombre":"San Antonio de Prado","riesgo":"Con condiciones de riesgo","amenaza":"Avenidas Torrenciales"}},{"type":"Feature","geometry":{"type":"Polygon","coordinates":[[[-75.660498,6.180391],[-75.660644,6.180388],[-75.660758,6.18034],[-75.6608,6.180279],[-75.660684,6.18028],[-75.660461,6.180225],[-75.660411,6.180242],[-75.660363,6.18033],[-75.660466,6.180362],[-75.660498,6.180391]]]},"properties":{"nombre":"La Florida","riesgo":"Con condiciones de riesgo","amenaza":"Movimientos en masa"}},{"type":"Feature","geometry":{"type":"Polygon","coordinates":[[[-75.660524,6.180397],[-75.660595,6.180414],[-75.660758,6.180365],[-75.660899,6.180189],[-75.661103,6.18017],[-75.661315,6.180095],[-75.661385,6.179948],[-75.661393,6.179822],[-75.661372,6.17972],[-75.661415,6.179681],[-75.661595,6.179644],[-75.661733,6.179661],[-75.661802,6.17962],[-75.661941,6.179598],[-75.662099,6.179431],[-75.662236,6.179462],[-75.662419,6.179469],[-75.66261,6.179371],[-75.66261,6.179341],[-75.662563,6.179283],[-75.662506,6.179273],[-75.662269,6.179306],[-75.662116,6.179306],[-75.661991,6.179287],[-75.661886,6.179383],[-75.661781,6.17945],[-75.661657,6.179498],[-75.661418,6.179536],[-75.661351,6.179574],[-75.661227,6.179689],[-75.661169,6.179775],[-75.661055,6.180024],[-75.660978,6.180053],[-75.660902,6.18012],[-75.660758,6.18034],[-75.660644,6.180388],[-75.660524,6.180397]]]},"properties":{"nombre":"La Florida","riesgo":"Con condiciones de riesgo","amenaza":"Avenidas Torrenciales"}},{"type":"Feature","geometry":{"type":"Polygon","coordinates":[[[-75.654316,6.1715],[-75.654508,6.171578],[-75.654591,6.17159],[-75.654723,6.171566],[-75.6548,6.171452],[-75.65477,6.171392],[-75.654737,6.171363],[-75.654645,6.17138],[-75.654579,6.171422],[-75.65434,6.171398],[-75.654251,6.171135],[-75.654053,6.170866],[-75.65388,6.170477],[-75.653743,6.170238],[-75.653623,6.170107],[-75.65351,6.170101],[-75.65345,6.170137],[-75.653438,6.170202],[-75.653551,6.170471],[-75.653838,6.170627],[-75.654024,6.170992],[-75.654047,6.171117],[-75.654113,6.171249],[-75.654316,6.1715]]]},"properties":{"nombre":"San José","riesgo":"Con condiciones de riesgo","amenaza":"Movimientos en masa"}},{"type":"Feature","geometry":{"type":"Polygon","coordinates":[[[-75.692702,6.342058],[-75.692656,6.342079],[-75.692562,6.342158],[-75.692383,6.342387],[-75.69229,6.342452],[-75.692211,6.342545],[-75.691709,6.342861],[-75.69158,6.342919],[-75.691489,6.34302],[-75.69154,6.343176],[-75.691645,6.343329],[-75.69177,6.343329],[-75.691999,6.3433],[-75.692181,6.343204],[-75.692812,6.342774],[-75.692917,6.34241],[-75.692879,6.34218],[-75.692735,6.342056],[-75.692702,6.342058]]]},"properties":{"nombre":"Palmitas Sector Central","riesgo":"Con condiciones de riesgo","amenaza":"Movimientos en masa"}},{"type":"Feature","geometry":{"type":"Polygon","coordinates":[[[-75.693345,6.349188],[-75.693297,6.349245],[-75.693303,6.349393],[-75.693348,6.349433],[-75.69342,6.349565],[-75.69348,6.349613],[-75.693743,6.349613],[-75.693886,6.349583],[-75.694036,6.349511],[-75.694131,6.349433],[-75.694233,6.34929],[-75.694358,6.349044],[-75.69437,6.34853],[-75.6944,6.348464],[-75.694502,6.348357],[-75.694531,6.34815],[-75.694502,6.348075],[-75.69446,6.348056],[-75.694333,6.348061],[-75.694183,6.348132],[-75.693944,6.348294],[-75.693801,6.348455],[-75.693705,6.348605],[-75.693693,6.348695],[-75.693759,6.348832],[-75.693777,6.34891],[-75.693771,6.349],[-75.693711,6.349143],[-75.693646,6.349179],[-75.693621,6.349166],[-75.693521,6.349167],[-75.693345,6.349188]]]},"properties":{"nombre":"Palmitas Sector Central","riesgo":"Con condiciones de riesgo","amenaza":"Avenidas Torrenciales"}},{"type":"Feature","geometry":{"type":"MultiPolygon","coordinates":[[[[-75.68432,6.34242],[-75.68426,6.342437],[-75.684247,6.342486],[-75.684176,6.342594],[-75.684164,6.342714],[-75.684104,6.342881],[-75.683961,6.343156],[-75.683793,6.343396],[-75.683745,6.343503],[-75.68371,6.343778],[-75.683734,6.343934],[-75.683781,6.344101],[-75.683889,6.344257],[-75.683961,6.344424],[-75.683961,6.34452],[-75.684009,6.344675],[-75.683973,6.344831],[-75.683937,6.345142],[-75.683937,6.345345],[-75.683985,6.3455],[-75.684083,6.345647],[-75.684209,6.345685],[-75.684349,6.345689],[-75.684471,6.34566],[-75.684518,6.345628],[-75.684572,6.345567],[-75.684583,6.345464],[-75.684487,6.345213],[-75.684391,6.344843],[-75.684272,6.344591],[-75.684224,6.3444],[-75.684212,6.344221],[-75.684272,6.343993],[-75.684248,6.343778],[-75.684212,6.343659],[-75.684212,6.343491],[-75.684355,6.343228],[-75.684463,6.343072],[-75.684606,6.34275],[-75.684654,6.342594],[-75.684567,6.342456],[-75.684488,6.342431],[-75.68432,6.34242]]],[[[-75.671626,6.344237],[-75.671422,6.344237],[-75.671291,6.344309],[-75.671147,6.344416],[-75.671145,6.344576],[-75.671184,6.344653],[-75.671231,6.344686],[-75.671315,6.344707],[-75.671351,6.344644],[-75.671808,6.344543],[-75.671862,6.344466],[-75.671877,6.344418],[-75.671872,6.344342],[-75.671824,6.34427],[-75.671761,6.344212],[-75.671626,6.344237]]],[[[-75.688196,6.337992],[-75.688237,6.338048],[-75.688301,6.338073],[-75.688373,6.338056],[-75.688459,6.337941],[-75.688583,6.337855],[-75.688812,6.337635],[-75.689061,6.337644],[-75.689281,6.337711],[-75.68952,6.337749],[-75.689817,6.337682],[-75.689925,6.337682],[-75.688981,6.337445],[-75.688196,6.337992]]]]},"properties":{"nombre":"Palmitas Sector Central","riesgo":"Con condiciones de riesgo","amenaza":"Avenidas Torrenciales"}},{"type":"Feature","geometry":{"type":"Polygon","coordinates":[[[-75.689961,6.337691],[-75.690046,6.33773],[-75.690169,6.337759],[-75.690193,6.33775],[-75.689961,6.337691]]]},"properties":{"nombre":"Palmitas Sector Central","riesgo":"Con condiciones de riesgo","amenaza":"Avenidas Torrenciales"}},{"type":"Feature","geometry":{"type":"Polygon","coordinates":[[[-75.656574,6.310394],[-75.656564,6.310314],[-75.656438,6.309907],[-75.656378,6.30965],[-75.656277,6.309531],[-75.656127,6.309555],[-75.656115,6.309692],[-75.656211,6.309949],[-75.656289,6.310362],[-75.656283,6.310966],[-75.656223,6.311151],[-75.656205,6.311259],[-75.656128,6.311402],[-75.656116,6.311558],[-75.65608,6.311713],[-75.656056,6.311923],[-75.656014,6.312066],[-75.65599,6.31227],[-75.65605,6.312276],[-75.656152,6.312252],[-75.656385,6.312156],[-75.656423,6.312124],[-75.656558,6.311725],[-75.65663,6.311414],[-75.656683,6.311253],[-75.656719,6.311008],[-75.65664,6.310713],[-75.656575,6.310694],[-75.656537,6.31057],[-75.656574,6.310394]]]},"properties":{"nombre":"Boquerón","riesgo":"Con condiciones de riesgo","amenaza":"Movimientos en masa"}},{"type":"Feature","geometry":{"type":"Polygon","coordinates":[[[-75.656574,6.310394],[-75.656537,6.31057],[-75.656575,6.310694],[-75.65664,6.310713],[-75.656574,6.310394]]]},"properties":{"nombre":"Boquerón","riesgo":"Con condiciones de riesgo","amenaza":"Avenidas Torrenciales"}},{"type":"Feature","geometry":{"type":"MultiPolygon","coordinates":[[[[-75.553883,6.24342],[-75.553925,6.243418],[-75.553941,6.243379],[-75.55386,6.243165],[-75.553787,6.243079],[-75.55367,6.24301],[-75.553402,6.242886],[-75.553049,6.242754],[-75.552921,6.242743],[-75.552665,6.24268],[-75.552286,6.242614],[-75.552453,6.242287],[-75.55247,6.242138],[-75.552398,6.242095],[-75.552253,6.24206],[-75.552047,6.241895],[-75.551971,6.241805],[-75.551919,6.241709],[-75.551887,6.241462],[-75.551864,6.241061],[-75.551961,6.240786],[-75.552041,6.240417],[-75.551971,6.240381],[-75.55186,6.240845],[-75.551504,6.240472],[-75.551433,6.240248],[-75.55136,6.240133],[-75.551348,6.240089],[-75.551293,6.240192],[-75.551358,6.240299],[-75.551429,6.240494],[-75.55167,6.240786],[-75.55179,6.240885],[-75.551807,6.240918],[-75.551768,6.241075],[-75.551771,6.241299],[-75.551805,6.241686],[-75.551832,6.241764],[-75.551898,6.241859],[-75.552015,6.241983],[-75.55216,6.242108],[-75.552198,6.242134],[-75.552354,6.242172],[-75.552376,6.242191],[-75.552364,6.242261],[-75.55219,6.242608],[-75.552043,6.242575],[-75.551753,6.24246],[-75.551485,6.242429],[-75.55134,6.242451],[-75.551137,6.242454],[-75.550942,6.242486],[-75.550775,6.242481],[-75.550369,6.242553],[-75.550058,6.242558],[-75.550051,6.242692],[-75.550553,6.242681],[-75.550774,6.242657],[-75.550932,6.242621],[-75.55101,6.242657],[-75.551141,6.242648],[-75.551407,6.242668],[-75.55152,6.242694],[-75.552616,6.242826],[-75.552957,6.242888],[-75.553574,6.243047],[-75.553622,6.243079],[-75.553659,6.243078],[-75.553814,6.243186],[-75.553883,6.24342]]],[[[-75.555766,6.245818],[-75.555792,6.245875],[-75.55593,6.246032],[-75.55596,6.245971],[-75.555815,6.245715],[-75.555741,6.245622],[-75.555646,6.245606],[-75.555766,6.245818]]]]},"properties":{"nombre":"Barrio Caycedo","riesgo":"Con condiciones de riesgo","amenaza":"Avenidas Torrenciales"}},{"type":"Feature","geometry":{"type":"Polygon","coordinates":[[[-75.617563,6.273724],[-75.617574,6.273865],[-75.617786,6.273998],[-75.618191,6.274158],[-75.618405,6.274185],[-75.618361,6.274132],[-75.618332,6.273906],[-75.618163,6.273655],[-75.618118,6.273687],[-75.617837,6.273764],[-75.617687,6.273776],[-75.617586,6.273747],[-75.617563,6.273724]]]},"properties":{"nombre":"Santa Margarita","riesgo":"Con condiciones de riesgo","amenaza":"Movimientos en masa"}},{"type":"Feature","geometry":{"type":"Polygon","coordinates":[[[-75.61066,6.278108],[-75.610762,6.278032],[-75.610853,6.277989],[-75.611006,6.277932],[-75.611325,6.277846],[-75.61118,6.27741],[-75.610947,6.277057],[-75.61084,6.276956],[-75.610726,6.276878],[-75.610541,6.276794],[-75.610427,6.276722],[-75.610272,6.276669],[-75.610164,6.276555],[-75.610081,6.276438],[-75.61004,6.276458],[-75.609857,6.276447],[-75.609728,6.276473],[-75.609531,6.276623],[-75.609334,6.276627],[-75.609122,6.276605],[-75.609035,6.276845],[-75.608793,6.277287],[-75.608778,6.27747],[-75.6088,6.277611],[-75.608956,6.277879],[-75.609043,6.277997],[-75.609094,6.278012],[-75.60915,6.277995],[-75.609211,6.277999],[-75.609265,6.278042],[-75.60924,6.278126],[-75.609129,6.278342],[-75.60906,6.278407],[-75.60891,6.278632],[-75.608824,6.278709],[-75.608612,6.278349],[-75.608595,6.278243],[-75.608551,6.278142],[-75.608491,6.278069],[-75.608557,6.277868],[-75.608554,6.27781],[-75.608533,6.277753],[-75.60842,6.277604],[-75.60841,6.277539],[-75.608426,6.277407],[-75.608267,6.277378],[-75.60822,6.277344],[-75.608247,6.277505],[-75.608212,6.278004],[-75.608233,6.278122],[-75.608277,6.278168],[-75.608353,6.278187],[-75.608386,6.27822],[-75.608451,6.278376],[-75.608484,6.278553],[-75.608551,6.278681],[-75.608801,6.278915],[-75.608951,6.278782],[-75.609061,6.278712],[-75.609157,6.278531],[-75.609286,6.278448],[-75.609351,6.27837],[-75.609394,6.278243],[-75.609395,6.278137],[-75.609368,6.278035],[-75.609386,6.277971],[-75.609452,6.277923],[-75.609539,6.277929],[-75.609676,6.278007],[-75.609775,6.278099],[-75.610138,6.278283],[-75.610387,6.278234],[-75.61066,6.278108]]]},"properties":{"nombre":"Santa Margarita","riesgo":"Con condiciones de riesgo","amenaza":"Movimientos en masa"}},{"type":"Feature","geometry":{"type":"Polygon","coordinates":[[[-75.618405,6.274185],[-75.618456,6.274218],[-75.618504,6.274224],[-75.618853,6.274179],[-75.619144,6.274265],[-75.619201,6.274299],[-75.61934,6.27426],[-75.619482,6.274183],[-75.619568,6.274232],[-75.61963,6.274354],[-75.619605,6.274456],[-75.619618,6.274754],[-75.619691,6.274911],[-75.619763,6.275132],[-75.619761,6.275428],[-75.619955,6.276],[-75.62011,6.276227],[-75.620348,6.276261],[-75.620615,6.276232],[-75.620736,6.27633],[-75.620889,6.276652],[-75.621101,6.276883],[-75.621197,6.277282],[-75.621167,6.27731],[-75.621346,6.277516],[-75.621413,6.277564],[-75.621473,6.277573],[-75.621444,6.277453],[-75.621469,6.277336],[-75.621465,6.277212],[-75.621519,6.277033],[-75.621515,6.276934],[-75.62157,6.276621],[-75.62158,6.27646],[-75.621629,6.276409],[-75.621653,6.276336],[-75.621598,6.276068],[-75.621616,6.275888],[-75.621701,6.275663],[-75.621732,6.275301],[-75.621702,6.275121],[-75.621501,6.274964],[-75.621429,6.274842],[-75.621336,6.274763],[-75.621312,6.274696],[-75.621286,6.274426],[-75.621267,6.274378],[-75.621183,6.274278],[-75.621147,6.274256],[-75.621066,6.274244],[-75.620958,6.274251],[-75.620827,6.274204],[-75.620717,6.274039],[-75.620389,6.27377],[-75.620269,6.27371],[-75.620173,6.273698],[-75.619995,6.273612],[-75.619823,6.27356],[-75.619752,6.273449],[-75.619636,6.273352],[-75.61948,6.273262],[-75.619295,6.273089],[-75.619085,6.273053],[-75.618975,6.273071],[-75.618829,6.273119],[-75.618667,6.27322],[-75.618488,6.273388],[-75.618375,6.273453],[-75.618231,6.273609],[-75.618163,6.273655],[-75.618332,6.273906],[-75.618361,6.274132],[-75.618405,6.274185]]]},"properties":{"nombre":"Santa Margarita","riesgo":"Alto riesgo no mitigable","amenaza":"Movimientos en masa"}},{"type":"Feature","geometry":{"type":"Polygon","coordinates":[[[-75.611603,6.277842],[-75.611813,6.277893],[-75.611924,6.277902],[-75.61203,6.277883],[-75.61215,6.27785],[-75.612407,6.27773],[-75.612767,6.27761],[-75.613023,6.277485],[-75.613275,6.277457],[-75.613595,6.277522],[-75.613883,6.277553],[-75.614507,6.27748],[-75.614598,6.277476],[-75.614777,6.277498],[-75.614886,6.277519],[-75.615059,6.277606],[-75.615145,6.277683],[-75.615387,6.277812],[-75.615307,6.277567],[-75.615292,6.277391],[-75.615206,6.277159],[-75.61523,6.276996],[-75.615364,6.276791],[-75.615263,6.276644],[-75.615262,6.276519],[-75.615315,6.276437],[-75.615293,6.276386],[-75.615316,6.276218],[-75.615384,6.276265],[-75.615502,6.276404],[-75.615604,6.276457],[-75.61563,6.276505],[-75.615706,6.276502],[-75.615789,6.276335],[-75.615687,6.276154],[-75.615549,6.275985],[-75.615377,6.275972],[-75.615229,6.276021],[-75.615167,6.27595],[-75.61504,6.275865],[-75.614924,6.275585],[-75.614888,6.275408],[-75.614859,6.275362],[-75.614796,6.275355],[-75.614676,6.275201],[-75.614563,6.275179],[-75.614467,6.275125],[-75.614411,6.275053],[-75.614383,6.274941],[-75.61435,6.274882],[-75.614243,6.274821],[-75.614085,6.274802],[-75.613946,6.274815],[-75.613679,6.274707],[-75.613518,6.274726],[-75.613405,6.274768],[-75.613242,6.274881],[-75.613181,6.2749],[-75.613145,6.275015],[-75.613027,6.275121],[-75.612875,6.275112],[-75.612645,6.275016],[-75.612499,6.274932],[-75.612439,6.274917],[-75.612301,6.274899],[-75.612134,6.274947],[-75.61205,6.27501],[-75.611867,6.275046],[-75.611717,6.275133],[-75.611566,6.275166],[-75.611475,6.275262],[-75.611394,6.275396],[-75.611389,6.275475],[-75.611432,6.27563],[-75.611417,6.275705],[-75.611321,6.275932],[-75.611187,6.276064],[-75.611154,6.276085],[-75.611097,6.276091],[-75.610873,6.276058],[-75.610684,6.276061],[-75.610503,6.276193],[-75.610345,6.276221],[-75.610288,6.276254],[-75.610144,6.276404],[-75.610082,6.276438],[-75.610165,6.276555],[-75.610273,6.276669],[-75.610428,6.276722],[-75.610542,6.276794],[-75.610727,6.276878],[-75.610841,6.276956],[-75.610948,6.277057],[-75.611181,6.27741],[-75.611325,6.277846],[-75.611531,6.277831],[-75.611603,6.277842]],[[-75.614592,6.276297],[-75.614702,6.276873],[-75.614691,6.277007],[-75.614629,6.277076],[-75.614496,6.277079],[-75.614299,6.276991],[-75.614157,6.276884],[-75.614118,6.27665],[-75.614025,6.276503],[-75.613956,6.276277],[-75.613801,6.275899],[-75.613669,6.275864],[-75.613335,6.275948],[-75.613274,6.276072],[-75.613088,6.276155],[-75.612808,6.276248],[-75.612791,6.276426],[-75.612801,6.276586],[-75.61286,6.276765],[-75.612803,6.276799],[-75.612656,6.27683],[-75.61251,6.276816],[-75.612325,6.276747],[-75.612239,6.276655],[-75.611989,6.27657],[-75.611818,6.276411],[-75.611746,6.276231],[-75.611735,6.27616],[-75.611828,6.275936],[-75.611852,6.275797],[-75.61182,6.275574],[-75.611762,6.275417],[-75.611795,6.275357],[-75.61187,6.275331],[-75.611933,6.275268],[-75.611994,6.275251],[-75.612086,6.275255],[-75.612182,6.275214],[-75.612278,6.275143],[-75.612334,6.275135],[-75.612483,6.275181],[-75.612618,6.275264],[-75.613035,6.275401],[-75.613202,6.275642],[-75.613242,6.275668],[-75.613296,6.275667],[-75.613348,6.275647],[-75.61349,6.275492],[-75.613643,6.275178],[-75.613733,6.27511],[-75.613808,6.275078],[-75.614024,6.275159],[-75.614106,6.275354],[-75.614111,6.275485],[-75.614077,6.275585],[-75.614097,6.275669],[-75.614164,6.275707],[-75.614244,6.275672],[-75.614295,6.275682],[-75.614387,6.275816],[-75.614592,6.276297]]]},"properties":{"nombre":"Santa Margarita","riesgo":"Alto riesgo no mitigable","amenaza":"Movimientos en masa"}},{"type":"Feature","geometry":{"type":"MultiPolygon","coordinates":[[[[-75.614797,6.274076],[-75.614824,6.274121],[-75.614894,6.274144],[-75.615092,6.274116],[-75.615221,6.274073],[-75.615364,6.273987],[-75.615551,6.273954],[-75.615603,6.273959],[-75.615775,6.27389],[-75.615835,6.273842],[-75.615906,6.273669],[-75.616043,6.273495],[-75.616057,6.273444],[-75.616044,6.27342],[-75.615797,6.273546],[-75.615777,6.273582],[-75.615781,6.27365],[-75.615749,6.273676],[-75.615708,6.273779],[-75.615647,6.273854],[-75.615606,6.273846],[-75.615545,6.273871],[-75.615489,6.273838],[-75.615367,6.273858],[-75.615143,6.273936],[-75.615001,6.274022],[-75.614917,6.274029],[-75.614797,6.274076]]],[[[-75.608867,6.279068],[-75.608989,6.279211],[-75.609002,6.279277],[-75.608984,6.279329],[-75.609023,6.279369],[-75.609064,6.279451],[-75.609109,6.279409],[-75.609082,6.279297],[-75.609028,6.27918],[-75.60894,6.279105],[-75.608867,6.279068]]]]},"properties":{"nombre":"Santa Margarita","riesgo":"Con condiciones de riesgo","amenaza":"Avenidas Torrenciales"}},{"type":"Feature","geometry":{"type":"Polygon","coordinates":[[[-75.617563,6.273724],[-75.617586,6.273747],[-75.617687,6.273776],[-75.617837,6.273764],[-75.618118,6.273687],[-75.618231,6.273609],[-75.618375,6.273453],[-75.618488,6.273388],[-75.618667,6.27322],[-75.618829,6.273119],[-75.618975,6.273071],[-75.619085,6.273053],[-75.619295,6.273089],[-75.61948,6.273262],[-75.619636,6.273352],[-75.619752,6.273449],[-75.619823,6.27356],[-75.619995,6.273612],[-75.620145,6.273684],[-75.620171,6.273625],[-75.61985,6.273527],[-75.619801,6.273451],[-75.619712,6.27322],[-75.619684,6.273189],[-75.619534,6.273128],[-75.619388,6.273036],[-75.619127,6.27303],[-75.618924,6.273058],[-75.618823,6.273093],[-75.618617,6.273195],[-75.618372,6.27337],[-75.618188,6.273479],[-75.61812,6.273497],[-75.617952,6.273495],[-75.617789,6.273531],[-75.617735,6.273517],[-75.617682,6.273468],[-75.617434,6.273122],[-75.617408,6.273157],[-75.61748,6.273238],[-75.617456,6.273319],[-75.617442,6.273555],[-75.617563,6.273724]]]},"properties":{"nombre":"Santa Margarita","riesgo":"Alto riesgo no mitigable","amenaza":"Avenidas Torrenciales"}},{"type":"Feature","geometry":{"type":"Polygon","coordinates":[[[-75.559989,6.264383],[-75.560197,6.264442],[-75.56037,6.264441],[-75.560462,6.264411],[-75.560528,6.264317],[-75.560824,6.264224],[-75.561089,6.264273],[-75.561176,6.264308],[-75.561309,6.264323],[-75.56141,6.264274],[-75.56142,6.264242],[-75.561453,6.264226],[-75.561555,6.264254],[-75.561642,6.264246],[-75.561667,6.264087],[-75.561642,6.264119],[-75.561582,6.264149],[-75.561361,6.264155],[-75.561289,6.264197],[-75.561234,6.264203],[-75.561151,6.264196],[-75.560947,6.264129],[-75.56075,6.264118],[-75.560455,6.264202],[-75.560406,6.264251],[-75.560363,6.26433],[-75.5603,6.264374],[-75.560176,6.264368],[-75.560041,6.264325],[-75.56002,6.26431],[-75.559983,6.264224],[-75.559897,6.264161],[-75.559842,6.264141],[-75.559703,6.264151],[-75.559688,6.264247],[-75.559795,6.264238],[-75.559865,6.264274],[-75.5599,6.264301],[-75.559922,6.264347],[-75.559989,6.264383]]]},"properties":{"nombre":"San Pedro","riesgo":"Con condiciones de riesgo","amenaza":"Inundaciones"}},{"type":"Feature","geometry":{"type":"Polygon","coordinates":[[[-75.56043,6.269807],[-75.560695,6.269862],[-75.561055,6.269899],[-75.561057,6.269815],[-75.560671,6.269776],[-75.560238,6.269687],[-75.559729,6.269657],[-75.559589,6.269654],[-75.559501,6.269662],[-75.559414,6.269691],[-75.559092,6.269705],[-75.558811,6.26971],[-75.558718,6.269689],[-75.558708,6.269767],[-75.558875,6.269785],[-75.558948,6.269818],[-75.55909,6.269827],[-75.560012,6.269778],[-75.56043,6.269807]]]},"properties":{"nombre":"San Pedro","riesgo":"Con condiciones de riesgo","amenaza":"Inundaciones"}},{"type":"Feature","geometry":{"type":"Polygon","coordinates":[[[-75.528533,6.234871],[-75.528684,6.234849],[-75.528828,6.234849],[-75.528923,6.234825],[-75.529,6.234839],[-75.52899,6.234944],[-75.528909,6.235165],[-75.528738,6.235402],[-75.528816,6.235467],[-75.528918,6.235629],[-75.529121,6.23582],[-75.529133,6.235865],[-75.529109,6.236],[-75.52927,6.235952],[-75.529402,6.235892],[-75.52965,6.235725],[-75.529857,6.235621],[-75.529913,6.235575],[-75.530103,6.235513],[-75.530447,6.235315],[-75.530528,6.235305],[-75.530505,6.235281],[-75.530592,6.235285],[-75.530673,6.235251],[-75.530807,6.23512],[-75.530827,6.235029],[-75.531213,6.235036],[-75.531317,6.234986],[-75.531606,6.234979],[-75.531714,6.234971],[-75.531719,6.234959],[-75.531697,6.234934],[-75.531518,6.234857],[-75.531358,6.23486],[-75.531274,6.234775],[-75.531158,6.23473],[-75.531088,6.23467],[-75.530834,6.234631],[-75.530743,6.234588],[-75.530686,6.234542],[-75.530595,6.23457],[-75.530491,6.234633],[-75.530248,6.234705],[-75.53018,6.234763],[-75.530225,6.234577],[-75.530174,6.234544],[-75.530115,6.23456],[-75.530205,6.234326],[-75.530272,6.234253],[-75.530339,6.234219],[-75.530481,6.234102],[-75.530514,6.234057],[-75.530135,6.233928],[-75.529906,6.233875],[-75.529834,6.233844],[-75.529812,6.233804],[-75.529792,6.233871],[-75.529617,6.234163],[-75.529165,6.234564],[-75.529058,6.234633],[-75.529026,6.234682],[-75.528928,6.234739],[-75.528604,6.234804],[-75.528533,6.234871]]]},"properties":{"nombre":"Villa Turbay","riesgo":"Con condiciones de riesgo","amenaza":"Movimientos en masa"}},{"type":"Feature","geometry":{"type":"Polygon","coordinates":[[[-75.532464,6.236537],[-75.532167,6.236837],[-75.532129,6.2369],[-75.532223,6.236946],[-75.532296,6.237005],[-75.532487,6.23662],[-75.532464,6.236537]]]},"properties":{"nombre":"Villa Turbay","riesgo":"Con condiciones de riesgo","amenaza":"Movimientos en masa"}},{"type":"Feature","geometry":{"type":"Polygon","coordinates":[[[-75.53168,6.239787],[-75.53166,6.239824],[-75.531643,6.239954],[-75.531873,6.239895],[-75.531974,6.239799],[-75.532052,6.239692],[-75.532136,6.23962],[-75.532195,6.239536],[-75.532267,6.239489],[-75.532288,6.23943],[-75.532445,6.239355],[-75.532567,6.239274],[-75.532286,6.239412],[-75.532119,6.2394],[-75.53205,6.239423],[-75.531851,6.239631],[-75.531794,6.239644],[-75.53168,6.239787]]]},"properties":{"nombre":"Piedras Blancas - Matasano","riesgo":"Con condiciones de riesgo","amenaza":"Movimientos en masa"}},{"type":"Feature","geometry":{"type":"Polygon","coordinates":[[[-75.539088,6.242636],[-75.539078,6.242962],[-75.539114,6.243518],[-75.538999,6.243755],[-75.538791,6.244071],[-75.539099,6.244085],[-75.539827,6.244153],[-75.539988,6.243834],[-75.539974,6.243795],[-75.539906,6.243751],[-75.539888,6.243698],[-75.539705,6.243604],[-75.539633,6.243533],[-75.539504,6.243525],[-75.539472,6.24349],[-75.539332,6.243256],[-75.539289,6.243152],[-75.539296,6.242948],[-75.539275,6.24288],[-75.539286,6.242725],[-75.539267,6.242678],[-75.539121,6.242607],[-75.539088,6.242636]]]},"properties":{"nombre":"Piedras Blancas - Matasano","riesgo":"Con condiciones de riesgo","amenaza":"Movimientos en masa"}},{"type":"Feature","geometry":{"type":"Polygon","coordinates":[[[-75.53991,6.245265],[-75.539882,6.245355],[-75.539834,6.245755],[-75.53978,6.245916],[-75.539305,6.246284],[-75.539446,6.24639],[-75.539484,6.246576],[-75.539555,6.246792],[-75.539634,6.246933],[-75.539649,6.246918],[-75.539692,6.247074],[-75.539684,6.247089],[-75.540045,6.246656],[-75.540232,6.24652],[-75.540302,6.246504],[-75.54044,6.246435],[-75.540376,6.246445],[-75.540355,6.246429],[-75.540445,6.246244],[-75.540446,6.246159],[-75.540359,6.246048],[-75.54032,6.245942],[-75.540221,6.245867],[-75.540176,6.245755],[-75.540091,6.245614],[-75.539991,6.24535],[-75.53991,6.245265]]]},"properties":{"nombre":"Piedras Blancas - Matasano","riesgo":"Con condiciones de riesgo","amenaza":"Movimientos en masa"}},{"type":"Feature","geometry":{"type":"Polygon","coordinates":[[[-75.536904,6.249369],[-75.536993,6.249371],[-75.537146,6.249327],[-75.537017,6.249365],[-75.536904,6.249369]]]},"properties":{"nombre":"Piedras Blancas - Matasano","riesgo":"Con condiciones de riesgo","amenaza":"Movimientos en masa"}},{"type":"Feature","geometry":{"type":"Polygon","coordinates":[[[-75.536788,6.249702],[-75.536743,6.249794],[-75.536956,6.24985],[-75.536969,6.249907],[-75.536944,6.249806],[-75.536911,6.249766],[-75.536874,6.249731],[-75.536788,6.249702]]]},"properties":{"nombre":"Piedras Blancas - Matasano","riesgo":"Con condiciones de riesgo","amenaza":"Movimientos en masa"}},{"type":"Feature","geometry":{"type":"Polygon","coordinates":[[[-75.53697,6.249908],[-75.537021,6.250072],[-75.537081,6.25013],[-75.537154,6.250168],[-75.537265,6.250176],[-75.537337,6.250201],[-75.537296,6.250175],[-75.537189,6.250163],[-75.537093,6.250104],[-75.537012,6.250003],[-75.53697,6.249908]]]},"properties":{"nombre":"Piedras Blancas - Matasano","riesgo":"Con condiciones de riesgo","amenaza":"Movimientos en masa"}},{"type":"Feature","geometry":{"type":"Polygon","coordinates":[[[-75.537541,6.250456],[-75.537604,6.250521],[-75.537734,6.250589],[-75.537877,6.250613],[-75.537931,6.250606],[-75.537664,6.250535],[-75.537541,6.250456]]]},"properties":{"nombre":"Piedras Blancas - Matasano","riesgo":"Con condiciones de riesgo","amenaza":"Movimientos en masa"}},{"type":"Feature","geometry":{"type":"Polygon","coordinates":[[[-75.538029,6.250637],[-75.538131,6.250668],[-75.538091,6.25064],[-75.538029,6.250637]]]},"properties":{"nombre":"Piedras Blancas - Matasano","riesgo":"Con condiciones de riesgo","amenaza":"Movimientos en masa"}},{"type":"Feature","geometry":{"type":"Polygon","coordinates":[[[-75.538305,6.251961],[-75.538302,6.251932],[-75.538285,6.251908],[-75.538305,6.251961]]]},"properties":{"nombre":"Piedras Blancas - Matasano","riesgo":"Con condiciones de riesgo","amenaza":"Movimientos en masa"}},{"type":"Feature","geometry":{"type":"Polygon","coordinates":[[[-75.538017,6.255747],[-75.537945,6.255797],[-75.537954,6.255803],[-75.538017,6.255747]]]},"properties":{"nombre":"Piedras Blancas - Matasano","riesgo":"Con condiciones de riesgo","amenaza":"Movimientos en masa"}},{"type":"Feature","geometry":{"type":"Polygon","coordinates":[[[-75.617466,6.222613],[-75.617663,6.222653],[-75.617969,6.222634],[-75.618286,6.222685],[-75.618438,6.222766],[-75.618731,6.223008],[-75.618825,6.223047],[-75.619002,6.223066],[-75.619124,6.223033],[-75.619241,6.222967],[-75.619369,6.22288],[-75.619501,6.222761],[-75.619326,6.222669],[-75.619113,6.222814],[-75.618918,6.222863],[-75.618857,6.222855],[-75.618729,6.222775],[-75.618653,6.222677],[-75.618441,6.222514],[-75.618316,6.222465],[-75.618089,6.222428],[-75.617734,6.222428],[-75.61761,6.222462],[-75.61751,6.222453],[-75.617522,6.22248],[-75.617556,6.222491],[-75.61819,6.222462],[-75.618208,6.222466],[-75.618217,6.22254],[-75.617772,6.222581],[-75.617608,6.222619],[-75.617466,6.222613]]]},"properties":{"nombre":"Altavista Sector Central","riesgo":"Con condiciones de riesgo","amenaza":"Avenidas Torrenciales"}},{"type":"Feature","geometry":{"type":"MultiPolygon","coordinates":[[[[-75.633154,6.222376],[-75.63297,6.222682],[-75.632932,6.222772],[-75.632869,6.222828],[-75.632755,6.222827],[-75.632496,6.222693],[-75.632411,6.222673],[-75.632322,6.222686],[-75.632243,6.222722],[-75.63211,6.222847],[-75.632028,6.222985],[-75.631932,6.223226],[-75.631843,6.223312],[-75.631796,6.223338],[-75.63176,6.223338],[-75.631724,6.223307],[-75.631614,6.223041],[-75.631463,6.222939],[-75.631363,6.222968],[-75.631253,6.22314],[-75.631181,6.223183],[-75.631138,6.223173],[-75.631019,6.222743],[-75.630918,6.222551],[-75.630891,6.222467],[-75.630849,6.222425],[-75.63077,6.222389],[-75.630709,6.2224],[-75.630684,6.222428],[-75.630669,6.222532],[-75.630722,6.222715],[-75.630798,6.222827],[-75.630824,6.222947],[-75.630879,6.223078],[-75.63096,6.223201],[-75.631065,6.223299],[-75.631161,6.223353],[-75.631217,6.223352],[-75.631316,6.223315],[-75.631447,6.223201],[-75.631519,6.223202],[-75.631562,6.223236],[-75.631639,6.223413],[-75.631705,6.223511],[-75.631827,6.223549],[-75.631904,6.223521],[-75.631975,6.223451],[-75.632271,6.222992],[-75.632331,6.222919],[-75.632387,6.222887],[-75.632509,6.222883],[-75.632642,6.222927],[-75.632735,6.223019],[-75.632855,6.223103],[-75.632891,6.223193],[-75.632987,6.223264],[-75.633029,6.223264],[-75.633094,6.223246],[-75.633148,6.223187],[-75.63316,6.223007],[-75.633244,6.222858],[-75.633268,6.222768],[-75.633309,6.222744],[-75.633417,6.222726],[-75.633525,6.22278],[-75.633668,6.222804],[-75.633829,6.22272],[-75.633853,6.222684],[-75.633901,6.222654],[-75.63414,6.222618],[-75.634254,6.222618],[-75.634552,6.222726],[-75.634791,6.222911],[-75.634935,6.223067],[-75.634995,6.223103],[-75.635192,6.223067],[-75.635234,6.223043],[-75.635263,6.223001],[-75.635305,6.222851],[-75.635353,6.22281],[-75.635413,6.222827],[-75.63561,6.222827],[-75.63567,6.222786],[-75.635735,6.222684],[-75.635849,6.222642],[-75.635933,6.222504],[-75.63613,6.222528],[-75.636166,6.222475],[-75.6362,6.222457],[-75.635973,6.222334],[-75.635596,6.222516],[-75.635591,6.222539],[-75.635519,6.222616],[-75.635447,6.222626],[-75.635233,6.222605],[-75.635199,6.222635],[-75.635113,6.22286],[-75.635065,6.222903],[-75.635012,6.222903],[-75.634955,6.222851],[-75.634874,6.222736],[-75.634835,6.222597],[-75.634812,6.222565],[-75.634477,6.222534],[-75.634329,6.222629],[-75.634034,6.222577],[-75.63364,6.222568],[-75.633573,6.222602],[-75.633506,6.222589],[-75.633128,6.222735],[-75.633154,6.222376]]],[[[-75.62522,6.222779],[-75.62536,6.222872],[-75.62549,6.222932],[-75.625556,6.222944],[-75.625696,6.222927],[-75.625743,6.222842],[-75.625743,6.222778],[-75.625726,6.222746],[-75.625649,6.222708],[-75.625583,6.222694],[-75.625398,6.2227],[-75.625303,6.222657],[-75.62522,6.222779]]]]},"properties":{"nombre":"Altavista Sector Central","riesgo":"Con condiciones de riesgo","amenaza":"Avenidas Torrenciales"}},{"type":"Feature","geometry":{"type":"Polygon","coordinates":[[[-75.669104,6.211752],[-75.668989,6.211848],[-75.668855,6.212058],[-75.668559,6.212087],[-75.668444,6.212183],[-75.66831,6.212355],[-75.668186,6.212451],[-75.667995,6.212671],[-75.667957,6.212891],[-75.668005,6.213092],[-75.668292,6.213273],[-75.668559,6.213273],[-75.668846,6.213206],[-75.668951,6.213082],[-75.669314,6.212747],[-75.669381,6.212575],[-75.669371,6.212431],[-75.669343,6.212393],[-75.669324,6.211972],[-75.669209,6.211733],[-75.669104,6.211752]]]},"properties":{"nombre":"El Salado","riesgo":"Con condiciones de riesgo","amenaza":"Movimientos en masa"}},{"type":"Feature","geometry":{"type":"Polygon","coordinates":[[[-75.670806,6.20757],[-75.670943,6.207659],[-75.6712,6.207767],[-75.671356,6.207803],[-75.671409,6.207725],[-75.671284,6.207444],[-75.671302,6.207217],[-75.671236,6.206995],[-75.671122,6.206798],[-75.670967,6.206738],[-75.670626,6.206792],[-75.670363,6.206936],[-75.670047,6.207175],[-75.669993,6.207295],[-75.670047,6.20742],[-75.670084,6.207594],[-75.670196,6.207594],[-75.670298,6.207552],[-75.670447,6.207522],[-75.670692,6.207528],[-75.670806,6.20757]]]},"properties":{"nombre":"El Salado","riesgo":"Con condiciones de riesgo","amenaza":"Movimientos en masa"}},{"type":"Feature","geometry":{"type":"Polygon","coordinates":[[[-75.661534,6.19603],[-75.661641,6.196047],[-75.66173,6.195903],[-75.66173,6.195425],[-75.66185,6.195353],[-75.662382,6.195353],[-75.662465,6.195281],[-75.662453,6.195241],[-75.662401,6.195188],[-75.662286,6.195124],[-75.66215,6.195073],[-75.661985,6.195045],[-75.661848,6.195088],[-75.661612,6.195117],[-75.661454,6.195224],[-75.661368,6.19544],[-75.661357,6.195522],[-75.661453,6.195876],[-75.661534,6.19603]]]},"properties":{"nombre":"El Salado","riesgo":"Con condiciones de riesgo","amenaza":"Movimientos en masa"}},{"type":"Feature","geometry":{"type":"Polygon","coordinates":[[[-75.661914,6.199288],[-75.661995,6.199584],[-75.662052,6.199713],[-75.662296,6.199885],[-75.66244,6.19995],[-75.662511,6.19995],[-75.662578,6.199841],[-75.662237,6.199598],[-75.662108,6.199178],[-75.661925,6.199219],[-75.661914,6.199288]]]},"properties":{"nombre":"El Salado","riesgo":"Alto riesgo no mitigable","amenaza":"Avenidas Torrenciales"}},{"type":"Feature","geometry":{"type":"Polygon","coordinates":[[[-75.663652,6.202698],[-75.663774,6.202756],[-75.663672,6.202391],[-75.663586,6.202372],[-75.663461,6.202276],[-75.663451,6.202211],[-75.663344,6.202232],[-75.663308,6.202311],[-75.663193,6.202354],[-75.663143,6.202418],[-75.663107,6.202504],[-75.663107,6.202576],[-75.663172,6.202626],[-75.663215,6.202698],[-75.66343,6.202677],[-75.663652,6.202698]]]},"properties":{"nombre":"El Salado","riesgo":"Alto riesgo no mitigable","amenaza":"Avenidas Torrenciales"}},{"type":"Feature","geometry":{"type":"Polygon","coordinates":[[[-75.661167,6.194979],[-75.661306,6.195035],[-75.661385,6.195013],[-75.661439,6.195255],[-75.661454,6.195224],[-75.661526,6.195167],[-75.661612,6.195117],[-75.661848,6.195088],[-75.661985,6.195045],[-75.66215,6.195073],[-75.662286,6.195124],[-75.662401,6.195188],[-75.662502,6.195122],[-75.661158,6.194897],[-75.661167,6.194979]]]},"properties":{"nombre":"El Salado","riesgo":"Con condiciones de riesgo","amenaza":"Avenidas Torrenciales"}},{"type":"Feature","geometry":{"type":"Polygon","coordinates":[[[-75.661167,6.194979],[-75.661225,6.195516],[-75.661358,6.195496],[-75.661439,6.195255],[-75.661385,6.195013],[-75.661306,6.195035],[-75.661167,6.194979]]]},"properties":{"nombre":"El Salado","riesgo":"Con condiciones de riesgo","amenaza":"Avenidas Torrenciales"}},{"type":"Feature","geometry":{"type":"Polygon","coordinates":[[[-75.662401,6.195188],[-75.662453,6.195241],[-75.662433,6.195171],[-75.662401,6.195188]]]},"properties":{"nombre":"El Salado","riesgo":"Con condiciones de riesgo","amenaza":"Avenidas Torrenciales"}},{"type":"Feature","geometry":{"type":"Polygon","coordinates":[[[-75.661399,6.195689],[-75.661408,6.195796],[-75.66145,6.195951],[-75.661491,6.196023],[-75.661534,6.19603],[-75.661453,6.195876],[-75.661399,6.195689]]]},"properties":{"nombre":"El Salado","riesgo":"Con condiciones de riesgo","amenaza":"Avenidas Torrenciales"}},{"type":"Feature","geometry":{"type":"Polygon","coordinates":[[[-75.552206,6.196297],[-75.552198,6.196319],[-75.552219,6.196302],[-75.552206,6.196297]]]},"properties":{"nombre":"Las Palmas","riesgo":"Con condiciones de riesgo","amenaza":"Movimientos en masa"}},{"type":"Feature","geometry":{"type":"Polygon","coordinates":[[[-75.529198,6.227372],[-75.529116,6.227509],[-75.529037,6.227774],[-75.529215,6.227386],[-75.529198,6.227372]]]},"properties":{"nombre":"Las Palmas","riesgo":"Con condiciones de riesgo","amenaza":"Movimientos en masa"}},{"type":"Feature","geometry":{"type":"Polygon","coordinates":[[[-75.526735,6.229585],[-75.526896,6.229579],[-75.52691,6.229518],[-75.527119,6.229636],[-75.527205,6.22966],[-75.527407,6.229771],[-75.527452,6.229776],[-75.527521,6.229732],[-75.527545,6.229577],[-75.527617,6.229609],[-75.527761,6.229625],[-75.52783,6.229649],[-75.527948,6.229638],[-75.528137,6.229584],[-75.528171,6.229525],[-75.528266,6.229457],[-75.5283,6.229407],[-75.528287,6.229342],[-75.528106,6.229212],[-75.528006,6.229114],[-75.527969,6.228904],[-75.527882,6.228695],[-75.527881,6.228474],[-75.527917,6.228397],[-75.528043,6.228216],[-75.528072,6.228079],[-75.528067,6.227672],[-75.527923,6.227466],[-75.527854,6.227498],[-75.527776,6.227759],[-75.527701,6.227892],[-75.527567,6.227988],[-75.527321,6.228117],[-75.527244,6.228211],[-75.52717,6.228386],[-75.527078,6.228424],[-75.527078,6.228396],[-75.526925,6.22843],[-75.526523,6.228344],[-75.526265,6.228181],[-75.526134,6.22805],[-75.526131,6.228061],[-75.525963,6.227993],[-75.525869,6.227996],[-75.525863,6.227951],[-75.525759,6.227961],[-75.525606,6.228114],[-75.525443,6.228229],[-75.5253,6.228238],[-75.525166,6.228171],[-75.524917,6.228095],[-75.524678,6.227932],[-75.524449,6.227865],[-75.524009,6.22754],[-75.523655,6.226985],[-75.523534,6.226733],[-75.523543,6.226829],[-75.523471,6.227122],[-75.523507,6.227301],[-75.523633,6.227684],[-75.523663,6.227851],[-75.523686,6.227899],[-75.523698,6.227983],[-75.52368,6.228043],[-75.52368,6.228162],[-75.523758,6.228294],[-75.523788,6.228378],[-75.523782,6.228575],[-75.523824,6.228665],[-75.523902,6.228742],[-75.523955,6.228832],[-75.523979,6.22891],[-75.524069,6.229035],[-75.524104,6.229054],[-75.524308,6.229052],[-75.524602,6.229159],[-75.524688,6.229202],[-75.52481,6.229324],[-75.524947,6.229403],[-75.525305,6.22941],[-75.525427,6.229482],[-75.525549,6.229511],[-75.525707,6.229504],[-75.525786,6.22954],[-75.525886,6.229518],[-75.526044,6.229446],[-75.526115,6.229446],[-75.526201,6.229475],[-75.526259,6.229525],[-75.526338,6.229554],[-75.526567,6.229511],[-75.526735,6.229585]]]},"properties":{"nombre":"Las Palmas","riesgo":"Con condiciones de riesgo","amenaza":"Movimientos en masa"}},{"type":"Feature","geometry":{"type":"MultiPolygon","coordinates":[[[[-75.551073,6.201466],[-75.550959,6.201716],[-75.551064,6.201596],[-75.551073,6.201466]]],[[[-75.551182,6.20123],[-75.551139,6.20127],[-75.551137,6.201277],[-75.551182,6.20123]]]]},"properties":{"nombre":"Las Palmas","riesgo":"Con condiciones de riesgo","amenaza":"Movimientos en masa"}},{"type":"Feature","geometry":{"type":"Polygon","coordinates":[[[-75.545346,6.206225],[-75.545474,6.206333],[-75.545502,6.206324],[-75.545517,6.206276],[-75.545516,6.205994],[-75.545463,6.205975],[-75.545368,6.206023],[-75.545296,6.206028],[-75.545272,6.206056],[-75.545346,6.206225]]]},"properties":{"nombre":"Las Palmas","riesgo":"Con condiciones de riesgo","amenaza":"Movimientos en masa"}},{"type":"Feature","geometry":{"type":"Polygon","coordinates":[[[-75.546098,6.209062],[-75.54595,6.209067],[-75.545911,6.209091],[-75.546032,6.209354],[-75.546055,6.20944],[-75.546128,6.209473],[-75.546199,6.209464],[-75.546271,6.209416],[-75.546347,6.209281],[-75.546347,6.209214],[-75.546289,6.209095],[-75.546236,6.209067],[-75.546098,6.209062]]]},"properties":{"nombre":"Las Palmas","riesgo":"Con condiciones de riesgo","amenaza":"Movimientos en masa"}},{"type":"Feature","geometry":{"type":"Polygon","coordinates":[[[-75.532146,6.22706],[-75.532231,6.227098],[-75.53229,6.227168],[-75.532245,6.226962],[-75.532188,6.226809],[-75.532111,6.226732],[-75.53196,6.226629],[-75.531805,6.226635],[-75.531733,6.226679],[-75.531723,6.226815],[-75.53191,6.226981],[-75.531957,6.227091],[-75.53203,6.227058],[-75.532146,6.22706]]]},"properties":{"nombre":"Las Palmas","riesgo":"Con condiciones de riesgo","amenaza":"Avenidas Torrenciales"}},{"type":"Feature","geometry":{"type":"Polygon","coordinates":[[[-75.529198,6.227372],[-75.529215,6.227386],[-75.529293,6.227281],[-75.529392,6.227284],[-75.529224,6.227143],[-75.529061,6.227041],[-75.528951,6.227023],[-75.528851,6.227066],[-75.528813,6.227154],[-75.528889,6.227239],[-75.528994,6.227296],[-75.52908,6.227306],[-75.529198,6.227372]]]},"properties":{"nombre":"Las Palmas","riesgo":"Con condiciones de riesgo","amenaza":"Avenidas Torrenciales"}},{"type":"Feature","geometry":{"type":"MultiPolygon","coordinates":[[[[-75.523388,6.227163],[-75.523415,6.227165],[-75.523472,6.227122],[-75.523543,6.226829],[-75.523531,6.226697],[-75.523477,6.226584],[-75.523436,6.22641],[-75.523449,6.226281],[-75.523433,6.22624],[-75.52343,6.226129],[-75.52334,6.22597],[-75.52335,6.226059],[-75.523297,6.226629],[-75.523388,6.227163]]],[[[-75.525835,6.229602],[-75.525872,6.229585],[-75.52593,6.229523],[-75.525942,6.229539],[-75.526023,6.22955],[-75.526236,6.229625],[-75.526308,6.229632],[-75.526571,6.229579],[-75.526735,6.229585],[-75.526567,6.229511],[-75.526338,6.229554],[-75.526259,6.229525],[-75.526201,6.229475],[-75.526148,6.229457],[-75.525901,6.229516],[-75.525835,6.229602]]]]},"properties":{"nombre":"Las Palmas","riesgo":"Con condiciones de riesgo","amenaza":"Avenidas Torrenciales"}},{"type":"Feature","geometry":{"type":"Polygon","coordinates":[[[-75.634028,6.219999],[-75.634028,6.220121],[-75.634064,6.220358],[-75.634143,6.220487],[-75.634236,6.220595],[-75.634394,6.220703],[-75.634587,6.220932],[-75.634644,6.220952],[-75.634759,6.220886],[-75.634776,6.220594],[-75.634816,6.22046],[-75.63497,6.22027],[-75.634934,6.219959],[-75.635113,6.219803],[-75.635095,6.219618],[-75.635232,6.219594],[-75.635256,6.219815],[-75.635412,6.219773],[-75.635424,6.219498],[-75.635627,6.219427],[-75.635639,6.219289],[-75.635346,6.219289],[-75.635256,6.219211],[-75.635229,6.219169],[-75.635181,6.218808],[-75.635101,6.218733],[-75.635131,6.21853],[-75.635119,6.21835],[-75.635029,6.218524],[-75.634975,6.218853],[-75.634969,6.219008],[-75.634916,6.219128],[-75.63476,6.219343],[-75.634778,6.219522],[-75.634713,6.219726],[-75.634599,6.219887],[-75.634549,6.219887],[-75.634544,6.219867],[-75.634088,6.219823],[-75.634028,6.219999]]]},"properties":{"nombre":"Buga Patio Bonito","riesgo":"Con condiciones de riesgo","amenaza":"Movimientos en masa"}},{"type":"Feature","geometry":{"type":"Polygon","coordinates":[[[-75.642942,6.222202],[-75.642858,6.222429],[-75.642966,6.222657],[-75.643217,6.222908],[-75.64336,6.223123],[-75.643504,6.223518],[-75.643611,6.223637],[-75.643743,6.223709],[-75.643886,6.223757],[-75.644042,6.223757],[-75.644245,6.223661],[-75.644376,6.223577],[-75.644412,6.22341],[-75.644364,6.223266],[-75.644173,6.222931],[-75.644053,6.22268],[-75.643778,6.222357],[-75.643575,6.222214],[-75.643264,6.222106],[-75.643073,6.222059],[-75.642942,6.222202]]]},"properties":{"nombre":"Buga Patio Bonito","riesgo":"Con condiciones de riesgo","amenaza":"Movimientos en masa"}},{"type":"Feature","geometry":{"type":"Polygon","coordinates":[[[-75.6362,6.222457],[-75.636327,6.222385],[-75.636417,6.222283],[-75.636488,6.222271],[-75.63662,6.222211],[-75.63665,6.222175],[-75.636691,6.222092],[-75.636674,6.221703],[-75.636656,6.221613],[-75.636697,6.221548],[-75.636751,6.221512],[-75.636835,6.221518],[-75.636942,6.221571],[-75.637038,6.221673],[-75.637211,6.221715],[-75.637271,6.221745],[-75.637361,6.221745],[-75.637397,6.221763],[-75.63745,6.221852],[-75.637588,6.221888],[-75.637671,6.221846],[-75.637767,6.221727],[-75.637839,6.221697],[-75.637922,6.221691],[-75.637958,6.221715],[-75.638078,6.221936],[-75.638191,6.22196],[-75.638281,6.221942],[-75.638406,6.221804],[-75.638442,6.221697],[-75.638502,6.221613],[-75.638526,6.221535],[-75.638526,6.221464],[-75.63858,6.221398],[-75.638938,6.221218],[-75.639088,6.221087],[-75.639129,6.221027],[-75.639171,6.221021],[-75.639219,6.220931],[-75.639177,6.220746],[-75.639201,6.220716],[-75.639249,6.220704],[-75.639303,6.220722],[-75.639512,6.220842],[-75.639625,6.22083],[-75.639751,6.22071],[-75.63993,6.220584],[-75.640014,6.220501],[-75.640079,6.220459],[-75.640145,6.220441],[-75.640211,6.220441],[-75.640342,6.220489],[-75.64042,6.220435],[-75.640468,6.220435],[-75.640611,6.220518],[-75.640713,6.220638],[-75.640916,6.220728],[-75.641167,6.22065],[-75.641251,6.220662],[-75.641484,6.220805],[-75.641555,6.220901],[-75.641711,6.220961],[-75.641968,6.220955],[-75.642171,6.220907],[-75.642213,6.220889],[-75.642201,6.220841],[-75.642099,6.220817],[-75.64195,6.220817],[-75.641926,6.220781],[-75.641741,6.22074],[-75.641591,6.220752],[-75.641537,6.220692],[-75.64152,6.220638],[-75.641478,6.220584],[-75.64137,6.2205],[-75.641304,6.220483],[-75.641125,6.220494],[-75.641012,6.22056],[-75.640958,6.220548],[-75.640808,6.220489],[-75.640701,6.220303],[-75.640557,6.220225],[-75.64042,6.220231],[-75.64033,6.220267],[-75.640271,6.220267],[-75.640163,6.220196],[-75.640043,6.220208],[-75.639781,6.220315],[-75.639571,6.220566],[-75.639494,6.220584],[-75.639344,6.220501],[-75.639237,6.220489],[-75.639087,6.220578],[-75.639058,6.22065],[-75.639058,6.220728],[-75.639082,6.220782],[-75.639076,6.220901],[-75.638723,6.221129],[-75.638604,6.221183],[-75.638448,6.221218],[-75.6384,6.221446],[-75.638269,6.221631],[-75.638248,6.221688],[-75.638158,6.22174],[-75.638134,6.221721],[-75.63811,6.221659],[-75.638062,6.221453],[-75.637961,6.221401],[-75.63788,6.221386],[-75.637832,6.221396],[-75.637809,6.221434],[-75.637818,6.221477],[-75.637799,6.22152],[-75.637727,6.221568],[-75.637651,6.221649],[-75.637574,6.221702],[-75.637536,6.221702],[-75.637483,6.221678],[-75.637388,6.221559],[-75.637225,6.221535],[-75.637077,6.22141],[-75.636891,6.22141],[-75.636747,6.221372],[-75.636661,6.221386],[-75.636566,6.221463],[-75.636527,6.22153],[-75.636475,6.221793],[-75.636413,6.221917],[-75.636293,6.222075],[-75.636245,6.222118],[-75.636159,6.222138],[-75.635767,6.222343],[-75.6356,6.222496],[-75.635596,6.222516],[-75.635973,6.222334],[-75.6362,6.222457]]]},"properties":{"nombre":"Buga Patio Bonito","riesgo":"Con condiciones de riesgo","amenaza":"Avenidas Torrenciales"}},{"type":"Feature","geometry":{"type":"Polygon","coordinates":[[[-75.635233,6.222605],[-75.635395,6.222613],[-75.635313,6.222597],[-75.635233,6.222605]]]},"properties":{"nombre":"Buga Patio Bonito","riesgo":"Con condiciones de riesgo","amenaza":"Avenidas Torrenciales"}},{"type":"Feature","geometry":{"type":"Polygon","coordinates":[[[-75.633776,6.222564],[-75.634034,6.222577],[-75.634329,6.222629],[-75.634477,6.222534],[-75.634812,6.222565],[-75.634744,6.222497],[-75.63462,6.222468],[-75.63429,6.222449],[-75.633989,6.222473],[-75.633776,6.222564]]]},"properties":{"nombre":"Buga Patio Bonito","riesgo":"Con condiciones de riesgo","amenaza":"Avenidas Torrenciales"}},{"type":"Feature","geometry":{"type":"Polygon","coordinates":[[[-75.633154,6.222376],[-75.633128,6.222735],[-75.633506,6.222589],[-75.633429,6.222522],[-75.633573,6.222471],[-75.633704,6.222378],[-75.633819,6.22236],[-75.633963,6.222364],[-75.634241,6.222288],[-75.634385,6.222188],[-75.634485,6.222059],[-75.634815,6.221822],[-75.634908,6.221743],[-75.634994,6.221642],[-75.635087,6.221592],[-75.635288,6.221628],[-75.63536,6.221664],[-75.635396,6.221714],[-75.63546,6.22175],[-75.635597,6.221793],[-75.635706,6.221769],[-75.635815,6.221701],[-75.635898,6.221616],[-75.635908,6.221539],[-75.635733,6.221453],[-75.635555,6.221424],[-75.635321,6.221437],[-75.63505,6.221411],[-75.634938,6.22142],[-75.634754,6.221474],[-75.634615,6.221542],[-75.634382,6.221716],[-75.6343,6.221839],[-75.634294,6.221892],[-75.634261,6.221955],[-75.634115,6.222063],[-75.634062,6.222086],[-75.633825,6.222099],[-75.633591,6.222143],[-75.633293,6.222265],[-75.633196,6.222328],[-75.633154,6.222376]]]},"properties":{"nombre":"Buga Patio Bonito","riesgo":"Con condiciones de riesgo","amenaza":"Avenidas Torrenciales"}},{"type":"Feature","geometry":{"type":"Polygon","coordinates":[[[-75.624311,6.219013],[-75.624148,6.219138],[-75.624014,6.219291],[-75.623982,6.219443],[-75.624148,6.219501],[-75.624339,6.219664],[-75.62455,6.219903],[-75.62475,6.219922],[-75.624903,6.219874],[-75.624961,6.21975],[-75.624827,6.219252],[-75.624645,6.219013],[-75.624521,6.218946],[-75.624311,6.219013]]]},"properties":{"nombre":"La Esperanza","riesgo":"Con condiciones de riesgo","amenaza":"Movimientos en masa"}},{"type":"Feature","geometry":{"type":"Polygon","coordinates":[[[-75.611303,6.218737],[-75.611268,6.218666],[-75.611269,6.218574],[-75.611241,6.218517],[-75.611189,6.218505],[-75.611146,6.218518],[-75.611122,6.218611],[-75.611128,6.218739],[-75.611303,6.218737]]]},"properties":{"nombre":"La Esperanza","riesgo":"Con condiciones de riesgo","amenaza":"Avenidas Torrenciales"}},{"type":"Feature","geometry":{"type":"Polygon","coordinates":[[[-75.612194,6.218875],[-75.612185,6.218931],[-75.612146,6.218992],[-75.612151,6.219021],[-75.612292,6.218896],[-75.612457,6.218778],[-75.612483,6.218751],[-75.61248,6.21872],[-75.612328,6.218753],[-75.612157,6.218827],[-75.61208,6.21888],[-75.612194,6.218875]]]},"properties":{"nombre":"La Esperanza","riesgo":"Con condiciones de riesgo","amenaza":"Avenidas Torrenciales"}},{"type":"Feature","geometry":{"type":"MultiPolygon","coordinates":[[[[-75.625303,6.222657],[-75.625107,6.222479],[-75.624956,6.222416],[-75.624881,6.222324],[-75.624784,6.222282],[-75.624662,6.222294],[-75.624564,6.222357],[-75.624444,6.222493],[-75.624397,6.222609],[-75.624381,6.222762],[-75.624332,6.222875],[-75.624189,6.223008],[-75.623911,6.223049],[-75.623875,6.223067],[-75.62376,6.223069],[-75.623614,6.222991],[-75.623505,6.22299],[-75.623344,6.223039],[-75.623212,6.223119],[-75.623148,6.223062],[-75.623126,6.22299],[-75.623026,6.222904],[-75.622825,6.222832],[-75.622718,6.222767],[-75.622553,6.22276],[-75.622258,6.22263],[-75.622163,6.222691],[-75.622148,6.222748],[-75.622184,6.22282],[-75.622241,6.222842],[-75.62256,6.223155],[-75.62264,6.223274],[-75.622747,6.223377],[-75.622862,6.223443],[-75.623115,6.223462],[-75.623289,6.223337],[-75.623418,6.223297],[-75.623605,6.22327],[-75.62391,6.22331],[-75.624165,6.223366],[-75.624273,6.223371],[-75.624444,6.223341],[-75.624557,6.223225],[-75.624576,6.223093],[-75.624527,6.222976],[-75.624532,6.222864],[-75.62456,6.222775],[-75.62467,6.222654],[-75.624787,6.222628],[-75.624885,6.222634],[-75.624996,6.222667],[-75.62522,6.222779],[-75.625303,6.222657]]],[[[-75.619326,6.222669],[-75.619501,6.222761],[-75.61953,6.222738],[-75.619558,6.222619],[-75.619537,6.222591],[-75.619487,6.222583],[-75.619396,6.222611],[-75.619326,6.222669]]]]},"properties":{"nombre":"La Esperanza","riesgo":"Con condiciones de riesgo","amenaza":"Avenidas Torrenciales"}},{"type":"Feature","geometry":{"type":"Polygon","coordinates":[[[-75.614956,6.207408],[-75.614934,6.20745],[-75.615135,6.207397],[-75.615241,6.207353],[-75.615364,6.207352],[-75.615665,6.207414],[-75.615626,6.207235],[-75.61557,6.207112],[-75.615509,6.207017],[-75.615442,6.20695],[-75.615358,6.20695],[-75.615213,6.206978],[-75.615124,6.207051],[-75.614951,6.207107],[-75.614956,6.207408]]]},"properties":{"nombre":"San José del Manzanillo","riesgo":"Alto riesgo no mitigable","amenaza":"Movimientos en masa"}},{"type":"Feature","geometry":{"type":"Polygon","coordinates":[[[-75.612581,6.207117],[-75.612724,6.207236],[-75.612951,6.207248],[-75.612951,6.207164],[-75.612483,6.206867],[-75.612354,6.206824],[-75.611881,6.206872],[-75.61179,6.206973],[-75.611854,6.207071],[-75.612055,6.207129],[-75.612258,6.207105],[-75.612402,6.207009],[-75.612581,6.207117]]]},"properties":{"nombre":"San José del Manzanillo","riesgo":"Con condiciones de riesgo","amenaza":"Movimientos en masa"}},{"type":"Feature","geometry":{"type":"Polygon","coordinates":[[[-75.618287,6.206718],[-75.618085,6.206815],[-75.617792,6.206866],[-75.617646,6.206929],[-75.617607,6.20698],[-75.61764,6.207087],[-75.617903,6.207016],[-75.618355,6.207062],[-75.618367,6.207048],[-75.618287,6.206718]]]},"properties":{"nombre":"San José del Manzanillo","riesgo":"Con condiciones de riesgo","amenaza":"Movimientos en masa"}},{"type":"Feature","geometry":{"type":"Polygon","coordinates":[[[-75.61705,6.204767],[-75.616985,6.204918],[-75.616827,6.205091],[-75.616798,6.205162],[-75.616792,6.205268],[-75.61699,6.205081],[-75.61705,6.204767]]]},"properties":{"nombre":"San José del Manzanillo","riesgo":"Con condiciones de riesgo","amenaza":"Inundaciones"}},{"type":"Feature","geometry":{"type":"Polygon","coordinates":[[[-75.6175,6.203075],[-75.617394,6.203283],[-75.617412,6.203267],[-75.6175,6.203075]]]},"properties":{"nombre":"San José del Manzanillo","riesgo":"Con condiciones de riesgo","amenaza":"Inundaciones"}},{"type":"Feature","geometry":{"type":"MultiPolygon","coordinates":[[[[-75.61365,6.206218],[-75.613794,6.206246],[-75.613909,6.206289],[-75.61412,6.206473],[-75.614141,6.20647],[-75.614184,6.206415],[-75.614226,6.206243],[-75.614202,6.206159],[-75.614171,6.206117],[-75.614125,6.206071],[-75.614041,6.206046],[-75.613972,6.20603],[-75.613811,6.20603],[-75.613634,6.206057],[-75.613267,6.205967],[-75.613092,6.205859],[-75.613035,6.205866],[-75.612978,6.205928],[-75.612997,6.206081],[-75.613328,6.206175],[-75.613564,6.206189],[-75.61365,6.206218]]],[[[-75.614695,6.206133],[-75.614635,6.206188],[-75.614638,6.206281],[-75.614663,6.206321],[-75.614834,6.206368],[-75.614905,6.206433],[-75.615013,6.206454],[-75.615102,6.206465],[-75.615159,6.20641],[-75.615156,6.206333],[-75.615016,6.206243],[-75.614838,6.206201],[-75.61475,6.206166],[-75.614712,6.206126],[-75.614695,6.206133]]],[[[-75.616038,6.206114],[-75.616031,6.206094],[-75.61598,6.206062],[-75.615875,6.206111],[-75.615726,6.206095],[-75.615587,6.205942],[-75.615532,6.205987],[-75.615535,6.206081],[-75.61576,6.206226],[-75.615806,6.206241],[-75.615961,6.206229],[-75.616041,6.206173],[-75.616038,6.206114]]]]},"properties":{"nombre":"San José del Manzanillo","riesgo":"Con condiciones de riesgo","amenaza":"Inundaciones"}},{"type":"Feature","geometry":{"type":"Polygon","coordinates":[[[-75.618287,6.206718],[-75.618367,6.207048],[-75.618293,6.206715],[-75.618287,6.206718]]]},"properties":{"nombre":"San José del Manzanillo","riesgo":"Con condiciones de riesgo","amenaza":"Movimientos en masa"}},{"type":"Feature","geometry":{"type":"Polygon","coordinates":[[[-75.618175,6.20705],[-75.618352,6.207066],[-75.618355,6.207062],[-75.618175,6.20705]]]},"properties":{"nombre":"El Jardín","riesgo":"Con condiciones de riesgo","amenaza":"Movimientos en masa"}},{"type":"Feature","geometry":{"type":"Polygon","coordinates":[[[-75.626466,6.204451],[-75.62631,6.204565],[-75.626173,6.20493],[-75.625934,6.205091],[-75.626239,6.205247],[-75.626382,6.205426],[-75.626796,6.205513],[-75.627219,6.20539],[-75.627338,6.205115],[-75.627278,6.204672],[-75.627201,6.204607],[-75.626944,6.204535],[-75.62677,6.204308],[-75.626466,6.204451]]]},"properties":{"nombre":"El Jardín","riesgo":"Con condiciones de riesgo","amenaza":"Movimientos en masa"}},{"type":"Feature","geometry":{"type":"Polygon","coordinates":[[[-75.617939,6.208419],[-75.617856,6.208522],[-75.617841,6.208584],[-75.617994,6.208713],[-75.618453,6.208924],[-75.61863,6.209038],[-75.619046,6.209043],[-75.619319,6.208991],[-75.6195,6.20879],[-75.619668,6.208445],[-75.619691,6.208211],[-75.619668,6.208115],[-75.619668,6.20801],[-75.619605,6.207914],[-75.619519,6.207876],[-75.619395,6.207914],[-75.619051,6.208096],[-75.618984,6.208292],[-75.618759,6.208417],[-75.618386,6.208417],[-75.618033,6.208374],[-75.617939,6.208419]]]},"properties":{"nombre":"El Jardín","riesgo":"Con condiciones de riesgo","amenaza":"Movimientos en masa"}},{"type":"Feature","geometry":{"type":"MultiPolygon","coordinates":[[[[-75.616792,6.205268],[-75.616748,6.205464],[-75.616683,6.205514],[-75.616543,6.205561],[-75.616528,6.205666],[-75.616578,6.20574],[-75.616633,6.205747],[-75.616841,6.205636],[-75.616934,6.205557],[-75.616956,6.205464],[-75.616956,6.205299],[-75.616977,6.205227],[-75.617236,6.204976],[-75.617293,6.20489],[-75.617365,6.20471],[-75.617379,6.204466],[-75.617304,6.20438],[-75.617233,6.20435],[-75.617173,6.204356],[-75.617131,6.204422],[-75.617135,6.204531],[-75.617114,6.204631],[-75.61705,6.204767],[-75.61699,6.205081],[-75.616792,6.205268]]],[[[-75.617394,6.203283],[-75.617288,6.203508],[-75.617346,6.203579],[-75.617471,6.203579],[-75.617496,6.203569],[-75.617687,6.203225],[-75.617694,6.20311],[-75.617666,6.203002],[-75.617565,6.20301],[-75.6175,6.203075],[-75.617394,6.203283]]],[[[-75.616038,6.206114],[-75.616032,6.206125],[-75.616042,6.206126],[-75.616038,6.206114]]]]},"properties":{"nombre":"El Jardín","riesgo":"Con condiciones de riesgo","amenaza":"Inundaciones"}},{"type":"Feature","geometry":{"type":"Polygon","coordinates":[[[-75.618293,6.206715],[-75.618368,6.207047],[-75.618469,6.206909],[-75.618506,6.206812],[-75.618512,6.206711],[-75.618455,6.206663],[-75.618293,6.206715]]]},"properties":{"nombre":"El Jardín","riesgo":"Con condiciones de riesgo","amenaza":"Movimientos en masa"}},{"type":"Feature","geometry":{"type":"Polygon","coordinates":[[[-75.618175,6.20705],[-75.618211,6.20712],[-75.618253,6.207147],[-75.618352,6.207066],[-75.618175,6.20705]]]},"properties":{"nombre":"El Jardín","riesgo":"Con condiciones de riesgo","amenaza":"Movimientos en masa"}},{"type":"Feature","geometry":{"type":"Polygon","coordinates":[[[-75.655957,6.189265],[-75.656215,6.189468],[-75.656235,6.189475],[-75.656257,6.189451],[-75.656293,6.189375],[-75.656395,6.188928],[-75.656493,6.188706],[-75.656526,6.188509],[-75.656565,6.188471],[-75.656763,6.188362],[-75.6568,6.188307],[-75.6568,6.188238],[-75.656754,6.188108],[-75.656624,6.187946],[-75.656554,6.18792],[-75.656521,6.188033],[-75.656452,6.188108],[-75.65641,6.188152],[-75.656285,6.188213],[-75.656238,6.188361],[-75.656212,6.188826],[-75.65612,6.189035],[-75.656097,6.189163],[-75.656086,6.189149],[-75.656064,6.189187],[-75.655957,6.189265]]]},"properties":{"nombre":"La Verde","riesgo":"Con condiciones de riesgo","amenaza":"Movimientos en masa"}},{"type":"Feature","geometry":{"type":"MultiPolygon","coordinates":[[[[-75.533844,6.237189],[-75.534115,6.237149],[-75.53426,6.237168],[-75.534273,6.237161],[-75.534287,6.23709],[-75.534394,6.236967],[-75.534466,6.236934],[-75.534477,6.236909],[-75.534664,6.236884],[-75.53488,6.236804],[-75.534971,6.236791],[-75.535015,6.236794],[-75.535042,6.236819],[-75.53512,6.236847],[-75.535211,6.236849],[-75.535333,6.236816],[-75.535471,6.236747],[-75.535706,6.236587],[-75.535901,6.23635],[-75.53608,6.236266],[-75.536108,6.236229],[-75.53612,6.236171],[-75.536234,6.23613],[-75.53628,6.236097],[-75.536372,6.235952],[-75.536471,6.235908],[-75.536587,6.235782],[-75.536701,6.235731],[-75.536727,6.235649],[-75.536797,6.235524],[-75.537197,6.235255],[-75.537353,6.235219],[-75.537412,6.235135],[-75.537406,6.234878],[-75.537424,6.234759],[-75.537395,6.234675],[-75.537167,6.234669],[-75.536928,6.234687],[-75.536821,6.234615],[-75.536719,6.234615],[-75.536648,6.234675],[-75.5366,6.234753],[-75.536444,6.23483],[-75.536395,6.235041],[-75.536234,6.235362],[-75.535936,6.23568],[-75.535868,6.235739],[-75.535546,6.23594],[-75.535504,6.235998],[-75.535346,6.236314],[-75.535362,6.236434],[-75.535419,6.236545],[-75.535393,6.236582],[-75.535267,6.236582],[-75.535099,6.236514],[-75.535074,6.236443],[-75.53509,6.236352],[-75.535001,6.236262],[-75.534832,6.236235],[-75.534781,6.236244],[-75.534799,6.236331],[-75.534755,6.236334],[-75.53468,6.236402],[-75.534551,6.236563],[-75.534515,6.236631],[-75.534479,6.236656],[-75.534361,6.236649],[-75.534278,6.236721],[-75.534264,6.236764],[-75.534289,6.236793],[-75.534296,6.236836],[-75.534264,6.236911],[-75.533844,6.237189]]],[[[-75.533651,6.23728],[-75.533688,6.237294],[-75.533727,6.237278],[-75.53374,6.237254],[-75.533687,6.237277],[-75.533629,6.237256],[-75.533458,6.237262],[-75.533651,6.23728]]]]},"properties":{"nombre":"Villatina","riesgo":"Con condiciones de riesgo","amenaza":"Movimientos en masa"}},{"type":"Feature","geometry":{"type":"Polygon","coordinates":[[[-75.540354,6.236975],[-75.540744,6.236989],[-75.540912,6.23707],[-75.540953,6.23713],[-75.541091,6.237199],[-75.541112,6.23719],[-75.541189,6.237207],[-75.541482,6.23733],[-75.541892,6.237417],[-75.54263,6.237704],[-75.542653,6.237623],[-75.542647,6.23748],[-75.542618,6.237369],[-75.54257,6.237294],[-75.542456,6.237199],[-75.542358,6.237172],[-75.542178,6.237154],[-75.542023,6.237085],[-75.541871,6.237055],[-75.54162,6.236953],[-75.541375,6.236888],[-75.541192,6.236756],[-75.540995,6.236711],[-75.540816,6.236717],[-75.540699,6.236798],[-75.540466,6.236834],[-75.54038,6.236879],[-75.540354,6.236975]]]},"properties":{"nombre":"Villatina","riesgo":"Con condiciones de riesgo","amenaza":"Movimientos en masa"}},{"type":"Feature","geometry":{"type":"Polygon","coordinates":[[[-75.53672,6.235686],[-75.536701,6.235731],[-75.536668,6.235744],[-75.53674,6.235721],[-75.53672,6.235686]]]},"properties":{"nombre":"Villatina","riesgo":"Alto riesgo no mitigable","amenaza":"Movimientos en masa"}},{"type":"Feature","geometry":{"type":"Polygon","coordinates":[[[-75.536417,6.235933],[-75.536477,6.235924],[-75.536513,6.235867],[-75.536471,6.235908],[-75.536417,6.235933]]]},"properties":{"nombre":"Villatina","riesgo":"Alto riesgo no mitigable","amenaza":"Movimientos en masa"}},{"type":"Feature","geometry":{"type":"Polygon","coordinates":[[[-75.536354,6.235991],[-75.53628,6.236097],[-75.536201,6.236139],[-75.536269,6.236122],[-75.536336,6.236045],[-75.536354,6.235991]]]},"properties":{"nombre":"Villatina","riesgo":"Alto riesgo no mitigable","amenaza":"Movimientos en masa"}},{"type":"Feature","geometry":{"type":"Polygon","coordinates":[[[-75.535042,6.236819],[-75.535193,6.236962],[-75.535205,6.236995],[-75.535229,6.236968],[-75.535262,6.236974],[-75.535269,6.236949],[-75.535333,6.236922],[-75.535374,6.236853],[-75.535485,6.236832],[-75.535661,6.236676],[-75.535692,6.236674],[-75.535681,6.236639],[-75.535714,6.236611],[-75.535747,6.236547],[-75.535471,6.236747],[-75.535333,6.236816],[-75.535163,6.236854],[-75.535042,6.236819]]]},"properties":{"nombre":"Villatina","riesgo":"Alto riesgo no mitigable","amenaza":"Movimientos en masa"}},{"type":"Feature","geometry":{"type":"Polygon","coordinates":[[[-75.54038,6.236879],[-75.540178,6.236767],[-75.540092,6.236764],[-75.540103,6.236796],[-75.540067,6.236849],[-75.540011,6.236895],[-75.539957,6.237027],[-75.540327,6.237157],[-75.540334,6.237052],[-75.54038,6.236879]]]},"properties":{"nombre":"Villatina","riesgo":"Alto riesgo no mitigable","amenaza":"Movimientos en masa"}},{"type":"Feature","geometry":{"type":"Polygon","coordinates":[[[-75.539799,6.239788],[-75.539716,6.239791],[-75.539661,6.239832],[-75.539654,6.240107],[-75.539663,6.24007],[-75.539783,6.239967],[-75.539799,6.239788]]]},"properties":{"nombre":"Villatina","riesgo":"Alto riesgo no mitigable","amenaza":"Movimientos en masa"}},{"type":"Feature","geometry":{"type":"Polygon","coordinates":[[[-75.537539,6.241168],[-75.53761,6.24127],[-75.53802,6.241566],[-75.538394,6.241808],[-75.538485,6.241938],[-75.538652,6.242068],[-75.538775,6.242191],[-75.538815,6.241859],[-75.538887,6.241619],[-75.538924,6.241412],[-75.53901,6.241233],[-75.539046,6.24109],[-75.539304,6.240343],[-75.539074,6.240286],[-75.538522,6.240063],[-75.538412,6.240008],[-75.538418,6.23999],[-75.538346,6.239933],[-75.538429,6.239725],[-75.538397,6.239698],[-75.538415,6.239661],[-75.53851,6.23957],[-75.538562,6.239599],[-75.538588,6.239542],[-75.538561,6.239459],[-75.538557,6.239478],[-75.538524,6.239476],[-75.538545,6.23949],[-75.538412,6.239618],[-75.538334,6.239894],[-75.538281,6.239955],[-75.538234,6.240069],[-75.538211,6.240072],[-75.538163,6.240193],[-75.538041,6.240307],[-75.537997,6.24037],[-75.537962,6.240553],[-75.537942,6.24059],[-75.537797,6.240761],[-75.537683,6.24101],[-75.537539,6.241168]]]},"properties":{"nombre":"Villatina","riesgo":"Alto riesgo no mitigable","amenaza":"Movimientos en masa"}},{"type":"Feature","geometry":{"type":"Polygon","coordinates":[[[-75.5377,6.236416],[-75.537687,6.236421],[-75.537703,6.236534],[-75.537815,6.236523],[-75.537858,6.236509],[-75.537876,6.236444],[-75.537919,6.236405],[-75.53807,6.236423],[-75.538074,6.236299],[-75.537844,6.236344],[-75.537793,6.236398],[-75.5377,6.236416]]]},"properties":{"nombre":"Villatina","riesgo":"Con condiciones de riesgo","amenaza":"Inundaciones"}},{"type":"Feature","geometry":{"type":"Polygon","coordinates":[[[-75.544813,6.23925],[-75.544931,6.239303],[-75.544944,6.239286],[-75.544993,6.23902],[-75.544961,6.23879],[-75.544892,6.238667],[-75.544861,6.238534],[-75.544702,6.238373],[-75.544595,6.238197],[-75.544547,6.238146],[-75.544531,6.238087],[-75.544539,6.238007],[-75.544472,6.237826],[-75.54438,6.237692],[-75.54424,6.237567],[-75.544191,6.237504],[-75.544157,6.237439],[-75.544166,6.237349],[-75.544119,6.237323],[-75.544074,6.237223],[-75.543967,6.237173],[-75.543605,6.23714],[-75.543263,6.237023],[-75.543216,6.236992],[-75.543135,6.236981],[-75.543099,6.236945],[-75.542944,6.236905],[-75.54281,6.236824],[-75.542742,6.236815],[-75.542546,6.23673],[-75.542442,6.236711],[-75.542411,6.23666],[-75.542243,6.236566],[-75.54217,6.236501],[-75.542056,6.236356],[-75.541971,6.236211],[-75.541833,6.236051],[-75.541614,6.235834],[-75.541588,6.235751],[-75.541515,6.235652],[-75.541431,6.235491],[-75.541327,6.235182],[-75.541227,6.235048],[-75.541069,6.234899],[-75.54096,6.23485],[-75.540826,6.234826],[-75.54062,6.234843],[-75.540512,6.234827],[-75.540462,6.23475],[-75.540373,6.234666],[-75.540252,6.23449],[-75.540203,6.234444],[-75.540117,6.234397],[-75.540074,6.234345],[-75.539962,6.234112],[-75.539822,6.233732],[-75.539763,6.233621],[-75.539649,6.233515],[-75.539447,6.2334],[-75.539374,6.233339],[-75.539354,6.233268],[-75.539351,6.233062],[-75.539333,6.233001],[-75.539294,6.23291],[-75.539194,6.232774],[-75.539103,6.232605],[-75.539042,6.232432],[-75.538964,6.232358],[-75.538917,6.232332],[-75.538821,6.23232],[-75.538778,6.232347],[-75.538714,6.232424],[-75.538569,6.232499],[-75.53841,6.232642],[-75.538311,6.232668],[-75.538233,6.232754],[-75.53832,6.232743],[-75.538472,6.232673],[-75.538514,6.232685],[-75.53861,6.232667],[-75.538844,6.232599],[-75.538944,6.232627],[-75.539009,6.232728],[-75.539059,6.232922],[-75.539109,6.233044],[-75.539188,6.233123],[-75.539253,6.23323],[-75.53939,6.233368],[-75.539625,6.233669],[-75.53972,6.233822],[-75.539931,6.234263],[-75.539973,6.23432],[-75.539981,6.234371],[-75.539611,6.234496],[-75.539557,6.23455],[-75.539514,6.234654],[-75.53945,6.234916],[-75.539378,6.235016],[-75.539275,6.235109],[-75.539318,6.235216],[-75.53941,6.235185],[-75.539493,6.235092],[-75.539583,6.234794],[-75.539661,6.234636],[-75.539783,6.234536],[-75.539841,6.234514],[-75.540027,6.234488],[-75.540241,6.234718],[-75.540499,6.234847],[-75.540733,6.234918],[-75.540798,6.23499],[-75.54082,6.234996],[-75.540886,6.235125],[-75.540896,6.235364],[-75.540918,6.235483],[-75.541006,6.235655],[-75.541374,6.235817],[-75.541599,6.236004],[-75.54169,6.236061],[-75.542005,6.236439],[-75.542349,6.236755],[-75.542498,6.236827],[-75.542988,6.236936],[-75.543528,6.237142],[-75.543852,6.237199],[-75.543996,6.237339],[-75.54408,6.237484],[-75.544148,6.237653],[-75.544274,6.237716],[-75.544307,6.237764],[-75.544275,6.237884],[-75.544293,6.23802],[-75.544384,6.238161],[-75.544552,6.238332],[-75.544642,6.238522],[-75.544675,6.238603],[-75.544683,6.238679],[-75.544739,6.238794],[-75.544808,6.239015],[-75.544813,6.23925]]]},"properties":{"nombre":"Villatina","riesgo":"Con condiciones de riesgo","amenaza":"Avenidas Torrenciales"}},{"type":"Feature","geometry":{"type":"Polygon","coordinates":[[[-75.539248,6.239536],[-75.539317,6.239557],[-75.539343,6.239544],[-75.539346,6.239433],[-75.539303,6.239477],[-75.539087,6.239484],[-75.539095,6.239541],[-75.539248,6.239536]]]},"properties":{"nombre":"Villatina","riesgo":"Con condiciones de riesgo","amenaza":"Inundaciones"}},{"type":"Feature","geometry":{"type":"Polygon","coordinates":[[[-75.534781,6.236244],[-75.534723,6.236267],[-75.534669,6.236318],[-75.53451,6.236536],[-75.534211,6.236683],[-75.534233,6.236845],[-75.534225,6.236865],[-75.534084,6.236952],[-75.533897,6.237104],[-75.533654,6.2372],[-75.533529,6.237145],[-75.533464,6.237135],[-75.533246,6.237238],[-75.533143,6.237341],[-75.533062,6.237392],[-75.533024,6.237468],[-75.533277,6.237271],[-75.533504,6.237252],[-75.533629,6.237256],[-75.533687,6.237277],[-75.53374,6.237254],[-75.533751,6.237222],[-75.533844,6.237189],[-75.534207,6.236958],[-75.534264,6.236911],[-75.534285,6.236868],[-75.534289,6.236793],[-75.534264,6.236764],[-75.534307,6.236685],[-75.534361,6.236649],[-75.534479,6.236656],[-75.534515,6.236631],[-75.534551,6.236563],[-75.53468,6.236402],[-75.534755,6.236334],[-75.534799,6.236331],[-75.534781,6.236244]]]},"properties":{"nombre":"Villatina","riesgo":"Con condiciones de riesgo","amenaza":"Avenidas Torrenciales"}},{"type":"Feature","geometry":{"type":"Polygon","coordinates":[[[-75.55909,6.289118],[-75.559231,6.289158],[-75.559345,6.289257],[-75.559412,6.289252],[-75.559543,6.289202],[-75.55972,6.289228],[-75.559818,6.289289],[-75.559846,6.289349],[-75.559943,6.289332],[-75.560013,6.289362],[-75.560108,6.289492],[-75.560196,6.289571],[-75.56031,6.289631],[-75.560464,6.289672],[-75.560457,6.289631],[-75.560389,6.289547],[-75.560347,6.289512],[-75.560253,6.289482],[-75.56019,6.289437],[-75.560171,6.289248],[-75.560054,6.289082],[-75.560063,6.28882],[-75.559973,6.288729],[-75.559872,6.288683],[-75.559598,6.288704],[-75.559354,6.288819],[-75.55927,6.28883],[-75.559004,6.288785],[-75.558838,6.288777],[-75.558698,6.288743],[-75.558577,6.288741],[-75.558411,6.288667],[-75.558314,6.288667],[-75.557983,6.288781],[-75.557873,6.288847],[-75.557801,6.289017],[-75.55778,6.289191],[-75.557791,6.289232],[-75.557834,6.289257],[-75.557847,6.289302],[-75.557865,6.289313],[-75.557879,6.289303],[-75.55791,6.289247],[-75.557945,6.289116],[-75.557921,6.289102],[-75.557951,6.289007],[-75.558061,6.28893],[-75.558196,6.288885],[-75.558324,6.288892],[-75.558518,6.288932],[-75.558789,6.289087],[-75.559052,6.289094],[-75.55909,6.289118]]]},"properties":{"nombre":"San Isidro","riesgo":"Con condiciones de riesgo","amenaza":"Movimientos en masa"}},{"type":"Feature","geometry":{"type":"Polygon","coordinates":[[[-75.559821,6.286242],[-75.56002,6.28636],[-75.560198,6.286422],[-75.560347,6.28633],[-75.560469,6.286181],[-75.560351,6.286027],[-75.560197,6.285932],[-75.560014,6.285998],[-75.559746,6.286163],[-75.559794,6.286163],[-75.559854,6.286191],[-75.559821,6.286242]]]},"properties":{"nombre":"San Isidro","riesgo":"Con condiciones de riesgo","amenaza":"Movimientos en masa"}},{"type":"Feature","geometry":{"type":"Polygon","coordinates":[[[-75.558677,6.286834],[-75.558599,6.286874],[-75.558482,6.286896],[-75.55845,6.286936],[-75.558471,6.286962],[-75.5585,6.286965],[-75.558635,6.286929],[-75.558686,6.286898],[-75.558677,6.286834]]]},"properties":{"nombre":"San Isidro","riesgo":"Con condiciones de riesgo","amenaza":"Inundaciones"}},{"type":"Feature","geometry":{"type":"Polygon","coordinates":[[[-75.560611,6.286954],[-75.56069,6.287037],[-75.56077,6.287033],[-75.560763,6.286951],[-75.560699,6.286936],[-75.560653,6.286885],[-75.560611,6.286954]]]},"properties":{"nombre":"San Isidro","riesgo":"Con condiciones de riesgo","amenaza":"Inundaciones"}},{"type":"Feature","geometry":{"type":"Polygon","coordinates":[[[-75.561744,6.288455],[-75.5618,6.288532],[-75.561871,6.288534],[-75.561808,6.288437],[-75.561744,6.288455]]]},"properties":{"nombre":"San Isidro","riesgo":"Con condiciones de riesgo","amenaza":"Inundaciones"}},{"type":"Feature","geometry":{"type":"Polygon","coordinates":[[[-75.559746,6.286163],[-75.559594,6.286233],[-75.559447,6.286372],[-75.559298,6.286478],[-75.559222,6.286557],[-75.559156,6.28666],[-75.559109,6.286699],[-75.559106,6.286777],[-75.55919,6.286731],[-75.559354,6.28652],[-75.559544,6.286376],[-75.559597,6.286309],[-75.559732,6.286236],[-75.559799,6.28623],[-75.55982,6.286244],[-75.559736,6.286193],[-75.559746,6.286163]]]},"properties":{"nombre":"San Isidro","riesgo":"Con condiciones de riesgo","amenaza":"Inundaciones"}},{"type":"Feature","geometry":{"type":"Polygon","coordinates":[[[-75.557945,6.289116],[-75.558022,6.289027],[-75.558208,6.288928],[-75.558265,6.288917],[-75.558326,6.288922],[-75.558411,6.288967],[-75.558564,6.288985],[-75.558821,6.289117],[-75.559089,6.289118],[-75.559052,6.289094],[-75.558789,6.289087],[-75.558518,6.288932],[-75.558324,6.288892],[-75.558196,6.288885],[-75.558061,6.28893],[-75.557951,6.289007],[-75.557921,6.289102],[-75.557945,6.289116]]]},"properties":{"nombre":"San Isidro","riesgo":"Con condiciones de riesgo","amenaza":"Inundaciones"}},{"type":"Feature","geometry":{"type":"Polygon","coordinates":[[[-75.541936,6.27745],[-75.541875,6.277653],[-75.541862,6.27766],[-75.541865,6.277755],[-75.541967,6.277457],[-75.541936,6.27745]]]},"properties":{"nombre":"San José La Cima No.2","riesgo":"Con condiciones de riesgo","amenaza":"Movimientos en masa"}},{"type":"Feature","geometry":{"type":"Polygon","coordinates":[[[-75.5425,6.280524],[-75.542629,6.280605],[-75.54268,6.280588],[-75.542752,6.280598],[-75.542903,6.280742],[-75.543186,6.280835],[-75.543353,6.280774],[-75.543483,6.280765],[-75.543906,6.280923],[-75.543992,6.28076],[-75.544079,6.280434],[-75.54425,6.280176],[-75.5444,6.279169],[-75.544392,6.278911],[-75.544372,6.278765],[-75.544381,6.27869],[-75.544348,6.278636],[-75.544348,6.278462],[-75.544366,6.278372],[-75.544436,6.278248],[-75.544455,6.278242],[-75.544481,6.278059],[-75.544531,6.277974],[-75.544517,6.277947],[-75.544541,6.277941],[-75.544553,6.277892],[-75.544561,6.277678],[-75.544538,6.277665],[-75.544538,6.277645],[-75.544569,6.277633],[-75.544567,6.277372],[-75.54455,6.277199],[-75.544424,6.276884],[-75.544439,6.276681],[-75.544387,6.276654],[-75.544395,6.276614],[-75.544354,6.276405],[-75.544331,6.276364],[-75.544229,6.276262],[-75.544087,6.276063],[-75.544042,6.27599],[-75.544014,6.275895],[-75.543923,6.27576],[-75.543912,6.275681],[-75.543985,6.275504],[-75.543983,6.275456],[-75.54396,6.275432],[-75.541906,6.276955],[-75.542059,6.277124],[-75.542125,6.277166],[-75.542217,6.276941],[-75.542284,6.276882],[-75.542385,6.27692],[-75.5424,6.276874],[-75.542449,6.276853],[-75.542504,6.276885],[-75.542553,6.276989],[-75.542612,6.277045],[-75.542723,6.277062],[-75.542716,6.277243],[-75.54265,6.277413],[-75.54265,6.277572],[-75.542615,6.277701],[-75.542577,6.27775],[-75.54248,6.27777],[-75.542452,6.277812],[-75.542435,6.277843],[-75.542435,6.277989],[-75.542372,6.278069],[-75.542338,6.278052],[-75.542195,6.277802],[-75.542115,6.277732],[-75.541928,6.277757],[-75.541868,6.277794],[-75.541886,6.27827],[-75.541921,6.278439],[-75.541997,6.278451],[-75.542052,6.278541],[-75.542178,6.278677],[-75.542341,6.278768],[-75.542369,6.27884],[-75.542387,6.278849],[-75.542468,6.279085],[-75.542532,6.279157],[-75.542595,6.279284],[-75.542695,6.279547],[-75.542686,6.27981],[-75.542631,6.280018],[-75.542568,6.280163],[-75.54255,6.280326],[-75.542507,6.28041],[-75.5425,6.280524]]]},"properties":{"nombre":"San José La Cima No.2","riesgo":"Con condiciones de riesgo","amenaza":"Movimientos en masa"}},{"type":"Feature","geometry":{"type":"Polygon","coordinates":[[[-75.611236,6.261641],[-75.611351,6.261663],[-75.611623,6.261821],[-75.611659,6.261871],[-75.611695,6.262093],[-75.611731,6.262057],[-75.611774,6.261921],[-75.611738,6.261842],[-75.611702,6.261785],[-75.611537,6.261634],[-75.61148,6.261526],[-75.611286,6.261455],[-75.6111,6.261476],[-75.610924,6.261577],[-75.611035,6.261634],[-75.611236,6.261641]]]},"properties":{"nombre":"La Pradera","riesgo":"Con condiciones de riesgo","amenaza":"Movimientos en masa"}},{"type":"Feature","geometry":{"type":"Polygon","coordinates":[[[-75.566247,6.237256],[-75.566259,6.237376],[-75.566345,6.2375],[-75.566484,6.237495],[-75.566555,6.237433],[-75.566622,6.2374],[-75.567033,6.237256],[-75.567048,6.237199],[-75.567191,6.237204],[-75.567191,6.237098],[-75.56711,6.237022],[-75.566957,6.236931],[-75.566799,6.236883],[-75.566746,6.23684],[-75.566651,6.236859],[-75.56656,6.236926],[-75.566436,6.23696],[-75.566302,6.237122],[-75.566247,6.237256]]]},"properties":{"nombre":"San Diego","riesgo":"Con condiciones de riesgo","amenaza":"Movimientos en masa"}},{"type":"Feature","geometry":{"type":"Polygon","coordinates":[[[-75.63041,6.255267],[-75.630503,6.255255],[-75.63056,6.255226],[-75.63064,6.255133],[-75.630635,6.2551],[-75.630592,6.255074],[-75.630536,6.255069],[-75.63034,6.255125],[-75.630225,6.255112],[-75.630167,6.255123],[-75.630184,6.255178],[-75.630245,6.255232],[-75.63031,6.255258],[-75.63041,6.255267]]]},"properties":{"nombre":"El Salado","riesgo":"Con condiciones de riesgo","amenaza":"Movimientos en masa"}},{"type":"Feature","geometry":{"type":"Polygon","coordinates":[[[-75.631209,6.255288],[-75.631376,6.255324],[-75.631459,6.255319],[-75.631631,6.255253],[-75.631602,6.255075],[-75.631541,6.254876],[-75.631552,6.254784],[-75.631617,6.254718],[-75.631745,6.254699],[-75.631797,6.254676],[-75.631844,6.254619],[-75.631885,6.254516],[-75.631975,6.254477],[-75.63204,6.254417],[-75.632065,6.254309],[-75.632007,6.254236],[-75.631948,6.254119],[-75.631845,6.254012],[-75.631764,6.253845],[-75.631668,6.253746],[-75.631588,6.253701],[-75.631535,6.253648],[-75.6315,6.253582],[-75.631495,6.25347],[-75.631509,6.253418],[-75.631794,6.253212],[-75.631815,6.253009],[-75.631905,6.252848],[-75.632021,6.252583],[-75.631809,6.252645],[-75.63153,6.252635],[-75.631341,6.252515],[-75.631032,6.252236],[-75.630887,6.252157],[-75.630684,6.25219],[-75.630539,6.252147],[-75.630281,6.25211],[-75.630212,6.252136],[-75.630112,6.252243],[-75.630029,6.252286],[-75.629937,6.252281],[-75.629817,6.252237],[-75.629752,6.252272],[-75.629687,6.252277],[-75.629629,6.252095],[-75.62953,6.252155],[-75.629419,6.252284],[-75.629362,6.252313],[-75.629283,6.252305],[-75.629114,6.252201],[-75.628896,6.252093],[-75.628584,6.252476],[-75.62845,6.252587],[-75.628367,6.252614],[-75.628423,6.252647],[-75.628453,6.25269],[-75.628481,6.252804],[-75.628476,6.25293],[-75.628699,6.253029],[-75.628721,6.253071],[-75.628723,6.253219],[-75.628757,6.253307],[-75.628829,6.253364],[-75.628953,6.253416],[-75.629073,6.253413],[-75.629169,6.25338],[-75.629251,6.253319],[-75.6293,6.253235],[-75.629312,6.253184],[-75.62929,6.253128],[-75.629141,6.252988],[-75.629081,6.252889],[-75.629098,6.252821],[-75.629188,6.252745],[-75.629273,6.252718],[-75.629359,6.252736],[-75.629443,6.252864],[-75.629518,6.253085],[-75.629553,6.25314],[-75.629741,6.253163],[-75.629954,6.253056],[-75.630107,6.252942],[-75.630123,6.252838],[-75.630074,6.25268],[-75.630094,6.252646],[-75.630182,6.252621],[-75.630343,6.252683],[-75.630447,6.252684],[-75.63047,6.252636],[-75.630438,6.252526],[-75.630435,6.252458],[-75.63047,6.252432],[-75.630502,6.252449],[-75.630556,6.252602],[-75.630612,6.252702],[-75.630609,6.252751],[-75.630504,6.252823],[-75.630331,6.252891],[-75.630236,6.253074],[-75.630311,6.253092],[-75.630565,6.253035],[-75.630712,6.253051],[-75.630871,6.253159],[-75.631027,6.253236],[-75.63105,6.25326],[-75.631052,6.253319],[-75.631029,6.253398],[-75.630989,6.253427],[-75.63093,6.253419],[-75.630867,6.253386],[-75.63077,6.253273],[-75.630679,6.253288],[-75.63054,6.253268],[-75.630412,6.253292],[-75.630289,6.253293],[-75.630257,6.253302],[-75.63024,6.253335],[-75.630294,6.253484],[-75.630343,6.25354],[-75.630319,6.253602],[-75.630326,6.253627],[-75.630381,6.253674],[-75.630516,6.253744],[-75.630552,6.253805],[-75.630605,6.254044],[-75.630581,6.254082],[-75.630513,6.254099],[-75.630754,6.254428],[-75.630967,6.254951],[-75.631207,6.255247],[-75.631193,6.255257],[-75.631209,6.255288]]]},"properties":{"nombre":"El Salado","riesgo":"Con condiciones de riesgo","amenaza":"Movimientos en masa"}},{"type":"Feature","geometry":{"type":"Polygon","coordinates":[[[-75.626284,6.255378],[-75.626347,6.255385],[-75.626448,6.255361],[-75.626637,6.255376],[-75.626814,6.255345],[-75.627089,6.255344],[-75.627199,6.25536],[-75.627265,6.255343],[-75.627443,6.255216],[-75.627479,6.255125],[-75.627627,6.255097],[-75.627705,6.255037],[-75.627724,6.255002],[-75.627752,6.254835],[-75.627847,6.254728],[-75.627911,6.254604],[-75.627983,6.254552],[-75.628359,6.254414],[-75.628622,6.254426],[-75.628626,6.254392],[-75.628871,6.254201],[-75.628974,6.254073],[-75.629206,6.254061],[-75.629386,6.253968],[-75.629582,6.253969],[-75.629683,6.253952],[-75.629704,6.25388],[-75.629652,6.253762],[-75.629677,6.253612],[-75.629615,6.25357],[-75.629467,6.253565],[-75.629224,6.253654],[-75.629084,6.253761],[-75.628901,6.253827],[-75.628638,6.25404],[-75.628409,6.253948],[-75.628069,6.254106],[-75.627912,6.254155],[-75.62791,6.254185],[-75.627936,6.254241],[-75.627835,6.254297],[-75.627475,6.254619],[-75.627458,6.254674],[-75.627453,6.254823],[-75.627397,6.254887],[-75.62727,6.254888],[-75.627027,6.254853],[-75.62681,6.254845],[-75.626585,6.254873],[-75.626334,6.254979],[-75.626196,6.255012],[-75.626103,6.255166],[-75.625975,6.255307],[-75.626087,6.255313],[-75.626208,6.255342],[-75.626284,6.255378]]]},"properties":{"nombre":"El Salado","riesgo":"Con condiciones de riesgo","amenaza":"Movimientos en masa"}},{"type":"Feature","geometry":{"type":"Polygon","coordinates":[[[-75.56171,6.254331],[-75.561811,6.254419],[-75.561916,6.254345],[-75.562076,6.254132],[-75.562025,6.254053],[-75.561888,6.254227],[-75.56171,6.254331]]]},"properties":{"nombre":"Villa Nueva","riesgo":"Con condiciones de riesgo","amenaza":"Inundaciones"}},{"type":"Feature","geometry":{"type":"Polygon","coordinates":[[[-75.560292,6.183538],[-75.560187,6.183607],[-75.56015,6.184059],[-75.560272,6.18415],[-75.560363,6.184182],[-75.560451,6.184147],[-75.560553,6.184058],[-75.560496,6.183607],[-75.560426,6.183542],[-75.560361,6.183515],[-75.560292,6.183538]]]},"properties":{"nombre":"Los Balsos No.1","riesgo":"Con condiciones de riesgo","amenaza":"Movimientos en masa"}},{"type":"Feature","geometry":{"type":"Polygon","coordinates":[[[-75.567749,6.190785],[-75.567752,6.190364],[-75.567669,6.1903],[-75.567604,6.190276],[-75.567538,6.190298],[-75.56745,6.190365],[-75.567464,6.190817],[-75.567545,6.190878],[-75.567606,6.1909],[-75.567668,6.190878],[-75.567728,6.190832],[-75.567749,6.190785]]]},"properties":{"nombre":"Los Balsos No.1","riesgo":"Con condiciones de riesgo","amenaza":"Movimientos en masa"}},{"type":"Feature","geometry":{"type":"Polygon","coordinates":[[[-75.542578,6.28656],[-75.542726,6.28657],[-75.542784,6.286556],[-75.54304,6.286396],[-75.543169,6.28636],[-75.543251,6.286295],[-75.543381,6.286052],[-75.543443,6.285998],[-75.543551,6.286013],[-75.543744,6.286106],[-75.543734,6.286146],[-75.543789,6.285872],[-75.543733,6.285891],[-75.543669,6.285887],[-75.54361,6.28585],[-75.543566,6.285799],[-75.543349,6.28582],[-75.543185,6.28593],[-75.543059,6.286146],[-75.543037,6.286163],[-75.542956,6.286172],[-75.542888,6.286213],[-75.54285,6.286204],[-75.542751,6.286302],[-75.542688,6.286336],[-75.542621,6.286343],[-75.542554,6.286329],[-75.542578,6.28656]]]},"properties":{"nombre":"El Compromiso","riesgo":"Con condiciones de riesgo","amenaza":"Movimientos en masa"}},{"type":"Feature","geometry":{"type":"Polygon","coordinates":[[[-75.543757,6.288518],[-75.543851,6.288522],[-75.543888,6.288551],[-75.543917,6.288616],[-75.543942,6.288808],[-75.543906,6.28888],[-75.543873,6.288909],[-75.543862,6.288949],[-75.54388,6.288989],[-75.543826,6.289094],[-75.543924,6.289285],[-75.543945,6.289347],[-75.543938,6.289394],[-75.543953,6.289441],[-75.544054,6.289511],[-75.544097,6.289416],[-75.544106,6.289302],[-75.54416,6.289135],[-75.544303,6.28886],[-75.544339,6.288728],[-75.544333,6.288519],[-75.544315,6.288423],[-75.54428,6.288342],[-75.54428,6.288247],[-75.54423,6.288055],[-75.544049,6.287756],[-75.543974,6.287813],[-75.543901,6.287742],[-75.54395,6.287701],[-75.543912,6.287681],[-75.543772,6.287305],[-75.543711,6.287209],[-75.543687,6.287091],[-75.543701,6.28687],[-75.543673,6.286614],[-75.543698,6.286493],[-75.543689,6.28645],[-75.54363,6.286351],[-75.543583,6.286371],[-75.543586,6.286421],[-75.543539,6.286457],[-75.543428,6.286424],[-75.543354,6.286438],[-75.543323,6.286509],[-75.543179,6.286621],[-75.543168,6.286755],[-75.543081,6.286816],[-75.542925,6.286849],[-75.542882,6.286903],[-75.542856,6.28691],[-75.542922,6.287095],[-75.54303,6.28728],[-75.543048,6.287363],[-75.543034,6.287497],[-75.543061,6.287558],[-75.542785,6.287596],[-75.542687,6.28759],[-75.542718,6.287883],[-75.542741,6.287882],[-75.542749,6.287979],[-75.542728,6.287979],[-75.542745,6.288141],[-75.542889,6.288181],[-75.543172,6.288332],[-75.543093,6.288273],[-75.543035,6.288186],[-75.543002,6.288057],[-75.54294,6.287985],[-75.54292,6.287927],[-75.543053,6.287913],[-75.54331,6.287972],[-75.54351,6.287968],[-75.543765,6.28791],[-75.543875,6.287842],[-75.543867,6.288134],[-75.543834,6.288292],[-75.543791,6.288359],[-75.543762,6.288449],[-75.543757,6.288518]]]},"properties":{"nombre":"El Compromiso","riesgo":"Con condiciones de riesgo","amenaza":"Movimientos en masa"}},{"type":"Feature","geometry":{"type":"Polygon","coordinates":[[[-75.542933,6.289758],[-75.54299,6.289719],[-75.543045,6.28972],[-75.543576,6.289794],[-75.543841,6.289797],[-75.543848,6.289778],[-75.543837,6.289713],[-75.543786,6.289611],[-75.54372,6.289528],[-75.543678,6.289527],[-75.543624,6.289494],[-75.54353,6.289361],[-75.543434,6.289279],[-75.543393,6.289206],[-75.543347,6.289184],[-75.543148,6.289188],[-75.54296,6.289235],[-75.542923,6.289394],[-75.542878,6.289405],[-75.542915,6.289753],[-75.542933,6.289758]]]},"properties":{"nombre":"El Compromiso","riesgo":"Con condiciones de riesgo","amenaza":"Movimientos en masa"}},{"type":"Feature","geometry":{"type":"Polygon","coordinates":[[[-75.543172,6.288332],[-75.543404,6.288477],[-75.543504,6.288518],[-75.543757,6.288518],[-75.543762,6.288449],[-75.543791,6.288359],[-75.543834,6.288292],[-75.543867,6.288134],[-75.543875,6.287842],[-75.543765,6.28791],[-75.54351,6.287968],[-75.54331,6.287972],[-75.543053,6.287913],[-75.54292,6.287927],[-75.54294,6.287985],[-75.543002,6.288057],[-75.543035,6.288186],[-75.543093,6.288273],[-75.543172,6.288332]]]},"properties":{"nombre":"El Compromiso","riesgo":"Alto riesgo no mitigable","amenaza":"Movimientos en masa"}},{"type":"Feature","geometry":{"type":"Polygon","coordinates":[[[-75.543856,6.285832],[-75.54387,6.28589],[-75.543971,6.285849],[-75.544125,6.285903],[-75.54414,6.285857],[-75.543982,6.285786],[-75.543913,6.285797],[-75.543856,6.285832]]]},"properties":{"nombre":"El Compromiso","riesgo":"Con condiciones de riesgo","amenaza":"Inundaciones"}},{"type":"Feature","geometry":{"type":"MultiPolygon","coordinates":[[[[-75.54395,6.287701],[-75.543901,6.287742],[-75.543974,6.287813],[-75.544215,6.287619],[-75.544172,6.287515],[-75.54395,6.287701]]],[[[-75.542718,6.287883],[-75.542728,6.287979],[-75.542749,6.287979],[-75.542741,6.287882],[-75.542718,6.287883]]]]},"properties":{"nombre":"El Compromiso","riesgo":"Con condiciones de riesgo","amenaza":"Inundaciones"}},{"type":"Feature","geometry":{"type":"Polygon","coordinates":[[[-75.605258,6.285393],[-75.605246,6.285446],[-75.60526,6.285538],[-75.605303,6.285603],[-75.605396,6.285676],[-75.605517,6.28573],[-75.605593,6.285689],[-75.605603,6.285594],[-75.605489,6.285484],[-75.605345,6.285391],[-75.605276,6.285381],[-75.605258,6.285393]]]},"properties":{"nombre":"Pajarito","riesgo":"Con condiciones de riesgo","amenaza":"Avenidas Torrenciales"}},{"type":"Feature","geometry":{"type":"Polygon","coordinates":[[[-75.541392,6.245046],[-75.54143,6.245176],[-75.541466,6.245221],[-75.541541,6.245294],[-75.54161,6.245319],[-75.541628,6.245179],[-75.541922,6.244864],[-75.542158,6.244687],[-75.542304,6.244542],[-75.542794,6.244265],[-75.542829,6.244185],[-75.542532,6.244093],[-75.542472,6.244102],[-75.54235,6.244162],[-75.542194,6.24427],[-75.542117,6.24441],[-75.542069,6.244617],[-75.541997,6.244679],[-75.541902,6.244712],[-75.541776,6.244727],[-75.541707,6.244772],[-75.541558,6.244945],[-75.541392,6.245046]]]},"properties":{"nombre":"La Libertad","riesgo":"Con condiciones de riesgo","amenaza":"Movimientos en masa"}},{"type":"Feature","geometry":{"type":"Polygon","coordinates":[[[-75.539654,6.240107],[-75.539653,6.240136],[-75.539751,6.240351],[-75.539856,6.240523],[-75.540005,6.240613],[-75.540185,6.240613],[-75.540232,6.2405],[-75.540056,6.240194],[-75.539974,6.239983],[-75.539856,6.239787],[-75.539799,6.239788],[-75.539783,6.239967],[-75.539663,6.24007],[-75.539654,6.240107]]]},"properties":{"nombre":"La Libertad","riesgo":"Alto riesgo no mitigable","amenaza":"Movimientos en masa"}},{"type":"Feature","geometry":{"type":"Polygon","coordinates":[[[-75.541394,6.244913],[-75.541397,6.245044],[-75.541558,6.244945],[-75.541707,6.244772],[-75.541776,6.244727],[-75.541902,6.244712],[-75.541997,6.244679],[-75.542069,6.244617],[-75.542117,6.24441],[-75.542194,6.24427],[-75.54235,6.244162],[-75.542472,6.244102],[-75.542532,6.244093],[-75.542828,6.244183],[-75.542795,6.24389],[-75.542762,6.243745],[-75.542669,6.243545],[-75.542691,6.243414],[-75.542821,6.243093],[-75.542711,6.24285],[-75.542683,6.242808],[-75.542585,6.242794],[-75.542501,6.242815],[-75.542446,6.242808],[-75.542428,6.242784],[-75.542316,6.242739],[-75.542254,6.242753],[-75.542198,6.242732],[-75.542098,6.242641],[-75.541922,6.242606],[-75.541898,6.242613],[-75.54188,6.242641],[-75.541608,6.24262],[-75.541538,6.242449],[-75.541409,6.242233],[-75.541212,6.241689],[-75.541203,6.241567],[-75.54122,6.241195],[-75.541253,6.241134],[-75.541309,6.241095],[-75.541425,6.241145],[-75.541692,6.241351],[-75.541979,6.241475],[-75.54204,6.241539],[-75.542241,6.242058],[-75.542341,6.242184],[-75.542388,6.242198],[-75.542472,6.242162],[-75.542532,6.242078],[-75.542522,6.241801],[-75.542603,6.241679],[-75.542748,6.241601],[-75.5427,6.241555],[-75.542527,6.24121],[-75.542274,6.240905],[-75.542022,6.240526],[-75.541926,6.240286],[-75.541885,6.240067],[-75.541899,6.239552],[-75.541885,6.239258],[-75.54192,6.238997],[-75.542016,6.238737],[-75.542215,6.238586],[-75.542427,6.238461],[-75.542483,6.238394],[-75.542393,6.238345],[-75.542129,6.238369],[-75.541806,6.238189],[-75.540962,6.238126],[-75.54059,6.238157],[-75.540519,6.238205],[-75.540496,6.23827],[-75.54049,6.238616],[-75.540477,6.238659],[-75.540297,6.238809],[-75.540242,6.238929],[-75.540145,6.239003],[-75.540295,6.239007],[-75.540652,6.23897],[-75.540859,6.238897],[-75.540946,6.23892],[-75.541109,6.23904],[-75.541176,6.239157],[-75.541252,6.23946],[-75.541142,6.23985],[-75.540987,6.240197],[-75.540933,6.240472],[-75.540915,6.240831],[-75.540939,6.241195],[-75.540933,6.241443],[-75.540841,6.241942],[-75.540829,6.242189],[-75.540857,6.242698],[-75.541107,6.242828],[-75.5413,6.24297],[-75.541554,6.243207],[-75.541589,6.243307],[-75.541612,6.243494],[-75.541654,6.243662],[-75.541606,6.243823],[-75.541468,6.244121],[-75.54156,6.244328],[-75.541506,6.244575],[-75.5414,6.244794],[-75.541394,6.244913]]]},"properties":{"nombre":"La Libertad","riesgo":"Alto riesgo no mitigable","amenaza":"Movimientos en masa"}},{"type":"Feature","geometry":{"type":"Polygon","coordinates":[[[-75.544813,6.23925],[-75.544833,6.239586],[-75.544871,6.239739],[-75.544953,6.240005],[-75.545047,6.240175],[-75.545228,6.240353],[-75.545368,6.24042],[-75.545496,6.240437],[-75.545636,6.240413],[-75.545816,6.240428],[-75.545819,6.240177],[-75.545504,6.240142],[-75.545241,6.24],[-75.545162,6.239901],[-75.54505,6.239802],[-75.544974,6.239673],[-75.544939,6.239543],[-75.544931,6.239303],[-75.544813,6.23925]]]},"properties":{"nombre":"La Libertad","riesgo":"Con condiciones de riesgo","amenaza":"Avenidas Torrenciales"}},{"type":"Feature","geometry":{"type":"Polygon","coordinates":[[[-75.581379,6.29286],[-75.581329,6.293007],[-75.581344,6.293045],[-75.581292,6.293267],[-75.58124,6.293368],[-75.581222,6.293441],[-75.581223,6.293498],[-75.581013,6.294065],[-75.581356,6.294196],[-75.581499,6.294236],[-75.581664,6.294179],[-75.581831,6.294145],[-75.581879,6.294113],[-75.582006,6.294078],[-75.582059,6.294046],[-75.58212,6.293977],[-75.582136,6.293814],[-75.582088,6.293571],[-75.58208,6.293437],[-75.582115,6.293297],[-75.5822,6.293096],[-75.581836,6.29296],[-75.581389,6.292832],[-75.581379,6.29286]]]},"properties":{"nombre":"San Martín de Porres","riesgo":"Con condiciones de riesgo","amenaza":"Movimientos en masa"}},{"type":"Feature","geometry":{"type":"Polygon","coordinates":[[[-75.580795,6.291359],[-75.580845,6.291429],[-75.581011,6.291553],[-75.581028,6.291638],[-75.5811,6.291622],[-75.581091,6.291542],[-75.581052,6.291485],[-75.580887,6.291367],[-75.580864,6.29132],[-75.580781,6.291294],[-75.580795,6.291359]]]},"properties":{"nombre":"San Martín de Porres","riesgo":"Con condiciones de riesgo","amenaza":"Inundaciones"}},{"type":"Feature","geometry":{"type":"Polygon","coordinates":[[[-75.582402,6.292203],[-75.582414,6.292344],[-75.582488,6.292463],[-75.582518,6.292376],[-75.582473,6.292295],[-75.582482,6.292186],[-75.582414,6.292161],[-75.582402,6.292203]]]},"properties":{"nombre":"San Martín de Porres","riesgo":"Con condiciones de riesgo","amenaza":"Inundaciones"}},{"type":"Feature","geometry":{"type":"Polygon","coordinates":[[[-75.532422,6.235114],[-75.532526,6.235026],[-75.532707,6.234929],[-75.53279,6.234929],[-75.532992,6.234891],[-75.53317,6.2349],[-75.533325,6.234939],[-75.533368,6.234936],[-75.533496,6.234904],[-75.533596,6.234825],[-75.533691,6.234801],[-75.533784,6.234827],[-75.533972,6.234709],[-75.534084,6.234713],[-75.534171,6.234745],[-75.534265,6.23475],[-75.534523,6.234935],[-75.534639,6.234956],[-75.534738,6.234872],[-75.534984,6.23457],[-75.535216,6.234362],[-75.535296,6.234339],[-75.535327,6.234251],[-75.534958,6.234107],[-75.535025,6.234136],[-75.534926,6.234187],[-75.534813,6.234211],[-75.534742,6.234254],[-75.534709,6.234283],[-75.534659,6.234396],[-75.534613,6.234439],[-75.534344,6.234427],[-75.534308,6.234338],[-75.534154,6.234344],[-75.533335,6.234543],[-75.533187,6.234546],[-75.533059,6.234491],[-75.533005,6.234336],[-75.532983,6.234235],[-75.533076,6.234135],[-75.532943,6.234269],[-75.532767,6.234324],[-75.532412,6.234348],[-75.532239,6.234318],[-75.531966,6.234186],[-75.531821,6.233908],[-75.53177,6.233841],[-75.531645,6.233758],[-75.531566,6.233631],[-75.531502,6.233633],[-75.531192,6.23376],[-75.531046,6.233792],[-75.530905,6.233791],[-75.530792,6.233675],[-75.530697,6.233665],[-75.530583,6.233672],[-75.530418,6.233712],[-75.530271,6.233713],[-75.530133,6.233761],[-75.52989,6.233728],[-75.529812,6.233804],[-75.529834,6.233844],[-75.529906,6.233875],[-75.530135,6.233928],[-75.530514,6.234057],[-75.530481,6.234102],[-75.530339,6.234219],[-75.530272,6.234253],[-75.530205,6.234326],[-75.530115,6.23456],[-75.530174,6.234544],[-75.530225,6.234577],[-75.53018,6.234763],[-75.530248,6.234705],[-75.530491,6.234633],[-75.530595,6.23457],[-75.530686,6.234542],[-75.530743,6.234588],[-75.530834,6.234631],[-75.531088,6.23467],[-75.531158,6.23473],[-75.531274,6.234775],[-75.531368,6.234864],[-75.531518,6.234857],[-75.531697,6.234934],[-75.531714,6.234971],[-75.531718,6.234944],[-75.5319,6.234937],[-75.532149,6.234966],[-75.532366,6.235043],[-75.532422,6.235114]]]},"properties":{"nombre":"Villa Lilliam","riesgo":"Con condiciones de riesgo","amenaza":"Movimientos en masa"}},{"type":"Feature","geometry":{"type":"Polygon","coordinates":[[[-75.532023,6.237362],[-75.532126,6.237498],[-75.53219,6.237557],[-75.532189,6.237867],[-75.532259,6.238029],[-75.532191,6.238192],[-75.532244,6.238459],[-75.532209,6.238644],[-75.532132,6.238809],[-75.53212,6.238966],[-75.532092,6.239044],[-75.531874,6.239322],[-75.531839,6.239404],[-75.531833,6.239479],[-75.531906,6.239389],[-75.532006,6.239332],[-75.532047,6.239243],[-75.532157,6.239137],[-75.532205,6.239106],[-75.532328,6.239088],[-75.532407,6.239006],[-75.532412,6.238977],[-75.532367,6.238967],[-75.532363,6.238935],[-75.532389,6.238795],[-75.532421,6.238755],[-75.532647,6.23859],[-75.532693,6.238508],[-75.532726,6.238432],[-75.532718,6.238074],[-75.53279,6.237952],[-75.532916,6.237869],[-75.532969,6.237776],[-75.532959,6.237679],[-75.532934,6.237636],[-75.532923,6.237571],[-75.532984,6.237299],[-75.533056,6.237205],[-75.533217,6.237119],[-75.533317,6.237094],[-75.533228,6.236943],[-75.533296,6.236914],[-75.533252,6.23678],[-75.533267,6.236704],[-75.533512,6.236352],[-75.533534,6.236298],[-75.533517,6.236246],[-75.533341,6.236097],[-75.533062,6.235904],[-75.532822,6.235815],[-75.532521,6.235784],[-75.532291,6.235799],[-75.532259,6.235751],[-75.532094,6.23561],[-75.532046,6.23567],[-75.531924,6.235735],[-75.531889,6.235742],[-75.531807,6.235701],[-75.531707,6.235708],[-75.531452,6.235802],[-75.531513,6.235802],[-75.531648,6.23587],[-75.531745,6.235884],[-75.531856,6.23595],[-75.531882,6.235997],[-75.531855,6.236092],[-75.531719,6.236354],[-75.531669,6.236571],[-75.531505,6.236726],[-75.531766,6.236738],[-75.531896,6.236708],[-75.531948,6.236623],[-75.531978,6.236519],[-75.532063,6.236389],[-75.532044,6.236316],[-75.532099,6.236302],[-75.532201,6.236219],[-75.532272,6.236232],[-75.53237,6.236225],[-75.532434,6.236258],[-75.53248,6.236317],[-75.532491,6.236473],[-75.532459,6.236554],[-75.53249,6.236594],[-75.532483,6.236632],[-75.532298,6.237018],[-75.532232,6.237115],[-75.532045,6.237311],[-75.532023,6.237362]]]},"properties":{"nombre":"Villa Lilliam","riesgo":"Con condiciones de riesgo","amenaza":"Movimientos en masa"}},{"type":"Feature","geometry":{"type":"Polygon","coordinates":[[[-75.533317,6.237094],[-75.533217,6.237119],[-75.533056,6.237205],[-75.532984,6.237299],[-75.532923,6.237571],[-75.532934,6.237636],[-75.532959,6.237679],[-75.532969,6.237776],[-75.532916,6.237869],[-75.53279,6.237952],[-75.532751,6.238009],[-75.532718,6.238074],[-75.532711,6.238167],[-75.532726,6.238432],[-75.532647,6.23859],[-75.532421,6.238755],[-75.532389,6.238795],[-75.532367,6.238967],[-75.532412,6.238977],[-75.532407,6.238896],[-75.532424,6.238848],[-75.532714,6.238641],[-75.532802,6.238479],[-75.532825,6.238359],[-75.532802,6.238061],[-75.532847,6.238005],[-75.532951,6.237946],[-75.533054,6.237845],[-75.533087,6.237737],[-75.533086,6.237639],[-75.53301,6.237491],[-75.533062,6.237392],[-75.533143,6.237341],[-75.533246,6.237238],[-75.533476,6.237131],[-75.533654,6.2372],[-75.533897,6.237104],[-75.534084,6.236952],[-75.534225,6.236865],[-75.534233,6.236845],[-75.534211,6.236683],[-75.53451,6.236536],[-75.534653,6.236336],[-75.534723,6.236267],[-75.534781,6.236244],[-75.534799,6.236196],[-75.53459,6.23628],[-75.534149,6.23656],[-75.534063,6.236778],[-75.53378,6.237065],[-75.533701,6.237091],[-75.533411,6.237076],[-75.533317,6.237094]]]},"properties":{"nombre":"Villa Lilliam","riesgo":"Con condiciones de riesgo","amenaza":"Avenidas Torrenciales"}},{"type":"Feature","geometry":{"type":"Polygon","coordinates":[[[-75.575032,6.307137],[-75.574788,6.307212],[-75.574322,6.30723],[-75.574315,6.307374],[-75.574633,6.307364],[-75.574866,6.307331],[-75.575156,6.307243],[-75.575165,6.307191],[-75.575149,6.30716],[-75.575114,6.307138],[-75.575032,6.307137]]]},"properties":{"nombre":"Santander","riesgo":"Con condiciones de riesgo","amenaza":"Inundaciones"}},{"type":"Feature","geometry":{"type":"Polygon","coordinates":[[[-75.573642,6.307357],[-75.573258,6.307702],[-75.573294,6.307826],[-75.573433,6.307712],[-75.573558,6.307574],[-75.573724,6.307434],[-75.573671,6.30733],[-75.573642,6.307357]]]},"properties":{"nombre":"Santander","riesgo":"Con condiciones de riesgo","amenaza":"Inundaciones"}},{"type":"Feature","geometry":{"type":"Polygon","coordinates":[[[-75.572996,6.307927],[-75.57254,6.308281],[-75.572486,6.308505],[-75.572578,6.308408],[-75.573029,6.308041],[-75.572996,6.307927]]]},"properties":{"nombre":"Santander","riesgo":"Con condiciones de riesgo","amenaza":"Inundaciones"}},{"type":"Feature","geometry":{"type":"Polygon","coordinates":[[[-75.575653,6.310956],[-75.575532,6.31084],[-75.575384,6.310792],[-75.575331,6.310725],[-75.575293,6.310706],[-75.575183,6.31073],[-75.575095,6.310781],[-75.574884,6.310789],[-75.57475,6.310813],[-75.57469,6.310795],[-75.574567,6.31072],[-75.574426,6.310744],[-75.574298,6.310717],[-75.574172,6.310719],[-75.574109,6.310681],[-75.573977,6.310648],[-75.573861,6.310668],[-75.57365,6.310738],[-75.573482,6.310737],[-75.573359,6.310692],[-75.573003,6.31071],[-75.572921,6.31068],[-75.572839,6.310603],[-75.572793,6.310585],[-75.572703,6.310594],[-75.572523,6.310647],[-75.57232,6.310618],[-75.572211,6.310638],[-75.572102,6.310726],[-75.572021,6.310829],[-75.571923,6.310891],[-75.571843,6.310895],[-75.571818,6.310878],[-75.571721,6.310767],[-75.571707,6.31073],[-75.571693,6.310759],[-75.57163,6.310788],[-75.571712,6.310856],[-75.571767,6.310945],[-75.571802,6.310967],[-75.57186,6.310972],[-75.572024,6.310928],[-75.572168,6.310779],[-75.572273,6.310703],[-75.57233,6.310695],[-75.572538,6.31073],[-75.572685,6.310647],[-75.572761,6.310637],[-75.572799,6.310642],[-75.572879,6.31072],[-75.57293,6.310746],[-75.573323,6.310747],[-75.573507,6.310847],[-75.573717,6.310844],[-75.573858,6.310716],[-75.574047,6.310711],[-75.574169,6.310772],[-75.574323,6.310758],[-75.574435,6.310784],[-75.574528,6.310756],[-75.574628,6.31079],[-75.574701,6.31085],[-75.574737,6.310861],[-75.574983,6.310823],[-75.575278,6.310861],[-75.575435,6.310896],[-75.575619,6.311035],[-75.575653,6.310956]]]},"properties":{"nombre":"Santander","riesgo":"Con condiciones de riesgo","amenaza":"Inundaciones"}},{"type":"Feature","geometry":{"type":"Polygon","coordinates":[[[-75.542974,6.289771],[-75.543002,6.289738],[-75.543161,6.289835],[-75.543327,6.28981],[-75.543657,6.2898],[-75.54314,6.289724],[-75.54299,6.289719],[-75.542932,6.289758],[-75.542974,6.289771]]]},"properties":{"nombre":"San Pablo","riesgo":"Con condiciones de riesgo","amenaza":"Movimientos en masa"}},{"type":"Feature","geometry":{"type":"Polygon","coordinates":[[[-75.544435,6.290728],[-75.544601,6.290777],[-75.544625,6.290767],[-75.544659,6.290611],[-75.544754,6.290619],[-75.544989,6.290551],[-75.545174,6.290631],[-75.545233,6.290676],[-75.545397,6.290701],[-75.545511,6.290686],[-75.545793,6.290815],[-75.545904,6.290806],[-75.545919,6.290749],[-75.545695,6.290681],[-75.545188,6.29048],[-75.545106,6.290499],[-75.544966,6.290471],[-75.54474,6.290529],[-75.5446,6.290518],[-75.544524,6.29062],[-75.544451,6.290643],[-75.544435,6.290728]]]},"properties":{"nombre":"San Pablo","riesgo":"Con condiciones de riesgo","amenaza":"Movimientos en masa"}},{"type":"Feature","geometry":{"type":"Polygon","coordinates":[[[-75.548541,6.285302],[-75.548454,6.285293],[-75.548419,6.285311],[-75.548285,6.285594],[-75.548259,6.285763],[-75.54836,6.285858],[-75.548456,6.285893],[-75.548492,6.285894],[-75.548541,6.285302]]]},"properties":{"nombre":"San Pablo","riesgo":"Con condiciones de riesgo","amenaza":"Movimientos en masa"}},{"type":"Feature","geometry":{"type":"Polygon","coordinates":[[[-75.542974,6.289771],[-75.543159,6.289903],[-75.543186,6.289851],[-75.543002,6.289738],[-75.542974,6.289771]]]},"properties":{"nombre":"San Pablo","riesgo":"Con condiciones de riesgo","amenaza":"Inundaciones"}},{"type":"Feature","geometry":{"type":"Polygon","coordinates":[[[-75.556794,6.278998],[-75.556656,6.278976],[-75.556587,6.278989],[-75.556283,6.279287],[-75.556183,6.279334],[-75.556101,6.279342],[-75.555712,6.279295],[-75.555362,6.279217],[-75.554706,6.279114],[-75.554226,6.278997],[-75.554103,6.278992],[-75.553997,6.279518],[-75.553946,6.279885],[-75.553814,6.280609],[-75.553782,6.281001],[-75.553801,6.281316],[-75.553924,6.281124],[-75.553966,6.28109],[-75.554079,6.281041],[-75.554133,6.281045],[-75.554158,6.281019],[-75.554249,6.280861],[-75.554317,6.280804],[-75.554335,6.280753],[-75.554373,6.280714],[-75.554375,6.28066],[-75.55443,6.280567],[-75.554487,6.280523],[-75.554537,6.280335],[-75.554601,6.280247],[-75.554662,6.280208],[-75.554687,6.280141],[-75.554787,6.279991],[-75.554954,6.279925],[-75.555043,6.279835],[-75.555115,6.279834],[-75.555161,6.279759],[-75.555185,6.279675],[-75.555222,6.279634],[-75.555287,6.27966],[-75.555351,6.279662],[-75.55544,6.279526],[-75.555483,6.279491],[-75.555536,6.279482],[-75.55558,6.279488],[-75.555653,6.279589],[-75.555696,6.279612],[-75.55577,6.279623],[-75.55605,6.279562],[-75.556197,6.279489],[-75.556233,6.279486],[-75.556349,6.279536],[-75.556402,6.279527],[-75.556444,6.279471],[-75.556429,6.279364],[-75.556446,6.279332],[-75.556635,6.279224],[-75.556706,6.279166],[-75.55677,6.279072],[-75.556794,6.278998]]]},"properties":{"nombre":"Las Esmeraldas","riesgo":"Con condiciones de riesgo","amenaza":"Movimientos en masa"}},{"type":"Feature","geometry":{"type":"Polygon","coordinates":[[[-75.557004,6.278714],[-75.557015,6.278655],[-75.556891,6.278732],[-75.556838,6.278781],[-75.556791,6.278856],[-75.556769,6.278929],[-75.556814,6.278959],[-75.556831,6.278873],[-75.55687,6.278816],[-75.556923,6.278762],[-75.557004,6.278714]]]},"properties":{"nombre":"Las Esmeraldas","riesgo":"Con condiciones de riesgo","amenaza":"Inundaciones"}},{"type":"Feature","geometry":{"type":"MultiPolygon","coordinates":[[[[-75.552378,6.254186],[-75.552373,6.254203],[-75.55238,6.254187],[-75.552378,6.254186]]],[[[-75.552398,6.254019],[-75.552399,6.254019],[-75.552399,6.254015],[-75.552398,6.254019]]]]},"properties":{"nombre":"San Miguel","riesgo":"Con condiciones de riesgo","amenaza":"Movimientos en masa"}},{"type":"Feature","geometry":{"type":"Polygon","coordinates":[[[-75.55238,6.254187],[-75.552408,6.25419],[-75.552463,6.254056],[-75.552398,6.254019],[-75.55238,6.254187]]]},"properties":{"nombre":"San Miguel","riesgo":"Con condiciones de riesgo","amenaza":"Inundaciones"}},{"type":"Feature","geometry":{"type":"Polygon","coordinates":[[[-75.530098,6.239967],[-75.530901,6.239967],[-75.530895,6.239616],[-75.531372,6.239633],[-75.53168,6.239787],[-75.531798,6.239644],[-75.531833,6.239427],[-75.531874,6.239322],[-75.532092,6.239044],[-75.53212,6.238966],[-75.532132,6.238809],[-75.532209,6.238644],[-75.532244,6.238459],[-75.532191,6.238192],[-75.532259,6.238029],[-75.532189,6.237867],[-75.532192,6.237569],[-75.532023,6.237362],[-75.531997,6.237389],[-75.531875,6.237286],[-75.531856,6.237238],[-75.53179,6.237158],[-75.531851,6.236926],[-75.531964,6.236803],[-75.532034,6.236641],[-75.532054,6.236544],[-75.532092,6.23646],[-75.532088,6.236435],[-75.532075,6.236437],[-75.532063,6.236389],[-75.531978,6.236519],[-75.531916,6.236686],[-75.531864,6.236725],[-75.531766,6.236738],[-75.531505,6.236726],[-75.531669,6.236571],[-75.531719,6.236354],[-75.53187,6.236058],[-75.531875,6.235973],[-75.531813,6.23592],[-75.531716,6.23588],[-75.531827,6.235932],[-75.531825,6.235963],[-75.531766,6.236064],[-75.531601,6.236218],[-75.531498,6.236495],[-75.531462,6.236552],[-75.531419,6.236576],[-75.531316,6.236543],[-75.531295,6.236487],[-75.531381,6.236411],[-75.531446,6.236311],[-75.531481,6.236237],[-75.53145,6.23617],[-75.531293,6.236346],[-75.531272,6.236351],[-75.531215,6.236325],[-75.531219,6.236242],[-75.531204,6.236229],[-75.531169,6.236219],[-75.531116,6.236246],[-75.531037,6.236351],[-75.530718,6.236562],[-75.530603,6.236459],[-75.530611,6.236428],[-75.530714,6.236426],[-75.530873,6.236351],[-75.530963,6.236283],[-75.531066,6.236172],[-75.531116,6.236091],[-75.531156,6.236064],[-75.531286,6.236017],[-75.531389,6.23595],[-75.531648,6.235871],[-75.531513,6.235802],[-75.531312,6.235833],[-75.531236,6.23589],[-75.531054,6.235959],[-75.530904,6.236148],[-75.530746,6.236275],[-75.530681,6.236306],[-75.530567,6.236292],[-75.53046,6.236257],[-75.530489,6.236321],[-75.530485,6.236389],[-75.530536,6.236571],[-75.530487,6.236684],[-75.530498,6.2367],[-75.530423,6.236813],[-75.530402,6.23694],[-75.53044,6.237094],[-75.530415,6.23719],[-75.53043,6.237213],[-75.530615,6.237272],[-75.530635,6.2373],[-75.530705,6.237323],[-75.53082,6.237406],[-75.530863,6.237478],[-75.530795,6.23755],[-75.530737,6.23755],[-75.53064,6.237593],[-75.530555,6.237725],[-75.530616,6.237787],[-75.530658,6.237874],[-75.530643,6.237939],[-75.530693,6.238087],[-75.530702,6.238178],[-75.530689,6.238365],[-75.530703,6.238511],[-75.530676,6.238521],[-75.530478,6.238473],[-75.530327,6.238317],[-75.529938,6.238008],[-75.529651,6.237666],[-75.529602,6.237648],[-75.529563,6.237605],[-75.529648,6.237556],[-75.529687,6.237565],[-75.529786,6.237628],[-75.530111,6.237371],[-75.52995,6.237147],[-75.529908,6.237135],[-75.529831,6.237144],[-75.529762,6.237039],[-75.529699,6.236806],[-75.529535,6.236629],[-75.529496,6.236519],[-75.529457,6.236498],[-75.52929,6.236513],[-75.529164,6.236591],[-75.529027,6.23637],[-75.529021,6.236378],[-75.528484,6.236042],[-75.528173,6.235761],[-75.528038,6.235682],[-75.527964,6.235946],[-75.527874,6.236104],[-75.527746,6.236242],[-75.527536,6.23641],[-75.52746,6.236453],[-75.527684,6.237139],[-75.52785,6.237334],[-75.527889,6.237495],[-75.528027,6.237749],[-75.528116,6.23797],[-75.528204,6.238045],[-75.528246,6.238108],[-75.528447,6.238261],[-75.528542,6.238383],[-75.52863,6.238715],[-75.528658,6.239007],[-75.528746,6.239212],[-75.528748,6.239317],[-75.528914,6.239515],[-75.528982,6.239563],[-75.529154,6.239641],[-75.529181,6.239795],[-75.529172,6.239967],[-75.529654,6.239967],[-75.529736,6.239909],[-75.52981,6.239888],[-75.52999,6.239924],[-75.530098,6.239967]],[[-75.527898,6.236698],[-75.52793,6.236648],[-75.527988,6.236649],[-75.528063,6.236577],[-75.528123,6.236559],[-75.528228,6.236576],[-75.528314,6.236669],[-75.528306,6.236747],[-75.528262,6.236793],[-75.528111,6.236837],[-75.527973,6.236849],[-75.527929,6.236834],[-75.527899,6.236792],[-75.527882,6.236725],[-75.527898,6.236698]]]},"properties":{"nombre":"Villa Turbay","riesgo":"Con condiciones de riesgo","amenaza":"Movimientos en masa"}},{"type":"Feature","geometry":{"type":"Polygon","coordinates":[[[-75.527898,6.236698],[-75.527882,6.236725],[-75.527899,6.236792],[-75.527929,6.236834],[-75.527973,6.236849],[-75.528111,6.236837],[-75.528262,6.236793],[-75.528306,6.236747],[-75.528314,6.236669],[-75.528228,6.236576],[-75.528123,6.236559],[-75.528063,6.236577],[-75.527988,6.236649],[-75.52793,6.236648],[-75.527898,6.236698]]]},"properties":{"nombre":"Villa Turbay","riesgo":"Alto riesgo no mitigable","amenaza":"Movimientos en masa"}},{"type":"Feature","geometry":{"type":"Polygon","coordinates":[[[-75.562909,6.231162],[-75.562764,6.231218],[-75.562717,6.231286],[-75.562606,6.231298],[-75.562489,6.231349],[-75.56231,6.231459],[-75.562235,6.231585],[-75.562219,6.231589],[-75.562166,6.231715],[-75.562063,6.231781],[-75.561991,6.231801],[-75.561985,6.232015],[-75.562252,6.232263],[-75.562837,6.232419],[-75.563177,6.23189],[-75.563239,6.231842],[-75.563293,6.231758],[-75.56332,6.23171],[-75.563322,6.231616],[-75.563351,6.231578],[-75.56301,6.231125],[-75.562909,6.231162]]]},"properties":{"nombre":"Asomadera No.1","riesgo":"Con condiciones de riesgo","amenaza":"Movimientos en masa"}},{"type":"Feature","geometry":{"type":"Polygon","coordinates":[[[-75.546497,6.301897],[-75.546612,6.301893],[-75.546734,6.301866],[-75.546852,6.301808],[-75.546933,6.301723],[-75.546735,6.301685],[-75.54652,6.301618],[-75.546351,6.301546],[-75.546094,6.301407],[-75.545748,6.301348],[-75.545531,6.301407],[-75.545496,6.301642],[-75.545622,6.301575],[-75.545727,6.30159],[-75.545767,6.301646],[-75.545837,6.30188],[-75.545997,6.30185],[-75.546121,6.301847],[-75.546497,6.301897]]]},"properties":{"nombre":"Popular","riesgo":"Con condiciones de riesgo","amenaza":"Movimientos en masa"}},{"type":"Feature","geometry":{"type":"Polygon","coordinates":[[[-75.542657,6.302495],[-75.542829,6.302388],[-75.542902,6.302554],[-75.542869,6.302287],[-75.54288,6.302038],[-75.542893,6.302033],[-75.542957,6.301817],[-75.542969,6.301752],[-75.542957,6.301737],[-75.54277,6.301871],[-75.542679,6.301881],[-75.542559,6.30185],[-75.542503,6.301874],[-75.542623,6.301949],[-75.542718,6.302098],[-75.542709,6.302335],[-75.54269,6.302411],[-75.542655,6.302464],[-75.542657,6.302495]]]},"properties":{"nombre":"Popular","riesgo":"Con condiciones de riesgo","amenaza":"Movimientos en masa"}},{"type":"Feature","geometry":{"type":"Polygon","coordinates":[[[-75.539969,6.302174],[-75.540134,6.302276],[-75.540252,6.302269],[-75.540368,6.302426],[-75.540421,6.302464],[-75.540448,6.302551],[-75.54052,6.302602],[-75.540571,6.30263],[-75.540897,6.302662],[-75.540964,6.302712],[-75.541072,6.302735],[-75.541143,6.302816],[-75.541275,6.302878],[-75.541432,6.302851],[-75.541753,6.303005],[-75.541827,6.303008],[-75.541879,6.303005],[-75.542052,6.302796],[-75.542041,6.302787],[-75.542051,6.302732],[-75.54232,6.302829],[-75.542368,6.302815],[-75.542332,6.302793],[-75.542332,6.302773],[-75.542382,6.302641],[-75.542396,6.302494],[-75.54233,6.302236],[-75.542231,6.302112],[-75.542045,6.302044],[-75.541974,6.30207],[-75.541966,6.302047],[-75.541805,6.302126],[-75.541548,6.302179],[-75.541453,6.302217],[-75.541331,6.302289],[-75.541174,6.302441],[-75.541131,6.302448],[-75.541067,6.302446],[-75.540789,6.302384],[-75.540496,6.302374],[-75.540451,6.302359],[-75.540132,6.302145],[-75.540037,6.302147],[-75.539969,6.302174]]]},"properties":{"nombre":"Popular","riesgo":"Con condiciones de riesgo","amenaza":"Movimientos en masa"}},{"type":"Feature","geometry":{"type":"Polygon","coordinates":[[[-75.548327,6.303721],[-75.548377,6.303891],[-75.548396,6.304101],[-75.548423,6.304053],[-75.548442,6.303946],[-75.548405,6.303811],[-75.548327,6.303721]]]},"properties":{"nombre":"Popular","riesgo":"Con condiciones de riesgo","amenaza":"Movimientos en masa"}},{"type":"Feature","geometry":{"type":"Polygon","coordinates":[[[-75.545124,6.304086],[-75.545381,6.304182],[-75.545548,6.3042],[-75.545576,6.304148],[-75.545597,6.304057],[-75.545558,6.304027],[-75.545536,6.303955],[-75.54545,6.303866],[-75.545422,6.30388],[-75.545351,6.304011],[-75.545229,6.304021],[-75.545216,6.303927],[-75.545175,6.303858],[-75.545187,6.303675],[-75.545025,6.30349],[-75.545004,6.303409],[-75.545042,6.303263],[-75.545152,6.303316],[-75.545394,6.303563],[-75.54549,6.303563],[-75.545634,6.303507],[-75.545678,6.303451],[-75.545741,6.30325],[-75.545734,6.302989],[-75.545655,6.302749],[-75.54567,6.302713],[-75.545701,6.302714],[-75.545793,6.302837],[-75.545926,6.302859],[-75.54605,6.302816],[-75.546443,6.302937],[-75.546477,6.302961],[-75.5465,6.303049],[-75.546487,6.303115],[-75.546414,6.303191],[-75.546291,6.30325],[-75.546207,6.30325],[-75.546167,6.303267],[-75.546106,6.303439],[-75.546181,6.30351],[-75.546191,6.303526],[-75.546179,6.303546],[-75.5461,6.303558],[-75.54595,6.303494],[-75.54586,6.303483],[-75.545681,6.303548],[-75.545583,6.303712],[-75.545739,6.303691],[-75.545883,6.303614],[-75.54593,6.303608],[-75.545958,6.303646],[-75.545959,6.30374],[-75.546003,6.303774],[-75.546436,6.303837],[-75.546778,6.303836],[-75.546854,6.303707],[-75.546996,6.303589],[-75.546926,6.30337],[-75.547028,6.30333],[-75.547108,6.30355],[-75.547256,6.303582],[-75.547459,6.30366],[-75.54745,6.303606],[-75.547274,6.303397],[-75.547181,6.303307],[-75.547086,6.303245],[-75.547008,6.303038],[-75.546996,6.302919],[-75.546912,6.302748],[-75.546847,6.30267],[-75.546715,6.30262],[-75.546566,6.302383],[-75.546491,6.302371],[-75.546363,6.302395],[-75.546171,6.302458],[-75.546156,6.302509],[-75.546276,6.30265],[-75.546324,6.302671],[-75.546384,6.302741],[-75.546407,6.302774],[-75.546398,6.302793],[-75.546329,6.302783],[-75.546162,6.302715],[-75.545683,6.302317],[-75.545409,6.301853],[-75.545303,6.301876],[-75.545267,6.301948],[-75.545269,6.301986],[-75.545304,6.302061],[-75.545547,6.302426],[-75.545556,6.302461],[-75.545544,6.302488],[-75.54536,6.302355],[-75.545224,6.302324],[-75.545107,6.302276],[-75.545016,6.302262],[-75.544946,6.302182],[-75.544799,6.302085],[-75.544697,6.302069],[-75.544485,6.302111],[-75.544406,6.302017],[-75.544248,6.302076],[-75.544182,6.302157],[-75.544132,6.302532],[-75.544004,6.302739],[-75.543914,6.302794],[-75.543779,6.302823],[-75.54369,6.302757],[-75.543632,6.302651],[-75.543537,6.30268],[-75.543442,6.302474],[-75.543371,6.302415],[-75.543323,6.302304],[-75.5433,6.30217],[-75.543304,6.302085],[-75.543338,6.302013],[-75.543373,6.301978],[-75.543254,6.301908],[-75.543095,6.302024],[-75.543086,6.302015],[-75.543111,6.302198],[-75.543187,6.302342],[-75.543189,6.30247],[-75.543225,6.302516],[-75.543388,6.302496],[-75.543396,6.302567],[-75.543382,6.302646],[-75.543435,6.302684],[-75.543431,6.302727],[-75.543605,6.302924],[-75.54371,6.303071],[-75.543818,6.302985],[-75.544065,6.303014],[-75.544112,6.303111],[-75.544309,6.303376],[-75.544452,6.303344],[-75.544535,6.303279],[-75.544614,6.303254],[-75.544682,6.30325],[-75.544732,6.303286],[-75.544804,6.30339],[-75.544793,6.303484],[-75.54481,6.303551],[-75.544862,6.303568],[-75.544892,6.303599],[-75.544831,6.303666],[-75.544659,6.303742],[-75.544613,6.303852],[-75.544588,6.303962],[-75.544897,6.30402],[-75.545124,6.304086]]]},"properties":{"nombre":"Popular","riesgo":"Con condiciones de riesgo","amenaza":"Movimientos en masa"}},{"type":"Feature","geometry":{"type":"Polygon","coordinates":[[[-75.543481,6.303866],[-75.543556,6.303935],[-75.543903,6.304073],[-75.544036,6.30426],[-75.5442,6.304322],[-75.544236,6.304158],[-75.544231,6.304026],[-75.544202,6.304007],[-75.544005,6.30389],[-75.543783,6.303819],[-75.543625,6.303717],[-75.54347,6.303689],[-75.543481,6.303866]]]},"properties":{"nombre":"Popular","riesgo":"Con condiciones de riesgo","amenaza":"Movimientos en masa"}},{"type":"Feature","geometry":{"type":"Polygon","coordinates":[[[-75.550584,6.297146],[-75.550537,6.297052],[-75.550401,6.29703],[-75.550233,6.297059],[-75.550075,6.297037],[-75.549939,6.296926],[-75.549867,6.296894],[-75.549652,6.296847],[-75.549407,6.296755],[-75.54934,6.296765],[-75.549247,6.296822],[-75.549181,6.296969],[-75.549153,6.297099],[-75.549369,6.297145],[-75.549543,6.297134],[-75.549591,6.297109],[-75.549641,6.297109],[-75.549971,6.297289],[-75.550057,6.297353],[-75.550118,6.297319],[-75.550242,6.297337],[-75.550233,6.29725],[-75.550249,6.297214],[-75.550328,6.297154],[-75.550584,6.297146]]]},"properties":{"nombre":"Popular","riesgo":"Con condiciones de riesgo","amenaza":"Movimientos en masa"}},{"type":"Feature","geometry":{"type":"Polygon","coordinates":[[[-75.543086,6.302015],[-75.543095,6.302024],[-75.543284,6.30189],[-75.543021,6.301717],[-75.542945,6.301717],[-75.54298,6.301765],[-75.543034,6.30193],[-75.543086,6.302015]]]},"properties":{"nombre":"Popular","riesgo":"Alto riesgo no mitigable","amenaza":"Movimientos en masa"}},{"type":"Feature","geometry":{"type":"Polygon","coordinates":[[[-75.541879,6.303005],[-75.541988,6.303181],[-75.541997,6.303282],[-75.542075,6.303336],[-75.54212,6.303459],[-75.542191,6.303578],[-75.542188,6.30362],[-75.542287,6.303698],[-75.542374,6.303806],[-75.542428,6.303818],[-75.542462,6.303898],[-75.542499,6.303934],[-75.542649,6.303937],[-75.542864,6.30397],[-75.542904,6.30395],[-75.542941,6.303892],[-75.542989,6.303859],[-75.543298,6.303728],[-75.543337,6.30374],[-75.543442,6.30386],[-75.543482,6.303871],[-75.54347,6.303675],[-75.54395,6.303588],[-75.544133,6.303598],[-75.544298,6.303731],[-75.544298,6.303764],[-75.544341,6.303792],[-75.544529,6.303815],[-75.544621,6.303855],[-75.544659,6.303742],[-75.544831,6.303666],[-75.544892,6.303599],[-75.544862,6.303568],[-75.54481,6.303551],[-75.544793,6.303484],[-75.544804,6.30339],[-75.544793,6.303362],[-75.544732,6.303286],[-75.544682,6.30325],[-75.544535,6.303279],[-75.544452,6.303344],[-75.544309,6.303376],[-75.544112,6.303111],[-75.544065,6.303014],[-75.543818,6.302985],[-75.54371,6.303071],[-75.543605,6.302924],[-75.543431,6.302727],[-75.543435,6.302684],[-75.543382,6.302646],[-75.543396,6.302567],[-75.543388,6.302496],[-75.543187,6.302531],[-75.543098,6.302624],[-75.542948,6.302626],[-75.542829,6.302388],[-75.542542,6.302567],[-75.542585,6.302646],[-75.542564,6.302761],[-75.542413,6.302764],[-75.542381,6.302811],[-75.54232,6.302829],[-75.542051,6.302732],[-75.542041,6.302787],[-75.542052,6.302796],[-75.541879,6.303005]],[[-75.543455,6.303548],[-75.543517,6.303539],[-75.543521,6.303632],[-75.543407,6.303648],[-75.5434,6.303555],[-75.543455,6.303548]]]},"properties":{"nombre":"Popular","riesgo":"Alto riesgo no mitigable","amenaza":"Movimientos en masa"}},{"type":"Feature","geometry":{"type":"Polygon","coordinates":[[[-75.548123,6.294559],[-75.548041,6.29459],[-75.548033,6.294689],[-75.548065,6.294794],[-75.548292,6.294806],[-75.548424,6.294901],[-75.548471,6.294961],[-75.548711,6.294961],[-75.54877,6.294997],[-75.548854,6.295105],[-75.549081,6.295236],[-75.549117,6.295296],[-75.549189,6.295356],[-75.549308,6.295404],[-75.549392,6.295476],[-75.549452,6.295499],[-75.549595,6.295499],[-75.549703,6.295547],[-75.549989,6.295739],[-75.550085,6.295763],[-75.550181,6.29581],[-75.550229,6.295954],[-75.550444,6.296361],[-75.550539,6.296504],[-75.550611,6.296576],[-75.550742,6.296564],[-75.550798,6.296517],[-75.550726,6.29642],[-75.55069,6.296324],[-75.550633,6.296244],[-75.550621,6.296173],[-75.550576,6.29615],[-75.550503,6.296062],[-75.550505,6.296014],[-75.550601,6.295936],[-75.550557,6.295796],[-75.550441,6.295761],[-75.550373,6.295704],[-75.550363,6.295658],[-75.550334,6.295642],[-75.550277,6.295626],[-75.550172,6.295629],[-75.55015,6.295607],[-75.550147,6.295528],[-75.550113,6.295505],[-75.549696,6.295391],[-75.549615,6.295354],[-75.549621,6.29534],[-75.549364,6.295269],[-75.549156,6.29512],[-75.549082,6.295047],[-75.549011,6.295018],[-75.548892,6.2949],[-75.548756,6.294879],[-75.548588,6.294805],[-75.548489,6.294699],[-75.548332,6.294682],[-75.54827,6.294733],[-75.548219,6.294628],[-75.548123,6.294559]]]},"properties":{"nombre":"Popular","riesgo":"Con condiciones de riesgo","amenaza":"Movimientos en masa"}},{"type":"Feature","geometry":{"type":"Polygon","coordinates":[[[-75.548673,6.300535],[-75.548647,6.300493],[-75.548332,6.300428],[-75.548188,6.300356],[-75.548016,6.300321],[-75.547894,6.300335],[-75.547736,6.300399],[-75.547414,6.300414],[-75.547349,6.30045],[-75.547285,6.300543],[-75.547344,6.300656],[-75.547485,6.300715],[-75.547729,6.300751],[-75.548109,6.30073],[-75.548353,6.300629],[-75.548482,6.300643],[-75.548597,6.300622],[-75.548648,6.30059],[-75.548547,6.300574],[-75.548564,6.300509],[-75.548673,6.300535]]]},"properties":{"nombre":"Popular","riesgo":"Con condiciones de riesgo","amenaza":"Movimientos en masa"}},{"type":"Feature","geometry":{"type":"Polygon","coordinates":[[[-75.548648,6.30059],[-75.548724,6.300598],[-75.548745,6.300527],[-75.548673,6.300535],[-75.54869,6.300565],[-75.548648,6.30059]]]},"properties":{"nombre":"Popular","riesgo":"Con condiciones de riesgo","amenaza":"Inundaciones"}},{"type":"Feature","geometry":{"type":"Polygon","coordinates":[[[-75.543455,6.303548],[-75.5434,6.303555],[-75.543407,6.303648],[-75.543521,6.303632],[-75.543517,6.303539],[-75.543455,6.303548]]]},"properties":{"nombre":"Popular","riesgo":"Alto riesgo no mitigable","amenaza":"Inundaciones"}},{"type":"Feature","geometry":{"type":"Polygon","coordinates":[[[-75.546996,6.303589],[-75.547018,6.303658],[-75.547106,6.303578],[-75.547129,6.303583],[-75.547065,6.303453],[-75.547028,6.30333],[-75.546926,6.30337],[-75.546996,6.303589]]]},"properties":{"nombre":"Popular","riesgo":"Con condiciones de riesgo","amenaza":"Inundaciones"}},{"type":"Feature","geometry":{"type":"Polygon","coordinates":[[[-75.536805,6.267512],[-75.536857,6.267523],[-75.536915,6.267562],[-75.53695,6.267711],[-75.537023,6.267743],[-75.537144,6.267763],[-75.537006,6.267637],[-75.536923,6.267526],[-75.536759,6.267512],[-75.536805,6.267512]]]},"properties":{"nombre":"La Cruz","riesgo":"Con condiciones de riesgo","amenaza":"Movimientos en masa"}},{"type":"Feature","geometry":{"type":"Polygon","coordinates":[[[-75.538742,6.268655],[-75.538846,6.268676],[-75.538789,6.268638],[-75.538742,6.268655]]]},"properties":{"nombre":"La Cruz","riesgo":"Con condiciones de riesgo","amenaza":"Movimientos en masa"}},{"type":"Feature","geometry":{"type":"MultiPolygon","coordinates":[[[[-75.533795,6.268283],[-75.533811,6.268213],[-75.533872,6.268098],[-75.533981,6.267961],[-75.534061,6.267901],[-75.53434,6.267782],[-75.534399,6.267734],[-75.534415,6.267696],[-75.534394,6.267663],[-75.534269,6.267607],[-75.534442,6.267442],[-75.534569,6.267534],[-75.534765,6.267628],[-75.534831,6.267675],[-75.534825,6.267745],[-75.534647,6.267904],[-75.53461,6.267961],[-75.534622,6.268014],[-75.53469,6.268046],[-75.534745,6.268043],[-75.534811,6.268004],[-75.535018,6.267759],[-75.535018,6.267499],[-75.535056,6.26736],[-75.535133,6.267268],[-75.535249,6.267199],[-75.53529,6.267146],[-75.535266,6.267338],[-75.535298,6.267492],[-75.535386,6.26759],[-75.535573,6.267722],[-75.535594,6.267766],[-75.535616,6.267777],[-75.535627,6.267821],[-75.535671,6.267875],[-75.535715,6.268018],[-75.535716,6.268064],[-75.535677,6.268207],[-75.535748,6.268171],[-75.535748,6.268281],[-75.53577,6.268347],[-75.535814,6.268434],[-75.535858,6.268456],[-75.535967,6.268456],[-75.536011,6.268435],[-75.536186,6.268402],[-75.536296,6.268347],[-75.536482,6.268171],[-75.536526,6.26815],[-75.536559,6.268084],[-75.536559,6.267864],[-75.536515,6.267755],[-75.536461,6.267689],[-75.53645,6.267503],[-75.536472,6.267459],[-75.536537,6.267393],[-75.536581,6.267371],[-75.536625,6.267371],[-75.536669,6.267349],[-75.536932,6.267349],[-75.537042,6.267415],[-75.537118,6.267492],[-75.537184,6.267667],[-75.537195,6.267766],[-75.537305,6.267919],[-75.537305,6.26804],[-75.537239,6.268185],[-75.537355,6.268112],[-75.537551,6.26793],[-75.537609,6.267854],[-75.537671,6.26782],[-75.537894,6.267799],[-75.537953,6.267694],[-75.537956,6.267654],[-75.537934,6.267611],[-75.537809,6.267571],[-75.53759,6.267579],[-75.537332,6.267647],[-75.537242,6.267636],[-75.537188,6.267582],[-75.537142,6.267435],[-75.537088,6.267381],[-75.536919,6.267302],[-75.536776,6.267277],[-75.536704,6.267288],[-75.53655,6.267385],[-75.536425,6.267378],[-75.53598,6.267166],[-75.535862,6.267026],[-75.53575,6.266836],[-75.535747,6.266735],[-75.535693,6.266721],[-75.535575,6.26676],[-75.535318,6.266716],[-75.535267,6.266817],[-75.535283,6.266903],[-75.535186,6.266895],[-75.535094,6.266852],[-75.535029,6.266794],[-75.534772,6.266802],[-75.534642,6.266775],[-75.53437,6.266802],[-75.534426,6.266684],[-75.534449,6.266676],[-75.53451,6.266584],[-75.534212,6.266567],[-75.534019,6.266506],[-75.533847,6.266362],[-75.533782,6.266362],[-75.533646,6.266401],[-75.533423,6.266373],[-75.533219,6.266258],[-75.533129,6.266244],[-75.533051,6.266104],[-75.532997,6.266082],[-75.532825,6.266175],[-75.532699,6.2662],[-75.532599,6.266247],[-75.53257,6.266276],[-75.532523,6.266276],[-75.532405,6.266236],[-75.532366,6.26624],[-75.532269,6.266308],[-75.532136,6.266359],[-75.532208,6.266368],[-75.532345,6.266431],[-75.532391,6.26647],[-75.532497,6.266516],[-75.532546,6.266561],[-75.532616,6.266566],[-75.532668,6.266613],[-75.532762,6.266794],[-75.532817,6.26698],[-75.533002,6.26705],[-75.533104,6.267173],[-75.533122,6.267283],[-75.533184,6.267362],[-75.53322,6.267439],[-75.533212,6.26749],[-75.53332,6.267522],[-75.533477,6.267624],[-75.533534,6.267694],[-75.533576,6.267699],[-75.533596,6.26772],[-75.53371,6.268075],[-75.533795,6.268283]]],[[[-75.537131,6.268259],[-75.537074,6.26827],[-75.536954,6.268336],[-75.536899,6.268402],[-75.536844,6.268511],[-75.536844,6.268555],[-75.536822,6.268599],[-75.536757,6.268632],[-75.536636,6.268665],[-75.536011,6.268654],[-75.535868,6.268698],[-75.535792,6.268763],[-75.535792,6.268917],[-75.535825,6.269048],[-75.535825,6.269136],[-75.535814,6.26918],[-75.535792,6.26918],[-75.535774,6.269216],[-75.536079,6.269045],[-75.536227,6.268925],[-75.536361,6.268863],[-75.536399,6.268758],[-75.536447,6.26871],[-75.536504,6.268686],[-75.536724,6.2687],[-75.53682,6.268686],[-75.536887,6.268638],[-75.537035,6.268365],[-75.537131,6.268259]]],[[[-75.535691,6.269263],[-75.53499,6.269504],[-75.535003,6.269501],[-75.535018,6.269574],[-75.535035,6.269586],[-75.535046,6.269695],[-75.535068,6.269706],[-75.535123,6.269794],[-75.535168,6.269807],[-75.535252,6.269738],[-75.5355,6.269604],[-75.535558,6.269523],[-75.535691,6.269263]]],[[[-75.532076,6.266152],[-75.532155,6.266162],[-75.532128,6.266218],[-75.532283,6.266183],[-75.532298,6.26615],[-75.532265,6.266132],[-75.532076,6.266152]]]]},"properties":{"nombre":"La Cruz","riesgo":"Con condiciones de riesgo","amenaza":"Movimientos en masa"}},{"type":"Feature","geometry":{"type":"Polygon","coordinates":[[[-75.534877,6.275027],[-75.534975,6.275044],[-75.535088,6.274915],[-75.534944,6.275012],[-75.534877,6.275027]]]},"properties":{"nombre":"La Cruz","riesgo":"Con condiciones de riesgo","amenaza":"Movimientos en masa"}},{"type":"Feature","geometry":{"type":"Polygon","coordinates":[[[-75.534531,6.270269],[-75.534629,6.270481],[-75.534617,6.270478],[-75.534697,6.27056],[-75.534755,6.270591],[-75.534811,6.270684],[-75.535006,6.270749],[-75.535146,6.270852],[-75.535402,6.271212],[-75.535648,6.271226],[-75.53568,6.271244],[-75.535705,6.271214],[-75.535793,6.271186],[-75.535827,6.271195],[-75.536082,6.271435],[-75.536227,6.271676],[-75.536239,6.271666],[-75.536312,6.271541],[-75.536338,6.271443],[-75.536209,6.270988],[-75.536207,6.270824],[-75.536259,6.270593],[-75.536442,6.270318],[-75.536476,6.270183],[-75.536393,6.269915],[-75.536343,6.269808],[-75.536223,6.269686],[-75.536166,6.269606],[-75.536141,6.269478],[-75.536075,6.269307],[-75.53595,6.26938],[-75.535802,6.269557],[-75.535601,6.269748],[-75.5355,6.269824],[-75.535405,6.269848],[-75.535257,6.269939],[-75.535199,6.27003],[-75.535113,6.270116],[-75.534946,6.270207],[-75.534697,6.270279],[-75.534531,6.270269]]]},"properties":{"nombre":"La Cruz","riesgo":"Alto riesgo no mitigable","amenaza":"Movimientos en masa"}},{"type":"Feature","geometry":{"type":"Polygon","coordinates":[[[-75.535087,6.275052],[-75.53533,6.275047],[-75.535696,6.274966],[-75.535871,6.27498],[-75.53612,6.274952],[-75.53625,6.274969],[-75.536342,6.274917],[-75.536643,6.274886],[-75.536854,6.27484],[-75.537416,6.274868],[-75.53758,6.274862],[-75.537684,6.274808],[-75.53777,6.274797],[-75.537889,6.274736],[-75.537986,6.274734],[-75.538015,6.274703],[-75.538134,6.274651],[-75.538351,6.274483],[-75.538417,6.274476],[-75.538618,6.274316],[-75.538715,6.274275],[-75.538763,6.27423],[-75.538846,6.274187],[-75.53895,6.274162],[-75.539119,6.274076],[-75.539264,6.274034],[-75.53955,6.273918],[-75.539862,6.273962],[-75.540005,6.273958],[-75.540254,6.273851],[-75.540373,6.273747],[-75.540446,6.273618],[-75.540573,6.273464],[-75.540707,6.27339],[-75.540795,6.27331],[-75.540876,6.27308],[-75.541056,6.272837],[-75.541289,6.272658],[-75.541661,6.272447],[-75.541842,6.272369],[-75.542108,6.272347],[-75.542239,6.272292],[-75.5424,6.272317],[-75.542528,6.272359],[-75.542608,6.272362],[-75.542812,6.27228],[-75.542845,6.272202],[-75.542903,6.272154],[-75.542911,6.27209],[-75.542869,6.271941],[-75.542874,6.27185],[-75.542916,6.271722],[-75.542926,6.271634],[-75.542975,6.271534],[-75.542988,6.271389],[-75.542974,6.271335],[-75.542875,6.271185],[-75.542737,6.27078],[-75.542428,6.270384],[-75.542368,6.270237],[-75.542323,6.27019],[-75.542322,6.269737],[-75.54242,6.269292],[-75.542418,6.269195],[-75.542327,6.268944],[-75.542305,6.268837],[-75.542186,6.268642],[-75.542179,6.26857],[-75.542156,6.26852],[-75.542077,6.268426],[-75.541863,6.268249],[-75.541513,6.268228],[-75.541363,6.268163],[-75.541139,6.26818],[-75.541048,6.268122],[-75.540783,6.268044],[-75.540774,6.267993],[-75.540751,6.267978],[-75.540746,6.267918],[-75.540655,6.267879],[-75.540512,6.267774],[-75.5404,6.267786],[-75.540286,6.267823],[-75.540201,6.267821],[-75.540145,6.267844],[-75.540107,6.267892],[-75.539977,6.267901],[-75.539662,6.267818],[-75.539398,6.267801],[-75.539266,6.267735],[-75.53917,6.267736],[-75.539046,6.267767],[-75.538909,6.267758],[-75.538728,6.267636],[-75.538656,6.267607],[-75.538534,6.267596],[-75.538404,6.267623],[-75.538331,6.267681],[-75.538168,6.267887],[-75.53801,6.267983],[-75.537752,6.267983],[-75.537666,6.267997],[-75.537561,6.268117],[-75.537489,6.268389],[-75.537326,6.268376],[-75.537374,6.268419],[-75.537493,6.268478],[-75.537622,6.268366],[-75.5375,6.268486],[-75.537667,6.268381],[-75.537735,6.268373],[-75.53797,6.268565],[-75.53809,6.268631],[-75.538225,6.268774],[-75.538293,6.268808],[-75.538431,6.26879],[-75.538789,6.268638],[-75.538838,6.268666],[-75.538909,6.268764],[-75.538967,6.268804],[-75.539069,6.268796],[-75.539235,6.268709],[-75.539271,6.268727],[-75.539298,6.268764],[-75.539329,6.268896],[-75.539312,6.26903],[-75.539326,6.269081],[-75.539309,6.269157],[-75.539317,6.269204],[-75.539254,6.269377],[-75.539222,6.269411],[-75.539195,6.26956],[-75.539143,6.269689],[-75.539169,6.269878],[-75.539217,6.269945],[-75.539219,6.269985],[-75.539195,6.270057],[-75.539112,6.270143],[-75.53914,6.270229],[-75.539123,6.270425],[-75.539092,6.27045],[-75.53905,6.270421],[-75.538902,6.270241],[-75.538807,6.270569],[-75.538846,6.270629],[-75.538948,6.270729],[-75.539127,6.270795],[-75.539161,6.270859],[-75.539153,6.270926],[-75.539126,6.27099],[-75.539062,6.27102],[-75.538895,6.271019],[-75.538835,6.270998],[-75.538721,6.271094],[-75.538506,6.271333],[-75.538463,6.2714],[-75.538429,6.271477],[-75.538434,6.271729],[-75.538589,6.271966],[-75.538615,6.272039],[-75.538619,6.272119],[-75.538492,6.272277],[-75.538439,6.272438],[-75.538446,6.272488],[-75.538481,6.272542],[-75.538591,6.272619],[-75.538789,6.272607],[-75.538855,6.272621],[-75.53892,6.272671],[-75.538939,6.272743],[-75.538974,6.272774],[-75.539364,6.272788],[-75.539472,6.272827],[-75.539524,6.272909],[-75.539508,6.273053],[-75.539417,6.273145],[-75.539289,6.27319],[-75.53922,6.273184],[-75.539156,6.273171],[-75.539031,6.273115],[-75.538819,6.272867],[-75.538693,6.272811],[-75.538371,6.272825],[-75.538214,6.272891],[-75.538118,6.272882],[-75.53797,6.272824],[-75.537923,6.272827],[-75.537843,6.272864],[-75.537767,6.272965],[-75.537717,6.273076],[-75.537705,6.273309],[-75.537754,6.273553],[-75.537732,6.273637],[-75.537689,6.273632],[-75.537377,6.273487],[-75.537153,6.273271],[-75.537072,6.273214],[-75.536918,6.273135],[-75.536725,6.27307],[-75.536686,6.273163],[-75.536719,6.27325],[-75.536716,6.27334],[-75.536643,6.27342],[-75.536601,6.273495],[-75.536599,6.273607],[-75.536552,6.27371],[-75.536527,6.273859],[-75.536527,6.273907],[-75.536621,6.274009],[-75.53666,6.274081],[-75.536663,6.274138],[-75.536642,6.274182],[-75.536561,6.27423],[-75.536075,6.274393],[-75.535691,6.274546],[-75.5353,6.274725],[-75.535202,6.274792],[-75.534966,6.275043],[-75.535087,6.275052]],[[-75.541148,6.272353],[-75.541048,6.272403],[-75.54088,6.272593],[-75.540625,6.272732],[-75.540466,6.272876],[-75.540391,6.272984],[-75.540342,6.273148],[-75.540275,6.273249],[-75.540206,6.273269],[-75.540167,6.273245],[-75.540105,6.273139],[-75.540011,6.273035],[-75.539939,6.27292],[-75.539928,6.272715],[-75.539874,6.272438],[-75.539815,6.27238],[-75.539779,6.272157],[-75.539655,6.271911],[-75.539632,6.271819],[-75.539644,6.27174],[-75.539681,6.271668],[-75.539925,6.271428],[-75.539917,6.271396],[-75.539866,6.271346],[-75.539853,6.271311],[-75.539876,6.271239],[-75.539768,6.271138],[-75.539737,6.271169],[-75.539591,6.271163],[-75.539472,6.27111],[-75.539398,6.271118],[-75.539375,6.271107],[-75.539371,6.271062],[-75.539445,6.270947],[-75.539438,6.270892],[-75.539398,6.270815],[-75.539407,6.270737],[-75.539465,6.270719],[-75.539533,6.270753],[-75.539569,6.270695],[-75.53961,6.270692],[-75.53963,6.270652],[-75.539612,6.270614],[-75.539513,6.270515],[-75.53939,6.270302],[-75.539388,6.270221],[-75.539443,6.270134],[-75.540006,6.269772],[-75.539914,6.269639],[-75.53982,6.269451],[-75.539806,6.269394],[-75.539838,6.269361],[-75.539886,6.269356],[-75.540006,6.269389],[-75.540313,6.26932],[-75.540405,6.269329],[-75.540472,6.269395],[-75.5405,6.269458],[-75.540497,6.269552],[-75.540515,6.269602],[-75.540496,6.269629],[-75.540501,6.269674],[-75.540602,6.269673],[-75.540731,6.269754],[-75.540762,6.269747],[-75.54083,6.269643],[-75.540974,6.269507],[-75.540989,6.269473],[-75.540979,6.269425],[-75.540898,6.269346],[-75.540797,6.269156],[-75.5408,6.26897],[-75.540959,6.268838],[-75.541064,6.268842],[-75.541248,6.268796],[-75.541567,6.268597],[-75.541619,6.26858],[-75.541726,6.268583],[-75.541878,6.268656],[-75.54194,6.268719],[-75.541983,6.269047],[-75.541964,6.269175],[-75.54192,6.269228],[-75.541802,6.269295],[-75.541774,6.269384],[-75.541612,6.269642],[-75.541519,6.269676],[-75.541454,6.269721],[-75.541396,6.269866],[-75.541359,6.269885],[-75.541278,6.26988],[-75.541188,6.269914],[-75.541059,6.269837],[-75.541018,6.26984],[-75.540977,6.269882],[-75.540945,6.270019],[-75.540791,6.270129],[-75.540774,6.270169],[-75.54077,6.270255],[-75.540862,6.270581],[-75.540904,6.27061],[-75.541003,6.270595],[-75.541073,6.270666],[-75.541088,6.270773],[-75.54109,6.271179],[-75.541054,6.27145],[-75.540996,6.271479],[-75.540846,6.271514],[-75.540669,6.271519],[-75.540632,6.271541],[-75.540542,6.271654],[-75.5405,6.271673],[-75.540424,6.271675],[-75.540399,6.271708],[-75.540427,6.271726],[-75.540857,6.271816],[-75.541001,6.271823],[-75.541079,6.271788],[-75.541134,6.271607],[-75.541184,6.271571],[-75.541263,6.271159],[-75.541215,6.270763],[-75.54116,6.270604],[-75.541195,6.270567],[-75.541249,6.270552],[-75.541349,6.270536],[-75.541516,6.270544],[-75.541699,6.27077],[-75.541783,6.270824],[-75.541952,6.270888],[-75.542114,6.270916],[-75.542284,6.270971],[-75.542331,6.271035],[-75.54239,6.271174],[-75.542415,6.271354],[-75.542354,6.271649],[-75.542292,6.271654],[-75.542123,6.271575],[-75.542037,6.271571],[-75.541957,6.2716],[-75.54172,6.271793],[-75.541531,6.272028],[-75.54138,6.272162],[-75.541204,6.27229],[-75.541148,6.272353]]]},"properties":{"nombre":"La Cruz","riesgo":"Alto riesgo no mitigable","amenaza":"Movimientos en masa"}},{"type":"Feature","geometry":{"type":"Polygon","coordinates":[[[-75.534365,6.270149],[-75.534258,6.270225],[-75.534219,6.270272],[-75.53433,6.270313],[-75.534406,6.270274],[-75.534501,6.270265],[-75.534697,6.270279],[-75.534946,6.270207],[-75.535113,6.270116],[-75.535199,6.27003],[-75.535257,6.269939],[-75.535405,6.269848],[-75.5355,6.269824],[-75.535601,6.269748],[-75.535802,6.269557],[-75.53595,6.26938],[-75.536251,6.269193],[-75.536504,6.269064],[-75.536576,6.269002],[-75.536743,6.268978],[-75.536853,6.268935],[-75.536987,6.268853],[-75.537116,6.268667],[-75.537231,6.26859],[-75.537269,6.268413],[-75.537317,6.268375],[-75.537489,6.268389],[-75.537561,6.268117],[-75.537666,6.267997],[-75.537752,6.267983],[-75.53801,6.267983],[-75.538168,6.267887],[-75.538331,6.267681],[-75.538404,6.267623],[-75.538534,6.267596],[-75.538656,6.267607],[-75.538728,6.267636],[-75.538909,6.267758],[-75.539046,6.267767],[-75.53917,6.267736],[-75.539266,6.267735],[-75.539398,6.267801],[-75.539662,6.267818],[-75.539977,6.267901],[-75.540107,6.267892],[-75.540145,6.267844],[-75.540201,6.267821],[-75.540286,6.267823],[-75.540481,6.267772],[-75.540534,6.267781],[-75.540407,6.267668],[-75.540292,6.267675],[-75.539932,6.267773],[-75.539761,6.267773],[-75.539581,6.267731],[-75.53944,6.267719],[-75.539218,6.267625],[-75.539127,6.267621],[-75.539003,6.267651],[-75.538947,6.26763],[-75.538861,6.267558],[-75.538739,6.267546],[-75.538626,6.267557],[-75.538543,6.267538],[-75.538402,6.267594],[-75.538242,6.26757],[-75.538199,6.267538],[-75.537995,6.267539],[-75.537649,6.267502],[-75.537532,6.267525],[-75.537454,6.267575],[-75.537375,6.267576],[-75.537229,6.267457],[-75.537105,6.267295],[-75.537031,6.267263],[-75.536794,6.267234],[-75.536699,6.267243],[-75.536652,6.267255],[-75.536548,6.267327],[-75.536507,6.267339],[-75.536444,6.267336],[-75.536283,6.267271],[-75.53596,6.267085],[-75.535794,6.266839],[-75.535777,6.266729],[-75.535743,6.266674],[-75.535673,6.266653],[-75.535503,6.266701],[-75.535389,6.266665],[-75.535326,6.266663],[-75.535231,6.266612],[-75.535172,6.266518],[-75.535143,6.266502],[-75.535095,6.266524],[-75.53493,6.266517],[-75.534797,6.266532],[-75.53464,6.266501],[-75.534324,6.266529],[-75.534043,6.266436],[-75.533919,6.266348],[-75.533857,6.266268],[-75.533671,6.266319],[-75.533551,6.266329],[-75.533351,6.266274],[-75.533248,6.266235],[-75.533083,6.266064],[-75.533054,6.266053],[-75.532908,6.266058],[-75.532797,6.266112],[-75.532596,6.266142],[-75.532414,6.266133],[-75.532278,6.26608],[-75.532168,6.266074],[-75.531999,6.266142],[-75.532076,6.266152],[-75.532265,6.266132],[-75.532298,6.26615],[-75.532283,6.266183],[-75.532128,6.266218],[-75.532061,6.26636],[-75.532116,6.266362],[-75.532269,6.266308],[-75.532366,6.26624],[-75.532405,6.266236],[-75.532523,6.266276],[-75.53257,6.266276],[-75.532599,6.266247],[-75.532699,6.2662],[-75.532825,6.266175],[-75.532997,6.266082],[-75.533051,6.266104],[-75.533129,6.266244],[-75.533219,6.266258],[-75.533423,6.266373],[-75.533646,6.266401],[-75.533782,6.266362],[-75.533847,6.266362],[-75.534019,6.266506],[-75.534212,6.266567],[-75.534388,6.266584],[-75.534786,6.266581],[-75.535094,6.26661],[-75.535327,6.266721],[-75.535489,6.266753],[-75.535575,6.26676],[-75.535693,6.266721],[-75.535747,6.266735],[-75.53575,6.266836],[-75.535862,6.267026],[-75.53598,6.267166],[-75.536425,6.267378],[-75.53655,6.267385],[-75.536643,6.267317],[-75.536704,6.267288],[-75.536776,6.267277],[-75.536919,6.267302],[-75.537088,6.267381],[-75.537142,6.267435],[-75.537188,6.267582],[-75.537242,6.267636],[-75.537332,6.267647],[-75.537647,6.267571],[-75.537809,6.267571],[-75.537934,6.267611],[-75.537956,6.267654],[-75.537953,6.267694],[-75.537894,6.267799],[-75.537671,6.26782],[-75.537609,6.267854],[-75.537551,6.26793],[-75.537317,6.268145],[-75.537145,6.268246],[-75.537078,6.268308],[-75.536887,6.268638],[-75.53682,6.268686],[-75.536724,6.2687],[-75.536504,6.268686],[-75.536447,6.26871],[-75.536399,6.268758],[-75.536361,6.268863],[-75.536227,6.268925],[-75.536079,6.269045],[-75.535701,6.269246],[-75.535558,6.269523],[-75.5355,6.269604],[-75.535252,6.269738],[-75.534989,6.269958],[-75.534922,6.269997],[-75.534726,6.270059],[-75.53464,6.270107],[-75.534365,6.270149]]]},"properties":{"nombre":"La Cruz","riesgo":"Con condiciones de riesgo","amenaza":"Avenidas Torrenciales"}},{"type":"Feature","geometry":{"type":"Polygon","coordinates":[[[-75.585961,6.263866],[-75.586133,6.264126],[-75.586195,6.264269],[-75.586248,6.264341],[-75.5863,6.264379],[-75.586487,6.264719],[-75.586821,6.265073],[-75.587008,6.265231],[-75.587216,6.265348],[-75.587334,6.265195],[-75.587233,6.26518],[-75.587104,6.265119],[-75.587013,6.265054],[-75.586911,6.264941],[-75.586883,6.264798],[-75.586761,6.264622],[-75.586453,6.264364],[-75.586286,6.264071],[-75.586249,6.263888],[-75.586221,6.263862],[-75.586199,6.263749],[-75.586105,6.263776],[-75.585961,6.263866]]]},"properties":{"nombre":"San Germán","riesgo":"Alto riesgo no mitigable","amenaza":"Avenidas Torrenciales"}},{"type":"Feature","geometry":{"type":"Polygon","coordinates":[[[-75.58268,6.309389],[-75.582779,6.309376],[-75.582958,6.309417],[-75.583033,6.309414],[-75.583137,6.309368],[-75.583322,6.309252],[-75.583404,6.309229],[-75.583532,6.309306],[-75.583605,6.309326],[-75.583754,6.309322],[-75.583894,6.309268],[-75.584131,6.309257],[-75.584085,6.309199],[-75.583874,6.30922],[-75.583751,6.309286],[-75.583623,6.309292],[-75.583406,6.309203],[-75.583312,6.309223],[-75.583041,6.309355],[-75.582899,6.309349],[-75.582638,6.309291],[-75.58268,6.309389]]]},"properties":{"nombre":"Progreso No.2","riesgo":"Con condiciones de riesgo","amenaza":"Inundaciones"}},{"type":"Feature","geometry":{"type":"Polygon","coordinates":[[[-75.60796,6.247239],[-75.607557,6.247387],[-75.607362,6.247432],[-75.607467,6.247634],[-75.607731,6.247555],[-75.608006,6.247447],[-75.608099,6.247378],[-75.608002,6.247202],[-75.60796,6.247239]]]},"properties":{"nombre":"Barrio Cristóbal","riesgo":"Con condiciones de riesgo","amenaza":"Inundaciones"}},{"type":"Feature","geometry":{"type":"Polygon","coordinates":[[[-75.570675,6.295192],[-75.570687,6.29524],[-75.570941,6.295501],[-75.571143,6.295749],[-75.571233,6.295678],[-75.570776,6.295168],[-75.570675,6.295192]]]},"properties":{"nombre":"Girardot","riesgo":"Con condiciones de riesgo","amenaza":"Inundaciones"}},{"type":"Feature","geometry":{"type":"Polygon","coordinates":[[[-75.567487,6.194303],[-75.5674,6.194432],[-75.567437,6.194884],[-75.567536,6.194966],[-75.567618,6.194997],[-75.5677,6.194966],[-75.567803,6.194883],[-75.567894,6.194431],[-75.567784,6.194263],[-75.567615,6.194159],[-75.567487,6.194303]]]},"properties":{"nombre":"Los Balsos No.2","riesgo":"Con condiciones de riesgo","amenaza":"Movimientos en masa"}},{"type":"Feature","geometry":{"type":"Polygon","coordinates":[[[-75.565636,6.284857],[-75.565556,6.285102],[-75.565638,6.285586],[-75.565715,6.285777],[-75.565763,6.285949],[-75.565753,6.286236],[-75.565608,6.286503],[-75.5654,6.286807],[-75.565372,6.286876],[-75.56536,6.28697],[-75.565223,6.287481],[-75.565216,6.28757],[-75.565362,6.28829],[-75.565336,6.288522],[-75.565243,6.288694],[-75.565109,6.288838],[-75.565059,6.288866],[-75.56487,6.289106],[-75.564705,6.289228],[-75.564614,6.289261],[-75.564415,6.289385],[-75.56394,6.289759],[-75.563832,6.289888],[-75.563717,6.290062],[-75.563627,6.290237],[-75.56338,6.29077],[-75.563239,6.290914],[-75.563189,6.291005],[-75.563079,6.291547],[-75.563335,6.291011],[-75.563526,6.29074],[-75.563852,6.290329],[-75.564138,6.290099],[-75.564425,6.289783],[-75.564617,6.289544],[-75.564913,6.289295],[-75.565123,6.289171],[-75.56519,6.28897],[-75.565382,6.288664],[-75.56541,6.288405],[-75.565401,6.288128],[-75.565362,6.28786],[-75.565477,6.287391],[-75.565783,6.286415],[-75.56586,6.285975],[-75.566108,6.28542],[-75.566342,6.285149],[-75.566298,6.28513],[-75.565904,6.285086],[-75.565684,6.28488],[-75.565636,6.284857]]]},"properties":{"nombre":"Palermo","riesgo":"Alto riesgo no mitigable","amenaza":"Inundaciones"}},{"type":"Feature","geometry":{"type":"Polygon","coordinates":[[[-75.563208,6.246497],[-75.563348,6.246636],[-75.563626,6.247144],[-75.563769,6.247262],[-75.5638,6.2472],[-75.563683,6.247105],[-75.563418,6.246611],[-75.563246,6.246424],[-75.563208,6.246497]]]},"properties":{"nombre":"La Candelaria","riesgo":"Con condiciones de riesgo","amenaza":"Inundaciones"}},{"type":"Feature","geometry":{"type":"Polygon","coordinates":[[[-75.565413,6.2487],[-75.565585,6.248876],[-75.565612,6.249354],[-75.565755,6.249438],[-75.565703,6.248828],[-75.565463,6.248619],[-75.565413,6.2487]]]},"properties":{"nombre":"La Candelaria","riesgo":"Con condiciones de riesgo","amenaza":"Inundaciones"}},{"type":"Feature","geometry":{"type":"Polygon","coordinates":[[[-75.575278,6.212831],[-75.575212,6.212868],[-75.575088,6.212896],[-75.574954,6.212906],[-75.57461,6.21282],[-75.574505,6.21282],[-75.573969,6.212619],[-75.573813,6.212619],[-75.573705,6.212704],[-75.573744,6.212806],[-75.573981,6.212868],[-75.574132,6.212968],[-75.57435,6.213044],[-75.574605,6.213173],[-75.574813,6.213223],[-75.574946,6.213234],[-75.575035,6.213223],[-75.57511,6.213238],[-75.575313,6.21333],[-75.57544,6.213315],[-75.575535,6.213246],[-75.575618,6.213235],[-75.575828,6.213221],[-75.576081,6.213235],[-75.575782,6.213164],[-75.575676,6.213117],[-75.575278,6.212831]]]},"properties":{"nombre":"Manila","riesgo":"Con condiciones de riesgo","amenaza":"Avenidas Torrenciales"}},{"type":"Feature","geometry":{"type":"MultiPolygon","coordinates":[[[[-75.648578,6.291204],[-75.648792,6.291532],[-75.648921,6.291408],[-75.64896,6.291336],[-75.648738,6.291159],[-75.648689,6.291034],[-75.648734,6.290989],[-75.648985,6.290905],[-75.649164,6.290869],[-75.64938,6.290846],[-75.649547,6.290845],[-75.649666,6.29075],[-75.649809,6.290726],[-75.649837,6.290615],[-75.649816,6.290509],[-75.649759,6.290487],[-75.649337,6.290508],[-75.648821,6.290719],[-75.648452,6.29094],[-75.648494,6.291109],[-75.648578,6.291204]]],[[[-75.654514,6.291941],[-75.654506,6.292003],[-75.654591,6.292181],[-75.654663,6.292172],[-75.654806,6.292076],[-75.654938,6.292017],[-75.655081,6.291981],[-75.655201,6.292076],[-75.655296,6.292208],[-75.655339,6.292332],[-75.655456,6.29229],[-75.655523,6.292217],[-75.655093,6.291867],[-75.654545,6.291952],[-75.654514,6.291941]]]]},"properties":{"nombre":"La Cuchilla","riesgo":"Con condiciones de riesgo","amenaza":"Avenidas Torrenciales"}},{"type":"Feature","geometry":{"type":"Polygon","coordinates":[[[-75.647007,6.29563],[-75.646888,6.29533],[-75.646835,6.295252],[-75.646781,6.295228],[-75.646274,6.295539],[-75.646124,6.295581],[-75.64611,6.295617],[-75.646306,6.29587],[-75.646391,6.296046],[-75.646427,6.296263],[-75.646454,6.296315],[-75.64667,6.295939],[-75.646799,6.29581],[-75.646936,6.295716],[-75.647007,6.29563]]]},"properties":{"nombre":"El Llano","riesgo":"Con condiciones de riesgo","amenaza":"Movimientos en masa"}},{"type":"Feature","geometry":{"type":"MultiPolygon","coordinates":[[[[-75.651643,6.29561],[-75.651497,6.295637],[-75.651426,6.295685],[-75.651326,6.295799],[-75.651413,6.295962],[-75.651508,6.296058],[-75.651632,6.296134],[-75.651709,6.296345],[-75.651719,6.296488],[-75.651365,6.296728],[-75.65125,6.296852],[-75.651269,6.297005],[-75.651317,6.29712],[-75.65147,6.297254],[-75.6517,6.297522],[-75.651805,6.297598],[-75.6519,6.297617],[-75.651987,6.297589],[-75.652101,6.297598],[-75.652117,6.297616],[-75.652205,6.297608],[-75.652325,6.297551],[-75.652365,6.297481],[-75.652364,6.297426],[-75.652117,6.297139],[-75.651996,6.297109],[-75.651828,6.297031],[-75.651793,6.296977],[-75.651796,6.296949],[-75.651699,6.296804],[-75.651784,6.296424],[-75.651784,6.29615],[-75.651805,6.295876],[-75.651647,6.295675],[-75.651643,6.29561]]],[[[-75.646454,6.296315],[-75.646412,6.296377],[-75.646304,6.296466],[-75.646325,6.296586],[-75.646354,6.296622],[-75.646432,6.29667],[-75.646548,6.296606],[-75.64662,6.296513],[-75.646677,6.296369],[-75.646771,6.296254],[-75.647093,6.296032],[-75.647165,6.295946],[-75.647215,6.295881],[-75.647241,6.295756],[-75.647217,6.295679],[-75.647128,6.295619],[-75.647008,6.295626],[-75.646936,6.295716],[-75.646799,6.29581],[-75.64667,6.295939],[-75.646454,6.296315]]],[[[-75.641821,6.299903],[-75.641844,6.300138],[-75.641957,6.30013],[-75.641956,6.300084],[-75.642023,6.299941],[-75.642062,6.29973],[-75.642138,6.299635],[-75.642396,6.299434],[-75.642693,6.299338],[-75.642827,6.298993],[-75.642817,6.298904],[-75.642783,6.298875],[-75.642675,6.298842],[-75.642541,6.298852],[-75.642568,6.299089],[-75.642492,6.299204],[-75.642253,6.299319],[-75.642129,6.299357],[-75.641995,6.299472],[-75.641928,6.299558],[-75.641851,6.299711],[-75.641851,6.299845],[-75.641821,6.299903]]],[[[-75.64804,6.296343],[-75.647933,6.296356],[-75.647864,6.296387],[-75.647837,6.29655],[-75.647829,6.296715],[-75.647751,6.29716],[-75.647751,6.297253],[-75.647794,6.297389],[-75.647794,6.297456],[-75.647845,6.297513],[-75.647929,6.297545],[-75.648013,6.297545],[-75.648092,6.297518],[-75.648112,6.297502],[-75.648131,6.297432],[-75.648095,6.297332],[-75.648095,6.297224],[-75.647959,6.297059],[-75.648023,6.296894],[-75.648095,6.296528],[-75.648143,6.296435],[-75.648117,6.296383],[-75.64804,6.296343]]],[[[-75.647251,6.29875],[-75.647214,6.298771],[-75.647134,6.298882],[-75.647026,6.298961],[-75.646919,6.299068],[-75.646862,6.299169],[-75.646819,6.299305],[-75.646783,6.299607],[-75.646821,6.300015],[-75.646791,6.300113],[-75.646823,6.300172],[-75.646871,6.300195],[-75.646926,6.300191],[-75.64698,6.300165],[-75.646941,6.299865],[-75.647041,6.299621],[-75.646984,6.299478],[-75.647019,6.29937],[-75.647012,6.299205],[-75.647055,6.299133],[-75.647313,6.298961],[-75.647356,6.298882],[-75.647373,6.298809],[-75.647358,6.298779],[-75.647327,6.29876],[-75.647251,6.29875]]],[[[-75.647481,6.293526],[-75.647357,6.293566],[-75.647292,6.293629],[-75.647303,6.293748],[-75.647294,6.293867],[-75.647232,6.294039],[-75.647228,6.2941],[-75.647369,6.294126],[-75.647491,6.294117],[-75.647588,6.293994],[-75.647595,6.293915],[-75.647545,6.29365],[-75.647545,6.293526],[-75.647481,6.293526]]],[[[-75.646716,6.300821],[-75.646638,6.300837],[-75.646654,6.300965],[-75.646648,6.301055],[-75.646612,6.301222],[-75.646576,6.301318],[-75.646461,6.301461],[-75.646479,6.30154],[-75.646538,6.301567],[-75.646587,6.301566],[-75.646696,6.301474],[-75.646756,6.30139],[-75.646785,6.301211],[-75.646845,6.301109],[-75.646833,6.3009],[-75.646779,6.30083],[-75.646716,6.300821]]],[[[-75.648578,6.291204],[-75.648526,6.291225],[-75.648452,6.291331],[-75.648315,6.291404],[-75.648094,6.291457],[-75.648073,6.291531],[-75.648125,6.291742],[-75.648125,6.291858],[-75.648109,6.291908],[-75.648185,6.291891],[-75.648238,6.291817],[-75.648263,6.291689],[-75.648183,6.291647],[-75.648147,6.291583],[-75.648154,6.291525],[-75.648219,6.291468],[-75.648427,6.291432],[-75.648517,6.291451],[-75.648618,6.291607],[-75.6487,6.291584],[-75.648792,6.291532],[-75.648578,6.291204]]]]},"properties":{"nombre":"El Llano","riesgo":"Con condiciones de riesgo","amenaza":"Avenidas Torrenciales"}},{"type":"Feature","geometry":{"type":"Polygon","coordinates":[[[-75.561416,6.294469],[-75.561323,6.294499],[-75.561058,6.29466],[-75.560933,6.294768],[-75.561418,6.294584],[-75.561416,6.294469]]]},"properties":{"nombre":"Héctor Abad Gómez","riesgo":"Alto riesgo no mitigable","amenaza":"Inundaciones"}},{"type":"Feature","geometry":{"type":"Polygon","coordinates":[[[-75.561823,6.295328],[-75.561787,6.29535],[-75.561923,6.295439],[-75.561968,6.295543],[-75.562007,6.295506],[-75.561987,6.295498],[-75.561961,6.295397],[-75.561926,6.295356],[-75.561823,6.295328]]]},"properties":{"nombre":"Héctor Abad Gómez","riesgo":"Con condiciones de riesgo","amenaza":"Inundaciones"}},{"type":"Feature","geometry":{"type":"Polygon","coordinates":[[[-75.538952,6.263881],[-75.538987,6.263867],[-75.539029,6.263883],[-75.539119,6.263951],[-75.539155,6.263999],[-75.539203,6.264083],[-75.539218,6.264256],[-75.539292,6.264361],[-75.539365,6.264435],[-75.539397,6.264498],[-75.539397,6.264603],[-75.539369,6.264721],[-75.53946,6.265035],[-75.539577,6.265248],[-75.539774,6.265492],[-75.539896,6.2657],[-75.539923,6.26579],[-75.539965,6.266163],[-75.540034,6.266339],[-75.540135,6.26645],[-75.540354,6.266456],[-75.540455,6.266376],[-75.540604,6.266197],[-75.540612,6.26601],[-75.540642,6.265929],[-75.540683,6.26568],[-75.540698,6.265397],[-75.540654,6.265319],[-75.54062,6.265294],[-75.540494,6.265234],[-75.540313,6.265182],[-75.540175,6.265101],[-75.540125,6.265],[-75.540125,6.264949],[-75.540108,6.264924],[-75.540117,6.264479],[-75.540192,6.264168],[-75.540184,6.26374],[-75.540117,6.263538],[-75.540133,6.263236],[-75.540175,6.263135],[-75.540226,6.263118],[-75.540444,6.263093],[-75.540556,6.263137],[-75.540858,6.263125],[-75.541175,6.263029],[-75.541253,6.262957],[-75.54136,6.26273],[-75.541444,6.262638],[-75.541504,6.262597],[-75.541501,6.26263],[-75.541563,6.262462],[-75.541536,6.262318],[-75.54156,6.262273],[-75.541725,6.26213],[-75.541779,6.262049],[-75.541774,6.261968],[-75.541751,6.261903],[-75.541636,6.26181],[-75.541595,6.261731],[-75.541573,6.261716],[-75.541578,6.261687],[-75.541499,6.261711],[-75.541391,6.261705],[-75.54131,6.261673],[-75.541185,6.261662],[-75.540875,6.261534],[-75.540761,6.261519],[-75.540617,6.261524],[-75.540412,6.261484],[-75.540261,6.261408],[-75.540065,6.261378],[-75.539948,6.261311],[-75.53994,6.261324],[-75.539954,6.261344],[-75.540026,6.261379],[-75.539999,6.261458],[-75.539999,6.261516],[-75.540016,6.261592],[-75.540041,6.2616],[-75.540075,6.261676],[-75.540058,6.261802],[-75.540041,6.261827],[-75.539915,6.261861],[-75.539873,6.261894],[-75.539839,6.261953],[-75.539806,6.26213],[-75.539781,6.262146],[-75.539655,6.262146],[-75.539604,6.26213],[-75.539587,6.262104],[-75.539587,6.261852],[-75.539545,6.261752],[-75.53947,6.261651],[-75.539419,6.26155],[-75.539293,6.261449],[-75.539302,6.261323],[-75.539436,6.261205],[-75.539471,6.261133],[-75.539209,6.261115],[-75.539159,6.261133],[-75.539179,6.261166],[-75.539128,6.261267],[-75.539129,6.261348],[-75.539201,6.261546],[-75.539284,6.261714],[-75.539302,6.261953],[-75.53925,6.262097],[-75.539211,6.262148],[-75.539075,6.262237],[-75.539031,6.262286],[-75.538941,6.262325],[-75.539017,6.262419],[-75.539047,6.262514],[-75.539003,6.262753],[-75.538905,6.263098],[-75.538859,6.263159],[-75.538761,6.263197],[-75.538806,6.263264],[-75.53887,6.263443],[-75.538947,6.26375],[-75.538952,6.263881]],[[-75.539534,6.264355],[-75.539513,6.264339],[-75.539502,6.264255],[-75.539392,6.264139],[-75.539345,6.264003],[-75.539366,6.263808],[-75.539424,6.263735],[-75.539445,6.263671],[-75.539445,6.263551],[-75.539434,6.263509],[-75.539382,6.26344],[-75.539319,6.26343],[-75.539266,6.263388],[-75.53925,6.263346],[-75.539256,6.263304],[-75.539287,6.263272],[-75.539403,6.263353],[-75.539744,6.263425],[-75.539813,6.263503],[-75.539881,6.263693],[-75.539881,6.263903],[-75.539833,6.263971],[-75.539665,6.264097],[-75.539644,6.264223],[-75.539592,6.264349],[-75.539555,6.264376],[-75.539534,6.264355]]]},"properties":{"nombre":"Versalles No.2","riesgo":"Con condiciones de riesgo","amenaza":"Movimientos en masa"}},{"type":"Feature","geometry":{"type":"Polygon","coordinates":[[[-75.541476,6.265302],[-75.541485,6.265248],[-75.541376,6.265306],[-75.541322,6.265365],[-75.541264,6.265519],[-75.541243,6.265791],[-75.541211,6.265855],[-75.541008,6.26603],[-75.540982,6.266094],[-75.54095,6.266268],[-75.54095,6.266461],[-75.540964,6.266482],[-75.54095,6.26675],[-75.540966,6.266835],[-75.541046,6.266989],[-75.5412,6.267208],[-75.54126,6.267331],[-75.541264,6.267372],[-75.541307,6.267412],[-75.541268,6.267352],[-75.541263,6.267273],[-75.541289,6.267228],[-75.541323,6.267209],[-75.541338,6.267154],[-75.541334,6.266675],[-75.541371,6.266602],[-75.541364,6.266502],[-75.541407,6.266402],[-75.541397,6.266289],[-75.541468,6.265437],[-75.541451,6.265374],[-75.541476,6.265302]]]},"properties":{"nombre":"Versalles No.2","riesgo":"Con condiciones de riesgo","amenaza":"Movimientos en masa"}},{"type":"Feature","geometry":{"type":"MultiPolygon","coordinates":[[[[-75.540819,6.267626],[-75.540978,6.267665],[-75.541109,6.267734],[-75.541147,6.267738],[-75.541435,6.267675],[-75.541522,6.267621],[-75.541459,6.267621],[-75.541315,6.267587],[-75.541046,6.267497],[-75.540966,6.267435],[-75.540889,6.267347],[-75.540856,6.267336],[-75.540856,6.267314],[-75.540791,6.267281],[-75.540549,6.267029],[-75.540517,6.266897],[-75.540462,6.266843],[-75.540396,6.26681],[-75.540352,6.26681],[-75.54021,6.266766],[-75.539957,6.266766],[-75.539803,6.266741],[-75.539683,6.266744],[-75.539585,6.266766],[-75.539234,6.266777],[-75.539113,6.266799],[-75.538653,6.26681],[-75.538373,6.26686],[-75.538025,6.266881],[-75.537348,6.266875],[-75.537151,6.266864],[-75.537041,6.266842],[-75.536734,6.266842],[-75.536625,6.266864],[-75.536559,6.266897],[-75.536405,6.266897],[-75.536219,6.266853],[-75.536219,6.266831],[-75.536197,6.266831],[-75.536033,6.266678],[-75.535868,6.266579],[-75.535743,6.266557],[-75.535806,6.266611],[-75.53591,6.266891],[-75.536053,6.267013],[-75.536229,6.267099],[-75.536498,6.267117],[-75.536899,6.267049],[-75.537254,6.267217],[-75.53734,6.267228],[-75.537534,6.267318],[-75.537645,6.267321],[-75.537789,6.267296],[-75.538226,6.267422],[-75.538383,6.267448],[-75.538461,6.267435],[-75.538587,6.267461],[-75.538715,6.267464],[-75.538784,6.267432],[-75.538832,6.267449],[-75.538869,6.267518],[-75.538919,6.267544],[-75.539117,6.267496],[-75.539325,6.267588],[-75.539723,6.267685],[-75.540003,6.267677],[-75.540187,6.267587],[-75.54032,6.26763],[-75.540387,6.267625],[-75.540529,6.267532],[-75.540569,6.267528],[-75.540733,6.267561],[-75.540819,6.267626]]],[[[-75.535075,6.266441],[-75.535147,6.266452],[-75.535297,6.266534],[-75.535374,6.26652],[-75.535558,6.266461],[-75.535741,6.266375],[-75.535859,6.266288],[-75.535901,6.266216],[-75.535872,6.26622],[-75.535789,6.266282],[-75.535671,6.266314],[-75.535644,6.266337],[-75.535415,6.266328],[-75.535238,6.266383],[-75.535145,6.266431],[-75.535075,6.266441]]],[[[-75.53554,6.266557],[-75.535433,6.266593],[-75.535512,6.266582],[-75.53554,6.266557]]]]},"properties":{"nombre":"Versalles No.2","riesgo":"Con condiciones de riesgo","amenaza":"Movimientos en masa"}},{"type":"Feature","geometry":{"type":"Polygon","coordinates":[[[-75.534839,6.266529],[-75.535095,6.266524],[-75.535143,6.266502],[-75.535172,6.266518],[-75.535231,6.266612],[-75.535326,6.266663],[-75.535389,6.266665],[-75.535503,6.266701],[-75.535673,6.266653],[-75.535725,6.266666],[-75.535774,6.26672],[-75.535794,6.266839],[-75.53596,6.267085],[-75.536271,6.267265],[-75.536424,6.26733],[-75.536507,6.267339],[-75.536548,6.267327],[-75.536652,6.267255],[-75.536699,6.267243],[-75.536794,6.267234],[-75.537031,6.267263],[-75.537105,6.267295],[-75.537272,6.267499],[-75.537389,6.267579],[-75.537454,6.267575],[-75.537532,6.267525],[-75.537649,6.267502],[-75.537995,6.267539],[-75.538199,6.267538],[-75.538242,6.26757],[-75.538402,6.267594],[-75.538543,6.267538],[-75.538626,6.267557],[-75.538739,6.267546],[-75.538861,6.267558],[-75.538947,6.26763],[-75.539003,6.267651],[-75.539127,6.267621],[-75.539218,6.267625],[-75.53944,6.267719],[-75.539581,6.267731],[-75.539761,6.267773],[-75.539932,6.267773],[-75.540292,6.267675],[-75.540407,6.267668],[-75.540405,6.267652],[-75.540601,6.267545],[-75.540687,6.267549],[-75.540759,6.267604],[-75.540819,6.267626],[-75.540733,6.267561],[-75.540569,6.267528],[-75.540529,6.267532],[-75.540387,6.267625],[-75.54032,6.26763],[-75.540187,6.267587],[-75.540003,6.267677],[-75.539723,6.267685],[-75.539325,6.267588],[-75.539117,6.267496],[-75.538919,6.267544],[-75.538869,6.267518],[-75.538832,6.267449],[-75.538784,6.267432],[-75.538715,6.267464],[-75.538587,6.267461],[-75.538461,6.267435],[-75.538383,6.267448],[-75.538226,6.267422],[-75.537789,6.267296],[-75.537645,6.267321],[-75.537534,6.267318],[-75.53734,6.267228],[-75.537254,6.267217],[-75.536899,6.267049],[-75.536498,6.267117],[-75.536304,6.267113],[-75.536229,6.267099],[-75.536053,6.267013],[-75.535949,6.266934],[-75.53591,6.266891],[-75.535874,6.266812],[-75.535806,6.266611],[-75.535759,6.266564],[-75.535691,6.266536],[-75.53558,6.266536],[-75.535512,6.266582],[-75.535411,6.266596],[-75.535147,6.266452],[-75.535075,6.266441],[-75.534978,6.266454],[-75.534839,6.266529]]]},"properties":{"nombre":"Versalles No.2","riesgo":"Con condiciones de riesgo","amenaza":"Avenidas Torrenciales"}},{"type":"Feature","geometry":{"type":"MultiPolygon","coordinates":[[[[-75.562572,6.245842],[-75.562811,6.245967],[-75.562541,6.245667],[-75.562103,6.245349],[-75.561546,6.244912],[-75.561403,6.244727],[-75.561159,6.244508],[-75.560474,6.244026],[-75.560437,6.244014],[-75.560354,6.243901],[-75.560398,6.243114],[-75.560445,6.242904],[-75.560377,6.242792],[-75.560312,6.243156],[-75.560276,6.24393],[-75.560412,6.244084],[-75.561076,6.244548],[-75.561314,6.244744],[-75.561486,6.244967],[-75.56201,6.245403],[-75.56246,6.24573],[-75.562572,6.245842]]],[[[-75.56023,6.242007],[-75.560222,6.242072],[-75.560413,6.242343],[-75.560395,6.242624],[-75.560479,6.242729],[-75.560512,6.242325],[-75.560292,6.241968],[-75.56023,6.242007]]]]},"properties":{"nombre":"Bomboná No.1","riesgo":"Con condiciones de riesgo","amenaza":"Inundaciones"}},{"type":"Feature","geometry":{"type":"MultiPolygon","coordinates":[[[[-75.554512,6.270638],[-75.554193,6.270619],[-75.554013,6.270438],[-75.553863,6.270412],[-75.554054,6.270619],[-75.554076,6.27066],[-75.553657,6.270923],[-75.553481,6.270977],[-75.553328,6.270992],[-75.552255,6.270959],[-75.552019,6.270995],[-75.551682,6.270935],[-75.551419,6.271132],[-75.551302,6.271144],[-75.551006,6.271049],[-75.550827,6.271058],[-75.550642,6.271132],[-75.550558,6.271192],[-75.550567,6.271228],[-75.5506,6.271231],[-75.550926,6.271132],[-75.551042,6.271147],[-75.551174,6.271201],[-75.551407,6.271234],[-75.551488,6.27121],[-75.551718,6.271025],[-75.55201,6.271097],[-75.552241,6.271061],[-75.553451,6.271094],[-75.553746,6.27101],[-75.554009,6.270828],[-75.554168,6.270744],[-75.554341,6.270738],[-75.554492,6.270754],[-75.554512,6.270638]]],[[[-75.55283,6.270303],[-75.552883,6.270344],[-75.55295,6.270368],[-75.553072,6.270323],[-75.553121,6.270282],[-75.553037,6.270208],[-75.552947,6.270248],[-75.552908,6.270224],[-75.552859,6.270174],[-75.552775,6.270004],[-75.552689,6.269935],[-75.552601,6.269933],[-75.552436,6.26999],[-75.552363,6.269994],[-75.552348,6.270096],[-75.552431,6.270098],[-75.552601,6.270028],[-75.552684,6.270052],[-75.55283,6.270303]]],[[[-75.55039,6.276285],[-75.550584,6.276362],[-75.550728,6.276567],[-75.55079,6.276506],[-75.550665,6.276331],[-75.550589,6.276265],[-75.550403,6.276193],[-75.55039,6.276285]]],[[[-75.55349,6.276438],[-75.55319,6.276476],[-75.553016,6.276451],[-75.552991,6.276553],[-75.553248,6.276555],[-75.553473,6.276527],[-75.55349,6.276438]]],[[[-75.551886,6.27655],[-75.551804,6.27657],[-75.551698,6.276626],[-75.551674,6.276731],[-75.551858,6.276691],[-75.551939,6.276658],[-75.55191,6.276543],[-75.551886,6.27655]]],[[[-75.55184,6.269333],[-75.551824,6.269359],[-75.551922,6.269375],[-75.551933,6.269351],[-75.55184,6.269333]]]]},"properties":{"nombre":"Campo Valdés No.2","riesgo":"Con condiciones de riesgo","amenaza":"Inundaciones"}},{"type":"Feature","geometry":{"type":"Polygon","coordinates":[[[-75.608248,6.227175],[-75.608254,6.227279],[-75.608446,6.227362],[-75.608525,6.227345],[-75.608775,6.227145],[-75.608857,6.227134],[-75.609085,6.227197],[-75.609104,6.227177],[-75.609111,6.22704],[-75.609069,6.226898],[-75.609059,6.226733],[-75.609138,6.226584],[-75.609014,6.226606],[-75.608876,6.226547],[-75.608495,6.226095],[-75.608421,6.225974],[-75.608369,6.225943],[-75.60821,6.226061],[-75.608058,6.226223],[-75.607703,6.226454],[-75.607778,6.226454],[-75.607932,6.226503],[-75.608105,6.226635],[-75.608149,6.226762],[-75.608248,6.227175]]]},"properties":{"nombre":"Altavista","riesgo":"Con condiciones de riesgo","amenaza":"Movimientos en masa"}},{"type":"Feature","geometry":{"type":"Polygon","coordinates":[[[-75.605937,6.225724],[-75.605991,6.226099],[-75.606082,6.226036],[-75.606119,6.225968],[-75.60613,6.225873],[-75.606102,6.225771],[-75.606062,6.225716],[-75.605938,6.225629],[-75.605937,6.225724]]]},"properties":{"nombre":"Altavista","riesgo":"Con condiciones de riesgo","amenaza":"Movimientos en masa"}},{"type":"Feature","geometry":{"type":"Polygon","coordinates":[[[-75.607887,6.225615],[-75.60813,6.225763],[-75.608251,6.225749],[-75.608328,6.225653],[-75.608371,6.225429],[-75.608372,6.225267],[-75.608459,6.225169],[-75.608463,6.225105],[-75.608365,6.225018],[-75.60826,6.224867],[-75.608157,6.224829],[-75.608038,6.224855],[-75.607282,6.225293],[-75.607009,6.225513],[-75.607015,6.225635],[-75.607086,6.225704],[-75.607166,6.225675],[-75.60724,6.225675],[-75.607336,6.225713],[-75.607387,6.225695],[-75.607411,6.225658],[-75.607411,6.225587],[-75.607402,6.22554],[-75.60735,6.225458],[-75.6074,6.225424],[-75.607502,6.225464],[-75.607574,6.225559],[-75.607583,6.225609],[-75.607553,6.225669],[-75.607629,6.225669],[-75.607831,6.225607],[-75.607887,6.225615]]]},"properties":{"nombre":"Altavista","riesgo":"Con condiciones de riesgo","amenaza":"Movimientos en masa"}},{"type":"Feature","geometry":{"type":"Polygon","coordinates":[[[-75.606093,6.225494],[-75.6061,6.225509],[-75.606113,6.225504],[-75.606137,6.225444],[-75.606205,6.225391],[-75.606269,6.225402],[-75.606345,6.225441],[-75.606371,6.225474],[-75.606588,6.22548],[-75.606708,6.225411],[-75.606805,6.225262],[-75.606615,6.225351],[-75.606522,6.225354],[-75.606181,6.225259],[-75.606112,6.225374],[-75.606093,6.225494]]]},"properties":{"nombre":"Altavista","riesgo":"Con condiciones de riesgo","amenaza":"Movimientos en masa"}},{"type":"Feature","geometry":{"type":"Polygon","coordinates":[[[-75.611869,6.222631],[-75.611835,6.22278],[-75.611859,6.222888],[-75.611934,6.222929],[-75.61207,6.222968],[-75.61216,6.222962],[-75.612123,6.222898],[-75.611926,6.222731],[-75.611869,6.222631]]]},"properties":{"nombre":"Altavista","riesgo":"Alto riesgo no mitigable","amenaza":"Movimientos en masa"}},{"type":"Feature","geometry":{"type":"Polygon","coordinates":[[[-75.612085,6.222415],[-75.611954,6.222427],[-75.611907,6.222475],[-75.611895,6.22252],[-75.611956,6.222482],[-75.612029,6.222467],[-75.612085,6.222415]]]},"properties":{"nombre":"Altavista","riesgo":"Alto riesgo no mitigable","amenaza":"Movimientos en masa"}},{"type":"Feature","geometry":{"type":"Polygon","coordinates":[[[-75.60706,6.226858],[-75.606916,6.226923],[-75.60688,6.226954],[-75.60684,6.227047],[-75.606788,6.227074],[-75.606829,6.22719],[-75.607002,6.227095],[-75.607067,6.227082],[-75.607078,6.226848],[-75.60706,6.226858]]]},"properties":{"nombre":"Altavista","riesgo":"Con condiciones de riesgo","amenaza":"Inundaciones"}},{"type":"Feature","geometry":{"type":"Polygon","coordinates":[[[-75.622691,6.262643],[-75.623028,6.262461],[-75.623104,6.262336],[-75.623125,6.262255],[-75.623104,6.262181],[-75.622949,6.262031],[-75.62285,6.262073],[-75.622703,6.262061],[-75.622588,6.262083],[-75.622521,6.262131],[-75.622507,6.262212],[-75.622487,6.262236],[-75.622181,6.262451],[-75.621952,6.262403],[-75.621627,6.262403],[-75.621436,6.262423],[-75.621107,6.262491],[-75.621024,6.262487],[-75.620874,6.262444],[-75.620834,6.262462],[-75.620787,6.262571],[-75.620824,6.262654],[-75.620915,6.262662],[-75.621003,6.26271],[-75.621126,6.262808],[-75.621159,6.262863],[-75.621321,6.262824],[-75.621498,6.262757],[-75.621629,6.262796],[-75.621478,6.262568],[-75.621652,6.262485],[-75.621673,6.262504],[-75.621723,6.262507],[-75.621867,6.262474],[-75.62196,6.26248],[-75.62241,6.262651],[-75.622558,6.262664],[-75.622691,6.262643]]]},"properties":{"nombre":"Antonio Nariño","riesgo":"Alto riesgo no mitigable","amenaza":"Movimientos en masa"}},{"type":"Feature","geometry":{"type":"Polygon","coordinates":[[[-75.598823,6.267493],[-75.598758,6.267545],[-75.598981,6.26787],[-75.59901,6.267838],[-75.598925,6.267645],[-75.598823,6.267493]]]},"properties":{"nombre":"Ferrini","riesgo":"Con condiciones de riesgo","amenaza":"Movimientos en masa"}},{"type":"Feature","geometry":{"type":"Polygon","coordinates":[[[-75.633767,6.296787],[-75.633457,6.296938],[-75.63311,6.297179],[-75.63302,6.297391],[-75.633095,6.297798],[-75.633186,6.297995],[-75.633224,6.298115],[-75.633329,6.298304],[-75.63351,6.29844],[-75.633782,6.298682],[-75.633903,6.298757],[-75.634061,6.29878],[-75.634227,6.298757],[-75.634348,6.298651],[-75.634423,6.298319],[-75.634272,6.297119],[-75.634287,6.296937],[-75.634242,6.296809],[-75.634257,6.296658],[-75.634076,6.296651],[-75.633767,6.296787]]]},"properties":{"nombre":"La Ilusión","riesgo":"Con condiciones de riesgo","amenaza":"Movimientos en masa"}},{"type":"Feature","geometry":{"type":"Polygon","coordinates":[[[-75.593713,6.295082],[-75.593817,6.295064],[-75.593975,6.294985],[-75.593936,6.294892],[-75.593846,6.294228],[-75.593703,6.294206],[-75.593649,6.294174],[-75.593485,6.294228],[-75.593412,6.294357],[-75.593358,6.294386],[-75.593337,6.294429],[-75.593355,6.294576],[-75.593419,6.294744],[-75.593452,6.295024],[-75.593613,6.295075],[-75.593713,6.295082]]]},"properties":{"nombre":"Aures No.2","riesgo":"Con condiciones de riesgo","amenaza":"Movimientos en masa"}},{"type":"Feature","geometry":{"type":"Polygon","coordinates":[[[-75.595379,6.292824],[-75.595569,6.293309],[-75.595719,6.293958],[-75.595781,6.294162],[-75.595873,6.294381],[-75.595939,6.294313],[-75.595978,6.294355],[-75.596032,6.294367],[-75.596077,6.294332],[-75.596116,6.294224],[-75.596228,6.294176],[-75.596396,6.294204],[-75.596565,6.29411],[-75.596798,6.294186],[-75.596817,6.294141],[-75.596862,6.294107],[-75.597007,6.294067],[-75.597084,6.294067],[-75.597134,6.294035],[-75.597144,6.293998],[-75.597222,6.294],[-75.59706,6.293871],[-75.596998,6.293773],[-75.596946,6.293723],[-75.596879,6.293711],[-75.59667,6.293735],[-75.596532,6.293726],[-75.596448,6.293669],[-75.596362,6.293644],[-75.596278,6.293563],[-75.596,6.293504],[-75.595795,6.293327],[-75.595683,6.293191],[-75.595626,6.293144],[-75.595592,6.293093],[-75.59559,6.293018],[-75.595379,6.292824]],[[-75.596011,6.294199],[-75.595945,6.294165],[-75.595908,6.294118],[-75.595882,6.294042],[-75.595879,6.293941],[-75.595923,6.29388],[-75.596037,6.293849],[-75.596106,6.293883],[-75.596178,6.293971],[-75.59627,6.294001],[-75.596298,6.294045],[-75.596277,6.294084],[-75.596192,6.294146],[-75.596087,6.294196],[-75.596011,6.294199]]]},"properties":{"nombre":"Aures No.2","riesgo":"Con condiciones de riesgo","amenaza":"Movimientos en masa"}},{"type":"Feature","geometry":{"type":"Polygon","coordinates":[[[-75.597295,6.294031],[-75.597341,6.29402],[-75.597202,6.29392],[-75.597129,6.293835],[-75.597088,6.293749],[-75.596971,6.293652],[-75.59691,6.293637],[-75.596844,6.293662],[-75.596745,6.293673],[-75.596519,6.293655],[-75.596439,6.293605],[-75.596384,6.293591],[-75.59632,6.293521],[-75.596061,6.293475],[-75.595944,6.293358],[-75.595816,6.293261],[-75.595681,6.293113],[-75.595655,6.292995],[-75.595623,6.292946],[-75.595407,6.292774],[-75.595295,6.292715],[-75.595053,6.292635],[-75.594915,6.292618],[-75.594895,6.292673],[-75.595017,6.292684],[-75.59523,6.292738],[-75.595364,6.292805],[-75.595436,6.292886],[-75.59559,6.293018],[-75.595592,6.293093],[-75.595626,6.293144],[-75.595683,6.293191],[-75.595795,6.293327],[-75.596,6.293504],[-75.596278,6.293563],[-75.596362,6.293644],[-75.596448,6.293669],[-75.596532,6.293726],[-75.59667,6.293735],[-75.596879,6.293711],[-75.596946,6.293723],[-75.597116,6.293924],[-75.597222,6.294],[-75.597295,6.294031]]]},"properties":{"nombre":"Aures No.2","riesgo":"Con condiciones de riesgo","amenaza":"Inundaciones"}},{"type":"Feature","geometry":{"type":"Polygon","coordinates":[[[-75.603514,6.275312],[-75.603597,6.275232],[-75.603648,6.275245],[-75.603699,6.275223],[-75.60376,6.275257],[-75.603891,6.275256],[-75.60396,6.275289],[-75.60403,6.275263],[-75.604073,6.275295],[-75.604198,6.27532],[-75.604268,6.275352],[-75.60456,6.275535],[-75.604678,6.275593],[-75.604752,6.275607],[-75.60488,6.275684],[-75.604937,6.275689],[-75.604977,6.275751],[-75.605027,6.275779],[-75.605187,6.275938],[-75.605197,6.275969],[-75.605179,6.275999],[-75.605265,6.27602],[-75.605313,6.2761],[-75.605417,6.276205],[-75.605487,6.276221],[-75.605525,6.276285],[-75.6059,6.276458],[-75.606063,6.276495],[-75.606514,6.27652],[-75.606699,6.276487],[-75.606762,6.276425],[-75.606847,6.276388],[-75.607143,6.276335],[-75.607373,6.276412],[-75.607559,6.276455],[-75.607712,6.276528],[-75.607771,6.276572],[-75.607774,6.276479],[-75.607741,6.276456],[-75.607238,6.276297],[-75.607031,6.276295],[-75.60673,6.276379],[-75.606624,6.276389],[-75.606445,6.276357],[-75.606338,6.27632],[-75.606106,6.276211],[-75.605595,6.275897],[-75.605525,6.275832],[-75.605406,6.275673],[-75.605332,6.275622],[-75.605171,6.275582],[-75.604883,6.275576],[-75.604632,6.275467],[-75.604579,6.275401],[-75.604443,6.275302],[-75.604146,6.275181],[-75.60385,6.275102],[-75.603691,6.2751],[-75.603571,6.275135],[-75.603478,6.27519],[-75.603514,6.275312]]]},"properties":{"nombre":"Blanquizal","riesgo":"Con condiciones de riesgo","amenaza":"Avenidas Torrenciales"}},{"type":"Feature","geometry":{"type":"Polygon","coordinates":[[[-75.552399,6.254015],[-75.5524,6.254],[-75.552425,6.254008],[-75.552493,6.253973],[-75.552638,6.253841],[-75.55278,6.25379],[-75.552774,6.253614],[-75.552716,6.253548],[-75.552645,6.25353],[-75.552545,6.253546],[-75.551945,6.253852],[-75.551872,6.253933],[-75.55183,6.254017],[-75.551828,6.254165],[-75.551843,6.254196],[-75.551918,6.254204],[-75.552,6.254256],[-75.552055,6.25431],[-75.552063,6.254385],[-75.552112,6.254411],[-75.552134,6.254444],[-75.552248,6.254496],[-75.552309,6.254487],[-75.552327,6.25436],[-75.552378,6.254186],[-75.552329,6.254181],[-75.552344,6.254013],[-75.552354,6.253994],[-75.552399,6.254015]]]},"properties":{"nombre":"La Ladera","riesgo":"Con condiciones de riesgo","amenaza":"Movimientos en masa"}},{"type":"Feature","geometry":{"type":"Polygon","coordinates":[[[-75.552398,6.254019],[-75.552354,6.253994],[-75.552344,6.254013],[-75.552329,6.254181],[-75.552378,6.254186],[-75.552398,6.254019]]]},"properties":{"nombre":"La Ladera","riesgo":"Con condiciones de riesgo","amenaza":"Inundaciones"}},{"type":"Feature","geometry":{"type":"Polygon","coordinates":[[[-75.549748,6.242704],[-75.550179,6.242693],[-75.549912,6.242692],[-75.549748,6.242673],[-75.549748,6.242704]]]},"properties":{"nombre":"Sucre","riesgo":"Con condiciones de riesgo","amenaza":"Avenidas Torrenciales"}},{"type":"Feature","geometry":{"type":"Polygon","coordinates":[[[-75.550553,6.242681],[-75.5511,6.242658],[-75.551863,6.24273],[-75.55152,6.242694],[-75.551407,6.242668],[-75.551141,6.242648],[-75.55101,6.242657],[-75.550932,6.242621],[-75.550774,6.242657],[-75.550553,6.242681]]]},"properties":{"nombre":"Sucre","riesgo":"Con condiciones de riesgo","amenaza":"Avenidas Torrenciales"}},{"type":"Feature","geometry":{"type":"Polygon","coordinates":[[[-75.552324,6.242794],[-75.552663,6.242856],[-75.552793,6.242861],[-75.552324,6.242794]]]},"properties":{"nombre":"Sucre","riesgo":"Con condiciones de riesgo","amenaza":"Avenidas Torrenciales"}},{"type":"Feature","geometry":{"type":"Polygon","coordinates":[[[-75.552839,6.247394],[-75.55295,6.247398],[-75.553035,6.247427],[-75.553061,6.247334],[-75.552953,6.247282],[-75.552668,6.247276],[-75.552839,6.247394]]]},"properties":{"nombre":"Sucre","riesgo":"Con condiciones de riesgo","amenaza":"Inundaciones"}},{"type":"Feature","geometry":{"type":"MultiPolygon","coordinates":[[[[-75.555646,6.245606],[-75.555598,6.245623],[-75.555574,6.245656],[-75.555541,6.245764],[-75.555538,6.245851],[-75.555619,6.245988],[-75.555622,6.246071],[-75.555766,6.245818],[-75.555646,6.245606]]],[[[-75.553378,6.243],[-75.553589,6.243082],[-75.553689,6.243146],[-75.553786,6.243254],[-75.553853,6.243401],[-75.553883,6.24342],[-75.553803,6.243172],[-75.553659,6.243078],[-75.553622,6.243079],[-75.553574,6.243047],[-75.553378,6.243]]]]},"properties":{"nombre":"Sucre","riesgo":"Con condiciones de riesgo","amenaza":"Avenidas Torrenciales"}},{"type":"Feature","geometry":{"type":"MultiPolygon","coordinates":[[[[-75.640227,6.277669],[-75.640417,6.277743],[-75.64032,6.277695],[-75.640227,6.277669]]],[[[-75.639971,6.277599],[-75.640142,6.27764],[-75.640042,6.277604],[-75.639971,6.277599]]]]},"properties":{"nombre":"La Palma","riesgo":"Con condiciones de riesgo","amenaza":"Movimientos en masa"}},{"type":"Feature","geometry":{"type":"Polygon","coordinates":[[[-75.639342,6.275115],[-75.639122,6.275389],[-75.639022,6.275439],[-75.639127,6.275435],[-75.639227,6.275401],[-75.639605,6.275014],[-75.63972,6.274856],[-75.639758,6.27475],[-75.639739,6.274655],[-75.639696,6.274655],[-75.639482,6.274931],[-75.639438,6.275033],[-75.639342,6.275115]]]},"properties":{"nombre":"La Palma","riesgo":"Con condiciones de riesgo","amenaza":"Avenidas Torrenciales"}},{"type":"Feature","geometry":{"type":"MultiPolygon","coordinates":[[[[-75.645511,6.27546],[-75.645457,6.275341],[-75.645278,6.275208],[-75.645158,6.275156],[-75.644943,6.275195],[-75.644596,6.275291],[-75.644489,6.275351],[-75.644389,6.275484],[-75.644286,6.275566],[-75.644059,6.275614],[-75.643664,6.275806],[-75.643569,6.27583],[-75.643449,6.27583],[-75.64327,6.275925],[-75.643126,6.275961],[-75.642959,6.276069],[-75.64284,6.276248],[-75.64272,6.27638],[-75.642624,6.276428],[-75.642158,6.276428],[-75.642051,6.276476],[-75.641919,6.276571],[-75.641812,6.276619],[-75.641716,6.276787],[-75.641632,6.27687],[-75.641445,6.276957],[-75.641473,6.277228],[-75.641503,6.277312],[-75.641543,6.27738],[-75.64202,6.277262],[-75.642579,6.276819],[-75.643137,6.276566],[-75.643717,6.276355],[-75.643875,6.276312],[-75.644139,6.276186],[-75.644381,6.275964],[-75.644602,6.275848],[-75.644946,6.275806],[-75.644965,6.27579],[-75.645091,6.275771],[-75.645203,6.275721],[-75.645511,6.27546]]],[[[-75.650705,6.274588],[-75.651485,6.274898],[-75.651664,6.274961],[-75.651746,6.274957],[-75.651776,6.274776],[-75.651658,6.274692],[-75.651419,6.274635],[-75.651171,6.27451],[-75.650922,6.27429],[-75.650798,6.274243],[-75.650501,6.274166],[-75.650434,6.274128],[-75.650444,6.274032],[-75.650865,6.274042],[-75.651152,6.274003],[-75.651611,6.273831],[-75.651859,6.273783],[-75.65207,6.273773],[-75.652261,6.273706],[-75.6525,6.273572],[-75.652586,6.273467],[-75.652653,6.273343],[-75.652758,6.273238],[-75.652806,6.273151],[-75.652863,6.272989],[-75.652758,6.272931],[-75.652538,6.272979],[-75.652203,6.273199],[-75.651964,6.273305],[-75.65183,6.2734],[-75.651725,6.273448],[-75.65163,6.273534],[-75.651515,6.273573],[-75.651324,6.273601],[-75.651218,6.27363],[-75.651113,6.273688],[-75.650798,6.273755],[-75.65054,6.273831],[-75.650243,6.273831],[-75.650128,6.27386],[-75.649995,6.273956],[-75.64987,6.274128],[-75.64976,6.274199],[-75.64976,6.274317],[-75.649784,6.274424],[-75.65002,6.274339],[-75.650178,6.27436],[-75.65056,6.274526],[-75.650616,6.27452],[-75.650705,6.274588]]],[[[-75.639647,6.277875],[-75.64006,6.278064],[-75.640376,6.278064],[-75.640453,6.278046],[-75.640511,6.277955],[-75.640563,6.277845],[-75.640556,6.277722],[-75.640413,6.277744],[-75.640174,6.277648],[-75.639816,6.277572],[-75.639786,6.277523],[-75.639543,6.277562],[-75.6395,6.277581],[-75.639647,6.277875]]],[[[-75.638554,6.276475],[-75.638587,6.276491],[-75.638696,6.276477],[-75.638681,6.276472],[-75.63873,6.276363],[-75.638764,6.276219],[-75.638845,6.2761],[-75.639012,6.275999],[-75.63907,6.275947],[-75.639194,6.275889],[-75.639266,6.275813],[-75.63927,6.275736],[-75.639208,6.275679],[-75.63906,6.27564],[-75.639022,6.275616],[-75.638964,6.275521],[-75.638968,6.275465],[-75.638872,6.275514],[-75.63885,6.275596],[-75.638856,6.275745],[-75.638898,6.275813],[-75.638872,6.275842],[-75.638862,6.275943],[-75.638672,6.276207],[-75.638656,6.276261],[-75.638678,6.27633],[-75.638673,6.276366],[-75.638554,6.276475]]],[[[-75.638448,6.276578],[-75.63832,6.27678],[-75.638501,6.276875],[-75.638515,6.276773],[-75.638486,6.276653],[-75.638448,6.276578]]]]},"properties":{"nombre":"La Palma","riesgo":"Con condiciones de riesgo","amenaza":"Avenidas Torrenciales"}},{"type":"Feature","geometry":{"type":"Polygon","coordinates":[[[-75.669152,6.230252],[-75.66898,6.230438],[-75.668708,6.230625],[-75.668593,6.230855],[-75.668464,6.231063],[-75.668134,6.231357],[-75.667819,6.23178],[-75.667762,6.231967],[-75.66807,6.231981],[-75.668242,6.23201],[-75.668474,6.231959],[-75.668665,6.231479],[-75.668765,6.231357],[-75.668859,6.231041],[-75.668945,6.230905],[-75.669554,6.230309],[-75.669532,6.230137],[-75.669353,6.230094],[-75.669152,6.230252]]]},"properties":{"nombre":"El Astillero","riesgo":"Con condiciones de riesgo","amenaza":"Movimientos en masa"}},{"type":"Feature","geometry":{"type":"Polygon","coordinates":[[[-75.670988,6.22587],[-75.670792,6.225942],[-75.670715,6.226],[-75.670639,6.226114],[-75.670667,6.226354],[-75.670849,6.226827],[-75.670873,6.226857],[-75.671056,6.226781],[-75.671161,6.226666],[-75.671161,6.226523],[-75.671104,6.226408],[-75.671142,6.226293],[-75.671286,6.226188],[-75.671372,6.226102],[-75.671467,6.225949],[-75.671375,6.22587],[-75.671169,6.225851],[-75.670988,6.22587]]]},"properties":{"nombre":"El Astillero","riesgo":"Con condiciones de riesgo","amenaza":"Movimientos en masa"}},{"type":"Feature","geometry":{"type":"Polygon","coordinates":[[[-75.662469,6.182039],[-75.66259,6.182097],[-75.662695,6.182189],[-75.662739,6.1822],[-75.662592,6.182094],[-75.662469,6.182039]]]},"properties":{"nombre":"Potrerito","riesgo":"Con condiciones de riesgo","amenaza":"Movimientos en masa"}},{"type":"Feature","geometry":{"type":"Polygon","coordinates":[[[-75.66111,6.183146],[-75.661061,6.183206],[-75.660914,6.183299],[-75.660884,6.183383],[-75.660862,6.183562],[-75.660858,6.183784],[-75.660881,6.183918],[-75.660798,6.184132],[-75.660769,6.184271],[-75.660761,6.184332],[-75.660782,6.184375],[-75.660784,6.184427],[-75.660491,6.184631],[-75.660446,6.184745],[-75.66079,6.184547],[-75.660848,6.184484],[-75.6609,6.184317],[-75.660871,6.184087],[-75.66089,6.183992],[-75.660929,6.183906],[-75.660976,6.183843],[-75.661053,6.183595],[-75.661196,6.183485],[-75.66155,6.18304],[-75.661703,6.182929],[-75.661693,6.182863],[-75.661626,6.182762],[-75.661606,6.18267],[-75.661531,6.182702],[-75.661492,6.182911],[-75.661411,6.182955],[-75.661282,6.182994],[-75.661179,6.183109],[-75.66111,6.183146]]]},"properties":{"nombre":"Potrerito","riesgo":"Con condiciones de riesgo","amenaza":"Movimientos en masa"}},{"type":"Feature","geometry":{"type":"Polygon","coordinates":[[[-75.660572,6.185056],[-75.660841,6.185214],[-75.66087,6.185215],[-75.661143,6.185392],[-75.661317,6.185362],[-75.661319,6.18535],[-75.661199,6.185279],[-75.661133,6.185264],[-75.661008,6.185174],[-75.660779,6.185068],[-75.660572,6.185056]]]},"properties":{"nombre":"Potrerito","riesgo":"Con condiciones de riesgo","amenaza":"Movimientos en masa"}},{"type":"Feature","geometry":{"type":"Polygon","coordinates":[[[-75.661048,6.185587],[-75.661176,6.185641],[-75.661195,6.185628],[-75.6613,6.185441],[-75.661315,6.185371],[-75.66117,6.185571],[-75.661058,6.185565],[-75.661048,6.185587]]]},"properties":{"nombre":"Potrerito","riesgo":"Con condiciones de riesgo","amenaza":"Movimientos en masa"}},{"type":"Feature","geometry":{"type":"Polygon","coordinates":[[[-75.661346,6.185896],[-75.661395,6.185954],[-75.661504,6.18593],[-75.661419,6.185896],[-75.661346,6.185896]]]},"properties":{"nombre":"Potrerito","riesgo":"Con condiciones de riesgo","amenaza":"Movimientos en masa"}},{"type":"Feature","geometry":{"type":"Polygon","coordinates":[[[-75.661691,6.186382],[-75.661761,6.186278],[-75.661906,6.186403],[-75.661864,6.186178],[-75.661764,6.186073],[-75.661654,6.186006],[-75.661629,6.185994],[-75.661547,6.186002],[-75.661588,6.186056],[-75.661619,6.186033],[-75.661654,6.186072],[-75.661625,6.186095],[-75.661657,6.186142],[-75.661546,6.186226],[-75.661561,6.186238],[-75.661581,6.186222],[-75.661626,6.186276],[-75.661609,6.186289],[-75.661691,6.186382]]]},"properties":{"nombre":"Potrerito","riesgo":"Con condiciones de riesgo","amenaza":"Movimientos en masa"}},{"type":"Feature","geometry":{"type":"MultiPolygon","coordinates":[[[[-75.670886,6.180351],[-75.671317,6.180737],[-75.671456,6.180746],[-75.671561,6.180728],[-75.671706,6.180663],[-75.671897,6.180493],[-75.672065,6.180408],[-75.67213,6.180338],[-75.671905,6.180347],[-75.671332,6.180299],[-75.671179,6.180223],[-75.670892,6.179945],[-75.670729,6.179821],[-75.670299,6.179735],[-75.670031,6.179706],[-75.669859,6.179706],[-75.66941,6.17964],[-75.66875,6.17963],[-75.668537,6.179574],[-75.668715,6.179885],[-75.669357,6.180023],[-75.669619,6.180051],[-75.669899,6.180048],[-75.670292,6.1801],[-75.670638,6.18019],[-75.670752,6.180247],[-75.670886,6.180351]]],[[[-75.671618,6.180079],[-75.671848,6.180108],[-75.672062,6.180003],[-75.671644,6.179971],[-75.671505,6.179943],[-75.671274,6.179781],[-75.671169,6.179649],[-75.671074,6.179466],[-75.670991,6.179416],[-75.67086,6.179397],[-75.670678,6.179424],[-75.670546,6.179424],[-75.670477,6.179418],[-75.670381,6.179383],[-75.670211,6.179248],[-75.670179,6.179195],[-75.670144,6.17905],[-75.670116,6.179003],[-75.669957,6.178872],[-75.669741,6.178862],[-75.669406,6.178982],[-75.66922,6.179008],[-75.668963,6.178987],[-75.668507,6.178848],[-75.668446,6.178847],[-75.668357,6.17888],[-75.668301,6.178978],[-75.66826,6.179113],[-75.669047,6.179314],[-75.669333,6.179362],[-75.669639,6.179362],[-75.669993,6.179439],[-75.670337,6.179477],[-75.670615,6.179553],[-75.670892,6.179649],[-75.671618,6.180079]]]]},"properties":{"nombre":"Potrerito","riesgo":"Con condiciones de riesgo","amenaza":"Movimientos en masa"}},{"type":"Feature","geometry":{"type":"Polygon","coordinates":[[[-75.671378,6.192551],[-75.671473,6.192714],[-75.671827,6.192695],[-75.672047,6.192542],[-75.672468,6.192484],[-75.672774,6.192561],[-75.673127,6.192561],[-75.673452,6.192522],[-75.67373,6.192427],[-75.674294,6.191929],[-75.674418,6.191728],[-75.674513,6.191642],[-75.674695,6.191556],[-75.674858,6.19145],[-75.674921,6.191356],[-75.674837,6.191105],[-75.674688,6.191159],[-75.674568,6.191291],[-75.674443,6.191261],[-75.67427,6.191285],[-75.674025,6.19147],[-75.673696,6.191781],[-75.673367,6.191997],[-75.673188,6.192062],[-75.673045,6.192146],[-75.672734,6.192224],[-75.672579,6.192242],[-75.67237,6.19223],[-75.672184,6.192272],[-75.672053,6.192356],[-75.671588,6.192389],[-75.671378,6.192551]]]},"properties":{"nombre":"Potrerito","riesgo":"Con condiciones de riesgo","amenaza":"Movimientos en masa"}},{"type":"Feature","geometry":{"type":"Polygon","coordinates":[[[-75.660962,6.194646],[-75.661041,6.194708],[-75.66144,6.19481],[-75.661565,6.194877],[-75.661679,6.194887],[-75.661754,6.194852],[-75.661725,6.194729],[-75.66157,6.194579],[-75.661373,6.19434],[-75.661229,6.194304],[-75.661074,6.19446],[-75.660962,6.194646]]]},"properties":{"nombre":"Potrerito","riesgo":"Con condiciones de riesgo","amenaza":"Movimientos en masa"}},{"type":"Feature","geometry":{"type":"Polygon","coordinates":[[[-75.660218,6.192014],[-75.660121,6.192037],[-75.660046,6.192087],[-75.659878,6.192363],[-75.659885,6.192463],[-75.659964,6.192474],[-75.660071,6.192406],[-75.660129,6.192356],[-75.660204,6.192223],[-75.660311,6.192123],[-75.660566,6.192065],[-75.660846,6.192065],[-75.660914,6.192047],[-75.660971,6.191986],[-75.660935,6.191846],[-75.660828,6.191839],[-75.660699,6.191879],[-75.660519,6.191965],[-75.660372,6.191996],[-75.660357,6.192026],[-75.660273,6.192044],[-75.660218,6.192014]]]},"properties":{"nombre":"Potrerito","riesgo":"Con condiciones de riesgo","amenaza":"Movimientos en masa"}},{"type":"Feature","geometry":{"type":"Polygon","coordinates":[[[-75.662236,6.188297],[-75.662191,6.188307],[-75.662158,6.188337],[-75.662161,6.188418],[-75.662089,6.188535],[-75.661996,6.18855],[-75.661969,6.188487],[-75.661898,6.188496],[-75.661898,6.188607],[-75.661958,6.188801],[-75.662077,6.188767],[-75.662139,6.188705],[-75.662211,6.188556],[-75.662235,6.188456],[-75.662236,6.188297]]]},"properties":{"nombre":"Potrerito","riesgo":"Con condiciones de riesgo","amenaza":"Movimientos en masa"}},{"type":"Feature","geometry":{"type":"Polygon","coordinates":[[[-75.662942,6.180342],[-75.662956,6.180543],[-75.662942,6.180638],[-75.662947,6.18083],[-75.662995,6.180983],[-75.66299,6.181064],[-75.662942,6.18116],[-75.662947,6.181246],[-75.66298,6.181346],[-75.663125,6.181459],[-75.663167,6.181308],[-75.663143,6.180959],[-75.663152,6.180791],[-75.663219,6.180552],[-75.6632,6.180385],[-75.663143,6.180327],[-75.663014,6.180294],[-75.662942,6.180342]]]},"properties":{"nombre":"Potrerito","riesgo":"Con condiciones de riesgo","amenaza":"Movimientos en masa"}},{"type":"Feature","geometry":{"type":"Polygon","coordinates":[[[-75.671376,6.184586],[-75.671263,6.184642],[-75.671127,6.184788],[-75.670981,6.184835],[-75.670711,6.185096],[-75.67066,6.185225],[-75.670531,6.185384],[-75.670445,6.185548],[-75.670485,6.185595],[-75.670764,6.185768],[-75.670985,6.186047],[-75.671086,6.185998],[-75.671288,6.18585],[-75.671374,6.185606],[-75.671413,6.185523],[-75.671435,6.185508],[-75.671626,6.185093],[-75.671549,6.184641],[-75.671484,6.184589],[-75.671432,6.184571],[-75.671376,6.184586]]]},"properties":{"nombre":"Potrerito","riesgo":"Con condiciones de riesgo","amenaza":"Movimientos en masa"}},{"type":"Feature","geometry":{"type":"Polygon","coordinates":[[[-75.675573,6.191114],[-75.67558,6.191163],[-75.675585,6.19114],[-75.675573,6.191114]]]},"properties":{"nombre":"Potrerito","riesgo":"Con condiciones de riesgo","amenaza":"Avenidas Torrenciales"}},{"type":"Feature","geometry":{"type":"Polygon","coordinates":[[[-75.660722,6.194645],[-75.660768,6.194771],[-75.66082,6.194834],[-75.661041,6.194875],[-75.660998,6.194848],[-75.66089,6.194841],[-75.660825,6.194798],[-75.660754,6.194719],[-75.660722,6.194645]]]},"properties":{"nombre":"Potrerito","riesgo":"Con condiciones de riesgo","amenaza":"Avenidas Torrenciales"}},{"type":"Feature","geometry":{"type":"Polygon","coordinates":[[[-75.662419,6.179469],[-75.662463,6.179492],[-75.662553,6.179474],[-75.66261,6.179428],[-75.66261,6.179371],[-75.662419,6.179469]]]},"properties":{"nombre":"Potrerito","riesgo":"Con condiciones de riesgo","amenaza":"Avenidas Torrenciales"}},{"type":"Feature","geometry":{"type":"Polygon","coordinates":[[[-75.675933,6.190163],[-75.675777,6.19017],[-75.675703,6.190236],[-75.675694,6.190387],[-75.675637,6.190502],[-75.675617,6.190607],[-75.675625,6.190677],[-75.675922,6.190612],[-75.675933,6.190163]]]},"properties":{"nombre":"Potrerito","riesgo":"Con condiciones de riesgo","amenaza":"Avenidas Torrenciales"}},{"type":"Feature","geometry":{"type":"Polygon","coordinates":[[[-75.667329,6.182367],[-75.667473,6.182475],[-75.667664,6.182558],[-75.667819,6.18257],[-75.667975,6.182558],[-75.668118,6.182498],[-75.668393,6.182307],[-75.668512,6.182403],[-75.668727,6.182486],[-75.669019,6.182538],[-75.669062,6.182495],[-75.669095,6.182419],[-75.669095,6.182304],[-75.669054,6.182247],[-75.668847,6.182223],[-75.668644,6.182128],[-75.668441,6.18208],[-75.668333,6.18208],[-75.668166,6.18214],[-75.668058,6.182211],[-75.667915,6.182259],[-75.667748,6.182271],[-75.667628,6.182188],[-75.66757,6.182071],[-75.667488,6.182068],[-75.667417,6.182125],[-75.667359,6.182212],[-75.667329,6.182367]]]},"properties":{"nombre":"Potrerito","riesgo":"Con condiciones de riesgo","amenaza":"Avenidas Torrenciales"}},{"type":"Feature","geometry":{"type":"MultiPolygon","coordinates":[[[[-75.661158,6.194897],[-75.662502,6.195122],[-75.662524,6.195089],[-75.662549,6.194963],[-75.662501,6.194839],[-75.662052,6.194762],[-75.661909,6.194772],[-75.661679,6.194887],[-75.661565,6.194877],[-75.66144,6.19481],[-75.661041,6.194708],[-75.660946,6.194632],[-75.660879,6.194479],[-75.660783,6.194364],[-75.660751,6.19428],[-75.660661,6.194214],[-75.660569,6.194218],[-75.660754,6.194719],[-75.660825,6.194798],[-75.66089,6.194841],[-75.660998,6.194848],[-75.661041,6.194875],[-75.661158,6.194897]]],[[[-75.662073,6.188866],[-75.662103,6.1889],[-75.662175,6.18892],[-75.662298,6.188851],[-75.662352,6.188785],[-75.662388,6.188707],[-75.662388,6.188599],[-75.66237,6.188528],[-75.662382,6.188468],[-75.662412,6.188366],[-75.662442,6.188336],[-75.662469,6.188193],[-75.662519,6.188056],[-75.662583,6.187992],[-75.662827,6.18782],[-75.662877,6.187726],[-75.66292,6.187597],[-75.662999,6.187497],[-75.663056,6.187296],[-75.66302,6.187073],[-75.663042,6.18698],[-75.663015,6.186926],[-75.662969,6.186893],[-75.662784,6.186894],[-75.662741,6.186944],[-75.662741,6.187088],[-75.662848,6.187174],[-75.662856,6.187217],[-75.662798,6.187396],[-75.662791,6.187482],[-75.662807,6.187568],[-75.662863,6.187597],[-75.662875,6.18764],[-75.662811,6.187764],[-75.662678,6.187805],[-75.662479,6.188041],[-75.662365,6.188123],[-75.662346,6.188165],[-75.662347,6.188271],[-75.662237,6.188276],[-75.662235,6.188456],[-75.662211,6.188556],[-75.662139,6.188705],[-75.662077,6.188767],[-75.662073,6.188866]]],[[[-75.660446,6.190549],[-75.660421,6.19058],[-75.66041,6.190639],[-75.660237,6.190872],[-75.660201,6.191028],[-75.660213,6.191231],[-75.660172,6.191302],[-75.66024,6.191381],[-75.660335,6.191412],[-75.660388,6.191409],[-75.660432,6.191388],[-75.660452,6.191339],[-75.660452,6.191237],[-75.660381,6.191093],[-75.660452,6.19083],[-75.660539,6.19059],[-75.660511,6.19056],[-75.660446,6.190549]]]]},"properties":{"nombre":"Potrerito","riesgo":"Con condiciones de riesgo","amenaza":"Avenidas Torrenciales"}},{"type":"Feature","geometry":{"type":"Polygon","coordinates":[[[-75.660218,6.192014],[-75.660273,6.192044],[-75.660357,6.192026],[-75.660372,6.191996],[-75.660218,6.192014]]]},"properties":{"nombre":"Potrerito","riesgo":"Con condiciones de riesgo","amenaza":"Avenidas Torrenciales"}},{"type":"Feature","geometry":{"type":"Polygon","coordinates":[[[-75.661958,6.188801],[-75.661996,6.188846],[-75.662073,6.188866],[-75.662077,6.188767],[-75.661958,6.188801]]]},"properties":{"nombre":"Potrerito","riesgo":"Con condiciones de riesgo","amenaza":"Avenidas Torrenciales"}},{"type":"Feature","geometry":{"type":"Polygon","coordinates":[[[-75.61066,6.278108],[-75.61041,6.278226],[-75.610584,6.278162],[-75.61066,6.278108]]]},"properties":{"nombre":"Área de Expansión Pajarito","riesgo":"Con condiciones de riesgo","amenaza":"Movimientos en masa"}},{"type":"Feature","geometry":{"type":"MultiPolygon","coordinates":[[[[-75.609655,6.29094],[-75.609841,6.291195],[-75.609874,6.291268],[-75.609896,6.291593],[-75.60994,6.291679],[-75.609942,6.291859],[-75.609978,6.291941],[-75.610019,6.291977],[-75.610119,6.292005],[-75.610322,6.292119],[-75.610455,6.292226],[-75.61067,6.29236],[-75.610822,6.292521],[-75.610771,6.292356],[-75.610793,6.29222],[-75.610868,6.292204],[-75.610981,6.292266],[-75.611009,6.292268],[-75.611236,6.292222],[-75.611274,6.292235],[-75.611289,6.292266],[-75.611305,6.292263],[-75.61137,6.292099],[-75.611464,6.291928],[-75.611576,6.291825],[-75.611743,6.291596],[-75.61175,6.291538],[-75.611735,6.291499],[-75.611406,6.291189],[-75.61132,6.290949],[-75.61132,6.290586],[-75.611449,6.290236],[-75.611256,6.289785],[-75.611129,6.28957],[-75.610985,6.289553],[-75.610832,6.289505],[-75.610698,6.289409],[-75.610583,6.289237],[-75.610507,6.289179],[-75.61045,6.28918],[-75.610402,6.289151],[-75.610201,6.28895],[-75.610067,6.288749],[-75.609857,6.288137],[-75.609809,6.288031],[-75.609751,6.287961],[-75.609275,6.288396],[-75.609188,6.288327],[-75.608913,6.288192],[-75.608838,6.288192],[-75.608761,6.288165],[-75.60853,6.287965],[-75.608121,6.287289],[-75.608052,6.287191],[-75.607837,6.286955],[-75.607652,6.2867],[-75.607511,6.286581],[-75.607222,6.286512],[-75.607132,6.286473],[-75.606837,6.286249],[-75.606827,6.286292],[-75.606968,6.286562],[-75.607425,6.287258],[-75.607564,6.287519],[-75.607642,6.287739],[-75.607824,6.288035],[-75.607908,6.288136],[-75.607953,6.28814],[-75.608051,6.288105],[-75.608101,6.288105],[-75.608149,6.288138],[-75.608197,6.288272],[-75.608199,6.288327],[-75.608364,6.288585],[-75.608331,6.288707],[-75.608506,6.288729],[-75.608862,6.288671],[-75.609091,6.288724],[-75.609297,6.289025],[-75.609428,6.289305],[-75.609531,6.289628],[-75.609531,6.289913],[-75.609469,6.290032],[-75.609359,6.290104],[-75.608979,6.290161],[-75.609077,6.290223],[-75.609151,6.290345],[-75.609192,6.290371],[-75.609531,6.290412],[-75.609574,6.290425],[-75.609765,6.290568],[-75.60987,6.290591],[-75.610027,6.290595],[-75.610248,6.290664],[-75.610354,6.290742],[-75.610384,6.290779],[-75.610402,6.290842],[-75.610371,6.290872],[-75.610333,6.290868],[-75.610057,6.290766],[-75.609842,6.290798],[-75.609678,6.290729],[-75.609599,6.290672],[-75.60947,6.290656],[-75.609389,6.290625],[-75.609348,6.290628],[-75.609348,6.29066],[-75.609372,6.290689],[-75.609588,6.290854],[-75.609655,6.29094]],[[-75.609282,6.288462],[-75.609381,6.288377],[-75.609479,6.288507],[-75.609539,6.288627],[-75.609587,6.288821],[-75.609491,6.28891],[-75.609473,6.28874],[-75.609378,6.288567],[-75.609282,6.288462]]],[[[-75.608709,6.290057],[-75.608546,6.290011],[-75.608527,6.29002],[-75.608647,6.290126],[-75.608729,6.29024],[-75.608758,6.290324],[-75.608741,6.290391],[-75.608666,6.290535],[-75.608608,6.2906],[-75.608522,6.2906],[-75.60845,6.290632],[-75.608411,6.290743],[-75.608447,6.29085],[-75.608704,6.291364],[-75.609027,6.2921],[-75.609212,6.292435],[-75.609278,6.292596],[-75.609296,6.292739],[-75.609278,6.292859],[-75.609194,6.293009],[-75.608973,6.292949],[-75.6088,6.292937],[-75.60871,6.292943],[-75.608537,6.293015],[-75.608561,6.293246],[-75.608534,6.293351],[-75.608519,6.293527],[-75.60856,6.293615],[-75.608718,6.293837],[-75.608768,6.293854],[-75.608816,6.293899],[-75.608847,6.293962],[-75.608862,6.294156],[-75.608865,6.293869],[-75.608822,6.293797],[-75.608821,6.293699],[-75.608871,6.293656],[-75.608924,6.293641],[-75.608969,6.293548],[-75.60913,6.293493],[-75.609162,6.293429],[-75.609221,6.293416],[-75.609274,6.293371],[-75.609313,6.293294],[-75.609377,6.293051],[-75.609486,6.292899],[-75.609566,6.292854],[-75.609738,6.2928],[-75.609958,6.292587],[-75.609953,6.29255],[-75.610008,6.292522],[-75.610068,6.292538],[-75.610174,6.292641],[-75.610346,6.292749],[-75.610426,6.292755],[-75.610552,6.292695],[-75.610705,6.292666],[-75.610492,6.292505],[-75.610186,6.292203],[-75.6101,6.29216],[-75.609943,6.292125],[-75.609851,6.292064],[-75.609824,6.292013],[-75.609778,6.291843],[-75.609758,6.291596],[-75.60968,6.29141],[-75.609537,6.291298],[-75.609477,6.291171],[-75.609208,6.290818],[-75.609074,6.290566],[-75.609075,6.290476],[-75.609037,6.290388],[-75.608883,6.2903],[-75.608837,6.290248],[-75.608781,6.290124],[-75.608709,6.290057]]]]},"properties":{"nombre":"Área de Expansión Pajarito","riesgo":"Con condiciones de riesgo","amenaza":"Movimientos en masa"}},{"type":"Feature","geometry":{"type":"MultiPolygon","coordinates":[[[[-75.609468,6.291158],[-75.609514,6.291183],[-75.609639,6.291155],[-75.609672,6.291068],[-75.609655,6.29094],[-75.609588,6.290854],[-75.609348,6.29066],[-75.609077,6.290223],[-75.608922,6.290115],[-75.608888,6.290073],[-75.608864,6.289979],[-75.608843,6.289955],[-75.608676,6.289897],[-75.608534,6.289791],[-75.608355,6.289687],[-75.608087,6.289398],[-75.608076,6.289479],[-75.608043,6.289504],[-75.607959,6.289493],[-75.608008,6.28956],[-75.608191,6.289692],[-75.608311,6.289807],[-75.608747,6.290086],[-75.608797,6.290151],[-75.608858,6.290275],[-75.608895,6.290312],[-75.609037,6.290388],[-75.609075,6.290476],[-75.609074,6.290566],[-75.609193,6.290792],[-75.609344,6.291013],[-75.609468,6.291158]]],[[[-75.609282,6.288462],[-75.609378,6.288567],[-75.609473,6.28874],[-75.609491,6.28891],[-75.609587,6.288821],[-75.609539,6.288627],[-75.609479,6.288507],[-75.609381,6.288377],[-75.609282,6.288462]]]]},"properties":{"nombre":"Área de Expansión Pajarito","riesgo":"Con condiciones de riesgo","amenaza":"Avenidas Torrenciales"}},{"type":"Feature","geometry":{"type":"Polygon","coordinates":[[[-75.655149,6.182331],[-75.6555,6.182312],[-75.655673,6.182254],[-75.655806,6.182254],[-75.656017,6.182292],[-75.656189,6.182359],[-75.656284,6.18234],[-75.656375,6.182282],[-75.656372,6.182205],[-75.656318,6.182019],[-75.656257,6.181954],[-75.656106,6.181872],[-75.655909,6.181868],[-75.655816,6.181919],[-75.655504,6.182008],[-75.655382,6.182134],[-75.655282,6.182198],[-75.655242,6.182245],[-75.655171,6.18227],[-75.655149,6.182331]]]},"properties":{"nombre":"Área de Expansión San Antonio de Prado","riesgo":"Alto riesgo no mitigable","amenaza":"Movimientos en masa"}},{"type":"Feature","geometry":{"type":"Polygon","coordinates":[[[-75.655258,6.172193],[-75.655301,6.172279],[-75.655378,6.172376],[-75.655489,6.172462],[-75.655769,6.172756],[-75.65588,6.172798],[-75.656188,6.172818],[-75.65631,6.17281],[-75.656396,6.172775],[-75.656561,6.172656],[-75.656621,6.17259],[-75.656675,6.172433],[-75.656715,6.17239],[-75.656744,6.172316],[-75.656741,6.17223],[-75.656658,6.172039],[-75.656695,6.172002],[-75.656843,6.172013],[-75.656935,6.171902],[-75.656975,6.171812],[-75.656895,6.17183],[-75.656799,6.171794],[-75.656483,6.17186],[-75.65622,6.172004],[-75.655855,6.172153],[-75.655557,6.172177],[-75.655241,6.172143],[-75.655258,6.172193]]]},"properties":{"nombre":"Área de Expansión San Antonio de Prado","riesgo":"Con condiciones de riesgo","amenaza":"Movimientos en masa"}},{"type":"Feature","geometry":{"type":"Polygon","coordinates":[[[-75.658205,6.180489],[-75.658125,6.180414],[-75.658078,6.180339],[-75.65803,6.180453],[-75.658033,6.180638],[-75.658009,6.180678],[-75.657927,6.180732],[-75.657874,6.180806],[-75.657822,6.180812],[-75.657593,6.180718],[-75.657371,6.180672],[-75.657251,6.180675],[-75.65719,6.180701],[-75.65704,6.180838],[-75.656986,6.180976],[-75.657054,6.181008],[-75.657329,6.181224],[-75.657431,6.181048],[-75.657556,6.180991],[-75.657779,6.181027],[-75.657938,6.181003],[-75.658015,6.180886],[-75.658101,6.180809],[-75.658148,6.180723],[-75.658177,6.180541],[-75.658205,6.180489]]]},"properties":{"nombre":"Área de Expansión San Antonio de Prado","riesgo":"Con condiciones de riesgo","amenaza":"Movimientos en masa"}},{"type":"Feature","geometry":{"type":"Polygon","coordinates":[[[-75.660498,6.180391],[-75.660505,6.180399],[-75.660524,6.180397],[-75.660498,6.180391]]]},"properties":{"nombre":"Área de Expansión San Antonio de Prado","riesgo":"Con condiciones de riesgo","amenaza":"Movimientos en masa"}},{"type":"Feature","geometry":{"type":"Polygon","coordinates":[[[-75.660312,6.180733],[-75.660364,6.180876],[-75.660446,6.180938],[-75.660532,6.180948],[-75.660637,6.18089],[-75.660694,6.180809],[-75.660795,6.180771],[-75.661053,6.180752],[-75.661105,6.180689],[-75.661134,6.180622],[-75.661129,6.180426],[-75.661096,6.180311],[-75.661072,6.180316],[-75.661,6.180395],[-75.660957,6.180553],[-75.660785,6.180661],[-75.660649,6.180668],[-75.660534,6.180618],[-75.660312,6.180733]]]},"properties":{"nombre":"Área de Expansión San Antonio de Prado","riesgo":"Con condiciones de riesgo","amenaza":"Movimientos en masa"}},{"type":"Feature","geometry":{"type":"Polygon","coordinates":[[[-75.659882,6.180486],[-75.659917,6.18056],[-75.660051,6.18055],[-75.660248,6.180476],[-75.660216,6.180433],[-75.660159,6.180408],[-75.660076,6.180433],[-75.660012,6.180333],[-75.659976,6.18034],[-75.659882,6.180486]]]},"properties":{"nombre":"Área de Expansión San Antonio de Prado","riesgo":"Con condiciones de riesgo","amenaza":"Movimientos en masa"}},{"type":"Feature","geometry":{"type":"Polygon","coordinates":[[[-75.654181,6.182086],[-75.654431,6.182069],[-75.654497,6.182079],[-75.654539,6.182053],[-75.654553,6.181981],[-75.654539,6.181938],[-75.654209,6.18193],[-75.654148,6.182007],[-75.654181,6.182086]]]},"properties":{"nombre":"Área de Expansión San Antonio de Prado","riesgo":"Con condiciones de riesgo","amenaza":"Movimientos en masa"}},{"type":"Feature","geometry":{"type":"MultiPolygon","coordinates":[[[[-75.654242,6.182202],[-75.654324,6.182223],[-75.654448,6.182204],[-75.65457,6.182245],[-75.65465,6.182361],[-75.654661,6.182491],[-75.654688,6.182522],[-75.654739,6.182538],[-75.654824,6.182519],[-75.654907,6.182461],[-75.654985,6.182434],[-75.655114,6.182517],[-75.655175,6.182535],[-75.655351,6.182521],[-75.655637,6.182448],[-75.655874,6.182364],[-75.655956,6.182391],[-75.656069,6.182487],[-75.656154,6.182536],[-75.65626,6.18253],[-75.656342,6.182496],[-75.656456,6.182382],[-75.656529,6.182359],[-75.656641,6.182259],[-75.656658,6.182217],[-75.65661,6.182127],[-75.656643,6.182069],[-75.656778,6.181979],[-75.656816,6.181936],[-75.656992,6.181845],[-75.657179,6.181641],[-75.657324,6.181443],[-75.657455,6.181374],[-75.657598,6.181221],[-75.65771,6.181201],[-75.657833,6.181289],[-75.657878,6.181301],[-75.657914,6.181273],[-75.657996,6.181141],[-75.658063,6.181136],[-75.658089,6.181085],[-75.658139,6.181035],[-75.658261,6.180991],[-75.658361,6.180991],[-75.65844,6.180927],[-75.65844,6.18074],[-75.658469,6.18069],[-75.658489,6.180692],[-75.658467,6.180492],[-75.658377,6.180445],[-75.658236,6.180431],[-75.658177,6.180541],[-75.658148,6.180723],[-75.658101,6.180809],[-75.658015,6.180886],[-75.657938,6.181003],[-75.657779,6.181027],[-75.657556,6.180991],[-75.657431,6.181048],[-75.657288,6.181297],[-75.657202,6.181402],[-75.656954,6.181642],[-75.6566,6.1819],[-75.656447,6.182168],[-75.656418,6.182254],[-75.656284,6.18234],[-75.656189,6.182359],[-75.656017,6.182292],[-75.655806,6.182254],[-75.655673,6.182254],[-75.6555,6.182312],[-75.65507,6.182331],[-75.654765,6.182272],[-75.654586,6.182093],[-75.654431,6.182069],[-75.654319,6.182085],[-75.654242,6.182202]]],[[[-75.659862,6.180597],[-75.659803,6.180659],[-75.659786,6.180724],[-75.659795,6.180783],[-75.659889,6.180826],[-75.66001,6.180819],[-75.66034,6.180726],[-75.660534,6.180618],[-75.660649,6.180668],[-75.660785,6.180661],[-75.660957,6.180553],[-75.661,6.180395],[-75.661072,6.180316],[-75.661351,6.180173],[-75.66143,6.180101],[-75.66148,6.179986],[-75.661502,6.179871],[-75.661609,6.179807],[-75.661875,6.179749],[-75.662118,6.179656],[-75.662197,6.179647],[-75.662266,6.179542],[-75.66227,6.179464],[-75.662099,6.179431],[-75.661941,6.179598],[-75.661802,6.17962],[-75.661733,6.179661],[-75.661583,6.179645],[-75.661404,6.179687],[-75.661372,6.17972],[-75.661393,6.179822],[-75.661385,6.179948],[-75.661324,6.180087],[-75.661103,6.18017],[-75.660899,6.180189],[-75.660758,6.180365],[-75.660595,6.180414],[-75.660524,6.180397],[-75.660405,6.180407],[-75.660051,6.18055],[-75.659947,6.180558],[-75.659862,6.180597]]]]},"properties":{"nombre":"Área de Expansión San Antonio de Prado","riesgo":"Con condiciones de riesgo","amenaza":"Avenidas Torrenciales"}},{"type":"Feature","geometry":{"type":"Polygon","coordinates":[[[-75.659882,6.180486],[-75.659862,6.180597],[-75.659947,6.180558],[-75.659917,6.18056],[-75.659882,6.180486]]]},"properties":{"nombre":"Área de Expansión San Antonio de Prado","riesgo":"Con condiciones de riesgo","amenaza":"Avenidas Torrenciales"}},{"type":"Feature","geometry":{"type":"Polygon","coordinates":[[[-75.654181,6.182086],[-75.654184,6.182093],[-75.654214,6.182089],[-75.654181,6.182086]]]},"properties":{"nombre":"Área de Expansión San Antonio de Prado","riesgo":"Con condiciones de riesgo","amenaza":"Avenidas Torrenciales"}},{"type":"Feature","geometry":{"type":"Polygon","coordinates":[[[-75.629629,6.252095],[-75.629687,6.252277],[-75.629752,6.252272],[-75.629817,6.252237],[-75.629937,6.252281],[-75.630029,6.252286],[-75.630112,6.252243],[-75.630212,6.252136],[-75.630281,6.25211],[-75.630539,6.252147],[-75.630684,6.25219],[-75.630887,6.252157],[-75.631032,6.252236],[-75.631341,6.252515],[-75.63153,6.252635],[-75.631809,6.252645],[-75.631956,6.252593],[-75.631668,6.252587],[-75.631549,6.252568],[-75.631448,6.25252],[-75.631138,6.2523],[-75.630898,6.25209],[-75.630784,6.252028],[-75.630686,6.251935],[-75.630305,6.251896],[-75.630061,6.251957],[-75.629928,6.251965],[-75.629792,6.252011],[-75.629629,6.252095]]]},"properties":{"nombre":"La Loma","riesgo":"Con condiciones de riesgo","amenaza":"Movimientos en masa"}},{"type":"Feature","geometry":{"type":"Polygon","coordinates":[[[-75.631209,6.255288],[-75.63129,6.255416],[-75.631361,6.255495],[-75.631548,6.255499],[-75.63167,6.255355],[-75.631672,6.255297],[-75.631631,6.25525],[-75.631459,6.255319],[-75.631376,6.255324],[-75.631209,6.255288]]]},"properties":{"nombre":"La Loma","riesgo":"Con condiciones de riesgo","amenaza":"Movimientos en masa"}},{"type":"Feature","geometry":{"type":"Polygon","coordinates":[[[-75.614481,6.263098],[-75.614582,6.263133],[-75.614717,6.263147],[-75.614847,6.263187],[-75.615304,6.2632],[-75.615433,6.263217],[-75.615615,6.263288],[-75.615676,6.263335],[-75.615949,6.263421],[-75.615992,6.26345],[-75.616061,6.263553],[-75.616152,6.26381],[-75.61636,6.263983],[-75.616435,6.264072],[-75.616392,6.263703],[-75.616325,6.263509],[-75.61632,6.263244],[-75.616287,6.263158],[-75.616236,6.263098],[-75.616042,6.263011],[-75.615991,6.262859],[-75.615958,6.262823],[-75.615806,6.262769],[-75.615731,6.26276],[-75.61562,6.262694],[-75.615614,6.262584],[-75.61565,6.262503],[-75.615671,6.262398],[-75.615614,6.262323],[-75.615593,6.262252],[-75.615476,6.262061],[-75.615385,6.262008],[-75.615364,6.261968],[-75.615123,6.262032],[-75.614944,6.262032],[-75.614872,6.262011],[-75.614657,6.261989],[-75.614578,6.261939],[-75.614441,6.261932],[-75.61442,6.262028],[-75.614305,6.262234],[-75.61422,6.262429],[-75.614217,6.262537],[-75.614312,6.26272],[-75.61431,6.26285],[-75.614323,6.262905],[-75.614397,6.263036],[-75.614481,6.263098]]]},"properties":{"nombre":"La Loma","riesgo":"Con condiciones de riesgo","amenaza":"Movimientos en masa"}},{"type":"Feature","geometry":{"type":"Polygon","coordinates":[[[-75.614441,6.261932],[-75.614578,6.261939],[-75.614657,6.261989],[-75.614872,6.262011],[-75.614944,6.262032],[-75.615123,6.262032],[-75.615364,6.261968],[-75.615292,6.261809],[-75.615101,6.261513],[-75.615051,6.261451],[-75.614977,6.26141],[-75.614881,6.26131],[-75.614857,6.261391],[-75.614814,6.261439],[-75.614424,6.261805],[-75.614407,6.261835],[-75.614441,6.261932]]]},"properties":{"nombre":"La Loma","riesgo":"Alto riesgo no mitigable","amenaza":"Movimientos en masa"}},{"type":"Feature","geometry":{"type":"Polygon","coordinates":[[[-75.621629,6.262796],[-75.621703,6.262853],[-75.621751,6.262915],[-75.621818,6.262915],[-75.621962,6.262863],[-75.622134,6.262753],[-75.622449,6.262753],[-75.622569,6.262719],[-75.622691,6.262643],[-75.622558,6.262664],[-75.62241,6.262651],[-75.62196,6.26248],[-75.621867,6.262474],[-75.621723,6.262507],[-75.621673,6.262504],[-75.621652,6.262485],[-75.621478,6.262568],[-75.621629,6.262796]]]},"properties":{"nombre":"La Loma","riesgo":"Alto riesgo no mitigable","amenaza":"Movimientos en masa"}},{"type":"Feature","geometry":{"type":"Polygon","coordinates":[[[-75.639696,6.274655],[-75.639624,6.274712],[-75.639482,6.274931],[-75.639696,6.274655]]]},"properties":{"nombre":"La Loma","riesgo":"Con condiciones de riesgo","amenaza":"Avenidas Torrenciales"}},{"type":"Feature","geometry":{"type":"Polygon","coordinates":[[[-75.639342,6.275115],[-75.639117,6.275272],[-75.638917,6.275277],[-75.638821,6.275329],[-75.638778,6.275373],[-75.638764,6.275411],[-75.638779,6.275612],[-75.638872,6.275512],[-75.639122,6.275389],[-75.639342,6.275115]]]},"properties":{"nombre":"La Loma","riesgo":"Con condiciones de riesgo","amenaza":"Avenidas Torrenciales"}},{"type":"Feature","geometry":{"type":"Polygon","coordinates":[[[-75.637898,6.275663],[-75.63799,6.275598],[-75.638069,6.275497],[-75.638127,6.275303],[-75.638256,6.27498],[-75.638299,6.274815],[-75.638358,6.274708],[-75.638333,6.274659],[-75.638095,6.274616],[-75.63796,6.275086],[-75.637798,6.275382],[-75.637755,6.275492],[-75.637599,6.275735],[-75.637771,6.275645],[-75.63785,6.275642],[-75.637898,6.275663]]]},"properties":{"nombre":"La Loma","riesgo":"Con condiciones de riesgo","amenaza":"Avenidas Torrenciales"}},{"type":"Feature","geometry":{"type":"Polygon","coordinates":[[[-75.635498,6.276733],[-75.635915,6.276751],[-75.635852,6.2765],[-75.635799,6.276507],[-75.635698,6.276478],[-75.635558,6.276398],[-75.635532,6.276424],[-75.635484,6.276596],[-75.635498,6.276733]]]},"properties":{"nombre":"La Loma","riesgo":"Con condiciones de riesgo","amenaza":"Avenidas Torrenciales"}},{"type":"Feature","geometry":{"type":"MultiPolygon","coordinates":[[[[-75.629418,6.275912],[-75.629581,6.276211],[-75.629642,6.276428],[-75.629775,6.276593],[-75.629822,6.276628],[-75.629923,6.276652],[-75.629988,6.276658],[-75.630066,6.276634],[-75.630124,6.276589],[-75.630276,6.27645],[-75.630557,6.276135],[-75.630676,6.276036],[-75.630788,6.276031],[-75.63085,6.276045],[-75.631017,6.276129],[-75.631325,6.276078],[-75.63145,6.276122],[-75.631589,6.27623],[-75.631621,6.276236],[-75.631666,6.27622],[-75.631645,6.276166],[-75.631503,6.276017],[-75.631374,6.275995],[-75.631039,6.275986],[-75.630886,6.275785],[-75.6308,6.275737],[-75.630609,6.275785],[-75.630389,6.275919],[-75.630255,6.275948],[-75.630007,6.275957],[-75.629883,6.2759],[-75.629712,6.275867],[-75.629593,6.275861],[-75.629418,6.275912]]],[[[-75.623166,6.275188],[-75.623614,6.275206],[-75.623712,6.275228],[-75.623836,6.27529],[-75.623919,6.275296],[-75.62392,6.275262],[-75.623832,6.275239],[-75.623693,6.27517],[-75.62355,6.275148],[-75.623179,6.275136],[-75.623166,6.275188]]]]},"properties":{"nombre":"La Loma","riesgo":"Con condiciones de riesgo","amenaza":"Avenidas Torrenciales"}},{"type":"Feature","geometry":{"type":"Polygon","coordinates":[[[-75.619388,6.273036],[-75.619534,6.273128],[-75.619684,6.273189],[-75.619712,6.27322],[-75.619801,6.273451],[-75.61985,6.273527],[-75.620171,6.273625],[-75.620224,6.273507],[-75.620224,6.273429],[-75.620066,6.273393],[-75.619988,6.273322],[-75.619869,6.273047],[-75.619803,6.272993],[-75.619647,6.272909],[-75.619564,6.272903],[-75.619277,6.27282],[-75.619175,6.27282],[-75.619095,6.272847],[-75.619102,6.272885],[-75.619151,6.272912],[-75.619219,6.27291],[-75.619287,6.272959],[-75.619321,6.273015],[-75.619388,6.273036]]]},"properties":{"nombre":"La Loma","riesgo":"Alto riesgo no mitigable","amenaza":"Avenidas Torrenciales"}},{"type":"Feature","geometry":{"type":"Polygon","coordinates":[[[-75.622375,6.244215],[-75.622359,6.244245],[-75.622517,6.244355],[-75.622589,6.244441],[-75.622656,6.244489],[-75.62278,6.244379],[-75.622899,6.244341],[-75.623201,6.244297],[-75.623253,6.244241],[-75.623143,6.244049],[-75.623148,6.243929],[-75.623043,6.24369],[-75.622985,6.243618],[-75.622947,6.243613],[-75.622808,6.243728],[-75.622694,6.243877],[-75.622375,6.244215]]]},"properties":{"nombre":"El Corazón El Morro","riesgo":"Con condiciones de riesgo","amenaza":"Movimientos en masa"}},{"type":"Feature","geometry":{"type":"Polygon","coordinates":[[[-75.623222,6.245886],[-75.623382,6.245906],[-75.62364,6.245876],[-75.623757,6.245924],[-75.623834,6.245995],[-75.62391,6.246143],[-75.623985,6.246235],[-75.624099,6.246336],[-75.624138,6.246354],[-75.624612,6.246339],[-75.624681,6.246306],[-75.624757,6.246243],[-75.624852,6.246106],[-75.624891,6.246097],[-75.625098,6.246134],[-75.625146,6.246131],[-75.625284,6.246081],[-75.625494,6.246064],[-75.625563,6.2461],[-75.625826,6.246373],[-75.625885,6.246398],[-75.626165,6.246466],[-75.62626,6.246466],[-75.626428,6.246431],[-75.626486,6.246394],[-75.626476,6.246367],[-75.626427,6.246403],[-75.626345,6.246388],[-75.62619,6.246245],[-75.6258,6.246186],[-75.625564,6.245993],[-75.625411,6.245952],[-75.625259,6.245959],[-75.625126,6.246017],[-75.625022,6.246042],[-75.624982,6.246042],[-75.624844,6.245996],[-75.624732,6.246002],[-75.624667,6.246034],[-75.624428,6.24622],[-75.624341,6.246257],[-75.624247,6.246257],[-75.62417,6.246236],[-75.624071,6.246174],[-75.624017,6.246098],[-75.623992,6.245978],[-75.623875,6.245898],[-75.623857,6.245865],[-75.623862,6.245802],[-75.623836,6.245777],[-75.623652,6.245702],[-75.623516,6.245676],[-75.623162,6.245705],[-75.623217,6.245803],[-75.623222,6.245886]]]},"properties":{"nombre":"El Corazón El Morro","riesgo":"Con condiciones de riesgo","amenaza":"Avenidas Torrenciales"}},{"type":"Feature","geometry":{"type":"MultiPolygon","coordinates":[[[[-75.631783,6.249368],[-75.631776,6.249516],[-75.6318,6.249593],[-75.631861,6.249694],[-75.63199,6.249771],[-75.632423,6.249777],[-75.632785,6.249806],[-75.633181,6.249774],[-75.633401,6.249804],[-75.633493,6.249852],[-75.633622,6.249962],[-75.633773,6.250048],[-75.633917,6.250155],[-75.634071,6.250186],[-75.634206,6.250247],[-75.634359,6.250284],[-75.634422,6.250314],[-75.634549,6.250481],[-75.63492,6.250623],[-75.634999,6.250684],[-75.635054,6.250759],[-75.635128,6.250806],[-75.635197,6.250799],[-75.635319,6.250817],[-75.63545,6.250756],[-75.635543,6.250739],[-75.635695,6.250781],[-75.635807,6.25077],[-75.636092,6.250625],[-75.636279,6.250418],[-75.636305,6.250394],[-75.636362,6.250377],[-75.636417,6.250425],[-75.636465,6.250554],[-75.636525,6.250647],[-75.636521,6.250677],[-75.636579,6.250806],[-75.63698,6.250936],[-75.637095,6.250907],[-75.637224,6.250921],[-75.63731,6.251022],[-75.637439,6.251294],[-75.637767,6.251516],[-75.637857,6.251516],[-75.637896,6.251483],[-75.637915,6.251339],[-75.637869,6.251194],[-75.637439,6.250749],[-75.637181,6.250706],[-75.636894,6.250706],[-75.636808,6.250663],[-75.636674,6.250515],[-75.636611,6.250372],[-75.636558,6.250303],[-75.636494,6.250226],[-75.636386,6.250152],[-75.636279,6.250147],[-75.636228,6.250167],[-75.636176,6.2502],[-75.635936,6.250437],[-75.635809,6.250445],[-75.63569,6.250497],[-75.635483,6.250468],[-75.635191,6.250492],[-75.635094,6.250457],[-75.635059,6.250425],[-75.634898,6.250187],[-75.634821,6.250127],[-75.634729,6.250097],[-75.634519,6.250118],[-75.634384,6.250082],[-75.63396,6.249908],[-75.633814,6.249829],[-75.633724,6.249804],[-75.633582,6.249667],[-75.633422,6.249606],[-75.633318,6.249622],[-75.633155,6.249678],[-75.633056,6.249687],[-75.632832,6.249627],[-75.632646,6.249595],[-75.632409,6.249523],[-75.632309,6.249533],[-75.632015,6.249493],[-75.631983,6.249472],[-75.631959,6.249383],[-75.631972,6.249292],[-75.63201,6.249235],[-75.632191,6.249153],[-75.6323,6.249133],[-75.632454,6.249133],[-75.632489,6.249109],[-75.63254,6.24903],[-75.632568,6.248897],[-75.632537,6.248852],[-75.632497,6.248679],[-75.632455,6.24861],[-75.632383,6.248569],[-75.63223,6.248544],[-75.632105,6.248502],[-75.631706,6.248476],[-75.63151,6.248417],[-75.631428,6.248331],[-75.631399,6.248256],[-75.631409,6.24821],[-75.631518,6.248076],[-75.631387,6.247963],[-75.631336,6.248005],[-75.631221,6.248055],[-75.631162,6.248136],[-75.631164,6.248262],[-75.631203,6.248341],[-75.631251,6.248396],[-75.631651,6.248598],[-75.631908,6.248582],[-75.632014,6.2486],[-75.632334,6.248792],[-75.632423,6.248872],[-75.632425,6.248918],[-75.632382,6.248968],[-75.632213,6.249059],[-75.632122,6.249075],[-75.632077,6.249104],[-75.631958,6.249196],[-75.631879,6.249297],[-75.631783,6.249368]]],[[[-75.644012,6.251226],[-75.644024,6.251262],[-75.644138,6.251321],[-75.644251,6.251303],[-75.644299,6.251268],[-75.644347,6.251196],[-75.644365,6.251103],[-75.644346,6.251053],[-75.644279,6.250967],[-75.644298,6.250862],[-75.644461,6.250632],[-75.644568,6.250579],[-75.644639,6.250509],[-75.644639,6.250465],[-75.644593,6.250419],[-75.644335,6.250403],[-75.644222,6.250441],[-75.644136,6.250498],[-75.64404,6.250613],[-75.643925,6.250699],[-75.643925,6.250881],[-75.644011,6.251091],[-75.644012,6.251226]]],[[[-75.630584,6.246935],[-75.630641,6.247019],[-75.63075,6.247044],[-75.630796,6.247083],[-75.630896,6.247281],[-75.631024,6.247475],[-75.631054,6.247381],[-75.630976,6.247246],[-75.630851,6.246927],[-75.630803,6.246849],[-75.630713,6.246868],[-75.630584,6.246935]]],[[[-75.628656,6.24606],[-75.628698,6.246147],[-75.628797,6.246115],[-75.628846,6.246117],[-75.629019,6.2462],[-75.629185,6.246223],[-75.629306,6.246283],[-75.629308,6.246234],[-75.629269,6.246131],[-75.629029,6.246041],[-75.628766,6.24604],[-75.628656,6.24606]]]]},"properties":{"nombre":"El Corazón El Morro","riesgo":"Con condiciones de riesgo","amenaza":"Avenidas Torrenciales"}},{"type":"Feature","geometry":{"type":"Polygon","coordinates":[[[-75.543645,6.284703],[-75.543662,6.284719],[-75.543643,6.284796],[-75.543662,6.284792],[-75.543669,6.284704],[-75.543645,6.284703]]]},"properties":{"nombre":"La Salle","riesgo":"Con condiciones de riesgo","amenaza":"Movimientos en masa"}},{"type":"Feature","geometry":{"type":"Polygon","coordinates":[[[-75.543497,6.285812],[-75.543572,6.2858],[-75.54361,6.28585],[-75.543669,6.285887],[-75.543733,6.285891],[-75.543789,6.285872],[-75.543797,6.285677],[-75.543716,6.285717],[-75.543667,6.285778],[-75.543579,6.285782],[-75.543497,6.285812]]]},"properties":{"nombre":"La Salle","riesgo":"Con condiciones de riesgo","amenaza":"Movimientos en masa"}},{"type":"Feature","geometry":{"type":"Polygon","coordinates":[[[-75.549284,6.281574],[-75.549258,6.281581],[-75.549232,6.28165],[-75.549258,6.281682],[-75.54932,6.281706],[-75.54943,6.281701],[-75.54943,6.281616],[-75.549284,6.281574]]]},"properties":{"nombre":"La Salle","riesgo":"Con condiciones de riesgo","amenaza":"Movimientos en masa"}},{"type":"Feature","geometry":{"type":"Polygon","coordinates":[[[-75.547431,6.284166],[-75.547381,6.284223],[-75.547374,6.284299],[-75.547453,6.284356],[-75.547523,6.284342],[-75.547575,6.284299],[-75.547582,6.284195],[-75.547496,6.284155],[-75.547431,6.284166]]]},"properties":{"nombre":"La Salle","riesgo":"Con condiciones de riesgo","amenaza":"Movimientos en masa"}},{"type":"Feature","geometry":{"type":"Polygon","coordinates":[[[-75.550137,6.281891],[-75.550107,6.281927],[-75.550226,6.282025],[-75.550262,6.28198],[-75.550205,6.281953],[-75.550137,6.281891]]]},"properties":{"nombre":"La Salle","riesgo":"Con condiciones de riesgo","amenaza":"Inundaciones"}},{"type":"Feature","geometry":{"type":"Polygon","coordinates":[[[-75.543856,6.285832],[-75.543913,6.285797],[-75.543982,6.285786],[-75.54414,6.285857],[-75.544154,6.285815],[-75.543997,6.285755],[-75.543896,6.285776],[-75.543849,6.285805],[-75.543856,6.285832]]]},"properties":{"nombre":"La Salle","riesgo":"Con condiciones de riesgo","amenaza":"Inundaciones"}},{"type":"Feature","geometry":{"type":"Polygon","coordinates":[[[-75.555836,6.279614],[-75.555873,6.279647],[-75.556209,6.279803],[-75.556278,6.279805],[-75.556342,6.279784],[-75.556533,6.279655],[-75.556559,6.279604],[-75.556575,6.279481],[-75.556658,6.279357],[-75.556772,6.279262],[-75.556821,6.279189],[-75.556852,6.279081],[-75.556847,6.279029],[-75.556794,6.278998],[-75.55677,6.279072],[-75.556706,6.279166],[-75.556635,6.279224],[-75.556446,6.279332],[-75.556429,6.279364],[-75.556444,6.279471],[-75.556402,6.279527],[-75.556349,6.279536],[-75.556233,6.279486],[-75.556197,6.279489],[-75.55605,6.279562],[-75.555836,6.279614]]]},"properties":{"nombre":"La Piñuela","riesgo":"Con condiciones de riesgo","amenaza":"Movimientos en masa"}},{"type":"Feature","geometry":{"type":"Polygon","coordinates":[[[-75.555342,6.279664],[-75.555222,6.279634],[-75.555185,6.279675],[-75.555161,6.279759],[-75.555115,6.279834],[-75.555043,6.279835],[-75.554954,6.279925],[-75.554787,6.279991],[-75.554687,6.280141],[-75.554662,6.280208],[-75.554601,6.280247],[-75.554537,6.280335],[-75.554487,6.280523],[-75.55443,6.280567],[-75.554375,6.28066],[-75.554373,6.280714],[-75.554335,6.280753],[-75.554317,6.280804],[-75.554249,6.280861],[-75.554158,6.281019],[-75.554133,6.281045],[-75.554079,6.281041],[-75.553966,6.28109],[-75.553912,6.281138],[-75.553893,6.28118],[-75.553943,6.281141],[-75.554065,6.281144],[-75.554205,6.281022],[-75.554276,6.281013],[-75.55435,6.281034],[-75.554496,6.280943],[-75.554524,6.280887],[-75.554573,6.280413],[-75.55469,6.280232],[-75.554719,6.28013],[-75.554755,6.280073],[-75.554887,6.279992],[-75.554963,6.279963],[-75.555133,6.27996],[-75.555204,6.279942],[-75.555229,6.279907],[-75.555268,6.279744],[-75.555342,6.279664]]]},"properties":{"nombre":"La Piñuela","riesgo":"Con condiciones de riesgo","amenaza":"Movimientos en masa"}},{"type":"Feature","geometry":{"type":"Polygon","coordinates":[[[-75.556814,6.278959],[-75.556877,6.279],[-75.556916,6.278871],[-75.55699,6.278788],[-75.557004,6.278714],[-75.556923,6.278762],[-75.55687,6.278816],[-75.556831,6.278873],[-75.556814,6.278959]]]},"properties":{"nombre":"La Piñuela","riesgo":"Con condiciones de riesgo","amenaza":"Inundaciones"}},{"type":"Feature","geometry":{"type":"Polygon","coordinates":[[[-75.609898,6.296248],[-75.610401,6.296306],[-75.611092,6.296301],[-75.612034,6.296255],[-75.612911,6.295994],[-75.613339,6.295796],[-75.613619,6.295475],[-75.61369,6.295439],[-75.614027,6.295145],[-75.61429,6.294786],[-75.61429,6.294056],[-75.614219,6.294007],[-75.614226,6.294214],[-75.614205,6.294583],[-75.614132,6.294815],[-75.613331,6.294963],[-75.612951,6.295016],[-75.612392,6.295037],[-75.611823,6.2951],[-75.610959,6.29529],[-75.610569,6.295543],[-75.610074,6.296134],[-75.609898,6.296248]]]},"properties":{"nombre":"Yolombo","riesgo":"Con condiciones de riesgo","amenaza":"Movimientos en masa"}},{"type":"Feature","geometry":{"type":"Polygon","coordinates":[[[-75.595873,6.294381],[-75.596076,6.29504],[-75.596111,6.29506],[-75.596316,6.295078],[-75.596823,6.295019],[-75.597361,6.295086],[-75.597477,6.295062],[-75.597577,6.295016],[-75.597756,6.29506],[-75.597843,6.295123],[-75.597904,6.295202],[-75.598018,6.295126],[-75.59817,6.295139],[-75.598211,6.295129],[-75.598002,6.294817],[-75.597952,6.294711],[-75.597374,6.294113],[-75.597222,6.294],[-75.597144,6.293998],[-75.597134,6.294035],[-75.597084,6.294067],[-75.597007,6.294067],[-75.596862,6.294107],[-75.596817,6.294141],[-75.596798,6.294186],[-75.596565,6.29411],[-75.596396,6.294204],[-75.596228,6.294176],[-75.596116,6.294224],[-75.596077,6.294332],[-75.596032,6.294367],[-75.595978,6.294355],[-75.595939,6.294313],[-75.595873,6.294381]]]},"properties":{"nombre":"El Picacho","riesgo":"Con condiciones de riesgo","amenaza":"Movimientos en masa"}},{"type":"Feature","geometry":{"type":"Polygon","coordinates":[[[-75.584622,6.305163],[-75.585596,6.305254],[-75.585467,6.305171],[-75.585389,6.304956],[-75.585333,6.304917],[-75.585183,6.304708],[-75.5851,6.30463],[-75.584989,6.304594],[-75.584896,6.30448],[-75.584863,6.304421],[-75.584834,6.30428],[-75.584783,6.304202],[-75.584777,6.304125],[-75.584729,6.303954],[-75.584756,6.303784],[-75.584681,6.303577],[-75.584714,6.303434],[-75.584986,6.303239],[-75.58507,6.303123],[-75.585279,6.302731],[-75.585368,6.302647],[-75.585398,6.302621],[-75.585524,6.302573],[-75.585593,6.302573],[-75.585601,6.302536],[-75.585664,6.302566],[-75.585141,6.30229],[-75.585105,6.302389],[-75.584995,6.302529],[-75.584988,6.30257],[-75.585043,6.302593],[-75.584991,6.302729],[-75.584911,6.302696],[-75.584838,6.302874],[-75.584744,6.302836],[-75.584713,6.302923],[-75.584655,6.3029],[-75.584628,6.302979],[-75.584524,6.30295],[-75.584265,6.302822],[-75.584243,6.302872],[-75.583922,6.303071],[-75.583855,6.303159],[-75.58386,6.303215],[-75.583919,6.303354],[-75.583955,6.303538],[-75.583898,6.303737],[-75.583916,6.303808],[-75.583872,6.303968],[-75.583867,6.304062],[-75.583894,6.304132],[-75.583926,6.304321],[-75.584087,6.304621],[-75.584124,6.304849],[-75.584172,6.304849],[-75.584232,6.304876],[-75.584467,6.304877],[-75.584495,6.304951],[-75.584622,6.305163]]]},"properties":{"nombre":"El Picacho","riesgo":"Alto riesgo no mitigable","amenaza":"Movimientos en masa"}},{"type":"Feature","geometry":{"type":"Polygon","coordinates":[[[-75.598685,6.295767],[-75.598702,6.295889],[-75.598762,6.295989],[-75.598853,6.296067],[-75.599042,6.29615],[-75.599153,6.296236],[-75.59925,6.296378],[-75.599279,6.296487],[-75.599389,6.296633],[-75.599409,6.296721],[-75.599471,6.29677],[-75.599537,6.296769],[-75.599461,6.296542],[-75.599429,6.296497],[-75.598907,6.295985],[-75.598847,6.295954],[-75.59882,6.2959],[-75.598685,6.295767]]]},"properties":{"nombre":"El Picacho","riesgo":"Con condiciones de riesgo","amenaza":"Inundaciones"}},{"type":"Feature","geometry":{"type":"MultiPolygon","coordinates":[[[[-75.597955,6.294716],[-75.598002,6.294817],[-75.59808,6.294917],[-75.597955,6.294716]]],[[[-75.597222,6.294],[-75.597374,6.294113],[-75.597295,6.294031],[-75.597222,6.294]]],[[[-75.597463,6.294205],[-75.597539,6.29429],[-75.597556,6.294301],[-75.597463,6.294205]]]]},"properties":{"nombre":"El Picacho","riesgo":"Con condiciones de riesgo","amenaza":"Inundaciones"}},{"type":"Feature","geometry":{"type":"MultiPolygon","coordinates":[[[[-75.610778,6.221025],[-75.61057,6.221108],[-75.610498,6.221163],[-75.610377,6.221204],[-75.610246,6.221193],[-75.610198,6.221164],[-75.609983,6.221097],[-75.609639,6.221145],[-75.609548,6.221174],[-75.609443,6.221313],[-75.609381,6.221361],[-75.609079,6.221423],[-75.609001,6.221476],[-75.609136,6.221467],[-75.609213,6.221491],[-75.609246,6.221578],[-75.609218,6.221662],[-75.609585,6.221571],[-75.609887,6.221467],[-75.610028,6.22144],[-75.610088,6.221456],[-75.610212,6.221447],[-75.61048,6.22137],[-75.610557,6.221375],[-75.610714,6.221456],[-75.610853,6.221466],[-75.611102,6.221341],[-75.611321,6.221255],[-75.611436,6.221236],[-75.611631,6.221253],[-75.611877,6.221339],[-75.612098,6.221581],[-75.61217,6.221758],[-75.612426,6.221899],[-75.612497,6.221734],[-75.612415,6.221723],[-75.612353,6.221689],[-75.612233,6.221565],[-75.612185,6.221445],[-75.61208,6.221292],[-75.612004,6.22122],[-75.611774,6.221062],[-75.611669,6.221014],[-75.611584,6.221],[-75.611058,6.221077],[-75.610841,6.221135],[-75.610778,6.221025]]],[[[-75.61104,6.219256],[-75.611047,6.219349],[-75.611026,6.219546],[-75.611002,6.219613],[-75.611014,6.219679],[-75.611055,6.219738],[-75.611487,6.219382],[-75.611629,6.219226],[-75.611865,6.219142],[-75.611713,6.219159],[-75.611656,6.219204],[-75.61143,6.219302],[-75.611348,6.219368],[-75.611284,6.219386],[-75.611213,6.219333],[-75.611216,6.219231],[-75.61104,6.219256]]]]},"properties":{"nombre":"Altavista","riesgo":"Con condiciones de riesgo","amenaza":"Avenidas Torrenciales"}},{"type":"Feature","geometry":{"type":"Polygon","coordinates":[[[-75.706791,6.347042],[-75.706802,6.347047],[-75.706874,6.346908],[-75.706936,6.346837],[-75.707032,6.346588],[-75.707457,6.346181],[-75.707486,6.3461],[-75.707634,6.345846],[-75.707758,6.345519],[-75.707178,6.345783],[-75.706883,6.346384],[-75.706791,6.347042]]]},"properties":{"nombre":"La Sucia","riesgo":"Alto riesgo no mitigable","amenaza":"Movimientos en masa"}},{"type":"Feature","geometry":{"type":"Polygon","coordinates":[[[-75.716931,6.360831],[-75.716904,6.360708],[-75.716396,6.360441],[-75.716184,6.360291],[-75.716137,6.360247],[-75.716107,6.360175],[-75.716132,6.360038],[-75.716246,6.359856],[-75.716383,6.359702],[-75.716443,6.359564],[-75.716441,6.359248],[-75.716397,6.358879],[-75.716322,6.358678],[-75.716271,6.358592],[-75.71604,6.358441],[-75.716001,6.358395],[-75.715976,6.358331],[-75.715914,6.358082],[-75.7159,6.357856],[-75.715842,6.357588],[-75.715839,6.357469],[-75.715791,6.357232],[-75.715796,6.357171],[-75.715868,6.357009],[-75.715875,6.356874],[-75.715768,6.356663],[-75.715619,6.356469],[-75.715431,6.356114],[-75.715444,6.356011],[-75.715556,6.355787],[-75.715625,6.355456],[-75.715647,6.355403],[-75.715757,6.355285],[-75.715853,6.355131],[-75.715869,6.355025],[-75.715863,6.354906],[-75.715818,6.354838],[-75.715662,6.354804],[-75.715574,6.354757],[-75.715207,6.354381],[-75.71499,6.35419],[-75.714855,6.35402],[-75.714692,6.353512],[-75.714538,6.353385],[-75.714487,6.3533],[-75.714419,6.353078],[-75.714392,6.352801],[-75.714312,6.352514],[-75.714315,6.352273],[-75.714337,6.352222],[-75.714379,6.352206],[-75.714743,6.352213],[-75.714914,6.352178],[-75.715098,6.352074],[-75.715178,6.351987],[-75.715221,6.351895],[-75.715234,6.351792],[-75.715181,6.351551],[-75.715019,6.351195],[-75.714848,6.350897],[-75.714818,6.350771],[-75.71484,6.350629],[-75.714875,6.350518],[-75.714906,6.350259],[-75.715027,6.349912],[-75.715105,6.349566],[-75.715141,6.349235],[-75.715129,6.349029],[-75.715097,6.348947],[-75.714937,6.348677],[-75.714606,6.348194],[-75.714501,6.348093],[-75.714423,6.348049],[-75.714148,6.34798],[-75.714013,6.347905],[-75.713938,6.347834],[-75.713711,6.347532],[-75.713658,6.347345],[-75.713651,6.347253],[-75.713673,6.347092],[-75.713765,6.347012],[-75.714282,6.346762],[-75.714246,6.346705],[-75.714067,6.346788],[-75.713836,6.346921],[-75.713813,6.34689],[-75.713745,6.34685],[-75.71373,6.346768],[-75.713737,6.34671],[-75.713676,6.346563],[-75.71373,6.346118],[-75.713665,6.345871],[-75.713577,6.345725],[-75.713506,6.345683],[-75.713452,6.345611],[-75.713332,6.345372],[-75.713314,6.345294],[-75.71332,6.345216],[-75.713428,6.345013],[-75.713404,6.344894],[-75.713332,6.344835],[-75.713188,6.344778],[-75.713102,6.344855],[-75.713063,6.344999],[-75.712958,6.345209],[-75.712958,6.345333],[-75.713016,6.345429],[-75.713092,6.345506],[-75.713169,6.345659],[-75.713188,6.345745],[-75.713289,6.345894],[-75.713307,6.346076],[-75.713274,6.346501],[-75.713284,6.346596],[-75.713351,6.346702],[-75.713427,6.346883],[-75.713475,6.34695],[-75.713528,6.347094],[-75.713512,6.347161],[-75.713531,6.347281],[-75.713555,6.347329],[-75.713565,6.347448],[-75.713613,6.347563],[-75.713794,6.347778],[-75.713837,6.347888],[-75.713882,6.347925],[-75.713949,6.34803],[-75.714054,6.348078],[-75.71436,6.348154],[-75.714552,6.348269],[-75.714695,6.348527],[-75.714886,6.348814],[-75.714944,6.348948],[-75.714982,6.349159],[-75.714868,6.34979],[-75.714743,6.350106],[-75.714743,6.350259],[-75.714696,6.350584],[-75.714705,6.350776],[-75.714734,6.350919],[-75.714925,6.351158],[-75.715069,6.351436],[-75.715117,6.351761],[-75.715107,6.351866],[-75.715059,6.351933],[-75.714964,6.352],[-75.714744,6.352096],[-75.71461,6.352115],[-75.714304,6.352115],[-75.714228,6.352173],[-75.714228,6.352316],[-75.714333,6.352938],[-75.7144,6.353197],[-75.7144,6.35334],[-75.714477,6.353455],[-75.71461,6.353551],[-75.714668,6.353646],[-75.714677,6.35379],[-75.714869,6.35423],[-75.714955,6.354335],[-75.71506,6.354411],[-75.715236,6.354499],[-75.715519,6.354793],[-75.715738,6.35489],[-75.715792,6.354951],[-75.715785,6.355026],[-75.715735,6.355141],[-75.715659,6.355245],[-75.715598,6.355299],[-75.715494,6.355507],[-75.715462,6.355755],[-75.715369,6.355941],[-75.715369,6.356038],[-75.715391,6.356142],[-75.7158,6.356827],[-75.715814,6.356946],[-75.715757,6.357075],[-75.715742,6.357183],[-75.715764,6.35757],[-75.715803,6.357685],[-75.7158,6.357796],[-75.715818,6.357918],[-75.715821,6.357986],[-75.7158,6.358044],[-75.715809,6.358286],[-75.715929,6.358513],[-75.716012,6.358609],[-75.716096,6.358776],[-75.716216,6.359135],[-75.716204,6.359613],[-75.716168,6.359757],[-75.716016,6.360103],[-75.715985,6.360233],[-75.715985,6.360299],[-75.716057,6.360471],[-75.716147,6.360545],[-75.71637,6.360625],[-75.716596,6.360766],[-75.716877,6.360889],[-75.716931,6.360831]]]},"properties":{"nombre":"La Sucia","riesgo":"Con condiciones de riesgo","amenaza":"Avenidas Torrenciales"}},{"type":"Feature","geometry":{"type":"Polygon","coordinates":[[[-75.707758,6.345519],[-75.707992,6.345028],[-75.708164,6.34475],[-75.708313,6.344463],[-75.708418,6.344363],[-75.708489,6.344234],[-75.708561,6.343894],[-75.708556,6.343779],[-75.708599,6.34354],[-75.708599,6.343229],[-75.708613,6.343186],[-75.708573,6.343143],[-75.708394,6.343301],[-75.708123,6.343588],[-75.708059,6.343636],[-75.707817,6.343751],[-75.707739,6.34376],[-75.707464,6.343686],[-75.707356,6.343674],[-75.707127,6.343732],[-75.707079,6.34388],[-75.706902,6.3441],[-75.706907,6.344186],[-75.70683,6.344449],[-75.706596,6.344674],[-75.706414,6.34499],[-75.706386,6.345282],[-75.706362,6.345378],[-75.706314,6.34544],[-75.706233,6.345483],[-75.706161,6.345555],[-75.706123,6.345626],[-75.706051,6.345669],[-75.705879,6.345942],[-75.705817,6.346009],[-75.705717,6.346052],[-75.705535,6.346225],[-75.705411,6.346306],[-75.70564,6.346449],[-75.70642,6.346875],[-75.706791,6.347042],[-75.706883,6.346384],[-75.707178,6.345783],[-75.707758,6.345519]]]},"properties":{"nombre":"La Aldea","riesgo":"Alto riesgo no mitigable","amenaza":"Movimientos en masa"}},{"type":"Feature","geometry":{"type":"Polygon","coordinates":[[[-75.704279,6.347708],[-75.704446,6.347661],[-75.704627,6.347662],[-75.704922,6.347514],[-75.705135,6.347338],[-75.705213,6.347169],[-75.705243,6.346891],[-75.705105,6.346645],[-75.704819,6.34623],[-75.704606,6.346271],[-75.704546,6.346363],[-75.704537,6.346829],[-75.704487,6.346951],[-75.704345,6.347124],[-75.704224,6.347165],[-75.704072,6.347349],[-75.704072,6.347481],[-75.704164,6.347643],[-75.704279,6.347708]]]},"properties":{"nombre":"La Aldea","riesgo":"Con condiciones de riesgo","amenaza":"Movimientos en masa"}},{"type":"Feature","geometry":{"type":"MultiPolygon","coordinates":[[[[-75.697946,6.34121],[-75.698018,6.341198],[-75.698079,6.341119],[-75.698119,6.340993],[-75.698158,6.340939],[-75.69823,6.340903],[-75.69833,6.3409],[-75.698535,6.340936],[-75.698581,6.340928],[-75.698814,6.340806],[-75.698922,6.340634],[-75.698979,6.340386],[-75.699015,6.3403],[-75.699176,6.340139],[-75.699259,6.340028],[-75.699316,6.339909],[-75.699434,6.339726],[-75.699423,6.339609],[-75.699398,6.339563],[-75.699315,6.33952],[-75.699094,6.339795],[-75.698921,6.339963],[-75.69861,6.340543],[-75.698533,6.340626],[-75.698252,6.340692],[-75.698144,6.340698],[-75.698037,6.340734],[-75.697935,6.3408],[-75.697869,6.34092],[-75.697827,6.341063],[-75.697824,6.341142],[-75.697827,6.341174],[-75.697856,6.341195],[-75.697946,6.34121]]],[[[-75.69588,6.344311],[-75.695772,6.344466],[-75.695695,6.344705],[-75.695701,6.344831],[-75.695778,6.344951],[-75.695771,6.344995],[-75.69585,6.345024],[-75.695934,6.345007],[-75.695965,6.34496],[-75.695965,6.34484],[-75.696007,6.344774],[-75.696049,6.344565],[-75.696144,6.344433],[-75.696127,6.344333],[-75.696089,6.344307],[-75.696015,6.344285],[-75.695917,6.344283],[-75.69588,6.344311]]]]},"properties":{"nombre":"La Aldea","riesgo":"Con condiciones de riesgo","amenaza":"Avenidas Torrenciales"}},{"type":"Feature","geometry":{"type":"Polygon","coordinates":[[[-75.6962,6.331817],[-75.696275,6.331895],[-75.696765,6.332116],[-75.696771,6.332105],[-75.696771,6.331994],[-75.696656,6.331944],[-75.696484,6.331905],[-75.696467,6.331795],[-75.696346,6.331632],[-75.696308,6.331632],[-75.696224,6.331689],[-75.6962,6.331817]]]},"properties":{"nombre":"La Frisola","riesgo":"Con condiciones de riesgo","amenaza":"Avenidas Torrenciales"}},{"type":"Feature","geometry":{"type":"Polygon","coordinates":[[[-75.688079,6.323412],[-75.688061,6.323744],[-75.688187,6.323955],[-75.688335,6.324261],[-75.688198,6.324746],[-75.688219,6.325042],[-75.688441,6.325179],[-75.688704,6.325284],[-75.689052,6.325358],[-75.689242,6.325529],[-75.689247,6.325389],[-75.689121,6.325102],[-75.688971,6.324966],[-75.688834,6.32488],[-75.688648,6.324851],[-75.688397,6.324837],[-75.688368,6.324729],[-75.68844,6.324539],[-75.688497,6.324482],[-75.688526,6.324266],[-75.688569,6.324173],[-75.688562,6.324094],[-75.688519,6.323943],[-75.688346,6.323707],[-75.688311,6.323585],[-75.688311,6.323498],[-75.688231,6.323423],[-75.688183,6.323405],[-75.688079,6.323412]]]},"properties":{"nombre":"La Frisola","riesgo":"Con condiciones de riesgo","amenaza":"Avenidas Torrenciales"}},{"type":"Feature","geometry":{"type":"Polygon","coordinates":[[[-75.688071,6.325244],[-75.687901,6.325428],[-75.687901,6.32556],[-75.688009,6.325751],[-75.688009,6.325877],[-75.688081,6.326032],[-75.688266,6.326098],[-75.688834,6.326194],[-75.689079,6.326343],[-75.689186,6.326463],[-75.68933,6.32657],[-75.689473,6.326708],[-75.689551,6.326594],[-75.689676,6.326355],[-75.689784,6.326044],[-75.689873,6.325845],[-75.689839,6.325823],[-75.689631,6.325816],[-75.689494,6.325795],[-75.689358,6.325759],[-75.689143,6.325673],[-75.688799,6.325594],[-75.68867,6.325515],[-75.688591,6.325429],[-75.68849,6.325407],[-75.688218,6.325415],[-75.688124,6.325379],[-75.688071,6.325244]]]},"properties":{"nombre":"Volcana Guayabal","riesgo":"Con condiciones de riesgo","amenaza":"Movimientos en masa"}},{"type":"Feature","geometry":{"type":"MultiPolygon","coordinates":[[[[-75.668984,6.325709],[-75.668912,6.325745],[-75.668898,6.325903],[-75.668962,6.32601],[-75.669034,6.326183],[-75.669034,6.326477],[-75.669013,6.326577],[-75.669048,6.326656],[-75.669084,6.326879],[-75.669221,6.327331],[-75.669221,6.327503],[-75.669128,6.327862],[-75.66912,6.328027],[-75.669085,6.328099],[-75.669092,6.328149],[-75.669271,6.328436],[-75.669257,6.328565],[-75.669271,6.328673],[-75.669192,6.328845],[-75.669153,6.328996],[-75.669192,6.329074],[-75.669269,6.329097],[-75.669341,6.329097],[-75.669434,6.329071],[-75.669494,6.328939],[-75.669479,6.328744],[-75.669508,6.328586],[-75.669493,6.328421],[-75.66945,6.328271],[-75.669364,6.328127],[-75.669307,6.327984],[-75.669321,6.327776],[-75.669393,6.327654],[-75.669429,6.327553],[-75.669421,6.327445],[-75.669378,6.327266],[-75.669464,6.327022],[-75.669515,6.326936],[-75.6695,6.326871],[-75.669285,6.326613],[-75.669249,6.32652],[-75.669342,6.326211],[-75.6694,6.326082],[-75.669371,6.325781],[-75.669321,6.32573],[-75.669048,6.325695],[-75.668984,6.325709]]],[[[-75.690193,6.33775],[-75.690245,6.337714],[-75.690281,6.337653],[-75.690266,6.337462],[-75.68997,6.337405],[-75.689817,6.337405],[-75.689444,6.337443],[-75.68886,6.337405],[-75.688707,6.337414],[-75.688592,6.337443],[-75.688478,6.337491],[-75.688306,6.337596],[-75.688239,6.337654],[-75.6882,6.337749],[-75.688153,6.337816],[-75.688143,6.337874],[-75.688196,6.337992],[-75.688981,6.337445],[-75.690193,6.33775]]],[[[-75.671322,6.328931],[-75.671322,6.329024],[-75.671294,6.32911],[-75.671258,6.329433],[-75.671301,6.329548],[-75.671337,6.329583],[-75.671394,6.329604],[-75.671484,6.329601],[-75.671564,6.329535],[-75.671595,6.329469],[-75.671516,6.329253],[-75.671566,6.329139],[-75.671595,6.328981],[-75.671514,6.32892],[-75.671322,6.328931]]],[[[-75.671293,6.326641],[-75.6713,6.326749],[-75.671351,6.326871],[-75.671351,6.327058],[-75.671329,6.327151],[-75.671358,6.327316],[-75.671387,6.327416],[-75.67141,6.327445],[-75.671455,6.327463],[-75.671512,6.327448],[-75.671523,6.327402],[-75.67153,6.32718],[-75.671559,6.327072],[-75.671537,6.326871],[-75.671473,6.326713],[-75.671444,6.326598],[-75.671336,6.32657],[-75.671293,6.326641]]]]},"properties":{"nombre":"Volcana Guayabal","riesgo":"Con condiciones de riesgo","amenaza":"Avenidas Torrenciales"}},{"type":"Feature","geometry":{"type":"Polygon","coordinates":[[[-75.6962,6.331817],[-75.6962,6.331933],[-75.696286,6.331969],[-75.69635,6.332076],[-75.696486,6.332148],[-75.696691,6.332176],[-75.696748,6.332144],[-75.696765,6.332116],[-75.696275,6.331895],[-75.6962,6.331817]]]},"properties":{"nombre":"Volcana Guayabal","riesgo":"Con condiciones de riesgo","amenaza":"Avenidas Torrenciales"}},{"type":"Feature","geometry":{"type":"Polygon","coordinates":[[[-75.688071,6.325244],[-75.688124,6.325379],[-75.688218,6.325415],[-75.68849,6.325407],[-75.688591,6.325429],[-75.68867,6.325515],[-75.688799,6.325594],[-75.68913,6.325669],[-75.689185,6.325642],[-75.689238,6.325584],[-75.689242,6.325529],[-75.689052,6.325358],[-75.688704,6.325284],[-75.688441,6.325179],[-75.688219,6.325042],[-75.688198,6.324746],[-75.688335,6.324261],[-75.688187,6.323955],[-75.688061,6.323744],[-75.688079,6.323412],[-75.687982,6.323461],[-75.687973,6.323664],[-75.687988,6.323951],[-75.687923,6.324058],[-75.687902,6.324266],[-75.687945,6.324446],[-75.687909,6.324582],[-75.687916,6.324711],[-75.687995,6.32479],[-75.688074,6.324927],[-75.68806,6.325156],[-75.688071,6.325244]]]},"properties":{"nombre":"Volcana Guayabal","riesgo":"Con condiciones de riesgo","amenaza":"Avenidas Torrenciales"}},{"type":"Feature","geometry":{"type":"Polygon","coordinates":[[[-75.68913,6.325669],[-75.689358,6.325759],[-75.689494,6.325795],[-75.689631,6.325816],[-75.689839,6.325823],[-75.689873,6.325845],[-75.689891,6.325805],[-75.689808,6.325739],[-75.689509,6.325619],[-75.689383,6.325601],[-75.689242,6.325533],[-75.689238,6.325584],[-75.689185,6.325642],[-75.68913,6.325669]]]},"properties":{"nombre":"Volcana Guayabal","riesgo":"Con condiciones de riesgo","amenaza":"Avenidas Torrenciales"}},{"type":"Feature","geometry":{"type":"Polygon","coordinates":[[[-75.71138,6.315641],[-75.711383,6.315793],[-75.711698,6.315896],[-75.711749,6.315829],[-75.711758,6.315731],[-75.711703,6.315724],[-75.711405,6.315579],[-75.71138,6.315641]]]},"properties":{"nombre":"La Suiza","riesgo":"Con condiciones de riesgo","amenaza":"Avenidas Torrenciales"}},{"type":"Feature","geometry":{"type":"MultiPolygon","coordinates":[[[[-75.640171,6.302311],[-75.639675,6.302777],[-75.639407,6.303064],[-75.63906,6.303351],[-75.638953,6.303491],[-75.638959,6.303616],[-75.638974,6.303646],[-75.639064,6.303688],[-75.639148,6.303675],[-75.639203,6.303507],[-75.639341,6.303399],[-75.639562,6.303178],[-75.639789,6.302992],[-75.639926,6.302819],[-75.64013,6.302705],[-75.640362,6.302603],[-75.640376,6.3025],[-75.640346,6.302393],[-75.640268,6.302333],[-75.640171,6.302311]]],[[[-75.641821,6.299903],[-75.641775,6.299989],[-75.641708,6.300046],[-75.641641,6.300161],[-75.641641,6.300266],[-75.641679,6.3004],[-75.641737,6.300524],[-75.641708,6.300639],[-75.641631,6.300682],[-75.641672,6.300751],[-75.641724,6.300782],[-75.641813,6.300801],[-75.641841,6.300791],[-75.641976,6.300668],[-75.642004,6.300448],[-75.641957,6.300257],[-75.641957,6.30013],[-75.641844,6.300138],[-75.641821,6.299903]]]]},"properties":{"nombre":"San José de La Montaña","riesgo":"Con condiciones de riesgo","amenaza":"Avenidas Torrenciales"}},{"type":"Feature","geometry":{"type":"Polygon","coordinates":[[[-75.660959,6.305415],[-75.661361,6.305539],[-75.661456,6.305501],[-75.661561,6.305425],[-75.661676,6.305377],[-75.66181,6.305348],[-75.661963,6.305386],[-75.662259,6.305396],[-75.662298,6.305252],[-75.662278,6.30509],[-75.662288,6.305003],[-75.662374,6.30485],[-75.662317,6.304783],[-75.662071,6.30476],[-75.661963,6.304822],[-75.661839,6.30485],[-75.661408,6.304831],[-75.661169,6.304745],[-75.66094,6.304774],[-75.660854,6.304841],[-75.660825,6.304985],[-75.660863,6.305243],[-75.660959,6.305415]]]},"properties":{"nombre":"Naranjal","riesgo":"Con condiciones de riesgo","amenaza":"Movimientos en masa"}},{"type":"Feature","geometry":{"type":"Polygon","coordinates":[[[-75.652117,6.297139],[-75.652364,6.297426],[-75.652365,6.297481],[-75.652401,6.297441],[-75.65242,6.297372],[-75.652462,6.297336],[-75.65245,6.29727],[-75.652301,6.297181],[-75.652169,6.297139],[-75.652117,6.297139]]]},"properties":{"nombre":"Naranjal","riesgo":"Con condiciones de riesgo","amenaza":"Avenidas Torrenciales"}},{"type":"Feature","geometry":{"type":"Polygon","coordinates":[[[-75.651643,6.29561],[-75.651647,6.295675],[-75.651805,6.295876],[-75.651784,6.29615],[-75.651784,6.296424],[-75.651699,6.296804],[-75.651796,6.296949],[-75.651798,6.296929],[-75.651936,6.296804],[-75.65199,6.296696],[-75.652097,6.296541],[-75.652115,6.296475],[-75.652109,6.296367],[-75.652067,6.296266],[-75.652049,6.296068],[-75.651996,6.295979],[-75.651924,6.295895],[-75.651852,6.295853],[-75.651727,6.295728],[-75.651721,6.295647],[-75.651643,6.29561]]]},"properties":{"nombre":"Naranjal","riesgo":"Con condiciones de riesgo","amenaza":"Avenidas Torrenciales"}},{"type":"Feature","geometry":{"type":"Polygon","coordinates":[[[-75.532885,6.239142],[-75.532875,6.239148],[-75.532901,6.239148],[-75.532919,6.239118],[-75.532885,6.239142]]]},"properties":{"nombre":"Piedras Blancas - Matasano","riesgo":"Alto riesgo no mitigable","amenaza":"Movimientos en masa"}},{"type":"Feature","geometry":{"type":"Polygon","coordinates":[[[-75.53279,6.239145],[-75.532696,6.239116],[-75.532669,6.239133],[-75.532637,6.239211],[-75.532715,6.23913],[-75.53279,6.239145]]]},"properties":{"nombre":"Piedras Blancas - Matasano","riesgo":"Con condiciones de riesgo","amenaza":"Movimientos en masa"}},{"type":"Feature","geometry":{"type":"MultiPolygon","coordinates":[[[[-75.539892,6.256879],[-75.539859,6.256882],[-75.539812,6.256899],[-75.539892,6.256879]]],[[[-75.539892,6.256879],[-75.539926,6.256881],[-75.539928,6.256876],[-75.539892,6.256879]]]]},"properties":{"nombre":"Piedras Blancas - Matasano","riesgo":"Con condiciones de riesgo","amenaza":"Movimientos en masa"}},{"type":"Feature","geometry":{"type":"Polygon","coordinates":[[[-75.541363,6.261697],[-75.541481,6.261712],[-75.541545,6.261702],[-75.54163,6.26165],[-75.541848,6.261588],[-75.541956,6.261505],[-75.542319,6.261496],[-75.542591,6.261554],[-75.542628,6.261352],[-75.542626,6.261245],[-75.542574,6.261217],[-75.542181,6.261153],[-75.541754,6.26117],[-75.541433,6.261149],[-75.541385,6.261356],[-75.541376,6.261579],[-75.541402,6.261698],[-75.541363,6.261697]]]},"properties":{"nombre":"Piedras Blancas - Matasano","riesgo":"Con condiciones de riesgo","amenaza":"Movimientos en masa"}},{"type":"Feature","geometry":{"type":"MultiPolygon","coordinates":[[[[-75.531655,6.265891],[-75.531827,6.266021],[-75.531917,6.266051],[-75.531994,6.266033],[-75.532036,6.265992],[-75.532126,6.265968],[-75.532292,6.265977],[-75.532522,6.266063],[-75.532686,6.266067],[-75.532747,6.266049],[-75.532783,6.266013],[-75.53279,6.265973],[-75.532851,6.265955],[-75.532963,6.265977],[-75.533278,6.266124],[-75.533561,6.266128],[-75.533727,6.266088],[-75.533813,6.266088],[-75.533919,6.26616],[-75.533962,6.26627],[-75.534029,6.266327],[-75.534306,6.266433],[-75.534578,6.266437],[-75.534698,6.266394],[-75.535122,6.266436],[-75.535415,6.266328],[-75.535644,6.266337],[-75.535671,6.266314],[-75.535816,6.266268],[-75.535872,6.26622],[-75.535901,6.266216],[-75.535923,6.266182],[-75.535834,6.266105],[-75.535765,6.266082],[-75.535488,6.266082],[-75.535396,6.266051],[-75.53535,6.266013],[-75.535234,6.265959],[-75.535146,6.265942],[-75.535244,6.265894],[-75.535359,6.265864],[-75.535576,6.265862],[-75.535685,6.265778],[-75.535865,6.265758],[-75.535987,6.265764],[-75.536049,6.265676],[-75.536485,6.265693],[-75.536367,6.26548],[-75.536401,6.265314],[-75.536367,6.26518],[-75.536362,6.265011],[-75.536408,6.26499],[-75.536456,6.264894],[-75.536465,6.264748],[-75.5365,6.264695],[-75.537047,6.264506],[-75.537262,6.264393],[-75.537324,6.264387],[-75.537368,6.264415],[-75.537409,6.264519],[-75.53745,6.264512],[-75.537503,6.26444],[-75.537561,6.264424],[-75.537623,6.264445],[-75.537646,6.264498],[-75.537719,6.264527],[-75.537948,6.264453],[-75.537955,6.264518],[-75.537984,6.264533],[-75.538043,6.264512],[-75.538134,6.264421],[-75.538172,6.264448],[-75.53821,6.264445],[-75.53831,6.26448],[-75.538357,6.264623],[-75.538535,6.264746],[-75.538461,6.264417],[-75.538464,6.264249],[-75.538498,6.264022],[-75.538489,6.263847],[-75.538502,6.263828],[-75.538458,6.263666],[-75.538672,6.263757],[-75.538767,6.263846],[-75.538782,6.263888],[-75.538782,6.263998],[-75.53873,6.264125],[-75.538703,6.264324],[-75.538923,6.264391],[-75.538935,6.264136],[-75.538908,6.264004],[-75.538924,6.263899],[-75.538952,6.263881],[-75.538954,6.26379],[-75.538868,6.263436],[-75.538806,6.263264],[-75.538762,6.263194],[-75.538859,6.263159],[-75.538905,6.263098],[-75.539003,6.262753],[-75.539047,6.262514],[-75.539017,6.262419],[-75.538941,6.262325],[-75.539031,6.262286],[-75.539075,6.262237],[-75.539211,6.262148],[-75.539265,6.26205],[-75.539151,6.262104],[-75.538596,6.262079],[-75.538557,6.262066],[-75.538664,6.261926],[-75.538793,6.261885],[-75.53883,6.26183],[-75.538825,6.261794],[-75.538777,6.261721],[-75.538684,6.261357],[-75.538941,6.261357],[-75.539041,6.26139],[-75.539083,6.261432],[-75.539125,6.261541],[-75.539125,6.261667],[-75.539142,6.261718],[-75.539201,6.261785],[-75.539277,6.261819],[-75.539286,6.261848],[-75.539284,6.261714],[-75.539135,6.261376],[-75.539128,6.261267],[-75.539179,6.261166],[-75.539164,6.26113],[-75.539209,6.261115],[-75.539432,6.261127],[-75.539192,6.261112],[-75.538647,6.260964],[-75.538343,6.260912],[-75.537851,6.260737],[-75.537718,6.260739],[-75.537635,6.260765],[-75.537356,6.260763],[-75.537312,6.260789],[-75.537187,6.261039],[-75.537136,6.26107],[-75.537104,6.261154],[-75.537135,6.261224],[-75.537138,6.261273],[-75.537074,6.261439],[-75.537074,6.261575],[-75.537045,6.26161],[-75.53693,6.261677],[-75.53681,6.261828],[-75.536659,6.261924],[-75.536586,6.262028],[-75.536585,6.262163],[-75.536552,6.262256],[-75.536573,6.262301],[-75.536598,6.262452],[-75.536688,6.262563],[-75.536697,6.262684],[-75.536659,6.262733],[-75.536631,6.262809],[-75.536658,6.262954],[-75.536646,6.26299],[-75.536586,6.263038],[-75.536508,6.263146],[-75.536467,6.263155],[-75.536354,6.263128],[-75.536304,6.263171],[-75.536171,6.263231],[-75.535991,6.263231],[-75.535936,6.263298],[-75.535935,6.26338],[-75.535922,6.26343],[-75.535898,6.263457],[-75.535863,6.263489],[-75.535816,6.263474],[-75.535725,6.263558],[-75.53559,6.263637],[-75.535535,6.2637],[-75.535435,6.263765],[-75.535382,6.263862],[-75.535004,6.263932],[-75.534957,6.26396],[-75.534867,6.26396],[-75.534653,6.264055],[-75.534594,6.264064],[-75.534297,6.26425],[-75.534177,6.264299],[-75.534111,6.264463],[-75.534012,6.264564],[-75.53387,6.264657],[-75.533791,6.264723],[-75.533797,6.264732],[-75.533488,6.26479],[-75.533263,6.264884],[-75.53325,6.264864],[-75.533184,6.264933],[-75.532967,6.265034],[-75.532741,6.265071],[-75.532501,6.265283],[-75.53236,6.26535],[-75.532271,6.265373],[-75.532059,6.265375],[-75.532011,6.265402],[-75.53194,6.265513],[-75.531758,6.265586],[-75.531872,6.265685],[-75.531822,6.265716],[-75.531765,6.265721],[-75.531655,6.265891]],[[-75.538646,6.262224],[-75.538671,6.262232],[-75.538713,6.262283],[-75.538755,6.262358],[-75.538856,6.262619],[-75.538864,6.262678],[-75.538864,6.262829],[-75.538848,6.262879],[-75.538764,6.26298],[-75.538688,6.263022],[-75.538612,6.263022],[-75.538512,6.262997],[-75.538461,6.262963],[-75.538427,6.262906],[-75.538543,6.262788],[-75.538564,6.262679],[-75.538564,6.262565],[-75.53848,6.262365],[-75.538446,6.2622],[-75.538545,6.26219],[-75.538646,6.262224]]],[[[-75.531643,6.266566],[-75.531797,6.266685],[-75.531972,6.26675],[-75.532375,6.266981],[-75.532441,6.267184],[-75.532538,6.267338],[-75.532601,6.267388],[-75.532711,6.26744],[-75.532993,6.267827],[-75.533223,6.268037],[-75.533273,6.268128],[-75.533402,6.268482],[-75.533634,6.26885],[-75.533718,6.268497],[-75.533795,6.268283],[-75.53371,6.268075],[-75.533609,6.267743],[-75.533585,6.267705],[-75.533534,6.267694],[-75.533477,6.267624],[-75.533334,6.26753],[-75.533212,6.26749],[-75.53322,6.267439],[-75.533184,6.267362],[-75.533122,6.267283],[-75.533104,6.267173],[-75.533002,6.26705],[-75.532817,6.26698],[-75.532762,6.266794],[-75.532668,6.266613],[-75.532616,6.266566],[-75.532546,6.266561],[-75.532497,6.266516],[-75.532391,6.26647],[-75.532353,6.266435],[-75.532168,6.266356],[-75.532136,6.266359],[-75.531989,6.266441],[-75.531874,6.26647],[-75.531799,6.266552],[-75.531738,6.26657],[-75.531643,6.266566]]],[[[-75.531554,6.266011],[-75.531468,6.266117],[-75.531436,6.26618],[-75.531424,6.266307],[-75.531452,6.266435],[-75.531502,6.266494],[-75.531608,6.266546],[-75.531595,6.266473],[-75.531717,6.266369],[-75.531928,6.266297],[-75.532018,6.266247],[-75.532128,6.266218],[-75.532152,6.266172],[-75.532146,6.266156],[-75.532076,6.266152],[-75.531917,6.26619],[-75.531824,6.266182],[-75.531735,6.266093],[-75.531554,6.266011]]]]},"properties":{"nombre":"Piedras Blancas - Matasano","riesgo":"Con condiciones de riesgo","amenaza":"Movimientos en masa"}},{"type":"Feature","geometry":{"type":"Polygon","coordinates":[[[-75.536677,6.2794],[-75.536958,6.279595],[-75.537144,6.279749],[-75.537251,6.279758],[-75.537024,6.279512],[-75.536888,6.279408],[-75.536797,6.279383],[-75.536667,6.27929],[-75.536475,6.27905],[-75.536348,6.279029],[-75.536216,6.278509],[-75.536212,6.278375],[-75.536187,6.278278],[-75.536191,6.278206],[-75.536215,6.278184],[-75.536378,6.27813],[-75.536378,6.278112],[-75.536396,6.278112],[-75.536469,6.278021],[-75.536629,6.277914],[-75.536502,6.27767],[-75.53637,6.277354],[-75.536376,6.277265],[-75.536435,6.277184],[-75.536438,6.277156],[-75.536395,6.27709],[-75.536297,6.27716],[-75.53626,6.277233],[-75.536242,6.27745],[-75.536206,6.277577],[-75.536124,6.277632],[-75.536034,6.27765],[-75.536012,6.277649],[-75.535966,6.277556],[-75.535892,6.277588],[-75.535855,6.277576],[-75.535766,6.277431],[-75.535674,6.277225],[-75.535867,6.277153],[-75.535878,6.277112],[-75.535878,6.276949],[-75.53586,6.27694],[-75.53586,6.276922],[-75.53577,6.276885],[-75.535761,6.276849],[-75.535761,6.276713],[-75.535779,6.276677],[-75.535879,6.276605],[-75.536015,6.2766],[-75.536092,6.276501],[-75.536173,6.276315],[-75.536222,6.276141],[-75.536279,6.276071],[-75.536402,6.276014],[-75.5365,6.275912],[-75.536544,6.275769],[-75.536456,6.275672],[-75.53636,6.275636],[-75.53624,6.275619],[-75.536078,6.275553],[-75.535863,6.275414],[-75.535741,6.275392],[-75.53554,6.275401],[-75.535454,6.275353],[-75.535359,6.275257],[-75.535119,6.275166],[-75.534876,6.275034],[-75.535006,6.274975],[-75.535214,6.274783],[-75.535431,6.274658],[-75.536075,6.274393],[-75.536336,6.274313],[-75.536626,6.274198],[-75.53666,6.27415],[-75.53666,6.274081],[-75.536629,6.274019],[-75.536557,6.27395],[-75.536526,6.273892],[-75.53654,6.273756],[-75.536599,6.273604],[-75.536552,6.273567],[-75.536426,6.273517],[-75.536114,6.273542],[-75.536144,6.273435],[-75.53623,6.273285],[-75.536274,6.273013],[-75.536396,6.272729],[-75.536262,6.272638],[-75.53613,6.272491],[-75.535864,6.272041],[-75.535842,6.271889],[-75.535771,6.271825],[-75.535535,6.271696],[-75.535339,6.271664],[-75.535157,6.271594],[-75.535098,6.271549],[-75.53495,6.271345],[-75.534909,6.271383],[-75.534876,6.271482],[-75.534771,6.271893],[-75.534781,6.272301],[-75.534818,6.272487],[-75.534976,6.272784],[-75.535133,6.272988],[-75.535337,6.273471],[-75.535694,6.273741],[-75.535936,6.273793],[-75.536094,6.273807],[-75.536087,6.273906],[-75.535937,6.273947],[-75.535762,6.274044],[-75.535567,6.274128],[-75.535353,6.274194],[-75.535309,6.274187],[-75.535191,6.274219],[-75.535034,6.274298],[-75.534921,6.274382],[-75.534859,6.274444],[-75.534782,6.274571],[-75.534514,6.274614],[-75.53448,6.274691],[-75.534422,6.275044],[-75.534253,6.275006],[-75.534038,6.274991],[-75.533737,6.275053],[-75.533565,6.274991],[-75.533586,6.275151],[-75.533547,6.275136],[-75.533652,6.275257],[-75.533862,6.275438],[-75.533976,6.27551],[-75.534164,6.27557],[-75.53424,6.275639],[-75.534282,6.27576],[-75.534367,6.275888],[-75.534479,6.276176],[-75.534531,6.276248],[-75.534636,6.276319],[-75.534676,6.276382],[-75.534718,6.276767],[-75.534835,6.277136],[-75.534835,6.277187],[-75.534696,6.277291],[-75.534707,6.277291],[-75.534659,6.277353],[-75.534625,6.277489],[-75.534841,6.277476],[-75.534977,6.277435],[-75.535348,6.277447],[-75.535471,6.277399],[-75.535633,6.277706],[-75.535675,6.277997],[-75.535733,6.278114],[-75.535903,6.278339],[-75.536048,6.278565],[-75.536167,6.278816],[-75.536286,6.279007],[-75.536328,6.279171],[-75.536462,6.279291],[-75.536677,6.2794]]]},"properties":{"nombre":"Piedras Blancas - Matasano","riesgo":"Con condiciones de riesgo","amenaza":"Movimientos en masa"}},{"type":"Feature","geometry":{"type":"Polygon","coordinates":[[[-75.537698,6.281875],[-75.538058,6.281873],[-75.5382,6.281835],[-75.538328,6.281842],[-75.538402,6.281824],[-75.538548,6.281824],[-75.538656,6.28177],[-75.538713,6.281712],[-75.538717,6.281586],[-75.538701,6.281553],[-75.538679,6.281553],[-75.538627,6.281596],[-75.538441,6.281682],[-75.538379,6.281729],[-75.538178,6.281729],[-75.537978,6.281553],[-75.537902,6.281416],[-75.537781,6.281405],[-75.53744,6.281432],[-75.537227,6.281578],[-75.537293,6.281635],[-75.537698,6.281875]]]},"properties":{"nombre":"Piedras Blancas - Matasano","riesgo":"Con condiciones de riesgo","amenaza":"Movimientos en masa"}},{"type":"Feature","geometry":{"type":"Polygon","coordinates":[[[-75.537448,6.281997],[-75.537322,6.281957],[-75.537249,6.281957],[-75.5372,6.281993],[-75.537145,6.282134],[-75.537108,6.282378],[-75.537114,6.282537],[-75.537139,6.282653],[-75.537212,6.282843],[-75.537273,6.282953],[-75.53742,6.283137],[-75.537439,6.283],[-75.537433,6.282911],[-75.537328,6.282584],[-75.537295,6.282336],[-75.537396,6.282072],[-75.537448,6.281997]]]},"properties":{"nombre":"Piedras Blancas - Matasano","riesgo":"Con condiciones de riesgo","amenaza":"Movimientos en masa"}},{"type":"Feature","geometry":{"type":"Polygon","coordinates":[[[-75.537096,6.283823],[-75.536987,6.283765],[-75.536935,6.283696],[-75.536918,6.283643],[-75.536964,6.283502],[-75.537028,6.283148],[-75.537028,6.283044],[-75.537011,6.282968],[-75.536936,6.282841],[-75.536953,6.283177],[-75.536896,6.283356],[-75.536781,6.28352],[-75.53668,6.283617],[-75.536615,6.283728],[-75.536494,6.283851],[-75.536367,6.284139],[-75.536184,6.284315],[-75.536012,6.284515],[-75.53583,6.284578],[-75.535832,6.284618],[-75.535714,6.285013],[-75.535609,6.285286],[-75.535739,6.285317],[-75.535755,6.285354],[-75.535646,6.285586],[-75.535593,6.285865],[-75.535571,6.286419],[-75.535582,6.28655],[-75.535614,6.286644],[-75.535609,6.286773],[-75.535498,6.286965],[-75.535478,6.287056],[-75.535571,6.287204],[-75.535605,6.287365],[-75.535632,6.287733],[-75.535609,6.288075],[-75.535625,6.288187],[-75.535682,6.288334],[-75.535702,6.288689],[-75.535737,6.288795],[-75.53585,6.288981],[-75.535848,6.28902],[-75.535784,6.289149],[-75.535748,6.289276],[-75.535684,6.289372],[-75.535671,6.289429],[-75.535664,6.28956],[-75.535709,6.289883],[-75.535707,6.290003],[-75.535759,6.290168],[-75.535962,6.290493],[-75.536016,6.290481],[-75.536109,6.290423],[-75.536179,6.290307],[-75.536202,6.290237],[-75.536214,6.289987],[-75.536149,6.289868],[-75.536127,6.289582],[-75.53614,6.289495],[-75.536197,6.289381],[-75.536234,6.289236],[-75.536351,6.289161],[-75.536548,6.289115],[-75.536598,6.289056],[-75.536703,6.288996],[-75.536853,6.288951],[-75.536892,6.288916],[-75.536934,6.288833],[-75.536931,6.288817],[-75.536877,6.288918],[-75.53683,6.288941],[-75.536365,6.289075],[-75.536261,6.289075],[-75.536185,6.289057],[-75.536104,6.289005],[-75.536063,6.288935],[-75.536057,6.28879],[-75.536133,6.288272],[-75.536073,6.288078],[-75.536069,6.287988],[-75.53609,6.287789],[-75.536135,6.287678],[-75.536138,6.287571],[-75.536097,6.287492],[-75.535935,6.2874],[-75.535837,6.287302],[-75.535807,6.287249],[-75.535802,6.287087],[-75.535831,6.286965],[-75.535883,6.286872],[-75.536028,6.286773],[-75.536067,6.286767],[-75.53609,6.286593],[-75.536037,6.286433],[-75.536026,6.286098],[-75.536075,6.285746],[-75.53612,6.285603],[-75.536063,6.285464],[-75.535912,6.28522],[-75.535883,6.285127],[-75.535877,6.284987],[-75.535906,6.284941],[-75.535999,6.284912],[-75.536121,6.284912],[-75.536274,6.284938],[-75.536445,6.284832],[-75.536474,6.284782],[-75.536468,6.284713],[-75.536491,6.284647],[-75.536572,6.284519],[-75.536594,6.284503],[-75.536724,6.284504],[-75.536761,6.284467],[-75.536784,6.284413],[-75.53679,6.284302],[-75.536852,6.28412],[-75.536939,6.284044],[-75.537096,6.283823]]]},"properties":{"nombre":"Piedras Blancas - Matasano","riesgo":"Con condiciones de riesgo","amenaza":"Movimientos en masa"}},{"type":"Feature","geometry":{"type":"Polygon","coordinates":[[[-75.536377,6.290226],[-75.536354,6.29036],[-75.536389,6.290595],[-75.536418,6.290689],[-75.536536,6.290759],[-75.536777,6.290812],[-75.536817,6.290773],[-75.536801,6.290748],[-75.536594,6.290516],[-75.536377,6.290226]]]},"properties":{"nombre":"Piedras Blancas - Matasano","riesgo":"Con condiciones de riesgo","amenaza":"Movimientos en masa"}},{"type":"Feature","geometry":{"type":"Polygon","coordinates":[[[-75.536373,6.293942],[-75.536397,6.293991],[-75.536451,6.294043],[-75.536373,6.293942]]]},"properties":{"nombre":"Piedras Blancas - Matasano","riesgo":"Con condiciones de riesgo","amenaza":"Movimientos en masa"}},{"type":"Feature","geometry":{"type":"Polygon","coordinates":[[[-75.535571,6.27888],[-75.535368,6.278969],[-75.53531,6.279056],[-75.535332,6.279161],[-75.53535,6.279418],[-75.535386,6.279567],[-75.535439,6.279651],[-75.535469,6.279812],[-75.535589,6.27989],[-75.535732,6.279842],[-75.536001,6.279579],[-75.536133,6.279346],[-75.536115,6.27919],[-75.536049,6.279083],[-75.535852,6.278862],[-75.535744,6.278832],[-75.535571,6.27888]]]},"properties":{"nombre":"Piedras Blancas - Matasano","riesgo":"Con condiciones de riesgo","amenaza":"Movimientos en masa"}},{"type":"Feature","geometry":{"type":"Polygon","coordinates":[[[-75.615639,6.287793],[-75.615807,6.287943],[-75.615915,6.287968],[-75.616069,6.28795],[-75.616109,6.287929],[-75.616123,6.2879],[-75.616123,6.287857],[-75.616064,6.287758],[-75.615931,6.287676],[-75.615791,6.287645],[-75.6157,6.287593],[-75.615702,6.287662],[-75.615639,6.287793]]]},"properties":{"nombre":"Pedregal Alto","riesgo":"Con condiciones de riesgo","amenaza":"Avenidas Torrenciales"}},{"type":"Feature","geometry":{"type":"Polygon","coordinates":[[[-75.649422,6.275049],[-75.649236,6.275146],[-75.649218,6.275193],[-75.649243,6.275259],[-75.649351,6.275315],[-75.649455,6.275311],[-75.650064,6.275211],[-75.650505,6.275175],[-75.65071,6.275081],[-75.650774,6.274984],[-75.650785,6.274888],[-75.650767,6.274794],[-75.650631,6.274636],[-75.650577,6.274629],[-75.650523,6.27459],[-75.650437,6.274586],[-75.650387,6.274597],[-75.650373,6.274647],[-75.650401,6.274759],[-75.650473,6.274877],[-75.650484,6.274934],[-75.650452,6.275013],[-75.650383,6.275035],[-75.650057,6.274909],[-75.64996,6.274891],[-75.649702,6.274938],[-75.649555,6.274981],[-75.649422,6.275049]]]},"properties":{"nombre":"El Patio","riesgo":"Con condiciones de riesgo","amenaza":"Movimientos en masa"}},{"type":"Feature","geometry":{"type":"Polygon","coordinates":[[[-75.644139,6.276186],[-75.644444,6.276249],[-75.644479,6.276268],[-75.644585,6.276176],[-75.644692,6.275973],[-75.644764,6.275877],[-75.644919,6.275829],[-75.644946,6.275806],[-75.644602,6.275848],[-75.644381,6.275964],[-75.644139,6.276186]]]},"properties":{"nombre":"El Patio","riesgo":"Con condiciones de riesgo","amenaza":"Avenidas Torrenciales"}},{"type":"Feature","geometry":{"type":"MultiPolygon","coordinates":[[[[-75.649784,6.274424],[-75.649821,6.274522],[-75.649867,6.274543],[-75.64991,6.274594],[-75.650068,6.274665],[-75.650148,6.274672],[-75.650349,6.274549],[-75.65056,6.274526],[-75.650178,6.27436],[-75.65002,6.274339],[-75.649784,6.274424]]],[[[-75.645511,6.27546],[-75.645203,6.275721],[-75.645091,6.275771],[-75.6454,6.275751],[-75.645482,6.27562],[-75.645511,6.27546]]]]},"properties":{"nombre":"El Patio","riesgo":"Con condiciones de riesgo","amenaza":"Avenidas Torrenciales"}},{"type":"Feature","geometry":{"type":"Polygon","coordinates":[[[-75.650705,6.274588],[-75.65098,6.274836],[-75.651372,6.275037],[-75.6516,6.275101],[-75.651657,6.275074],[-75.651746,6.274957],[-75.651664,6.274961],[-75.651485,6.274898],[-75.650705,6.274588]]]},"properties":{"nombre":"El Patio","riesgo":"Con condiciones de riesgo","amenaza":"Avenidas Torrenciales"}},{"type":"Feature","geometry":{"type":"MultiPolygon","coordinates":[[[[-75.642869,6.279934],[-75.643117,6.2805],[-75.64338,6.280552],[-75.644224,6.280457],[-75.644361,6.280542],[-75.644508,6.280774],[-75.644645,6.281153],[-75.644898,6.281438],[-75.645151,6.281607],[-75.645309,6.281681],[-75.645731,6.28205],[-75.646248,6.282134],[-75.646754,6.282176],[-75.647091,6.282134],[-75.647375,6.282345],[-75.647492,6.282883],[-75.647513,6.283188],[-75.647513,6.283695],[-75.647576,6.284022],[-75.647913,6.284359],[-75.64823,6.284528],[-75.648556,6.284739],[-75.648767,6.285044],[-75.648933,6.285459],[-75.648996,6.285413],[-75.649068,6.285302],[-75.649016,6.285138],[-75.648801,6.284767],[-75.648729,6.284611],[-75.648633,6.28448],[-75.648323,6.284384],[-75.648251,6.284348],[-75.648078,6.28417],[-75.647946,6.284078],[-75.647888,6.284001],[-75.647821,6.283958],[-75.647716,6.28381],[-75.647683,6.283657],[-75.647716,6.283399],[-75.647821,6.283207],[-75.647902,6.282963],[-75.647928,6.28265],[-75.647844,6.282459],[-75.647701,6.282255],[-75.647569,6.282148],[-75.64733,6.282112],[-75.647163,6.282028],[-75.646936,6.281957],[-75.646768,6.281873],[-75.646661,6.281777],[-75.646434,6.281335],[-75.646003,6.281203],[-75.645848,6.281179],[-75.645657,6.281084],[-75.645442,6.28094],[-75.64531,6.280773],[-75.645131,6.280593],[-75.64494,6.280498],[-75.644641,6.280366],[-75.644414,6.280319],[-75.644151,6.280319],[-75.64384,6.280438],[-75.643534,6.280478],[-75.643436,6.280459],[-75.643352,6.280421],[-75.643278,6.280328],[-75.643252,6.280201],[-75.643194,6.280056],[-75.643153,6.279853],[-75.643015,6.279853],[-75.642908,6.279877],[-75.642869,6.279934]]],[[[-75.641543,6.27738],[-75.64161,6.277432],[-75.641802,6.277509],[-75.642125,6.277509],[-75.642182,6.277492],[-75.642338,6.277396],[-75.642421,6.277301],[-75.642541,6.277229],[-75.642852,6.277181],[-75.642995,6.277133],[-75.643138,6.277061],[-75.643174,6.277002],[-75.64321,6.276846],[-75.643425,6.276607],[-75.643557,6.276523],[-75.644214,6.276415],[-75.644405,6.276332],[-75.644479,6.276268],[-75.644444,6.276249],[-75.644139,6.276186],[-75.643875,6.276312],[-75.643717,6.276355],[-75.643137,6.276566],[-75.642579,6.276819],[-75.64202,6.277262],[-75.641543,6.27738]]],[[[-75.639647,6.277875],[-75.639822,6.278134],[-75.639849,6.278264],[-75.639889,6.278355],[-75.640042,6.278314],[-75.640176,6.278247],[-75.640396,6.278104],[-75.640453,6.278046],[-75.640376,6.278064],[-75.64006,6.278064],[-75.639647,6.277875]]]]},"properties":{"nombre":"Las Playas","riesgo":"Con condiciones de riesgo","amenaza":"Avenidas Torrenciales"}},{"type":"Feature","geometry":{"type":"Polygon","coordinates":[[[-75.611869,6.222631],[-75.611926,6.222731],[-75.612123,6.222898],[-75.61216,6.222962],[-75.612198,6.222932],[-75.612256,6.222845],[-75.612325,6.222482],[-75.612327,6.222313],[-75.612309,6.222279],[-75.612243,6.222237],[-75.612158,6.222309],[-75.612044,6.222456],[-75.611939,6.222489],[-75.611895,6.22252],[-75.611869,6.222631]]]},"properties":{"nombre":"Área de Expansión Altavista","riesgo":"Alto riesgo no mitigable","amenaza":"Movimientos en masa"}},{"type":"Feature","geometry":{"type":"Polygon","coordinates":[[[-75.61291,6.222191],[-75.612914,6.222441],[-75.612989,6.222556],[-75.613116,6.222622],[-75.613372,6.222631],[-75.613472,6.222609],[-75.613468,6.222425],[-75.613508,6.222346],[-75.613508,6.222313],[-75.613389,6.222347],[-75.613332,6.222347],[-75.613102,6.222304],[-75.612973,6.222251],[-75.61291,6.222191]]]},"properties":{"nombre":"Área de Expansión Altavista","riesgo":"Alto riesgo no mitigable","amenaza":"Movimientos en masa"}},{"type":"Feature","geometry":{"type":"Polygon","coordinates":[[[-75.617466,6.222613],[-75.617608,6.222619],[-75.61779,6.222579],[-75.618201,6.222548],[-75.618217,6.22254],[-75.618213,6.222484],[-75.618208,6.222466],[-75.618134,6.22246],[-75.617538,6.222489],[-75.61751,6.222453],[-75.6174,6.222433],[-75.617352,6.2224],[-75.617299,6.222294],[-75.617283,6.222214],[-75.617081,6.222473],[-75.617118,6.222519],[-75.617299,6.222596],[-75.617443,6.222601],[-75.617466,6.222613]]]},"properties":{"nombre":"Área de Expansión Altavista","riesgo":"Con condiciones de riesgo","amenaza":"Avenidas Torrenciales"}},{"type":"Feature","geometry":{"type":"Polygon","coordinates":[[[-75.615947,6.22229],[-75.616028,6.222242],[-75.616286,6.222146],[-75.616554,6.222213],[-75.616597,6.222242],[-75.616664,6.222256],[-75.616898,6.222242],[-75.617013,6.222328],[-75.617032,6.222409],[-75.617081,6.222473],[-75.617283,6.222214],[-75.617261,6.221706],[-75.617204,6.221529],[-75.617099,6.221467],[-75.616912,6.221419],[-75.616769,6.221419],[-75.616434,6.221362],[-75.616229,6.221366],[-75.616157,6.22139],[-75.616119,6.221424],[-75.616018,6.221616],[-75.615919,6.22196],[-75.615891,6.22202],[-75.615868,6.222036],[-75.615947,6.22229]]]},"properties":{"nombre":"Área de Expansión Altavista","riesgo":"Alto riesgo no mitigable","amenaza":"Avenidas Torrenciales"}},{"type":"Feature","geometry":{"type":"Polygon","coordinates":[[[-75.61291,6.222191],[-75.612973,6.222251],[-75.613102,6.222304],[-75.613332,6.222347],[-75.613389,6.222347],[-75.613508,6.222313],[-75.613488,6.222171],[-75.613385,6.221986],[-75.613143,6.221973],[-75.613052,6.221986],[-75.612966,6.22204],[-75.61291,6.222191]]]},"properties":{"nombre":"Área de Expansión Altavista","riesgo":"Alto riesgo no mitigable","amenaza":"Avenidas Torrenciales"}},{"type":"Feature","geometry":{"type":"MultiPolygon","coordinates":[[[[-75.613508,6.222313],[-75.613628,6.222313],[-75.61369,6.222337],[-75.613762,6.222313],[-75.613858,6.222246],[-75.614,6.22222],[-75.614048,6.222276],[-75.614116,6.222312],[-75.614226,6.222331],[-75.614331,6.222323],[-75.614416,6.222268],[-75.614469,6.222197],[-75.614489,6.222121],[-75.614525,6.222077],[-75.614593,6.222039],[-75.614656,6.222029],[-75.614744,6.222071],[-75.614853,6.222159],[-75.614974,6.2222],[-75.615039,6.222201],[-75.615281,6.222146],[-75.615493,6.222149],[-75.615681,6.222201],[-75.615825,6.222281],[-75.615947,6.22229],[-75.615868,6.222036],[-75.615838,6.222051],[-75.615756,6.222048],[-75.61565,6.222006],[-75.615489,6.221914],[-75.615276,6.221916],[-75.61512,6.221957],[-75.614731,6.221837],[-75.614641,6.221831],[-75.614462,6.221849],[-75.614307,6.22189],[-75.614246,6.221996],[-75.614197,6.222042],[-75.614153,6.222064],[-75.614068,6.222056],[-75.613996,6.222026],[-75.613858,6.22183],[-75.613718,6.221737],[-75.613362,6.221663],[-75.61282,6.221593],[-75.612515,6.221514],[-75.612437,6.22151],[-75.61227,6.221435],[-75.612089,6.221251],[-75.612023,6.221158],[-75.611933,6.221078],[-75.611641,6.220942],[-75.611446,6.220929],[-75.611023,6.221013],[-75.610949,6.22102],[-75.610846,6.220997],[-75.610778,6.221025],[-75.610841,6.221135],[-75.611058,6.221077],[-75.611584,6.221],[-75.611669,6.221014],[-75.611774,6.221062],[-75.612004,6.22122],[-75.61208,6.221292],[-75.612185,6.221445],[-75.612233,6.221565],[-75.612353,6.221689],[-75.612415,6.221723],[-75.612497,6.221734],[-75.612426,6.221899],[-75.612481,6.221931],[-75.612562,6.222026],[-75.612758,6.222079],[-75.61291,6.222191],[-75.612966,6.22204],[-75.613052,6.221986],[-75.613143,6.221973],[-75.613385,6.221986],[-75.613488,6.222171],[-75.613508,6.222313]]],[[[-75.611055,6.219738],[-75.611186,6.219771],[-75.611315,6.219737],[-75.611395,6.219693],[-75.611677,6.219343],[-75.611874,6.219251],[-75.611966,6.21919],[-75.612151,6.219021],[-75.612146,6.218992],[-75.612185,6.218931],[-75.612194,6.218875],[-75.611888,6.219128],[-75.611629,6.219226],[-75.611487,6.219382],[-75.611055,6.219738]]]]},"properties":{"nombre":"Área de Expansión Altavista","riesgo":"Con condiciones de riesgo","amenaza":"Avenidas Torrenciales"}},{"type":"Feature","geometry":{"type":"Polygon","coordinates":[[[-75.62918,6.277067],[-75.629221,6.277256],[-75.629252,6.277279],[-75.629327,6.277291],[-75.62945,6.277246],[-75.629552,6.277065],[-75.62959,6.27706],[-75.629709,6.277119],[-75.629775,6.277007],[-75.62988,6.276921],[-75.629938,6.276917],[-75.629991,6.276936],[-75.630041,6.276965],[-75.630104,6.277034],[-75.630158,6.277043],[-75.630279,6.276873],[-75.630311,6.276853],[-75.630422,6.276831],[-75.630485,6.27679],[-75.630517,6.27664],[-75.630608,6.276577],[-75.630686,6.276426],[-75.630756,6.276416],[-75.630816,6.27632],[-75.630869,6.276325],[-75.630945,6.27641],[-75.630979,6.27641],[-75.63098,6.276373],[-75.630959,6.276342],[-75.630832,6.276257],[-75.630819,6.276223],[-75.630852,6.276205],[-75.631062,6.27621],[-75.631113,6.276186],[-75.63113,6.276157],[-75.630935,6.276152],[-75.630795,6.276075],[-75.630717,6.276073],[-75.630682,6.276088],[-75.630631,6.276134],[-75.630491,6.276326],[-75.630415,6.276389],[-75.630212,6.276624],[-75.630057,6.276701],[-75.629879,6.276737],[-75.629829,6.276728],[-75.629738,6.27667],[-75.629684,6.276573],[-75.62963,6.276513],[-75.629502,6.276456],[-75.629259,6.27641],[-75.629164,6.276374],[-75.629111,6.276337],[-75.629065,6.276246],[-75.629039,6.276229],[-75.629048,6.276474],[-75.629202,6.276553],[-75.629254,6.276678],[-75.629258,6.276836],[-75.629185,6.276912],[-75.62918,6.277067]]]},"properties":{"nombre":"Cabecera Urbana Corregimiento San Cristóbal","riesgo":"Con condiciones de riesgo","amenaza":"Movimientos en masa"}},{"type":"Feature","geometry":{"type":"Polygon","coordinates":[[[-75.638779,6.275612],[-75.638856,6.275745],[-75.638846,6.275635],[-75.638872,6.275512],[-75.638779,6.275612]]]},"properties":{"nombre":"Cabecera Urbana Corregimiento San Cristóbal","riesgo":"Con condiciones de riesgo","amenaza":"Avenidas Torrenciales"}},{"type":"Feature","geometry":{"type":"Polygon","coordinates":[[[-75.548673,6.300535],[-75.548564,6.300509],[-75.548547,6.300574],[-75.548648,6.30059],[-75.54869,6.300565],[-75.548673,6.300535]]]},"properties":{"nombre":"Popular","riesgo":"Con condiciones de riesgo","amenaza":"Inundaciones"}},{"type":"Feature","geometry":{"type":"Polygon","coordinates":[[[-75.559746,6.286163],[-75.559736,6.286193],[-75.559821,6.286242],[-75.559854,6.286191],[-75.559794,6.286163],[-75.559746,6.286163]]]},"properties":{"nombre":"San Isidro","riesgo":"Con condiciones de riesgo","amenaza":"Inundaciones"}},{"type":"Feature","geometry":{"type":"Polygon","coordinates":[[[-75.648679,6.285553],[-75.648743,6.285548],[-75.648621,6.285419],[-75.648575,6.285418],[-75.648679,6.285553]]]},"properties":{"nombre":"Travesías","riesgo":"Con condiciones de riesgo","amenaza":"Avenidas Torrenciales"}},{"type":"Feature","geometry":{"type":"Polygon","coordinates":[[[-75.613964,6.268404],[-75.613926,6.268449],[-75.613929,6.268495],[-75.614193,6.268789],[-75.614031,6.268957],[-75.613663,6.269423],[-75.6137,6.269587],[-75.613735,6.269883],[-75.61374,6.27037],[-75.613788,6.270693],[-75.613805,6.270952],[-75.614022,6.270999],[-75.614291,6.270922],[-75.614388,6.270916],[-75.614596,6.27096],[-75.614848,6.271058],[-75.614865,6.270893],[-75.614862,6.270418],[-75.614881,6.270132],[-75.614869,6.269878],[-75.614958,6.269586],[-75.614954,6.269057],[-75.614863,6.26901],[-75.614625,6.268976],[-75.614441,6.269059],[-75.614351,6.269061],[-75.614289,6.268993],[-75.614269,6.268923],[-75.614303,6.268779],[-75.614367,6.268749],[-75.614405,6.268708],[-75.614394,6.268655],[-75.614364,6.268637],[-75.61431,6.268647],[-75.614108,6.268599],[-75.613964,6.268404]]]},"properties":{"nombre":"Juan XXIII La Quiebra","riesgo":"Con condiciones de riesgo","amenaza":"Movimientos en masa"}},{"type":"Feature","geometry":{"type":"Polygon","coordinates":[[[-75.613518,6.268198],[-75.613432,6.268277],[-75.613379,6.268302],[-75.613303,6.268396],[-75.613371,6.268471],[-75.6134,6.268546],[-75.613511,6.268719],[-75.613554,6.268736],[-75.613637,6.268711],[-75.6138,6.268388],[-75.613608,6.26831],[-75.613565,6.268256],[-75.613558,6.268173],[-75.613518,6.268198]]]},"properties":{"nombre":"Juan XXIII La Quiebra","riesgo":"Con condiciones de riesgo","amenaza":"Movimientos en masa"}},{"type":"Feature","geometry":{"type":"Polygon","coordinates":[[[-75.553083,6.298714],[-75.553282,6.298771],[-75.553361,6.298827],[-75.553403,6.298831],[-75.553403,6.298752],[-75.55337,6.298761],[-75.553297,6.298723],[-75.553099,6.298672],[-75.553083,6.298714]]]},"properties":{"nombre":"La Francia","riesgo":"Con condiciones de riesgo","amenaza":"Inundaciones"}},{"type":"Feature","geometry":{"type":"MultiPolygon","coordinates":[[[[-75.635498,6.276733],[-75.635535,6.27679],[-75.635794,6.276863],[-75.635906,6.27688],[-75.636011,6.276944],[-75.636231,6.277026],[-75.636408,6.277157],[-75.636485,6.277162],[-75.636894,6.277101],[-75.637036,6.277143],[-75.63741,6.277149],[-75.637506,6.277119],[-75.637659,6.277117],[-75.637983,6.277057],[-75.63837,6.277162],[-75.638467,6.277012],[-75.638501,6.276875],[-75.63832,6.27678],[-75.638448,6.276578],[-75.638406,6.276522],[-75.638338,6.276578],[-75.63819,6.276635],[-75.638027,6.276645],[-75.637754,6.276576],[-75.637198,6.27633],[-75.637331,6.276186],[-75.637517,6.276035],[-75.637603,6.275913],[-75.637898,6.275663],[-75.637813,6.275638],[-75.637771,6.275645],[-75.637599,6.275735],[-75.637315,6.275928],[-75.637234,6.276043],[-75.636971,6.276267],[-75.636657,6.276247],[-75.636454,6.276295],[-75.636239,6.276316],[-75.636007,6.276449],[-75.635913,6.276492],[-75.635852,6.2765],[-75.635915,6.276751],[-75.635498,6.276733]]],[[[-75.630873,6.27972],[-75.630956,6.279707],[-75.631017,6.279887],[-75.631044,6.279879],[-75.6311,6.279823],[-75.631098,6.279756],[-75.631041,6.279678],[-75.630976,6.279498],[-75.630976,6.279261],[-75.631012,6.279096],[-75.631098,6.278888],[-75.631184,6.27873],[-75.631212,6.278522],[-75.631299,6.278357],[-75.631363,6.278084],[-75.63137,6.277919],[-75.631413,6.277726],[-75.631442,6.277661],[-75.631384,6.277381],[-75.631463,6.277259],[-75.631499,6.277094],[-75.631506,6.276807],[-75.6316,6.276606],[-75.631678,6.276549],[-75.631683,6.27632],[-75.631666,6.27622],[-75.631621,6.276236],[-75.631589,6.27623],[-75.63145,6.276122],[-75.631325,6.276078],[-75.631017,6.276129],[-75.63085,6.276045],[-75.630788,6.276031],[-75.630676,6.276036],[-75.630557,6.276135],[-75.630276,6.27645],[-75.630124,6.276589],[-75.630066,6.276634],[-75.629988,6.276658],[-75.629923,6.276652],[-75.629822,6.276628],[-75.629721,6.276533],[-75.629631,6.276405],[-75.629581,6.276211],[-75.62944,6.275946],[-75.629418,6.275912],[-75.629366,6.275933],[-75.629306,6.27598],[-75.62927,6.276058],[-75.629276,6.276166],[-75.629324,6.276261],[-75.629396,6.276369],[-75.629491,6.276453],[-75.62963,6.276513],[-75.629684,6.276573],[-75.629738,6.27667],[-75.629856,6.276737],[-75.630057,6.276701],[-75.630212,6.276624],[-75.630415,6.276389],[-75.630491,6.276326],[-75.630655,6.276104],[-75.630717,6.276073],[-75.630837,6.276088],[-75.630935,6.276152],[-75.630981,6.276161],[-75.631277,6.276152],[-75.63137,6.276247],[-75.631413,6.276326],[-75.631399,6.276585],[-75.631356,6.276642],[-75.631262,6.276707],[-75.631212,6.276836],[-75.631184,6.277403],[-75.631155,6.27764],[-75.631184,6.277812],[-75.631162,6.27797],[-75.631062,6.278257],[-75.630954,6.278501],[-75.630911,6.278565],[-75.630872,6.278704],[-75.630761,6.278974],[-75.630739,6.279103],[-75.630725,6.279326],[-75.630818,6.279527],[-75.630873,6.27972]]],[[[-75.639591,6.280427],[-75.639613,6.280522],[-75.639662,6.280576],[-75.639658,6.28078],[-75.639677,6.280854],[-75.639691,6.280854],[-75.639724,6.280666],[-75.639696,6.280348],[-75.639813,6.280307],[-75.63993,6.280214],[-75.639988,6.28014],[-75.640015,6.279975],[-75.640002,6.27977],[-75.640023,6.279454],[-75.640097,6.279326],[-75.640145,6.2793],[-75.640398,6.27905],[-75.64046,6.278935],[-75.640441,6.278826],[-75.640419,6.278786],[-75.640208,6.278737],[-75.640323,6.278875],[-75.640303,6.279004],[-75.640203,6.279172],[-75.639944,6.279325],[-75.639858,6.279469],[-75.63982,6.279665],[-75.63982,6.279952],[-75.639796,6.280053],[-75.639753,6.280158],[-75.639672,6.280258],[-75.639591,6.280427]]],[[[-75.6395,6.277581],[-75.639414,6.27762],[-75.639352,6.277672],[-75.639309,6.277782],[-75.639309,6.277844],[-75.639436,6.277991],[-75.639567,6.278067],[-75.63982,6.278362],[-75.639889,6.278355],[-75.639849,6.278264],[-75.639822,6.278134],[-75.639668,6.277915],[-75.6395,6.277581]]],[[[-75.638872,6.275842],[-75.638807,6.275875],[-75.638663,6.275994],[-75.638601,6.276143],[-75.638532,6.276411],[-75.638486,6.276438],[-75.638501,6.276448],[-75.638554,6.276475],[-75.638673,6.276366],[-75.638678,6.27633],[-75.638656,6.276279],[-75.638665,6.276225],[-75.638751,6.276081],[-75.638862,6.275943],[-75.638872,6.275842]]],[[[-75.623166,6.275188],[-75.62317,6.275207],[-75.623507,6.275229],[-75.623796,6.275339],[-75.623856,6.275344],[-75.623914,6.275301],[-75.623836,6.27529],[-75.623712,6.275228],[-75.623614,6.275206],[-75.623166,6.275188]]]]},"properties":{"nombre":"Cabecera Urbana Corregimiento San Cristóbal","riesgo":"Con condiciones de riesgo","amenaza":"Avenidas Torrenciales"}},{"type":"Feature","geometry":{"type":"MultiPolygon","coordinates":[[[[-75.536803,6.237028],[-75.537091,6.2368],[-75.537363,6.236644],[-75.537142,6.23674],[-75.536803,6.237028]]],[[[-75.537596,6.236581],[-75.537666,6.236935],[-75.537707,6.237035],[-75.537596,6.236581]]],[[[-75.537894,6.237294],[-75.538033,6.23732],[-75.537997,6.23732],[-75.537835,6.237252],[-75.537753,6.237147],[-75.537788,6.23723],[-75.537889,6.237278],[-75.537894,6.237294]]],[[[-75.538157,6.237331],[-75.538188,6.237349],[-75.538275,6.237339],[-75.53832,6.237288],[-75.538302,6.237306],[-75.538176,6.237338],[-75.538157,6.237331]]]]},"properties":{"nombre":"Villatina","riesgo":"Con condiciones de riesgo","amenaza":"Movimientos en masa"}},{"type":"Feature","geometry":{"type":"Polygon","coordinates":[[[-75.538343,6.235754],[-75.538404,6.235753],[-75.53853,6.235588],[-75.538727,6.23552],[-75.538793,6.235516],[-75.538864,6.235478],[-75.53892,6.235429],[-75.538894,6.235377],[-75.538799,6.235275],[-75.538715,6.235227],[-75.538458,6.235203],[-75.538135,6.235084],[-75.537939,6.235049],[-75.537898,6.235054],[-75.537831,6.235064],[-75.537697,6.235145],[-75.537658,6.235212],[-75.537644,6.235284],[-75.537712,6.235481],[-75.53776,6.235534],[-75.53783,6.235586],[-75.538219,6.235711],[-75.538297,6.235753],[-75.538343,6.235754]]]},"properties":{"nombre":"Villatina","riesgo":"Con condiciones de riesgo","amenaza":"Movimientos en masa"}},{"type":"Feature","geometry":{"type":"Polygon","coordinates":[[[-75.537705,6.237501],[-75.537725,6.237544],[-75.537981,6.237655],[-75.538036,6.23762],[-75.538055,6.237498],[-75.538022,6.237465],[-75.537848,6.23749],[-75.537753,6.237465],[-75.537711,6.237483],[-75.537705,6.237501]]]},"properties":{"nombre":"San Antonio","riesgo":"Con condiciones de riesgo","amenaza":"Movimientos en masa"}},{"type":"Feature","geometry":{"type":"MultiPolygon","coordinates":[[[[-75.537829,6.237263],[-75.537843,6.237265],[-75.537788,6.23723],[-75.537731,6.23712],[-75.537666,6.236935],[-75.537604,6.236615],[-75.537577,6.236542],[-75.53715,6.236761],[-75.536806,6.23703],[-75.536855,6.237021],[-75.536976,6.23707],[-75.537061,6.237],[-75.537109,6.236983],[-75.537482,6.236905],[-75.537598,6.236899],[-75.537665,6.236938],[-75.537779,6.237246],[-75.537829,6.237263]]],[[[-75.537965,6.237344],[-75.538021,6.237357],[-75.538082,6.237342],[-75.538183,6.237356],[-75.538288,6.237349],[-75.538343,6.237308],[-75.538399,6.237236],[-75.538362,6.237249],[-75.538275,6.237339],[-75.538188,6.237349],[-75.538133,6.23732],[-75.538013,6.237326],[-75.537894,6.237294],[-75.537907,6.23732],[-75.537965,6.237344]]]]},"properties":{"nombre":"Villatina","riesgo":"Con condiciones de riesgo","amenaza":"Movimientos en masa"}},{"type":"Feature","geometry":{"type":"Polygon","coordinates":[[[-75.536219,6.27852],[-75.536348,6.279029],[-75.536475,6.27905],[-75.536565,6.279157],[-75.536707,6.279122],[-75.536894,6.27899],[-75.536668,6.278538],[-75.536639,6.278387],[-75.536219,6.27852]]]},"properties":{"nombre":"Piedras Blancas - Matasano","riesgo":"Con condiciones de riesgo","amenaza":"Movimientos en masa"}},{"type":"Feature","geometry":{"type":"Polygon","coordinates":[[[-75.534076,6.257829],[-75.534041,6.257984],[-75.533971,6.258052],[-75.534007,6.258122],[-75.533983,6.258196],[-75.534073,6.258224],[-75.534099,6.258277],[-75.534104,6.258474],[-75.534132,6.258584],[-75.534118,6.258654],[-75.534155,6.258623],[-75.534221,6.258492],[-75.534245,6.25847],[-75.534294,6.258462],[-75.534408,6.258368],[-75.534497,6.258337],[-75.534579,6.258235],[-75.534666,6.258186],[-75.534714,6.258096],[-75.534785,6.25807],[-75.534921,6.257978],[-75.53508,6.25777],[-75.535307,6.257686],[-75.535432,6.257676],[-75.535532,6.257646],[-75.535667,6.257576],[-75.535715,6.257565],[-75.535781,6.257513],[-75.535873,6.257501],[-75.535872,6.257451],[-75.535921,6.257423],[-75.535973,6.257273],[-75.536021,6.257234],[-75.536213,6.257234],[-75.536405,6.257317],[-75.536487,6.257326],[-75.536619,6.257297],[-75.536714,6.257238],[-75.536761,6.257187],[-75.536802,6.257095],[-75.53691,6.257091],[-75.536928,6.256949],[-75.537051,6.256852],[-75.537043,6.256821],[-75.536976,6.256835],[-75.536953,6.256801],[-75.536928,6.256681],[-75.536962,6.256626],[-75.537184,6.25641],[-75.53729,6.256341],[-75.537444,6.25627],[-75.537557,6.256155],[-75.537703,6.256049],[-75.537835,6.2559],[-75.538078,6.255685],[-75.538139,6.255652],[-75.5383,6.255613],[-75.538497,6.255539],[-75.538634,6.25553],[-75.538726,6.255564],[-75.538902,6.255546],[-75.539033,6.255577],[-75.539205,6.255582],[-75.539361,6.255533],[-75.539463,6.255483],[-75.539552,6.255399],[-75.53971,6.25518],[-75.539796,6.254966],[-75.539803,6.254905],[-75.539784,6.254879],[-75.539664,6.255053],[-75.539608,6.255077],[-75.539585,6.255062],[-75.539514,6.254875],[-75.539483,6.25458],[-75.539436,6.254491],[-75.539295,6.25429],[-75.538987,6.254014],[-75.538932,6.253928],[-75.538983,6.253842],[-75.539085,6.25375],[-75.539108,6.253709],[-75.539085,6.25363],[-75.539138,6.253536],[-75.539186,6.253386],[-75.539159,6.25325],[-75.539155,6.253055],[-75.539095,6.253042],[-75.539032,6.25298],[-75.538905,6.252975],[-75.538774,6.252928],[-75.538413,6.252923],[-75.538346,6.252896],[-75.538269,6.252896],[-75.53828,6.252721],[-75.538355,6.252613],[-75.538334,6.252451],[-75.538371,6.252416],[-75.53828,6.252285],[-75.538307,6.252167],[-75.538242,6.252074],[-75.538305,6.251961],[-75.538285,6.251908],[-75.538222,6.251837],[-75.538138,6.251837],[-75.538094,6.251807],[-75.538077,6.251785],[-75.53808,6.251716],[-75.53805,6.251665],[-75.537968,6.251646],[-75.538029,6.251567],[-75.538092,6.251415],[-75.538065,6.251355],[-75.537991,6.251308],[-75.538005,6.251249],[-75.538001,6.251074],[-75.538044,6.250965],[-75.538041,6.250889],[-75.538154,6.250763],[-75.538138,6.250669],[-75.537956,6.250603],[-75.537877,6.250613],[-75.537734,6.250589],[-75.537604,6.250521],[-75.537443,6.250357],[-75.537351,6.250205],[-75.537265,6.250176],[-75.537154,6.250168],[-75.537081,6.25013],[-75.537021,6.250072],[-75.536956,6.24985],[-75.536743,6.249794],[-75.536788,6.249702],[-75.536636,6.24972],[-75.536605,6.249623],[-75.53655,6.249594],[-75.536579,6.24956],[-75.53659,6.249434],[-75.536496,6.24939],[-75.536413,6.249401],[-75.536342,6.249439],[-75.536301,6.249424],[-75.536224,6.24947],[-75.536162,6.249483],[-75.53589,6.249476],[-75.53578,6.249534],[-75.535705,6.249553],[-75.53505,6.249576],[-75.535093,6.249631],[-75.535208,6.249714],[-75.535463,6.249814],[-75.535598,6.24997],[-75.53573,6.250088],[-75.535869,6.250136],[-75.53598,6.250217],[-75.536089,6.250261],[-75.536253,6.250438],[-75.536546,6.250561],[-75.536871,6.250806],[-75.536926,6.251059],[-75.537036,6.25124],[-75.537069,6.251354],[-75.537081,6.251525],[-75.537068,6.251638],[-75.537003,6.251764],[-75.536934,6.251856],[-75.536918,6.25193],[-75.536962,6.252032],[-75.537071,6.252164],[-75.537149,6.252336],[-75.537156,6.252481],[-75.537103,6.252608],[-75.537099,6.252666],[-75.537136,6.252906],[-75.537127,6.252961],[-75.536994,6.253001],[-75.536863,6.252996],[-75.536769,6.253042],[-75.536622,6.252877],[-75.536539,6.252809],[-75.536322,6.252658],[-75.536034,6.252495],[-75.535934,6.252359],[-75.536037,6.251907],[-75.535998,6.251625],[-75.535951,6.251455],[-75.535822,6.251349],[-75.535715,6.251307],[-75.535604,6.251345],[-75.535447,6.251457],[-75.535265,6.251761],[-75.53521,6.251909],[-75.535218,6.252409],[-75.535259,6.252822],[-75.535328,6.253264],[-75.535573,6.253716],[-75.535647,6.25379],[-75.535722,6.253819],[-75.536174,6.253907],[-75.536625,6.253879],[-75.536743,6.25383],[-75.536874,6.253712],[-75.536899,6.253457],[-75.536929,6.253392],[-75.536962,6.253361],[-75.537064,6.253361],[-75.537164,6.253328],[-75.537273,6.253322],[-75.537366,6.253361],[-75.537471,6.253437],[-75.537728,6.253541],[-75.537772,6.253734],[-75.537735,6.253935],[-75.537621,6.254163],[-75.53734,6.254321],[-75.537259,6.25434],[-75.537175,6.254327],[-75.537121,6.25425],[-75.537094,6.254156],[-75.53709,6.253895],[-75.537055,6.25385],[-75.536971,6.253851],[-75.536822,6.253955],[-75.53657,6.254323],[-75.536395,6.254618],[-75.536342,6.254671],[-75.536279,6.254676],[-75.536221,6.254719],[-75.53619,6.25479],[-75.536208,6.254895],[-75.536187,6.254933],[-75.536123,6.254972],[-75.536044,6.254944],[-75.536099,6.254999],[-75.536134,6.255068],[-75.535733,6.255658],[-75.535714,6.255759],[-75.535678,6.255828],[-75.535568,6.255928],[-75.535346,6.256056],[-75.535234,6.256092],[-75.534971,6.256262],[-75.53488,6.256372],[-75.534801,6.256531],[-75.534589,6.256854],[-75.534525,6.257],[-75.5345,6.257239],[-75.534388,6.257618],[-75.534225,6.257749],[-75.534145,6.257774],[-75.534079,6.257774],[-75.534076,6.257829]]]},"properties":{"nombre":"Piedras Blancas - Matasano","riesgo":"Con condiciones de riesgo","amenaza":"Movimientos en masa"}},{"type":"Feature","geometry":{"type":"Polygon","coordinates":[[[-75.534365,6.270149],[-75.533985,6.270231],[-75.533985,6.270284],[-75.534061,6.270322],[-75.534257,6.270341],[-75.53433,6.270313],[-75.534214,6.270266],[-75.534365,6.270149]]]},"properties":{"nombre":"Piedras Blancas - Matasano","riesgo":"Con condiciones de riesgo","amenaza":"Avenidas Torrenciales"}},{"type":"Feature","geometry":{"type":"MultiPolygon","coordinates":[[[[-75.532076,6.266152],[-75.531998,6.266143],[-75.532168,6.266074],[-75.532278,6.26608],[-75.532414,6.266133],[-75.532596,6.266142],[-75.532797,6.266112],[-75.532908,6.266058],[-75.533031,6.266051],[-75.533083,6.266064],[-75.533248,6.266235],[-75.533351,6.266274],[-75.533551,6.266329],[-75.533671,6.266319],[-75.533857,6.266268],[-75.533919,6.266348],[-75.534043,6.266436],[-75.534324,6.266529],[-75.534655,6.266501],[-75.534827,6.266531],[-75.534904,6.266504],[-75.534978,6.266454],[-75.535075,6.266441],[-75.534698,6.266394],[-75.534578,6.266437],[-75.534306,6.266433],[-75.534029,6.266327],[-75.533962,6.26627],[-75.533919,6.26616],[-75.533813,6.266088],[-75.533727,6.266088],[-75.533561,6.266128],[-75.533278,6.266124],[-75.532963,6.265977],[-75.532851,6.265955],[-75.53279,6.265973],[-75.532783,6.266013],[-75.532747,6.266049],[-75.532686,6.266067],[-75.532522,6.266063],[-75.532292,6.265977],[-75.532126,6.265968],[-75.532036,6.265992],[-75.531994,6.266033],[-75.531917,6.266051],[-75.531827,6.266021],[-75.531612,6.26586],[-75.531271,6.265794],[-75.531188,6.26574],[-75.531014,6.265675],[-75.530584,6.265651],[-75.530518,6.265663],[-75.530399,6.265615],[-75.530285,6.265501],[-75.530154,6.265412],[-75.529996,6.265328],[-75.529796,6.265273],[-75.529712,6.265235],[-75.529666,6.265194],[-75.529669,6.264915],[-75.529695,6.264632],[-75.529652,6.264577],[-75.529542,6.264549],[-75.529516,6.264594],[-75.529523,6.264642],[-75.529583,6.264769],[-75.529616,6.26497],[-75.529604,6.265037],[-75.52953,6.265206],[-75.529528,6.265252],[-75.529571,6.265333],[-75.529633,6.265333],[-75.529839,6.265379],[-75.529958,6.265479],[-75.53013,6.265589],[-75.530261,6.265709],[-75.530487,6.265827],[-75.530594,6.265849],[-75.53082,6.265859],[-75.530899,6.265834],[-75.530971,6.265834],[-75.531215,6.26591],[-75.531308,6.265964],[-75.531441,6.265992],[-75.531484,6.265982],[-75.531677,6.26606],[-75.531735,6.266093],[-75.531824,6.266182],[-75.531917,6.26619],[-75.532076,6.266152]]],[[[-75.531643,6.266566],[-75.531738,6.26657],[-75.531799,6.266552],[-75.531874,6.26647],[-75.531989,6.266441],[-75.532136,6.266359],[-75.532061,6.26636],[-75.532128,6.266218],[-75.532018,6.266247],[-75.531928,6.266297],[-75.531717,6.266369],[-75.531595,6.266473],[-75.531595,6.26652],[-75.531616,6.266563],[-75.531643,6.266566]]]]},"properties":{"nombre":"Piedras Blancas - Matasano","riesgo":"Con condiciones de riesgo","amenaza":"Avenidas Torrenciales"}},{"type":"Feature","geometry":{"type":"Polygon","coordinates":[[[-75.53652,6.29406],[-75.536521,6.294103],[-75.536709,6.294235],[-75.536889,6.294261],[-75.537016,6.294335],[-75.537073,6.294353],[-75.537153,6.294363],[-75.537381,6.294334],[-75.537435,6.29437],[-75.537378,6.294294],[-75.537072,6.294298],[-75.536961,6.294245],[-75.53691,6.294199],[-75.53676,6.294171],[-75.536663,6.294084],[-75.53652,6.29406]]]},"properties":{"nombre":"Piedras Blancas - Matasano","riesgo":"Con condiciones de riesgo","amenaza":"Inundaciones"}},{"type":"Feature","geometry":{"type":"MultiPolygon","coordinates":[[[[-75.597556,6.294301],[-75.597955,6.294716],[-75.59785,6.294521],[-75.597556,6.294301]]],[[[-75.59808,6.294917],[-75.598211,6.295129],[-75.598231,6.295124],[-75.598144,6.294975],[-75.59808,6.294917]]],[[[-75.597374,6.294113],[-75.597463,6.294205],[-75.597415,6.294145],[-75.597374,6.294113]]]]},"properties":{"nombre":"Pajarito","riesgo":"Con condiciones de riesgo","amenaza":"Movimientos en masa"}},{"type":"Feature","geometry":{"type":"Polygon","coordinates":[[[-75.608862,6.294156],[-75.608876,6.294227],[-75.608859,6.294272],[-75.608773,6.294344],[-75.608725,6.294469],[-75.608737,6.294629],[-75.608763,6.294682],[-75.608768,6.294739],[-75.608692,6.294859],[-75.608687,6.294933],[-75.608708,6.295086],[-75.608591,6.29521],[-75.608577,6.295263],[-75.608596,6.295497],[-75.608656,6.295545],[-75.608689,6.295605],[-75.608697,6.295696],[-75.608756,6.295643],[-75.608799,6.295772],[-75.609495,6.296203],[-75.609898,6.296248],[-75.610074,6.296134],[-75.610569,6.295543],[-75.610959,6.29529],[-75.611823,6.2951],[-75.612392,6.295037],[-75.612951,6.295016],[-75.613331,6.294963],[-75.614132,6.294815],[-75.614205,6.294583],[-75.614226,6.294214],[-75.614219,6.294007],[-75.614036,6.293867],[-75.613778,6.293619],[-75.6135,6.293313],[-75.613347,6.293102],[-75.613204,6.292949],[-75.61307,6.292767],[-75.612706,6.292193],[-75.612611,6.291925],[-75.612477,6.291849],[-75.612372,6.291753],[-75.612075,6.291437],[-75.611951,6.29137],[-75.611865,6.29137],[-75.611735,6.291499],[-75.611751,6.291551],[-75.61173,6.291623],[-75.611576,6.291825],[-75.611464,6.291928],[-75.61137,6.292099],[-75.611305,6.292263],[-75.611289,6.292266],[-75.611274,6.292235],[-75.611236,6.292222],[-75.611009,6.292268],[-75.610981,6.292266],[-75.610868,6.292204],[-75.610793,6.29222],[-75.610775,6.292272],[-75.610774,6.292375],[-75.61086,6.292598],[-75.610894,6.292745],[-75.610884,6.292806],[-75.610853,6.292835],[-75.610818,6.292814],[-75.610745,6.292697],[-75.610705,6.292666],[-75.610552,6.292695],[-75.610426,6.292755],[-75.610346,6.292749],[-75.610174,6.292641],[-75.610068,6.292538],[-75.610022,6.29252],[-75.609953,6.29255],[-75.609958,6.292587],[-75.609738,6.2928],[-75.609566,6.292854],[-75.609486,6.292899],[-75.609377,6.293051],[-75.609313,6.293294],[-75.609274,6.293371],[-75.609221,6.293416],[-75.609162,6.293429],[-75.60913,6.293493],[-75.608969,6.293548],[-75.608924,6.293641],[-75.608871,6.293656],[-75.608821,6.293699],[-75.608822,6.293797],[-75.608865,6.293869],[-75.608862,6.294156]]]},"properties":{"nombre":"Pajarito","riesgo":"Con condiciones de riesgo","amenaza":"Movimientos en masa"}},{"type":"Feature","geometry":{"type":"Polygon","coordinates":[[[-75.615632,6.287787],[-75.615629,6.287788],[-75.615639,6.287793],[-75.615632,6.287787]]]},"properties":{"nombre":"Pajarito","riesgo":"Con condiciones de riesgo","amenaza":"Avenidas Torrenciales"}},{"type":"Feature","geometry":{"type":"Polygon","coordinates":[[[-75.598907,6.295985],[-75.599429,6.296497],[-75.599296,6.296241],[-75.599231,6.296174],[-75.599031,6.296021],[-75.598907,6.295985]]]},"properties":{"nombre":"Pajarito","riesgo":"Con condiciones de riesgo","amenaza":"Inundaciones"}},{"type":"Feature","geometry":{"type":"Polygon","coordinates":[[[-75.598685,6.295767],[-75.59882,6.2959],[-75.598757,6.295665],[-75.598702,6.295553],[-75.59869,6.295448],[-75.598653,6.295364],[-75.598507,6.295252],[-75.598455,6.295159],[-75.598172,6.294857],[-75.59807,6.294575],[-75.598011,6.294509],[-75.597863,6.294392],[-75.597716,6.294222],[-75.597594,6.294113],[-75.597427,6.294013],[-75.597272,6.293859],[-75.597341,6.29402],[-75.597295,6.294031],[-75.597556,6.294301],[-75.59785,6.294521],[-75.59808,6.294917],[-75.598144,6.294975],[-75.598304,6.295249],[-75.598383,6.295342],[-75.598511,6.295406],[-75.598566,6.295529],[-75.598643,6.295645],[-75.598685,6.295767]]]},"properties":{"nombre":"Pajarito","riesgo":"Con condiciones de riesgo","amenaza":"Inundaciones"}},{"type":"Feature","geometry":{"type":"MultiPolygon","coordinates":[[[[-75.654514,6.291941],[-75.654545,6.291952],[-75.655093,6.291867],[-75.655523,6.292217],[-75.65554,6.292159],[-75.655488,6.292076],[-75.655643,6.291897],[-75.655559,6.291789],[-75.65538,6.291718],[-75.655201,6.29167],[-75.654998,6.291658],[-75.65483,6.291682],[-75.654723,6.291742],[-75.654669,6.291728],[-75.654578,6.291812],[-75.654514,6.291941]]],[[[-75.648273,6.289941],[-75.648378,6.290803],[-75.648452,6.29094],[-75.648821,6.290719],[-75.649337,6.290508],[-75.649759,6.290487],[-75.649816,6.290509],[-75.649782,6.290432],[-75.649607,6.290475],[-75.649176,6.290511],[-75.648495,6.290684],[-75.648439,6.290538],[-75.648439,6.2904],[-75.648403,6.290304],[-75.648379,6.290161],[-75.648411,6.290059],[-75.648369,6.289991],[-75.648273,6.289941]]]]},"properties":{"nombre":"El Uvito","riesgo":"Con condiciones de riesgo","amenaza":"Avenidas Torrenciales"}},{"type":"Feature","geometry":{"type":"Polygon","coordinates":[[[-75.648575,6.285418],[-75.648183,6.285401],[-75.647782,6.285748],[-75.647746,6.286204],[-75.647855,6.286623],[-75.648111,6.286751],[-75.648512,6.286751],[-75.648544,6.286736],[-75.648553,6.2866],[-75.648655,6.286354],[-75.648617,6.286195],[-75.648617,6.286123],[-75.648708,6.285836],[-75.648708,6.285727],[-75.648679,6.285553],[-75.648575,6.285418]]]},"properties":{"nombre":"Travesías","riesgo":"Con condiciones de riesgo","amenaza":"Movimientos en masa"}},{"type":"Feature","geometry":{"type":"Polygon","coordinates":[[[-75.648273,6.289941],[-75.64819,6.289919],[-75.648075,6.289926],[-75.648028,6.28995],[-75.648011,6.290049],[-75.647908,6.29021],[-75.647837,6.290641],[-75.647837,6.29077],[-75.647923,6.290899],[-75.648009,6.290985],[-75.648167,6.291057],[-75.648333,6.291181],[-75.648226,6.291222],[-75.648168,6.291269],[-75.648006,6.291356],[-75.647925,6.291461],[-75.647901,6.291542],[-75.647901,6.291681],[-75.647953,6.291853],[-75.648011,6.291915],[-75.648109,6.291908],[-75.648125,6.291858],[-75.648125,6.291742],[-75.648073,6.291531],[-75.648094,6.291457],[-75.648315,6.291404],[-75.648452,6.291331],[-75.648526,6.291225],[-75.648578,6.291204],[-75.648494,6.291109],[-75.648452,6.29094],[-75.648378,6.290803],[-75.648273,6.289941]]]},"properties":{"nombre":"Travesías","riesgo":"Con condiciones de riesgo","amenaza":"Avenidas Torrenciales"}},{"type":"Feature","geometry":{"type":"Polygon","coordinates":[[[-75.640539,6.287118],[-75.640562,6.287157],[-75.640653,6.287204],[-75.640753,6.287234],[-75.640808,6.28722],[-75.640838,6.287191],[-75.640872,6.287138],[-75.640887,6.287013],[-75.640978,6.286774],[-75.640987,6.286683],[-75.64094,6.286583],[-75.640853,6.286468],[-75.640834,6.28631],[-75.640753,6.286147],[-75.640528,6.286032],[-75.640452,6.285951],[-75.640413,6.285846],[-75.640361,6.285674],[-75.640361,6.285573],[-75.64039,6.285473],[-75.64038,6.285143],[-75.640418,6.284994],[-75.640404,6.28477],[-75.640236,6.284583],[-75.640155,6.284401],[-75.640155,6.284176],[-75.640007,6.283731],[-75.63994,6.28344],[-75.639878,6.283296],[-75.639505,6.282646],[-75.639423,6.282387],[-75.63939,6.282158],[-75.639466,6.281574],[-75.639524,6.281416],[-75.639686,6.281206],[-75.639815,6.280813],[-75.639825,6.280684],[-75.639767,6.28056],[-75.639767,6.280498],[-75.639853,6.280383],[-75.640049,6.280244],[-75.640078,6.280177],[-75.640092,6.279957],[-75.64004,6.279708],[-75.640054,6.279612],[-75.640107,6.279498],[-75.640484,6.279153],[-75.640546,6.279067],[-75.64057,6.278967],[-75.640569,6.278836],[-75.640559,6.278819],[-75.640419,6.278786],[-75.640441,6.278826],[-75.64046,6.278935],[-75.640398,6.27905],[-75.640145,6.2793],[-75.640097,6.279326],[-75.640023,6.279454],[-75.640002,6.27977],[-75.640015,6.279975],[-75.639988,6.28014],[-75.63993,6.280214],[-75.639813,6.280307],[-75.639696,6.280348],[-75.639724,6.280666],[-75.639691,6.280854],[-75.639677,6.280854],[-75.639658,6.28078],[-75.639662,6.280576],[-75.639613,6.280522],[-75.639591,6.280427],[-75.639543,6.280493],[-75.639502,6.280644],[-75.639554,6.280816],[-75.639575,6.281038],[-75.63948,6.281365],[-75.639154,6.28166],[-75.639112,6.281935],[-75.639169,6.282156],[-75.639203,6.28222],[-75.639193,6.282248],[-75.63927,6.282546],[-75.639396,6.282842],[-75.639776,6.283495],[-75.640018,6.283981],[-75.640008,6.284434],[-75.64008,6.28474],[-75.640126,6.284765],[-75.640174,6.284827],[-75.640198,6.28498],[-75.640161,6.285081],[-75.640272,6.285552],[-75.64043,6.285932],[-75.640511,6.286252],[-75.640547,6.286305],[-75.640544,6.286382],[-75.6406,6.286568],[-75.64063,6.286881],[-75.640539,6.287118]]]},"properties":{"nombre":"Travesías","riesgo":"Con condiciones de riesgo","amenaza":"Avenidas Torrenciales"}},{"type":"Feature","geometry":{"type":"Polygon","coordinates":[[[-75.648575,6.285418],[-75.648621,6.285419],[-75.648743,6.285548],[-75.648933,6.285459],[-75.648767,6.285044],[-75.648556,6.284739],[-75.64823,6.284528],[-75.647913,6.284359],[-75.647576,6.284022],[-75.647513,6.283695],[-75.647513,6.283188],[-75.647492,6.282883],[-75.647375,6.282345],[-75.647091,6.282134],[-75.646754,6.282176],[-75.646248,6.282134],[-75.645731,6.28205],[-75.645309,6.281681],[-75.645151,6.281607],[-75.644898,6.281438],[-75.644645,6.281153],[-75.644508,6.280774],[-75.644361,6.280542],[-75.644224,6.280457],[-75.64338,6.280552],[-75.643117,6.2805],[-75.642869,6.279934],[-75.642828,6.28004],[-75.642869,6.280084],[-75.64295,6.280256],[-75.643065,6.280558],[-75.643261,6.280735],[-75.643371,6.280792],[-75.643438,6.280807],[-75.643596,6.280783],[-75.6438,6.280664],[-75.64388,6.280695],[-75.643974,6.280781],[-75.644045,6.280809],[-75.644153,6.280917],[-75.644325,6.281175],[-75.644411,6.281333],[-75.644533,6.281452],[-75.644557,6.281505],[-75.644772,6.281691],[-75.644829,6.281763],[-75.644968,6.281854],[-75.645446,6.282036],[-75.645614,6.282122],[-75.64577,6.282166],[-75.645799,6.282194],[-75.645899,6.282351],[-75.646057,6.282748],[-75.646215,6.282945],[-75.646286,6.283011],[-75.646626,6.283203],[-75.646736,6.283246],[-75.64697,6.283298],[-75.647171,6.283399],[-75.647252,6.283456],[-75.647343,6.283576],[-75.647357,6.28362],[-75.647309,6.28375],[-75.647286,6.283925],[-75.647341,6.284131],[-75.647388,6.284217],[-75.647472,6.284316],[-75.647519,6.284471],[-75.647579,6.284591],[-75.647639,6.284674],[-75.647758,6.284788],[-75.647866,6.28486],[-75.648314,6.285051],[-75.64838,6.285117],[-75.648499,6.285356],[-75.648575,6.285418]]]},"properties":{"nombre":"Travesías","riesgo":"Con condiciones de riesgo","amenaza":"Avenidas Torrenciales"}},{"type":"Feature","geometry":{"type":"Polygon","coordinates":[[[-75.648679,6.285553],[-75.648708,6.285727],[-75.648708,6.285836],[-75.648617,6.286123],[-75.648617,6.286195],[-75.648655,6.286354],[-75.648553,6.2866],[-75.648544,6.286736],[-75.648736,6.286653],[-75.648745,6.28555],[-75.648679,6.285553]]]},"properties":{"nombre":"Travesías","riesgo":"Con condiciones de riesgo","amenaza":"Avenidas Torrenciales"}},{"type":"Feature","geometry":{"type":"Polygon","coordinates":[[[-75.635299,6.281911],[-75.635538,6.281872],[-75.635571,6.281791],[-75.635651,6.281691],[-75.635701,6.281666],[-75.635835,6.281512],[-75.635823,6.281442],[-75.635722,6.281312],[-75.635743,6.281208],[-75.635644,6.28111],[-75.635622,6.281032],[-75.635491,6.280997],[-75.635525,6.280849],[-75.634679,6.280518],[-75.634519,6.28085],[-75.634515,6.280961],[-75.634681,6.28153],[-75.634783,6.281694],[-75.634918,6.281812],[-75.635047,6.281876],[-75.635181,6.281905],[-75.635299,6.281911]]]},"properties":{"nombre":"Pedregal Alto","riesgo":"Con condiciones de riesgo","amenaza":"Movimientos en masa"}},{"type":"Feature","geometry":{"type":"Polygon","coordinates":[[[-75.628281,6.289033],[-75.628037,6.289148],[-75.628008,6.289211],[-75.627945,6.289265],[-75.6278,6.2896],[-75.627868,6.289679],[-75.627946,6.289718],[-75.628398,6.289768],[-75.628517,6.289717],[-75.628652,6.289598],[-75.628631,6.289146],[-75.628501,6.289041],[-75.628396,6.289002],[-75.628281,6.289033]]]},"properties":{"nombre":"Pedregal Alto","riesgo":"Con condiciones de riesgo","amenaza":"Movimientos en masa"}},{"type":"Feature","geometry":{"type":"Polygon","coordinates":[[[-75.627316,6.288624],[-75.627244,6.288791],[-75.627244,6.289001],[-75.627262,6.289084],[-75.627383,6.289138],[-75.627477,6.289066],[-75.627501,6.288821],[-75.627489,6.28869],[-75.627393,6.288606],[-75.627316,6.288624]]]},"properties":{"nombre":"Pedregal Alto","riesgo":"Con condiciones de riesgo","amenaza":"Movimientos en masa"}},{"type":"Feature","geometry":{"type":"Polygon","coordinates":[[[-75.639502,6.280644],[-75.639504,6.280737],[-75.639557,6.280852],[-75.639547,6.280904],[-75.639404,6.281043],[-75.639285,6.281325],[-75.639093,6.281541],[-75.639065,6.281598],[-75.639022,6.281947],[-75.639074,6.282048],[-75.639169,6.282156],[-75.639112,6.281935],[-75.639154,6.28166],[-75.63948,6.281365],[-75.639575,6.281038],[-75.639554,6.280816],[-75.639502,6.280644]]]},"properties":{"nombre":"Pedregal Alto","riesgo":"Con condiciones de riesgo","amenaza":"Avenidas Torrenciales"}},{"type":"Feature","geometry":{"type":"Polygon","coordinates":[[[-75.639193,6.282248],[-75.639151,6.282387],[-75.639141,6.282536],[-75.63916,6.282607],[-75.63929,6.282789],[-75.639313,6.282899],[-75.639285,6.283047],[-75.63928,6.283229],[-75.639361,6.283315],[-75.639433,6.283363],[-75.639529,6.283392],[-75.639634,6.283483],[-75.639777,6.283789],[-75.639835,6.28387],[-75.639849,6.283947],[-75.639887,6.284023],[-75.639897,6.284109],[-75.639868,6.284277],[-75.639863,6.284449],[-75.639873,6.284583],[-75.639897,6.284655],[-75.64008,6.28474],[-75.640008,6.284434],[-75.640018,6.283981],[-75.639776,6.283495],[-75.639396,6.282842],[-75.63927,6.282546],[-75.639193,6.282248]]]},"properties":{"nombre":"Pedregal Alto","riesgo":"Con condiciones de riesgo","amenaza":"Avenidas Torrenciales"}},{"type":"Feature","geometry":{"type":"Polygon","coordinates":[[[-75.640161,6.285081],[-75.640074,6.285296],[-75.640084,6.285339],[-75.64017,6.285406],[-75.64017,6.285516],[-75.640064,6.285726],[-75.640069,6.285875],[-75.640174,6.285889],[-75.640213,6.285937],[-75.640251,6.286061],[-75.640511,6.286252],[-75.64043,6.285932],[-75.640272,6.285552],[-75.640161,6.285081]]]},"properties":{"nombre":"Pedregal Alto","riesgo":"Con condiciones de riesgo","amenaza":"Avenidas Torrenciales"}},{"type":"Feature","geometry":{"type":"Polygon","coordinates":[[[-75.640544,6.286382],[-75.640543,6.286401],[-75.640555,6.286423],[-75.640544,6.286382]]]},"properties":{"nombre":"Pedregal Alto","riesgo":"Con condiciones de riesgo","amenaza":"Avenidas Torrenciales"}},{"type":"Feature","geometry":{"type":"Polygon","coordinates":[[[-75.640593,6.286597],[-75.640586,6.28663],[-75.640605,6.286684],[-75.640593,6.286597]]]},"properties":{"nombre":"Pedregal Alto","riesgo":"Con condiciones de riesgo","amenaza":"Avenidas Torrenciales"}},{"type":"Feature","geometry":{"type":"Polygon","coordinates":[[[-75.640626,6.286847],[-75.640533,6.287051],[-75.640539,6.287118],[-75.64063,6.286881],[-75.640626,6.286847]]]},"properties":{"nombre":"Pedregal Alto","riesgo":"Con condiciones de riesgo","amenaza":"Avenidas Torrenciales"}},{"type":"Feature","geometry":{"type":"Polygon","coordinates":[[[-75.630873,6.27972],[-75.630924,6.279859],[-75.630975,6.279888],[-75.631017,6.279887],[-75.630956,6.279707],[-75.630873,6.27972]]]},"properties":{"nombre":"Pedregal Alto","riesgo":"Con condiciones de riesgo","amenaza":"Avenidas Torrenciales"}},{"type":"Feature","geometry":{"type":"Polygon","coordinates":[[[-75.537411,6.238492],[-75.537405,6.238522],[-75.537581,6.238482],[-75.537993,6.238437],[-75.538072,6.238326],[-75.538036,6.238349],[-75.537951,6.238302],[-75.537871,6.238312],[-75.537806,6.238289],[-75.537771,6.238232],[-75.537849,6.237905],[-75.537701,6.237718],[-75.537501,6.237544],[-75.537445,6.237546],[-75.537317,6.237653],[-75.537271,6.237617],[-75.537225,6.237702],[-75.537283,6.237733],[-75.537345,6.237805],[-75.537345,6.237906],[-75.537381,6.238002],[-75.537381,6.23805],[-75.537351,6.23811],[-75.537178,6.238068],[-75.536978,6.238081],[-75.53676,6.23817],[-75.536683,6.238152],[-75.536682,6.238098],[-75.536706,6.238032],[-75.536784,6.23799],[-75.536861,6.237829],[-75.536921,6.237751],[-75.536926,6.237682],[-75.537092,6.237523],[-75.537069,6.237495],[-75.537077,6.23747],[-75.537118,6.237452],[-75.5372,6.237371],[-75.537236,6.237234],[-75.537427,6.237047],[-75.537485,6.237036],[-75.537631,6.23727],[-75.537716,6.237302],[-75.537764,6.237344],[-75.537871,6.237392],[-75.537997,6.237422],[-75.53808,6.237422],[-75.538224,6.237416],[-75.538363,6.237365],[-75.538406,6.237331],[-75.538454,6.237185],[-75.538419,6.237207],[-75.538299,6.237346],[-75.538183,6.237356],[-75.538082,6.237342],[-75.538007,6.237356],[-75.537917,6.237326],[-75.537889,6.237278],[-75.537784,6.237255],[-75.537665,6.236938],[-75.537598,6.236899],[-75.537482,6.236905],[-75.537109,6.236983],[-75.537061,6.237],[-75.536976,6.23707],[-75.536855,6.237021],[-75.536803,6.237028],[-75.536768,6.237057],[-75.536726,6.237135],[-75.536539,6.237542],[-75.5365,6.237563],[-75.536459,6.237547],[-75.536365,6.237458],[-75.536282,6.237416],[-75.536195,6.237326],[-75.536163,6.23724],[-75.536169,6.237082],[-75.536156,6.237027],[-75.536019,6.236884],[-75.535923,6.236841],[-75.53589,6.236884],[-75.535834,6.23692],[-75.535744,6.237063],[-75.53572,6.237141],[-75.53575,6.237243],[-75.53576,6.237261],[-75.535776,6.237253],[-75.535896,6.237086],[-75.535971,6.237075],[-75.535953,6.237201],[-75.535993,6.237509],[-75.536016,6.237516],[-75.536138,6.237679],[-75.536228,6.237829],[-75.536293,6.237876],[-75.536341,6.237936],[-75.53633,6.238236],[-75.536296,6.238313],[-75.5366,6.238308],[-75.536629,6.238314],[-75.536707,6.238378],[-75.537073,6.23832],[-75.537298,6.238211],[-75.537386,6.238227],[-75.537401,6.238243],[-75.537429,6.238417],[-75.537411,6.238492]]]},"properties":{"nombre":"San Antonio","riesgo":"Con condiciones de riesgo","amenaza":"Movimientos en masa"}},{"type":"Feature","geometry":{"type":"MultiPolygon","coordinates":[[[[-75.537596,6.236581],[-75.537581,6.236522],[-75.537363,6.236644],[-75.537577,6.236542],[-75.537596,6.236581]]],[[[-75.537707,6.237035],[-75.537731,6.23712],[-75.537753,6.237147],[-75.537707,6.237035]]]]},"properties":{"nombre":"Villatina","riesgo":"Con condiciones de riesgo","amenaza":"Movimientos en masa"}},{"type":"Feature","geometry":{"type":"MultiPolygon","coordinates":[[[[-75.538424,6.237201],[-75.538371,6.237231],[-75.53832,6.237288],[-75.538399,6.237236],[-75.538424,6.237201]]],[[[-75.538033,6.23732],[-75.538157,6.237331],[-75.538122,6.237309],[-75.538033,6.23732]]]]},"properties":{"nombre":"Villatina","riesgo":"Con condiciones de riesgo","amenaza":"Movimientos en masa"}}]}