{"type":"FeatureCollection","features":[{"type":"Feature","properties":{"iso":35,"rango_db":"35.0-40.0","ha":122.7},"geometry":{"type":"MultiPolygon","coordinates":[[[[-75.52723,6.23417],[-75.52713,6.23631],[-75.52493,6.23464],[-75.52723,6.23417]],[[-75.52673,6.23551],[-75.52655,6.23523],[-75.52649,6.2354],[-75.52673,6.23551]],[[-75.52674,6.23513],[-75.52666,6.23514],[-75.5267,6.23518],[-75.52674,6.23513]],[[-75.52712,6.23485],[-75.52705,6.23486],[-75.52708,6.23493],[-75.52712,6.23485]]],[[[-75.52519,6.23358],[-75.529,6.23154],[-75.5266,6.23345],[-75.52519,6.23358]],[[-75.52582,6.23336],[-75.52583,6.2334],[-75.52587,6.23335],[-75.52582,6.23336]]],[[[-75.52755,6.23669],[-75.53306,6.23795],[-75.53051,6.23982],[-75.52755,6.23669]],[[-75.52885,6.237],[-75.52869,6.23703],[-75.52879,6.23707],[-75.52885,6.237]],[[-75.52956,6.23807],[-75.52951,6.23783],[-75.52939,6.23825],[-75.52956,6.23807]],[[-75.52941,6.23769],[-75.52939,6.23769],[-75.52939,6.2377],[-75.52941,6.23769]],[[-75.52981,6.23827],[-75.52996,6.2381],[-75.52982,6.23803],[-75.52981,6.23827]],[[-75.52994,6.23824],[-75.52995,6.23824],[-75.52995,6.23823],[-75.52994,6.23824]]],[[[-75.528,6.229],[-75.5279,6.2274],[-75.52939,6.22856],[-75.528,6.229]],[[-75.5283,6.22875],[-75.52827,6.22875],[-75.52829,6.22877],[-75.5283,6.22875]]],[[[-75.52988,6.23481],[-75.53033,6.23264],[-75.53196,6.23294],[-75.52988,6.23481]],[[-75.52995,6.23471],[-75.52993,6.23469],[-75.52992,6.23471],[-75.52995,6.23471]]],[[[-75.53922,6.30096],[-75.53716,6.29879],[-75.54125,6.30084],[-75.53963,6.3018],[-75.53922,6.30096]],[[-75.53797,6.29951],[-75.53799,6.29951],[-75.53798,6.2995],[-75.53797,6.29951]],[[-75.53837,6.29954],[-75.53852,6.29951],[-75.53822,6.29951],[-75.53837,6.29954]]],[[[-75.53989,6.25079],[-75.53881,6.25215],[-75.53873,6.25216],[-75.53875,6.25223],[-75.53859,6.25244],[-75.53815,6.25074],[-75.53989,6.25079]],[[-75.53853,6.251],[-75.53863,6.25094],[-75.53834,6.25096],[-75.53853,6.251]]],[[[-75.55004,6.25419],[-75.5442,6.25997],[-75.542,6.25841],[-75.5478,6.25582],[-75.53862,6.2566],[-75.53989,6.25544],[-75.5392,6.2533],[-75.54144,6.25403],[-75.54379,6.25189],[-75.54505,6.25532],[-75.55004,6.25419]],[[-75.53999,6.25401],[-75.53988,6.25376],[-75.53971,6.25391],[-75.53999,6.25401]],[[-75.53988,6.25488],[-75.53987,6.25489],[-75.53988,6.25489],[-75.53988,6.25488]],[[-75.54016,6.25611],[-75.54015,6.25609],[-75.54015,6.25611],[-75.54016,6.25611]],[[-75.54109,6.25533],[-75.5411,6.25535],[-75.5411,6.25528],[-75.54109,6.25533]],[[-75.54262,6.25512],[-75.54244,6.25532],[-75.5426,6.2553],[-75.54262,6.25512]],[[-75.54246,6.25503],[-75.54245,6.25502],[-75.54246,6.25506],[-75.54246,6.25503]],[[-75.54395,6.25396],[-75.54396,6.25351],[-75.5432,6.25352],[-75.54395,6.25396]],[[-75.54437,6.25976],[-75.54436,6.25974],[-75.54435,6.25976],[-75.54437,6.25976]],[[-75.54491,6.25557],[-75.54488,6.25554],[-75.54488,6.25557],[-75.54491,6.25557]],[[-75.54651,6.25557],[-75.54654,6.25554],[-75.54651,6.25554],[-75.54651,6.25557]],[[-75.5468,6.25559],[-75.5468,6.25555],[-75.54676,6.25554],[-75.5468,6.25559]],[[-75.54706,6.25559],[-75.54707,6.25554],[-75.54705,6.25554],[-75.54706,6.25559]],[[-75.54733,6.25554],[-75.54733,6.25555],[-75.54734,6.25555],[-75.54733,6.25554]]],[[[-75.54287,6.30397],[-75.54058,6.30262],[-75.54258,6.30221],[-75.54287,6.30397]]],[[[-75.60417,6.29102],[-75.60104,6.2912],[-75.60203,6.28709],[-75.60417,6.29102]],[[-75.60226,6.28779],[-75.60224,6.28774],[-75.60211,6.2875],[-75.60226,6.28779]]],[[[-75.60821,6.28495],[-75.60908,6.28261],[-75.61002,6.28479],[-75.60821,6.28495]]],[[[-75.63642,6.17882],[-75.63466,6.1755],[-75.63737,6.17881],[-75.63642,6.17882]],[[-75.63614,6.17741],[-75.63607,6.17746],[-75.63621,6.17746],[-75.63614,6.17741]],[[-75.63696,6.17854],[-75.63695,6.17857],[-75.63697,6.17855],[-75.63696,6.17854]]],[[[-75.63954,6.18629],[-75.63701,6.17987],[-75.63983,6.18259],[-75.63954,6.18629]]],[[[-75.63938,6.17735],[-75.6397,6.17522],[-75.63978,6.17519],[-75.64064,6.17664],[-75.63938,6.17735]],[[-75.63966,6.17662],[-75.63965,6.17664],[-75.63966,6.17664],[-75.63966,6.17662]],[[-75.63979,6.17594],[-75.63976,6.17595],[-75.63977,6.17598],[-75.63979,6.17594]],[[-75.63979,6.17648],[-75.63976,6.17649],[-75.63978,6.17652],[-75.63979,6.17648]],[[-75.63992,6.17634],[-75.63988,6.17636],[-75.63991,6.1764],[-75.63992,6.17634]]],[[[-75.64643,6.17837],[-75.6526,6.17942],[-75.65015,6.18069],[-75.65261,6.18221],[-75.64191,6.18123],[-75.64643,6.17837]],[[-75.64331,6.18111],[-75.64333,6.18109],[-75.64331,6.18109],[-75.64331,6.18111]],[[-75.64667,6.18074],[-75.64548,6.18],[-75.64421,6.18068],[-75.64667,6.18074]],[[-75.64454,6.17974],[-75.64453,6.17976],[-75.64454,6.17982],[-75.64454,6.17974]],[[-75.64603,6.18137],[-75.64602,6.18135],[-75.64601,6.18136],[-75.64603,6.18137]],[[-75.64615,6.1811],[-75.64617,6.18109],[-75.64614,6.18109],[-75.64615,6.1811]],[[-75.64637,6.17866],[-75.64627,6.17866],[-75.64631,6.17869],[-75.64637,6.17866]],[[-75.64644,6.17849],[-75.64643,6.17857],[-75.64646,6.17852],[-75.64644,6.17849]],[[-75.6471,6.18142],[-75.64714,6.18106],[-75.64689,6.18128],[-75.6471,6.18142]],[[-75.64994,6.18136],[-75.64836,6.18041],[-75.64727,6.18095],[-75.64994,6.18136]],[[-75.6475,6.17923],[-75.64754,6.17919],[-75.64734,6.17919],[-75.6475,6.17923]],[[-75.64777,6.17923],[-75.64777,6.17914],[-75.64771,6.17919],[-75.64777,6.17923]],[[-75.6486,6.17875],[-75.64859,6.17879],[-75.64863,6.17878],[-75.6486,6.17875]],[[-75.64863,6.17902],[-75.64861,6.17901],[-75.64862,6.17906],[-75.64863,6.17902]],[[-75.649,6.18032],[-75.64905,6.18028],[-75.64902,6.18024],[-75.649,6.18032]],[[-75.65022,6.18136],[-75.65023,6.18135],[-75.65023,6.18132],[-75.65022,6.18136]],[[-75.65076,6.18135],[-75.65077,6.18135],[-75.65077,6.18134],[-75.65076,6.18135]],[[-75.65157,6.18159],[-75.65145,6.18162],[-75.65161,6.18164],[-75.65157,6.18159]],[[-75.65172,6.18172],[-75.6517,6.18176],[-75.65174,6.18176],[-75.65172,6.18172]]],[[[-75.65223,6.17803],[-75.65266,6.1768],[-75.65035,6.177],[-75.65126,6.1777],[-75.64547,6.17573],[-75.65265,6.1766],[-75.6536,6.1785],[-75.65223,6.17803]],[[-75.65306,6.17823],[-75.65306,6.17816],[-75.65302,6.17821],[-75.65306,6.17823]]],[[[-75.64762,6.17107],[-75.64585,6.16755],[-75.64789,6.16658],[-75.64762,6.17107]]],[[[-75.64841,6.1881],[-75.64929,6.18957],[-75.64734,6.18898],[-75.64841,6.1881]],[[-75.64786,6.18886],[-75.64801,6.18854],[-75.64765,6.18881],[-75.64786,6.18886]]],[[[-75.65076,6.17167],[-75.65193,6.17258],[-75.65007,6.17299],[-75.65076,6.17167]]],[[[-75.66155,6.18741],[-75.6634,6.18868],[-75.65944,6.1884],[-75.66155,6.18741]],[[-75.6627,6.18857],[-75.66271,6.18846],[-75.66265,6.18851],[-75.6627,6.18857]]]]}},{"type":"Feature","properties":{"iso":40,"rango_db":"40.0-45.0","ha":275.4},"geometry":{"type":"MultiPolygon","coordinates":[[[[-75.52789,6.23367],[-75.52528,6.23396],[-75.52924,6.23118],[-75.52789,6.23367]],[[-75.52796,6.233],[-75.52792,6.23289],[-75.52782,6.23293],[-75.52796,6.233]],[[-75.52816,6.23289],[-75.52819,6.23284],[-75.52816,6.23279],[-75.52816,6.23289]]],[[[-75.52586,6.23403],[-75.53101,6.23798],[-75.53565,6.23661],[-75.53142,6.23923],[-75.52586,6.23403]],[[-75.53189,6.23824],[-75.53184,6.23817],[-75.53184,6.23831],[-75.53189,6.23824]],[[-75.53197,6.23802],[-75.5319,6.2381],[-75.53196,6.23816],[-75.53197,6.23802]],[[-75.53215,6.23836],[-75.53208,6.23836],[-75.53211,6.23842],[-75.53215,6.23836]],[[-75.53237,6.23796],[-75.53238,6.23796],[-75.53238,6.23794],[-75.53237,6.23796]],[[-75.53247,6.23768],[-75.53253,6.23774],[-75.53267,6.2377],[-75.53247,6.23768]],[[-75.53344,6.23783],[-75.5335,6.23783],[-75.53347,6.23781],[-75.53344,6.23783]],[[-75.53348,6.23756],[-75.53346,6.23754],[-75.53346,6.23759],[-75.53348,6.23756]],[[-75.53357,6.23769],[-75.53359,6.2377],[-75.5336,6.23768],[-75.53357,6.23769]]],[[[-75.52913,6.22755],[-75.53022,6.22804],[-75.52802,6.2291],[-75.52913,6.22755]],[[-75.52883,6.22834],[-75.52883,6.22835],[-75.52885,6.22834],[-75.52883,6.22834]],[[-75.5291,6.22779],[-75.52909,6.22781],[-75.5291,6.22785],[-75.5291,6.22779]],[[-75.5293,6.22822],[-75.52916,6.22821],[-75.52923,6.22829],[-75.5293,6.22822]],[[-75.52925,6.22779],[-75.52924,6.22798],[-75.52929,6.22788],[-75.52925,6.22779]]],[[[-75.5283,6.23418],[-75.53125,6.23213],[-75.53334,6.23333],[-75.53332,6.23335],[-75.53088,6.23634],[-75.5283,6.23418]],[[-75.53314,6.23331],[-75.53321,6.23337],[-75.53332,6.23335],[-75.53314,6.23331]],[[-75.53005,6.23509],[-75.53167,6.2327],[-75.52925,6.23389],[-75.53005,6.23509]],[[-75.53077,6.23485],[-75.53075,6.23484],[-75.53074,6.23485],[-75.53077,6.23485]],[[-75.5309,6.23622],[-75.53094,6.23619],[-75.53088,6.23616],[-75.5309,6.23622]],[[-75.53118,6.2351],[-75.53112,6.23511],[-75.53115,6.23517],[-75.53118,6.2351]],[[-75.53117,6.23578],[-75.53115,6.23571],[-75.53113,6.23583],[-75.53117,6.23578]],[[-75.53141,6.23554],[-75.53142,6.2353],[-75.53132,6.23543],[-75.53141,6.23554]],[[-75.53217,6.23444],[-75.5315,6.23417],[-75.5317,6.2344],[-75.53217,6.23444]],[[-75.53171,6.23524],[-75.53169,6.23528],[-75.53173,6.23526],[-75.53171,6.23524]],[[-75.53266,6.23347],[-75.53258,6.23339],[-75.53244,6.23348],[-75.53266,6.23347]],[[-75.53291,6.23331],[-75.53291,6.23336],[-75.53292,6.23334],[-75.53291,6.23331]]],[[[-75.53414,6.26892],[-75.53299,6.26704],[-75.53379,6.26637],[-75.53414,6.26892]]],[[[-75.53637,6.27564],[-75.53543,6.27466],[-75.53918,6.27339],[-75.53637,6.27564]]],[[[-75.53741,6.23781],[-75.53867,6.23969],[-75.53615,6.23824],[-75.5367,6.2368],[-75.53739,6.23779],[-75.53741,6.23781]],[[-75.53645,6.23835],[-75.53644,6.23836],[-75.53645,6.23836],[-75.53645,6.23835]],[[-75.53674,6.23772],[-75.53659,6.23758],[-75.53651,6.23781],[-75.53674,6.23772]],[[-75.53675,6.23738],[-75.53673,6.23723],[-75.53657,6.23726],[-75.53675,6.23738]],[[-75.53684,6.23717],[-75.53689,6.23714],[-75.53686,6.23709],[-75.53684,6.23717]],[[-75.53712,6.23786],[-75.53707,6.23773],[-75.53694,6.23777],[-75.53712,6.23786]],[[-75.53713,6.23848],[-75.53704,6.23849],[-75.53712,6.23852],[-75.53713,6.23848]],[[-75.53714,6.23751],[-75.53712,6.23757],[-75.53719,6.23755],[-75.53714,6.23751]],[[-75.53769,6.23877],[-75.53767,6.23871],[-75.53762,6.23874],[-75.53769,6.23877]],[[-75.53782,6.23859],[-75.53774,6.23863],[-75.53783,6.23866],[-75.53782,6.23859]]],[[[-75.5368,6.28934],[-75.53684,6.28896],[-75.53772,6.29337],[-75.53627,6.29379],[-75.5368,6.28934]],[[-75.53685,6.28941],[-75.53687,6.2893],[-75.5368,6.28934],[-75.53685,6.28941]],[[-75.53696,6.28964],[-75.53684,6.28955],[-75.53682,6.28975],[-75.53696,6.28964]],[[-75.53686,6.29057],[-75.53686,6.29055],[-75.53685,6.29056],[-75.53686,6.29057]],[[-75.53701,6.29299],[-75.53698,6.29301],[-75.53701,6.29301],[-75.53701,6.29299]]],[[[-75.54032,6.26864],[-75.53658,6.26719],[-75.54062,6.26689],[-75.53771,6.26751],[-75.54096,6.26796],[-75.54126,6.26891],[-75.54032,6.26864]],[[-75.53722,6.26736],[-75.53719,6.26738],[-75.53724,6.26737],[-75.53722,6.26736]]],[[[-75.5366,6.28866],[-75.53724,6.28388],[-75.53808,6.28581],[-75.5366,6.28866]],[[-75.53728,6.28553],[-75.53723,6.28556],[-75.53727,6.28557],[-75.53728,6.28553]],[[-75.53726,6.28471],[-75.53724,6.28472],[-75.53725,6.28475],[-75.53726,6.28471]]],[[[-75.53777,6.22833],[-75.53709,6.22769],[-75.53812,6.22737],[-75.5389,6.22928],[-75.53777,6.22833]],[[-75.53755,6.22766],[-75.53763,6.22772],[-75.53763,6.22762],[-75.53755,6.22766]],[[-75.53791,6.22771],[-75.53799,6.22765],[-75.53791,6.22763],[-75.53791,6.22771]]],[[[-75.53716,6.29879],[-75.53877,6.29838],[-75.5389,6.29898],[-75.53926,6.29924],[-75.54066,6.30216],[-75.53716,6.29879]],[[-75.5381,6.29912],[-75.53813,6.29911],[-75.53811,6.29908],[-75.5381,6.29912]],[[-75.53823,6.29918],[-75.5382,6.29924],[-75.53825,6.29927],[-75.53823,6.29918]],[[-75.53873,6.29869],[-75.53824,6.2987],[-75.53842,6.29912],[-75.53873,6.29869]],[[-75.53862,6.29937],[-75.53865,6.29943],[-75.53869,6.2994],[-75.53862,6.29937]],[[-75.53872,6.2995],[-75.5388,6.29951],[-75.53878,6.29946],[-75.53872,6.2995]],[[-75.53906,6.29937],[-75.53893,6.29928],[-75.53893,6.29939],[-75.53906,6.29937]],[[-75.53917,6.29924],[-75.53919,6.29926],[-75.53919,6.29923],[-75.53917,6.29924]],[[-75.5392,6.29923],[-75.5392,6.29922],[-75.53919,6.29923],[-75.5392,6.29923]]],[[[-75.54788,6.25899],[-75.54997,6.25414],[-75.54506,6.25532],[-75.54378,6.25189],[-75.54125,6.25394],[-75.54125,6.25395],[-75.5414,6.25519],[-75.53779,6.25675],[-75.53921,6.25553],[-75.53805,6.25571],[-75.53923,6.25552],[-75.54123,6.25379],[-75.54362,6.25174],[-75.54528,6.25202],[-75.54691,6.25245],[-75.54729,6.25284],[-75.55074,6.25327],[-75.54976,6.25036],[-75.55227,6.25373],[-75.55056,6.2536],[-75.55139,6.25474],[-75.5525,6.25404],[-75.55193,6.25457],[-75.55099,6.25571],[-75.54788,6.25899]],[[-75.53933,6.2555],[-75.54139,6.25516],[-75.54125,6.25395],[-75.53933,6.2555]],[[-75.54435,6.25216],[-75.54431,6.25218],[-75.54433,6.25218],[-75.54435,6.25216]],[[-75.54449,6.25218],[-75.54451,6.25218],[-75.54447,6.25216],[-75.54449,6.25218]],[[-75.54555,6.25317],[-75.54524,6.25276],[-75.5446,6.25341],[-75.54555,6.25317]],[[-75.54528,6.25212],[-75.54525,6.25216],[-75.54529,6.25222],[-75.54528,6.25212]],[[-75.54627,6.25322],[-75.54527,6.25374],[-75.54609,6.25439],[-75.54627,6.25322]],[[-75.54556,6.25287],[-75.54558,6.25285],[-75.54557,6.25282],[-75.54556,6.25287]],[[-75.54707,6.25315],[-75.54662,6.25268],[-75.54566,6.25311],[-75.54707,6.25315]],[[-75.54583,6.25274],[-75.54585,6.2527],[-75.54582,6.2527],[-75.54583,6.25274]],[[-75.54717,6.25478],[-75.54722,6.25473],[-75.54705,6.25473],[-75.54717,6.25478]],[[-75.54814,6.25314],[-75.54817,6.25311],[-75.54814,6.25308],[-75.54814,6.25314]],[[-75.54817,6.2585],[-75.54814,6.2585],[-75.54814,6.25854],[-75.54817,6.2585]],[[-75.5495,6.25643],[-75.54933,6.25628],[-75.54939,6.25635],[-75.5495,6.25643]],[[-75.54997,6.25538],[-75.5499,6.2554],[-75.55005,6.2554],[-75.54997,6.25538]],[[-75.55019,6.25122],[-75.55017,6.25112],[-75.55015,6.2512],[-75.55019,6.25122]],[[-75.55032,6.25502],[-75.55047,6.25461],[-75.55018,6.25445],[-75.55032,6.25502]],[[-75.55042,6.25157],[-75.55029,6.25161],[-75.55028,6.25177],[-75.55042,6.25157]],[[-75.55031,6.25338],[-75.55031,6.25337],[-75.55028,6.25337],[-75.55031,6.25338]],[[-75.55031,6.25622],[-75.55036,6.25607],[-75.5503,6.25607],[-75.55031,6.25622]],[[-75.5508,6.25555],[-75.55084,6.25556],[-75.55084,6.25555],[-75.5508,6.25555]],[[-75.55084,6.25552],[-75.55084,6.25551],[-75.55083,6.25551],[-75.55084,6.25552]],[[-75.55107,6.25518],[-75.55106,6.25511],[-75.55097,6.25512],[-75.55107,6.25518]],[[-75.5511,6.25511],[-75.55123,6.25524],[-75.55114,6.25511],[-75.5511,6.25511]]],[[[-75.53827,6.24881],[-75.54074,6.25094],[-75.5391,6.25304],[-75.53827,6.24881]],[[-75.53865,6.25013],[-75.53862,6.25015],[-75.53865,6.25019],[-75.53865,6.25013]],[[-75.54005,6.25069],[-75.53997,6.2507],[-75.54001,6.25074],[-75.54005,6.25069]],[[-75.54058,6.2509],[-75.54027,6.25068],[-75.54026,6.25083],[-75.54058,6.2509]],[[-75.54028,6.25107],[-75.54027,6.25111],[-75.5403,6.2511],[-75.54028,6.25107]]],[[[-75.53937,6.263],[-75.53964,6.26117],[-75.54262,6.26261],[-75.53902,6.26536],[-75.53906,6.26511],[-75.53908,6.26507],[-75.53907,6.26506],[-75.53931,6.26343],[-75.53933,6.26325],[-75.54072,6.26234],[-75.53937,6.263]],[[-75.53936,6.26351],[-75.53937,6.26335],[-75.53931,6.26343],[-75.53936,6.26351]],[[-75.53942,6.26388],[-75.53928,6.26413],[-75.53953,6.26417],[-75.53942,6.26388]],[[-75.53975,6.2646],[-75.53973,6.26468],[-75.5398,6.26469],[-75.53975,6.2646]],[[-75.54005,6.26455],[-75.54008,6.26452],[-75.54005,6.2645],[-75.54005,6.26455]],[[-75.5408,6.26366],[-75.54047,6.26335],[-75.54031,6.26415],[-75.5408,6.26366]],[[-75.54072,6.2639],[-75.54074,6.26385],[-75.54072,6.26383],[-75.54072,6.2639]],[[-75.54112,6.26203],[-75.54094,6.26207],[-75.54112,6.26212],[-75.54112,6.26203]],[[-75.54098,6.26364],[-75.54096,6.2637],[-75.54101,6.26368],[-75.54098,6.26364]],[[-75.54097,6.26329],[-75.54099,6.26332],[-75.54099,6.26327],[-75.54097,6.26329]]],[[[-75.54062,6.27604],[-75.53927,6.27673],[-75.53946,6.27526],[-75.54062,6.27604]],[[-75.53956,6.27562],[-75.53951,6.27562],[-75.53955,6.27565],[-75.53956,6.27562]]],[[[-75.53977,6.27403],[-75.54155,6.27156],[-75.54394,6.27149],[-75.5413,6.27239],[-75.53977,6.27403]]],[[[-75.54093,6.24903],[-75.54148,6.25104],[-75.54021,6.25026],[-75.54093,6.24903]],[[-75.54071,6.25041],[-75.54068,6.25041],[-75.54068,6.25042],[-75.54071,6.25041]]],[[[-75.54294,6.3039],[-75.54044,6.30252],[-75.54258,6.30214],[-75.54294,6.3039]]],[[[-75.54046,6.28611],[-75.54186,6.28466],[-75.542,6.28593],[-75.54222,6.28595],[-75.54255,6.28716],[-75.54046,6.28611]],[[-75.54075,6.28608],[-75.54078,6.28612],[-75.54079,6.28606],[-75.54075,6.28608]],[[-75.541,6.28625],[-75.54227,6.28639],[-75.54132,6.28588],[-75.541,6.28625]],[[-75.54131,6.28539],[-75.54132,6.28541],[-75.54133,6.28539],[-75.54131,6.28539]],[[-75.54157,6.28528],[-75.54172,6.28529],[-75.5417,6.28521],[-75.54157,6.28528]],[[-75.54166,6.28594],[-75.54173,6.28608],[-75.54173,6.28577],[-75.54166,6.28594]],[[-75.54185,6.28506],[-75.54182,6.28514],[-75.54189,6.28515],[-75.54185,6.28506]]],[[[-75.54446,6.27578],[-75.54057,6.27753],[-75.54349,6.27534],[-75.54446,6.27578]],[[-75.54306,6.27588],[-75.54304,6.2759],[-75.54305,6.27591],[-75.54306,6.27588]],[[-75.54319,6.27564],[-75.54332,6.27563],[-75.54321,6.27561],[-75.54319,6.27564]],[[-75.5441,6.27587],[-75.54422,6.27571],[-75.54399,6.27559],[-75.5441,6.27587]]],[[[-75.54784,6.25903],[-75.54589,6.26112],[-75.54214,6.25839],[-75.54784,6.25903]],[[-75.54524,6.25934],[-75.54518,6.2593],[-75.54517,6.25938],[-75.54524,6.25934]],[[-75.54532,6.2605],[-75.54531,6.26042],[-75.5453,6.26045],[-75.54532,6.2605]]],[[[-75.54248,6.2782],[-75.54415,6.27643],[-75.54451,6.27769],[-75.54395,6.27766],[-75.54452,6.27774],[-75.54464,6.2798],[-75.54248,6.2782]],[[-75.54375,6.27832],[-75.54373,6.27834],[-75.54374,6.27835],[-75.54375,6.27832]],[[-75.54374,6.27747],[-75.54374,6.27758],[-75.5438,6.27752],[-75.54374,6.27747]],[[-75.54388,6.27772],[-75.54387,6.2778],[-75.54391,6.27778],[-75.54388,6.27772]],[[-75.54402,6.27811],[-75.544,6.27806],[-75.544,6.27813],[-75.54402,6.27811]],[[-75.54428,6.27829],[-75.54425,6.27833],[-75.54428,6.27837],[-75.54428,6.27829]],[[-75.54442,6.27746],[-75.54442,6.27754],[-75.54443,6.27751],[-75.54442,6.27746]],[[-75.54442,6.27949],[-75.54442,6.27957],[-75.54445,6.27954],[-75.54442,6.27949]]],[[[-75.54501,6.29513],[-75.5443,6.30102],[-75.54365,6.29595],[-75.54501,6.29513]],[[-75.54435,6.29975],[-75.54434,6.29977],[-75.54435,6.29977],[-75.54435,6.29975]],[[-75.54447,6.2991],[-75.54449,6.29909],[-75.54448,6.29907],[-75.54447,6.2991]],[[-75.5446,6.29582],[-75.54459,6.29582],[-75.5446,6.29583],[-75.5446,6.29582]],[[-75.54474,6.29581],[-75.54473,6.29583],[-75.54474,6.29588],[-75.54474,6.29581]],[[-75.54488,6.29609],[-75.54484,6.2961],[-75.54487,6.29611],[-75.54488,6.29609]]],[[[-75.5437,6.22642],[-75.54373,6.22637],[-75.54439,6.22493],[-75.54467,6.22586],[-75.54535,6.22702],[-75.5437,6.22642]],[[-75.54372,6.22641],[-75.54374,6.22638],[-75.54373,6.22637],[-75.54372,6.22641]],[[-75.544,6.2264],[-75.54399,6.22641],[-75.544,6.22641],[-75.544,6.2264]],[[-75.54484,6.22654],[-75.54482,6.22625],[-75.5448,6.22636],[-75.54484,6.22654]]],[[[-75.54388,6.2928],[-75.54484,6.2931],[-75.5445,6.29391],[-75.54491,6.29312],[-75.54449,6.29509],[-75.54388,6.2928]],[[-75.54392,6.29284],[-75.5439,6.29285],[-75.54391,6.29286],[-75.54392,6.29284]],[[-75.54448,6.29477],[-75.54446,6.29471],[-75.54444,6.29476],[-75.54448,6.29477]]],[[[-75.54676,6.29175],[-75.54442,6.29176],[-75.54648,6.29059],[-75.5473,6.29175],[-75.54676,6.29175]],[[-75.54538,6.29135],[-75.54547,6.29135],[-75.54542,6.29133],[-75.54538,6.29135]],[[-75.54609,6.29117],[-75.5456,6.29135],[-75.54654,6.29152],[-75.54609,6.29117]],[[-75.54608,6.29166],[-75.5461,6.29163],[-75.54608,6.29161],[-75.54608,6.29166]],[[-75.54647,6.29073],[-75.5464,6.29079],[-75.54646,6.29084],[-75.54647,6.29073]],[[-75.54667,6.29135],[-75.54678,6.29135],[-75.54676,6.29134],[-75.54667,6.29135]],[[-75.54702,6.29148],[-75.54703,6.29148],[-75.54703,6.29146],[-75.54702,6.29148]]],[[[-75.54726,6.30551],[-75.54579,6.30553],[-75.5472,6.30516],[-75.55047,6.30656],[-75.54864,6.30616],[-75.54726,6.30551]],[[-75.54925,6.30624],[-75.54923,6.30611],[-75.54921,6.30617],[-75.54925,6.30624]]],[[[-75.54892,6.28513],[-75.54729,6.28602],[-75.54714,6.28468],[-75.54892,6.28513]],[[-75.54756,6.28542],[-75.54741,6.2851],[-75.54728,6.28539],[-75.54756,6.28542]],[[-75.54742,6.28558],[-75.54741,6.28564],[-75.54742,6.28567],[-75.54742,6.28558]],[[-75.54755,6.28578],[-75.54754,6.28578],[-75.54755,6.28579],[-75.54755,6.28578]],[[-75.54799,6.2854],[-75.54795,6.28532],[-75.54794,6.28539],[-75.54799,6.2854]],[[-75.54808,6.28502],[-75.54796,6.28512],[-75.54816,6.28512],[-75.54808,6.28502]],[[-75.54822,6.28539],[-75.54823,6.28533],[-75.54818,6.28537],[-75.54822,6.28539]]],[[[-75.55397,6.20432],[-75.55034,6.20321],[-75.55134,6.20109],[-75.55397,6.20432]]],[[[-75.55115,6.29819],[-75.55302,6.29974],[-75.55122,6.29974],[-75.55115,6.29819]],[[-75.55179,6.29892],[-75.55179,6.29893],[-75.5518,6.29892],[-75.55179,6.29892]]],[[[-75.55606,6.22823],[-75.55593,6.2294],[-75.55133,6.2277],[-75.55633,6.2261],[-75.55838,6.2303],[-75.55642,6.22944],[-75.55606,6.22823]],[[-75.55159,6.22772],[-75.55158,6.22774],[-75.55159,6.22775],[-75.55159,6.22772]],[[-75.55278,6.22799],[-75.55267,6.228],[-75.55283,6.228],[-75.55278,6.22799]],[[-75.5539,6.22854],[-75.55387,6.22854],[-75.55389,6.22855],[-75.5539,6.22854]]],[[[-75.55474,6.19589],[-75.55138,6.20002],[-75.55137,6.19952],[-75.55366,6.1945],[-75.55474,6.19589]],[[-75.55201,6.19847],[-75.55205,6.19851],[-75.55205,6.19849],[-75.55201,6.19847]],[[-75.55206,6.1986],[-75.55206,6.19863],[-75.55207,6.19863],[-75.55206,6.1986]]],[[[-75.55306,6.23015],[-75.55417,6.23107],[-75.55417,6.23112],[-75.55172,6.23128],[-75.55306,6.23015]],[[-75.55292,6.23042],[-75.55299,6.23049],[-75.55299,6.2304],[-75.55292,6.23042]],[[-75.55312,6.23114],[-75.55306,6.23108],[-75.55306,6.23114],[-75.55312,6.23114]],[[-75.55326,6.2306],[-75.55324,6.23054],[-75.55318,6.23057],[-75.55326,6.2306]],[[-75.55351,6.23067],[-75.55346,6.23072],[-75.5535,6.23078],[-75.55351,6.23067]]],[[[-75.55385,6.25123],[-75.55506,6.25216],[-75.55311,6.25405],[-75.55385,6.25123]],[[-75.55351,6.25351],[-75.55341,6.2535],[-75.55344,6.25353],[-75.55351,6.25351]],[[-75.55369,6.25337],[-75.5537,6.25336],[-75.55368,6.25336],[-75.55369,6.25337]],[[-75.55383,6.25192],[-75.55383,6.25204],[-75.55387,6.25199],[-75.55383,6.25192]]],[[[-75.55541,6.1865],[-75.55417,6.19065],[-75.55378,6.18773],[-75.55541,6.1865]]],[[[-75.55729,6.23095],[-75.55968,6.22995],[-75.55737,6.23274],[-75.55729,6.23095]]],[[[-75.55869,6.19832],[-75.55798,6.19734],[-75.56004,6.19582],[-75.55869,6.19832]]],[[[-75.56315,6.23168],[-75.56149,6.23083],[-75.5623,6.22796],[-75.56315,6.23168]]],[[[-75.56367,6.17572],[-75.56687,6.177],[-75.56425,6.17662],[-75.56597,6.1793],[-75.56175,6.17713],[-75.56275,6.1764],[-75.56215,6.17631],[-75.56367,6.17572]]],[[[-75.56852,6.17972],[-75.56774,6.17771],[-75.57529,6.18126],[-75.56852,6.17972]]],[[[-75.56991,6.23492],[-75.5691,6.23637],[-75.56875,6.23378],[-75.56991,6.23492]]],[[[-75.57139,6.23202],[-75.57055,6.23366],[-75.57037,6.23168],[-75.57139,6.23202]]],[[[-75.58315,6.30935],[-75.58406,6.30464],[-75.58642,6.31004],[-75.58315,6.30935]]],[[[-75.58498,6.30239],[-75.58603,6.30013],[-75.58636,6.30191],[-75.58498,6.30239]]],[[[-75.59797,6.28726],[-75.59818,6.28811],[-75.59664,6.28799],[-75.59662,6.28644],[-75.59963,6.28822],[-75.59797,6.28726]]],[[[-75.59686,6.28348],[-75.59865,6.28221],[-75.60237,6.28678],[-75.5993,6.29192],[-75.60169,6.28772],[-75.59686,6.28348]],[[-75.59972,6.2851],[-75.59973,6.2851],[-75.59973,6.28509],[-75.59972,6.2851]],[[-75.60068,6.2848],[-75.60053,6.28537],[-75.60094,6.2851],[-75.60068,6.2848]],[[-75.60081,6.2859],[-75.60082,6.2859],[-75.60081,6.28588],[-75.60081,6.2859]],[[-75.60108,6.28533],[-75.60105,6.28536],[-75.60108,6.2854],[-75.60108,6.28533]],[[-75.60162,6.28618],[-75.60163,6.28617],[-75.60162,6.28615],[-75.60162,6.28618]],[[-75.60189,6.28688],[-75.6019,6.28691],[-75.6019,6.28683],[-75.60189,6.28688]]],[[[-75.59871,6.20001],[-75.60342,6.20147],[-75.59815,6.20182],[-75.59795,6.19927],[-75.59871,6.20001]]],[[[-75.6056,6.28535],[-75.60432,6.28536],[-75.60409,6.28499],[-75.60528,6.28412],[-75.6056,6.28535]],[[-75.60487,6.28493],[-75.60503,6.28515],[-75.6052,6.28479],[-75.60487,6.28493]],[[-75.60526,6.28452],[-75.60528,6.28457],[-75.60536,6.28453],[-75.60526,6.28452]]],[[[-75.60853,6.2049],[-75.61083,6.20551],[-75.60663,6.20579],[-75.60853,6.2049]]],[[[-75.62839,6.26452],[-75.63002,6.2662],[-75.62942,6.26768],[-75.62839,6.26452]]],[[[-75.63628,6.17807],[-75.63512,6.17536],[-75.63781,6.1788],[-75.63644,6.1789],[-75.63628,6.17807]]],[[[-75.63977,6.1866],[-75.63972,6.18661],[-75.63671,6.17979],[-75.63817,6.17975],[-75.63977,6.1866]]],[[[-75.64179,6.17515],[-75.64239,6.17523],[-75.64168,6.17801],[-75.64124,6.17514],[-75.64249,6.17482],[-75.64179,6.17515]],[[-75.64179,6.17609],[-75.64216,6.17609],[-75.64201,6.176],[-75.64179,6.17609]]],[[[-75.64163,6.18114],[-75.64146,6.18103],[-75.64168,6.18092],[-75.64647,6.17833],[-75.64862,6.17969],[-75.64642,6.17837],[-75.64186,6.18123],[-75.65254,6.1823],[-75.6516,6.18015],[-75.65415,6.18252],[-75.64133,6.18118],[-75.64163,6.18114]],[[-75.64162,6.18097],[-75.64173,6.18098],[-75.64168,6.18092],[-75.64162,6.18097]]],[[[-75.64867,6.17955],[-75.64922,6.18006],[-75.6488,6.1798],[-75.64862,6.17969],[-75.64867,6.17955]],[[-75.64873,6.17965],[-75.64866,6.17971],[-75.6488,6.1798],[-75.64873,6.17965]]],[[[-75.6433,6.1722],[-75.64771,6.17165],[-75.64725,6.17058],[-75.64924,6.16976],[-75.64711,6.17256],[-75.6433,6.1722]],[[-75.64467,6.17225],[-75.64464,6.17225],[-75.64466,6.17232],[-75.64467,6.17225]],[[-75.64685,6.17227],[-75.64669,6.17207],[-75.64597,6.17229],[-75.64685,6.17227]]],[[[-75.64446,6.17483],[-75.6437,6.17782],[-75.64349,6.17533],[-75.64446,6.17483]],[[-75.6441,6.17562],[-75.64403,6.17526],[-75.64353,6.17537],[-75.6441,6.17562]]],[[[-75.64408,6.18862],[-75.6477,6.18704],[-75.64972,6.18865],[-75.64408,6.18862]],[[-75.64701,6.18852],[-75.64698,6.18855],[-75.647,6.18857],[-75.64701,6.18852]],[[-75.64797,6.18773],[-75.64766,6.18726],[-75.6476,6.18786],[-75.64797,6.18773]],[[-75.64779,6.18728],[-75.64783,6.18719],[-75.64774,6.18719],[-75.64779,6.18728]]],[[[-75.64696,6.17343],[-75.64793,6.17377],[-75.64434,6.17406],[-75.64574,6.17305],[-75.64696,6.17343]],[[-75.64587,6.17377],[-75.64465,6.17391],[-75.64558,6.17385],[-75.64587,6.17377]],[[-75.6457,6.17311],[-75.64574,6.17317],[-75.64574,6.17306],[-75.6457,6.17311]],[[-75.64694,6.1735],[-75.64696,6.17352],[-75.64696,6.17348],[-75.64694,6.1735]]],[[[-75.64845,6.17547],[-75.64849,6.17374],[-75.64937,6.17406],[-75.64893,6.17459],[-75.6494,6.17407],[-75.65187,6.17497],[-75.64885,6.17558],[-75.65338,6.17687],[-75.64615,6.17733],[-75.65352,6.17855],[-75.64475,6.17786],[-75.64527,6.17456],[-75.64845,6.17547]],[[-75.64518,6.17736],[-75.64479,6.17778],[-75.64566,6.17758],[-75.64518,6.17736]],[[-75.64533,6.17664],[-75.64537,6.17662],[-75.64534,6.17661],[-75.64533,6.17664]],[[-75.64677,6.17761],[-75.64701,6.17772],[-75.64685,6.17752],[-75.64677,6.17761]],[[-75.64751,6.17675],[-75.64753,6.17675],[-75.64751,6.17674],[-75.64751,6.17675]],[[-75.64752,6.17552],[-75.64752,6.17559],[-75.64756,6.17554],[-75.64752,6.17552]],[[-75.64862,6.17481],[-75.64855,6.17483],[-75.64858,6.17491],[-75.64862,6.17481]],[[-75.64867,6.17553],[-75.64875,6.17555],[-75.64893,6.17508],[-75.64867,6.17553]],[[-75.64877,6.1748],[-75.64893,6.17469],[-75.64868,6.17467],[-75.64877,6.1748]],[[-75.6487,6.17561],[-75.64871,6.17566],[-75.64873,6.1756],[-75.6487,6.17561]],[[-75.64886,6.17811],[-75.6489,6.1781],[-75.64887,6.17805],[-75.64886,6.17811]],[[-75.64982,6.1747],[-75.6498,6.17471],[-75.64984,6.17471],[-75.64982,6.1747]],[[-75.65023,6.1747],[-75.6502,6.17471],[-75.65027,6.17471],[-75.65023,6.1747]],[[-75.65063,6.17629],[-75.65058,6.17631],[-75.65061,6.17637],[-75.65063,6.17629]]],[[[-75.65148,6.17255],[-75.64953,6.1733],[-75.6506,6.17164],[-75.65148,6.17255]]],[[[-75.65395,6.18827],[-75.65096,6.18803],[-75.65241,6.18742],[-75.65395,6.18827]]],[[[-75.66189,6.18714],[-75.66328,6.18853],[-75.65942,6.18848],[-75.66189,6.18714]]]]}},{"type":"Feature","properties":{"iso":45,"rango_db":"45.0-50.0","ha":731.8},"geometry":{"type":"MultiPolygon","coordinates":[[[[-75.52529,6.23402],[-75.52966,6.23077],[-75.52978,6.23068],[-75.53116,6.23165],[-75.52529,6.23402]],[[-75.52937,6.23106],[-75.52976,6.23105],[-75.52966,6.23077],[-75.52937,6.23106]],[[-75.52945,6.23131],[-75.52973,6.23149],[-75.52984,6.2314],[-75.52945,6.23131]],[[-75.53018,6.23139],[-75.53001,6.23146],[-75.53028,6.23148],[-75.53018,6.23139]],[[-75.53095,6.23154],[-75.53086,6.23158],[-75.53104,6.2316],[-75.53095,6.23154]]],[[[-75.53155,6.23784],[-75.53687,6.2348],[-75.53971,6.24273],[-75.53702,6.23686],[-75.53358,6.23813],[-75.53548,6.2357],[-75.53157,6.23812],[-75.52586,6.23401],[-75.53155,6.23784]],[[-75.53159,6.23796],[-75.53156,6.23796],[-75.53157,6.23799],[-75.53159,6.23796]],[[-75.53367,6.23672],[-75.53356,6.23671],[-75.5336,6.2368],[-75.53367,6.23672]],[[-75.53388,6.2379],[-75.53379,6.23795],[-75.53386,6.238],[-75.53388,6.2379]],[[-75.53548,6.23721],[-75.53555,6.23716],[-75.53543,6.23713],[-75.53548,6.23721]],[[-75.53555,6.23566],[-75.53566,6.23567],[-75.53563,6.23561],[-75.53555,6.23566]],[[-75.53583,6.23701],[-75.53577,6.23694],[-75.53576,6.23708],[-75.53583,6.23701]],[[-75.53576,6.23606],[-75.53577,6.23606],[-75.53577,6.23605],[-75.53576,6.23606]],[[-75.53593,6.23687],[-75.5359,6.23683],[-75.53589,6.23691],[-75.53593,6.23687]],[[-75.53627,6.2355],[-75.53602,6.23584],[-75.53637,6.23557],[-75.53627,6.2355]],[[-75.53685,6.23482],[-75.53642,6.23525],[-75.53662,6.23525],[-75.53685,6.23482]],[[-75.53658,6.2361],[-75.53662,6.23606],[-75.53658,6.23603],[-75.53658,6.2361]],[[-75.53685,6.23638],[-75.53684,6.23646],[-75.53687,6.23643],[-75.53685,6.23638]],[[-75.53727,6.23617],[-75.537,6.23613],[-75.53699,6.23634],[-75.53727,6.23617]],[[-75.53721,6.23671],[-75.53712,6.23673],[-75.53718,6.23676],[-75.53721,6.23671]],[[-75.5386,6.23997],[-75.53862,6.23999],[-75.53862,6.23993],[-75.5386,6.23997]]],[[[-75.53329,6.23338],[-75.53477,6.2343],[-75.53332,6.23476],[-75.53497,6.23443],[-75.53061,6.23635],[-75.52813,6.23429],[-75.53122,6.23209],[-75.5283,6.23418],[-75.53129,6.23571],[-75.53329,6.23338]],[[-75.53049,6.23571],[-75.53054,6.23566],[-75.53049,6.23559],[-75.53049,6.23571]],[[-75.53247,6.23444],[-75.5325,6.23448],[-75.53251,6.23442],[-75.53247,6.23444]],[[-75.53261,6.23457],[-75.53264,6.2346],[-75.53264,6.23454],[-75.53261,6.23457]],[[-75.53277,6.23472],[-75.5328,6.23471],[-75.53278,6.2347],[-75.53277,6.23472]],[[-75.53314,6.235],[-75.53319,6.23515],[-75.5332,6.23494],[-75.53314,6.235]],[[-75.53317,6.23403],[-75.53347,6.23402],[-75.5333,6.23397],[-75.53317,6.23403]],[[-75.53368,6.23483],[-75.53343,6.23478],[-75.53348,6.23494],[-75.53368,6.23483]]],[[[-75.53153,6.22754],[-75.53226,6.22919],[-75.52976,6.22975],[-75.52968,6.22954],[-75.53017,6.229],[-75.53108,6.22796],[-75.53153,6.22754]],[[-75.53019,6.2291],[-75.53024,6.22906],[-75.53017,6.229],[-75.53019,6.2291]],[[-75.53101,6.22828],[-75.53099,6.22837],[-75.53105,6.22834],[-75.53101,6.22828]],[[-75.53101,6.22901],[-75.531,6.22902],[-75.53103,6.22902],[-75.53101,6.22901]],[[-75.53115,6.22845],[-75.53114,6.22863],[-75.53119,6.22856],[-75.53115,6.22845]],[[-75.53133,6.22871],[-75.53119,6.22875],[-75.53125,6.22893],[-75.53133,6.22871]],[[-75.53168,6.2293],[-75.53168,6.22926],[-75.53167,6.2293],[-75.53168,6.2293]]],[[[-75.53534,6.26869],[-75.53478,6.26655],[-75.53659,6.27174],[-75.53444,6.26996],[-75.53457,6.26861],[-75.53534,6.26869]],[[-75.53586,6.27078],[-75.53588,6.27075],[-75.53586,6.27069],[-75.53586,6.27078]]],[[[-75.54186,6.26942],[-75.53819,6.26936],[-75.53761,6.27133],[-75.53718,6.26997],[-75.53801,6.26936],[-75.53593,6.26933],[-75.53796,6.26755],[-75.54188,6.2679],[-75.53816,6.26737],[-75.53947,6.26623],[-75.54215,6.26153],[-75.54249,6.26317],[-75.54217,6.26316],[-75.53969,6.26603],[-75.54198,6.26403],[-75.54186,6.26942]],[[-75.53703,6.26914],[-75.53707,6.26919],[-75.53707,6.2691],[-75.53703,6.26914]],[[-75.53724,6.26827],[-75.53704,6.26846],[-75.53708,6.26865],[-75.53724,6.26827]],[[-75.53741,6.26995],[-75.53747,6.27001],[-75.53749,6.26993],[-75.53741,6.26995]],[[-75.53786,6.26792],[-75.53791,6.26792],[-75.53789,6.2679],[-75.53786,6.26792]],[[-75.53788,6.26873],[-75.53789,6.26873],[-75.53789,6.26872],[-75.53788,6.26873]],[[-75.53811,6.26819],[-75.53816,6.26822],[-75.53819,6.26817],[-75.53811,6.26819]],[[-75.53826,6.26918],[-75.53815,6.26899],[-75.53817,6.26924],[-75.53826,6.26918]],[[-75.53853,6.26898],[-75.5385,6.26896],[-75.53845,6.26904],[-75.53853,6.26898]],[[-75.53852,6.26927],[-75.53863,6.26931],[-75.5386,6.26921],[-75.53852,6.26927]],[[-75.53887,6.26909],[-75.53879,6.26913],[-75.53897,6.26914],[-75.53887,6.26909]],[[-75.53987,6.26904],[-75.5398,6.26894],[-75.53978,6.26913],[-75.53987,6.26904]],[[-75.53996,6.26926],[-75.53993,6.2692],[-75.53991,6.26927],[-75.53996,6.26926]],[[-75.53992,6.26889],[-75.53996,6.26886],[-75.53993,6.26882],[-75.53992,6.26889]],[[-75.54003,6.26546],[-75.54004,6.26548],[-75.54005,6.26545],[-75.54003,6.26546]],[[-75.5405,6.26886],[-75.54018,6.26868],[-75.54012,6.26908],[-75.5405,6.26886]],[[-75.5402,6.26695],[-75.54014,6.26696],[-75.54018,6.26702],[-75.5402,6.26695]],[[-75.54031,6.26864],[-75.54037,6.2686],[-75.54026,6.26858],[-75.54031,6.26864]],[[-75.5403,6.26587],[-75.54031,6.26591],[-75.54033,6.26589],[-75.5403,6.26587]],[[-75.54044,6.26505],[-75.54045,6.26506],[-75.54045,6.26502],[-75.54044,6.26505]],[[-75.54097,6.26896],[-75.54098,6.26917],[-75.54132,6.26916],[-75.54097,6.26896]],[[-75.54101,6.26586],[-75.541,6.26583],[-75.54099,6.26588],[-75.54101,6.26586]],[[-75.54101,6.26541],[-75.5412,6.26538],[-75.54113,6.26525],[-75.54101,6.26541]],[[-75.54126,6.26736],[-75.54142,6.26736],[-75.54138,6.26734],[-75.54126,6.26736]],[[-75.54182,6.26518],[-75.54136,6.26519],[-75.54167,6.26565],[-75.54182,6.26518]],[[-75.54165,6.263],[-75.54142,6.26312],[-75.54153,6.26348],[-75.54165,6.263]],[[-75.54151,6.26571],[-75.54153,6.26576],[-75.54154,6.26565],[-75.54151,6.26571]],[[-75.54225,6.2629],[-75.54219,6.26289],[-75.54223,6.26292],[-75.54225,6.2629]]],[[[-75.5393,6.27266],[-75.53994,6.27263],[-75.53637,6.27564],[-75.53686,6.27278],[-75.53916,6.27267],[-75.53997,6.27138],[-75.53897,6.27096],[-75.54033,6.27141],[-75.5393,6.27266]],[[-75.5368,6.27416],[-75.53745,6.27449],[-75.53723,6.27395],[-75.5368,6.27416]],[[-75.53702,6.27346],[-75.53708,6.27354],[-75.53709,6.2734],[-75.53702,6.27346]],[[-75.53703,6.27299],[-75.53708,6.27308],[-75.53708,6.2729],[-75.53703,6.27299]]],[[[-75.54109,6.30222],[-75.54305,6.30184],[-75.54317,6.30195],[-75.54532,6.30375],[-75.54414,6.30342],[-75.54034,6.30237],[-75.54101,6.30224],[-75.53641,6.29816],[-75.54025,6.29622],[-75.54109,6.30222]],[[-75.54299,6.30193],[-75.54311,6.302],[-75.54317,6.30195],[-75.54299,6.30193]],[[-75.54424,6.30343],[-75.54421,6.30337],[-75.54414,6.30342],[-75.54424,6.30343]],[[-75.53651,6.29812],[-75.53646,6.29817],[-75.53664,6.29815],[-75.53651,6.29812]],[[-75.53726,6.2981],[-75.53711,6.2982],[-75.53743,6.29819],[-75.53726,6.2981]],[[-75.53756,6.29787],[-75.53754,6.29788],[-75.53756,6.2979],[-75.53756,6.29787]],[[-75.53803,6.29831],[-75.53782,6.2981],[-75.53797,6.29843],[-75.53803,6.29831]],[[-75.53818,6.29809],[-75.53856,6.29772],[-75.53795,6.29788],[-75.53818,6.29809]],[[-75.53871,6.29812],[-75.53856,6.29817],[-75.53866,6.29823],[-75.53871,6.29812]],[[-75.53917,6.29779],[-75.53965,6.2976],[-75.53907,6.29715],[-75.53917,6.29779]],[[-75.53932,6.29814],[-75.53931,6.29815],[-75.53932,6.29816],[-75.53932,6.29814]],[[-75.53962,6.29715],[-75.54028,6.29677],[-75.53957,6.29691],[-75.53962,6.29715]],[[-75.54,6.29664],[-75.53994,6.29665],[-75.54,6.29667],[-75.54,6.29664]],[[-75.54015,6.29652],[-75.54012,6.29649],[-75.54013,6.29656],[-75.54015,6.29652]],[[-75.54027,6.29839],[-75.54024,6.29841],[-75.54028,6.29842],[-75.54027,6.29839]],[[-75.54316,6.30241],[-75.5431,6.30217],[-75.54312,6.30252],[-75.54316,6.30241]],[[-75.54326,6.30203],[-75.5432,6.30206],[-75.54325,6.30211],[-75.54326,6.30203]],[[-75.54481,6.3034],[-75.54451,6.30335],[-75.54465,6.30355],[-75.54481,6.3034]]],[[[-75.53648,6.29406],[-75.53737,6.28343],[-75.53736,6.28594],[-75.53808,6.29283],[-75.53648,6.29406]],[[-75.53686,6.29355],[-75.53688,6.29355],[-75.53687,6.29352],[-75.53686,6.29355]],[[-75.53693,6.28998],[-75.53698,6.29004],[-75.537,6.28988],[-75.53693,6.28998]],[[-75.53707,6.29056],[-75.53713,6.29061],[-75.53713,6.29051],[-75.53707,6.29056]],[[-75.53737,6.28686],[-75.53737,6.28738],[-75.53744,6.28713],[-75.53737,6.28686]],[[-75.53738,6.28663],[-75.53741,6.28663],[-75.53739,6.28662],[-75.53738,6.28663]],[[-75.53748,6.2896],[-75.53753,6.28965],[-75.53754,6.28952],[-75.53748,6.2896]],[[-75.53757,6.29026],[-75.53748,6.29028],[-75.53757,6.29032],[-75.53757,6.29026]],[[-75.53762,6.29042],[-75.53766,6.29047],[-75.53768,6.29037],[-75.53762,6.29042]]],[[[-75.53669,6.27857],[-75.53825,6.27833],[-75.53813,6.27944],[-75.53669,6.27857]],[[-75.53791,6.27849],[-75.53797,6.27849],[-75.53793,6.27848],[-75.53791,6.27849]]],[[[-75.54298,6.25232],[-75.54297,6.25224],[-75.54153,6.2534],[-75.54156,6.25482],[-75.5371,6.25694],[-75.54097,6.2537],[-75.54036,6.2525],[-75.5415,6.25217],[-75.54152,6.25323],[-75.54349,6.25158],[-75.54447,6.2518],[-75.54403,6.25164],[-75.54394,6.25087],[-75.54473,6.25186],[-75.54923,6.25287],[-75.54975,6.25033],[-75.5509,6.25152],[-75.54911,6.25398],[-75.5453,6.25243],[-75.54418,6.25345],[-75.54512,6.25238],[-75.5449,6.25242],[-75.54499,6.2523],[-75.5436,6.25174],[-75.54298,6.25232]],[[-75.54102,6.2538],[-75.53819,6.25607],[-75.54153,6.2548],[-75.54102,6.2538]],[[-75.54148,6.25233],[-75.54149,6.25226],[-75.54142,6.2523],[-75.54148,6.25233]],[[-75.54354,6.25161],[-75.5435,6.25164],[-75.54353,6.25171],[-75.54354,6.25161]],[[-75.54533,6.25219],[-75.54535,6.25213],[-75.54533,6.25212],[-75.54533,6.25219]],[[-75.54566,6.25232],[-75.54559,6.25248],[-75.54571,6.25246],[-75.54566,6.25232]],[[-75.54788,6.25288],[-75.54793,6.25283],[-75.54787,6.25282],[-75.54788,6.25288]]],[[[-75.53717,6.22993],[-75.53861,6.2275],[-75.54012,6.23065],[-75.53717,6.22993]],[[-75.53899,6.22933],[-75.539,6.22954],[-75.53902,6.22945],[-75.53899,6.22933]]],[[[-75.53937,6.23216],[-75.53776,6.23288],[-75.5386,6.23178],[-75.5401,6.23184],[-75.53937,6.23216]]],[[[-75.54,6.2944],[-75.54087,6.29409],[-75.54121,6.29449],[-75.53819,6.29642],[-75.54048,6.29363],[-75.54,6.2944]],[[-75.5408,6.29464],[-75.54086,6.2946],[-75.54081,6.29453],[-75.5408,6.29464]],[[-75.54092,6.29452],[-75.54094,6.29441],[-75.54086,6.29447],[-75.54092,6.29452]]],[[[-75.54109,6.27734],[-75.54329,6.27518],[-75.54405,6.27654],[-75.54255,6.27812],[-75.54244,6.27712],[-75.53996,6.28162],[-75.54098,6.2778],[-75.53879,6.27752],[-75.53964,6.27672],[-75.5383,6.27694],[-75.54048,6.27473],[-75.54049,6.27592],[-75.54114,6.2753],[-75.54109,6.27734]],[[-75.53955,6.27738],[-75.53953,6.27741],[-75.53958,6.2774],[-75.53955,6.27738]],[[-75.54026,6.2808],[-75.54022,6.28075],[-75.54021,6.28082],[-75.54026,6.2808]],[[-75.54063,6.27943],[-75.5406,6.27943],[-75.54062,6.27944],[-75.54063,6.27943]]],[[[-75.54098,6.24791],[-75.54122,6.24868],[-75.53986,6.24901],[-75.54178,6.2495],[-75.53983,6.24944],[-75.54097,6.25052],[-75.53998,6.25177],[-75.53839,6.24864],[-75.54098,6.24791]],[[-75.5396,6.24944],[-75.53954,6.24947],[-75.53958,6.24952],[-75.5396,6.24944]],[[-75.54028,6.25013],[-75.54021,6.25025],[-75.54029,6.2503],[-75.54028,6.25013]]],[[[-75.53912,6.28725],[-75.53877,6.28579],[-75.53952,6.28621],[-75.53953,6.28621],[-75.54016,6.28526],[-75.53991,6.2851],[-75.54091,6.28226],[-75.54093,6.28456],[-75.53961,6.28626],[-75.54083,6.28694],[-75.54059,6.28916],[-75.54077,6.2885],[-75.54086,6.28915],[-75.54093,6.28957],[-75.54078,6.28954],[-75.54101,6.29019],[-75.54055,6.28955],[-75.54028,6.29207],[-75.53936,6.28823],[-75.54029,6.28778],[-75.53912,6.28725]],[[-75.53956,6.28623],[-75.53956,6.28617],[-75.53953,6.28621],[-75.53956,6.28623]],[[-75.54079,6.28891],[-75.54069,6.28915],[-75.54086,6.28915],[-75.54079,6.28891]],[[-75.53955,6.28636],[-75.53955,6.28633],[-75.53954,6.28634],[-75.53955,6.28636]],[[-75.54008,6.2869],[-75.54009,6.28691],[-75.54009,6.28655],[-75.54008,6.2869]],[[-75.54011,6.29042],[-75.54025,6.29046],[-75.54033,6.29025],[-75.54011,6.29042]],[[-75.54029,6.28496],[-75.54024,6.28485],[-75.54023,6.28501],[-75.54029,6.28496]],[[-75.5403,6.28771],[-75.54039,6.28773],[-75.54037,6.28768],[-75.5403,6.28771]],[[-75.54037,6.28837],[-75.54034,6.28845],[-75.54037,6.28853],[-75.54037,6.28837]],[[-75.54038,6.28464],[-75.5408,6.28461],[-75.54065,6.28444],[-75.54038,6.28464]],[[-75.54051,6.28713],[-75.54043,6.28756],[-75.54071,6.28743],[-75.54051,6.28713]],[[-75.54046,6.28783],[-75.54051,6.28788],[-75.54052,6.28778],[-75.54046,6.28783]],[[-75.54078,6.28726],[-75.54071,6.2873],[-75.54076,6.28735],[-75.54078,6.28726]],[[-75.54088,6.28418],[-75.5409,6.28419],[-75.54091,6.28417],[-75.54088,6.28418]]],[[[-75.53901,6.24828],[-75.54046,6.24458],[-75.54076,6.24686],[-75.53901,6.24828]],[[-75.54039,6.24687],[-75.5404,6.24691],[-75.5404,6.2468],[-75.54039,6.24687]]],[[[-75.54075,6.23749],[-75.54029,6.23944],[-75.54024,6.23944],[-75.53915,6.23945],[-75.54075,6.23749]],[[-75.54027,6.23942],[-75.54024,6.23938],[-75.54024,6.23944],[-75.54027,6.23942]],[[-75.53952,6.23932],[-75.53957,6.23933],[-75.53958,6.23926],[-75.53952,6.23932]],[[-75.53971,6.23908],[-75.53976,6.23902],[-75.53971,6.23896],[-75.53971,6.23908]]],[[[-75.53918,6.23976],[-75.54144,6.2408],[-75.54134,6.24228],[-75.53918,6.23976]],[[-75.54119,6.24169],[-75.54113,6.24198],[-75.54133,6.24218],[-75.54119,6.24169]],[[-75.54136,6.24129],[-75.54132,6.24115],[-75.54131,6.24137],[-75.54136,6.24129]]],[[[-75.54229,6.28804],[-75.54244,6.28851],[-75.54132,6.28893],[-75.54124,6.28896],[-75.54214,6.2879],[-75.5401,6.28594],[-75.54186,6.28383],[-75.54224,6.28489],[-75.54186,6.28466],[-75.54076,6.28591],[-75.542,6.28592],[-75.542,6.2851],[-75.5426,6.28592],[-75.54321,6.28764],[-75.54267,6.28797],[-75.54337,6.28811],[-75.54386,6.2895],[-75.54229,6.28804]],[[-75.54133,6.28891],[-75.54131,6.28892],[-75.54132,6.28893],[-75.54133,6.28891]],[[-75.54025,6.28594],[-75.54023,6.28594],[-75.54023,6.28595],[-75.54025,6.28594]],[[-75.54079,6.28633],[-75.54087,6.2863],[-75.54075,6.28632],[-75.54079,6.28633]],[[-75.54106,6.28623],[-75.54124,6.28606],[-75.541,6.28625],[-75.54106,6.28623]],[[-75.54132,6.28505],[-75.54135,6.28498],[-75.54128,6.28501],[-75.54132,6.28505]],[[-75.54187,6.28688],[-75.54184,6.28685],[-75.54185,6.28694],[-75.54187,6.28688]],[[-75.54199,6.28713],[-75.542,6.28715],[-75.542,6.28693],[-75.54199,6.28713]],[[-75.54228,6.28784],[-75.54228,6.28781],[-75.54227,6.28782],[-75.54228,6.28784]],[[-75.54295,6.28726],[-75.54295,6.28736],[-75.54297,6.28732],[-75.54295,6.28726]],[[-75.5434,6.28864],[-75.54336,6.28864],[-75.54336,6.28866],[-75.5434,6.28864]]],[[[-75.54212,6.22554],[-75.54218,6.22556],[-75.54047,6.22782],[-75.54112,6.22515],[-75.54212,6.22554]],[[-75.54183,6.22554],[-75.54182,6.22558],[-75.54183,6.2256],[-75.54183,6.22554]]],[[[-75.54291,6.26931],[-75.54303,6.26953],[-75.54268,6.27017],[-75.54361,6.27098],[-75.54305,6.26957],[-75.54427,6.27183],[-75.54094,6.27377],[-75.54408,6.27156],[-75.54161,6.27156],[-75.54291,6.26931]],[[-75.54208,6.2709],[-75.5421,6.27088],[-75.54207,6.27088],[-75.54208,6.2709]],[[-75.54224,6.27121],[-75.54223,6.27115],[-75.54222,6.27132],[-75.54224,6.27121]],[[-75.54275,6.26976],[-75.54275,6.26983],[-75.54283,6.26981],[-75.54275,6.26976]],[[-75.54313,6.27114],[-75.54317,6.27121],[-75.54323,6.27116],[-75.54313,6.27114]],[[-75.54355,6.2712],[-75.54364,6.27111],[-75.54344,6.27099],[-75.54355,6.2712]],[[-75.54351,6.27128],[-75.54346,6.27137],[-75.54361,6.27129],[-75.54351,6.27128]],[[-75.54359,6.2714],[-75.54356,6.27142],[-75.54358,6.27145],[-75.54359,6.2714]]],[[[-75.54259,6.24416],[-75.54168,6.24496],[-75.54105,6.24285],[-75.54259,6.24416]],[[-75.54214,6.24436],[-75.54209,6.24445],[-75.54217,6.24448],[-75.54214,6.24436]]],[[[-75.54738,6.2613],[-75.5474,6.261],[-75.54362,6.26115],[-75.54374,6.26146],[-75.54313,6.26154],[-75.5429,6.26076],[-75.54287,6.26136],[-75.5422,6.25839],[-75.5442,6.26106],[-75.54832,6.2595],[-75.54891,6.2553],[-75.55239,6.25406],[-75.55203,6.2547],[-75.55083,6.25631],[-75.55089,6.25638],[-75.5509,6.25639],[-75.55041,6.25692],[-75.55092,6.25736],[-75.55045,6.25719],[-75.55041,6.25718],[-75.54738,6.2613]],[[-75.55083,6.25632],[-75.55065,6.25659],[-75.55089,6.25638],[-75.55083,6.25632]],[[-75.55055,6.25706],[-75.55036,6.257],[-75.55045,6.25719],[-75.55055,6.25706]],[[-75.54316,6.26153],[-75.5432,6.26146],[-75.54316,6.26137],[-75.54316,6.26153]],[[-75.5485,6.25936],[-75.54859,6.25936],[-75.54856,6.25927],[-75.5485,6.25936]],[[-75.54883,6.25874],[-75.54883,6.25892],[-75.54888,6.25891],[-75.54883,6.25874]],[[-75.54898,6.25848],[-75.54897,6.2585],[-75.54896,6.2587],[-75.54898,6.25848]],[[-75.54933,6.25626],[-75.54918,6.25623],[-75.54927,6.25631],[-75.54933,6.25626]],[[-75.54925,6.25783],[-75.5492,6.25781],[-75.54936,6.25815],[-75.54925,6.25783]],[[-75.54963,6.25701],[-75.54946,6.25719],[-75.5495,6.25722],[-75.54963,6.25701]],[[-75.54947,6.2555],[-75.54949,6.25557],[-75.54952,6.25548],[-75.54947,6.2555]],[[-75.54949,6.2565],[-75.5495,6.25651],[-75.5495,6.2565],[-75.54949,6.2565]],[[-75.54986,6.25676],[-75.54994,6.25673],[-75.5501,6.25643],[-75.54986,6.25676]],[[-75.55036,6.25606],[-75.55028,6.25606],[-75.55031,6.25624],[-75.55036,6.25606]],[[-75.5503,6.25686],[-75.55036,6.25699],[-75.55033,6.25689],[-75.5503,6.25686]],[[-75.55048,6.25605],[-75.55045,6.25605],[-75.55047,6.25607],[-75.55048,6.25605]],[[-75.55069,6.25552],[-75.55072,6.25553],[-75.55073,6.25551],[-75.55069,6.25552]],[[-75.55084,6.25558],[-75.55084,6.25557],[-75.55081,6.25557],[-75.55084,6.25558]],[[-75.55085,6.25549],[-75.55082,6.25549],[-75.55085,6.25552],[-75.55085,6.25549]],[[-75.55102,6.2551],[-75.55095,6.25511],[-75.55099,6.25514],[-75.55102,6.2551]],[[-75.55096,6.25568],[-75.551,6.2557],[-75.55099,6.25567],[-75.55096,6.25568]],[[-75.55114,6.25509],[-75.55109,6.2551],[-75.55126,6.25529],[-75.55114,6.25509]],[[-75.5514,6.25537],[-75.55139,6.25536],[-75.5514,6.2554],[-75.5514,6.25537]],[[-75.55166,6.25496],[-75.55166,6.25503],[-75.55167,6.25495],[-75.55166,6.25496]],[[-75.5518,6.25485],[-75.5518,6.25479],[-75.55177,6.25486],[-75.5518,6.25485]],[[-75.55199,6.25472],[-75.55197,6.25467],[-75.55194,6.25472],[-75.55199,6.25472]]],[[[-75.54389,6.28214],[-75.54332,6.28387],[-75.54256,6.27821],[-75.54406,6.27856],[-75.54429,6.27699],[-75.54511,6.27847],[-75.54389,6.28214]],[[-75.54389,6.28197],[-75.54379,6.28208],[-75.54389,6.28214],[-75.54389,6.28197]],[[-75.54306,6.27863],[-75.54312,6.27861],[-75.54308,6.27857],[-75.54306,6.27863]],[[-75.54336,6.28278],[-75.5432,6.28292],[-75.5433,6.283],[-75.54336,6.28278]],[[-75.54342,6.28118],[-75.54347,6.28124],[-75.54348,6.28114],[-75.54342,6.28118]],[[-75.54347,6.28012],[-75.54346,6.28026],[-75.54359,6.28006],[-75.54347,6.28012]],[[-75.54354,6.28285],[-75.54361,6.28297],[-75.54361,6.28278],[-75.54354,6.28285]],[[-75.54366,6.28078],[-75.54356,6.28078],[-75.5436,6.28079],[-75.54366,6.28078]],[[-75.5436,6.27971],[-75.54374,6.27962],[-75.54373,6.27951],[-75.5436,6.27971]],[[-75.54376,6.28242],[-75.54374,6.28219],[-75.54367,6.28234],[-75.54376,6.28242]],[[-75.54375,6.28097],[-75.54381,6.28091],[-75.54375,6.28083],[-75.54375,6.28097]],[[-75.544,6.27965],[-75.54398,6.27972],[-75.54404,6.27975],[-75.544,6.27965]],[[-75.54403,6.28039],[-75.544,6.28051],[-75.54414,6.28037],[-75.54403,6.28039]],[[-75.54402,6.28112],[-75.54408,6.28105],[-75.54402,6.281],[-75.54402,6.28112]],[[-75.54429,6.28047],[-75.54408,6.28082],[-75.54422,6.28099],[-75.54429,6.28047]],[[-75.54426,6.27997],[-75.54428,6.28],[-75.54428,6.27995],[-75.54426,6.27997]],[[-75.54486,6.27817],[-75.54457,6.27839],[-75.54505,6.27848],[-75.54486,6.27817]]],[[[-75.54269,6.24114],[-75.54393,6.24186],[-75.54337,6.24297],[-75.54269,6.24114]],[[-75.54373,6.24176],[-75.54345,6.24186],[-75.54373,6.24193],[-75.54373,6.24176]]],[[[-75.54423,6.22773],[-75.54453,6.23094],[-75.54372,6.22725],[-75.54538,6.2272],[-75.54368,6.22707],[-75.54317,6.22468],[-75.54692,6.2274],[-75.54423,6.22773]],[[-75.544,6.22644],[-75.54407,6.2264],[-75.54401,6.22631],[-75.544,6.22644]],[[-75.54493,6.22713],[-75.54501,6.22711],[-75.54492,6.22705],[-75.54493,6.22713]],[[-75.54576,6.22719],[-75.54567,6.22732],[-75.54575,6.2274],[-75.54576,6.22719]],[[-75.54651,6.22722],[-75.54646,6.22716],[-75.54644,6.22728],[-75.54651,6.22722]]],[[[-75.54346,6.29864],[-75.54382,6.29288],[-75.54504,6.29513],[-75.54364,6.29596],[-75.54433,6.30071],[-75.54326,6.30171],[-75.54346,6.29864]],[[-75.54336,6.30076],[-75.54361,6.30058],[-75.54338,6.30056],[-75.54336,6.30076]],[[-75.54366,6.30003],[-75.54368,6.30002],[-75.54367,6.29999],[-75.54366,6.30003]],[[-75.54374,6.30046],[-75.54366,6.30042],[-75.54367,6.30051],[-75.54374,6.30046]],[[-75.5439,6.2995],[-75.54395,6.29949],[-75.54372,6.29949],[-75.5439,6.2995]],[[-75.54412,6.30051],[-75.54373,6.30059],[-75.54395,6.30079],[-75.54412,6.30051]],[[-75.54379,6.29555],[-75.5438,6.29573],[-75.54384,6.29565],[-75.54379,6.29555]],[[-75.54392,6.29456],[-75.54394,6.29478],[-75.54401,6.29471],[-75.54392,6.29456]]],[[[-75.54629,6.29888],[-75.54441,6.30063],[-75.54505,6.29515],[-75.54617,6.29853],[-75.54566,6.29797],[-75.54629,6.29888]],[[-75.54524,6.29673],[-75.54527,6.29677],[-75.54531,6.29677],[-75.54524,6.29673]],[[-75.54569,6.29904],[-75.54568,6.29922],[-75.54586,6.29923],[-75.54569,6.29904]]],[[[-75.545,6.29038],[-75.54645,6.29156],[-75.54446,6.29174],[-75.545,6.29038]],[[-75.54497,6.2908],[-75.545,6.29087],[-75.54501,6.29081],[-75.54497,6.2908]]],[[[-75.54691,6.30403],[-75.54573,6.30541],[-75.54456,6.30427],[-75.54691,6.30403]],[[-75.54558,6.30438],[-75.54558,6.30437],[-75.54556,6.30437],[-75.54558,6.30438]],[[-75.54605,6.3042],[-75.54614,6.30423],[-75.54615,6.30422],[-75.54605,6.3042]]],[[[-75.54621,6.24124],[-75.54818,6.24395],[-75.54546,6.24307],[-75.54621,6.24124]],[[-75.54793,6.24376],[-75.54797,6.2438],[-75.54798,6.24373],[-75.54793,6.24376]]],[[[-75.55035,6.30655],[-75.54576,6.30546],[-75.5472,6.30513],[-75.55035,6.30655]]],[[[-75.54865,6.28516],[-75.5472,6.28546],[-75.5473,6.28614],[-75.5468,6.28449],[-75.54865,6.28516]]],[[[-75.54701,6.21441],[-75.54829,6.20525],[-75.55375,6.20914],[-75.55059,6.21246],[-75.55366,6.21124],[-75.55498,6.21448],[-75.55428,6.21447],[-75.54701,6.21441]],[[-75.54825,6.20683],[-75.54823,6.20697],[-75.54826,6.20684],[-75.54825,6.20683]],[[-75.54882,6.20741],[-75.54894,6.20742],[-75.54901,6.20741],[-75.54882,6.20741]],[[-75.54921,6.20619],[-75.54922,6.2062],[-75.54923,6.20618],[-75.54921,6.20619]],[[-75.5495,6.2069],[-75.54953,6.20686],[-75.5495,6.20683],[-75.5495,6.2069]],[[-75.55117,6.21375],[-75.55076,6.21375],[-75.55077,6.21376],[-75.55117,6.21375]],[[-75.55145,6.21383],[-75.55148,6.21387],[-75.55148,6.21385],[-75.55145,6.21383]],[[-75.55373,6.2142],[-75.55376,6.21418],[-75.55373,6.21416],[-75.55373,6.2142]]],[[[-75.54996,6.24342],[-75.55343,6.24442],[-75.55047,6.24546],[-75.5513,6.24426],[-75.54866,6.24609],[-75.54996,6.24342]],[[-75.55042,6.24462],[-75.54995,6.24469],[-75.55028,6.24491],[-75.55042,6.24462]],[[-75.55056,6.24457],[-75.55056,6.24451],[-75.55051,6.24453],[-75.55056,6.24457]]],[[[-75.54949,6.26129],[-75.54911,6.25982],[-75.54964,6.26065],[-75.55002,6.25998],[-75.55241,6.26108],[-75.55312,6.2614],[-75.54949,6.26129]],[[-75.55235,6.26107],[-75.55239,6.26112],[-75.55241,6.26108],[-75.55235,6.26107]],[[-75.54952,6.26128],[-75.54958,6.26123],[-75.54953,6.26117],[-75.54952,6.26128]],[[-75.55027,6.26068],[-75.55032,6.26076],[-75.5504,6.26072],[-75.55027,6.26068]]],[[[-75.55229,6.23477],[-75.55153,6.23435],[-75.55147,6.23534],[-75.55238,6.23503],[-75.55259,6.23567],[-75.54916,6.2348],[-75.55099,6.23361],[-75.55066,6.23427],[-75.55137,6.23425],[-75.55113,6.23352],[-75.55172,6.23317],[-75.55175,6.23317],[-75.55229,6.23477]],[[-75.54999,6.23467],[-75.55004,6.23437],[-75.54993,6.23451],[-75.54999,6.23467]],[[-75.5517,6.23397],[-75.55182,6.23397],[-75.55175,6.23396],[-75.5517,6.23397]],[[-75.55186,6.23384],[-75.55188,6.23384],[-75.55188,6.23383],[-75.55186,6.23384]],[[-75.55235,6.23532],[-75.5523,6.23525],[-75.55228,6.23536],[-75.55235,6.23532]]],[[[-75.55207,6.30203],[-75.54949,6.30151],[-75.55092,6.30153],[-75.55021,6.30097],[-75.55137,6.3001],[-75.55207,6.30203]],[[-75.55085,6.30068],[-75.55094,6.30099],[-75.55129,6.30043],[-75.55085,6.30068]],[[-75.55094,6.30163],[-75.55185,6.30177],[-75.5513,6.30163],[-75.55094,6.30163]],[[-75.55121,6.30135],[-75.5511,6.30137],[-75.55126,6.30138],[-75.55121,6.30135]],[[-75.55139,6.30125],[-75.55142,6.30124],[-75.55141,6.3012],[-75.55139,6.30125]],[[-75.55149,6.30099],[-75.55155,6.30096],[-75.55154,6.30087],[-75.55149,6.30099]]],[[[-75.55316,6.20576],[-75.55302,6.20597],[-75.55001,6.20507],[-75.55303,6.20448],[-75.55375,6.20619],[-75.55316,6.20576]],[[-75.55203,6.20564],[-75.55206,6.20565],[-75.55207,6.20563],[-75.55203,6.20564]],[[-75.55236,6.20508],[-75.55233,6.20508],[-75.55233,6.2051],[-75.55236,6.20508]]],[[[-75.55226,6.29672],[-75.55205,6.29747],[-75.55145,6.29733],[-75.55173,6.29866],[-75.55092,6.29838],[-75.55167,6.29887],[-75.55139,6.29988],[-75.55094,6.29867],[-75.55043,6.29732],[-75.55226,6.29672]],[[-75.55099,6.29874],[-75.55105,6.29867],[-75.55094,6.29867],[-75.55099,6.29874]],[[-75.55073,6.2976],[-75.55092,6.29757],[-75.55081,6.29751],[-75.55073,6.2976]],[[-75.55081,6.29732],[-75.55099,6.2973],[-75.55086,6.29725],[-75.55081,6.29732]],[[-75.55096,6.29816],[-75.55097,6.29805],[-75.55089,6.29811],[-75.55096,6.29816]],[[-75.55118,6.29751],[-75.55095,6.2977],[-75.55124,6.29777],[-75.55118,6.29751]],[[-75.55125,6.29903],[-75.55117,6.29913],[-75.55125,6.29925],[-75.55125,6.29903]],[[-75.55138,6.29714],[-75.55135,6.29717],[-75.55138,6.29724],[-75.55138,6.29714]],[[-75.55146,6.29805],[-75.55153,6.29816],[-75.55153,6.29793],[-75.55146,6.29805]],[[-75.5515,6.29707],[-75.55152,6.297],[-75.55146,6.29703],[-75.5515,6.29707]],[[-75.55148,6.29898],[-75.55154,6.29909],[-75.55159,6.29891],[-75.55148,6.29898]],[[-75.55177,6.29732],[-75.5519,6.2974],[-75.55196,6.2973],[-75.55177,6.29732]],[[-75.55203,6.29714],[-75.55207,6.29719],[-75.55207,6.29713],[-75.55203,6.29714]]],[[[-75.55138,6.19995],[-75.55367,6.19406],[-75.55587,6.19722],[-75.55298,6.1966],[-75.55138,6.19995]],[[-75.55201,6.19847],[-75.55205,6.19851],[-75.55205,6.19849],[-75.55201,6.19847]],[[-75.55394,6.19614],[-75.55395,6.19614],[-75.55395,6.19613],[-75.55394,6.19614]],[[-75.55404,6.19601],[-75.55408,6.19606],[-75.55411,6.19601],[-75.55404,6.19601]],[[-75.5542,6.19628],[-75.55437,6.19629],[-75.55433,6.19619],[-75.5542,6.19628]]],[[[-75.55218,6.28939],[-75.55328,6.29081],[-75.55248,6.29089],[-75.55314,6.29133],[-75.55173,6.29165],[-75.55265,6.29119],[-75.55217,6.29078],[-75.55178,6.29081],[-75.55218,6.28939]],[[-75.55206,6.29039],[-75.55231,6.29038],[-75.55246,6.29024],[-75.55206,6.29039]],[[-75.55217,6.28958],[-75.55221,6.28956],[-75.55219,6.28953],[-75.55217,6.28958]],[[-75.55277,6.2904],[-75.55265,6.29037],[-75.55271,6.29046],[-75.55277,6.2904]]],[[[-75.55355,6.29679],[-75.55246,6.29634],[-75.55342,6.29523],[-75.55355,6.29679]],[[-75.55312,6.29647],[-75.55316,6.29648],[-75.55314,6.29641],[-75.55312,6.29647]],[[-75.5534,6.29636],[-75.5534,6.29626],[-75.55335,6.29633],[-75.5534,6.29636]]],[[[-75.55489,6.29987],[-75.5533,6.30005],[-75.55437,6.29832],[-75.55488,6.2996],[-75.55489,6.29987]],[[-75.55342,6.29998],[-75.5534,6.3],[-75.55342,6.30001],[-75.55342,6.29998]],[[-75.55375,6.29973],[-75.5539,6.29973],[-75.55384,6.29972],[-75.55375,6.29973]],[[-75.5539,6.2992],[-75.55395,6.29933],[-75.55423,6.29934],[-75.5539,6.2992]],[[-75.55413,6.29873],[-75.55421,6.29881],[-75.55423,6.29858],[-75.55413,6.29873]],[[-75.5544,6.2985],[-75.55436,6.29837],[-75.55433,6.29854],[-75.5544,6.2985]],[[-75.55433,6.29946],[-75.55436,6.29949],[-75.55437,6.29944],[-75.55433,6.29946]],[[-75.55451,6.29919],[-75.55451,6.29918],[-75.5545,6.29919],[-75.55451,6.29919]]],[[[-75.55383,6.25147],[-75.55508,6.25215],[-75.55338,6.25412],[-75.55383,6.25147]]],[[[-75.55625,6.19441],[-75.55394,6.19312],[-75.55569,6.19218],[-75.55625,6.19441]],[[-75.5553,6.19311],[-75.55512,6.19313],[-75.55526,6.19321],[-75.5553,6.19311]],[[-75.55528,6.19342],[-75.55529,6.19343],[-75.55529,6.1934],[-75.55528,6.19342]],[[-75.55554,6.19249],[-75.55556,6.19256],[-75.55557,6.19246],[-75.55554,6.19249]],[[-75.55556,6.19343],[-75.55563,6.19342],[-75.55558,6.19338],[-75.55556,6.19343]]],[[[-75.55922,6.19156],[-75.55406,6.19134],[-75.55597,6.18562],[-75.56071,6.18891],[-75.55922,6.19156]],[[-75.555,6.19046],[-75.55529,6.19044],[-75.5551,6.19033],[-75.555,6.19046]],[[-75.55541,6.18949],[-75.55543,6.18949],[-75.55542,6.18948],[-75.55541,6.18949]],[[-75.55566,6.18912],[-75.55549,6.18921],[-75.55573,6.18924],[-75.55566,6.18912]],[[-75.55566,6.18942],[-75.55562,6.18949],[-75.5557,6.1895],[-75.55566,6.18942]],[[-75.55575,6.18894],[-75.55581,6.18899],[-75.55582,6.18889],[-75.55575,6.18894]],[[-75.55582,6.18831],[-75.55585,6.18826],[-75.55582,6.18818],[-75.55582,6.18831]],[[-75.55594,6.18798],[-75.55586,6.18812],[-75.556,6.18816],[-75.55594,6.18798]],[[-75.55594,6.18848],[-75.55592,6.18856],[-75.55599,6.18856],[-75.55594,6.18848]],[[-75.55605,6.18841],[-75.55609,6.18842],[-75.5561,6.18839],[-75.55605,6.18841]],[[-75.55639,6.19087],[-75.55637,6.19083],[-75.55637,6.19098],[-75.55639,6.19087]],[[-75.5565,6.18986],[-75.55648,6.19001],[-75.55653,6.19003],[-75.5565,6.18986]],[[-75.55775,6.18909],[-75.55772,6.18879],[-75.55771,6.18923],[-75.55775,6.18909]],[[-75.55877,6.19056],[-75.55882,6.19057],[-75.55881,6.19054],[-75.55877,6.19056]]],[[[-75.55544,6.19991],[-75.55585,6.20184],[-75.55448,6.20115],[-75.55544,6.19991]]],[[[-75.5573,6.1852],[-75.5554,6.18308],[-75.557,6.18111],[-75.5573,6.1852]]],[[[-75.55587,6.20603],[-75.55722,6.20477],[-75.55739,6.20618],[-75.55587,6.20603]],[[-75.55697,6.20602],[-75.55695,6.20601],[-75.55694,6.20602],[-75.55697,6.20602]],[[-75.55703,6.20571],[-75.55696,6.20545],[-75.55694,6.20578],[-75.55703,6.20571]],[[-75.55711,6.2052],[-75.55708,6.2052],[-75.55709,6.20523],[-75.55711,6.2052]],[[-75.55722,6.20529],[-75.55718,6.20535],[-75.55725,6.20535],[-75.55722,6.20529]],[[-75.5572,6.20564],[-75.55724,6.20563],[-75.55722,6.20558],[-75.5572,6.20564]]],[[[-75.55863,6.27759],[-75.56013,6.2791],[-75.55743,6.27837],[-75.55818,6.27714],[-75.55853,6.27826],[-75.55863,6.27759]]],[[[-75.55746,6.28859],[-75.55987,6.2889],[-75.56054,6.29019],[-75.55746,6.28859]],[[-75.55868,6.289],[-75.55867,6.28899],[-75.55867,6.28901],[-75.55868,6.289]],[[-75.55899,6.28887],[-75.55894,6.28887],[-75.55894,6.28888],[-75.55899,6.28887]],[[-75.55922,6.28929],[-75.55923,6.28926],[-75.55922,6.28921],[-75.55922,6.28929]],[[-75.56001,6.28982],[-75.56004,6.28983],[-75.56004,6.28981],[-75.56001,6.28982]]],[[[-75.56125,6.17964],[-75.55849,6.17967],[-75.55865,6.17784],[-75.56074,6.17616],[-75.56125,6.17964]],[[-75.56065,6.17673],[-75.56071,6.17673],[-75.56068,6.17669],[-75.56065,6.17673]]],[[[-75.56027,6.18344],[-75.55899,6.18105],[-75.56082,6.18032],[-75.56027,6.18344]]],[[[-75.56043,6.227],[-75.56036,6.22664],[-75.56024,6.22612],[-75.55931,6.22613],[-75.56226,6.22264],[-75.56381,6.2261],[-75.56222,6.22611],[-75.56079,6.22612],[-75.56043,6.227]],[[-75.56046,6.22679],[-75.56053,6.22643],[-75.56036,6.22664],[-75.56046,6.22679]],[[-75.56257,6.22523],[-75.56134,6.22522],[-75.56222,6.22611],[-75.56257,6.22523]],[[-75.55972,6.22597],[-75.55973,6.22594],[-75.55971,6.22595],[-75.55972,6.22597]],[[-75.56068,6.22529],[-75.56073,6.22564],[-75.56082,6.22548],[-75.56068,6.22529]],[[-75.56076,6.22589],[-75.56077,6.22598],[-75.56083,6.22596],[-75.56076,6.22589]],[[-75.5618,6.22474],[-75.56176,6.22399],[-75.5612,6.22459],[-75.5618,6.22474]],[[-75.56283,6.22591],[-75.56279,6.22594],[-75.56284,6.22594],[-75.56283,6.22591]],[[-75.56328,6.22567],[-75.56323,6.22567],[-75.56325,6.22568],[-75.56328,6.22567]],[[-75.56351,6.22567],[-75.56349,6.22567],[-75.5635,6.22568],[-75.56351,6.22567]]],[[[-75.56099,6.19463],[-75.55967,6.19557],[-75.56047,6.19357],[-75.56156,6.19422],[-75.56099,6.19463]]],[[[-75.56376,6.21104],[-75.55967,6.21077],[-75.56008,6.20927],[-75.56376,6.21104]],[[-75.56062,6.20968],[-75.56046,6.20953],[-75.56039,6.20982],[-75.56062,6.20968]]],[[[-75.56268,6.20699],[-75.5602,6.20724],[-75.56234,6.20612],[-75.56268,6.20699]],[[-75.56141,6.20671],[-75.5616,6.20669],[-75.56152,6.20658],[-75.56141,6.20671]],[[-75.56196,6.20644],[-75.562,6.20643],[-75.56198,6.20641],[-75.56196,6.20644]]],[[[-75.56194,6.20047],[-75.56226,6.20032],[-75.56125,6.20155],[-75.56038,6.19987],[-75.56194,6.20047]],[[-75.5606,6.20005],[-75.561,6.20053],[-75.561,6.20033],[-75.5606,6.20005]],[[-75.56181,6.20059],[-75.56181,6.20057],[-75.5618,6.20059],[-75.56181,6.20059]]],[[[-75.56207,6.24223],[-75.56098,6.23975],[-75.5628,6.24156],[-75.56207,6.24223]],[[-75.56139,6.24034],[-75.56137,6.24028],[-75.56136,6.24034],[-75.56139,6.24034]],[[-75.56153,6.24042],[-75.56152,6.24043],[-75.56152,6.24048],[-75.56153,6.24042]],[[-75.56182,6.24099],[-75.56179,6.24083],[-75.56179,6.24099],[-75.56182,6.24099]],[[-75.56207,6.24209],[-75.5622,6.24208],[-75.56206,6.24208],[-75.56207,6.24209]]],[[[-75.5623,6.27851],[-75.56106,6.27845],[-75.56114,6.27596],[-75.5623,6.27851]],[[-75.56108,6.27842],[-75.5615,6.27844],[-75.56175,6.27815],[-75.56108,6.27842]],[[-75.56122,6.27782],[-75.56122,6.27776],[-75.5612,6.2778],[-75.56122,6.27782]],[[-75.56135,6.27749],[-75.56136,6.27745],[-75.56135,6.27743],[-75.56135,6.27749]],[[-75.56165,6.2772],[-75.56136,6.27717],[-75.56139,6.2773],[-75.56165,6.2772]]],[[[-75.56311,6.17958],[-75.56162,6.17633],[-75.56373,6.17953],[-75.56311,6.17958]]],[[[-75.5619,6.19697],[-75.56358,6.19746],[-75.56276,6.19898],[-75.5619,6.19697]],[[-75.5622,6.19747],[-75.56229,6.19747],[-75.56223,6.19738],[-75.5622,6.19747]]],[[[-75.56455,6.18027],[-75.56356,6.1823],[-75.56219,6.17967],[-75.56455,6.18027]],[[-75.56229,6.17971],[-75.5623,6.17972],[-75.5623,6.17971],[-75.56229,6.17971]],[[-75.56255,6.17984],[-75.56257,6.17987],[-75.56257,6.17985],[-75.56255,6.17984]],[[-75.56295,6.18079],[-75.56297,6.1808],[-75.56298,6.18079],[-75.56295,6.18079]]],[[[-75.56385,6.20316],[-75.56413,6.20385],[-75.56254,6.20228],[-75.56357,6.20099],[-75.56385,6.20316]]],[[[-75.56583,6.18818],[-75.56283,6.18578],[-75.56529,6.18307],[-75.56583,6.18818]],[[-75.56557,6.18757],[-75.56558,6.18755],[-75.56557,6.18752],[-75.56557,6.18757]]],[[[-75.56451,6.19439],[-75.56353,6.1935],[-75.56436,6.19185],[-75.56451,6.19439]]],[[[-75.56711,6.17707],[-75.56667,6.17928],[-75.56384,6.17952],[-75.56711,6.17707]]],[[[-75.56657,6.25212],[-75.56505,6.25116],[-75.56575,6.25005],[-75.56657,6.25212]]],[[[-75.56725,6.20599],[-75.56726,6.20602],[-75.56599,6.20466],[-75.56643,6.20356],[-75.56725,6.20599]],[[-75.56602,6.20465],[-75.56604,6.20465],[-75.56603,6.20464],[-75.56602,6.20465]],[[-75.56647,6.20491],[-75.56644,6.2049],[-75.56643,6.20491],[-75.56647,6.20491]],[[-75.56714,6.20573],[-75.56712,6.20572],[-75.56711,6.20573],[-75.56714,6.20573]]],[[[-75.56875,6.20289],[-75.56697,6.20316],[-75.56709,6.20218],[-75.56875,6.20289]]],[[[-75.56853,6.18408],[-75.5677,6.18392],[-75.56708,6.1829],[-75.56969,6.1839],[-75.56809,6.18456],[-75.56773,6.18398],[-75.56853,6.18408]],[[-75.56759,6.18334],[-75.56755,6.18335],[-75.56761,6.18337],[-75.56759,6.18334]],[[-75.568,6.18431],[-75.56801,6.18429],[-75.568,6.18427],[-75.568,6.18431]]],[[[-75.57553,6.18182],[-75.56838,6.18002],[-75.56757,6.17743],[-75.57553,6.18182]],[[-75.56843,6.17992],[-75.56839,6.17997],[-75.56855,6.17996],[-75.56843,6.17992]],[[-75.56882,6.18007],[-75.56879,6.1801],[-75.56886,6.18009],[-75.56882,6.18007]],[[-75.57043,6.18011],[-75.57043,6.18004],[-75.57041,6.18008],[-75.57043,6.18011]],[[-75.571,6.18061],[-75.57097,6.18066],[-75.57108,6.18062],[-75.571,6.18061]],[[-75.57124,6.18023],[-75.57142,6.18051],[-75.57127,6.18019],[-75.57124,6.18023]]],[[[-75.56801,6.19295],[-75.56913,6.19447],[-75.56762,6.19653],[-75.56801,6.19295]]],[[[-75.56948,6.18144],[-75.57032,6.18297],[-75.56773,6.18242],[-75.56773,6.18235],[-75.56947,6.18142],[-75.56948,6.18144]],[[-75.56929,6.18163],[-75.56938,6.18188],[-75.56948,6.18144],[-75.56929,6.18163]],[[-75.56825,6.18218],[-75.5684,6.18216],[-75.56841,6.18202],[-75.56825,6.18218]],[[-75.56825,6.1824],[-75.56842,6.1824],[-75.56826,6.18235],[-75.56825,6.1824]],[[-75.56915,6.18254],[-75.56894,6.18223],[-75.56908,6.18268],[-75.56915,6.18254]],[[-75.5699,6.18253],[-75.5694,6.18255],[-75.5703,6.18295],[-75.5699,6.18253]]],[[[-75.57301,6.19074],[-75.56828,6.1915],[-75.56998,6.18724],[-75.57606,6.19025],[-75.57301,6.19074]],[[-75.56922,6.18999],[-75.56979,6.19001],[-75.56914,6.18943],[-75.56922,6.18999]],[[-75.5736,6.18957],[-75.57024,6.18863],[-75.57274,6.18985],[-75.5736,6.18957]],[[-75.57026,6.19094],[-75.57033,6.19094],[-75.57031,6.19093],[-75.57026,6.19094]],[[-75.57113,6.19026],[-75.57127,6.19026],[-75.57124,6.19025],[-75.57113,6.19026]],[[-75.57275,6.1902],[-75.57265,6.19045],[-75.57281,6.19062],[-75.57275,6.1902]],[[-75.57292,6.19033],[-75.573,6.19043],[-75.57303,6.19024],[-75.57292,6.19033]],[[-75.57295,6.18984],[-75.57303,6.18985],[-75.57302,6.1898],[-75.57295,6.18984]],[[-75.57375,6.18968],[-75.57363,6.1897],[-75.57375,6.18974],[-75.57375,6.18968]]],[[[-75.56983,6.20911],[-75.56833,6.20871],[-75.56909,6.20743],[-75.56983,6.20911]]],[[[-75.57171,6.19501],[-75.56911,6.19678],[-75.57027,6.19403],[-75.57171,6.19501]]],[[[-75.57007,6.22421],[-75.57114,6.22578],[-75.57041,6.22537],[-75.57074,6.22602],[-75.56948,6.22562],[-75.57007,6.22421]]],[[[-75.57157,6.19827],[-75.56991,6.19731],[-75.57172,6.19593],[-75.57157,6.19827]]],[[[-75.57492,6.18508],[-75.57465,6.18675],[-75.57293,6.1851],[-75.57331,6.18469],[-75.57206,6.18427],[-75.57492,6.18508]],[[-75.57378,6.18486],[-75.57399,6.18483],[-75.57367,6.18482],[-75.57378,6.18486]],[[-75.57383,6.18565],[-75.57388,6.18564],[-75.57382,6.18564],[-75.57383,6.18565]],[[-75.57396,6.18589],[-75.57398,6.18591],[-75.57397,6.18575],[-75.57396,6.18589]],[[-75.57441,6.18647],[-75.57459,6.18594],[-75.57421,6.18576],[-75.57441,6.18647]],[[-75.57463,6.18511],[-75.57469,6.1851],[-75.57461,6.18509],[-75.57463,6.18511]]],[[[-75.57402,6.24515],[-75.57248,6.24462],[-75.57351,6.24352],[-75.57402,6.24515]],[[-75.57305,6.24449],[-75.57319,6.24449],[-75.57318,6.24435],[-75.57305,6.24449]]],[[[-75.57541,6.21818],[-75.57322,6.21805],[-75.57402,6.21735],[-75.57541,6.21818]]],[[[-75.57325,6.18391],[-75.57344,6.1834],[-75.57655,6.18455],[-75.57325,6.18391]],[[-75.57353,6.1839],[-75.57358,6.18388],[-75.57356,6.18382],[-75.57353,6.1839]],[[-75.57603,6.18441],[-75.576,6.1844],[-75.57599,6.18442],[-75.57603,6.18441]]],[[[-75.57574,6.18739],[-75.57572,6.18734],[-75.57558,6.18744],[-75.57654,6.18539],[-75.57724,6.18686],[-75.57574,6.18739]],[[-75.5766,6.1868],[-75.57641,6.18652],[-75.57633,6.18715],[-75.5766,6.1868]],[[-75.57654,6.18646],[-75.57661,6.18631],[-75.57655,6.18616],[-75.57654,6.18646]]],[[[-75.5789,6.18373],[-75.57757,6.18485],[-75.5776,6.18266],[-75.5789,6.18373]]],[[[-75.58002,6.18509],[-75.58062,6.18753],[-75.57884,6.18658],[-75.57994,6.18436],[-75.58002,6.18509]],[[-75.57898,6.18653],[-75.57894,6.18656],[-75.57897,6.18659],[-75.57898,6.18653]],[[-75.57923,6.18625],[-75.57932,6.1862],[-75.57918,6.18615],[-75.57923,6.18625]],[[-75.57931,6.1863],[-75.57968,6.18646],[-75.57962,6.18618],[-75.57931,6.1863]],[[-75.57991,6.18685],[-75.58013,6.18686],[-75.58002,6.18669],[-75.57991,6.18685]],[[-75.58039,6.18711],[-75.58034,6.18704],[-75.58033,6.18713],[-75.58039,6.18711]],[[-75.58051,6.18724],[-75.58047,6.18722],[-75.58047,6.18725],[-75.58051,6.18724]]],[[[-75.58113,6.30835],[-75.58221,6.30913],[-75.58164,6.30896],[-75.57958,6.30991],[-75.58113,6.30835]]],[[[-75.58134,6.20623],[-75.58064,6.20731],[-75.58019,6.20541],[-75.58134,6.20623]]],[[[-75.58301,6.30942],[-75.58272,6.30247],[-75.58406,6.30457],[-75.58301,6.30942]]],[[[-75.58424,6.30255],[-75.58413,6.30294],[-75.58458,6.29963],[-75.58668,6.29827],[-75.58424,6.30255]]],[[[-75.58877,6.29434],[-75.58657,6.2981],[-75.58683,6.29376],[-75.58877,6.29434]],[[-75.58715,6.2956],[-75.58719,6.29545],[-75.58712,6.29542],[-75.58715,6.2956]],[[-75.58742,6.29502],[-75.58738,6.29503],[-75.58741,6.29504],[-75.58742,6.29502]],[[-75.58829,6.29471],[-75.58829,6.29472],[-75.58849,6.29464],[-75.58829,6.29471]],[[-75.58829,6.29483],[-75.58832,6.29488],[-75.58829,6.29476],[-75.58829,6.29483]],[[-75.58857,6.29461],[-75.58858,6.29461],[-75.58867,6.29441],[-75.58857,6.29461]]],[[[-75.5883,6.29173],[-75.58736,6.29044],[-75.58836,6.28964],[-75.5883,6.29173]]],[[[-75.5956,6.28589],[-75.59664,6.28799],[-75.59781,6.28808],[-75.59969,6.28995],[-75.59811,6.29228],[-75.5956,6.28589]],[[-75.59737,6.28908],[-75.59822,6.28958],[-75.59743,6.28828],[-75.59737,6.28908]],[[-75.59789,6.29011],[-75.59785,6.2901],[-75.59783,6.29012],[-75.59789,6.29011]],[[-75.59802,6.29024],[-75.59799,6.2902],[-75.59797,6.29025],[-75.59802,6.29024]]],[[[-75.59871,6.20001],[-75.60498,6.20344],[-75.59582,6.20199],[-75.59692,6.199],[-75.59871,6.20001]]],[[[-75.59672,6.28305],[-75.60178,6.28688],[-75.60137,6.28749],[-75.59752,6.28674],[-75.59619,6.28265],[-75.59931,6.28074],[-75.60283,6.28666],[-75.59672,6.28305]],[[-75.59652,6.28325],[-75.59665,6.28321],[-75.59645,6.28319],[-75.59652,6.28325]],[[-75.59754,6.28184],[-75.59754,6.28189],[-75.59755,6.28186],[-75.59754,6.28184]],[[-75.59757,6.28661],[-75.59814,6.2865],[-75.5976,6.2859],[-75.59757,6.28661]],[[-75.59788,6.28566],[-75.59784,6.28562],[-75.59783,6.28571],[-75.59788,6.28566]],[[-75.59826,6.28251],[-75.59802,6.28252],[-75.59817,6.28263],[-75.59826,6.28251]],[[-75.59811,6.28535],[-75.59804,6.28546],[-75.59809,6.28554],[-75.59811,6.28535]],[[-75.59824,6.2851],[-75.59823,6.28509],[-75.59823,6.28512],[-75.59824,6.2851]],[[-75.59894,6.28618],[-75.59836,6.28589],[-75.59842,6.28628],[-75.59894,6.28618]],[[-75.5985,6.28185],[-75.59851,6.28184],[-75.5985,6.28184],[-75.5985,6.28185]],[[-75.59876,6.28171],[-75.5989,6.28162],[-75.59881,6.28155],[-75.59876,6.28171]],[[-75.59917,6.28145],[-75.59919,6.28144],[-75.59918,6.28142],[-75.59917,6.28145]],[[-75.5993,6.28158],[-75.59931,6.28155],[-75.59929,6.28155],[-75.5993,6.28158]],[[-75.59929,6.28195],[-75.5993,6.28227],[-75.59972,6.28237],[-75.59929,6.28195]],[[-75.59942,6.28143],[-75.59944,6.28143],[-75.59943,6.28142],[-75.59942,6.28143]],[[-75.59943,6.28116],[-75.59944,6.28117],[-75.59944,6.28115],[-75.59943,6.28116]]],[[[-75.59755,6.27739],[-75.59639,6.27762],[-75.59644,6.27614],[-75.59755,6.27739]]],[[[-75.59945,6.27796],[-75.59739,6.27629],[-75.5978,6.27531],[-75.59945,6.27796]]],[[[-75.60216,6.23629],[-75.60067,6.23697],[-75.60067,6.23545],[-75.60216,6.23629]]],[[[-75.60286,6.28195],[-75.60187,6.28181],[-75.6025,6.27931],[-75.6041,6.28057],[-75.60351,6.28149],[-75.60286,6.28195]],[[-75.60232,6.28156],[-75.60229,6.28151],[-75.60228,6.28161],[-75.60232,6.28156]],[[-75.6027,6.27953],[-75.60255,6.27951],[-75.60259,6.27954],[-75.6027,6.27953]],[[-75.60255,6.27993],[-75.60269,6.27993],[-75.60262,6.27985],[-75.60255,6.27993]],[[-75.60284,6.28164],[-75.60289,6.28156],[-75.60276,6.2816],[-75.60284,6.28164]],[[-75.60291,6.28183],[-75.60299,6.28183],[-75.60297,6.28181],[-75.60291,6.28183]],[[-75.60306,6.28129],[-75.60311,6.28127],[-75.60309,6.28115],[-75.60306,6.28129]]],[[[-75.60638,6.27789],[-75.60242,6.27832],[-75.60241,6.27681],[-75.60638,6.27789]]],[[[-75.60478,6.28159],[-75.60377,6.28568],[-75.60243,6.28462],[-75.60478,6.28159]],[[-75.60323,6.28462],[-75.6033,6.28425],[-75.60284,6.28413],[-75.60323,6.28462]],[[-75.6036,6.28462],[-75.60367,6.28483],[-75.60374,6.28467],[-75.6036,6.28462]]],[[[-75.60514,6.23397],[-75.60376,6.23355],[-75.60389,6.23218],[-75.60514,6.23397]]],[[[-75.60436,6.20408],[-75.60853,6.2049],[-75.60398,6.21037],[-75.60436,6.20408]],[[-75.60619,6.20538],[-75.6064,6.20584],[-75.6064,6.20517],[-75.60619,6.20538]],[[-75.60628,6.20454],[-75.60625,6.20451],[-75.60621,6.20452],[-75.60628,6.20454]],[[-75.60641,6.20486],[-75.60643,6.2048],[-75.60638,6.2048],[-75.60641,6.20486]],[[-75.60695,6.20529],[-75.60714,6.20509],[-75.60692,6.20505],[-75.60695,6.20529]]],[[[-75.6077,6.21009],[-75.60506,6.21024],[-75.60747,6.20916],[-75.6077,6.21009]]],[[[-75.60881,6.28171],[-75.60548,6.28083],[-75.60865,6.27963],[-75.60881,6.28171]],[[-75.60696,6.28046],[-75.60702,6.28053],[-75.607,6.28033],[-75.60696,6.28046]],[[-75.60725,6.28127],[-75.60731,6.28128],[-75.6073,6.28125],[-75.60725,6.28127]],[[-75.60759,6.281],[-75.60753,6.281],[-75.60756,6.28102],[-75.60759,6.281]],[[-75.60878,6.28166],[-75.60879,6.28168],[-75.60879,6.28162],[-75.60878,6.28166]]],[[[-75.60597,6.21733],[-75.61213,6.21889],[-75.61193,6.22117],[-75.60597,6.21733]],[[-75.61132,6.21929],[-75.6113,6.2193],[-75.61132,6.2193],[-75.61132,6.21929]]],[[[-75.60693,6.28175],[-75.60957,6.2823],[-75.60729,6.28387],[-75.60762,6.282],[-75.60693,6.28175]],[[-75.60777,6.28235],[-75.60771,6.28232],[-75.60771,6.28237],[-75.60777,6.28235]],[[-75.60807,6.28211],[-75.60785,6.28201],[-75.6078,6.28222],[-75.60807,6.28211]],[[-75.60804,6.28316],[-75.60798,6.28314],[-75.60798,6.28319],[-75.60804,6.28316]],[[-75.60824,6.28203],[-75.60816,6.28216],[-75.60824,6.28225],[-75.60824,6.28203]]],[[[-75.60954,6.23873],[-75.60824,6.23731],[-75.60916,6.23569],[-75.60954,6.23873]]],[[[-75.61113,6.23993],[-75.60994,6.24144],[-75.60936,6.23962],[-75.611,6.23983],[-75.61027,6.23923],[-75.61025,6.23563],[-75.61808,6.24134],[-75.61588,6.24383],[-75.61113,6.23993]],[[-75.61196,6.2387],[-75.61234,6.23945],[-75.61221,6.23916],[-75.61196,6.2387]],[[-75.61348,6.23959],[-75.61359,6.23977],[-75.61354,6.23945],[-75.61348,6.23959]],[[-75.61396,6.2404],[-75.614,6.24042],[-75.61408,6.2404],[-75.61396,6.2404]],[[-75.61454,6.24038],[-75.61429,6.24039],[-75.61479,6.2404],[-75.61454,6.24038]],[[-75.61572,6.24158],[-75.61574,6.24159],[-75.61587,6.24153],[-75.61572,6.24158]],[[-75.61672,6.24122],[-75.61647,6.24131],[-75.61676,6.24122],[-75.61672,6.24122]],[[-75.61664,6.24198],[-75.61662,6.2418],[-75.61661,6.24186],[-75.61664,6.24198]],[[-75.61667,6.24163],[-75.61663,6.24175],[-75.61671,6.24159],[-75.61667,6.24163]],[[-75.61695,6.24105],[-75.61695,6.24106],[-75.61696,6.24106],[-75.61695,6.24105]],[[-75.61757,6.24133],[-75.61762,6.24129],[-75.6176,6.24129],[-75.61757,6.24133]],[[-75.61766,6.24128],[-75.61783,6.24134],[-75.61768,6.24128],[-75.61766,6.24128]]],[[[-75.61415,6.25318],[-75.61291,6.25359],[-75.61412,6.25169],[-75.61415,6.25318]]],[[[-75.6166,6.23664],[-75.61366,6.23656],[-75.61353,6.23366],[-75.6166,6.23664]]],[[[-75.61852,6.24591],[-75.6176,6.24833],[-75.61736,6.24572],[-75.61852,6.24591]]],[[[-75.62296,6.27327],[-75.61988,6.27053],[-75.61919,6.27162],[-75.61978,6.27044],[-75.61822,6.26905],[-75.62231,6.26736],[-75.62163,6.27032],[-75.6257,6.27077],[-75.62296,6.27327]],[[-75.62286,6.27128],[-75.62302,6.27106],[-75.62284,6.27089],[-75.62286,6.27128]],[[-75.62435,6.27161],[-75.62436,6.27157],[-75.62434,6.27158],[-75.62435,6.27161]],[[-75.62489,6.27146],[-75.62519,6.27104],[-75.62489,6.27126],[-75.62489,6.27146]]],[[[-75.62841,6.22364],[-75.63017,6.2245],[-75.6273,6.2243],[-75.62841,6.22364]]],[[[-75.6277,6.26341],[-75.62964,6.26711],[-75.62863,6.2689],[-75.6277,6.26341]],[[-75.62894,6.2677],[-75.6293,6.26765],[-75.62894,6.26751],[-75.62894,6.2677]]],[[[-75.62776,6.27864],[-75.62914,6.27561],[-75.63046,6.27788],[-75.62776,6.27864]],[[-75.62933,6.27754],[-75.62951,6.27773],[-75.62949,6.27719],[-75.62933,6.27754]]],[[[-75.63059,6.25711],[-75.63204,6.25847],[-75.62807,6.2606],[-75.63059,6.25711]]],[[[-75.63034,6.25695],[-75.6285,6.25708],[-75.62904,6.25554],[-75.63034,6.25695]]],[[[-75.63202,6.25444],[-75.63022,6.25544],[-75.63116,6.25235],[-75.63202,6.25444]]],[[[-75.63182,6.27347],[-75.63031,6.27388],[-75.63075,6.27262],[-75.63182,6.27347]]],[[[-75.63331,6.22276],[-75.63328,6.22189],[-75.63307,6.22289],[-75.63213,6.22338],[-75.63328,6.22162],[-75.63464,6.22206],[-75.63331,6.22276]]],[[[-75.63374,6.27557],[-75.63588,6.27685],[-75.63316,6.27701],[-75.63374,6.27557]]],[[[-75.63517,6.17532],[-75.63949,6.18059],[-75.6399,6.18693],[-75.63517,6.17532]]],[[[-75.63595,6.17531],[-75.6377,6.17382],[-75.63792,6.17506],[-75.63595,6.17531]],[[-75.63712,6.17476],[-75.63729,6.17476],[-75.63721,6.17474],[-75.63712,6.17476]],[[-75.63775,6.17489],[-75.63758,6.17461],[-75.63737,6.17507],[-75.63775,6.17489]],[[-75.63787,6.17494],[-75.63779,6.17501],[-75.63787,6.17506],[-75.63787,6.17494]]],[[[-75.63999,6.17615],[-75.63829,6.17705],[-75.63973,6.17506],[-75.63999,6.17615]]],[[[-75.6398,6.27815],[-75.64162,6.27846],[-75.63955,6.27901],[-75.6398,6.27815]]],[[[-75.6402,6.18138],[-75.64045,6.17868],[-75.64045,6.17864],[-75.64129,6.17859],[-75.64656,6.17826],[-75.64986,6.17861],[-75.64121,6.18117],[-75.65445,6.18275],[-75.6402,6.18138]],[[-75.64047,6.17872],[-75.64048,6.17866],[-75.64045,6.17868],[-75.64047,6.17872]],[[-75.64121,6.17865],[-75.64135,6.17869],[-75.64129,6.17859],[-75.64121,6.17865]],[[-75.64035,6.18118],[-75.64042,6.18112],[-75.64036,6.18108],[-75.64035,6.18118]],[[-75.64108,6.18095],[-75.64058,6.18095],[-75.64088,6.18139],[-75.64108,6.18095]],[[-75.64114,6.18015],[-75.64115,6.18017],[-75.64115,6.18013],[-75.64114,6.18015]],[[-75.64118,6.17941],[-75.6414,6.17932],[-75.64126,6.17912],[-75.64118,6.17941]],[[-75.6418,6.17953],[-75.64186,6.1795],[-75.64177,6.17946],[-75.6418,6.17953]],[[-75.64399,6.17888],[-75.64387,6.17876],[-75.64382,6.17898],[-75.64399,6.17888]],[[-75.64427,6.17867],[-75.64427,6.17866],[-75.64425,6.17866],[-75.64427,6.17867]]],[[[-75.64293,6.28426],[-75.64087,6.28416],[-75.64082,6.28336],[-75.64293,6.28426]]],[[[-75.64235,6.17313],[-75.6436,6.17409],[-75.64098,6.17474],[-75.64235,6.17313]],[[-75.64169,6.17446],[-75.64165,6.17446],[-75.64167,6.17447],[-75.64169,6.17446]],[[-75.64324,6.17392],[-75.64222,6.17362],[-75.64203,6.17422],[-75.64324,6.17392]],[[-75.64328,6.17405],[-75.64346,6.17405],[-75.64334,6.174],[-75.64328,6.17405]]],[[[-75.64111,6.17527],[-75.6425,6.17481],[-75.64248,6.17491],[-75.64148,6.17696],[-75.64111,6.17527]]],[[[-75.64898,6.17241],[-75.64215,6.17234],[-75.64771,6.17165],[-75.64739,6.17077],[-75.64907,6.17027],[-75.64898,6.17241]],[[-75.64465,6.17231],[-75.64469,6.17231],[-75.64465,6.17223],[-75.64465,6.17231]],[[-75.64811,6.17149],[-75.64835,6.17149],[-75.64822,6.17135],[-75.64811,6.17149]]],[[[-75.64322,6.18776],[-75.64975,6.18861],[-75.6459,6.18905],[-75.64322,6.18776]],[[-75.64623,6.18854],[-75.64572,6.18882],[-75.64595,6.18889],[-75.64623,6.18854]],[[-75.6469,6.18883],[-75.64687,6.1888],[-75.64687,6.18888],[-75.6469,6.18883]],[[-75.64709,6.18855],[-75.64701,6.18846],[-75.647,6.18863],[-75.64709,6.18855]]],[[[-75.64497,6.1757],[-75.64474,6.17786],[-75.65336,6.17859],[-75.64439,6.17798],[-75.64497,6.1757]]],[[[-75.64785,6.17522],[-75.64654,6.17387],[-75.64793,6.17376],[-75.64639,6.17371],[-75.64574,6.17304],[-75.65023,6.17421],[-75.6483,6.17396],[-75.64892,6.17552],[-75.65214,6.17471],[-75.64901,6.17554],[-75.65296,6.17662],[-75.64833,6.17572],[-75.64793,6.17531],[-75.64729,6.17514],[-75.64726,6.17528],[-75.64696,6.1754],[-75.64724,6.17506],[-75.64785,6.17522]],[[-75.64664,6.17351],[-75.64668,6.17357],[-75.64669,6.17348],[-75.64664,6.17351]],[[-75.64694,6.17358],[-75.64703,6.17352],[-75.64689,6.17348],[-75.64694,6.17358]],[[-75.64817,6.17424],[-75.64825,6.17418],[-75.64819,6.17411],[-75.64817,6.17424]],[[-75.64848,6.17567],[-75.64884,6.17555],[-75.64846,6.17545],[-75.64848,6.17567]]],[[[-75.64847,6.18408],[-75.64986,6.18332],[-75.65072,6.18469],[-75.64847,6.18408]]],[[[-75.6506,6.17345],[-75.64945,6.17323],[-75.65016,6.17165],[-75.6506,6.17345]],[[-75.65023,6.17335],[-75.6502,6.17331],[-75.65015,6.17335],[-75.65023,6.17335]]],[[[-75.65548,6.189],[-75.65099,6.18791],[-75.65409,6.18804],[-75.65383,6.18738],[-75.65548,6.189]]],[[[-75.65722,6.18273],[-75.6571,6.18283],[-75.65802,6.18136],[-75.66094,6.18186],[-75.65722,6.18273]],[[-75.65764,6.18244],[-75.65767,6.18244],[-75.65767,6.18241],[-75.65764,6.18244]],[[-75.65796,6.18201],[-75.65798,6.18198],[-75.65788,6.18199],[-75.65796,6.18201]],[[-75.65791,6.18203],[-75.65792,6.18205],[-75.65794,6.18203],[-75.65791,6.18203]],[[-75.65813,6.18244],[-75.65811,6.18237],[-75.65809,6.18238],[-75.65813,6.18244]]],[[[-75.66302,6.18829],[-75.6594,6.18848],[-75.66104,6.18705],[-75.66302,6.18829]]],[[[-75.66036,6.18409],[-75.66069,6.18571],[-75.65944,6.18515],[-75.65945,6.18513],[-75.65949,6.18512],[-75.65946,6.18511],[-75.66024,6.18348],[-75.66012,6.18382],[-75.66036,6.18409]],[[-75.66001,6.18443],[-75.65996,6.18444],[-75.65998,6.18446],[-75.66001,6.18443]],[[-75.66018,6.18459],[-75.66015,6.18456],[-75.66013,6.18463],[-75.66018,6.18459]]]]}},{"type":"Feature","properties":{"iso":50,"rango_db":"50.0-55.0","ha":969.1},"geometry":{"type":"MultiPolygon","coordinates":[[[[-75.53466,6.23282],[-75.53343,6.23225],[-75.53397,6.23291],[-75.5329,6.23306],[-75.53406,6.23374],[-75.53245,6.23312],[-75.52813,6.23431],[-75.53503,6.23432],[-75.53194,6.23694],[-75.52801,6.23432],[-75.52905,6.23358],[-75.52593,6.23401],[-75.53181,6.23745],[-75.53368,6.23662],[-75.53154,6.23784],[-75.52522,6.23411],[-75.53114,6.2306],[-75.53321,6.23134],[-75.53276,6.23076],[-75.53589,6.2323],[-75.53466,6.23282]],[[-75.53115,6.23067],[-75.53116,6.23064],[-75.53113,6.23065],[-75.53115,6.23067]],[[-75.5317,6.23088],[-75.53133,6.23078],[-75.53163,6.23102],[-75.5317,6.23088]],[[-75.53134,6.23176],[-75.53145,6.2318],[-75.53148,6.23168],[-75.53134,6.23176]],[[-75.53169,6.23153],[-75.53148,6.23159],[-75.53163,6.23166],[-75.53169,6.23153]],[[-75.53149,6.23662],[-75.53191,6.23691],[-75.53203,6.23599],[-75.53149,6.23662]],[[-75.53153,6.23186],[-75.53157,6.23186],[-75.53156,6.23183],[-75.53153,6.23186]],[[-75.53198,6.23104],[-75.5319,6.23103],[-75.53194,6.23112],[-75.53198,6.23104]],[[-75.53191,6.23172],[-75.53201,6.23184],[-75.53225,6.23184],[-75.53191,6.23172]],[[-75.53258,6.23147],[-75.53222,6.23131],[-75.53236,6.23166],[-75.53258,6.23147]],[[-75.5323,6.23199],[-75.53235,6.23205],[-75.53237,6.23194],[-75.5323,6.23199]],[[-75.53249,6.23227],[-75.5325,6.23227],[-75.5325,6.23226],[-75.53249,6.23227]],[[-75.53274,6.23244],[-75.53284,6.2324],[-75.53277,6.23234],[-75.53274,6.23244]],[[-75.53287,6.23208],[-75.53276,6.23193],[-75.53278,6.23218],[-75.53287,6.23208]],[[-75.53291,6.232],[-75.53292,6.23199],[-75.53291,6.23198],[-75.53291,6.232]],[[-75.53303,6.23178],[-75.5331,6.23173],[-75.53305,6.23169],[-75.53303,6.23178]],[[-75.53314,6.2316],[-75.53317,6.23165],[-75.53318,6.23157],[-75.53314,6.2316]],[[-75.53317,6.23105],[-75.53318,6.23105],[-75.53318,6.23104],[-75.53317,6.23105]],[[-75.5333,6.23183],[-75.5332,6.23197],[-75.5333,6.23218],[-75.5333,6.23183]],[[-75.53346,6.23117],[-75.53328,6.23113],[-75.53329,6.23129],[-75.53346,6.23117]],[[-75.53442,6.23244],[-75.53446,6.23221],[-75.53422,6.23219],[-75.53442,6.23244]]],[[[-75.52945,6.22993],[-75.52884,6.23096],[-75.52697,6.23061],[-75.53184,6.22734],[-75.53208,6.22765],[-75.52978,6.22988],[-75.53223,6.22921],[-75.53209,6.22766],[-75.53369,6.2297],[-75.5326,6.22939],[-75.53444,6.23065],[-75.52945,6.22993]],[[-75.52813,6.23038],[-75.52816,6.23044],[-75.52817,6.23035],[-75.52813,6.23038]],[[-75.52856,6.23047],[-75.52826,6.23079],[-75.52865,6.23068],[-75.52856,6.23047]],[[-75.52925,6.23024],[-75.52883,6.23036],[-75.52884,6.23059],[-75.52925,6.23024]],[[-75.53186,6.22766],[-75.53182,6.22765],[-75.53181,6.22766],[-75.53186,6.22766]],[[-75.53226,6.22955],[-75.53223,6.2295],[-75.53221,6.22957],[-75.53226,6.22955]],[[-75.53249,6.22833],[-75.53248,6.22837],[-75.53249,6.22837],[-75.53249,6.22833]],[[-75.53372,6.23025],[-75.53374,6.23022],[-75.53372,6.23019],[-75.53372,6.23025]]],[[[-75.53875,6.26882],[-75.53717,6.26999],[-75.53762,6.27136],[-75.53653,6.27036],[-75.53753,6.26967],[-75.536,6.26957],[-75.53694,6.2725],[-75.53499,6.26983],[-75.535,6.26645],[-75.53561,6.26834],[-75.53557,6.26656],[-75.53912,6.26669],[-75.53599,6.26936],[-75.53875,6.26882]],[[-75.53572,6.26955],[-75.5357,6.26957],[-75.53578,6.26956],[-75.53572,6.26955]],[[-75.53594,6.27023],[-75.53598,6.27028],[-75.53599,6.2702],[-75.53594,6.27023]],[[-75.53662,6.27037],[-75.53673,6.27037],[-75.53668,6.27032],[-75.53662,6.27037]],[[-75.53681,6.27054],[-75.53702,6.2705],[-75.53684,6.27042],[-75.53681,6.27054]]],[[[-75.53824,6.29709],[-75.54015,6.29562],[-75.54022,6.29625],[-75.53602,6.29829],[-75.53824,6.29709]]],[[[-75.53838,6.27914],[-75.53621,6.27676],[-75.53705,6.27622],[-75.53838,6.27914]]],[[[-75.53851,6.26974],[-75.5386,6.26939],[-75.54186,6.26942],[-75.54219,6.26361],[-75.54308,6.27087],[-75.54061,6.2741],[-75.53966,6.27453],[-75.53686,6.27278],[-75.53929,6.27187],[-75.54019,6.27261],[-75.54201,6.26993],[-75.53851,6.26974]],[[-75.53751,6.27279],[-75.53749,6.27282],[-75.53755,6.2728],[-75.53751,6.27279]],[[-75.53913,6.27291],[-75.53907,6.27293],[-75.5392,6.27293],[-75.53913,6.27291]],[[-75.53953,6.27398],[-75.53952,6.27402],[-75.53967,6.27415],[-75.53953,6.27398]],[[-75.53966,6.27264],[-75.53966,6.27267],[-75.53968,6.27265],[-75.53966,6.27264]],[[-75.53979,6.26953],[-75.53976,6.26954],[-75.53978,6.26957],[-75.53979,6.26953]],[[-75.53993,6.27331],[-75.53992,6.27333],[-75.53993,6.27334],[-75.53993,6.27331]],[[-75.54197,6.26959],[-75.54209,6.26969],[-75.54217,6.26954],[-75.54197,6.26959]],[[-75.54227,6.2666],[-75.54218,6.26651],[-75.54213,6.26667],[-75.54227,6.2666]],[[-75.54217,6.26986],[-75.54227,6.26975],[-75.54216,6.26976],[-75.54217,6.26986]],[[-75.54222,6.26871],[-75.54221,6.26871],[-75.54222,6.26872],[-75.54222,6.26871]]],[[[-75.5371,6.23063],[-75.53688,6.22772],[-75.54023,6.2308],[-75.54152,6.22497],[-75.54026,6.23105],[-75.5371,6.23063]],[[-75.53737,6.23054],[-75.53738,6.23035],[-75.53735,6.23038],[-75.53737,6.23054]],[[-75.53874,6.23006],[-75.53797,6.23],[-75.53795,6.23024],[-75.53874,6.23006]]],[[[-75.54012,6.23184],[-75.53758,6.23272],[-75.53696,6.23126],[-75.54012,6.23184]],[[-75.53784,6.2321],[-75.53775,6.2321],[-75.53778,6.23218],[-75.53784,6.2321]],[[-75.53796,6.23159],[-75.53793,6.23153],[-75.53792,6.23154],[-75.53796,6.23159]]],[[[-75.53901,6.23713],[-75.53821,6.23702],[-75.53975,6.24282],[-75.53699,6.23515],[-75.53764,6.23486],[-75.53803,6.23572],[-75.53803,6.23672],[-75.53901,6.23713]],[[-75.5379,6.23584],[-75.53779,6.23577],[-75.53779,6.23594],[-75.5379,6.23584]]],[[[-75.53701,6.29427],[-75.53744,6.28294],[-75.53907,6.28092],[-75.53701,6.29427]],[[-75.53753,6.28987],[-75.53754,6.28988],[-75.53754,6.28985],[-75.53753,6.28987]],[[-75.5379,6.28744],[-75.53789,6.2876],[-75.53805,6.2874],[-75.5379,6.28744]],[[-75.53812,6.28554],[-75.5382,6.28556],[-75.53821,6.28552],[-75.53812,6.28554]],[[-75.53854,6.28311],[-75.53825,6.28274],[-75.53852,6.28353],[-75.53854,6.28311]],[[-75.53838,6.28269],[-75.53861,6.2827],[-75.53849,6.28262],[-75.53838,6.28269]]],[[[-75.53706,6.29728],[-75.53862,6.2951],[-75.53885,6.2961],[-75.53802,6.29667],[-75.53706,6.29728]],[[-75.53797,6.29647],[-75.53803,6.2964],[-75.53797,6.29635],[-75.53797,6.29647]],[[-75.53812,6.29658],[-75.53812,6.29649],[-75.53804,6.29652],[-75.53812,6.29658]],[[-75.53837,6.2964],[-75.53838,6.29639],[-75.53837,6.29638],[-75.53837,6.2964]]],[[[-75.53753,6.2566],[-75.54158,6.25433],[-75.54159,6.25483],[-75.53753,6.2566]]],[[[-75.53879,6.2775],[-75.54064,6.27775],[-75.5379,6.27781],[-75.54328,6.27248],[-75.54348,6.27415],[-75.54483,6.27517],[-75.54619,6.27434],[-75.54545,6.27643],[-75.54577,6.27753],[-75.54538,6.27662],[-75.54465,6.27868],[-75.54262,6.27393],[-75.53879,6.2775]],[[-75.53886,6.27725],[-75.53857,6.27741],[-75.53873,6.27742],[-75.53886,6.27725]],[[-75.544,6.2752],[-75.54413,6.27535],[-75.54417,6.27535],[-75.544,6.2752]],[[-75.54413,6.2748],[-75.54412,6.27481],[-75.54413,6.27482],[-75.54413,6.2748]],[[-75.54468,6.2767],[-75.54469,6.27726],[-75.5447,6.27722],[-75.54468,6.2767]],[[-75.54496,6.27736],[-75.54492,6.27739],[-75.54495,6.27743],[-75.54496,6.27736]],[[-75.54523,6.27656],[-75.54522,6.27656],[-75.54523,6.27659],[-75.54523,6.27656]],[[-75.54555,6.27546],[-75.54555,6.27549],[-75.54557,6.27548],[-75.54555,6.27546]],[[-75.54561,6.27519],[-75.5456,6.27517],[-75.54559,6.27522],[-75.54561,6.27519]],[[-75.54572,6.27543],[-75.54563,6.27524],[-75.54563,6.27546],[-75.54572,6.27543]]],[[[-75.53909,6.24824],[-75.53955,6.24847],[-75.53863,6.24803],[-75.54053,6.24443],[-75.54084,6.24732],[-75.53909,6.24824]],[[-75.54012,6.24689],[-75.54028,6.24689],[-75.54023,6.24687],[-75.54012,6.24689]]],[[[-75.53888,6.29232],[-75.53877,6.28587],[-75.5402,6.29187],[-75.53935,6.29342],[-75.53888,6.29232]],[[-75.53903,6.29179],[-75.5391,6.29178],[-75.53905,6.29174],[-75.53903,6.29179]]],[[[-75.54101,6.24803],[-75.54054,6.24889],[-75.54183,6.24948],[-75.53898,6.24933],[-75.54101,6.24803]]],[[[-75.54008,6.28118],[-75.53909,6.28316],[-75.54077,6.27777],[-75.54008,6.28118]]],[[[-75.53912,6.2944],[-75.54051,6.29247],[-75.54118,6.29413],[-75.53912,6.2944]],[[-75.54014,6.29342],[-75.54023,6.29332],[-75.54014,6.29321],[-75.54014,6.29342]],[[-75.54091,6.29378],[-75.54091,6.29385],[-75.54098,6.29384],[-75.54091,6.29378]]],[[[-75.53959,6.23951],[-75.54071,6.23888],[-75.54079,6.2376],[-75.54224,6.24035],[-75.53913,6.23945],[-75.54077,6.23755],[-75.53959,6.23951]],[[-75.53997,6.23953],[-75.53997,6.23959],[-75.53999,6.23952],[-75.53997,6.23953]],[[-75.54038,6.23966],[-75.54038,6.2397],[-75.54039,6.23965],[-75.54038,6.23966]],[[-75.54065,6.2396],[-75.54063,6.23952],[-75.5406,6.23958],[-75.54065,6.2396]],[[-75.54068,6.2396],[-75.54067,6.23961],[-75.54068,6.23961],[-75.54068,6.2396]],[[-75.54079,6.23974],[-75.54076,6.23965],[-75.54074,6.23973],[-75.54079,6.23974]],[[-75.54156,6.23943],[-75.54172,6.23952],[-75.54168,6.23938],[-75.54156,6.23943]]],[[[-75.54051,6.24229],[-75.54125,6.24161],[-75.53918,6.23974],[-75.54231,6.24177],[-75.54051,6.24229]],[[-75.54195,6.24158],[-75.54189,6.24154],[-75.54187,6.2416],[-75.54195,6.24158]]],[[[-75.54013,6.28568],[-75.5396,6.28626],[-75.54091,6.28226],[-75.53962,6.28593],[-75.54244,6.27712],[-75.54152,6.2821],[-75.54262,6.28438],[-75.54417,6.28225],[-75.54395,6.28828],[-75.54365,6.28436],[-75.54074,6.28659],[-75.54013,6.28568]],[[-75.54079,6.28633],[-75.54087,6.2863],[-75.54075,6.28632],[-75.54079,6.28633]],[[-75.54106,6.28623],[-75.54124,6.28606],[-75.541,6.28625],[-75.54106,6.28623]],[[-75.54156,6.28377],[-75.54158,6.28381],[-75.54159,6.28376],[-75.54156,6.28377]],[[-75.54267,6.28455],[-75.54248,6.28455],[-75.54257,6.28466],[-75.54267,6.28455]]],[[[-75.54155,6.29469],[-75.54234,6.29496],[-75.54314,6.29681],[-75.5431,6.29035],[-75.54384,6.29277],[-75.54338,6.30155],[-75.54403,6.30095],[-75.54336,6.30193],[-75.54577,6.30393],[-75.54008,6.30221],[-75.54112,6.30196],[-75.54317,6.30179],[-75.54352,6.29868],[-75.54267,6.29721],[-75.54284,6.29701],[-75.54155,6.29469]],[[-75.54013,6.30221],[-75.54017,6.30221],[-75.54015,6.3022],[-75.54013,6.30221]],[[-75.54064,6.30235],[-75.54076,6.30235],[-75.54069,6.30234],[-75.54064,6.30235]],[[-75.54149,6.30221],[-75.54152,6.30221],[-75.5415,6.3022],[-75.54149,6.30221]],[[-75.54233,6.29501],[-75.5417,6.29488],[-75.54195,6.29509],[-75.54233,6.29501]],[[-75.54283,6.29706],[-75.54284,6.29709],[-75.54285,6.29704],[-75.54283,6.29706]],[[-75.54291,6.29732],[-75.54286,6.29725],[-75.54284,6.29736],[-75.54291,6.29732]],[[-75.54319,6.29155],[-75.54329,6.29154],[-75.54319,6.29144],[-75.54319,6.29155]],[[-75.5432,6.29768],[-75.54337,6.29788],[-75.54336,6.29782],[-75.5432,6.29768]],[[-75.54324,6.29651],[-75.54324,6.29653],[-75.54327,6.2965],[-75.54324,6.29651]],[[-75.54354,6.29493],[-75.54353,6.29466],[-75.54332,6.29468],[-75.54354,6.29493]],[[-75.54338,6.29723],[-75.54343,6.29719],[-75.54338,6.29713],[-75.54338,6.29723]]],[[[-75.54347,6.2379],[-75.54342,6.23803],[-75.54049,6.23715],[-75.5416,6.23685],[-75.54347,6.2379]],[[-75.54077,6.23712],[-75.54078,6.23713],[-75.54078,6.23712],[-75.54077,6.23712]],[[-75.54091,6.23724],[-75.54091,6.23726],[-75.54093,6.23725],[-75.54091,6.23724]],[[-75.54183,6.23739],[-75.54233,6.2374],[-75.54216,6.23719],[-75.54183,6.23739]]],[[[-75.54118,6.2276],[-75.54278,6.22731],[-75.54143,6.22996],[-75.54112,6.22761],[-75.54118,6.2276]],[[-75.54117,6.22769],[-75.54124,6.22764],[-75.54118,6.2276],[-75.54117,6.22769]],[[-75.54128,6.22784],[-75.54127,6.22794],[-75.54135,6.22785],[-75.54128,6.22784]],[[-75.54234,6.22801],[-75.54238,6.22805],[-75.54238,6.22789],[-75.54234,6.22801]]],[[[-75.54126,6.28901],[-75.54165,6.28765],[-75.54129,6.28897],[-75.54261,6.28838],[-75.54192,6.28683],[-75.5439,6.28962],[-75.54292,6.28868],[-75.54126,6.28901]],[[-75.54261,6.28851],[-75.54281,6.28857],[-75.54266,6.28843],[-75.54261,6.28851]],[[-75.54279,6.28852],[-75.54269,6.28837],[-75.54266,6.28842],[-75.54266,6.28843],[-75.54279,6.28852]]],[[[-75.54214,6.24982],[-75.54427,6.24921],[-75.54252,6.25165],[-75.54214,6.24982]],[[-75.54392,6.24946],[-75.54216,6.24987],[-75.54315,6.25032],[-75.54392,6.24946]],[[-75.54271,6.25123],[-75.54288,6.25091],[-75.54254,6.2507],[-75.54271,6.25123]]],[[[-75.54668,6.24824],[-75.54406,6.24912],[-75.54564,6.24809],[-75.54477,6.2473],[-75.54553,6.24603],[-75.54668,6.24824]],[[-75.54578,6.24821],[-75.54589,6.24823],[-75.54583,6.2481],[-75.54578,6.24821]],[[-75.54596,6.24838],[-75.546,6.24835],[-75.54597,6.24828],[-75.54596,6.24838]]],[[[-75.54417,6.29171],[-75.54484,6.29064],[-75.54622,6.29208],[-75.54417,6.29171]]],[[[-75.54532,6.25222],[-75.54609,6.25179],[-75.54574,6.251],[-75.54626,6.25133],[-75.54618,6.25174],[-75.54908,6.25011],[-75.5503,6.25115],[-75.54433,6.25368],[-75.54448,6.25319],[-75.54532,6.25222]],[[-75.54542,6.25243],[-75.54543,6.25244],[-75.54543,6.25242],[-75.54542,6.25243]],[[-75.54595,6.25133],[-75.5461,6.25135],[-75.54599,6.25118],[-75.54595,6.25133]],[[-75.54615,6.25162],[-75.54611,6.25155],[-75.5461,6.25171],[-75.54615,6.25162]],[[-75.54623,6.25144],[-75.54619,6.25148],[-75.54622,6.25151],[-75.54623,6.25144]],[[-75.54759,6.25127],[-75.54761,6.2512],[-75.54755,6.25125],[-75.54759,6.25127]],[[-75.54789,6.25133],[-75.54766,6.25133],[-75.54776,6.25144],[-75.54789,6.25133]],[[-75.54802,6.25205],[-75.54801,6.25188],[-75.54786,6.25173],[-75.54802,6.25205]],[[-75.54801,6.25161],[-75.54792,6.25162],[-75.54798,6.25166],[-75.54801,6.25161]],[[-75.54855,6.25174],[-75.5485,6.25172],[-75.54855,6.25187],[-75.54855,6.25174]],[[-75.54921,6.25063],[-75.54922,6.2507],[-75.54922,6.25048],[-75.54921,6.25063]]],[[[-75.54667,6.30251],[-75.54609,6.30372],[-75.54665,6.30245],[-75.54816,6.30415],[-75.54749,6.30441],[-75.55054,6.30665],[-75.54459,6.3043],[-75.54729,6.30427],[-75.54667,6.30251]],[[-75.54564,6.30436],[-75.54553,6.30436],[-75.54557,6.30445],[-75.54564,6.30436]],[[-75.54687,6.30493],[-75.54695,6.3049],[-75.54688,6.30491],[-75.54687,6.30493]],[[-75.54723,6.30481],[-75.54708,6.30461],[-75.54717,6.30483],[-75.54723,6.30481]],[[-75.5476,6.30474],[-75.54742,6.30479],[-75.5476,6.30484],[-75.5476,6.30474]],[[-75.54747,6.30381],[-75.54746,6.30383],[-75.54747,6.30385],[-75.54747,6.30381]]],[[[-75.54541,6.23775],[-75.54662,6.23927],[-75.54551,6.23938],[-75.54727,6.24008],[-75.54893,6.24216],[-75.54499,6.23986],[-75.54488,6.23769],[-75.54541,6.23775]],[[-75.54636,6.2398],[-75.54633,6.23982],[-75.54641,6.23982],[-75.54636,6.2398]]],[[[-75.5461,6.28433],[-75.54672,6.28434],[-75.54502,6.28547],[-75.54493,6.28525],[-75.54628,6.28344],[-75.5461,6.28433]],[[-75.54519,6.28509],[-75.54524,6.28517],[-75.54526,6.28503],[-75.54519,6.28509]],[[-75.54538,6.28489],[-75.5453,6.28496],[-75.54535,6.28502],[-75.54538,6.28489]],[[-75.5457,6.2847],[-75.54553,6.28456],[-75.5455,6.28486],[-75.5457,6.2847]]],[[[-75.54604,6.22897],[-75.54543,6.22943],[-75.54501,6.22859],[-75.54698,6.22818],[-75.54652,6.23106],[-75.54762,6.23383],[-75.54585,6.22947],[-75.54604,6.22897]],[[-75.54532,6.22876],[-75.54523,6.22863],[-75.54522,6.22888],[-75.54532,6.22876]],[[-75.5456,6.22864],[-75.5455,6.22851],[-75.5454,6.22862],[-75.5456,6.22864]],[[-75.54618,6.22998],[-75.54623,6.22993],[-75.54619,6.22988],[-75.54618,6.22998]]],[[[-75.54766,6.24374],[-75.5481,6.24452],[-75.54508,6.24308],[-75.54515,6.24296],[-75.54766,6.24374]],[[-75.54539,6.24319],[-75.5454,6.24322],[-75.5454,6.24314],[-75.54539,6.24319]],[[-75.54771,6.24429],[-75.54785,6.24433],[-75.54771,6.24408],[-75.54771,6.24429]]],[[[-75.54528,6.22759],[-75.5458,6.22564],[-75.54721,6.22724],[-75.54528,6.22759]]],[[[-75.54763,6.2957],[-75.54602,6.29805],[-75.54557,6.2967],[-75.54763,6.2957]],[[-75.54577,6.29716],[-75.54628,6.29751],[-75.54664,6.29673],[-75.54577,6.29716]],[[-75.5464,6.29648],[-75.54596,6.29663],[-75.5462,6.2968],[-75.5464,6.29648]]],[[[-75.54905,6.2595],[-75.5498,6.25989],[-75.549,6.25957],[-75.54947,6.26107],[-75.55328,6.26169],[-75.5484,6.26154],[-75.54889,6.25975],[-75.54735,6.26219],[-75.5473,6.26215],[-75.54596,6.26118],[-75.54743,6.26099],[-75.55037,6.2571],[-75.55084,6.25589],[-75.55101,6.25607],[-75.55195,6.25471],[-75.55249,6.25085],[-75.55538,6.25128],[-75.55469,6.25198],[-75.55246,6.25114],[-75.5535,6.25319],[-75.55048,6.25723],[-75.54905,6.2595]],[[-75.5487,6.26112],[-75.54872,6.26111],[-75.54871,6.26108],[-75.5487,6.26112]],[[-75.55084,6.25631],[-75.5508,6.25626],[-75.55056,6.25667],[-75.55084,6.25631]],[[-75.551,6.25608],[-75.55098,6.25608],[-75.55099,6.25609],[-75.551,6.25608]],[[-75.55192,6.2548],[-75.55195,6.25479],[-75.55195,6.25477],[-75.55192,6.2548]]],[[[-75.54728,6.29525],[-75.54725,6.29542],[-75.54732,6.29546],[-75.54686,6.29543],[-75.54601,6.29509],[-75.54646,6.29432],[-75.54723,6.29504],[-75.54684,6.29435],[-75.54701,6.2936],[-75.54728,6.29525]],[[-75.54675,6.29503],[-75.54679,6.29502],[-75.54677,6.29498],[-75.54675,6.29503]],[[-75.54688,6.29542],[-75.54698,6.29541],[-75.54692,6.29538],[-75.54688,6.29542]],[[-75.54697,6.29393],[-75.54703,6.29399],[-75.54704,6.29387],[-75.54697,6.29393]]],[[[-75.5469,6.24511],[-75.54836,6.24656],[-75.54766,6.24619],[-75.54789,6.24659],[-75.5465,6.24652],[-75.5469,6.24511]],[[-75.54724,6.24651],[-75.54702,6.24569],[-75.54672,6.24602],[-75.54724,6.24651]]],[[[-75.54653,6.2849],[-75.54794,6.28415],[-75.54851,6.28512],[-75.54653,6.2849]],[[-75.54767,6.28443],[-75.54768,6.28446],[-75.54774,6.28443],[-75.54767,6.28443]]],[[[-75.54656,6.22546],[-75.54836,6.22628],[-75.54671,6.22645],[-75.54656,6.22546]]],[[[-75.54732,6.29087],[-75.54889,6.28969],[-75.54968,6.29038],[-75.54732,6.29087]],[[-75.54946,6.29032],[-75.54945,6.29039],[-75.54951,6.29038],[-75.54946,6.29032]]],[[[-75.54816,6.29185],[-75.54967,6.2918],[-75.54913,6.29289],[-75.54824,6.29305],[-75.54816,6.29185]],[[-75.54843,6.29234],[-75.54827,6.2925],[-75.54863,6.29247],[-75.54843,6.29234]],[[-75.54841,6.29293],[-75.54831,6.29296],[-75.54843,6.29301],[-75.54841,6.29293]],[[-75.54948,6.29193],[-75.54843,6.29188],[-75.54905,6.29232],[-75.54948,6.29193]]],[[[-75.55363,6.20904],[-75.54847,6.20476],[-75.55454,6.20845],[-75.55363,6.20904]],[[-75.55244,6.20794],[-75.55249,6.20795],[-75.55249,6.20793],[-75.55244,6.20794]]],[[[-75.55293,6.23008],[-75.55139,6.23115],[-75.55304,6.22999],[-75.55696,6.231],[-75.55185,6.22801],[-75.54997,6.2303],[-75.54997,6.23031],[-75.54929,6.23114],[-75.5517,6.22791],[-75.55848,6.22989],[-75.55916,6.22617],[-75.56075,6.22949],[-75.55979,6.22892],[-75.5606,6.22952],[-75.55712,6.23133],[-75.55711,6.23225],[-75.55486,6.23254],[-75.55645,6.23134],[-75.55514,6.23104],[-75.55501,6.23132],[-75.55177,6.23117],[-75.55479,6.23124],[-75.55293,6.23008]],[[-75.55457,6.22953],[-75.55458,6.22943],[-75.55457,6.22944],[-75.55457,6.22953]],[[-75.55642,6.23178],[-75.55629,6.23177],[-75.55634,6.23183],[-75.55642,6.23178]],[[-75.55664,6.23139],[-75.55661,6.23133],[-75.55658,6.23137],[-75.55664,6.23139]],[[-75.5584,6.23033],[-75.55846,6.23],[-75.55786,6.23013],[-75.5584,6.23033]],[[-75.55923,6.22941],[-75.55918,6.22932],[-75.55916,6.22964],[-75.55923,6.22941]],[[-75.55958,6.22883],[-75.55965,6.2288],[-75.5596,6.22876],[-75.55958,6.22883]]],[[[-75.55066,6.30056],[-75.54936,6.29971],[-75.5499,6.29984],[-75.55182,6.30028],[-75.55142,6.30116],[-75.55066,6.30056]],[[-75.54989,6.29989],[-75.54994,6.29989],[-75.5499,6.29984],[-75.54989,6.29989]],[[-75.55073,6.30049],[-75.55091,6.30014],[-75.55067,6.30028],[-75.55073,6.30049]]],[[[-75.55156,6.26868],[-75.55134,6.26964],[-75.55061,6.26986],[-75.55118,6.27033],[-75.54949,6.26951],[-75.55156,6.26868]],[[-75.5496,6.2695],[-75.54986,6.26953],[-75.54996,6.26948],[-75.5496,6.2695]],[[-75.55033,6.2695],[-75.55052,6.26951],[-75.55048,6.26948],[-75.55033,6.2695]],[[-75.55134,6.26923],[-75.55125,6.26918],[-75.55112,6.26922],[-75.55134,6.26923]]],[[[-75.55119,6.27034],[-75.55118,6.27033],[-75.55134,6.26964],[-75.55119,6.27034]]],[[[-75.55196,6.26735],[-75.54981,6.26747],[-75.55363,6.2663],[-75.55273,6.26679],[-75.55351,6.26692],[-75.55345,6.26724],[-75.55345,6.26726],[-75.55196,6.26735]],[[-75.55347,6.26711],[-75.55325,6.26719],[-75.55345,6.26724],[-75.55347,6.26711]],[[-75.55203,6.26721],[-75.55222,6.26725],[-75.55223,6.26714],[-75.55203,6.26721]],[[-75.55266,6.26692],[-75.55265,6.2669],[-75.55264,6.26693],[-75.55266,6.26692]]],[[[-75.55077,6.28892],[-75.55254,6.2901],[-75.54989,6.29007],[-75.55077,6.28892]]],[[[-75.55059,6.30523],[-75.55224,6.30639],[-75.55086,6.30644],[-75.55004,6.30487],[-75.55059,6.30523]],[[-75.55131,6.30638],[-75.55086,6.30638],[-75.55113,6.30642],[-75.55131,6.30638]],[[-75.55104,6.30569],[-75.55099,6.30566],[-75.55097,6.30573],[-75.55104,6.30569]]],[[[-75.55545,6.21522],[-75.55543,6.21543],[-75.55099,6.21376],[-75.55424,6.2139],[-75.55545,6.21522]],[[-75.55145,6.21383],[-75.55148,6.21387],[-75.55148,6.21385],[-75.55145,6.21383]],[[-75.55423,6.2144],[-75.55408,6.21458],[-75.55452,6.21486],[-75.55423,6.2144]],[[-75.55462,6.21485],[-75.55467,6.21485],[-75.55467,6.21484],[-75.55462,6.21485]],[[-75.55495,6.21485],[-75.55494,6.21479],[-75.55494,6.21483],[-75.55495,6.21485]]],[[[-75.55272,6.24775],[-75.55395,6.24864],[-75.55119,6.24871],[-75.55104,6.24809],[-75.55199,6.24724],[-75.55201,6.24813],[-75.55272,6.24775]]],[[[-75.55112,6.28621],[-75.55158,6.28566],[-75.55198,6.2862],[-75.5513,6.28759],[-75.55112,6.28621]],[[-75.55171,6.2862],[-75.55178,6.28619],[-75.55175,6.28612],[-75.55171,6.2862]]],[[[-75.55152,6.20062],[-75.55138,6.19995],[-75.55298,6.1966],[-75.55526,6.19709],[-75.556,6.19855],[-75.55602,6.19858],[-75.55152,6.20062]],[[-75.55565,6.19857],[-75.55588,6.19862],[-75.556,6.19855],[-75.55565,6.19857]],[[-75.55206,6.1986],[-75.55206,6.19863],[-75.55207,6.19863],[-75.55206,6.1986]],[[-75.55327,6.19764],[-75.55328,6.19763],[-75.55327,6.19762],[-75.55327,6.19764]],[[-75.55341,6.19807],[-75.55342,6.19803],[-75.55341,6.19799],[-75.55341,6.19807]],[[-75.55353,6.19844],[-75.55354,6.19848],[-75.55354,6.1984],[-75.55353,6.19844]],[[-75.55518,6.19857],[-75.555,6.19853],[-75.55509,6.19862],[-75.55518,6.19857]],[[-75.5554,6.19831],[-75.55545,6.19832],[-75.55544,6.19829],[-75.5554,6.19831]],[[-75.5554,6.19789],[-75.55544,6.19793],[-75.55544,6.19783],[-75.5554,6.19789]]],[[[-75.55561,6.2024],[-75.55309,6.20467],[-75.5514,6.20087],[-75.55439,6.20196],[-75.55561,6.2024]],[[-75.55286,6.2036],[-75.55292,6.2036],[-75.55288,6.20359],[-75.55286,6.2036]],[[-75.55324,6.20374],[-75.55343,6.20373],[-75.55331,6.20371],[-75.55324,6.20374]],[[-75.55339,6.20265],[-75.55359,6.20265],[-75.55344,6.20263],[-75.55339,6.20265]],[[-75.55368,6.20198],[-75.55384,6.20184],[-75.55382,6.20181],[-75.55368,6.20198]],[[-75.5539,6.20264],[-75.55395,6.20269],[-75.55396,6.2026],[-75.5539,6.20264]],[[-75.55407,6.20251],[-75.5541,6.20252],[-75.5541,6.2025],[-75.55407,6.20251]],[[-75.55436,6.20303],[-75.55428,6.20306],[-75.55438,6.20309],[-75.55436,6.20303]],[[-75.55446,6.20254],[-75.5545,6.2027],[-75.5545,6.20245],[-75.55446,6.20254]]],[[[-75.55207,6.30069],[-75.55235,6.30063],[-75.55225,6.30221],[-75.55143,6.30118],[-75.55182,6.30028],[-75.55183,6.30028],[-75.55207,6.30069]],[[-75.55166,6.30085],[-75.55167,6.30083],[-75.55166,6.30082],[-75.55166,6.30085]],[[-75.55193,6.30094],[-75.55192,6.30096],[-75.55194,6.30098],[-75.55193,6.30094]],[[-75.55198,6.30122],[-75.55208,6.30124],[-75.55206,6.30117],[-75.55198,6.30122]],[[-75.5522,6.30091],[-75.55216,6.30095],[-75.55219,6.30097],[-75.5522,6.30091]]],[[[-75.55182,6.23989],[-75.55165,6.23747],[-75.55257,6.23871],[-75.55187,6.23968],[-75.55262,6.23878],[-75.55182,6.23989]]],[[[-75.55436,6.29679],[-75.5545,6.29732],[-75.55272,6.29645],[-75.55355,6.29679],[-75.55343,6.29523],[-75.55234,6.29626],[-75.55408,6.29362],[-75.55436,6.29679]],[[-75.55352,6.2952],[-75.55384,6.29515],[-75.55362,6.2949],[-75.55352,6.2952]],[[-75.55382,6.29455],[-75.55368,6.29477],[-75.55409,6.29479],[-75.55382,6.29455]],[[-75.5538,6.29554],[-75.55395,6.29553],[-75.55386,6.29551],[-75.5538,6.29554]],[[-75.55381,6.29527],[-75.55386,6.29526],[-75.55382,6.29525],[-75.55381,6.29527]],[[-75.55396,6.29411],[-75.554,6.29404],[-75.55392,6.29405],[-75.55396,6.29411]],[[-75.55408,6.29575],[-75.55401,6.2958],[-75.55407,6.29586],[-75.55408,6.29575]],[[-75.55427,6.29658],[-75.55419,6.29657],[-75.55426,6.29665],[-75.55427,6.29658]]],[[[-75.55533,6.30271],[-75.55534,6.30279],[-75.55272,6.30245],[-75.55313,6.30218],[-75.55467,6.30258],[-75.55344,6.30197],[-75.55516,6.30118],[-75.55533,6.30271]],[[-75.5553,6.30271],[-75.55532,6.30272],[-75.55533,6.30271],[-75.5553,6.30271]],[[-75.55293,6.30244],[-75.55283,6.30244],[-75.55287,6.30246],[-75.55293,6.30244]],[[-75.55477,6.30193],[-75.55478,6.30188],[-75.55477,6.30189],[-75.55477,6.30193]],[[-75.55484,6.30246],[-75.55503,6.30255],[-75.55495,6.30234],[-75.55484,6.30246]]],[[[-75.55507,6.20421],[-75.55447,6.2063],[-75.55324,6.205],[-75.5543,6.20454],[-75.55507,6.20421]],[[-75.55409,6.20578],[-75.55428,6.20577],[-75.55418,6.20567],[-75.55409,6.20578]],[[-75.55415,6.20467],[-75.55422,6.20473],[-75.55423,6.20459],[-75.55415,6.20467]],[[-75.55424,6.20523],[-75.55425,6.20523],[-75.55425,6.20522],[-75.55424,6.20523]],[[-75.55451,6.20547],[-75.55449,6.20553],[-75.55453,6.20555],[-75.55451,6.20547]]],[[[-75.55422,6.29883],[-75.55449,6.29806],[-75.5551,6.29853],[-75.55609,6.29969],[-75.55613,6.29959],[-75.55631,6.29975],[-75.55354,6.30076],[-75.55381,6.29999],[-75.55498,6.29987],[-75.55422,6.29883]],[[-75.55386,6.30042],[-75.55384,6.30033],[-75.55378,6.30044],[-75.55386,6.30042]],[[-75.55407,6.3],[-75.55419,6.3],[-75.55412,6.29998],[-75.55407,6.3]],[[-75.55458,6.29904],[-75.55463,6.29909],[-75.55464,6.29899],[-75.55458,6.29904]],[[-75.55471,6.29893],[-75.5548,6.29896],[-75.55481,6.29887],[-75.55471,6.29893]],[[-75.55494,6.29849],[-75.55491,6.29847],[-75.55484,6.29864],[-75.55494,6.29849]],[[-75.55506,6.29855],[-75.55496,6.2985],[-75.55503,6.29856],[-75.55506,6.29855]],[[-75.55517,6.29925],[-75.55512,6.29933],[-75.5552,6.29937],[-75.55517,6.29925]],[[-75.55561,6.29944],[-75.55515,6.29982],[-75.55533,6.30002],[-75.55561,6.29944]],[[-75.55531,6.29886],[-75.55531,6.29906],[-75.55535,6.29908],[-75.55531,6.29886]],[[-75.55575,6.29932],[-75.55572,6.29928],[-75.55572,6.29936],[-75.55575,6.29932]],[[-75.55622,6.29973],[-75.55627,6.29973],[-75.55623,6.29972],[-75.55622,6.29973]]],[[[-75.55453,6.26092],[-75.55518,6.26086],[-75.5544,6.26177],[-75.55418,6.25995],[-75.55566,6.26013],[-75.55579,6.26014],[-75.55453,6.26092]],[[-75.55541,6.26013],[-75.55552,6.26018],[-75.55566,6.26013],[-75.55541,6.26013]],[[-75.55467,6.26102],[-75.55448,6.26121],[-75.55463,6.26126],[-75.55467,6.26102]]],[[[-75.55434,6.19054],[-75.55944,6.19113],[-75.55501,6.19071],[-75.55625,6.19443],[-75.55434,6.19054]]],[[[-75.55594,6.29724],[-75.55631,6.29753],[-75.55606,6.29766],[-75.55638,6.29759],[-75.55687,6.29797],[-75.55475,6.29787],[-75.55529,6.29673],[-75.55585,6.29717],[-75.55594,6.29724]],[[-75.5549,6.29775],[-75.5549,6.29766],[-75.55488,6.2977],[-75.5549,6.29775]],[[-75.55517,6.29728],[-75.55518,6.29738],[-75.55518,6.29731],[-75.55517,6.29728]],[[-75.55559,6.29745],[-75.55527,6.29708],[-75.55542,6.29786],[-75.55559,6.29745]],[[-75.55545,6.29688],[-75.55543,6.29689],[-75.55545,6.29689],[-75.55545,6.29688]],[[-75.556,6.29737],[-75.556,6.29744],[-75.55604,6.29741],[-75.556,6.29737]],[[-75.55652,6.29785],[-75.55653,6.29779],[-75.55649,6.29782],[-75.55652,6.29785]]],[[[-75.5555,6.20869],[-75.55832,6.21091],[-75.55483,6.21101],[-75.5555,6.20869]],[[-75.55562,6.20981],[-75.55531,6.20982],[-75.55544,6.20985],[-75.55562,6.20981]],[[-75.55548,6.20958],[-75.55555,6.20956],[-75.55544,6.20956],[-75.55548,6.20958]],[[-75.55546,6.20929],[-75.55559,6.20933],[-75.55558,6.20923],[-75.55546,6.20929]],[[-75.5556,6.20898],[-75.55547,6.209],[-75.55561,6.20905],[-75.5556,6.20898]],[[-75.55601,6.21023],[-75.55601,6.21024],[-75.55602,6.21023],[-75.55601,6.21023]],[[-75.55685,6.2103],[-75.55683,6.21037],[-75.55696,6.21033],[-75.55685,6.2103]]],[[[-75.55615,6.24305],[-75.55613,6.24311],[-75.5551,6.24281],[-75.55615,6.24305]]],[[[-75.55541,6.24248],[-75.5569,6.24086],[-75.55615,6.24305],[-75.55541,6.24248]]],[[[-75.55716,6.29343],[-75.55889,6.29472],[-75.55572,6.2945],[-75.55574,6.2935],[-75.55716,6.29343]],[[-75.55575,6.29449],[-75.55605,6.29444],[-75.55573,6.29439],[-75.55575,6.29449]],[[-75.55584,6.29356],[-75.55581,6.29362],[-75.55584,6.29366],[-75.55584,6.29356]],[[-75.55599,6.29379],[-75.55599,6.29374],[-75.55595,6.29378],[-75.55599,6.29379]],[[-75.55608,6.29393],[-75.55619,6.29391],[-75.55613,6.29386],[-75.55608,6.29393]],[[-75.55636,6.29414],[-75.55641,6.294],[-75.55624,6.29394],[-75.55636,6.29414]],[[-75.5565,6.29364],[-75.55657,6.29363],[-75.55636,6.29356],[-75.5565,6.29364]],[[-75.55636,6.29367],[-75.55645,6.29365],[-75.55636,6.29366],[-75.55636,6.29367]],[[-75.55649,6.29435],[-75.5566,6.29433],[-75.55649,6.29424],[-75.55649,6.29435]],[[-75.55663,6.29448],[-75.55696,6.29449],[-75.55688,6.29424],[-75.55663,6.29448]]],[[[-75.55587,6.20436],[-75.5582,6.20492],[-75.55653,6.20489],[-75.55726,6.20603],[-75.55627,6.20714],[-75.55587,6.20436]]],[[[-75.56018,6.18839],[-75.55637,6.18548],[-75.56078,6.1884],[-75.56058,6.18882],[-75.56018,6.18839]],[[-75.56069,6.18842],[-75.5607,6.18837],[-75.56067,6.18839],[-75.56069,6.18842]]],[[[-75.55655,6.20187],[-75.5568,6.1999],[-75.5578,6.2013],[-75.55652,6.20214],[-75.55655,6.20187]],[[-75.55666,6.20115],[-75.55673,6.20115],[-75.55669,6.20114],[-75.55666,6.20115]]],[[[-75.55693,6.19879],[-75.55712,6.19837],[-75.55904,6.20049],[-75.5578,6.2013],[-75.55798,6.20007],[-75.5568,6.1999],[-75.55693,6.19879]],[[-75.55717,6.19911],[-75.55732,6.19929],[-75.55736,6.19918],[-75.55717,6.19911]],[[-75.55825,6.20034],[-75.55842,6.20037],[-75.5584,6.20027],[-75.55825,6.20034]],[[-75.55852,6.2002],[-75.55858,6.20021],[-75.55856,6.20017],[-75.55852,6.2002]]],[[[-75.55677,6.18537],[-75.55763,6.18149],[-75.55758,6.18547],[-75.55677,6.18537]]],[[[-75.55856,6.20863],[-75.55682,6.20787],[-75.55872,6.20532],[-75.55857,6.20834],[-75.55856,6.20863]],[[-75.55847,6.20791],[-75.55744,6.20734],[-75.5581,6.20829],[-75.55847,6.20791]],[[-75.55792,6.2069],[-75.55772,6.20694],[-75.55781,6.20708],[-75.55792,6.2069]]],[[[-75.55868,6.2894],[-75.55728,6.28872],[-75.55861,6.28935],[-75.55748,6.28856],[-75.56059,6.28872],[-75.5608,6.29089],[-75.55868,6.2894]],[[-75.56027,6.2891],[-75.56043,6.28944],[-75.56056,6.28895],[-75.56027,6.2891]],[[-75.56039,6.2897],[-75.56043,6.28976],[-75.56044,6.28967],[-75.56039,6.2897]]],[[[-75.55843,6.19281],[-75.5583,6.19245],[-75.55922,6.19314],[-75.55776,6.19451],[-75.55843,6.19281]]],[[[-75.55975,6.23021],[-75.55948,6.23195],[-75.55785,6.23216],[-75.55975,6.23021]]],[[[-75.56058,6.19516],[-75.55914,6.19632],[-75.56018,6.19325],[-75.56208,6.19408],[-75.55825,6.19911],[-75.56058,6.19516]],[[-75.56139,6.1938],[-75.56029,6.19367],[-75.56005,6.19517],[-75.56139,6.1938]],[[-75.56112,6.19479],[-75.56117,6.19475],[-75.56113,6.19468],[-75.56112,6.19479]]],[[[-75.55962,6.30719],[-75.55902,6.30916],[-75.55885,6.30662],[-75.55962,6.30719]],[[-75.55901,6.30677],[-75.55887,6.30674],[-75.55888,6.3068],[-75.55901,6.30677]],[[-75.55928,6.30703],[-75.55927,6.30701],[-75.55926,6.30705],[-75.55928,6.30703]]],[[[-75.56176,6.1792],[-75.55891,6.18063],[-75.56113,6.17623],[-75.56176,6.1792]],[[-75.56121,6.17833],[-75.56118,6.17862],[-75.56136,6.17866],[-75.56121,6.17833]],[[-75.56144,6.17877],[-75.56148,6.17878],[-75.56148,6.17874],[-75.56144,6.17877]]],[[[-75.55891,6.18094],[-75.56086,6.18021],[-75.56004,6.18387],[-75.55921,6.18386],[-75.55891,6.18094]]],[[[-75.56036,6.21127],[-75.55966,6.21086],[-75.55996,6.21037],[-75.5639,6.21124],[-75.56036,6.21127]]],[[[-75.56231,6.20028],[-75.56026,6.20325],[-75.55983,6.20296],[-75.55989,6.19932],[-75.56201,6.20016],[-75.56031,6.19988],[-75.56076,6.20093],[-75.56231,6.20028]],[[-75.55988,6.2021],[-75.55992,6.20218],[-75.55992,6.20204],[-75.55988,6.2021]],[[-75.55993,6.2028],[-75.56008,6.20292],[-75.55992,6.20272],[-75.55993,6.2028]],[[-75.56047,6.20135],[-75.56,6.20245],[-75.56039,6.20284],[-75.56047,6.20135]],[[-75.56006,6.20189],[-75.56009,6.20182],[-75.56006,6.20175],[-75.56006,6.20189]],[[-75.56023,6.20085],[-75.5601,6.20097],[-75.56018,6.20107],[-75.56023,6.20085]],[[-75.56018,6.20155],[-75.56019,6.20159],[-75.56019,6.20153],[-75.56018,6.20155]],[[-75.56032,6.20047],[-75.56029,6.20034],[-75.5602,6.20031],[-75.56032,6.20047]],[[-75.56033,6.20081],[-75.56037,6.20074],[-75.56034,6.2007],[-75.56033,6.20081]],[[-75.56045,6.20093],[-75.56046,6.20114],[-75.56047,6.20105],[-75.56045,6.20093]],[[-75.561,6.20148],[-75.56101,6.20142],[-75.561,6.20139],[-75.561,6.20148]]],[[[-75.5602,6.21918],[-75.56254,6.21774],[-75.56247,6.2188],[-75.5602,6.21918]],[[-75.56126,6.21865],[-75.56146,6.21867],[-75.56135,6.21856],[-75.56126,6.21865]],[[-75.56186,6.21848],[-75.56172,6.21849],[-75.56189,6.21851],[-75.56186,6.21848]],[[-75.56243,6.21795],[-75.56241,6.21793],[-75.5624,6.21797],[-75.56243,6.21795]]],[[[-75.56357,6.21277],[-75.56036,6.21246],[-75.56144,6.21127],[-75.56344,6.21263],[-75.56357,6.21277]],[[-75.56116,6.21171],[-75.5612,6.21171],[-75.56118,6.2117],[-75.56116,6.21171]],[[-75.5614,6.21198],[-75.56148,6.21198],[-75.56145,6.21196],[-75.5614,6.21198]],[[-75.56155,6.21181],[-75.56151,6.21186],[-75.56158,6.21191],[-75.56155,6.21181]],[[-75.56318,6.21252],[-75.56324,6.21252],[-75.56322,6.2125],[-75.56318,6.21252]]],[[[-75.56341,6.22516],[-75.56234,6.22266],[-75.56038,6.22391],[-75.56327,6.22134],[-75.56341,6.22516]],[[-75.56296,6.22173],[-75.56275,6.22196],[-75.56297,6.22197],[-75.56296,6.22173]]],[[[-75.56119,6.2663],[-75.56061,6.26484],[-75.56216,6.26541],[-75.56119,6.2663]],[[-75.56159,6.26568],[-75.56174,6.26568],[-75.5617,6.26566],[-75.56159,6.26568]]],[[[-75.56144,6.24033],[-75.56139,6.24039],[-75.56098,6.23973],[-75.56291,6.241],[-75.56302,6.24154],[-75.56206,6.24225],[-75.56236,6.24115],[-75.56144,6.24033]],[[-75.56179,6.24045],[-75.56184,6.24045],[-75.5618,6.2404],[-75.56179,6.24045]]],[[[-75.56467,6.29943],[-75.5618,6.30056],[-75.56169,6.30176],[-75.56176,6.30057],[-75.5611,6.30083],[-75.56291,6.29735],[-75.56286,6.2983],[-75.5634,6.29793],[-75.56467,6.29943]],[[-75.56411,6.29943],[-75.56414,6.29943],[-75.56413,6.29941],[-75.56411,6.29943]]],[[[-75.56221,6.19513],[-75.56256,6.19718],[-75.56181,6.19699],[-75.56289,6.19913],[-75.56114,6.19783],[-75.56221,6.19513]]],[[[-75.5626,6.19069],[-75.56231,6.19276],[-75.56211,6.19272],[-75.56175,6.19083],[-75.5626,6.19069]]],[[[-75.56366,6.22692],[-75.56352,6.22906],[-75.56183,6.22613],[-75.56344,6.22611],[-75.56366,6.22692]],[[-75.5627,6.22742],[-75.56298,6.22789],[-75.56342,6.22782],[-75.5627,6.22742]]],[[[-75.56454,6.18025],[-75.56205,6.17951],[-75.56516,6.18023],[-75.56423,6.18217],[-75.56454,6.18025]],[[-75.56501,6.18032],[-75.56494,6.18037],[-75.565,6.18044],[-75.56501,6.18032]]],[[[-75.56596,6.18634],[-75.56718,6.18901],[-75.56218,6.18663],[-75.56285,6.18581],[-75.56588,6.18815],[-75.56529,6.18307],[-75.56447,6.18397],[-75.56529,6.18305],[-75.56625,6.18378],[-75.56663,6.18214],[-75.57019,6.18418],[-75.56736,6.18303],[-75.56867,6.18457],[-75.56742,6.18508],[-75.56902,6.18611],[-75.56596,6.18634]],[[-75.56391,6.18687],[-75.56381,6.18691],[-75.56394,6.18717],[-75.56391,6.18687]],[[-75.56475,6.18771],[-75.56482,6.18764],[-75.56477,6.18754],[-75.56475,6.18771]],[[-75.56571,6.18348],[-75.56565,6.18351],[-75.56578,6.1835],[-75.56571,6.18348]],[[-75.56605,6.18826],[-75.56597,6.18839],[-75.56615,6.18843],[-75.56605,6.18826]],[[-75.5661,6.18382],[-75.56608,6.18388],[-75.5661,6.18394],[-75.5661,6.18382]],[[-75.56747,6.18425],[-75.56746,6.18432],[-75.56751,6.1843],[-75.56747,6.18425]]],[[[-75.56249,6.20366],[-75.56348,6.20182],[-75.56452,6.20368],[-75.56257,6.20408],[-75.56249,6.20377],[-75.56249,6.20366]],[[-75.56359,6.20379],[-75.56357,6.20384],[-75.56362,6.20383],[-75.56359,6.20379]]],[[[-75.56545,6.19412],[-75.56572,6.19465],[-75.56464,6.19402],[-75.5651,6.19267],[-75.56353,6.19251],[-75.56419,6.19376],[-75.56315,6.19315],[-75.56312,6.19314],[-75.56461,6.19041],[-75.56545,6.19412]],[[-75.56332,6.19314],[-75.5633,6.19298],[-75.56315,6.19315],[-75.56332,6.19314]],[[-75.56471,6.19162],[-75.56422,6.19164],[-75.56455,6.19175],[-75.56471,6.19162]],[[-75.56505,6.19411],[-75.56507,6.19407],[-75.56505,6.19405],[-75.56505,6.19411]]],[[[-75.56503,6.23431],[-75.56706,6.23774],[-75.56314,6.23877],[-75.56503,6.23431]],[[-75.56434,6.23773],[-75.56435,6.23775],[-75.56436,6.2377],[-75.56434,6.23773]],[[-75.5653,6.23662],[-75.56522,6.23782],[-75.56618,6.23714],[-75.5653,6.23662]],[[-75.56585,6.23786],[-75.56585,6.23784],[-75.56584,6.23787],[-75.56585,6.23786]]],[[[-75.56419,6.30195],[-75.5653,6.30229],[-75.56362,6.30557],[-75.56419,6.30195]],[[-75.56454,6.30234],[-75.56458,6.30229],[-75.56455,6.30227],[-75.56454,6.30234]],[[-75.56463,6.30241],[-75.56467,6.30245],[-75.56467,6.30238],[-75.56463,6.30241]],[[-75.56467,6.30213],[-75.56465,6.30215],[-75.56467,6.30221],[-75.56467,6.30213]]],[[[-75.56726,6.17956],[-75.56372,6.1796],[-75.56707,6.17716],[-75.56726,6.17956]]],[[[-75.56608,6.31241],[-75.5666,6.31144],[-75.56963,6.31095],[-75.56647,6.3125],[-75.56716,6.31265],[-75.5638,6.31204],[-75.56457,6.3115],[-75.56608,6.31241]]],[[[-75.56381,6.21535],[-75.56519,6.21473],[-75.56506,6.21603],[-75.56424,6.21577],[-75.56474,6.21741],[-75.56381,6.21535]],[[-75.56511,6.21523],[-75.56511,6.21522],[-75.5651,6.21523],[-75.56511,6.21523]]],[[[-75.56608,6.26199],[-75.56615,6.26206],[-75.56611,6.26391],[-75.56436,6.26338],[-75.56608,6.26199]],[[-75.56518,6.26353],[-75.5653,6.26352],[-75.5652,6.26345],[-75.56518,6.26353]]],[[[-75.56596,6.21169],[-75.5666,6.21088],[-75.5652,6.21157],[-75.56732,6.21043],[-75.56945,6.21224],[-75.56596,6.21169]],[[-75.56691,6.21132],[-75.56707,6.21138],[-75.5671,6.21124],[-75.56691,6.21132]],[[-75.56762,6.21142],[-75.56742,6.21144],[-75.56757,6.21159],[-75.56762,6.21142]]],[[[-75.56826,6.22606],[-75.56826,6.22621],[-75.56829,6.22896],[-75.56575,6.22479],[-75.56826,6.22606]],[[-75.56825,6.22617],[-75.56821,6.2262],[-75.56826,6.22621],[-75.56825,6.22617]],[[-75.56675,6.2256],[-75.56657,6.22571],[-75.5669,6.22576],[-75.56675,6.2256]],[[-75.567,6.22546],[-75.56679,6.22539],[-75.56685,6.22543],[-75.567,6.22546]],[[-75.56728,6.22601],[-75.56734,6.22591],[-75.5671,6.22593],[-75.56728,6.22601]],[[-75.56785,6.22603],[-75.56777,6.22608],[-75.56792,6.22608],[-75.56785,6.22603]],[[-75.56824,6.22705],[-75.56788,6.22698],[-75.5678,6.22712],[-75.56824,6.22705]],[[-75.56799,6.22654],[-75.56798,6.22655],[-75.56798,6.22663],[-75.56799,6.22654]]],[[[-75.56627,6.19688],[-75.56723,6.19742],[-75.56599,6.19851],[-75.56584,6.19825],[-75.56627,6.19688]],[[-75.5661,6.19799],[-75.56614,6.19804],[-75.56614,6.19791],[-75.5661,6.19799]]],[[[-75.5675,6.19071],[-75.56661,6.19109],[-75.56584,6.18914],[-75.5675,6.19071]],[[-75.56599,6.18932],[-75.56597,6.18932],[-75.56597,6.18933],[-75.56599,6.18932]],[[-75.56679,6.19063],[-75.56665,6.19064],[-75.56675,6.1907],[-75.56679,6.19063]]],[[[-75.56674,6.2234],[-75.56603,6.22205],[-75.56763,6.22261],[-75.56824,6.22268],[-75.56674,6.2234]],[[-75.56719,6.22266],[-75.56671,6.22295],[-75.56679,6.2233],[-75.56719,6.22266]],[[-75.56742,6.22259],[-75.56736,6.22267],[-75.56742,6.22273],[-75.56742,6.22259]],[[-75.56757,6.2227],[-75.56759,6.22268],[-75.56757,6.22267],[-75.56757,6.2227]]],[[[-75.56745,6.22347],[-75.56798,6.22541],[-75.56606,6.22431],[-75.56745,6.22347]],[[-75.56692,6.2241],[-75.56667,6.22428],[-75.56698,6.22441],[-75.56692,6.2241]],[[-75.56703,6.22458],[-75.56705,6.22457],[-75.56704,6.22455],[-75.56703,6.22458]],[[-75.56719,6.22482],[-75.56716,6.22468],[-75.56715,6.22487],[-75.56719,6.22482]],[[-75.56723,6.22428],[-75.56728,6.22435],[-75.56731,6.22422],[-75.56723,6.22428]],[[-75.56764,6.22495],[-75.56758,6.22482],[-75.56758,6.22505],[-75.56764,6.22495]]],[[[-75.56754,6.20586],[-75.56736,6.20481],[-75.5685,6.20617],[-75.56656,6.20577],[-75.56625,6.20428],[-75.56754,6.20586]]],[[[-75.56834,6.20724],[-75.56808,6.20821],[-75.56788,6.2076],[-75.56655,6.20863],[-75.56716,6.2067],[-75.56834,6.20724]],[[-75.56752,6.20746],[-75.56752,6.20752],[-75.56755,6.20749],[-75.56752,6.20746]],[[-75.56766,6.20707],[-75.56764,6.20708],[-75.56766,6.20709],[-75.56766,6.20707]]],[[[-75.56773,6.21846],[-75.56793,6.21753],[-75.56851,6.21808],[-75.56694,6.22034],[-75.56738,6.2174],[-75.56773,6.21846]],[[-75.56821,6.21813],[-75.56808,6.2182],[-75.56824,6.21822],[-75.56821,6.21813]]],[[[-75.56832,6.30373],[-75.56725,6.30365],[-75.56913,6.30063],[-75.56832,6.30373]],[[-75.56777,6.30362],[-75.56788,6.30362],[-75.56782,6.3036],[-75.56777,6.30362]]],[[[-75.57369,6.18158],[-75.57405,6.18182],[-75.57407,6.18188],[-75.56849,6.18094],[-75.56849,6.18092],[-75.56752,6.17738],[-75.56881,6.17879],[-75.57574,6.18181],[-75.57369,6.18158]],[[-75.56911,6.18078],[-75.56872,6.1805],[-75.56849,6.18092],[-75.56911,6.18078]],[[-75.56989,6.18053],[-75.57002,6.18092],[-75.57039,6.18071],[-75.56989,6.18053]],[[-75.57166,6.18049],[-75.57136,6.18007],[-75.57072,6.18031],[-75.57166,6.18049]],[[-75.57154,6.18103],[-75.57152,6.181],[-75.57151,6.18104],[-75.57154,6.18103]],[[-75.57166,6.18117],[-75.57165,6.18115],[-75.57165,6.18117],[-75.57166,6.18117]],[[-75.57175,6.18104],[-75.57178,6.18105],[-75.57179,6.18103],[-75.57175,6.18104]],[[-75.57225,6.18089],[-75.57219,6.18088],[-75.57219,6.18092],[-75.57225,6.18089]],[[-75.57272,6.18104],[-75.57276,6.18104],[-75.57273,6.18102],[-75.57272,6.18104]],[[-75.57291,6.18157],[-75.57288,6.18151],[-75.57287,6.1816],[-75.57291,6.18157]]],[[[-75.56898,6.21622],[-75.56852,6.21583],[-75.56892,6.21757],[-75.5676,6.21669],[-75.56822,6.2145],[-75.5685,6.21572],[-75.56914,6.21462],[-75.56898,6.21622]],[[-75.56876,6.21562],[-75.56877,6.21568],[-75.56878,6.21562],[-75.56876,6.21562]],[[-75.56876,6.21534],[-75.56889,6.21556],[-75.56892,6.21534],[-75.56876,6.21534]],[[-75.56877,6.21711],[-75.56878,6.21711],[-75.56878,6.2171],[-75.56877,6.21711]],[[-75.56888,6.2157],[-75.56882,6.21575],[-75.56888,6.21579],[-75.56888,6.2157]]],[[[-75.56883,6.19368],[-75.56933,6.19412],[-75.56762,6.19655],[-75.56765,6.19492],[-75.56883,6.19368]]],[[[-75.57037,6.20128],[-75.56959,6.20123],[-75.56954,6.2004],[-75.56914,6.20121],[-75.56777,6.20112],[-75.56858,6.19947],[-75.56932,6.19971],[-75.57029,6.20059],[-75.57007,6.20085],[-75.57034,6.20063],[-75.57144,6.20135],[-75.57037,6.20128]],[[-75.56854,6.20047],[-75.56873,6.20029],[-75.56837,6.19996],[-75.56854,6.20047]],[[-75.56872,6.20064],[-75.56845,6.2007],[-75.56857,6.20101],[-75.56872,6.20064]],[[-75.56886,6.20065],[-75.56887,6.20056],[-75.56881,6.20058],[-75.56886,6.20065]],[[-75.56925,6.1999],[-75.56927,6.19988],[-75.56922,6.19989],[-75.56925,6.1999]],[[-75.56966,6.20026],[-75.56968,6.20033],[-75.56981,6.20032],[-75.56966,6.20026]],[[-75.5701,6.20124],[-75.57008,6.20123],[-75.57008,6.20125],[-75.5701,6.20124]]],[[[-75.56823,6.19152],[-75.56806,6.18771],[-75.57132,6.1864],[-75.57397,6.18918],[-75.5698,6.18726],[-75.56827,6.19147],[-75.57506,6.19032],[-75.57618,6.1915],[-75.56823,6.19152]],[[-75.56828,6.18796],[-75.56828,6.18797],[-75.56829,6.18796],[-75.56828,6.18796]],[[-75.56846,6.19027],[-75.56842,6.19026],[-75.56843,6.19028],[-75.56846,6.19027]],[[-75.56873,6.18806],[-75.56887,6.18797],[-75.56866,6.18796],[-75.56873,6.18806]],[[-75.56874,6.1896],[-75.56871,6.18956],[-75.5687,6.18965],[-75.56874,6.1896]],[[-75.5748,6.19149],[-75.57488,6.19139],[-75.57481,6.19126],[-75.5748,6.19149]],[[-75.57502,6.19105],[-75.57505,6.19109],[-75.57507,6.19103],[-75.57502,6.19105]]],[[[-75.57008,6.26635],[-75.56907,6.26694],[-75.56874,6.26686],[-75.56877,6.26712],[-75.56849,6.26554],[-75.57008,6.26635]]],[[[-75.57013,6.25077],[-75.5697,6.25158],[-75.56919,6.25127],[-75.56907,6.2523],[-75.56872,6.25003],[-75.57013,6.25077]]],[[[-75.57058,6.19477],[-75.56912,6.19674],[-75.56878,6.19653],[-75.57029,6.19398],[-75.57058,6.19477]]],[[[-75.56915,6.19676],[-75.57097,6.19583],[-75.57062,6.19695],[-75.57192,6.19843],[-75.56915,6.19676]]],[[[-75.56985,6.20914],[-75.56951,6.20905],[-75.5692,6.208],[-75.57058,6.20736],[-75.56985,6.20914]]],[[[-75.56923,6.24885],[-75.57021,6.24758],[-75.56991,6.24814],[-75.57043,6.24835],[-75.57059,6.24936],[-75.56923,6.24885]],[[-75.57013,6.24859],[-75.57022,6.24863],[-75.57022,6.24855],[-75.57013,6.24859]]],[[[-75.57125,6.2275],[-75.56961,6.22345],[-75.57105,6.22504],[-75.57122,6.22491],[-75.57124,6.22494],[-75.57153,6.22525],[-75.57206,6.22628],[-75.57125,6.2275]],[[-75.5712,6.22502],[-75.57124,6.22502],[-75.57124,6.22494],[-75.5712,6.22502]],[[-75.57056,6.22479],[-75.57055,6.22487],[-75.57056,6.22486],[-75.57056,6.22479]],[[-75.57075,6.22493],[-75.57069,6.22492],[-75.57072,6.22497],[-75.57075,6.22493]],[[-75.57118,6.22659],[-75.57134,6.22688],[-75.57151,6.2269],[-75.57118,6.22659]]],[[[-75.56993,6.2971],[-75.57161,6.29664],[-75.57048,6.29901],[-75.56993,6.2971]]],[[[-75.57262,6.18394],[-75.57178,6.18375],[-75.57201,6.18308],[-75.5715,6.18328],[-75.57188,6.18213],[-75.57249,6.18245],[-75.57203,6.18167],[-75.57334,6.18256],[-75.57212,6.18304],[-75.57262,6.18394]],[[-75.57206,6.18376],[-75.57211,6.18373],[-75.57205,6.18371],[-75.57206,6.18376]],[[-75.57294,6.18243],[-75.57284,6.18238],[-75.57287,6.18246],[-75.57294,6.18243]],[[-75.57311,6.18243],[-75.57299,6.18266],[-75.57331,6.18255],[-75.57311,6.18243]]],[[[-75.57626,6.18681],[-75.57366,6.18461],[-75.57163,6.18413],[-75.57722,6.18527],[-75.57751,6.18738],[-75.57679,6.18712],[-75.57696,6.1856],[-75.57552,6.18569],[-75.57626,6.18681]]],[[[-75.57282,6.24268],[-75.57495,6.24271],[-75.57481,6.24558],[-75.57282,6.24268]],[[-75.57462,6.24272],[-75.5744,6.24287],[-75.5748,6.24287],[-75.57462,6.24272]],[[-75.57469,6.24531],[-75.57479,6.24517],[-75.57461,6.24517],[-75.57469,6.24531]],[[-75.57469,6.24463],[-75.57481,6.24434],[-75.57467,6.24448],[-75.57469,6.24463]]],[[[-75.57331,6.19405],[-75.57303,6.19225],[-75.57385,6.19296],[-75.57464,6.19363],[-75.57416,6.19415],[-75.57548,6.19435],[-75.57331,6.19405]],[[-75.57353,6.19295],[-75.57365,6.19303],[-75.57385,6.19296],[-75.57353,6.19295]],[[-75.57329,6.19308],[-75.57337,6.19311],[-75.57332,6.19295],[-75.57329,6.19308]],[[-75.57426,6.19349],[-75.57422,6.19361],[-75.57425,6.1937],[-75.57426,6.19349]]],[[[-75.57436,6.22904],[-75.57431,6.22908],[-75.57323,6.22822],[-75.57408,6.22722],[-75.57436,6.22904]]],[[[-75.57646,6.18213],[-75.57678,6.18355],[-75.57655,6.18367],[-75.575,6.18319],[-75.57646,6.18213]]],[[[-75.57575,6.19676],[-75.57688,6.19625],[-75.57726,6.19834],[-75.57575,6.19676]],[[-75.57637,6.19714],[-75.57684,6.19787],[-75.5769,6.19647],[-75.57637,6.19714]]],[[[-75.57789,6.18496],[-75.57753,6.18262],[-75.57907,6.18357],[-75.57789,6.18496]]],[[[-75.57917,6.30865],[-75.57963,6.30647],[-75.57852,6.30647],[-75.57966,6.30274],[-75.57974,6.30597],[-75.5805,6.30238],[-75.58257,6.30289],[-75.58279,6.30938],[-75.58194,6.30419],[-75.57917,6.30865]],[[-75.58109,6.30474],[-75.58112,6.30465],[-75.58106,6.30467],[-75.58109,6.30474]],[[-75.5815,6.30454],[-75.58129,6.30435],[-75.58122,6.30451],[-75.5815,6.30454]],[[-75.58135,6.30477],[-75.58129,6.3048],[-75.58134,6.30484],[-75.58135,6.30477]],[[-75.58149,6.30414],[-75.58149,6.30405],[-75.58133,6.30413],[-75.58149,6.30414]],[[-75.58176,6.304],[-75.58204,6.30356],[-75.58144,6.30291],[-75.58176,6.304]],[[-75.58216,6.30331],[-75.58211,6.30331],[-75.58214,6.30332],[-75.58216,6.30331]]],[[[-75.57861,6.18683],[-75.57969,6.18422],[-75.58091,6.18754],[-75.57938,6.18707],[-75.58021,6.18902],[-75.57879,6.18752],[-75.57913,6.18711],[-75.57967,6.18793],[-75.57921,6.18701],[-75.57861,6.18683]],[[-75.57885,6.18756],[-75.57893,6.18752],[-75.57887,6.18744],[-75.57885,6.18756]]],[[[-75.57986,6.30937],[-75.58189,6.30668],[-75.58119,6.30806],[-75.58201,6.30715],[-75.58259,6.30936],[-75.58164,6.30896],[-75.57889,6.31028],[-75.57986,6.30937]]],[[[-75.57918,6.21262],[-75.58068,6.21187],[-75.57941,6.2115],[-75.58127,6.21157],[-75.58163,6.21336],[-75.57918,6.21262]]],[[[-75.57938,6.22078],[-75.57934,6.21746],[-75.58031,6.21822],[-75.57938,6.22078]]],[[[-75.58085,6.23211],[-75.58246,6.23308],[-75.57977,6.23282],[-75.58085,6.23211]]],[[[-75.5811,6.21504],[-75.5804,6.21724],[-75.57985,6.2145],[-75.5811,6.21504]]],[[[-75.58019,6.20539],[-75.5848,6.20793],[-75.58011,6.20734],[-75.58019,6.20539]],[[-75.5802,6.20541],[-75.58064,6.20731],[-75.58134,6.20623],[-75.5802,6.20541]],[[-75.58324,6.20717],[-75.58323,6.20722],[-75.58324,6.20731],[-75.58324,6.20717]]],[[[-75.58226,6.29582],[-75.58187,6.29893],[-75.58094,6.29708],[-75.58226,6.29582]]],[[[-75.58398,6.20842],[-75.58164,6.20925],[-75.58116,6.20784],[-75.58398,6.20842]]],[[[-75.58363,6.21961],[-75.5815,6.21914],[-75.58202,6.21826],[-75.58363,6.21961]]],[[[-75.58392,6.19851],[-75.58257,6.19905],[-75.58213,6.19795],[-75.58392,6.19851]]],[[[-75.58214,6.30051],[-75.58348,6.29851],[-75.58329,6.30018],[-75.58214,6.30051]],[[-75.58272,6.29979],[-75.5827,6.29978],[-75.58269,6.29979],[-75.58272,6.29979]],[[-75.58296,6.29967],[-75.58311,6.29965],[-75.58283,6.2995],[-75.58296,6.29967]]],[[[-75.58779,6.29384],[-75.58904,6.29409],[-75.58549,6.29408],[-75.58512,6.29216],[-75.58659,6.29288],[-75.58742,6.29015],[-75.58924,6.29243],[-75.5866,6.29289],[-75.58808,6.29312],[-75.58779,6.29384]],[[-75.58522,6.29247],[-75.58524,6.29252],[-75.58525,6.29246],[-75.58522,6.29247]],[[-75.58541,6.29269],[-75.58552,6.29271],[-75.58539,6.29268],[-75.58541,6.29269]],[[-75.58551,6.29247],[-75.58552,6.29246],[-75.58551,6.29244],[-75.58551,6.29247]],[[-75.58606,6.29328],[-75.58607,6.29327],[-75.58604,6.29327],[-75.58606,6.29328]],[[-75.5874,6.29193],[-75.58773,6.29178],[-75.58765,6.29158],[-75.5874,6.29193]],[[-75.58864,6.29176],[-75.5886,6.29177],[-75.58862,6.29178],[-75.58864,6.29176]]],[[[-75.58751,6.28667],[-75.58738,6.28662],[-75.58848,6.28576],[-75.58849,6.28581],[-75.58889,6.28717],[-75.58817,6.28691],[-75.58751,6.28667]],[[-75.58847,6.28579],[-75.58848,6.28585],[-75.58849,6.28581],[-75.58847,6.28579]],[[-75.58853,6.28675],[-75.58863,6.28678],[-75.58861,6.28672],[-75.58853,6.28675]]],[[[-75.58865,6.20228],[-75.58949,6.20255],[-75.58876,6.20198],[-75.58973,6.20257],[-75.58798,6.20419],[-75.58865,6.20228]]],[[[-75.58982,6.28996],[-75.58821,6.2888],[-75.58934,6.28814],[-75.59053,6.29054],[-75.58982,6.28996]],[[-75.58932,6.28844],[-75.58945,6.28838],[-75.58928,6.28835],[-75.58932,6.28844]]],[[[-75.58946,6.28753],[-75.59079,6.28669],[-75.59188,6.28907],[-75.58946,6.28753]],[[-75.59051,6.28804],[-75.59048,6.28746],[-75.59022,6.28728],[-75.59051,6.28804]],[[-75.59063,6.28816],[-75.5908,6.28815],[-75.59068,6.28806],[-75.59063,6.28816]],[[-75.59079,6.28708],[-75.59083,6.28685],[-75.59078,6.28672],[-75.59079,6.28708]],[[-75.59107,6.28827],[-75.59115,6.28824],[-75.59101,6.28824],[-75.59107,6.28827]],[[-75.59133,6.28835],[-75.59131,6.28837],[-75.59132,6.28843],[-75.59133,6.28835]],[[-75.59161,6.28851],[-75.59141,6.28853],[-75.59144,6.28868],[-75.59161,6.28851]]],[[[-75.59113,6.2692],[-75.59065,6.27006],[-75.58949,6.26844],[-75.59113,6.2692]]],[[[-75.5907,6.2055],[-75.59056,6.20718],[-75.58973,6.20577],[-75.59238,6.20314],[-75.59109,6.20601],[-75.5907,6.2055]]],[[[-75.59225,6.2954],[-75.59043,6.29579],[-75.59153,6.29464],[-75.59225,6.2954]]],[[[-75.59092,6.20016],[-75.59148,6.19941],[-75.59312,6.2005],[-75.59092,6.20016]],[[-75.59137,6.19981],[-75.59135,6.19976],[-75.59134,6.19983],[-75.59137,6.19981]],[[-75.5916,6.1999],[-75.59194,6.19988],[-75.59171,6.1997],[-75.5916,6.1999]],[[-75.59196,6.19998],[-75.59208,6.19998],[-75.592,6.19991],[-75.59196,6.19998]],[[-75.59247,6.20036],[-75.59239,6.20036],[-75.59242,6.20037],[-75.59247,6.20036]]],[[[-75.59205,6.28694],[-75.59189,6.28701],[-75.59127,6.28549],[-75.59205,6.28343],[-75.59205,6.28694]],[[-75.59173,6.2856],[-75.5918,6.28543],[-75.5913,6.28549],[-75.59173,6.2856]],[[-75.59159,6.28591],[-75.5916,6.28595],[-75.59162,6.28592],[-75.59159,6.28591]],[[-75.59173,6.28634],[-75.5919,6.28634],[-75.59185,6.28631],[-75.59173,6.28634]],[[-75.59195,6.28607],[-75.59186,6.28605],[-75.59187,6.28611],[-75.59195,6.28607]]],[[[-75.59832,6.20748],[-75.59416,6.20753],[-75.5955,6.2024],[-75.59832,6.20748]],[[-75.59679,6.20551],[-75.59623,6.20564],[-75.59651,6.20572],[-75.59679,6.20551]]],[[[-75.59586,6.20184],[-75.59514,6.20172],[-75.59669,6.19886],[-75.59586,6.20184]],[[-75.5957,6.20158],[-75.5957,6.20156],[-75.59569,6.20155],[-75.5957,6.20158]]],[[[-75.60298,6.27574],[-75.59642,6.27195],[-75.59782,6.2703],[-75.59841,6.27112],[-75.59946,6.27069],[-75.60001,6.27346],[-75.60242,6.27494],[-75.60298,6.27574]],[[-75.59839,6.27236],[-75.5985,6.27237],[-75.59846,6.27231],[-75.59839,6.27236]],[[-75.59846,6.27276],[-75.59847,6.27277],[-75.59847,6.27275],[-75.59846,6.27276]],[[-75.60024,6.274],[-75.60024,6.2739],[-75.60021,6.27395],[-75.60024,6.274]],[[-75.60035,6.27411],[-75.60038,6.27411],[-75.60037,6.2741],[-75.60035,6.27411]],[[-75.60148,6.27479],[-75.60146,6.27476],[-75.60145,6.2748],[-75.60148,6.27479]],[[-75.60188,6.27465],[-75.60164,6.27465],[-75.60184,6.27466],[-75.60188,6.27465]]],[[[-75.59864,6.22829],[-75.5974,6.22847],[-75.5988,6.22675],[-75.59864,6.22829]]],[[[-75.60066,6.23419],[-75.60066,6.2367],[-75.59915,6.23599],[-75.59991,6.23559],[-75.60011,6.23418],[-75.60012,6.23483],[-75.60066,6.23419]],[[-75.60035,6.23654],[-75.60027,6.23597],[-75.59943,6.23589],[-75.60035,6.23654]]],[[[-75.59991,6.2029],[-75.60194,6.20453],[-75.60302,6.20385],[-75.60847,6.20488],[-75.60329,6.20467],[-75.60358,6.21054],[-75.60043,6.20549],[-75.60183,6.2046],[-75.59921,6.20429],[-75.5997,6.20332],[-75.60046,6.20387],[-75.59991,6.2029]],[[-75.60098,6.20428],[-75.60099,6.20428],[-75.60098,6.20427],[-75.60098,6.20428]],[[-75.60139,6.20508],[-75.60137,6.20509],[-75.60138,6.20512],[-75.60139,6.20508]],[[-75.60154,6.20522],[-75.6015,6.20522],[-75.60151,6.20524],[-75.60154,6.20522]],[[-75.60166,6.20537],[-75.60167,6.20536],[-75.60165,6.20535],[-75.60166,6.20537]],[[-75.60178,6.2055],[-75.6018,6.20552],[-75.6018,6.20549],[-75.60178,6.2055]],[[-75.60258,6.20667],[-75.60215,6.2064],[-75.60215,6.20725],[-75.60258,6.20667]],[[-75.60235,6.20576],[-75.60233,6.20576],[-75.60234,6.20578],[-75.60235,6.20576]],[[-75.60251,6.20775],[-75.60275,6.20781],[-75.60254,6.20739],[-75.60251,6.20775]],[[-75.60273,6.20522],[-75.60291,6.20523],[-75.60278,6.20521],[-75.60273,6.20522]],[[-75.60303,6.20861],[-75.60302,6.20855],[-75.60301,6.20858],[-75.60303,6.20861]],[[-75.60314,6.20801],[-75.60302,6.20801],[-75.60301,6.20821],[-75.60314,6.20801]],[[-75.60361,6.2041],[-75.60327,6.20413],[-75.60353,6.20419],[-75.60361,6.2041]],[[-75.60327,6.2082],[-75.60331,6.20821],[-75.6033,6.20819],[-75.60327,6.2082]],[[-75.60375,6.20426],[-75.6037,6.20421],[-75.60365,6.20426],[-75.60375,6.20426]],[[-75.60384,6.20413],[-75.60378,6.20413],[-75.60381,6.20418],[-75.60384,6.20413]]],[[[-75.60145,6.22411],[-75.59968,6.22395],[-75.60024,6.22269],[-75.60145,6.22411]]],[[[-75.60077,6.24751],[-75.60043,6.24715],[-75.60153,6.24546],[-75.60208,6.24687],[-75.60077,6.24751]],[[-75.60123,6.24682],[-75.6012,6.24684],[-75.60122,6.24686],[-75.60123,6.24682]]],[[[-75.60303,6.2203],[-75.60347,6.21931],[-75.60046,6.21852],[-75.60168,6.2155],[-75.61229,6.22163],[-75.60714,6.22028],[-75.60713,6.22123],[-75.60713,6.22045],[-75.60712,6.22025],[-75.6049,6.21969],[-75.60564,6.22054],[-75.60425,6.22041],[-75.6046,6.21961],[-75.60348,6.21931],[-75.60303,6.2203]],[[-75.6061,6.21864],[-75.60604,6.21857],[-75.60603,6.21869],[-75.6061,6.21864]],[[-75.60878,6.22051],[-75.60876,6.22048],[-75.60875,6.22051],[-75.60878,6.22051]]],[[[-75.60255,6.27398],[-75.60404,6.27419],[-75.60331,6.27343],[-75.60309,6.27275],[-75.60411,6.27374],[-75.60538,6.27248],[-75.60836,6.27318],[-75.60762,6.27465],[-75.6093,6.27344],[-75.61035,6.27376],[-75.60607,6.27562],[-75.60349,6.27423],[-75.60255,6.27398]],[[-75.60385,6.27423],[-75.60388,6.27425],[-75.6039,6.27423],[-75.60385,6.27423]],[[-75.60439,6.27423],[-75.60448,6.27422],[-75.60441,6.27421],[-75.60439,6.27423]],[[-75.60456,6.27383],[-75.60458,6.27383],[-75.60457,6.27381],[-75.60456,6.27383]],[[-75.60501,6.27395],[-75.60493,6.27389],[-75.60481,6.27393],[-75.60501,6.27395]],[[-75.605,6.27465],[-75.60498,6.27459],[-75.60494,6.27462],[-75.605,6.27465]],[[-75.60514,6.27306],[-75.60515,6.2731],[-75.60515,6.273],[-75.60514,6.27306]],[[-75.60514,6.2732],[-75.60515,6.27321],[-75.60515,6.27319],[-75.60514,6.2732]],[[-75.60524,6.27397],[-75.60543,6.27383],[-75.60523,6.2738],[-75.60524,6.27397]],[[-75.60527,6.2733],[-75.60552,6.27334],[-75.60536,6.2733],[-75.60527,6.2733]],[[-75.60556,6.27394],[-75.60551,6.27391],[-75.60548,6.27397],[-75.60556,6.27394]],[[-75.60551,6.27478],[-75.60552,6.27477],[-75.6055,6.27477],[-75.60551,6.27478]],[[-75.60555,6.27335],[-75.6056,6.27333],[-75.60554,6.27334],[-75.60555,6.27335]],[[-75.60565,6.27331],[-75.60566,6.27331],[-75.60573,6.27323],[-75.60565,6.27331]],[[-75.60578,6.27334],[-75.6058,6.27335],[-75.60573,6.27323],[-75.60578,6.27334]],[[-75.6058,6.27482],[-75.60581,6.27478],[-75.6058,6.27476],[-75.6058,6.27482]],[[-75.60591,6.2749],[-75.60592,6.27495],[-75.60594,6.27492],[-75.60591,6.2749]],[[-75.60596,6.27517],[-75.60594,6.2751],[-75.60592,6.27518],[-75.60596,6.27517]],[[-75.60593,6.27547],[-75.60601,6.27545],[-75.60594,6.27542],[-75.60593,6.27547]],[[-75.60607,6.27539],[-75.60609,6.27529],[-75.60604,6.27528],[-75.60607,6.27539]],[[-75.60634,6.27437],[-75.60638,6.27436],[-75.60632,6.27436],[-75.60634,6.27437]],[[-75.60661,6.27467],[-75.60666,6.27474],[-75.6066,6.2746],[-75.60661,6.27467]],[[-75.60667,6.27506],[-75.6068,6.27506],[-75.60674,6.27502],[-75.60667,6.27506]],[[-75.60693,6.27494],[-75.60697,6.27495],[-75.6069,6.2749],[-75.60693,6.27494]],[[-75.60694,6.27505],[-75.60705,6.27506],[-75.607,6.27499],[-75.60694,6.27505]],[[-75.60736,6.2746],[-75.60758,6.27456],[-75.60738,6.27458],[-75.60736,6.2746]],[[-75.60742,6.27488],[-75.60738,6.2749],[-75.60741,6.27492],[-75.60742,6.27488]],[[-75.60762,6.27476],[-75.60757,6.27469],[-75.60753,6.27473],[-75.60762,6.27476]],[[-75.60943,6.27381],[-75.60944,6.27383],[-75.60945,6.2738],[-75.60943,6.27381]],[[-75.6098,6.27381],[-75.60983,6.27395],[-75.60988,6.27382],[-75.6098,6.27381]]],[[[-75.60425,6.24062],[-75.60322,6.24033],[-75.60431,6.2401],[-75.60625,6.24095],[-75.6062,6.24116],[-75.60425,6.24062]]],[[[-75.60345,6.23504],[-75.6035,6.23438],[-75.6035,6.23434],[-75.60433,6.23563],[-75.60351,6.23575],[-75.60501,6.2367],[-75.60335,6.23629],[-75.60345,6.23504]],[[-75.60351,6.23438],[-75.60351,6.23437],[-75.6035,6.23438],[-75.60351,6.23438]]],[[[-75.60493,6.21608],[-75.60342,6.21641],[-75.60515,6.21311],[-75.60493,6.21608]],[[-75.60495,6.21361],[-75.60491,6.21362],[-75.60493,6.21366],[-75.60495,6.21361]]],[[[-75.61117,6.27219],[-75.60348,6.27132],[-75.61079,6.26892],[-75.61117,6.27219]]],[[[-75.60362,6.24191],[-75.6044,6.24196],[-75.60377,6.24146],[-75.60426,6.24161],[-75.6069,6.24313],[-75.60477,6.24317],[-75.60372,6.24229],[-75.60372,6.24306],[-75.60362,6.24191]],[[-75.60441,6.24211],[-75.60549,6.24237],[-75.60475,6.24202],[-75.60441,6.24211]],[[-75.60515,6.24283],[-75.60533,6.2428],[-75.60524,6.24267],[-75.60515,6.24283]]],[[[-75.60529,6.22674],[-75.60456,6.22829],[-75.60456,6.22818],[-75.60422,6.22657],[-75.60529,6.22674]]],[[[-75.60651,6.24],[-75.60445,6.23983],[-75.60581,6.23904],[-75.60592,6.23972],[-75.60631,6.23882],[-75.60651,6.24]]],[[[-75.60674,6.22869],[-75.60577,6.2284],[-75.60607,6.22675],[-75.60674,6.22869]],[[-75.6062,6.22829],[-75.60623,6.22826],[-75.6062,6.22822],[-75.6062,6.22829]]],[[[-75.60932,6.22942],[-75.60604,6.2265],[-75.60876,6.22431],[-75.60932,6.22942]],[[-75.60763,6.22693],[-75.60781,6.22698],[-75.60771,6.22681],[-75.60763,6.22693]]],[[[-75.6082,6.23728],[-75.60917,6.23565],[-75.60952,6.23764],[-75.61026,6.23527],[-75.61322,6.24117],[-75.60825,6.24169],[-75.60956,6.23873],[-75.60901,6.23602],[-75.6082,6.23728]],[[-75.6099,6.24145],[-75.6112,6.23988],[-75.6095,6.23995],[-75.6099,6.24145]],[[-75.61179,6.23988],[-75.61173,6.23991],[-75.61177,6.23994],[-75.61179,6.23988]]],[[[-75.61128,6.25581],[-75.60884,6.2558],[-75.61033,6.2547],[-75.61089,6.25467],[-75.61128,6.25581]],[[-75.6108,6.25508],[-75.61075,6.25496],[-75.61075,6.2551],[-75.6108,6.25508]]],[[[-75.6192,6.27159],[-75.60929,6.2726],[-75.61785,6.27087],[-75.61548,6.26662],[-75.61903,6.26252],[-75.62537,6.26603],[-75.62522,6.26604],[-75.62332,6.26619],[-75.62385,6.2656],[-75.62301,6.26519],[-75.62324,6.26619],[-75.62018,6.26643],[-75.62597,6.26805],[-75.62179,6.2699],[-75.62667,6.26994],[-75.62544,6.27405],[-75.62311,6.27313],[-75.6257,6.27076],[-75.62164,6.27033],[-75.62222,6.26744],[-75.61822,6.26906],[-75.61977,6.27044],[-75.6192,6.27159]],[[-75.62441,6.26564],[-75.62472,6.26607],[-75.62522,6.26604],[-75.62441,6.26564]],[[-75.61309,6.2719],[-75.6131,6.27191],[-75.6131,6.27189],[-75.61309,6.2719]],[[-75.61527,6.27176],[-75.61527,6.27175],[-75.61526,6.27176],[-75.61527,6.27176]],[[-75.61649,6.27137],[-75.61652,6.27135],[-75.61649,6.27134],[-75.61649,6.27137]],[[-75.61703,6.27108],[-75.61703,6.27107],[-75.61702,6.27108],[-75.61703,6.27108]],[[-75.61831,6.27109],[-75.61852,6.27107],[-75.61848,6.27088],[-75.61831,6.27109]],[[-75.61865,6.27077],[-75.6186,6.2708],[-75.61864,6.27084],[-75.61865,6.27077]],[[-75.61952,6.27025],[-75.61948,6.27019],[-75.61945,6.27023],[-75.61952,6.27025]],[[-75.62094,6.26779],[-75.6209,6.26785],[-75.62094,6.26795],[-75.62094,6.26779]],[[-75.62258,6.26528],[-75.62263,6.26523],[-75.62258,6.2652],[-75.62258,6.26528]],[[-75.6233,6.26509],[-75.6232,6.26509],[-75.62323,6.26511],[-75.6233,6.26509]],[[-75.62426,6.26563],[-75.62405,6.26563],[-75.62418,6.26565],[-75.62426,6.26563]],[[-75.62528,6.27272],[-75.6253,6.27282],[-75.62531,6.27268],[-75.62528,6.27272]]],[[[-75.61011,6.2242],[-75.61109,6.22319],[-75.61128,6.22337],[-75.611,6.22535],[-75.61011,6.2242]]],[[[-75.61264,6.22689],[-75.61609,6.22832],[-75.61495,6.23413],[-75.61358,6.23368],[-75.61357,6.23089],[-75.61022,6.23273],[-75.61264,6.22689]],[[-75.61123,6.23206],[-75.61125,6.23189],[-75.61107,6.23189],[-75.61123,6.23206]]],[[[-75.61185,6.25361],[-75.61372,6.25148],[-75.61405,6.2518],[-75.61291,6.25359],[-75.61185,6.25361]],[[-75.61238,6.25311],[-75.6124,6.25306],[-75.61235,6.25307],[-75.61238,6.25311]],[[-75.61278,6.25305],[-75.61276,6.25306],[-75.61277,6.25307],[-75.61278,6.25305]],[[-75.61359,6.25174],[-75.61372,6.2517],[-75.61373,6.25154],[-75.61359,6.25174]]],[[[-75.61429,6.26899],[-75.61444,6.26766],[-75.61606,6.26967],[-75.61429,6.26899]]],[[[-75.61848,6.24284],[-75.61494,6.24479],[-75.6144,6.24354],[-75.61795,6.24286],[-75.61686,6.24289],[-75.62119,6.24058],[-75.62345,6.24269],[-75.61848,6.24284]],[[-75.61716,6.24274],[-75.61722,6.24276],[-75.61722,6.24273],[-75.61716,6.24274]],[[-75.61965,6.24243],[-75.61983,6.24238],[-75.61989,6.24234],[-75.61965,6.24243]],[[-75.62192,6.2414],[-75.62175,6.24176],[-75.62191,6.24144],[-75.62192,6.2414]],[[-75.62175,6.24185],[-75.62178,6.24191],[-75.62175,6.24176],[-75.62175,6.24185]],[[-75.62179,6.24194],[-75.6218,6.24195],[-75.62181,6.24194],[-75.62179,6.24194]],[[-75.62193,6.24131],[-75.62192,6.2413],[-75.62193,6.24133],[-75.62193,6.24131]]],[[[-75.61826,6.25301],[-75.61943,6.25439],[-75.61724,6.25468],[-75.61826,6.25301]]],[[[-75.62021,6.24572],[-75.61775,6.24792],[-75.61852,6.24591],[-75.61846,6.24488],[-75.62021,6.24572]],[[-75.61899,6.24621],[-75.61864,6.24625],[-75.61871,6.24647],[-75.61899,6.24621]]],[[[-75.61921,6.27159],[-75.61987,6.27053],[-75.62256,6.27292],[-75.61921,6.27159]],[[-75.61987,6.27177],[-75.61996,6.27163],[-75.61984,6.27162],[-75.61987,6.27177]],[[-75.62004,6.27148],[-75.62001,6.27143],[-75.62001,6.27156],[-75.62004,6.27148]],[[-75.62014,6.2713],[-75.62012,6.27133],[-75.62014,6.27136],[-75.62014,6.2713]],[[-75.62164,6.27214],[-75.62163,6.27215],[-75.62164,6.27215],[-75.62164,6.27214]],[[-75.62193,6.27247],[-75.62196,6.27241],[-75.6219,6.27238],[-75.62193,6.27247]]],[[[-75.62135,6.25303],[-75.62037,6.2544],[-75.62008,6.25221],[-75.62135,6.25303]]],[[[-75.62483,6.25058],[-75.62074,6.24928],[-75.62361,6.24704],[-75.62483,6.25058]]],[[[-75.6241,6.22318],[-75.62592,6.22124],[-75.62651,6.2231],[-75.6241,6.22318]],[[-75.62461,6.22269],[-75.62452,6.22305],[-75.62481,6.22306],[-75.62461,6.22269]],[[-75.62493,6.22265],[-75.62488,6.22261],[-75.62488,6.22271],[-75.62493,6.22265]],[[-75.62502,6.22273],[-75.62495,6.22278],[-75.62501,6.22285],[-75.62502,6.22273]],[[-75.6253,6.22304],[-75.62526,6.22305],[-75.62527,6.22306],[-75.6253,6.22304]],[[-75.62583,6.22176],[-75.6259,6.2217],[-75.62584,6.22165],[-75.62583,6.22176]]],[[[-75.62685,6.25859],[-75.62704,6.26073],[-75.62419,6.257],[-75.62685,6.25859]]],[[[-75.62422,6.25138],[-75.62578,6.24984],[-75.62631,6.25249],[-75.62422,6.25138]]],[[[-75.6277,6.26341],[-75.62858,6.269],[-75.62573,6.2621],[-75.6277,6.26341]],[[-75.62714,6.26347],[-75.62721,6.26346],[-75.62718,6.26342],[-75.62714,6.26347]],[[-75.62724,6.26442],[-75.62719,6.26436],[-75.62717,6.26449],[-75.62724,6.26442]]],[[[-75.62641,6.25627],[-75.62601,6.25505],[-75.62761,6.25448],[-75.62641,6.25627]]],[[[-75.627,6.25179],[-75.62794,6.25083],[-75.62835,6.2513],[-75.6272,6.25286],[-75.627,6.25179]]],[[[-75.62706,6.25721],[-75.62878,6.25515],[-75.63168,6.25828],[-75.62894,6.261],[-75.62743,6.25921],[-75.63145,6.2584],[-75.62706,6.25721]],[[-75.62771,6.25938],[-75.6277,6.25937],[-75.62769,6.25939],[-75.62771,6.25938]],[[-75.62973,6.25786],[-75.62971,6.25788],[-75.62973,6.25789],[-75.62973,6.25786]]],[[[-75.62832,6.22354],[-75.6301,6.22425],[-75.6273,6.2243],[-75.62832,6.22354]],[[-75.62811,6.22399],[-75.62813,6.224],[-75.62813,6.22396],[-75.62811,6.22399]],[[-75.62827,6.22362],[-75.62834,6.2236],[-75.62829,6.22358],[-75.62827,6.22362]]],[[[-75.63057,6.24689],[-75.62803,6.24718],[-75.6273,6.24542],[-75.63057,6.24689]]],[[[-75.62891,6.25483],[-75.63099,6.25221],[-75.63022,6.25544],[-75.62891,6.25483]],[[-75.62973,6.25426],[-75.62991,6.25422],[-75.62957,6.25422],[-75.62973,6.25426]]],[[[-75.63182,6.24998],[-75.62917,6.25328],[-75.63007,6.24905],[-75.63182,6.24998]],[[-75.63081,6.2496],[-75.63079,6.24956],[-75.63078,6.24963],[-75.63081,6.2496]]],[[[-75.63182,6.27347],[-75.63101,6.27236],[-75.63318,6.27322],[-75.63038,6.27466],[-75.63182,6.27347]]],[[[-75.63288,6.22426],[-75.63115,6.22385],[-75.6337,6.22333],[-75.63288,6.22426]],[[-75.63193,6.2239],[-75.63196,6.22384],[-75.63192,6.22382],[-75.63193,6.2239]],[[-75.63234,6.22405],[-75.63236,6.22398],[-75.63233,6.22397],[-75.63234,6.22405]]],[[[-75.63478,6.2218],[-75.63459,6.22191],[-75.63449,6.22189],[-75.63289,6.22166],[-75.63403,6.21976],[-75.63494,6.22201],[-75.63391,6.22252],[-75.63478,6.2218]],[[-75.6345,6.22172],[-75.63442,6.22181],[-75.63449,6.22189],[-75.6345,6.22172]]],[[[-75.63472,6.27279],[-75.6341,6.27143],[-75.63537,6.27139],[-75.63472,6.27279]]],[[[-75.63983,6.18067],[-75.64036,6.18764],[-75.63531,6.17507],[-75.63569,6.17557],[-75.63983,6.18067]],[[-75.63723,6.17959],[-75.63722,6.1796],[-75.63726,6.17966],[-75.63723,6.17959]],[[-75.63755,6.17951],[-75.63743,6.17963],[-75.63747,6.17962],[-75.63755,6.17951]],[[-75.63764,6.1792],[-75.63757,6.17922],[-75.63763,6.17924],[-75.63764,6.1792]],[[-75.63823,6.17894],[-75.63823,6.1789],[-75.63822,6.1789],[-75.63823,6.17894]],[[-75.63953,6.18083],[-75.63951,6.18085],[-75.63954,6.18085],[-75.63953,6.18083]],[[-75.63979,6.18067],[-75.63973,6.18071],[-75.63981,6.18072],[-75.63979,6.18067]]],[[[-75.63589,6.17432],[-75.64082,6.17285],[-75.63589,6.17529],[-75.63589,6.17432]]],[[[-75.63883,6.17732],[-75.63786,6.17678],[-75.63973,6.17504],[-75.63883,6.17732]]],[[[-75.64371,6.17803],[-75.64455,6.1772],[-75.64439,6.17798],[-75.65328,6.17862],[-75.64046,6.17864],[-75.6402,6.18138],[-75.65449,6.18286],[-75.64017,6.18139],[-75.64044,6.17862],[-75.64527,6.17822],[-75.64335,6.17812],[-75.64383,6.1772],[-75.64371,6.17803]]],[[[-75.64359,6.17422],[-75.64068,6.17474],[-75.64181,6.17386],[-75.64359,6.17422]]],[[[-75.64089,6.18178],[-75.64171,6.18263],[-75.64089,6.18469],[-75.64089,6.18178]],[[-75.64105,6.18326],[-75.64098,6.18325],[-75.64103,6.18335],[-75.64105,6.18326]],[[-75.6416,6.1826],[-75.64138,6.18257],[-75.64146,6.18268],[-75.6416,6.1826]]],[[[-75.64108,6.17289],[-75.64948,6.17118],[-75.64885,6.17255],[-75.64108,6.17289]],[[-75.64464,6.17221],[-75.64462,6.17222],[-75.64465,6.17228],[-75.64464,6.17221]]],[[[-75.64604,6.18803],[-75.64975,6.18861],[-75.64172,6.18755],[-75.64243,6.18572],[-75.64307,6.18756],[-75.64604,6.18803]]],[[[-75.64349,6.17148],[-75.64742,6.17158],[-75.64206,6.1726],[-75.64349,6.17148]]],[[[-75.6436,6.18368],[-75.64627,6.18394],[-75.64659,6.18646],[-75.6435,6.18363],[-75.6461,6.18259],[-75.6436,6.18368]]],[[[-75.65226,6.17484],[-75.64403,6.17434],[-75.64574,6.17304],[-75.65226,6.17484]]],[[[-75.6474,6.17478],[-75.65279,6.1766],[-75.64776,6.17581],[-75.6474,6.17478]]],[[[-75.6486,6.1849],[-75.64881,6.18361],[-75.65094,6.18446],[-75.65148,6.18479],[-75.6486,6.1849]],[[-75.6488,6.18474],[-75.64871,6.18474],[-75.64874,6.18476],[-75.6488,6.18474]]],[[[-75.65116,6.17329],[-75.64945,6.17334],[-75.65013,6.17165],[-75.65116,6.17329]]],[[[-75.65551,6.18901],[-75.654,6.18651],[-75.65557,6.18612],[-75.65551,6.18901]],[[-75.65524,6.18825],[-75.65543,6.18825],[-75.65538,6.18822],[-75.65524,6.18825]]],[[[-75.65592,6.18741],[-75.65823,6.18709],[-75.657,6.18833],[-75.65592,6.18741]]],[[[-75.65804,6.18139],[-75.66107,6.18173],[-75.65684,6.18298],[-75.65804,6.18139]],[[-75.65795,6.18196],[-75.6576,6.18201],[-75.65795,6.18207],[-75.65795,6.18196]],[[-75.65767,6.18243],[-75.65768,6.1824],[-75.65763,6.18244],[-75.65767,6.18243]],[[-75.65809,6.18244],[-75.65812,6.18246],[-75.65813,6.18237],[-75.65809,6.18244]]],[[[-75.65933,6.18829],[-75.66001,6.18687],[-75.66291,6.18766],[-75.65933,6.18829]]],[[[-75.66122,6.18551],[-75.65958,6.18569],[-75.66071,6.18313],[-75.66122,6.18551]]]]}},{"type":"Feature","properties":{"iso":55,"rango_db":"55.0-60.0","ha":1381.3},"geometry":{"type":"MultiPolygon","coordinates":[[[[-75.53005,6.23002],[-75.52693,6.22984],[-75.53329,6.23139],[-75.52688,6.22985],[-75.53127,6.22728],[-75.52883,6.22984],[-75.53005,6.23002]],[[-75.52814,6.22958],[-75.52827,6.22946],[-75.52831,6.22939],[-75.52814,6.22958]],[[-75.52785,6.22965],[-75.52794,6.22964],[-75.52814,6.22958],[-75.52785,6.22965]],[[-75.52856,6.2298],[-75.52853,6.22984],[-75.52856,6.22988],[-75.52856,6.2298]]],[[[-75.53295,6.22795],[-75.53613,6.22809],[-75.53487,6.2293],[-75.53343,6.22829],[-75.53337,6.22846],[-75.53616,6.23036],[-75.53414,6.23025],[-75.53227,6.22771],[-75.53333,6.22843],[-75.53295,6.22795]]],[[[-75.53276,6.23071],[-75.53982,6.2318],[-75.53614,6.23144],[-75.53733,6.23261],[-75.53276,6.23071]],[[-75.53458,6.23127],[-75.53453,6.2313],[-75.53456,6.23137],[-75.53458,6.23127]],[[-75.53548,6.23127],[-75.53545,6.23131],[-75.53548,6.23134],[-75.53548,6.23127]],[[-75.5364,6.23145],[-75.53651,6.23144],[-75.53644,6.23137],[-75.5364,6.23145]],[[-75.53661,6.23144],[-75.53677,6.23144],[-75.53669,6.23141],[-75.53661,6.23144]],[[-75.53792,6.23158],[-75.53796,6.23154],[-75.53792,6.23154],[-75.53792,6.23158]]],[[[-75.54082,6.30199],[-75.54015,6.29562],[-75.53593,6.29829],[-75.54064,6.29522],[-75.54065,6.29534],[-75.54083,6.29514],[-75.54267,6.30179],[-75.54315,6.29763],[-75.54317,6.30179],[-75.54082,6.30199]],[[-75.54049,6.29534],[-75.54018,6.29557],[-75.54057,6.29546],[-75.54049,6.29534]],[[-75.54067,6.29622],[-75.54067,6.29624],[-75.54068,6.29624],[-75.54067,6.29622]],[[-75.5407,6.29568],[-75.54068,6.29566],[-75.54067,6.29571],[-75.5407,6.29568]],[[-75.5407,6.29997],[-75.54123,6.29855],[-75.5408,6.29781],[-75.5407,6.29997]],[[-75.54088,6.29677],[-75.54081,6.29658],[-75.5407,6.29696],[-75.54088,6.29677]],[[-75.54083,6.29761],[-75.54133,6.29849],[-75.54125,6.29691],[-75.54083,6.29761]],[[-75.54093,6.29629],[-75.54096,6.29622],[-75.54091,6.29624],[-75.54093,6.29629]],[[-75.54094,6.30197],[-75.54192,6.30012],[-75.54149,6.29918],[-75.54094,6.30197]],[[-75.54126,6.29939],[-75.54135,6.29957],[-75.5414,6.29931],[-75.54126,6.29939]],[[-75.54127,6.29876],[-75.54164,6.29913],[-75.54147,6.29849],[-75.54127,6.29876]],[[-75.54176,6.29943],[-75.54204,6.29977],[-75.54187,6.2993],[-75.54176,6.29943]]],[[[-75.53773,6.29588],[-75.5362,6.29673],[-75.5372,6.2947],[-75.53773,6.29588]],[[-75.53721,6.29544],[-75.53727,6.29552],[-75.53728,6.29539],[-75.53721,6.29544]],[[-75.53751,6.29585],[-75.53768,6.29588],[-75.53767,6.29579],[-75.53751,6.29585]]],[[[-75.53705,6.23065],[-75.53686,6.22774],[-75.54033,6.23081],[-75.54009,6.23142],[-75.53705,6.23065]],[[-75.5376,6.23074],[-75.5377,6.23077],[-75.53765,6.23067],[-75.5376,6.23074]],[[-75.53873,6.23055],[-75.5387,6.23061],[-75.53873,6.23064],[-75.53873,6.23055]],[[-75.53994,6.2313],[-75.53999,6.23129],[-75.53996,6.23127],[-75.53994,6.2313]]],[[[-75.53801,6.2351],[-75.53915,6.23982],[-75.53762,6.23603],[-75.53789,6.23577],[-75.53763,6.23486],[-75.53771,6.23483],[-75.53774,6.23482],[-75.53696,6.23402],[-75.53845,6.23394],[-75.53801,6.2351]],[[-75.53795,6.23598],[-75.53771,6.23602],[-75.53801,6.23619],[-75.53795,6.23598]],[[-75.53803,6.23597],[-75.53807,6.23623],[-75.53814,6.23595],[-75.53803,6.23597]]],[[[-75.54026,6.29032],[-75.53888,6.28511],[-75.53833,6.29337],[-75.53707,6.2943],[-75.53918,6.28068],[-75.53891,6.28472],[-75.53951,6.28528],[-75.54203,6.27706],[-75.54013,6.28392],[-75.53942,6.28651],[-75.54004,6.28578],[-75.5417,6.2875],[-75.54186,6.28673],[-75.54305,6.28867],[-75.54275,6.29002],[-75.54285,6.28918],[-75.54174,6.28915],[-75.54258,6.29078],[-75.54133,6.28925],[-75.54168,6.28759],[-75.54026,6.29032]],[[-75.54009,6.28386],[-75.54004,6.28392],[-75.54013,6.28392],[-75.54009,6.28386]],[[-75.53789,6.29178],[-75.53795,6.29179],[-75.53794,6.29175],[-75.53789,6.29178]],[[-75.53801,6.29286],[-75.53806,6.29292],[-75.53809,6.29281],[-75.53801,6.29286]],[[-75.53814,6.29314],[-75.5382,6.29321],[-75.53823,6.29311],[-75.53814,6.29314]],[[-75.53829,6.28852],[-75.53835,6.28853],[-75.53834,6.28851],[-75.53829,6.28852]],[[-75.53829,6.28919],[-75.53834,6.28924],[-75.53834,6.28912],[-75.53829,6.28919]],[[-75.53887,6.28296],[-75.53892,6.28296],[-75.53889,6.28294],[-75.53887,6.28296]],[[-75.53998,6.28712],[-75.53999,6.28713],[-75.54,6.28699],[-75.53998,6.28712]]],[[[-75.53885,6.27725],[-75.53915,6.27926],[-75.53745,6.27591],[-75.53815,6.27553],[-75.53885,6.27725]]],[[[-75.53943,6.23348],[-75.53796,6.23287],[-75.54014,6.23185],[-75.53943,6.23348]]],[[[-75.53847,6.23558],[-75.53887,6.23436],[-75.54019,6.23694],[-75.53847,6.23558]]],[[[-75.54052,6.24228],[-75.54065,6.24315],[-75.54053,6.24228],[-75.54159,6.24154],[-75.54273,6.244],[-75.54093,6.24254],[-75.54183,6.24514],[-75.5428,6.24415],[-75.53867,6.24874],[-75.54152,6.24553],[-75.53867,6.24063],[-75.53917,6.24035],[-75.53901,6.23977],[-75.54052,6.24228]],[[-75.53957,6.24176],[-75.53955,6.24169],[-75.5395,6.24174],[-75.53957,6.24176]],[[-75.54011,6.24234],[-75.54007,6.24286],[-75.54039,6.24255],[-75.54011,6.24234]],[[-75.54047,6.24296],[-75.54052,6.24301],[-75.54052,6.24291],[-75.54047,6.24296]],[[-75.54051,6.24352],[-75.54052,6.24365],[-75.54052,6.24344],[-75.54051,6.24352]],[[-75.541,6.24242],[-75.54113,6.24242],[-75.54106,6.24238],[-75.541,6.24242]],[[-75.54141,6.24241],[-75.54147,6.24243],[-75.54148,6.24238],[-75.54141,6.24241]]],[[[-75.54203,6.24589],[-75.54276,6.24759],[-75.54219,6.24826],[-75.54468,6.2479],[-75.54413,6.24909],[-75.54542,6.24866],[-75.54215,6.24982],[-75.54253,6.25057],[-75.53932,6.2527],[-75.54115,6.25227],[-75.53918,6.25285],[-75.54182,6.24947],[-75.54006,6.24906],[-75.53879,6.24877],[-75.54164,6.24884],[-75.54203,6.24589]],[[-75.54043,6.24906],[-75.54035,6.24902],[-75.54006,6.24906],[-75.54043,6.24906]],[[-75.54175,6.25041],[-75.54177,6.25041],[-75.54176,6.2504],[-75.54175,6.25041]],[[-75.54214,6.24805],[-75.542,6.24804],[-75.54204,6.24808],[-75.54214,6.24805]],[[-75.5421,6.24838],[-75.54208,6.24839],[-75.5425,6.24847],[-75.5421,6.24838]],[[-75.5421,6.24812],[-75.54216,6.24818],[-75.54218,6.24813],[-75.5421,6.24812]],[[-75.54213,6.24954],[-75.54212,6.24962],[-75.5422,6.24962],[-75.54213,6.24954]],[[-75.54344,6.24916],[-75.54257,6.24915],[-75.54263,6.24956],[-75.54344,6.24916]],[[-75.54282,6.24841],[-75.54304,6.24836],[-75.54278,6.24837],[-75.54282,6.24841]]],[[[-75.54189,6.27734],[-75.53929,6.28391],[-75.53928,6.28269],[-75.54189,6.27734]],[[-75.54049,6.28056],[-75.54052,6.28052],[-75.54049,6.28047],[-75.54049,6.28056]]],[[[-75.54101,6.23934],[-75.54262,6.24041],[-75.54371,6.24171],[-75.53973,6.24005],[-75.54101,6.23934]],[[-75.54045,6.23997],[-75.54051,6.24005],[-75.54052,6.23991],[-75.54045,6.23997]],[[-75.54079,6.23965],[-75.54073,6.23967],[-75.54079,6.2397],[-75.54079,6.23965]],[[-75.54109,6.23943],[-75.54092,6.23941],[-75.54105,6.23973],[-75.54109,6.23943]],[[-75.54261,6.24093],[-75.5427,6.24096],[-75.54269,6.24089],[-75.54261,6.24093]]],[[[-75.54077,6.23627],[-75.544,6.23818],[-75.54053,6.23713],[-75.54077,6.23627]],[[-75.54077,6.2363],[-75.54078,6.23637],[-75.54079,6.23632],[-75.54077,6.2363]]],[[[-75.54128,6.29448],[-75.54068,6.29488],[-75.54076,6.2925],[-75.54159,6.29151],[-75.54128,6.29448]],[[-75.54107,6.29246],[-75.5411,6.2923],[-75.54106,6.29224],[-75.54107,6.29246]]],[[[-75.54187,6.23148],[-75.54214,6.23286],[-75.541,6.23182],[-75.54158,6.23059],[-75.54187,6.23148]]],[[[-75.54241,6.29506],[-75.54133,6.29501],[-75.54242,6.29438],[-75.54315,6.29745],[-75.54129,6.29503],[-75.54286,6.29668],[-75.54241,6.29506]]],[[[-75.54229,6.22473],[-75.54446,6.23111],[-75.54281,6.22732],[-75.54145,6.22756],[-75.54261,6.22703],[-75.54199,6.22566],[-75.54229,6.22473]],[[-75.54227,6.22554],[-75.54236,6.22565],[-75.54238,6.22546],[-75.54227,6.22554]],[[-75.54277,6.22711],[-75.54291,6.2273],[-75.54288,6.22702],[-75.54277,6.22711]]],[[[-75.54394,6.2533],[-75.54198,6.25406],[-75.54373,6.25074],[-75.54471,6.25199],[-75.54392,6.25039],[-75.54744,6.24816],[-75.54851,6.25143],[-75.54781,6.25082],[-75.54394,6.2533]],[[-75.54441,6.25205],[-75.54426,6.25216],[-75.54441,6.25228],[-75.54441,6.25205]],[[-75.54462,6.25057],[-75.54447,6.25051],[-75.54462,6.25068],[-75.54462,6.25057]],[[-75.54483,6.24999],[-75.54545,6.2505],[-75.54545,6.25033],[-75.54483,6.24999]],[[-75.54618,6.25055],[-75.54763,6.25066],[-75.54691,6.25003],[-75.5475,6.2495],[-75.54623,6.24944],[-75.54618,6.25055]],[[-75.54665,6.25128],[-75.54677,6.25115],[-75.54666,6.25104],[-75.54665,6.25128]],[[-75.5467,6.24901],[-75.54675,6.24911],[-75.54681,6.24897],[-75.5467,6.24901]],[[-75.54715,6.24881],[-75.54746,6.24885],[-75.5474,6.24866],[-75.54715,6.24881]],[[-75.54731,6.2503],[-75.54739,6.25027],[-75.54728,6.25022],[-75.54731,6.2503]]],[[[-75.54283,6.25925],[-75.54233,6.25854],[-75.54691,6.26187],[-75.54636,6.26243],[-75.54635,6.26367],[-75.54621,6.26275],[-75.54574,6.26334],[-75.54283,6.25925]],[[-75.54244,6.25868],[-75.54246,6.2587],[-75.54246,6.25867],[-75.54244,6.25868]],[[-75.54574,6.26332],[-75.54579,6.26235],[-75.54543,6.26238],[-75.54574,6.26332]],[[-75.54641,6.26203],[-75.54638,6.26204],[-75.54639,6.26206],[-75.54641,6.26203]]],[[[-75.54284,6.26722],[-75.54364,6.27415],[-75.54249,6.26742],[-75.54257,6.2666],[-75.54284,6.26722]]],[[[-75.54617,6.27422],[-75.54622,6.27433],[-75.54544,6.27783],[-75.5458,6.27775],[-75.54608,6.27928],[-75.54584,6.27945],[-75.54518,6.27903],[-75.54412,6.28384],[-75.54417,6.28225],[-75.54262,6.28438],[-75.54537,6.2765],[-75.54617,6.27422]],[[-75.54483,6.28007],[-75.54483,6.28011],[-75.54486,6.28009],[-75.54483,6.28007]],[[-75.54539,6.27893],[-75.54519,6.27897],[-75.54519,6.27898],[-75.54539,6.27893]],[[-75.54555,6.27862],[-75.54534,6.2788],[-75.54568,6.27881],[-75.54555,6.27862]],[[-75.54581,6.27799],[-75.5454,6.27805],[-75.54539,6.27809],[-75.54581,6.27799]],[[-75.54555,6.27819],[-75.54542,6.2782],[-75.54571,6.2782],[-75.54555,6.27819]]],[[[-75.54364,6.27415],[-75.54473,6.27228],[-75.5453,6.27229],[-75.54617,6.27422],[-75.54364,6.27415]],[[-75.54478,6.2734],[-75.54454,6.27318],[-75.54454,6.27377],[-75.54478,6.2734]],[[-75.54479,6.2736],[-75.54479,6.27353],[-75.54474,6.27358],[-75.54479,6.2736]],[[-75.54527,6.27334],[-75.54518,6.27332],[-75.54521,6.2734],[-75.54527,6.27334]]],[[[-75.5429,6.29568],[-75.5431,6.29032],[-75.54311,6.29035],[-75.54314,6.29605],[-75.5429,6.29568]],[[-75.54304,6.29473],[-75.54298,6.29467],[-75.54297,6.29477],[-75.54304,6.29473]]],[[[-75.54528,6.29611],[-75.54759,6.29572],[-75.54512,6.29692],[-75.54311,6.29035],[-75.54528,6.29611]],[[-75.54612,6.29635],[-75.54592,6.29634],[-75.546,6.29646],[-75.54612,6.29635]]],[[[-75.54552,6.28777],[-75.54635,6.28978],[-75.54719,6.29095],[-75.54473,6.29045],[-75.54518,6.29167],[-75.54384,6.29124],[-75.54475,6.28848],[-75.54552,6.28777]],[[-75.54522,6.29015],[-75.54608,6.29059],[-75.54635,6.28978],[-75.54522,6.29015]],[[-75.54434,6.29036],[-75.54432,6.29061],[-75.54437,6.29058],[-75.54434,6.29036]],[[-75.54432,6.29073],[-75.54432,6.29084],[-75.54436,6.2908],[-75.54432,6.29073]],[[-75.545,6.28961],[-75.545,6.28952],[-75.54499,6.28954],[-75.545,6.28961]],[[-75.54507,6.28903],[-75.54505,6.28896],[-75.54503,6.28899],[-75.54507,6.28903]],[[-75.54524,6.28868],[-75.54514,6.28911],[-75.5452,6.28918],[-75.54524,6.28868]],[[-75.54539,6.28844],[-75.54552,6.28823],[-75.54539,6.28801],[-75.54539,6.28844]],[[-75.54588,6.28934],[-75.54553,6.28918],[-75.54561,6.2894],[-75.54588,6.28934]],[[-75.54579,6.28855],[-75.54575,6.28842],[-75.54559,6.28847],[-75.54579,6.28855]],[[-75.54599,6.28956],[-75.54604,6.28934],[-75.54586,6.28944],[-75.54599,6.28956]],[[-75.54621,6.28969],[-75.5462,6.28973],[-75.54623,6.28972],[-75.54621,6.28969]]],[[[-75.548,6.24011],[-75.54412,6.23721],[-75.54385,6.23621],[-75.548,6.24011]]],[[[-75.5462,6.24112],[-75.5468,6.24396],[-75.54817,6.24401],[-75.54776,6.24474],[-75.54695,6.24439],[-75.54405,6.23939],[-75.54528,6.24005],[-75.54416,6.23729],[-75.54694,6.24086],[-75.54566,6.24039],[-75.54756,6.24209],[-75.54757,6.24206],[-75.54771,6.24213],[-75.54869,6.24309],[-75.54822,6.24392],[-75.5462,6.24112]],[[-75.54457,6.23997],[-75.54458,6.23996],[-75.54456,6.23996],[-75.54457,6.23997]],[[-75.54608,6.24106],[-75.54608,6.24103],[-75.54601,6.24104],[-75.54608,6.24106]],[[-75.54799,6.24277],[-75.54798,6.24286],[-75.54803,6.24281],[-75.54799,6.24277]],[[-75.5481,6.24343],[-75.54811,6.24331],[-75.54803,6.24335],[-75.5481,6.24343]]],[[[-75.5467,6.3036],[-75.54416,6.3025],[-75.54459,6.3021],[-75.54614,6.30225],[-75.5467,6.3036]],[[-75.54452,6.30247],[-75.54448,6.30246],[-75.54448,6.3025],[-75.54452,6.30247]],[[-75.54584,6.30263],[-75.54588,6.30259],[-75.54584,6.30254],[-75.54584,6.30263]]],[[[-75.54613,6.28744],[-75.54425,6.28715],[-75.54545,6.28532],[-75.54739,6.28617],[-75.54879,6.28431],[-75.54546,6.2853],[-75.5464,6.28326],[-75.5499,6.28471],[-75.54814,6.28772],[-75.54813,6.28774],[-75.54677,6.28753],[-75.54703,6.28622],[-75.54674,6.28753],[-75.54613,6.28744]],[[-75.54812,6.28721],[-75.54762,6.28756],[-75.54814,6.28772],[-75.54812,6.28721]],[[-75.54554,6.28608],[-75.54471,6.28675],[-75.54649,6.28687],[-75.54573,6.28664],[-75.54554,6.28608]],[[-75.54561,6.28605],[-75.546,6.2859],[-75.54538,6.28579],[-75.54561,6.28605]],[[-75.54578,6.28496],[-75.54576,6.28497],[-75.54579,6.28498],[-75.54578,6.28496]],[[-75.54641,6.28621],[-75.54611,6.28658],[-75.5466,6.2868],[-75.54641,6.28621]],[[-75.54651,6.28616],[-75.54645,6.28619],[-75.54667,6.28619],[-75.54651,6.28616]],[[-75.54674,6.28685],[-75.54669,6.28689],[-75.54674,6.28696],[-75.54674,6.28685]],[[-75.54687,6.28618],[-75.54685,6.28619],[-75.54687,6.28621],[-75.54687,6.28618]],[[-75.54756,6.28455],[-75.54774,6.28436],[-75.54735,6.28442],[-75.54756,6.28455]],[[-75.54756,6.28413],[-75.54756,6.28423],[-75.54762,6.28417],[-75.54756,6.28413]],[[-75.54833,6.28649],[-75.5478,6.28625],[-75.54772,6.28686],[-75.54833,6.28649]],[[-75.54878,6.28642],[-75.54873,6.28645],[-75.54884,6.28645],[-75.54878,6.28642]],[[-75.5495,6.28491],[-75.54919,6.28523],[-75.54945,6.28528],[-75.5495,6.28491]]],[[[-75.54832,6.23366],[-75.54768,6.22834],[-75.5461,6.22848],[-75.54801,6.22781],[-75.54856,6.23496],[-75.54477,6.23002],[-75.54512,6.22883],[-75.54832,6.23366]],[[-75.54793,6.22802],[-75.54766,6.22802],[-75.54781,6.22821],[-75.54793,6.22802]]],[[[-75.54533,6.23645],[-75.54494,6.23468],[-75.54614,6.23579],[-75.54713,6.23732],[-75.54533,6.23645]],[[-75.54563,6.23616],[-75.54536,6.23629],[-75.54553,6.23649],[-75.54563,6.23616]],[[-75.54608,6.23669],[-75.54606,6.23666],[-75.54606,6.23671],[-75.54608,6.23669]]],[[[-75.54678,6.30505],[-75.55266,6.30706],[-75.55255,6.30688],[-75.55294,6.30642],[-75.55271,6.30711],[-75.55307,6.30749],[-75.54515,6.30458],[-75.54633,6.30489],[-75.54678,6.30505]],[[-75.54667,6.30503],[-75.54684,6.30517],[-75.54678,6.30505],[-75.54667,6.30503]],[[-75.54937,6.30599],[-75.54951,6.306],[-75.5494,6.30597],[-75.54937,6.30599]],[[-75.55017,6.30638],[-75.55024,6.30639],[-75.55018,6.30625],[-75.55017,6.30638]]],[[[-75.54529,6.27034],[-75.54617,6.2692],[-75.54636,6.27036],[-75.54639,6.27121],[-75.54529,6.27034]],[[-75.54575,6.27018],[-75.54533,6.27033],[-75.54572,6.27057],[-75.54575,6.27018]],[[-75.5459,6.2708],[-75.54597,6.27073],[-75.5459,6.27066],[-75.5459,6.2708]]],[[[-75.54759,6.22682],[-75.54869,6.22613],[-75.54557,6.22732],[-75.54604,6.22573],[-75.54878,6.22608],[-75.54885,6.22776],[-75.54759,6.22682]]],[[[-75.54766,6.2954],[-75.546,6.29512],[-75.54665,6.29385],[-75.54766,6.2954]]],[[[-75.54788,6.27875],[-75.54935,6.28093],[-75.54769,6.28106],[-75.54771,6.28029],[-75.54617,6.28105],[-75.54788,6.27875]]],[[[-75.54945,6.24843],[-75.54938,6.24873],[-75.54632,6.2469],[-75.54656,6.2452],[-75.54654,6.24657],[-75.54854,6.24722],[-75.54945,6.24843]],[[-75.54661,6.24686],[-75.54636,6.24687],[-75.54665,6.24698],[-75.54661,6.24686]],[[-75.54688,6.24674],[-75.54692,6.24674],[-75.54691,6.24672],[-75.54688,6.24674]],[[-75.54712,6.24701],[-75.54736,6.247],[-75.54722,6.24698],[-75.54712,6.24701]],[[-75.54827,6.2473],[-75.54743,6.24725],[-75.54819,6.24779],[-75.54827,6.2473]]],[[[-75.54703,6.27493],[-75.54709,6.27488],[-75.54688,6.27958],[-75.54635,6.27838],[-75.54703,6.27493]],[[-75.54684,6.27602],[-75.54685,6.27618],[-75.54699,6.2761],[-75.54684,6.27602]]],[[[-75.54862,6.27007],[-75.54861,6.27073],[-75.5467,6.2711],[-75.54852,6.2689],[-75.54862,6.26992],[-75.54762,6.27062],[-75.54862,6.27007]],[[-75.54742,6.27083],[-75.54719,6.27079],[-75.54713,6.27101],[-75.54742,6.27083]],[[-75.54854,6.26943],[-75.54846,6.26929],[-75.54846,6.26954],[-75.54854,6.26943]]],[[[-75.54739,6.3005],[-75.5476,6.29968],[-75.54675,6.30004],[-75.54727,6.29958],[-75.54708,6.29948],[-75.54774,6.29875],[-75.54863,6.29775],[-75.54831,6.299],[-75.54858,6.29875],[-75.54847,6.30037],[-75.54786,6.30073],[-75.54841,6.30119],[-75.54784,6.30081],[-75.54762,6.30168],[-75.54739,6.3005]],[[-75.54776,6.29903],[-75.54791,6.29892],[-75.54774,6.29875],[-75.54776,6.29903]],[[-75.54761,6.30042],[-75.54746,6.30043],[-75.54761,6.30054],[-75.54761,6.30042]],[[-75.54767,6.29907],[-75.54759,6.29902],[-75.54762,6.29915],[-75.54767,6.29907]],[[-75.54776,6.29935],[-75.54766,6.29923],[-75.54763,6.29942],[-75.54776,6.29935]],[[-75.54793,6.29963],[-75.54788,6.29958],[-75.54787,6.2997],[-75.54793,6.29963]],[[-75.54813,6.29835],[-75.54789,6.2986],[-75.54814,6.29859],[-75.54813,6.29835]],[[-75.54799,6.29929],[-75.54798,6.29939],[-75.54804,6.2994],[-75.54799,6.29929]],[[-75.54806,6.29996],[-75.5483,6.30009],[-75.54828,6.29986],[-75.54806,6.29996]],[[-75.54814,6.29915],[-75.54821,6.29907],[-75.54814,6.299],[-75.54814,6.29915]],[[-75.54828,6.29832],[-75.54835,6.29826],[-75.54828,6.29821],[-75.54828,6.29832]],[[-75.5484,6.29916],[-75.54834,6.2992],[-75.54839,6.29925],[-75.5484,6.29916]]],[[[-75.54725,6.29095],[-75.54932,6.28957],[-75.55344,6.29069],[-75.5499,6.29015],[-75.55043,6.2907],[-75.54725,6.29095]],[[-75.54976,6.29056],[-75.54992,6.29051],[-75.54975,6.29044],[-75.54976,6.29056]]],[[[-75.55224,6.29068],[-75.54928,6.2921],[-75.54743,6.29264],[-75.54808,6.29127],[-75.54973,6.29128],[-75.55109,6.29071],[-75.55224,6.29068]],[[-75.5508,6.29123],[-75.55069,6.29101],[-75.55068,6.29141],[-75.5508,6.29123]]],[[[-75.54833,6.26196],[-75.5485,6.26178],[-75.54836,6.26162],[-75.54856,6.26104],[-75.55348,6.26184],[-75.54833,6.26196]],[[-75.54889,6.26164],[-75.54885,6.26158],[-75.54883,6.26167],[-75.54889,6.26164]]],[[[-75.55454,6.20845],[-75.54851,6.2046],[-75.55456,6.20844],[-75.55454,6.20845]]],[[[-75.55135,6.21061],[-75.55401,6.21011],[-75.55509,6.21435],[-75.5512,6.21062],[-75.55454,6.20845],[-75.55135,6.21061]],[[-75.55375,6.21026],[-75.55386,6.21024],[-75.55369,6.21024],[-75.55375,6.21026]],[[-75.55427,6.2114],[-75.55428,6.21131],[-75.55422,6.2113],[-75.55427,6.2114]]],[[[-75.55521,6.2041],[-75.55341,6.20541],[-75.55516,6.20578],[-75.55233,6.2062],[-75.55372,6.20694],[-75.54855,6.2044],[-75.55249,6.20522],[-75.55559,6.20237],[-75.55139,6.2008],[-75.55575,6.20226],[-75.55278,6.20528],[-75.55521,6.2041]],[[-75.55239,6.20545],[-75.55234,6.2055],[-75.55242,6.20546],[-75.55239,6.20545]]],[[[-75.54898,6.23454],[-75.55016,6.23388],[-75.55312,6.23646],[-75.54898,6.23454]]],[[[-75.54964,6.25894],[-75.55205,6.26043],[-75.55331,6.26167],[-75.54909,6.25952],[-75.54964,6.25894]],[[-75.5495,6.25961],[-75.54954,6.25961],[-75.54952,6.25959],[-75.5495,6.25961]],[[-75.54978,6.25964],[-75.54984,6.25961],[-75.54979,6.25956],[-75.54978,6.25964]],[[-75.55039,6.25946],[-75.55004,6.25926],[-75.54989,6.25956],[-75.55039,6.25946]]],[[[-75.5515,6.29376],[-75.55165,6.29447],[-75.55032,6.29464],[-75.5518,6.29516],[-75.54944,6.29473],[-75.5515,6.29376]],[[-75.5515,6.29397],[-75.55143,6.29404],[-75.55149,6.29409],[-75.5515,6.29397]]],[[[-75.54965,6.30186],[-75.55224,6.30246],[-75.55092,6.30298],[-75.54965,6.30186]]],[[[-75.55223,6.25099],[-75.55205,6.25262],[-75.55071,6.25165],[-75.54992,6.25082],[-75.55223,6.25099]],[[-75.55121,6.25167],[-75.55174,6.25163],[-75.55138,6.25149],[-75.55121,6.25167]]],[[[-75.55053,6.29935],[-75.55021,6.29958],[-75.5511,6.29821],[-75.55301,6.29976],[-75.55053,6.29935]],[[-75.55071,6.29931],[-75.55064,6.29933],[-75.55069,6.29934],[-75.55071,6.29931]]],[[[-75.55209,6.24909],[-75.5504,6.24906],[-75.55209,6.24723],[-75.55307,6.24831],[-75.55132,6.24848],[-75.55387,6.2492],[-75.55209,6.24909]]],[[[-75.55154,6.25607],[-75.55068,6.25715],[-75.55057,6.25708],[-75.55229,6.25436],[-75.55541,6.25122],[-75.55207,6.25548],[-75.55154,6.25607]],[[-75.55125,6.25635],[-75.55127,6.25636],[-75.55127,6.25634],[-75.55125,6.25635]]],[[[-75.55263,6.2683],[-75.55069,6.26831],[-75.5536,6.26742],[-75.55263,6.2683]]],[[[-75.5559,6.21669],[-75.55902,6.21974],[-75.55914,6.21987],[-75.55553,6.21782],[-75.55635,6.21727],[-75.55506,6.21755],[-75.55398,6.21694],[-75.55467,6.21554],[-75.55113,6.21376],[-75.55526,6.21502],[-75.5555,6.21595],[-75.55478,6.21559],[-75.5559,6.21669]],[[-75.55585,6.21675],[-75.5559,6.21681],[-75.5559,6.21669],[-75.55585,6.21675]],[[-75.55534,6.21641],[-75.55464,6.21583],[-75.55461,6.21692],[-75.55534,6.21641]],[[-75.55481,6.21711],[-75.55464,6.21714],[-75.55479,6.2172],[-75.55481,6.21711]],[[-75.55575,6.21689],[-75.55576,6.21691],[-75.55577,6.21688],[-75.55575,6.21689]]],[[[-75.55292,6.3042],[-75.55148,6.30332],[-75.55224,6.30246],[-75.55292,6.3042]]],[[[-75.55278,6.29699],[-75.5515,6.29758],[-75.55236,6.29627],[-75.55356,6.29686],[-75.55304,6.29976],[-75.55278,6.29699]]],[[[-75.55489,6.29237],[-75.55545,6.29256],[-75.55483,6.29463],[-75.55465,6.29523],[-75.55408,6.29363],[-75.55263,6.29584],[-75.55408,6.29361],[-75.55397,6.29326],[-75.55489,6.29237]],[[-75.55489,6.29346],[-75.55463,6.29437],[-75.55483,6.29463],[-75.55489,6.29346]],[[-75.55502,6.29264],[-75.55501,6.29267],[-75.55502,6.29268],[-75.55502,6.29264]]],[[[-75.55268,6.30247],[-75.55526,6.30045],[-75.55544,6.30128],[-75.55317,6.30237],[-75.55532,6.3028],[-75.55553,6.3017],[-75.55587,6.30326],[-75.55268,6.30247]],[[-75.55315,6.30227],[-75.5531,6.30232],[-75.55317,6.30233],[-75.55315,6.30227]],[[-75.55397,6.30185],[-75.55389,6.3019],[-75.55395,6.30196],[-75.55397,6.30185]],[[-75.55547,6.30285],[-75.55543,6.30285],[-75.55546,6.30288],[-75.55547,6.30285]],[[-75.55546,6.30223],[-75.55545,6.30229],[-75.55546,6.30232],[-75.55546,6.30223]],[[-75.5557,6.30293],[-75.55554,6.30298],[-75.55573,6.30305],[-75.5557,6.30293]]],[[[-75.5536,6.26849],[-75.55367,6.26868],[-75.55388,6.26847],[-75.55421,6.26937],[-75.55388,6.26981],[-75.55443,6.26999],[-75.55279,6.26958],[-75.5536,6.26849]],[[-75.55346,6.26907],[-75.55346,6.2691],[-75.55349,6.26905],[-75.55346,6.26907]]],[[[-75.55287,6.25702],[-75.5532,6.25661],[-75.55427,6.25738],[-75.55337,6.25816],[-75.55431,6.25741],[-75.55346,6.25845],[-75.55287,6.25702]],[[-75.55357,6.25816],[-75.55349,6.25823],[-75.55356,6.2583],[-75.55357,6.25816]],[[-75.55349,6.25742],[-75.55357,6.25743],[-75.55355,6.25736],[-75.55349,6.25742]],[[-75.55363,6.2581],[-75.55369,6.25815],[-75.55371,6.25804],[-75.55363,6.2581]],[[-75.55383,6.25783],[-75.55384,6.25784],[-75.55385,6.25781],[-75.55383,6.25783]]],[[[-75.55697,6.30001],[-75.5564,6.30015],[-75.5564,6.30007],[-75.55616,6.30013],[-75.55355,6.30083],[-75.55374,6.29975],[-75.55383,6.30049],[-75.55624,6.29947],[-75.55697,6.30001]],[[-75.55612,6.30011],[-75.55605,6.30013],[-75.55616,6.30013],[-75.55612,6.30011]],[[-75.55641,6.29972],[-75.5564,6.29973],[-75.55644,6.29973],[-75.55641,6.29972]]],[[[-75.5565,6.19465],[-75.55358,6.19375],[-75.55604,6.19312],[-75.5565,6.19465]]],[[[-75.55615,6.19494],[-75.55599,6.19851],[-75.5536,6.19386],[-75.55615,6.19494]],[[-75.55593,6.19493],[-75.55598,6.19494],[-75.55598,6.19489],[-75.55593,6.19493]]],[[[-75.55382,6.23228],[-75.55491,6.23255],[-75.55957,6.2319],[-75.5598,6.22998],[-75.55714,6.23042],[-75.56071,6.22951],[-75.56103,6.22978],[-75.56035,6.22989],[-75.55965,6.23193],[-75.5542,6.23268],[-75.55382,6.23228]]],[[[-75.55384,6.26248],[-75.55591,6.25869],[-75.55707,6.26119],[-75.55548,6.26183],[-75.55534,6.26304],[-75.55477,6.26271],[-75.55547,6.26183],[-75.55384,6.26248]],[[-75.55464,6.26206],[-75.5547,6.26204],[-75.55467,6.26198],[-75.55464,6.26206]],[[-75.55555,6.26052],[-75.55574,6.26075],[-75.55584,6.26063],[-75.55555,6.26052]],[[-75.55556,6.25986],[-75.55591,6.26003],[-75.55598,6.25975],[-75.55556,6.25986]],[[-75.55562,6.26159],[-75.5556,6.26162],[-75.55562,6.26165],[-75.55562,6.26159]],[[-75.55597,6.26145],[-75.55593,6.26147],[-75.55591,6.26152],[-75.55597,6.26145]],[[-75.55644,6.25993],[-75.55609,6.25999],[-75.55623,6.26062],[-75.55644,6.25993]],[[-75.55659,6.2609],[-75.55681,6.26075],[-75.5567,6.26046],[-75.55659,6.2609]]],[[[-75.55584,6.29166],[-75.55441,6.29051],[-75.55396,6.29099],[-75.55394,6.29041],[-75.55449,6.28885],[-75.55548,6.2909],[-75.55584,6.29166]],[[-75.55421,6.28974],[-75.55423,6.2897],[-75.55421,6.28968],[-75.55421,6.28974]],[[-75.55448,6.28986],[-75.55466,6.28982],[-75.55458,6.28964],[-75.55448,6.28986]],[[-75.55459,6.28939],[-75.55449,6.2894],[-75.55449,6.28941],[-75.55459,6.28939]],[[-75.55457,6.28997],[-75.55462,6.28998],[-75.55462,6.28996],[-75.55457,6.28997]],[[-75.55475,6.28973],[-75.55479,6.2897],[-75.55476,6.28967],[-75.55475,6.28973]],[[-75.55489,6.29002],[-75.55491,6.28995],[-75.55485,6.28995],[-75.55489,6.29002]]],[[[-75.55495,6.25792],[-75.55554,6.25841],[-75.55425,6.25845],[-75.55459,6.25909],[-75.554,6.2594],[-75.55424,6.25925],[-75.554,6.25884],[-75.55452,6.25756],[-75.55495,6.25792]],[[-75.5546,6.25823],[-75.55465,6.25829],[-75.55466,6.25818],[-75.5546,6.25823]]],[[[-75.55598,6.1986],[-75.55584,6.20178],[-75.55563,6.20035],[-75.55421,6.19937],[-75.55598,6.1986]]],[[[-75.555,6.30631],[-75.55428,6.30632],[-75.55474,6.30484],[-75.55534,6.30667],[-75.55437,6.30635],[-75.555,6.30631]],[[-75.55466,6.30577],[-75.55462,6.30582],[-75.55465,6.30587],[-75.55466,6.30577]],[[-75.55479,6.30593],[-75.55472,6.3061],[-75.55484,6.30609],[-75.55479,6.30593]],[[-75.55493,6.30555],[-75.55492,6.30556],[-75.55493,6.30559],[-75.55493,6.30555]]],[[[-75.55521,6.29804],[-75.55626,6.29737],[-75.55613,6.29858],[-75.55607,6.29863],[-75.55612,6.29868],[-75.55612,6.2987],[-75.55461,6.29769],[-75.5552,6.29722],[-75.55521,6.29804]]],[[[-75.55512,6.21011],[-75.55551,6.20857],[-75.55655,6.20979],[-75.55566,6.21124],[-75.55471,6.21078],[-75.55512,6.21011]]],[[[-75.55531,6.29477],[-75.55576,6.29354],[-75.5592,6.29526],[-75.55531,6.29477]],[[-75.55553,6.29471],[-75.55601,6.29477],[-75.55588,6.29462],[-75.55553,6.29471]]],[[[-75.55594,6.20476],[-75.55651,6.20653],[-75.55815,6.20487],[-75.55629,6.20834],[-75.55594,6.20476]]],[[[-75.55849,6.21205],[-75.55679,6.21158],[-75.55615,6.212],[-75.55595,6.21132],[-75.55761,6.21103],[-75.55849,6.21205]],[[-75.5564,6.21145],[-75.55642,6.21148],[-75.55643,6.21146],[-75.5564,6.21145]],[[-75.55764,6.21156],[-75.55764,6.21159],[-75.55765,6.21155],[-75.55764,6.21156]]],[[[-75.56102,6.18792],[-75.55956,6.19193],[-75.55714,6.19117],[-75.55921,6.19161],[-75.56078,6.1884],[-75.55641,6.18548],[-75.56102,6.18792]]],[[[-75.55853,6.1865],[-75.55671,6.18545],[-75.5582,6.18178],[-75.55853,6.1865]],[[-75.55744,6.18455],[-75.55758,6.18433],[-75.55743,6.18413],[-75.55744,6.18455]],[[-75.55821,6.18555],[-75.55824,6.18559],[-75.55825,6.1855],[-75.55821,6.18555]],[[-75.55824,6.18616],[-75.55833,6.18609],[-75.55826,6.18601],[-75.55824,6.18616]]],[[[-75.55888,6.20861],[-75.55693,6.20822],[-75.55852,6.20823],[-75.55873,6.20517],[-75.55888,6.20861]]],[[[-75.55706,6.2921],[-75.56133,6.29319],[-75.56019,6.29451],[-75.55706,6.2921]],[[-75.55885,6.29267],[-75.55882,6.29266],[-75.55882,6.29268],[-75.55885,6.29267]],[[-75.55907,6.29286],[-75.55896,6.29271],[-75.55896,6.29297],[-75.55907,6.29286]],[[-75.55931,6.29337],[-75.55943,6.29336],[-75.55937,6.29328],[-75.55931,6.29337]],[[-75.56023,6.29328],[-75.5596,6.29341],[-75.56034,6.29432],[-75.56023,6.29328]],[[-75.55983,6.29321],[-75.55991,6.29329],[-75.55991,6.29314],[-75.55983,6.29321]]],[[[-75.55706,6.20223],[-75.55822,6.20162],[-75.55869,6.20297],[-75.55706,6.20223]],[[-75.55854,6.20264],[-75.55834,6.20245],[-75.55815,6.20256],[-75.55854,6.20264]]],[[[-75.55732,6.25919],[-75.55889,6.2573],[-75.55846,6.25643],[-75.55949,6.25754],[-75.55732,6.25919]]],[[[-75.5582,6.2771],[-75.55748,6.27853],[-75.55824,6.27866],[-75.5574,6.27872],[-75.55831,6.27631],[-75.56011,6.27833],[-75.5582,6.2771]]],[[[-75.56321,6.18351],[-75.56023,6.18682],[-75.5586,6.18163],[-75.56056,6.18623],[-75.5609,6.18015],[-75.56387,6.18277],[-75.56228,6.18227],[-75.56321,6.18351]],[[-75.56095,6.18218],[-75.56098,6.18215],[-75.56095,6.1821],[-75.56095,6.18218]],[[-75.56108,6.18196],[-75.56125,6.18152],[-75.56121,6.18139],[-75.56108,6.18196]],[[-75.56176,6.18351],[-75.56178,6.18351],[-75.56177,6.18349],[-75.56176,6.18351]]],[[[-75.55868,6.30282],[-75.56028,6.30197],[-75.55982,6.30323],[-75.55983,6.30411],[-75.55868,6.30282]],[[-75.55954,6.30354],[-75.55971,6.30294],[-75.55898,6.30282],[-75.55954,6.30354]],[[-75.5593,6.30335],[-75.55926,6.30323],[-75.55926,6.30339],[-75.5593,6.30335]]],[[[-75.56204,6.19399],[-75.5603,6.19286],[-75.56223,6.19396],[-75.55883,6.19955],[-75.55929,6.19745],[-75.56204,6.19399]]],[[[-75.56035,6.23622],[-75.55893,6.23493],[-75.56041,6.23499],[-75.55982,6.23545],[-75.56062,6.235],[-75.56035,6.23622]]],[[[-75.56342,6.31203],[-75.55916,6.31201],[-75.56212,6.31091],[-75.56342,6.31203]],[[-75.56125,6.31152],[-75.56118,6.31145],[-75.56117,6.31159],[-75.56125,6.31152]],[[-75.5616,6.31149],[-75.56157,6.31151],[-75.56158,6.31156],[-75.5616,6.31149]],[[-75.5621,6.31094],[-75.56206,6.31162],[-75.56239,6.31153],[-75.5621,6.31094]],[[-75.5625,6.31177],[-75.56255,6.31179],[-75.56254,6.31169],[-75.5625,6.31177]],[[-75.56275,6.31178],[-75.56285,6.31178],[-75.5628,6.31177],[-75.56275,6.31178]]],[[[-75.56212,6.2117],[-75.5594,6.21186],[-75.55938,6.20927],[-75.56236,6.2114],[-75.56306,6.20931],[-75.55938,6.20923],[-75.564,6.20896],[-75.56402,6.21158],[-75.56212,6.2117]],[[-75.55942,6.21125],[-75.55941,6.21137],[-75.55946,6.21131],[-75.55942,6.21125]],[[-75.55968,6.21103],[-75.55967,6.21103],[-75.55968,6.21104],[-75.55968,6.21103]],[[-75.55989,6.21146],[-75.55997,6.21147],[-75.56009,6.21137],[-75.55989,6.21146]],[[-75.56061,6.21103],[-75.56015,6.2113],[-75.56024,6.21128],[-75.56061,6.21103]],[[-75.56022,6.21176],[-75.56023,6.21172],[-75.56022,6.21171],[-75.56022,6.21176]],[[-75.5609,6.21117],[-75.56086,6.21119],[-75.5609,6.21118],[-75.5609,6.21117]]],[[[-75.56284,6.21793],[-75.56168,6.21858],[-75.56048,6.21775],[-75.56043,6.21657],[-75.56103,6.2161],[-75.56042,6.21642],[-75.56037,6.21529],[-75.5657,6.2186],[-75.56384,6.22907],[-75.56379,6.22901],[-75.5637,6.22743],[-75.5637,6.22687],[-75.56386,6.22675],[-75.56349,6.22149],[-75.55999,6.22163],[-75.56246,6.2188],[-75.56284,6.21793]],[[-75.56066,6.22148],[-75.56036,6.22144],[-75.56031,6.22161],[-75.56066,6.22148]],[[-75.56105,6.21709],[-75.56061,6.21714],[-75.56119,6.2174],[-75.56105,6.21709]],[[-75.5611,6.21805],[-75.5612,6.21792],[-75.56106,6.21781],[-75.5611,6.21805]],[[-75.56117,6.21762],[-75.56112,6.21768],[-75.56117,6.21773],[-75.56117,6.21762]],[[-75.56112,6.217],[-75.56117,6.21706],[-75.56117,6.21694],[-75.56112,6.217]],[[-75.56161,6.21797],[-75.56163,6.21793],[-75.56164,6.21784],[-75.56161,6.21797]],[[-75.56166,6.21621],[-75.56168,6.21679],[-75.56169,6.21637],[-75.56166,6.21621]],[[-75.56241,6.21725],[-75.5622,6.21748],[-75.56244,6.21773],[-75.56241,6.21725]],[[-75.56271,6.22015],[-75.5635,6.22139],[-75.56338,6.22073],[-75.56271,6.22015]],[[-75.5628,6.21903],[-75.56293,6.2199],[-75.56331,6.21909],[-75.5628,6.21903]],[[-75.56378,6.22744],[-75.56384,6.22745],[-75.56379,6.22737],[-75.56378,6.22744]],[[-75.56385,6.22066],[-75.56393,6.22067],[-75.56391,6.22061],[-75.56385,6.22066]],[[-75.56447,6.21944],[-75.56389,6.21908],[-75.56405,6.22009],[-75.56447,6.21944]],[[-75.56418,6.22604],[-75.56418,6.22608],[-75.56422,6.22607],[-75.56418,6.22604]],[[-75.56426,6.22582],[-75.56434,6.22583],[-75.56432,6.22576],[-75.56426,6.22582]],[[-75.56471,6.21845],[-75.56471,6.21849],[-75.56472,6.21845],[-75.56471,6.21845]],[[-75.56485,6.21859],[-75.56484,6.21864],[-75.56488,6.21863],[-75.56485,6.21859]],[[-75.56536,6.21849],[-75.56539,6.21855],[-75.56539,6.21845],[-75.56536,6.21849]],[[-75.56546,6.21863],[-75.56563,6.21867],[-75.56562,6.21857],[-75.56546,6.21863]],[[-75.5655,6.21915],[-75.56552,6.21918],[-75.56552,6.2191],[-75.5655,6.21915]]],[[[-75.56118,6.1914],[-75.56186,6.1915],[-75.56267,6.19043],[-75.56249,6.19332],[-75.5626,6.19069],[-75.56246,6.1933],[-75.56025,6.19201],[-75.56118,6.1914]],[[-75.561,6.19176],[-75.56096,6.19179],[-75.56105,6.19178],[-75.561,6.19176]]],[[[-75.56141,6.22785],[-75.56036,6.22492],[-75.56195,6.22706],[-75.56141,6.22785]]],[[[-75.56212,6.19934],[-75.56064,6.19698],[-75.56168,6.19574],[-75.56212,6.19934]],[[-75.56085,6.19693],[-75.56085,6.19694],[-75.56086,6.19693],[-75.56085,6.19693]],[[-75.56098,6.19712],[-75.56106,6.19707],[-75.561,6.19701],[-75.56098,6.19712]]],[[[-75.56149,6.2446],[-75.56205,6.24664],[-75.56077,6.24584],[-75.56149,6.2446]]],[[[-75.56135,6.23408],[-75.56277,6.23362],[-75.56225,6.23504],[-75.56135,6.23408]]],[[[-75.56315,6.18843],[-75.56337,6.18863],[-75.56327,6.18946],[-75.56135,6.18895],[-75.5629,6.18784],[-75.56231,6.18736],[-75.56341,6.18798],[-75.56243,6.18864],[-75.56315,6.18843]]],[[[-75.56228,6.17802],[-75.56137,6.17639],[-75.56345,6.17962],[-75.56275,6.1796],[-75.5648,6.18017],[-75.56229,6.17973],[-75.56228,6.17802]]],[[[-75.56301,6.29735],[-75.56485,6.29946],[-75.56141,6.30231],[-75.56181,6.30045],[-75.56174,6.30117],[-75.56361,6.29961],[-75.56222,6.297],[-75.56693,6.29069],[-75.56392,6.2954],[-75.56561,6.29852],[-75.56301,6.29735]],[[-75.56438,6.29736],[-75.56398,6.29562],[-75.56355,6.29642],[-75.56438,6.29736]],[[-75.56365,6.29524],[-75.56384,6.29533],[-75.56379,6.29515],[-75.56365,6.29524]],[[-75.56397,6.29517],[-75.56416,6.29499],[-75.56407,6.29487],[-75.56397,6.29517]],[[-75.56413,6.29466],[-75.56397,6.29469],[-75.5641,6.29473],[-75.56413,6.29466]],[[-75.56424,6.29459],[-75.56429,6.29456],[-75.56422,6.29454],[-75.56424,6.29459]],[[-75.56459,6.29675],[-75.56451,6.29686],[-75.5646,6.29688],[-75.56459,6.29675]]],[[[-75.56166,6.20439],[-75.56246,6.20333],[-75.56263,6.20435],[-75.56423,6.20202],[-75.56383,6.20605],[-75.56166,6.20439]],[[-75.56244,6.20467],[-75.56273,6.20489],[-75.56265,6.20444],[-75.56244,6.20467]],[[-75.56291,6.20468],[-75.56293,6.20464],[-75.56291,6.20451],[-75.56291,6.20468]],[[-75.56394,6.20464],[-75.56306,6.20425],[-75.56385,6.20508],[-75.56394,6.20464]],[[-75.5631,6.20479],[-75.56324,6.20479],[-75.56317,6.20476],[-75.5631,6.20479]]],[[[-75.56211,6.18661],[-75.56284,6.18544],[-75.56718,6.18901],[-75.56608,6.18659],[-75.56746,6.18926],[-75.56211,6.18661]],[[-75.56313,6.18654],[-75.56309,6.1866],[-75.56313,6.18664],[-75.56313,6.18654]]],[[[-75.56596,6.18634],[-75.56844,6.18615],[-75.56608,6.18659],[-75.56596,6.18634]]],[[[-75.56307,6.23338],[-75.56221,6.22764],[-75.56446,6.23317],[-75.56328,6.23479],[-75.56307,6.23338]]],[[[-75.56298,6.26921],[-75.56256,6.26851],[-75.56488,6.26945],[-75.56397,6.27171],[-75.56298,6.26921]],[[-75.56325,6.26905],[-75.5632,6.26904],[-75.56323,6.2691],[-75.56325,6.26905]],[[-75.56431,6.27067],[-75.56431,6.27075],[-75.56433,6.27072],[-75.56431,6.27067]]],[[[-75.56364,6.30546],[-75.56278,6.305],[-75.5641,6.30212],[-75.56364,6.30546]]],[[[-75.56381,6.21556],[-75.56345,6.21483],[-75.56343,6.2148],[-75.56489,6.21403],[-75.56524,6.2148],[-75.56381,6.21556]],[[-75.56401,6.21491],[-75.56413,6.21474],[-75.56345,6.21483],[-75.56401,6.21491]],[[-75.56427,6.21487],[-75.56464,6.21468],[-75.56453,6.21465],[-75.56427,6.21487]],[[-75.56432,6.21455],[-75.56429,6.21453],[-75.56428,6.21455],[-75.56432,6.21455]]],[[[-75.56538,6.30581],[-75.56523,6.3062],[-75.56367,6.30547],[-75.56525,6.30238],[-75.56633,6.30285],[-75.56644,6.30299],[-75.56538,6.30581]],[[-75.56537,6.30578],[-75.56535,6.30581],[-75.56538,6.30581],[-75.56537,6.30578]],[[-75.5647,6.30507],[-75.56463,6.30511],[-75.56473,6.30515],[-75.5647,6.30507]],[[-75.56518,6.30546],[-75.56475,6.30552],[-75.56524,6.30558],[-75.56518,6.30546]],[[-75.565,6.30402],[-75.56476,6.304],[-75.56492,6.3041],[-75.565,6.30402]],[[-75.56488,6.30499],[-75.56482,6.30493],[-75.56482,6.30505],[-75.56488,6.30499]],[[-75.56486,6.30377],[-75.5651,6.30384],[-75.56509,6.30371],[-75.56486,6.30377]],[[-75.5649,6.3035],[-75.56495,6.30353],[-75.56495,6.30346],[-75.5649,6.3035]],[[-75.56516,6.30515],[-75.56501,6.30525],[-75.56528,6.30527],[-75.56516,6.30515]],[[-75.56525,6.30458],[-75.56508,6.30452],[-75.5651,6.30463],[-75.56525,6.30458]],[[-75.56509,6.30424],[-75.56516,6.30417],[-75.56509,6.3041],[-75.56509,6.30424]],[[-75.56516,6.30365],[-75.56525,6.30366],[-75.56522,6.3036],[-75.56516,6.30365]],[[-75.56519,6.30323],[-75.56522,6.30325],[-75.56522,6.30321],[-75.56519,6.30323]],[[-75.56522,6.30445],[-75.56529,6.30434],[-75.56523,6.30428],[-75.56522,6.30445]],[[-75.56548,6.30314],[-75.5658,6.30309],[-75.56522,6.30277],[-75.56548,6.30314]],[[-75.56535,6.30472],[-75.56553,6.30472],[-75.56539,6.30468],[-75.56535,6.30472]],[[-75.56535,6.30356],[-75.56543,6.3035],[-75.56536,6.30343],[-75.56535,6.30356]],[[-75.56548,6.30336],[-75.56549,6.30337],[-75.56549,6.30335],[-75.56548,6.30336]],[[-75.56556,6.30282],[-75.56562,6.30288],[-75.56563,6.30277],[-75.56556,6.30282]],[[-75.56566,6.30484],[-75.56563,6.30479],[-75.56562,6.30487],[-75.56566,6.30484]],[[-75.56572,6.30449],[-75.56619,6.30353],[-75.56567,6.30342],[-75.56572,6.30449]],[[-75.56601,6.30281],[-75.56603,6.30286],[-75.56603,6.30276],[-75.56601,6.30281]],[[-75.56602,6.30323],[-75.56605,6.30322],[-75.56603,6.30321],[-75.56602,6.30323]],[[-75.56617,6.30315],[-75.56624,6.30308],[-75.56617,6.303],[-75.56617,6.30315]]],[[[-75.56738,6.17728],[-75.56739,6.17972],[-75.56381,6.17963],[-75.56738,6.17728]],[[-75.56729,6.17968],[-75.56731,6.17971],[-75.56731,6.17965],[-75.56729,6.17968]]],[[[-75.56517,6.28148],[-75.56489,6.28242],[-75.56383,6.28187],[-75.56385,6.28041],[-75.56401,6.28043],[-75.56444,6.28139],[-75.56517,6.28148]],[[-75.56414,6.2809],[-75.56394,6.28068],[-75.56398,6.28107],[-75.56414,6.2809]]],[[[-75.56439,6.26303],[-75.56609,6.26395],[-75.56399,6.26352],[-75.5651,6.26169],[-75.56547,6.26253],[-75.56439,6.26303]]],[[[-75.5655,6.30958],[-75.56538,6.3102],[-75.56402,6.30893],[-75.56508,6.30848],[-75.5655,6.30958]],[[-75.56419,6.30899],[-75.56466,6.30924],[-75.56513,6.30895],[-75.56419,6.30899]]],[[[-75.56969,6.31091],[-75.56873,6.31224],[-75.56436,6.31191],[-75.56769,6.31128],[-75.56668,6.31087],[-75.56792,6.31],[-75.56826,6.31007],[-75.56969,6.31091]],[[-75.56825,6.31042],[-75.56797,6.31037],[-75.56792,6.31054],[-75.56825,6.31042]],[[-75.56796,6.311],[-75.56826,6.31094],[-75.56798,6.3109],[-75.56796,6.311]]],[[[-75.56723,6.29034],[-75.56453,6.29328],[-75.56563,6.29067],[-75.56673,6.2903],[-75.56625,6.2896],[-75.56568,6.29055],[-75.56667,6.28824],[-75.56723,6.29034]],[[-75.56594,6.29106],[-75.56604,6.29105],[-75.56594,6.29097],[-75.56594,6.29106]],[[-75.56655,6.28915],[-75.56662,6.28912],[-75.56652,6.28911],[-75.56655,6.28915]]],[[[-75.5668,6.21316],[-75.56945,6.2142],[-75.56461,6.21336],[-75.56826,6.21208],[-75.56739,6.21264],[-75.56893,6.21328],[-75.5668,6.21316]]],[[[-75.56593,6.23904],[-75.56471,6.23836],[-75.56679,6.23781],[-75.56593,6.23904]],[[-75.56591,6.23836],[-75.56484,6.23839],[-75.56534,6.23859],[-75.56591,6.23836]]],[[[-75.56526,6.22948],[-75.56551,6.22885],[-75.5678,6.23637],[-75.56696,6.23756],[-75.56541,6.23581],[-75.56526,6.22948]],[[-75.56585,6.23367],[-75.56577,6.23366],[-75.56582,6.23375],[-75.56585,6.23367]],[[-75.56632,6.23421],[-75.56638,6.23422],[-75.56638,6.23419],[-75.56632,6.23421]],[[-75.5665,6.23545],[-75.56692,6.23546],[-75.56684,6.23519],[-75.5665,6.23545]]],[[[-75.56553,6.20323],[-75.56561,6.20244],[-75.56702,6.20555],[-75.5661,6.20516],[-75.5663,6.20628],[-75.56527,6.20521],[-75.56553,6.20323]],[[-75.56561,6.20302],[-75.56561,6.20284],[-75.56557,6.2029],[-75.56561,6.20302]]],[[[-75.56841,6.22378],[-75.56565,6.22315],[-75.56614,6.22252],[-75.56682,6.2233],[-75.56811,6.22227],[-75.5664,6.22217],[-75.56789,6.22023],[-75.5668,6.2206],[-75.56714,6.21697],[-75.56697,6.22045],[-75.56826,6.21846],[-75.56908,6.21984],[-75.56802,6.22019],[-75.56841,6.22378]],[[-75.568,6.22129],[-75.56793,6.22132],[-75.56797,6.2214],[-75.568,6.22129]]],[[[-75.56584,6.22518],[-75.56703,6.22802],[-75.56832,6.22612],[-75.56735,6.23297],[-75.56749,6.22929],[-75.56681,6.23037],[-75.56584,6.22518]],[[-75.56725,6.22892],[-75.5671,6.22884],[-75.56687,6.22891],[-75.56725,6.22892]],[[-75.56732,6.22861],[-75.56732,6.22869],[-75.56734,6.22865],[-75.56732,6.22861]]],[[[-75.566,6.27616],[-75.56704,6.27661],[-75.5662,6.27649],[-75.56762,6.27879],[-75.56761,6.27966],[-75.566,6.27616]],[[-75.56676,6.27745],[-75.5667,6.27747],[-75.56676,6.27752],[-75.56676,6.27745]],[[-75.56731,6.27856],[-75.56732,6.27859],[-75.56737,6.27855],[-75.56731,6.27856]]],[[[-75.56699,6.21498],[-75.56754,6.21423],[-75.56755,6.21426],[-75.56793,6.21491],[-75.56699,6.21629],[-75.56849,6.21729],[-75.56611,6.21664],[-75.56699,6.21498]],[[-75.56752,6.21427],[-75.56754,6.2143],[-75.56755,6.21426],[-75.56752,6.21427]],[[-75.5675,6.21468],[-75.56769,6.21472],[-75.56753,6.21451],[-75.5675,6.21468]]],[[[-75.56799,6.27393],[-75.56621,6.2719],[-75.56821,6.27032],[-75.56799,6.27393]]],[[[-75.57116,6.19453],[-75.56991,6.19555],[-75.56867,6.19504],[-75.56914,6.19338],[-75.56715,6.19482],[-75.56767,6.19261],[-75.57199,6.19468],[-75.57202,6.19522],[-75.57291,6.19485],[-75.57275,6.19666],[-75.57205,6.19564],[-75.57213,6.1985],[-75.57116,6.19453]]],[[[-75.56746,6.25089],[-75.56872,6.25001],[-75.56898,6.25227],[-75.56746,6.25089]],[[-75.56805,6.25104],[-75.56827,6.25085],[-75.56815,6.25068],[-75.56805,6.25104]]],[[[-75.56855,6.19948],[-75.56971,6.20193],[-75.56775,6.20118],[-75.56858,6.19935],[-75.56855,6.19948]]],[[[-75.56823,6.19152],[-75.57074,6.19132],[-75.57147,6.19165],[-75.57047,6.19246],[-75.57066,6.19168],[-75.56789,6.19176],[-75.56823,6.19152]],[[-75.57073,6.19162],[-75.57073,6.19155],[-75.5707,6.1916],[-75.57073,6.19162]]],[[[-75.56879,6.26713],[-75.57009,6.26632],[-75.57059,6.26659],[-75.56981,6.268],[-75.56861,6.26828],[-75.56848,6.26577],[-75.56879,6.26713]],[[-75.56973,6.26721],[-75.56943,6.26726],[-75.56971,6.26747],[-75.56973,6.26721]],[[-75.5698,6.26674],[-75.56989,6.26674],[-75.56986,6.26671],[-75.5698,6.26674]],[[-75.57007,6.26685],[-75.57012,6.26689],[-75.57012,6.26679],[-75.57007,6.26685]],[[-75.57024,6.26662],[-75.57056,6.26662],[-75.57022,6.26647],[-75.57024,6.26662]]],[[[-75.56861,6.2683],[-75.56973,6.26814],[-75.56872,6.26997],[-75.56861,6.2683]],[[-75.5691,6.26853],[-75.56906,6.26836],[-75.56898,6.26846],[-75.5691,6.26853]],[[-75.56932,6.2685],[-75.56931,6.26864],[-75.56944,6.26846],[-75.56932,6.2685]]],[[[-75.57076,6.20849],[-75.56893,6.20876],[-75.57087,6.20695],[-75.57076,6.20849]],[[-75.57021,6.20803],[-75.57024,6.20816],[-75.57023,6.20798],[-75.57021,6.20803]]],[[[-75.5693,6.19857],[-75.57123,6.19879],[-75.57179,6.19969],[-75.57117,6.19998],[-75.5693,6.19857]],[[-75.57093,6.1994],[-75.57119,6.19893],[-75.57071,6.19883],[-75.57093,6.1994]]],[[[-75.57084,6.22813],[-75.57211,6.22621],[-75.57063,6.22503],[-75.56961,6.22343],[-75.57214,6.22563],[-75.57107,6.22503],[-75.57214,6.22621],[-75.57084,6.22813]],[[-75.57096,6.2251],[-75.57125,6.22526],[-75.57105,6.22504],[-75.57096,6.2251]]],[[[-75.57082,6.22816],[-75.57004,6.2251],[-75.57084,6.22813],[-75.57082,6.22816]]],[[[-75.57149,6.21869],[-75.57122,6.22075],[-75.5705,6.21915],[-75.57049,6.22037],[-75.56983,6.21995],[-75.57161,6.21775],[-75.57149,6.21869]],[[-75.57021,6.21993],[-75.57009,6.21976],[-75.56991,6.21989],[-75.57021,6.21993]]],[[[-75.57006,6.31089],[-75.57596,6.30897],[-75.57274,6.30631],[-75.57256,6.30735],[-75.5722,6.30586],[-75.57824,6.30305],[-75.57612,6.30891],[-75.57675,6.30871],[-75.57878,6.31037],[-75.57006,6.31089]],[[-75.57652,6.30957],[-75.57649,6.30956],[-75.57648,6.30957],[-75.57652,6.30957]],[[-75.57676,6.31031],[-75.57678,6.31024],[-75.57673,6.31023],[-75.57676,6.31031]],[[-75.57718,6.30974],[-75.5772,6.30968],[-75.57714,6.30968],[-75.57718,6.30974]],[[-75.57726,6.3093],[-75.57729,6.30935],[-75.5773,6.30929],[-75.57726,6.3093]],[[-75.5773,6.30988],[-75.57734,6.30983],[-75.57728,6.30979],[-75.5773,6.30988]],[[-75.57747,6.30999],[-75.57744,6.30993],[-75.57739,6.30996],[-75.57747,6.30999]],[[-75.57772,6.3101],[-75.57757,6.31006],[-75.57753,6.31014],[-75.57772,6.3101]],[[-75.57798,6.3036],[-75.57796,6.30359],[-75.57795,6.3036],[-75.57798,6.3036]]],[[[-75.57116,6.22917],[-75.57041,6.23113],[-75.57009,6.22884],[-75.57116,6.22917]]],[[[-75.57026,6.27895],[-75.57137,6.27753],[-75.5709,6.27893],[-75.57059,6.28058],[-75.57026,6.27895]]],[[[-75.5712,6.21521],[-75.57264,6.21536],[-75.57163,6.21611],[-75.57168,6.21752],[-75.57053,6.21823],[-75.57051,6.21825],[-75.5712,6.21521]],[[-75.57163,6.21751],[-75.57162,6.21676],[-75.57053,6.21823],[-75.57163,6.21751]],[[-75.57121,6.21603],[-75.57121,6.21602],[-75.5712,6.21602],[-75.57121,6.21603]],[[-75.57149,6.21672],[-75.57154,6.21669],[-75.57149,6.21665],[-75.57149,6.21672]]],[[[-75.57252,6.29853],[-75.57069,6.29912],[-75.57153,6.29664],[-75.57252,6.29853]]],[[[-75.57127,6.30836],[-75.57072,6.30704],[-75.57177,6.30726],[-75.57133,6.30963],[-75.57127,6.30836]]],[[[-75.57074,6.3051],[-75.57192,6.30491],[-75.571,6.30682],[-75.57074,6.3051]],[[-75.57087,6.3051],[-75.57078,6.30511],[-75.57132,6.30511],[-75.57087,6.3051]]],[[[-75.5734,6.18266],[-75.57178,6.18375],[-75.57261,6.18401],[-75.57165,6.18375],[-75.5719,6.18321],[-75.57147,6.18337],[-75.57124,6.18144],[-75.57209,6.18192],[-75.5715,6.18327],[-75.5734,6.18266]],[[-75.57138,6.18157],[-75.57134,6.18161],[-75.57138,6.18176],[-75.57138,6.18157]]],[[[-75.57272,6.17949],[-75.57529,6.18128],[-75.57135,6.17938],[-75.57272,6.17949]]],[[[-75.57684,6.18917],[-75.57199,6.18445],[-75.57727,6.18764],[-75.57709,6.18895],[-75.577,6.18947],[-75.57684,6.18917]],[[-75.57578,6.18786],[-75.57575,6.1876],[-75.57563,6.18771],[-75.57578,6.18786]],[[-75.57585,6.18809],[-75.57618,6.18812],[-75.57611,6.18788],[-75.57585,6.18809]],[[-75.57667,6.18885],[-75.577,6.18831],[-75.57651,6.18846],[-75.57667,6.18885]],[[-75.57709,6.1882],[-75.577,6.18821],[-75.57706,6.18823],[-75.57709,6.1882]]],[[[-75.5762,6.19151],[-75.572,6.19164],[-75.57512,6.19048],[-75.5762,6.19151]],[[-75.57513,6.1912],[-75.5752,6.19136],[-75.5752,6.19111],[-75.57513,6.1912]]],[[[-75.57341,6.29746],[-75.57512,6.29863],[-75.57201,6.30101],[-75.57341,6.29746]]],[[[-75.5745,6.22021],[-75.57282,6.21918],[-75.57233,6.22063],[-75.57243,6.21832],[-75.57498,6.21929],[-75.57214,6.22484],[-75.57228,6.22174],[-75.5745,6.22021]]],[[[-75.57562,6.29884],[-75.57471,6.30309],[-75.57251,6.3013],[-75.57562,6.29884]]],[[[-75.57558,6.28118],[-75.57482,6.28096],[-75.57556,6.28122],[-75.57503,6.2821],[-75.57284,6.28094],[-75.57438,6.27752],[-75.57695,6.27892],[-75.57558,6.28118]],[[-75.57317,6.28096],[-75.57316,6.28095],[-75.57314,6.28097],[-75.57317,6.28096]],[[-75.57356,6.28069],[-75.57372,6.28069],[-75.57368,6.28068],[-75.57356,6.28069]],[[-75.57406,6.28083],[-75.57431,6.28083],[-75.57421,6.28078],[-75.57406,6.28083]],[[-75.57426,6.28123],[-75.57424,6.2812],[-75.57423,6.28124],[-75.57426,6.28123]],[[-75.57436,6.28055],[-75.57437,6.28056],[-75.57437,6.28051],[-75.57436,6.28055]],[[-75.57451,6.28058],[-75.57454,6.28056],[-75.5745,6.28056],[-75.57451,6.28058]],[[-75.57478,6.28028],[-75.57466,6.28028],[-75.57464,6.28029],[-75.57478,6.28028]],[[-75.57478,6.28138],[-75.5748,6.28137],[-75.57478,6.28136],[-75.57478,6.28138]]],[[[-75.57668,6.18443],[-75.57355,6.18279],[-75.57456,6.18217],[-75.57458,6.18307],[-75.5762,6.18211],[-75.5784,6.18513],[-75.57302,6.18407],[-75.57668,6.18443]],[[-75.57451,6.18311],[-75.57452,6.18221],[-75.57366,6.18281],[-75.57451,6.18311]]],[[[-75.57309,6.19287],[-75.57372,6.19193],[-75.57458,6.19379],[-75.57309,6.19287]]],[[[-75.57391,6.2133],[-75.57506,6.21432],[-75.57335,6.21497],[-75.57391,6.2133]]],[[[-75.57459,6.283],[-75.57393,6.28302],[-75.57397,6.283],[-75.57408,6.28293],[-75.57455,6.28298],[-75.57366,6.2826],[-75.57641,6.28187],[-75.5774,6.28421],[-75.57459,6.283]],[[-75.57439,6.283],[-75.57403,6.28299],[-75.57397,6.283],[-75.57439,6.283]],[[-75.5744,6.28245],[-75.57437,6.28247],[-75.57438,6.28251],[-75.5744,6.28245]],[[-75.57654,6.28247],[-75.57656,6.28244],[-75.57654,6.2824],[-75.57654,6.28247]],[[-75.57688,6.28321],[-75.5768,6.2832],[-75.57686,6.28322],[-75.57688,6.28321]]],[[[-75.57468,6.27609],[-75.57544,6.27509],[-75.57531,6.27704],[-75.5738,6.27625],[-75.57468,6.27609]]],[[[-75.57504,6.21149],[-75.57449,6.21083],[-75.57463,6.21169],[-75.57389,6.21073],[-75.57468,6.20996],[-75.57504,6.21149]]],[[[-75.5758,6.29695],[-75.57527,6.29819],[-75.57394,6.29622],[-75.5758,6.29695]]],[[[-75.57396,6.21694],[-75.57498,6.21504],[-75.57481,6.21698],[-75.57539,6.21636],[-75.57555,6.21703],[-75.57396,6.21694]]],[[[-75.57424,6.18463],[-75.5776,6.18533],[-75.57727,6.18759],[-75.57424,6.18463]]],[[[-75.57829,6.2734],[-75.57488,6.27461],[-75.57678,6.27049],[-75.57829,6.2734]],[[-75.5753,6.27445],[-75.57547,6.27377],[-75.57527,6.27382],[-75.5753,6.27445]]],[[[-75.57702,6.30209],[-75.57543,6.30332],[-75.57625,6.30114],[-75.57702,6.30209]]],[[[-75.57682,6.19559],[-75.57735,6.19604],[-75.57737,6.19893],[-75.57671,6.1964],[-75.5756,6.19596],[-75.57734,6.19504],[-75.57735,6.19599],[-75.57682,6.19559]],[[-75.57657,6.19606],[-75.57653,6.19609],[-75.57657,6.19621],[-75.57657,6.19606]],[[-75.57725,6.1962],[-75.57723,6.19621],[-75.57726,6.19621],[-75.57725,6.1962]]],[[[-75.57712,6.20101],[-75.5765,6.20036],[-75.57712,6.20126],[-75.57612,6.20062],[-75.57711,6.19888],[-75.57712,6.20101]],[[-75.57674,6.19987],[-75.57667,6.19987],[-75.57672,6.19995],[-75.57674,6.19987]]],[[[-75.57796,6.29749],[-75.57698,6.29913],[-75.57654,6.29707],[-75.57796,6.29749]]],[[[-75.57802,6.30853],[-75.57798,6.30951],[-75.57658,6.30834],[-75.57809,6.30709],[-75.57804,6.3081],[-75.57802,6.30853]],[[-75.57702,6.30835],[-75.57682,6.30835],[-75.57713,6.30849],[-75.57702,6.30835]],[[-75.57744,6.3089],[-75.57746,6.30888],[-75.57742,6.30887],[-75.57744,6.3089]],[[-75.57757,6.30903],[-75.5776,6.30902],[-75.57756,6.309],[-75.57757,6.30903]],[[-75.57769,6.30916],[-75.57774,6.30916],[-75.57771,6.30912],[-75.57769,6.30916]],[[-75.57779,6.3089],[-75.57785,6.30892],[-75.57784,6.30887],[-75.57779,6.3089]],[[-75.57783,6.3093],[-75.57788,6.30929],[-75.57783,6.30926],[-75.57783,6.3093]],[[-75.57802,6.30756],[-75.57803,6.3074],[-75.57789,6.30745],[-75.57802,6.30756]]],[[[-75.57933,6.26208],[-75.57684,6.26545],[-75.57742,6.25964],[-75.57933,6.26208]]],[[[-75.57711,6.30731],[-75.57985,6.30218],[-75.5798,6.30511],[-75.58035,6.30225],[-75.58254,6.30286],[-75.57978,6.3064],[-75.5819,6.30433],[-75.58201,6.30422],[-75.58267,6.30928],[-75.58187,6.30668],[-75.5788,6.31035],[-75.57953,6.30665],[-75.57711,6.30731]],[[-75.58171,6.30484],[-75.5819,6.30645],[-75.5819,6.30433],[-75.58171,6.30484]],[[-75.57955,6.30646],[-75.57956,6.30278],[-75.57853,6.30648],[-75.57955,6.30646]],[[-75.57919,6.30919],[-75.57923,6.30906],[-75.5792,6.30897],[-75.57919,6.30919]],[[-75.57931,6.30874],[-75.57933,6.30878],[-75.57933,6.30867],[-75.57931,6.30874]],[[-75.57947,6.3085],[-75.5795,6.30847],[-75.57947,6.30845],[-75.57947,6.3085]],[[-75.57974,6.30629],[-75.5796,6.30646],[-75.57972,6.30646],[-75.57974,6.30629]],[[-75.57966,6.30834],[-75.57977,6.30832],[-75.57987,6.30814],[-75.57966,6.30834]],[[-75.58001,6.30774],[-75.58004,6.30767],[-75.58001,6.30763],[-75.58001,6.30774]],[[-75.58092,6.30753],[-75.58106,6.30744],[-75.58109,6.30735],[-75.58092,6.30753]],[[-75.58122,6.30713],[-75.58123,6.30711],[-75.58122,6.30711],[-75.58122,6.30713]],[[-75.58163,6.30651],[-75.58167,6.30608],[-75.58163,6.30598],[-75.58163,6.30651]],[[-75.58163,6.30674],[-75.58164,6.3067],[-75.58163,6.30663],[-75.58163,6.30674]],[[-75.58205,6.30676],[-75.58231,6.30698],[-75.58204,6.30667],[-75.58205,6.30676]]],[[[-75.57855,6.29773],[-75.57822,6.30147],[-75.57712,6.29968],[-75.57855,6.29773]]],[[[-75.5784,6.22442],[-75.57753,6.22365],[-75.57854,6.22247],[-75.5784,6.22442]]],[[[-75.578,6.22018],[-75.57931,6.21749],[-75.57884,6.22189],[-75.57814,6.22067],[-75.578,6.22018]],[[-75.57862,6.21994],[-75.57866,6.21999],[-75.57867,6.21991],[-75.57862,6.21994]],[[-75.57868,6.22096],[-75.57871,6.2209],[-75.57868,6.22086],[-75.57868,6.22096]]],[[[-75.57826,6.20102],[-75.57802,6.1989],[-75.57952,6.19781],[-75.57918,6.19891],[-75.57901,6.1983],[-75.57826,6.19888],[-75.57909,6.19922],[-75.57868,6.20038],[-75.57826,6.20102]],[[-75.57805,6.19895],[-75.57815,6.19893],[-75.57808,6.19888],[-75.57805,6.19895]],[[-75.57848,6.19959],[-75.57816,6.19972],[-75.57842,6.19994],[-75.57848,6.19959]],[[-75.57861,6.20027],[-75.57859,6.20029],[-75.57861,6.20034],[-75.57861,6.20027]]],[[[-75.58252,6.2336],[-75.58198,6.23919],[-75.5783,6.23866],[-75.57844,6.23309],[-75.58163,6.23349],[-75.5814,6.23425],[-75.58252,6.2336]],[[-75.57858,6.23824],[-75.57861,6.23824],[-75.57859,6.23822],[-75.57858,6.23824]],[[-75.57925,6.23759],[-75.57926,6.23753],[-75.57924,6.23756],[-75.57925,6.23759]],[[-75.57942,6.23813],[-75.57926,6.23831],[-75.57975,6.23864],[-75.57942,6.23813]],[[-75.57941,6.23768],[-75.57936,6.2377],[-75.57939,6.23774],[-75.57941,6.23768]],[[-75.57939,6.23708],[-75.57945,6.23703],[-75.5794,6.23697],[-75.57939,6.23708]],[[-75.5798,6.23682],[-75.57977,6.23742],[-75.5804,6.23756],[-75.5798,6.23682]],[[-75.57994,6.23588],[-75.57985,6.23599],[-75.57994,6.2361],[-75.57994,6.23588]],[[-75.58085,6.23626],[-75.5806,6.23498],[-75.58016,6.23535],[-75.58085,6.23626]],[[-75.58023,6.23642],[-75.58019,6.2365],[-75.58037,6.23647],[-75.58023,6.23642]],[[-75.58029,6.23626],[-75.58041,6.23618],[-75.58021,6.23612],[-75.58029,6.23626]],[[-75.58053,6.23684],[-75.58046,6.23706],[-75.58062,6.23696],[-75.58053,6.23684]],[[-75.58048,6.23629],[-75.58046,6.23633],[-75.58048,6.23638],[-75.58048,6.23629]],[[-75.58057,6.23361],[-75.58095,6.23371],[-75.58072,6.23345],[-75.58057,6.23361]],[[-75.58138,6.23664],[-75.58129,6.23619],[-75.58107,6.23661],[-75.58138,6.23664]]],[[[-75.57839,6.18701],[-75.57979,6.18402],[-75.58102,6.18793],[-75.58022,6.18765],[-75.58079,6.18804],[-75.58047,6.18861],[-75.57962,6.18744],[-75.58037,6.18921],[-75.57839,6.18701]],[[-75.5791,6.18704],[-75.57917,6.18697],[-75.57916,6.18694],[-75.5791,6.18704]],[[-75.5806,6.18807],[-75.58063,6.18805],[-75.58061,6.18804],[-75.5806,6.18807]]],[[[-75.57926,6.24435],[-75.57873,6.24257],[-75.58112,6.2436],[-75.57926,6.24435]]],[[[-75.57873,6.21682],[-75.57964,6.21485],[-75.58031,6.2169],[-75.57873,6.21682]]],[[[-75.57892,6.19071],[-75.57911,6.18888],[-75.57916,6.18994],[-75.57995,6.18982],[-75.57953,6.19018],[-75.57961,6.19084],[-75.57926,6.19134],[-75.57892,6.19071]]],[[[-75.58177,6.21423],[-75.57914,6.21258],[-75.5801,6.20596],[-75.58011,6.20734],[-75.58529,6.20797],[-75.58177,6.21423]],[[-75.58262,6.21194],[-75.57917,6.21259],[-75.58156,6.21338],[-75.58262,6.21194]],[[-75.57963,6.21154],[-75.5793,6.21166],[-75.58082,6.21188],[-75.57963,6.21154]],[[-75.58021,6.20969],[-75.57957,6.2099],[-75.58179,6.2099],[-75.58021,6.20969]],[[-75.57961,6.21112],[-75.57961,6.2111],[-75.57958,6.2111],[-75.57961,6.21112]],[[-75.58023,6.21119],[-75.58012,6.21125],[-75.58031,6.21125],[-75.58023,6.21119]],[[-75.58022,6.21076],[-75.58029,6.21103],[-75.58037,6.21075],[-75.58022,6.21076]],[[-75.58076,6.21131],[-75.58054,6.21138],[-75.58083,6.21139],[-75.58076,6.21131]],[[-75.58114,6.21066],[-75.58092,6.21097],[-75.58137,6.21117],[-75.58114,6.21066]],[[-75.58229,6.20808],[-75.58093,6.20896],[-75.58344,6.20947],[-75.58229,6.20808]],[[-75.5814,6.20959],[-75.58127,6.20962],[-75.58154,6.20962],[-75.5814,6.20959]],[[-75.58193,6.20999],[-75.58129,6.21018],[-75.58181,6.21026],[-75.58193,6.20999]],[[-75.58138,6.21136],[-75.58134,6.21141],[-75.58151,6.21138],[-75.58138,6.21136]],[[-75.58203,6.21097],[-75.58238,6.2107],[-75.58154,6.21073],[-75.58203,6.21097]],[[-75.58175,6.21339],[-75.58175,6.21342],[-75.58181,6.21341],[-75.58175,6.21339]],[[-75.58193,6.20973],[-75.58183,6.20975],[-75.58208,6.20975],[-75.58193,6.20973]],[[-75.58201,6.21343],[-75.58205,6.2134],[-75.58195,6.21341],[-75.58201,6.21343]],[[-75.58221,6.20782],[-75.58201,6.20785],[-75.58244,6.20785],[-75.58221,6.20782]],[[-75.58226,6.21017],[-75.58208,6.21003],[-75.58211,6.21021],[-75.58226,6.21017]],[[-75.58251,6.20986],[-75.58238,6.20989],[-75.58272,6.20989],[-75.58251,6.20986]],[[-75.58309,6.20797],[-75.58296,6.20799],[-75.58329,6.20799],[-75.58309,6.20797]]],[[[-75.57928,6.29733],[-75.58042,6.29788],[-75.57943,6.29925],[-75.57928,6.29733]],[[-75.57954,6.29861],[-75.57955,6.29851],[-75.57943,6.29857],[-75.57954,6.29861]],[[-75.57947,6.29899],[-75.57957,6.29895],[-75.57946,6.29894],[-75.57947,6.29899]],[[-75.57972,6.29844],[-75.57969,6.29842],[-75.57964,6.29844],[-75.57972,6.29844]],[[-75.5797,6.29818],[-75.57974,6.29816],[-75.57969,6.29814],[-75.5797,6.29818]],[[-75.57983,6.29809],[-75.57986,6.29803],[-75.5798,6.29803],[-75.57983,6.29809]],[[-75.57983,6.29833],[-75.57983,6.29824],[-75.57981,6.29829],[-75.57983,6.29833]],[[-75.58011,6.2978],[-75.58012,6.29777],[-75.58011,6.29775],[-75.58011,6.2978]],[[-75.58037,6.2979],[-75.58039,6.29789],[-75.58034,6.29789],[-75.58037,6.2979]]],[[[-75.58101,6.28369],[-75.58325,6.28415],[-75.58416,6.28682],[-75.58359,6.28552],[-75.58338,6.28626],[-75.57939,6.28336],[-75.58101,6.28369]],[[-75.58306,6.28567],[-75.58298,6.28568],[-75.58303,6.28568],[-75.58306,6.28567]]],[[[-75.57959,6.22542],[-75.58091,6.22219],[-75.58144,6.22455],[-75.57959,6.22542]],[[-75.58141,6.22453],[-75.58119,6.22437],[-75.58088,6.22447],[-75.58141,6.22453]],[[-75.5812,6.22396],[-75.58094,6.22399],[-75.58126,6.22402],[-75.5812,6.22396]]],[[[-75.58179,6.24022],[-75.58158,6.24339],[-75.58004,6.24163],[-75.58179,6.24022]]],[[[-75.58147,6.29993],[-75.58091,6.29984],[-75.5803,6.29862],[-75.58097,6.29703],[-75.58147,6.29993]],[[-75.58052,6.29845],[-75.58054,6.29844],[-75.58053,6.29843],[-75.58052,6.29845]],[[-75.58065,6.29865],[-75.58061,6.2987],[-75.58064,6.29872],[-75.58065,6.29865]],[[-75.58087,6.29841],[-75.58081,6.29826],[-75.58064,6.29833],[-75.58087,6.29841]],[[-75.58083,6.29938],[-75.58078,6.29937],[-75.58079,6.2994],[-75.58083,6.29938]],[[-75.58113,6.2994],[-75.58119,6.29953],[-75.5812,6.29932],[-75.58113,6.2994]],[[-75.5812,6.29917],[-75.58122,6.29911],[-75.58119,6.29909],[-75.5812,6.29917]]],[[[-75.58507,6.28199],[-75.58047,6.28094],[-75.58212,6.27869],[-75.58509,6.28188],[-75.58507,6.28199]],[[-75.58412,6.28152],[-75.58427,6.28132],[-75.58415,6.28096],[-75.58412,6.28152]],[[-75.58466,6.28175],[-75.58482,6.28175],[-75.58479,6.28174],[-75.58466,6.28175]]],[[[-75.58292,6.20309],[-75.58226,6.20414],[-75.58154,6.20208],[-75.58292,6.20309]],[[-75.58184,6.20271],[-75.58204,6.20325],[-75.58231,6.20297],[-75.58184,6.20271]]],[[[-75.58369,6.21952],[-75.58167,6.21811],[-75.58505,6.2195],[-75.58274,6.21999],[-75.58234,6.21928],[-75.58369,6.21952]],[[-75.58279,6.21994],[-75.58289,6.21991],[-75.58272,6.21991],[-75.58279,6.21994]]],[[[-75.58203,6.21752],[-75.58387,6.21772],[-75.58217,6.21683],[-75.58261,6.21601],[-75.58411,6.21795],[-75.58203,6.21752]]],[[[-75.58287,6.19894],[-75.58392,6.19848],[-75.58212,6.19793],[-75.58471,6.19861],[-75.58473,6.19861],[-75.58418,6.2007],[-75.58389,6.1993],[-75.58414,6.20065],[-75.58287,6.19894]],[[-75.58465,6.19863],[-75.58471,6.19865],[-75.58471,6.19861],[-75.58465,6.19863]],[[-75.58457,6.19874],[-75.58455,6.19876],[-75.58457,6.19878],[-75.58457,6.19874]]],[[[-75.58901,6.27265],[-75.58233,6.27335],[-75.58544,6.26639],[-75.58593,6.26726],[-75.58672,6.26692],[-75.58653,6.26791],[-75.58901,6.27265]],[[-75.58734,6.27173],[-75.5875,6.27173],[-75.58749,6.27155],[-75.58734,6.27173]],[[-75.58735,6.27265],[-75.58823,6.27251],[-75.58801,6.27181],[-75.58735,6.27265]]],[[[-75.58346,6.29738],[-75.58444,6.29622],[-75.58504,6.29681],[-75.58242,6.29925],[-75.58249,6.29889],[-75.58337,6.29576],[-75.58346,6.29738]],[[-75.58268,6.29865],[-75.58261,6.29872],[-75.5827,6.29874],[-75.58268,6.29865]],[[-75.58268,6.29833],[-75.5835,6.29775],[-75.58297,6.2972],[-75.58268,6.29833]],[[-75.58309,6.29713],[-75.58309,6.29706],[-75.58307,6.29708],[-75.58309,6.29713]]],[[[-75.59065,6.27273],[-75.5903,6.27358],[-75.58967,6.27305],[-75.5894,6.27371],[-75.59029,6.2736],[-75.58928,6.27606],[-75.5879,6.27572],[-75.58913,6.27577],[-75.58825,6.27344],[-75.58614,6.27529],[-75.58547,6.27513],[-75.58259,6.27443],[-75.59065,6.27273]],[[-75.58547,6.27508],[-75.58546,6.2751],[-75.58547,6.27513],[-75.58547,6.27508]],[[-75.58543,6.27401],[-75.58546,6.27406],[-75.58546,6.27396],[-75.58543,6.27401]],[[-75.58928,6.27318],[-75.58911,6.27333],[-75.58922,6.27337],[-75.58928,6.27318]],[[-75.58941,6.27354],[-75.58945,6.27346],[-75.58937,6.27344],[-75.58941,6.27354]],[[-75.58954,6.2744],[-75.58949,6.27441],[-75.58952,6.27442],[-75.58954,6.2744]]],[[[-75.58476,6.27784],[-75.58528,6.28041],[-75.5829,6.2751],[-75.58548,6.27748],[-75.58476,6.27784]],[[-75.58425,6.2767],[-75.5842,6.2768],[-75.58425,6.27693],[-75.58425,6.2767]]],[[[-75.58301,6.22979],[-75.58455,6.22924],[-75.58331,6.2312],[-75.58301,6.22979]]],[[[-75.58384,6.29522],[-75.58522,6.29281],[-75.5863,6.29825],[-75.5859,6.29874],[-75.58615,6.29825],[-75.58384,6.29522]],[[-75.58499,6.29527],[-75.58464,6.29542],[-75.58469,6.29563],[-75.58499,6.29527]],[[-75.58493,6.29587],[-75.58498,6.29594],[-75.58511,6.29581],[-75.58493,6.29587]],[[-75.58539,6.29628],[-75.5854,6.29614],[-75.58534,6.29615],[-75.58539,6.29628]],[[-75.58553,6.29682],[-75.5856,6.29679],[-75.58552,6.29678],[-75.58553,6.29682]],[[-75.58577,6.2969],[-75.58581,6.29701],[-75.58585,6.29692],[-75.58577,6.2969]]],[[[-75.58641,6.27815],[-75.58783,6.27724],[-75.58577,6.2815],[-75.58641,6.27815]]],[[[-75.58924,6.26847],[-75.58776,6.26955],[-75.5876,6.26613],[-75.59002,6.26858],[-75.59129,6.2691],[-75.59075,6.27009],[-75.58924,6.26847]],[[-75.58803,6.26927],[-75.58804,6.26925],[-75.58803,6.26921],[-75.58803,6.26927]]],[[[-75.58803,6.29033],[-75.58893,6.28876],[-75.59003,6.29042],[-75.58852,6.29152],[-75.58803,6.29033]],[[-75.58875,6.29042],[-75.58905,6.29042],[-75.58882,6.29025],[-75.58875,6.29042]]],[[[-75.58884,6.26966],[-75.59001,6.27047],[-75.58996,6.27062],[-75.5883,6.27063],[-75.58884,6.26966]]],[[[-75.58954,6.29384],[-75.59042,6.29391],[-75.59227,6.29517],[-75.58894,6.2939],[-75.58904,6.2932],[-75.58954,6.29384]]],[[[-75.59151,6.28794],[-75.5918,6.28889],[-75.59079,6.28669],[-75.58946,6.28753],[-75.59189,6.2892],[-75.58913,6.28756],[-75.59105,6.2864],[-75.59151,6.28794]]],[[[-75.58923,6.28385],[-75.59054,6.28506],[-75.58999,6.28627],[-75.58923,6.28385]]],[[[-75.58976,6.20723],[-75.58941,6.20386],[-75.59304,6.20224],[-75.59062,6.20427],[-75.58976,6.20723]]],[[[-75.59059,6.26658],[-75.58957,6.26582],[-75.59042,6.26448],[-75.59059,6.26658]]],[[[-75.59148,6.24248],[-75.59063,6.24346],[-75.59064,6.24064],[-75.59148,6.24248]]],[[[-75.5934,6.20158],[-75.59195,6.20159],[-75.59152,6.20084],[-75.59074,6.20159],[-75.59116,6.2002],[-75.59232,6.20037],[-75.59268,6.20077],[-75.59259,6.2015],[-75.5934,6.20158]],[[-75.59155,6.20065],[-75.59245,6.20068],[-75.59207,6.20046],[-75.59155,6.20065]],[[-75.59171,6.20052],[-75.59189,6.2005],[-75.59176,6.20045],[-75.59171,6.20052]],[[-75.59226,6.20091],[-75.59232,6.20091],[-75.5923,6.20088],[-75.59226,6.20091]]],[[[-75.59085,6.27896],[-75.59283,6.28147],[-75.59081,6.28005],[-75.59082,6.27974],[-75.59085,6.27896]],[[-75.592,6.28073],[-75.59199,6.2808],[-75.59205,6.28077],[-75.592,6.28073]],[[-75.59214,6.28085],[-75.59212,6.28093],[-75.59218,6.28091],[-75.59214,6.28085]]],[[[-75.59222,6.1964],[-75.59097,6.19654],[-75.59181,6.19344],[-75.59222,6.1964]]],[[[-75.59339,6.23534],[-75.59198,6.23552],[-75.59341,6.23244],[-75.59339,6.23534]],[[-75.59267,6.23462],[-75.5927,6.23454],[-75.59267,6.23449],[-75.59267,6.23462]],[[-75.59319,6.23453],[-75.59321,6.23455],[-75.59321,6.23451],[-75.59319,6.23453]]],[[[-75.59432,6.23785],[-75.59199,6.23807],[-75.59445,6.23581],[-75.59432,6.23785]],[[-75.59294,6.23738],[-75.59294,6.23739],[-75.59295,6.23738],[-75.59294,6.23738]],[[-75.59295,6.23786],[-75.593,6.2378],[-75.59295,6.23775],[-75.59295,6.23786]],[[-75.59307,6.23726],[-75.59309,6.23725],[-75.59309,6.23724],[-75.59307,6.23726]],[[-75.59333,6.23725],[-75.59336,6.23725],[-75.59335,6.23724],[-75.59333,6.23725]],[[-75.59375,6.2366],[-75.59379,6.23658],[-75.59373,6.23656],[-75.59375,6.2366]],[[-75.59375,6.23728],[-75.5938,6.23725],[-75.59373,6.23723],[-75.59375,6.23728]],[[-75.59389,6.23742],[-75.59394,6.23738],[-75.59386,6.23737],[-75.59389,6.23742]],[[-75.59387,6.23643],[-75.59389,6.23647],[-75.5939,6.23641],[-75.59387,6.23643]],[[-75.59408,6.23752],[-75.59404,6.23747],[-75.59399,6.2375],[-75.59408,6.23752]],[[-75.59403,6.23633],[-75.59407,6.2363],[-75.59404,6.23627],[-75.59403,6.23633]],[[-75.59412,6.23697],[-75.59416,6.23702],[-75.59417,6.23693],[-75.59412,6.23697]],[[-75.59413,6.23765],[-75.59417,6.23769],[-75.59417,6.2376],[-75.59413,6.23765]],[[-75.59418,6.23614],[-75.59414,6.23615],[-75.59416,6.2362],[-75.59418,6.23614]],[[-75.5943,6.23706],[-75.59425,6.23711],[-75.5943,6.23716],[-75.5943,6.23706]],[[-75.59426,6.23778],[-75.59429,6.23781],[-75.5943,6.23774],[-75.59426,6.23778]],[[-75.59432,6.236],[-75.59427,6.23602],[-75.59429,6.23606],[-75.59432,6.236]],[[-75.5944,6.23589],[-75.59443,6.23593],[-75.59444,6.23586],[-75.5944,6.23589]]],[[[-75.59489,6.27546],[-75.5933,6.2768],[-75.59352,6.27506],[-75.59252,6.27558],[-75.59315,6.27509],[-75.59233,6.27465],[-75.59303,6.27398],[-75.59402,6.27477],[-75.59402,6.27381],[-75.59489,6.27546]],[[-75.59304,6.27481],[-75.59313,6.27481],[-75.59307,6.27475],[-75.59304,6.27481]],[[-75.59362,6.27492],[-75.59348,6.27479],[-75.59345,6.27492],[-75.59362,6.27492]],[[-75.59374,6.27507],[-75.59373,6.27506],[-75.59373,6.27508],[-75.59374,6.27507]],[[-75.59399,6.27534],[-75.59395,6.27536],[-75.59399,6.27541],[-75.59399,6.27534]],[[-75.59419,6.27546],[-75.59406,6.27548],[-75.59413,6.27557],[-75.59419,6.27546]]],[[[-75.59493,6.29504],[-75.5927,6.29573],[-75.59337,6.29459],[-75.59399,6.29484],[-75.59399,6.29353],[-75.59493,6.29504]],[[-75.593,6.29541],[-75.59296,6.29547],[-75.59305,6.29537],[-75.593,6.29541]],[[-75.59413,6.29488],[-75.59419,6.29493],[-75.59419,6.29486],[-75.59413,6.29488]]],[[[-75.5961,6.28931],[-75.59662,6.28884],[-75.59637,6.28948],[-75.59614,6.28958],[-75.59621,6.29208],[-75.59535,6.2894],[-75.5955,6.28906],[-75.59508,6.28942],[-75.59528,6.28967],[-75.59505,6.28943],[-75.59526,6.28914],[-75.59459,6.28772],[-75.59433,6.28624],[-75.59401,6.28628],[-75.59426,6.28574],[-75.59344,6.28511],[-75.59391,6.28494],[-75.59292,6.28185],[-75.59525,6.28394],[-75.5961,6.28931]],[[-75.59335,6.28312],[-75.59335,6.28308],[-75.59334,6.28313],[-75.59335,6.28312]],[[-75.59362,6.28267],[-75.59358,6.2828],[-75.59362,6.28294],[-75.59362,6.28267]],[[-75.59364,6.28511],[-75.5936,6.28511],[-75.59362,6.28512],[-75.59364,6.28511]],[[-75.59433,6.28456],[-75.59442,6.2844],[-75.59423,6.2843],[-75.59433,6.28456]],[[-75.59455,6.28651],[-75.5948,6.28667],[-75.59468,6.28641],[-75.59455,6.28651]],[[-75.59458,6.28449],[-75.59458,6.2847],[-75.59471,6.28456],[-75.59458,6.28449]],[[-75.59468,6.28749],[-75.59464,6.28756],[-75.59474,6.28758],[-75.59468,6.28749]],[[-75.59471,6.28373],[-75.59471,6.28379],[-75.59477,6.28375],[-75.59471,6.28373]],[[-75.59483,6.28484],[-75.59481,6.28543],[-75.59539,6.28539],[-75.59483,6.28484]],[[-75.59512,6.28775],[-75.59502,6.28772],[-75.59512,6.2881],[-75.59512,6.28775]],[[-75.59504,6.28628],[-75.59504,6.28626],[-75.59503,6.28627],[-75.59504,6.28628]],[[-75.5951,6.28618],[-75.59555,6.28663],[-75.59514,6.28614],[-75.5951,6.28618]],[[-75.59521,6.28836],[-75.59535,6.28821],[-75.59534,6.28819],[-75.59521,6.28836]],[[-75.59542,6.28836],[-75.59543,6.28841],[-75.59544,6.2884],[-75.59542,6.28836]],[[-75.59579,6.28959],[-75.59557,6.28961],[-75.59566,6.28971],[-75.59579,6.28959]],[[-75.59567,6.28873],[-75.59567,6.28894],[-75.59575,6.28878],[-75.59567,6.28873]],[[-75.596,6.28964],[-75.59571,6.28976],[-75.59576,6.28982],[-75.596,6.28964]],[[-75.5958,6.28938],[-75.59586,6.28932],[-75.59581,6.28925],[-75.5958,6.28938]],[[-75.59607,6.29002],[-75.5961,6.28996],[-75.59605,6.28998],[-75.59607,6.29002]],[[-75.59647,6.2892],[-75.59648,6.28914],[-75.59644,6.28917],[-75.59647,6.2892]]],[[[-75.59354,6.28987],[-75.59347,6.29041],[-75.59418,6.29103],[-75.59527,6.29257],[-75.59438,6.29156],[-75.59376,6.29234],[-75.59333,6.29008],[-75.59354,6.28987]],[[-75.59386,6.29134],[-75.59392,6.29136],[-75.59403,6.29122],[-75.59386,6.29134]],[[-75.5941,6.29142],[-75.5941,6.2914],[-75.59404,6.2914],[-75.5941,6.29142]],[[-75.59414,6.29114],[-75.5941,6.29117],[-75.59413,6.29121],[-75.59414,6.29114]]],[[[-75.59475,6.29253],[-75.59378,6.29246],[-75.59376,6.29234],[-75.59475,6.29253]]],[[[-75.59809,6.20987],[-75.59354,6.20771],[-75.59493,6.20226],[-75.59416,6.20753],[-75.59832,6.20748],[-75.59565,6.20275],[-75.59929,6.20522],[-75.59809,6.20987]]],[[[-75.59384,6.26693],[-75.59498,6.26746],[-75.59469,6.26902],[-75.59384,6.26693]]],[[[-75.59479,6.27806],[-75.59655,6.27755],[-75.59666,6.27893],[-75.59476,6.27806],[-75.59644,6.27612],[-75.59479,6.27806]]],[[[-75.59748,6.20023],[-75.59514,6.20172],[-75.60521,6.2036],[-75.59497,6.20176],[-75.59552,6.19772],[-75.59748,6.20023]],[[-75.59625,6.19902],[-75.59622,6.19881],[-75.59601,6.19912],[-75.59625,6.19902]],[[-75.59638,6.1997],[-75.59654,6.19969],[-75.5964,6.19962],[-75.59638,6.1997]],[[-75.5967,6.19981],[-75.5969,6.19981],[-75.59677,6.19979],[-75.5967,6.19981]]],[[[-75.60399,6.27984],[-75.60233,6.27905],[-75.60465,6.28087],[-75.60426,6.28157],[-75.60497,6.2811],[-75.60659,6.28309],[-75.6046,6.28152],[-75.60368,6.28581],[-75.60181,6.28321],[-75.60451,6.28096],[-75.59938,6.27985],[-75.59993,6.2786],[-75.59944,6.27871],[-75.59849,6.27662],[-75.59957,6.27831],[-75.5993,6.27676],[-75.59731,6.27401],[-75.60004,6.27455],[-75.59516,6.27199],[-75.59616,6.26986],[-75.59674,6.27105],[-75.59751,6.26989],[-75.59793,6.27048],[-75.59642,6.27195],[-75.59779,6.27318],[-75.60173,6.27488],[-75.59873,6.27294],[-75.6004,6.27111],[-75.59955,6.27279],[-75.60193,6.27492],[-75.60313,6.27523],[-75.60367,6.27507],[-75.60048,6.27358],[-75.60326,6.27401],[-75.60472,6.27548],[-75.60405,6.27428],[-75.60555,6.27479],[-75.60359,6.27346],[-75.60347,6.27324],[-75.60476,6.27315],[-75.60609,6.27562],[-75.60932,6.27421],[-75.60986,6.27539],[-75.61324,6.27361],[-75.60955,6.27643],[-75.61394,6.2773],[-75.60497,6.27852],[-75.6047,6.28031],[-75.60405,6.27896],[-75.60319,6.27923],[-75.60399,6.27984]],[[-75.59534,6.27166],[-75.59536,6.27168],[-75.59536,6.27164],[-75.59534,6.27166]],[[-75.59575,6.27143],[-75.59578,6.27139],[-75.59575,6.27132],[-75.59575,6.27143]],[[-75.59649,6.27142],[-75.59658,6.27129],[-75.5964,6.27124],[-75.59649,6.27142]],[[-75.59894,6.27507],[-75.59886,6.275],[-75.59886,6.2751],[-75.59894,6.27507]],[[-75.59888,6.27526],[-75.59888,6.27542],[-75.5989,6.27534],[-75.59888,6.27526]],[[-75.59903,6.27517],[-75.59903,6.27537],[-75.59912,6.27531],[-75.59903,6.27517]],[[-75.59918,6.27538],[-75.59983,6.27672],[-75.59972,6.27573],[-75.59918,6.27538]],[[-75.5996,6.27463],[-75.59944,6.27458],[-75.59938,6.27464],[-75.5996,6.27463]],[[-75.60651,6.27763],[-75.60021,6.27567],[-75.60047,6.27864],[-75.60147,6.27838],[-75.60157,6.27846],[-75.60651,6.27763]],[[-75.60082,6.27975],[-75.60134,6.27953],[-75.60093,6.27938],[-75.60082,6.27975]],[[-75.6015,6.27847],[-75.60147,6.27842],[-75.60147,6.27847],[-75.6015,6.27847]],[[-75.60267,6.27549],[-75.60252,6.27539],[-75.60265,6.2755],[-75.60267,6.27549]],[[-75.60374,6.27522],[-75.60421,6.2753],[-75.60388,6.27501],[-75.60374,6.27522]],[[-75.60542,6.27621],[-75.60526,6.27602],[-75.60531,6.2761],[-75.60542,6.27621]],[[-75.60538,6.27536],[-75.60544,6.27531],[-75.60537,6.2753],[-75.60538,6.27536]],[[-75.60634,6.27735],[-75.60635,6.27734],[-75.60633,6.27734],[-75.60634,6.27735]],[[-75.60647,6.27578],[-75.60652,6.27572],[-75.60648,6.27567],[-75.60647,6.27578]],[[-75.60662,6.27541],[-75.6066,6.27548],[-75.60666,6.27545],[-75.60662,6.27541]],[[-75.6066,6.27734],[-75.60671,6.27743],[-75.60678,6.27737],[-75.6066,6.27734]],[[-75.60662,6.27755],[-75.60662,6.27769],[-75.60667,6.27762],[-75.60662,6.27755]],[[-75.60663,6.27784],[-75.60663,6.27795],[-75.60667,6.27789],[-75.60663,6.27784]],[[-75.60669,6.27649],[-75.60684,6.27639],[-75.60683,6.27639],[-75.60669,6.27649]],[[-75.60673,6.27577],[-75.60674,6.27586],[-75.60675,6.27569],[-75.60673,6.27577]],[[-75.60712,6.27585],[-75.60719,6.27584],[-75.60714,6.27581],[-75.60712,6.27585]],[[-75.6093,6.2776],[-75.60933,6.27766],[-75.60934,6.27761],[-75.6093,6.2776]],[[-75.6108,6.27725],[-75.61084,6.27722],[-75.61082,6.27718],[-75.6108,6.27725]],[[-75.61108,6.27761],[-75.61112,6.2776],[-75.61109,6.27759],[-75.61108,6.27761]],[[-75.61136,6.27721],[-75.61112,6.27712],[-75.61129,6.27761],[-75.61266,6.27733],[-75.61136,6.27721]],[[-75.61283,6.27733],[-75.61285,6.27732],[-75.6128,6.27732],[-75.61283,6.27733]]],[[[-75.59635,6.21975],[-75.59765,6.22169],[-75.5952,6.22055],[-75.59598,6.21897],[-75.59635,6.21975]],[[-75.59572,6.22005],[-75.59647,6.22045],[-75.59608,6.21959],[-75.59572,6.22005]]],[[[-75.60001,6.28821],[-75.59901,6.28678],[-75.60146,6.28704],[-75.60001,6.28821]],[[-75.60049,6.28739],[-75.60082,6.28739],[-75.60063,6.28738],[-75.60049,6.28739]],[[-75.60107,6.28726],[-75.60109,6.28727],[-75.60122,6.28712],[-75.60107,6.28726]]],[[[-75.59848,6.28946],[-75.59641,6.28498],[-75.59727,6.2866],[-75.60001,6.28821],[-75.59848,6.28946]]],[[[-75.59746,6.24227],[-75.59732,6.24077],[-75.5987,6.2424],[-75.59746,6.24227]]],[[[-75.59953,6.23419],[-75.60005,6.23363],[-75.60229,6.23667],[-75.60118,6.23661],[-75.60052,6.23511],[-75.59909,6.23562],[-75.59988,6.23634],[-75.59789,6.23592],[-75.59953,6.23419]],[[-75.59967,6.23516],[-75.59981,6.2343],[-75.59953,6.23419],[-75.59967,6.23516]],[[-75.59851,6.23592],[-75.59885,6.23584],[-75.59868,6.23537],[-75.59851,6.23592]],[[-75.60023,6.23481],[-75.60011,6.23418],[-75.60011,6.23512],[-75.60023,6.23481]]],[[[-75.59888,6.21761],[-75.59815,6.2161],[-75.5997,6.21345],[-75.59888,6.21761]]],[[[-75.59833,6.27145],[-75.5989,6.26959],[-75.60032,6.27103],[-75.59833,6.27145]],[[-75.59944,6.27029],[-75.59951,6.27034],[-75.59942,6.27025],[-75.59944,6.27029]]],[[[-75.59927,6.23346],[-75.59841,6.23293],[-75.60113,6.23228],[-75.60161,6.23373],[-75.59927,6.23346]],[[-75.59983,6.23328],[-75.59979,6.2333],[-75.59989,6.2333],[-75.59983,6.23328]],[[-75.59994,6.23324],[-75.60016,6.23329],[-75.59996,6.23323],[-75.59994,6.23324]],[[-75.60114,6.23264],[-75.60073,6.23274],[-75.60117,6.23282],[-75.60114,6.23264]],[[-75.60122,6.23345],[-75.6012,6.2331],[-75.60093,6.2332],[-75.60122,6.23345]]],[[[-75.59885,6.2131],[-75.59843,6.2112],[-75.59933,6.21112],[-75.59885,6.2131]]],[[[-75.60088,6.21026],[-75.59884,6.21049],[-75.5996,6.20855],[-75.60088,6.21026]]],[[[-75.60179,6.20308],[-75.60276,6.20366],[-75.60837,6.20469],[-75.60149,6.20538],[-75.60146,6.2046],[-75.59917,6.20431],[-75.59997,6.20285],[-75.59921,6.20429],[-75.60198,6.20457],[-75.6014,6.20304],[-75.60179,6.20308]],[[-75.60154,6.20315],[-75.60152,6.20322],[-75.60159,6.20319],[-75.60154,6.20315]]],[[[-75.59954,6.26964],[-75.59956,6.26581],[-75.60149,6.26901],[-75.60026,6.26882],[-75.59954,6.26964]]],[[[-75.59972,6.20668],[-75.59988,6.20548],[-75.60087,6.20835],[-75.59959,6.20768],[-75.59972,6.20672],[-75.59972,6.20668]],[[-75.59965,6.20768],[-75.59973,6.20755],[-75.59965,6.20732],[-75.59965,6.20768]],[[-75.60004,6.20775],[-75.60019,6.20726],[-75.59986,6.2071],[-75.60004,6.20775]],[[-75.60072,6.20813],[-75.60045,6.20779],[-75.60013,6.20789],[-75.60072,6.20813]]],[[[-75.60125,6.21282],[-75.6021,6.21338],[-75.60004,6.2135],[-75.60175,6.21212],[-75.60125,6.21282]]],[[[-75.60029,6.24515],[-75.60237,6.24535],[-75.60184,6.24623],[-75.6015,6.2453],[-75.60053,6.24691],[-75.60029,6.24515]]],[[[-75.60202,6.22024],[-75.60113,6.22017],[-75.60124,6.21905],[-75.60047,6.21887],[-75.60079,6.2195],[-75.60062,6.21934],[-75.60045,6.21919],[-75.60034,6.21884],[-75.60144,6.21525],[-75.60046,6.21852],[-75.60457,6.21962],[-75.60446,6.21982],[-75.60333,6.2193],[-75.60327,6.21954],[-75.60144,6.2189],[-75.60202,6.22024]],[[-75.60068,6.21932],[-75.60063,6.21928],[-75.60062,6.21934],[-75.60068,6.21932]],[[-75.6029,6.21933],[-75.60292,6.21937],[-75.60293,6.2193],[-75.6029,6.21933]]],[[[-75.60333,6.26436],[-75.60307,6.26544],[-75.60142,6.26377],[-75.60333,6.26436]]],[[[-75.60302,6.20999],[-75.60628,6.20921],[-75.60412,6.21053],[-75.60167,6.21035],[-75.60162,6.20892],[-75.60302,6.20999]],[[-75.60168,6.20983],[-75.60167,6.20982],[-75.60167,6.20984],[-75.60168,6.20983]],[[-75.60199,6.21009],[-75.60192,6.21004],[-75.60179,6.21011],[-75.60199,6.21009]]],[[[-75.60333,6.26383],[-75.60168,6.26368],[-75.60286,6.26264],[-75.60333,6.26383]]],[[[-75.60478,6.26915],[-75.60683,6.26899],[-75.60777,6.26707],[-75.60566,6.26742],[-75.60448,6.26578],[-75.60435,6.26755],[-75.60385,6.26457],[-75.60686,6.26555],[-75.60385,6.26408],[-75.60608,6.26264],[-75.6082,6.26522],[-75.61079,6.26277],[-75.61216,6.26392],[-75.61033,6.26501],[-75.61336,6.26944],[-75.61127,6.27214],[-75.61786,6.27087],[-75.60944,6.27257],[-75.61101,6.2722],[-75.6054,6.27086],[-75.6122,6.27092],[-75.61079,6.26892],[-75.60429,6.27059],[-75.60182,6.27001],[-75.60214,6.26632],[-75.60478,6.26915]],[[-75.60222,6.26918],[-75.60211,6.26922],[-75.60219,6.26921],[-75.60222,6.26918]],[[-75.6028,6.27007],[-75.60286,6.27004],[-75.60279,6.27002],[-75.6028,6.27007]],[[-75.60508,6.264],[-75.60504,6.26407],[-75.60508,6.26434],[-75.60508,6.264]],[[-75.61015,6.26459],[-75.61012,6.26459],[-75.61011,6.2646],[-75.61015,6.26459]],[[-75.61255,6.26879],[-75.61256,6.26878],[-75.61255,6.26878],[-75.61255,6.26879]],[[-75.61282,6.26889],[-75.61274,6.26895],[-75.61284,6.26911],[-75.61282,6.26889]],[[-75.61293,6.26911],[-75.61289,6.2692],[-75.61295,6.26928],[-75.61293,6.26911]],[[-75.61309,6.26962],[-75.61309,6.26944],[-75.61307,6.26952],[-75.61309,6.26962]]],[[[-75.60361,6.22197],[-75.60458,6.22258],[-75.60197,6.22271],[-75.60361,6.22197]]],[[[-75.60516,6.23401],[-75.60246,6.23354],[-75.60409,6.23273],[-75.60371,6.23354],[-75.60515,6.23399],[-75.60452,6.23252],[-75.60556,6.23212],[-75.60516,6.23401]]],[[[-75.60567,6.23695],[-75.60456,6.23603],[-75.60494,6.23494],[-75.6025,6.2343],[-75.60602,6.23432],[-75.6061,6.23432],[-75.60612,6.23591],[-75.60629,6.23574],[-75.60637,6.23658],[-75.60613,6.23734],[-75.60567,6.23695]],[[-75.60569,6.23695],[-75.60569,6.23693],[-75.60567,6.23695],[-75.60569,6.23695]],[[-75.60587,6.2344],[-75.60592,6.23468],[-75.60602,6.23432],[-75.60587,6.2344]],[[-75.60298,6.23436],[-75.60295,6.23437],[-75.60296,6.23441],[-75.60298,6.23436]],[[-75.60418,6.23447],[-75.60413,6.23452],[-75.60418,6.23458],[-75.60418,6.23447]],[[-75.60514,6.23534],[-75.60518,6.23531],[-75.60514,6.23528],[-75.60514,6.23534]],[[-75.60523,6.23507],[-75.60571,6.23507],[-75.60553,6.23494],[-75.60523,6.23507]],[[-75.60567,6.23647],[-75.60568,6.23543],[-75.6053,6.23592],[-75.60567,6.23647]],[[-75.60538,6.23469],[-75.60578,6.23459],[-75.60551,6.23458],[-75.60538,6.23469]],[[-75.60631,6.23647],[-75.60628,6.23578],[-75.60612,6.23612],[-75.60631,6.23647]]],[[[-75.60465,6.24744],[-75.60315,6.24743],[-75.60499,6.24791],[-75.60316,6.248],[-75.60442,6.24815],[-75.60275,6.24885],[-75.60303,6.24663],[-75.60465,6.24744]],[[-75.60329,6.24843],[-75.60308,6.24845],[-75.60321,6.24853],[-75.60329,6.24843]]],[[[-75.60397,6.2152],[-75.6039,6.21583],[-75.60323,6.21624],[-75.60313,6.21484],[-75.60505,6.21302],[-75.60397,6.2152]],[[-75.60317,6.21485],[-75.60318,6.21487],[-75.60318,6.21484],[-75.60317,6.21485]],[[-75.6037,6.21542],[-75.60342,6.21552],[-75.6035,6.21557],[-75.6037,6.21542]],[[-75.60345,6.21486],[-75.60346,6.21484],[-75.60345,6.21484],[-75.60345,6.21486]],[[-75.60368,6.21477],[-75.60376,6.21472],[-75.60354,6.21472],[-75.60368,6.21477]],[[-75.6036,6.21563],[-75.60388,6.2158],[-75.60388,6.21535],[-75.6036,6.21563]],[[-75.60429,6.21389],[-75.60426,6.21387],[-75.60425,6.2139],[-75.60429,6.21389]]],[[[-75.60353,6.24124],[-75.60353,6.24122],[-75.60483,6.24195],[-75.60328,6.24284],[-75.60353,6.24124]],[[-75.60352,6.24135],[-75.60357,6.24129],[-75.60353,6.24124],[-75.60352,6.24135]]],[[[-75.60385,6.24373],[-75.60613,6.24448],[-75.60609,6.24478],[-75.60587,6.24539],[-75.60559,6.24617],[-75.60544,6.24594],[-75.60529,6.24688],[-75.60396,6.24474],[-75.60385,6.24373]],[[-75.60587,6.24516],[-75.60572,6.24531],[-75.60587,6.24539],[-75.60587,6.24516]],[[-75.60466,6.24555],[-75.60527,6.24573],[-75.60513,6.24552],[-75.60466,6.24555]],[[-75.60484,6.24502],[-75.60551,6.24523],[-75.60528,6.245],[-75.60484,6.24502]],[[-75.60601,6.24488],[-75.60587,6.24497],[-75.60596,6.24512],[-75.60601,6.24488]]],[[[-75.60395,6.22166],[-75.60426,6.22085],[-75.60563,6.22255],[-75.60395,6.22166]]],[[[-75.60637,6.23876],[-75.60751,6.24151],[-75.6043,6.24017],[-75.60476,6.23985],[-75.60652,6.24],[-75.60637,6.23876]],[[-75.60481,6.24006],[-75.60586,6.24006],[-75.60553,6.24001],[-75.60481,6.24006]]],[[[-75.60562,6.24843],[-75.60628,6.24892],[-75.60886,6.24637],[-75.60586,6.24779],[-75.60917,6.24608],[-75.60515,6.25011],[-75.60562,6.24843]]],[[[-75.6089,6.24592],[-75.60793,6.24567],[-75.60836,6.24632],[-75.60582,6.24745],[-75.60716,6.24454],[-75.6089,6.24592]],[[-75.60639,6.24705],[-75.60639,6.24715],[-75.60644,6.24711],[-75.60639,6.24705]],[[-75.60653,6.24664],[-75.60652,6.24666],[-75.60652,6.24702],[-75.60653,6.24664]],[[-75.60713,6.24651],[-75.60693,6.24621],[-75.60659,6.24627],[-75.60713,6.24651]],[[-75.60706,6.24598],[-75.60752,6.24588],[-75.60691,6.24568],[-75.60706,6.24598]],[[-75.6072,6.24539],[-75.6072,6.24535],[-75.60719,6.2454],[-75.6072,6.24539]],[[-75.60766,6.246],[-75.60771,6.24621],[-75.60833,6.24631],[-75.60766,6.246]]],[[[-75.61033,6.28221],[-75.60708,6.28348],[-75.6063,6.28101],[-75.61033,6.28221]],[[-75.60694,6.28156],[-75.60749,6.28155],[-75.60736,6.28153],[-75.60694,6.28156]],[[-75.60767,6.28168],[-75.60828,6.28168],[-75.60795,6.28162],[-75.60767,6.28168]],[[-75.60824,6.28263],[-75.60826,6.28263],[-75.60825,6.28262],[-75.60824,6.28263]],[[-75.60846,6.28182],[-75.60867,6.28195],[-75.60852,6.28179],[-75.60846,6.28182]]],[[[-75.60713,6.22126],[-75.60712,6.22008],[-75.61241,6.22172],[-75.60848,6.22109],[-75.60713,6.22126]],[[-75.60848,6.22078],[-75.60846,6.22078],[-75.60843,6.22086],[-75.60848,6.22078]]],[[[-75.60976,6.23421],[-75.60783,6.23414],[-75.60912,6.2333],[-75.60976,6.23421]]],[[[-75.61692,6.2736],[-75.61651,6.27465],[-75.61598,6.27396],[-75.61672,6.27364],[-75.60927,6.27261],[-75.61851,6.27132],[-75.62543,6.27406],[-75.62667,6.26994],[-75.62382,6.26992],[-75.62723,6.2698],[-75.62653,6.27499],[-75.62035,6.27414],[-75.62287,6.27554],[-75.62052,6.27571],[-75.619,6.27505],[-75.61928,6.27399],[-75.61692,6.2736]],[[-75.61567,6.27257],[-75.61568,6.27258],[-75.61568,6.27256],[-75.61567,6.27257]],[[-75.61576,6.27284],[-75.61582,6.27285],[-75.61581,6.27281],[-75.61576,6.27284]],[[-75.6165,6.27434],[-75.61652,6.27427],[-75.6165,6.27419],[-75.6165,6.27434]],[[-75.6166,6.27196],[-75.61655,6.27216],[-75.61669,6.27214],[-75.6166,6.27196]],[[-75.61677,6.27394],[-75.61678,6.27392],[-75.61675,6.27393],[-75.61677,6.27394]],[[-75.62207,6.27384],[-75.62168,6.27341],[-75.62165,6.27359],[-75.62207,6.27384]],[[-75.62625,6.27279],[-75.6257,6.27347],[-75.62608,6.27386],[-75.62625,6.27279]]],[[[-75.61289,6.24931],[-75.61115,6.24769],[-75.6109,6.24707],[-75.61343,6.2454],[-75.61264,6.24634],[-75.61332,6.24617],[-75.61289,6.24931]],[[-75.61153,6.24717],[-75.61173,6.24697],[-75.61121,6.24688],[-75.61153,6.24717]],[[-75.61177,6.24743],[-75.61222,6.24773],[-75.61187,6.24725],[-75.61177,6.24743]],[[-75.61203,6.24801],[-75.61194,6.24797],[-75.61191,6.24808],[-75.61203,6.24801]],[[-75.61206,6.24695],[-75.61244,6.24729],[-75.61236,6.24699],[-75.61206,6.24695]],[[-75.61226,6.24851],[-75.61229,6.24841],[-75.61218,6.24839],[-75.61226,6.24851]],[[-75.61255,6.24664],[-75.61234,6.24654],[-75.61247,6.24677],[-75.61255,6.24664]],[[-75.61249,6.24892],[-75.61257,6.24885],[-75.6125,6.24878],[-75.61249,6.24892]],[[-75.61254,6.24682],[-75.61274,6.24699],[-75.61277,6.24669],[-75.61254,6.24682]],[[-75.61268,6.24878],[-75.61269,6.24867],[-75.61258,6.24866],[-75.61268,6.24878]],[[-75.61309,6.24718],[-75.613,6.24724],[-75.61306,6.24725],[-75.61309,6.24718]]],[[[-75.61197,6.26169],[-75.6139,6.26338],[-75.61306,6.26391],[-75.61197,6.26169]]],[[[-75.61435,6.27727],[-75.61285,6.2766],[-75.61438,6.27507],[-75.61509,6.277],[-75.61435,6.27727]],[[-75.61448,6.27689],[-75.61447,6.27708],[-75.61455,6.27691],[-75.61448,6.27689]],[[-75.61457,6.27688],[-75.61462,6.27677],[-75.61454,6.27682],[-75.61457,6.27688]]],[[[-75.61496,6.25995],[-75.61617,6.26517],[-75.617,6.26142],[-75.62187,6.26337],[-75.61997,6.25831],[-75.62152,6.26001],[-75.62285,6.26071],[-75.6231,6.26173],[-75.62334,6.2601],[-75.624,6.26237],[-75.62409,6.26156],[-75.62729,6.2663],[-75.62561,6.2621],[-75.62981,6.2695],[-75.6286,6.26959],[-75.62787,6.26776],[-75.62676,6.26812],[-75.62778,6.26754],[-75.62736,6.26648],[-75.62623,6.26583],[-75.62532,6.2664],[-75.62335,6.26381],[-75.61874,6.26263],[-75.61567,6.26638],[-75.61302,6.26132],[-75.61496,6.25995]],[[-75.61315,6.26135],[-75.61323,6.26133],[-75.61309,6.26131],[-75.61315,6.26135]],[[-75.61342,6.26146],[-75.61336,6.26145],[-75.61334,6.26146],[-75.61342,6.26146]],[[-75.61366,6.26215],[-75.61376,6.26214],[-75.61361,6.26213],[-75.61366,6.26215]],[[-75.61767,6.26185],[-75.61768,6.26185],[-75.61768,6.26184],[-75.61767,6.26185]],[[-75.61778,6.26213],[-75.61782,6.26213],[-75.61781,6.26211],[-75.61778,6.26213]],[[-75.61794,6.26183],[-75.61792,6.26185],[-75.61795,6.26185],[-75.61794,6.26183]],[[-75.6195,6.26263],[-75.61956,6.2627],[-75.61958,6.26253],[-75.6195,6.26263]],[[-75.62066,6.25961],[-75.62071,6.25952],[-75.62065,6.2594],[-75.62066,6.25961]],[[-75.62084,6.26306],[-75.62079,6.26305],[-75.6208,6.26309],[-75.62084,6.26306]],[[-75.62231,6.26116],[-75.62229,6.26113],[-75.62228,6.26116],[-75.62231,6.26116]],[[-75.62236,6.26105],[-75.62242,6.26105],[-75.6224,6.26103],[-75.62236,6.26105]],[[-75.62244,6.26128],[-75.62242,6.26123],[-75.62242,6.2613],[-75.62244,6.26128]],[[-75.62244,6.26101],[-75.62268,6.26105],[-75.62266,6.26089],[-75.62244,6.26101]],[[-75.62249,6.26281],[-75.62282,6.2632],[-75.62265,6.26237],[-75.62249,6.26281]],[[-75.62399,6.26249],[-75.62354,6.26221],[-75.62397,6.26268],[-75.62399,6.26249]],[[-75.62413,6.26353],[-75.62418,6.2636],[-75.62419,6.26356],[-75.62413,6.26353]]],[[[-75.61452,6.2495],[-75.6152,6.24851],[-75.61391,6.24911],[-75.61551,6.24784],[-75.61471,6.24996],[-75.61465,6.24994],[-75.61336,6.2496],[-75.61452,6.2495]],[[-75.61466,6.2499],[-75.61463,6.24993],[-75.61465,6.24994],[-75.61466,6.2499]]],[[[-75.61628,6.27667],[-75.61446,6.27499],[-75.61535,6.2741],[-75.61691,6.27733],[-75.61572,6.27712],[-75.61628,6.27667]],[[-75.61512,6.27446],[-75.61515,6.27449],[-75.61514,6.2744],[-75.61512,6.27446]],[[-75.61519,6.27433],[-75.61532,6.27433],[-75.61526,6.27426],[-75.61519,6.27433]],[[-75.61529,6.27457],[-75.61525,6.27475],[-75.61543,6.27477],[-75.61529,6.27457]],[[-75.61556,6.2749],[-75.61555,6.27487],[-75.61555,6.2749],[-75.61556,6.2749]],[[-75.61584,6.27601],[-75.61581,6.27597],[-75.6158,6.27601],[-75.61584,6.27601]],[[-75.61583,6.27582],[-75.61585,6.27579],[-75.61584,6.27577],[-75.61583,6.27582]],[[-75.61597,6.27602],[-75.61596,6.276],[-75.61596,6.27602],[-75.61597,6.27602]],[[-75.61637,6.27636],[-75.61636,6.27636],[-75.61636,6.27637],[-75.61637,6.27636]]],[[[-75.61587,6.2451],[-75.61567,6.2449],[-75.61519,6.24497],[-75.61518,6.24494],[-75.61504,6.24468],[-75.61791,6.24162],[-75.61936,6.2443],[-75.61858,6.24455],[-75.61785,6.24172],[-75.61822,6.24452],[-75.61587,6.2451]],[[-75.61522,6.2449],[-75.61519,6.24484],[-75.61518,6.24494],[-75.61522,6.2449]],[[-75.61618,6.24463],[-75.61615,6.24461],[-75.61614,6.24464],[-75.61618,6.24463]],[[-75.61704,6.24448],[-75.61692,6.24448],[-75.61697,6.24454],[-75.61704,6.24448]]],[[[-75.61553,6.25989],[-75.61716,6.26051],[-75.61633,6.26135],[-75.61553,6.25989]],[[-75.61632,6.26077],[-75.61631,6.26077],[-75.61632,6.26078],[-75.61632,6.26077]],[[-75.61662,6.26092],[-75.61653,6.26092],[-75.61663,6.26096],[-75.61662,6.26092]],[[-75.61659,6.26036],[-75.61656,6.26037],[-75.61659,6.26039],[-75.61659,6.26036]],[[-75.61672,6.26093],[-75.61673,6.26092],[-75.61672,6.26092],[-75.61672,6.26093]],[[-75.61697,6.26049],[-75.61672,6.2605],[-75.61698,6.26064],[-75.61697,6.26049]]],[[[-75.61726,6.24942],[-75.61611,6.24981],[-75.61893,6.24677],[-75.61928,6.24833],[-75.61726,6.24942]]],[[[-75.62272,6.24321],[-75.62124,6.24396],[-75.62147,6.24366],[-75.62034,6.24415],[-75.61975,6.24417],[-75.62074,6.24187],[-75.62116,6.24088],[-75.62272,6.24321]],[[-75.6206,6.24222],[-75.62087,6.24205],[-75.62074,6.24187],[-75.6206,6.24222]],[[-75.62027,6.24382],[-75.62018,6.24378],[-75.6203,6.24394],[-75.62027,6.24382]],[[-75.62033,6.24398],[-75.62039,6.24407],[-75.62048,6.24394],[-75.62033,6.24398]],[[-75.62067,6.2425],[-75.62059,6.24262],[-75.6208,6.2426],[-75.62067,6.2425]],[[-75.6208,6.24216],[-75.62073,6.24218],[-75.62089,6.24218],[-75.6208,6.24216]],[[-75.62088,6.24265],[-75.62083,6.24271],[-75.62088,6.24277],[-75.62088,6.24265]],[[-75.62105,6.24227],[-75.62097,6.24234],[-75.62116,6.24249],[-75.62105,6.24227]],[[-75.62124,6.24297],[-75.62113,6.243],[-75.62128,6.24314],[-75.62124,6.24297]],[[-75.62206,6.2427],[-75.62167,6.243],[-75.6221,6.24272],[-75.62206,6.2427]],[[-75.62179,6.24194],[-75.6218,6.24195],[-75.62181,6.24194],[-75.62179,6.24194]]],[[[-75.62586,6.26714],[-75.62587,6.26802],[-75.62406,6.26751],[-75.62018,6.26647],[-75.62586,6.26714]],[[-75.62581,6.26733],[-75.62569,6.26739],[-75.6258,6.26741],[-75.62581,6.26733]]],[[[-75.62266,6.25117],[-75.6208,6.2493],[-75.62416,6.25037],[-75.623,6.25146],[-75.62266,6.25117]],[[-75.6228,6.25099],[-75.62297,6.25099],[-75.62291,6.25096],[-75.6228,6.25099]],[[-75.62329,6.25033],[-75.62317,6.25041],[-75.62315,6.2505],[-75.62329,6.25033]]],[[[-75.62263,6.26053],[-75.62131,6.2596],[-75.62146,6.25817],[-75.62263,6.26053]]],[[[-75.63217,6.27753],[-75.62996,6.27802],[-75.62556,6.27578],[-75.62464,6.27937],[-75.62132,6.27703],[-75.62484,6.27507],[-75.62722,6.27587],[-75.62841,6.27373],[-75.62978,6.27474],[-75.62774,6.27564],[-75.63217,6.27753]],[[-75.62443,6.27661],[-75.62312,6.27639],[-75.62449,6.27885],[-75.62443,6.27661]],[[-75.62464,6.27557],[-75.62498,6.27525],[-75.62447,6.27542],[-75.62464,6.27557]],[[-75.62456,6.27899],[-75.62465,6.27927],[-75.62464,6.27884],[-75.62456,6.27899]],[[-75.62814,6.27424],[-75.6276,6.27542],[-75.62832,6.27499],[-75.62814,6.27424]],[[-75.62822,6.27539],[-75.6283,6.27538],[-75.62829,6.27523],[-75.62822,6.27539]],[[-75.62861,6.27484],[-75.62855,6.27484],[-75.62855,6.27497],[-75.62861,6.27484]],[[-75.62898,6.27457],[-75.62896,6.27456],[-75.62896,6.27457],[-75.62898,6.27457]],[[-75.62911,6.27448],[-75.62919,6.27432],[-75.62907,6.27423],[-75.62911,6.27448]]],[[[-75.62587,6.2681],[-75.62588,6.26974],[-75.62179,6.2699],[-75.62587,6.2681]]],[[[-75.62565,6.2215],[-75.62651,6.22314],[-75.62274,6.22314],[-75.62565,6.2215]]],[[[-75.62364,6.24588],[-75.62599,6.24642],[-75.62293,6.24644],[-75.62364,6.24588]]],[[[-75.6299,6.22377],[-75.62651,6.22549],[-75.62797,6.22349],[-75.6299,6.22377]]],[[[-75.63062,6.247],[-75.62958,6.24765],[-75.62673,6.24602],[-75.63062,6.247]]],[[[-75.62773,6.2705],[-75.62765,6.27032],[-75.62968,6.27193],[-75.62892,6.27268],[-75.62766,6.27176],[-75.62766,6.27266],[-75.62881,6.27279],[-75.62734,6.27423],[-75.62773,6.2705]],[[-75.62766,6.27157],[-75.62771,6.27163],[-75.62773,6.27151],[-75.62766,6.27157]]],[[[-75.63332,6.27344],[-75.63016,6.2749],[-75.63049,6.27386],[-75.63217,6.27375],[-75.63099,6.27236],[-75.63332,6.27344]]],[[[-75.63092,6.22347],[-75.63089,6.22087],[-75.63179,6.22311],[-75.63414,6.22111],[-75.63211,6.22321],[-75.63092,6.22347]]],[[[-75.63118,6.27164],[-75.63398,6.27219],[-75.63402,6.27292],[-75.63118,6.27164]],[[-75.6329,6.27216],[-75.63273,6.27226],[-75.63319,6.27225],[-75.6329,6.27216]],[[-75.63391,6.27282],[-75.63391,6.27253],[-75.63379,6.2725],[-75.63391,6.27282]]],[[[-75.63248,6.27185],[-75.63132,6.27111],[-75.63532,6.27061],[-75.63248,6.27185]]],[[[-75.63698,6.27266],[-75.63598,6.27282],[-75.63587,6.27401],[-75.63677,6.27298],[-75.63585,6.27441],[-75.63516,6.27262],[-75.63698,6.27266]]],[[[-75.64111,6.1848],[-75.63938,6.18694],[-75.63983,6.18067],[-75.63532,6.17505],[-75.63853,6.17858],[-75.63803,6.17716],[-75.63874,6.17761],[-75.63972,6.17989],[-75.63945,6.17904],[-75.64106,6.17848],[-75.64039,6.18063],[-75.64115,6.18146],[-75.6558,6.18273],[-75.64123,6.18155],[-75.64046,6.18455],[-75.64111,6.1848]],[[-75.63957,6.17906],[-75.63949,6.17906],[-75.63952,6.17913],[-75.63957,6.17906]],[[-75.63959,6.1803],[-75.63965,6.18037],[-75.63966,6.18024],[-75.63959,6.1803]],[[-75.64005,6.18292],[-75.64008,6.1833],[-75.64022,6.18252],[-75.64005,6.18292]],[[-75.64017,6.18132],[-75.64016,6.18137],[-75.64019,6.18137],[-75.64017,6.18132]],[[-75.64022,6.18464],[-75.64029,6.18418],[-75.64021,6.18351],[-75.64022,6.18464]]],[[[-75.63951,6.27484],[-75.63534,6.27543],[-75.63555,6.27529],[-75.63728,6.27272],[-75.63951,6.27484]],[[-75.6365,6.27432],[-75.63658,6.27473],[-75.63683,6.27448],[-75.6365,6.27432]]],[[[-75.65278,6.17649],[-75.64511,6.1745],[-75.64326,6.17795],[-75.65314,6.17861],[-75.64107,6.17848],[-75.64304,6.1778],[-75.64181,6.17744],[-75.64291,6.17485],[-75.64084,6.17514],[-75.64131,6.17729],[-75.64061,6.17709],[-75.64045,6.17516],[-75.6393,6.1767],[-75.63779,6.17626],[-75.63884,6.17541],[-75.63604,6.17575],[-75.64159,6.17475],[-75.6384,6.175],[-75.64303,6.1729],[-75.64478,6.17286],[-75.64074,6.17476],[-75.64652,6.17416],[-75.65278,6.17649]],[[-75.64072,6.17429],[-75.64072,6.17438],[-75.64086,6.17417],[-75.64072,6.17429]],[[-75.64087,6.17614],[-75.6409,6.1759],[-75.64073,6.17534],[-75.64087,6.17614]],[[-75.64081,6.1769],[-75.64086,6.17705],[-75.64087,6.17663],[-75.64081,6.1769]],[[-75.64211,6.17839],[-75.64209,6.17838],[-75.64209,6.17841],[-75.64211,6.17839]],[[-75.64313,6.17733],[-75.64317,6.1776],[-75.64317,6.17709],[-75.64313,6.17733]],[[-75.64379,6.1746],[-75.64474,6.17446],[-75.64459,6.1744],[-75.64379,6.1746]],[[-75.64421,6.17826],[-75.64453,6.17842],[-75.64508,6.17808],[-75.64421,6.17826]],[[-75.64597,6.17445],[-75.64684,6.17445],[-75.64635,6.17439],[-75.64597,6.17445]]],[[[-75.63829,6.27723],[-75.63849,6.2789],[-75.63807,6.27878],[-75.63754,6.27769],[-75.63829,6.27723]]],[[[-75.63963,6.27917],[-75.63901,6.27703],[-75.64194,6.27868],[-75.63963,6.27917]]],[[[-75.64312,6.28408],[-75.64063,6.28431],[-75.64078,6.28248],[-75.64312,6.28408]]],[[[-75.6438,6.18313],[-75.6421,6.1823],[-75.64804,6.18276],[-75.6438,6.18313]],[[-75.64433,6.18259],[-75.64427,6.18258],[-75.64427,6.18262],[-75.64433,6.18259]]],[[[-75.64419,6.18499],[-75.64286,6.18695],[-75.64214,6.18487],[-75.64419,6.18499]]],[[[-75.64221,6.28054],[-75.64497,6.28186],[-75.64324,6.28396],[-75.64221,6.28054]],[[-75.6428,6.28131],[-75.64291,6.28126],[-75.64282,6.28114],[-75.6428,6.28131]]],[[[-75.64564,6.18592],[-75.64977,6.18857],[-75.64307,6.18756],[-75.64495,6.18556],[-75.64564,6.18592]],[[-75.64537,6.18638],[-75.64535,6.18653],[-75.64543,6.18646],[-75.64537,6.18638]],[[-75.6455,6.18667],[-75.64558,6.18666],[-75.64553,6.1866],[-75.6455,6.18667]]],[[[-75.64804,6.18293],[-75.64798,6.18518],[-75.64725,6.18482],[-75.64804,6.18293]]],[[[-75.64849,6.18307],[-75.65157,6.18485],[-75.64858,6.18492],[-75.64855,6.18429],[-75.65147,6.18481],[-75.64849,6.18307]]],[[[-75.65116,6.17338],[-75.64936,6.17333],[-75.64983,6.17175],[-75.65116,6.17338]]],[[[-75.64983,6.18505],[-75.65113,6.18515],[-75.64984,6.18686],[-75.64986,6.1851],[-75.64983,6.18505]],[[-75.65039,6.18531],[-75.65037,6.18593],[-75.65091,6.18535],[-75.65039,6.18531]]],[[[-75.65961,6.18745],[-75.6559,6.18745],[-75.65852,6.18592],[-75.65961,6.18745]],[[-75.65739,6.18693],[-75.65745,6.18692],[-75.65747,6.18685],[-75.65739,6.18693]],[[-75.65796,6.18668],[-75.65789,6.18643],[-75.65778,6.18654],[-75.65796,6.18668]],[[-75.6578,6.18683],[-75.65799,6.18678],[-75.65798,6.18676],[-75.6578,6.18683]]],[[[-75.65616,6.18252],[-75.66096,6.18137],[-75.6589,6.18289],[-75.65616,6.18252]],[[-75.65771,6.18235],[-75.65766,6.18234],[-75.6577,6.18241],[-75.65771,6.18235]],[[-75.6581,6.18241],[-75.65811,6.18236],[-75.65804,6.18239],[-75.6581,6.18241]],[[-75.65804,6.18245],[-75.65808,6.18248],[-75.65809,6.18244],[-75.65804,6.18245]],[[-75.65821,6.18273],[-75.65822,6.18269],[-75.65821,6.18268],[-75.65821,6.18273]],[[-75.65892,6.18276],[-75.65887,6.18284],[-75.65893,6.18283],[-75.65892,6.18276]]],[[[-75.6629,6.18763],[-75.65927,6.1881],[-75.66002,6.18684],[-75.6629,6.18763]]],[[[-75.6611,6.18557],[-75.65957,6.18571],[-75.66082,6.18301],[-75.6611,6.18557]]],[[[-75.66294,6.18091],[-75.66174,6.18241],[-75.66155,6.18116],[-75.66294,6.18091]],[[-75.66216,6.18148],[-75.66215,6.18127],[-75.66215,6.18149],[-75.66216,6.18148]]]]}},{"type":"Feature","properties":{"iso":60,"rango_db":"60.0-65.0","ha":2404.9},"geometry":{"type":"MultiPolygon","coordinates":[[[[-75.53897,6.23669],[-75.5392,6.23378],[-75.53836,6.23366],[-75.539,6.23343],[-75.5421,6.23722],[-75.5405,6.23644],[-75.54358,6.23901],[-75.54717,6.24531],[-75.54847,6.24354],[-75.54984,6.24385],[-75.54977,6.24522],[-75.5475,6.24537],[-75.55204,6.24801],[-75.55008,6.24751],[-75.55032,6.24912],[-75.55316,6.24865],[-75.55448,6.24942],[-75.54854,6.24943],[-75.5501,6.24727],[-75.54593,6.24529],[-75.54539,6.24428],[-75.54614,6.2476],[-75.54292,6.24782],[-75.54188,6.24538],[-75.54127,6.24793],[-75.53872,6.2481],[-75.5428,6.24416],[-75.54148,6.24127],[-75.54392,6.2421],[-75.54427,6.24269],[-75.54334,6.24428],[-75.54444,6.24296],[-75.545,6.24391],[-75.54287,6.23846],[-75.54119,6.2375],[-75.54388,6.24202],[-75.53937,6.23992],[-75.53925,6.23951],[-75.54052,6.2399],[-75.54222,6.24041],[-75.54063,6.23745],[-75.53921,6.23934],[-75.53789,6.23472],[-75.53172,6.23735],[-75.52539,6.23405],[-75.53123,6.23193],[-75.53522,6.2342],[-75.53612,6.23235],[-75.53548,6.2347],[-75.53759,6.23394],[-75.53897,6.23669]],[[-75.545,6.24392],[-75.54516,6.24418],[-75.54505,6.24386],[-75.545,6.24391],[-75.545,6.24392]],[[-75.54052,6.24014],[-75.54062,6.24001],[-75.54052,6.2399],[-75.54052,6.24014]],[[-75.52803,6.23405],[-75.52803,6.23401],[-75.52788,6.23419],[-75.52803,6.23405]],[[-75.53429,6.23592],[-75.53439,6.23498],[-75.53502,6.23449],[-75.53121,6.23203],[-75.52795,6.23428],[-75.53172,6.23688],[-75.53429,6.23592]],[[-75.53061,6.23656],[-75.53048,6.23633],[-75.53049,6.23652],[-75.53061,6.23656]],[[-75.53131,6.23689],[-75.5313,6.23685],[-75.53126,6.23689],[-75.53131,6.23689]],[[-75.53375,6.2362],[-75.53373,6.23618],[-75.53372,6.2362],[-75.53375,6.2362]],[[-75.53489,6.23536],[-75.53449,6.23547],[-75.53455,6.23586],[-75.53489,6.23536]],[[-75.53508,6.2347],[-75.53507,6.23465],[-75.53492,6.23483],[-75.53508,6.2347]],[[-75.53515,6.23443],[-75.53519,6.23443],[-75.53522,6.23442],[-75.53515,6.23443]],[[-75.53548,6.23539],[-75.53616,6.23452],[-75.53575,6.23484],[-75.53548,6.23539]],[[-75.53556,6.23376],[-75.5355,6.23369],[-75.53549,6.23377],[-75.53556,6.23376]],[[-75.53596,6.23497],[-75.53609,6.23513],[-75.53613,6.23485],[-75.53596,6.23497]],[[-75.53659,6.23456],[-75.53657,6.23455],[-75.53657,6.23456],[-75.53659,6.23456]],[[-75.53702,6.23456],[-75.53698,6.23455],[-75.53698,6.23459],[-75.53702,6.23456]],[[-75.53699,6.23429],[-75.53698,6.23426],[-75.53698,6.23431],[-75.53699,6.23429]],[[-75.53912,6.23569],[-75.53915,6.2355],[-75.53907,6.23562],[-75.53912,6.23569]],[[-75.53913,6.23592],[-75.54043,6.23628],[-75.53981,6.23488],[-75.53913,6.23592]],[[-75.53917,6.23712],[-75.53915,6.23707],[-75.53915,6.23714],[-75.53917,6.23712]],[[-75.5392,6.23728],[-75.53977,6.23728],[-75.53956,6.23695],[-75.5392,6.23728]],[[-75.53942,6.23537],[-75.53942,6.23535],[-75.53941,6.23536],[-75.53942,6.23537]],[[-75.53943,6.2351],[-75.53942,6.23509],[-75.53942,6.23511],[-75.53943,6.2351]],[[-75.53978,6.2378],[-75.53957,6.23753],[-75.53943,6.23838],[-75.53978,6.2378]],[[-75.53972,6.23686],[-75.5397,6.23685],[-75.53967,6.23686],[-75.53972,6.23686]],[[-75.53981,6.23842],[-75.53981,6.23834],[-75.53975,6.23836],[-75.53981,6.23842]],[[-75.54002,6.23713],[-75.53986,6.23708],[-75.53985,6.23721],[-75.54002,6.23713]],[[-75.54001,6.2378],[-75.53996,6.23767],[-75.53992,6.23779],[-75.54001,6.2378]],[[-75.53996,6.23637],[-75.53996,6.2363],[-75.53994,6.23632],[-75.53996,6.23637]],[[-75.53998,6.23729],[-75.54023,6.23785],[-75.54044,6.23736],[-75.53998,6.23729]],[[-75.54057,6.23686],[-75.54052,6.23681],[-75.54036,6.237],[-75.54057,6.23686]],[[-75.54038,6.23645],[-75.54037,6.23644],[-75.54036,6.23645],[-75.54038,6.23645]],[[-75.54093,6.24764],[-75.54095,6.24749],[-75.54086,6.24756],[-75.54093,6.24764]],[[-75.54215,6.24558],[-75.54235,6.24545],[-75.54197,6.24538],[-75.54215,6.24558]],[[-75.54211,6.24231],[-75.54221,6.24219],[-75.54214,6.2421],[-75.54211,6.24231]],[[-75.54258,6.2407],[-75.54263,6.24041],[-75.54222,6.24067],[-75.54258,6.2407]],[[-75.54243,6.24552],[-75.54242,6.2455],[-75.5424,6.24552],[-75.54243,6.24552]],[[-75.54245,6.24322],[-75.54243,6.2432],[-75.54241,6.24324],[-75.54245,6.24322]],[[-75.5426,6.24546],[-75.54241,6.24584],[-75.54277,6.24569],[-75.5426,6.24546]],[[-75.54247,6.2451],[-75.5428,6.24501],[-75.5426,6.2449],[-75.54247,6.2451]],[[-75.54248,6.24454],[-75.54272,6.24467],[-75.5427,6.24448],[-75.54248,6.24454]],[[-75.54256,6.24682],[-75.54257,6.24668],[-75.54251,6.24675],[-75.54256,6.24682]],[[-75.54289,6.24598],[-75.54277,6.24584],[-75.54253,6.24608],[-75.54289,6.24598]],[[-75.54263,6.24644],[-75.54333,6.24601],[-75.54306,6.24589],[-75.54263,6.24644]],[[-75.54276,6.24338],[-75.5429,6.24348],[-75.54297,6.2432],[-75.54276,6.24338]],[[-75.54277,6.24481],[-75.54289,6.24497],[-75.54302,6.24468],[-75.54277,6.24481]],[[-75.54291,6.24377],[-75.54285,6.24373],[-75.54281,6.24381],[-75.54291,6.24377]],[[-75.54284,6.24521],[-75.5429,6.24544],[-75.54344,6.24506],[-75.54284,6.24521]],[[-75.54295,6.24674],[-75.54297,6.24676],[-75.54298,6.24673],[-75.54295,6.24674]],[[-75.54297,6.24713],[-75.54298,6.24718],[-75.54302,6.24714],[-75.54297,6.24713]],[[-75.54307,6.24371],[-75.54315,6.24356],[-75.54303,6.24359],[-75.54307,6.24371]],[[-75.5431,6.24512],[-75.54309,6.24508],[-75.54304,6.24511],[-75.5431,6.24512]],[[-75.54354,6.24655],[-75.54346,6.24636],[-75.54305,6.24666],[-75.54354,6.24655]],[[-75.54312,6.24722],[-75.54311,6.24767],[-75.54318,6.24732],[-75.54312,6.24722]],[[-75.54318,6.24452],[-75.54341,6.24476],[-75.54339,6.24457],[-75.54318,6.24452]],[[-75.54318,6.24561],[-75.54378,6.24552],[-75.54371,6.24527],[-75.54318,6.24561]],[[-75.54324,6.24347],[-75.54324,6.24356],[-75.54327,6.2435],[-75.54324,6.24347]],[[-75.54343,6.24482],[-75.54357,6.24488],[-75.54353,6.24477],[-75.54343,6.24482]],[[-75.5435,6.24447],[-75.5435,6.24439],[-75.54346,6.24444],[-75.5435,6.24447]],[[-75.54364,6.24477],[-75.54365,6.24464],[-75.54357,6.2447],[-75.54364,6.24477]],[[-75.54368,6.24428],[-75.5436,6.24449],[-75.54374,6.24443],[-75.54368,6.24428]],[[-75.54384,6.24501],[-75.54378,6.24491],[-75.54364,6.24525],[-75.54384,6.24501]],[[-75.54365,6.24593],[-75.54422,6.24576],[-75.54419,6.24552],[-75.54365,6.24593]],[[-75.54377,6.24629],[-75.54373,6.24636],[-75.54385,6.24633],[-75.54377,6.24629]],[[-75.54391,6.24512],[-75.54417,6.24529],[-75.5441,6.24487],[-75.54391,6.24512]],[[-75.54401,6.24409],[-75.54418,6.24452],[-75.54465,6.2441],[-75.54401,6.24409]],[[-75.54421,6.24621],[-75.54425,6.24605],[-75.54405,6.24621],[-75.54421,6.24621]],[[-75.5441,6.24255],[-75.54406,6.24251],[-75.54405,6.24259],[-75.5441,6.24255]],[[-75.54443,6.24604],[-75.54463,6.24589],[-75.54425,6.24594],[-75.54443,6.24604]],[[-75.54444,6.24499],[-75.54472,6.24445],[-75.54427,6.24469],[-75.54444,6.24499]],[[-75.54486,6.24575],[-75.54503,6.24517],[-75.54438,6.24543],[-75.54486,6.24575]],[[-75.54446,6.24457],[-75.54459,6.24443],[-75.54438,6.24457],[-75.54446,6.24457]],[[-75.54447,6.24579],[-75.54446,6.24577],[-75.54445,6.24579],[-75.54447,6.24579]],[[-75.54467,6.24399],[-75.54471,6.24406],[-75.54472,6.24388],[-75.54467,6.24399]],[[-75.54495,6.24608],[-75.54479,6.24604],[-75.54485,6.24614],[-75.54495,6.24608]],[[-75.54508,6.24489],[-75.5454,6.24459],[-75.54497,6.24428],[-75.54508,6.24489]],[[-75.54506,6.24593],[-75.54501,6.24589],[-75.545,6.24597],[-75.54506,6.24593]],[[-75.54519,6.24499],[-75.54514,6.24497],[-75.54514,6.24502],[-75.54519,6.24499]],[[-75.54517,6.24552],[-75.54514,6.24552],[-75.54514,6.24555],[-75.54517,6.24552]],[[-75.54522,6.24375],[-75.54522,6.24368],[-75.54518,6.24373],[-75.54522,6.24375]],[[-75.54535,6.24581],[-75.5452,6.24576],[-75.54525,6.24587],[-75.54535,6.24581]],[[-75.54581,6.24374],[-75.54524,6.24405],[-75.54614,6.24432],[-75.54581,6.24374]],[[-75.54541,6.24533],[-75.54541,6.24517],[-75.54533,6.24525],[-75.54541,6.24533]],[[-75.54553,6.24565],[-75.54554,6.24567],[-75.54554,6.24564],[-75.54553,6.24565]],[[-75.54605,6.24489],[-75.54596,6.24476],[-75.54595,6.24503],[-75.54605,6.24489]],[[-75.54618,6.24482],[-75.54629,6.24465],[-75.54601,6.24472],[-75.54618,6.24482]],[[-75.54628,6.24435],[-75.54623,6.24428],[-75.54608,6.24443],[-75.54628,6.24435]],[[-75.54635,6.24449],[-75.54627,6.24458],[-75.54644,6.24456],[-75.54635,6.24449]],[[-75.54891,6.24399],[-75.54895,6.24377],[-75.54868,6.24385],[-75.54891,6.24399]],[[-75.54903,6.24374],[-75.54905,6.24376],[-75.54907,6.24374],[-75.54903,6.24374]],[[-75.55015,6.24867],[-75.55002,6.24833],[-75.55004,6.24882],[-75.55015,6.24867]]],[[[-75.5362,6.23206],[-75.53615,6.23223],[-75.52719,6.22986],[-75.53584,6.23049],[-75.53706,6.23114],[-75.53684,6.22776],[-75.53995,6.23131],[-75.53761,6.23102],[-75.53845,6.23161],[-75.53258,6.23086],[-75.5362,6.23206]],[[-75.52884,6.23008],[-75.52882,6.23011],[-75.52886,6.23011],[-75.52884,6.23008]],[[-75.53083,6.23049],[-75.53021,6.23029],[-75.52985,6.23034],[-75.53083,6.23049]],[[-75.53467,6.23099],[-75.53462,6.23104],[-75.53466,6.23108],[-75.53467,6.23099]],[[-75.53507,6.23049],[-75.53506,6.2305],[-75.53508,6.2305],[-75.53507,6.23049]],[[-75.53551,6.23095],[-75.53516,6.23106],[-75.5356,6.23115],[-75.53551,6.23095]],[[-75.53724,6.23109],[-75.5374,6.23137],[-75.53745,6.23116],[-75.53724,6.23109]],[[-75.53762,6.23138],[-75.53783,6.23131],[-75.53765,6.2311],[-75.53762,6.23138]]],[[[-75.53206,6.2281],[-75.53628,6.22795],[-75.53319,6.22879],[-75.53206,6.2281]],[[-75.53344,6.22827],[-75.53333,6.22843],[-75.53344,6.22855],[-75.53344,6.22827]]],[[[-75.54082,6.29509],[-75.54097,6.29563],[-75.53597,6.29812],[-75.54082,6.29509]]],[[[-75.53931,6.28004],[-75.53929,6.28396],[-75.54198,6.27712],[-75.53925,6.28615],[-75.53893,6.28493],[-75.53835,6.29409],[-75.54066,6.29158],[-75.53926,6.2862],[-75.53947,6.28598],[-75.54094,6.28765],[-75.54038,6.28922],[-75.54105,6.28785],[-75.54136,6.28844],[-75.54146,6.28921],[-75.54142,6.29167],[-75.53639,6.29741],[-75.53931,6.28004]],[[-75.53956,6.28689],[-75.5397,6.28732],[-75.53999,6.28758],[-75.53956,6.28689]],[[-75.53974,6.28345],[-75.53961,6.28352],[-75.53973,6.28356],[-75.53974,6.28345]],[[-75.53968,6.28331],[-75.53965,6.28335],[-75.53968,6.28337],[-75.53968,6.28331]],[[-75.53969,6.28309],[-75.53968,6.2831],[-75.53969,6.28312],[-75.53969,6.28309]],[[-75.54022,6.29227],[-75.54008,6.29231],[-75.54032,6.29231],[-75.54022,6.29227]],[[-75.54037,6.28956],[-75.54029,6.28961],[-75.54037,6.28969],[-75.54037,6.28956]],[[-75.54052,6.28984],[-75.5405,6.28987],[-75.54052,6.2899],[-75.54052,6.28984]],[[-75.54106,6.28877],[-75.54097,6.2889],[-75.54104,6.28898],[-75.54106,6.28877]],[[-75.5412,6.29136],[-75.54109,6.29157],[-75.5412,6.29177],[-75.5412,6.29136]],[[-75.54119,6.28916],[-75.5412,6.28926],[-75.54122,6.2892],[-75.54119,6.28916]],[[-75.54119,6.2894],[-75.54119,6.2896],[-75.54132,6.28967],[-75.54119,6.2894]],[[-75.54123,6.29179],[-75.54122,6.29181],[-75.54123,6.29183],[-75.54123,6.29179]],[[-75.54133,6.2895],[-75.54137,6.28945],[-75.54133,6.28939],[-75.54133,6.2895]],[[-75.54133,6.29088],[-75.54141,6.29073],[-75.54133,6.2906],[-75.54133,6.29088]]],[[[-75.53745,6.27591],[-75.54064,6.27789],[-75.53907,6.27926],[-75.53706,6.27591],[-75.5425,6.27319],[-75.53745,6.27591]]],[[[-75.5439,6.23282],[-75.54469,6.23596],[-75.54443,6.2333],[-75.54747,6.23784],[-75.5472,6.23772],[-75.54941,6.23926],[-75.54876,6.23895],[-75.54886,6.23988],[-75.54973,6.2396],[-75.54964,6.24151],[-75.54321,6.23684],[-75.54254,6.23625],[-75.54328,6.23599],[-75.54255,6.23565],[-75.54243,6.23616],[-75.54242,6.23548],[-75.54157,6.23453],[-75.54201,6.23578],[-75.53908,6.23318],[-75.53801,6.23283],[-75.53931,6.23221],[-75.54392,6.23543],[-75.54297,6.23406],[-75.5439,6.23282]],[[-75.53972,6.23299],[-75.53965,6.23285],[-75.53961,6.23296],[-75.53972,6.23299]],[[-75.53969,6.23318],[-75.5402,6.23395],[-75.54036,6.23373],[-75.53969,6.23318]],[[-75.54031,6.23358],[-75.54056,6.23317],[-75.54011,6.23306],[-75.54031,6.23358]],[[-75.54035,6.23395],[-75.54044,6.23388],[-75.54037,6.2338],[-75.54035,6.23395]],[[-75.54074,6.23358],[-75.54036,6.23416],[-75.54061,6.23403],[-75.54074,6.23358]],[[-75.54049,6.23381],[-75.54058,6.23372],[-75.54049,6.23357],[-75.54049,6.23381]],[[-75.54065,6.23422],[-75.54063,6.23407],[-75.54056,6.23415],[-75.54065,6.23422]],[[-75.54063,6.23442],[-75.54112,6.23416],[-75.54103,6.23384],[-75.54063,6.23442]],[[-75.54083,6.23336],[-75.54078,6.23325],[-75.54069,6.23331],[-75.54083,6.23336]],[[-75.54076,6.23408],[-75.54086,6.23396],[-75.54077,6.23381],[-75.54076,6.23408]],[[-75.54094,6.23434],[-75.54083,6.23439],[-75.54088,6.23448],[-75.54094,6.23434]],[[-75.5413,6.23412],[-75.54103,6.23455],[-75.54137,6.23426],[-75.5413,6.23412]],[[-75.54139,6.23452],[-75.54131,6.23434],[-75.54111,6.23455],[-75.54139,6.23452]],[[-75.542,6.23465],[-75.54196,6.23474],[-75.54199,6.23483],[-75.542,6.23465]],[[-75.54237,6.2349],[-75.54244,6.23469],[-75.54225,6.23452],[-75.54237,6.2349]],[[-75.54253,6.2353],[-75.54261,6.23523],[-75.54254,6.23514],[-75.54253,6.2353]],[[-75.54267,6.23459],[-75.54256,6.2348],[-75.5428,6.23499],[-75.54267,6.23459]],[[-75.54274,6.23524],[-75.54259,6.23535],[-75.54273,6.23547],[-75.54274,6.23524]],[[-75.54334,6.23451],[-75.54388,6.2344],[-75.54391,6.23392],[-75.54334,6.23451]],[[-75.54456,6.23367],[-75.54533,6.23641],[-75.54744,6.23781],[-75.54456,6.23367]],[[-75.54458,6.23707],[-75.54457,6.23725],[-75.54463,6.23713],[-75.54458,6.23707]],[[-75.54475,6.23622],[-75.54466,6.23639],[-75.54481,6.2365],[-75.54475,6.23622]],[[-75.54483,6.23606],[-75.54497,6.23616],[-75.54507,6.23603],[-75.54483,6.23606]]],[[[-75.5414,6.26499],[-75.54035,6.2667],[-75.53911,6.2667],[-75.5414,6.26499]],[[-75.54011,6.26663],[-75.53985,6.26668],[-75.54023,6.26668],[-75.54011,6.26663]]],[[[-75.54758,6.24943],[-75.54813,6.25069],[-75.5476,6.24951],[-75.54419,6.25041],[-75.54119,6.25558],[-75.54157,6.25217],[-75.53932,6.2527],[-75.54684,6.24771],[-75.54622,6.24585],[-75.54846,6.24943],[-75.54758,6.24943]],[[-75.54163,6.2528],[-75.54157,6.25296],[-75.54162,6.25303],[-75.54163,6.2528]],[[-75.54164,6.25257],[-75.54164,6.25261],[-75.54165,6.25258],[-75.54164,6.25257]],[[-75.5419,6.25261],[-75.54197,6.25243],[-75.54172,6.25226],[-75.5419,6.25261]],[[-75.54176,6.25307],[-75.54188,6.25292],[-75.54177,6.25277],[-75.54176,6.25307]],[[-75.54204,6.25196],[-75.54197,6.25203],[-75.54204,6.2521],[-75.54204,6.25196]],[[-75.54227,6.25244],[-75.54231,6.2524],[-75.54228,6.25239],[-75.54227,6.25244]],[[-75.54252,6.25243],[-75.54241,6.25241],[-75.54244,6.25248],[-75.54252,6.25243]],[[-75.54243,6.25195],[-75.54263,6.25222],[-75.54264,6.25187],[-75.54243,6.25195]],[[-75.54311,6.25114],[-75.54311,6.25073],[-75.54303,6.25085],[-75.54311,6.25114]],[[-75.54703,6.24754],[-75.54694,6.24765],[-75.5471,6.24754],[-75.54703,6.24754]],[[-75.54713,6.24797],[-75.5471,6.24798],[-75.54712,6.24799],[-75.54713,6.24797]],[[-75.54725,6.24804],[-75.54728,6.24805],[-75.54729,6.24803],[-75.54725,6.24804]],[[-75.54734,6.24789],[-75.54729,6.24791],[-75.54732,6.24794],[-75.54734,6.24789]]],[[[-75.54238,6.26993],[-75.54042,6.27253],[-75.53966,6.26985],[-75.54238,6.26993]],[[-75.54101,6.27155],[-75.54072,6.27183],[-75.54046,6.2724],[-75.54101,6.27155]],[[-75.54114,6.27041],[-75.54111,6.27064],[-75.54114,6.27131],[-75.54114,6.27041]],[[-75.54168,6.27019],[-75.54168,6.27026],[-75.54169,6.27021],[-75.54168,6.27019]]],[[[-75.5415,6.30084],[-75.54095,6.30197],[-75.54118,6.29961],[-75.54192,6.30007],[-75.5415,6.30084]],[[-75.54149,6.30029],[-75.54146,6.30033],[-75.54149,6.30039],[-75.54149,6.30029]]],[[[-75.54101,6.29528],[-75.54311,6.29059],[-75.54284,6.29627],[-75.54226,6.29442],[-75.54129,6.29504],[-75.54287,6.29673],[-75.54267,6.30179],[-75.54101,6.29528]],[[-75.54115,6.2953],[-75.54109,6.29524],[-75.54108,6.29535],[-75.54115,6.2953]],[[-75.54128,6.29543],[-75.54122,6.29536],[-75.54122,6.29548],[-75.54128,6.29543]],[[-75.54135,6.29553],[-75.54134,6.29561],[-75.54137,6.29557],[-75.54135,6.29553]],[[-75.54145,6.2957],[-75.54147,6.29574],[-75.54148,6.29568],[-75.54145,6.2957]],[[-75.54171,6.29612],[-75.54175,6.29624],[-75.54175,6.29607],[-75.54171,6.29612]],[[-75.54263,6.2971],[-75.5419,6.29634],[-75.54212,6.2968],[-75.54263,6.2971]],[[-75.542,6.29389],[-75.54194,6.29443],[-75.5425,6.29406],[-75.542,6.29389]],[[-75.54243,6.29671],[-75.54216,6.29636],[-75.54203,6.29637],[-75.54243,6.29671]],[[-75.54226,6.2999],[-75.54229,6.29992],[-75.54232,6.29989],[-75.54226,6.2999]],[[-75.5423,6.29913],[-75.54241,6.29957],[-75.54252,6.29938],[-75.5423,6.29913]],[[-75.54263,6.29692],[-75.54258,6.29689],[-75.54256,6.29693],[-75.54263,6.29692]],[[-75.54256,6.29415],[-75.54261,6.29423],[-75.54275,6.2942],[-75.54256,6.29415]]],[[[-75.54779,6.27529],[-75.54907,6.28067],[-75.54836,6.27986],[-75.54603,6.28116],[-75.54914,6.28097],[-75.54974,6.28174],[-75.54589,6.28117],[-75.54575,6.28407],[-75.54229,6.29208],[-75.5415,6.2892],[-75.54262,6.29078],[-75.54519,6.27903],[-75.54598,6.27944],[-75.54529,6.282],[-75.54676,6.27849],[-75.54651,6.27514],[-75.54786,6.27265],[-75.54721,6.27707],[-75.54779,6.27529]],[[-75.54195,6.29016],[-75.54186,6.2901],[-75.54185,6.29032],[-75.54195,6.29016]],[[-75.54216,6.2905],[-75.54206,6.29081],[-75.54214,6.29089],[-75.54216,6.2905]],[[-75.54242,6.29089],[-75.54242,6.291],[-75.54245,6.29094],[-75.54242,6.29089]],[[-75.54479,6.28289],[-75.54529,6.28249],[-75.54466,6.2826],[-75.54479,6.28289]],[[-75.54555,6.28327],[-75.54527,6.28289],[-75.54474,6.2831],[-75.54555,6.28327]],[[-75.54507,6.28413],[-75.54567,6.28391],[-75.54486,6.28356],[-75.54507,6.28413]],[[-75.54509,6.28164],[-75.54503,6.28171],[-75.54509,6.28175],[-75.54509,6.28164]],[[-75.54509,6.28144],[-75.54506,6.28147],[-75.54509,6.28152],[-75.54509,6.28144]],[[-75.5451,6.28072],[-75.54506,6.28116],[-75.5451,6.2812],[-75.5451,6.28072]],[[-75.54563,6.27946],[-75.54549,6.27956],[-75.54572,6.27956],[-75.54563,6.27946]],[[-75.54581,6.28165],[-75.54578,6.28157],[-75.54575,6.28175],[-75.54581,6.28165]],[[-75.54683,6.27826],[-75.54735,6.27467],[-75.54657,6.27513],[-75.54683,6.27826]],[[-75.54706,6.2781],[-75.54691,6.27918],[-75.54694,6.27958],[-75.54706,6.2781]],[[-75.54819,6.27771],[-75.54814,6.27719],[-75.54765,6.27715],[-75.54819,6.27771]],[[-75.54803,6.27862],[-75.548,6.27806],[-75.54766,6.2786],[-75.54803,6.27862]],[[-75.5482,6.27861],[-75.54845,6.27841],[-75.54834,6.27771],[-75.5482,6.27861]],[[-75.54861,6.27882],[-75.54858,6.27887],[-75.54861,6.27895],[-75.54861,6.27882]]],[[[-75.54283,6.23366],[-75.54324,6.23259],[-75.54254,6.233],[-75.5417,6.23062],[-75.54353,6.23263],[-75.54283,6.23366]],[[-75.54347,6.23265],[-75.54348,6.23264],[-75.54345,6.23264],[-75.54347,6.23265]]],[[[-75.54298,6.26216],[-75.54377,6.26333],[-75.54179,6.26296],[-75.54239,6.26153],[-75.54681,6.26214],[-75.54627,6.26385],[-75.546,6.26295],[-75.5455,6.2636],[-75.54547,6.26365],[-75.54394,6.26336],[-75.54298,6.26216]],[[-75.5452,6.26258],[-75.54484,6.26295],[-75.5455,6.2636],[-75.5452,6.26258]],[[-75.54214,6.26274],[-75.54205,6.26275],[-75.54222,6.26275],[-75.54214,6.26274]],[[-75.54274,6.2616],[-75.54275,6.26161],[-75.54275,6.2616],[-75.54274,6.2616]],[[-75.54317,6.26186],[-75.54315,6.26179],[-75.54314,6.26184],[-75.54317,6.26186]],[[-75.54349,6.26198],[-75.5432,6.26193],[-75.5434,6.2621],[-75.54349,6.26198]],[[-75.54457,6.26231],[-75.54478,6.26234],[-75.54444,6.26222],[-75.54457,6.26231]],[[-75.54458,6.26336],[-75.54458,6.26342],[-75.54461,6.2634],[-75.54458,6.26336]],[[-75.54461,6.26265],[-75.5446,6.26283],[-75.54468,6.26275],[-75.54461,6.26265]]],[[[-75.54226,6.23068],[-75.54416,6.23128],[-75.54383,6.23227],[-75.54226,6.23068]]],[[[-75.5443,6.26605],[-75.54341,6.26638],[-75.54377,6.26739],[-75.54446,6.26639],[-75.54399,6.26798],[-75.54324,6.26791],[-75.54413,6.26838],[-75.54336,6.2685],[-75.54418,6.2685],[-75.54624,6.27418],[-75.54602,6.27858],[-75.54622,6.27432],[-75.54505,6.27174],[-75.54363,6.27415],[-75.54236,6.2635],[-75.5443,6.26605]],[[-75.54304,6.26772],[-75.54303,6.26783],[-75.54312,6.26777],[-75.54304,6.26772]],[[-75.54322,6.26644],[-75.54353,6.26742],[-75.54332,6.26641],[-75.54322,6.26644]],[[-75.54391,6.26903],[-75.54385,6.26877],[-75.54336,6.26901],[-75.54391,6.26903]],[[-75.54414,6.27221],[-75.5437,6.27277],[-75.54359,6.27376],[-75.54414,6.27221]],[[-75.54467,6.27127],[-75.54467,6.27136],[-75.54471,6.2713],[-75.54467,6.27127]]],[[[-75.54386,6.29086],[-75.54333,6.29011],[-75.54608,6.28395],[-75.5457,6.28681],[-75.54649,6.28687],[-75.54561,6.28749],[-75.54864,6.2855],[-75.55095,6.28783],[-75.55017,6.28475],[-75.55123,6.28457],[-75.55098,6.28388],[-75.55156,6.28327],[-75.55149,6.28511],[-75.55257,6.28436],[-75.55259,6.28434],[-75.55291,6.28632],[-75.55301,6.28435],[-75.55351,6.28476],[-75.55358,6.2874],[-75.55427,6.28744],[-75.55511,6.289],[-75.54682,6.28768],[-75.5496,6.28893],[-75.54812,6.29025],[-75.5469,6.28992],[-75.54545,6.28759],[-75.54514,6.29428],[-75.54636,6.29386],[-75.54671,6.29482],[-75.54519,6.29489],[-75.54767,6.29569],[-75.54528,6.29611],[-75.54317,6.29045],[-75.54332,6.29011],[-75.54396,6.29163],[-75.54423,6.29037],[-75.54386,6.29086]],[[-75.55107,6.28726],[-75.55265,6.28699],[-75.55257,6.28436],[-75.55107,6.28726]],[[-75.54323,6.29039],[-75.54337,6.29072],[-75.54338,6.29054],[-75.54323,6.29039]],[[-75.54364,6.29002],[-75.54364,6.28998],[-75.54359,6.28999],[-75.54364,6.29002]],[[-75.54395,6.29037],[-75.54419,6.29005],[-75.54385,6.29023],[-75.54395,6.29037]],[[-75.54474,6.2894],[-75.54473,6.28815],[-75.54422,6.29002],[-75.54494,6.2892],[-75.545,6.28847],[-75.54474,6.2894]],[[-75.54431,6.29024],[-75.54428,6.29027],[-75.54432,6.29027],[-75.54431,6.29024]],[[-75.54446,6.29022],[-75.54445,6.29033],[-75.5445,6.29027],[-75.54446,6.29022]],[[-75.54481,6.28767],[-75.5445,6.28756],[-75.54457,6.28773],[-75.54481,6.28767]],[[-75.54457,6.29045],[-75.54453,6.29052],[-75.54457,6.29055],[-75.54457,6.29045]],[[-75.54459,6.28788],[-75.54459,6.28815],[-75.54469,6.28803],[-75.54459,6.28788]],[[-75.54466,6.2901],[-75.54505,6.29016],[-75.54504,6.28952],[-75.54466,6.2901]],[[-75.54472,6.29094],[-75.5447,6.29095],[-75.54476,6.29095],[-75.54472,6.29094]],[[-75.5447,6.28782],[-75.54484,6.28813],[-75.54499,6.28816],[-75.5447,6.28782]],[[-75.54499,6.28936],[-75.54501,6.28932],[-75.54499,6.28929],[-75.54499,6.28936]],[[-75.54512,6.28925],[-75.54527,6.28856],[-75.54503,6.28885],[-75.54512,6.28925]],[[-75.54513,6.28931],[-75.54526,6.28961],[-75.54529,6.28942],[-75.54513,6.28931]],[[-75.54561,6.29603],[-75.54561,6.29589],[-75.5456,6.29604],[-75.54561,6.29603]],[[-75.54612,6.29549],[-75.54597,6.29589],[-75.54644,6.29569],[-75.54612,6.29549]],[[-75.54605,6.28753],[-75.54646,6.28783],[-75.54667,6.2877],[-75.54605,6.28753]],[[-75.54662,6.29576],[-75.54667,6.29566],[-75.54656,6.29569],[-75.54662,6.29576]],[[-75.54679,6.28786],[-75.5467,6.28777],[-75.5467,6.28788],[-75.54679,6.28786]],[[-75.54714,6.28787],[-75.5468,6.28798],[-75.54711,6.28807],[-75.54714,6.28787]],[[-75.54762,6.28845],[-75.54722,6.2885],[-75.54752,6.2886],[-75.54762,6.28845]],[[-75.54785,6.28877],[-75.54803,6.2889],[-75.54819,6.2889],[-75.54785,6.28877]],[[-75.54799,6.28848],[-75.54796,6.28849],[-75.54814,6.2885],[-75.54799,6.28848]],[[-75.54839,6.289],[-75.54839,6.28905],[-75.54842,6.28903],[-75.54839,6.289]],[[-75.54872,6.28785],[-75.54968,6.2875],[-75.54848,6.2872],[-75.54872,6.28785]],[[-75.54952,6.28711],[-75.54928,6.28672],[-75.54923,6.28711],[-75.54952,6.28711]],[[-75.5504,6.28743],[-75.54988,6.28792],[-75.55067,6.28815],[-75.5504,6.28743]],[[-75.55103,6.28548],[-75.55139,6.28536],[-75.55103,6.28522],[-75.55103,6.28548]],[[-75.55131,6.28481],[-75.55109,6.28503],[-75.55141,6.28509],[-75.55131,6.28481]],[[-75.55255,6.28724],[-75.55178,6.2873],[-75.55163,6.288],[-75.55255,6.28724]],[[-75.55242,6.28778],[-75.55172,6.28821],[-75.55246,6.28822],[-75.55242,6.28778]],[[-75.55258,6.28763],[-75.55251,6.28767],[-75.55265,6.28767],[-75.55258,6.28763]],[[-75.55319,6.28782],[-75.55276,6.28824],[-75.5533,6.28825],[-75.55319,6.28782]],[[-75.55335,6.28654],[-75.55281,6.28659],[-75.55286,6.2875],[-75.55335,6.28654]],[[-75.55313,6.28861],[-75.55326,6.28866],[-75.55328,6.28856],[-75.55313,6.28861]],[[-75.55326,6.28602],[-75.55338,6.28591],[-75.55332,6.2857],[-75.55326,6.28602]],[[-75.55359,6.2884],[-75.55394,6.28834],[-75.55393,6.28785],[-75.55359,6.2884]],[[-75.55379,6.28766],[-75.55373,6.28767],[-75.55384,6.28767],[-75.55379,6.28766]],[[-75.55417,6.28851],[-75.55414,6.2885],[-75.55414,6.28852],[-75.55417,6.28851]]],[[[-75.5451,6.23071],[-75.54535,6.23172],[-75.544,6.22924],[-75.54631,6.23108],[-75.54695,6.23317],[-75.5451,6.23071]]],[[[-75.5447,6.30442],[-75.54469,6.30302],[-75.55197,6.30642],[-75.5447,6.30442]],[[-75.5455,6.3042],[-75.54538,6.30424],[-75.54605,6.30436],[-75.5455,6.3042]]],[[[-75.5455,6.26784],[-75.54499,6.26634],[-75.54593,6.26743],[-75.54594,6.26671],[-75.54826,6.26701],[-75.54704,6.26715],[-75.54815,6.26759],[-75.54776,6.26833],[-75.54737,6.26766],[-75.5455,6.26784]],[[-75.54666,6.26734],[-75.54707,6.26758],[-75.547,6.2673],[-75.54666,6.26734]]],[[[-75.54542,6.22789],[-75.54615,6.22582],[-75.54883,6.22793],[-75.54542,6.22789]]],[[[-75.54746,6.29466],[-75.54813,6.29358],[-75.54584,6.29248],[-75.54763,6.2911],[-75.54947,6.29114],[-75.54808,6.29127],[-75.549,6.29344],[-75.55236,6.29304],[-75.55005,6.29286],[-75.55281,6.29248],[-75.55171,6.29195],[-75.55316,6.29115],[-75.55027,6.29122],[-75.55155,6.29118],[-75.54825,6.29029],[-75.54989,6.28906],[-75.5511,6.2896],[-75.54958,6.28972],[-75.55072,6.29066],[-75.55347,6.29067],[-75.55244,6.2936],[-75.54968,6.29465],[-75.55112,6.29471],[-75.55074,6.29578],[-75.54988,6.29539],[-75.55053,6.2964],[-75.54998,6.29738],[-75.54928,6.29714],[-75.55003,6.29638],[-75.54926,6.29472],[-75.55111,6.29388],[-75.54746,6.29466]],[[-75.54771,6.29243],[-75.54767,6.29173],[-75.54726,6.29202],[-75.54771,6.29243]],[[-75.54836,6.29375],[-75.54892,6.29428],[-75.54908,6.29385],[-75.54836,6.29375]],[[-75.54852,6.29412],[-75.54852,6.29403],[-75.5485,6.29407],[-75.54852,6.29412]],[[-75.54934,6.29344],[-75.54934,6.29351],[-75.54938,6.2935],[-75.54934,6.29344]],[[-75.54946,6.28986],[-75.54946,6.28977],[-75.54943,6.28983],[-75.54946,6.28986]],[[-75.5496,6.29398],[-75.54966,6.2937],[-75.5496,6.29391],[-75.5496,6.29398]],[[-75.54972,6.29357],[-75.54977,6.29344],[-75.54971,6.29347],[-75.54972,6.29357]],[[-75.54994,6.2939],[-75.54993,6.29389],[-75.54987,6.29397],[-75.54994,6.2939]],[[-75.54987,6.29394],[-75.5499,6.29385],[-75.54988,6.29383],[-75.54987,6.29394]],[[-75.54994,6.2965],[-75.55,6.2968],[-75.55012,6.29657],[-75.54994,6.2965]],[[-75.55015,6.29039],[-75.55014,6.29038],[-75.55013,6.29039],[-75.55015,6.29039]],[[-75.55028,6.29397],[-75.55028,6.29386],[-75.55021,6.29391],[-75.55028,6.29397]],[[-75.55071,6.29384],[-75.55065,6.29388],[-75.55073,6.29393],[-75.55071,6.29384]],[[-75.55078,6.29366],[-75.5508,6.29364],[-75.55076,6.29366],[-75.55078,6.29366]],[[-75.55091,6.29358],[-75.55093,6.2936],[-75.55092,6.29357],[-75.55091,6.29358]],[[-75.55099,6.29088],[-75.55119,6.29087],[-75.55109,6.29071],[-75.55099,6.29088]],[[-75.55183,6.29283],[-75.55198,6.29281],[-75.5519,6.29274],[-75.55183,6.29283]],[[-75.55246,6.29352],[-75.55245,6.29346],[-75.5524,6.29351],[-75.55246,6.29352]],[[-75.55258,6.29152],[-75.5527,6.29222],[-75.55295,6.29176],[-75.55258,6.29152]]],[[[-75.54862,6.26901],[-75.54866,6.27076],[-75.54667,6.27129],[-75.54862,6.26901]]],[[[-75.54735,6.28373],[-75.54754,6.28232],[-75.54861,6.28343],[-75.54782,6.28373],[-75.54891,6.28398],[-75.54735,6.28373]]],[[[-75.55549,6.30593],[-75.55478,6.30484],[-75.55464,6.3062],[-75.55261,6.30459],[-75.55209,6.30546],[-75.55407,6.30751],[-75.55104,6.30496],[-75.55196,6.30534],[-75.55247,6.30469],[-75.54859,6.30246],[-75.5478,6.30087],[-75.54841,6.30119],[-75.54854,6.29944],[-75.54881,6.29784],[-75.54831,6.29902],[-75.54865,6.29778],[-75.54915,6.29728],[-75.54921,6.2994],[-75.54966,6.29854],[-75.54873,6.30196],[-75.55251,6.30422],[-75.5522,6.30236],[-75.54933,6.302],[-75.54899,6.30111],[-75.54948,6.30007],[-75.55227,6.30222],[-75.55237,6.30039],[-75.55016,6.30031],[-75.54955,6.2999],[-75.55357,6.29123],[-75.55417,6.29369],[-75.55016,6.29956],[-75.55648,6.30066],[-75.5565,6.30066],[-75.55575,6.30458],[-75.55549,6.30593]],[[-75.55347,6.30262],[-75.55235,6.30214],[-75.5529,6.30332],[-75.55587,6.30326],[-75.55648,6.30066],[-75.55347,6.30262]],[[-75.54855,6.29982],[-75.54854,6.30005],[-75.54863,6.2999],[-75.54855,6.29982]],[[-75.54865,6.29982],[-75.54882,6.29938],[-75.54862,6.29949],[-75.54865,6.29982]],[[-75.54867,6.30035],[-75.54874,6.30029],[-75.54868,6.30021],[-75.54867,6.30035]],[[-75.54874,6.30005],[-75.54884,6.30008],[-75.54887,6.29998],[-75.54874,6.30005]],[[-75.54895,6.29967],[-75.54887,6.29974],[-75.54894,6.29981],[-75.54895,6.29967]],[[-75.55034,6.30005],[-75.55025,6.30002],[-75.55023,6.30004],[-75.55034,6.30005]],[[-75.5503,6.29997],[-75.55032,6.29999],[-75.55031,6.29997],[-75.5503,6.29997]],[[-75.55148,6.29592],[-75.55151,6.29598],[-75.55152,6.2959],[-75.55148,6.29592]],[[-75.5516,6.29568],[-75.55166,6.29586],[-75.55183,6.2955],[-75.5516,6.29568]],[[-75.55214,6.30559],[-75.55205,6.30553],[-75.55203,6.30557],[-75.55214,6.30559]],[[-75.55214,6.29523],[-75.55256,6.29525],[-75.55262,6.29452],[-75.55214,6.29523]],[[-75.55236,6.30597],[-75.55234,6.30599],[-75.55235,6.30605],[-75.55236,6.30597]],[[-75.55263,6.30277],[-75.55242,6.30271],[-75.55251,6.30283],[-75.55263,6.30277]],[[-75.55261,6.30332],[-75.55269,6.30314],[-75.55254,6.30304],[-75.55261,6.30332]],[[-75.55281,6.29362],[-75.55271,6.29363],[-75.5529,6.29363],[-75.55281,6.29362]],[[-75.55309,6.29496],[-75.55305,6.29474],[-75.55293,6.29486],[-75.55309,6.29496]],[[-75.55392,6.30422],[-75.55338,6.30397],[-75.55306,6.30415],[-75.55392,6.30422]],[[-75.55314,6.29442],[-75.55311,6.29444],[-75.55313,6.29446],[-75.55314,6.29442]],[[-75.55313,6.29398],[-75.55321,6.2939],[-75.55313,6.29383],[-75.55313,6.29398]],[[-75.55325,6.29421],[-75.55328,6.29415],[-75.55319,6.29417],[-75.55325,6.29421]],[[-75.55341,6.29424],[-75.5534,6.29438],[-75.55348,6.29432],[-75.55341,6.29424]],[[-75.55412,6.30382],[-75.55392,6.30399],[-75.55431,6.30399],[-75.55412,6.30382]],[[-75.55409,6.30422],[-75.55395,6.30443],[-75.55432,6.30438],[-75.55409,6.30422]],[[-75.55409,6.30488],[-75.55403,6.3049],[-75.5541,6.30493],[-75.55409,6.30488]],[[-75.55436,6.30348],[-75.55411,6.30353],[-75.55443,6.30352],[-75.55436,6.30348]],[[-75.55417,6.30364],[-75.5543,6.30378],[-75.55447,6.30367],[-75.55417,6.30364]],[[-75.55497,6.3044],[-75.55577,6.30345],[-75.55476,6.30363],[-75.55497,6.3044]]],[[[-75.55057,6.25699],[-75.54794,6.26042],[-75.54943,6.25568],[-75.55057,6.25699]],[[-75.55005,6.25722],[-75.54996,6.2573],[-75.55004,6.25737],[-75.55005,6.25722]]],[[[-75.54976,6.24266],[-75.54801,6.24111],[-75.54965,6.24162],[-75.54976,6.24266]]],[[[-75.54834,6.22932],[-75.54833,6.2291],[-75.55016,6.23093],[-75.54936,6.23132],[-75.54834,6.22932]]],[[[-75.54962,6.26569],[-75.54885,6.26472],[-75.54861,6.26552],[-75.54896,6.26303],[-75.54962,6.26569]],[[-75.54924,6.26472],[-75.54912,6.26476],[-75.54926,6.26477],[-75.54924,6.26472]]],[[[-75.55345,6.26194],[-75.54863,6.26194],[-75.553,6.2613],[-75.55345,6.26194]],[[-75.5498,6.26186],[-75.54978,6.26193],[-75.54983,6.26191],[-75.5498,6.26186]]],[[[-75.5539,6.20116],[-75.55137,6.20065],[-75.5538,6.19898],[-75.55592,6.20182],[-75.55524,6.20588],[-75.55133,6.20639],[-75.54893,6.20468],[-75.55248,6.20537],[-75.55575,6.20226],[-75.55179,6.2008],[-75.5539,6.20116]],[[-75.55058,6.20531],[-75.55056,6.20536],[-75.55058,6.20541],[-75.55058,6.20531]],[[-75.55316,6.20533],[-75.55309,6.20536],[-75.55323,6.20536],[-75.55316,6.20533]],[[-75.55314,6.19965],[-75.55312,6.19968],[-75.55318,6.19967],[-75.55314,6.19965]],[[-75.55343,6.2052],[-75.5534,6.20524],[-75.55347,6.20523],[-75.55343,6.2052]],[[-75.55341,6.19978],[-75.55355,6.2],[-75.55355,6.19989],[-75.55341,6.19978]],[[-75.55395,6.20507],[-75.55382,6.20509],[-75.55406,6.20509],[-75.55395,6.20507]],[[-75.55382,6.1992],[-75.55382,6.19932],[-75.55384,6.19926],[-75.55382,6.1992]],[[-75.55395,6.19947],[-75.5539,6.19957],[-75.55395,6.19971],[-75.55395,6.19947]],[[-75.55422,6.20111],[-75.55403,6.20129],[-75.55536,6.20197],[-75.55422,6.20111]],[[-75.55409,6.19987],[-75.55406,6.19994],[-75.55409,6.20007],[-75.55409,6.19987]],[[-75.55464,6.20478],[-75.55433,6.20495],[-75.55452,6.20495],[-75.55464,6.20478]],[[-75.55478,6.20449],[-75.55475,6.20454],[-75.55478,6.20459],[-75.55478,6.20449]],[[-75.55479,6.20371],[-75.55478,6.20414],[-75.55488,6.20376],[-75.55479,6.20371]],[[-75.55493,6.20397],[-75.55493,6.20406],[-75.55499,6.20401],[-75.55493,6.20397]],[[-75.55531,6.20327],[-75.55523,6.20332],[-75.55529,6.20337],[-75.55531,6.20327]],[[-75.55545,6.20318],[-75.55544,6.20318],[-75.55545,6.20319],[-75.55545,6.20318]]],[[[-75.5491,6.23482],[-75.54964,6.23162],[-75.55004,6.23333],[-75.55184,6.23303],[-75.55067,6.2354],[-75.55362,6.23565],[-75.55201,6.23314],[-75.55264,6.23354],[-75.55291,6.23259],[-75.55422,6.23432],[-75.55345,6.23406],[-75.55557,6.23542],[-75.55447,6.23753],[-75.55306,6.23695],[-75.5491,6.23482]],[[-75.55268,6.23657],[-75.55272,6.23659],[-75.55275,6.23653],[-75.55268,6.23657]],[[-75.55322,6.23442],[-75.55322,6.23419],[-75.55282,6.23424],[-75.55322,6.23442]],[[-75.55348,6.23603],[-75.55332,6.23618],[-75.55366,6.23637],[-75.55348,6.23603]],[[-75.55403,6.23487],[-75.55372,6.23442],[-75.55334,6.23478],[-75.55403,6.23487]],[[-75.55372,6.23691],[-75.55396,6.23661],[-75.55348,6.23662],[-75.55372,6.23691]],[[-75.55351,6.23376],[-75.5535,6.23377],[-75.5535,6.23383],[-75.55351,6.23376]],[[-75.55397,6.23579],[-75.55397,6.23568],[-75.55385,6.23569],[-75.55397,6.23579]],[[-75.55469,6.23544],[-75.55431,6.23487],[-75.55414,6.23532],[-75.55469,6.23544]],[[-75.55418,6.23545],[-75.55435,6.23576],[-75.5544,6.2356],[-75.55418,6.23545]],[[-75.55512,6.23579],[-75.5553,6.23557],[-75.55502,6.23544],[-75.55512,6.23579]]],[[[-75.54984,6.23676],[-75.55049,6.23565],[-75.55151,6.23672],[-75.5491,6.23805],[-75.55071,6.23609],[-75.54984,6.23676]],[[-75.55044,6.2372],[-75.55055,6.23689],[-75.55033,6.23707],[-75.55044,6.2372]],[[-75.55114,6.23679],[-75.55094,6.23628],[-75.55074,6.23657],[-75.55114,6.23679]]],[[[-75.55327,6.25043],[-75.55498,6.2501],[-75.55459,6.25116],[-75.5493,6.25078],[-75.54978,6.24947],[-75.55318,6.24974],[-75.55327,6.25043]],[[-75.55221,6.24996],[-75.55218,6.24997],[-75.5522,6.25001],[-75.55221,6.24996]],[[-75.55288,6.25063],[-75.55285,6.25066],[-75.55291,6.25066],[-75.55288,6.25063]],[[-75.55402,6.25045],[-75.55411,6.25057],[-75.55409,6.25043],[-75.55402,6.25045]],[[-75.5545,6.25052],[-75.5545,6.25046],[-75.55444,6.25048],[-75.5545,6.25052]],[[-75.55464,6.2503],[-75.55464,6.25043],[-75.5547,6.25038],[-75.55464,6.2503]]],[[[-75.55006,6.27993],[-75.54935,6.27905],[-75.5495,6.27848],[-75.54968,6.27909],[-75.54997,6.27662],[-75.55006,6.27993]],[[-75.54969,6.27929],[-75.54971,6.27926],[-75.54966,6.27927],[-75.54969,6.27929]]],[[[-75.54993,6.25833],[-75.55226,6.26056],[-75.54964,6.25893],[-75.54993,6.25833]],[[-75.5506,6.25933],[-75.55058,6.25944],[-75.5506,6.25948],[-75.5506,6.25933]]],[[[-75.55469,6.27029],[-75.55526,6.27115],[-75.55251,6.27058],[-75.55343,6.27006],[-75.55303,6.2695],[-75.55465,6.26941],[-75.55271,6.26828],[-75.554,6.26777],[-75.55418,6.26847],[-75.55511,6.26732],[-75.54977,6.26751],[-75.55248,6.26737],[-75.55381,6.26636],[-75.55019,6.26736],[-75.55243,6.26654],[-75.55203,6.26627],[-75.55331,6.26622],[-75.556,6.26678],[-75.55589,6.26742],[-75.5552,6.26744],[-75.55573,6.26922],[-75.55478,6.26995],[-75.55551,6.26968],[-75.55469,6.27029]],[[-75.55306,6.26827],[-75.55304,6.26828],[-75.55308,6.26828],[-75.55306,6.26827]],[[-75.55381,6.27076],[-75.55439,6.27084],[-75.55415,6.27008],[-75.55381,6.27076]],[[-75.55454,6.26716],[-75.55491,6.26675],[-75.55411,6.26673],[-75.55454,6.26716]],[[-75.5552,6.26891],[-75.55503,6.26878],[-75.55495,6.26912],[-75.5552,6.26891]],[[-75.55568,6.2672],[-75.55588,6.2668],[-75.55521,6.26704],[-75.55568,6.2672]],[[-75.55556,6.26898],[-75.5554,6.26911],[-75.55546,6.26921],[-75.55556,6.26898]],[[-75.55551,6.26929],[-75.55552,6.26931],[-75.55553,6.26929],[-75.55551,6.26929]]],[[[-75.5522,6.26016],[-75.54994,6.25832],[-75.55031,6.25752],[-75.5522,6.26016]],[[-75.55018,6.25811],[-75.55017,6.25812],[-75.55018,6.25813],[-75.55018,6.25811]]],[[[-75.55081,6.24275],[-75.55389,6.24423],[-75.55004,6.24302],[-75.55081,6.24275]]],[[[-75.5529,6.22951],[-75.55168,6.22988],[-75.55299,6.22842],[-75.55371,6.22918],[-75.55119,6.23042],[-75.5529,6.22951]]],[[[-75.55222,6.25748],[-75.5525,6.25609],[-75.5529,6.25798],[-75.553,6.25845],[-75.55192,6.25824],[-75.55159,6.258],[-75.55119,6.25772],[-75.55178,6.25699],[-75.55222,6.25748]],[[-75.55259,6.25722],[-75.55235,6.25773],[-75.5529,6.25798],[-75.55259,6.25722]],[[-75.55197,6.25774],[-75.55154,6.25736],[-75.55159,6.258],[-75.55197,6.25774]]],[[[-75.55388,6.24107],[-75.55379,6.24203],[-75.55408,6.24142],[-75.55454,6.24248],[-75.55126,6.24062],[-75.55278,6.24065],[-75.55257,6.23978],[-75.55127,6.24053],[-75.55148,6.23914],[-75.55306,6.23919],[-75.55388,6.24107]],[[-75.5536,6.24091],[-75.5531,6.24067],[-75.55276,6.24144],[-75.5536,6.24091]],[[-75.55345,6.24039],[-75.55342,6.24028],[-75.55332,6.24032],[-75.55345,6.24039]]],[[[-75.55842,6.21202],[-75.55554,6.20851],[-75.55849,6.21201],[-75.559,6.21191],[-75.55984,6.21471],[-75.55844,6.21369],[-75.55901,6.21239],[-75.55616,6.21204],[-75.55491,6.21106],[-75.55511,6.21288],[-75.554,6.2101],[-75.55136,6.21063],[-75.55455,6.20845],[-75.5549,6.21103],[-75.55763,6.21166],[-75.55842,6.21202]],[[-75.55251,6.21007],[-75.55236,6.21026],[-75.55292,6.21024],[-75.55251,6.21007]],[[-75.55317,6.21008],[-75.5531,6.21011],[-75.55325,6.21011],[-75.55317,6.21008]],[[-75.55371,6.20995],[-75.55366,6.20997],[-75.55374,6.20998],[-75.55371,6.20995]],[[-75.55698,6.21167],[-75.55633,6.21148],[-75.55629,6.21178],[-75.55698,6.21167]],[[-75.5575,6.21172],[-75.55751,6.21171],[-75.55751,6.21169],[-75.5575,6.21172]]],[[[-75.55485,6.21565],[-75.55423,6.21644],[-75.55291,6.21553],[-75.55441,6.21541],[-75.55137,6.21379],[-75.55536,6.21504],[-75.5554,6.21594],[-75.56049,6.22078],[-75.55485,6.21565]]],[[[-75.56448,6.23367],[-75.56319,6.23395],[-75.56227,6.22775],[-75.56325,6.22882],[-75.56215,6.22724],[-75.56131,6.2307],[-75.56116,6.23134],[-75.56148,6.23121],[-75.56205,6.23213],[-75.56172,6.23317],[-75.56264,6.23337],[-75.56048,6.23321],[-75.56119,6.23439],[-75.55902,6.23487],[-75.5603,6.23498],[-75.55756,6.235],[-75.56095,6.23096],[-75.55747,6.23368],[-75.55607,6.23445],[-75.55519,6.23376],[-75.55697,6.23326],[-75.55514,6.23372],[-75.55358,6.2325],[-75.55629,6.23289],[-75.55399,6.23232],[-75.55579,6.23154],[-75.5518,6.23144],[-75.55577,6.23137],[-75.55727,6.23297],[-75.56071,6.23013],[-75.55715,6.23045],[-75.55833,6.22878],[-75.56103,6.22976],[-75.55846,6.22762],[-75.56013,6.22445],[-75.56339,6.22851],[-75.56323,6.22919],[-75.56407,6.2278],[-75.56439,6.22886],[-75.56483,6.22805],[-75.56409,6.22768],[-75.56432,6.2266],[-75.56582,6.228],[-75.56414,6.22953],[-75.56567,6.23567],[-75.56252,6.23718],[-75.56607,6.23902],[-75.56622,6.22838],[-75.56696,6.23942],[-75.56185,6.23782],[-75.56448,6.23367]],[[-75.56083,6.23033],[-75.56027,6.23106],[-75.56131,6.2307],[-75.56083,6.23033]],[[-75.55571,6.23399],[-75.55607,6.23443],[-75.55634,6.23372],[-75.55571,6.23399]],[[-75.55622,6.23248],[-75.55611,6.23245],[-75.55606,6.23262],[-75.55622,6.23248]],[[-75.55622,6.23369],[-75.55621,6.23367],[-75.55619,6.23369],[-75.55622,6.23369]],[[-75.55638,6.23274],[-75.55635,6.23274],[-75.55634,6.23275],[-75.55638,6.23274]],[[-75.55668,6.23286],[-75.55662,6.23279],[-75.55662,6.23291],[-75.55668,6.23286]],[[-75.55734,6.23354],[-75.55729,6.23358],[-75.55735,6.23359],[-75.55734,6.23354]],[[-75.55789,6.23295],[-75.55778,6.23303],[-75.55788,6.23306],[-75.55789,6.23295]],[[-75.5578,6.23478],[-75.55822,6.23472],[-75.55811,6.23445],[-75.5578,6.23478]],[[-75.55789,6.23287],[-75.55796,6.23294],[-75.55798,6.2328],[-75.55789,6.23287]],[[-75.5586,6.23472],[-75.55858,6.23419],[-75.55841,6.2345],[-75.5586,6.23472]],[[-75.55933,6.22921],[-75.55852,6.22891],[-75.55891,6.22976],[-75.55933,6.22921]],[[-75.5587,6.22975],[-75.55877,6.22982],[-75.55879,6.2297],[-75.5587,6.22975]],[[-75.55911,6.23472],[-75.55918,6.23405],[-75.55885,6.23421],[-75.55911,6.23472]],[[-75.55933,6.23396],[-75.55927,6.23393],[-75.55912,6.23395],[-75.55933,6.23396]],[[-75.55931,6.22625],[-75.55931,6.22622],[-75.5593,6.22623],[-75.55931,6.22625]],[[-75.55931,6.23322],[-75.55952,6.23392],[-75.56011,6.23364],[-75.55931,6.23322]],[[-75.55967,6.22934],[-75.5596,6.22932],[-75.55932,6.22975],[-75.55967,6.22934]],[[-75.56008,6.23453],[-75.55944,6.23405],[-75.55957,6.23468],[-75.56008,6.23453]],[[-75.55986,6.22718],[-75.55986,6.22641],[-75.55972,6.22703],[-75.55986,6.22718]],[[-75.56016,6.23415],[-75.56027,6.23393],[-75.55973,6.23408],[-75.56016,6.23415]],[[-75.56005,6.2259],[-75.55999,6.22562],[-75.55999,6.22613],[-75.56005,6.2259]],[[-75.56003,6.22948],[-75.56,6.22947],[-75.55999,6.22948],[-75.56003,6.22948]],[[-75.56003,6.22711],[-75.56138,6.22815],[-75.56027,6.22494],[-75.56003,6.22711]],[[-75.56009,6.23276],[-75.56012,6.23277],[-75.56007,6.23266],[-75.56009,6.23276]],[[-75.56019,6.23115],[-75.56021,6.23106],[-75.56009,6.23113],[-75.56019,6.23115]],[[-75.5601,6.22848],[-75.5606,6.22897],[-75.56065,6.22852],[-75.5601,6.22848]],[[-75.56016,6.22528],[-75.56012,6.22512],[-75.56012,6.22545],[-75.56016,6.22528]],[[-75.56016,6.23321],[-75.56014,6.23335],[-75.56022,6.23328],[-75.56016,6.23321]],[[-75.56029,6.23292],[-75.56018,6.23306],[-75.56039,6.23308],[-75.56029,6.23292]],[[-75.56043,6.23288],[-75.56042,6.23285],[-75.56039,6.23288],[-75.56043,6.23288]],[[-75.56061,6.23181],[-75.5605,6.23265],[-75.56092,6.23224],[-75.56061,6.23181]],[[-75.56053,6.23105],[-75.56057,6.23116],[-75.56061,6.23109],[-75.56053,6.23105]],[[-75.56058,6.22974],[-75.56055,6.22971],[-75.56055,6.22977],[-75.56058,6.22974]],[[-75.56062,6.23151],[-75.56087,6.23174],[-75.56081,6.23117],[-75.56062,6.23151]],[[-75.56151,6.22924],[-75.56172,6.22822],[-75.56065,6.22914],[-75.56151,6.22924]],[[-75.56088,6.2284],[-75.56081,6.22838],[-75.56074,6.2284],[-75.56088,6.2284]],[[-75.56135,6.23043],[-75.56096,6.23008],[-75.56098,6.23027],[-75.56135,6.23043]],[[-75.561,6.23235],[-75.56116,6.23276],[-75.56135,6.23225],[-75.561,6.23235]],[[-75.56109,6.23179],[-75.5611,6.23172],[-75.56109,6.23173],[-75.56109,6.23179]],[[-75.56218,6.22711],[-75.5612,6.22588],[-75.5612,6.22612],[-75.56218,6.22711]],[[-75.56135,6.22981],[-75.56135,6.22965],[-75.56129,6.22974],[-75.56135,6.22981]],[[-75.5614,6.232],[-75.56177,6.23275],[-75.56162,6.23157],[-75.5614,6.232]],[[-75.56149,6.22988],[-75.56149,6.22956],[-75.56146,6.22963],[-75.56149,6.22988]],[[-75.56159,6.22809],[-75.56164,6.22815],[-75.56178,6.22811],[-75.56159,6.22809]],[[-75.56171,6.23286],[-75.56162,6.23279],[-75.56164,6.23294],[-75.56171,6.23286]],[[-75.56213,6.23761],[-75.56206,6.23755],[-75.56206,6.23769],[-75.56213,6.23761]],[[-75.56221,6.23742],[-75.56217,6.23755],[-75.56226,6.23749],[-75.56221,6.23742]],[[-75.56393,6.23077],[-75.56393,6.23062],[-75.5639,6.23069],[-75.56393,6.23077]],[[-75.56406,6.22831],[-75.56406,6.22822],[-75.56404,6.22826],[-75.56406,6.22831]],[[-75.56408,6.23443],[-75.56406,6.23444],[-75.56407,6.23445],[-75.56408,6.23443]],[[-75.56409,6.23133],[-75.56407,6.23121],[-75.56407,6.23144],[-75.56409,6.23133]],[[-75.56417,6.2344],[-75.56423,6.23439],[-75.56427,6.2343],[-75.56417,6.2344]],[[-75.5642,6.23185],[-75.5642,6.23175],[-75.56419,6.23179],[-75.5642,6.23185]],[[-75.56434,6.2322],[-75.56421,6.23196],[-75.56434,6.23235],[-75.56434,6.2322]],[[-75.56428,6.23437],[-75.56426,6.23439],[-75.56428,6.23439],[-75.56428,6.23437]],[[-75.56432,6.2342],[-75.56439,6.23408],[-75.56431,6.23411],[-75.56432,6.2342]],[[-75.56449,6.23403],[-75.5645,6.23404],[-75.56451,6.23402],[-75.56449,6.23403]],[[-75.56483,6.23854],[-75.56477,6.23847],[-75.56477,6.23861],[-75.56483,6.23854]],[[-75.5651,6.23407],[-75.56504,6.23405],[-75.565,6.23407],[-75.5651,6.23407]],[[-75.56528,6.23427],[-75.56528,6.23418],[-75.56521,6.23422],[-75.56528,6.23427]],[[-75.56557,6.23571],[-75.56557,6.23555],[-75.56555,6.2356],[-75.56557,6.23571]]],[[[-75.55245,6.25546],[-75.5536,6.25381],[-75.5532,6.25532],[-75.55622,6.25485],[-75.55466,6.25687],[-75.55245,6.25546]]],[[[-75.55256,6.28382],[-75.55249,6.2805],[-75.55301,6.28094],[-75.55256,6.28382]]],[[[-75.55288,6.27506],[-75.5531,6.27423],[-75.55354,6.27398],[-75.55456,6.27539],[-75.55288,6.27506]],[[-75.55374,6.27468],[-75.55301,6.27467],[-75.55343,6.27491],[-75.55374,6.27468]]],[[[-75.55392,6.26445],[-75.55618,6.26637],[-75.55292,6.26598],[-75.55319,6.26534],[-75.55387,6.26519],[-75.55322,6.26527],[-75.55392,6.26445]],[[-75.55333,6.26556],[-75.55321,6.26557],[-75.55362,6.26557],[-75.55333,6.26556]],[[-75.554,6.26567],[-75.554,6.26571],[-75.55402,6.26569],[-75.554,6.26567]],[[-75.55413,6.26498],[-75.5541,6.26502],[-75.55413,6.26508],[-75.55413,6.26498]]],[[[-75.55346,6.29729],[-75.55702,6.29981],[-75.55403,6.29787],[-75.55394,6.2999],[-75.55311,6.29992],[-75.55346,6.29729]],[[-75.55369,6.29794],[-75.55334,6.2984],[-75.55334,6.29892],[-75.55369,6.29794]]],[[[-75.55331,6.27249],[-75.55363,6.27117],[-75.55486,6.27279],[-75.55331,6.27249]]],[[[-75.55768,6.29841],[-75.55716,6.29916],[-75.55704,6.29894],[-75.55699,6.29924],[-75.55684,6.29819],[-75.55669,6.29907],[-75.55349,6.29716],[-75.55419,6.29374],[-75.55474,6.29522],[-75.55498,6.29429],[-75.55587,6.2962],[-75.55592,6.29567],[-75.5571,6.29581],[-75.55659,6.29495],[-75.55793,6.29513],[-75.5573,6.296],[-75.55794,6.29513],[-75.55921,6.2953],[-75.55611,6.29381],[-75.55637,6.29116],[-75.55637,6.29112],[-75.56108,6.2925],[-75.56135,6.29273],[-75.56411,6.28909],[-75.55768,6.30139],[-75.55724,6.30922],[-75.55768,6.29841]],[[-75.5565,6.29178],[-75.55677,6.29136],[-75.55637,6.29116],[-75.5565,6.29178]],[[-75.55457,6.29551],[-75.55422,6.29535],[-75.55424,6.2959],[-75.55457,6.29551]],[[-75.55437,6.29471],[-75.55435,6.29463],[-75.55436,6.29478],[-75.55437,6.29471]],[[-75.55458,6.29746],[-75.5549,6.29699],[-75.55458,6.29735],[-75.55458,6.29746]],[[-75.5547,6.29593],[-75.55491,6.296],[-75.5549,6.29587],[-75.5547,6.29593]],[[-75.55486,6.29564],[-75.55495,6.29568],[-75.55492,6.29562],[-75.55486,6.29564]],[[-75.55494,6.29534],[-75.55502,6.29547],[-75.55504,6.29521],[-75.55494,6.29534]],[[-75.55509,6.29593],[-75.55505,6.29591],[-75.55504,6.29595],[-75.55509,6.29593]],[[-75.55518,6.2967],[-75.55508,6.29803],[-75.5575,6.29684],[-75.55518,6.2967]],[[-75.5551,6.29608],[-75.55519,6.29614],[-75.55516,6.296],[-75.5551,6.29608]],[[-75.55511,6.29634],[-75.55519,6.29634],[-75.55517,6.29631],[-75.55511,6.29634]],[[-75.55559,6.29664],[-75.55558,6.29657],[-75.5555,6.29662],[-75.55559,6.29664]],[[-75.55579,6.29661],[-75.55573,6.29658],[-75.55571,6.29664],[-75.55579,6.29661]],[[-75.55599,6.2964],[-75.55598,6.29656],[-75.55606,6.29648],[-75.55599,6.2964]],[[-75.55668,6.29606],[-75.55613,6.29605],[-75.55672,6.29617],[-75.55668,6.29606]],[[-75.55625,6.29581],[-75.55616,6.29599],[-75.55674,6.29592],[-75.55625,6.29581]],[[-75.56105,6.29313],[-75.55664,6.29273],[-75.55969,6.29449],[-75.56105,6.29313]],[[-75.55682,6.29147],[-75.55773,6.29204],[-75.55876,6.29185],[-75.55682,6.29147]],[[-75.55708,6.29651],[-75.55711,6.29642],[-75.55693,6.29647],[-75.55708,6.29651]],[[-75.55748,6.29786],[-75.55721,6.29733],[-75.557,6.29756],[-75.55748,6.29786]],[[-75.55736,6.29829],[-75.55709,6.29885],[-75.55737,6.29878],[-75.55736,6.29829]],[[-75.55712,6.29535],[-75.55747,6.29557],[-75.55749,6.29529],[-75.55712,6.29535]],[[-75.55736,6.29636],[-75.55731,6.2963],[-75.55714,6.29633],[-75.55736,6.29636]],[[-75.55722,6.29883],[-75.55714,6.29885],[-75.55724,6.29893],[-75.55722,6.29883]],[[-75.55737,6.29662],[-75.55733,6.29657],[-75.55728,6.29661],[-75.55737,6.29662]],[[-75.55742,6.29646],[-75.55753,6.29648],[-75.55748,6.29641],[-75.55742,6.29646]],[[-75.5576,6.2968],[-75.55762,6.29668],[-75.55753,6.29674],[-75.5576,6.2968]],[[-75.55755,6.29714],[-75.55764,6.29714],[-75.5576,6.29708],[-75.55755,6.29714]],[[-75.55777,6.29623],[-75.55773,6.29613],[-75.55761,6.29626],[-75.55777,6.29623]],[[-75.55771,6.29701],[-75.55775,6.29702],[-75.55773,6.29697],[-75.55771,6.29701]],[[-75.5578,6.29661],[-75.55776,6.29658],[-75.55775,6.29664],[-75.5578,6.29661]],[[-75.55803,6.2956],[-75.55782,6.2963],[-75.55824,6.29601],[-75.55803,6.2956]],[[-75.5582,6.29551],[-75.55816,6.29548],[-75.55816,6.29554],[-75.5582,6.29551]],[[-75.55828,6.29583],[-75.55855,6.29583],[-75.55823,6.29561],[-75.55828,6.29583]],[[-75.55847,6.29213],[-75.55831,6.29212],[-75.55826,6.29213],[-75.55847,6.29213]],[[-75.55829,6.29763],[-75.55829,6.29775],[-75.55834,6.29769],[-75.55829,6.29763]],[[-75.55835,6.29619],[-75.55855,6.29616],[-75.55843,6.29611],[-75.55835,6.29619]],[[-75.55837,6.29525],[-75.55841,6.29531],[-75.55842,6.29522],[-75.55837,6.29525]],[[-75.55861,6.29546],[-75.5585,6.29547],[-75.55861,6.29558],[-75.55861,6.29546]],[[-75.55878,6.29564],[-75.55867,6.2956],[-75.55872,6.29574],[-75.55878,6.29564]],[[-75.55909,6.2922],[-75.55919,6.29198],[-75.55884,6.29209],[-75.55909,6.2922]],[[-75.55964,6.29232],[-75.55972,6.29212],[-75.55928,6.29216],[-75.55964,6.29232]],[[-75.55984,6.29465],[-75.55959,6.29501],[-75.55966,6.29497],[-75.55984,6.29465]],[[-75.55964,6.29604],[-75.55964,6.29609],[-75.55966,6.29606],[-75.55964,6.29604]],[[-75.55977,6.29465],[-75.55978,6.29449],[-75.55969,6.29457],[-75.55977,6.29465]],[[-75.56045,6.29494],[-75.56045,6.295],[-75.56046,6.29497],[-75.56045,6.29494]],[[-75.56094,6.29457],[-75.56088,6.29455],[-75.56085,6.2946],[-75.56094,6.29457]],[[-75.56134,6.29316],[-75.56127,6.29315],[-75.56093,6.29366],[-75.56134,6.29316]]],[[[-75.55449,6.24667],[-75.55534,6.24839],[-75.55526,6.24873],[-75.55378,6.24781],[-75.55449,6.24667]],[[-75.55508,6.24827],[-75.55482,6.24784],[-75.55443,6.2482],[-75.55508,6.24827]]],[[[-75.55513,6.26366],[-75.55595,6.26417],[-75.55384,6.26396],[-75.55409,6.26316],[-75.55513,6.26366]]],[[[-75.55484,6.24476],[-75.55513,6.24556],[-75.5558,6.24527],[-75.55762,6.24718],[-75.55499,6.24582],[-75.55394,6.2433],[-75.55484,6.24476]]],[[[-75.55675,6.2604],[-75.55574,6.26121],[-75.55399,6.26263],[-75.55658,6.26017],[-75.55426,6.26],[-75.55435,6.25916],[-75.55549,6.25857],[-75.55451,6.25758],[-75.55504,6.25792],[-75.55468,6.25739],[-75.55542,6.25646],[-75.55506,6.25773],[-75.55645,6.25707],[-75.55714,6.2575],[-75.55611,6.25835],[-75.55765,6.25884],[-75.55813,6.2574],[-75.55962,6.25726],[-75.55747,6.26143],[-75.55675,6.2604]],[[-75.55547,6.259],[-75.55437,6.25973],[-75.55495,6.25975],[-75.55547,6.259]],[[-75.55629,6.25781],[-75.55602,6.25799],[-75.55615,6.25805],[-75.55629,6.25781]],[[-75.55716,6.25958],[-75.55722,6.25963],[-75.5573,6.25956],[-75.55716,6.25958]],[[-75.55781,6.26019],[-75.55792,6.25883],[-75.55752,6.26062],[-75.55781,6.26019]],[[-75.55763,6.26076],[-75.55759,6.2608],[-75.55765,6.26081],[-75.55763,6.26076]],[[-75.55791,6.26037],[-75.55789,6.2604],[-75.55792,6.2604],[-75.55791,6.26037]],[[-75.55819,6.25815],[-75.55794,6.2584],[-75.55809,6.25861],[-75.55819,6.25815]],[[-75.55865,6.25869],[-75.55908,6.25799],[-75.55867,6.25771],[-75.55865,6.25869]]],[[[-75.55897,6.28906],[-75.55727,6.28947],[-75.55862,6.28984],[-75.56082,6.2908],[-75.56113,6.29109],[-75.55524,6.29097],[-75.55613,6.29059],[-75.55501,6.28939],[-75.55579,6.28892],[-75.55562,6.28869],[-75.55697,6.28718],[-75.55897,6.28906]],[[-75.55559,6.28948],[-75.55547,6.28953],[-75.55553,6.28964],[-75.55559,6.28948]],[[-75.55602,6.28905],[-75.55606,6.28907],[-75.55595,6.28894],[-75.55602,6.28905]],[[-75.55685,6.29095],[-75.55649,6.29064],[-75.5566,6.29096],[-75.55685,6.29095]],[[-75.55663,6.29037],[-75.55696,6.29048],[-75.55661,6.29015],[-75.55663,6.29037]],[[-75.55689,6.28829],[-75.55689,6.28733],[-75.55668,6.28804],[-75.55689,6.28829]],[[-75.55692,6.28988],[-75.5571,6.28964],[-75.55687,6.2896],[-75.55692,6.28988]],[[-75.55723,6.29006],[-75.55725,6.29008],[-75.55734,6.29011],[-75.55723,6.29006]],[[-75.55767,6.28933],[-75.55774,6.28932],[-75.55766,6.28932],[-75.55767,6.28933]],[[-75.55816,6.2901],[-75.55773,6.29022],[-75.55775,6.29022],[-75.55816,6.2901]],[[-75.55786,6.28932],[-75.5579,6.28928],[-75.55783,6.28932],[-75.55786,6.28932]],[[-75.55799,6.28906],[-75.55827,6.28892],[-75.55799,6.28905],[-75.55799,6.28906]],[[-75.55808,6.29002],[-75.55817,6.29006],[-75.5582,6.28995],[-75.55808,6.29002]],[[-75.55825,6.29035],[-75.55871,6.29049],[-75.55875,6.29048],[-75.55825,6.29035]],[[-75.55843,6.29091],[-75.55843,6.29093],[-75.55848,6.2909],[-75.55843,6.29091]],[[-75.55891,6.2902],[-75.55907,6.2903],[-75.55907,6.29023],[-75.55891,6.2902]],[[-75.55902,6.29083],[-75.55909,6.29104],[-75.55919,6.29098],[-75.55902,6.29083]],[[-75.55932,6.2904],[-75.55935,6.29032],[-75.55934,6.2903],[-75.55932,6.2904]],[[-75.55956,6.29086],[-75.55954,6.29081],[-75.55934,6.29068],[-75.55956,6.29086]],[[-75.55963,6.29103],[-75.55963,6.29102],[-75.55962,6.29102],[-75.55963,6.29103]],[[-75.56062,6.29089],[-75.56092,6.29092],[-75.56079,6.29089],[-75.56062,6.29089]]],[[[-75.55505,6.24264],[-75.55662,6.24228],[-75.55687,6.24094],[-75.56037,6.24346],[-75.55984,6.24347],[-75.55971,6.24405],[-75.55925,6.24312],[-75.55873,6.2435],[-75.55805,6.24351],[-75.5557,6.24357],[-75.55505,6.24264]],[[-75.55701,6.24228],[-75.55628,6.24324],[-75.55805,6.24351],[-75.55701,6.24228]],[[-75.55751,6.24188],[-75.55732,6.24161],[-75.55708,6.2419],[-75.55751,6.24188]],[[-75.55787,6.24188],[-75.55752,6.24223],[-75.55787,6.24243],[-75.55787,6.24188]],[[-75.5576,6.24164],[-75.55755,6.24168],[-75.55758,6.24172],[-75.5576,6.24164]]],[[[-75.55681,6.2409],[-75.55509,6.24253],[-75.55581,6.24089],[-75.55681,6.2409]]],[[[-75.55653,6.23611],[-75.55657,6.23626],[-75.55636,6.2389],[-75.55636,6.23892],[-75.55529,6.23822],[-75.55653,6.23611]],[[-75.55626,6.23833],[-75.556,6.23865],[-75.55636,6.2389],[-75.55626,6.23833]]],[[[-75.55588,6.28336],[-75.55639,6.2845],[-75.55643,6.28346],[-75.55698,6.28445],[-75.55713,6.2836],[-75.55762,6.28451],[-75.55774,6.28371],[-75.55829,6.2845],[-75.55887,6.28393],[-75.55822,6.2847],[-75.55861,6.28498],[-75.55877,6.28575],[-75.55798,6.28576],[-75.55821,6.2847],[-75.55578,6.28466],[-75.55588,6.28336]],[[-75.55815,6.2857],[-75.55837,6.28554],[-75.55826,6.28474],[-75.55815,6.2857]]],[[[-75.55658,6.21643],[-75.55638,6.21664],[-75.55593,6.21596],[-75.55652,6.21323],[-75.55658,6.21643]],[[-75.55616,6.21587],[-75.55617,6.21574],[-75.55609,6.2158],[-75.55616,6.21587]],[[-75.55629,6.2161],[-75.55632,6.21602],[-75.55623,6.21605],[-75.55629,6.2161]]],[[[-75.55609,6.1969],[-75.55663,6.19759],[-75.55595,6.20167],[-75.55609,6.1969]]],[[[-75.55603,6.19035],[-75.55775,6.19279],[-75.55635,6.19315],[-75.55603,6.19035]]],[[[-75.55674,6.26826],[-75.55805,6.27151],[-75.55677,6.27125],[-75.55697,6.2706],[-75.55605,6.27111],[-75.55674,6.26826]],[[-75.55643,6.27042],[-75.55631,6.27044],[-75.55648,6.27043],[-75.55643,6.27042]],[[-75.55633,6.27066],[-75.55632,6.27088],[-75.55638,6.27073],[-75.55633,6.27066]],[[-75.55661,6.26954],[-75.55653,6.26962],[-75.55716,6.26975],[-75.55661,6.26954]],[[-75.55733,6.26985],[-75.55666,6.26974],[-75.55658,6.2703],[-75.55733,6.26985]],[[-75.55672,6.26864],[-75.5567,6.26867],[-75.55672,6.2687],[-75.55672,6.26864]],[[-75.55739,6.27053],[-75.55732,6.27057],[-75.55739,6.27063],[-75.55739,6.27053]]],[[[-75.55616,6.20839],[-75.55618,6.20712],[-75.55636,6.20823],[-75.55684,6.20729],[-75.55707,6.20719],[-75.55665,6.2077],[-75.55831,6.20858],[-75.55616,6.20839]]],[[[-75.55951,6.18725],[-75.55619,6.18718],[-75.55866,6.18636],[-75.55821,6.18176],[-75.55951,6.18725]]],[[[-75.56152,6.20415],[-75.56228,6.20262],[-75.5589,6.20863],[-75.55875,6.20517],[-75.55759,6.20656],[-75.55701,6.20695],[-75.55833,6.20438],[-75.55622,6.20432],[-75.55625,6.20243],[-75.55718,6.20414],[-75.55791,6.20393],[-75.56002,6.20595],[-75.56075,6.20507],[-75.55981,6.20464],[-75.5598,6.20371],[-75.56217,6.20078],[-75.55978,6.19897],[-75.56347,6.2005],[-75.56255,6.20297],[-75.5649,6.20103],[-75.56284,6.2034],[-75.56439,6.20567],[-75.56495,6.20107],[-75.56981,6.20506],[-75.56893,6.20587],[-75.57052,6.20564],[-75.56943,6.20619],[-75.56614,6.20615],[-75.56561,6.20244],[-75.56529,6.20504],[-75.56494,6.20335],[-75.56433,6.20749],[-75.56401,6.20661],[-75.56427,6.20793],[-75.56152,6.20415]],[[-75.55804,6.20583],[-75.55804,6.20596],[-75.55807,6.20589],[-75.55804,6.20583]],[[-75.5602,6.20424],[-75.56016,6.20426],[-75.5602,6.20427],[-75.5602,6.20424]],[[-75.56272,6.20354],[-75.56212,6.20423],[-75.56404,6.20633],[-75.56272,6.20354]],[[-75.56284,6.20031],[-75.56268,6.20032],[-75.56277,6.20037],[-75.56284,6.20031]],[[-75.56507,6.20151],[-75.56547,6.20235],[-75.56575,6.20234],[-75.56507,6.20151]],[[-75.56507,6.203],[-75.56507,6.20309],[-75.56508,6.20303],[-75.56507,6.203]],[[-75.56521,6.20274],[-75.56521,6.20277],[-75.56522,6.20275],[-75.56521,6.20274]],[[-75.56557,6.20162],[-75.56527,6.20151],[-75.5654,6.20174],[-75.56557,6.20162]],[[-75.56602,6.2026],[-75.56607,6.20274],[-75.56643,6.20302],[-75.56602,6.2026]],[[-75.56856,6.20613],[-75.56603,6.20304],[-75.56658,6.20596],[-75.56856,6.20613]],[[-75.56631,6.20565],[-75.5663,6.20589],[-75.56644,6.20573],[-75.56631,6.20565]],[[-75.56697,6.20342],[-75.56696,6.20342],[-75.56697,6.20343],[-75.56697,6.20342]],[[-75.56738,6.20368],[-75.56737,6.2037],[-75.5674,6.20369],[-75.56738,6.20368]],[[-75.56819,6.20481],[-75.56864,6.20477],[-75.56779,6.20435],[-75.56819,6.20481]],[[-75.56806,6.20527],[-75.56806,6.20546],[-75.56808,6.20534],[-75.56806,6.20527]],[[-75.5682,6.20502],[-75.5682,6.20508],[-75.56824,6.20505],[-75.5682,6.20502]]],[[[-75.55712,6.26536],[-75.55788,6.26559],[-75.55692,6.26626],[-75.55801,6.2661],[-75.55865,6.2687],[-75.55624,6.26806],[-75.55712,6.26536]],[[-75.5572,6.26654],[-75.55712,6.26707],[-75.55802,6.26665],[-75.5572,6.26654]],[[-75.55725,6.26773],[-75.5579,6.2673],[-75.55714,6.26729],[-75.55725,6.26773]],[[-75.55739,6.26772],[-75.5576,6.26791],[-75.55782,6.26786],[-75.55739,6.26772]],[[-75.55797,6.26701],[-75.55744,6.26704],[-75.5581,6.26704],[-75.55797,6.26701]]],[[[-75.55833,6.28322],[-75.55699,6.2832],[-75.55925,6.28128],[-75.55776,6.28092],[-75.55785,6.27983],[-75.55775,6.28092],[-75.55719,6.28079],[-75.55726,6.27982],[-75.55692,6.28072],[-75.55761,6.2766],[-75.55776,6.27689],[-75.55788,6.27624],[-75.55869,6.27615],[-75.5578,6.27605],[-75.55798,6.27534],[-75.55836,6.27606],[-75.56114,6.27587],[-75.56067,6.27899],[-75.5582,6.27634],[-75.56039,6.27967],[-75.5618,6.27857],[-75.56188,6.2789],[-75.56136,6.27937],[-75.56191,6.27903],[-75.56278,6.28255],[-75.56243,6.28329],[-75.56136,6.28327],[-75.56209,6.28265],[-75.5613,6.28327],[-75.56083,6.28286],[-75.56073,6.28326],[-75.5584,6.28322],[-75.55833,6.28322]],[[-75.55774,6.27963],[-75.55808,6.27928],[-75.55737,6.2791],[-75.55774,6.27963]],[[-75.55756,6.28049],[-75.55756,6.2804],[-75.55753,6.28046],[-75.55756,6.28049]],[[-75.55799,6.28277],[-75.55798,6.28276],[-75.55798,6.28278],[-75.55799,6.28277]],[[-75.5581,6.27668],[-75.5581,6.27665],[-75.55809,6.27667],[-75.5581,6.27668]],[[-75.55811,6.27967],[-75.55811,6.27964],[-75.5581,6.27965],[-75.55811,6.27967]],[[-75.55814,6.27925],[-75.55811,6.27921],[-75.55811,6.27928],[-75.55814,6.27925]],[[-75.55849,6.28262],[-75.55831,6.28225],[-75.55813,6.28273],[-75.55849,6.28262]],[[-75.55816,6.27902],[-75.55854,6.27921],[-75.55842,6.27861],[-75.55816,6.27902]],[[-75.55868,6.27959],[-75.55857,6.27927],[-75.55823,6.27955],[-75.55868,6.27959]],[[-75.55827,6.27983],[-75.55834,6.28097],[-75.55862,6.28079],[-75.55827,6.27983]],[[-75.55878,6.27926],[-75.55876,6.27922],[-75.55836,6.27924],[-75.55878,6.27926]],[[-75.5587,6.2822],[-75.55865,6.28206],[-75.55866,6.28224],[-75.5587,6.2822]],[[-75.55869,6.28086],[-75.55903,6.28081],[-75.55866,6.27983],[-75.55869,6.28086]],[[-75.5588,6.28286],[-75.55902,6.28225],[-75.55869,6.28238],[-75.5588,6.28286]],[[-75.55886,6.28291],[-75.55879,6.2829],[-75.55872,6.28291],[-75.55886,6.28291]],[[-75.55893,6.27984],[-75.5589,6.27972],[-75.55874,6.27978],[-75.55893,6.27984]],[[-75.55881,6.28187],[-75.5591,6.28203],[-75.55908,6.28147],[-75.55881,6.28187]],[[-75.55978,6.28322],[-75.55964,6.28305],[-75.55882,6.28311],[-75.55978,6.28322]],[[-75.55887,6.27618],[-75.55888,6.27617],[-75.55887,6.27616],[-75.55887,6.27618]],[[-75.55926,6.27719],[-75.55925,6.27645],[-75.55904,6.27695],[-75.55926,6.27719]],[[-75.55905,6.27992],[-75.55955,6.28017],[-75.55993,6.27988],[-75.55905,6.27992]],[[-75.55935,6.28303],[-75.55918,6.28295],[-75.55906,6.28303],[-75.55935,6.28303]],[[-75.55924,6.28223],[-75.5592,6.2822],[-75.5592,6.28225],[-75.55924,6.28223]],[[-75.55924,6.28046],[-75.55966,6.28051],[-75.55954,6.28036],[-75.55924,6.28046]],[[-75.5593,6.28083],[-75.55929,6.28104],[-75.55966,6.28088],[-75.5593,6.28083]],[[-75.55975,6.28298],[-75.55958,6.28226],[-75.5593,6.28265],[-75.55975,6.28298]],[[-75.55979,6.28033],[-75.55939,6.28024],[-75.5593,6.28032],[-75.55979,6.28033]],[[-75.55934,6.28203],[-75.55932,6.28215],[-75.5594,6.28209],[-75.55934,6.28203]],[[-75.55943,6.28133],[-75.56244,6.28129],[-75.56159,6.28053],[-75.56172,6.28077],[-75.55943,6.28133]],[[-75.55955,6.28196],[-75.55948,6.28188],[-75.55946,6.28203],[-75.55955,6.28196]],[[-75.55947,6.27734],[-75.55946,6.27733],[-75.55946,6.27736],[-75.55947,6.27734]],[[-75.55964,6.2768],[-75.55971,6.27718],[-75.56001,6.2766],[-75.55964,6.2768]],[[-75.55991,6.28222],[-75.55985,6.28221],[-75.55974,6.28222],[-75.55991,6.28222]],[[-75.55995,6.27628],[-75.55986,6.27627],[-75.55992,6.27636],[-75.55995,6.27628]],[[-75.55987,6.28062],[-75.55988,6.28054],[-75.55987,6.28051],[-75.55987,6.28062]],[[-75.56017,6.28134],[-75.55989,6.28187],[-75.56023,6.28196],[-75.56017,6.28134]],[[-75.56016,6.28295],[-75.56009,6.28225],[-75.5599,6.28244],[-75.56016,6.28295]],[[-75.56015,6.27682],[-75.56014,6.27672],[-75.56013,6.27702],[-75.56015,6.27682]],[[-75.56058,6.27675],[-75.56022,6.27727],[-75.56061,6.2771],[-75.56058,6.27675]],[[-75.56032,6.2804],[-75.56022,6.28051],[-75.56033,6.28051],[-75.56032,6.2804]],[[-75.5606,6.27747],[-75.56044,6.27745],[-75.56031,6.27747],[-75.5606,6.27747]],[[-75.56034,6.28139],[-75.56088,6.28179],[-75.56099,6.28146],[-75.56034,6.28139]],[[-75.56042,6.28032],[-75.56041,6.28029],[-75.56041,6.28035],[-75.56042,6.28032]],[[-75.56043,6.28005],[-75.56041,6.28001],[-75.56041,6.28009],[-75.56043,6.28005]],[[-75.56047,6.27979],[-75.56042,6.27976],[-75.56042,6.27985],[-75.56047,6.27979]],[[-75.56052,6.28271],[-75.56101,6.28203],[-75.56046,6.28207],[-75.56052,6.28271]],[[-75.56055,6.28076],[-75.56055,6.28059],[-75.56052,6.28071],[-75.56055,6.28076]],[[-75.5607,6.28045],[-75.56094,6.28039],[-75.56064,6.27989],[-75.5607,6.28045]],[[-75.5615,6.27977],[-75.56104,6.2798],[-75.5615,6.28036],[-75.5615,6.27977]],[[-75.56115,6.28195],[-75.5611,6.28194],[-75.56107,6.28195],[-75.56115,6.28195]],[[-75.56123,6.28072],[-75.56123,6.28076],[-75.56124,6.28073],[-75.56123,6.28072]],[[-75.56216,6.28177],[-75.56216,6.28134],[-75.56125,6.28166],[-75.56216,6.28177]],[[-75.56177,6.28233],[-75.56151,6.28203],[-75.56136,6.28249],[-75.56177,6.28233]],[[-75.56176,6.27993],[-75.56162,6.27963],[-75.56155,6.2797],[-75.56176,6.27993]],[[-75.56163,6.2791],[-75.56163,6.27909],[-75.56162,6.2791],[-75.56163,6.2791]],[[-75.56195,6.28195],[-75.56191,6.28191],[-75.56187,6.28196],[-75.56195,6.28195]],[[-75.56228,6.28248],[-75.56214,6.28199],[-75.56197,6.28237],[-75.56228,6.28248]],[[-75.56245,6.28198],[-75.56245,6.2819],[-75.56239,6.28194],[-75.56245,6.28198]]],[[[-75.55927,6.26418],[-75.55707,6.26407],[-75.55779,6.2632],[-75.55927,6.26418]],[[-75.55758,6.26401],[-75.55795,6.26345],[-75.55748,6.26368],[-75.55758,6.26401]],[[-75.5578,6.26323],[-75.55775,6.26327],[-75.55779,6.2634],[-75.5578,6.26323]]],[[[-75.56144,6.23657],[-75.56107,6.23727],[-75.56101,6.23792],[-75.56062,6.23826],[-75.56098,6.23813],[-75.56056,6.24178],[-75.55721,6.23922],[-75.55839,6.23604],[-75.55886,6.23503],[-75.55947,6.23613],[-75.55959,6.23566],[-75.56035,6.23631],[-75.56061,6.23501],[-75.56144,6.23657]],[[-75.55743,6.23905],[-75.55757,6.23893],[-75.55746,6.23878],[-75.55743,6.23905]],[[-75.55873,6.23649],[-75.55756,6.23878],[-75.55888,6.23721],[-75.55873,6.23649]],[[-75.55765,6.23905],[-75.55765,6.23947],[-75.5582,6.23897],[-75.55765,6.23905]],[[-75.55844,6.23943],[-75.55793,6.23966],[-75.55855,6.24012],[-75.55844,6.23943]],[[-75.55911,6.23743],[-75.55833,6.23866],[-75.55947,6.23821],[-75.55911,6.23743]],[[-75.55844,6.2361],[-75.5584,6.23605],[-75.55839,6.23619],[-75.55844,6.2361]],[[-75.55881,6.23633],[-75.55871,6.23639],[-75.55879,6.23648],[-75.55881,6.23633]],[[-75.5588,6.23864],[-75.55888,6.23857],[-75.55881,6.23849],[-75.5588,6.23864]],[[-75.55933,6.23646],[-75.55887,6.23676],[-75.55903,6.23701],[-75.55933,6.23646]],[[-75.55889,6.23632],[-75.55899,6.23631],[-75.55899,6.2362],[-75.55889,6.23632]],[[-75.55892,6.23876],[-75.55921,6.23946],[-75.55955,6.23908],[-75.55892,6.23876]],[[-75.55892,6.24012],[-75.5592,6.24065],[-75.55959,6.24031],[-75.55892,6.24012]],[[-75.55893,6.23597],[-75.55894,6.23611],[-75.55923,6.23626],[-75.55893,6.23597]],[[-75.55894,6.23951],[-75.55925,6.23977],[-75.55922,6.23956],[-75.55894,6.23951]],[[-75.55906,6.23719],[-75.55962,6.23801],[-75.5599,6.23801],[-75.55906,6.23719]],[[-75.55966,6.23687],[-75.55926,6.23721],[-75.5597,6.23757],[-75.55966,6.23687]],[[-75.55971,6.2394],[-75.55941,6.23965],[-75.55976,6.24],[-75.55971,6.2394]],[[-75.55945,6.23618],[-75.55966,6.23643],[-75.55964,6.23612],[-75.55945,6.23618]],[[-75.55971,6.23805],[-75.5597,6.2388],[-75.56013,6.23837],[-75.55971,6.23805]],[[-75.56,6.23648],[-75.55981,6.23666],[-75.56005,6.23687],[-75.56,6.23648]],[[-75.56023,6.2375],[-75.55995,6.23777],[-75.56041,6.23812],[-75.56023,6.2375]],[[-75.56015,6.2397],[-75.56015,6.2396],[-75.56011,6.23965],[-75.56015,6.2397]],[[-75.56018,6.2388],[-75.56059,6.23931],[-75.56046,6.23855],[-75.56018,6.2388]],[[-75.5605,6.24043],[-75.56064,6.24018],[-75.5603,6.23996],[-75.5605,6.24043]],[[-75.56038,6.23645],[-75.56048,6.23643],[-75.56046,6.23633],[-75.56038,6.23645]],[[-75.56056,6.23754],[-75.56048,6.2376],[-75.56083,6.23789],[-75.56056,6.23754]],[[-75.56077,6.23631],[-75.56117,6.23641],[-75.56054,6.23579],[-75.56077,6.23631]],[[-75.56078,6.2375],[-75.56103,6.23747],[-75.56056,6.23718],[-75.56078,6.2375]],[[-75.56068,6.23676],[-75.5608,6.23672],[-75.56071,6.23659],[-75.56068,6.23676]]],[[[-75.55908,6.19275],[-75.55973,6.19349],[-75.55723,6.19488],[-75.55908,6.19275]]],[[[-75.55851,6.26139],[-75.55993,6.26156],[-75.55907,6.26042],[-75.56007,6.26096],[-75.55977,6.26284],[-75.55845,6.26236],[-75.55846,6.26278],[-75.55773,6.26274],[-75.55851,6.26139]],[[-75.55818,6.26272],[-75.55821,6.2627],[-75.55819,6.26264],[-75.55818,6.26272]],[[-75.55875,6.26174],[-75.55871,6.26212],[-75.55888,6.2619],[-75.55875,6.26174]],[[-75.55961,6.2624],[-75.55987,6.26198],[-75.55908,6.26172],[-75.55961,6.2624]],[[-75.55941,6.26241],[-75.55937,6.26243],[-75.55942,6.26245],[-75.55941,6.26241]],[[-75.55967,6.26092],[-75.55964,6.26102],[-75.55982,6.26121],[-75.55967,6.26092]]],[[[-75.55799,6.27515],[-75.55829,6.27359],[-75.55988,6.2749],[-75.56011,6.27416],[-75.56198,6.2749],[-75.56074,6.27498],[-75.56073,6.27569],[-75.56071,6.27498],[-75.55799,6.27515]],[[-75.55932,6.27504],[-75.55932,6.27505],[-75.55933,6.27504],[-75.55932,6.27504]]],[[[-75.55935,6.30709],[-75.55856,6.30633],[-75.55847,6.30545],[-75.55825,6.30337],[-75.55876,6.30292],[-75.5596,6.30407],[-75.56007,6.30269],[-75.5598,6.30436],[-75.55891,6.3047],[-75.55978,6.30449],[-75.55935,6.30709]],[[-75.55854,6.30541],[-75.55847,6.30536],[-75.55847,6.30545],[-75.55854,6.30541]],[[-75.55838,6.3033],[-75.5583,6.30344],[-75.55852,6.3034],[-75.55838,6.3033]],[[-75.5585,6.3047],[-75.55866,6.3046],[-75.5585,6.30449],[-75.5585,6.3047]],[[-75.55888,6.30584],[-75.55854,6.30599],[-75.55906,6.306],[-75.55888,6.30584]],[[-75.55863,6.30441],[-75.55882,6.30426],[-75.55864,6.3041],[-75.55863,6.30441]],[[-75.55863,6.30508],[-75.55927,6.30568],[-75.55918,6.3048],[-75.55863,6.30508]]],[[[-75.55848,6.27173],[-75.56059,6.26856],[-75.56217,6.27223],[-75.56197,6.2722],[-75.56005,6.27194],[-75.55973,6.27113],[-75.56002,6.27194],[-75.55848,6.27173]],[[-75.56187,6.27159],[-75.56166,6.27214],[-75.56197,6.2722],[-75.56187,6.27159]],[[-75.56062,6.27046],[-75.55974,6.27082],[-75.56041,6.27103],[-75.56062,6.27046]],[[-75.56042,6.27012],[-75.56074,6.2696],[-75.56003,6.26953],[-75.56042,6.27012]],[[-75.5602,6.27104],[-75.56005,6.2711],[-75.5603,6.27117],[-75.5602,6.27104]],[[-75.56048,6.27015],[-75.56079,6.27044],[-75.56113,6.27029],[-75.56048,6.27015]],[[-75.56052,6.2716],[-75.56053,6.27186],[-75.56058,6.27177],[-75.56052,6.2716]],[[-75.56156,6.2716],[-75.56059,6.27141],[-75.56109,6.27173],[-75.56156,6.2716]],[[-75.56069,6.27116],[-75.56063,6.27124],[-75.56112,6.27123],[-75.56069,6.27116]],[[-75.56066,6.27066],[-75.56066,6.27075],[-75.56069,6.2707],[-75.56066,6.27066]],[[-75.56158,6.27118],[-75.56087,6.27051],[-75.56075,6.27103],[-75.56158,6.27118]],[[-75.56092,6.26988],[-75.5608,6.26996],[-75.56078,6.27006],[-75.56092,6.26988]]],[[[-75.57362,6.19203],[-75.57075,6.19132],[-75.56837,6.19169],[-75.57646,6.18999],[-75.57089,6.18651],[-75.57026,6.18555],[-75.57078,6.18132],[-75.56961,6.18115],[-75.57049,6.18267],[-75.56956,6.18492],[-75.56536,6.18159],[-75.56577,6.18301],[-75.56953,6.185],[-75.56916,6.1859],[-75.56581,6.1858],[-75.56461,6.1826],[-75.56246,6.18501],[-75.56586,6.18843],[-75.56896,6.18639],[-75.56689,6.19143],[-75.56727,6.18946],[-75.56526,6.1889],[-75.56574,6.18989],[-75.56227,6.18523],[-75.56096,6.18678],[-75.562,6.18486],[-75.56146,6.18414],[-75.56342,6.18264],[-75.55891,6.18086],[-75.56134,6.17631],[-75.56384,6.18222],[-75.56533,6.18033],[-75.56277,6.17961],[-75.56731,6.17983],[-75.56739,6.17728],[-75.56959,6.18112],[-75.5762,6.18211],[-75.57455,6.18324],[-75.57474,6.18227],[-75.57355,6.18279],[-75.57451,6.18327],[-75.57314,6.18421],[-75.57928,6.18366],[-75.57716,6.1881],[-75.57749,6.18522],[-75.5717,6.18554],[-75.57664,6.18919],[-75.57322,6.18738],[-75.57665,6.18985],[-75.57578,6.19217],[-75.57549,6.19215],[-75.57394,6.19205],[-75.57427,6.19343],[-75.57314,6.19265],[-75.57362,6.19203]],[[-75.57548,6.19181],[-75.57544,6.19193],[-75.57549,6.19215],[-75.57548,6.19181]],[[-75.56215,6.1847],[-75.56356,6.18315],[-75.56162,6.18417],[-75.56215,6.1847]],[[-75.56216,6.17928],[-75.56226,6.17944],[-75.56243,6.17944],[-75.56216,6.17928]],[[-75.56475,6.18249],[-75.56475,6.18258],[-75.56477,6.18254],[-75.56475,6.18249]],[[-75.56516,6.1828],[-75.56528,6.18295],[-75.56548,6.18296],[-75.56516,6.1828]],[[-75.56553,6.18083],[-75.56557,6.18049],[-75.56541,6.18067],[-75.56553,6.18083]],[[-75.56558,6.18865],[-75.56554,6.18865],[-75.56557,6.18869],[-75.56558,6.18865]],[[-75.56569,6.18308],[-75.56579,6.18324],[-75.56588,6.18323],[-75.56569,6.18308]],[[-75.56571,6.1885],[-75.5657,6.18851],[-75.56571,6.18852],[-75.56571,6.1885]],[[-75.56611,6.18334],[-75.56605,6.18336],[-75.56617,6.18336],[-75.56611,6.18334]],[[-75.56622,6.18082],[-75.56689,6.18152],[-75.56782,6.18121],[-75.56622,6.18082]],[[-75.56639,6.18535],[-75.56639,6.18543],[-75.56643,6.18539],[-75.56639,6.18535]],[[-75.5665,6.18348],[-75.56648,6.18349],[-75.5665,6.18351],[-75.5665,6.18348]],[[-75.56693,6.18563],[-75.56676,6.18566],[-75.56761,6.18566],[-75.56693,6.18563]],[[-75.56681,6.18046],[-75.56719,6.18024],[-75.56679,6.18023],[-75.56681,6.18046]],[[-75.56705,6.18253],[-75.56704,6.18254],[-75.56708,6.18254],[-75.56705,6.18253]],[[-75.56719,6.18415],[-75.56719,6.18434],[-75.5672,6.18426],[-75.56719,6.18415]],[[-75.56934,6.18138],[-75.5673,6.18257],[-75.56993,6.18326],[-75.56934,6.18138]],[[-75.56758,6.18158],[-75.56754,6.18159],[-75.56762,6.18159],[-75.56758,6.18158]],[[-75.56827,6.1848],[-75.56823,6.18484],[-75.56827,6.18486],[-75.56827,6.1848]],[[-75.56855,6.18496],[-75.56851,6.18498],[-75.5686,6.18498],[-75.56855,6.18496]],[[-75.56936,6.18084],[-75.56934,6.18091],[-75.5694,6.1809],[-75.56936,6.18084]],[[-75.57095,6.18167],[-75.57097,6.18143],[-75.57082,6.18157],[-75.57095,6.18167]],[[-75.5711,6.18339],[-75.57111,6.18265],[-75.57096,6.18554],[-75.5711,6.18339]],[[-75.57098,6.18176],[-75.57097,6.18194],[-75.57106,6.18186],[-75.57098,6.18176]],[[-75.57123,6.18167],[-75.57148,6.18338],[-75.57341,6.18264],[-75.57123,6.18167]],[[-75.57125,6.18317],[-75.57129,6.18409],[-75.57149,6.18396],[-75.57125,6.18317]],[[-75.57139,6.18493],[-75.57153,6.18541],[-75.57153,6.18524],[-75.57139,6.18493]],[[-75.57271,6.18298],[-75.57166,6.18375],[-75.57265,6.18398],[-75.57271,6.18298]],[[-75.57192,6.184],[-75.57178,6.18402],[-75.57201,6.18402],[-75.57192,6.184]],[[-75.57235,6.18413],[-75.57228,6.18415],[-75.57248,6.18415],[-75.57235,6.18413]],[[-75.57274,6.18412],[-75.57266,6.1843],[-75.57306,6.18442],[-75.57274,6.18412]],[[-75.57301,6.18293],[-75.573,6.18294],[-75.57302,6.18294],[-75.57301,6.18293]],[[-75.57342,6.18292],[-75.57342,6.18308],[-75.57346,6.18304],[-75.57342,6.18292]],[[-75.57355,6.18249],[-75.57354,6.18256],[-75.57355,6.18266],[-75.57355,6.18249]],[[-75.57437,6.1844],[-75.57431,6.18442],[-75.57441,6.18442],[-75.57437,6.1844]],[[-75.57464,6.18454],[-75.57462,6.18456],[-75.57468,6.18455],[-75.57464,6.18454]],[[-75.57493,6.18467],[-75.57488,6.18469],[-75.57506,6.18469],[-75.57493,6.18467]],[[-75.57553,6.18481],[-75.57543,6.18482],[-75.57563,6.18482],[-75.57553,6.18481]],[[-75.57588,6.19171],[-75.57586,6.19173],[-75.57587,6.19175],[-75.57588,6.19171]],[[-75.57646,6.1848],[-75.57635,6.18482],[-75.57661,6.18482],[-75.57646,6.1848]],[[-75.57682,6.18399],[-75.57681,6.18404],[-75.57686,6.18402],[-75.57682,6.18399]],[[-75.57708,6.18494],[-75.57705,6.18496],[-75.57712,6.18496],[-75.57708,6.18494]]],[[[-75.55974,6.19865],[-75.55916,6.19971],[-75.55935,6.19808],[-75.56223,6.19396],[-75.5603,6.19286],[-75.56228,6.19397],[-75.55977,6.19844],[-75.56166,6.19898],[-75.55974,6.19865]]],[[[-75.55973,6.19486],[-75.55998,6.19268],[-75.5603,6.19286],[-75.55973,6.19486]]],[[[-75.564,6.2089],[-75.56512,6.20998],[-75.56408,6.21063],[-75.56451,6.21169],[-75.56519,6.21004],[-75.56628,6.2111],[-75.56488,6.21204],[-75.56248,6.21183],[-75.56146,6.21124],[-75.56378,6.2105],[-75.55931,6.20929],[-75.564,6.2089]],[[-75.56273,6.21156],[-75.56262,6.21157],[-75.56328,6.21157],[-75.56273,6.21156]],[[-75.56509,6.21114],[-75.56508,6.21117],[-75.56509,6.21122],[-75.56509,6.21114]],[[-75.56523,6.21085],[-75.56523,6.21093],[-75.56526,6.21089],[-75.56523,6.21085]],[[-75.56524,6.21033],[-75.56541,6.21063],[-75.56544,6.21046],[-75.56524,6.21033]]],[[[-75.57881,6.30798],[-75.57775,6.30714],[-75.57951,6.30665],[-75.57878,6.31037],[-75.57139,6.3105],[-75.56868,6.31178],[-75.56913,6.31172],[-75.56873,6.31224],[-75.56612,6.31285],[-75.56421,6.31188],[-75.55945,6.31208],[-75.56674,6.31122],[-75.56466,6.31099],[-75.56481,6.31011],[-75.56527,6.31079],[-75.56645,6.30978],[-75.56464,6.30914],[-75.56521,6.30763],[-75.56514,6.30832],[-75.56781,6.30978],[-75.56868,6.30965],[-75.56806,6.30953],[-75.56941,6.30817],[-75.56865,6.3052],[-75.56799,6.30511],[-75.56884,6.3047],[-75.56815,6.30323],[-75.5701,6.30531],[-75.56932,6.30612],[-75.57023,6.30668],[-75.57014,6.30537],[-75.57093,6.30697],[-75.57193,6.30491],[-75.5709,6.30477],[-75.57131,6.30477],[-75.57161,6.30414],[-75.57188,6.30434],[-75.57167,6.30402],[-75.57264,6.30193],[-75.57363,6.30446],[-75.57507,6.304],[-75.57427,6.30273],[-75.57515,6.29965],[-75.5729,6.30058],[-75.57685,6.29855],[-75.57655,6.297],[-75.57799,6.29749],[-75.57751,6.30091],[-75.57944,6.29982],[-75.57855,6.29768],[-75.58029,6.30066],[-75.57951,6.29914],[-75.58098,6.29691],[-75.5803,6.29862],[-75.58147,6.29993],[-75.58189,6.29513],[-75.58336,6.29226],[-75.58337,6.29482],[-75.58241,6.29586],[-75.58252,6.29685],[-75.58337,6.29527],[-75.58337,6.29684],[-75.58185,6.29992],[-75.58353,6.29842],[-75.58216,6.30058],[-75.5836,6.29836],[-75.58584,6.29638],[-75.58616,6.29825],[-75.58365,6.30317],[-75.5825,6.30285],[-75.58364,6.2989],[-75.58188,6.30175],[-75.58215,6.30295],[-75.58035,6.30225],[-75.57977,6.30531],[-75.57973,6.30262],[-75.5807,6.30136],[-75.57809,6.30316],[-75.57219,6.3057],[-75.57563,6.30781],[-75.57524,6.31028],[-75.57832,6.30958],[-75.57794,6.30798],[-75.57881,6.30798]],[[-75.56905,6.31075],[-75.56863,6.31178],[-75.56763,6.31192],[-75.56868,6.31178],[-75.56905,6.31075]],[[-75.56558,6.31103],[-75.56582,6.31093],[-75.56551,6.31086],[-75.56558,6.31103]],[[-75.56606,6.31138],[-75.56571,6.31151],[-75.566,6.31158],[-75.56606,6.31138]],[[-75.56579,6.31209],[-75.56572,6.31217],[-75.56579,6.31217],[-75.56579,6.31209]],[[-75.56633,6.3121],[-75.5664,6.31209],[-75.56632,6.31156],[-75.56633,6.3121]],[[-75.56656,6.31035],[-75.56731,6.31125],[-75.56899,6.30998],[-75.56656,6.31035]],[[-75.56748,6.30975],[-75.56667,6.30945],[-75.56689,6.31012],[-75.56748,6.30975]],[[-75.56714,6.31135],[-75.56712,6.31136],[-75.56715,6.31136],[-75.56714,6.31135]],[[-75.56793,6.31161],[-75.56774,6.31162],[-75.56799,6.31163],[-75.56793,6.31161]],[[-75.56861,6.30502],[-75.56814,6.30512],[-75.56863,6.30512],[-75.56861,6.30502]],[[-75.56823,6.31174],[-75.56817,6.31176],[-75.56829,6.31176],[-75.56823,6.31174]],[[-75.56882,6.30545],[-75.56885,6.30568],[-75.56893,6.30568],[-75.56882,6.30545]],[[-75.5693,6.30925],[-75.56896,6.30932],[-75.56927,6.30937],[-75.5693,6.30925]],[[-75.56916,6.30982],[-75.56918,6.30968],[-75.56896,6.30971],[-75.56916,6.30982]],[[-75.56913,6.30652],[-75.56922,6.30652],[-75.5692,6.30641],[-75.56913,6.30652]],[[-75.56915,6.30692],[-75.56939,6.30701],[-75.5693,6.30683],[-75.56915,6.30692]],[[-75.56919,6.31033],[-75.56916,6.3106],[-75.56952,6.31058],[-75.56919,6.31033]],[[-75.56938,6.30649],[-75.5694,6.30717],[-75.56996,6.30741],[-75.56938,6.30649]],[[-75.56944,6.30509],[-75.56938,6.30509],[-75.56943,6.30511],[-75.56944,6.30509]],[[-75.56943,6.31032],[-75.56944,6.31022],[-75.56938,6.31027],[-75.56943,6.31032]],[[-75.56989,6.31049],[-75.57001,6.31039],[-75.56953,6.31039],[-75.56989,6.31049]],[[-75.57355,6.30848],[-75.572,6.30574],[-75.5696,6.31028],[-75.57355,6.30848]],[[-75.5697,6.31053],[-75.56963,6.31066],[-75.57,6.31082],[-75.5697,6.31053]],[[-75.56978,6.30516],[-75.5699,6.30513],[-75.56973,6.30512],[-75.56978,6.30516]],[[-75.57004,6.30708],[-75.57024,6.30683],[-75.56978,6.30681],[-75.57004,6.30708]],[[-75.57132,6.31003],[-75.5709,6.30979],[-75.57062,6.30984],[-75.57132,6.31003]],[[-75.5717,6.30962],[-75.57188,6.30985],[-75.57204,6.30942],[-75.5717,6.30962]],[[-75.57213,6.30427],[-75.57198,6.30442],[-75.57227,6.30473],[-75.57213,6.30427]],[[-75.57214,6.30316],[-75.57206,6.30326],[-75.57213,6.30339],[-75.57214,6.30316]],[[-75.57214,6.30397],[-75.57209,6.30402],[-75.57214,6.30406],[-75.57214,6.30397]],[[-75.57233,6.31042],[-75.5723,6.31035],[-75.57223,6.31038],[-75.57233,6.31042]],[[-75.57225,6.30985],[-75.57275,6.3097],[-75.57231,6.30965],[-75.57225,6.30985]],[[-75.57258,6.30377],[-75.57225,6.30346],[-75.57235,6.30374],[-75.57258,6.30377]],[[-75.57225,6.31009],[-75.57226,6.31015],[-75.57233,6.31014],[-75.57225,6.31009]],[[-75.5724,6.30304],[-75.57236,6.30308],[-75.57242,6.30309],[-75.5724,6.30304]],[[-75.57241,6.30466],[-75.57241,6.30502],[-75.57248,6.3049],[-75.57241,6.30466]],[[-75.57285,6.30952],[-75.57301,6.30942],[-75.57251,6.30943],[-75.57285,6.30952]],[[-75.57267,6.30238],[-75.57253,6.30242],[-75.57255,6.30262],[-75.57267,6.30238]],[[-75.57269,6.31028],[-75.57274,6.31025],[-75.57268,6.31023],[-75.57269,6.31028]],[[-75.57281,6.30386],[-75.57296,6.30406],[-75.57298,6.30402],[-75.57281,6.30386]],[[-75.57282,6.30451],[-75.57282,6.30499],[-75.57288,6.30481],[-75.57282,6.30451]],[[-75.57282,6.31041],[-75.57286,6.31039],[-75.57284,6.31035],[-75.57282,6.31041]],[[-75.57285,6.30306],[-75.57291,6.30323],[-75.57301,6.30323],[-75.57285,6.30306]],[[-75.57297,6.30422],[-75.57295,6.30434],[-75.57308,6.30429],[-75.57297,6.30422]],[[-75.57309,6.30412],[-75.57305,6.30415],[-75.57308,6.30419],[-75.57309,6.30412]],[[-75.57322,6.30425],[-75.57317,6.30466],[-75.57331,6.30475],[-75.57322,6.30425]],[[-75.5732,6.30872],[-75.57325,6.30881],[-75.57327,6.30873],[-75.5732,6.30872]],[[-75.57337,6.30735],[-75.57336,6.30772],[-75.57355,6.30741],[-75.57337,6.30735]],[[-75.57351,6.3086],[-75.57346,6.30863],[-75.5735,6.30868],[-75.57351,6.3086]],[[-75.5735,6.31034],[-75.57351,6.31045],[-75.57367,6.31039],[-75.5735,6.31034]],[[-75.5735,6.30895],[-75.57368,6.30889],[-75.5735,6.30884],[-75.5735,6.30895]],[[-75.57363,6.30779],[-75.5736,6.30781],[-75.57363,6.30784],[-75.57363,6.30779]],[[-75.57363,6.30999],[-75.57365,6.30997],[-75.57363,6.30997],[-75.57363,6.30999]],[[-75.57411,6.30962],[-75.57371,6.3096],[-75.57393,6.30988],[-75.57411,6.30962]],[[-75.57375,6.3086],[-75.57378,6.30866],[-75.57379,6.30858],[-75.57375,6.3086]],[[-75.57377,6.31026],[-75.57379,6.31025],[-75.57377,6.31024],[-75.57377,6.31026]],[[-75.57396,6.30922],[-75.57386,6.30915],[-75.5739,6.30932],[-75.57396,6.30922]],[[-75.57399,6.30852],[-75.57406,6.30867],[-75.57409,6.30849],[-75.57399,6.30852]],[[-75.57412,6.30911],[-75.57421,6.3092],[-75.57421,6.309],[-75.57412,6.30911]],[[-75.57417,6.30758],[-75.57418,6.3075],[-75.57413,6.30753],[-75.57417,6.30758]],[[-75.57418,6.31043],[-75.57418,6.31034],[-75.57413,6.31039],[-75.57418,6.31043]],[[-75.57417,6.30803],[-75.57414,6.30809],[-75.57423,6.30809],[-75.57417,6.30803]],[[-75.57432,6.30936],[-75.57426,6.30943],[-75.57432,6.30949],[-75.57432,6.30936]],[[-75.57431,6.30853],[-75.57432,6.30846],[-75.57427,6.30848],[-75.57431,6.30853]],[[-75.57438,6.31036],[-75.57432,6.3104],[-75.57447,6.31038],[-75.57438,6.31036]],[[-75.57441,6.30987],[-75.57447,6.31001],[-75.57449,6.30986],[-75.57441,6.30987]],[[-75.57449,6.30744],[-75.57462,6.3074],[-75.57442,6.30739],[-75.57449,6.30744]],[[-75.57445,6.30968],[-75.57446,6.30971],[-75.57447,6.3097],[-75.57445,6.30968]],[[-75.57446,6.30867],[-75.57446,6.30922],[-75.57455,6.30913],[-75.57446,6.30867]],[[-75.57454,6.30931],[-75.57459,6.30961],[-75.57459,6.30924],[-75.57454,6.30931]],[[-75.57479,6.30758],[-75.57472,6.30795],[-75.57518,6.30768],[-75.57479,6.30758]],[[-75.57491,6.30366],[-75.57499,6.30356],[-75.57483,6.30358],[-75.57491,6.30366]],[[-75.57483,6.31],[-75.57489,6.30999],[-75.57487,6.30992],[-75.57483,6.31]],[[-75.57484,6.30961],[-75.57489,6.30955],[-75.57484,6.30955],[-75.57484,6.30961]],[[-75.57487,6.30417],[-75.57515,6.30414],[-75.57494,6.30408],[-75.57487,6.30417]],[[-75.57496,6.31015],[-75.57502,6.31017],[-75.57503,6.31009],[-75.57496,6.31015]],[[-75.57511,6.31002],[-75.57516,6.30999],[-75.57514,6.30993],[-75.57511,6.31002]],[[-75.57512,6.30356],[-75.57512,6.30364],[-75.57515,6.3036],[-75.57512,6.30356]],[[-75.57534,6.30376],[-75.57552,6.30374],[-75.57538,6.30371],[-75.57534,6.30376]],[[-75.57632,6.30148],[-75.57541,6.30331],[-75.57701,6.30212],[-75.57632,6.30148]],[[-75.57659,6.30105],[-75.57663,6.30103],[-75.5766,6.30098],[-75.57659,6.30105]],[[-75.57673,6.3014],[-75.57668,6.30143],[-75.57673,6.30148],[-75.57673,6.3014]],[[-75.5769,6.30052],[-75.57705,6.30035],[-75.57672,6.3002],[-75.5769,6.30052]],[[-75.57677,6.29712],[-75.5769,6.29853],[-75.57753,6.29821],[-75.57796,6.29749],[-75.57677,6.29712]],[[-75.57742,6.30172],[-75.57757,6.30129],[-75.57687,6.30102],[-75.57742,6.30172]],[[-75.57697,6.29913],[-75.57695,6.29906],[-75.57696,6.29914],[-75.57697,6.29913]],[[-75.57715,6.30166],[-75.57709,6.3017],[-75.57713,6.30176],[-75.57715,6.30166]],[[-75.57732,6.30229],[-75.57719,6.30222],[-75.57711,6.30238],[-75.57732,6.30229]],[[-75.57714,6.30051],[-75.57727,6.30079],[-75.5775,6.30055],[-75.57714,6.30051]],[[-75.57738,6.30113],[-75.5774,6.30119],[-75.57745,6.30117],[-75.57738,6.30113]],[[-75.57759,6.30158],[-75.57751,6.30155],[-75.57754,6.30161],[-75.57759,6.30158]],[[-75.57801,6.3018],[-75.57764,6.30184],[-75.57795,6.30199],[-75.57801,6.3018]],[[-75.57779,6.30254],[-75.57782,6.30252],[-75.57769,6.30244],[-75.57779,6.30254]],[[-75.57781,6.30101],[-75.57777,6.30104],[-75.57781,6.3011],[-75.57781,6.30101]],[[-75.57779,6.3022],[-75.57784,6.30228],[-75.57785,6.3022],[-75.57779,6.3022]],[[-75.57835,6.30158],[-75.57836,6.3015],[-75.57832,6.30155],[-75.57835,6.30158]],[[-75.57838,6.30232],[-75.57836,6.30239],[-75.57837,6.30243],[-75.57838,6.30232]],[[-75.57865,6.30898],[-75.57862,6.30901],[-75.57865,6.30904],[-75.57865,6.30898]],[[-75.57902,6.30226],[-75.57903,6.30231],[-75.57907,6.30223],[-75.57902,6.30226]],[[-75.57918,6.30203],[-75.57914,6.30202],[-75.57907,6.30223],[-75.57918,6.30203]],[[-75.57944,6.30124],[-75.57938,6.30128],[-75.57943,6.30133],[-75.57944,6.30124]],[[-75.5796,6.29965],[-75.57955,6.29964],[-75.57958,6.2997],[-75.5796,6.29965]],[[-75.57974,6.30149],[-75.57997,6.30171],[-75.58013,6.30157],[-75.57974,6.30149]],[[-75.57994,6.30038],[-75.57983,6.30004],[-75.57977,6.30038],[-75.57994,6.30038]],[[-75.58013,6.30301],[-75.58013,6.30307],[-75.58015,6.30304],[-75.58013,6.30301]],[[-75.58035,6.30038],[-75.58045,6.3002],[-75.58027,6.30015],[-75.58035,6.30038]],[[-75.58031,6.30077],[-75.58054,6.30103],[-75.58056,6.30072],[-75.58031,6.30077]],[[-75.58057,6.29971],[-75.58034,6.29981],[-75.58071,6.29982],[-75.58057,6.29971]],[[-75.58052,6.29958],[-75.58053,6.29949],[-75.58048,6.29952],[-75.58052,6.29958]],[[-75.58068,6.30178],[-75.58061,6.30199],[-75.58084,6.30197],[-75.58068,6.30178]],[[-75.58076,6.30003],[-75.58061,6.30026],[-75.58088,6.30054],[-75.58076,6.30003]],[[-75.58066,6.30157],[-75.58068,6.30155],[-75.58065,6.30155],[-75.58066,6.30157]],[[-75.5811,6.2999],[-75.58087,6.29993],[-75.58125,6.29994],[-75.5811,6.2999]],[[-75.58089,6.30123],[-75.58096,6.30134],[-75.58098,6.30125],[-75.58089,6.30123]],[[-75.58096,6.3008],[-75.5811,6.30073],[-75.58091,6.30069],[-75.58096,6.3008]],[[-75.58103,6.30092],[-75.58092,6.30108],[-75.58112,6.30105],[-75.58103,6.30092]],[[-75.58139,6.30164],[-75.58104,6.30182],[-75.5817,6.30195],[-75.58139,6.30164]],[[-75.58122,6.30054],[-75.5818,6.30019],[-75.58104,6.30016],[-75.58122,6.30054]],[[-75.58108,6.30126],[-75.58108,6.30131],[-75.5811,6.30128],[-75.58108,6.30126]],[[-75.58122,6.30085],[-75.58118,6.30089],[-75.58143,6.30087],[-75.58122,6.30085]],[[-75.5812,6.3006],[-75.5812,6.30061],[-75.58122,6.30061],[-75.5812,6.3006]],[[-75.58172,6.3011],[-75.58127,6.30113],[-75.58142,6.30145],[-75.58172,6.3011]],[[-75.58143,6.30065],[-75.58129,6.30078],[-75.58164,6.30075],[-75.58143,6.30065]],[[-75.58156,6.30092],[-75.5814,6.30102],[-75.58166,6.30105],[-75.58156,6.30092]],[[-75.58157,6.30003],[-75.58145,6.30007],[-75.58164,6.30006],[-75.58157,6.30003]],[[-75.58161,6.30208],[-75.58155,6.30209],[-75.58167,6.30209],[-75.58161,6.30208]],[[-75.58176,6.30078],[-75.58169,6.3009],[-75.58204,6.30101],[-75.58176,6.30078]],[[-75.58188,6.30039],[-75.58187,6.30046],[-75.58188,6.3005],[-75.58188,6.30039]],[[-75.58188,6.30149],[-75.58187,6.30155],[-75.58188,6.30163],[-75.58188,6.30149]],[[-75.58211,6.30092],[-75.58224,6.30085],[-75.58213,6.30081],[-75.58211,6.30092]],[[-75.58227,6.29459],[-75.58214,6.2952],[-75.58242,6.2949],[-75.58227,6.29459]],[[-75.58215,6.29889],[-75.58214,6.29896],[-75.58215,6.299],[-75.58215,6.29889]],[[-75.58227,6.29541],[-75.58225,6.29545],[-75.58227,6.29549],[-75.58227,6.29541]],[[-75.58228,6.29868],[-75.58227,6.2987],[-75.58228,6.29871],[-75.58228,6.29868]],[[-75.58242,6.29743],[-75.58241,6.29764],[-75.58245,6.2975],[-75.58242,6.29743]],[[-75.58242,6.29828],[-75.58241,6.2983],[-75.58242,6.29832],[-75.58242,6.29828]],[[-75.58301,6.30146],[-75.58279,6.30186],[-75.58341,6.30184],[-75.58301,6.30146]],[[-75.58308,6.29321],[-75.58317,6.29314],[-75.58309,6.29307],[-75.58308,6.29321]],[[-75.58319,6.30145],[-75.58358,6.3015],[-75.58308,6.30121],[-75.58319,6.30145]],[[-75.58349,6.30286],[-75.58372,6.30275],[-75.58323,6.30242],[-75.58349,6.30286]],[[-75.58323,6.30108],[-75.58331,6.301],[-75.58324,6.30094],[-75.58323,6.30108]],[[-75.58329,6.30076],[-75.58359,6.30087],[-75.58339,6.30066],[-75.58329,6.30076]],[[-75.58364,6.29972],[-75.58356,6.29978],[-75.58363,6.29986],[-75.58364,6.29972]],[[-75.58364,6.30135],[-75.58364,6.30121],[-75.58357,6.30128],[-75.58364,6.30135]],[[-75.58365,6.30289],[-75.5836,6.30292],[-75.58365,6.30304],[-75.58365,6.30289]],[[-75.5837,6.29993],[-75.58365,6.30264],[-75.58456,6.29949],[-75.5837,6.29993]],[[-75.58378,6.29956],[-75.58371,6.29964],[-75.58378,6.29971],[-75.58378,6.29956]],[[-75.5841,6.29851],[-75.58421,6.2984],[-75.58402,6.29839],[-75.5841,6.29851]],[[-75.58405,6.30227],[-75.58412,6.30222],[-75.58406,6.30215],[-75.58405,6.30227]],[[-75.58412,6.29956],[-75.58424,6.29947],[-75.58414,6.29946],[-75.58412,6.29956]],[[-75.58431,6.29861],[-75.58438,6.29854],[-75.58428,6.29853],[-75.58431,6.29861]],[[-75.5859,6.2982],[-75.58528,6.29835],[-75.58511,6.29869],[-75.5859,6.2982]],[[-75.58584,6.29785],[-75.58595,6.29807],[-75.58608,6.2979],[-75.58584,6.29785]]],[[[-75.56278,6.21992],[-75.55999,6.22163],[-75.56199,6.21979],[-75.56278,6.21992]]],[[[-75.56145,6.30893],[-75.56199,6.30903],[-75.56229,6.31072],[-75.56009,6.31077],[-75.56145,6.30893]],[[-75.56071,6.31045],[-75.56062,6.31063],[-75.56085,6.31058],[-75.56071,6.31045]],[[-75.56099,6.31041],[-75.56163,6.31027],[-75.56071,6.31025],[-75.56099,6.31041]],[[-75.56156,6.30935],[-75.56087,6.30994],[-75.56159,6.3101],[-75.56156,6.30935]],[[-75.5613,6.31043],[-75.56099,6.31056],[-75.56165,6.31057],[-75.5613,6.31043]],[[-75.56158,6.30905],[-75.56156,6.30907],[-75.56159,6.30907],[-75.56158,6.30905]],[[-75.56172,6.30917],[-75.56172,6.31047],[-75.56187,6.30936],[-75.56172,6.30917]]],[[[-75.5601,6.20774],[-75.56291,6.20719],[-75.56364,6.20845],[-75.5601,6.20774]]],[[[-75.56095,6.19255],[-75.56011,6.19209],[-75.56125,6.18943],[-75.56188,6.19149],[-75.56095,6.19255]],[[-75.56104,6.19085],[-75.56098,6.19079],[-75.56091,6.19085],[-75.56104,6.19085]]],[[[-75.56233,6.21365],[-75.56072,6.21355],[-75.56275,6.21295],[-75.56071,6.2135],[-75.56032,6.21232],[-75.56209,6.21247],[-75.56336,6.21257],[-75.56119,6.21496],[-75.56233,6.21365]],[[-75.56157,6.21266],[-75.56204,6.21266],[-75.56209,6.21247],[-75.56157,6.21266]],[[-75.56239,6.21264],[-75.56233,6.21265],[-75.56246,6.21266],[-75.56239,6.21264]],[[-75.5628,6.21278],[-75.56275,6.21279],[-75.56284,6.21279],[-75.5628,6.21278]]],[[[-75.56157,6.20489],[-75.56116,6.2058],[-75.56195,6.20555],[-75.56282,6.20704],[-75.56053,6.2069],[-75.56157,6.20489]]],[[[-75.56184,6.2586],[-75.56402,6.2612],[-75.56271,6.26026],[-75.56128,6.2608],[-75.56183,6.2599],[-75.56058,6.2607],[-75.56184,6.2586]],[[-75.56244,6.26025],[-75.56239,6.26021],[-75.5622,6.26039],[-75.56244,6.26025]],[[-75.56252,6.26005],[-75.56252,6.2599],[-75.56248,6.25998],[-75.56252,6.26005]]],[[[-75.56142,6.26116],[-75.56253,6.26221],[-75.56215,6.26271],[-75.56336,6.26299],[-75.56076,6.26313],[-75.56142,6.26116]],[[-75.56195,6.26207],[-75.56162,6.26214],[-75.56155,6.26273],[-75.56195,6.26207]]],[[[-75.56304,6.29733],[-75.56573,6.29843],[-75.56392,6.2954],[-75.56696,6.2907],[-75.56414,6.29444],[-75.56703,6.2889],[-75.56769,6.29304],[-75.56406,6.29538],[-75.5658,6.2985],[-75.56107,6.30249],[-75.56464,6.29819],[-75.56304,6.29733]],[[-75.56668,6.29058],[-75.56574,6.29166],[-75.56572,6.29187],[-75.56668,6.29058]],[[-75.56669,6.29284],[-75.56668,6.29312],[-75.56674,6.29296],[-75.56669,6.29284]],[[-75.56682,6.29244],[-75.56681,6.29271],[-75.56686,6.29256],[-75.56682,6.29244]],[[-75.56766,6.29299],[-75.56722,6.29215],[-75.56694,6.29307],[-75.56766,6.29299]]],[[[-75.56124,6.30411],[-75.56168,6.30478],[-75.56124,6.30781],[-75.56263,6.30778],[-75.56173,6.30486],[-75.56364,6.30776],[-75.56114,6.30798],[-75.56124,6.30411]],[[-75.56129,6.30513],[-75.56124,6.3052],[-75.56129,6.30529],[-75.56129,6.30513]],[[-75.56307,6.30714],[-75.56306,6.30715],[-75.56306,6.30718],[-75.56307,6.30714]]],[[[-75.56302,6.18808],[-75.56373,6.18891],[-75.56151,6.1889],[-75.56199,6.18789],[-75.56302,6.18808]]],[[[-75.56235,6.23851],[-75.56299,6.23949],[-75.56238,6.24106],[-75.56178,6.24003],[-75.56172,6.23897],[-75.56235,6.23851]],[[-75.56177,6.23946],[-75.5618,6.23955],[-75.56184,6.23949],[-75.56177,6.23946]],[[-75.56195,6.23943],[-75.56233,6.24015],[-75.56242,6.23965],[-75.56195,6.23943]]],[[[-75.56237,6.26829],[-75.56496,6.26947],[-75.56443,6.27259],[-75.56351,6.27067],[-75.56469,6.26961],[-75.56237,6.26829]]],[[[-75.56246,6.28629],[-75.56357,6.28673],[-75.56286,6.2897],[-75.56246,6.28629]],[[-75.56322,6.28768],[-75.56273,6.28816],[-75.5629,6.28856],[-75.56322,6.28768]]],[[[-75.56261,6.27493],[-75.56271,6.27409],[-75.56311,6.27395],[-75.56414,6.27521],[-75.56261,6.27493]],[[-75.56327,6.27496],[-75.56356,6.27503],[-75.5634,6.27457],[-75.56327,6.27496]]],[[[-75.5643,6.30768],[-75.5627,6.30464],[-75.56435,6.30323],[-75.5643,6.30768]]],[[[-75.56451,6.24719],[-75.56418,6.24639],[-75.56526,6.24587],[-75.56451,6.24719]]],[[[-75.56424,6.24768],[-75.56302,6.24726],[-75.56451,6.24719],[-75.56424,6.24768]]],[[[-75.56341,6.28528],[-75.56442,6.28367],[-75.5636,6.28356],[-75.56394,6.2806],[-75.56469,6.28239],[-75.56526,6.28154],[-75.56397,6.28033],[-75.56429,6.27755],[-75.56639,6.28068],[-75.56586,6.28039],[-75.5664,6.28145],[-75.56612,6.28181],[-75.56539,6.28056],[-75.56541,6.28212],[-75.56604,6.28191],[-75.56341,6.28528]],[[-75.56395,6.2834],[-75.56395,6.28352],[-75.56403,6.28345],[-75.56395,6.2834]],[[-75.56445,6.28348],[-75.56472,6.28277],[-75.56413,6.28316],[-75.56445,6.28348]],[[-75.56441,6.27987],[-75.56431,6.27983],[-75.5643,6.27996],[-75.56441,6.27987]],[[-75.56503,6.28103],[-75.56502,6.27988],[-75.56432,6.28012],[-75.56503,6.28103]],[[-75.56461,6.2824],[-75.56446,6.28248],[-75.56466,6.28249],[-75.56461,6.2824]],[[-75.56448,6.28239],[-75.56453,6.28234],[-75.56448,6.28227],[-75.56448,6.28239]],[[-75.56481,6.27863],[-75.56472,6.27824],[-75.56474,6.27884],[-75.56481,6.27863]],[[-75.56506,6.27903],[-75.5648,6.27895],[-75.56485,6.27943],[-75.56506,6.27903]],[[-75.56488,6.28248],[-75.56484,6.2826],[-75.56495,6.28262],[-75.56488,6.28248]],[[-75.56528,6.28102],[-75.56509,6.28114],[-75.56528,6.28132],[-75.56528,6.28102]],[[-75.56611,6.2815],[-75.56606,6.28152],[-75.5661,6.28157],[-75.56611,6.2815]]],[[[-75.56438,6.2669],[-75.56488,6.26875],[-75.56396,6.26822],[-75.56458,6.26767],[-75.5635,6.26795],[-75.56372,6.26678],[-75.56438,6.2669]],[[-75.56395,6.2673],[-75.56393,6.26732],[-75.56395,6.26732],[-75.56395,6.2673]]],[[[-75.5644,6.25204],[-75.56525,6.25271],[-75.56501,6.25307],[-75.56599,6.25329],[-75.56386,6.25449],[-75.5644,6.25204]]],[[[-75.56545,6.21704],[-75.56617,6.2139],[-75.56872,6.21455],[-75.5662,6.21469],[-75.56926,6.21757],[-75.56917,6.21467],[-75.5696,6.21478],[-75.5691,6.21917],[-75.56656,6.2174],[-75.56655,6.21831],[-75.56463,6.21753],[-75.56486,6.21638],[-75.56545,6.21704]],[[-75.5665,6.21736],[-75.56605,6.21705],[-75.56618,6.21738],[-75.5665,6.21736]],[[-75.56944,6.2149],[-75.56937,6.21495],[-75.56942,6.21502],[-75.56944,6.2149]]],[[[-75.56635,6.1917],[-75.56574,6.19202],[-75.56474,6.19052],[-75.56679,6.19194],[-75.56641,6.19302],[-75.56635,6.1917]]],[[[-75.56497,6.19323],[-75.56637,6.19313],[-75.5656,6.19529],[-75.56497,6.19323]]],[[[-75.56861,6.20704],[-75.56763,6.20729],[-75.56842,6.20651],[-75.5673,6.20714],[-75.56507,6.20618],[-75.57117,6.20656],[-75.56847,6.20765],[-75.56861,6.20704]]],[[[-75.56514,6.27252],[-75.56772,6.2751],[-75.56833,6.2757],[-75.5676,6.27977],[-75.5676,6.2768],[-75.56646,6.27642],[-75.56715,6.27549],[-75.56629,6.27591],[-75.56514,6.27252]],[[-75.56762,6.27522],[-75.56771,6.27535],[-75.56772,6.2751],[-75.56762,6.27522]],[[-75.56595,6.27387],[-75.56596,6.27352],[-75.56574,6.27367],[-75.56595,6.27387]],[[-75.56609,6.27387],[-75.56602,6.27393],[-75.56608,6.274],[-75.56609,6.27387]],[[-75.56609,6.27471],[-75.56605,6.27476],[-75.5661,6.27476],[-75.56609,6.27471]],[[-75.56622,6.27455],[-75.5663,6.27448],[-75.56622,6.27441],[-75.56622,6.27455]],[[-75.5665,6.27468],[-75.56642,6.27475],[-75.56649,6.27482],[-75.5665,6.27468]],[[-75.56646,6.27523],[-75.56652,6.27536],[-75.56656,6.27527],[-75.56646,6.27523]],[[-75.56664,6.27535],[-75.56656,6.27542],[-75.56663,6.2755],[-75.56664,6.27535]],[[-75.56691,6.27522],[-75.56683,6.27529],[-75.5669,6.27536],[-75.56691,6.27522]],[[-75.56702,6.27455],[-75.56703,6.27467],[-75.56719,6.27467],[-75.56702,6.27455]],[[-75.56727,6.27482],[-75.5673,6.27497],[-75.56748,6.27493],[-75.56727,6.27482]],[[-75.56805,6.27588],[-75.56829,6.27571],[-75.56797,6.2755],[-75.56805,6.27588]],[[-75.56798,6.2761],[-75.568,6.27609],[-75.56798,6.27608],[-75.56798,6.2761]]],[[[-75.56908,6.21931],[-75.56893,6.2206],[-75.5682,6.21999],[-75.56893,6.22337],[-75.56811,6.22009],[-75.5669,6.22344],[-75.5654,6.2235],[-75.56815,6.21995],[-75.56908,6.21931]]],[[[-75.56699,6.28865],[-75.56577,6.29019],[-75.5668,6.28749],[-75.56699,6.28865]]],[[[-75.56693,6.22483],[-75.56743,6.22371],[-75.56799,6.22557],[-75.56593,6.22431],[-75.56693,6.22483]]],[[[-75.56815,6.27033],[-75.56621,6.2719],[-75.56727,6.27311],[-75.56608,6.27204],[-75.56807,6.26493],[-75.57015,6.26637],[-75.56827,6.26541],[-75.56922,6.2699],[-75.57056,6.26665],[-75.57072,6.26676],[-75.56866,6.27436],[-75.56815,6.27033]],[[-75.56798,6.27004],[-75.56794,6.27021],[-75.56814,6.27013],[-75.56798,6.27004]],[[-75.57053,6.26708],[-75.57053,6.26693],[-75.57045,6.26701],[-75.57053,6.26708]]],[[[-75.57107,6.2024],[-75.57095,6.20265],[-75.56644,6.20093],[-75.56618,6.19852],[-75.56817,6.19757],[-75.56659,6.19675],[-75.56913,6.19744],[-75.5677,6.19936],[-75.56915,6.19744],[-75.56981,6.19762],[-75.56639,6.19587],[-75.56663,6.19511],[-75.57249,6.19837],[-75.57093,6.19426],[-75.57248,6.19506],[-75.57182,6.19536],[-75.57275,6.19666],[-75.57282,6.19523],[-75.57398,6.19583],[-75.5716,6.20036],[-75.56858,6.19894],[-75.56824,6.2016],[-75.57036,6.20128],[-75.57158,6.20289],[-75.57107,6.2024]],[[-75.5671,6.20082],[-75.56785,6.2001],[-75.56736,6.19904],[-75.5671,6.20082]],[[-75.56777,6.19961],[-75.56789,6.19976],[-75.56805,6.19976],[-75.56777,6.19961]],[[-75.56778,6.20055],[-75.56778,6.20059],[-75.5678,6.20057],[-75.56778,6.20055]],[[-75.56831,6.19754],[-75.56831,6.19763],[-75.56832,6.19759],[-75.56831,6.19754]],[[-75.57114,6.19971],[-75.57094,6.1986],[-75.56905,6.19887],[-75.57114,6.19971]],[[-75.5699,6.19856],[-75.57042,6.19838],[-75.5696,6.19778],[-75.5699,6.19856]],[[-75.57006,6.19784],[-75.57033,6.19814],[-75.57069,6.19828],[-75.57006,6.19784]],[[-75.57019,6.20164],[-75.57008,6.20165],[-75.57023,6.20165],[-75.57019,6.20164]],[[-75.57048,6.20178],[-75.57044,6.20179],[-75.57051,6.20179],[-75.57048,6.20178]],[[-75.57076,6.2019],[-75.57076,6.20197],[-75.57082,6.20193],[-75.57076,6.2019]],[[-75.57088,6.19836],[-75.57091,6.19852],[-75.57151,6.19867],[-75.57088,6.19836]],[[-75.57169,6.1997],[-75.57204,6.19915],[-75.57156,6.19892],[-75.57169,6.1997]],[[-75.57236,6.19873],[-75.57238,6.19862],[-75.57229,6.19866],[-75.57236,6.19873]],[[-75.57306,6.19645],[-75.57306,6.19669],[-75.57314,6.19657],[-75.57306,6.19645]],[[-75.57329,6.19599],[-75.57318,6.19628],[-75.57332,6.1962],[-75.57329,6.19599]]],[[[-75.56746,6.19247],[-75.56807,6.19279],[-75.56663,6.19511],[-75.56746,6.19247]]],[[[-75.56818,6.29537],[-75.56809,6.29532],[-75.56927,6.29364],[-75.56876,6.29496],[-75.56943,6.29511],[-75.56954,6.29613],[-75.56818,6.29537]],[[-75.56832,6.29507],[-75.56831,6.2951],[-75.56832,6.29516],[-75.56832,6.29507]],[[-75.56931,6.29594],[-75.56915,6.2954],[-75.56867,6.29544],[-75.56931,6.29594]]],[[[-75.56838,6.29005],[-75.56815,6.288],[-75.56912,6.28844],[-75.56838,6.29005]]],[[[-75.5694,6.26308],[-75.56833,6.26299],[-75.56988,6.2615],[-75.56968,6.2631],[-75.56986,6.26156],[-75.5694,6.26308]]],[[[-75.56865,6.28707],[-75.56883,6.28447],[-75.57,6.28516],[-75.56862,6.28757],[-75.56865,6.28707]]],[[[-75.57019,6.20397],[-75.56942,6.20428],[-75.57056,6.20491],[-75.56909,6.20436],[-75.56946,6.2029],[-75.57019,6.20397]]],[[[-75.57087,6.20869],[-75.56973,6.2082],[-75.57115,6.20668],[-75.57087,6.20869]]],[[[-75.57065,6.28065],[-75.56986,6.27975],[-75.57111,6.27677],[-75.57065,6.28065]],[[-75.56991,6.27975],[-75.56989,6.27976],[-75.56993,6.27976],[-75.56991,6.27975]],[[-75.5703,6.27991],[-75.57035,6.27989],[-75.57029,6.27988],[-75.5703,6.27991]]],[[[-75.57022,6.26227],[-75.57083,6.26244],[-75.57075,6.26138],[-75.57134,6.26332],[-75.57011,6.26327],[-75.57145,6.2637],[-75.56988,6.26325],[-75.57022,6.26227]]],[[[-75.57311,6.22209],[-75.57299,6.22363],[-75.57424,6.22351],[-75.57388,6.22532],[-75.57152,6.22467],[-75.57216,6.21695],[-75.56991,6.22108],[-75.56989,6.22065],[-75.5711,6.21602],[-75.57044,6.21684],[-75.57044,6.21184],[-75.57093,6.21274],[-75.57254,6.21421],[-75.57247,6.21429],[-75.57218,6.21466],[-75.57141,6.21441],[-75.57195,6.21495],[-75.57553,6.21521],[-75.57232,6.2167],[-75.57403,6.21701],[-75.57228,6.21779],[-75.57454,6.21856],[-75.57228,6.21837],[-75.57167,6.22379],[-75.57485,6.21863],[-75.57426,6.22339],[-75.57311,6.22209]],[[-75.57181,6.21377],[-75.57159,6.21405],[-75.57247,6.21429],[-75.57181,6.21377]],[[-75.57261,6.21543],[-75.57112,6.216],[-75.57053,6.21826],[-75.57167,6.21752],[-75.57173,6.21623],[-75.57261,6.21543]],[[-75.57079,6.21459],[-75.57079,6.21425],[-75.57078,6.21428],[-75.57079,6.21459]],[[-75.57079,6.21349],[-75.57111,6.21432],[-75.57139,6.21369],[-75.57079,6.21349]],[[-75.57151,6.21335],[-75.57096,6.21282],[-75.57099,6.21321],[-75.57151,6.21335]],[[-75.57112,6.21593],[-75.57134,6.21511],[-75.5712,6.21507],[-75.57112,6.21593]],[[-75.57202,6.21685],[-75.57217,6.21638],[-75.57202,6.21656],[-75.57202,6.21685]],[[-75.5722,6.2144],[-75.57216,6.21438],[-75.57214,6.21442],[-75.5722,6.2144]],[[-75.57229,6.21634],[-75.5723,6.21622],[-75.57224,6.21628],[-75.57229,6.21634]],[[-75.57236,6.21617],[-75.573,6.21565],[-75.57312,6.21544],[-75.57236,6.21617]],[[-75.57285,6.22313],[-75.57285,6.22251],[-75.57283,6.22304],[-75.57285,6.22313]],[[-75.57311,6.22414],[-75.57345,6.22506],[-75.57403,6.22435],[-75.57311,6.22414]]],[[[-75.56991,6.28278],[-75.57029,6.28101],[-75.57114,6.28246],[-75.56991,6.28278]],[[-75.57059,6.2823],[-75.57056,6.28235],[-75.57062,6.28234],[-75.57059,6.2823]]],[[[-75.57037,6.30069],[-75.57153,6.30179],[-75.57152,6.30257],[-75.57212,6.30236],[-75.57114,6.30286],[-75.57037,6.30069]],[[-75.57097,6.30172],[-75.57091,6.30169],[-75.57087,6.30173],[-75.57097,6.30172]],[[-75.57121,6.30186],[-75.57118,6.30184],[-75.57118,6.30188],[-75.57121,6.30186]]],[[[-75.57528,6.21252],[-75.57111,6.2098],[-75.57206,6.20628],[-75.57241,6.20894],[-75.57147,6.20864],[-75.5717,6.2092],[-75.57242,6.20905],[-75.57251,6.2097],[-75.57284,6.2095],[-75.57394,6.20996],[-75.57322,6.20929],[-75.57422,6.2087],[-75.57444,6.2093],[-75.57476,6.20838],[-75.57499,6.20915],[-75.57524,6.2081],[-75.57588,6.20872],[-75.5757,6.20783],[-75.5763,6.20899],[-75.57614,6.20999],[-75.57583,6.2092],[-75.5753,6.21254],[-75.57528,6.21252]],[[-75.57428,6.21],[-75.5739,6.21073],[-75.57528,6.21252],[-75.57428,6.21]],[[-75.5739,6.21025],[-75.57419,6.20962],[-75.57401,6.20935],[-75.57394,6.20996],[-75.5739,6.21025]],[[-75.57133,6.20932],[-75.57123,6.20987],[-75.57153,6.20952],[-75.57133,6.20932]],[[-75.57169,6.20986],[-75.57229,6.20993],[-75.57196,6.20954],[-75.57169,6.20986]],[[-75.57214,6.20948],[-75.57214,6.20954],[-75.57218,6.20951],[-75.57214,6.20948]],[[-75.57318,6.21021],[-75.57276,6.20982],[-75.57235,6.21023],[-75.57318,6.21021]],[[-75.57293,6.20976],[-75.5728,6.20978],[-75.57296,6.20978],[-75.57293,6.20976]],[[-75.57342,6.21122],[-75.57354,6.21112],[-75.57336,6.21099],[-75.57342,6.21122]],[[-75.57368,6.21021],[-75.57344,6.21034],[-75.57348,6.21075],[-75.57368,6.21021]],[[-75.57362,6.20998],[-75.57354,6.21005],[-75.57367,6.21005],[-75.57362,6.20998]],[[-75.57363,6.21109],[-75.57363,6.21116],[-75.57364,6.21113],[-75.57363,6.21109]],[[-75.57376,6.21071],[-75.57375,6.21073],[-75.57376,6.21077],[-75.57376,6.21071]],[[-75.57391,6.2112],[-75.574,6.2111],[-75.57391,6.21098],[-75.57391,6.2112]],[[-75.57513,6.20931],[-75.57494,6.20952],[-75.57544,6.21081],[-75.57513,6.20931]]],[[[-75.57218,6.29702],[-75.57256,6.29816],[-75.57363,6.29664],[-75.57442,6.29741],[-75.57472,6.29836],[-75.57341,6.29746],[-75.5724,6.30002],[-75.57148,6.30034],[-75.57208,6.29883],[-75.57218,6.29702]],[[-75.57159,6.30022],[-75.57159,6.30025],[-75.57161,6.30023],[-75.57159,6.30022]]],[[[-75.57192,6.24448],[-75.57283,6.24256],[-75.57349,6.24356],[-75.57192,6.24448]]],[[[-75.57362,6.2272],[-75.57408,6.22589],[-75.57442,6.22906],[-75.57202,6.22911],[-75.57362,6.2272]],[[-75.57426,6.22846],[-75.57407,6.2272],[-75.57321,6.22822],[-75.57426,6.22846]],[[-75.57364,6.22745],[-75.57341,6.22756],[-75.57332,6.2278],[-75.57364,6.22745]],[[-75.57387,6.22708],[-75.5738,6.22733],[-75.57399,6.22713],[-75.57387,6.22708]]],[[[-75.5738,6.26602],[-75.57372,6.26719],[-75.57211,6.26943],[-75.5738,6.26602]]],[[[-75.57274,6.29293],[-75.57376,6.29444],[-75.57216,6.29387],[-75.57274,6.29293]]],[[[-75.57357,6.20171],[-75.57319,6.20056],[-75.57469,6.2015],[-75.57358,6.2033],[-75.57404,6.20171],[-75.57345,6.2024],[-75.57357,6.20171]]],[[[-75.5746,6.25665],[-75.57378,6.2577],[-75.57355,6.25716],[-75.57392,6.25605],[-75.5746,6.25665]]],[[[-75.57602,6.28381],[-75.57688,6.2859],[-75.57357,6.2854],[-75.57564,6.28381],[-75.57602,6.28381]],[[-75.57411,6.28522],[-75.57414,6.28517],[-75.57411,6.28511],[-75.57411,6.28522]],[[-75.57427,6.28536],[-75.57417,6.28545],[-75.57455,6.28544],[-75.57427,6.28536]],[[-75.57445,6.28508],[-75.57436,6.28522],[-75.57456,6.28519],[-75.57445,6.28508]],[[-75.57555,6.28416],[-75.57516,6.28422],[-75.57595,6.28421],[-75.57555,6.28416]],[[-75.57556,6.28461],[-75.5753,6.28478],[-75.57644,6.28487],[-75.57556,6.28461]],[[-75.57571,6.28548],[-75.57601,6.28557],[-75.57581,6.28538],[-75.57571,6.28548]]],[[[-75.57428,6.27256],[-75.57364,6.27227],[-75.57529,6.26641],[-75.57428,6.27256]]],[[[-75.57514,6.28333],[-75.57635,6.28377],[-75.57419,6.28359],[-75.57367,6.28355],[-75.57372,6.28262],[-75.57514,6.28333]],[[-75.57482,6.28339],[-75.57383,6.28354],[-75.57419,6.28359],[-75.57482,6.28339]],[[-75.57451,6.28313],[-75.57451,6.28321],[-75.57459,6.28315],[-75.57451,6.28313]]],[[[-75.57736,6.28262],[-75.57372,6.28259],[-75.57378,6.28119],[-75.57473,6.28212],[-75.57508,6.27865],[-75.57789,6.28308],[-75.57734,6.27915],[-75.58401,6.28456],[-75.58381,6.28603],[-75.58307,6.28412],[-75.57843,6.2838],[-75.58239,6.28592],[-75.58236,6.28706],[-75.58241,6.28593],[-75.58332,6.28642],[-75.58372,6.28664],[-75.58331,6.2896],[-75.58286,6.28946],[-75.5828,6.28874],[-75.58281,6.28944],[-75.57829,6.28802],[-75.57826,6.28675],[-75.57847,6.28781],[-75.57887,6.28705],[-75.57824,6.28602],[-75.57736,6.28262]],[[-75.5741,6.28222],[-75.57396,6.28186],[-75.5739,6.28204],[-75.5741,6.28222]],[[-75.5741,6.28177],[-75.57408,6.28178],[-75.5741,6.28182],[-75.5741,6.28177]],[[-75.57531,6.28217],[-75.57517,6.28218],[-75.57538,6.28218],[-75.57531,6.28217]],[[-75.57573,6.28188],[-75.57557,6.28205],[-75.57575,6.28205],[-75.57573,6.28188]],[[-75.57683,6.28159],[-75.5768,6.28164],[-75.57686,6.28164],[-75.57683,6.28159]],[[-75.57793,6.28152],[-75.57804,6.28259],[-75.57844,6.2813],[-75.57793,6.28152]],[[-75.57826,6.28052],[-75.57817,6.28076],[-75.57839,6.28042],[-75.57826,6.28052]],[[-75.57831,6.28346],[-75.57828,6.28359],[-75.57831,6.28371],[-75.57831,6.28346]],[[-75.57835,6.28785],[-75.57833,6.2879],[-75.5784,6.28787],[-75.57835,6.28785]],[[-75.57843,6.2803],[-75.57845,6.28035],[-75.57848,6.28028],[-75.57843,6.2803]],[[-75.57853,6.28616],[-75.57855,6.28621],[-75.57859,6.28624],[-75.57853,6.28616]],[[-75.57871,6.28156],[-75.57866,6.28178],[-75.57871,6.28195],[-75.57871,6.28156]],[[-75.57872,6.28555],[-75.57872,6.28571],[-75.57873,6.28564],[-75.57872,6.28555]],[[-75.57873,6.2845],[-75.57878,6.28446],[-75.57872,6.28443],[-75.57873,6.2845]],[[-75.57872,6.28638],[-75.57873,6.28638],[-75.57873,6.28637],[-75.57872,6.28638]],[[-75.57883,6.28785],[-75.57887,6.28814],[-75.57914,6.28718],[-75.57883,6.28785]],[[-75.57887,6.28657],[-75.57894,6.28651],[-75.57886,6.2865],[-75.57887,6.28657]],[[-75.57887,6.28583],[-75.57899,6.28611],[-75.5792,6.2861],[-75.57887,6.28583]],[[-75.57912,6.28457],[-75.57908,6.28461],[-75.57915,6.28462],[-75.57912,6.28457]],[[-75.57912,6.28543],[-75.57947,6.28582],[-75.57953,6.28569],[-75.57912,6.28543]],[[-75.57924,6.28813],[-75.57943,6.28814],[-75.57968,6.2873],[-75.57924,6.28813]],[[-75.57926,6.28624],[-75.57927,6.28627],[-75.57927,6.28619],[-75.57926,6.28624]],[[-75.57953,6.28608],[-75.57946,6.28612],[-75.5796,6.28612],[-75.57953,6.28608]],[[-75.57965,6.28299],[-75.57967,6.28298],[-75.57965,6.28298],[-75.57965,6.28299]],[[-75.57968,6.28842],[-75.57982,6.28833],[-75.57982,6.2881],[-75.57968,6.28842]],[[-75.57991,6.28612],[-75.57968,6.28695],[-75.5801,6.2861],[-75.57991,6.28612]],[[-75.57995,6.28729],[-75.57981,6.28748],[-75.58001,6.28731],[-75.57995,6.28729]],[[-75.57992,6.28162],[-75.57993,6.28163],[-75.57993,6.28162],[-75.57992,6.28162]],[[-75.58007,6.28791],[-75.58012,6.28747],[-75.57996,6.28742],[-75.58007,6.28791]],[[-75.58011,6.28571],[-75.58036,6.28555],[-75.58022,6.28548],[-75.58011,6.28571]],[[-75.58037,6.28354],[-75.58013,6.28352],[-75.58026,6.28357],[-75.58037,6.28354]],[[-75.58018,6.28711],[-75.58039,6.28705],[-75.58035,6.28621],[-75.58018,6.28711]],[[-75.58022,6.28778],[-75.58019,6.28786],[-75.58022,6.28794],[-75.58022,6.28778]],[[-75.58024,6.28753],[-75.58023,6.28767],[-75.58052,6.28759],[-75.58024,6.28753]],[[-75.58032,6.2879],[-75.58036,6.28856],[-75.58052,6.28771],[-75.58032,6.2879]],[[-75.58037,6.28322],[-75.58032,6.28326],[-75.58055,6.28325],[-75.58037,6.28322]],[[-75.58035,6.28283],[-75.58032,6.28286],[-75.58035,6.28285],[-75.58035,6.28283]],[[-75.58055,6.28261],[-75.58066,6.28257],[-75.58032,6.28257],[-75.58055,6.28261]],[[-75.58035,6.28594],[-75.58053,6.28626],[-75.58052,6.2861],[-75.58035,6.28594]],[[-75.58047,6.28362],[-75.58043,6.28366],[-75.58047,6.28371],[-75.58047,6.28362]],[[-75.58048,6.28501],[-75.58048,6.28516],[-75.5805,6.28506],[-75.58048,6.28501]],[[-75.58048,6.28583],[-75.58049,6.28584],[-75.58049,6.28582],[-75.58048,6.28583]],[[-75.58062,6.28537],[-75.58054,6.28544],[-75.58062,6.28557],[-75.58062,6.28537]],[[-75.58055,6.2871],[-75.58063,6.28748],[-75.58077,6.28648],[-75.58055,6.2871]],[[-75.5806,6.28229],[-75.58065,6.28234],[-75.58076,6.2823],[-75.5806,6.28229]],[[-75.58061,6.28331],[-75.5806,6.28337],[-75.58061,6.28339],[-75.58061,6.28331]],[[-75.58075,6.28374],[-75.58068,6.28379],[-75.58074,6.28385],[-75.58075,6.28374]],[[-75.5807,6.28856],[-75.58078,6.28869],[-75.58077,6.28835],[-75.5807,6.28856]],[[-75.58078,6.28633],[-75.58073,6.28637],[-75.58091,6.28639],[-75.58078,6.28633]],[[-75.58076,6.28682],[-75.58076,6.28706],[-75.58083,6.28691],[-75.58076,6.28682]],[[-75.58099,6.28359],[-75.58084,6.28368],[-75.58103,6.28371],[-75.58099,6.28359]],[[-75.58103,6.28714],[-75.58089,6.28792],[-75.58108,6.28756],[-75.58103,6.28714]],[[-75.58102,6.28321],[-75.58097,6.28324],[-75.58101,6.2833],[-75.58102,6.28321]],[[-75.58098,6.28282],[-75.58105,6.28286],[-75.58103,6.28278],[-75.58098,6.28282]],[[-75.58103,6.28553],[-75.58103,6.28558],[-75.58105,6.28555],[-75.58103,6.28553]],[[-75.58123,6.28791],[-75.58105,6.28885],[-75.58137,6.2885],[-75.58123,6.28791]],[[-75.5811,6.28619],[-75.58108,6.28683],[-75.58172,6.28565],[-75.5811,6.28619]],[[-75.58114,6.28253],[-75.58117,6.28261],[-75.5812,6.28256],[-75.58114,6.28253]],[[-75.58125,6.28269],[-75.58129,6.28275],[-75.58129,6.28266],[-75.58125,6.28269]],[[-75.58131,6.28756],[-75.58129,6.28759],[-75.58135,6.28758],[-75.58131,6.28756]],[[-75.58129,6.28353],[-75.58133,6.28351],[-75.58129,6.28349],[-75.58129,6.28353]],[[-75.5813,6.28647],[-75.5813,6.28653],[-75.58131,6.2865],[-75.5813,6.28647]],[[-75.58136,6.28714],[-75.58145,6.28749],[-75.58157,6.28672],[-75.58136,6.28714]],[[-75.58144,6.2878],[-75.58144,6.28821],[-75.58159,6.28799],[-75.58144,6.2878]],[[-75.58146,6.28885],[-75.58173,6.28867],[-75.58171,6.28808],[-75.58146,6.28885]],[[-75.58169,6.28358],[-75.5817,6.28347],[-75.58164,6.28352],[-75.58169,6.28358]],[[-75.58202,6.284],[-75.58194,6.28383],[-75.58164,6.28391],[-75.58202,6.284]],[[-75.58223,6.28328],[-75.58166,6.28325],[-75.58219,6.28348],[-75.58223,6.28328]],[[-75.58193,6.28751],[-75.58184,6.28699],[-75.58168,6.28789],[-75.58193,6.28751]],[[-75.58171,6.28636],[-75.5817,6.28637],[-75.58172,6.28637],[-75.58171,6.28636]],[[-75.58172,6.28879],[-75.58172,6.28887],[-75.58174,6.28882],[-75.58172,6.28879]],[[-75.58185,6.28831],[-75.58184,6.28838],[-75.58185,6.28841],[-75.58185,6.28831]],[[-75.58185,6.2881],[-75.58185,6.28821],[-75.58187,6.28814],[-75.58185,6.2881]],[[-75.58223,6.28765],[-75.58187,6.28912],[-75.58205,6.289],[-75.58223,6.28765]],[[-75.58197,6.28671],[-75.58212,6.2859],[-75.58191,6.28627],[-75.58197,6.28671]],[[-75.58218,6.28376],[-75.58195,6.28348],[-75.58194,6.28374],[-75.58218,6.28376]],[[-75.58195,6.28298],[-75.58196,6.28299],[-75.58197,6.28298],[-75.58195,6.28298]],[[-75.58217,6.2875],[-75.58231,6.28744],[-75.58209,6.28741],[-75.58217,6.2875]],[[-75.58212,6.28853],[-75.58212,6.28881],[-75.58216,6.28866],[-75.58212,6.28853]],[[-75.58225,6.2862],[-75.58212,6.28654],[-75.58226,6.28649],[-75.58225,6.2862]],[[-75.58224,6.28913],[-75.58248,6.28921],[-75.58241,6.28889],[-75.58224,6.28913]],[[-75.5825,6.28398],[-75.58265,6.28376],[-75.58229,6.28389],[-75.5825,6.28398]],[[-75.5823,6.28348],[-75.58252,6.28373],[-75.5825,6.28356],[-75.5823,6.28348]],[[-75.58237,6.28328],[-75.58237,6.28324],[-75.58235,6.28325],[-75.58237,6.28328]],[[-75.5825,6.28765],[-75.58241,6.28873],[-75.58274,6.28777],[-75.5825,6.28765]],[[-75.58259,6.28705],[-75.58279,6.28732],[-75.58291,6.28629],[-75.58259,6.28705]],[[-75.58301,6.28832],[-75.58301,6.28763],[-75.58289,6.28845],[-75.58301,6.28832]],[[-75.58294,6.28876],[-75.58294,6.28886],[-75.58299,6.28881],[-75.58294,6.28876]],[[-75.58305,6.28658],[-75.58301,6.28665],[-75.58306,6.2869],[-75.58305,6.28658]],[[-75.5832,6.28392],[-75.58315,6.28393],[-75.58319,6.28396],[-75.5832,6.28392]],[[-75.58319,6.28847],[-75.5832,6.28948],[-75.5834,6.28853],[-75.58319,6.28847]],[[-75.58333,6.28712],[-75.58332,6.28718],[-75.58333,6.28732],[-75.58333,6.28712]],[[-75.58387,6.28446],[-75.58379,6.28446],[-75.58385,6.28449],[-75.58387,6.28446]]],[[[-75.57464,6.20516],[-75.57553,6.20683],[-75.57372,6.20598],[-75.57464,6.20516]],[[-75.57443,6.20596],[-75.57441,6.20599],[-75.57443,6.20605],[-75.57443,6.20596]]],[[[-75.57474,6.27812],[-75.57388,6.27911],[-75.57399,6.27694],[-75.57474,6.27812]]],[[[-75.57508,6.19698],[-75.57549,6.19882],[-75.57424,6.19922],[-75.57578,6.20009],[-75.57408,6.19919],[-75.57508,6.19698]],[[-75.57478,6.19776],[-75.57511,6.19805],[-75.57507,6.19778],[-75.57478,6.19776]]],[[[-75.57827,6.27323],[-75.57677,6.27047],[-75.57979,6.27323],[-75.57479,6.27436],[-75.57827,6.27323]]],[[[-75.57715,6.1953],[-75.5756,6.19596],[-75.57723,6.1987],[-75.57714,6.20089],[-75.57712,6.19889],[-75.57665,6.19979],[-75.57545,6.196],[-75.5774,6.19479],[-75.57728,6.1975],[-75.57715,6.1953]],[[-75.57588,6.19727],[-75.57595,6.1973],[-75.57591,6.19724],[-75.57588,6.19727]]],[[[-75.57545,6.26053],[-75.57645,6.2602],[-75.57675,6.26542],[-75.57739,6.26453],[-75.57681,6.26602],[-75.57545,6.26053]]],[[[-75.57591,6.24426],[-75.57594,6.24214],[-75.57744,6.2419],[-75.5759,6.2447],[-75.57663,6.2428],[-75.57597,6.24272],[-75.57591,6.24426]]],[[[-75.57783,6.27425],[-75.57625,6.27608],[-75.57597,6.27488],[-75.57783,6.27425]],[[-75.57687,6.27465],[-75.57625,6.27598],[-75.57753,6.27447],[-75.57687,6.27465]]],[[[-75.57808,6.27664],[-75.57643,6.2768],[-75.57641,6.27651],[-75.57899,6.27381],[-75.57808,6.27664]],[[-75.57708,6.27592],[-75.57682,6.27632],[-75.57749,6.27622],[-75.57708,6.27592]],[[-75.57776,6.27519],[-75.57747,6.27582],[-75.57805,6.27553],[-75.57776,6.27519]],[[-75.57799,6.27586],[-75.57816,6.27622],[-75.5783,6.27576],[-75.57799,6.27586]],[[-75.57832,6.27456],[-75.57802,6.27515],[-75.57831,6.27512],[-75.57832,6.27456]]],[[[-75.5789,6.2594],[-75.57936,6.25948],[-75.57821,6.26244],[-75.57666,6.26014],[-75.5789,6.2594]]],[[[-75.57854,6.20448],[-75.57716,6.20956],[-75.5775,6.20451],[-75.57854,6.20448]],[[-75.57769,6.20626],[-75.57775,6.20624],[-75.57766,6.20623],[-75.57769,6.20626]],[[-75.57803,6.20534],[-75.57781,6.20513],[-75.57784,6.20544],[-75.57803,6.20534]]],[[[-75.57906,6.28879],[-75.57942,6.28911],[-75.57901,6.29046],[-75.57957,6.28926],[-75.57942,6.2906],[-75.57994,6.2896],[-75.57988,6.29061],[-75.58032,6.28995],[-75.58038,6.29088],[-75.58071,6.29031],[-75.58088,6.29107],[-75.57719,6.28993],[-75.57845,6.28822],[-75.57903,6.28876],[-75.5786,6.29032],[-75.57906,6.28879]],[[-75.57769,6.28998],[-75.57764,6.29004],[-75.57773,6.29003],[-75.57769,6.28998]],[[-75.57771,6.28991],[-75.57806,6.28921],[-75.57789,6.28923],[-75.57771,6.28991]],[[-75.57806,6.28934],[-75.57806,6.28965],[-75.57811,6.28939],[-75.57806,6.28934]],[[-75.57814,6.28997],[-75.57821,6.29018],[-75.57847,6.28934],[-75.57814,6.28997]],[[-75.57818,6.28883],[-75.57822,6.28882],[-75.57815,6.28882],[-75.57818,6.28883]],[[-75.57861,6.28852],[-75.57836,6.2889],[-75.57853,6.28903],[-75.57861,6.28852]],[[-75.57914,6.28948],[-75.57913,6.28949],[-75.57914,6.2895],[-75.57914,6.28948]],[[-75.58064,6.29055],[-75.58064,6.29062],[-75.58068,6.29058],[-75.58064,6.29055]]],[[[-75.5773,6.27014],[-75.58039,6.25945],[-75.58173,6.26131],[-75.58139,6.26979],[-75.58323,6.26637],[-75.58185,6.26147],[-75.586,6.26723],[-75.58529,6.26641],[-75.58238,6.2732],[-75.58021,6.2734],[-75.5773,6.27014]],[[-75.57734,6.2701],[-75.57769,6.27049],[-75.57786,6.27024],[-75.57734,6.2701]],[[-75.578,6.27062],[-75.57799,6.27065],[-75.57803,6.27064],[-75.578,6.27062]],[[-75.5788,6.26665],[-75.57886,6.26616],[-75.57866,6.266],[-75.5788,6.26665]]],[[[-75.57739,6.30566],[-75.57922,6.30328],[-75.57736,6.30683],[-75.57739,6.30566]]],[[[-75.58025,6.2295],[-75.58051,6.23022],[-75.58037,6.22939],[-75.58315,6.22678],[-75.58241,6.23148],[-75.57818,6.23151],[-75.58025,6.2295]],[[-75.57916,6.23144],[-75.57974,6.2312],[-75.57953,6.23056],[-75.57916,6.23144]],[[-75.57998,6.23138],[-75.58241,6.23134],[-75.58023,6.23119],[-75.57998,6.23138]],[[-75.58004,6.23073],[-75.58067,6.23091],[-75.58046,6.23063],[-75.58004,6.23073]],[[-75.58085,6.22994],[-75.58123,6.23033],[-75.58155,6.22991],[-75.58085,6.22994]],[[-75.58174,6.22956],[-75.58092,6.22921],[-75.58087,6.22959],[-75.58174,6.22956]],[[-75.5825,6.22976],[-75.58092,6.2309],[-75.5825,6.23082],[-75.5825,6.22976]],[[-75.58208,6.2292],[-75.58213,6.22852],[-75.58178,6.22874],[-75.58208,6.2292]],[[-75.58223,6.22786],[-75.582,6.22815],[-75.58243,6.22831],[-75.58223,6.22786]],[[-75.58256,6.22848],[-75.58221,6.22833],[-75.5824,6.22851],[-75.58256,6.22848]],[[-75.58261,6.22932],[-75.58269,6.22866],[-75.58241,6.22905],[-75.58261,6.22932]],[[-75.58264,6.22792],[-75.58262,6.22789],[-75.58262,6.22794],[-75.58264,6.22792]],[[-75.58274,6.22837],[-75.58287,6.2281],[-75.5827,6.22805],[-75.58274,6.22837]]],[[[-75.57825,6.18971],[-75.57861,6.18825],[-75.58002,6.18979],[-75.57906,6.19252],[-75.57837,6.19235],[-75.57825,6.18971]],[[-75.57861,6.18983],[-75.57859,6.18979],[-75.57859,6.18988],[-75.57861,6.18983]],[[-75.57994,6.18984],[-75.57913,6.18888],[-75.57861,6.19065],[-75.57994,6.18984]],[[-75.57905,6.19189],[-75.579,6.19178],[-75.57884,6.19201],[-75.57905,6.19189]],[[-75.57912,6.19099],[-75.57912,6.19089],[-75.57908,6.19093],[-75.57912,6.19099]],[[-75.57954,6.19017],[-75.57929,6.19089],[-75.57926,6.19134],[-75.57954,6.19017]]],[[[-75.57831,6.1872],[-75.57966,6.18386],[-75.58015,6.18818],[-75.5794,6.18682],[-75.57903,6.18785],[-75.58022,6.18872],[-75.58033,6.18971],[-75.57831,6.1872]],[[-75.57935,6.18669],[-75.57921,6.18671],[-75.57944,6.18671],[-75.57935,6.18669]],[[-75.57981,6.1871],[-75.57994,6.18729],[-75.57992,6.18716],[-75.57981,6.1871]],[[-75.57994,6.18744],[-75.57995,6.18759],[-75.57999,6.18752],[-75.57994,6.18744]]],[[[-75.57846,6.25401],[-75.57889,6.25301],[-75.57931,6.25204],[-75.58133,6.2547],[-75.57846,6.25401]],[[-75.57874,6.25372],[-75.57849,6.25399],[-75.57871,6.25397],[-75.57874,6.25372]],[[-75.58013,6.25341],[-75.58013,6.25349],[-75.58018,6.25343],[-75.58013,6.25341]],[[-75.58026,6.25425],[-75.58028,6.25423],[-75.58025,6.25423],[-75.58026,6.25425]]],[[[-75.57877,6.24484],[-75.57875,6.24327],[-75.57901,6.24421],[-75.58035,6.24263],[-75.57874,6.24267],[-75.5787,6.24012],[-75.58279,6.23974],[-75.58001,6.24097],[-75.58078,6.24216],[-75.57966,6.24244],[-75.58049,6.24254],[-75.57877,6.24484]],[[-75.57872,6.24065],[-75.57891,6.24083],[-75.57891,6.24049],[-75.57872,6.24065]],[[-75.57873,6.24029],[-75.57876,6.24017],[-75.57874,6.24013],[-75.57873,6.24029]],[[-75.57902,6.24026],[-75.57896,6.24027],[-75.57915,6.24027],[-75.57902,6.24026]],[[-75.57901,6.24118],[-75.579,6.24126],[-75.57905,6.24123],[-75.57901,6.24118]],[[-75.57967,6.24144],[-75.5791,6.24178],[-75.5797,6.24168],[-75.57967,6.24144]],[[-75.57919,6.24084],[-75.57958,6.24113],[-75.57968,6.2404],[-75.57919,6.24084]],[[-75.57935,6.2421],[-75.57927,6.24236],[-75.57975,6.2423],[-75.57935,6.2421]],[[-75.58024,6.24062],[-75.58068,6.2404],[-75.58007,6.24035],[-75.58024,6.24062]]],[[[-75.57925,6.27625],[-75.5808,6.27742],[-75.57883,6.2799],[-75.57925,6.27625]]],[[[-75.58176,6.27621],[-75.58571,6.28147],[-75.58251,6.27881],[-75.58519,6.28197],[-75.58171,6.27902],[-75.58081,6.28057],[-75.57962,6.28017],[-75.58129,6.27774],[-75.57893,6.27567],[-75.58076,6.27382],[-75.58279,6.27438],[-75.59089,6.27263],[-75.58981,6.27631],[-75.58634,6.28067],[-75.58887,6.27713],[-75.58176,6.27621]],[[-75.58099,6.27841],[-75.58109,6.27837],[-75.58087,6.27837],[-75.58099,6.27841]],[[-75.58111,6.27847],[-75.58116,6.27851],[-75.58114,6.27842],[-75.58111,6.27847]],[[-75.58117,6.27835],[-75.58141,6.27904],[-75.58196,6.27837],[-75.58117,6.27835]],[[-75.5814,6.27593],[-75.58143,6.27592],[-75.58141,6.27591],[-75.5814,6.27593]],[[-75.58808,6.27583],[-75.5903,6.27382],[-75.58289,6.27441],[-75.58808,6.27583]],[[-75.58313,6.27462],[-75.58766,6.27622],[-75.58802,6.27589],[-75.58313,6.27462]],[[-75.58899,6.27683],[-75.58891,6.27685],[-75.58899,6.27687],[-75.58899,6.27683]],[[-75.58912,6.27701],[-75.58912,6.27696],[-75.58908,6.27698],[-75.58912,6.27701]]],[[[-75.58544,6.20742],[-75.58188,6.21401],[-75.5849,6.2073],[-75.58018,6.20541],[-75.58544,6.20742]],[[-75.58542,6.20743],[-75.58522,6.20744],[-75.58531,6.20748],[-75.58542,6.20743]]],[[[-75.58032,6.22152],[-75.58187,6.21995],[-75.5814,6.22103],[-75.58231,6.22056],[-75.58211,6.21971],[-75.58241,6.2194],[-75.58489,6.21953],[-75.58409,6.22235],[-75.58296,6.22199],[-75.58252,6.22207],[-75.58032,6.22152]],[[-75.58095,6.22121],[-75.58118,6.22152],[-75.58139,6.2214],[-75.58095,6.22121]],[[-75.58164,6.22132],[-75.58165,6.22127],[-75.58152,6.22142],[-75.58164,6.22132]],[[-75.58171,6.22179],[-75.58223,6.22199],[-75.58191,6.22171],[-75.58171,6.22179]],[[-75.58215,6.22176],[-75.5824,6.22158],[-75.58173,6.22142],[-75.58215,6.22176]],[[-75.58197,6.22106],[-75.58186,6.22117],[-75.58212,6.22114],[-75.58197,6.22106]],[[-75.58223,6.21972],[-75.58215,6.21973],[-75.58222,6.21984],[-75.58223,6.21972]],[[-75.5825,6.22101],[-75.58221,6.22096],[-75.58221,6.22103],[-75.5825,6.22101]],[[-75.58252,6.22088],[-75.58232,6.22081],[-75.58234,6.22094],[-75.58252,6.22088]],[[-75.58239,6.22127],[-75.58253,6.22138],[-75.58256,6.2212],[-75.58239,6.22127]],[[-75.58243,6.22016],[-75.58253,6.22027],[-75.58262,6.22015],[-75.58243,6.22016]],[[-75.58274,6.22007],[-75.58262,6.22003],[-75.58258,6.22005],[-75.58274,6.22007]],[[-75.58279,6.2206],[-75.58274,6.22055],[-75.58273,6.22065],[-75.58279,6.2206]],[[-75.58339,6.2201],[-75.58274,6.22148],[-75.58361,6.2213],[-75.58339,6.2201]],[[-75.58293,6.22047],[-75.58288,6.22044],[-75.58284,6.22047],[-75.58293,6.22047]],[[-75.58312,6.22189],[-75.58329,6.22174],[-75.58296,6.22167],[-75.58312,6.22189]],[[-75.58301,6.22028],[-75.583,6.22038],[-75.58306,6.22033],[-75.58301,6.22028]],[[-75.58337,6.2219],[-75.58342,6.22162],[-75.58327,6.22182],[-75.58337,6.2219]],[[-75.58351,6.22179],[-75.58404,6.22205],[-75.58407,6.22187],[-75.58351,6.22179]],[[-75.58358,6.22062],[-75.58357,6.22043],[-75.58355,6.22046],[-75.58358,6.22062]],[[-75.58464,6.22028],[-75.58375,6.22118],[-75.58423,6.22159],[-75.58464,6.22028]],[[-75.5838,6.22022],[-75.58382,6.22004],[-75.58376,6.22017],[-75.5838,6.22022]]],[[[-75.58215,6.2225],[-75.58168,6.2237],[-75.58048,6.22189],[-75.58215,6.2225]],[[-75.58196,6.22285],[-75.58126,6.22268],[-75.58183,6.22298],[-75.58196,6.22285]],[[-75.58139,6.22249],[-75.58136,6.2225],[-75.58157,6.22263],[-75.58139,6.22249]]],[[[-75.58105,6.25717],[-75.58274,6.25913],[-75.58076,6.25832],[-75.58105,6.25717]]],[[[-75.58081,6.20131],[-75.58157,6.20061],[-75.58099,6.20035],[-75.58194,6.20076],[-75.58236,6.20111],[-75.58317,6.20133],[-75.58231,6.20132],[-75.58319,6.20181],[-75.58272,6.20294],[-75.58081,6.20131]],[[-75.58263,6.20157],[-75.5822,6.20135],[-75.58227,6.20184],[-75.58263,6.20157]]],[[[-75.58232,6.18991],[-75.58104,6.19284],[-75.58127,6.19034],[-75.58232,6.18991]],[[-75.58181,6.19081],[-75.58183,6.19074],[-75.58168,6.19076],[-75.58181,6.19081]]],[[[-75.58108,6.29157],[-75.58239,6.29194],[-75.5816,6.29411],[-75.58108,6.29157]],[[-75.58159,6.29176],[-75.58127,6.29222],[-75.58131,6.29264],[-75.58159,6.29176]],[[-75.58165,6.29264],[-75.58215,6.29191],[-75.5818,6.29193],[-75.58165,6.29264]],[[-75.58199,6.29233],[-75.58199,6.29238],[-75.582,6.29234],[-75.58199,6.29233]]],[[[-75.58289,6.22497],[-75.58307,6.22648],[-75.58126,6.22661],[-75.58213,6.22571],[-75.5825,6.22647],[-75.58276,6.22509],[-75.58268,6.22625],[-75.58289,6.22497]]],[[[-75.58474,6.19858],[-75.58473,6.19861],[-75.58162,6.19798],[-75.58474,6.19858]]],[[[-75.5842,6.20071],[-75.5835,6.19998],[-75.58473,6.19861],[-75.5842,6.20071]]],[[[-75.58171,6.18787],[-75.58298,6.18846],[-75.58207,6.18939],[-75.58171,6.18787]]],[[[-75.58411,6.21275],[-75.58454,6.21261],[-75.58543,6.21592],[-75.58244,6.21454],[-75.58426,6.21157],[-75.58411,6.21275]],[[-75.58452,6.21348],[-75.58343,6.21397],[-75.5846,6.21495],[-75.58452,6.21348]],[[-75.58368,6.21256],[-75.58365,6.21263],[-75.58374,6.21261],[-75.58368,6.21256]]],[[[-75.58521,6.20576],[-75.58504,6.20602],[-75.58252,6.20507],[-75.58308,6.20408],[-75.58521,6.20576]],[[-75.58301,6.20507],[-75.58348,6.20524],[-75.58335,6.20492],[-75.58301,6.20507]],[[-75.58369,6.20534],[-75.58411,6.20554],[-75.58404,6.2052],[-75.58369,6.20534]],[[-75.5839,6.20496],[-75.58387,6.20501],[-75.58393,6.20501],[-75.5839,6.20496]],[[-75.58436,6.20559],[-75.5848,6.2058],[-75.58473,6.20547],[-75.58436,6.20559]]],[[[-75.58286,6.23347],[-75.58554,6.23317],[-75.58333,6.2392],[-75.58286,6.23347]],[[-75.58364,6.23475],[-75.58366,6.23423],[-75.58348,6.23438],[-75.58364,6.23475]],[[-75.58363,6.23396],[-75.58372,6.23359],[-75.58349,6.23367],[-75.58363,6.23396]],[[-75.58363,6.23542],[-75.58368,6.23505],[-75.58351,6.23515],[-75.58363,6.23542]],[[-75.58363,6.23609],[-75.58373,6.23576],[-75.58355,6.2358],[-75.58363,6.23609]],[[-75.58416,6.23392],[-75.58442,6.23388],[-75.5841,6.23387],[-75.58416,6.23392]],[[-75.58413,6.23471],[-75.58424,6.23428],[-75.5841,6.23431],[-75.58413,6.23471]],[[-75.58414,6.23519],[-75.58415,6.23513],[-75.58414,6.2351],[-75.58414,6.23519]],[[-75.5844,6.23348],[-75.58445,6.23348],[-75.5844,6.23347],[-75.5844,6.23348]]],[[[-75.58287,6.23311],[-75.58306,6.23204],[-75.58548,6.23198],[-75.58287,6.23311]]],[[[-75.58617,6.23103],[-75.58303,6.23142],[-75.58357,6.22794],[-75.58373,6.22765],[-75.58617,6.23103]],[[-75.58468,6.23073],[-75.58416,6.22959],[-75.58331,6.2312],[-75.58468,6.23073]],[[-75.58344,6.22958],[-75.58344,6.22951],[-75.58343,6.22954],[-75.58344,6.22958]],[[-75.58359,6.22876],[-75.58356,6.22869],[-75.5835,6.22874],[-75.58359,6.22876]],[[-75.58354,6.22939],[-75.58358,6.22957],[-75.58372,6.22937],[-75.58354,6.22939]],[[-75.584,6.22917],[-75.58389,6.22899],[-75.58367,6.22915],[-75.584,6.22917]],[[-75.58375,6.22819],[-75.58371,6.22815],[-75.58371,6.22824],[-75.58375,6.22819]],[[-75.58402,6.22878],[-75.58415,6.22853],[-75.58378,6.2285],[-75.58402,6.22878]]],[[[-75.58309,6.25951],[-75.58352,6.25842],[-75.58448,6.26076],[-75.58309,6.25951]]],[[[-75.5831,6.2187],[-75.58411,6.21795],[-75.58392,6.21655],[-75.58551,6.21736],[-75.58492,6.21945],[-75.5831,6.2187]],[[-75.58533,6.21792],[-75.58463,6.21739],[-75.5846,6.21804],[-75.58533,6.21792]]],[[[-75.58351,6.29684],[-75.58534,6.29353],[-75.58575,6.29589],[-75.58505,6.29608],[-75.58581,6.29624],[-75.58529,6.29654],[-75.58488,6.29679],[-75.58351,6.29684]],[[-75.58525,6.29647],[-75.58518,6.29653],[-75.58529,6.29654],[-75.58525,6.29647]]],[[[-75.58558,6.28272],[-75.58624,6.28379],[-75.58435,6.28394],[-75.58558,6.28272]],[[-75.58577,6.28309],[-75.58547,6.2834],[-75.58579,6.28331],[-75.58577,6.28309]]],[[[-75.58443,6.29247],[-75.58441,6.2925],[-75.58492,6.29025],[-75.58626,6.28994],[-75.58443,6.29247]],[[-75.58481,6.29158],[-75.58508,6.29022],[-75.58443,6.29247],[-75.58481,6.29158]],[[-75.58537,6.29063],[-75.58538,6.29036],[-75.58527,6.29049],[-75.58537,6.29063]]],[[[-75.58441,6.21139],[-75.58557,6.20946],[-75.58608,6.21228],[-75.58441,6.21139]],[[-75.58453,6.21137],[-75.58448,6.21134],[-75.58448,6.2114],[-75.58453,6.21137]],[[-75.58497,6.21138],[-75.58502,6.21168],[-75.58519,6.2112],[-75.58497,6.21138]],[[-75.58523,6.21108],[-75.58532,6.21117],[-75.58527,6.21094],[-75.58523,6.21108]],[[-75.58542,6.2118],[-75.58542,6.21159],[-75.58535,6.21168],[-75.58542,6.2118]],[[-75.5854,6.21069],[-75.58541,6.21071],[-75.58542,6.21068],[-75.5854,6.21069]],[[-75.58555,6.21154],[-75.58556,6.21133],[-75.58549,6.21142],[-75.58555,6.21154]],[[-75.58569,6.21126],[-75.58571,6.21123],[-75.58566,6.21124],[-75.58569,6.21126]],[[-75.58567,6.21082],[-75.58568,6.21084],[-75.58569,6.21082],[-75.58567,6.21082]]],[[[-75.58469,6.22242],[-75.58584,6.21945],[-75.58558,6.2229],[-75.58469,6.22242]],[[-75.58492,6.22215],[-75.58498,6.2221],[-75.58493,6.22205],[-75.58492,6.22215]],[[-75.58518,6.22231],[-75.58518,6.22238],[-75.58519,6.22235],[-75.58518,6.22231]],[[-75.58531,6.22175],[-75.58528,6.22184],[-75.58532,6.22196],[-75.58531,6.22175]],[[-75.58545,6.22122],[-75.58545,6.22143],[-75.58549,6.2213],[-75.58545,6.22122]],[[-75.58559,6.22154],[-75.58558,6.22154],[-75.58558,6.22156],[-75.58559,6.22154]],[[-75.58558,6.22084],[-75.58558,6.22091],[-75.58562,6.22087],[-75.58558,6.22084]]],[[[-75.58479,6.26177],[-75.58694,6.26485],[-75.58488,6.26291],[-75.58479,6.26177]]],[[[-75.58505,6.28984],[-75.58555,6.28754],[-75.58661,6.28846],[-75.58557,6.28747],[-75.58609,6.28717],[-75.58573,6.28674],[-75.58578,6.28653],[-75.5861,6.28507],[-75.58645,6.28528],[-75.58639,6.28425],[-75.58823,6.28784],[-75.58768,6.28736],[-75.58685,6.28876],[-75.58528,6.28891],[-75.58616,6.28922],[-75.58505,6.28984]],[[-75.58583,6.28671],[-75.58598,6.28661],[-75.58578,6.28653],[-75.58583,6.28671]],[[-75.58561,6.28927],[-75.58569,6.28915],[-75.58559,6.28917],[-75.58561,6.28927]],[[-75.58564,6.28792],[-75.58564,6.28802],[-75.58566,6.28798],[-75.58564,6.28792]],[[-75.58577,6.288],[-75.58581,6.28798],[-75.58578,6.28794],[-75.58577,6.288]],[[-75.58591,6.28634],[-75.58589,6.28649],[-75.58661,6.28691],[-75.58591,6.28634]],[[-75.58615,6.28721],[-75.58598,6.28733],[-75.58633,6.28762],[-75.58615,6.28721]],[[-75.58621,6.28644],[-75.58634,6.28633],[-75.58601,6.28616],[-75.58621,6.28644]],[[-75.5861,6.28666],[-75.58603,6.28684],[-75.58661,6.28721],[-75.5861,6.28666]],[[-75.58606,6.28817],[-75.58606,6.28827],[-75.58612,6.28824],[-75.58606,6.28817]],[[-75.58653,6.28642],[-75.58639,6.28651],[-75.58675,6.28681],[-75.58653,6.28642]],[[-75.58644,6.28765],[-75.58641,6.28771],[-75.58644,6.28778],[-75.58644,6.28765]],[[-75.58646,6.2879],[-75.58644,6.28798],[-75.58649,6.28798],[-75.58646,6.2879]],[[-75.58659,6.28753],[-75.58687,6.28802],[-75.58694,6.28783],[-75.58659,6.28753]],[[-75.58659,6.28743],[-75.58689,6.2877],[-75.5868,6.28757],[-75.58659,6.28743]],[[-75.58686,6.28724],[-75.58676,6.28741],[-75.58701,6.28764],[-75.58686,6.28724]],[[-75.58718,6.28713],[-75.58729,6.28699],[-75.58707,6.28701],[-75.58718,6.28713]],[[-75.58726,6.2874],[-75.58713,6.28757],[-75.58726,6.28771],[-75.58726,6.2874]]],[[[-75.58587,6.26748],[-75.58762,6.26947],[-75.5891,6.2681],[-75.58933,6.26944],[-75.59076,6.2702],[-75.58823,6.27032],[-75.58942,6.27078],[-75.58959,6.27129],[-75.58965,6.27145],[-75.5885,6.2707],[-75.5898,6.2725],[-75.58895,6.27258],[-75.58587,6.26748]],[[-75.58953,6.27123],[-75.58952,6.27132],[-75.58959,6.27129],[-75.58953,6.27123]],[[-75.58786,6.26981],[-75.58813,6.27018],[-75.58844,6.26989],[-75.58786,6.26981]]],[[[-75.61396,6.27739],[-75.60471,6.27896],[-75.60528,6.27911],[-75.60421,6.28153],[-75.60493,6.28104],[-75.60666,6.28297],[-75.6034,6.28334],[-75.60254,6.28265],[-75.60346,6.27996],[-75.59941,6.27985],[-75.59983,6.27952],[-75.59829,6.27791],[-75.5978,6.28185],[-75.60343,6.28594],[-75.59775,6.28188],[-75.59826,6.27788],[-75.59681,6.27828],[-75.59704,6.27662],[-75.59477,6.27809],[-75.59624,6.27871],[-75.59334,6.2809],[-75.59564,6.27949],[-75.59512,6.28123],[-75.60001,6.28821],[-75.59346,6.28085],[-75.59483,6.28633],[-75.59431,6.28824],[-75.59511,6.28742],[-75.59585,6.29041],[-75.59541,6.29085],[-75.59541,6.28993],[-75.59465,6.29161],[-75.59221,6.28902],[-75.59452,6.29173],[-75.59355,6.2927],[-75.59243,6.2915],[-75.59354,6.29296],[-75.59628,6.2921],[-75.5968,6.29418],[-75.59531,6.29473],[-75.59505,6.29389],[-75.59518,6.29478],[-75.5927,6.2957],[-75.58591,6.29251],[-75.58845,6.28791],[-75.58945,6.28839],[-75.58636,6.29209],[-75.58892,6.29279],[-75.58971,6.28808],[-75.58878,6.28757],[-75.59173,6.28419],[-75.59122,6.28542],[-75.59177,6.28673],[-75.59152,6.28804],[-75.59101,6.28641],[-75.58913,6.28756],[-75.59189,6.2892],[-75.59167,6.28849],[-75.59472,6.29027],[-75.59205,6.28847],[-75.59269,6.28172],[-75.59162,6.28081],[-75.59195,6.28218],[-75.58773,6.28004],[-75.59062,6.27717],[-75.59191,6.27915],[-75.59183,6.27864],[-75.59319,6.28064],[-75.5937,6.2799],[-75.59181,6.27855],[-75.59147,6.27642],[-75.59006,6.2769],[-75.59143,6.27616],[-75.5911,6.27411],[-75.59393,6.27387],[-75.59433,6.27517],[-75.59403,6.27386],[-75.59521,6.27376],[-75.59543,6.27403],[-75.59552,6.27203],[-75.59763,6.27285],[-75.59698,6.27153],[-75.59836,6.27145],[-75.59787,6.27294],[-75.60101,6.27416],[-75.60047,6.27358],[-75.60367,6.27492],[-75.60342,6.2751],[-75.60579,6.27602],[-75.6049,6.27629],[-75.59639,6.27518],[-75.5998,6.27944],[-75.60157,6.27813],[-75.60402,6.27878],[-75.61303,6.27736],[-75.61043,6.27702],[-75.61396,6.27739]],[[-75.58639,6.29231],[-75.58634,6.29226],[-75.58634,6.29236],[-75.58639,6.29231]],[[-75.58966,6.29151],[-75.58849,6.29368],[-75.58995,6.29184],[-75.59096,6.29299],[-75.59036,6.29131],[-75.59116,6.29013],[-75.58966,6.29151]],[[-75.5889,6.29389],[-75.5892,6.29329],[-75.58871,6.29353],[-75.5889,6.29389]],[[-75.58925,6.29299],[-75.58932,6.29306],[-75.58931,6.29292],[-75.58925,6.29299]],[[-75.58948,6.29098],[-75.58945,6.29092],[-75.58937,6.29097],[-75.58948,6.29098]],[[-75.5894,6.29308],[-75.5895,6.29318],[-75.58952,6.29309],[-75.5894,6.29308]],[[-75.58958,6.29029],[-75.58946,6.29021],[-75.58941,6.29028],[-75.58958,6.29029]],[[-75.58952,6.29078],[-75.58944,6.29054],[-75.58944,6.29084],[-75.58952,6.29078]],[[-75.58947,6.2934],[-75.58945,6.29338],[-75.58945,6.29342],[-75.58947,6.2934]],[[-75.58969,6.29291],[-75.58965,6.29262],[-75.5895,6.29275],[-75.58969,6.29291]],[[-75.58961,6.29054],[-75.58958,6.29052],[-75.58958,6.29057],[-75.58961,6.29054]],[[-75.58966,6.29334],[-75.59014,6.29382],[-75.59015,6.29345],[-75.58966,6.29334]],[[-75.58973,6.29312],[-75.58972,6.29311],[-75.58972,6.29313],[-75.58973,6.29312]],[[-75.58986,6.2787],[-75.59091,6.28135],[-75.59098,6.27959],[-75.59282,6.28147],[-75.59098,6.27942],[-75.59104,6.27796],[-75.58986,6.2787]],[[-75.58987,6.29238],[-75.59025,6.29305],[-75.59074,6.29324],[-75.58987,6.29238]],[[-75.59031,6.29343],[-75.59039,6.29332],[-75.5902,6.29323],[-75.59031,6.29343]],[[-75.5904,6.29368],[-75.59027,6.2935],[-75.59026,6.29355],[-75.5904,6.29368]],[[-75.5908,6.29469],[-75.59112,6.2944],[-75.5903,6.29392],[-75.5908,6.29469]],[[-75.59038,6.28594],[-75.59038,6.28589],[-75.59037,6.28592],[-75.59038,6.28594]],[[-75.59043,6.29448],[-75.59041,6.29442],[-75.5904,6.29448],[-75.59043,6.29448]],[[-75.59135,6.29439],[-75.59114,6.29348],[-75.59057,6.29363],[-75.59135,6.29439]],[[-75.59145,6.29266],[-75.59134,6.29075],[-75.59057,6.29117],[-75.59145,6.29266]],[[-75.59103,6.28623],[-75.59093,6.28587],[-75.59092,6.28642],[-75.59103,6.28623]],[[-75.59138,6.29333],[-75.59112,6.293],[-75.59107,6.29325],[-75.59138,6.29333]],[[-75.59123,6.28637],[-75.59119,6.28631],[-75.59119,6.28663],[-75.59123,6.28637]],[[-75.59121,6.27439],[-75.59135,6.27448],[-75.59151,6.2744],[-75.59121,6.27439]],[[-75.59129,6.28037],[-75.5913,6.28038],[-75.59131,6.28036],[-75.59129,6.28037]],[[-75.59153,6.29335],[-75.59142,6.29334],[-75.59152,6.29346],[-75.59153,6.29335]],[[-75.5923,6.29373],[-75.59305,6.29259],[-75.59144,6.29284],[-75.5923,6.29373]],[[-75.59191,6.29353],[-75.59148,6.29309],[-75.59155,6.29333],[-75.59191,6.29353]],[[-75.5916,6.29072],[-75.5921,6.29114],[-75.5915,6.2905],[-75.5916,6.29072]],[[-75.59205,6.29397],[-75.59156,6.29347],[-75.59174,6.29396],[-75.59205,6.29397]],[[-75.59274,6.29168],[-75.59165,6.29046],[-75.59227,6.29128],[-75.59274,6.29168]],[[-75.59184,6.29478],[-75.59217,6.2948],[-75.59171,6.29441],[-75.59184,6.29478]],[[-75.59189,6.29421],[-75.59189,6.29419],[-75.59188,6.2942],[-75.59189,6.29421]],[[-75.59205,6.27685],[-75.59199,6.27682],[-75.59198,6.27688],[-75.59205,6.27685]],[[-75.59205,6.27724],[-75.59199,6.27719],[-75.59199,6.27728],[-75.59205,6.27724]],[[-75.59239,6.29454],[-75.59228,6.2941],[-75.59202,6.2942],[-75.59239,6.29454]],[[-75.59203,6.2778],[-75.5944,6.278],[-75.59521,6.27516],[-75.59299,6.27599],[-75.59203,6.2778]],[[-75.59206,6.29446],[-75.59203,6.29443],[-75.59203,6.29448],[-75.59206,6.29446]],[[-75.59207,6.28843],[-75.59248,6.28844],[-75.5925,6.28801],[-75.59207,6.28843]],[[-75.59216,6.27671],[-75.59212,6.27669],[-75.5921,6.27671],[-75.59216,6.27671]],[[-75.5923,6.27942],[-75.59226,6.27939],[-75.59222,6.27942],[-75.5923,6.27942]],[[-75.59243,6.27644],[-75.59238,6.27643],[-75.59233,6.27644],[-75.59243,6.27644]],[[-75.59238,6.2799],[-75.59238,6.27978],[-75.59234,6.27983],[-75.59238,6.2799]],[[-75.59264,6.29542],[-75.59239,6.29542],[-75.59252,6.2955],[-75.59264,6.29542]],[[-75.59257,6.29421],[-75.59244,6.29398],[-75.59241,6.29407],[-75.59257,6.29421]],[[-75.59245,6.29501],[-75.59244,6.295],[-75.59244,6.29502],[-75.59245,6.29501]],[[-75.59281,6.29436],[-75.59271,6.29364],[-75.59246,6.29388],[-75.59281,6.29436]],[[-75.59247,6.28629],[-75.59298,6.28656],[-75.59297,6.28625],[-75.59247,6.28629]],[[-75.59256,6.29495],[-75.59257,6.29479],[-75.59249,6.29487],[-75.59256,6.29495]],[[-75.5926,6.27995],[-75.59265,6.27999],[-75.59265,6.27991],[-75.5926,6.27995]],[[-75.59264,6.28261],[-75.59262,6.28271],[-75.59273,6.28263],[-75.59264,6.28261]],[[-75.59263,6.28574],[-75.59321,6.28621],[-75.59326,6.28585],[-75.59263,6.28574]],[[-75.59281,6.28474],[-75.59279,6.28468],[-75.59267,6.28471],[-75.59281,6.28474]],[[-75.5928,6.2826],[-75.5928,6.28237],[-75.59271,6.28244],[-75.5928,6.2826]],[[-75.59276,6.28891],[-75.59324,6.28881],[-75.59309,6.28844],[-75.59276,6.28891]],[[-75.59287,6.28791],[-75.59276,6.28801],[-75.59287,6.28802],[-75.59287,6.28791]],[[-75.59288,6.2828],[-75.59279,6.28274],[-75.59282,6.28287],[-75.59288,6.2828]],[[-75.59306,6.29447],[-75.59279,6.29455],[-75.59298,6.29495],[-75.59306,6.29447]],[[-75.59283,6.28734],[-75.59288,6.28772],[-75.59333,6.28776],[-75.59283,6.28734]],[[-75.5931,6.28517],[-75.59328,6.28502],[-75.59289,6.28497],[-75.5931,6.28517]],[[-75.59311,6.29411],[-75.59373,6.29293],[-75.59289,6.2935],[-75.59311,6.29411]],[[-75.5931,6.28809],[-75.59298,6.28805],[-75.59291,6.28812],[-75.5931,6.28809]],[[-75.59301,6.28333],[-75.59293,6.28327],[-75.59296,6.28341],[-75.59301,6.28333]],[[-75.59309,6.28436],[-75.59306,6.28426],[-75.59294,6.28434],[-75.59309,6.28436]],[[-75.593,6.29541],[-75.59296,6.29547],[-75.59305,6.29537],[-75.593,6.29541]],[[-75.59308,6.28784],[-75.59308,6.28782],[-75.59306,6.28783],[-75.59308,6.28784]],[[-75.59356,6.28731],[-75.59307,6.28705],[-75.59333,6.28746],[-75.59356,6.28731]],[[-75.59313,6.29474],[-75.59312,6.2947],[-75.59312,6.29477],[-75.59313,6.29474]],[[-75.59324,6.27848],[-75.5932,6.27844],[-75.5932,6.27853],[-75.59324,6.27848]],[[-75.59325,6.28403],[-75.59323,6.28399],[-75.59321,6.28406],[-75.59325,6.28403]],[[-75.59326,6.29501],[-75.59324,6.29499],[-75.59322,6.29501],[-75.59326,6.29501]],[[-75.59325,6.28561],[-75.59335,6.28574],[-75.59336,6.28546],[-75.59325,6.28561]],[[-75.59326,6.28913],[-75.59371,6.28907],[-75.59355,6.2888],[-75.59326,6.28913]],[[-75.59331,6.28671],[-75.59379,6.28703],[-75.59366,6.28667],[-75.59331,6.28671]],[[-75.59343,6.28307],[-75.59334,6.283],[-75.59336,6.28316],[-75.59343,6.28307]],[[-75.59346,6.27851],[-75.59348,6.27839],[-75.59341,6.27844],[-75.59346,6.27851]],[[-75.59389,6.28514],[-75.59398,6.28491],[-75.59344,6.28511],[-75.59389,6.28514]],[[-75.59381,6.28549],[-75.59465,6.28597],[-75.59418,6.28425],[-75.59398,6.28491],[-75.59381,6.28549]],[[-75.59374,6.27469],[-75.59346,6.27435],[-75.59346,6.2744],[-75.59374,6.27469]],[[-75.59363,6.27533],[-75.59347,6.27519],[-75.59373,6.27552],[-75.59363,6.27533]],[[-75.59348,6.27819],[-75.59347,6.27819],[-75.59347,6.2782],[-75.59348,6.27819]],[[-75.59348,6.28398],[-75.59349,6.28407],[-75.59353,6.28402],[-75.59348,6.28398]],[[-75.59407,6.2882],[-75.59349,6.28804],[-75.59395,6.28865],[-75.59407,6.2882]],[[-75.59375,6.27833],[-75.59354,6.27829],[-75.59359,6.27838],[-75.59375,6.27833]],[[-75.59382,6.28877],[-75.59368,6.28874],[-75.59358,6.28877],[-75.59382,6.28877]],[[-75.59363,6.29256],[-75.59365,6.29259],[-75.59367,6.29255],[-75.59363,6.29256]],[[-75.59384,6.29148],[-75.59364,6.29135],[-75.59375,6.29148],[-75.59384,6.29148]],[[-75.5937,6.28946],[-75.59415,6.28935],[-75.59393,6.28907],[-75.5937,6.28946]],[[-75.5938,6.28417],[-75.59376,6.28416],[-75.59371,6.28417],[-75.5938,6.28417]],[[-75.59372,6.29056],[-75.59428,6.2903],[-75.59403,6.29006],[-75.59372,6.29056]],[[-75.59377,6.28398],[-75.59375,6.28407],[-75.59382,6.28403],[-75.59377,6.28398]],[[-75.59379,6.28746],[-75.59382,6.28767],[-75.59397,6.28755],[-75.59379,6.28746]],[[-75.59411,6.28408],[-75.59402,6.28373],[-75.59389,6.28376],[-75.59411,6.28408]],[[-75.59437,6.28624],[-75.59397,6.28595],[-75.59401,6.28627],[-75.59437,6.28624]],[[-75.59407,6.28904],[-75.59404,6.28898],[-75.59401,6.28904],[-75.59407,6.28904]],[[-75.59403,6.28798],[-75.59403,6.28794],[-75.59401,6.28796],[-75.59403,6.28798]],[[-75.59403,6.27841],[-75.59404,6.2784],[-75.59403,6.27839],[-75.59403,6.27841]],[[-75.59421,6.28776],[-75.59406,6.28789],[-75.59433,6.28809],[-75.59421,6.28776]],[[-75.59487,6.27941],[-75.59424,6.27865],[-75.59408,6.27976],[-75.59487,6.27941]],[[-75.59443,6.28898],[-75.59465,6.28861],[-75.59408,6.28875],[-75.59443,6.28898]],[[-75.59443,6.28605],[-75.59416,6.28577],[-75.5941,6.28595],[-75.59443,6.28605]],[[-75.59451,6.28733],[-75.59411,6.28703],[-75.59414,6.28735],[-75.59451,6.28733]],[[-75.59418,6.28655],[-75.59417,6.28665],[-75.59423,6.28661],[-75.59418,6.28655]],[[-75.59423,6.28962],[-75.5944,6.28995],[-75.59458,6.28934],[-75.59423,6.28962]],[[-75.5943,6.27535],[-75.59428,6.27533],[-75.59425,6.27535],[-75.5943,6.27535]],[[-75.59432,6.28666],[-75.5943,6.28681],[-75.59439,6.28674],[-75.59432,6.28666]],[[-75.59477,6.29055],[-75.59452,6.2903],[-75.59431,6.29099],[-75.59477,6.29055]],[[-75.59468,6.29366],[-75.59433,6.29316],[-75.59455,6.29389],[-75.59468,6.29366]],[[-75.5946,6.28688],[-75.59439,6.28681],[-75.59443,6.28695],[-75.5946,6.28688]],[[-75.59445,6.29123],[-75.59445,6.29103],[-75.59439,6.29116],[-75.59445,6.29123]],[[-75.59442,6.27409],[-75.5944,6.27398],[-75.59441,6.27413],[-75.59442,6.27409]],[[-75.59494,6.27458],[-75.59511,6.27378],[-75.59445,6.27387],[-75.59494,6.27458]],[[-75.59461,6.28196],[-75.59453,6.28196],[-75.59457,6.28207],[-75.59461,6.28196]],[[-75.59472,6.2885],[-75.59459,6.28835],[-75.59453,6.28841],[-75.59472,6.2885]],[[-75.59505,6.28824],[-75.59458,6.28813],[-75.59484,6.28841],[-75.59505,6.28824]],[[-75.59505,6.28887],[-75.59461,6.28907],[-75.59484,6.28928],[-75.59505,6.28887]],[[-75.59486,6.29031],[-75.595,6.28964],[-75.59462,6.29002],[-75.59486,6.29031]],[[-75.59495,6.29311],[-75.59463,6.29315],[-75.59502,6.29382],[-75.59495,6.29311]],[[-75.59481,6.2788],[-75.59501,6.2793],[-75.59516,6.27912],[-75.59481,6.2788]],[[-75.595,6.2945],[-75.59499,6.29431],[-75.59492,6.29438],[-75.595,6.2945]],[[-75.595,6.27932],[-75.59498,6.27931],[-75.59499,6.27933],[-75.595,6.27932]],[[-75.59528,6.28967],[-75.5954,6.28896],[-75.59506,6.28943],[-75.59528,6.28967]],[[-75.59509,6.27461],[-75.59508,6.27462],[-75.59508,6.27466],[-75.59509,6.27461]],[[-75.59583,6.27858],[-75.59509,6.27878],[-75.59549,6.27903],[-75.59583,6.27858]],[[-75.59511,6.28145],[-75.59511,6.28143],[-75.5951,6.28144],[-75.59511,6.28145]],[[-75.59528,6.28985],[-75.59527,6.28984],[-75.59513,6.29002],[-75.59528,6.28985]],[[-75.59532,6.29419],[-75.59529,6.29415],[-75.59528,6.29418],[-75.59532,6.29419]],[[-75.59581,6.27318],[-75.59574,6.27315],[-75.59558,6.27317],[-75.59581,6.27318]],[[-75.59561,6.27341],[-75.59588,6.27361],[-75.59688,6.27371],[-75.59561,6.27341]],[[-75.59594,6.27292],[-75.59575,6.27273],[-75.59572,6.27279],[-75.59594,6.27292]],[[-75.59579,6.28257],[-75.59579,6.28245],[-75.59577,6.28252],[-75.59579,6.28257]],[[-75.59667,6.27434],[-75.59605,6.27392],[-75.59597,6.27467],[-75.59667,6.27434]],[[-75.59607,6.28359],[-75.59606,6.28352],[-75.59606,6.28362],[-75.59607,6.28359]],[[-75.59616,6.27305],[-75.59616,6.27303],[-75.59615,6.27304],[-75.59616,6.27305]],[[-75.5963,6.27405],[-75.59631,6.27391],[-75.59624,6.27398],[-75.5963,6.27405]],[[-75.59667,6.27281],[-75.59665,6.2728],[-75.59629,6.27272],[-75.59667,6.27281]],[[-75.59644,6.27318],[-75.59643,6.27317],[-75.5964,6.27317],[-75.59644,6.27318]],[[-75.59653,6.29405],[-75.5965,6.29404],[-75.59649,6.29405],[-75.59653,6.29405]],[[-75.59662,6.28417],[-75.5966,6.28414],[-75.5966,6.28421],[-75.59662,6.28417]],[[-75.59684,6.27344],[-75.5967,6.2733],[-75.59669,6.27332],[-75.59684,6.27344]],[[-75.59672,6.27405],[-75.5967,6.27418],[-75.59678,6.27412],[-75.59672,6.27405]],[[-75.59685,6.27426],[-75.59684,6.27424],[-75.59683,6.27425],[-75.59685,6.27426]],[[-75.5985,6.27426],[-75.59711,6.27356],[-75.59778,6.27412],[-75.5985,6.27426]],[[-75.59848,6.27456],[-75.59848,6.27451],[-75.59844,6.27454],[-75.59848,6.27456]],[[-75.5986,6.27472],[-75.59861,6.27462],[-75.59855,6.27466],[-75.5986,6.27472]],[[-75.5988,6.27388],[-75.59887,6.27395],[-75.59886,6.27392],[-75.5988,6.27388]],[[-75.59915,6.27485],[-75.59915,6.27478],[-75.59912,6.2748],[-75.59915,6.27485]],[[-75.60044,6.27532],[-75.59971,6.2751],[-75.59955,6.27519],[-75.60044,6.27532]],[[-75.60081,6.27534],[-75.60074,6.27532],[-75.60059,6.27533],[-75.60081,6.27534]],[[-75.60187,6.27833],[-75.60187,6.27831],[-75.60186,6.27831],[-75.60187,6.27833]],[[-75.60195,6.27859],[-75.60256,6.27901],[-75.60331,6.27889],[-75.60195,6.27859]],[[-75.6044,6.27913],[-75.60294,6.27926],[-75.60458,6.28037],[-75.6044,6.27913]],[[-75.60336,6.27486],[-75.60311,6.27498],[-75.60335,6.27507],[-75.60336,6.27486]],[[-75.6035,6.276],[-75.60338,6.27598],[-75.60332,6.276],[-75.6035,6.276]]],[[[-75.58719,6.21326],[-75.58683,6.22063],[-75.58613,6.21809],[-75.58719,6.21326]]],[[[-75.58782,6.19739],[-75.5882,6.19951],[-75.58698,6.19951],[-75.58782,6.19739]],[[-75.58766,6.19885],[-75.58776,6.19865],[-75.58761,6.19869],[-75.58766,6.19885]]],[[[-75.59071,6.25748],[-75.59154,6.25558],[-75.59205,6.25603],[-75.58994,6.25982],[-75.5871,6.25798],[-75.58974,6.25396],[-75.59071,6.25748]],[[-75.59097,6.2576],[-75.59097,6.25753],[-75.59096,6.25757],[-75.59097,6.2576]]],[[[-75.58863,6.28534],[-75.5881,6.28468],[-75.58778,6.28194],[-75.5876,6.28041],[-75.5914,6.28375],[-75.59008,6.2854],[-75.58869,6.28428],[-75.5897,6.28587],[-75.5888,6.28567],[-75.58927,6.28641],[-75.58817,6.28516],[-75.58863,6.28534]],[[-75.58785,6.28223],[-75.58797,6.28213],[-75.58778,6.28194],[-75.58785,6.28223]],[[-75.58792,6.28187],[-75.5879,6.28188],[-75.58792,6.2819],[-75.58792,6.28187]],[[-75.58844,6.28319],[-75.58861,6.28306],[-75.58803,6.28235],[-75.58844,6.28319]],[[-75.58806,6.28211],[-75.58806,6.28216],[-75.58807,6.28214],[-75.58806,6.28211]],[[-75.58888,6.28332],[-75.58807,6.28326],[-75.58833,6.28406],[-75.58888,6.28332]],[[-75.5882,6.28308],[-75.58816,6.28309],[-75.58822,6.2831],[-75.5882,6.28308]],[[-75.5882,6.28238],[-75.5882,6.28242],[-75.58821,6.28241],[-75.5882,6.28238]],[[-75.58827,6.28195],[-75.58889,6.28296],[-75.58862,6.28174],[-75.58827,6.28195]],[[-75.58832,6.28454],[-75.58828,6.28462],[-75.58861,6.2849],[-75.58832,6.28454]],[[-75.58834,6.28267],[-75.58833,6.28268],[-75.58835,6.28268],[-75.58834,6.28267]],[[-75.58844,6.28453],[-75.58844,6.28462],[-75.58854,6.2846],[-75.58844,6.28453]],[[-75.5885,6.28429],[-75.58847,6.28432],[-75.58861,6.28431],[-75.5885,6.28429]],[[-75.58861,6.28463],[-75.58874,6.28502],[-75.58905,6.28502],[-75.58861,6.28463]],[[-75.58874,6.28143],[-75.58866,6.28148],[-75.58875,6.2815],[-75.58874,6.28143]],[[-75.58889,6.28525],[-75.58889,6.28527],[-75.5889,6.28526],[-75.58889,6.28525]],[[-75.589,6.28236],[-75.58901,6.2822],[-75.58893,6.28228],[-75.589,6.28236]],[[-75.58916,6.28302],[-75.58906,6.28321],[-75.5893,6.28342],[-75.58916,6.28302]],[[-75.58914,6.28538],[-75.58908,6.28542],[-75.58915,6.28553],[-75.58914,6.28538]],[[-75.58914,6.28242],[-75.58915,6.28242],[-75.58915,6.28241],[-75.58914,6.28242]],[[-75.58927,6.28262],[-75.58928,6.28247],[-75.5892,6.28254],[-75.58927,6.28262]],[[-75.58927,6.28208],[-75.58934,6.28201],[-75.58928,6.28194],[-75.58927,6.28208]],[[-75.58946,6.28296],[-75.58976,6.28295],[-75.58955,6.28275],[-75.58946,6.28296]],[[-75.58954,6.28385],[-75.58984,6.28378],[-75.58956,6.28343],[-75.58954,6.28385]],[[-75.58956,6.2824],[-75.58956,6.28247],[-75.5896,6.28242],[-75.58956,6.2824]],[[-75.58983,6.28247],[-75.58972,6.28267],[-75.58994,6.28278],[-75.58983,6.28247]],[[-75.59003,6.28331],[-75.58975,6.28336],[-75.59005,6.2836],[-75.59003,6.28331]],[[-75.59001,6.28408],[-75.58989,6.2842],[-75.59012,6.28437],[-75.59001,6.28408]],[[-75.59023,6.28288],[-75.59012,6.28306],[-75.59038,6.2833],[-75.59023,6.28288]],[[-75.59029,6.28449],[-75.59016,6.2846],[-75.59039,6.28479],[-75.59029,6.28449]],[[-75.59031,6.28405],[-75.59046,6.28401],[-75.59039,6.28383],[-75.59031,6.28405]],[[-75.59057,6.28359],[-75.59068,6.28373],[-75.59084,6.28364],[-75.59057,6.28359]],[[-75.59064,6.2832],[-75.59098,6.28362],[-75.59105,6.28349],[-75.59064,6.2832]]],[[[-75.58761,6.26533],[-75.5903,6.267],[-75.59143,6.26843],[-75.58895,6.26641],[-75.58863,6.26616],[-75.58761,6.26533]],[[-75.5891,6.26643],[-75.58899,6.26635],[-75.58895,6.26641],[-75.5891,6.26643]],[[-75.59015,6.26698],[-75.5901,6.26696],[-75.59019,6.26703],[-75.59015,6.26698]],[[-75.59045,6.26725],[-75.59036,6.26717],[-75.59071,6.26756],[-75.59045,6.26725]]],[[[-75.59271,6.26515],[-75.59324,6.26415],[-75.59265,6.26512],[-75.59041,6.26404],[-75.58958,6.26586],[-75.59099,6.26536],[-75.59238,6.26851],[-75.58799,6.26496],[-75.58899,6.26074],[-75.59616,6.26364],[-75.59564,6.26656],[-75.59271,6.26515]],[[-75.58917,6.26395],[-75.5887,6.26356],[-75.58816,6.26491],[-75.58917,6.26395]],[[-75.58906,6.26572],[-75.58991,6.26395],[-75.58868,6.26544],[-75.58906,6.26572]],[[-75.5895,6.26603],[-75.58955,6.266],[-75.58951,6.26595],[-75.5895,6.26603]],[[-75.58963,6.26328],[-75.58965,6.26329],[-75.58964,6.26326],[-75.58963,6.26328]],[[-75.59029,6.26368],[-75.59047,6.26371],[-75.59038,6.26362],[-75.59029,6.26368]],[[-75.59104,6.26697],[-75.591,6.26688],[-75.59097,6.26696],[-75.59104,6.26697]],[[-75.59226,6.26459],[-75.59206,6.26402],[-75.59112,6.26422],[-75.59226,6.26459]],[[-75.59116,6.26701],[-75.59114,6.26711],[-75.59122,6.26707],[-75.59116,6.26701]],[[-75.59114,6.26657],[-75.59158,6.2669],[-75.59128,6.2664],[-75.59114,6.26657]],[[-75.59132,6.26724],[-75.59127,6.26713],[-75.59124,6.26723],[-75.59132,6.26724]],[[-75.59149,6.26724],[-75.59139,6.26738],[-75.59161,6.26737],[-75.59149,6.26724]],[[-75.59303,6.26514],[-75.59297,6.2652],[-75.59311,6.26519],[-75.59303,6.26514]],[[-75.59357,6.26519],[-75.59344,6.26487],[-75.59327,6.26505],[-75.59357,6.26519]],[[-75.59421,6.26482],[-75.59411,6.26449],[-75.59356,6.26449],[-75.59421,6.26482]],[[-75.59386,6.26393],[-75.59438,6.26424],[-75.59452,6.26409],[-75.59386,6.26393]],[[-75.59454,6.26343],[-75.5941,6.2633],[-75.59482,6.26368],[-75.59454,6.26343]],[[-75.59469,6.26478],[-75.59437,6.26546],[-75.59479,6.26491],[-75.59469,6.26478]],[[-75.59563,6.26465],[-75.5949,6.26423],[-75.59491,6.26451],[-75.59563,6.26465]],[[-75.59542,6.26594],[-75.59491,6.26557],[-75.59504,6.26588],[-75.59542,6.26594]],[[-75.59519,6.26373],[-75.59503,6.26382],[-75.59576,6.26423],[-75.59519,6.26373]],[[-75.59521,6.26503],[-75.59529,6.26531],[-75.5955,6.26533],[-75.59521,6.26503]]],[[[-75.58928,6.19447],[-75.59078,6.19348],[-75.58976,6.19453],[-75.58984,6.19453],[-75.58979,6.19655],[-75.58806,6.19694],[-75.58928,6.19447]],[[-75.58953,6.19565],[-75.58981,6.19459],[-75.58919,6.19552],[-75.58953,6.19565]]],[[[-75.58838,6.2044],[-75.58851,6.20341],[-75.59036,6.20223],[-75.58838,6.2044]]],[[[-75.59039,6.20749],[-75.5897,6.20742],[-75.5893,6.20371],[-75.59147,6.20304],[-75.58938,6.20391],[-75.59039,6.20749]]],[[[-75.59106,6.24133],[-75.59175,6.2421],[-75.59014,6.24429],[-75.58984,6.23995],[-75.59061,6.24081],[-75.59042,6.2434],[-75.59106,6.24133]]],[[[-75.5902,6.19741],[-75.59177,6.19333],[-75.59085,6.19685],[-75.59146,6.19692],[-75.5902,6.19741]],[[-75.59054,6.19719],[-75.59088,6.19665],[-75.59074,6.19649],[-75.59054,6.19719]]],[[[-75.59059,6.19771],[-75.59162,6.1982],[-75.5903,6.2011],[-75.59049,6.1987],[-75.59059,6.19771]],[[-75.59049,6.19922],[-75.59056,6.19935],[-75.59058,6.19924],[-75.59049,6.19922]],[[-75.59054,6.19882],[-75.59054,6.19908],[-75.59062,6.19891],[-75.59054,6.19882]],[[-75.59079,6.19902],[-75.5908,6.19893],[-75.59077,6.19899],[-75.59079,6.19902]]],[[[-75.59071,6.23247],[-75.59103,6.23582],[-75.59031,6.236],[-75.59071,6.23247]]],[[[-75.59232,6.20278],[-75.59458,6.20208],[-75.59945,6.20512],[-75.59824,6.21053],[-75.59322,6.20783],[-75.59377,6.2026],[-75.59246,6.20769],[-75.59044,6.20749],[-75.59232,6.20278]],[[-75.59484,6.20227],[-75.59352,6.20741],[-75.59808,6.20987],[-75.59929,6.20523],[-75.59484,6.20227]],[[-75.59812,6.20993],[-75.59828,6.21],[-75.59829,6.20983],[-75.59812,6.20993]]],[[[-75.59206,6.20149],[-75.59078,6.20166],[-75.5916,6.19925],[-75.59206,6.20149]]],[[[-75.59079,6.25992],[-75.59231,6.25663],[-75.593,6.25711],[-75.5921,6.25425],[-75.59393,6.25731],[-75.59356,6.25592],[-75.59542,6.25804],[-75.59317,6.25722],[-75.59526,6.25867],[-75.59504,6.25909],[-75.59485,6.25927],[-75.59489,6.25936],[-75.59463,6.25977],[-75.59449,6.25999],[-75.59449,6.26012],[-75.59423,6.26059],[-75.59396,6.26108],[-75.59079,6.25992]],[[-75.59463,6.25972],[-75.5946,6.25975],[-75.59463,6.25977],[-75.59463,6.25972]],[[-75.59423,6.26055],[-75.59421,6.26057],[-75.59423,6.26059],[-75.59423,6.26055]],[[-75.59179,6.25935],[-75.59176,6.25935],[-75.59178,6.25936],[-75.59179,6.25935]],[[-75.59214,6.25825],[-75.59192,6.25897],[-75.59237,6.25796],[-75.59214,6.25825]],[[-75.59219,6.25934],[-75.59219,6.25936],[-75.59221,6.25936],[-75.59219,6.25934]],[[-75.59265,6.25774],[-75.59259,6.25742],[-75.59242,6.2576],[-75.59265,6.25774]],[[-75.59294,6.25788],[-75.59244,6.25882],[-75.59369,6.25938],[-75.59294,6.25788]],[[-75.59257,6.25988],[-75.59244,6.25989],[-75.59315,6.2603],[-75.59257,6.25988]],[[-75.59341,6.25965],[-75.59258,6.25935],[-75.59354,6.26084],[-75.59341,6.25965]],[[-75.59313,6.25705],[-75.59317,6.25704],[-75.59315,6.25701],[-75.59313,6.25705]],[[-75.59327,6.25718],[-75.5933,6.25718],[-75.59329,6.25715],[-75.59327,6.25718]],[[-75.59355,6.25873],[-75.59354,6.2586],[-75.59337,6.25865],[-75.59355,6.25873]],[[-75.59363,6.25835],[-75.5937,6.25823],[-75.5935,6.25825],[-75.59363,6.25835]],[[-75.59382,6.25872],[-75.59364,6.25882],[-75.59399,6.25884],[-75.59382,6.25872]],[[-75.5939,6.25834],[-75.59378,6.25844],[-75.59398,6.25846],[-75.5939,6.25834]],[[-75.59452,6.25849],[-75.59408,6.25965],[-75.59468,6.25867],[-75.59452,6.25849]],[[-75.59451,6.2594],[-75.59451,6.25954],[-75.59459,6.25948],[-75.59451,6.2594]],[[-75.59463,6.25916],[-75.59461,6.25921],[-75.59463,6.25926],[-75.59463,6.25916]],[[-75.59477,6.25888],[-75.59477,6.25898],[-75.5948,6.25893],[-75.59477,6.25888]],[[-75.59516,6.25883],[-75.59517,6.25863],[-75.59511,6.25872],[-75.59516,6.25883]]],[[[-75.59497,6.23686],[-75.59441,6.23582],[-75.5926,6.23749],[-75.59606,6.23338],[-75.59615,6.23473],[-75.59628,6.23655],[-75.59632,6.23713],[-75.59557,6.2371],[-75.59632,6.23717],[-75.59642,6.23856],[-75.59142,6.2389],[-75.59497,6.23686]],[[-75.59587,6.23377],[-75.59565,6.23569],[-75.59615,6.23473],[-75.59587,6.23377]],[[-75.59621,6.2361],[-75.59602,6.23667],[-75.59628,6.23655],[-75.59621,6.2361]],[[-75.59484,6.23568],[-75.59493,6.23561],[-75.59485,6.23553],[-75.59484,6.23568]],[[-75.59495,6.23792],[-75.59485,6.23826],[-75.59514,6.23778],[-75.59495,6.23792]],[[-75.59503,6.2358],[-75.59495,6.23567],[-75.59492,6.23578],[-75.59503,6.2358]],[[-75.59493,6.23491],[-75.59532,6.23469],[-75.59529,6.23437],[-75.59493,6.23491]],[[-75.59519,6.2359],[-75.59514,6.2358],[-75.59505,6.23585],[-75.59519,6.2359]],[[-75.59519,6.2351],[-75.59506,6.23524],[-75.59535,6.23543],[-75.59519,6.2351]],[[-75.59525,6.23718],[-75.5951,6.23744],[-75.59526,6.23731],[-75.59525,6.23718]],[[-75.59533,6.23742],[-75.59524,6.23771],[-75.59546,6.23753],[-75.59533,6.23742]],[[-75.59634,6.23827],[-75.59578,6.23794],[-75.59535,6.2383],[-75.59634,6.23827]],[[-75.59538,6.2365],[-75.59536,6.23655],[-75.59538,6.23658],[-75.59538,6.2365]],[[-75.59593,6.2362],[-75.59538,6.23701],[-75.59596,6.23631],[-75.59593,6.2362]],[[-75.59564,6.23611],[-75.5956,6.23616],[-75.59567,6.23616],[-75.59564,6.23611]],[[-75.59564,6.2359],[-75.59567,6.23589],[-75.59565,6.23585],[-75.59564,6.2359]],[[-75.59621,6.23736],[-75.59565,6.23765],[-75.59634,6.23772],[-75.59621,6.23736]]],[[[-75.59184,6.23665],[-75.59168,6.23247],[-75.5953,6.23239],[-75.5933,6.2347],[-75.59353,6.2325],[-75.59231,6.23309],[-75.59304,6.23504],[-75.59184,6.23665]],[[-75.59188,6.23287],[-75.5918,6.2325],[-75.59171,6.23305],[-75.59188,6.23287]],[[-75.59188,6.23587],[-75.59186,6.2366],[-75.59197,6.2361],[-75.59188,6.23587]],[[-75.59224,6.23249],[-75.59276,6.23255],[-75.59301,6.2325],[-75.59224,6.23249]],[[-75.59375,6.23368],[-75.59375,6.23378],[-75.59377,6.23372],[-75.59375,6.23368]]],[[[-75.59249,6.22895],[-75.59293,6.23037],[-75.59326,6.22997],[-75.59389,6.23041],[-75.59418,6.23036],[-75.59585,6.23114],[-75.59171,6.2313],[-75.59249,6.22895]],[[-75.59253,6.23034],[-75.59247,6.23],[-75.59225,6.23033],[-75.59253,6.23034]],[[-75.59249,6.22952],[-75.59252,6.22925],[-75.59243,6.22943],[-75.59249,6.22952]],[[-75.59433,6.23114],[-75.59417,6.23064],[-75.59384,6.23115],[-75.59433,6.23114]],[[-75.59528,6.23115],[-75.59474,6.23064],[-75.59465,6.23116],[-75.59528,6.23115]]],[[[-75.5998,6.24529],[-75.59869,6.24512],[-75.59845,6.24418],[-75.59976,6.24294],[-75.59852,6.24347],[-75.5983,6.24278],[-75.59787,6.24303],[-75.59837,6.24327],[-75.59827,6.24338],[-75.59797,6.24373],[-75.59768,6.24333],[-75.59725,6.24276],[-75.59578,6.24368],[-75.5965,6.24355],[-75.59575,6.24494],[-75.59529,6.24302],[-75.59381,6.24305],[-75.59189,6.24082],[-75.59314,6.24136],[-75.59256,6.24074],[-75.59445,6.2405],[-75.5937,6.24021],[-75.59471,6.24052],[-75.5956,6.24147],[-75.59483,6.24055],[-75.59727,6.24092],[-75.5971,6.24214],[-75.59884,6.24242],[-75.59701,6.2405],[-75.59799,6.23957],[-75.59874,6.24058],[-75.59999,6.23915],[-75.60027,6.24198],[-75.60145,6.2401],[-75.60119,6.24068],[-75.60221,6.24035],[-75.60222,6.24087],[-75.60112,6.24115],[-75.60223,6.24093],[-75.60228,6.2429],[-75.59989,6.24287],[-75.5998,6.24529]],[[-75.59828,6.24328],[-75.59821,6.24329],[-75.59827,6.24338],[-75.59828,6.24328]],[[-75.59788,6.24334],[-75.5977,6.24311],[-75.59768,6.24333],[-75.59788,6.24334]],[[-75.59337,6.24154],[-75.59351,6.24194],[-75.59357,6.24174],[-75.59337,6.24154]],[[-75.59409,6.24235],[-75.59354,6.242],[-75.59393,6.2426],[-75.59409,6.24235]],[[-75.59391,6.24125],[-75.59372,6.24149],[-75.5946,6.24232],[-75.59391,6.24125]],[[-75.5938,6.243],[-75.59391,6.24288],[-75.59376,6.24287],[-75.5938,6.243]],[[-75.59417,6.24272],[-75.59417,6.2426],[-75.59409,6.24266],[-75.59417,6.24272]],[[-75.59432,6.24084],[-75.59425,6.2412],[-75.59516,6.24191],[-75.59432,6.24084]],[[-75.59512,6.24297],[-75.59525,6.24286],[-75.59521,6.24269],[-75.59512,6.24297]],[[-75.59617,6.24318],[-75.59539,6.24302],[-75.59543,6.24343],[-75.59617,6.24318]],[[-75.59648,6.24114],[-75.59549,6.24217],[-75.59671,6.24227],[-75.59648,6.24114]],[[-75.5958,6.24344],[-75.59576,6.24347],[-75.59581,6.24349],[-75.5958,6.24344]],[[-75.59607,6.2413],[-75.5958,6.24158],[-75.59595,6.24149],[-75.59607,6.2413]],[[-75.59655,6.24265],[-75.59675,6.24269],[-75.59671,6.24258],[-75.59655,6.24265]],[[-75.59681,6.24284],[-75.5968,6.24288],[-75.59683,6.24288],[-75.59681,6.24284]],[[-75.59757,6.24275],[-75.5976,6.24277],[-75.59762,6.24275],[-75.59757,6.24275]],[[-75.59909,6.24296],[-75.59874,6.24296],[-75.5987,6.24328],[-75.59909,6.24296]],[[-75.59926,6.2441],[-75.59884,6.24429],[-75.59922,6.24449],[-75.59926,6.2441]],[[-75.59905,6.24048],[-75.59904,6.24049],[-75.59905,6.24052],[-75.59905,6.24048]],[[-75.59906,6.24516],[-75.5993,6.24489],[-75.59907,6.24467],[-75.59906,6.24516]],[[-75.59957,6.24095],[-75.59909,6.24093],[-75.59922,6.24245],[-75.59957,6.24095]],[[-75.59981,6.23955],[-75.59918,6.24057],[-75.60008,6.24062],[-75.59981,6.23955]],[[-75.59947,6.24398],[-75.59947,6.2447],[-75.5995,6.24404],[-75.59947,6.24398]],[[-75.59993,6.24246],[-75.59996,6.24095],[-75.59964,6.2419],[-75.59993,6.24246]],[[-75.60057,6.24172],[-75.60035,6.24239],[-75.60097,6.24258],[-75.60057,6.24172]],[[-75.6011,6.24155],[-75.60165,6.24217],[-75.60163,6.24143],[-75.6011,6.24155]],[[-75.60126,6.2426],[-75.60171,6.24273],[-75.60193,6.24251],[-75.60126,6.2426]],[[-75.60165,6.24073],[-75.60157,6.24075],[-75.60178,6.24075],[-75.60165,6.24073]],[[-75.60209,6.24107],[-75.60182,6.24209],[-75.60211,6.24236],[-75.60209,6.24107]]],[[[-75.59291,6.25094],[-75.59333,6.25148],[-75.59224,6.25294],[-75.59242,6.25125],[-75.59291,6.25094]],[[-75.59262,6.25186],[-75.59241,6.25204],[-75.59262,6.25205],[-75.59262,6.25186]],[[-75.59278,6.25183],[-75.59319,6.2516],[-75.59302,6.25131],[-75.59278,6.25183]]],[[[-75.5927,6.19747],[-75.59253,6.19709],[-75.59627,6.19845],[-75.59496,6.20175],[-75.60046,6.2029],[-75.59264,6.20141],[-75.59348,6.20034],[-75.59414,6.20072],[-75.5927,6.19747]],[[-75.5929,6.1974],[-75.59277,6.19729],[-75.5927,6.19747],[-75.5929,6.1974]],[[-75.59318,6.19754],[-75.59293,6.19748],[-75.59301,6.19762],[-75.59318,6.19754]],[[-75.59315,6.19794],[-75.59303,6.19786],[-75.59294,6.19798],[-75.59315,6.19794]],[[-75.59316,6.19833],[-75.59312,6.19832],[-75.5931,6.19833],[-75.59316,6.19833]],[[-75.59323,6.19824],[-75.59325,6.19815],[-75.59318,6.19819],[-75.59323,6.19824]],[[-75.59326,6.19767],[-75.59321,6.19762],[-75.59321,6.19766],[-75.59326,6.19767]],[[-75.59338,6.19777],[-75.59331,6.19785],[-75.59355,6.19793],[-75.59338,6.19777]],[[-75.59338,6.19861],[-75.59337,6.19847],[-75.59335,6.19849],[-75.59338,6.19861]],[[-75.59357,6.19834],[-75.59343,6.19827],[-75.59336,6.19837],[-75.59357,6.19834]],[[-75.59364,6.19803],[-75.59366,6.19809],[-75.59379,6.19806],[-75.59364,6.19803]],[[-75.59379,6.19833],[-75.59378,6.19832],[-75.59378,6.19834],[-75.59379,6.19833]],[[-75.59469,6.20062],[-75.59472,6.20064],[-75.59476,6.20062],[-75.59469,6.20062]],[[-75.59597,6.19845],[-75.59538,6.19814],[-75.59567,6.1988],[-75.59597,6.19845]]],[[[-75.59384,6.26693],[-75.59406,6.26743],[-75.5944,6.2712],[-75.59256,6.26879],[-75.59384,6.26693]],[[-75.59271,6.26884],[-75.59261,6.26881],[-75.59263,6.26887],[-75.59271,6.26884]],[[-75.59311,6.26846],[-75.59302,6.26834],[-75.59292,6.26853],[-75.59311,6.26846]],[[-75.59344,6.26816],[-75.59313,6.26815],[-75.59319,6.26839],[-75.59344,6.26816]],[[-75.59401,6.26947],[-75.5938,6.26832],[-75.59316,6.26911],[-75.59401,6.26947]],[[-75.59333,6.26952],[-75.59332,6.26951],[-75.59331,6.26952],[-75.59333,6.26952]],[[-75.59345,6.26962],[-75.59344,6.26966],[-75.59347,6.26965],[-75.59345,6.26962]],[[-75.59405,6.2699],[-75.59388,6.2697],[-75.59387,6.27024],[-75.59405,6.2699]],[[-75.59406,6.27046],[-75.59413,6.27067],[-75.59428,6.27025],[-75.59406,6.27046]]],[[[-75.59303,6.20888],[-75.59389,6.20997],[-75.59276,6.21094],[-75.59303,6.20888]]],[[[-75.59417,6.24558],[-75.59481,6.2451],[-75.59549,6.24591],[-75.5929,6.24593],[-75.59366,6.24422],[-75.59421,6.24462],[-75.5938,6.24391],[-75.59452,6.24477],[-75.59417,6.24558]],[[-75.59486,6.24572],[-75.59487,6.24559],[-75.5948,6.24565],[-75.59486,6.24572]]],[[[-75.59415,6.22582],[-75.59421,6.2254],[-75.59398,6.22635],[-75.59392,6.22629],[-75.59375,6.22388],[-75.59452,6.22425],[-75.5944,6.22492],[-75.59463,6.2243],[-75.59415,6.22582]],[[-75.59386,6.22519],[-75.59387,6.22517],[-75.59385,6.22517],[-75.59386,6.22519]],[[-75.59413,6.22429],[-75.59414,6.22414],[-75.59413,6.22409],[-75.59413,6.22429]]],[[[-75.5961,6.2537],[-75.59563,6.25356],[-75.59622,6.25428],[-75.59552,6.25435],[-75.59622,6.25433],[-75.59631,6.25475],[-75.59393,6.25548],[-75.59479,6.25456],[-75.59425,6.25448],[-75.59515,6.25251],[-75.59489,6.2527],[-75.59533,6.25106],[-75.5961,6.2537]],[[-75.59496,6.25428],[-75.5953,6.25405],[-75.59457,6.25403],[-75.59496,6.25428]],[[-75.59475,6.25432],[-75.59496,6.25452],[-75.59559,6.25446],[-75.59475,6.25432]],[[-75.59537,6.25267],[-75.595,6.25316],[-75.59536,6.25313],[-75.59537,6.25267]],[[-75.59623,6.25466],[-75.59509,6.25467],[-75.59545,6.25495],[-75.59623,6.25466]],[[-75.59528,6.25167],[-75.59529,6.25156],[-75.59523,6.25162],[-75.59528,6.25167]],[[-75.59554,6.25356],[-75.59524,6.25392],[-75.59544,6.25412],[-75.59554,6.25356]],[[-75.59543,6.25174],[-75.5954,6.25175],[-75.59543,6.25176],[-75.59543,6.25174]],[[-75.59556,6.25317],[-75.59546,6.25348],[-75.59599,6.25338],[-75.59556,6.25317]],[[-75.59558,6.25282],[-75.59555,6.25285],[-75.59564,6.25284],[-75.59558,6.25282]]],[[[-75.59654,6.26291],[-75.59422,6.26163],[-75.59436,6.26137],[-75.59561,6.25896],[-75.59654,6.26291]],[[-75.59491,6.2618],[-75.59507,6.26164],[-75.59436,6.26137],[-75.59491,6.2618]],[[-75.59521,6.26127],[-75.5948,6.26085],[-75.59475,6.26113],[-75.59521,6.26127]],[[-75.5949,6.2604],[-75.59544,6.26084],[-75.5954,6.26054],[-75.5949,6.2604]],[[-75.59545,6.26208],[-75.5956,6.26147],[-75.5954,6.26181],[-75.59545,6.26208]],[[-75.59565,6.26018],[-75.59559,6.26],[-75.59543,6.26021],[-75.59565,6.26018]],[[-75.5961,6.2613],[-75.59596,6.26073],[-75.5957,6.26111],[-75.5961,6.2613]],[[-75.59599,6.26235],[-75.59613,6.26174],[-75.59583,6.26218],[-75.59599,6.26235]]],[[[-75.59531,6.25718],[-75.59429,6.25595],[-75.59609,6.25531],[-75.59569,6.25765],[-75.59537,6.25726],[-75.59532,6.25644],[-75.59531,6.25718]],[[-75.59518,6.25588],[-75.59517,6.25627],[-75.59524,6.25596],[-75.59518,6.25588]],[[-75.59571,6.25601],[-75.59536,6.25635],[-75.59571,6.25666],[-75.59571,6.25601]],[[-75.59558,6.25711],[-75.59554,6.25722],[-75.59558,6.25735],[-75.59558,6.25711]]],[[[-75.59476,6.22071],[-75.59597,6.2171],[-75.59663,6.21936],[-75.59604,6.21966],[-75.59613,6.22024],[-75.59748,6.22229],[-75.59476,6.22071]],[[-75.59535,6.22003],[-75.5959,6.22018],[-75.59593,6.21972],[-75.59535,6.22003]],[[-75.59574,6.2185],[-75.59568,6.21853],[-75.59579,6.21853],[-75.59574,6.2185]],[[-75.59602,6.21865],[-75.59599,6.21867],[-75.59606,6.21866],[-75.59602,6.21865]],[[-75.59648,6.22145],[-75.59636,6.22151],[-75.59663,6.22152],[-75.59648,6.22145]],[[-75.59682,6.22161],[-75.59675,6.22167],[-75.59683,6.22183],[-75.59682,6.22161]]],[[[-75.59666,6.21531],[-75.59715,6.2165],[-75.59572,6.2165],[-75.59666,6.21531]]],[[[-75.59582,6.22412],[-75.59719,6.22456],[-75.59608,6.2281],[-75.59582,6.22412]],[[-75.59613,6.22618],[-75.59674,6.22595],[-75.59631,6.22578],[-75.59613,6.22618]],[[-75.59634,6.22545],[-75.59688,6.2253],[-75.59646,6.22507],[-75.59634,6.22545]]],[[[-75.5969,6.25645],[-75.59706,6.25684],[-75.59699,6.25631],[-75.59801,6.25459],[-75.59739,6.25807],[-75.59652,6.25788],[-75.5961,6.25779],[-75.5969,6.25645]],[[-75.59695,6.25711],[-75.59657,6.25719],[-75.59652,6.25788],[-75.59695,6.25711]],[[-75.59639,6.25735],[-75.59637,6.25744],[-75.59639,6.25751],[-75.59639,6.25735]],[[-75.59737,6.25671],[-75.59701,6.25704],[-75.59737,6.25711],[-75.59737,6.25671]],[[-75.5972,6.25736],[-75.59719,6.25743],[-75.5972,6.25748],[-75.5972,6.25736]],[[-75.59761,6.25553],[-75.59761,6.25569],[-75.59762,6.2556],[-75.59761,6.25553]]],[[[-75.59804,6.23283],[-75.59652,6.23444],[-75.59643,6.2331],[-75.59709,6.23326],[-75.59642,6.23298],[-75.59804,6.23283]]],[[[-75.59862,6.23104],[-75.59688,6.23115],[-75.59683,6.23095],[-75.59645,6.23118],[-75.59781,6.2296],[-75.59723,6.23059],[-75.59855,6.23033],[-75.59866,6.23104],[-75.59862,6.23104]],[[-75.59845,6.23075],[-75.59827,6.23099],[-75.59862,6.23104],[-75.59845,6.23075]],[[-75.59701,6.23071],[-75.59697,6.23073],[-75.59707,6.23073],[-75.59701,6.23071]],[[-75.59771,6.23107],[-75.59801,6.23083],[-75.59717,6.23088],[-75.59771,6.23107]]],[[[-75.59861,6.2266],[-75.59748,6.22842],[-75.59656,6.22883],[-75.5971,6.2271],[-75.59831,6.22678],[-75.59733,6.22637],[-75.59856,6.22534],[-75.59783,6.22475],[-75.59927,6.22518],[-75.59819,6.22362],[-75.59856,6.22243],[-75.6011,6.2268],[-75.59944,6.22754],[-75.59861,6.2266]],[[-75.5972,6.22743],[-75.59711,6.22848],[-75.59736,6.22769],[-75.5972,6.22743]],[[-75.59739,6.2272],[-75.59742,6.22731],[-75.59756,6.22734],[-75.59739,6.2272]],[[-75.59922,6.22562],[-75.59859,6.22646],[-75.59921,6.22654],[-75.59922,6.22562]],[[-75.59912,6.22356],[-75.59914,6.22351],[-75.59909,6.22353],[-75.59912,6.22356]],[[-75.59962,6.22563],[-75.59943,6.22596],[-75.59955,6.22672],[-75.59962,6.22563]],[[-75.6,6.22645],[-75.59992,6.22632],[-75.5999,6.22643],[-75.6,6.22645]],[[-75.59996,6.22686],[-75.60003,6.22678],[-75.59996,6.2267],[-75.59996,6.22686]],[[-75.60022,6.22608],[-75.60003,6.22582],[-75.60003,6.22602],[-75.60022,6.22608]],[[-75.60014,6.22658],[-75.60015,6.22647],[-75.60004,6.22646],[-75.60014,6.22658]],[[-75.60022,6.22673],[-75.60031,6.22666],[-75.60024,6.22658],[-75.60022,6.22673]],[[-75.60039,6.22617],[-75.60038,6.22608],[-75.60028,6.22611],[-75.60039,6.22617]],[[-75.60049,6.22632],[-75.60049,6.22621],[-75.60042,6.22625],[-75.60049,6.22632]],[[-75.60056,6.22697],[-75.60069,6.2269],[-75.60053,6.22682],[-75.60056,6.22697]],[[-75.60066,6.22643],[-75.60065,6.22635],[-75.60056,6.22637],[-75.60066,6.22643]],[[-75.6008,6.22655],[-75.60078,6.22648],[-75.6007,6.22652],[-75.6008,6.22655]],[[-75.60091,6.22662],[-75.60084,6.22666],[-75.6009,6.22671],[-75.60091,6.22662]],[[-75.60103,6.22682],[-75.60106,6.22675],[-75.60098,6.22678],[-75.60103,6.22682]]],[[[-75.59847,6.21845],[-75.59665,6.21788],[-75.59736,6.21702],[-75.59847,6.21845]],[[-75.59804,6.21812],[-75.59815,6.21816],[-75.59818,6.21813],[-75.59804,6.21812]]],[[[-75.59693,6.21032],[-75.59818,6.21282],[-75.59684,6.21339],[-75.59693,6.21032]]],[[[-75.59986,6.23838],[-75.59707,6.23848],[-75.59801,6.23821],[-75.59735,6.23803],[-75.59839,6.23632],[-75.59974,6.23725],[-75.59886,6.23613],[-75.60187,6.23676],[-75.6025,6.23784],[-75.59986,6.23838]],[[-75.59836,6.23775],[-75.59831,6.23778],[-75.59839,6.23779],[-75.59836,6.23775]],[[-75.5989,6.23672],[-75.59841,6.23696],[-75.59936,6.23701],[-75.5989,6.23672]],[[-75.59863,6.23726],[-75.59854,6.23762],[-75.59955,6.23753],[-75.59863,6.23726]],[[-75.59864,6.23792],[-75.59868,6.23821],[-75.59981,6.23801],[-75.59864,6.23792]],[[-75.59986,6.23773],[-75.59986,6.23783],[-75.59992,6.23777],[-75.59986,6.23773]],[[-75.60104,6.23723],[-75.59988,6.23746],[-75.60141,6.23754],[-75.60104,6.23723]]],[[[-75.59869,6.24795],[-75.59881,6.24854],[-75.59737,6.24687],[-75.59746,6.24644],[-75.59873,6.24599],[-75.59854,6.24692],[-75.59886,6.24594],[-75.6002,6.24547],[-75.60157,6.25003],[-75.59869,6.24795]],[[-75.59802,6.24677],[-75.59839,6.24617],[-75.59769,6.24687],[-75.59802,6.24677]],[[-75.59843,6.24791],[-75.59855,6.24783],[-75.59847,6.24776],[-75.59843,6.24791]],[[-75.59874,6.24769],[-75.59853,6.24748],[-75.59853,6.24749],[-75.59874,6.24769]],[[-75.59907,6.24659],[-75.59907,6.24644],[-75.59893,6.24673],[-75.59907,6.24659]],[[-75.59958,6.24673],[-75.59904,6.24692],[-75.59946,6.24709],[-75.59958,6.24673]],[[-75.59957,6.24745],[-75.59907,6.24748],[-75.59935,6.24773],[-75.59957,6.24745]],[[-75.59931,6.24623],[-75.59951,6.24651],[-75.5996,6.24571],[-75.59931,6.24623]],[[-75.60049,6.24851],[-75.6,6.24828],[-75.60014,6.24868],[-75.60049,6.24851]]],[[[-75.59816,6.25276],[-75.59762,6.25094],[-75.59885,6.25109],[-75.59816,6.25276]]],[[[-75.59854,6.25871],[-75.60033,6.25919],[-75.59969,6.26367],[-75.59886,6.26026],[-75.59811,6.26277],[-75.59854,6.25871]],[[-75.59885,6.25967],[-75.59885,6.25987],[-75.599,6.25979],[-75.59885,6.25967]],[[-75.59923,6.26105],[-75.59933,6.2617],[-75.59956,6.26108],[-75.59923,6.26105]],[[-75.59944,6.26012],[-75.59952,6.26073],[-75.59982,6.25984],[-75.59944,6.26012]],[[-75.59997,6.2597],[-75.59965,6.26061],[-75.59964,6.26156],[-75.59997,6.2597]]],[[[-75.60087,6.23214],[-75.59838,6.23288],[-75.60094,6.23145],[-75.6016,6.23363],[-75.60087,6.23214]]],[[[-75.60022,6.26633],[-75.59973,6.26864],[-75.5984,6.26625],[-75.60022,6.26633]]],[[[-75.60116,6.21055],[-75.59863,6.21073],[-75.59901,6.20987],[-75.60116,6.21055]]],[[[-75.60101,6.21282],[-75.60136,6.21302],[-75.60092,6.21279],[-75.60175,6.21205],[-75.60101,6.21282]]],[[[-75.60151,6.2131],[-75.60023,6.21344],[-75.59876,6.21311],[-75.59981,6.21218],[-75.59931,6.21096],[-75.60076,6.21324],[-75.60136,6.21302],[-75.60151,6.2131]],[[-75.60046,6.21288],[-75.60015,6.21268],[-75.59999,6.21291],[-75.60046,6.21288]]],[[[-75.59961,6.25503],[-75.5992,6.25558],[-75.59888,6.25487],[-75.59988,6.25499],[-75.59937,6.25444],[-75.6033,6.25113],[-75.60071,6.25432],[-75.60156,6.2539],[-75.60152,6.25868],[-75.60074,6.25902],[-75.59961,6.25503]],[[-75.60019,6.25403],[-75.59972,6.25418],[-75.60018,6.25462],[-75.60019,6.25403]],[[-75.60059,6.25444],[-75.59991,6.25519],[-75.6008,6.25489],[-75.60059,6.25444]],[[-75.60025,6.25652],[-75.6005,6.25693],[-75.60055,6.25648],[-75.60025,6.25652]],[[-75.60066,6.25571],[-75.60041,6.2561],[-75.60096,6.25608],[-75.60066,6.25571]],[[-75.60044,6.25724],[-75.60048,6.2576],[-75.6007,6.25735],[-75.60044,6.25724]],[[-75.60086,6.25369],[-75.60057,6.25417],[-75.60105,6.25381],[-75.60086,6.25369]],[[-75.60078,6.25571],[-75.6012,6.25562],[-75.60085,6.25541],[-75.60078,6.25571]],[[-75.60111,6.25369],[-75.60116,6.25368],[-75.60115,6.25362],[-75.60111,6.25369]],[[-75.60164,6.253],[-75.60198,6.25249],[-75.60161,6.25267],[-75.60164,6.253]]],[[[-75.59888,6.23107],[-75.59902,6.22897],[-75.60116,6.23033],[-75.59888,6.23107]],[[-75.5993,6.22919],[-75.59903,6.22994],[-75.60039,6.22994],[-75.5993,6.22919]]],[[[-75.60015,6.21468],[-75.59924,6.21331],[-75.60095,6.21405],[-75.59891,6.21766],[-75.60015,6.21468]],[[-75.60045,6.21448],[-75.60047,6.21436],[-75.60038,6.21443],[-75.60045,6.21448]],[[-75.60073,6.21399],[-75.60046,6.21426],[-75.60091,6.21405],[-75.60073,6.21399]]],[[[-75.60223,6.20468],[-75.60141,6.20457],[-75.60166,6.21022],[-75.60131,6.20456],[-75.59894,6.20424],[-75.60138,6.20389],[-75.60223,6.20468]]],[[[-75.59965,6.27244],[-75.59925,6.27075],[-75.60106,6.27128],[-75.59965,6.27244]]],[[[-75.60025,6.22098],[-75.59957,6.2186],[-75.60086,6.2206],[-75.59995,6.22137],[-75.59972,6.21968],[-75.60025,6.22098]]],[[[-75.60425,6.22344],[-75.60254,6.22562],[-75.59993,6.2245],[-75.60369,6.22088],[-75.60301,6.22036],[-75.60357,6.22015],[-75.60575,6.22154],[-75.60513,6.22119],[-75.60197,6.22271],[-75.60514,6.22232],[-75.60425,6.22344]],[[-75.60397,6.22342],[-75.60414,6.22347],[-75.60425,6.22344],[-75.60397,6.22342]],[[-75.60158,6.22435],[-75.60158,6.22427],[-75.60157,6.22433],[-75.60158,6.22435]],[[-75.60263,6.22374],[-75.60249,6.22303],[-75.6016,6.22411],[-75.60263,6.22374]],[[-75.60184,6.22429],[-75.6019,6.22423],[-75.60179,6.2242],[-75.60184,6.22429]],[[-75.60215,6.22316],[-75.60208,6.22304],[-75.60193,6.22315],[-75.60215,6.22316]],[[-75.60226,6.2252],[-75.60226,6.22453],[-75.60218,6.22471],[-75.60226,6.2252]],[[-75.60246,6.2223],[-75.60238,6.22227],[-75.60231,6.2223],[-75.60246,6.2223]],[[-75.60267,6.22467],[-75.60246,6.2252],[-75.60254,6.2256],[-75.60267,6.22467]],[[-75.60298,6.22286],[-75.6028,6.22282],[-75.60251,6.22285],[-75.60298,6.22286]],[[-75.60339,6.22191],[-75.60331,6.22185],[-75.60261,6.22217],[-75.60339,6.22191]],[[-75.60273,6.22431],[-75.60298,6.22445],[-75.60308,6.22425],[-75.60273,6.22431]],[[-75.60286,6.22338],[-75.60317,6.22347],[-75.60352,6.22338],[-75.60286,6.22338]],[[-75.60351,6.22419],[-75.60312,6.22399],[-75.60306,6.22417],[-75.60351,6.22419]],[[-75.60328,6.2231],[-75.60349,6.22317],[-75.60346,6.22304],[-75.60328,6.2231]],[[-75.60376,6.2216],[-75.60374,6.22128],[-75.60355,6.22177],[-75.60376,6.2216]],[[-75.60387,6.22339],[-75.60391,6.22338],[-75.60384,6.22338],[-75.60387,6.22339]],[[-75.60401,6.22317],[-75.60401,6.22313],[-75.60398,6.22313],[-75.60401,6.22317]]],[[[-75.60143,6.26691],[-75.6016,6.26902],[-75.60025,6.26633],[-75.60212,6.26641],[-75.60192,6.2674],[-75.60143,6.26691]]],[[[-75.6083,6.20457],[-75.60134,6.20311],[-75.60138,6.2038],[-75.60062,6.20293],[-75.60125,6.20285],[-75.6083,6.20457]],[[-75.60579,6.20401],[-75.60134,6.20302],[-75.60134,6.20308],[-75.60579,6.20401]]],[[[-75.60358,6.25848],[-75.60226,6.26043],[-75.60071,6.25933],[-75.60358,6.25848]],[[-75.60169,6.25993],[-75.60189,6.25985],[-75.6017,6.2598],[-75.60169,6.25993]],[[-75.60188,6.25997],[-75.60192,6.26005],[-75.60202,6.26001],[-75.60188,6.25997]],[[-75.60235,6.25992],[-75.60242,6.25987],[-75.60237,6.2598],[-75.60235,6.25992]],[[-75.60276,6.25953],[-75.60284,6.25946],[-75.60277,6.25939],[-75.60276,6.25953]]],[[[-75.60168,6.26368],[-75.60256,6.26412],[-75.60143,6.26377],[-75.60241,6.26585],[-75.60087,6.26406],[-75.60283,6.26109],[-75.60168,6.26368]],[[-75.60168,6.26301],[-75.6017,6.26296],[-75.60166,6.26298],[-75.60168,6.26301]],[[-75.60183,6.26289],[-75.60187,6.26285],[-75.60183,6.26281],[-75.60183,6.26289]],[[-75.60196,6.2626],[-75.602,6.26257],[-75.60194,6.26257],[-75.60196,6.2626]]],[[[-75.60283,6.2724],[-75.60296,6.27069],[-75.60184,6.27028],[-75.60259,6.27126],[-75.6021,6.27123],[-75.60171,6.27025],[-75.60182,6.27001],[-75.60771,6.27142],[-75.60283,6.2724]]],[[[-75.6028,6.2101],[-75.60615,6.2093],[-75.60414,6.21056],[-75.60202,6.21027],[-75.6028,6.2101]]],[[[-75.60394,6.26511],[-75.60435,6.26755],[-75.60401,6.26797],[-75.60225,6.26642],[-75.60394,6.26511]],[[-75.60279,6.26657],[-75.60281,6.26678],[-75.60285,6.26673],[-75.60279,6.26657]],[[-75.60317,6.26677],[-75.60301,6.26678],[-75.60319,6.26681],[-75.60317,6.26677]],[[-75.60333,6.267],[-75.60345,6.26733],[-75.6036,6.26751],[-75.60333,6.267]]],[[[-75.60316,6.24891],[-75.60268,6.25018],[-75.6029,6.2438],[-75.60644,6.24441],[-75.60481,6.24976],[-75.60306,6.2501],[-75.60496,6.24846],[-75.60316,6.24891]],[[-75.60379,6.24656],[-75.60275,6.24885],[-75.60526,6.24778],[-75.60379,6.24656]],[[-75.60325,6.24648],[-75.6038,6.24635],[-75.60357,6.24623],[-75.60325,6.24648]],[[-75.60368,6.24602],[-75.60442,6.24588],[-75.60333,6.24571],[-75.60368,6.24602]],[[-75.60531,6.24693],[-75.6062,6.24451],[-75.60384,6.24426],[-75.60531,6.24693]]],[[[-75.60577,6.24166],[-75.60326,6.24285],[-75.60329,6.24092],[-75.60673,6.24153],[-75.60656,6.24368],[-75.60577,6.24166]],[[-75.60435,6.24127],[-75.60425,6.24129],[-75.60449,6.24128],[-75.60435,6.24127]],[[-75.60504,6.24141],[-75.60498,6.24142],[-75.60517,6.24142],[-75.60504,6.24141]],[[-75.60575,6.24153],[-75.60565,6.24155],[-75.60587,6.24156],[-75.60575,6.24153]],[[-75.6065,6.24167],[-75.60636,6.24168],[-75.6066,6.24169],[-75.6065,6.24167]]],[[[-75.60638,6.23874],[-75.60647,6.23946],[-75.60615,6.23883],[-75.60329,6.24085],[-75.60332,6.23922],[-75.60638,6.23874]]],[[[-75.60675,6.23493],[-75.60697,6.23441],[-75.60733,6.23443],[-75.60754,6.23556],[-75.60801,6.23459],[-75.60858,6.2349],[-75.60764,6.23608],[-75.60804,6.23826],[-75.60598,6.2376],[-75.60347,6.23828],[-75.60345,6.2351],[-75.60573,6.23672],[-75.60609,6.23438],[-75.6066,6.23427],[-75.60675,6.23493]],[[-75.60635,6.23658],[-75.60628,6.23574],[-75.60603,6.236],[-75.60635,6.23658]],[[-75.60633,6.23525],[-75.60625,6.23563],[-75.60676,6.23558],[-75.60633,6.23525]],[[-75.60635,6.23496],[-75.60636,6.23448],[-75.60635,6.23445],[-75.60635,6.23496]],[[-75.6065,6.23672],[-75.60658,6.23666],[-75.60651,6.23661],[-75.6065,6.23672]],[[-75.60662,6.2351],[-75.60668,6.23504],[-75.60663,6.23498],[-75.60662,6.2351]],[[-75.60684,6.23662],[-75.60683,6.23587],[-75.60675,6.23686],[-75.60684,6.23662]],[[-75.60702,6.23496],[-75.60722,6.23506],[-75.60731,6.23444],[-75.60702,6.23496]],[[-75.6073,6.23632],[-75.60717,6.23659],[-75.60722,6.23658],[-75.6073,6.23632]],[[-75.60745,6.23632],[-75.60724,6.23658],[-75.60751,6.23653],[-75.60745,6.23632]],[[-75.60756,6.23568],[-75.60759,6.23585],[-75.60778,6.2357],[-75.60756,6.23568]]],[[[-75.60605,6.22141],[-75.60351,6.21965],[-75.60469,6.21935],[-75.6044,6.21999],[-75.61022,6.22216],[-75.6079,6.2215],[-75.60605,6.22141]],[[-75.60614,6.22134],[-75.60639,6.22126],[-75.6062,6.2212],[-75.60614,6.22134]]],[[[-75.60449,6.25189],[-75.60489,6.25196],[-75.60464,6.25099],[-75.60672,6.25216],[-75.60571,6.25281],[-75.60731,6.25249],[-75.60436,6.25507],[-75.60414,6.25397],[-75.60449,6.25189]],[[-75.60465,6.25315],[-75.60438,6.25342],[-75.60457,6.25373],[-75.60465,6.25315]],[[-75.60464,6.25449],[-75.60478,6.25421],[-75.60458,6.25429],[-75.60464,6.25449]],[[-75.60459,6.25236],[-75.60461,6.25246],[-75.60471,6.25242],[-75.60459,6.25236]],[[-75.6048,6.25277],[-75.60479,6.25287],[-75.60486,6.25281],[-75.6048,6.25277]],[[-75.60489,6.25257],[-75.60499,6.25283],[-75.60521,6.25267],[-75.60489,6.25257]],[[-75.60491,6.25225],[-75.60491,6.25227],[-75.60493,6.25226],[-75.60491,6.25225]],[[-75.60564,6.25289],[-75.60538,6.25307],[-75.60544,6.25329],[-75.60564,6.25289]]],[[[-75.60428,6.26471],[-75.60516,6.26368],[-75.60686,6.26555],[-75.60428,6.26471]]],[[[-75.60514,6.2111],[-75.6046,6.21115],[-75.60431,6.21063],[-75.60602,6.20956],[-75.60514,6.2111]],[[-75.60507,6.21056],[-75.60507,6.21069],[-75.60511,6.21063],[-75.60507,6.21056]]],[[[-75.6166,6.24578],[-75.61515,6.24655],[-75.616,6.24557],[-75.61511,6.24583],[-75.61452,6.24553],[-75.61451,6.24568],[-75.61119,6.24396],[-75.61245,6.24605],[-75.60946,6.24814],[-75.61014,6.24835],[-75.60944,6.24937],[-75.60881,6.24867],[-75.60942,6.24941],[-75.60762,6.25205],[-75.60794,6.24914],[-75.60734,6.24926],[-75.60696,6.24866],[-75.60663,6.2494],[-75.60481,6.24976],[-75.60667,6.2446],[-75.61109,6.24395],[-75.61029,6.24332],[-75.61055,6.24251],[-75.61022,6.24326],[-75.60827,6.24173],[-75.61328,6.24126],[-75.61519,6.24497],[-75.61654,6.24448],[-75.6166,6.24578]],[[-75.60592,6.24774],[-75.60497,6.24968],[-75.6093,6.24613],[-75.60592,6.24774]],[[-75.6089,6.24592],[-75.60822,6.24557],[-75.60806,6.24448],[-75.60578,6.2471],[-75.6089,6.24592]],[[-75.6063,6.24709],[-75.60646,6.24713],[-75.6064,6.24702],[-75.6063,6.24709]],[[-75.60714,6.24849],[-75.6078,6.2491],[-75.60747,6.24817],[-75.60714,6.24849]],[[-75.60729,6.24535],[-75.6072,6.24526],[-75.60719,6.24543],[-75.60729,6.24535]],[[-75.60786,6.24797],[-75.60836,6.24855],[-75.6086,6.24827],[-75.60786,6.24797]],[[-75.60797,6.24936],[-75.6088,6.24989],[-75.60831,6.24921],[-75.60797,6.24936]],[[-75.6085,6.24509],[-75.6082,6.24523],[-75.60875,6.24536],[-75.6085,6.24509]],[[-75.60866,6.24749],[-75.60888,6.24815],[-75.60917,6.24789],[-75.60866,6.24749]],[[-75.60893,6.245],[-75.60898,6.24485],[-75.60888,6.2449],[-75.60893,6.245]],[[-75.6089,6.24715],[-75.60969,6.2465],[-75.6093,6.24637],[-75.6089,6.24715]],[[-75.60918,6.24479],[-75.6091,6.24471],[-75.60908,6.24485],[-75.60918,6.24479]],[[-75.60923,6.24853],[-75.60925,6.24839],[-75.60917,6.24845],[-75.60923,6.24853]],[[-75.60963,6.24619],[-75.60923,6.24571],[-75.6095,6.24617],[-75.60963,6.24619]],[[-75.61036,6.24506],[-75.60961,6.245],[-75.60935,6.24566],[-75.61036,6.24506]],[[-75.61014,6.24712],[-75.60941,6.2473],[-75.60944,6.24773],[-75.61014,6.24712]],[[-75.61051,6.2447],[-75.61003,6.24439],[-75.60974,6.24473],[-75.61051,6.2447]],[[-75.60976,6.24606],[-75.60992,6.24631],[-75.61051,6.24601],[-75.60976,6.24606]],[[-75.61013,6.24555],[-75.60978,6.24579],[-75.6121,6.24573],[-75.61013,6.24555]],[[-75.61004,6.24671],[-75.61004,6.24668],[-75.61003,6.24669],[-75.61004,6.24671]],[[-75.61157,6.24615],[-75.61038,6.24649],[-75.61037,6.24692],[-75.61157,6.24615]],[[-75.61113,6.24254],[-75.61062,6.24351],[-75.61094,6.24344],[-75.61113,6.24254]],[[-75.61135,6.24534],[-75.61064,6.24517],[-75.61077,6.24544],[-75.61135,6.24534]],[[-75.61106,6.24454],[-75.61077,6.24478],[-75.61161,6.24479],[-75.61106,6.24454]],[[-75.61168,6.24267],[-75.61114,6.24363],[-75.6115,6.24356],[-75.61168,6.24267]],[[-75.61223,6.24269],[-75.61176,6.24377],[-75.61203,6.24369],[-75.61223,6.24269]],[[-75.61178,6.24525],[-75.61187,6.24557],[-75.61201,6.24545],[-75.61178,6.24525]],[[-75.61234,6.24262],[-75.61234,6.24245],[-75.61232,6.24258],[-75.61234,6.24262]],[[-75.61261,6.24364],[-75.6128,6.24343],[-75.61239,6.24343],[-75.61261,6.24364]],[[-75.61324,6.24317],[-75.61279,6.24291],[-75.61241,6.24304],[-75.61324,6.24317]],[[-75.61288,6.24472],[-75.61289,6.24459],[-75.61282,6.24464],[-75.61288,6.24472]],[[-75.61319,6.24363],[-75.61304,6.24342],[-75.61295,6.2436],[-75.61319,6.24363]],[[-75.6134,6.24416],[-75.61327,6.24403],[-75.6133,6.2443],[-75.6134,6.24416]],[[-75.61328,6.24163],[-75.61344,6.2429],[-75.6138,6.24461],[-75.61328,6.24163]],[[-75.61408,6.24368],[-75.61423,6.24445],[-75.61435,6.24407],[-75.61408,6.24368]],[[-75.61461,6.24508],[-75.61467,6.24511],[-75.61464,6.245],[-75.61461,6.24508]],[[-75.61471,6.24515],[-75.61474,6.24524],[-75.61482,6.24512],[-75.61471,6.24515]],[[-75.61497,6.24528],[-75.61487,6.24527],[-75.61495,6.24538],[-75.61497,6.24528]],[[-75.61506,6.24553],[-75.61506,6.24539],[-75.61498,6.24546],[-75.61506,6.24553]],[[-75.61519,6.24551],[-75.61511,6.24565],[-75.61536,6.24558],[-75.61519,6.24551]],[[-75.61539,6.24508],[-75.61527,6.245],[-75.61529,6.24511],[-75.61539,6.24508]],[[-75.61548,6.24511],[-75.61537,6.24524],[-75.61565,6.24533],[-75.61548,6.24511]],[[-75.61602,6.24591],[-75.61599,6.2458],[-75.61594,6.24586],[-75.61602,6.24591]],[[-75.61633,6.2451],[-75.61652,6.24515],[-75.61637,6.24499],[-75.61633,6.2451]]],[[[-75.61164,6.26024],[-75.61004,6.25946],[-75.6104,6.25872],[-75.60993,6.2594],[-75.60923,6.25906],[-75.6102,6.25833],[-75.60981,6.25783],[-75.6104,6.25785],[-75.60865,6.25637],[-75.60724,6.25717],[-75.60696,6.25653],[-75.60705,6.25727],[-75.60493,6.25824],[-75.60977,6.25404],[-75.60994,6.25401],[-75.61088,6.25465],[-75.60772,6.25604],[-75.61225,6.25648],[-75.61096,6.25471],[-75.61449,6.25712],[-75.61261,6.26139],[-75.61149,6.25996],[-75.61164,6.26024]],[[-75.60642,6.25722],[-75.60636,6.25727],[-75.6065,6.25727],[-75.60642,6.25722]],[[-75.60786,6.25614],[-75.60772,6.2562],[-75.6079,6.25625],[-75.60786,6.25614]],[[-75.60791,6.25658],[-75.60789,6.25658],[-75.6079,6.25661],[-75.60791,6.25658]],[[-75.60817,6.25647],[-75.6082,6.25645],[-75.60817,6.25644],[-75.60817,6.25647]],[[-75.60952,6.25448],[-75.60952,6.25476],[-75.60974,6.25441],[-75.60952,6.25448]],[[-75.60981,6.25427],[-75.60974,6.25429],[-75.60998,6.25428],[-75.60981,6.25427]],[[-75.60992,6.25475],[-75.61002,6.25463],[-75.60993,6.25447],[-75.60992,6.25475]],[[-75.61006,6.25443],[-75.61007,6.2544],[-75.61003,6.25441],[-75.61006,6.25443]],[[-75.61096,6.25706],[-75.61033,6.25713],[-75.61138,6.25712],[-75.61096,6.25706]],[[-75.6105,6.25923],[-75.61048,6.25936],[-75.61056,6.2593],[-75.6105,6.25923]],[[-75.61058,6.25461],[-75.61066,6.25458],[-75.61063,6.25451],[-75.61058,6.25461]],[[-75.61065,6.25785],[-75.61079,6.25778],[-75.61059,6.25774],[-75.61065,6.25785]],[[-75.61067,6.25892],[-75.61063,6.25888],[-75.61062,6.25898],[-75.61067,6.25892]],[[-75.61064,6.25874],[-75.61063,6.25885],[-75.61071,6.25887],[-75.61064,6.25874]],[[-75.61073,6.25962],[-75.61082,6.25958],[-75.61076,6.25948],[-75.61073,6.25962]],[[-75.61086,6.25923],[-75.61084,6.25933],[-75.61097,6.25933],[-75.61086,6.25923]],[[-75.61089,6.25719],[-75.61129,6.25768],[-75.61164,6.25733],[-75.61089,6.25719]],[[-75.61098,6.25897],[-75.61097,6.25907],[-75.61107,6.25908],[-75.61098,6.25897]],[[-75.61126,6.25968],[-75.61118,6.25958],[-75.61102,6.25988],[-75.61126,6.25968]],[[-75.61144,6.25911],[-75.61119,6.25957],[-75.6114,6.25957],[-75.61144,6.25911]],[[-75.61157,6.25802],[-75.61151,6.25808],[-75.61157,6.25814],[-75.61157,6.25802]],[[-75.61165,6.25768],[-75.6119,6.25772],[-75.61207,6.25739],[-75.61165,6.25768]],[[-75.61171,6.25831],[-75.61198,6.25854],[-75.61218,6.25849],[-75.61171,6.25831]],[[-75.61184,6.25712],[-75.61183,6.25712],[-75.61184,6.25713],[-75.61184,6.25712]],[[-75.61197,6.25869],[-75.61189,6.25876],[-75.61198,6.25884],[-75.61197,6.25869]],[[-75.61209,6.25801],[-75.61195,6.25808],[-75.61215,6.25811],[-75.61209,6.25801]],[[-75.61205,6.25708],[-75.61213,6.25734],[-75.61245,6.25668],[-75.61205,6.25708]],[[-75.61309,6.25938],[-75.61205,6.25903],[-75.61254,6.25937],[-75.61309,6.25938]],[[-75.61293,6.25978],[-75.61207,6.25955],[-75.61256,6.25995],[-75.61293,6.25978]],[[-75.61215,6.25785],[-75.61236,6.25788],[-75.61226,6.25773],[-75.61215,6.25785]],[[-75.61232,6.25886],[-75.61219,6.25888],[-75.61242,6.2589],[-75.61232,6.25886]],[[-75.61226,6.2607],[-75.6123,6.26066],[-75.61227,6.26062],[-75.61226,6.2607]],[[-75.61233,6.25772],[-75.61262,6.25755],[-75.61256,6.25733],[-75.61233,6.25772]],[[-75.61233,6.26027],[-75.61285,6.2604],[-75.61249,6.26014],[-75.61233,6.26027]],[[-75.61243,6.25859],[-75.61236,6.25862],[-75.61254,6.25861],[-75.61243,6.25859]],[[-75.61241,6.25816],[-75.61239,6.25826],[-75.61259,6.25821],[-75.61241,6.25816]],[[-75.61259,6.25731],[-75.61287,6.25715],[-75.61282,6.25693],[-75.61259,6.25731]],[[-75.61261,6.25801],[-75.61261,6.25811],[-75.61272,6.2581],[-75.61261,6.25801]],[[-75.61276,6.25642],[-75.61264,6.25644],[-75.61278,6.25647],[-75.61276,6.25642]],[[-75.6127,6.25898],[-75.61277,6.25915],[-75.61284,6.25902],[-75.6127,6.25898]],[[-75.61274,6.258],[-75.61291,6.2579],[-75.61281,6.25772],[-75.61274,6.258]],[[-75.61279,6.25872],[-75.61274,6.25876],[-75.61284,6.25876],[-75.61279,6.25872]],[[-75.61279,6.25832],[-75.61279,6.25842],[-75.61286,6.25836],[-75.61279,6.25832]],[[-75.61292,6.25775],[-75.613,6.25767],[-75.61292,6.25759],[-75.61292,6.25775]],[[-75.61301,6.25758],[-75.61317,6.25749],[-75.61307,6.25732],[-75.61301,6.25758]],[[-75.6132,6.25799],[-75.61309,6.25814],[-75.61319,6.25827],[-75.6132,6.25799]],[[-75.61319,6.25734],[-75.6132,6.25719],[-75.61312,6.25726],[-75.61319,6.25734]],[[-75.61326,6.25775],[-75.61334,6.25799],[-75.61356,6.25769],[-75.61326,6.25775]],[[-75.61341,6.2584],[-75.61348,6.25866],[-75.61365,6.25846],[-75.61341,6.2584]],[[-75.61359,6.2576],[-75.61359,6.25733],[-75.61348,6.25746],[-75.61359,6.2576]],[[-75.61386,6.25798],[-75.61387,6.25785],[-75.6138,6.25793],[-75.61386,6.25798]],[[-75.61399,6.25785],[-75.614,6.25761],[-75.6139,6.25773],[-75.61399,6.25785]],[[-75.6144,6.25725],[-75.61442,6.25723],[-75.61441,6.25711],[-75.6144,6.25725]]],[[[-75.61201,6.26373],[-75.61065,6.26441],[-75.60765,6.26361],[-75.60817,6.26291],[-75.60569,6.26308],[-75.60805,6.26034],[-75.60809,6.26029],[-75.61228,6.26222],[-75.61094,6.26245],[-75.61201,6.26373]],[[-75.60786,6.26184],[-75.60892,6.26094],[-75.60805,6.26034],[-75.60786,6.26184]],[[-75.60653,6.26289],[-75.60712,6.26263],[-75.60675,6.26196],[-75.60653,6.26289]],[[-75.60711,6.26158],[-75.60701,6.26167],[-75.6073,6.26176],[-75.60711,6.26158]],[[-75.60774,6.26266],[-75.60775,6.26234],[-75.60758,6.26246],[-75.60774,6.26266]],[[-75.60815,6.26271],[-75.60808,6.26263],[-75.60806,6.26283],[-75.60815,6.26271]],[[-75.60823,6.26198],[-75.6081,6.26209],[-75.60837,6.26233],[-75.60823,6.26198]],[[-75.60833,6.26332],[-75.60812,6.2637],[-75.6084,6.26364],[-75.60833,6.26332]],[[-75.60847,6.26296],[-75.60837,6.26295],[-75.60819,6.26315],[-75.60847,6.26296]],[[-75.6084,6.26275],[-75.60831,6.26264],[-75.60834,6.26287],[-75.6084,6.26275]],[[-75.60874,6.26235],[-75.60882,6.26139],[-75.60841,6.26173],[-75.60874,6.26235]],[[-75.60846,6.26261],[-75.60847,6.2625],[-75.60841,6.26255],[-75.60846,6.26261]],[[-75.60848,6.26336],[-75.60847,6.26331],[-75.60847,6.26338],[-75.60848,6.26336]],[[-75.60887,6.26271],[-75.60872,6.26254],[-75.6086,6.26256],[-75.60887,6.26271]],[[-75.60923,6.26358],[-75.60917,6.26285],[-75.60899,6.2625],[-75.60923,6.26358]],[[-75.60913,6.2618],[-75.60915,6.26168],[-75.60907,6.26174],[-75.60913,6.2618]],[[-75.60921,6.2612],[-75.60926,6.26125],[-75.60928,6.26116],[-75.60921,6.2612]],[[-75.60923,6.26216],[-75.60952,6.26209],[-75.6094,6.26195],[-75.60923,6.26216]],[[-75.60937,6.26132],[-75.60939,6.26139],[-75.60945,6.26131],[-75.60937,6.26132]],[[-75.60946,6.26283],[-75.60942,6.26281],[-75.60941,6.26285],[-75.60946,6.26283]],[[-75.60974,6.26175],[-75.60963,6.26165],[-75.60954,6.26196],[-75.60974,6.26175]],[[-75.60984,6.26209],[-75.60955,6.26249],[-75.60971,6.26256],[-75.60984,6.26209]],[[-75.60977,6.2616],[-75.60979,6.26165],[-75.60985,6.26159],[-75.60977,6.2616]],[[-75.60989,6.26201],[-75.60995,6.26206],[-75.60995,6.26195],[-75.60989,6.26201]],[[-75.61043,6.26221],[-75.61028,6.26205],[-75.60994,6.26284],[-75.61043,6.26221]],[[-75.60996,6.26299],[-75.60996,6.26296],[-75.60994,6.26297],[-75.60996,6.26299]],[[-75.60996,6.26216],[-75.61009,6.26201],[-75.60998,6.26212],[-75.60996,6.26216]],[[-75.61008,6.26192],[-75.61009,6.26182],[-75.61002,6.26187],[-75.61008,6.26192]],[[-75.61021,6.26303],[-75.61051,6.26248],[-75.61022,6.26271],[-75.61021,6.26303]],[[-75.61082,6.26421],[-75.61131,6.26385],[-75.61036,6.26404],[-75.61082,6.26421]],[[-75.61124,6.26182],[-75.61086,6.26182],[-75.61061,6.26249],[-75.61124,6.26182]]],[[[-75.60853,6.22405],[-75.60614,6.22517],[-75.60616,6.22515],[-75.60846,6.223],[-75.60853,6.22405]]],[[[-75.60809,6.24212],[-75.60959,6.24298],[-75.60956,6.2433],[-75.60719,6.24414],[-75.60809,6.24212]],[[-75.60839,6.24313],[-75.60824,6.24284],[-75.60818,6.24318],[-75.60839,6.24313]],[[-75.60877,6.24282],[-75.60883,6.24312],[-75.60941,6.2429],[-75.60877,6.24282]]],[[[-75.60743,6.23111],[-75.60908,6.23048],[-75.60961,6.23144],[-75.60743,6.23111]],[[-75.60879,6.23099],[-75.60907,6.23083],[-75.60859,6.23084],[-75.60879,6.23099]]],[[[-75.60785,6.23414],[-75.61023,6.23422],[-75.61072,6.23508],[-75.60785,6.23414]]],[[[-75.60797,6.25228],[-75.60938,6.2511],[-75.60965,6.25138],[-75.60967,6.25086],[-75.61104,6.24983],[-75.61013,6.25146],[-75.60993,6.25183],[-75.60925,6.2518],[-75.60975,6.25216],[-75.60929,6.25298],[-75.60797,6.25228]],[[-75.61006,6.25126],[-75.60992,6.25153],[-75.61013,6.25146],[-75.61006,6.25126]],[[-75.60906,6.2518],[-75.60887,6.25223],[-75.6094,6.25259],[-75.60906,6.2518]],[[-75.61038,6.25053],[-75.61029,6.25042],[-75.61028,6.25053],[-75.61038,6.25053]],[[-75.61044,6.25068],[-75.61053,6.25064],[-75.61049,6.25055],[-75.61044,6.25068]]],[[[-75.61359,6.23908],[-75.60907,6.23562],[-75.60825,6.24171],[-75.60892,6.23523],[-75.61359,6.23908]]],[[[-75.61545,6.27437],[-75.61609,6.27374],[-75.60925,6.27263],[-75.60928,6.27262],[-75.61668,6.27331],[-75.61545,6.27437]]],[[[-75.61027,6.27203],[-75.611,6.27221],[-75.60928,6.27262],[-75.61027,6.27203]]],[[[-75.61152,6.24803],[-75.61101,6.24865],[-75.61159,6.24809],[-75.61257,6.24901],[-75.60949,6.25024],[-75.61095,6.2475],[-75.61152,6.24803]],[[-75.60977,6.24974],[-75.6098,6.24988],[-75.60986,6.2498],[-75.60977,6.24974]],[[-75.61062,6.24932],[-75.60997,6.24941],[-75.61027,6.24977],[-75.61062,6.24932]],[[-75.6106,6.24877],[-75.61051,6.24885],[-75.61058,6.24894],[-75.6106,6.24877]],[[-75.61073,6.24864],[-75.61064,6.24871],[-75.61072,6.24879],[-75.61073,6.24864]],[[-75.6108,6.24863],[-75.61091,6.24863],[-75.6109,6.24852],[-75.6108,6.24863]],[[-75.61101,6.24836],[-75.61091,6.24844],[-75.61099,6.24852],[-75.61101,6.24836]],[[-75.61101,6.24905],[-75.61099,6.24919],[-75.61107,6.24913],[-75.61101,6.24905]],[[-75.61109,6.24894],[-75.61108,6.24904],[-75.61118,6.24905],[-75.61109,6.24894]],[[-75.6111,6.24825],[-75.61114,6.24839],[-75.6112,6.2483],[-75.6111,6.24825]],[[-75.61128,6.24878],[-75.6112,6.24885],[-75.61127,6.24893],[-75.61128,6.24878]],[[-75.6114,6.24851],[-75.61141,6.2488],[-75.61151,6.24867],[-75.6114,6.24851]],[[-75.61142,6.24932],[-75.61141,6.24946],[-75.61148,6.24939],[-75.61142,6.24932]],[[-75.61151,6.24919],[-75.61157,6.24933],[-75.61161,6.24923],[-75.61151,6.24919]],[[-75.61155,6.24854],[-75.61155,6.24859],[-75.61156,6.24857],[-75.61155,6.24854]],[[-75.61164,6.24892],[-75.61169,6.2492],[-75.61189,6.24898],[-75.61164,6.24892]]],[[[-75.6158,6.25143],[-75.617,6.25168],[-75.61561,6.25223],[-75.61562,6.25373],[-75.61328,6.25382],[-75.61515,6.25225],[-75.61058,6.25393],[-75.61743,6.24605],[-75.61766,6.24894],[-75.61666,6.2493],[-75.61767,6.24908],[-75.61775,6.25014],[-75.62002,6.24639],[-75.62001,6.24816],[-75.61959,6.24933],[-75.61965,6.2472],[-75.61778,6.2503],[-75.6158,6.25143]],[[-75.61416,6.25105],[-75.61416,6.251],[-75.61415,6.25102],[-75.61416,6.25105]],[[-75.61419,6.25079],[-75.6143,6.25057],[-75.61419,6.25076],[-75.61419,6.25079]],[[-75.61461,6.2513],[-75.61465,6.25127],[-75.6146,6.25122],[-75.61461,6.2513]],[[-75.61564,6.24967],[-75.61562,6.24963],[-75.61561,6.24965],[-75.61564,6.24967]],[[-75.61646,6.25019],[-75.61561,6.24996],[-75.61561,6.25025],[-75.61646,6.25019]],[[-75.6157,6.2506],[-75.61562,6.25059],[-75.61561,6.2506],[-75.6157,6.2506]],[[-75.61564,6.25193],[-75.61562,6.25193],[-75.61562,6.25199],[-75.61564,6.25193]],[[-75.61647,6.2506],[-75.6158,6.25059],[-75.61595,6.25069],[-75.61647,6.2506]],[[-75.61594,6.25045],[-75.61602,6.25033],[-75.61587,6.25047],[-75.61594,6.25045]],[[-75.61599,6.25101],[-75.61602,6.25103],[-75.61605,6.25101],[-75.61599,6.25101]],[[-75.6161,6.25179],[-75.61618,6.25192],[-75.61631,6.25182],[-75.6161,6.25179]],[[-75.61625,6.24922],[-75.61634,6.24931],[-75.6165,6.24925],[-75.61625,6.24922]],[[-75.6167,6.24965],[-75.61655,6.24951],[-75.61652,6.24952],[-75.6167,6.24965]],[[-75.61656,6.24939],[-75.61656,6.24931],[-75.61654,6.24937],[-75.61656,6.24939]],[[-75.61729,6.25023],[-75.61706,6.25009],[-75.61661,6.2502],[-75.61729,6.25023]],[[-75.61714,6.24993],[-75.617,6.24991],[-75.61668,6.24994],[-75.61714,6.24993]],[[-75.6175,6.25039],[-75.61749,6.25004],[-75.61737,6.25023],[-75.6175,6.25039]],[[-75.61989,6.24788],[-75.61981,6.24774],[-75.61981,6.24796],[-75.61989,6.24788]]],[[[-75.61337,6.2702],[-75.6115,6.2706],[-75.61209,6.26764],[-75.61348,6.27003],[-75.61322,6.27083],[-75.61521,6.2712],[-75.6112,6.27216],[-75.61337,6.2702]],[[-75.61221,6.27181],[-75.6125,6.27177],[-75.61214,6.27175],[-75.61221,6.27181]]],[[[-75.61435,6.27691],[-75.61212,6.27666],[-75.61452,6.27489],[-75.61283,6.27652],[-75.61621,6.27636],[-75.61696,6.27738],[-75.61435,6.27691]],[[-75.61271,6.27661],[-75.6127,6.27666],[-75.61278,6.27664],[-75.61271,6.27661]],[[-75.61465,6.27675],[-75.61459,6.27678],[-75.61464,6.27689],[-75.61465,6.27675]]],[[[-75.61602,6.2685],[-75.61566,6.26933],[-75.61426,6.26769],[-75.61393,6.26836],[-75.61341,6.26713],[-75.61368,6.26654],[-75.61279,6.26666],[-75.61255,6.26437],[-75.61602,6.2685]],[[-75.61263,6.26465],[-75.61267,6.26475],[-75.61268,6.26465],[-75.61263,6.26465]],[[-75.61326,6.26552],[-75.61325,6.26546],[-75.61322,6.26545],[-75.61326,6.26552]],[[-75.61375,6.26784],[-75.61379,6.26783],[-75.61373,6.26783],[-75.61375,6.26784]],[[-75.6143,6.2667],[-75.6143,6.26675],[-75.61437,6.26674],[-75.6143,6.2667]]],[[[-75.61271,6.2618],[-75.61336,6.26216],[-75.61283,6.26168],[-75.61463,6.25985],[-75.61425,6.2645],[-75.61271,6.2618]]],[[[-75.6157,6.25814],[-75.61617,6.25968],[-75.61399,6.25906],[-75.61461,6.25912],[-75.61558,6.25806],[-75.61477,6.2575],[-75.6181,6.25706],[-75.61681,6.25834],[-75.6178,6.25882],[-75.61768,6.2595],[-75.61659,6.25987],[-75.61681,6.2589],[-75.6157,6.25814]],[[-75.61514,6.2591],[-75.61506,6.2592],[-75.61514,6.2592],[-75.61514,6.2591]],[[-75.61708,6.25724],[-75.61712,6.25729],[-75.61718,6.25725],[-75.61708,6.25724]],[[-75.61766,6.25946],[-75.6177,6.25932],[-75.61767,6.25924],[-75.61766,6.25946]]],[[[-75.61804,6.25192],[-75.61755,6.25334],[-75.61571,6.25344],[-75.61804,6.25192]],[[-75.6168,6.25313],[-75.61583,6.25341],[-75.61748,6.25316],[-75.6168,6.25313]],[[-75.61751,6.2528],[-75.61752,6.25274],[-75.61748,6.25276],[-75.61751,6.2528]],[[-75.61778,6.25253],[-75.61783,6.25249],[-75.61777,6.25248],[-75.61778,6.25253]]],[[[-75.62037,6.25282],[-75.61661,6.25454],[-75.61794,6.25387],[-75.61983,6.25173],[-75.62037,6.25282]],[[-75.619,6.25294],[-75.61906,6.2529],[-75.61901,6.25284],[-75.619,6.25294]],[[-75.6197,6.25247],[-75.61968,6.25251],[-75.61975,6.25249],[-75.6197,6.25247]]],[[[-75.62122,6.24401],[-75.61852,6.24482],[-75.62039,6.24549],[-75.61781,6.24549],[-75.6182,6.24491],[-75.61701,6.24526],[-75.61667,6.24475],[-75.61822,6.24452],[-75.61786,6.24172],[-75.61857,6.24455],[-75.62038,6.24412],[-75.62122,6.24401]],[[-75.62011,6.24422],[-75.62006,6.2442],[-75.62002,6.24422],[-75.62011,6.24422]]],[[[-75.62132,6.27703],[-75.62506,6.27769],[-75.62473,6.27945],[-75.62084,6.2769],[-75.62459,6.27512],[-75.61955,6.2743],[-75.6207,6.27558],[-75.61878,6.27588],[-75.61908,6.27422],[-75.61793,6.27381],[-75.62003,6.2741],[-75.61916,6.27379],[-75.61934,6.2728],[-75.6274,6.27584],[-75.62978,6.27378],[-75.63402,6.27413],[-75.63103,6.27224],[-75.62724,6.27533],[-75.62671,6.27364],[-75.62792,6.27021],[-75.63508,6.27443],[-75.62132,6.27703]],[[-75.62819,6.27041],[-75.62734,6.27423],[-75.62966,6.27206],[-75.62819,6.27041]],[[-75.62816,6.27358],[-75.62753,6.27431],[-75.62788,6.27417],[-75.62816,6.27358]],[[-75.6285,6.27343],[-75.62835,6.27349],[-75.62862,6.27348],[-75.6285,6.27343]],[[-75.62951,6.27293],[-75.62949,6.27294],[-75.6295,6.27298],[-75.62951,6.27293]],[[-75.62952,6.27315],[-75.62951,6.27324],[-75.62955,6.2732],[-75.62952,6.27315]],[[-75.62991,6.2745],[-75.62986,6.27461],[-75.62991,6.27487],[-75.62991,6.2745]],[[-75.63106,6.27439],[-75.63083,6.27457],[-75.63118,6.27442],[-75.63106,6.27439]],[[-75.63169,6.27413],[-75.63139,6.27429],[-75.63156,6.27429],[-75.63169,6.27413]],[[-75.63339,6.27411],[-75.63327,6.27414],[-75.6335,6.27414],[-75.63339,6.27411]]],[[[-75.6213,6.24647],[-75.62132,6.24643],[-75.62561,6.24673],[-75.62624,6.24697],[-75.62544,6.24757],[-75.62787,6.24798],[-75.62811,6.24826],[-75.62065,6.24917],[-75.62239,6.25086],[-75.61952,6.24981],[-75.6213,6.24647]],[[-75.62201,6.24721],[-75.6232,6.24738],[-75.6213,6.24647],[-75.62201,6.24721]],[[-75.62034,6.24931],[-75.62019,6.24943],[-75.62053,6.24952],[-75.62034,6.24931]],[[-75.62042,6.24819],[-75.62062,6.24873],[-75.62073,6.2481],[-75.62042,6.24819]],[[-75.62065,6.24986],[-75.62051,6.24985],[-75.62066,6.25019],[-75.62065,6.24986]],[[-75.6217,6.2503],[-75.6217,6.2505],[-75.62176,6.25044],[-75.6217,6.2503]],[[-75.62214,6.24733],[-75.62198,6.24731],[-75.62194,6.24733],[-75.62214,6.24733]],[[-75.62238,6.24748],[-75.62238,6.24742],[-75.62236,6.24746],[-75.62238,6.24748]],[[-75.623,6.24746],[-75.62267,6.24742],[-75.62265,6.24776],[-75.623,6.24746]],[[-75.62551,6.24773],[-75.62522,6.24759],[-75.62535,6.24774],[-75.62551,6.24773]],[[-75.62611,6.24773],[-75.62595,6.24771],[-75.62582,6.24773],[-75.62611,6.24773]],[[-75.6265,6.248],[-75.62645,6.24798],[-75.62643,6.248],[-75.6265,6.248]]],[[[-75.62072,6.25605],[-75.62117,6.25611],[-75.62035,6.2549],[-75.62189,6.25554],[-75.6228,6.25947],[-75.62072,6.25605]],[[-75.6215,6.25694],[-75.62139,6.25693],[-75.6214,6.25701],[-75.6215,6.25694]],[[-75.62152,6.25665],[-75.62155,6.25658],[-75.62148,6.25662],[-75.62152,6.25665]],[[-75.62161,6.25671],[-75.6216,6.25671],[-75.62161,6.25672],[-75.62161,6.25671]],[[-75.62186,6.25781],[-75.62188,6.25773],[-75.62179,6.25777],[-75.62186,6.25781]],[[-75.62195,6.25673],[-75.622,6.25682],[-75.622,6.2567],[-75.62195,6.25673]],[[-75.62213,6.25713],[-75.62214,6.25712],[-75.62214,6.25705],[-75.62213,6.25713]],[[-75.62229,6.25764],[-75.62227,6.25762],[-75.62227,6.25766],[-75.62229,6.25764]],[[-75.62227,6.25803],[-75.62228,6.25808],[-75.62236,6.25805],[-75.62227,6.25803]]],[[[-75.62058,6.26624],[-75.6272,6.26648],[-75.62551,6.2621],[-75.62964,6.26955],[-75.63638,6.27141],[-75.63632,6.27163],[-75.63434,6.27189],[-75.6284,6.26957],[-75.62785,6.26749],[-75.62699,6.26799],[-75.62563,6.26695],[-75.62058,6.26624]]],[[[-75.62271,6.26159],[-75.62146,6.25812],[-75.62314,6.25993],[-75.62271,6.26159]]],[[[-75.62234,6.2223],[-75.62259,6.22089],[-75.62565,6.22102],[-75.62234,6.2223]]],[[[-75.62327,6.26005],[-75.62555,6.26442],[-75.62304,6.26198],[-75.62327,6.26005]]],[[[-75.63222,6.22284],[-75.63433,6.22271],[-75.62634,6.22531],[-75.62373,6.22338],[-75.63029,6.22297],[-75.63189,6.22286],[-75.63243,6.22135],[-75.63402,6.2218],[-75.63222,6.22284]],[[-75.63022,6.22313],[-75.63033,6.22328],[-75.63029,6.22297],[-75.63022,6.22313]],[[-75.62672,6.22354],[-75.62493,6.22363],[-75.62624,6.22408],[-75.62672,6.22354]],[[-75.62583,6.22399],[-75.62582,6.224],[-75.62585,6.224],[-75.62583,6.22399]],[[-75.62665,6.22399],[-75.62609,6.22413],[-75.62624,6.22484],[-75.62665,6.22399]],[[-75.62638,6.22518],[-75.6263,6.22522],[-75.62636,6.22529],[-75.62638,6.22518]],[[-75.62638,6.225],[-75.62637,6.22509],[-75.62652,6.22522],[-75.62638,6.225]],[[-75.62818,6.22342],[-75.62812,6.22345],[-75.62849,6.22344],[-75.62818,6.22342]],[[-75.62926,6.22341],[-75.62914,6.22345],[-75.62943,6.22345],[-75.62926,6.22341]],[[-75.63069,6.22347],[-75.62986,6.22358],[-75.63089,6.22359],[-75.63069,6.22347]],[[-75.63016,6.22303],[-75.63015,6.22315],[-75.63016,6.2232],[-75.63016,6.22303]],[[-75.63044,6.22298],[-75.63044,6.22332],[-75.63046,6.22307],[-75.63044,6.22298]],[[-75.63061,6.22328],[-75.63071,6.22298],[-75.63052,6.22309],[-75.63061,6.22328]],[[-75.63138,6.22343],[-75.63136,6.22345],[-75.63139,6.22346],[-75.63138,6.22343]],[[-75.6319,6.22327],[-75.63175,6.22331],[-75.63191,6.22333],[-75.6319,6.22327]]],[[[-75.62655,6.25478],[-75.62574,6.25613],[-75.62452,6.25397],[-75.62654,6.25354],[-75.62655,6.25478]],[[-75.6247,6.25394],[-75.62465,6.25398],[-75.6247,6.25404],[-75.6247,6.25394]],[[-75.6251,6.25471],[-75.62518,6.25463],[-75.62506,6.25463],[-75.6251,6.25471]],[[-75.62577,6.25415],[-75.62594,6.2538],[-75.62577,6.25385],[-75.62577,6.25415]],[[-75.62607,6.25388],[-75.62589,6.2541],[-75.62606,6.25426],[-75.62607,6.25388]],[[-75.62615,6.25415],[-75.62626,6.25408],[-75.62616,6.25406],[-75.62615,6.25415]],[[-75.62615,6.25478],[-75.62624,6.25478],[-75.62616,6.25477],[-75.62615,6.25478]],[[-75.62645,6.25477],[-75.62641,6.25478],[-75.62648,6.25478],[-75.62645,6.25477]]],[[[-75.62576,6.27781],[-75.62871,6.27832],[-75.62585,6.27906],[-75.62576,6.27781]]],[[[-75.62606,6.25671],[-75.6308,6.25808],[-75.62759,6.25865],[-75.62702,6.25793],[-75.62769,6.2596],[-75.62606,6.25671]],[[-75.62762,6.25777],[-75.62776,6.25773],[-75.62767,6.25767],[-75.62762,6.25777]],[[-75.62806,6.25781],[-75.6281,6.25803],[-75.62831,6.25789],[-75.62806,6.25781]]],[[[-75.62829,6.24847],[-75.62951,6.24989],[-75.62609,6.25163],[-75.6273,6.24988],[-75.62753,6.25072],[-75.62802,6.25009],[-75.62737,6.24978],[-75.62829,6.24847]],[[-75.62836,6.24901],[-75.62792,6.24961],[-75.62808,6.25006],[-75.62836,6.24901]],[[-75.62814,6.24913],[-75.62806,6.24905],[-75.62807,6.24915],[-75.62814,6.24913]],[[-75.62806,6.24937],[-75.6281,6.24933],[-75.62807,6.24927],[-75.62806,6.24937]],[[-75.62822,6.24918],[-75.62819,6.24913],[-75.62814,6.2492],[-75.62822,6.24918]],[[-75.6284,6.24936],[-75.6282,6.25008],[-75.62853,6.24961],[-75.6284,6.24936]],[[-75.62863,6.24932],[-75.62849,6.2498],[-75.62864,6.24975],[-75.62863,6.24932]],[[-75.62861,6.25005],[-75.62904,6.24976],[-75.62891,6.24933],[-75.62861,6.25005]]],[[[-75.62836,6.25104],[-75.62856,6.25238],[-75.6267,6.25316],[-75.62836,6.25104]]],[[[-75.63161,6.24965],[-75.62902,6.25278],[-75.63046,6.24868],[-75.63161,6.24965]]],[[[-75.63008,6.27671],[-75.63226,6.27741],[-75.63073,6.2778],[-75.63008,6.27671]]],[[[-75.63637,6.27641],[-75.6336,6.27555],[-75.6348,6.27545],[-75.63576,6.27294],[-75.63494,6.27532],[-75.63951,6.27484],[-75.63631,6.27533],[-75.63917,6.2751],[-75.63936,6.27806],[-75.63935,6.27895],[-75.64159,6.27895],[-75.64148,6.27963],[-75.6408,6.27956],[-75.64317,6.28055],[-75.63847,6.27874],[-75.63813,6.27724],[-75.63683,6.27811],[-75.63214,6.2763],[-75.63853,6.27712],[-75.63785,6.27556],[-75.63637,6.27641]],[[-75.63886,6.27791],[-75.63868,6.27821],[-75.63872,6.27865],[-75.63886,6.27791]],[[-75.63868,6.27548],[-75.63875,6.27548],[-75.63872,6.27546],[-75.63868,6.27548]],[[-75.63874,6.27722],[-75.6387,6.27725],[-75.63881,6.27725],[-75.63874,6.27722]],[[-75.63889,6.2787],[-75.63905,6.27851],[-75.63894,6.27837],[-75.63889,6.2787]],[[-75.63927,6.27806],[-75.63926,6.27813],[-75.63927,6.27812],[-75.63927,6.27806]],[[-75.63931,6.27809],[-75.63934,6.27807],[-75.63931,6.27802],[-75.63931,6.27809]],[[-75.64129,6.27947],[-75.64146,6.27925],[-75.64117,6.27941],[-75.64129,6.27947]]],[[[-75.63448,6.28072],[-75.63385,6.27956],[-75.63629,6.28083],[-75.63448,6.28072]]],[[[-75.63473,6.22253],[-75.63406,6.21977],[-75.63522,6.21817],[-75.63473,6.22253]],[[-75.63443,6.21973],[-75.63453,6.21981],[-75.63452,6.21972],[-75.63443,6.21973]],[[-75.63464,6.21946],[-75.6346,6.21952],[-75.63462,6.21964],[-75.63464,6.21946]]],[[[-75.64304,6.1778],[-75.63977,6.17893],[-75.63992,6.17751],[-75.63839,6.17734],[-75.636,6.17457],[-75.63739,6.17521],[-75.65194,6.17348],[-75.63749,6.17525],[-75.64304,6.1778]]],[[[-75.63682,6.27863],[-75.639,6.27995],[-75.63647,6.27931],[-75.63682,6.27863]]],[[[-75.6445,6.28226],[-75.6405,6.28461],[-75.64069,6.28213],[-75.64175,6.28197],[-75.64112,6.28105],[-75.64131,6.27993],[-75.64497,6.28186],[-75.64191,6.28064],[-75.6445,6.28226]],[[-75.64144,6.28065],[-75.64153,6.2806],[-75.64144,6.28047],[-75.64144,6.28065]],[[-75.64307,6.28169],[-75.64349,6.2826],[-75.64384,6.28215],[-75.64307,6.28169]],[[-75.64441,6.28223],[-75.64429,6.28225],[-75.64444,6.28226],[-75.64441,6.28223]]],[[[-75.64426,6.18503],[-75.64339,6.18639],[-75.64419,6.18499],[-75.6428,6.18505],[-75.64274,6.18496],[-75.64263,6.18504],[-75.64275,6.1849],[-75.64057,6.18477],[-75.64142,6.18185],[-75.64426,6.18503]],[[-75.64102,6.18475],[-75.641,6.18478],[-75.64105,6.18478],[-75.64102,6.18475]],[[-75.64143,6.18324],[-75.64139,6.18328],[-75.64142,6.18332],[-75.64143,6.18324]]],[[[-75.64261,6.18506],[-75.64263,6.18504],[-75.6428,6.18505],[-75.64261,6.18506]]],[[[-75.64314,6.17408],[-75.64378,6.17382],[-75.64072,6.17438],[-75.64063,6.1742],[-75.64963,6.1714],[-75.65109,6.17352],[-75.64314,6.17408]]],[[[-75.65201,6.18459],[-75.65158,6.18346],[-75.65123,6.18498],[-75.65004,6.18409],[-75.65124,6.18344],[-75.64825,6.18276],[-75.64763,6.18411],[-75.64808,6.18279],[-75.64273,6.18236],[-75.64208,6.18161],[-75.65541,6.18291],[-75.65201,6.18459]],[[-75.65189,6.18309],[-75.65168,6.18306],[-75.65179,6.18324],[-75.65189,6.18309]],[[-75.65233,6.18328],[-75.65261,6.18324],[-75.65245,6.18314],[-75.65233,6.18328]],[[-75.65307,6.18311],[-75.65294,6.18304],[-75.65288,6.18314],[-75.65307,6.18311]],[[-75.653,6.18343],[-75.65289,6.18333],[-75.6529,6.18344],[-75.653,6.18343]]],[[[-75.65114,6.18514],[-75.65049,6.18632],[-75.65111,6.18557],[-75.65286,6.18625],[-75.65563,6.18584],[-75.65568,6.18884],[-75.65561,6.18585],[-75.6498,6.18853],[-75.64695,6.18678],[-75.64953,6.18686],[-75.65096,6.18533],[-75.64983,6.18499],[-75.65114,6.18514]],[[-75.65004,6.18746],[-75.64927,6.1871],[-75.64955,6.18794],[-75.65004,6.18746]],[[-75.64996,6.18718],[-75.64995,6.187],[-75.64983,6.18699],[-75.64996,6.18718]],[[-75.65143,6.1858],[-75.65059,6.18639],[-75.65219,6.18621],[-75.65143,6.1858]],[[-75.65287,6.18674],[-75.65289,6.18655],[-75.65275,6.18662],[-75.65287,6.18674]],[[-75.65292,6.18654],[-75.65293,6.18654],[-75.65293,6.18653],[-75.65292,6.18654]],[[-75.65313,6.18687],[-75.65305,6.18687],[-75.65311,6.18696],[-75.65313,6.18687]]],[[[-75.64795,6.17587],[-75.65251,6.17518],[-75.65103,6.17599],[-75.64795,6.17587]]],[[[-75.65206,6.18524],[-75.65347,6.18406],[-75.65419,6.18455],[-75.6543,6.18566],[-75.65206,6.18524]],[[-75.6537,6.18435],[-75.65367,6.18434],[-75.65367,6.18441],[-75.6537,6.18435]],[[-75.65375,6.18437],[-75.65371,6.18493],[-75.65387,6.18441],[-75.65375,6.18437]],[[-75.65378,6.1854],[-75.65375,6.18541],[-75.65379,6.18541],[-75.65378,6.1854]]],[[[-75.65818,6.1824],[-75.66122,6.18142],[-75.65855,6.18331],[-75.65601,6.18309],[-75.65818,6.1824]],[[-75.65835,6.18291],[-75.65844,6.18279],[-75.65821,6.18266],[-75.65835,6.18291]],[[-75.65851,6.18327],[-75.65857,6.18323],[-75.65852,6.18319],[-75.65851,6.18327]],[[-75.65865,6.18291],[-75.65864,6.18298],[-75.65868,6.18295],[-75.65865,6.18291]]],[[[-75.65921,6.1834],[-75.65836,6.18472],[-75.6592,6.18473],[-75.65922,6.18348],[-75.65964,6.18738],[-75.66003,6.1868],[-75.66284,6.18757],[-75.6562,6.18775],[-75.65921,6.1834]],[[-75.65762,6.18643],[-75.65752,6.18643],[-75.65748,6.18686],[-75.65762,6.18643]],[[-75.65787,6.18657],[-75.658,6.18644],[-75.65771,6.18643],[-75.65787,6.18657]],[[-75.65884,6.18489],[-75.65833,6.18557],[-75.65931,6.18576],[-75.65884,6.18489]]],[[[-75.66096,6.18584],[-75.66018,6.18578],[-75.66048,6.18654],[-75.65957,6.18573],[-75.66083,6.18298],[-75.66096,6.18584]]],[[[-75.66166,6.18241],[-75.66152,6.18116],[-75.66289,6.18081],[-75.66166,6.18241]],[[-75.66242,6.18122],[-75.66243,6.18119],[-75.66242,6.18117],[-75.66242,6.18122]]]]}},{"type":"Feature","properties":{"iso":65,"rango_db":"65.0-70.0","ha":2894.7},"geometry":{"type":"MultiPolygon","coordinates":[[[[-75.53239,6.23565],[-75.53472,6.23498],[-75.53164,6.23707],[-75.53239,6.23565]],[[-75.5334,6.23579],[-75.53347,6.23579],[-75.53345,6.23573],[-75.5334,6.23579]]],[[[-75.5367,6.22889],[-75.53407,6.22929],[-75.53647,6.23105],[-75.53289,6.22858],[-75.53659,6.22797],[-75.5367,6.22889]]],[[[-75.56448,6.23367],[-75.56291,6.23615],[-75.56134,6.23505],[-75.55804,6.23533],[-75.55814,6.2355],[-75.55796,6.23622],[-75.55765,6.23589],[-75.55793,6.23634],[-75.55761,6.23766],[-75.5568,6.23907],[-75.55755,6.23788],[-75.55722,6.23924],[-75.55956,6.24102],[-75.5563,6.23882],[-75.55734,6.23628],[-75.55545,6.23824],[-75.55557,6.23632],[-75.55505,6.23797],[-75.55441,6.23754],[-75.55556,6.23561],[-75.55351,6.23377],[-75.55478,6.23358],[-75.55265,6.23318],[-75.55198,6.23262],[-75.55262,6.23232],[-75.55059,6.23146],[-75.55126,6.23306],[-75.55002,6.23322],[-75.54998,6.2322],[-75.5489,6.2335],[-75.55948,6.2416],[-75.5567,6.23974],[-75.55566,6.23997],[-75.55579,6.23929],[-75.55482,6.24069],[-75.55495,6.23999],[-75.55433,6.24019],[-75.5527,6.23848],[-75.55257,6.23736],[-75.5521,6.23785],[-75.55148,6.23695],[-75.55359,6.24189],[-75.55514,6.24132],[-75.55611,6.24345],[-75.55637,6.24402],[-75.56012,6.2434],[-75.56298,6.24511],[-75.5622,6.24619],[-75.56247,6.2451],[-75.56096,6.24579],[-75.56072,6.24391],[-75.56002,6.24499],[-75.55917,6.24507],[-75.56151,6.24654],[-75.56058,6.2462],[-75.55984,6.24738],[-75.5632,6.24905],[-75.56279,6.24964],[-75.56208,6.24938],[-75.56214,6.25058],[-75.56141,6.25026],[-75.56209,6.25065],[-75.56114,6.25096],[-75.56158,6.25139],[-75.56043,6.25303],[-75.55632,6.24964],[-75.55705,6.24836],[-75.55599,6.2498],[-75.54942,6.24944],[-75.55228,6.24971],[-75.54899,6.24983],[-75.54769,6.24835],[-75.55488,6.24877],[-75.5475,6.24534],[-75.55305,6.24534],[-75.55427,6.24628],[-75.5534,6.24534],[-75.55462,6.24615],[-75.55446,6.24459],[-75.54702,6.24321],[-75.539,6.23343],[-75.53548,6.2347],[-75.53556,6.23442],[-75.53607,6.23255],[-75.53686,6.23255],[-75.53616,6.23221],[-75.53909,6.23318],[-75.54159,6.2354],[-75.54145,6.23454],[-75.54975,6.24266],[-75.54949,6.24002],[-75.54985,6.23989],[-75.54486,6.23544],[-75.54714,6.23715],[-75.54442,6.23331],[-75.54469,6.23596],[-75.54387,6.23283],[-75.54297,6.23406],[-75.54396,6.23546],[-75.53761,6.23102],[-75.54107,6.23239],[-75.53906,6.23121],[-75.54049,6.23139],[-75.54139,6.22855],[-75.54178,6.22969],[-75.54293,6.22687],[-75.54178,6.22729],[-75.54247,6.2251],[-75.54426,6.22903],[-75.54403,6.2291],[-75.54867,6.23528],[-75.54843,6.22978],[-75.54927,6.2313],[-75.5539,6.22909],[-75.55118,6.23142],[-75.55579,6.23154],[-75.55358,6.2325],[-75.55606,6.23444],[-75.56095,6.23096],[-75.55737,6.23523],[-75.56448,6.23367]],[[-75.55611,6.24359],[-75.55614,6.24359],[-75.55611,6.24345],[-75.55611,6.24359]],[[-75.53576,6.23443],[-75.53562,6.23428],[-75.53556,6.23442],[-75.53576,6.23443]],[[-75.53719,6.23292],[-75.53729,6.23293],[-75.53724,6.23288],[-75.53719,6.23292]],[[-75.53761,6.23321],[-75.53783,6.2332],[-75.53751,6.23293],[-75.53761,6.23321]],[[-75.53832,6.2332],[-75.5389,6.2332],[-75.53873,6.23318],[-75.53832,6.2332]],[[-75.53909,6.23335],[-75.53928,6.23354],[-75.53913,6.23331],[-75.53909,6.23335]],[[-75.54013,6.23224],[-75.54022,6.23233],[-75.54022,6.23216],[-75.54013,6.23224]],[[-75.54057,6.23247],[-75.54033,6.23249],[-75.54053,6.23272],[-75.54057,6.23247]],[[-75.54034,6.23496],[-75.54052,6.23511],[-75.54036,6.23494],[-75.54034,6.23496]],[[-75.54067,6.23287],[-75.54101,6.23303],[-75.54098,6.2328],[-75.54067,6.23287]],[[-75.54072,6.23197],[-75.5409,6.23195],[-75.54089,6.23176],[-75.54072,6.23197]],[[-75.54074,6.23215],[-75.54084,6.23212],[-75.54078,6.23206],[-75.54074,6.23215]],[[-75.54103,6.23157],[-75.54087,6.23094],[-75.54075,6.23178],[-75.54103,6.23157]],[[-75.54101,6.23265],[-75.54094,6.23249],[-75.54086,6.23271],[-75.54101,6.23265]],[[-75.54089,6.23077],[-75.5409,6.23082],[-75.5409,6.23075],[-75.54089,6.23077]],[[-75.54116,6.23287],[-75.54126,6.23279],[-75.54118,6.2327],[-75.54116,6.23287]],[[-75.54227,6.23312],[-75.54341,6.23283],[-75.5413,6.23021],[-75.54192,6.23021],[-75.54116,6.22971],[-75.54146,6.23245],[-75.54294,6.23449],[-75.54227,6.23312]],[[-75.54171,6.23672],[-75.54254,6.23698],[-75.54157,6.23643],[-75.54171,6.23672]],[[-75.54171,6.23525],[-75.54177,6.23504],[-75.54164,6.23508],[-75.54171,6.23525]],[[-75.54383,6.23227],[-75.54442,6.23156],[-75.54334,6.23025],[-75.54178,6.22975],[-75.54354,6.23108],[-75.54235,6.23071],[-75.54383,6.23227]],[[-75.54192,6.23541],[-75.54205,6.23542],[-75.54194,6.23529],[-75.54192,6.23541]],[[-75.54211,6.23105],[-75.54212,6.23117],[-75.54212,6.23098],[-75.54211,6.23105]],[[-75.54224,6.22953],[-75.54237,6.22966],[-75.5425,6.22917],[-75.54224,6.22953]],[[-75.54238,6.22587],[-75.5424,6.22587],[-75.54238,6.22586],[-75.54238,6.22587]],[[-75.54251,6.22872],[-75.54252,6.22876],[-75.54252,6.22869],[-75.54251,6.22872]],[[-75.54265,6.22657],[-75.54268,6.22653],[-75.54265,6.22649],[-75.54265,6.22657]],[[-75.54281,6.23698],[-75.54311,6.23698],[-75.54299,6.23697],[-75.54281,6.23698]],[[-75.54306,6.2334],[-75.54305,6.23348],[-75.54319,6.2333],[-75.54306,6.2334]],[[-75.54321,6.2349],[-75.54323,6.23478],[-75.54308,6.2346],[-75.54321,6.2349]],[[-75.54316,6.22683],[-75.54319,6.22696],[-75.54319,6.22678],[-75.54316,6.22683]],[[-75.54361,6.23251],[-75.54374,6.23271],[-75.54415,6.23207],[-75.54361,6.23251]],[[-75.54464,6.23132],[-75.5441,6.23234],[-75.54648,6.23362],[-75.54464,6.23132]],[[-75.54429,6.23293],[-75.54459,6.23319],[-75.54428,6.23277],[-75.54429,6.23293]],[[-75.54429,6.23851],[-75.54458,6.23903],[-75.5443,6.23817],[-75.54429,6.23851]],[[-75.54481,6.23344],[-75.54483,6.23346],[-75.54483,6.2334],[-75.54481,6.23344]],[[-75.54515,6.24038],[-75.54573,6.24049],[-75.54498,6.23995],[-75.54515,6.24038]],[[-75.54586,6.2344],[-75.54595,6.23442],[-75.54551,6.23398],[-75.54586,6.2344]],[[-75.54587,6.23196],[-75.54592,6.23198],[-75.54591,6.23195],[-75.54587,6.23196]],[[-75.54736,6.24157],[-75.54621,6.24049],[-75.54593,6.24049],[-75.54736,6.24157]],[[-75.54672,6.23509],[-75.54687,6.23521],[-75.54673,6.23504],[-75.54672,6.23509]],[[-75.54693,6.23399],[-75.54701,6.23399],[-75.54699,6.23398],[-75.54693,6.23399]],[[-75.54709,6.23523],[-75.54831,6.23638],[-75.548,6.23532],[-75.54709,6.23523]],[[-75.54728,6.23605],[-75.54742,6.23616],[-75.54728,6.23588],[-75.54728,6.23605]],[[-75.54744,6.23738],[-75.54747,6.23735],[-75.54743,6.23729],[-75.54744,6.23738]],[[-75.54769,6.24199],[-75.54788,6.24199],[-75.5477,6.24184],[-75.54769,6.24199]],[[-75.54769,6.24253],[-75.54777,6.24253],[-75.54772,6.24252],[-75.54769,6.24253]],[[-75.54771,6.23715],[-75.54786,6.237],[-75.54784,6.2364],[-75.54771,6.23715]],[[-75.54807,6.23786],[-75.54841,6.23675],[-75.54792,6.23682],[-75.54807,6.23786]],[[-75.54796,6.23778],[-75.54798,6.23816],[-75.54807,6.23786],[-75.54796,6.23778]],[[-75.54797,6.24266],[-75.54942,6.24266],[-75.54811,6.24209],[-75.54797,6.24266]],[[-75.54847,6.23737],[-75.5485,6.23773],[-75.5485,6.2372],[-75.54847,6.23737]],[[-75.55208,6.23616],[-75.5489,6.23437],[-75.54852,6.23776],[-75.54876,6.23826],[-75.54878,6.23679],[-75.5499,6.23643],[-75.54935,6.23813],[-75.55208,6.23616]],[[-75.54862,6.23248],[-75.54888,6.23391],[-75.54876,6.23186],[-75.54862,6.23248]],[[-75.54889,6.23156],[-75.54894,6.23129],[-75.54889,6.2311],[-75.54889,6.23156]],[[-75.54913,6.23399],[-75.54895,6.23412],[-75.54953,6.23413],[-75.54913,6.23399]],[[-75.54903,6.23858],[-75.55114,6.24017],[-75.55136,6.24033],[-75.55121,6.23696],[-75.54903,6.23858]],[[-75.55068,6.24054],[-75.551,6.24054],[-75.55114,6.24017],[-75.55068,6.24054]],[[-75.54904,6.23739],[-75.54906,6.237],[-75.54905,6.2369],[-75.54904,6.23739]],[[-75.54947,6.24335],[-75.54955,6.24325],[-75.54947,6.2432],[-75.54947,6.24335]],[[-75.54967,6.24279],[-75.54974,6.24311],[-75.55396,6.24435],[-75.55361,6.2433],[-75.54967,6.24279]],[[-75.54968,6.24117],[-75.54986,6.24125],[-75.54981,6.24113],[-75.54968,6.24117]],[[-75.54994,6.24075],[-75.55,6.24075],[-75.54999,6.24071],[-75.54994,6.24075]],[[-75.55025,6.24028],[-75.54994,6.24108],[-75.55036,6.24065],[-75.55025,6.24028]],[[-75.55035,6.24019],[-75.55027,6.24004],[-75.55,6.2405],[-75.55025,6.24028],[-75.55035,6.24019]],[[-75.55011,6.24116],[-75.55014,6.24118],[-75.55014,6.24112],[-75.55011,6.24116]],[[-75.55014,6.2424],[-75.55015,6.24239],[-75.55014,6.24238],[-75.55014,6.2424]],[[-75.55019,6.2398],[-75.55026,6.23989],[-75.55029,6.23974],[-75.55019,6.2398]],[[-75.5508,6.24161],[-75.55032,6.2423],[-75.55253,6.24279],[-75.5508,6.24161]],[[-75.55056,6.24065],[-75.55034,6.24106],[-75.55079,6.24088],[-75.55056,6.24065]],[[-75.55058,6.23988],[-75.55034,6.23991],[-75.55062,6.24012],[-75.55058,6.23988]],[[-75.55041,6.24144],[-75.55044,6.24133],[-75.55041,6.24129],[-75.55041,6.24144]],[[-75.55068,6.24149],[-75.55073,6.24143],[-75.55068,6.24136],[-75.55068,6.24149]],[[-75.55096,6.24279],[-75.551,6.24279],[-75.55097,6.24277],[-75.55096,6.24279]],[[-75.55164,6.24182],[-75.55227,6.2416],[-75.5515,6.24114],[-75.55253,6.24157],[-75.55121,6.24097],[-75.55164,6.24182]],[[-75.55163,6.24645],[-75.55166,6.24645],[-75.55165,6.24644],[-75.55163,6.24645]],[[-75.55175,6.2467],[-75.55205,6.24686],[-75.55176,6.24654],[-75.55175,6.2467]],[[-75.55183,6.23587],[-75.55194,6.23587],[-75.55189,6.23584],[-75.55183,6.23587]],[[-75.55185,6.24279],[-75.55231,6.24292],[-75.55206,6.24277],[-75.55185,6.24279]],[[-75.55368,6.2476],[-75.55456,6.24619],[-75.55411,6.24668],[-75.55185,6.24658],[-75.55342,6.24757],[-75.55402,6.24686],[-75.55368,6.2476]],[[-75.55244,6.23732],[-75.55277,6.23654],[-75.55191,6.23703],[-75.55244,6.23732]],[[-75.55199,6.23669],[-75.55202,6.23673],[-75.55202,6.23665],[-75.55199,6.23669]],[[-75.55213,6.24211],[-75.55219,6.2421],[-75.5523,6.2418],[-75.55213,6.24211]],[[-75.55247,6.24171],[-75.55237,6.2421],[-75.55264,6.24214],[-75.55247,6.24171]],[[-75.55239,6.24942],[-75.55246,6.2495],[-75.55247,6.24936],[-75.55239,6.24942]],[[-75.55256,6.24292],[-75.55303,6.24292],[-75.55292,6.24289],[-75.55256,6.24292]],[[-75.55259,6.2474],[-75.55315,6.24754],[-75.55256,6.24709],[-75.55259,6.2474]],[[-75.55271,6.24211],[-75.55278,6.24211],[-75.55273,6.24206],[-75.55271,6.24211]],[[-75.55271,6.24224],[-75.55272,6.24225],[-75.55273,6.24224],[-75.55271,6.24224]],[[-75.55318,6.23775],[-75.5535,6.23729],[-75.55274,6.23734],[-75.55318,6.23775]],[[-75.55399,6.23842],[-75.55395,6.23825],[-75.55284,6.23776],[-75.55399,6.23842]],[[-75.55287,6.24176],[-75.55292,6.24171],[-75.55287,6.24168],[-75.55287,6.24176]],[[-75.55298,6.24189],[-75.55291,6.24198],[-75.553,6.24205],[-75.55298,6.24189]],[[-75.55324,6.24223],[-75.55375,6.24257],[-75.5532,6.2418],[-75.55324,6.24223]],[[-75.55388,6.23843],[-75.55322,6.23822],[-75.55365,6.23893],[-75.55388,6.23843]],[[-75.55326,6.24292],[-75.55327,6.24291],[-75.55326,6.24289],[-75.55326,6.24292]],[[-75.55367,6.24277],[-75.55332,6.24305],[-75.55365,6.24325],[-75.55367,6.24277]],[[-75.55332,6.23899],[-75.55344,6.23899],[-75.55338,6.23897],[-75.55332,6.23899]],[[-75.55334,6.24282],[-75.55355,6.24279],[-75.55343,6.24271],[-75.55334,6.24282]],[[-75.55424,6.23806],[-75.55367,6.23754],[-75.55352,6.23775],[-75.55424,6.23806]],[[-75.55353,6.24783],[-75.55396,6.24807],[-75.55365,6.2477],[-75.55353,6.24783]],[[-75.55364,6.23912],[-75.55381,6.23914],[-75.55377,6.23909],[-75.55364,6.23912]],[[-75.5537,6.24224],[-75.55372,6.24221],[-75.55368,6.24215],[-75.5537,6.24224]],[[-75.55447,6.24668],[-75.55377,6.2478],[-75.55557,6.24896],[-75.55447,6.24668]],[[-75.55381,6.24374],[-75.55395,6.24389],[-75.5538,6.24343],[-75.55381,6.24374]],[[-75.55383,6.24266],[-75.55437,6.24343],[-75.5546,6.24294],[-75.55383,6.24266]],[[-75.55775,6.24698],[-75.55393,6.2433],[-75.55535,6.24606],[-75.55775,6.24698]],[[-75.55407,6.24262],[-75.55429,6.24264],[-75.55393,6.24222],[-75.55407,6.24262]],[[-75.55432,6.23854],[-75.55398,6.239],[-75.55472,6.23882],[-75.55432,6.23854]],[[-75.55422,6.24453],[-75.55436,6.2444],[-75.55413,6.24418],[-75.55422,6.24453]],[[-75.55653,6.24538],[-75.55555,6.24412],[-75.55413,6.24331],[-75.55653,6.24538]],[[-75.55419,6.24822],[-75.55426,6.24821],[-75.55422,6.2482],[-75.55419,6.24822]],[[-75.5545,6.23827],[-75.5544,6.23829],[-75.55447,6.23838],[-75.5545,6.23827]],[[-75.55461,6.23964],[-75.5549,6.23967],[-75.55449,6.2395],[-75.55461,6.23964]],[[-75.555,6.24608],[-75.55455,6.24642],[-75.55599,6.24691],[-75.555,6.24608]],[[-75.55508,6.24889],[-75.55459,6.24942],[-75.55542,6.2493],[-75.55508,6.24889]],[[-75.55494,6.23477],[-75.5553,6.23438],[-75.5546,6.23435],[-75.55494,6.23477]],[[-75.55469,6.2383],[-75.55473,6.23821],[-75.55461,6.23824],[-75.55469,6.2383]],[[-75.55461,6.24278],[-75.55499,6.24254],[-75.55502,6.24222],[-75.55461,6.24278]],[[-75.55467,6.23943],[-75.55516,6.23962],[-75.55533,6.23906],[-75.55467,6.23943]],[[-75.55486,6.23357],[-75.55487,6.23356],[-75.55486,6.23354],[-75.55486,6.23357]],[[-75.55524,6.23868],[-75.55507,6.23854],[-75.55507,6.23857],[-75.55524,6.23868]],[[-75.55509,6.23869],[-75.5551,6.23878],[-75.55532,6.23875],[-75.55509,6.23869]],[[-75.55514,6.23671],[-75.55528,6.23669],[-75.55526,6.23637],[-75.55514,6.23671]],[[-75.55544,6.23499],[-75.55569,6.2345],[-75.5552,6.23476],[-75.55544,6.23499]],[[-75.5553,6.2463],[-75.55577,6.24656],[-75.5553,6.24614],[-75.5553,6.2463]],[[-75.55545,6.23883],[-75.55535,6.23882],[-75.55542,6.2389],[-75.55545,6.23883]],[[-75.5554,6.23614],[-75.55541,6.23615],[-75.55541,6.23612],[-75.5554,6.23614]],[[-75.55556,6.24724],[-75.55557,6.24727],[-75.55557,6.24718],[-75.55556,6.24724]],[[-75.556,6.23561],[-75.55558,6.23604],[-75.55595,6.23642],[-75.556,6.23561]],[[-75.55563,6.235],[-75.55565,6.2352],[-75.55587,6.23486],[-75.55563,6.235]],[[-75.5558,6.23905],[-75.55583,6.23903],[-75.55578,6.23902],[-75.5558,6.23905]],[[-75.5559,6.23899],[-75.55581,6.23897],[-75.55586,6.23901],[-75.5559,6.23899]],[[-75.55583,6.23551],[-75.5559,6.23545],[-75.55583,6.23536],[-75.55583,6.23551]],[[-75.55595,6.23469],[-75.55586,6.23478],[-75.55594,6.23486],[-75.55595,6.23469]],[[-75.55654,6.24799],[-75.55597,6.24931],[-75.55633,6.24877],[-75.55654,6.24799]],[[-75.55654,6.2471],[-75.55681,6.24712],[-75.55598,6.24656],[-75.55654,6.2471]],[[-75.55599,6.23922],[-75.55602,6.2392],[-75.55603,6.23906],[-75.55599,6.23922]],[[-75.55601,6.23533],[-75.55645,6.23557],[-75.55636,6.2347],[-75.55601,6.23533]],[[-75.55613,6.23915],[-75.55617,6.23913],[-75.55616,6.23912],[-75.55613,6.23915]],[[-75.55614,6.2349],[-75.55622,6.2349],[-75.5562,6.23486],[-75.55614,6.2349]],[[-75.55726,6.24759],[-75.55616,6.24695],[-75.55706,6.248],[-75.55726,6.24759]],[[-75.55622,6.2347],[-75.55639,6.23462],[-75.55635,6.23442],[-75.55622,6.2347]],[[-75.55648,6.23572],[-75.55724,6.23613],[-75.55657,6.23571],[-75.55648,6.23572]],[[-75.55676,6.24968],[-75.55717,6.24937],[-75.55649,6.24937],[-75.55676,6.24968]],[[-75.55675,6.235],[-75.55698,6.2348],[-75.55656,6.23469],[-75.55675,6.235]],[[-75.55763,6.24463],[-75.55667,6.24402],[-75.55715,6.24554],[-75.55763,6.24463]],[[-75.55676,6.23843],[-75.55677,6.23844],[-75.55677,6.23842],[-75.55676,6.23843]],[[-75.55708,6.24618],[-75.55707,6.24598],[-75.55679,6.24587],[-75.55708,6.24618]],[[-75.55774,6.23377],[-75.55681,6.23422],[-75.55725,6.23427],[-75.55774,6.23377]],[[-75.55685,6.23823],[-75.55705,6.23817],[-75.55704,6.23788],[-75.55685,6.23823]],[[-75.55728,6.23573],[-75.55686,6.23552],[-75.55705,6.23594],[-75.55728,6.23573]],[[-75.55692,6.23546],[-75.55704,6.23546],[-75.55692,6.23537],[-75.55692,6.23546]],[[-75.55693,6.2482],[-75.55694,6.2482],[-75.55694,6.24819],[-75.55693,6.2482]],[[-75.55696,6.24883],[-75.55725,6.24913],[-75.55729,6.24837],[-75.55696,6.24883]],[[-75.55712,6.23532],[-75.55704,6.23523],[-75.55703,6.23539],[-75.55712,6.23532]],[[-75.55705,6.24736],[-75.55723,6.24743],[-75.55705,6.24724],[-75.55705,6.24736]],[[-75.55761,6.25027],[-75.55787,6.25004],[-75.55711,6.24998],[-75.55761,6.25027]],[[-75.55719,6.24576],[-75.5572,6.24578],[-75.5572,6.24574],[-75.55719,6.24576]],[[-75.55723,6.23559],[-75.55746,6.23572],[-75.55729,6.23558],[-75.55723,6.23559]],[[-75.55733,6.2455],[-75.55734,6.24549],[-75.55733,6.24548],[-75.55733,6.2455]],[[-75.55741,6.24558],[-75.55736,6.24616],[-75.55796,6.24605],[-75.55741,6.24558]],[[-75.55743,6.23722],[-75.55772,6.23694],[-75.55768,6.23685],[-75.55743,6.23722]],[[-75.55763,6.24791],[-75.55744,6.24819],[-75.55782,6.24816],[-75.55763,6.24791]],[[-75.55746,6.24643],[-75.55752,6.24643],[-75.55748,6.24642],[-75.55746,6.24643]],[[-75.55772,6.25039],[-75.55755,6.25048],[-75.55767,6.2506],[-75.55772,6.25039]],[[-75.55792,6.24482],[-75.55759,6.24533],[-75.5584,6.24523],[-75.55792,6.24482]],[[-75.55766,6.24439],[-75.55785,6.24456],[-75.55814,6.24391],[-75.55766,6.24439]],[[-75.5585,6.24924],[-75.55775,6.24892],[-75.55775,6.24966],[-75.5585,6.24924]],[[-75.55785,6.23566],[-75.55776,6.23572],[-75.55784,6.23578],[-75.55785,6.23566]],[[-75.55798,6.24772],[-75.55825,6.24752],[-75.55783,6.24731],[-75.55798,6.24772]],[[-75.55813,6.25063],[-75.55789,6.25053],[-75.55808,6.25087],[-75.55813,6.25063]],[[-75.55803,6.23581],[-75.55795,6.23579],[-75.55793,6.23589],[-75.55803,6.23581]],[[-75.55807,6.24831],[-75.558,6.24869],[-75.55893,6.24889],[-75.55807,6.24831]],[[-75.55803,6.24822],[-75.55832,6.24807],[-75.55827,6.24772],[-75.55803,6.24822]],[[-75.55835,6.24605],[-75.55804,6.24651],[-75.55811,6.24651],[-75.55835,6.24605]],[[-75.55808,6.2501],[-75.55816,6.25037],[-75.55817,6.25001],[-75.55808,6.2501]],[[-75.5581,6.24424],[-75.55824,6.24461],[-75.55873,6.24473],[-75.5581,6.24424]],[[-75.55829,6.24969],[-75.55831,6.24969],[-75.5583,6.24968],[-75.55829,6.24969]],[[-75.55834,6.23301],[-75.55858,6.23288],[-75.55846,6.23283],[-75.55834,6.23301]],[[-75.55837,6.24765],[-75.55842,6.24771],[-75.55843,6.2476],[-75.55837,6.24765]],[[-75.55864,6.25105],[-75.55844,6.25082],[-75.55838,6.25123],[-75.55864,6.25105]],[[-75.55852,6.24774],[-75.55839,6.24793],[-75.55878,6.24815],[-75.55852,6.24774]],[[-75.55844,6.24649],[-75.5589,6.24646],[-75.55861,6.24625],[-75.55844,6.24649]],[[-75.55866,6.24528],[-75.55849,6.2458],[-75.55851,6.2458],[-75.55866,6.24528]],[[-75.559,6.24846],[-75.55886,6.24828],[-75.55856,6.24819],[-75.559,6.24846]],[[-75.5587,6.24941],[-75.55877,6.24931],[-75.5587,6.24925],[-75.5587,6.24941]],[[-75.55871,6.24964],[-75.5589,6.24956],[-75.55877,6.24945],[-75.55871,6.24964]],[[-75.55962,6.2475],[-75.55872,6.2474],[-75.55935,6.24788],[-75.55962,6.2475]],[[-75.55887,6.23274],[-75.55921,6.23277],[-75.55916,6.23259],[-75.55887,6.23274]],[[-75.55935,6.25149],[-75.55887,6.25122],[-75.55901,6.25172],[-75.55935,6.25149]],[[-75.55888,6.24588],[-75.55915,6.24594],[-75.55899,6.24573],[-75.55888,6.24588]],[[-75.5589,6.24489],[-75.559,6.24496],[-75.55903,6.24491],[-75.5589,6.24489]],[[-75.5592,6.24889],[-75.55893,6.24928],[-75.55973,6.24922],[-75.5592,6.24889]],[[-75.55894,6.24659],[-75.55912,6.24637],[-75.5591,6.24616],[-75.55894,6.24659]],[[-75.55908,6.24841],[-75.55943,6.24825],[-75.55932,6.24807],[-75.55908,6.24841]],[[-75.56062,6.25136],[-75.55919,6.25084],[-75.56033,6.25192],[-75.56062,6.25136]],[[-75.55986,6.24686],[-75.55928,6.24645],[-75.55938,6.24723],[-75.55986,6.24686]],[[-75.55934,6.24588],[-75.55936,6.2459],[-75.55936,6.24583],[-75.55934,6.24588]],[[-75.55939,6.24605],[-75.55977,6.24659],[-75.55994,6.2462],[-75.55939,6.24605]],[[-75.55941,6.24397],[-75.55942,6.24422],[-75.55962,6.24387],[-75.55941,6.24397]],[[-75.56085,6.25102],[-75.55977,6.24999],[-75.55953,6.25051],[-75.56085,6.25102]],[[-75.56216,6.24857],[-75.55954,6.24825],[-75.56084,6.24974],[-75.56216,6.24857]],[[-75.55963,6.24575],[-75.55978,6.24575],[-75.55967,6.24574],[-75.55963,6.24575]],[[-75.55964,6.25159],[-75.55972,6.25158],[-75.55967,6.25157],[-75.55964,6.25159]],[[-75.55964,6.24982],[-75.55967,6.24982],[-75.55965,6.24981],[-75.55964,6.24982]],[[-75.56014,6.25212],[-75.55972,6.25174],[-75.55975,6.25246],[-75.56014,6.25212]],[[-75.55972,6.23477],[-75.56138,6.23496],[-75.56109,6.23475],[-75.55972,6.23477]],[[-75.55997,6.24584],[-75.55986,6.24583],[-75.55995,6.24595],[-75.55997,6.24584]],[[-75.56003,6.24467],[-75.56004,6.24468],[-75.56004,6.24466],[-75.56003,6.24467]],[[-75.56044,6.24961],[-75.56005,6.24933],[-75.56009,6.24997],[-75.56044,6.24961]],[[-75.56015,6.24438],[-75.56017,6.24441],[-75.56017,6.24432],[-75.56015,6.24438]],[[-75.56077,6.25245],[-75.56016,6.25245],[-75.56033,6.25293],[-75.56077,6.25245]],[[-75.56018,6.2461],[-75.56027,6.24603],[-75.56019,6.24594],[-75.56018,6.2461]],[[-75.5603,6.24629],[-75.56032,6.24629],[-75.56031,6.24628],[-75.5603,6.24629]],[[-75.56046,6.24404],[-75.56051,6.24398],[-75.56045,6.24392],[-75.56046,6.24404]],[[-75.56126,6.25011],[-75.56071,6.24974],[-75.56092,6.25047],[-75.56126,6.25011]],[[-75.56229,6.24929],[-75.56237,6.2494],[-75.56234,6.24921],[-75.56229,6.24929]],[[-75.56266,6.23556],[-75.56272,6.23562],[-75.56272,6.2355],[-75.56266,6.23556]],[[-75.56284,6.23509],[-75.56275,6.23527],[-75.56292,6.23536],[-75.56284,6.23509]]],[[[-75.53819,6.28596],[-75.53831,6.28582],[-75.53634,6.2974],[-75.54063,6.29483],[-75.53603,6.29762],[-75.53819,6.28596]]],[[[-75.53907,6.27925],[-75.53831,6.27508],[-75.54059,6.278],[-75.53907,6.27925]],[[-75.53934,6.27821],[-75.53926,6.27818],[-75.5391,6.27821],[-75.53934,6.27821]]],[[[-75.54087,6.2863],[-75.54075,6.28632],[-75.54145,6.28675],[-75.54146,6.28677],[-75.54146,6.28675],[-75.54173,6.28691],[-75.54029,6.28684],[-75.53901,6.28499],[-75.54087,6.2863]]],[[[-75.55842,6.27116],[-75.55729,6.27769],[-75.55835,6.27192],[-75.56116,6.27209],[-75.56399,6.27285],[-75.5637,6.27199],[-75.56473,6.27178],[-75.56262,6.26881],[-75.56231,6.26787],[-75.56303,6.26807],[-75.56224,6.26769],[-75.56196,6.26685],[-75.5654,6.26555],[-75.56577,6.2662],[-75.56657,6.26511],[-75.56642,6.26723],[-75.56722,6.26486],[-75.56404,6.27635],[-75.56513,6.27252],[-75.56514,6.27248],[-75.56835,6.27563],[-75.56768,6.28324],[-75.56535,6.2841],[-75.56533,6.28273],[-75.56278,6.28523],[-75.56562,6.28883],[-75.55765,6.30193],[-75.56414,6.2891],[-75.56185,6.2921],[-75.56161,6.29191],[-75.56437,6.28796],[-75.56372,6.28882],[-75.56353,6.28673],[-75.56205,6.28981],[-75.5635,6.2891],[-75.56194,6.29116],[-75.56154,6.29063],[-75.56183,6.29131],[-75.56096,6.29246],[-75.55631,6.29114],[-75.55504,6.29676],[-75.5536,6.29122],[-75.5525,6.29359],[-75.55347,6.29064],[-75.54736,6.2878],[-75.55416,6.28909],[-75.55335,6.28967],[-75.55501,6.29153],[-75.55583,6.28921],[-75.5581,6.29002],[-75.55621,6.28981],[-75.55753,6.29088],[-75.55877,6.29048],[-75.55819,6.29005],[-75.56043,6.29086],[-75.56112,6.2911],[-75.56123,6.28887],[-75.5598,6.28834],[-75.56113,6.2885],[-75.56125,6.28746],[-75.55969,6.2883],[-75.55548,6.28728],[-75.55579,6.28791],[-75.55467,6.28872],[-75.55333,6.28591],[-75.55305,6.28463],[-75.55361,6.28347],[-75.55168,6.28449],[-75.55268,6.27782],[-75.55206,6.28046],[-75.5508,6.28025],[-75.5506,6.28145],[-75.55206,6.28047],[-75.5516,6.28244],[-75.55127,6.28163],[-75.55146,6.28453],[-75.55017,6.28475],[-75.55095,6.28783],[-75.54973,6.28447],[-75.54551,6.28464],[-75.54583,6.28238],[-75.54701,6.28184],[-75.54593,6.28213],[-75.54687,6.27981],[-75.54631,6.27882],[-75.54587,6.28164],[-75.54636,6.27396],[-75.54602,6.27331],[-75.54573,6.27278],[-75.5438,6.26745],[-75.54446,6.26638],[-75.54326,6.26598],[-75.54436,6.2655],[-75.5427,6.26444],[-75.54314,6.26387],[-75.54236,6.2635],[-75.54039,6.26655],[-75.54132,6.26287],[-75.54547,6.26365],[-75.54599,6.26297],[-75.54616,6.26375],[-75.54652,6.26227],[-75.55202,6.2551],[-75.55446,6.25714],[-75.55622,6.25486],[-75.55335,6.2545],[-75.55472,6.24994],[-75.55658,6.25012],[-75.56061,6.25357],[-75.56092,6.25472],[-75.5619,6.2547],[-75.56119,6.25407],[-75.56193,6.2547],[-75.55781,6.26191],[-75.55578,6.2613],[-75.5562,6.26418],[-75.55418,6.26306],[-75.5533,6.26369],[-75.55576,6.26113],[-75.5568,6.26037],[-75.55775,6.26168],[-75.55959,6.25721],[-75.55642,6.25757],[-75.55655,6.25505],[-75.55504,6.25791],[-75.55453,6.25751],[-75.55418,6.26082],[-75.5533,6.26055],[-75.55225,6.26278],[-75.55171,6.26261],[-75.55136,6.26468],[-75.55238,6.26469],[-75.55138,6.26572],[-75.55258,6.26589],[-75.55278,6.26469],[-75.55552,6.26471],[-75.5529,6.26597],[-75.55554,6.2663],[-75.55535,6.26682],[-75.55056,6.26723],[-75.55115,6.26583],[-75.54935,6.26729],[-75.54846,6.26694],[-75.5491,6.26767],[-75.54872,6.27157],[-75.55053,6.26729],[-75.55511,6.26732],[-75.55044,6.26992],[-75.55358,6.26835],[-75.55251,6.27058],[-75.55525,6.27116],[-75.55599,6.26677],[-75.55538,6.26682],[-75.55683,6.26298],[-75.56215,6.26396],[-75.56064,6.26392],[-75.56206,6.26474],[-75.56198,6.26537],[-75.56056,6.26478],[-75.56083,6.26684],[-75.56193,6.26577],[-75.56162,6.26827],[-75.56074,6.26908],[-75.56055,6.26794],[-75.56141,6.26769],[-75.56048,6.26755],[-75.56011,6.26537],[-75.55925,6.26687],[-75.55888,6.26772],[-75.56062,6.26922],[-75.55842,6.27116]],[[-75.56573,6.27775],[-75.5676,6.27977],[-75.56833,6.27574],[-75.56513,6.27252],[-75.56573,6.27775]],[[-75.54645,6.27337],[-75.54639,6.27327],[-75.54602,6.27331],[-75.54645,6.27337]],[[-75.54437,6.26458],[-75.54324,6.26453],[-75.54446,6.26522],[-75.54437,6.26458]],[[-75.54339,6.26371],[-75.54369,6.26379],[-75.54367,6.2636],[-75.54339,6.26371]],[[-75.54404,6.26407],[-75.54342,6.26391],[-75.54363,6.26436],[-75.54404,6.26407]],[[-75.54383,6.2637],[-75.54398,6.26369],[-75.54371,6.26351],[-75.54383,6.2637]],[[-75.54383,6.26396],[-75.544,6.26396],[-75.54388,6.26394],[-75.54383,6.26396]],[[-75.54412,6.2675],[-75.54413,6.26749],[-75.54412,6.26749],[-75.54412,6.2675]],[[-75.54441,6.26376],[-75.54414,6.26413],[-75.54434,6.26435],[-75.54441,6.26376]],[[-75.54532,6.26723],[-75.54436,6.26705],[-75.54465,6.26747],[-75.54532,6.26723]],[[-75.5444,6.26762],[-75.54439,6.26761],[-75.54438,6.26763],[-75.5444,6.26762]],[[-75.5445,6.26871],[-75.54457,6.26871],[-75.54453,6.2687],[-75.5445,6.26871]],[[-75.54451,6.26581],[-75.5446,6.26573],[-75.54452,6.26564],[-75.54451,6.26581]],[[-75.54451,6.26607],[-75.5446,6.266],[-75.54452,6.26592],[-75.54451,6.26607]],[[-75.54463,6.26545],[-75.54552,6.26555],[-75.54518,6.2654],[-75.54463,6.26545]],[[-75.54588,6.26932],[-75.54579,6.26904],[-75.54629,6.26796],[-75.54607,6.26798],[-75.54498,6.26811],[-75.54465,6.26788],[-75.54507,6.27062],[-75.54588,6.26932]],[[-75.54742,6.2676],[-75.54799,6.26799],[-75.5472,6.2671],[-75.54826,6.26696],[-75.54478,6.26638],[-75.54607,6.26798],[-75.54742,6.2676]],[[-75.54472,6.26612],[-75.54536,6.26622],[-75.54543,6.26562],[-75.54472,6.26612]],[[-75.54477,6.26451],[-75.5448,6.26451],[-75.54479,6.26449],[-75.54477,6.26451]],[[-75.54485,6.26485],[-75.54478,6.2647],[-75.54478,6.26522],[-75.54485,6.26485]],[[-75.54647,6.26404],[-75.54479,6.26383],[-75.54643,6.26548],[-75.54647,6.26404]],[[-75.54502,6.26533],[-75.54557,6.26532],[-75.5454,6.26467],[-75.54502,6.26533]],[[-75.54619,6.26893],[-75.54535,6.27093],[-75.54642,6.27006],[-75.54619,6.26893]],[[-75.54549,6.2713],[-75.54551,6.27128],[-75.54549,6.27126],[-75.54549,6.2713]],[[-75.54713,6.27159],[-75.5456,6.2714],[-75.54694,6.27232],[-75.54713,6.27159]],[[-75.54574,6.26562],[-75.54565,6.26618],[-75.54641,6.26585],[-75.54574,6.26562]],[[-75.54572,6.26965],[-75.54574,6.26968],[-75.54574,6.26962],[-75.54572,6.26965]],[[-75.54654,6.27241],[-75.54602,6.27232],[-75.54583,6.27281],[-75.54654,6.27241]],[[-75.54608,6.28286],[-75.54585,6.2829],[-75.54612,6.2831],[-75.54608,6.28286]],[[-75.54588,6.27237],[-75.54589,6.2724],[-75.54589,6.27234],[-75.54588,6.27237]],[[-75.54606,6.2664],[-75.54616,6.2664],[-75.54613,6.26639],[-75.54606,6.2664]],[[-75.54611,6.27317],[-75.54644,6.27317],[-75.54619,6.27315],[-75.54611,6.27317]],[[-75.54702,6.26867],[-75.54617,6.26828],[-75.54691,6.2692],[-75.54702,6.26867]],[[-75.54618,6.27863],[-75.54622,6.27843],[-75.54618,6.27817],[-75.54618,6.27863]],[[-75.54619,6.28321],[-75.54637,6.28319],[-75.54633,6.28294],[-75.54619,6.28321]],[[-75.54627,6.2778],[-75.54631,6.27797],[-75.54631,6.27746],[-75.54627,6.2778]],[[-75.54658,6.27357],[-75.54627,6.27355],[-75.54652,6.27381],[-75.54658,6.27357]],[[-75.54628,6.26558],[-75.54661,6.26559],[-75.54653,6.26556],[-75.54628,6.26558]],[[-75.54632,6.27598],[-75.54635,6.27589],[-75.54632,6.27581],[-75.54632,6.27598]],[[-75.5466,6.28138],[-75.54632,6.28145],[-75.54654,6.28152],[-75.5466,6.28138]],[[-75.54636,6.27521],[-75.54642,6.27528],[-75.54642,6.27513],[-75.54636,6.27521]],[[-75.54639,6.27485],[-75.54644,6.27501],[-75.54643,6.27475],[-75.54639,6.27485]],[[-75.54644,6.27457],[-75.54651,6.27453],[-75.54645,6.27449],[-75.54644,6.27457]],[[-75.54671,6.28257],[-75.54649,6.28272],[-75.54659,6.2831],[-75.54671,6.28257]],[[-75.54712,6.27955],[-75.54831,6.27267],[-75.54651,6.27513],[-75.54705,6.27969],[-75.54795,6.27989],[-75.54753,6.27869],[-75.54712,6.27955]],[[-75.54653,6.26645],[-75.54713,6.26644],[-75.54655,6.26584],[-75.54653,6.26645]],[[-75.54655,6.26346],[-75.54658,6.2633],[-75.54655,6.26309],[-75.54655,6.26346]],[[-75.54662,6.27259],[-75.5467,6.27319],[-75.54689,6.27244],[-75.54662,6.27259]],[[-75.54664,6.27389],[-75.54671,6.27404],[-75.54671,6.2738],[-75.54664,6.27389]],[[-75.54786,6.26393],[-75.54669,6.26364],[-75.54753,6.26556],[-75.54786,6.26393]],[[-75.54864,6.27078],[-75.54886,6.26881],[-75.54669,6.27131],[-75.54864,6.27078]],[[-75.54671,6.28172],[-75.54675,6.28172],[-75.54673,6.28168],[-75.54671,6.28172]],[[-75.54674,6.28298],[-75.54686,6.28274],[-75.54687,6.28252],[-75.54674,6.28298]],[[-75.54678,6.26992],[-75.54723,6.27017],[-75.54697,6.26949],[-75.54678,6.26992]],[[-75.54834,6.26577],[-75.54682,6.26572],[-75.54809,6.26665],[-75.54834,6.26577]],[[-75.54686,6.27378],[-75.5471,6.27351],[-75.54685,6.27317],[-75.54686,6.27378]],[[-75.54694,6.26939],[-75.54699,6.26938],[-75.54696,6.26934],[-75.54694,6.26939]],[[-75.54695,6.26799],[-75.5471,6.26854],[-75.54749,6.26868],[-75.54695,6.26799]],[[-75.54697,6.2738],[-75.54697,6.27417],[-75.54701,6.2741],[-75.54697,6.2738]],[[-75.54698,6.27292],[-75.54711,6.27291],[-75.54698,6.27275],[-75.54698,6.27292]],[[-75.5471,6.27236],[-75.54711,6.27238],[-75.54711,6.27236],[-75.5471,6.27236]],[[-75.54773,6.28376],[-75.54903,6.28354],[-75.54794,6.28225],[-75.54711,6.28405],[-75.54779,6.28332],[-75.54773,6.28376]],[[-75.54717,6.28176],[-75.5474,6.28205],[-75.5475,6.28177],[-75.54717,6.28176]],[[-75.54719,6.26355],[-75.54723,6.26355],[-75.54722,6.26354],[-75.54719,6.26355]],[[-75.5475,6.27271],[-75.54725,6.27244],[-75.54725,6.27377],[-75.5475,6.27271]],[[-75.54727,6.28403],[-75.54756,6.28403],[-75.54743,6.28388],[-75.54727,6.28403]],[[-75.54731,6.27172],[-75.54736,6.27239],[-75.54771,6.27166],[-75.54731,6.27172]],[[-75.55005,6.27993],[-75.55036,6.27892],[-75.54997,6.27661],[-75.54967,6.27781],[-75.54967,6.27559],[-75.54733,6.28149],[-75.54966,6.28103],[-75.54966,6.27944],[-75.55005,6.27993]],[[-75.54734,6.26571],[-75.54759,6.26571],[-75.54741,6.26565],[-75.54734,6.26571]],[[-75.54752,6.26983],[-75.54773,6.2695],[-75.54738,6.26911],[-75.54752,6.26983]],[[-75.54764,6.27111],[-75.5474,6.27137],[-75.54783,6.27133],[-75.54764,6.27111]],[[-75.5474,6.28226],[-75.54771,6.28226],[-75.54766,6.28223],[-75.5474,6.28226]],[[-75.54748,6.2816],[-75.54754,6.28187],[-75.54754,6.28155],[-75.54748,6.2816]],[[-75.54752,6.27325],[-75.54755,6.27317],[-75.54752,6.27309],[-75.54752,6.27325]],[[-75.54754,6.27299],[-75.54765,6.2729],[-75.54754,6.27283],[-75.54754,6.27299]],[[-75.54762,6.26908],[-75.5481,6.26946],[-75.5478,6.26868],[-75.54762,6.26908]],[[-75.54764,6.2784],[-75.54766,6.27847],[-75.54767,6.27827],[-75.54764,6.2784]],[[-75.54765,6.27266],[-75.54779,6.2725],[-75.54767,6.27248],[-75.54765,6.27266]],[[-75.54774,6.26856],[-75.54779,6.26857],[-75.54777,6.26853],[-75.54774,6.26856]],[[-75.54776,6.27799],[-75.5478,6.27811],[-75.5478,6.27785],[-75.54776,6.27799]],[[-75.54869,6.26335],[-75.548,6.26235],[-75.5478,6.26319],[-75.54869,6.26335]],[[-75.54832,6.28185],[-75.54786,6.2818],[-75.54783,6.28214],[-75.54832,6.28185]],[[-75.54787,6.28158],[-75.54796,6.2816],[-75.54795,6.28155],[-75.54787,6.28158]],[[-75.5479,6.27244],[-75.54817,6.27211],[-75.54793,6.27166],[-75.5479,6.27244]],[[-75.54791,6.26517],[-75.54817,6.26561],[-75.54817,6.26512],[-75.54791,6.26517]],[[-75.54798,6.26853],[-75.54804,6.26863],[-75.54805,6.2684],[-75.54798,6.26853]],[[-75.54829,6.26371],[-75.548,6.26457],[-75.54817,6.26422],[-75.54829,6.26371]],[[-75.54801,6.28171],[-75.54827,6.28172],[-75.54835,6.28153],[-75.54801,6.28171]],[[-75.54802,6.27151],[-75.54805,6.27156],[-75.54806,6.27141],[-75.54802,6.27151]],[[-75.54926,6.27468],[-75.54803,6.27465],[-75.54895,6.27506],[-75.54926,6.27468]],[[-75.55027,6.26287],[-75.54914,6.26176],[-75.54803,6.2622],[-75.54924,6.26209],[-75.54898,6.26278],[-75.55027,6.26287]],[[-75.54816,6.28402],[-75.54826,6.28402],[-75.54822,6.28401],[-75.54816,6.28402]],[[-75.54816,6.26881],[-75.5483,6.26892],[-75.54819,6.26798],[-75.54816,6.26881]],[[-75.54844,6.2642],[-75.54821,6.26465],[-75.54844,6.26512],[-75.54844,6.2642]],[[-75.54824,6.26571],[-75.54862,6.26571],[-75.54844,6.26558],[-75.54824,6.26571]],[[-75.54824,6.27149],[-75.54856,6.27259],[-75.54853,6.27138],[-75.54824,6.27149]],[[-75.54834,6.28239],[-75.54835,6.2824],[-75.54835,6.28238],[-75.54834,6.28239]],[[-75.54834,6.2742],[-75.54888,6.27249],[-75.54873,6.27175],[-75.54834,6.2742]],[[-75.54875,6.26277],[-75.54877,6.26215],[-75.54836,6.26235],[-75.54875,6.26277]],[[-75.55358,6.25987],[-75.55031,6.25749],[-75.5484,6.26193],[-75.55358,6.25987]],[[-75.54842,6.27494],[-75.54851,6.27494],[-75.54847,6.27493],[-75.54842,6.27494]],[[-75.54891,6.27281],[-75.54843,6.27427],[-75.54935,6.2745],[-75.54891,6.27281]],[[-75.54846,6.28222],[-75.54903,6.28302],[-75.54915,6.28209],[-75.54846,6.28222]],[[-75.54854,6.26868],[-75.54872,6.26835],[-75.54846,6.26814],[-75.54854,6.26868]],[[-75.54997,6.28178],[-75.54887,6.28136],[-75.54851,6.28176],[-75.54997,6.28178]],[[-75.54855,6.26382],[-75.54857,6.26385],[-75.54857,6.26379],[-75.54855,6.26382]],[[-75.54972,6.26593],[-75.54857,6.26584],[-75.5497,6.26674],[-75.54972,6.26593]],[[-75.54887,6.26306],[-75.54863,6.26557],[-75.54991,6.26493],[-75.54887,6.26306]],[[-75.54871,6.26287],[-75.54884,6.26301],[-75.54883,6.26278],[-75.54871,6.26287]],[[-75.54879,6.2752],[-75.54895,6.27533],[-75.54895,6.27509],[-75.54879,6.2752]],[[-75.54879,6.26247],[-75.54885,6.26268],[-75.54884,6.26226],[-75.54879,6.26247]],[[-75.54881,6.26829],[-75.54898,6.26859],[-75.54904,6.26814],[-75.54881,6.26829]],[[-75.54981,6.27037],[-75.54882,6.27159],[-75.55003,6.27289],[-75.54981,6.27037]],[[-75.54898,6.28334],[-75.54919,6.28339],[-75.54904,6.2832],[-75.54898,6.28334]],[[-75.54913,6.27562],[-75.54919,6.2756],[-75.54915,6.27553],[-75.54913,6.27562]],[[-75.54916,6.28429],[-75.5492,6.28429],[-75.54918,6.28428],[-75.54916,6.28429]],[[-75.54923,6.2841],[-75.54986,6.28425],[-75.54948,6.28353],[-75.54923,6.2841]],[[-75.54925,6.2832],[-75.54986,6.28342],[-75.54967,6.28206],[-75.54925,6.2832]],[[-75.54934,6.27547],[-75.54943,6.27547],[-75.5494,6.27546],[-75.54934,6.27547]],[[-75.54939,6.28144],[-75.54948,6.28144],[-75.54944,6.28142],[-75.54939,6.28144]],[[-75.54953,6.27465],[-75.54955,6.27467],[-75.54955,6.27461],[-75.54953,6.27465]],[[-75.5496,6.27479],[-75.54958,6.2754],[-75.54994,6.27484],[-75.5496,6.27479]],[[-75.55033,6.27006],[-75.54963,6.26986],[-75.54992,6.27017],[-75.55033,6.27006]],[[-75.54966,6.26584],[-75.55,6.26585],[-75.54991,6.26579],[-75.54966,6.26584]],[[-75.54969,6.27454],[-75.55059,6.27455],[-75.55066,6.2732],[-75.54969,6.27454]],[[-75.5497,6.28158],[-75.54993,6.28157],[-75.54973,6.28149],[-75.5497,6.28158]],[[-75.54971,6.28442],[-75.54993,6.28453],[-75.5498,6.28441],[-75.54971,6.28442]],[[-75.54976,6.25811],[-75.54978,6.25812],[-75.54978,6.25807],[-75.54976,6.25811]],[[-75.54978,6.27669],[-75.54983,6.2767],[-75.54982,6.27668],[-75.54978,6.27669]],[[-75.54979,6.27614],[-75.54982,6.27621],[-75.54982,6.27607],[-75.54979,6.27614]],[[-75.54989,6.27655],[-75.54982,6.27651],[-75.54984,6.2766],[-75.54989,6.27655]],[[-75.54982,6.27032],[-75.55037,6.27032],[-75.55003,6.2703],[-75.54982,6.27032]],[[-75.54988,6.27293],[-75.54996,6.27309],[-75.54994,6.27289],[-75.54988,6.27293]],[[-75.55139,6.2629],[-75.54995,6.26226],[-75.55064,6.26261],[-75.55139,6.2629]],[[-75.55063,6.27976],[-75.55038,6.27926],[-75.54996,6.28151],[-75.55063,6.27976]],[[-75.54997,6.28483],[-75.54999,6.28486],[-75.54999,6.28481],[-75.54997,6.28483]],[[-75.54998,6.27579],[-75.54997,6.27635],[-75.55028,6.27581],[-75.54998,6.27579]],[[-75.55004,6.28159],[-75.5501,6.28165],[-75.5501,6.28155],[-75.55004,6.28159]],[[-75.55088,6.26506],[-75.55005,6.26496],[-75.55032,6.26582],[-75.55088,6.26506]],[[-75.55104,6.26395],[-75.55008,6.26317],[-75.55035,6.26475],[-75.55069,6.26392],[-75.55061,6.26479],[-75.55104,6.26395]],[[-75.55011,6.27497],[-75.55016,6.27554],[-75.55045,6.27491],[-75.55011,6.27497]],[[-75.55011,6.28293],[-75.55012,6.28294],[-75.55012,6.28292],[-75.55011,6.28293]],[[-75.55015,6.27723],[-75.55028,6.27818],[-75.5506,6.27675],[-75.55015,6.27723]],[[-75.55033,6.2815],[-75.55019,6.28322],[-75.55093,6.28283],[-75.55033,6.2815]],[[-75.55025,6.28118],[-75.55045,6.28102],[-75.55032,6.28095],[-75.55025,6.28118]],[[-75.55034,6.27059],[-75.55025,6.272],[-75.5511,6.27067],[-75.55034,6.27059]],[[-75.55027,6.28124],[-75.55039,6.28139],[-75.5504,6.28109],[-75.55027,6.28124]],[[-75.55027,6.28446],[-75.55086,6.28437],[-75.55094,6.2832],[-75.55027,6.28446]],[[-75.55061,6.26331],[-75.55067,6.26312],[-75.55034,6.26283],[-75.55061,6.26331]],[[-75.55036,6.27912],[-75.55038,6.27914],[-75.55038,6.27907],[-75.55036,6.27912]],[[-75.55041,6.27601],[-75.55063,6.2765],[-75.55072,6.27586],[-75.55041,6.27601]],[[-75.55063,6.27843],[-75.5505,6.27873],[-75.55071,6.27857],[-75.55063,6.27843]],[[-75.5505,6.27833],[-75.55054,6.27832],[-75.55051,6.27829],[-75.5505,6.27833]],[[-75.55126,6.27857],[-75.55133,6.27688],[-75.55119,6.27827],[-75.55051,6.27887],[-75.55126,6.27857]],[[-75.55052,6.28028],[-75.55085,6.28008],[-75.55065,6.27989],[-75.55052,6.28028]],[[-75.55053,6.28095],[-75.55064,6.28083],[-75.55053,6.28057],[-75.55053,6.28095]],[[-75.55056,6.27237],[-75.55064,6.273],[-75.55088,6.27237],[-75.55056,6.27237]],[[-75.55058,6.27504],[-75.55062,6.27565],[-75.55097,6.275],[-75.55058,6.27504]],[[-75.55066,6.27921],[-75.55076,6.27904],[-75.55066,6.27892],[-75.55066,6.27921]],[[-75.5507,6.27702],[-75.55077,6.27716],[-75.55077,6.27689],[-75.5507,6.27702]],[[-75.55081,6.27686],[-75.55071,6.27822],[-75.55104,6.27689],[-75.55081,6.27686]],[[-75.55113,6.26412],[-75.55074,6.26475],[-75.55113,6.26486],[-75.55113,6.26412]],[[-75.55084,6.27341],[-75.55075,6.2747],[-75.55181,6.27342],[-75.55084,6.27341]],[[-75.5508,6.2668],[-75.55242,6.26656],[-75.55202,6.2661],[-75.5508,6.2668]],[[-75.55117,6.27586],[-75.55085,6.27641],[-75.55108,6.27654],[-75.55117,6.27586]],[[-75.55109,6.2634],[-75.55086,6.2632],[-75.55087,6.26361],[-75.55109,6.2634]],[[-75.55088,6.2795],[-75.55092,6.27997],[-75.5513,6.27956],[-75.55088,6.2795]],[[-75.55092,6.28307],[-75.55111,6.28298],[-75.55107,6.28275],[-75.55092,6.28307]],[[-75.55095,6.28171],[-75.5512,6.28172],[-75.55092,6.28156],[-75.55095,6.28171]],[[-75.551,6.27222],[-75.55105,6.27223],[-75.55103,6.2722],[-75.551,6.27222]],[[-75.55131,6.27499],[-75.551,6.27559],[-75.55124,6.27572],[-75.55131,6.27499]],[[-75.55103,6.27059],[-75.5511,6.27058],[-75.55105,6.27054],[-75.55103,6.27059]],[[-75.55104,6.26327],[-75.55129,6.26342],[-75.55141,6.26305],[-75.55104,6.26327]],[[-75.55115,6.28022],[-75.55175,6.28022],[-75.55106,6.28007],[-75.55115,6.28022]],[[-75.55112,6.27244],[-75.55106,6.27302],[-75.55152,6.27246],[-75.55112,6.27244]],[[-75.55109,6.27697],[-75.55116,6.27712],[-75.55127,6.27665],[-75.55109,6.27697]],[[-75.55109,6.27924],[-75.55144,6.27883],[-75.55127,6.27861],[-75.55109,6.27924]],[[-75.55113,6.26367],[-75.55115,6.26369],[-75.55115,6.26365],[-75.55113,6.26367]],[[-75.55128,6.26253],[-75.5513,6.26252],[-75.55144,6.26235],[-75.55128,6.26253]],[[-75.55136,6.27971],[-75.55155,6.28017],[-75.55161,6.27958],[-75.55136,6.27971]],[[-75.55139,6.27953],[-75.55152,6.27953],[-75.55146,6.27946],[-75.55139,6.27953]],[[-75.55433,6.25741],[-75.5524,6.25609],[-75.5514,6.25798],[-75.55433,6.25741]],[[-75.55213,6.27076],[-75.55141,6.27074],[-75.55143,6.27227],[-75.55213,6.27076]],[[-75.55143,6.2629],[-75.55154,6.26289],[-75.55142,6.26271],[-75.55143,6.2629]],[[-75.55145,6.28889],[-75.55149,6.2889],[-75.55148,6.28888],[-75.55145,6.28889]],[[-75.55146,6.2771],[-75.55161,6.27712],[-75.55158,6.27703],[-75.55146,6.2771]],[[-75.55146,6.27659],[-75.55153,6.27651],[-75.55146,6.27636],[-75.55146,6.27659]],[[-75.55146,6.2759],[-75.5515,6.27587],[-75.55146,6.27584],[-75.55146,6.2759]],[[-75.55153,6.27879],[-75.55165,6.27933],[-75.55193,6.27878],[-75.55153,6.27879]],[[-75.55156,6.27059],[-75.55185,6.27059],[-75.55162,6.27058],[-75.55156,6.27059]],[[-75.55156,6.28131],[-75.5516,6.28138],[-75.5516,6.28126],[-75.55156,6.28131]],[[-75.55157,6.27235],[-75.55161,6.27235],[-75.55158,6.27234],[-75.55157,6.27235]],[[-75.5516,6.27763],[-75.55159,6.27794],[-75.5517,6.27758],[-75.5516,6.27763]],[[-75.55159,6.27637],[-75.55181,6.27615],[-75.5516,6.27598],[-75.55159,6.27637]],[[-75.5516,6.27689],[-75.55165,6.2768],[-75.55159,6.27667],[-75.5516,6.27689]],[[-75.55197,6.27284],[-75.55173,6.27246],[-75.55162,6.27311],[-75.55197,6.27284]],[[-75.55165,6.27524],[-75.55175,6.27584],[-75.55195,6.27517],[-75.55165,6.27524]],[[-75.55212,6.27787],[-75.5521,6.27698],[-75.55173,6.27846],[-75.55212,6.27787]],[[-75.55181,6.26258],[-75.55215,6.26259],[-75.55185,6.26254],[-75.55181,6.26258]],[[-75.55183,6.27941],[-75.55187,6.27947],[-75.55187,6.27938],[-75.55183,6.27941]],[[-75.55228,6.27672],[-75.55232,6.27608],[-75.55183,6.2766],[-75.55228,6.27672]],[[-75.55199,6.27349],[-75.55184,6.2749],[-75.55278,6.2736],[-75.55199,6.27349]],[[-75.55185,6.2771],[-75.55186,6.27712],[-75.55186,6.27708],[-75.55185,6.2771]],[[-75.55194,6.27861],[-75.55215,6.27862],[-75.55203,6.27856],[-75.55194,6.27861]],[[-75.55202,6.27888],[-75.55206,6.27885],[-75.55202,6.27882],[-75.55202,6.27888]],[[-75.55202,6.28333],[-75.55202,6.2843],[-75.5524,6.28382],[-75.55202,6.28333]],[[-75.55203,6.27903],[-75.55216,6.27937],[-75.55233,6.27879],[-75.55203,6.27903]],[[-75.55208,6.27557],[-75.5523,6.27584],[-75.55246,6.27526],[-75.55208,6.27557]],[[-75.55211,6.27264],[-75.55215,6.27324],[-75.55241,6.27265],[-75.55211,6.27264]],[[-75.55324,6.27105],[-75.55239,6.27099],[-75.55223,6.27228],[-75.55324,6.27105]],[[-75.55225,6.27072],[-75.55246,6.27072],[-75.55238,6.27068],[-75.55225,6.27072]],[[-75.55231,6.27738],[-75.5523,6.27856],[-75.55271,6.27701],[-75.55231,6.27738]],[[-75.55237,6.26773],[-75.55238,6.26774],[-75.55238,6.2677],[-75.55237,6.26773]],[[-75.5524,6.27719],[-75.55241,6.27723],[-75.55241,6.27708],[-75.5524,6.27719]],[[-75.55241,6.27671],[-75.55242,6.27657],[-75.55241,6.2765],[-75.55241,6.27671]],[[-75.55242,6.28021],[-75.55366,6.28055],[-75.55364,6.27986],[-75.55242,6.28021]],[[-75.55368,6.28091],[-75.55246,6.28051],[-75.55285,6.28325],[-75.55368,6.28091]],[[-75.55246,6.27601],[-75.55253,6.27606],[-75.55253,6.27596],[-75.55246,6.27601]],[[-75.55277,6.27616],[-75.55252,6.27654],[-75.55267,6.27683],[-75.55277,6.27616]],[[-75.55267,6.28048],[-75.55312,6.28048],[-75.55255,6.28034],[-75.55267,6.28048]],[[-75.55257,6.26611],[-75.55284,6.26611],[-75.55274,6.26606],[-75.55257,6.26611]],[[-75.5526,6.27286],[-75.55278,6.27337],[-75.55301,6.27274],[-75.5526,6.27286]],[[-75.55346,6.27897],[-75.55266,6.2788],[-75.55267,6.2795],[-75.55346,6.27897]],[[-75.55279,6.27533],[-75.55266,6.27593],[-75.55304,6.27543],[-75.55279,6.27533]],[[-75.55268,6.27523],[-75.55272,6.27517],[-75.55267,6.27503],[-75.55268,6.27523]],[[-75.55273,6.2676],[-75.55282,6.2676],[-75.55278,6.26759],[-75.55273,6.2676]],[[-75.55327,6.27635],[-75.55439,6.27653],[-75.55331,6.27625],[-75.55308,6.27566],[-75.55281,6.27754],[-75.55294,6.27866],[-75.55359,6.27724],[-75.55293,6.27722],[-75.55327,6.27635]],[[-75.55288,6.27344],[-75.55293,6.27348],[-75.55293,6.27341],[-75.55288,6.27344]],[[-75.55776,6.27619],[-75.55692,6.28071],[-75.55925,6.28128],[-75.55822,6.2821],[-75.55581,6.28096],[-75.55585,6.2817],[-75.55537,6.28196],[-75.55514,6.28094],[-75.55533,6.28198],[-75.55303,6.2832],[-75.56315,6.2836],[-75.56107,6.28297],[-75.56188,6.2813],[-75.55943,6.28129],[-75.56206,6.28093],[-75.56408,6.27732],[-75.56288,6.27682],[-75.56223,6.27526],[-75.56116,6.27511],[-75.5626,6.2775],[-75.55776,6.27619]],[[-75.55308,6.27267],[-75.55314,6.27261],[-75.55308,6.27254],[-75.55308,6.27267]],[[-75.55478,6.27394],[-75.55308,6.27364],[-75.55311,6.27517],[-75.55478,6.27394]],[[-75.55308,6.27551],[-75.55309,6.27546],[-75.55308,6.2754],[-75.55308,6.27551]],[[-75.55313,6.27324],[-75.55476,6.27367],[-75.55506,6.27314],[-75.55313,6.27324]],[[-75.55533,6.27138],[-75.55329,6.27246],[-75.55498,6.27284],[-75.55533,6.27138]],[[-75.55453,6.27572],[-75.55333,6.27543],[-75.55375,6.27619],[-75.55453,6.27572]],[[-75.55346,6.26624],[-75.55351,6.26624],[-75.55347,6.26622],[-75.55346,6.26624]],[[-75.55348,6.28941],[-75.55352,6.28943],[-75.55352,6.28936],[-75.55348,6.28941]],[[-75.55388,6.27953],[-75.55376,6.27901],[-75.55351,6.27949],[-75.55388,6.27953]],[[-75.55352,6.28577],[-75.55364,6.2857],[-75.55364,6.28562],[-75.55352,6.28577]],[[-75.5536,6.27885],[-75.55368,6.27885],[-75.55364,6.27884],[-75.5536,6.27885]],[[-75.55371,6.25827],[-75.55375,6.25825],[-75.55372,6.25824],[-75.55371,6.25827]],[[-75.55372,6.28062],[-75.55377,6.28064],[-75.55376,6.2806],[-75.55372,6.28062]],[[-75.55373,6.26624],[-75.55401,6.26624],[-75.55386,6.26623],[-75.55373,6.26624]],[[-75.55375,6.2813],[-75.55377,6.28137],[-75.55377,6.28123],[-75.55375,6.2813]],[[-75.55376,6.2821],[-75.55378,6.28214],[-75.55377,6.28207],[-75.55376,6.2821]],[[-75.55376,6.28929],[-75.55383,6.28929],[-75.5538,6.28924],[-75.55376,6.28929]],[[-75.55391,6.27739],[-75.55379,6.27882],[-75.55425,6.27733],[-75.55391,6.27739]],[[-75.55379,6.271],[-75.55429,6.27099],[-75.55389,6.27097],[-75.55379,6.271]],[[-75.55383,6.27981],[-75.55389,6.27986],[-75.55389,6.27977],[-75.55383,6.27981]],[[-75.55386,6.27627],[-75.55405,6.27627],[-75.5539,6.27614],[-75.55386,6.27627]],[[-75.5547,6.2855],[-75.55447,6.28446],[-75.55387,6.28561],[-75.5547,6.2855]],[[-75.55482,6.28346],[-75.5539,6.28331],[-75.55447,6.28438],[-75.55482,6.28346]],[[-75.55424,6.27905],[-75.55391,6.28201],[-75.55477,6.28094],[-75.55424,6.27905]],[[-75.55425,6.25756],[-75.55398,6.258],[-75.55436,6.25755],[-75.55425,6.25756]],[[-75.55401,6.27901],[-75.55419,6.27898],[-75.55403,6.27881],[-75.55401,6.27901]],[[-75.55406,6.25716],[-75.5541,6.2572],[-75.5541,6.25715],[-75.55406,6.25716]],[[-75.55453,6.27743],[-75.55424,6.27875],[-75.55601,6.27773],[-75.55453,6.27743]],[[-75.55427,6.27712],[-75.55459,6.27736],[-75.55446,6.27676],[-75.55427,6.27712]],[[-75.55428,6.28593],[-75.55436,6.28696],[-75.55465,6.28585],[-75.55428,6.28593]],[[-75.55446,6.27661],[-75.55463,6.27637],[-75.55433,6.27627],[-75.55446,6.27661]],[[-75.55433,6.26299],[-75.55447,6.26299],[-75.5544,6.26294],[-75.55433,6.26299]],[[-75.55441,6.2737],[-75.55473,6.2737],[-75.55447,6.27369],[-75.55441,6.2737]],[[-75.55456,6.27713],[-75.55614,6.27739],[-75.55505,6.27656],[-75.55456,6.27713]],[[-75.55456,6.27288],[-75.55486,6.27288],[-75.5547,6.27286],[-75.55456,6.27288]],[[-75.55468,6.2663],[-75.5547,6.26625],[-75.55468,6.26624],[-75.55468,6.2663]],[[-75.55469,6.27558],[-75.55471,6.2756],[-75.55471,6.27552],[-75.55469,6.27558]],[[-75.55471,6.27623],[-75.55609,6.27661],[-75.55613,6.27587],[-75.55471,6.27623]],[[-75.55704,6.25362],[-75.556,6.25155],[-75.55472,6.25348],[-75.55664,6.25432],[-75.55704,6.25362]],[[-75.55545,6.26299],[-75.55554,6.26174],[-75.55474,6.26292],[-75.55545,6.26299]],[[-75.5548,6.2871],[-75.55495,6.28711],[-75.55474,6.28693],[-75.5548,6.2871]],[[-75.55478,6.27466],[-75.55484,6.27479],[-75.55483,6.27461],[-75.55478,6.27466]],[[-75.5551,6.28585],[-75.55483,6.28603],[-75.55506,6.28697],[-75.5551,6.28585]],[[-75.55483,6.27736],[-75.55502,6.27736],[-75.55488,6.27735],[-75.55483,6.27736]],[[-75.55485,6.27927],[-75.55488,6.27918],[-75.55485,6.27911],[-75.55485,6.27927]],[[-75.55487,6.28376],[-75.55488,6.28373],[-75.55487,6.28369],[-75.55487,6.28376]],[[-75.55487,6.28459],[-75.55545,6.28455],[-75.55489,6.28435],[-75.55487,6.28459]],[[-75.55489,6.27383],[-75.55497,6.2739],[-75.55497,6.27377],[-75.55489,6.27383]],[[-75.55493,6.28488],[-75.55504,6.28561],[-75.55526,6.28464],[-75.55493,6.28488]],[[-75.55615,6.27577],[-75.55697,6.27531],[-75.55494,6.27489],[-75.55615,6.27577]],[[-75.55494,6.28794],[-75.55523,6.28813],[-75.5552,6.2881],[-75.55494,6.28794]],[[-75.55496,6.28402],[-75.55523,6.28438],[-75.55524,6.28336],[-75.55496,6.28402]],[[-75.55706,6.27432],[-75.55501,6.27409],[-75.55643,6.2749],[-75.55706,6.27432]],[[-75.55503,6.29486],[-75.55504,6.29471],[-75.55503,6.2945],[-75.55503,6.29486]],[[-75.55511,6.27304],[-75.55574,6.27303],[-75.5551,6.27285],[-75.55511,6.27304]],[[-75.55514,6.29513],[-75.55531,6.29526],[-75.55517,6.2951],[-75.55514,6.29513]],[[-75.55518,6.25227],[-75.55545,6.25217],[-75.55623,6.25097],[-75.55518,6.25227]],[[-75.55518,6.27927],[-75.55527,6.27932],[-75.55523,6.2792],[-75.55518,6.27927]],[[-75.55781,6.27359],[-75.55525,6.27317],[-75.55654,6.27406],[-75.55781,6.27359]],[[-75.55534,6.27654],[-75.55543,6.27654],[-75.55539,6.27653],[-75.55534,6.27654]],[[-75.55805,6.27281],[-75.55551,6.27229],[-75.55535,6.27285],[-75.55805,6.27281]],[[-75.55535,6.27749],[-75.55545,6.27749],[-75.5554,6.27748],[-75.55535,6.27749]],[[-75.55536,6.28645],[-75.55541,6.28686],[-75.55541,6.28622],[-75.55536,6.28645]],[[-75.55539,6.27131],[-75.55635,6.27139],[-75.55548,6.27103],[-75.55539,6.27131]],[[-75.5554,6.28578],[-75.55541,6.28585],[-75.55541,6.28574],[-75.5554,6.28578]],[[-75.55542,6.29324],[-75.55558,6.29295],[-75.55557,6.29281],[-75.55542,6.29324]],[[-75.5555,6.27884],[-75.55552,6.27885],[-75.55552,6.27881],[-75.5555,6.27884]],[[-75.55818,6.27194],[-75.55551,6.27152],[-75.55663,6.2723],[-75.55818,6.27194]],[[-75.55554,6.2816],[-75.55555,6.28145],[-75.55554,6.2814],[-75.55554,6.2816]],[[-75.55648,6.28606],[-75.55558,6.28587],[-75.55631,6.28697],[-75.55648,6.28606]],[[-75.55971,6.28359],[-75.55559,6.28359],[-75.55776,6.28467],[-75.55971,6.28359]],[[-75.55573,6.26128],[-75.55561,6.26171],[-75.5558,6.26146],[-75.55573,6.26128]],[[-75.55562,6.2722],[-75.556,6.27221],[-75.55575,6.27218],[-75.55562,6.2722]],[[-75.55573,6.25083],[-75.55563,6.25091],[-75.5558,6.25093],[-75.55573,6.25083]],[[-75.55567,6.2804],[-75.55583,6.28033],[-75.55567,6.28001],[-75.55567,6.2804]],[[-75.5557,6.29257],[-75.55571,6.29254],[-75.5557,6.2925],[-75.5557,6.29257]],[[-75.55573,6.26284],[-75.55575,6.26287],[-75.55576,6.26282],[-75.55573,6.26284]],[[-75.55576,6.26117],[-75.55575,6.26122],[-75.55576,6.2612],[-75.55576,6.26117]],[[-75.55575,6.26208],[-75.55578,6.26202],[-75.55575,6.26194],[-75.55575,6.26208]],[[-75.55575,6.27931],[-75.55597,6.27928],[-75.55604,6.27892],[-75.55575,6.27931]],[[-75.55641,6.25028],[-75.55579,6.25047],[-75.55612,6.25086],[-75.55641,6.25028]],[[-75.5558,6.27983],[-75.55586,6.27955],[-75.55581,6.27944],[-75.5558,6.27983]],[[-75.55588,6.28094],[-75.55642,6.28078],[-75.55581,6.2804],[-75.55588,6.28094]],[[-75.55583,6.29213],[-75.55584,6.29214],[-75.55584,6.29212],[-75.55583,6.29213]],[[-75.55588,6.26645],[-75.55584,6.26654],[-75.55593,6.26657],[-75.55588,6.26645]],[[-75.55588,6.25116],[-75.55607,6.25106],[-75.55593,6.25093],[-75.55588,6.25116]],[[-75.55857,6.26892],[-75.55638,6.26849],[-75.5559,6.27119],[-75.55857,6.26892]],[[-75.55595,6.29189],[-75.55606,6.29178],[-75.55599,6.29168],[-75.55595,6.29189]],[[-75.55601,6.28047],[-75.55637,6.2806],[-75.55621,6.28033],[-75.55601,6.28047]],[[-75.55615,6.27914],[-75.5561,6.27905],[-75.55604,6.27919],[-75.55615,6.27914]],[[-75.55604,6.27315],[-75.5564,6.27316],[-75.55622,6.27312],[-75.55604,6.27315]],[[-75.55604,6.27668],[-75.55613,6.27668],[-75.55608,6.27667],[-75.55604,6.27668]],[[-75.55605,6.28976],[-75.55631,6.28967],[-75.55621,6.28942],[-75.55605,6.28976]],[[-75.55608,6.28995],[-75.5561,6.29],[-75.5561,6.28989],[-75.55608,6.28995]],[[-75.55617,6.29093],[-75.55625,6.29092],[-75.55622,6.29084],[-75.55617,6.29093]],[[-75.55633,6.2787],[-75.55621,6.27849],[-75.5562,6.27893],[-75.55633,6.2787]],[[-75.55683,6.27778],[-75.5562,6.27745],[-75.55662,6.28063],[-75.55729,6.27802],[-75.55723,6.2761],[-75.55629,6.27735],[-75.55683,6.27778]],[[-75.55677,6.25087],[-75.55625,6.25129],[-75.55641,6.25161],[-75.55677,6.25087]],[[-75.55627,6.25078],[-75.55628,6.25086],[-75.55653,6.25062],[-75.55627,6.25078]],[[-75.55628,6.27669],[-75.55632,6.27674],[-75.55632,6.27665],[-75.55628,6.27669]],[[-75.55637,6.29072],[-75.55814,6.29143],[-75.55854,6.2911],[-75.55637,6.29072]],[[-75.55638,6.25484],[-75.55641,6.25486],[-75.55641,6.25482],[-75.55638,6.25484]],[[-75.5564,6.27234],[-75.55686,6.27237],[-75.55648,6.27232],[-75.5564,6.27234]],[[-75.55669,6.26404],[-75.55646,6.26449],[-75.55704,6.26414],[-75.55669,6.26404]],[[-75.55656,6.25017],[-75.55646,6.25021],[-75.5566,6.25027],[-75.55656,6.25017]],[[-75.55653,6.26823],[-75.55657,6.26827],[-75.55658,6.26805],[-75.55653,6.26823]],[[-75.55655,6.25488],[-75.55657,6.25485],[-75.55656,6.25482],[-75.55655,6.25488]],[[-75.55655,6.2859],[-75.55849,6.28589],[-75.55754,6.28577],[-75.55655,6.2859]],[[-75.55693,6.25435],[-75.55662,6.25476],[-75.55776,6.25554],[-75.55693,6.25435]],[[-75.55663,6.25065],[-75.55667,6.25071],[-75.55668,6.2506],[-75.55663,6.25065]],[[-75.55668,6.27328],[-75.55708,6.27328],[-75.55664,6.27314],[-75.55668,6.27328]],[[-75.55669,6.26368],[-75.55707,6.26367],[-75.55671,6.26337],[-75.55669,6.26368]],[[-75.55953,6.28612],[-75.55675,6.28603],[-75.5584,6.287],[-75.55953,6.28612]],[[-75.5569,6.25247],[-75.55677,6.25288],[-75.55732,6.25229],[-75.5569,6.25247]],[[-75.55677,6.27153],[-75.55698,6.27162],[-75.55712,6.2715],[-75.55677,6.27153]],[[-75.55702,6.25169],[-75.55677,6.25165],[-75.557,6.25192],[-75.55702,6.25169]],[[-75.55686,6.26307],[-75.5568,6.2631],[-75.5569,6.26313],[-75.55686,6.26307]],[[-75.5569,6.25405],[-75.55695,6.25411],[-75.55695,6.25402],[-75.5569,6.25405]],[[-75.55697,6.2632],[-75.55695,6.26326],[-75.55701,6.26326],[-75.55697,6.2632]],[[-75.55696,6.26392],[-75.55712,6.26393],[-75.55708,6.26387],[-75.55696,6.26392]],[[-75.55709,6.26147],[-75.55717,6.26136],[-75.55699,6.26155],[-75.55709,6.26147]],[[-75.55721,6.25121],[-75.557,6.25129],[-75.55728,6.25141],[-75.55721,6.25121]],[[-75.55775,6.2523],[-75.55703,6.25305],[-75.55726,6.25319],[-75.55775,6.2523]],[[-75.55707,6.27566],[-75.55741,6.27593],[-75.55748,6.2753],[-75.55707,6.27566]],[[-75.55777,6.2632],[-75.55707,6.26406],[-75.55958,6.26367],[-75.55777,6.2632]],[[-75.55708,6.27247],[-75.55746,6.27247],[-75.55721,6.27244],[-75.55708,6.27247]],[[-75.55712,6.26311],[-75.55709,6.26311],[-75.5571,6.26313],[-75.55712,6.26311]],[[-75.55713,6.25395],[-75.55814,6.25482],[-75.55797,6.25414],[-75.55713,6.25395]],[[-75.55714,6.27426],[-75.55714,6.27505],[-75.55736,6.27422],[-75.55714,6.27426]],[[-75.5572,6.25417],[-75.55722,6.25419],[-75.55722,6.25416],[-75.5572,6.25417]],[[-75.5572,6.25326],[-75.55722,6.25336],[-75.55722,6.25321],[-75.5572,6.25326]],[[-75.55739,6.26325],[-75.55724,6.26325],[-75.55732,6.26326],[-75.55739,6.26325]],[[-75.55764,6.27482],[-75.55743,6.27432],[-75.55728,6.27493],[-75.55764,6.27482]],[[-75.55729,6.25647],[-75.55763,6.25707],[-75.55788,6.25604],[-75.55729,6.25647]],[[-75.55747,6.25207],[-75.55735,6.25192],[-75.55735,6.25222],[-75.55747,6.25207]],[[-75.55751,6.26414],[-75.55795,6.26863],[-75.5594,6.26468],[-75.55751,6.26414]],[[-75.55806,6.25256],[-75.55755,6.25337],[-75.55838,6.25312],[-75.55806,6.25256]],[[-75.55811,6.252],[-75.55768,6.2516],[-75.55769,6.25192],[-75.55811,6.252]],[[-75.55772,6.27551],[-75.56046,6.27652],[-75.56061,6.27586],[-75.55772,6.27551]],[[-75.55821,6.25527],[-75.55783,6.25571],[-75.55838,6.25604],[-75.55821,6.25527]],[[-75.5624,6.27453],[-75.55802,6.27382],[-75.56045,6.27493],[-75.5624,6.27453]],[[-75.55873,6.28586],[-75.55961,6.28481],[-75.55803,6.28479],[-75.55873,6.28586]],[[-75.55816,6.25156],[-75.5581,6.25161],[-75.55815,6.25172],[-75.55816,6.25156]],[[-75.55815,6.25389],[-75.55817,6.2539],[-75.55817,6.25389],[-75.55815,6.25389]],[[-75.55822,6.27272],[-75.55821,6.27276],[-75.55823,6.27277],[-75.55822,6.27272]],[[-75.55829,6.27328],[-75.5589,6.27351],[-75.55907,6.27293],[-75.55829,6.27328]],[[-75.5583,6.27355],[-75.55854,6.27355],[-75.55841,6.27354],[-75.5583,6.27355]],[[-75.55942,6.25367],[-75.55837,6.25494],[-75.55877,6.25535],[-75.55942,6.25367]],[[-75.55844,6.25412],[-75.55907,6.25361],[-75.55887,6.25317],[-75.55844,6.25412]],[[-75.55846,6.27544],[-75.55859,6.27544],[-75.55851,6.2754],[-75.55846,6.27544]],[[-75.55847,6.27246],[-75.55905,6.27268],[-75.55919,6.27209],[-75.55847,6.27246]],[[-75.55848,6.27011],[-75.55848,6.27104],[-75.55875,6.26945],[-75.55848,6.27011]],[[-75.55851,6.25418],[-75.55856,6.25424],[-75.55856,6.25416],[-75.55851,6.25418]],[[-75.55857,6.26433],[-75.55978,6.26446],[-75.55887,6.26424],[-75.55857,6.26433]],[[-75.55863,6.29119],[-75.5588,6.29163],[-75.55907,6.29138],[-75.55863,6.29119]],[[-75.55867,6.25634],[-75.55871,6.25638],[-75.55871,6.25633],[-75.55867,6.25634]],[[-75.55869,6.25294],[-75.55871,6.25295],[-75.55871,6.25292],[-75.55869,6.25294]],[[-75.55876,6.2559],[-75.5595,6.25695],[-75.56008,6.25675],[-75.55876,6.2559]],[[-75.55949,6.25779],[-75.55882,6.25911],[-75.56005,6.25783],[-75.55949,6.25779]],[[-75.55887,6.29087],[-75.55911,6.29112],[-75.55896,6.2906],[-75.55887,6.29087]],[[-75.55925,6.25246],[-75.55888,6.25289],[-75.5595,6.25296],[-75.55925,6.25246]],[[-75.55894,6.28129],[-75.55892,6.28125],[-75.55892,6.28131],[-75.55894,6.28129]],[[-75.55896,6.25399],[-75.55898,6.25402],[-75.55898,6.25388],[-75.55896,6.25399]],[[-75.55936,6.26866],[-75.55903,6.26831],[-75.55909,6.26883],[-75.55936,6.26866]],[[-75.55995,6.2542],[-75.55905,6.25553],[-75.56054,6.25607],[-75.55995,6.2542]],[[-75.55916,6.2682],[-75.55907,6.26826],[-75.55915,6.26834],[-75.55916,6.2682]],[[-75.55913,6.27368],[-75.55932,6.27368],[-75.55918,6.27366],[-75.55913,6.27368]],[[-75.55916,6.28602],[-75.56085,6.28602],[-75.55959,6.28595],[-75.55916,6.28602]],[[-75.55922,6.29144],[-75.55933,6.29173],[-75.55971,6.29169],[-75.55922,6.29144]],[[-75.55926,6.27287],[-75.55974,6.27287],[-75.55957,6.27284],[-75.55926,6.27287]],[[-75.55927,6.27357],[-75.56014,6.27356],[-75.5598,6.27298],[-75.55927,6.27357]],[[-75.55937,6.27273],[-75.56013,6.27282],[-75.5598,6.27217],[-75.55937,6.27273]],[[-75.55967,6.26462],[-75.5594,6.26651],[-75.56013,6.26478],[-75.55967,6.26462]],[[-75.55949,6.29131],[-75.55949,6.29133],[-75.5595,6.29133],[-75.55949,6.29131]],[[-75.5598,6.25298],[-75.55956,6.25348],[-75.56004,6.25354],[-75.5598,6.25298]],[[-75.55959,6.28724],[-75.55962,6.28726],[-75.55962,6.28722],[-75.55959,6.28724]],[[-75.55998,6.29119],[-75.55974,6.29094],[-75.55961,6.29112],[-75.55998,6.29119]],[[-75.55962,6.29808],[-75.55964,6.29811],[-75.55965,6.29805],[-75.55962,6.29808]],[[-75.55994,6.28608],[-75.55968,6.28693],[-75.56001,6.2872],[-75.55994,6.28608]],[[-75.5597,6.26954],[-75.5597,6.26944],[-75.55969,6.26949],[-75.5597,6.26954]],[[-75.56001,6.27357],[-75.5597,6.27363],[-75.55974,6.27381],[-75.56001,6.27357]],[[-75.55971,6.29794],[-75.55977,6.29801],[-75.55979,6.29788],[-75.55971,6.29794]],[[-75.55989,6.26377],[-75.55975,6.26437],[-75.56033,6.26383],[-75.55989,6.26377]],[[-75.56138,6.28589],[-75.56112,6.28493],[-75.5598,6.28577],[-75.56138,6.28589]],[[-75.55986,6.28458],[-75.56143,6.28459],[-75.56049,6.28361],[-75.55986,6.28458]],[[-75.56002,6.29159],[-75.56093,6.29131],[-75.56062,6.29128],[-75.56002,6.29159]],[[-75.56039,6.25675],[-75.56003,6.25714],[-75.56056,6.25707],[-75.56039,6.25675]],[[-75.56005,6.29751],[-75.56005,6.29755],[-75.56006,6.2975],[-75.56005,6.29751]],[[-75.56007,6.25646],[-75.56007,6.25647],[-75.56008,6.25646],[-75.56007,6.25646]],[[-75.5601,6.273],[-75.56045,6.273],[-75.56027,6.27296],[-75.5601,6.273]],[[-75.56018,6.29736],[-75.56018,6.29745],[-75.56019,6.29735],[-75.56018,6.29736]],[[-75.56228,6.27389],[-75.56088,6.27317],[-75.56026,6.27355],[-75.56228,6.27389]],[[-75.56122,6.27327],[-75.561,6.27307],[-75.56079,6.27314],[-75.56088,6.27317],[-75.56122,6.27327]],[[-75.56028,6.29185],[-75.56111,6.29209],[-75.56099,6.29164],[-75.56028,6.29185]],[[-75.56086,6.27241],[-75.56031,6.27246],[-75.56041,6.27284],[-75.56086,6.27241]],[[-75.56032,6.29727],[-75.56032,6.29729],[-75.56035,6.29728],[-75.56032,6.29727]],[[-75.56034,6.27399],[-75.56084,6.27408],[-75.56048,6.27387],[-75.56034,6.27399]],[[-75.5604,6.27666],[-75.56068,6.27666],[-75.56054,6.27663],[-75.5604,6.27666]],[[-75.56043,6.27544],[-75.56068,6.27568],[-75.56089,6.27501],[-75.56043,6.27544]],[[-75.56046,6.29696],[-75.56046,6.29701],[-75.56047,6.29695],[-75.56046,6.29696]],[[-75.56056,6.2872],[-75.56081,6.28661],[-75.56055,6.28618],[-75.56056,6.2872]],[[-75.56055,6.28737],[-75.56075,6.28737],[-75.56069,6.28735],[-75.56055,6.28737]],[[-75.56088,6.26694],[-75.56062,6.2673],[-75.56169,6.2673],[-75.56088,6.26694]],[[-75.56065,6.2749],[-75.56075,6.2749],[-75.56069,6.27489],[-75.56065,6.2749]],[[-75.56091,6.28637],[-75.56116,6.28722],[-75.56122,6.28622],[-75.56091,6.28637]],[[-75.561,6.27538],[-75.56107,6.27548],[-75.56107,6.27512],[-75.561,6.27538]],[[-75.56144,6.27264],[-75.56116,6.27235],[-75.56105,6.27296],[-75.56144,6.27264]],[[-75.5624,6.27441],[-75.56256,6.27408],[-75.56111,6.27402],[-75.5624,6.27441]],[[-75.56131,6.29018],[-75.56158,6.2906],[-75.56171,6.28999],[-75.56131,6.29018]],[[-75.56136,6.28833],[-75.56138,6.28838],[-75.56138,6.28829],[-75.56136,6.28833]],[[-75.56138,6.28862],[-75.56142,6.28859],[-75.56138,6.28854],[-75.56138,6.28862]],[[-75.56148,6.28763],[-75.56154,6.28855],[-75.56189,6.28749],[-75.56148,6.28763]],[[-75.56149,6.27298],[-75.56214,6.27322],[-75.56188,6.27248],[-75.56149,6.27298]],[[-75.56152,6.28617],[-75.56156,6.28612],[-75.56151,6.286],[-75.56152,6.28617]],[[-75.56153,6.27328],[-75.56244,6.2736],[-75.56242,6.27323],[-75.56153,6.27328]],[[-75.56159,6.2898],[-75.56192,6.28895],[-75.56153,6.28873],[-75.56159,6.2898]],[[-75.56155,6.28647],[-75.56168,6.28722],[-75.56196,6.28624],[-75.56155,6.28647]],[[-75.56167,6.28589],[-75.56209,6.2858],[-75.56206,6.28498],[-75.56167,6.28589]],[[-75.5624,6.28453],[-75.56177,6.28369],[-75.56205,6.28475],[-75.5624,6.28453]],[[-75.56188,6.28615],[-75.5628,6.28615],[-75.56215,6.28608],[-75.56188,6.28615]],[[-75.56243,6.26725],[-75.56249,6.26676],[-75.56203,6.26703],[-75.56243,6.26725]],[[-75.56206,6.2874],[-75.56209,6.28737],[-75.56206,6.28735],[-75.56206,6.2874]],[[-75.5623,6.28626],[-75.56211,6.28723],[-75.56312,6.28673],[-75.5623,6.28626]],[[-75.56212,6.27516],[-75.56246,6.27524],[-75.56242,6.275],[-75.56212,6.27516]],[[-75.56272,6.28471],[-75.56295,6.28372],[-75.56214,6.28368],[-75.56272,6.28471]],[[-75.56244,6.28498],[-75.56225,6.28579],[-75.56265,6.2858],[-75.56244,6.28498]],[[-75.56227,6.29126],[-75.56234,6.29128],[-75.56229,6.29126],[-75.56227,6.29126]],[[-75.56239,6.29399],[-75.56228,6.29409],[-75.56233,6.29406],[-75.56239,6.29399]],[[-75.56261,6.29371],[-75.56246,6.29392],[-75.56257,6.29379],[-75.56261,6.29371]],[[-75.5646,6.27326],[-75.56269,6.27269],[-75.56246,6.27324],[-75.5646,6.27326]],[[-75.56255,6.27585],[-75.56257,6.27585],[-75.56256,6.27583],[-75.56255,6.27585]],[[-75.56261,6.27493],[-75.56423,6.27523],[-75.56278,6.27356],[-75.56261,6.27493]],[[-75.56263,6.26745],[-75.56268,6.26751],[-75.56268,6.26742],[-75.56263,6.26745]],[[-75.56269,6.27593],[-75.56406,6.27613],[-75.56292,6.27522],[-75.56269,6.27593]],[[-75.56286,6.2858],[-75.56274,6.28594],[-75.56286,6.28608],[-75.56286,6.2858]],[[-75.56288,6.2669],[-75.5632,6.26729],[-75.56316,6.26676],[-75.56288,6.2669]],[[-75.56299,6.28435],[-75.563,6.28446],[-75.563,6.2841],[-75.56299,6.28435]],[[-75.56304,6.2848],[-75.56533,6.28254],[-75.56435,6.27735],[-75.56304,6.2848]],[[-75.56394,6.27651],[-75.56304,6.27633],[-75.56395,6.27721],[-75.56394,6.27651]],[[-75.56331,6.29177],[-75.5632,6.2921],[-75.56329,6.29189],[-75.56331,6.29177]],[[-75.56339,6.27979],[-75.56343,6.27966],[-75.5634,6.27958],[-75.56339,6.27979]],[[-75.56362,6.2674],[-75.5641,6.26717],[-75.56389,6.26688],[-75.56362,6.2674]],[[-75.56406,6.26641],[-75.56366,6.26648],[-75.56389,6.26675],[-75.56406,6.26641]],[[-75.56546,6.26868],[-75.56555,6.2672],[-75.56384,6.26753],[-75.56546,6.26868]],[[-75.56388,6.27369],[-75.56408,6.27367],[-75.56394,6.27365],[-75.56388,6.27369]],[[-75.56446,6.27419],[-75.56434,6.27385],[-75.56402,6.27439],[-75.56446,6.27419]],[[-75.56421,6.26663],[-75.56478,6.26688],[-75.5648,6.26656],[-75.56421,6.26663]],[[-75.56446,6.26641],[-75.56501,6.26635],[-75.56444,6.26606],[-75.56446,6.26641]],[[-75.56494,6.28859],[-75.56464,6.28804],[-75.5645,6.28888],[-75.56494,6.28859]],[[-75.56456,6.26907],[-75.56477,6.26906],[-75.56467,6.26903],[-75.56456,6.26907]],[[-75.56456,6.29021],[-75.56465,6.29022],[-75.56463,6.29013],[-75.56456,6.29021]],[[-75.56461,6.27719],[-75.5646,6.27718],[-75.5646,6.2772],[-75.56461,6.27719]],[[-75.56474,6.28995],[-75.56478,6.28995],[-75.56477,6.2899],[-75.56474,6.28995]],[[-75.56487,6.2898],[-75.56492,6.28981],[-75.56491,6.28977],[-75.56487,6.2898]],[[-75.565,6.27789],[-75.56506,6.27787],[-75.56502,6.27782],[-75.565,6.27789]],[[-75.565,6.27746],[-75.56501,6.27747],[-75.56501,6.27746],[-75.565,6.27746]],[[-75.56515,6.27859],[-75.56517,6.27832],[-75.56501,6.27798],[-75.56515,6.27859]],[[-75.56516,6.26666],[-75.56504,6.26687],[-75.56533,6.26676],[-75.56516,6.26666]],[[-75.56515,6.27816],[-75.56518,6.27813],[-75.56515,6.27807],[-75.56515,6.27816]],[[-75.56588,6.26649],[-75.56544,6.26621],[-75.56521,6.26645],[-75.56588,6.26649]],[[-75.56529,6.27859],[-75.56534,6.27853],[-75.56529,6.27838],[-75.56529,6.27859]],[[-75.56533,6.26695],[-75.56571,6.26696],[-75.56551,6.26676],[-75.56533,6.26695]],[[-75.56536,6.28901],[-75.56544,6.28887],[-75.56547,6.28873],[-75.56536,6.28901]],[[-75.56543,6.27889],[-75.56547,6.27882],[-75.56543,6.27877],[-75.56543,6.27889]],[[-75.5661,6.28048],[-75.56644,6.28063],[-75.56543,6.27899],[-75.5661,6.28048]],[[-75.56544,6.27957],[-75.56545,6.28019],[-75.56583,6.28036],[-75.56544,6.27957]],[[-75.56596,6.27969],[-75.56603,6.27964],[-75.56598,6.27957],[-75.56596,6.27969]],[[-75.56741,6.28327],[-75.56729,6.28106],[-75.56616,6.28371],[-75.56741,6.28327]],[[-75.56653,6.27968],[-75.56619,6.27992],[-75.56688,6.28082],[-75.56653,6.27968]],[[-75.56634,6.27976],[-75.56638,6.27974],[-75.56638,6.27962],[-75.56634,6.27976]],[[-75.56642,6.2807],[-75.56649,6.28076],[-75.56651,6.28063],[-75.56642,6.2807]],[[-75.56648,6.27923],[-75.5665,6.27927],[-75.5665,6.2792],[-75.56648,6.27923]],[[-75.56674,6.28095],[-75.56664,6.28081],[-75.56668,6.28103],[-75.56674,6.28095]],[[-75.56692,6.2809],[-75.56683,6.28097],[-75.5669,6.28102],[-75.56692,6.2809]],[[-75.5669,6.27932],[-75.56745,6.28086],[-75.56763,6.28061],[-75.5669,6.27932]],[[-75.56771,6.28207],[-75.56773,6.28213],[-75.56774,6.28205],[-75.56771,6.28207]],[[-75.56788,6.28055],[-75.5678,6.28057],[-75.56785,6.28061],[-75.56788,6.28055]]],[[[-75.54111,6.23752],[-75.54366,6.23963],[-75.54484,6.24393],[-75.54111,6.23752]],[[-75.54267,6.23989],[-75.54266,6.23981],[-75.5426,6.23984],[-75.54267,6.23989]],[[-75.54349,6.24122],[-75.54349,6.24118],[-75.54348,6.24119],[-75.54349,6.24122]],[[-75.54412,6.24172],[-75.54377,6.24145],[-75.54403,6.24173],[-75.54412,6.24172]]],[[[-75.54225,6.29192],[-75.54139,6.29345],[-75.54146,6.28905],[-75.54225,6.29192]],[[-75.54181,6.29064],[-75.54149,6.29098],[-75.54179,6.29117],[-75.54181,6.29064]],[[-75.54174,6.29204],[-75.54174,6.292],[-75.54172,6.29203],[-75.54174,6.29204]]],[[[-75.54169,6.24913],[-75.54188,6.24538],[-75.54353,6.24917],[-75.54256,6.24915],[-75.54169,6.24913]],[[-75.54289,6.24824],[-75.54285,6.24823],[-75.54282,6.24824],[-75.54289,6.24824]]],[[[-75.54177,6.25217],[-75.54242,6.25227],[-75.54384,6.25035],[-75.54408,6.24978],[-75.54393,6.25032],[-75.54439,6.25067],[-75.54651,6.25133],[-75.54651,6.2523],[-75.54438,6.25068],[-75.54186,6.25304],[-75.54242,6.25228],[-75.54177,6.25217]]],[[[-75.5433,6.28975],[-75.54506,6.28566],[-75.54592,6.28765],[-75.54283,6.29246],[-75.54275,6.29102],[-75.54324,6.28988],[-75.5433,6.28975]],[[-75.54363,6.29008],[-75.54373,6.29001],[-75.54364,6.28994],[-75.54363,6.29008]],[[-75.54388,6.29013],[-75.54391,6.29013],[-75.5439,6.29012],[-75.54388,6.29013]],[[-75.54421,6.28938],[-75.54459,6.28877],[-75.54442,6.28803],[-75.54421,6.28938]],[[-75.54509,6.28755],[-75.54567,6.28769],[-75.54539,6.28748],[-75.54509,6.28755]]],[[[-75.54862,6.30242],[-75.55247,6.30471],[-75.54808,6.30273],[-75.55196,6.3064],[-75.54415,6.30277],[-75.54815,6.30428],[-75.54801,6.30278],[-75.54353,6.30248],[-75.54639,6.29853],[-75.54652,6.29834],[-75.54691,6.2991],[-75.5475,6.29643],[-75.54826,6.29609],[-75.54786,6.29521],[-75.54527,6.29512],[-75.54858,6.29442],[-75.55033,6.29608],[-75.55033,6.29609],[-75.54706,6.29939],[-75.54747,6.30019],[-75.54832,6.29847],[-75.54754,6.30033],[-75.54862,6.30242]],[[-75.54637,6.29924],[-75.54651,6.29865],[-75.54639,6.29853],[-75.54637,6.29924]],[[-75.5442,6.3018],[-75.54523,6.30138],[-75.54491,6.30124],[-75.5442,6.3018]],[[-75.54442,6.30221],[-75.54489,6.30207],[-75.54464,6.30205],[-75.54442,6.30221]],[[-75.5451,6.30233],[-75.54521,6.30233],[-75.54516,6.30232],[-75.5451,6.30233]],[[-75.54589,6.30066],[-75.5457,6.3004],[-75.54552,6.3014],[-75.54589,6.30066]],[[-75.54606,6.29975],[-75.5461,6.29976],[-75.54609,6.29972],[-75.54606,6.29975]],[[-75.54623,6.3007],[-75.54624,6.30071],[-75.54624,6.30069],[-75.54623,6.3007]],[[-75.54651,6.3003],[-75.5466,6.30016],[-75.54651,6.30009],[-75.54651,6.3003]],[[-75.54664,6.30233],[-75.54672,6.30233],[-75.54667,6.30232],[-75.54664,6.30233]],[[-75.54686,6.30233],[-75.54732,6.30233],[-75.54733,6.30205],[-75.54686,6.30233]],[[-75.5477,6.29656],[-75.5479,6.2965],[-75.54773,6.29643],[-75.5477,6.29656]],[[-75.54787,6.30436],[-75.54792,6.30437],[-75.54788,6.3042],[-75.54787,6.30436]],[[-75.54849,6.29449],[-75.54795,6.29499],[-75.54848,6.29523],[-75.54849,6.29449]],[[-75.54799,6.29704],[-75.54835,6.29703],[-75.54826,6.29698],[-75.54799,6.29704]],[[-75.54812,6.29541],[-75.54824,6.29541],[-75.54814,6.2954],[-75.54812,6.29541]],[[-75.54812,6.29636],[-75.54813,6.29637],[-75.54813,6.29635],[-75.54812,6.29636]],[[-75.54842,6.29709],[-75.54818,6.29716],[-75.54819,6.29747],[-75.54842,6.29709]],[[-75.54821,6.30435],[-75.54873,6.30463],[-75.54829,6.30431],[-75.54821,6.30435]],[[-75.54867,6.29663],[-75.54832,6.29639],[-75.54825,6.29663],[-75.54867,6.29663]],[[-75.54863,6.29596],[-75.5487,6.29534],[-75.54836,6.29588],[-75.54863,6.29596]],[[-75.54851,6.2969],[-75.54853,6.29692],[-75.54853,6.29689],[-75.54851,6.2969]],[[-75.54875,6.29636],[-75.54867,6.29622],[-75.54859,6.29634],[-75.54875,6.29636]],[[-75.54873,6.29703],[-75.54895,6.29704],[-75.54882,6.29701],[-75.54873,6.29703]],[[-75.54906,6.29495],[-75.5488,6.2969],[-75.5494,6.29572],[-75.54906,6.29495]],[[-75.54896,6.3049],[-75.54924,6.30496],[-75.549,6.30476],[-75.54896,6.3049]],[[-75.54943,6.29649],[-75.54948,6.29649],[-75.54947,6.29645],[-75.54943,6.29649]],[[-75.54956,6.29568],[-75.54961,6.2957],[-75.5496,6.29567],[-75.54956,6.29568]],[[-75.54997,6.29634],[-75.54977,6.29626],[-75.5497,6.29641],[-75.54997,6.29634]],[[-75.54979,6.29568],[-75.54976,6.29563],[-75.54975,6.29572],[-75.54979,6.29568]],[[-75.54985,6.29621],[-75.54995,6.29621],[-75.54989,6.2962],[-75.54985,6.29621]],[[-75.55013,6.29622],[-75.55016,6.29622],[-75.55015,6.29615],[-75.55013,6.29622]]],[[[-75.54514,6.29428],[-75.54528,6.29283],[-75.54777,6.29338],[-75.54514,6.29428]],[[-75.54595,6.29352],[-75.54594,6.29321],[-75.54592,6.2935],[-75.54595,6.29352]]],[[[-75.54698,6.24728],[-75.54566,6.24755],[-75.54538,6.24428],[-75.54698,6.24728]],[[-75.54568,6.24701],[-75.54568,6.24732],[-75.54595,6.24699],[-75.54568,6.24701]],[[-75.54672,6.24728],[-75.54681,6.24728],[-75.54677,6.24726],[-75.54672,6.24728]]],[[[-75.54851,6.29023],[-75.55155,6.29117],[-75.54938,6.29135],[-75.54675,6.28994],[-75.54851,6.29023]]],[[[-75.54868,6.25216],[-75.5479,6.24915],[-75.54882,6.24996],[-75.54868,6.25216]]],[[[-75.55033,6.29609],[-75.55077,6.29665],[-75.55135,6.29428],[-75.5521,6.29445],[-75.54892,6.30133],[-75.55033,6.29609]],[[-75.54964,6.29877],[-75.54962,6.29886],[-75.54976,6.29865],[-75.54964,6.29877]],[[-75.55014,6.29839],[-75.55017,6.29839],[-75.55016,6.29838],[-75.55014,6.29839]],[[-75.55031,6.29707],[-75.55034,6.29704],[-75.55031,6.29703],[-75.55031,6.29707]],[[-75.55037,6.29647],[-75.55042,6.29651],[-75.55042,6.29641],[-75.55037,6.29647]],[[-75.5511,6.29581],[-75.55113,6.29581],[-75.55111,6.2958],[-75.5511,6.29581]],[[-75.55129,6.29514],[-75.55137,6.29517],[-75.55136,6.29512],[-75.55129,6.29514]],[[-75.5516,6.29527],[-75.55168,6.29527],[-75.55164,6.29526],[-75.5516,6.29527]]],[[[-75.55692,6.20178],[-75.55826,6.20112],[-75.55948,6.20395],[-75.55917,6.19843],[-75.56142,6.19523],[-75.56207,6.19863],[-75.56329,6.19862],[-75.56142,6.19522],[-75.56221,6.1941],[-75.56314,6.19548],[-75.56286,6.19438],[-75.5644,6.19504],[-75.56356,6.18994],[-75.56261,6.19341],[-75.56105,6.19267],[-75.56253,6.19331],[-75.5631,6.1902],[-75.56067,6.19249],[-75.56,6.19217],[-75.56192,6.18942],[-75.56464,6.18897],[-75.56696,6.19205],[-75.56452,6.20015],[-75.55937,6.19855],[-75.55975,6.1992],[-75.55951,6.20543],[-75.5562,6.20248],[-75.55523,6.20776],[-75.55728,6.20834],[-75.55742,6.20895],[-75.55537,6.20859],[-75.55506,6.20954],[-75.55569,6.21131],[-75.55872,6.21232],[-75.55803,6.21323],[-75.55592,6.21194],[-75.55656,6.21375],[-75.55657,6.21571],[-75.55537,6.21559],[-75.55658,6.21674],[-75.55291,6.21553],[-75.55846,6.21939],[-75.55614,6.21894],[-75.55254,6.21555],[-75.55363,6.2154],[-75.55197,6.21522],[-75.55622,6.21357],[-75.55447,6.21106],[-75.55423,6.20811],[-75.5548,6.2088],[-75.5552,6.20611],[-75.55112,6.20696],[-75.55011,6.20659],[-75.55524,6.20588],[-75.55663,6.19759],[-75.55371,6.19383],[-75.55775,6.19279],[-75.55589,6.19015],[-75.55838,6.19062],[-75.55737,6.19203],[-75.55846,6.1925],[-75.55765,6.19504],[-75.55976,6.19342],[-75.55919,6.19281],[-75.56016,6.19322],[-75.55909,6.1971],[-75.55895,6.19455],[-75.55745,6.19866],[-75.55701,6.19821],[-75.55692,6.20178]],[[-75.5546,6.21097],[-75.55544,6.21123],[-75.55497,6.20983],[-75.5546,6.21097]],[[-75.55517,6.20835],[-75.5552,6.2084],[-75.55521,6.20832],[-75.55517,6.20835]],[[-75.55521,6.20865],[-75.55524,6.20861],[-75.55521,6.20857],[-75.55521,6.20865]],[[-75.55533,6.20597],[-75.55537,6.20588],[-75.55533,6.20575],[-75.55533,6.20597]],[[-75.55546,6.20539],[-75.55548,6.20488],[-75.55546,6.20462],[-75.55546,6.20539]],[[-75.5562,6.2086],[-75.5569,6.20862],[-75.55678,6.20853],[-75.5562,6.2086]],[[-75.55636,6.19669],[-75.55638,6.19687],[-75.55638,6.19625],[-75.55636,6.19669]],[[-75.55638,6.19507],[-75.55638,6.19562],[-75.55677,6.19456],[-75.55638,6.19507]],[[-75.55667,6.19533],[-75.55664,6.19722],[-75.55818,6.19551],[-75.55667,6.19533]],[[-75.55668,6.20833],[-75.55669,6.20834],[-75.55669,6.20833],[-75.55668,6.20833]],[[-75.55692,6.19371],[-75.55695,6.19352],[-75.55692,6.19327],[-75.55692,6.19371]],[[-75.55692,6.19439],[-75.55697,6.19423],[-75.55692,6.19407],[-75.55692,6.19439]],[[-75.55739,6.19301],[-75.55775,6.19299],[-75.55786,6.19279],[-75.55739,6.19301]],[[-75.5589,6.20312],[-75.55829,6.2016],[-75.55762,6.20258],[-75.5589,6.20312]],[[-75.55911,6.20415],[-75.55916,6.20401],[-75.55912,6.20398],[-75.55911,6.20415]],[[-75.55949,6.19951],[-75.55951,6.19954],[-75.55951,6.19949],[-75.55949,6.19951]],[[-75.5595,6.19831],[-75.55966,6.19818],[-75.55964,6.1981],[-75.5595,6.19831]],[[-75.56004,6.19762],[-75.56059,6.19764],[-75.56032,6.19724],[-75.56004,6.19762]],[[-75.56031,6.19711],[-75.56032,6.19708],[-75.56031,6.19706],[-75.56031,6.19711]],[[-75.56045,6.19687],[-75.56049,6.1968],[-75.56045,6.19674],[-75.56045,6.19687]],[[-75.56056,6.19843],[-75.56073,6.19863],[-75.56059,6.19799],[-75.56056,6.19843]],[[-75.56286,6.19001],[-75.56309,6.19001],[-75.56287,6.18987],[-75.56286,6.19001]],[[-75.56341,6.19868],[-75.56317,6.19966],[-75.56407,6.19943],[-75.56341,6.19868]],[[-75.5641,6.19678],[-75.56465,6.19541],[-75.56331,6.19548],[-75.5641,6.19678]],[[-75.56361,6.19827],[-75.56451,6.19941],[-75.56513,6.19714],[-75.56361,6.19827]],[[-75.5656,6.19529],[-75.56679,6.19194],[-75.56399,6.18999],[-75.5656,6.19529]],[[-75.56411,6.19707],[-75.56413,6.19706],[-75.56411,6.19704],[-75.56411,6.19707]],[[-75.56555,6.19638],[-75.56494,6.19584],[-75.56433,6.19683],[-75.56555,6.19638]],[[-75.56449,6.19638],[-75.56451,6.1964],[-75.56451,6.19634],[-75.56449,6.19638]],[[-75.56478,6.19556],[-75.56477,6.19557],[-75.56478,6.19558],[-75.56478,6.19556]],[[-75.56498,6.19706],[-75.56504,6.1971],[-75.56504,6.19702],[-75.56498,6.19706]]],[[[-75.55678,6.29988],[-75.5554,6.30669],[-75.55651,6.30079],[-75.55248,6.30195],[-75.55125,6.29992],[-75.55678,6.29988]],[[-75.55193,6.30015],[-75.55201,6.30014],[-75.55195,6.30012],[-75.55193,6.30015]],[[-75.55248,6.30085],[-75.55281,6.30054],[-75.55234,6.30026],[-75.55248,6.30085]],[[-75.55296,6.30068],[-75.55318,6.30082],[-75.55301,6.30054],[-75.55296,6.30068]],[[-75.55474,6.3004],[-75.55506,6.30041],[-75.55488,6.30037],[-75.55474,6.3004]],[[-75.55626,6.30054],[-75.55641,6.30054],[-75.55637,6.3005],[-75.55626,6.30054]]],[[[-75.55242,6.2965],[-75.55692,6.2992],[-75.55681,6.29972],[-75.55421,6.29783],[-75.55366,6.29743],[-75.55242,6.2965]],[[-75.55479,6.29811],[-75.55395,6.29755],[-75.55421,6.29783],[-75.55479,6.29811]],[[-75.55521,6.29837],[-75.55507,6.29829],[-75.55504,6.29837],[-75.55521,6.29837]],[[-75.55561,6.29865],[-75.55545,6.2985],[-75.55558,6.29865],[-75.55561,6.29865]],[[-75.55628,6.29905],[-75.55613,6.29891],[-75.55626,6.29905],[-75.55628,6.29905]],[[-75.5567,6.29932],[-75.55654,6.29916],[-75.55654,6.2992],[-75.5567,6.29932]]],[[[-75.56205,6.21997],[-75.55945,6.21958],[-75.5566,6.21639],[-75.56205,6.21997]]],[[[-75.5574,6.2627],[-75.55966,6.25964],[-75.55817,6.26245],[-75.55977,6.26283],[-75.56051,6.25851],[-75.56278,6.25544],[-75.56484,6.25753],[-75.56229,6.25781],[-75.56477,6.25942],[-75.56334,6.26323],[-75.56101,6.26302],[-75.56394,6.26157],[-75.56114,6.26112],[-75.56048,6.26297],[-75.56062,6.26098],[-75.56012,6.26294],[-75.5574,6.2627]],[[-75.56064,6.26093],[-75.56063,6.26092],[-75.5606,6.26093],[-75.56064,6.26093]],[[-75.56118,6.26093],[-75.56102,6.26088],[-75.56086,6.26094],[-75.56118,6.26093]],[[-75.56132,6.25808],[-75.5618,6.25778],[-75.56154,6.25736],[-75.56132,6.25808]],[[-75.56248,6.26104],[-75.56438,6.26039],[-75.5616,6.25865],[-75.56248,6.26104]],[[-75.56175,6.25705],[-75.56197,6.25747],[-75.56204,6.25687],[-75.56175,6.25705]],[[-75.5621,6.25778],[-75.56217,6.2586],[-75.56259,6.25808],[-75.5621,6.25778]],[[-75.56217,6.25661],[-75.56258,6.25652],[-75.56238,6.25609],[-75.56217,6.25661]],[[-75.56224,6.25739],[-75.56284,6.25773],[-75.56279,6.25731],[-75.56224,6.25739]],[[-75.56245,6.25875],[-75.56325,6.25869],[-75.56278,6.25828],[-75.56245,6.25875]],[[-75.56259,6.25577],[-75.56304,6.25582],[-75.56278,6.25548],[-75.56259,6.25577]],[[-75.56261,6.25697],[-75.56303,6.25734],[-75.56292,6.25651],[-75.56261,6.25697]],[[-75.56292,6.25637],[-75.56292,6.25631],[-75.56291,6.25633],[-75.56292,6.25637]],[[-75.56435,6.26004],[-75.56466,6.25961],[-75.56324,6.25891],[-75.56435,6.26004]],[[-75.56362,6.26133],[-75.56344,6.26126],[-75.56328,6.26134],[-75.56362,6.26133]],[[-75.5634,6.25757],[-75.56406,6.25754],[-75.56355,6.25695],[-75.5634,6.25757]]],[[[-75.55883,6.30553],[-75.55956,6.30827],[-75.55806,6.31057],[-75.55883,6.30553]]],[[[-75.5658,6.21848],[-75.55808,6.21478],[-75.56587,6.21846],[-75.5647,6.22696],[-75.56323,6.22919],[-75.5658,6.21848]]],[[[-75.56977,6.30782],[-75.56781,6.30978],[-75.56521,6.30763],[-75.56397,6.31092],[-75.56674,6.31122],[-75.55829,6.31227],[-75.56028,6.31052],[-75.56247,6.31072],[-75.56239,6.30785],[-75.56376,6.30757],[-75.56208,6.30448],[-75.56166,6.30648],[-75.56124,6.3057],[-75.5597,6.30806],[-75.55983,6.29891],[-75.56734,6.2872],[-75.56087,6.29846],[-75.56207,6.30272],[-75.56392,6.29753],[-75.5658,6.2985],[-75.56406,6.29538],[-75.56667,6.2937],[-75.56622,6.29809],[-75.56351,6.30223],[-75.56527,6.30246],[-75.5627,6.30464],[-75.5643,6.30768],[-75.56576,6.30274],[-75.56676,6.30329],[-75.56388,6.30867],[-75.56848,6.30054],[-75.56703,6.30412],[-75.56971,6.30349],[-75.56877,6.30072],[-75.57223,6.30281],[-75.57064,6.30622],[-75.56973,6.30354],[-75.56977,6.30782]],[[-75.56157,6.30406],[-75.56153,6.30406],[-75.56155,6.30408],[-75.56157,6.30406]],[[-75.56251,6.30492],[-75.56253,6.3048],[-75.56251,6.30467],[-75.56251,6.30492]],[[-75.56264,6.30219],[-75.56265,6.30214],[-75.56264,6.30206],[-75.56264,6.30219]],[[-75.56275,6.29451],[-75.56275,6.29455],[-75.56276,6.2945],[-75.56275,6.29451]],[[-75.56295,6.30807],[-75.56275,6.31075],[-75.56374,6.30936],[-75.56295,6.30807]],[[-75.56281,6.31097],[-75.56283,6.31094],[-75.56281,6.31089],[-75.56281,6.31097]],[[-75.56306,6.30214],[-75.56298,6.30215],[-75.56303,6.30216],[-75.56306,6.30214]],[[-75.56347,6.31083],[-75.56362,6.31082],[-75.5635,6.31082],[-75.56347,6.31083]],[[-75.56389,6.30937],[-75.56393,6.30933],[-75.56389,6.30928],[-75.56389,6.30937]],[[-75.56536,6.29625],[-75.56444,6.29586],[-75.56517,6.29657],[-75.56536,6.29625]],[[-75.56554,6.29603],[-75.56466,6.29536],[-75.56519,6.29604],[-75.56554,6.29603]],[[-75.56492,6.2966],[-75.56512,6.29671],[-75.56494,6.29652],[-75.56492,6.2966]],[[-75.56529,6.29739],[-75.56534,6.29745],[-75.56534,6.29733],[-75.56529,6.29739]],[[-75.56632,6.30756],[-75.56542,6.30741],[-75.56678,6.30795],[-75.56632,6.30756]],[[-75.56545,6.30675],[-75.56552,6.30676],[-75.5655,6.30672],[-75.56545,6.30675]],[[-75.56582,6.2967],[-75.56547,6.29657],[-75.56557,6.2971],[-75.56582,6.2967]],[[-75.56574,6.2971],[-75.56554,6.29756],[-75.56588,6.29751],[-75.56574,6.2971]],[[-75.56596,6.29619],[-75.5658,6.2963],[-75.56609,6.29633],[-75.56596,6.29619]],[[-75.56583,6.30703],[-75.56809,6.30811],[-75.56771,6.30671],[-75.56583,6.30703]],[[-75.56595,6.2979],[-75.56583,6.29788],[-75.56593,6.29799],[-75.56595,6.2979]],[[-75.56615,6.29679],[-75.56594,6.29696],[-75.56621,6.29702],[-75.56615,6.29679]],[[-75.5661,6.29781],[-75.56602,6.29773],[-75.56601,6.29788],[-75.5661,6.29781]],[[-75.56626,6.29634],[-75.56607,6.29643],[-75.56634,6.2965],[-75.56626,6.29634]],[[-75.56608,6.29809],[-75.56618,6.29812],[-75.56619,6.29802],[-75.56608,6.29809]],[[-75.56615,6.2974],[-75.56617,6.29739],[-75.56615,6.29736],[-75.56615,6.2974]],[[-75.56624,6.29764],[-75.56615,6.29749],[-75.56615,6.29774],[-75.56624,6.29764]],[[-75.56744,6.30659],[-75.56643,6.30623],[-75.56698,6.30672],[-75.56744,6.30659]],[[-75.56664,6.30592],[-75.56814,6.30651],[-75.56772,6.30617],[-75.56664,6.30592]],[[-75.56677,6.30553],[-75.56832,6.30564],[-75.56748,6.30523],[-75.56677,6.30553]],[[-75.56701,6.30794],[-75.5669,6.30806],[-75.56722,6.3081],[-75.56701,6.30794]],[[-75.56694,6.30824],[-75.56705,6.30824],[-75.56699,6.30823],[-75.56694,6.30824]],[[-75.5679,6.30466],[-75.56741,6.30439],[-75.56714,6.30469],[-75.5679,6.30466]],[[-75.5672,6.30826],[-75.56788,6.30851],[-75.56756,6.30811],[-75.5672,6.30826]],[[-75.56799,6.30511],[-75.56903,6.30525],[-75.56867,6.3049],[-75.56799,6.30511]],[[-75.56812,6.30617],[-75.56829,6.30607],[-75.56815,6.30595],[-75.56812,6.30617]],[[-75.56826,6.30671],[-75.56843,6.30661],[-75.56815,6.30657],[-75.56826,6.30671]],[[-75.56884,6.30634],[-75.56864,6.30612],[-75.56828,6.30616],[-75.56884,6.30634]],[[-75.56859,6.30685],[-75.56868,6.30663],[-75.56842,6.3067],[-75.56859,6.30685]],[[-75.56858,6.30573],[-75.56898,6.30566],[-75.56863,6.30543],[-75.56858,6.30573]],[[-75.56862,6.30703],[-75.56865,6.30702],[-75.56862,6.307],[-75.56862,6.30703]],[[-75.56894,6.30593],[-75.56873,6.30593],[-75.56879,6.30595],[-75.56894,6.30593]],[[-75.57008,6.30199],[-75.57009,6.30201],[-75.5701,6.30198],[-75.57008,6.30199]],[[-75.57011,6.30224],[-75.57038,6.30248],[-75.57024,6.30206],[-75.57011,6.30224]],[[-75.57132,6.30447],[-75.57075,6.30461],[-75.5709,6.30483],[-75.57132,6.30447]]],[[[-75.55981,6.18861],[-75.55832,6.18169],[-75.56096,6.18678],[-75.56189,6.18568],[-75.55981,6.18861]]],[[[-75.5636,6.20654],[-75.56262,6.20578],[-75.56376,6.20654],[-75.5639,6.2068],[-75.56151,6.20873],[-75.56983,6.21148],[-75.56911,6.23645],[-75.56798,6.23355],[-75.56841,6.23174],[-75.5678,6.2331],[-75.56508,6.22611],[-75.56618,6.21822],[-75.56532,6.21769],[-75.56609,6.21765],[-75.56748,6.21991],[-75.5696,6.21478],[-75.56479,6.21397],[-75.56607,6.2136],[-75.56416,6.21313],[-75.56307,6.21447],[-75.56418,6.21415],[-75.56474,6.21734],[-75.5599,6.21438],[-75.55903,6.21192],[-75.55847,6.21218],[-75.55854,6.21128],[-75.55945,6.20932],[-75.56252,6.21508],[-75.56413,6.21169],[-75.56937,6.21431],[-75.56967,6.21172],[-75.55948,6.20923],[-75.56128,6.2049],[-75.56003,6.20871],[-75.5636,6.20654]],[[-75.55876,6.21203],[-75.55859,6.21165],[-75.55858,6.21188],[-75.55876,6.21203]],[[-75.55874,6.21114],[-75.55886,6.21193],[-75.55902,6.21171],[-75.55874,6.21114]],[[-75.55914,6.21176],[-75.55913,6.21123],[-75.55908,6.21137],[-75.55914,6.21176]],[[-75.55945,6.21226],[-75.55927,6.21194],[-75.55928,6.21247],[-75.55945,6.21226]],[[-75.56108,6.21443],[-75.56104,6.21441],[-75.56099,6.21443],[-75.56108,6.21443]],[[-75.56133,6.21429],[-75.56131,6.21427],[-75.56127,6.21429],[-75.56133,6.21429]],[[-75.56297,6.21472],[-75.56294,6.21464],[-75.56294,6.21486],[-75.56297,6.21472]],[[-75.56562,6.22431],[-75.56555,6.22423],[-75.56554,6.22436],[-75.56562,6.22431]],[[-75.56571,6.22474],[-75.56761,6.23175],[-75.56836,6.2261],[-75.56571,6.22474]],[[-75.56617,6.22458],[-75.56601,6.22456],[-75.56589,6.22458],[-75.56617,6.22458]],[[-75.56711,6.22533],[-75.56883,6.2244],[-75.56621,6.22362],[-75.56711,6.22533]],[[-75.56649,6.21374],[-75.56641,6.2137],[-75.56629,6.21374],[-75.56649,6.21374]],[[-75.56896,6.22332],[-75.56826,6.21992],[-75.56639,6.22359],[-75.56896,6.22332]],[[-75.56657,6.22472],[-75.56668,6.22487],[-75.56668,6.22484],[-75.56657,6.22472]],[[-75.56647,6.22467],[-75.5664,6.22466],[-75.56657,6.22472],[-75.56647,6.22467]],[[-75.56702,6.21401],[-75.56672,6.21384],[-75.56677,6.21399],[-75.56702,6.21401]],[[-75.5669,6.22078],[-75.56688,6.22077],[-75.56684,6.22078],[-75.5669,6.22078]],[[-75.56745,6.22037],[-75.56742,6.22034],[-75.56742,6.22039],[-75.56745,6.22037]],[[-75.56775,6.22566],[-75.56761,6.22564],[-75.56752,6.22566],[-75.56775,6.22566]],[[-75.56757,6.21996],[-75.56756,6.21994],[-75.56756,6.21998],[-75.56757,6.21996]],[[-75.568,6.2319],[-75.568,6.23189],[-75.56799,6.2319],[-75.568,6.2319]],[[-75.56841,6.21427],[-75.56826,6.21425],[-75.56808,6.21427],[-75.56841,6.21427]],[[-75.5684,6.22586],[-75.56825,6.22552],[-75.56818,6.22568],[-75.5684,6.22586]],[[-75.56827,6.21983],[-75.56824,6.21982],[-75.56821,6.21983],[-75.56827,6.21983]],[[-75.56839,6.22421],[-75.56837,6.22415],[-75.5683,6.22418],[-75.56839,6.22421]],[[-75.56872,6.22631],[-75.5688,6.22483],[-75.56844,6.2255],[-75.56872,6.22631]],[[-75.56853,6.22688],[-75.56853,6.22681],[-75.56852,6.22686],[-75.56853,6.22688]],[[-75.56884,6.2335],[-75.56869,6.23307],[-75.56854,6.23358],[-75.56884,6.2335]],[[-75.56864,6.22709],[-75.5688,6.22672],[-75.56867,6.22676],[-75.56864,6.22709]],[[-75.5692,6.2144],[-75.56894,6.21437],[-75.56872,6.2144],[-75.5692,6.2144]]],[[[-75.55871,6.21548],[-75.56268,6.21954],[-75.55957,6.21697],[-75.55871,6.21548]]],[[[-75.56123,6.23603],[-75.56227,6.23576],[-75.5629,6.23616],[-75.56254,6.23673],[-75.56095,6.23858],[-75.56083,6.24143],[-75.56174,6.23947],[-75.56169,6.24115],[-75.56154,6.24235],[-75.56058,6.2417],[-75.56109,6.23721],[-75.56157,6.23758],[-75.56123,6.23603]],[[-75.56168,6.24113],[-75.56166,6.24111],[-75.56166,6.24114],[-75.56168,6.24113]],[[-75.56169,6.23638],[-75.56177,6.23648],[-75.56178,6.23632],[-75.56169,6.23638]],[[-75.56193,6.23653],[-75.56188,6.23653],[-75.5619,6.23654],[-75.56193,6.23653]],[[-75.56224,6.2369],[-75.56253,6.23665],[-75.56225,6.23647],[-75.56224,6.2369]]],[[[-75.56213,6.25289],[-75.56189,6.25433],[-75.56063,6.25311],[-75.56195,6.25141],[-75.56221,6.25245],[-75.56123,6.25235],[-75.56213,6.25289]],[[-75.56115,6.25271],[-75.56068,6.25311],[-75.56196,6.25368],[-75.56115,6.25271]],[[-75.56154,6.25279],[-75.5617,6.25294],[-75.56155,6.25271],[-75.56154,6.25279]],[[-75.56181,6.25407],[-75.56176,6.25418],[-75.56186,6.25422],[-75.56181,6.25407]]],[[[-75.56383,6.24326],[-75.56389,6.24465],[-75.56312,6.24449],[-75.56141,6.24282],[-75.56383,6.24326]],[[-75.5629,6.24317],[-75.56288,6.24315],[-75.56288,6.24319],[-75.5629,6.24317]]],[[[-75.56706,6.191],[-75.56684,6.19147],[-75.56209,6.18545],[-75.56706,6.191]]],[[[-75.5646,6.24192],[-75.56243,6.238],[-75.56385,6.23844],[-75.56314,6.23898],[-75.56503,6.23881],[-75.56561,6.23899],[-75.56442,6.24018],[-75.5646,6.24192]],[[-75.56369,6.2394],[-75.56337,6.23905],[-75.56335,6.23928],[-75.56369,6.2394]],[[-75.56383,6.23963],[-75.56382,6.23948],[-75.56368,6.23978],[-75.56383,6.23963]],[[-75.56405,6.24047],[-75.56473,6.23924],[-75.56374,6.23976],[-75.56405,6.24047]],[[-75.56405,6.24081],[-75.56414,6.24091],[-75.56416,6.24082],[-75.56405,6.24081]],[[-75.56477,6.23917],[-75.56477,6.23901],[-75.56468,6.23909],[-75.56477,6.23917]],[[-75.56498,6.23895],[-75.56491,6.23888],[-75.56491,6.23902],[-75.56498,6.23895]]],[[[-75.56474,6.25141],[-75.56531,6.25264],[-75.56437,6.25204],[-75.56341,6.25407],[-75.56492,6.25348],[-75.564,6.25545],[-75.5627,6.25326],[-75.56533,6.24906],[-75.56541,6.24954],[-75.56634,6.24825],[-75.56696,6.2486],[-75.5664,6.24817],[-75.56776,6.24741],[-75.56639,6.25034],[-75.56567,6.24983],[-75.56561,6.25201],[-75.56474,6.25141]],[[-75.56416,6.25157],[-75.56425,6.25164],[-75.56424,6.25153],[-75.56416,6.25157]],[[-75.56452,6.25076],[-75.56461,6.25093],[-75.56469,6.25064],[-75.56452,6.25076]],[[-75.56668,6.24911],[-75.56615,6.24877],[-75.56624,6.24973],[-75.56668,6.24911]]],[[[-75.56479,6.26167],[-75.5638,6.26322],[-75.56547,6.26014],[-75.5659,6.26259],[-75.56479,6.26167]]],[[[-75.56419,6.24821],[-75.56431,6.24649],[-75.56554,6.24577],[-75.56444,6.24467],[-75.56598,6.24578],[-75.56419,6.24821]],[[-75.56438,6.24765],[-75.5646,6.24755],[-75.56459,6.24741],[-75.56438,6.24765]],[[-75.56461,6.24728],[-75.56479,6.24723],[-75.56478,6.24707],[-75.56461,6.24728]],[[-75.5649,6.24685],[-75.56533,6.24654],[-75.56519,6.24646],[-75.5649,6.24685]],[[-75.56533,6.24632],[-75.56549,6.24614],[-75.56547,6.24609],[-75.56533,6.24632]]],[[[-75.56567,6.25641],[-75.5645,6.25562],[-75.56666,6.25267],[-75.56608,6.25496],[-75.56547,6.2546],[-75.56567,6.25641]],[[-75.56603,6.25408],[-75.56611,6.254],[-75.56603,6.25392],[-75.56603,6.25408]]],[[[-75.5667,6.29845],[-75.56604,6.30144],[-75.56533,6.30152],[-75.56605,6.30133],[-75.56559,6.30059],[-75.56507,6.30155],[-75.56452,6.30162],[-75.5667,6.29845]],[[-75.56582,6.30044],[-75.56609,6.30041],[-75.56576,6.30023],[-75.56582,6.30044]],[[-75.56594,6.29999],[-75.5663,6.30015],[-75.5663,6.29989],[-75.56594,6.29999]],[[-75.56622,6.30053],[-75.56617,6.30043],[-75.56609,6.30049],[-75.56622,6.30053]],[[-75.56624,6.2997],[-75.56629,6.29972],[-75.56629,6.29968],[-75.56624,6.2997]],[[-75.5665,6.29878],[-75.56658,6.29882],[-75.56663,6.29873],[-75.5665,6.29878]]],[[[-75.56494,6.20335],[-75.56552,6.20614],[-75.57096,6.20606],[-75.565,6.2062],[-75.56609,6.20804],[-75.56462,6.2072],[-75.56494,6.20335]],[[-75.56507,6.2061],[-75.56494,6.20501],[-75.5648,6.20576],[-75.56507,6.2061]]],[[[-75.56857,6.19896],[-75.5716,6.20036],[-75.57452,6.1961],[-75.57151,6.20312],[-75.57144,6.20298],[-75.57143,6.20319],[-75.56547,6.20059],[-75.56594,6.19903],[-75.56484,6.20031],[-75.56596,6.19667],[-75.56661,6.20103],[-75.57159,6.20288],[-75.56857,6.19896]],[[-75.56577,6.19882],[-75.56574,6.1988],[-75.56572,6.19882],[-75.56577,6.19882]],[[-75.56602,6.19895],[-75.56601,6.19894],[-75.566,6.19895],[-75.56602,6.19895]],[[-75.56916,6.19936],[-75.56912,6.19933],[-75.56905,6.19935],[-75.56916,6.19936]],[[-75.56944,6.19949],[-75.5694,6.19947],[-75.56936,6.19949],[-75.56944,6.19949]],[[-75.57003,6.19989],[-75.56966,6.1996],[-75.56992,6.19989],[-75.57003,6.19989]],[[-75.57042,6.20002],[-75.57034,6.19999],[-75.57021,6.20002],[-75.57042,6.20002]],[[-75.57079,6.20016],[-75.57075,6.20015],[-75.57071,6.20016],[-75.57079,6.20016]],[[-75.57107,6.2003],[-75.57103,6.20028],[-75.57099,6.2003],[-75.57107,6.2003]],[[-75.57134,6.20044],[-75.5713,6.20039],[-75.57126,6.20044],[-75.57134,6.20044]],[[-75.572,6.20038],[-75.57244,6.20056],[-75.57236,6.19954],[-75.572,6.20038]]],[[[-75.56657,6.24031],[-75.56662,6.24286],[-75.56536,6.24134],[-75.56567,6.24089],[-75.56571,6.24168],[-75.56657,6.24031]],[[-75.56654,6.24199],[-75.56655,6.24194],[-75.56654,6.24189],[-75.56654,6.24199]]],[[[-75.56648,6.25942],[-75.56686,6.25977],[-75.56538,6.25925],[-75.56644,6.25718],[-75.56648,6.25942]],[[-75.56616,6.25869],[-75.56633,6.25799],[-75.56607,6.258],[-75.56616,6.25869]]],[[[-75.56851,6.27478],[-75.56587,6.27207],[-75.56782,6.2647],[-75.57095,6.26636],[-75.56924,6.27224],[-75.57068,6.26634],[-75.56788,6.26493],[-75.56608,6.27204],[-75.56851,6.27478]]],[[[-75.56809,6.23846],[-75.5669,6.23849],[-75.56638,6.2307],[-75.56942,6.2375],[-75.56844,6.23697],[-75.56871,6.23778],[-75.56746,6.23827],[-75.56809,6.23846]]],[[[-75.57831,6.28804],[-75.58332,6.28959],[-75.5833,6.28401],[-75.58301,6.28378],[-75.58409,6.2846],[-75.58336,6.2926],[-75.58069,6.29747],[-75.58052,6.2969],[-75.58011,6.2986],[-75.57801,6.29625],[-75.57957,6.29925],[-75.57853,6.29769],[-75.57752,6.29829],[-75.57799,6.29749],[-75.57657,6.297],[-75.57688,6.29867],[-75.57567,6.29858],[-75.57623,6.29905],[-75.5727,6.30114],[-75.57179,6.29981],[-75.57498,6.29831],[-75.57367,6.29615],[-75.57266,6.29756],[-75.57305,6.29607],[-75.56952,6.29831],[-75.57163,6.299],[-75.57143,6.29928],[-75.56837,6.30036],[-75.56833,6.29927],[-75.568,6.30049],[-75.56647,6.30104],[-75.56675,6.30021],[-75.56746,6.3004],[-75.56704,6.29935],[-75.56704,6.29934],[-75.56834,6.29544],[-75.5696,6.29612],[-75.57009,6.29438],[-75.56844,6.29514],[-75.57014,6.29005],[-75.57122,6.29],[-75.57113,6.29069],[-75.57152,6.28999],[-75.5728,6.28993],[-75.57228,6.28926],[-75.57267,6.28877],[-75.57215,6.2891],[-75.57095,6.28754],[-75.57144,6.28687],[-75.57051,6.28698],[-75.57366,6.27662],[-75.57738,6.27947],[-75.57789,6.28308],[-75.57378,6.27703],[-75.57367,6.28354],[-75.57528,6.28403],[-75.57358,6.28541],[-75.57688,6.2859],[-75.57597,6.28423],[-75.57961,6.28558],[-75.57831,6.28804]],[[-75.56669,6.30074],[-75.56717,6.30069],[-75.56679,6.30045],[-75.56669,6.30074]],[[-75.56717,6.29914],[-75.56791,6.29958],[-75.56788,6.29927],[-75.56717,6.29914]],[[-75.56743,6.29869],[-75.56732,6.29869],[-75.56743,6.2988],[-75.56743,6.29869]],[[-75.56765,6.2988],[-75.56756,6.29888],[-75.56764,6.29897],[-75.56765,6.2988]],[[-75.56842,6.29848],[-75.56761,6.29814],[-75.56784,6.29866],[-75.56842,6.29848]],[[-75.56815,6.29893],[-75.56777,6.29902],[-75.56821,6.29918],[-75.56815,6.29893]],[[-75.56874,6.29808],[-75.56785,6.29775],[-75.5683,6.29819],[-75.56874,6.29808]],[[-75.56804,6.29753],[-75.56891,6.2978],[-75.56897,6.29713],[-75.56804,6.29753]],[[-75.56831,6.29644],[-75.56847,6.29643],[-75.56842,6.29642],[-75.56831,6.29644]],[[-75.56842,6.29889],[-75.56848,6.29889],[-75.56846,6.29885],[-75.56842,6.29889]],[[-75.56849,6.29915],[-75.56846,6.29914],[-75.56846,6.29917],[-75.56849,6.29915]],[[-75.56865,6.29657],[-75.56872,6.29666],[-75.56873,6.2965],[-75.56865,6.29657]],[[-75.5688,6.29891],[-75.5693,6.29922],[-75.56887,6.29867],[-75.5688,6.29891]],[[-75.56934,6.29878],[-75.56954,6.29875],[-75.56894,6.29827],[-75.56934,6.29878]],[[-75.56914,6.29984],[-75.56916,6.29982],[-75.56914,6.29979],[-75.56914,6.29984]],[[-75.56927,6.29825],[-75.56928,6.29808],[-75.56915,6.29805],[-75.56927,6.29825]],[[-75.56931,6.29784],[-75.5693,6.29773],[-75.56923,6.29782],[-75.56931,6.29784]],[[-75.56925,6.29749],[-75.56927,6.29753],[-75.56927,6.29738],[-75.56925,6.29749]],[[-75.56927,6.29956],[-75.56928,6.29955],[-75.56927,6.29955],[-75.56927,6.29956]],[[-75.56927,6.29712],[-75.56931,6.29711],[-75.56928,6.29711],[-75.56927,6.29712]],[[-75.56952,6.29651],[-75.56941,6.29637],[-75.56939,6.29664],[-75.56952,6.29651]],[[-75.56948,6.29752],[-75.56941,6.29745],[-75.5694,6.2976],[-75.56948,6.29752]],[[-75.56941,6.2999],[-75.56955,6.29982],[-75.56942,6.29974],[-75.56941,6.2999]],[[-75.56981,6.29643],[-75.56979,6.29629],[-75.56943,6.29629],[-75.56981,6.29643]],[[-75.56951,6.29325],[-75.56947,6.29334],[-75.56956,6.29338],[-75.56951,6.29325]],[[-75.56961,6.29206],[-75.56951,6.29298],[-75.57014,6.29212],[-75.56961,6.29206]],[[-75.56954,6.29732],[-75.56965,6.29718],[-75.56955,6.29704],[-75.56954,6.29732]],[[-75.56957,6.29677],[-75.56967,6.29692],[-75.56968,6.29663],[-75.56957,6.29677]],[[-75.56982,6.2965],[-75.56973,6.29656],[-75.56988,6.29659],[-75.56982,6.2965]],[[-75.56981,6.29915],[-75.5704,6.29934],[-75.56989,6.29889],[-75.56981,6.29915]],[[-75.57001,6.29072],[-75.56992,6.29164],[-75.57053,6.29069],[-75.57001,6.29072]],[[-75.5703,6.29362],[-75.56992,6.29338],[-75.57007,6.29401],[-75.5703,6.29362]],[[-75.56993,6.29636],[-75.57042,6.29549],[-75.57016,6.29538],[-75.56993,6.29636]],[[-75.5707,6.29212],[-75.56996,6.29294],[-75.57047,6.29334],[-75.5707,6.29212]],[[-75.57073,6.29706],[-75.57031,6.29674],[-75.57007,6.29691],[-75.57073,6.29706]],[[-75.57009,6.29661],[-75.57016,6.29657],[-75.57009,6.29652],[-75.57009,6.29661]],[[-75.5702,6.29522],[-75.57021,6.29526],[-75.57021,6.2952],[-75.5702,6.29522]],[[-75.57021,6.2942],[-75.57028,6.29402],[-75.57021,6.29397],[-75.57021,6.2942]],[[-75.57099,6.29602],[-75.57063,6.29578],[-75.57025,6.29636],[-75.57099,6.29602]],[[-75.57025,6.2947],[-75.57062,6.2949],[-75.57041,6.2945],[-75.57025,6.2947]],[[-75.57069,6.29361],[-75.57032,6.29426],[-75.57068,6.29449],[-75.57069,6.29361]],[[-75.57034,6.29354],[-75.57034,6.29376],[-75.57048,6.29344],[-75.57034,6.29354]],[[-75.57041,6.29521],[-75.57048,6.29527],[-75.57049,6.29514],[-75.57041,6.29521]],[[-75.57062,6.29549],[-75.57061,6.29536],[-75.57049,6.29534],[-75.57062,6.29549]],[[-75.57083,6.29654],[-75.57074,6.29648],[-75.57068,6.29658],[-75.57083,6.29654]],[[-75.57097,6.29243],[-75.57071,6.29338],[-75.57149,6.29253],[-75.57097,6.29243]],[[-75.57072,6.2957],[-75.5712,6.29569],[-75.57109,6.29519],[-75.57072,6.2957]],[[-75.57075,6.29509],[-75.57162,6.29521],[-75.57077,6.29491],[-75.57075,6.29509]],[[-75.57123,6.29101],[-75.57088,6.2908],[-75.5708,6.29192],[-75.57123,6.29101]],[[-75.57089,6.29444],[-75.57093,6.2943],[-75.57089,6.29426],[-75.57089,6.29444]],[[-75.57098,6.29209],[-75.57105,6.29209],[-75.57101,6.29207],[-75.57098,6.29209]],[[-75.57113,6.28618],[-75.57103,6.28635],[-75.57125,6.28632],[-75.57113,6.28618]],[[-75.57122,6.29397],[-75.57113,6.29499],[-75.57167,6.29416],[-75.57122,6.29397]],[[-75.57115,6.29372],[-75.57118,6.29372],[-75.57116,6.29371],[-75.57115,6.29372]],[[-75.57137,6.28607],[-75.57127,6.28592],[-75.57126,6.2862],[-75.57137,6.28607]],[[-75.5713,6.28779],[-75.5714,6.28795],[-75.57145,6.28768],[-75.5713,6.28779]],[[-75.57132,6.2913],[-75.57144,6.29218],[-75.57183,6.29107],[-75.57132,6.2913]],[[-75.57179,6.28442],[-75.57134,6.28504],[-75.57187,6.28619],[-75.57179,6.28442]],[[-75.57141,6.29087],[-75.57142,6.29087],[-75.57142,6.29086],[-75.57141,6.29087]],[[-75.57153,6.28727],[-75.57143,6.28744],[-75.57159,6.28755],[-75.57153,6.28727]],[[-75.57154,6.28632],[-75.57143,6.28646],[-75.57164,6.28647],[-75.57154,6.28632]],[[-75.57149,6.28684],[-75.572,6.28695],[-75.57154,6.28666],[-75.57149,6.28684]],[[-75.57203,6.29336],[-75.57194,6.29253],[-75.57156,6.29373],[-75.57203,6.29336]],[[-75.57166,6.28699],[-75.57161,6.2871],[-75.57172,6.28714],[-75.57166,6.28699]],[[-75.57169,6.28798],[-75.57164,6.28801],[-75.57168,6.28806],[-75.57169,6.28798]],[[-75.5717,6.2924],[-75.57176,6.29236],[-75.5717,6.29232],[-75.5717,6.2924]],[[-75.57181,6.28646],[-75.57171,6.28661],[-75.57194,6.28659],[-75.57181,6.28646]],[[-75.57182,6.28768],[-75.57172,6.28783],[-75.57183,6.28795],[-75.57182,6.28768]],[[-75.57174,6.29004],[-75.57181,6.29095],[-75.57229,6.29009],[-75.57174,6.29004]],[[-75.5718,6.29534],[-75.57199,6.29534],[-75.57194,6.29533],[-75.5718,6.29534]],[[-75.57194,6.28727],[-75.57186,6.28742],[-75.57197,6.28754],[-75.57194,6.28727]],[[-75.57225,6.29417],[-75.57186,6.29428],[-75.57188,6.29518],[-75.57225,6.29417]],[[-75.57194,6.28813],[-75.58247,6.29187],[-75.581,6.2916],[-75.58031,6.29375],[-75.58238,6.29219],[-75.58134,6.2959],[-75.58349,6.28961],[-75.58234,6.29175],[-75.57509,6.28923],[-75.57519,6.28824],[-75.57499,6.28919],[-75.57412,6.28889],[-75.57194,6.28813]],[[-75.57218,6.28815],[-75.57212,6.28796],[-75.572,6.28805],[-75.57218,6.28815]],[[-75.57215,6.28722],[-75.5721,6.28714],[-75.57206,6.28727],[-75.57215,6.28722]],[[-75.57276,6.2901],[-75.57227,6.29062],[-75.57207,6.29233],[-75.57276,6.2901]],[[-75.57335,6.28645],[-75.57321,6.28437],[-75.57209,6.28442],[-75.57335,6.28645]],[[-75.57222,6.28659],[-75.57211,6.28674],[-75.57232,6.28673],[-75.57222,6.28659]],[[-75.57222,6.28754],[-75.57212,6.28769],[-75.57224,6.28782],[-75.57222,6.28754]],[[-75.57212,6.29353],[-75.57372,6.29445],[-75.574,6.29363],[-75.57212,6.29353]],[[-75.57221,6.28709],[-75.57236,6.28707],[-75.57224,6.28701],[-75.57221,6.28709]],[[-75.5723,6.28739],[-75.5724,6.2874],[-75.57242,6.2873],[-75.5723,6.28739]],[[-75.57273,6.29434],[-75.57231,6.29523],[-75.57325,6.29527],[-75.57273,6.29434]],[[-75.57237,6.29561],[-75.57259,6.29561],[-75.57235,6.29544],[-75.57237,6.29561]],[[-75.57239,6.28346],[-75.5733,6.28409],[-75.57274,6.28262],[-75.57239,6.28346]],[[-75.57261,6.28687],[-75.57249,6.28672],[-75.57249,6.287],[-75.57261,6.28687]],[[-75.5725,6.28821],[-75.5726,6.28809],[-75.5725,6.28795],[-75.5725,6.28821]],[[-75.57262,6.28754],[-75.57252,6.2877],[-75.57266,6.28781],[-75.57262,6.28754]],[[-75.57331,6.29026],[-75.57259,6.29254],[-75.57316,6.29201],[-75.57331,6.29026]],[[-75.57262,6.28721],[-75.57268,6.28721],[-75.57264,6.28717],[-75.57262,6.28721]],[[-75.57262,6.28653],[-75.57263,6.28653],[-75.57263,6.28652],[-75.57262,6.28653]],[[-75.573,6.28191],[-75.57276,6.28132],[-75.57265,6.28173],[-75.573,6.28191]],[[-75.5727,6.28826],[-75.57274,6.28835],[-75.57279,6.28822],[-75.5727,6.28826]],[[-75.57298,6.2888],[-75.57274,6.28983],[-75.57341,6.28905],[-75.57298,6.2888]],[[-75.57301,6.28664],[-75.57279,6.28683],[-75.57296,6.28698],[-75.57301,6.28664]],[[-75.57288,6.28232],[-75.57304,6.28232],[-75.573,6.28231],[-75.57288,6.28232]],[[-75.573,6.2881],[-75.5729,6.28794],[-75.57289,6.28821],[-75.573,6.2881]],[[-75.57293,6.28766],[-75.57303,6.28781],[-75.57307,6.28755],[-75.57293,6.28766]],[[-75.57305,6.29647],[-75.57294,6.29663],[-75.57305,6.29676],[-75.57305,6.29647]],[[-75.57304,6.29007],[-75.57324,6.29007],[-75.57304,6.28991],[-75.57304,6.29007]],[[-75.57316,6.28822],[-75.57309,6.2884],[-75.57323,6.28848],[-75.57316,6.28822]],[[-75.5733,6.29663],[-75.5744,6.29321],[-75.57312,6.29574],[-75.5733,6.29663]],[[-75.57316,6.28714],[-75.57325,6.28707],[-75.57318,6.28698],[-75.57316,6.28714]],[[-75.57345,6.29457],[-75.57325,6.29464],[-75.5735,6.29473],[-75.57345,6.29457]],[[-75.57343,6.28795],[-75.57331,6.28781],[-75.57331,6.2881],[-75.57343,6.28795]],[[-75.57345,6.28679],[-75.57334,6.28671],[-75.57331,6.28688],[-75.57345,6.28679]],[[-75.57371,6.28904],[-75.57334,6.28987],[-75.57385,6.28991],[-75.57371,6.28904]],[[-75.57338,6.28764],[-75.57346,6.28769],[-75.57352,6.28759],[-75.57338,6.28764]],[[-75.57352,6.28856],[-75.57345,6.28847],[-75.57344,6.28862],[-75.57352,6.28856]],[[-75.57344,6.29021],[-75.57359,6.29019],[-75.57344,6.29005],[-75.57344,6.29021]],[[-75.57369,6.28823],[-75.57359,6.28807],[-75.57346,6.28821],[-75.57369,6.28823]],[[-75.57353,6.28381],[-75.57375,6.28381],[-75.5736,6.28377],[-75.57353,6.28381]],[[-75.57453,6.28734],[-75.57371,6.28665],[-75.57355,6.28727],[-75.57453,6.28734]],[[-75.5745,6.29166],[-75.57409,6.2905],[-75.57358,6.29294],[-75.5745,6.29166]],[[-75.57371,6.28768],[-75.5736,6.28782],[-75.57372,6.28796],[-75.57371,6.28768]],[[-75.57365,6.28638],[-75.57545,6.28712],[-75.5748,6.28564],[-75.57365,6.28638]],[[-75.57385,6.28848],[-75.57375,6.28865],[-75.57388,6.28875],[-75.57385,6.28848]],[[-75.57396,6.29556],[-75.57388,6.29529],[-75.5738,6.29581],[-75.57396,6.29556]],[[-75.57383,6.29032],[-75.57387,6.29032],[-75.57385,6.29031],[-75.57383,6.29032]],[[-75.57383,6.28573],[-75.57384,6.28579],[-75.57385,6.2857],[-75.57383,6.28573]],[[-75.57397,6.28807],[-75.57388,6.28827],[-75.57405,6.28833],[-75.57397,6.28807]],[[-75.57396,6.29256],[-75.5739,6.2929],[-75.57411,6.29282],[-75.57396,6.29256]],[[-75.57397,6.296],[-75.57405,6.29601],[-75.57401,6.29593],[-75.57397,6.296]],[[-75.574,6.29011],[-75.57413,6.29025],[-75.57413,6.28991],[-75.574,6.29011]],[[-75.57401,6.29512],[-75.5741,6.295],[-75.57402,6.29488],[-75.57401,6.29512]],[[-75.57404,6.29348],[-75.57412,6.29362],[-75.57415,6.29338],[-75.57404,6.29348]],[[-75.57412,6.28795],[-75.5742,6.28789],[-75.57412,6.28781],[-75.57412,6.28795]],[[-75.57424,6.29568],[-75.57414,6.29554],[-75.57414,6.29581],[-75.57424,6.29568]],[[-75.57414,6.28968],[-75.57425,6.28986],[-75.57438,6.28973],[-75.57414,6.28968]],[[-75.57438,6.29529],[-75.57429,6.29513],[-75.57418,6.29526],[-75.57438,6.29529]],[[-75.57419,6.2929],[-75.57427,6.29298],[-75.57427,6.29282],[-75.57419,6.2929]],[[-75.57438,6.28849],[-75.57426,6.28833],[-75.57425,6.28864],[-75.57438,6.28849]],[[-75.57438,6.29367],[-75.57426,6.29462],[-75.57498,6.29365],[-75.57438,6.29367]],[[-75.5744,6.28832],[-75.57442,6.28783],[-75.57428,6.28807],[-75.5744,6.28832]],[[-75.5744,6.29271],[-75.57451,6.29256],[-75.5743,6.29255],[-75.5744,6.29271]],[[-75.5744,6.28931],[-75.57431,6.28937],[-75.57439,6.28945],[-75.5744,6.28931]],[[-75.57455,6.28788],[-75.57522,6.28801],[-75.57438,6.28773],[-75.57455,6.28788]],[[-75.57443,6.29499],[-75.57447,6.29491],[-75.57438,6.29488],[-75.57443,6.29499]],[[-75.57465,6.29002],[-75.57455,6.28983],[-75.57439,6.29038],[-75.57465,6.29002]],[[-75.57445,6.29098],[-75.57468,6.29189],[-75.57485,6.29085],[-75.57445,6.29098]],[[-75.57451,6.289],[-75.57488,6.28844],[-75.57473,6.28831],[-75.57451,6.289]],[[-75.57465,6.29215],[-75.57454,6.29199],[-75.57453,6.29229],[-75.57465,6.29215]],[[-75.57458,6.2961],[-75.57513,6.2952],[-75.57482,6.29509],[-75.57458,6.2961]],[[-75.57468,6.28972],[-75.57479,6.28955],[-75.57463,6.28945],[-75.57468,6.28972]],[[-75.57474,6.29249],[-75.57469,6.29326],[-75.57505,6.29227],[-75.57474,6.29249]],[[-75.57469,6.28806],[-75.57479,6.28822],[-75.5749,6.28809],[-75.57469,6.28806]],[[-75.57481,6.29046],[-75.57495,6.2903],[-75.57481,6.29009],[-75.57481,6.29046]],[[-75.57482,6.29631],[-75.5755,6.29496],[-75.57614,6.29242],[-75.57482,6.29631]],[[-75.57494,6.29006],[-75.57513,6.28991],[-75.57497,6.2897],[-75.57494,6.29006]],[[-75.57495,6.29425],[-75.57501,6.29413],[-75.57496,6.2941],[-75.57495,6.29425]],[[-75.57496,6.29293],[-75.57521,6.29252],[-75.57514,6.29233],[-75.57496,6.29293]],[[-75.57529,6.2918],[-75.57537,6.29093],[-75.57498,6.29188],[-75.57529,6.2918]],[[-75.57516,6.29044],[-75.57507,6.29037],[-75.575,6.29046],[-75.57516,6.29044]],[[-75.57501,6.29453],[-75.57507,6.29485],[-75.57543,6.29374],[-75.57501,6.29453]],[[-75.57517,6.28962],[-75.57509,6.28945],[-75.57502,6.28969],[-75.57517,6.28962]],[[-75.57533,6.28752],[-75.57504,6.28788],[-75.57557,6.28765],[-75.57533,6.28752]],[[-75.57539,6.29525],[-75.57505,6.29617],[-75.57591,6.29585],[-75.57539,6.29525]],[[-75.57507,6.29338],[-75.57542,6.29273],[-75.57537,6.29227],[-75.57507,6.29338]],[[-75.57521,6.29036],[-75.57545,6.28973],[-75.57524,6.28969],[-75.57521,6.29036]],[[-75.57522,6.29197],[-75.57524,6.29195],[-75.57522,6.29194],[-75.57522,6.29197]],[[-75.57525,6.29337],[-75.57563,6.29276],[-75.57553,6.29247],[-75.57525,6.29337]],[[-75.57536,6.29642],[-75.5755,6.29642],[-75.57547,6.29641],[-75.57536,6.29642]],[[-75.57536,6.28835],[-75.57547,6.28848],[-75.57548,6.28823],[-75.57536,6.28835]],[[-75.57568,6.29343],[-75.57579,6.29241],[-75.57541,6.29337],[-75.57568,6.29343]],[[-75.57541,6.28814],[-75.57555,6.28814],[-75.57548,6.28807],[-75.57541,6.28814]],[[-75.57555,6.28922],[-75.57547,6.28917],[-75.57542,6.28925],[-75.57555,6.28922]],[[-75.5757,6.29208],[-75.57579,6.29107],[-75.57544,6.29203],[-75.5757,6.29208]],[[-75.57562,6.28876],[-75.5755,6.28895],[-75.57561,6.28917],[-75.57562,6.28876]],[[-75.57551,6.29067],[-75.57581,6.29047],[-75.57576,6.28972],[-75.57551,6.29067]],[[-75.57589,6.29391],[-75.57559,6.29497],[-75.57688,6.29418],[-75.57589,6.29391]],[[-75.57568,6.28802],[-75.57562,6.28794],[-75.5756,6.28806],[-75.57568,6.28802]],[[-75.57566,6.28847],[-75.57575,6.28862],[-75.57575,6.28836],[-75.57566,6.28847]],[[-75.57571,6.28828],[-75.57712,6.28868],[-75.57632,6.28826],[-75.57571,6.28828]],[[-75.57576,6.2893],[-75.57581,6.28923],[-75.57576,6.28917],[-75.57576,6.2893]],[[-75.57619,6.29059],[-75.57618,6.28986],[-75.5758,6.29068],[-75.57619,6.29059]],[[-75.57611,6.2922],[-75.57618,6.29121],[-75.57581,6.29218],[-75.57611,6.2922]],[[-75.57589,6.28764],[-75.57594,6.28748],[-75.57584,6.28746],[-75.57589,6.28764]],[[-75.57589,6.28887],[-75.57591,6.28882],[-75.57589,6.28876],[-75.57589,6.28887]],[[-75.57592,6.28943],[-75.57634,6.28854],[-75.57607,6.28862],[-75.57592,6.28943]],[[-75.576,6.29361],[-75.57699,6.29397],[-75.57644,6.2926],[-75.576,6.29361]],[[-75.57609,6.28734],[-75.57604,6.28728],[-75.57601,6.28739],[-75.57609,6.28734]],[[-75.57618,6.29682],[-75.5764,6.29681],[-75.57605,6.29668],[-75.57618,6.29682]],[[-75.57615,6.28728],[-75.57633,6.28722],[-75.57615,6.28712],[-75.57615,6.28728]],[[-75.57649,6.28759],[-75.57632,6.28751],[-75.57624,6.28764],[-75.57649,6.28759]],[[-75.57646,6.28967],[-75.5767,6.28863],[-75.57628,6.28943],[-75.57646,6.28967]],[[-75.57631,6.29026],[-75.57634,6.2902],[-75.5763,6.29017],[-75.57631,6.29026]],[[-75.57667,6.29055],[-75.57658,6.28999],[-75.5763,6.29091],[-75.57667,6.29055]],[[-75.57636,6.28041],[-75.57647,6.28042],[-75.57631,6.28026],[-75.57636,6.28041]],[[-75.57657,6.28725],[-75.57686,6.2869],[-75.57633,6.28644],[-75.57657,6.28725]],[[-75.57636,6.29236],[-75.57741,6.29268],[-75.57673,6.29147],[-75.57636,6.29236]],[[-75.5764,6.29657],[-75.57743,6.297],[-75.57754,6.296],[-75.5764,6.29657]],[[-75.57642,6.27981],[-75.57647,6.27975],[-75.57641,6.27972],[-75.57642,6.27981]],[[-75.57648,6.2861],[-75.57708,6.28671],[-75.57754,6.28616],[-75.57648,6.2861]],[[-75.57654,6.29548],[-75.57658,6.29555],[-75.57658,6.29545],[-75.57654,6.29548]],[[-75.57656,6.29126],[-75.57659,6.29126],[-75.57657,6.29124],[-75.57656,6.29126]],[[-75.57664,6.28827],[-75.57683,6.28845],[-75.57698,6.2873],[-75.57664,6.28827]],[[-75.57693,6.28975],[-75.57711,6.28876],[-75.57667,6.28967],[-75.57693,6.28975]],[[-75.57671,6.28904],[-75.57675,6.28897],[-75.57671,6.28895],[-75.57671,6.28904]],[[-75.57777,6.29149],[-75.57812,6.29059],[-75.57672,6.29105],[-75.57777,6.29149]],[[-75.57673,6.28487],[-75.57723,6.28579],[-75.5768,6.28456],[-75.57673,6.28487]],[[-75.57678,6.29697],[-75.57687,6.29707],[-75.57685,6.2969],[-75.57678,6.29697]],[[-75.5768,6.29535],[-75.57782,6.29579],[-75.57818,6.29476],[-75.5768,6.29535]],[[-75.57695,6.28097],[-75.57696,6.2809],[-75.57694,6.2808],[-75.57695,6.28097]],[[-75.57697,6.28828],[-75.5771,6.28819],[-75.5771,6.288],[-75.57697,6.28828]],[[-75.57705,6.28843],[-75.57751,6.28858],[-75.57725,6.28796],[-75.57705,6.28843]],[[-75.5771,6.29411],[-75.57712,6.29415],[-75.57712,6.29409],[-75.5771,6.29411]],[[-75.57839,6.28837],[-75.57719,6.28993],[-75.58186,6.29138],[-75.57839,6.28837]],[[-75.57725,6.29411],[-75.57831,6.29444],[-75.57773,6.29307],[-75.57725,6.29411]],[[-75.57742,6.29723],[-75.57771,6.29722],[-75.57726,6.29706],[-75.57742,6.29723]],[[-75.57746,6.28723],[-75.57729,6.28697],[-75.57729,6.28729],[-75.57746,6.28723]],[[-75.57733,6.29322],[-75.57739,6.29334],[-75.57738,6.29311],[-75.57733,6.29322]],[[-75.57735,6.28882],[-75.57751,6.2889],[-75.57748,6.28878],[-75.57735,6.28882]],[[-75.57742,6.28772],[-75.5778,6.28818],[-75.57751,6.2874],[-75.57742,6.28772]],[[-75.57772,6.28519],[-75.57749,6.28495],[-75.57763,6.28551],[-75.57772,6.28519]],[[-75.5777,6.28678],[-75.57764,6.28672],[-75.57764,6.28684],[-75.5777,6.28678]],[[-75.57764,6.2876],[-75.57767,6.2876],[-75.57765,6.28755],[-75.57764,6.2876]],[[-75.5777,6.29275],[-75.57873,6.29311],[-75.5781,6.29185],[-75.5777,6.29275]],[[-75.57804,6.28765],[-75.57806,6.28729],[-75.5777,6.28696],[-75.57804,6.28765]],[[-75.57807,6.28708],[-75.57803,6.28668],[-75.57777,6.28631],[-75.57807,6.28708]],[[-75.57795,6.28614],[-75.57794,6.28577],[-75.57781,6.286],[-75.57795,6.28614]],[[-75.57789,6.29164],[-75.57792,6.29168],[-75.57793,6.29153],[-75.57789,6.29164]],[[-75.57804,6.29764],[-75.57869,6.29761],[-75.57797,6.29733],[-75.57804,6.29764]],[[-75.57803,6.28622],[-75.57804,6.28624],[-75.57804,6.28616],[-75.57803,6.28622]],[[-75.57808,6.2881],[-75.57823,6.28814],[-75.57806,6.28797],[-75.57808,6.2881]],[[-75.57806,6.29101],[-75.57819,6.2909],[-75.57819,6.29077],[-75.57806,6.29101]],[[-75.57808,6.29566],[-75.57821,6.29557],[-75.57821,6.29518],[-75.57808,6.29566]],[[-75.57812,6.29152],[-75.57911,6.29189],[-75.5795,6.291],[-75.57812,6.29152]],[[-75.57815,6.29588],[-75.57916,6.29621],[-75.57949,6.29516],[-75.57815,6.29588]],[[-75.57818,6.28597],[-75.5786,6.28631],[-75.57826,6.28557],[-75.57818,6.28597]],[[-75.57819,6.28739],[-75.57821,6.28733],[-75.57819,6.28729],[-75.57819,6.28739]],[[-75.57848,6.29456],[-75.57862,6.29437],[-75.57863,6.29392],[-75.57848,6.29456]],[[-75.57873,6.28578],[-75.57882,6.28559],[-75.57866,6.28551],[-75.57873,6.28578]],[[-75.57876,6.28642],[-75.57877,6.28633],[-75.57869,6.28632],[-75.57876,6.28642]],[[-75.57901,6.28845],[-75.57905,6.28841],[-75.57901,6.28839],[-75.57901,6.28845]],[[-75.57972,6.29482],[-75.57962,6.29374],[-75.57903,6.29429],[-75.57972,6.29482]],[[-75.57906,6.29329],[-75.58014,6.29371],[-75.57951,6.2923],[-75.57906,6.29329]],[[-75.57925,6.29207],[-75.57928,6.29209],[-75.57928,6.29205],[-75.57925,6.29207]],[[-75.57928,6.28855],[-75.5793,6.28852],[-75.57928,6.28846],[-75.57928,6.28855]],[[-75.5793,6.29619],[-75.57931,6.29613],[-75.5793,6.29605],[-75.5793,6.29619]],[[-75.57947,6.29193],[-75.58052,6.29238],[-75.58074,6.2914],[-75.57947,6.29193]],[[-75.57972,6.28867],[-75.57974,6.28855],[-75.57956,6.28851],[-75.57972,6.28867]],[[-75.5799,6.29494],[-75.58119,6.29535],[-75.58065,6.29405],[-75.5799,6.29494]],[[-75.58009,6.28881],[-75.58009,6.2887],[-75.57997,6.28866],[-75.58009,6.28881]],[[-75.5802,6.29355],[-75.58023,6.29358],[-75.58023,6.29351],[-75.5802,6.29355]],[[-75.58037,6.29264],[-75.58051,6.29262],[-75.58039,6.29255],[-75.58037,6.29264]],[[-75.58129,6.28922],[-75.58174,6.28921],[-75.5813,6.28907],[-75.58129,6.28922]],[[-75.5813,6.2899],[-75.58134,6.28989],[-75.58131,6.28988],[-75.5813,6.2899]],[[-75.58145,6.28956],[-75.58147,6.2895],[-75.58145,6.28948],[-75.58145,6.28956]],[[-75.58196,6.29084],[-75.58208,6.29092],[-75.58253,6.28948],[-75.58196,6.29084]],[[-75.58261,6.2896],[-75.58211,6.29155],[-75.58323,6.28996],[-75.58261,6.2896]],[[-75.58256,6.29309],[-75.58289,6.29292],[-75.5829,6.29211],[-75.58256,6.29309]],[[-75.58303,6.29206],[-75.58325,6.29206],[-75.58319,6.29203],[-75.58303,6.29206]]],[[[-75.56885,6.25262],[-75.56654,6.25636],[-75.5681,6.24971],[-75.56976,6.25062],[-75.56808,6.25002],[-75.56883,6.25255],[-75.57014,6.25083],[-75.57233,6.25203],[-75.57155,6.25365],[-75.57268,6.25222],[-75.5737,6.25278],[-75.57259,6.25409],[-75.57169,6.25393],[-75.57317,6.25523],[-75.57215,6.25662],[-75.56885,6.25262]],[[-75.56786,6.25275],[-75.5678,6.25409],[-75.5683,6.25304],[-75.56786,6.25275]],[[-75.57019,6.25148],[-75.56969,6.25263],[-75.57076,6.25198],[-75.57019,6.25148]],[[-75.57094,6.25208],[-75.57062,6.25326],[-75.57129,6.2521],[-75.57094,6.25208]],[[-75.57166,6.25495],[-75.57199,6.25501],[-75.57179,6.25471],[-75.57166,6.25495]],[[-75.57207,6.25538],[-75.57173,6.25524],[-75.57186,6.25623],[-75.57207,6.25538]],[[-75.57211,6.25515],[-75.57221,6.25508],[-75.57206,6.25505],[-75.57211,6.25515]],[[-75.57211,6.25372],[-75.57227,6.25371],[-75.57221,6.25369],[-75.57211,6.25372]],[[-75.57299,6.25542],[-75.57248,6.25529],[-75.57245,6.25597],[-75.57299,6.25542]]],[[[-75.56734,6.26162],[-75.56847,6.26134],[-75.56742,6.26112],[-75.56802,6.25742],[-75.57025,6.25836],[-75.5675,6.26317],[-75.56734,6.26162]],[[-75.56807,6.26043],[-75.56762,6.25999],[-75.56748,6.26098],[-75.56807,6.26043]],[[-75.56786,6.25996],[-75.56839,6.26009],[-75.56804,6.25988],[-75.56786,6.25996]],[[-75.56909,6.26035],[-75.56837,6.26014],[-75.56846,6.2605],[-75.56909,6.26035]],[[-75.56891,6.25946],[-75.56839,6.25953],[-75.56892,6.2599],[-75.56891,6.25946]],[[-75.56865,6.25846],[-75.56873,6.25924],[-75.5692,6.25853],[-75.56865,6.25846]],[[-75.5693,6.25949],[-75.56918,6.25974],[-75.56929,6.25989],[-75.5693,6.25949]],[[-75.56938,6.25871],[-75.56941,6.25937],[-75.56986,6.25866],[-75.56938,6.25871]]],[[[-75.5675,6.19258],[-75.56761,6.1923],[-75.57422,6.19594],[-75.5675,6.19258]]],[[[-75.56911,6.20434],[-75.56751,6.20308],[-75.56927,6.20336],[-75.56911,6.20434]]],[[[-75.57015,6.18635],[-75.56767,6.19165],[-75.56787,6.18744],[-75.56887,6.18696],[-75.57019,6.18345],[-75.56904,6.18688],[-75.57015,6.18635]]],[[[-75.569,6.25362],[-75.56968,6.25483],[-75.56906,6.25593],[-75.56955,6.25648],[-75.56973,6.25493],[-75.57089,6.25701],[-75.56976,6.2568],[-75.5703,6.25722],[-75.5686,6.25698],[-75.56801,6.25652],[-75.56786,6.25687],[-75.5683,6.25453],[-75.56911,6.25473],[-75.5683,6.25452],[-75.56854,6.25324],[-75.56842,6.25418],[-75.569,6.25362]],[[-75.56875,6.25631],[-75.56834,6.25551],[-75.56802,6.25617],[-75.56875,6.25631]],[[-75.56834,6.25498],[-75.5686,6.2555],[-75.56897,6.25507],[-75.56834,6.25498]],[[-75.56902,6.25657],[-75.56889,6.25637],[-75.56874,6.25645],[-75.56902,6.25657]],[[-75.56902,6.25661],[-75.56901,6.25701],[-75.56952,6.2567],[-75.56902,6.25661]],[[-75.5697,6.25657],[-75.56967,6.25656],[-75.56958,6.25657],[-75.5697,6.25657]]],[[[-75.56978,6.2764],[-75.56801,6.28413],[-75.56948,6.27609],[-75.56978,6.2764]]],[[[-75.57198,6.25122],[-75.56945,6.24998],[-75.5706,6.24984],[-75.56817,6.24936],[-75.56971,6.24502],[-75.57041,6.24512],[-75.56983,6.24468],[-75.57412,6.2464],[-75.57336,6.2468],[-75.57464,6.24661],[-75.57374,6.24837],[-75.57458,6.24855],[-75.57426,6.24902],[-75.57454,6.24963],[-75.57448,6.25149],[-75.5743,6.25235],[-75.57248,6.25146],[-75.57294,6.25064],[-75.57203,6.25124],[-75.57198,6.25025],[-75.57198,6.25122]],[[-75.56925,6.24715],[-75.56873,6.24876],[-75.56954,6.24762],[-75.56925,6.24715]],[[-75.56916,6.24708],[-75.56913,6.24707],[-75.5691,6.24708],[-75.56916,6.24708]],[[-75.56918,6.24883],[-75.57099,6.24899],[-75.57016,6.24751],[-75.56918,6.24883]],[[-75.56923,6.24694],[-75.57009,6.24605],[-75.56943,6.24584],[-75.56923,6.24694]],[[-75.56941,6.24925],[-75.5694,6.24911],[-75.56937,6.24914],[-75.56941,6.24925]],[[-75.56961,6.24721],[-75.56946,6.24716],[-75.56938,6.24722],[-75.56961,6.24721]],[[-75.56967,6.24925],[-75.56967,6.24911],[-75.56965,6.24922],[-75.56967,6.24925]],[[-75.56967,6.24778],[-75.56968,6.24775],[-75.56966,6.24776],[-75.56967,6.24778]],[[-75.56995,6.24735],[-75.56979,6.24717],[-75.56974,6.24724],[-75.56995,6.24735]],[[-75.57001,6.24719],[-75.57135,6.24646],[-75.57043,6.24606],[-75.57001,6.24719]],[[-75.57035,6.24942],[-75.57035,6.24938],[-75.57034,6.24939],[-75.57035,6.24942]],[[-75.57038,6.24586],[-75.57034,6.24583],[-75.57034,6.24588],[-75.57038,6.24586]],[[-75.57056,6.25047],[-75.57162,6.25026],[-75.57093,6.24982],[-75.57056,6.25047]],[[-75.57188,6.25005],[-75.57076,6.24961],[-75.57084,6.24978],[-75.57188,6.25005]],[[-75.57329,6.2464],[-75.57088,6.24511],[-75.57089,6.24596],[-75.57329,6.2464]],[[-75.57118,6.24776],[-75.57116,6.24774],[-75.57112,6.24776],[-75.57118,6.24776]],[[-75.57191,6.24669],[-75.5717,6.24645],[-75.57128,6.24763],[-75.57191,6.24669]],[[-75.57131,6.249],[-75.57167,6.24982],[-75.57205,6.24934],[-75.57131,6.249]],[[-75.57207,6.24909],[-75.57246,6.24846],[-75.57132,6.24866],[-75.57207,6.24909]],[[-75.57156,6.24797],[-75.57156,6.24782],[-75.57149,6.24789],[-75.57156,6.24797]],[[-75.5724,6.24671],[-75.57175,6.24764],[-75.57216,6.24784],[-75.5724,6.24671]],[[-75.57203,6.24993],[-75.57287,6.24965],[-75.5724,6.2494],[-75.57203,6.24993]],[[-75.57228,6.24816],[-75.57225,6.24813],[-75.57223,6.24817],[-75.57228,6.24816]],[[-75.57243,6.24921],[-75.57331,6.24876],[-75.57278,6.24847],[-75.57243,6.24921]],[[-75.57267,6.2474],[-75.5725,6.24804],[-75.57277,6.24771],[-75.57267,6.2474]],[[-75.57268,6.24831],[-75.57265,6.24825],[-75.57262,6.2483],[-75.57268,6.24831]],[[-75.57268,6.24707],[-75.57272,6.24739],[-75.57293,6.24697],[-75.57268,6.24707]],[[-75.57394,6.24731],[-75.57282,6.24804],[-75.57347,6.24836],[-75.57394,6.24731]],[[-75.57285,6.25031],[-75.57373,6.24993],[-75.5736,6.24875],[-75.57285,6.25031]],[[-75.57306,6.24843],[-75.57306,6.24842],[-75.57305,6.24842],[-75.57306,6.24843]],[[-75.57407,6.25159],[-75.57349,6.25084],[-75.57316,6.25119],[-75.57407,6.25159]],[[-75.57352,6.24857],[-75.57347,6.24853],[-75.57347,6.24861],[-75.57352,6.24857]],[[-75.57446,6.25078],[-75.57442,6.24999],[-75.57373,6.25062],[-75.57446,6.25078]],[[-75.57414,6.24721],[-75.57414,6.24718],[-75.57412,6.2472],[-75.57414,6.24721]],[[-75.57429,6.24883],[-75.57427,6.24882],[-75.57424,6.24883],[-75.57429,6.24883]]],[[[-75.56832,6.26418],[-75.5688,6.26303],[-75.56969,6.2631],[-75.56984,6.2615],[-75.56915,6.26218],[-75.56965,6.261],[-75.57022,6.26133],[-75.57028,6.25946],[-75.57172,6.26347],[-75.57066,6.26106],[-75.56988,6.26325],[-75.57116,6.26362],[-75.56832,6.26418]],[[-75.5689,6.26323],[-75.5689,6.2632],[-75.56888,6.26322],[-75.5689,6.26323]]],[[[-75.56917,6.20438],[-75.57105,6.20477],[-75.56981,6.20345],[-75.57133,6.2037],[-75.57099,6.20582],[-75.56917,6.20438]]],[[[-75.56991,6.28278],[-75.57099,6.2825],[-75.56951,6.28659],[-75.56923,6.28574],[-75.56965,6.28071],[-75.5714,6.28137],[-75.57105,6.28232],[-75.57025,6.28102],[-75.56991,6.28278]],[[-75.56949,6.28468],[-75.56994,6.28443],[-75.5698,6.28429],[-75.56949,6.28468]],[[-75.57004,6.28301],[-75.57005,6.28281],[-75.57001,6.28289],[-75.57004,6.28301]],[[-75.57005,6.28414],[-75.57006,6.28403],[-75.57003,6.28405],[-75.57005,6.28414]],[[-75.5703,6.28299],[-75.57011,6.284],[-75.57083,6.28291],[-75.5703,6.28299]],[[-75.57044,6.2829],[-75.57044,6.2828],[-75.5704,6.28285],[-75.57044,6.2829]],[[-75.57099,6.2818],[-75.57098,6.28174],[-75.57091,6.28179],[-75.57099,6.2818]]],[[[-75.57024,6.21038],[-75.56957,6.21001],[-75.57069,6.20774],[-75.57024,6.21038]]],[[[-75.57201,6.30574],[-75.57226,6.30652],[-75.57266,6.30603],[-75.57354,6.3085],[-75.5696,6.31028],[-75.57201,6.30574]]],[[[-75.57078,6.18132],[-75.57054,6.18323],[-75.57049,6.18267],[-75.56962,6.18115],[-75.57078,6.18132]]],[[[-75.57026,6.24414],[-75.57126,6.24206],[-75.57135,6.24415],[-75.57026,6.24414]]],[[[-75.57138,6.22871],[-75.57131,6.22746],[-75.57242,6.22567],[-75.57115,6.22465],[-75.57042,6.21187],[-75.57142,6.21263],[-75.5704,6.2116],[-75.57389,6.2134],[-75.57373,6.21491],[-75.57501,6.21398],[-75.57592,6.21445],[-75.57472,6.22535],[-75.5724,6.22877],[-75.57268,6.22958],[-75.57167,6.22883],[-75.57342,6.22665],[-75.57138,6.22871]],[[-75.57094,6.2154],[-75.57105,6.21476],[-75.57092,6.21482],[-75.57094,6.2154]],[[-75.57492,6.21844],[-75.57289,6.21819],[-75.57568,6.21511],[-75.57119,6.21496],[-75.57124,6.2221],[-75.57216,6.21695],[-75.57152,6.22467],[-75.57406,6.22525],[-75.5752,6.2187],[-75.57346,6.21832],[-75.57492,6.21844]],[[-75.57149,6.223],[-75.57188,6.21925],[-75.57125,6.22226],[-75.57149,6.223]],[[-75.57146,6.22329],[-75.57138,6.22313],[-75.57136,6.22364],[-75.57146,6.22329]],[[-75.57144,6.2278],[-75.57196,6.228],[-75.5723,6.22689],[-75.57144,6.2278]],[[-75.57163,6.21357],[-75.57161,6.21353],[-75.57161,6.2136],[-75.57163,6.21357]],[[-75.57172,6.21253],[-75.57184,6.21256],[-75.57173,6.21236],[-75.57172,6.21253]],[[-75.57191,6.21303],[-75.57175,6.21289],[-75.57175,6.21319],[-75.57191,6.21303]],[[-75.57178,6.21334],[-75.57266,6.21358],[-75.57252,6.21333],[-75.57178,6.21334]],[[-75.572,6.2129],[-75.57285,6.21295],[-75.57224,6.21261],[-75.572,6.2129]],[[-75.57233,6.22905],[-75.57231,6.22899],[-75.57219,6.22905],[-75.57233,6.22905]],[[-75.57301,6.21469],[-75.57315,6.21358],[-75.57255,6.21493],[-75.57301,6.21469]],[[-75.57266,6.22575],[-75.57269,6.22696],[-75.57356,6.22571],[-75.57266,6.22575]],[[-75.57324,6.21465],[-75.57314,6.21458],[-75.57312,6.21472],[-75.57324,6.21465]],[[-75.57322,6.21444],[-75.57322,6.21421],[-75.57316,6.21433],[-75.57322,6.21444]],[[-75.57435,6.2148],[-75.57432,6.21479],[-75.57432,6.21482],[-75.57435,6.2148]],[[-75.57447,6.22545],[-75.57471,6.22502],[-75.57467,6.22417],[-75.57447,6.22545]],[[-75.57451,6.224],[-75.57448,6.22386],[-75.57448,6.2241],[-75.57451,6.224]],[[-75.5748,6.22345],[-75.57482,6.22296],[-75.57463,6.22317],[-75.5748,6.22345]],[[-75.57478,6.22276],[-75.57511,6.22146],[-75.57488,6.22103],[-75.57478,6.22276]],[[-75.57532,6.21481],[-75.57519,6.21474],[-75.57491,6.21479],[-75.57532,6.21481]],[[-75.57581,6.21467],[-75.57581,6.21448],[-75.57562,6.21467],[-75.57581,6.21467]]],[[[-75.5767,6.18996],[-75.57053,6.18616],[-75.57685,6.18981],[-75.57597,6.19216],[-75.57333,6.19238],[-75.5767,6.18996]]],[[[-75.57065,6.28059],[-75.57104,6.27739],[-75.57119,6.2808],[-75.57065,6.28059]]],[[[-75.57183,6.2039],[-75.57183,6.20443],[-75.57446,6.20461],[-75.57428,6.20403],[-75.57676,6.20514],[-75.57618,6.20811],[-75.57403,6.20657],[-75.57363,6.2074],[-75.5736,6.2063],[-75.57355,6.20755],[-75.57273,6.20924],[-75.57326,6.21148],[-75.57532,6.21257],[-75.57082,6.21044],[-75.57183,6.2039]],[[-75.57152,6.21022],[-75.57134,6.21066],[-75.57212,6.2105],[-75.57152,6.21022]],[[-75.57399,6.20468],[-75.573,6.20476],[-75.57185,6.20486],[-75.57304,6.20587],[-75.57399,6.20468]],[[-75.57287,6.20472],[-75.5726,6.20476],[-75.573,6.20476],[-75.57287,6.20472]],[[-75.57207,6.21102],[-75.57272,6.21132],[-75.5727,6.21062],[-75.57207,6.21102]],[[-75.57237,6.20627],[-75.57363,6.20612],[-75.57324,6.20597],[-75.57237,6.20627]],[[-75.57246,6.20652],[-75.57277,6.20682],[-75.5728,6.20655],[-75.57246,6.20652]],[[-75.57295,6.20821],[-75.57297,6.2081],[-75.57295,6.20799],[-75.57295,6.20821]],[[-75.57297,6.20673],[-75.57311,6.20726],[-75.57315,6.20655],[-75.57297,6.20673]],[[-75.57307,6.20763],[-75.57321,6.20783],[-75.57321,6.20754],[-75.57307,6.20763]],[[-75.57321,6.20645],[-75.57327,6.20621],[-75.57314,6.20633],[-75.57321,6.20645]],[[-75.57382,6.20626],[-75.57388,6.2063],[-75.57388,6.20624],[-75.57382,6.20626]],[[-75.57414,6.20639],[-75.57419,6.20639],[-75.57416,6.20638],[-75.57414,6.20639]],[[-75.57615,6.20564],[-75.57431,6.20486],[-75.57443,6.20629],[-75.57615,6.20564]],[[-75.57441,6.20652],[-75.57446,6.20652],[-75.57443,6.20651],[-75.57441,6.20652]],[[-75.57465,6.20449],[-75.57471,6.20449],[-75.57469,6.20448],[-75.57465,6.20449]],[[-75.57478,6.20476],[-75.57491,6.20471],[-75.57496,6.20461],[-75.57478,6.20476]],[[-75.57509,6.20489],[-75.57524,6.20481],[-75.57523,6.20474],[-75.57509,6.20489]],[[-75.57537,6.20503],[-75.5755,6.20494],[-75.57551,6.20488],[-75.57537,6.20503]],[[-75.57558,6.20706],[-75.57569,6.20707],[-75.57564,6.20704],[-75.57558,6.20706]],[[-75.57577,6.20503],[-75.57578,6.20505],[-75.57578,6.20502],[-75.57577,6.20503]],[[-75.57586,6.20687],[-75.57633,6.20723],[-75.57652,6.20578],[-75.57586,6.20687]],[[-75.57606,6.20735],[-75.57623,6.20735],[-75.57592,6.20718],[-75.57606,6.20735]],[[-75.57605,6.20524],[-75.57607,6.20518],[-75.57605,6.20515],[-75.57605,6.20524]]],[[[-75.5722,6.23834],[-75.57086,6.24153],[-75.57109,6.24069],[-75.57091,6.24078],[-75.57113,6.23779],[-75.57113,6.23778],[-75.5722,6.23834]],[[-75.57109,6.23844],[-75.57147,6.238],[-75.57113,6.23779],[-75.57109,6.23844]],[[-75.57102,6.2395],[-75.57119,6.23951],[-75.57113,6.23939],[-75.57102,6.2395]],[[-75.5715,6.23994],[-75.57113,6.23968],[-75.57118,6.2404],[-75.5715,6.23994]],[[-75.57134,6.23964],[-75.57145,6.23965],[-75.5714,6.23958],[-75.57134,6.23964]]],[[[-75.57198,6.23021],[-75.57274,6.23169],[-75.57253,6.23201],[-75.57275,6.23214],[-75.57094,6.23142],[-75.57258,6.23141],[-75.57113,6.23034],[-75.57198,6.23021]],[[-75.57231,6.23105],[-75.57214,6.23089],[-75.57202,6.23093],[-75.57231,6.23105]]],[[[-75.57166,6.24088],[-75.57117,6.24153],[-75.5725,6.23916],[-75.57228,6.24205],[-75.57166,6.24088]],[[-75.5718,6.24084],[-75.57212,6.24099],[-75.57191,6.24083],[-75.5718,6.24084]]],[[[-75.57143,6.23367],[-75.57178,6.2321],[-75.57251,6.23241],[-75.57174,6.23422],[-75.57143,6.23367]]],[[[-75.57287,6.27219],[-75.57301,6.27231],[-75.57163,6.27202],[-75.5723,6.26996],[-75.57287,6.27219]]],[[[-75.57431,6.24218],[-75.57441,6.24301],[-75.57176,6.24457],[-75.57357,6.23986],[-75.57422,6.2415],[-75.5735,6.2416],[-75.57429,6.24207],[-75.57291,6.24173],[-75.57431,6.24218]],[[-75.57311,6.24116],[-75.5731,6.24153],[-75.57322,6.2412],[-75.57311,6.24116]],[[-75.57358,6.24021],[-75.57325,6.24087],[-75.57353,6.2407],[-75.57358,6.24021]],[[-75.57361,6.24245],[-75.57358,6.24244],[-75.57352,6.24245],[-75.57361,6.24245]]],[[[-75.57494,6.19541],[-75.57229,6.1936],[-75.57261,6.19323],[-75.57458,6.19385],[-75.57494,6.19541]]],[[[-75.5741,6.23062],[-75.57279,6.22965],[-75.57296,6.22885],[-75.57409,6.229],[-75.5741,6.22999],[-75.57368,6.2292],[-75.5732,6.22987],[-75.5741,6.23062]]],[[[-75.57321,6.25518],[-75.57382,6.25285],[-75.57456,6.25335],[-75.57321,6.25518]]],[[[-75.57516,6.20121],[-75.57348,6.2002],[-75.57508,6.19668],[-75.57426,6.19931],[-75.57514,6.20001],[-75.57402,6.19947],[-75.57516,6.20121]]],[[[-75.57676,6.20514],[-75.57467,6.20289],[-75.57416,6.20362],[-75.5736,6.2018],[-75.57412,6.2014],[-75.57601,6.20328],[-75.57603,6.20284],[-75.57691,6.20359],[-75.5761,6.20337],[-75.57676,6.20514]],[[-75.57485,6.2026],[-75.57506,6.2025],[-75.57461,6.20234],[-75.57485,6.2026]],[[-75.5753,6.20272],[-75.57524,6.20266],[-75.57524,6.20278],[-75.5753,6.20272]],[[-75.57538,6.20278],[-75.57536,6.20292],[-75.57544,6.20286],[-75.57538,6.20278]]],[[[-75.57449,6.27276],[-75.57361,6.27225],[-75.5751,6.26735],[-75.57449,6.27276]]],[[[-75.57973,6.27723],[-75.57798,6.27711],[-75.57879,6.2797],[-75.57379,6.27627],[-75.57538,6.27706],[-75.57545,6.27543],[-75.57628,6.27504],[-75.57625,6.27608],[-75.57787,6.2743],[-75.57921,6.27367],[-75.57973,6.27723]],[[-75.57568,6.27711],[-75.57753,6.27827],[-75.57737,6.27737],[-75.57568,6.27711]],[[-75.57612,6.27616],[-75.57598,6.27572],[-75.57594,6.27589],[-75.57612,6.27616]],[[-75.5784,6.27424],[-75.57611,6.27683],[-75.57809,6.27664],[-75.5784,6.27424]],[[-75.5777,6.27718],[-75.57753,6.27709],[-75.57775,6.27824],[-75.5777,6.27718]],[[-75.57775,6.27485],[-75.57774,6.27484],[-75.57774,6.27487],[-75.57775,6.27485]],[[-75.57791,6.2746],[-75.57788,6.27458],[-75.57788,6.27467],[-75.57791,6.2746]],[[-75.57813,6.27681],[-75.57815,6.27673],[-75.578,6.2769],[-75.57813,6.27681]]],[[[-75.57424,6.27507],[-75.5763,6.27007],[-75.57983,6.27322],[-75.57424,6.27507]],[[-75.57448,6.27473],[-75.57857,6.27342],[-75.57638,6.27049],[-75.57448,6.27473]]],[[[-75.57482,6.26179],[-75.5771,6.25668],[-75.57705,6.25763],[-75.57806,6.25797],[-75.57722,6.2564],[-75.57783,6.25503],[-75.58074,6.25628],[-75.57836,6.25883],[-75.57627,6.25914],[-75.57859,6.25951],[-75.57545,6.26053],[-75.57681,6.26602],[-75.57931,6.25962],[-75.58018,6.25975],[-75.57687,6.26907],[-75.58019,6.27339],[-75.58195,6.27321],[-75.58021,6.27345],[-75.57647,6.26858],[-75.57602,6.26927],[-75.57482,6.26179]],[[-75.57667,6.26666],[-75.57664,6.26665],[-75.57666,6.26667],[-75.57667,6.26666]],[[-75.57681,6.25845],[-75.57675,6.25843],[-75.57671,6.25845],[-75.57681,6.25845]],[[-75.57704,6.2674],[-75.57704,6.26722],[-75.57701,6.26728],[-75.57704,6.2674]],[[-75.57782,6.25622],[-75.57797,6.2557],[-75.5776,6.25589],[-75.57782,6.25622]],[[-75.5781,6.25564],[-75.57806,6.25542],[-75.57794,6.25547],[-75.5781,6.25564]],[[-75.57963,6.257],[-75.5794,6.2561],[-75.57795,6.25695],[-75.57963,6.257]],[[-75.57798,6.26496],[-75.57798,6.26493],[-75.57797,6.26495],[-75.57798,6.26496]],[[-75.57987,6.25601],[-75.57986,6.25599],[-75.57983,6.256],[-75.57987,6.25601]],[[-75.58013,6.25628],[-75.58013,6.25624],[-75.5801,6.25626],[-75.58013,6.25628]]],[[[-75.5757,6.30762],[-75.57832,6.30957],[-75.57499,6.30925],[-75.5757,6.30762]]],[[[-75.57632,6.25031],[-75.57612,6.24691],[-75.57904,6.24918],[-75.57908,6.24921],[-75.57592,6.2532],[-75.57632,6.25031]],[[-75.57884,6.24922],[-75.57894,6.24928],[-75.57904,6.24918],[-75.57884,6.24922]],[[-75.57674,6.24925],[-75.57689,6.24834],[-75.57627,6.24913],[-75.57674,6.24925]],[[-75.57679,6.25181],[-75.57692,6.25067],[-75.57627,6.25147],[-75.57679,6.25181]],[[-75.57662,6.25028],[-75.57709,6.25057],[-75.57691,6.24987],[-75.57662,6.25028]],[[-75.57708,6.24989],[-75.57704,6.24963],[-75.57673,6.24955],[-75.57708,6.24989]],[[-75.57747,6.24954],[-75.57773,6.24863],[-75.57701,6.24932],[-75.57747,6.24954]],[[-75.5772,6.24996],[-75.57768,6.25004],[-75.57739,6.24974],[-75.5772,6.24996]],[[-75.57811,6.24986],[-75.57874,6.24918],[-75.57831,6.24885],[-75.57811,6.24986]]],[[[-75.57682,6.21695],[-75.57626,6.22046],[-75.57599,6.22049],[-75.57632,6.21751],[-75.57682,6.21695]],[[-75.57631,6.21887],[-75.57636,6.2189],[-75.57636,6.21884],[-75.57631,6.21887]]],[[[-75.58285,6.24601],[-75.57872,6.24602],[-75.57804,6.24427],[-75.57738,6.24577],[-75.57815,6.24602],[-75.57613,6.24603],[-75.5772,6.24234],[-75.57872,6.24159],[-75.57877,6.24484],[-75.58046,6.24253],[-75.57966,6.24244],[-75.58051,6.24246],[-75.58257,6.24079],[-75.58178,6.24073],[-75.58265,6.23964],[-75.58285,6.24601]],[[-75.57657,6.24576],[-75.57752,6.24421],[-75.57705,6.24389],[-75.57657,6.24576]],[[-75.57814,6.24388],[-75.57732,6.24248],[-75.57741,6.24388],[-75.57814,6.24388]],[[-75.58126,6.24473],[-75.5812,6.2444],[-75.58085,6.24522],[-75.58126,6.24473]],[[-75.58185,6.24374],[-75.58134,6.24405],[-75.58151,6.2442],[-75.58185,6.24374]],[[-75.58143,6.24487],[-75.58145,6.24491],[-75.58146,6.24483],[-75.58143,6.24487]],[[-75.58167,6.24518],[-75.58229,6.24562],[-75.5819,6.24508],[-75.58167,6.24518]],[[-75.58175,6.24446],[-75.58172,6.24441],[-75.58171,6.24452],[-75.58175,6.24446]],[[-75.58186,6.24419],[-75.58183,6.24435],[-75.58188,6.24425],[-75.58186,6.24419]],[[-75.58215,6.24466],[-75.58193,6.24471],[-75.58231,6.24494],[-75.58215,6.24466]],[[-75.58196,6.24345],[-75.58232,6.24312],[-75.58208,6.243],[-75.58196,6.24345]],[[-75.58201,6.24406],[-75.58199,6.244],[-75.58198,6.24411],[-75.58201,6.24406]],[[-75.58211,6.24385],[-75.58207,6.24391],[-75.58211,6.24394],[-75.58211,6.24385]],[[-75.58231,6.24442],[-75.58246,6.24434],[-75.58233,6.24424],[-75.58231,6.24442]],[[-75.5824,6.24494],[-75.58232,6.245],[-75.58239,6.24508],[-75.5824,6.24494]],[[-75.58234,6.2457],[-75.58282,6.24597],[-75.58256,6.24563],[-75.58234,6.2457]]],[[[-75.57949,6.18368],[-75.57671,6.18964],[-75.57653,6.18943],[-75.57949,6.18368]]],[[[-75.57655,6.19227],[-75.57955,6.18374],[-75.57742,6.19035],[-75.57844,6.19425],[-75.57655,6.19227]]],[[[-75.57945,6.30119],[-75.57725,6.30564],[-75.57843,6.3022],[-75.57685,6.30305],[-75.57965,6.30089],[-75.57906,6.30235],[-75.57945,6.30119]]],[[[-75.57891,6.19524],[-75.57712,6.20128],[-75.57691,6.19396],[-75.57891,6.19524]],[[-75.57784,6.19485],[-75.57779,6.19479],[-75.57778,6.19485],[-75.57784,6.19485]]],[[[-75.5771,6.2131],[-75.57735,6.20886],[-75.57856,6.20448],[-75.5771,6.2131]]],[[[-75.57986,6.21747],[-75.57919,6.21699],[-75.58022,6.21734],[-75.5796,6.21419],[-75.58118,6.21508],[-75.57791,6.22561],[-75.57986,6.21747]]],[[[-75.578,6.20085],[-75.57795,6.19894],[-75.57974,6.19527],[-75.578,6.20085]]],[[[-75.57795,6.23858],[-75.57807,6.23808],[-75.58125,6.23901],[-75.57795,6.23858]]],[[[-75.57985,6.23318],[-75.57849,6.23628],[-75.57949,6.23199],[-75.58263,6.23212],[-75.58269,6.23919],[-75.582,6.2391],[-75.58257,6.23362],[-75.57985,6.23318]],[[-75.57933,6.23295],[-75.57962,6.2329],[-75.57977,6.23234],[-75.57933,6.23295]],[[-75.57974,6.23286],[-75.58257,6.23308],[-75.58072,6.23207],[-75.57974,6.23286]],[[-75.58001,6.23308],[-75.58009,6.23308],[-75.58005,6.23307],[-75.58001,6.23308]],[[-75.58065,6.23322],[-75.58081,6.23322],[-75.58074,6.23321],[-75.58065,6.23322]]],[[[-75.58039,6.25283],[-75.57861,6.2539],[-75.57995,6.25122],[-75.58039,6.25283]]],[[[-75.57873,6.18781],[-75.5803,6.18971],[-75.58153,6.18776],[-75.57906,6.19294],[-75.57873,6.18781]]],[[[-75.57963,6.2799],[-75.58483,6.28169],[-75.58358,6.28299],[-75.57893,6.27979],[-75.58079,6.2773],[-75.5799,6.27724],[-75.57984,6.27605],[-75.58147,6.2776],[-75.57963,6.2799]]],[[[-75.57908,6.21255],[-75.5798,6.20951],[-75.57957,6.21288],[-75.57908,6.21255]]],[[[-75.58644,6.28553],[-75.58965,6.2885],[-75.58844,6.28792],[-75.58337,6.29709],[-75.58354,6.29175],[-75.58417,6.29166],[-75.58411,6.29004],[-75.58368,6.29055],[-75.58377,6.28966],[-75.58466,6.28989],[-75.58439,6.2876],[-75.58382,6.28923],[-75.58435,6.28448],[-75.58729,6.28496],[-75.58509,6.28284],[-75.58417,6.28312],[-75.58927,6.2763],[-75.58788,6.27615],[-75.59088,6.27353],[-75.58243,6.27407],[-75.58707,6.27606],[-75.5798,6.27527],[-75.57973,6.27386],[-75.58436,6.27295],[-75.58994,6.27237],[-75.58674,6.27117],[-75.5845,6.26354],[-75.58721,6.26905],[-75.5872,6.26612],[-75.58734,6.26934],[-75.59029,6.27227],[-75.5877,6.2732],[-75.59271,6.27347],[-75.59111,6.27411],[-75.59215,6.27405],[-75.59125,6.27499],[-75.59191,6.27915],[-75.59062,6.27717],[-75.58773,6.28004],[-75.59259,6.2825],[-75.59239,6.28891],[-75.59146,6.28837],[-75.59239,6.28343],[-75.58897,6.28735],[-75.5914,6.28375],[-75.58729,6.28072],[-75.58833,6.28689],[-75.58644,6.28553]],[[-75.58252,6.27485],[-75.58249,6.27481],[-75.58247,6.27485],[-75.58252,6.27485]],[[-75.58282,6.27484],[-75.58276,6.27482],[-75.58271,6.27484],[-75.58282,6.27484]],[[-75.58306,6.27484],[-75.58302,6.27482],[-75.58296,6.27484],[-75.58306,6.27484]],[[-75.5833,6.27498],[-75.5833,6.27496],[-75.58328,6.27497],[-75.5833,6.27498]],[[-75.58358,6.27511],[-75.58357,6.2751],[-75.58355,6.27511],[-75.58358,6.27511]],[[-75.58377,6.29005],[-75.58375,6.28998],[-75.58375,6.29022],[-75.58377,6.29005]],[[-75.58385,6.27524],[-75.58384,6.27523],[-75.58382,6.27524],[-75.58385,6.27524]],[[-75.58403,6.28784],[-75.58402,6.28782],[-75.58402,6.28785],[-75.58403,6.28784]],[[-75.58428,6.28709],[-75.58428,6.28726],[-75.58433,6.28717],[-75.58428,6.28709]],[[-75.58442,6.27551],[-75.58439,6.2755],[-75.58436,6.27551],[-75.58442,6.27551]],[[-75.58492,6.29025],[-75.58441,6.2925],[-75.58615,6.28998],[-75.58492,6.29025]],[[-75.58457,6.29304],[-75.58446,6.29297],[-75.58444,6.293],[-75.58457,6.29304]],[[-75.58482,6.28627],[-75.58482,6.28644],[-75.5849,6.28636],[-75.58482,6.28627]],[[-75.58486,6.29219],[-75.58484,6.29218],[-75.58484,6.29221],[-75.58486,6.29219]],[[-75.58499,6.28717],[-75.58496,6.28716],[-75.58496,6.2872],[-75.58499,6.28717]],[[-75.58503,6.28998],[-75.58823,6.28784],[-75.58577,6.28574],[-75.58503,6.28998]],[[-75.58534,6.27578],[-75.58522,6.27577],[-75.58519,6.27578],[-75.58534,6.27578]],[[-75.58541,6.29269],[-75.58552,6.29271],[-75.58539,6.29268],[-75.58541,6.29269]],[[-75.58589,6.28286],[-75.58589,6.2828],[-75.58588,6.28283],[-75.58589,6.28286]],[[-75.58608,6.29136],[-75.58606,6.29131],[-75.58606,6.29141],[-75.58608,6.29136]],[[-75.58673,6.28988],[-75.58664,6.28984],[-75.58658,6.2899],[-75.58673,6.28988]],[[-75.58755,6.27307],[-75.58683,6.27275],[-75.58734,6.27308],[-75.58755,6.27307]],[[-75.58699,6.28514],[-75.58699,6.28513],[-75.58685,6.28526],[-75.58699,6.28514]],[[-75.58686,6.28964],[-75.58697,6.28945],[-75.58686,6.28947],[-75.58686,6.28964]],[[-75.58943,6.28108],[-75.58912,6.2809],[-75.58955,6.28133],[-75.58943,6.28108]],[[-75.58982,6.27725],[-75.5898,6.27726],[-75.58984,6.27726],[-75.58982,6.27725]],[[-75.59023,6.28188],[-75.59016,6.28173],[-75.59009,6.28187],[-75.59023,6.28188]],[[-75.59049,6.28231],[-75.59048,6.28213],[-75.59041,6.28217],[-75.59049,6.28231]],[[-75.59092,6.28295],[-75.59064,6.28252],[-75.59066,6.28269],[-75.59092,6.28295]],[[-75.5913,6.27755],[-75.59116,6.2771],[-75.59117,6.27753],[-75.5913,6.27755]],[[-75.59135,6.28335],[-75.59132,6.28334],[-75.59132,6.28336],[-75.59135,6.28335]],[[-75.59159,6.28363],[-75.5915,6.28354],[-75.59146,6.2837],[-75.59159,6.28363]],[[-75.59158,6.2834],[-75.5917,6.28322],[-75.59159,6.28326],[-75.59158,6.2834]],[[-75.59243,6.28336],[-75.5924,6.28253],[-75.59185,6.28295],[-75.59243,6.28336]]],[[[-75.58303,6.18858],[-75.5803,6.19466],[-75.58098,6.19107],[-75.58105,6.19284],[-75.5823,6.1898],[-75.5811,6.19045],[-75.5816,6.18781],[-75.58303,6.18858]]],[[[-75.58182,6.26],[-75.58284,6.26016],[-75.58411,6.26274],[-75.58062,6.25982],[-75.58182,6.26]],[[-75.58216,6.26025],[-75.58218,6.26015],[-75.58212,6.26019],[-75.58216,6.26025]],[[-75.58229,6.26037],[-75.58231,6.26029],[-75.58225,6.26032],[-75.58229,6.26037]],[[-75.58287,6.261],[-75.58326,6.26119],[-75.58282,6.26082],[-75.58287,6.261]],[[-75.58333,6.26142],[-75.58345,6.26143],[-75.58337,6.26127],[-75.58333,6.26142]]],[[[-75.58259,6.2057],[-75.58093,6.20474],[-75.58578,6.20681],[-75.58574,6.20688],[-75.58402,6.21003],[-75.58542,6.20737],[-75.58072,6.20561],[-75.58259,6.2057]],[[-75.58269,6.20584],[-75.58487,6.20699],[-75.58574,6.20688],[-75.58269,6.20584]],[[-75.58163,6.20569],[-75.5816,6.20568],[-75.58156,6.20569],[-75.58163,6.20569]],[[-75.58232,6.20596],[-75.5819,6.2058],[-75.58215,6.20596],[-75.58232,6.20596]],[[-75.58434,6.20689],[-75.58392,6.20662],[-75.58391,6.20677],[-75.58434,6.20689]]],[[[-75.58571,6.206],[-75.58493,6.20477],[-75.58232,6.20481],[-75.58594,6.20645],[-75.58195,6.20479],[-75.58319,6.20181],[-75.58179,6.20161],[-75.58194,6.20479],[-75.58083,6.20433],[-75.5812,6.20089],[-75.58326,6.20128],[-75.58571,6.206]],[[-75.58242,6.20459],[-75.58233,6.20456],[-75.5823,6.20465],[-75.58242,6.20459]],[[-75.58241,6.20438],[-75.58292,6.20374],[-75.58244,6.20391],[-75.58241,6.20438]],[[-75.58328,6.20393],[-75.58321,6.20378],[-75.58314,6.20389],[-75.58328,6.20393]],[[-75.58316,6.20362],[-75.58368,6.20384],[-75.58347,6.20355],[-75.58316,6.20362]],[[-75.58336,6.20261],[-75.58337,6.20254],[-75.58334,6.20257],[-75.58336,6.20261]],[[-75.58343,6.20321],[-75.58385,6.2034],[-75.58377,6.20314],[-75.58343,6.20321]],[[-75.58344,6.20264],[-75.58355,6.20276],[-75.58356,6.20265],[-75.58344,6.20264]],[[-75.58423,6.20434],[-75.58353,6.20399],[-75.58349,6.20419],[-75.58423,6.20434]],[[-75.5837,6.20286],[-75.58381,6.2029],[-75.58374,6.20276],[-75.5837,6.20286]],[[-75.58396,6.20298],[-75.58404,6.20304],[-75.58403,6.2029],[-75.58396,6.20298]],[[-75.58397,6.20388],[-75.58436,6.20421],[-75.58466,6.20418],[-75.58397,6.20388]]],[[[-75.58322,6.26647],[-75.58087,6.26856],[-75.58202,6.2611],[-75.58322,6.26647]]],[[[-75.58216,6.24914],[-75.58228,6.25261],[-75.58091,6.25152],[-75.58216,6.24914]],[[-75.58154,6.25112],[-75.5811,6.25118],[-75.58134,6.2518],[-75.58154,6.25112]],[[-75.58217,6.25084],[-75.58202,6.24961],[-75.58159,6.25085],[-75.58217,6.25084]],[[-75.58201,6.25118],[-75.58169,6.2518],[-75.58203,6.25178],[-75.58201,6.25118]]],[[[-75.58326,6.20127],[-75.58124,6.20051],[-75.58142,6.19874],[-75.58342,6.20014],[-75.58326,6.20127]]],[[[-75.58467,6.19857],[-75.58144,6.19858],[-75.58152,6.19784],[-75.58467,6.19857]]],[[[-75.58639,6.29595],[-75.58201,6.30009],[-75.58198,6.29946],[-75.58639,6.29595]],[[-75.58241,6.29952],[-75.58242,6.29952],[-75.58242,6.29951],[-75.58241,6.29952]],[[-75.58404,6.29802],[-75.58415,6.29791],[-75.58417,6.29785],[-75.58404,6.29802]]],[[[-75.58503,6.28148],[-75.58207,6.27816],[-75.5853,6.2812],[-75.58503,6.28148]]],[[[-75.5837,6.30047],[-75.58216,6.30279],[-75.58217,6.30266],[-75.58364,6.2989],[-75.5837,6.30047]]],[[[-75.5842,6.26175],[-75.5822,6.25864],[-75.58256,6.25808],[-75.58448,6.26061],[-75.5842,6.26175]],[[-75.58406,6.26118],[-75.58393,6.26127],[-75.58406,6.26142],[-75.58406,6.26118]]],[[[-75.58279,6.24733],[-75.58328,6.24697],[-75.58297,6.24833],[-75.58221,6.24731],[-75.58349,6.24604],[-75.58279,6.24733]],[[-75.58246,6.24719],[-75.58231,6.24724],[-75.5824,6.24735],[-75.58246,6.24719]]],[[[-75.58761,6.2549],[-75.58611,6.25776],[-75.58348,6.25644],[-75.58458,6.25334],[-75.5826,6.25469],[-75.58526,6.25285],[-75.58309,6.25273],[-75.58599,6.25056],[-75.58368,6.24898],[-75.58851,6.2496],[-75.58727,6.25165],[-75.58795,6.25167],[-75.58767,6.25271],[-75.58675,6.25284],[-75.5876,6.25297],[-75.58572,6.25287],[-75.58778,6.25429],[-75.58909,6.24975],[-75.59106,6.2498],[-75.59181,6.24981],[-75.59192,6.2502],[-75.59185,6.24982],[-75.5931,6.24996],[-75.59236,6.25009],[-75.59307,6.25037],[-75.59322,6.24998],[-75.5944,6.25012],[-75.59671,6.25039],[-75.59984,6.25076],[-75.59989,6.25137],[-75.60126,6.25092],[-75.60044,6.25122],[-75.60107,6.25235],[-75.60179,6.25099],[-75.60116,6.25284],[-75.59888,6.25487],[-75.59955,6.25637],[-75.59654,6.26297],[-75.58664,6.25827],[-75.58761,6.2549]],[[-75.59031,6.24979],[-75.5909,6.2501],[-75.59106,6.2498],[-75.59031,6.24979]],[[-75.59351,6.25011],[-75.59371,6.25037],[-75.5944,6.25012],[-75.59351,6.25011]],[[-75.5959,6.25042],[-75.59646,6.25051],[-75.59671,6.25039],[-75.5959,6.25042]],[[-75.58518,6.25706],[-75.58502,6.25699],[-75.5851,6.25707],[-75.58518,6.25706]],[[-75.58544,6.25719],[-75.58539,6.25709],[-75.58528,6.25715],[-75.58544,6.25719]],[[-75.58556,6.25681],[-75.58555,6.25665],[-75.58536,6.25666],[-75.58556,6.25681]],[[-75.5864,6.2562],[-75.58746,6.25504],[-75.58635,6.2545],[-75.5864,6.2562]],[[-75.5864,6.25069],[-75.58661,6.25076],[-75.58659,6.25063],[-75.5864,6.25069]],[[-75.58675,6.24976],[-75.58677,6.24973],[-75.58675,6.24966],[-75.58675,6.24976]],[[-75.58691,6.25216],[-75.58689,6.25163],[-75.58675,6.25216],[-75.58691,6.25216]],[[-75.58702,6.25125],[-75.58689,6.25042],[-75.58688,6.25098],[-75.58702,6.25125]],[[-75.58729,6.25017],[-75.58776,6.25013],[-75.58702,6.24988],[-75.58729,6.25017]],[[-75.5871,6.25798],[-75.58994,6.25982],[-75.59205,6.25603],[-75.58976,6.25396],[-75.5871,6.25798]],[[-75.58726,6.25204],[-75.58729,6.25234],[-75.58737,6.25209],[-75.58726,6.25204]],[[-75.58757,6.2505],[-75.58737,6.25089],[-75.58751,6.25115],[-75.58757,6.2505]],[[-75.58821,6.25284],[-75.59146,6.25348],[-75.59137,6.25306],[-75.58821,6.25284]],[[-75.58846,6.25354],[-75.59097,6.2537],[-75.58999,6.25349],[-75.58846,6.25354]],[[-75.58869,6.2523],[-75.58964,6.25231],[-75.5892,6.25216],[-75.58869,6.2523]],[[-75.58875,6.25394],[-75.58893,6.25394],[-75.5888,6.25392],[-75.58875,6.25394]],[[-75.58931,6.2538],[-75.5901,6.2538],[-75.58957,6.25379],[-75.58931,6.2538]],[[-75.58958,6.25152],[-75.58986,6.2525],[-75.59078,6.25165],[-75.58958,6.25152]],[[-75.58984,6.25325],[-75.59018,6.25326],[-75.59001,6.25322],[-75.58984,6.25325]],[[-75.59026,6.25068],[-75.59101,6.25074],[-75.59043,6.25018],[-75.59026,6.25068]],[[-75.59035,6.25339],[-75.59063,6.2534],[-75.59047,6.25335],[-75.59035,6.25339]],[[-75.59042,6.25095],[-75.59041,6.25094],[-75.59041,6.25096],[-75.59042,6.25095]],[[-75.59061,6.25393],[-75.59071,6.25393],[-75.59067,6.25392],[-75.59061,6.25393]],[[-75.5911,6.25274],[-75.59187,6.25125],[-75.59074,6.25096],[-75.5911,6.25274]],[[-75.59081,6.25146],[-75.59077,6.2515],[-75.59081,6.25156],[-75.59081,6.25146]],[[-75.59078,6.25352],[-75.59102,6.25353],[-75.5909,6.25348],[-75.59078,6.25352]],[[-75.59526,6.25867],[-75.59446,6.25813],[-75.59223,6.25665],[-75.59079,6.25993],[-75.59382,6.26138],[-75.59526,6.25867]],[[-75.59466,6.25813],[-75.59455,6.25811],[-75.59446,6.25813],[-75.59466,6.25813]],[[-75.59095,6.25407],[-75.59099,6.25407],[-75.59097,6.25406],[-75.59095,6.25407]],[[-75.59109,6.2538],[-75.59139,6.25398],[-75.59121,6.25377],[-75.59109,6.2538]],[[-75.592,6.25041],[-75.59121,6.25037],[-75.59127,6.25082],[-75.592,6.25041]],[[-75.59122,6.25421],[-75.59125,6.2542],[-75.59123,6.25419],[-75.59122,6.25421]],[[-75.59175,6.25278],[-75.59163,6.25255],[-75.59139,6.25274],[-75.59175,6.25278]],[[-75.59164,6.25461],[-75.59165,6.25461],[-75.59164,6.25459],[-75.59164,6.25461]],[[-75.59178,6.25428],[-75.59269,6.25662],[-75.59545,6.25801],[-75.59177,6.25348],[-75.59178,6.25428]],[[-75.59208,6.25371],[-75.59215,6.25353],[-75.59199,6.25348],[-75.59208,6.25371]],[[-75.59217,6.25325],[-75.59332,6.2515],[-75.59291,6.25044],[-75.59217,6.25325]],[[-75.59219,6.25591],[-75.59221,6.25581],[-75.59218,6.25567],[-75.59219,6.25591]],[[-75.59229,6.2561],[-75.59232,6.25612],[-75.59232,6.25607],[-75.59229,6.2561]],[[-75.59242,6.25639],[-75.59246,6.25651],[-75.59245,6.25634],[-75.59242,6.25639]],[[-75.59255,6.2542],[-75.59275,6.25434],[-75.59258,6.25419],[-75.59255,6.2542]],[[-75.5933,6.25487],[-75.59325,6.25472],[-75.59299,6.25447],[-75.5933,6.25487]],[[-75.59396,6.25059],[-75.59345,6.25064],[-75.59353,6.25128],[-75.59396,6.25059]],[[-75.59354,6.25516],[-75.59356,6.25514],[-75.59354,6.2551],[-75.59354,6.25516]],[[-75.59451,6.25669],[-75.59422,6.25582],[-75.59381,6.25552],[-75.59451,6.25669]],[[-75.59457,6.25347],[-75.59393,6.25548],[-75.59631,6.25475],[-75.59548,6.25062],[-75.59469,6.25311],[-75.59517,6.25252],[-75.59457,6.25347]],[[-75.59409,6.25566],[-75.59407,6.25568],[-75.59411,6.25569],[-75.59409,6.25566]],[[-75.59576,6.25856],[-75.59422,6.26165],[-75.59661,6.2628],[-75.59576,6.25856]],[[-75.59534,6.25552],[-75.59429,6.25596],[-75.59585,6.25814],[-75.59767,6.25813],[-75.59799,6.25463],[-75.59611,6.25777],[-75.59534,6.25552]],[[-75.5951,6.25025],[-75.59472,6.25021],[-75.59481,6.25041],[-75.5951,6.25025]],[[-75.59498,6.25826],[-75.59523,6.25826],[-75.59508,6.25823],[-75.59498,6.25826]],[[-75.59545,6.25838],[-75.59545,6.25855],[-75.59569,6.25831],[-75.59545,6.25838]],[[-75.59631,6.25123],[-75.59571,6.2514],[-75.59659,6.25149],[-75.59631,6.25123]],[[-75.59578,6.25169],[-75.59608,6.25221],[-75.59625,6.25207],[-75.59578,6.25169]],[[-75.59662,6.25077],[-75.5959,6.25074],[-75.59639,6.25118],[-75.59662,6.25077]],[[-75.597,6.2584],[-75.59618,6.25826],[-75.59663,6.25841],[-75.597,6.2584]],[[-75.59621,6.25229],[-75.59636,6.25251],[-75.59644,6.2521],[-75.59621,6.25229]],[[-75.59639,6.25544],[-75.59657,6.25489],[-75.59643,6.25479],[-75.59639,6.25544]],[[-75.59661,6.252],[-75.59653,6.25181],[-75.59644,6.25206],[-75.59661,6.252]],[[-75.59699,6.25353],[-75.59666,6.25374],[-75.59691,6.2547],[-75.59699,6.25353]],[[-75.59675,6.25131],[-75.59678,6.25142],[-75.59678,6.25106],[-75.59675,6.25131]],[[-75.59677,6.25067],[-75.59691,6.25071],[-75.59689,6.25058],[-75.59677,6.25067]],[[-75.59685,6.25825],[-75.59724,6.25826],[-75.59697,6.25821],[-75.59685,6.25825]],[[-75.59698,6.2515],[-75.59687,6.2533],[-75.59723,6.25289],[-75.59698,6.2515]],[[-75.59726,6.25081],[-75.59694,6.25101],[-75.59718,6.25138],[-75.59726,6.25081]],[[-75.59727,6.25859],[-75.59738,6.25853],[-75.59713,6.25853],[-75.59727,6.25859]],[[-75.59761,6.25289],[-75.59734,6.25317],[-75.59744,6.25442],[-75.59761,6.25289]],[[-75.59739,6.25474],[-75.59749,6.25477],[-75.59746,6.25469],[-75.59739,6.25474]],[[-75.59796,6.2524],[-75.59756,6.25235],[-75.59786,6.25276],[-75.59796,6.2524]],[[-75.59759,6.25461],[-75.59778,6.2546],[-75.59773,6.2545],[-75.59759,6.25461]],[[-75.59819,6.25277],[-75.59881,6.25079],[-75.59762,6.25096],[-75.59819,6.25277]],[[-75.59791,6.25445],[-75.59779,6.25446],[-75.59785,6.25448],[-75.59791,6.25445]],[[-75.59825,6.2533],[-75.59809,6.25298],[-75.598,6.25379],[-75.59825,6.2533]],[[-75.59815,6.25404],[-75.59814,6.25403],[-75.59814,6.25405],[-75.59815,6.25404]],[[-75.59824,6.25449],[-75.60077,6.25255],[-75.60006,6.25145],[-75.59824,6.25449]],[[-75.59828,6.25378],[-75.59828,6.25377],[-75.59827,6.25377],[-75.59828,6.25378]],[[-75.59843,6.25365],[-75.59842,6.25361],[-75.5984,6.25366],[-75.59843,6.25365]],[[-75.59869,6.25323],[-75.59868,6.25321],[-75.59868,6.25324],[-75.59869,6.25323]],[[-75.59897,6.25281],[-75.59895,6.25275],[-75.59895,6.25284],[-75.59897,6.25281]],[[-75.59906,6.25255],[-75.59909,6.25258],[-75.59909,6.2525],[-75.59906,6.25255]],[[-75.59921,6.25228],[-75.59922,6.25232],[-75.59923,6.25227],[-75.59921,6.25228]],[[-75.59934,6.25213],[-75.59936,6.25216],[-75.59936,6.25209],[-75.59934,6.25213]],[[-75.59947,6.25187],[-75.59949,6.25191],[-75.5995,6.25185],[-75.59947,6.25187]],[[-75.59972,6.25392],[-75.59965,6.25384],[-75.59963,6.25399],[-75.59972,6.25392]]],[[[-75.58382,6.23984],[-75.58577,6.24089],[-75.5838,6.24497],[-75.58354,6.24112],[-75.58382,6.23984]],[[-75.58376,6.24318],[-75.5839,6.24311],[-75.58384,6.24299],[-75.58376,6.24318]],[[-75.58422,6.24187],[-75.58416,6.2416],[-75.58403,6.2417],[-75.58422,6.24187]]],[[[-75.5842,6.25789],[-75.58575,6.25867],[-75.58557,6.25911],[-75.58526,6.2599],[-75.58354,6.25755],[-75.5842,6.25789]],[[-75.58415,6.25788],[-75.58406,6.25788],[-75.5842,6.25789],[-75.58415,6.25788]],[[-75.58452,6.25881],[-75.58514,6.25965],[-75.58557,6.25911],[-75.58452,6.25881]],[[-75.58566,6.25869],[-75.58568,6.25872],[-75.5857,6.25868],[-75.58566,6.25869]]],[[[-75.58361,6.24831],[-75.58386,6.24776],[-75.58678,6.24839],[-75.58361,6.24831]]],[[[-75.5847,6.245],[-75.5874,6.24809],[-75.58374,6.24754],[-75.5847,6.245]]],[[[-75.58444,6.2624],[-75.58474,6.26138],[-75.58555,6.26266],[-75.58474,6.26179],[-75.58679,6.26465],[-75.58444,6.2624]]],[[[-75.5895,6.19778],[-75.58731,6.20313],[-75.58482,6.20277],[-75.5856,6.20174],[-75.58494,6.20082],[-75.58598,6.20107],[-75.58495,6.20074],[-75.58522,6.19633],[-75.58739,6.19684],[-75.58619,6.19784],[-75.5895,6.19778]],[[-75.58504,6.20001],[-75.58506,6.20002],[-75.58506,6.20001],[-75.58504,6.20001]],[[-75.58506,6.19931],[-75.58671,6.1992],[-75.58532,6.19866],[-75.58506,6.19931]],[[-75.58706,6.19837],[-75.58542,6.198],[-75.58634,6.19881],[-75.58706,6.19837]],[[-75.58552,6.20246],[-75.58552,6.20234],[-75.58549,6.20241],[-75.58552,6.20246]],[[-75.58605,6.20003],[-75.58559,6.20002],[-75.58614,6.20026],[-75.58605,6.20003]],[[-75.58562,6.19768],[-75.58665,6.19705],[-75.58586,6.19678],[-75.58562,6.19768]],[[-75.5876,6.20233],[-75.5863,6.20122],[-75.58592,6.20203],[-75.5876,6.20233]],[[-75.586,6.20036],[-75.58621,6.20044],[-75.58618,6.20037],[-75.586,6.20036]],[[-75.58674,6.19962],[-75.58674,6.19942],[-75.5867,6.19954],[-75.58674,6.19962]],[[-75.58704,6.20052],[-75.58696,6.2005],[-75.58687,6.20053],[-75.58704,6.20052]],[[-75.58717,6.20093],[-75.58709,6.20092],[-75.58701,6.20093],[-75.58717,6.20093]],[[-75.58735,6.20065],[-75.58727,6.20062],[-75.58714,6.20065],[-75.58735,6.20065]],[[-75.58722,6.19871],[-75.58748,6.19896],[-75.58774,6.19859],[-75.58722,6.19871]],[[-75.58728,6.201],[-75.5873,6.20111],[-75.58745,6.20106],[-75.58728,6.201]],[[-75.58758,6.19917],[-75.58745,6.19914],[-75.58735,6.19917],[-75.58758,6.19917]],[[-75.58755,6.19811],[-75.58753,6.1981],[-75.58752,6.19812],[-75.58755,6.19811]],[[-75.58756,6.19803],[-75.58759,6.19809],[-75.58761,6.19808],[-75.58756,6.19803]],[[-75.58933,6.19791],[-75.58771,6.198],[-75.58838,6.20044],[-75.58933,6.19791]]],[[[-75.58623,6.25879],[-75.59042,6.26083],[-75.58804,6.26208],[-75.58862,6.26295],[-75.58746,6.26433],[-75.58666,6.26336],[-75.58487,6.26119],[-75.58788,6.26196],[-75.58691,6.26152],[-75.58623,6.25879]],[[-75.58738,6.26262],[-75.58665,6.26189],[-75.58666,6.26336],[-75.58738,6.26262]],[[-75.5863,6.26166],[-75.58571,6.26146],[-75.58606,6.26215],[-75.5863,6.26166]],[[-75.58685,6.25923],[-75.5869,6.25929],[-75.58693,6.25922],[-75.58685,6.25923]],[[-75.58831,6.26299],[-75.58703,6.26335],[-75.58748,6.26428],[-75.58831,6.26299]],[[-75.58751,6.25951],[-75.58703,6.25933],[-75.58732,6.25955],[-75.58751,6.25951]],[[-75.58711,6.26072],[-75.58852,6.26071],[-75.58747,6.25999],[-75.58711,6.26072]],[[-75.58738,6.26208],[-75.58718,6.26192],[-75.58712,6.26195],[-75.58738,6.26208]],[[-75.58872,6.26019],[-75.58773,6.2596],[-75.58771,6.25981],[-75.58872,6.26019]]],[[[-75.59148,6.24887],[-75.59142,6.24916],[-75.58897,6.24894],[-75.58956,6.24456],[-75.58888,6.24687],[-75.58884,6.24544],[-75.58783,6.24668],[-75.58521,6.24472],[-75.58984,6.23989],[-75.59224,6.24248],[-75.59211,6.24327],[-75.59235,6.2426],[-75.59328,6.24359],[-75.59239,6.24518],[-75.59369,6.24403],[-75.59261,6.24552],[-75.59488,6.24531],[-75.59582,6.24633],[-75.59498,6.24776],[-75.59631,6.24686],[-75.59581,6.24768],[-75.59757,6.24821],[-75.59718,6.24926],[-75.59758,6.24822],[-75.59777,6.24932],[-75.59858,6.2493],[-75.59909,6.24985],[-75.59148,6.24887]],[[-75.58692,6.24554],[-75.58688,6.24552],[-75.58687,6.24556],[-75.58692,6.24554]],[[-75.58782,6.24647],[-75.58782,6.24662],[-75.58783,6.24659],[-75.58782,6.24647]],[[-75.58796,6.2462],[-75.58795,6.24635],[-75.58797,6.24632],[-75.58796,6.2462]],[[-75.58835,6.2453],[-75.58832,6.2451],[-75.58804,6.24517],[-75.58835,6.2453]],[[-75.58809,6.24592],[-75.58807,6.24607],[-75.58811,6.24605],[-75.58809,6.24592]],[[-75.5882,6.2458],[-75.58822,6.24582],[-75.58822,6.24579],[-75.5882,6.2458]],[[-75.5882,6.24431],[-75.5886,6.24476],[-75.58879,6.2447],[-75.5882,6.24431]],[[-75.58904,6.24557],[-75.58898,6.24529],[-75.5889,6.24553],[-75.58904,6.24557]],[[-75.58927,6.24729],[-75.58953,6.24737],[-75.58975,6.24729],[-75.58927,6.24729]],[[-75.59036,6.24684],[-75.58967,6.24668],[-75.58929,6.2469],[-75.59036,6.24684]],[[-75.59035,6.24742],[-75.58942,6.24779],[-75.59016,6.24777],[-75.59035,6.24742]],[[-75.59019,6.24624],[-75.58992,6.24597],[-75.58942,6.24622],[-75.59019,6.24624]],[[-75.59024,6.24836],[-75.58952,6.24802],[-75.58946,6.24834],[-75.59024,6.24836]],[[-75.58963,6.24531],[-75.58948,6.24556],[-75.5901,6.24544],[-75.58963,6.24531]],[[-75.58993,6.24501],[-75.58978,6.24477],[-75.58958,6.24505],[-75.58993,6.24501]],[[-75.59014,6.24897],[-75.59009,6.24874],[-75.58983,6.24897],[-75.59014,6.24897]],[[-75.59175,6.24211],[-75.58985,6.23995],[-75.59014,6.24429],[-75.59175,6.24211]],[[-75.59043,6.24865],[-75.59028,6.24862],[-75.59019,6.24865],[-75.59043,6.24865]],[[-75.5905,6.24495],[-75.59064,6.24473],[-75.59028,6.24481],[-75.5905,6.24495]],[[-75.59103,6.24884],[-75.59031,6.249],[-75.59119,6.2491],[-75.59103,6.24884]],[[-75.59053,6.24562],[-75.59074,6.24515],[-75.59032,6.24537],[-75.59053,6.24562]],[[-75.59112,6.24613],[-75.59094,6.24575],[-75.59047,6.24612],[-75.59112,6.24613]],[[-75.59132,6.24837],[-75.59054,6.24801],[-75.59053,6.24846],[-75.59132,6.24837]],[[-75.59149,6.24647],[-75.59103,6.2464],[-75.59057,6.24675],[-75.59149,6.24647]],[[-75.59089,6.24732],[-75.59064,6.24724],[-75.59059,6.24788],[-75.59089,6.24732]],[[-75.59114,6.24444],[-75.59082,6.24462],[-75.59106,6.24469],[-75.59114,6.24444]],[[-75.59143,6.24878],[-75.59134,6.24875],[-75.59103,6.24878],[-75.59143,6.24878]],[[-75.59122,6.24418],[-75.59112,6.24406],[-75.59105,6.24417],[-75.59122,6.24418]],[[-75.59236,6.248],[-75.59173,6.24682],[-75.5911,6.24806],[-75.59236,6.248]],[[-75.59155,6.24517],[-75.59151,6.24479],[-75.59116,6.24527],[-75.59155,6.24517]],[[-75.59208,6.24552],[-75.59139,6.24563],[-75.59162,6.24589],[-75.59208,6.24552]],[[-75.59169,6.24675],[-75.59161,6.24669],[-75.59142,6.24674],[-75.59169,6.24675]],[[-75.59143,6.24408],[-75.59202,6.24374],[-75.59202,6.24328],[-75.59143,6.24408]],[[-75.59218,6.24873],[-75.59196,6.24811],[-75.59146,6.24855],[-75.59218,6.24873]],[[-75.59215,6.24591],[-75.59168,6.24617],[-75.59226,6.24618],[-75.59215,6.24591]],[[-75.59262,6.24389],[-75.59191,6.24428],[-75.59203,6.24478],[-75.59262,6.24389]],[[-75.59209,6.2466],[-75.59203,6.24659],[-75.59196,6.2466],[-75.59209,6.2466]],[[-75.59239,6.24557],[-75.5923,6.24547],[-75.5923,6.2457],[-75.59239,6.24557]],[[-75.59245,6.24757],[-75.59244,6.24754],[-75.59244,6.24763],[-75.59245,6.24757]],[[-75.5936,6.24659],[-75.59246,6.24642],[-75.59327,6.24886],[-75.5936,6.24659]],[[-75.59381,6.24904],[-75.59355,6.24901],[-75.59346,6.24905],[-75.59381,6.24904]],[[-75.5942,6.24646],[-75.5939,6.2463],[-75.5937,6.24633],[-75.5942,6.24646]],[[-75.59413,6.24663],[-75.59394,6.24888],[-75.59473,6.24803],[-75.59413,6.24663]],[[-75.59481,6.24661],[-75.5946,6.24646],[-75.59461,6.2468],[-75.59481,6.24661]],[[-75.59492,6.24837],[-75.59507,6.24901],[-75.59536,6.24853],[-75.59492,6.24837]],[[-75.59676,6.2481],[-75.59507,6.24835],[-75.59687,6.24916],[-75.59676,6.2481]],[[-75.59549,6.24917],[-75.59541,6.24916],[-75.59527,6.24917],[-75.59549,6.24917]],[[-75.59639,6.24931],[-75.59632,6.2493],[-75.59619,6.24931],[-75.59639,6.24931]],[[-75.59705,6.24863],[-75.59704,6.24858],[-75.59704,6.24869],[-75.59705,6.24863]],[[-75.59773,6.24944],[-75.59766,6.24943],[-75.5974,6.24944],[-75.59773,6.24944]],[[-75.59845,6.24958],[-75.59835,6.24956],[-75.59823,6.24957],[-75.59845,6.24958]]],[[[-75.58702,6.20573],[-75.58815,6.20571],[-75.58782,6.20595],[-75.58871,6.20649],[-75.58874,6.2065],[-75.58729,6.20633],[-75.58871,6.20758],[-75.58885,6.2077],[-75.58622,6.20744],[-75.58702,6.20573]],[[-75.5878,6.20596],[-75.58759,6.20611],[-75.58871,6.20649],[-75.5878,6.20596]],[[-75.58771,6.20696],[-75.58696,6.20678],[-75.58871,6.20758],[-75.58771,6.20696]],[[-75.5873,6.20601],[-75.58737,6.20588],[-75.58729,6.20601],[-75.5873,6.20601]],[[-75.58744,6.20736],[-75.58744,6.20725],[-75.58735,6.2073],[-75.58744,6.20736]]],[[[-75.5876,6.20518],[-75.58822,6.20566],[-75.58815,6.20571],[-75.5876,6.20518]]],[[[-75.58894,6.19555],[-75.58763,6.19684],[-75.58838,6.19488],[-75.59009,6.19403],[-75.58894,6.19555]]],[[[-75.62128,6.2584],[-75.62271,6.26159],[-75.6231,6.26006],[-75.62303,6.26195],[-75.62584,6.26617],[-75.62243,6.26374],[-75.62092,6.25852],[-75.62175,6.26326],[-75.61324,6.25997],[-75.61762,6.26935],[-75.61658,6.27022],[-75.61375,6.26808],[-75.61368,6.26654],[-75.61094,6.26246],[-75.61328,6.26279],[-75.61429,6.2637],[-75.61184,6.25927],[-75.61027,6.25833],[-75.60925,6.25911],[-75.61296,6.26251],[-75.60806,6.26029],[-75.60279,6.26644],[-75.59839,6.26627],[-75.60021,6.26931],[-75.60051,6.27074],[-75.59992,6.27061],[-75.60115,6.27135],[-75.59487,6.27164],[-75.59997,6.27994],[-75.60549,6.27896],[-75.60594,6.27925],[-75.59952,6.28065],[-75.60246,6.2827],[-75.60183,6.28312],[-75.60349,6.2858],[-75.5978,6.28185],[-75.5983,6.27785],[-75.59334,6.2809],[-75.5979,6.27745],[-75.59511,6.27473],[-75.5942,6.27385],[-75.593,6.27395],[-75.59416,6.27381],[-75.59426,6.27295],[-75.59351,6.27317],[-75.59425,6.27109],[-75.58779,6.26479],[-75.58875,6.26314],[-75.59236,6.26851],[-75.59039,6.26405],[-75.59582,6.26538],[-75.5949,6.26919],[-75.59396,6.26649],[-75.59257,6.26884],[-75.59501,6.26951],[-75.59677,6.26402],[-75.60163,6.26557],[-75.59698,6.26294],[-75.59867,6.25929],[-75.59807,6.26293],[-75.59882,6.26001],[-75.59964,6.26399],[-75.60033,6.25919],[-75.59889,6.2588],[-75.60029,6.25869],[-75.59978,6.25688],[-75.60074,6.25902],[-75.60355,6.25781],[-75.60107,6.25468],[-75.6031,6.25136],[-75.60329,6.25246],[-75.60406,6.25178],[-75.6056,6.25246],[-75.60428,6.25245],[-75.60388,6.25549],[-75.60675,6.25297],[-75.60692,6.25382],[-75.6078,6.25343],[-75.60757,6.25461],[-75.60796,6.2535],[-75.60946,6.25416],[-75.60418,6.25634],[-75.60479,6.25932],[-75.60862,6.25637],[-75.61302,6.25982],[-75.61365,6.256],[-75.61633,6.25717],[-75.61481,6.25725],[-75.61689,6.25871],[-75.61693,6.25971],[-75.61806,6.25793],[-75.61845,6.25934],[-75.61933,6.25887],[-75.61821,6.25791],[-75.61822,6.25708],[-75.61676,6.25715],[-75.61629,6.2569],[-75.6132,6.25528],[-75.61471,6.25134],[-75.61634,6.25289],[-75.61727,6.25127],[-75.61557,6.25171],[-75.61704,6.25034],[-75.61731,6.25122],[-75.62063,6.24546],[-75.61718,6.24551],[-75.61578,6.24806],[-75.61251,6.25034],[-75.61054,6.25388],[-75.60961,6.25339],[-75.61142,6.25089],[-75.61002,6.25218],[-75.61189,6.25012],[-75.60803,6.25231],[-75.60908,6.25304],[-75.60271,6.25018],[-75.6048,6.24977],[-75.60481,6.24976],[-75.60794,6.24914],[-75.60765,6.25204],[-75.61175,6.24598],[-75.60949,6.25024],[-75.61391,6.24847],[-75.61337,6.24758],[-75.61398,6.24699],[-75.61335,6.24754],[-75.61119,6.24396],[-75.61581,6.24562],[-75.6152,6.24657],[-75.61607,6.24554],[-75.62291,6.24351],[-75.62274,6.24556],[-75.62183,6.24475],[-75.62159,6.24645],[-75.62013,6.24852],[-75.61971,6.24714],[-75.61933,6.24947],[-75.62563,6.25172],[-75.62133,6.25349],[-75.62382,6.25385],[-75.62236,6.25398],[-75.62428,6.25414],[-75.62687,6.25177],[-75.62656,6.25248],[-75.62771,6.25197],[-75.62672,6.25321],[-75.62856,6.25238],[-75.62843,6.25107],[-75.62797,6.25165],[-75.6283,6.25075],[-75.62944,6.24995],[-75.62894,6.25302],[-75.62452,6.25398],[-75.62531,6.25552],[-75.62232,6.25408],[-75.6228,6.25547],[-75.62537,6.25563],[-75.62633,6.25749],[-75.62323,6.25679],[-75.62311,6.2599],[-75.62128,6.2584]],[[-75.59513,6.27462],[-75.59504,6.27461],[-75.59511,6.27473],[-75.59513,6.27462]],[[-75.61652,6.25682],[-75.61634,6.25674],[-75.61629,6.2569],[-75.61652,6.25682]],[[-75.59058,6.26425],[-75.59064,6.26424],[-75.59059,6.26422],[-75.59058,6.26425]],[[-75.59083,6.26438],[-75.59088,6.26438],[-75.59086,6.26436],[-75.59083,6.26438]],[[-75.59106,6.26451],[-75.59132,6.26465],[-75.59112,6.26449],[-75.59106,6.26451]],[[-75.59151,6.26479],[-75.5917,6.26491],[-75.59153,6.26476],[-75.59151,6.26479]],[[-75.59193,6.26506],[-75.59197,6.26505],[-75.59194,6.26503],[-75.59193,6.26506]],[[-75.59216,6.2664],[-75.59229,6.2664],[-75.59208,6.26626],[-75.59216,6.2664]],[[-75.59232,6.26532],[-75.59241,6.26532],[-75.59221,6.26517],[-75.59232,6.26532]],[[-75.59275,6.26845],[-75.59319,6.26774],[-75.59235,6.26691],[-75.59275,6.26845]],[[-75.59242,6.26655],[-75.59248,6.26675],[-75.59263,6.26636],[-75.59242,6.26655]],[[-75.59244,6.26696],[-75.5932,6.26754],[-75.59368,6.26649],[-75.59244,6.26696]],[[-75.59277,6.26622],[-75.5935,6.266],[-75.59261,6.26543],[-75.59277,6.26622]],[[-75.59385,6.26629],[-75.59432,6.2664],[-75.59371,6.2661],[-75.59385,6.26629]],[[-75.59481,6.27108],[-75.59412,6.27174],[-75.59473,6.27117],[-75.59481,6.27108]],[[-75.59534,6.27273],[-75.59421,6.27183],[-75.59439,6.27203],[-75.59534,6.27273]],[[-75.59445,6.26653],[-75.59473,6.26654],[-75.59458,6.26648],[-75.59445,6.26653]],[[-75.59483,6.27331],[-75.59453,6.27309],[-75.59457,6.27334],[-75.59483,6.27331]],[[-75.59488,6.26667],[-75.59528,6.26667],[-75.59506,6.26661],[-75.59488,6.26667]],[[-75.59529,6.2733],[-75.5952,6.27326],[-75.5952,6.27333],[-75.59529,6.2733]],[[-75.59637,6.26924],[-75.59572,6.26906],[-75.59597,6.2695],[-75.59637,6.26924]],[[-75.59651,6.26855],[-75.59584,6.26851],[-75.59631,6.26893],[-75.59651,6.26855]],[[-75.59684,6.26792],[-75.59599,6.26781],[-75.59668,6.26836],[-75.59684,6.26792]],[[-75.59624,6.26758],[-75.59658,6.26632],[-75.59618,6.26682],[-75.59624,6.26758]],[[-75.59628,6.2691],[-75.59648,6.26911],[-75.59641,6.26907],[-75.59628,6.2691]],[[-75.5963,6.27055],[-75.59634,6.27046],[-75.5963,6.27039],[-75.5963,6.27055]],[[-75.59638,6.26602],[-75.59696,6.26606],[-75.59656,6.2654],[-75.59638,6.26602]],[[-75.597,6.26767],[-75.59711,6.26706],[-75.59657,6.26758],[-75.597,6.26767]],[[-75.59808,6.27732],[-75.59814,6.27727],[-75.59657,6.27539],[-75.59808,6.27732]],[[-75.5966,6.27085],[-75.59758,6.26931],[-75.59698,6.26865],[-75.5966,6.27085]],[[-75.59667,6.26459],[-75.59667,6.26509],[-75.59684,6.26483],[-75.59667,6.26459]],[[-75.59671,6.26694],[-75.59669,6.26686],[-75.59668,6.267],[-75.59671,6.26694]],[[-75.59672,6.26679],[-75.5971,6.26685],[-75.59688,6.26629],[-75.59672,6.26679]],[[-75.59684,6.26858],[-75.59689,6.26855],[-75.59684,6.2685],[-75.59684,6.26858]],[[-75.59695,6.26829],[-75.59696,6.26831],[-75.59696,6.26826],[-75.59695,6.26829]],[[-75.59702,6.26694],[-75.59732,6.26701],[-75.59733,6.26684],[-75.59702,6.26694]],[[-75.59776,6.26551],[-75.59709,6.26515],[-75.59734,6.2666],[-75.59818,6.26626],[-75.59776,6.26551]],[[-75.5971,6.26469],[-75.59717,6.26462],[-75.5971,6.26455],[-75.5971,6.26469]],[[-75.5971,6.26804],[-75.59712,6.26792],[-75.5971,6.26786],[-75.5971,6.26804]],[[-75.59716,6.26842],[-75.59833,6.26869],[-75.59748,6.26687],[-75.59716,6.26842]],[[-75.59721,6.26756],[-75.59723,6.26766],[-75.59723,6.26744],[-75.59721,6.26756]],[[-75.5973,6.26476],[-75.59723,6.26468],[-75.59722,6.26483],[-75.5973,6.26476]],[[-75.59762,6.26503],[-75.59763,6.26504],[-75.59763,6.265],[-75.59762,6.26503]],[[-75.59794,6.28172],[-75.59809,6.2817],[-75.598,6.28168],[-75.59794,6.28172]],[[-75.59846,6.2702],[-75.59875,6.2692],[-75.59794,6.26888],[-75.59846,6.2702]],[[-75.59801,6.26538],[-75.59856,6.26487],[-75.5983,6.26467],[-75.59801,6.26538]],[[-75.59819,6.26734],[-75.59836,6.2673],[-75.59832,6.26693],[-75.59819,6.26734]],[[-75.59825,6.2657],[-75.59846,6.26586],[-75.59845,6.2655],[-75.59825,6.2657]],[[-75.59827,6.26747],[-75.59846,6.26747],[-75.59843,6.26742],[-75.59827,6.26747]],[[-75.59847,6.27087],[-75.59849,6.27083],[-75.59846,6.27071],[-75.59847,6.27087]],[[-75.59846,6.26724],[-75.59848,6.2672],[-75.59846,6.26716],[-75.59846,6.26724]],[[-75.59896,6.26784],[-75.59859,6.26741],[-75.59858,6.26833],[-75.59896,6.26784]],[[-75.59861,6.28117],[-75.59865,6.28116],[-75.5989,6.28088],[-75.59861,6.28117]],[[-75.59873,6.26385],[-75.59909,6.26338],[-75.59889,6.26318],[-75.59873,6.26385]],[[-75.59925,6.26287],[-75.59914,6.26198],[-75.59874,6.26293],[-75.59925,6.26287]],[[-75.59886,6.26838],[-75.59883,6.26843],[-75.59885,6.2685],[-75.59886,6.26838]],[[-75.59884,6.26544],[-75.59946,6.26532],[-75.59894,6.26492],[-75.59884,6.26544]],[[-75.59891,6.26882],[-75.59887,6.2688],[-75.59886,6.26883],[-75.59891,6.26882]],[[-75.59889,6.27915],[-75.59891,6.27913],[-75.59889,6.2791],[-75.59889,6.27915]],[[-75.59905,6.27886],[-75.59889,6.27886],[-75.59903,6.27903],[-75.59905,6.27886]],[[-75.599,6.26899],[-75.59905,6.26895],[-75.599,6.26888],[-75.599,6.26899]],[[-75.59927,6.26993],[-75.59914,6.26933],[-75.599,6.26916],[-75.59927,6.26993]],[[-75.59903,6.27982],[-75.59906,6.27978],[-75.59903,6.27961],[-75.59903,6.27982]],[[-75.59915,6.28007],[-75.59917,6.2801],[-75.59916,6.28002],[-75.59915,6.28007]],[[-75.5993,6.27946],[-75.59935,6.27938],[-75.5993,6.27907],[-75.5993,6.27946]],[[-75.59958,6.28103],[-75.59985,6.28131],[-75.5993,6.28033],[-75.59958,6.28103]],[[-75.59944,6.27023],[-75.59969,6.27046],[-75.59941,6.27017],[-75.59944,6.27023]],[[-75.59944,6.27029],[-75.59951,6.27034],[-75.59942,6.27025],[-75.59944,6.27029]],[[-75.59943,6.27967],[-75.59946,6.27967],[-75.59944,6.27962],[-75.59943,6.27967]],[[-75.59967,6.27981],[-75.59978,6.27981],[-75.59971,6.27978],[-75.59967,6.27981]],[[-75.60038,6.26347],[-75.60004,6.26352],[-75.60005,6.26398],[-75.60038,6.26347]],[[-75.6004,6.25906],[-75.60045,6.25914],[-75.60045,6.25901],[-75.6004,6.25906]],[[-75.60066,6.28212],[-75.6008,6.28224],[-75.60053,6.28197],[-75.60066,6.28212]],[[-75.60058,6.25947],[-75.6006,6.25948],[-75.6006,6.25945],[-75.60058,6.25947]],[[-75.60072,6.2597],[-75.60065,6.25998],[-75.60076,6.26008],[-75.60072,6.2597]],[[-75.60384,6.2582],[-75.60368,6.25952],[-75.6007,6.25931],[-75.60368,6.25956],[-75.60346,6.26142],[-75.60088,6.26404],[-75.60208,6.2658],[-75.6034,6.26193],[-75.60291,6.266],[-75.60562,6.26257],[-75.60384,6.2582]],[[-75.60076,6.26018],[-75.60086,6.26061],[-75.60097,6.26018],[-75.60076,6.26018]],[[-75.60114,6.26018],[-75.60087,6.2615],[-75.60156,6.26104],[-75.60114,6.26018]],[[-75.60092,6.26192],[-75.60102,6.26196],[-75.60102,6.26187],[-75.60092,6.26192]],[[-75.60122,6.26228],[-75.60135,6.26217],[-75.60107,6.26217],[-75.60122,6.26228]],[[-75.60109,6.28255],[-75.60121,6.28266],[-75.60107,6.28249],[-75.60109,6.28255]],[[-75.60115,6.26257],[-75.60111,6.26262],[-75.60114,6.26273],[-75.60115,6.26257]],[[-75.60122,6.26181],[-75.60182,6.262],[-75.60168,6.26155],[-75.60122,6.26181]],[[-75.60149,6.2832],[-75.60155,6.28305],[-75.60135,6.28288],[-75.60149,6.2832]],[[-75.60162,6.28351],[-75.60163,6.28346],[-75.60162,6.28343],[-75.60162,6.28351]],[[-75.60176,6.28391],[-75.60177,6.28387],[-75.60175,6.28383],[-75.60176,6.28391]],[[-75.6019,6.26096],[-75.60182,6.26088],[-75.60182,6.26103],[-75.6019,6.26096]],[[-75.60189,6.28434],[-75.6019,6.28428],[-75.60189,6.28423],[-75.60189,6.28434]],[[-75.60194,6.26069],[-75.6021,6.26071],[-75.60198,6.26063],[-75.60194,6.26069]],[[-75.60222,6.26185],[-75.6022,6.2615],[-75.60202,6.26146],[-75.60222,6.26185]],[[-75.60254,6.28508],[-75.6026,6.28509],[-75.60203,6.28454],[-75.60254,6.28508]],[[-75.60205,6.26216],[-75.60209,6.2622],[-75.60209,6.2621],[-75.60205,6.26216]],[[-75.60223,6.26122],[-75.60224,6.26119],[-75.60223,6.26108],[-75.60223,6.26122]],[[-75.60234,6.2661],[-75.60268,6.2661],[-75.60225,6.26594],[-75.60234,6.2661]],[[-75.60279,6.28522],[-75.60306,6.28522],[-75.60288,6.28521],[-75.60279,6.28522]],[[-75.60319,6.26019],[-75.60283,6.26039],[-75.60303,6.26074],[-75.60319,6.26019]],[[-75.60289,6.26095],[-75.60291,6.26095],[-75.6029,6.26093],[-75.60289,6.26095]],[[-75.60297,6.25878],[-75.60291,6.2587],[-75.60289,6.25883],[-75.60297,6.25878]],[[-75.60322,6.25862],[-75.60305,6.25856],[-75.60311,6.25875],[-75.60322,6.25862]],[[-75.60348,6.26078],[-75.60312,6.26094],[-75.60342,6.26103],[-75.60348,6.26078]],[[-75.6033,6.25843],[-75.60323,6.2585],[-75.6033,6.25857],[-75.6033,6.25843]],[[-75.60335,6.25658],[-75.60361,6.25713],[-75.60384,6.25638],[-75.60335,6.25658]],[[-75.60342,6.25824],[-75.60339,6.2584],[-75.60355,6.2582],[-75.60342,6.25824]],[[-75.60382,6.25763],[-75.60406,6.25744],[-75.60392,6.25731],[-75.60382,6.25763]],[[-75.60414,6.25776],[-75.60396,6.25785],[-75.60407,6.25794],[-75.60414,6.25776]],[[-75.60405,6.25575],[-75.60406,6.25599],[-75.6043,6.25598],[-75.60405,6.25575]],[[-75.60476,6.25569],[-75.60454,6.25555],[-75.60464,6.25594],[-75.60476,6.25569]],[[-75.60563,6.25464],[-75.60485,6.25548],[-75.60511,6.25576],[-75.60563,6.25464]],[[-75.60538,6.25978],[-75.60542,6.25956],[-75.60491,6.25992],[-75.60538,6.25978]],[[-75.60501,6.26013],[-75.60507,6.2602],[-75.60508,6.26006],[-75.60501,6.26013]],[[-75.60531,6.2609],[-75.60556,6.26081],[-75.60518,6.26074],[-75.60531,6.2609]],[[-75.60522,6.26061],[-75.60529,6.26053],[-75.6052,6.26046],[-75.60522,6.26061]],[[-75.6053,6.2604],[-75.60577,6.26076],[-75.60617,6.26038],[-75.6053,6.2604]],[[-75.60531,6.25579],[-75.60533,6.25581],[-75.60533,6.25578],[-75.60531,6.25579]],[[-75.60533,6.26124],[-75.60644,6.2611],[-75.60608,6.26076],[-75.60533,6.26124]],[[-75.60563,6.25927],[-75.60576,6.25932],[-75.60561,6.25916],[-75.60563,6.25927]],[[-75.60564,6.26222],[-75.60589,6.26249],[-75.6059,6.26198],[-75.60564,6.26222]],[[-75.6058,6.26185],[-75.60596,6.26176],[-75.60582,6.26165],[-75.6058,6.26185]],[[-75.60587,6.25897],[-75.60582,6.25903],[-75.60592,6.259],[-75.60587,6.25897]],[[-75.60588,6.26145],[-75.60585,6.26148],[-75.60588,6.26151],[-75.60588,6.26145]],[[-75.60587,6.26021],[-75.60609,6.26016],[-75.60599,6.26003],[-75.60587,6.26021]],[[-75.60605,6.25931],[-75.60601,6.25929],[-75.60601,6.25933],[-75.60605,6.25931]],[[-75.60653,6.26001],[-75.60671,6.25957],[-75.60608,6.25979],[-75.60653,6.26001]],[[-75.60664,6.25471],[-75.60654,6.25437],[-75.60619,6.25502],[-75.60664,6.25471]],[[-75.6065,6.26161],[-75.60634,6.26151],[-75.60623,6.26165],[-75.6065,6.26161]],[[-75.60631,6.26222],[-75.60649,6.262],[-75.60632,6.26185],[-75.60631,6.26222]],[[-75.60634,6.25918],[-75.60642,6.25925],[-75.60643,6.2591],[-75.60634,6.25918]],[[-75.60638,6.25429],[-75.60703,6.25452],[-75.60642,6.25416],[-75.60638,6.25429]],[[-75.60644,6.26137],[-75.60644,6.26131],[-75.60639,6.26135],[-75.60644,6.26137]],[[-75.60666,6.25423],[-75.60701,6.25406],[-75.60687,6.25389],[-75.60666,6.25423]],[[-75.60668,6.2612],[-75.6067,6.26121],[-75.6067,6.26117],[-75.60668,6.2612]],[[-75.60678,6.2604],[-75.60697,6.26056],[-75.60695,6.26033],[-75.60678,6.2604]],[[-75.60697,6.25918],[-75.60683,6.259],[-75.6068,6.25932],[-75.60697,6.25918]],[[-75.60697,6.25963],[-75.60691,6.26004],[-75.60706,6.2598],[-75.60697,6.25963]],[[-75.60716,6.26093],[-75.60692,6.26092],[-75.60692,6.26116],[-75.60716,6.26093]],[[-75.60711,6.25913],[-75.60738,6.25904],[-75.60714,6.25901],[-75.60711,6.25913]],[[-75.60723,6.25993],[-75.60715,6.26025],[-75.60736,6.26024],[-75.60723,6.25993]],[[-75.60723,6.25944],[-75.60737,6.2598],[-75.60735,6.25934],[-75.60723,6.25944]],[[-75.60725,6.26081],[-75.60724,6.26079],[-75.60724,6.26084],[-75.60725,6.26081]],[[-75.60752,6.26049],[-75.6077,6.26041],[-75.6075,6.26032],[-75.60752,6.26049]],[[-75.60763,6.26],[-75.60807,6.25999],[-75.60806,6.25965],[-75.60763,6.26]],[[-75.6077,6.25944],[-75.60785,6.25956],[-75.60786,6.25933],[-75.6077,6.25944]],[[-75.60795,6.25915],[-75.60812,6.25904],[-75.60784,6.259],[-75.60795,6.25915]],[[-75.60824,6.25822],[-75.60914,6.25822],[-75.60871,6.2582],[-75.60824,6.25822]],[[-75.60881,6.26013],[-75.60847,6.25978],[-75.60831,6.26006],[-75.60881,6.26013]],[[-75.60846,6.25938],[-75.60873,6.25918],[-75.60861,6.25911],[-75.60846,6.25938]],[[-75.60856,6.25869],[-75.60852,6.25879],[-75.60862,6.25883],[-75.60856,6.25869]],[[-75.60911,6.25938],[-75.60859,6.2596],[-75.61012,6.2602],[-75.60911,6.25938]],[[-75.60956,6.25834],[-75.60892,6.25839],[-75.60902,6.25883],[-75.60956,6.25834]],[[-75.60896,6.2593],[-75.60945,6.25945],[-75.609,6.25903],[-75.60896,6.2593]],[[-75.60909,6.25415],[-75.60911,6.25415],[-75.60911,6.25414],[-75.60909,6.25415]],[[-75.61041,6.25375],[-75.61065,6.25206],[-75.60967,6.25341],[-75.61041,6.25375]],[[-75.60981,6.26093],[-75.60983,6.26093],[-75.60982,6.26091],[-75.60981,6.26093]],[[-75.60991,6.25808],[-75.61028,6.25808],[-75.6102,6.25806],[-75.60991,6.25808]],[[-75.61113,6.2612],[-75.61117,6.26122],[-75.61117,6.26117],[-75.61113,6.2612]],[[-75.61252,6.2498],[-75.61222,6.25021],[-75.61331,6.24923],[-75.61252,6.2498]],[[-75.61302,6.26404],[-75.61307,6.26409],[-75.61307,6.26402],[-75.61302,6.26404]],[[-75.61308,6.26471],[-75.61335,6.26597],[-75.61331,6.26517],[-75.61308,6.26471]],[[-75.61324,6.25945],[-75.6132,6.25972],[-75.61341,6.25937],[-75.61324,6.25945]],[[-75.61333,6.25971],[-75.61376,6.25979],[-75.61377,6.25946],[-75.61333,6.25971]],[[-75.61346,6.25923],[-75.61387,6.25903],[-75.61374,6.25871],[-75.61346,6.25923]],[[-75.61363,6.26512],[-75.61349,6.26481],[-75.6135,6.26516],[-75.61363,6.26512]],[[-75.6135,6.26623],[-75.61352,6.26621],[-75.6135,6.26619],[-75.6135,6.26623]],[[-75.61365,6.24681],[-75.61357,6.24674],[-75.61356,6.24689],[-75.61365,6.24681]],[[-75.61368,6.26485],[-75.61375,6.26493],[-75.61375,6.2648],[-75.61368,6.26485]],[[-75.6137,6.24899],[-75.61477,6.24819],[-75.61627,6.24647],[-75.6137,6.24899]],[[-75.61378,6.24668],[-75.61371,6.2466],[-75.6137,6.24676],[-75.61378,6.24668]],[[-75.61375,6.26525],[-75.61376,6.26527],[-75.61376,6.26523],[-75.61375,6.26525]],[[-75.61428,6.24741],[-75.61384,6.24762],[-75.61375,6.248],[-75.61428,6.24741]],[[-75.61378,6.25549],[-75.61403,6.25556],[-75.61398,6.2554],[-75.61378,6.25549]],[[-75.61381,6.26591],[-75.61469,6.26706],[-75.61427,6.26384],[-75.61399,6.26357],[-75.61381,6.26591]],[[-75.61392,6.24655],[-75.61385,6.24647],[-75.61384,6.24662],[-75.61392,6.24655]],[[-75.61386,6.25835],[-75.61387,6.25851],[-75.61414,6.25804],[-75.61386,6.25835]],[[-75.6139,6.24829],[-75.61396,6.24838],[-75.614,6.24823],[-75.6139,6.24829]],[[-75.61401,6.25675],[-75.61405,6.25672],[-75.61401,6.2567],[-75.61401,6.25675]],[[-75.61403,6.26729],[-75.61404,6.2673],[-75.61404,6.26729],[-75.61403,6.26729]],[[-75.61403,6.24694],[-75.61411,6.24703],[-75.61412,6.24687],[-75.61403,6.24694]],[[-75.61463,6.24643],[-75.61424,6.24606],[-75.61404,6.24652],[-75.61463,6.24643]],[[-75.61459,6.25912],[-75.61406,6.25971],[-75.6163,6.25968],[-75.61535,6.25826],[-75.6146,6.25911],[-75.61459,6.25912]],[[-75.61435,6.25534],[-75.61417,6.25525],[-75.61407,6.2554],[-75.61435,6.25534]],[[-75.61409,6.2551],[-75.61435,6.25496],[-75.61428,6.25493],[-75.61409,6.2551]],[[-75.6141,6.25915],[-75.6142,6.25915],[-75.61415,6.25914],[-75.6141,6.25915]],[[-75.61526,6.24725],[-75.61497,6.24673],[-75.61415,6.24823],[-75.61526,6.24725]],[[-75.61457,6.25652],[-75.61419,6.25668],[-75.61462,6.2569],[-75.61457,6.25652]],[[-75.61438,6.25753],[-75.61427,6.25783],[-75.61455,6.25737],[-75.61438,6.25753]],[[-75.6143,6.24735],[-75.61438,6.24743],[-75.61438,6.24727],[-75.6143,6.24735]],[[-75.61434,6.25846],[-75.61477,6.25791],[-75.61433,6.25804],[-75.61434,6.25846]],[[-75.61446,6.25482],[-75.61453,6.25538],[-75.61509,6.2548],[-75.6189,6.25466],[-75.61712,6.25419],[-75.62186,6.25247],[-75.61929,6.2517],[-75.61682,6.25411],[-75.61446,6.25482]],[[-75.61457,6.24727],[-75.61457,6.24716],[-75.61446,6.24727],[-75.61457,6.24727]],[[-75.61457,6.24571],[-75.61477,6.24595],[-75.61497,6.24584],[-75.61457,6.24571]],[[-75.61465,6.246],[-75.61466,6.246],[-75.61466,6.24599],[-75.61465,6.246]],[[-75.61475,6.25842],[-75.61477,6.25853],[-75.61487,6.25841],[-75.61475,6.25842]],[[-75.61478,6.24627],[-75.61485,6.24621],[-75.61492,6.24612],[-75.61478,6.24627]],[[-75.61495,6.25825],[-75.61487,6.25833],[-75.61495,6.25841],[-75.61495,6.25825]],[[-75.61518,6.25818],[-75.6151,6.25799],[-75.61503,6.25825],[-75.61518,6.25818]],[[-75.61508,6.25847],[-75.61509,6.25847],[-75.61509,6.25845],[-75.61508,6.25847]],[[-75.61514,6.25535],[-75.61522,6.25543],[-75.61522,6.25527],[-75.61514,6.25535]],[[-75.6157,6.25504],[-75.61548,6.25498],[-75.61529,6.25526],[-75.6157,6.25504]],[[-75.61562,6.25644],[-75.61591,6.25616],[-75.61531,6.25569],[-75.61562,6.25644]],[[-75.61534,6.25806],[-75.61537,6.25806],[-75.61536,6.25803],[-75.61534,6.25806]],[[-75.6155,6.26729],[-75.61552,6.2673],[-75.61552,6.26728],[-75.6155,6.26729]],[[-75.61553,6.24686],[-75.61581,6.24684],[-75.61593,6.24648],[-75.61553,6.24686]],[[-75.61556,6.25576],[-75.61956,6.25563],[-75.61946,6.25535],[-75.61556,6.25576]],[[-75.61816,6.25196],[-75.6157,6.25339],[-75.61742,6.25341],[-75.61816,6.25196]],[[-75.61589,6.25294],[-75.61595,6.25292],[-75.6159,6.2529],[-75.61589,6.25294]],[[-75.616,6.24632],[-75.61593,6.2464],[-75.616,6.24648],[-75.616,6.24632]],[[-75.61595,6.25631],[-75.61922,6.25628],[-75.6194,6.25581],[-75.61595,6.25631]],[[-75.61613,6.25297],[-75.61602,6.25293],[-75.61606,6.25296],[-75.61613,6.25297]],[[-75.61613,6.25603],[-75.61621,6.25603],[-75.61617,6.25602],[-75.61613,6.25603]],[[-75.61621,6.24626],[-75.61614,6.24619],[-75.61613,6.24634],[-75.61621,6.24626]],[[-75.61622,6.25372],[-75.61621,6.25373],[-75.61712,6.25372],[-75.61622,6.25372]],[[-75.61635,6.24613],[-75.61628,6.24605],[-75.61627,6.2462],[-75.61635,6.24613]],[[-75.61629,6.24629],[-75.61641,6.24633],[-75.61668,6.24598],[-75.61629,6.24629]],[[-75.61645,6.25963],[-75.61646,6.25956],[-75.61645,6.25952],[-75.61645,6.25963]],[[-75.61646,6.25503],[-75.61909,6.25497],[-75.61858,6.25469],[-75.61646,6.25503]],[[-75.61759,6.25669],[-75.61655,6.2567],[-75.61691,6.25691],[-75.61759,6.25669]],[[-75.61658,6.259],[-75.61659,6.25902],[-75.61659,6.25897],[-75.61658,6.259]],[[-75.61686,6.24559],[-75.61697,6.24559],[-75.61693,6.24557],[-75.61686,6.24559]],[[-75.617,6.2597],[-75.61703,6.25969],[-75.617,6.25968],[-75.617,6.2597]],[[-75.61709,6.25366],[-75.61714,6.25366],[-75.61722,6.25363],[-75.61709,6.25366]],[[-75.61722,6.25983],[-75.61727,6.25999],[-75.6174,6.25968],[-75.61722,6.25983]],[[-75.61734,6.25996],[-75.6174,6.26002],[-75.61741,6.25989],[-75.61734,6.25996]],[[-75.61814,6.25666],[-75.61772,6.25667],[-75.61794,6.25678],[-75.61814,6.25666]],[[-75.61774,6.26023],[-75.61781,6.26029],[-75.61781,6.26016],[-75.61774,6.26023]],[[-75.618,6.25976],[-75.61777,6.25976],[-75.6181,6.26003],[-75.618,6.25976]],[[-75.61781,6.26051],[-75.61782,6.2605],[-75.61781,6.26049],[-75.61781,6.26051]],[[-75.61793,6.25589],[-75.61851,6.25588],[-75.61829,6.25586],[-75.61793,6.25589]],[[-75.6181,6.26024],[-75.61809,6.2602],[-75.61794,6.26009],[-75.6181,6.26024]],[[-75.61799,6.26053],[-75.61859,6.26166],[-75.61841,6.26058],[-75.61799,6.26053]],[[-75.61812,6.25182],[-75.61846,6.25212],[-75.61818,6.25181],[-75.61812,6.25182]],[[-75.61881,6.25687],[-75.61932,6.25656],[-75.61829,6.25657],[-75.61881,6.25687]],[[-75.61867,6.26181],[-75.6183,6.26181],[-75.61847,6.26195],[-75.61867,6.26181]],[[-75.61832,6.25751],[-75.61831,6.25786],[-75.61856,6.25776],[-75.61832,6.25751]],[[-75.61832,6.25985],[-75.61864,6.26022],[-75.61835,6.2594],[-75.61832,6.25985]],[[-75.61869,6.26035],[-75.61832,6.26003],[-75.61861,6.26057],[-75.61869,6.26035]],[[-75.61855,6.25941],[-75.61869,6.25941],[-75.61862,6.25937],[-75.61855,6.25941]],[[-75.61891,6.26039],[-75.61898,6.25956],[-75.6186,6.25949],[-75.61891,6.26039]],[[-75.61909,6.25926],[-75.61879,6.25917],[-75.61873,6.25934],[-75.61909,6.25926]],[[-75.61875,6.26172],[-75.61876,6.26188],[-75.61887,6.26167],[-75.61875,6.26172]],[[-75.6189,6.26096],[-75.61905,6.26064],[-75.61878,6.26047],[-75.6189,6.26096]],[[-75.61882,6.25941],[-75.62025,6.25941],[-75.6197,6.25908],[-75.61882,6.25941]],[[-75.61884,6.25767],[-75.61916,6.25774],[-75.61888,6.25727],[-75.61884,6.25767]],[[-75.61887,6.25575],[-75.61921,6.25575],[-75.61909,6.25573],[-75.61887,6.25575]],[[-75.61967,6.25115],[-75.61893,6.25155],[-75.61947,6.25156],[-75.61967,6.25115]],[[-75.61894,6.251],[-75.619,6.25109],[-75.61902,6.25093],[-75.61894,6.251]],[[-75.61897,6.25076],[-75.61996,6.25103],[-75.619,6.24937],[-75.61897,6.25076]],[[-75.61919,6.26044],[-75.619,6.26042],[-75.61904,6.26057],[-75.61919,6.26044]],[[-75.61916,6.26009],[-75.61903,6.26024],[-75.61927,6.26007],[-75.61916,6.26009]],[[-75.6191,6.25803],[-75.61929,6.25837],[-75.6194,6.25798],[-75.6191,6.25803]],[[-75.61912,6.26],[-75.61936,6.25984],[-75.61923,6.25973],[-75.61912,6.26]],[[-75.61917,6.26126],[-75.61989,6.26063],[-75.6193,6.2602],[-75.61917,6.26126]],[[-75.61919,6.25492],[-75.61935,6.25481],[-75.61922,6.25468],[-75.61919,6.25492]],[[-75.61919,6.25703],[-75.61947,6.2575],[-75.61954,6.25704],[-75.61919,6.25703]],[[-75.61932,6.25095],[-75.6192,6.25097],[-75.61934,6.25106],[-75.61932,6.25095]],[[-75.61959,6.2595],[-75.61923,6.25952],[-75.61942,6.25965],[-75.61959,6.2595]],[[-75.61929,6.25901],[-75.61947,6.25901],[-75.6194,6.25898],[-75.61929,6.25901]],[[-75.61931,6.26136],[-75.61933,6.26132],[-75.61931,6.2613],[-75.61931,6.26136]],[[-75.61937,6.24883],[-75.61941,6.24883],[-75.61939,6.24878],[-75.61937,6.24883]],[[-75.61958,6.26166],[-75.61991,6.26159],[-75.6194,6.26139],[-75.61958,6.26166]],[[-75.61942,6.2547],[-75.62201,6.25493],[-75.61978,6.2537],[-75.61942,6.2547]],[[-75.61944,6.25796],[-75.61948,6.25791],[-75.61944,6.25784],[-75.61944,6.25796]],[[-75.61947,6.25987],[-75.61956,6.26009],[-75.61965,6.25972],[-75.61947,6.25987]],[[-75.6197,6.25797],[-75.61991,6.25775],[-75.6195,6.25775],[-75.6197,6.25797]],[[-75.61953,6.25841],[-75.61956,6.25846],[-75.61956,6.25831],[-75.61953,6.25841]],[[-75.61956,6.26022],[-75.61993,6.26011],[-75.6197,6.25995],[-75.61956,6.26022]],[[-75.61979,6.25682],[-75.61972,6.25663],[-75.61962,6.25686],[-75.61979,6.25682]],[[-75.61965,6.2449],[-75.61981,6.2449],[-75.6197,6.24489],[-75.61965,6.2449]],[[-75.61968,6.25724],[-75.61983,6.25746],[-75.61984,6.25703],[-75.61968,6.25724]],[[-75.6198,6.26037],[-75.62024,6.26066],[-75.62007,6.2602],[-75.6198,6.26037]],[[-75.61984,6.26185],[-75.61989,6.26184],[-75.61986,6.26181],[-75.61984,6.26185]],[[-75.61989,6.25791],[-75.61996,6.25798],[-75.61997,6.25785],[-75.61989,6.25791]],[[-75.61992,6.26076],[-75.62015,6.26076],[-75.62,6.26072],[-75.61992,6.26076]],[[-75.61993,6.24776],[-75.62001,6.24775],[-75.61996,6.24767],[-75.61993,6.24776]],[[-75.62012,6.26185],[-75.62028,6.26171],[-75.61993,6.26167],[-75.62012,6.26185]],[[-75.61993,6.24749],[-75.62065,6.24665],[-75.62021,6.24679],[-75.61993,6.24749]],[[-75.61996,6.25768],[-75.6201,6.25781],[-75.61998,6.25761],[-75.61996,6.25768]],[[-75.62003,6.24503],[-75.62011,6.24503],[-75.62007,6.245],[-75.62003,6.24503]],[[-75.62004,6.24767],[-75.62042,6.24745],[-75.62036,6.24714],[-75.62004,6.24767]],[[-75.62018,6.25115],[-75.62009,6.25105],[-75.62007,6.25127],[-75.62018,6.25115]],[[-75.62012,6.25718],[-75.62024,6.25744],[-75.62024,6.25703],[-75.62012,6.25718]],[[-75.62013,6.25679],[-75.62044,6.25657],[-75.62021,6.25644],[-75.62013,6.25679]],[[-75.62027,6.25797],[-75.62045,6.25776],[-75.62015,6.25784],[-75.62027,6.25797]],[[-75.62015,6.26219],[-75.62055,6.26239],[-75.62025,6.26195],[-75.62015,6.26219]],[[-75.6205,6.251],[-75.62027,6.25087],[-75.62016,6.25105],[-75.6205,6.251]],[[-75.62017,6.24776],[-75.62034,6.24761],[-75.62024,6.2476],[-75.62017,6.24776]],[[-75.62018,6.25806],[-75.62024,6.25808],[-75.62023,6.25804],[-75.62018,6.25806]],[[-75.62067,6.2514],[-75.62039,6.25129],[-75.62018,6.25154],[-75.62067,6.2514]],[[-75.62043,6.25059],[-75.62028,6.25048],[-75.62028,6.25072],[-75.62043,6.25059]],[[-75.62049,6.25184],[-75.62029,6.25192],[-75.62054,6.25203],[-75.62049,6.25184]],[[-75.62032,6.24517],[-75.62037,6.24517],[-75.62034,6.24515],[-75.62032,6.24517]],[[-75.62042,6.24611],[-75.62053,6.24611],[-75.62048,6.24605],[-75.62042,6.24611]],[[-75.62052,6.25832],[-75.62068,6.25757],[-75.62054,6.2575],[-75.62052,6.25832]],[[-75.62066,6.25743],[-75.62099,6.25666],[-75.62054,6.25689],[-75.62066,6.25743]],[[-75.6208,6.24651],[-75.62065,6.24642],[-75.62055,6.24655],[-75.6208,6.24651]],[[-75.62059,6.24722],[-75.62102,6.24691],[-75.62082,6.24675],[-75.62059,6.24722]],[[-75.62059,6.2582],[-75.62104,6.2584],[-75.62086,6.2578],[-75.62059,6.2582]],[[-75.6206,6.24531],[-75.62064,6.2453],[-75.62061,6.24528],[-75.6206,6.24531]],[[-75.62061,6.24735],[-75.62066,6.24734],[-75.62063,6.24733],[-75.62061,6.24735]],[[-75.62085,6.25179],[-75.62065,6.2517],[-75.62076,6.25202],[-75.62085,6.25179]],[[-75.62074,6.25072],[-75.62076,6.25074],[-75.62076,6.2507],[-75.62074,6.25072]],[[-75.62122,6.24596],[-75.62074,6.24576],[-75.62104,6.24618],[-75.62122,6.24596]],[[-75.621,6.25085],[-75.62125,6.25073],[-75.62084,6.25072],[-75.621,6.25085]],[[-75.62084,6.24626],[-75.62088,6.24629],[-75.62088,6.24624],[-75.62084,6.24626]],[[-75.62088,6.25168],[-75.62119,6.25176],[-75.62113,6.25157],[-75.62088,6.25168]],[[-75.62107,6.25862],[-75.62107,6.25858],[-75.62092,6.25845],[-75.62107,6.25862]],[[-75.62109,6.25101],[-75.62092,6.25121],[-75.62148,6.25111],[-75.62109,6.25101]],[[-75.62103,6.25211],[-75.62107,6.25209],[-75.62097,6.25209],[-75.62103,6.25211]],[[-75.62119,6.25772],[-75.62147,6.25738],[-75.62116,6.25712],[-75.62119,6.25772]],[[-75.62119,6.25816],[-75.6212,6.25832],[-75.62133,6.25801],[-75.62119,6.25816]],[[-75.62178,6.25154],[-75.62137,6.25143],[-75.62123,6.25156],[-75.62178,6.25154]],[[-75.62125,6.25699],[-75.62145,6.25706],[-75.62149,6.25689],[-75.62125,6.25699]],[[-75.62143,6.24411],[-75.62145,6.24409],[-75.62143,6.24408],[-75.62143,6.24411]],[[-75.62144,6.25061],[-75.62149,6.2505],[-75.62145,6.25041],[-75.62144,6.25061]],[[-75.62163,6.25675],[-75.62165,6.25652],[-75.62148,6.25657],[-75.62163,6.25675]],[[-75.6215,6.25207],[-75.62166,6.25195],[-75.62152,6.25183],[-75.6215,6.25207]],[[-75.62204,6.25761],[-75.62177,6.25742],[-75.62155,6.25772],[-75.62204,6.25761]],[[-75.62176,6.25187],[-75.62177,6.25176],[-75.62165,6.25176],[-75.62176,6.25187]],[[-75.62171,6.25735],[-75.62174,6.25737],[-75.62173,6.25731],[-75.62171,6.25735]],[[-75.62202,6.25813],[-75.62181,6.25828],[-75.62191,6.25841],[-75.62202,6.25813]],[[-75.62184,6.25108],[-75.6223,6.25106],[-75.622,6.25078],[-75.62184,6.25108]],[[-75.62193,6.25222],[-75.62186,6.25213],[-75.62184,6.2523],[-75.62193,6.25222]],[[-75.6219,6.25072],[-75.62199,6.25073],[-75.62197,6.25068],[-75.6219,6.25072]],[[-75.62202,6.25689],[-75.6221,6.25671],[-75.62191,6.25678],[-75.62202,6.25689]],[[-75.62197,6.25148],[-75.62206,6.25141],[-75.62199,6.25131],[-75.62197,6.25148]],[[-75.62201,6.25793],[-75.62204,6.25787],[-75.62201,6.25777],[-75.62201,6.25793]],[[-75.62233,6.25125],[-75.62215,6.25115],[-75.62205,6.25131],[-75.62233,6.25125]],[[-75.62212,6.25716],[-75.6222,6.25711],[-75.62207,6.25707],[-75.62212,6.25716]],[[-75.62209,6.25182],[-75.62253,6.2517],[-75.62248,6.25148],[-75.62209,6.25182]],[[-75.62214,6.25211],[-75.62224,6.25257],[-75.62246,6.25189],[-75.62214,6.25211]],[[-75.62227,6.25759],[-75.62221,6.25764],[-75.62226,6.25771],[-75.62227,6.25759]],[[-75.62233,6.25687],[-75.62231,6.25677],[-75.62223,6.25689],[-75.62233,6.25687]],[[-75.62227,6.25521],[-75.6223,6.25519],[-75.62227,6.25516],[-75.62227,6.25521]],[[-75.62241,6.25765],[-75.62283,6.25752],[-75.62227,6.25746],[-75.62241,6.25765]],[[-75.62288,6.2617],[-75.62283,6.26164],[-75.62282,6.26176],[-75.62288,6.2617]],[[-75.62324,6.26279],[-75.62335,6.26267],[-75.62337,6.26259],[-75.62324,6.26279]],[[-75.62416,6.25573],[-75.62447,6.25587],[-75.62427,6.25573],[-75.62416,6.25573]],[[-75.62419,6.264],[-75.62421,6.26389],[-75.62419,6.26385],[-75.62419,6.264]],[[-75.62453,6.25424],[-75.62456,6.25427],[-75.62456,6.25421],[-75.62453,6.25424]],[[-75.62482,6.25614],[-75.62499,6.25628],[-75.62471,6.256],[-75.62482,6.25614]],[[-75.62507,6.25356],[-75.62527,6.25356],[-75.62512,6.25355],[-75.62507,6.25356]],[[-75.62519,6.25642],[-75.62526,6.25643],[-75.62538,6.25623],[-75.62519,6.25642]],[[-75.62544,6.25357],[-75.62579,6.25352],[-75.62592,6.25325],[-75.62544,6.25357]],[[-75.6255,6.25668],[-75.62558,6.25668],[-75.62553,6.25661],[-75.6255,6.25668]],[[-75.62613,6.25315],[-75.62618,6.2532],[-75.62618,6.25309],[-75.62613,6.25315]],[[-75.62646,6.25307],[-75.62628,6.25312],[-75.6265,6.25321],[-75.62646,6.25307]],[[-75.62644,6.25285],[-75.62646,6.25293],[-75.62646,6.2527],[-75.62644,6.25285]],[[-75.62869,6.25082],[-75.62861,6.25061],[-75.62844,6.25104],[-75.62869,6.25082]]],[[[-75.60644,6.24442],[-75.60353,6.24364],[-75.60751,6.24335],[-75.60711,6.24334],[-75.60825,6.23889],[-75.6068,6.23881],[-75.60848,6.23856],[-75.61109,6.24394],[-75.60666,6.24461],[-75.60481,6.24976],[-75.60644,6.24442]],[[-75.60755,6.24295],[-75.60759,6.24308],[-75.6076,6.2427],[-75.60755,6.24295]],[[-75.60992,6.24237],[-75.60786,6.24146],[-75.60784,6.24336],[-75.60992,6.24237]],[[-75.60795,6.24107],[-75.60799,6.24129],[-75.608,6.24083],[-75.60795,6.24107]],[[-75.60809,6.24049],[-75.60813,6.24065],[-75.60813,6.24028],[-75.60809,6.24049]],[[-75.60822,6.23996],[-75.60826,6.2401],[-75.60827,6.23974],[-75.60822,6.23996]],[[-75.60824,6.24412],[-75.60844,6.24412],[-75.60832,6.24409],[-75.60824,6.24412]],[[-75.6084,6.23955],[-75.60845,6.2393],[-75.6084,6.23915],[-75.6084,6.23955]],[[-75.60864,6.244],[-75.60884,6.24398],[-75.60873,6.24396],[-75.60864,6.244]],[[-75.60905,6.24385],[-75.60929,6.24384],[-75.60918,6.24382],[-75.60905,6.24385]],[[-75.60973,6.24221],[-75.61005,6.24222],[-75.60986,6.24218],[-75.60973,6.24221]],[[-75.60977,6.24385],[-75.60992,6.24371],[-75.60982,6.24367],[-75.60977,6.24385]],[[-75.61026,6.24384],[-75.61079,6.24384],[-75.61044,6.24378],[-75.61026,6.24384]]],[[[-75.59074,6.27021],[-75.58927,6.26753],[-75.59237,6.2703],[-75.5911,6.27183],[-75.59083,6.27071],[-75.59083,6.27216],[-75.58865,6.2704],[-75.59074,6.27021]],[[-75.59165,6.27103],[-75.59218,6.27039],[-75.59092,6.27022],[-75.59165,6.27103]]],[[[-75.59177,6.1981],[-75.591,6.19958],[-75.59162,6.1982],[-75.59036,6.19776],[-75.58978,6.20192],[-75.58913,6.20158],[-75.59012,6.19765],[-75.59013,6.19761],[-75.59177,6.1981]],[[-75.59012,6.19769],[-75.59014,6.19767],[-75.59012,6.19765],[-75.59012,6.19769]],[[-75.58947,6.2012],[-75.58945,6.20118],[-75.58943,6.2012],[-75.58947,6.2012]],[[-75.59007,6.19903],[-75.58994,6.19891],[-75.58991,6.19914],[-75.59007,6.19903]]],[[[-75.59623,6.26365],[-75.59583,6.26532],[-75.59049,6.26086],[-75.59623,6.26365]]],[[[-75.59168,6.24063],[-75.59238,6.24003],[-75.59055,6.23952],[-75.5913,6.23948],[-75.59131,6.23948],[-75.59445,6.2405],[-75.59168,6.24063]],[[-75.59254,6.23993],[-75.59247,6.23995],[-75.59253,6.23998],[-75.59254,6.23993]]],[[[-75.59653,6.2289],[-75.59602,6.2311],[-75.59188,6.22963],[-75.59171,6.2313],[-75.59323,6.23124],[-75.59069,6.23136],[-75.59084,6.23075],[-75.59531,6.21228],[-75.59883,6.21902],[-75.59655,6.22881],[-75.59978,6.22568],[-75.59815,6.22277],[-75.59899,6.21965],[-75.59978,6.2223],[-75.59987,6.221],[-75.60085,6.22058],[-75.59996,6.21968],[-75.60035,6.21574],[-75.59881,6.21769],[-75.59703,6.21332],[-75.59818,6.21282],[-75.5967,6.21038],[-75.59685,6.21288],[-75.59589,6.21053],[-75.59229,6.20767],[-75.59377,6.2026],[-75.59322,6.20783],[-75.59825,6.21053],[-75.59944,6.20511],[-75.59447,6.20209],[-75.59139,6.20305],[-75.59242,6.20144],[-75.59434,6.20117],[-75.6002,6.20289],[-75.59921,6.20442],[-75.60127,6.20459],[-75.60161,6.21038],[-75.6061,6.20944],[-75.60006,6.21882],[-75.60169,6.22043],[-75.60012,6.22343],[-75.60112,6.22681],[-75.59653,6.2289]],[[-75.59116,6.23077],[-75.59111,6.23069],[-75.59084,6.23075],[-75.59116,6.23077]],[[-75.59868,6.2041],[-75.60032,6.20584],[-75.60004,6.20494],[-75.59921,6.20442],[-75.59868,6.2041]],[[-75.59076,6.23129],[-75.59105,6.23129],[-75.59099,6.23111],[-75.59076,6.23129]],[[-75.59097,6.23033],[-75.59117,6.23036],[-75.59114,6.23018],[-75.59097,6.23033]],[[-75.59168,6.22805],[-75.5917,6.22749],[-75.59166,6.22762],[-75.59168,6.22805]],[[-75.59169,6.22858],[-75.59256,6.22834],[-75.59245,6.22808],[-75.59169,6.22858]],[[-75.59203,6.22782],[-75.5921,6.22794],[-75.59211,6.22772],[-75.59203,6.22782]],[[-75.59252,6.22895],[-75.59204,6.22939],[-75.5924,6.22963],[-75.59252,6.22895]],[[-75.59211,6.22738],[-75.59211,6.22679],[-75.59205,6.22707],[-75.59211,6.22738]],[[-75.59227,6.2264],[-75.59209,6.2264],[-75.5922,6.22643],[-75.59227,6.2264]],[[-75.59231,6.22884],[-75.59242,6.22884],[-75.59237,6.22883],[-75.59231,6.22884]],[[-75.59242,6.22785],[-75.59257,6.22778],[-75.59235,6.22771],[-75.59242,6.22785]],[[-75.59252,6.22517],[-75.59237,6.22518],[-75.59248,6.22522],[-75.59252,6.22517]],[[-75.59248,6.22743],[-75.59271,6.2272],[-75.59238,6.22677],[-75.59248,6.22743]],[[-75.5925,6.22603],[-75.59257,6.226],[-75.59246,6.22598],[-75.5925,6.22603]],[[-75.59251,6.22577],[-75.59257,6.22572],[-75.59252,6.22567],[-75.59251,6.22577]],[[-75.59272,6.22803],[-75.59266,6.22798],[-75.5926,6.22804],[-75.59272,6.22803]],[[-75.59262,6.20213],[-75.59329,6.20199],[-75.59301,6.20195],[-75.59262,6.20213]],[[-75.59267,6.22478],[-75.59264,6.22475],[-75.59264,6.22481],[-75.59267,6.22478]],[[-75.59276,6.22885],[-75.59366,6.22884],[-75.59267,6.22867],[-75.59276,6.22885]],[[-75.59324,6.22617],[-75.59334,6.22564],[-75.59272,6.2256],[-75.59324,6.22617]],[[-75.59283,6.22491],[-75.59277,6.22486],[-75.59277,6.22498],[-75.59283,6.22491]],[[-75.59294,6.22715],[-75.59315,6.22654],[-75.5928,6.22672],[-75.59294,6.22715]],[[-75.59287,6.22856],[-75.59455,6.22856],[-75.59384,6.22823],[-75.59287,6.22856]],[[-75.59291,6.22385],[-75.59306,6.22323],[-75.59291,6.22317],[-75.59291,6.22385]],[[-75.59291,6.22806],[-75.59343,6.228],[-75.59354,6.22657],[-75.59291,6.22806]],[[-75.59293,6.22961],[-75.59342,6.22951],[-75.59325,6.2289],[-75.59293,6.22961]],[[-75.59318,6.22451],[-75.59362,6.22365],[-75.59319,6.22383],[-75.59318,6.22451]],[[-75.59404,6.22284],[-75.59339,6.22274],[-75.59387,6.22297],[-75.59404,6.22284]],[[-75.59414,6.22227],[-75.59341,6.22233],[-75.59412,6.22265],[-75.59414,6.22227]],[[-75.59353,6.22188],[-75.59414,6.22211],[-75.59405,6.22184],[-75.59353,6.22188]],[[-75.59354,6.20193],[-75.59373,6.20187],[-75.59355,6.20182],[-75.59354,6.20193]],[[-75.594,6.22324],[-75.59355,6.22326],[-75.59388,6.2234],[-75.594,6.22324]],[[-75.5937,6.22027],[-75.59363,6.22039],[-75.59369,6.22044],[-75.5937,6.22027]],[[-75.59366,6.22166],[-75.59374,6.22166],[-75.59371,6.22164],[-75.59366,6.22166]],[[-75.59368,6.22138],[-75.59401,6.22159],[-75.59418,6.22144],[-75.59368,6.22138]],[[-75.5943,6.22112],[-75.5941,6.22094],[-75.59369,6.22097],[-75.5943,6.22112]],[[-75.59375,6.22957],[-75.59516,6.2294],[-75.59412,6.22888],[-75.59375,6.22957]],[[-75.59393,6.2265],[-75.59463,6.2243],[-75.59376,6.22388],[-75.59393,6.2265]],[[-75.59407,6.22361],[-75.59378,6.22368],[-75.59417,6.22373],[-75.59407,6.22361]],[[-75.5938,6.22126],[-75.59393,6.22125],[-75.59385,6.22119],[-75.5938,6.22126]],[[-75.59384,6.2287],[-75.5943,6.22871],[-75.59423,6.22869],[-75.59384,6.2287]],[[-75.59469,6.22685],[-75.59406,6.22691],[-75.59385,6.22814],[-75.59469,6.22685]],[[-75.59386,6.20187],[-75.59438,6.20187],[-75.59419,6.20174],[-75.59386,6.20187]],[[-75.59444,6.22056],[-75.59395,6.22056],[-75.59418,6.22061],[-75.59444,6.22056]],[[-75.59404,6.22125],[-75.59414,6.22126],[-75.59411,6.22123],[-75.59404,6.22125]],[[-75.59466,6.21915],[-75.59409,6.2192],[-75.59459,6.21942],[-75.59466,6.21915]],[[-75.59457,6.22014],[-75.59409,6.22],[-75.59436,6.22025],[-75.59457,6.22014]],[[-75.59413,6.21867],[-75.59411,6.21866],[-75.59411,6.2187],[-75.59413,6.21867]],[[-75.59432,6.2235],[-75.59447,6.22341],[-75.5942,6.2234],[-75.59432,6.2235]],[[-75.59482,6.21876],[-75.5942,6.2188],[-75.5947,6.21888],[-75.59482,6.21876]],[[-75.59455,6.21971],[-75.59423,6.21959],[-75.59446,6.21985],[-75.59455,6.21971]],[[-75.59481,6.21835],[-75.59423,6.21826],[-75.5947,6.21847],[-75.59481,6.21835]],[[-75.59423,6.21785],[-75.59462,6.21793],[-75.59461,6.21781],[-75.59423,6.21785]],[[-75.59492,6.2265],[-75.5952,6.22426],[-75.59431,6.22649],[-75.59492,6.2265]],[[-75.59445,6.22383],[-75.59462,6.22393],[-75.59472,6.22378],[-75.59445,6.22383]],[[-75.59448,6.21611],[-75.59451,6.21624],[-75.59451,6.21607],[-75.59448,6.21611]],[[-75.59498,6.2232],[-75.59552,6.22128],[-75.59462,6.22116],[-75.59498,6.2232]],[[-75.5947,6.20199],[-75.59547,6.20212],[-75.59487,6.20194],[-75.5947,6.20199]],[[-75.59494,6.21795],[-75.59473,6.21797],[-75.59486,6.21809],[-75.59494,6.21795]],[[-75.59483,6.21738],[-75.59478,6.21716],[-75.59478,6.21748],[-75.59483,6.21738]],[[-75.59489,6.21505],[-75.59492,6.21515],[-75.59491,6.21499],[-75.59489,6.21505]],[[-75.59494,6.21704],[-75.59492,6.21702],[-75.59492,6.21706],[-75.59494,6.21704]],[[-75.59505,6.21605],[-75.59492,6.21636],[-75.59503,6.21637],[-75.59505,6.21605]],[[-75.59497,6.2287],[-75.59496,6.22866],[-75.59494,6.22871],[-75.59497,6.2287]],[[-75.59506,6.21788],[-75.59509,6.21784],[-75.59504,6.21781],[-75.59506,6.21788]],[[-75.5951,6.21758],[-75.59506,6.21754],[-75.59505,6.21763],[-75.5951,6.21758]],[[-75.59529,6.22366],[-75.59519,6.22362],[-75.59516,6.22372],[-75.59529,6.22366]],[[-75.59525,6.21741],[-75.5952,6.21728],[-75.59517,6.21748],[-75.59525,6.21741]],[[-75.59536,6.22403],[-75.59526,6.22409],[-75.59534,6.22417],[-75.59536,6.22403]],[[-75.59532,6.21568],[-75.59599,6.21537],[-75.59614,6.21459],[-75.59532,6.21568]],[[-75.59623,6.22312],[-75.59543,6.22295],[-75.5956,6.22328],[-75.59623,6.22312]],[[-75.59557,6.22376],[-75.59574,6.22371],[-75.5956,6.2236],[-75.59557,6.22376]],[[-75.59574,6.22252],[-75.59564,6.22269],[-75.59587,6.22265],[-75.59574,6.22252]],[[-75.59567,6.20225],[-75.59589,6.20225],[-75.59577,6.20223],[-75.59567,6.20225]],[[-75.59572,6.2165],[-75.59712,6.21653],[-75.5962,6.21569],[-75.59572,6.2165]],[[-75.59573,6.22918],[-75.59719,6.22456],[-75.59594,6.22417],[-75.59573,6.22918]],[[-75.59636,6.21803],[-75.5958,6.22242],[-75.59867,6.21956],[-75.59636,6.21803]],[[-75.59585,6.22388],[-75.59596,6.22384],[-75.59581,6.22377],[-75.59585,6.22388]],[[-75.59606,6.20239],[-75.59644,6.20252],[-75.59611,6.20231],[-75.59606,6.20239]],[[-75.59608,6.22272],[-75.59615,6.22281],[-75.59616,6.22265],[-75.59608,6.22272]],[[-75.59614,6.22395],[-75.59672,6.22416],[-75.59649,6.22359],[-75.59614,6.22395]],[[-75.59743,6.22358],[-75.59738,6.2229],[-75.59638,6.22281],[-75.59743,6.22358]],[[-75.59657,6.22264],[-75.59672,6.22248],[-75.59642,6.22251],[-75.59657,6.22264]],[[-75.59651,6.21754],[-75.59654,6.21773],[-75.59668,6.21702],[-75.59651,6.21754]],[[-75.5966,6.20266],[-75.59668,6.20266],[-75.59664,6.20264],[-75.5966,6.20266]],[[-75.59664,6.21788],[-75.59847,6.21845],[-75.59737,6.21703],[-75.59664,6.21788]],[[-75.59704,6.20293],[-75.59737,6.20307],[-75.59691,6.20277],[-75.59704,6.20293]],[[-75.59757,6.22258],[-75.59702,6.22234],[-75.59691,6.22264],[-75.59757,6.22258]],[[-75.5973,6.22411],[-75.59727,6.22389],[-75.59709,6.22416],[-75.5973,6.22411]],[[-75.59756,6.2032],[-75.59766,6.2032],[-75.5976,6.20318],[-75.59756,6.2032]],[[-75.59757,6.21327],[-75.59762,6.21338],[-75.59761,6.21323],[-75.59757,6.21327]],[[-75.59772,6.21053],[-75.59776,6.21054],[-75.59774,6.21051],[-75.59772,6.21053]],[[-75.59873,6.21886],[-75.59784,6.21863],[-75.59862,6.21917],[-75.59873,6.21886]],[[-75.59788,6.21353],[-75.59838,6.21424],[-75.59823,6.2133],[-75.59788,6.21353]],[[-75.59792,6.20334],[-75.59841,6.20366],[-75.59823,6.2032],[-75.59792,6.20334]],[[-75.59829,6.2108],[-75.59842,6.21079],[-75.59842,6.21062],[-75.59829,6.2108]],[[-75.59833,6.21924],[-75.59837,6.21921],[-75.59833,6.21919],[-75.59833,6.21924]],[[-75.59842,6.21476],[-75.5987,6.21481],[-75.59857,6.21456],[-75.59842,6.21476]],[[-75.59854,6.20392],[-75.59856,6.20387],[-75.59854,6.2038],[-75.59854,6.20392]],[[-75.59857,6.21325],[-75.59858,6.21322],[-75.59857,6.21317],[-75.59857,6.21325]],[[-75.59863,6.21072],[-75.60116,6.21055],[-75.59964,6.20848],[-75.59863,6.21072]],[[-75.59864,6.2032],[-75.59882,6.2032],[-75.59872,6.20319],[-75.59864,6.2032]],[[-75.59871,6.21433],[-75.59871,6.21416],[-75.5987,6.21424],[-75.59871,6.21433]],[[-75.59884,6.21407],[-75.59885,6.21397],[-75.59884,6.21388],[-75.59884,6.21407]],[[-75.59905,6.21347],[-75.59884,6.21764],[-75.60047,6.21482],[-75.59905,6.21347]],[[-75.60081,6.21318],[-75.59933,6.21096],[-75.59904,6.21329],[-75.60081,6.21318]],[[-75.59934,6.20293],[-75.59936,6.20293],[-75.59935,6.20292],[-75.59934,6.20293]],[[-75.59936,6.20678],[-75.5994,6.20667],[-75.59936,6.20655],[-75.59936,6.20678]],[[-75.5995,6.20634],[-75.59951,6.20619],[-75.5995,6.20603],[-75.5995,6.20634]],[[-75.5995,6.20824],[-75.59951,6.20802],[-75.5995,6.20792],[-75.5995,6.20824]],[[-75.59961,6.20279],[-75.59963,6.20279],[-75.59962,6.20278],[-75.59961,6.20279]],[[-75.59964,6.22434],[-75.59963,6.22436],[-75.59964,6.22436],[-75.59964,6.22434]],[[-75.60031,6.20595],[-75.59975,6.20528],[-75.60008,6.20847],[-75.60092,6.20788],[-75.60031,6.20595]],[[-75.60027,6.21107],[-75.5998,6.21095],[-75.60018,6.2121],[-75.60027,6.21107]],[[-75.60023,6.22535],[-75.60029,6.22512],[-75.5998,6.22475],[-75.60023,6.22535]],[[-75.59992,6.21367],[-75.60004,6.21369],[-75.59992,6.21344],[-75.59992,6.21367]],[[-75.60244,6.21443],[-75.60235,6.21408],[-75.60282,6.21384],[-75.60145,6.21055],[-75.60102,6.21314],[-75.60001,6.21352],[-75.60096,6.21356],[-75.60061,6.21567],[-75.60244,6.21443]],[[-75.60009,6.20863],[-75.60074,6.20861],[-75.60048,6.20859],[-75.60009,6.20863]],[[-75.60032,6.21647],[-75.60034,6.2165],[-75.60034,6.21642],[-75.60032,6.21647]],[[-75.60037,6.21146],[-75.60115,6.21174],[-75.60067,6.21082],[-75.60037,6.21146]],[[-75.60063,6.21234],[-75.60066,6.21184],[-75.60037,6.21209],[-75.60063,6.21234]],[[-75.60045,6.21173],[-75.60047,6.21174],[-75.60046,6.2117],[-75.60045,6.21173]],[[-75.6005,6.22518],[-75.60051,6.22516],[-75.6005,6.22515],[-75.6005,6.22518]],[[-75.60083,6.21391],[-75.60088,6.21391],[-75.60086,6.21386],[-75.60083,6.21391]],[[-75.60091,6.2125],[-75.6011,6.21237],[-75.60101,6.21194],[-75.60091,6.2125]],[[-75.60096,6.22041],[-75.60103,6.22063],[-75.60102,6.22026],[-75.60096,6.22041]],[[-75.60126,6.20849],[-75.60129,6.20847],[-75.60126,6.20844],[-75.60126,6.20849]],[[-75.60141,6.22054],[-75.60147,6.22055],[-75.60144,6.22053],[-75.60141,6.22054]],[[-75.60166,6.21091],[-75.60209,6.21195],[-75.60282,6.2106],[-75.60166,6.21091]],[[-75.60206,6.21051],[-75.60284,6.2105],[-75.60264,6.21047],[-75.60206,6.21051]],[[-75.60229,6.21457],[-75.60236,6.21464],[-75.60237,6.21452],[-75.60229,6.21457]],[[-75.60241,6.21217],[-75.60331,6.21216],[-75.60324,6.2117],[-75.60241,6.21217]],[[-75.6025,6.21485],[-75.60259,6.21484],[-75.60252,6.21482],[-75.6025,6.21485]],[[-75.60259,6.21171],[-75.60261,6.21173],[-75.60262,6.21167],[-75.60259,6.21171]],[[-75.60264,6.21458],[-75.60294,6.21431],[-75.60264,6.21411],[-75.60264,6.21458]],[[-75.60276,6.21149],[-75.60294,6.21145],[-75.60303,6.21131],[-75.60276,6.21149]],[[-75.60291,6.21406],[-75.60295,6.21403],[-75.60291,6.214],[-75.60291,6.21406]],[[-75.60328,6.21118],[-75.6033,6.21117],[-75.60329,6.21111],[-75.60328,6.21118]],[[-75.6033,6.21172],[-75.60331,6.21173],[-75.60331,6.21172],[-75.6033,6.21172]],[[-75.60425,6.21064],[-75.60397,6.21063],[-75.60331,6.21098],[-75.60425,6.21064]],[[-75.60388,6.21174],[-75.60386,6.21165],[-75.60381,6.21169],[-75.60388,6.21174]],[[-75.60405,6.21158],[-75.60391,6.21158],[-75.60397,6.21163],[-75.60405,6.21158]],[[-75.60412,6.21213],[-75.60414,6.21213],[-75.60412,6.21212],[-75.60412,6.21213]],[[-75.60426,6.21145],[-75.60414,6.21144],[-75.60412,6.21148],[-75.60426,6.21145]],[[-75.60432,6.21189],[-75.60428,6.21179],[-75.60421,6.21192],[-75.60432,6.21189]],[[-75.60467,6.2116],[-75.60469,6.21158],[-75.60467,6.21154],[-75.60467,6.2116]],[[-75.60506,6.20996],[-75.60522,6.20994],[-75.60574,6.20954],[-75.60506,6.20996]]],[[[-75.59998,6.23904],[-75.59817,6.24029],[-75.59789,6.23958],[-75.59689,6.24118],[-75.59131,6.23948],[-75.6022,6.23891],[-75.60209,6.2409],[-75.60184,6.23902],[-75.60027,6.24198],[-75.59998,6.23904]],[[-75.59824,6.2394],[-75.59777,6.23917],[-75.59692,6.23934],[-75.59824,6.2394]]],[[[-75.59227,6.19965],[-75.59203,6.19671],[-75.59231,6.1966],[-75.59414,6.20072],[-75.59227,6.19965]]],[[[-75.5958,6.28671],[-75.59424,6.28776],[-75.59502,6.28576],[-75.5958,6.28671]]],[[[-75.59695,6.29286],[-75.59462,6.29169],[-75.59705,6.28926],[-75.59695,6.29286]],[[-75.596,6.29148],[-75.59579,6.2912],[-75.59568,6.29167],[-75.596,6.29148]],[[-75.59569,6.29189],[-75.59568,6.29184],[-75.59568,6.29202],[-75.59569,6.29189]],[[-75.59601,6.29042],[-75.59595,6.29038],[-75.59595,6.29059],[-75.59601,6.29042]],[[-75.59641,6.28999],[-75.59636,6.28997],[-75.59636,6.29004],[-75.59641,6.28999]],[[-75.5967,6.28973],[-75.59664,6.28969],[-75.59664,6.28979],[-75.5967,6.28973]]],[[[-75.59977,6.24491],[-75.5997,6.24314],[-75.59762,6.24494],[-75.59927,6.24522],[-75.59747,6.24632],[-75.59477,6.24367],[-75.59687,6.2444],[-75.59718,6.24299],[-75.59727,6.2445],[-75.59795,6.24297],[-75.60198,6.2429],[-75.59977,6.24491]],[[-75.59715,6.24481],[-75.59685,6.24496],[-75.59724,6.24508],[-75.59715,6.24481]],[[-75.59865,6.24364],[-75.59906,6.24319],[-75.59865,6.24358],[-75.59865,6.24364]]],[[[-75.59716,6.23113],[-75.59866,6.23104],[-75.59847,6.22976],[-75.60153,6.22774],[-75.60071,6.22903],[-75.6015,6.22915],[-75.60148,6.23053],[-75.59942,6.22923],[-75.59888,6.23107],[-75.60147,6.23104],[-75.59716,6.23113]],[[-75.59991,6.22937],[-75.60004,6.22937],[-75.59997,6.22934],[-75.59991,6.22937]],[[-75.60043,6.22905],[-75.60006,6.22892],[-75.60026,6.22922],[-75.60043,6.22905]],[[-75.60054,6.22985],[-75.60082,6.22949],[-75.60058,6.22924],[-75.60054,6.22985]]],[[[-75.60624,6.23175],[-75.60687,6.23101],[-75.60717,6.23171],[-75.60694,6.23099],[-75.60952,6.23029],[-75.60717,6.23017],[-75.60717,6.22954],[-75.60711,6.23016],[-75.60223,6.22991],[-75.60269,6.22922],[-75.60222,6.22897],[-75.60295,6.2291],[-75.6036,6.22774],[-75.60377,6.2281],[-75.60379,6.22759],[-75.60214,6.22757],[-75.60342,6.22639],[-75.6023,6.22755],[-75.6039,6.22751],[-75.60464,6.22633],[-75.60497,6.22834],[-75.60585,6.22629],[-75.60487,6.22597],[-75.60614,6.22408],[-75.60354,6.22435],[-75.60575,6.22155],[-75.60426,6.22062],[-75.60483,6.22044],[-75.61214,6.22292],[-75.6098,6.22397],[-75.61035,6.22289],[-75.60999,6.22313],[-75.60996,6.22303],[-75.60903,6.22432],[-75.61157,6.22346],[-75.60542,6.22763],[-75.61302,6.22918],[-75.6098,6.23292],[-75.61217,6.23381],[-75.61209,6.23396],[-75.61147,6.23507],[-75.61354,6.23449],[-75.61354,6.2363],[-75.61068,6.23519],[-75.60933,6.23291],[-75.60986,6.23094],[-75.60743,6.23111],[-75.60909,6.23135],[-75.60533,6.23338],[-75.60527,6.23204],[-75.6026,6.23347],[-75.60239,6.23223],[-75.60393,6.23181],[-75.60236,6.23182],[-75.60624,6.23175]],[[-75.6119,6.23375],[-75.61189,6.23395],[-75.61209,6.23396],[-75.6119,6.23375]],[[-75.60326,6.22861],[-75.60339,6.22828],[-75.60322,6.22861],[-75.60326,6.22861]],[[-75.60342,6.2289],[-75.60346,6.22885],[-75.60343,6.22884],[-75.60342,6.2289]],[[-75.6037,6.22893],[-75.60375,6.22901],[-75.60383,6.22897],[-75.6037,6.22893]],[[-75.60395,6.22855],[-75.6038,6.22857],[-75.60395,6.22856],[-75.60395,6.22855]],[[-75.60499,6.22866],[-75.60425,6.22864],[-75.60511,6.22966],[-75.60499,6.22866]],[[-75.60449,6.22353],[-75.60429,6.22372],[-75.60477,6.22364],[-75.60449,6.22353]],[[-75.60512,6.2287],[-75.60522,6.2283],[-75.60494,6.22841],[-75.60512,6.2287]],[[-75.60496,6.22289],[-75.60496,6.22332],[-75.60505,6.22298],[-75.60496,6.22289]],[[-75.60496,6.22348],[-75.60496,6.22353],[-75.60497,6.22353],[-75.60496,6.22348]],[[-75.6055,6.22316],[-75.60523,6.2229],[-75.60539,6.22358],[-75.6055,6.22316]],[[-75.60525,6.22818],[-75.60536,6.22778],[-75.60523,6.22786],[-75.60525,6.22818]],[[-75.60527,6.22894],[-75.60526,6.22892],[-75.60526,6.22897],[-75.60527,6.22894]],[[-75.60536,6.22284],[-75.60537,6.22283],[-75.60532,6.22284],[-75.60536,6.22284]],[[-75.60559,6.22744],[-75.60552,6.22731],[-75.60538,6.22747],[-75.60559,6.22744]],[[-75.60541,6.22965],[-75.60565,6.22996],[-75.60559,6.22897],[-75.60541,6.22965]],[[-75.60577,6.22305],[-75.60558,6.22288],[-75.60565,6.22371],[-75.60577,6.22305]],[[-75.60565,6.22706],[-75.60565,6.227],[-75.60563,6.22704],[-75.60565,6.22706]],[[-75.60621,6.22663],[-75.60593,6.22615],[-75.6058,6.22683],[-75.60621,6.22663]],[[-75.60592,6.2227],[-75.60591,6.22267],[-75.60591,6.22274],[-75.60592,6.2227]],[[-75.60615,6.22898],[-75.60603,6.22995],[-75.60629,6.22978],[-75.60615,6.22898]],[[-75.60613,6.2219],[-75.60606,6.2218],[-75.60604,6.22197],[-75.60613,6.2219]],[[-75.60609,6.23245],[-75.60607,6.23233],[-75.60608,6.23252],[-75.60609,6.23245]],[[-75.60612,6.22515],[-75.60863,6.2233],[-75.60837,6.2226],[-75.60612,6.22515]],[[-75.60617,6.23215],[-75.60699,6.23242],[-75.60689,6.23203],[-75.60617,6.23215]],[[-75.60619,6.22357],[-75.60618,6.22371],[-75.60626,6.22364],[-75.60619,6.22357]],[[-75.60633,6.22181],[-75.60648,6.22196],[-75.60644,6.22155],[-75.60633,6.22181]],[[-75.60646,6.22335],[-75.60645,6.22342],[-75.60649,6.22338],[-75.60646,6.22335]],[[-75.60656,6.22216],[-75.60669,6.22233],[-75.60674,6.22226],[-75.60656,6.22216]],[[-75.60661,6.22148],[-75.60659,6.22147],[-75.60657,6.22148],[-75.60661,6.22148]],[[-75.60686,6.22923],[-75.60668,6.22899],[-75.60667,6.22998],[-75.60686,6.22923]],[[-75.60738,6.22513],[-75.60822,6.2243],[-75.60695,6.22514],[-75.60738,6.22513]],[[-75.60741,6.22917],[-75.60706,6.22896],[-75.60731,6.22938],[-75.60741,6.22917]],[[-75.60713,6.22154],[-75.60713,6.2217],[-75.60721,6.22162],[-75.60713,6.22154]],[[-75.60761,6.22159],[-75.60742,6.22169],[-75.60757,6.22195],[-75.60761,6.22159]],[[-75.60798,6.22982],[-75.60809,6.22996],[-75.6081,6.22968],[-75.60798,6.22982]],[[-75.60851,6.22419],[-75.60847,6.22418],[-75.6084,6.22419],[-75.60851,6.22419]],[[-75.6085,6.22969],[-75.6085,6.22995],[-75.60883,6.22986],[-75.6085,6.22969]],[[-75.60889,6.22262],[-75.60888,6.22304],[-75.60901,6.22286],[-75.60889,6.22262]],[[-75.60925,6.22982],[-75.60914,6.22997],[-75.6095,6.23016],[-75.60925,6.22982]],[[-75.60918,6.2228],[-75.60929,6.22303],[-75.6093,6.22262],[-75.60918,6.2228]],[[-75.60962,6.22237],[-75.60946,6.22257],[-75.60977,6.22287],[-75.60962,6.22237]],[[-75.61019,6.22987],[-75.6095,6.22971],[-75.60974,6.23043],[-75.61019,6.22987]],[[-75.60957,6.22319],[-75.60957,6.22307],[-75.60955,6.22311],[-75.60957,6.22319]],[[-75.60973,6.23247],[-75.60973,6.23199],[-75.60972,6.23207],[-75.60973,6.23247]],[[-75.61008,6.22249],[-75.60995,6.22236],[-75.60998,6.22276],[-75.61008,6.22249]],[[-75.61011,6.223],[-75.61009,6.22292],[-75.60996,6.22296],[-75.61011,6.223]],[[-75.61041,6.22324],[-75.61039,6.22321],[-75.61039,6.22329],[-75.61041,6.22324]],[[-75.61069,6.23422],[-75.61056,6.23408],[-75.61055,6.23443],[-75.61069,6.23422]],[[-75.6117,6.22986],[-75.61201,6.22932],[-75.61061,6.23001],[-75.6117,6.22986]],[[-75.61073,6.23417],[-75.61092,6.2342],[-75.61081,6.23373],[-75.61073,6.23417]],[[-75.61097,6.23381],[-75.61096,6.23379],[-75.61096,6.23384],[-75.61097,6.23381]],[[-75.61102,6.23434],[-75.61112,6.23441],[-75.61109,6.2342],[-75.61102,6.23434]],[[-75.61166,6.2344],[-75.61147,6.23373],[-75.61116,6.23395],[-75.61166,6.2344]],[[-75.61137,6.23468],[-75.61136,6.23496],[-75.61147,6.23483],[-75.61137,6.23468]],[[-75.6119,6.2354],[-75.61219,6.23496],[-75.61181,6.23515],[-75.6119,6.2354]],[[-75.61194,6.22963],[-75.6119,6.22957],[-75.61184,6.22963],[-75.61194,6.22963]],[[-75.61218,6.22974],[-75.6123,6.22959],[-75.612,6.22974],[-75.61218,6.22974]],[[-75.61233,6.22933],[-75.61231,6.2293],[-75.6123,6.22936],[-75.61233,6.22933]],[[-75.61256,6.23543],[-75.61247,6.23522],[-75.61231,6.23561],[-75.61256,6.23543]],[[-75.61263,6.2351],[-75.61253,6.23522],[-75.61264,6.23521],[-75.61263,6.2351]]],[[[-75.6022,6.22896],[-75.60238,6.22856],[-75.60222,6.22897],[-75.6022,6.22896]]],[[[-75.60849,6.23435],[-75.61031,6.23494],[-75.61046,6.2351],[-75.60897,6.23452],[-75.60789,6.23654],[-75.60847,6.23458],[-75.60753,6.23531],[-75.60739,6.23452],[-75.60274,6.23432],[-75.60263,6.23362],[-75.60447,6.23384],[-75.60373,6.23424],[-75.60849,6.23435]],[[-75.60356,6.23396],[-75.60323,6.23396],[-75.60342,6.23398],[-75.60356,6.23396]]],[[[-75.60301,6.27189],[-75.61337,6.2702],[-75.60925,6.27263],[-75.61479,6.27353],[-75.60628,6.27657],[-75.60458,6.27643],[-75.60947,6.27492],[-75.60941,6.27346],[-75.6108,6.27381],[-75.60897,6.27255],[-75.60925,6.27236],[-75.60301,6.27189]],[[-75.60972,6.27465],[-75.60973,6.27463],[-75.60972,6.27461],[-75.60972,6.27465]],[[-75.60985,6.27427],[-75.60977,6.27435],[-75.60984,6.27443],[-75.60985,6.27427]],[[-75.60999,6.27449],[-75.61002,6.27438],[-75.61,6.27433],[-75.60999,6.27449]],[[-75.61034,6.27394],[-75.61054,6.27394],[-75.61051,6.27393],[-75.61034,6.27394]],[[-75.6118,6.27366],[-75.61187,6.2737],[-75.61187,6.2736],[-75.6118,6.27366]]],[[[-75.6042,6.28154],[-75.60493,6.27988],[-75.60695,6.28324],[-75.60494,6.28104],[-75.6042,6.28154]],[[-75.60488,6.28071],[-75.60473,6.28058],[-75.60487,6.28085],[-75.60488,6.28071]],[[-75.60527,6.28047],[-75.60526,6.28046],[-75.60525,6.28047],[-75.60527,6.28047]],[[-75.60554,6.28125],[-75.6054,6.28114],[-75.60554,6.28132],[-75.60554,6.28125]]],[[[-75.61648,6.27679],[-75.6152,6.27501],[-75.61212,6.27665],[-75.61443,6.27673],[-75.61418,6.27733],[-75.61182,6.27789],[-75.61402,6.27723],[-75.6066,6.2766],[-75.61698,6.27388],[-75.61582,6.27468],[-75.61849,6.27413],[-75.62197,6.27481],[-75.61847,6.27438],[-75.62115,6.2765],[-75.61953,6.2759],[-75.61839,6.27634],[-75.61819,6.27613],[-75.61648,6.27679]],[[-75.61214,6.27619],[-75.61222,6.27604],[-75.61211,6.27603],[-75.61214,6.27619]],[[-75.61227,6.27557],[-75.6123,6.27562],[-75.6123,6.27554],[-75.61227,6.27557]],[[-75.61243,6.2759],[-75.61243,6.27604],[-75.6125,6.27597],[-75.61243,6.2759]],[[-75.6125,6.27556],[-75.61257,6.27563],[-75.61257,6.2755],[-75.6125,6.27556]],[[-75.61264,6.27582],[-75.6127,6.27589],[-75.61271,6.27585],[-75.61264,6.27582]],[[-75.61297,6.27576],[-75.61301,6.276],[-75.61312,6.27597],[-75.61297,6.27576]],[[-75.61301,6.27543],[-75.61298,6.27539],[-75.61298,6.27547],[-75.61301,6.27543]],[[-75.61548,6.27489],[-75.61557,6.27495],[-75.61554,6.27483],[-75.61548,6.27489]],[[-75.61609,6.27596],[-75.61665,6.2765],[-75.61629,6.27584],[-75.61663,6.27547],[-75.61691,6.27584],[-75.61635,6.27458],[-75.61627,6.27579],[-75.6157,6.27475],[-75.61609,6.27596]],[[-75.6159,6.27488],[-75.61583,6.2748],[-75.61582,6.27494],[-75.6159,6.27488]],[[-75.61597,6.27468],[-75.61593,6.2748],[-75.616,6.27476],[-75.61597,6.27468]],[[-75.61594,6.27513],[-75.61612,6.27521],[-75.61623,6.27482],[-75.61594,6.27513]],[[-75.6165,6.27658],[-75.61645,6.27635],[-75.61622,6.27636],[-75.6165,6.27658]],[[-75.6172,6.2761],[-75.61697,6.276],[-75.61659,6.27624],[-75.6172,6.2761]],[[-75.61669,6.27582],[-75.61664,6.27578],[-75.61663,6.27586],[-75.61669,6.27582]],[[-75.61677,6.27493],[-75.61676,6.27506],[-75.61682,6.27501],[-75.61677,6.27493]],[[-75.6168,6.27528],[-75.61678,6.27524],[-75.61677,6.27531],[-75.6168,6.27528]],[[-75.61683,6.27488],[-75.61753,6.27471],[-75.61729,6.27441],[-75.61683,6.27488]],[[-75.61696,6.2765],[-75.61692,6.2765],[-75.61691,6.27651],[-75.61696,6.2765]],[[-75.61703,6.27549],[-75.61704,6.27534],[-75.61697,6.27541],[-75.61703,6.27549]],[[-75.61703,6.2752],[-75.61704,6.27507],[-75.61697,6.27514],[-75.61703,6.2752]],[[-75.61709,6.27624],[-75.61705,6.27622],[-75.61705,6.27628],[-75.61709,6.27624]],[[-75.61728,6.27572],[-75.61726,6.27562],[-75.61709,6.2757],[-75.61728,6.27572]],[[-75.61764,6.27533],[-75.61724,6.27506],[-75.61715,6.27534],[-75.61764,6.27533]],[[-75.61723,6.27543],[-75.61719,6.2754],[-75.61719,6.27549],[-75.61723,6.27543]],[[-75.61744,6.276],[-75.61739,6.27578],[-75.61731,6.27596],[-75.61744,6.276]],[[-75.61756,6.27451],[-75.61754,6.27436],[-75.61743,6.27445],[-75.61756,6.27451]],[[-75.61777,6.27484],[-75.61758,6.27473],[-75.61771,6.27507],[-75.61777,6.27484]],[[-75.61787,6.27556],[-75.61772,6.27536],[-75.61761,6.27586],[-75.61787,6.27556]],[[-75.6179,6.27441],[-75.61766,6.27441],[-75.61788,6.27466],[-75.6179,6.27441]],[[-75.61802,6.27562],[-75.61838,6.2748],[-75.61782,6.27497],[-75.61802,6.27562]],[[-75.61846,6.27591],[-75.61786,6.27573],[-75.61784,6.27603],[-75.61846,6.27591]],[[-75.61813,6.27441],[-75.61799,6.27429],[-75.61812,6.27478],[-75.61813,6.27441]],[[-75.61826,6.27443],[-75.6182,6.27469],[-75.61834,6.27473],[-75.61826,6.27443]],[[-75.61851,6.27567],[-75.6184,6.2754],[-75.61835,6.27556],[-75.61851,6.27567]],[[-75.61867,6.275],[-75.61839,6.27445],[-75.61859,6.27519],[-75.61867,6.275]],[[-75.61853,6.27625],[-75.61868,6.27593],[-75.6185,6.27609],[-75.61853,6.27625]],[[-75.6194,6.2758],[-75.61921,6.27567],[-75.61935,6.27595],[-75.6194,6.2758]]],[[[-75.61252,6.23339],[-75.61353,6.23094],[-75.61354,6.23449],[-75.61272,6.23361],[-75.61252,6.23339]],[[-75.61285,6.23264],[-75.61285,6.23279],[-75.61292,6.23272],[-75.61285,6.23264]],[[-75.61335,6.23248],[-75.61312,6.23388],[-75.6135,6.2328],[-75.61335,6.23248]],[[-75.61352,6.23203],[-75.61339,6.23188],[-75.61337,6.2319],[-75.61352,6.23203]],[[-75.6134,6.23413],[-75.61339,6.23427],[-75.61347,6.23421],[-75.6134,6.23413]]],[[[-75.62737,6.27574],[-75.62121,6.27652],[-75.62357,6.27507],[-75.62737,6.27574]],[[-75.62356,6.2754],[-75.62344,6.27535],[-75.622,6.27636],[-75.62356,6.2754]]],[[[-75.62334,6.22334],[-75.62786,6.22332],[-75.62707,6.22392],[-75.62334,6.22334]]],[[[-75.62372,6.26983],[-75.62721,6.26823],[-75.62856,6.27026],[-75.63428,6.27101],[-75.63466,6.27417],[-75.62795,6.27021],[-75.62568,6.27405],[-75.62741,6.26969],[-75.62372,6.26983]],[[-75.62625,6.26957],[-75.62624,6.26954],[-75.62624,6.26963],[-75.62625,6.26957]],[[-75.62664,6.26917],[-75.62664,6.26906],[-75.6266,6.26913],[-75.62664,6.26917]],[[-75.62728,6.26898],[-75.62692,6.26872],[-75.62706,6.26922],[-75.62728,6.26898]],[[-75.62705,6.26944],[-75.62705,6.2694],[-75.62703,6.26942],[-75.62705,6.26944]],[[-75.62761,6.26888],[-75.62759,6.26887],[-75.62756,6.26888],[-75.62761,6.26888]],[[-75.62841,6.27023],[-75.62826,6.27008],[-75.6282,6.2701],[-75.62841,6.27023]],[[-75.62909,6.27078],[-75.62909,6.27076],[-75.62907,6.27077],[-75.62909,6.27078]],[[-75.63085,6.27134],[-75.63085,6.2713],[-75.63083,6.27131],[-75.63085,6.27134]],[[-75.63384,6.27348],[-75.63384,6.27346],[-75.63383,6.27347],[-75.63384,6.27348]]],[[[-75.62667,6.24662],[-75.62984,6.24749],[-75.62946,6.24982],[-75.62667,6.24662]],[[-75.62712,6.2471],[-75.62712,6.24699],[-75.6271,6.24705],[-75.62712,6.2471]],[[-75.62779,6.24725],[-75.62779,6.24717],[-75.62776,6.24719],[-75.62779,6.24725]],[[-75.62888,6.24745],[-75.62888,6.24744],[-75.62887,6.24745],[-75.62888,6.24745]],[[-75.62956,6.24786],[-75.62956,6.24785],[-75.62955,6.24785],[-75.62956,6.24786]]],[[[-75.63238,6.27978],[-75.62772,6.27842],[-75.63034,6.27752],[-75.62983,6.27565],[-75.63471,6.27451],[-75.6348,6.27529],[-75.63203,6.27551],[-75.63412,6.27576],[-75.63095,6.27625],[-75.63455,6.27753],[-75.64071,6.27971],[-75.64104,6.28065],[-75.64108,6.27984],[-75.64368,6.28076],[-75.63979,6.28128],[-75.64281,6.28158],[-75.64037,6.28395],[-75.63727,6.2787],[-75.63731,6.28122],[-75.63238,6.27978]],[[-75.63431,6.27821],[-75.63227,6.27765],[-75.63214,6.27966],[-75.63427,6.27833],[-75.63397,6.27921],[-75.63542,6.27862],[-75.63455,6.27753],[-75.63431,6.27821]],[[-75.63169,6.27949],[-75.63155,6.27928],[-75.63151,6.27932],[-75.63169,6.27949]],[[-75.63159,6.27917],[-75.63156,6.27914],[-75.63154,6.27918],[-75.63159,6.27917]],[[-75.63187,6.27564],[-75.63181,6.27563],[-75.63174,6.27564],[-75.63187,6.27564]],[[-75.63221,6.2772],[-75.63221,6.27709],[-75.63216,6.27714],[-75.63221,6.2772]],[[-75.63317,6.27714],[-75.63316,6.27713],[-75.63312,6.27713],[-75.63317,6.27714]],[[-75.63396,6.2794],[-75.63372,6.27885],[-75.63351,6.27949],[-75.63396,6.2794]],[[-75.63548,6.27861],[-75.63407,6.27928],[-75.63523,6.27919],[-75.63537,6.27988],[-75.63548,6.27861]],[[-75.63413,6.27934],[-75.63423,6.27955],[-75.63461,6.2794],[-75.63413,6.27934]],[[-75.63453,6.27984],[-75.63465,6.27955],[-75.63434,6.27958],[-75.63453,6.27984]],[[-75.63466,6.27975],[-75.63483,6.28003],[-75.63489,6.27981],[-75.63466,6.27975]],[[-75.63473,6.27958],[-75.63483,6.27964],[-75.63479,6.27948],[-75.63473,6.27958]],[[-75.63488,6.2797],[-75.63493,6.27977],[-75.63494,6.27964],[-75.63488,6.2797]],[[-75.63508,6.27991],[-75.63507,6.28003],[-75.63514,6.27998],[-75.63508,6.27991]],[[-75.63534,6.28014],[-75.63536,6.28009],[-75.63532,6.2801],[-75.63534,6.28014]],[[-75.63581,6.27862],[-75.63568,6.2785],[-75.63562,6.27868],[-75.63581,6.27862]],[[-75.63617,6.28016],[-75.63598,6.27868],[-75.63564,6.2799],[-75.63617,6.28016]],[[-75.63602,6.28065],[-75.63615,6.28073],[-75.63616,6.28029],[-75.63602,6.28065]],[[-75.63673,6.2786],[-75.63658,6.27847],[-75.63613,6.27862],[-75.63673,6.2786]],[[-75.63633,6.27834],[-75.6363,6.27828],[-75.6363,6.2784],[-75.63633,6.27834]],[[-75.63631,6.27915],[-75.6363,6.27911],[-75.6363,6.27917],[-75.63631,6.27915]],[[-75.63792,6.27901],[-75.63778,6.27887],[-75.63778,6.27899],[-75.63792,6.27901]],[[-75.63926,6.27976],[-75.63915,6.27961],[-75.63914,6.27991],[-75.63926,6.27976]],[[-75.63925,6.27921],[-75.63936,6.27952],[-75.6396,6.2794],[-75.63925,6.27921]],[[-75.63944,6.28192],[-75.64009,6.28294],[-75.64036,6.28213],[-75.63944,6.28192]],[[-75.63968,6.27967],[-75.63968,6.2797],[-75.63975,6.27969],[-75.63968,6.27967]],[[-75.64014,6.27968],[-75.64009,6.27967],[-75.64003,6.27968],[-75.64014,6.27968]],[[-75.64015,6.27988],[-75.64022,6.28093],[-75.64072,6.27985],[-75.64015,6.27988]],[[-75.64114,6.28203],[-75.64076,6.28219],[-75.64135,6.28226],[-75.64114,6.28203]],[[-75.64283,6.28049],[-75.64279,6.28048],[-75.64274,6.28049],[-75.64283,6.28049]]],[[[-75.63604,6.17418],[-75.63904,6.17339],[-75.63557,6.17506],[-75.63604,6.17418]]],[[[-75.63773,6.27714],[-75.63611,6.27631],[-75.6377,6.27612],[-75.63873,6.27561],[-75.63773,6.27714]]],[[[-75.64553,6.1859],[-75.64252,6.18314],[-75.63778,6.17739],[-75.64589,6.18595],[-75.64549,6.18625],[-75.64699,6.18678],[-75.64285,6.18723],[-75.6438,6.18592],[-75.64553,6.1859]],[[-75.64005,6.1799],[-75.64006,6.17992],[-75.64006,6.17988],[-75.64005,6.1799]],[[-75.6403,6.18043],[-75.64036,6.18044],[-75.64033,6.18041],[-75.6403,6.18043]],[[-75.64518,6.18611],[-75.64523,6.18619],[-75.64524,6.18607],[-75.64518,6.18611]],[[-75.64533,6.18679],[-75.6455,6.18693],[-75.64536,6.18676],[-75.64533,6.18679]],[[-75.64564,6.18605],[-75.64571,6.18597],[-75.64564,6.1859],[-75.64564,6.18605]]],[[[-75.65186,6.17348],[-75.63793,6.1745],[-75.64399,6.17213],[-75.65186,6.17348]],[[-75.64364,6.17324],[-75.64329,6.17266],[-75.64243,6.17284],[-75.64364,6.17324]],[[-75.64402,6.17228],[-75.64398,6.17215],[-75.6437,6.17229],[-75.64402,6.17228]],[[-75.64441,6.17323],[-75.64411,6.17309],[-75.64376,6.17324],[-75.64441,6.17323]],[[-75.64604,6.17296],[-75.64562,6.17282],[-75.6446,6.1731],[-75.64604,6.17296]],[[-75.64702,6.17296],[-75.64667,6.17289],[-75.64636,6.17295],[-75.64702,6.17296]],[[-75.64959,6.17364],[-75.64841,6.173],[-75.64738,6.17309],[-75.64959,6.17364]]],[[[-75.64668,6.18653],[-75.64825,6.18276],[-75.65113,6.18489],[-75.64892,6.18517],[-75.6498,6.18647],[-75.64888,6.18657],[-75.64889,6.18549],[-75.64706,6.18624],[-75.64805,6.18666],[-75.64668,6.18653]],[[-75.64724,6.18582],[-75.647,6.18617],[-75.64779,6.18548],[-75.64724,6.18582]],[[-75.64946,6.185],[-75.64835,6.18485],[-75.64801,6.18543],[-75.64946,6.185]],[[-75.64821,6.18305],[-75.64824,6.18299],[-75.64821,6.18295],[-75.64821,6.18305]],[[-75.64821,6.18436],[-75.64848,6.18465],[-75.64821,6.18418],[-75.64821,6.18436]],[[-75.64885,6.18542],[-75.64903,6.18563],[-75.64899,6.18541],[-75.64885,6.18542]]],[[[-75.65015,6.18644],[-75.65096,6.18523],[-75.65174,6.18576],[-75.65133,6.18495],[-75.65382,6.18503],[-75.6554,6.18407],[-75.65653,6.1853],[-75.65612,6.18592],[-75.65728,6.18611],[-75.65015,6.18644]],[[-75.65093,6.18547],[-75.65098,6.18543],[-75.65093,6.18541],[-75.65093,6.18547]],[[-75.652,6.18569],[-75.65219,6.18569],[-75.65212,6.18568],[-75.652,6.18569]],[[-75.65249,6.18582],[-75.65255,6.18584],[-75.65255,6.1858],[-75.65249,6.18582]],[[-75.65262,6.18528],[-75.6527,6.18528],[-75.65267,6.18527],[-75.65262,6.18528]]],[[[-75.65716,6.18691],[-75.65608,6.18806],[-75.6558,6.18751],[-75.65568,6.18855],[-75.65564,6.18649],[-75.65716,6.18691]]],[[[-75.6588,6.18362],[-75.65741,6.18589],[-75.65654,6.18366],[-75.6588,6.18362]],[[-75.65706,6.1847],[-75.65716,6.18421],[-75.65705,6.1847],[-75.65706,6.1847]],[[-75.65737,6.18459],[-75.65733,6.18444],[-75.65708,6.18469],[-75.65737,6.18459]],[[-75.65746,6.18473],[-75.6574,6.1847],[-75.65741,6.18475],[-75.65746,6.18473]]],[[[-75.65939,6.18783],[-75.66052,6.18683],[-75.66275,6.18755],[-75.6592,6.1879],[-75.65894,6.18364],[-75.65972,6.18377],[-75.65939,6.18783]],[[-75.65945,6.18554],[-75.65932,6.18509],[-75.65932,6.1854],[-75.65945,6.18554]]]]}},{"type":"Feature","properties":{"iso":70,"rango_db":"70.0-75.0","ha":1586.4},"geometry":{"type":"MultiPolygon","coordinates":[[[[-75.53686,6.23252],[-75.53469,6.23268],[-75.53277,6.23126],[-75.53686,6.23252]]],[[[-75.53407,6.22928],[-75.53723,6.22886],[-75.53621,6.23052],[-75.53407,6.22928]]],[[[-75.53785,6.29623],[-75.53682,6.29682],[-75.53782,6.29436],[-75.53835,6.293],[-75.53785,6.29623]]],[[[-75.53779,6.27537],[-75.53841,6.27833],[-75.53735,6.27781],[-75.53779,6.27537]]],[[[-75.53785,6.23102],[-75.5406,6.23165],[-75.54066,6.23241],[-75.53785,6.23102]]],[[[-75.54174,6.29344],[-75.53967,6.29652],[-75.54283,6.29089],[-75.54174,6.29344]]],[[[-75.55072,6.24011],[-75.54375,6.23569],[-75.54948,6.23892],[-75.55121,6.23696],[-75.55072,6.24011]],[[-75.5488,6.23875],[-75.54876,6.23866],[-75.54863,6.23873],[-75.5488,6.23875]],[[-75.55027,6.23955],[-75.55027,6.23954],[-75.55026,6.23954],[-75.55027,6.23955]]],[[[-75.54651,6.25133],[-75.54605,6.25228],[-75.54433,6.25066],[-75.54651,6.25133]]],[[[-75.54507,6.27062],[-75.54466,6.2685],[-75.54742,6.26897],[-75.54507,6.27062]]],[[[-75.54687,6.27981],[-75.54578,6.28208],[-75.54631,6.27882],[-75.54687,6.27981]]],[[[-75.5595,6.29889],[-75.5585,6.30948],[-75.55878,6.30284],[-75.55744,6.3102],[-75.54808,6.30274],[-75.5554,6.30669],[-75.55731,6.29726],[-75.56196,6.29113],[-75.55768,6.29753],[-75.55738,6.31007],[-75.55818,6.30107],[-75.5595,6.29889]],[[-75.55222,6.3057],[-75.55211,6.3057],[-75.55209,6.30585],[-75.55222,6.3057]],[[-75.55316,6.30617],[-75.55316,6.30611],[-75.55315,6.30612],[-75.55316,6.30617]],[[-75.5556,6.30682],[-75.5556,6.30674],[-75.55557,6.30678],[-75.5556,6.30682]],[[-75.55683,6.30067],[-75.55681,6.30066],[-75.55681,6.30068],[-75.55683,6.30067]],[[-75.55739,6.29972],[-75.55736,6.29971],[-75.55736,6.29974],[-75.55739,6.29972]],[[-75.55856,6.30071],[-75.55857,6.30062],[-75.55852,6.30066],[-75.55856,6.30071]]],[[[-75.55115,6.26583],[-75.54864,6.27134],[-75.54912,6.26747],[-75.55115,6.26583]],[[-75.54966,6.26766],[-75.5494,6.26747],[-75.54944,6.26763],[-75.54966,6.26766]]],[[[-75.54876,6.23503],[-75.55171,6.23583],[-75.54904,6.23678],[-75.54876,6.23503]]],[[[-75.5627,6.25326],[-75.56327,6.25424],[-75.56208,6.25374],[-75.56853,6.25764],[-75.5677,6.25754],[-75.56748,6.26379],[-75.56983,6.25842],[-75.57118,6.25924],[-75.56939,6.26457],[-75.57212,6.26237],[-75.57142,6.25938],[-75.57299,6.26033],[-75.57147,6.26487],[-75.56737,6.26444],[-75.57139,6.26528],[-75.56904,6.27539],[-75.56511,6.27236],[-75.56716,6.26471],[-75.56196,6.26684],[-75.56372,6.27286],[-75.56053,6.26781],[-75.5608,6.26936],[-75.55966,6.26767],[-75.56011,6.26537],[-75.56043,6.26722],[-75.56269,6.26427],[-75.55683,6.26298],[-75.55466,6.26903],[-75.55612,6.26471],[-75.55136,6.2647],[-75.55331,6.26054],[-75.55572,6.26126],[-75.55308,6.26379],[-75.55482,6.26309],[-75.55577,6.26127],[-75.55783,6.26189],[-75.56191,6.25467],[-75.55658,6.25012],[-75.54942,6.24944],[-75.55599,6.2498],[-75.55702,6.2484],[-75.55632,6.24964],[-75.56077,6.25264],[-75.56329,6.24891],[-75.55984,6.24738],[-75.56151,6.24654],[-75.55901,6.24509],[-75.56153,6.24653],[-75.56362,6.24547],[-75.5628,6.24715],[-75.56522,6.24285],[-75.56443,6.24438],[-75.56584,6.24529],[-75.56559,6.243],[-75.56706,6.24358],[-75.56632,6.2444],[-75.56734,6.24369],[-75.56811,6.244],[-75.56641,6.2466],[-75.56919,6.24442],[-75.56506,6.25005],[-75.56606,6.24786],[-75.5627,6.25326]],[[-75.55731,6.26258],[-75.56237,6.26352],[-75.56477,6.25943],[-75.56229,6.25781],[-75.56562,6.25757],[-75.56278,6.25544],[-75.55783,6.26189],[-75.55731,6.26258]],[[-75.55303,6.26362],[-75.55303,6.26349],[-75.55263,6.26384],[-75.55303,6.26362]],[[-75.55313,6.26314],[-75.55292,6.2629],[-75.55281,6.26338],[-75.55313,6.26314]],[[-75.553,6.26255],[-75.55306,6.26263],[-75.55309,6.26256],[-75.553,6.26255]],[[-75.55324,6.26277],[-75.55324,6.26266],[-75.55312,6.26277],[-75.55324,6.26277]],[[-75.55413,6.26271],[-75.55358,6.26251],[-75.55331,6.26301],[-75.55413,6.26271]],[[-75.55337,6.26231],[-75.55332,6.26225],[-75.55331,6.26235],[-75.55337,6.26231]],[[-75.55372,6.26232],[-75.55372,6.26216],[-75.5537,6.2622],[-75.55372,6.26232]],[[-75.55573,6.26271],[-75.55575,6.26293],[-75.55595,6.26271],[-75.55573,6.26271]],[[-75.55597,6.26145],[-75.55593,6.26147],[-75.55591,6.26152],[-75.55597,6.26145]],[[-75.55617,6.26313],[-75.55657,6.26295],[-75.55592,6.2629],[-75.55617,6.26313]],[[-75.55675,6.26271],[-75.55671,6.2627],[-75.55669,6.26271],[-75.55675,6.26271]],[[-75.55712,6.26257],[-75.55697,6.26243],[-75.55714,6.26272],[-75.55712,6.26257]],[[-75.55738,6.26288],[-75.55738,6.26283],[-75.55735,6.26285],[-75.55738,6.26288]],[[-75.5587,6.26318],[-75.55772,6.26294],[-75.55831,6.26329],[-75.5587,6.26318]],[[-75.55989,6.26325],[-75.55941,6.26316],[-75.5591,6.26335],[-75.55989,6.26325]],[[-75.56053,6.26341],[-75.56031,6.26328],[-75.5598,6.26351],[-75.56053,6.26341]],[[-75.55983,6.26721],[-75.55984,6.26717],[-75.55983,6.26711],[-75.55983,6.26721]],[[-75.56056,6.25331],[-75.56047,6.25319],[-75.56049,6.25338],[-75.56056,6.25331]],[[-75.56058,6.26364],[-75.56052,6.2636],[-75.56049,6.26365],[-75.56058,6.26364]],[[-75.56063,6.25315],[-75.56194,6.25306],[-75.56251,6.2507],[-75.56063,6.25315]],[[-75.56103,6.26362],[-75.56079,6.26348],[-75.56069,6.26364],[-75.56103,6.26362]],[[-75.56089,6.25688],[-75.56089,6.25684],[-75.56087,6.25686],[-75.56089,6.25688]],[[-75.56106,6.25674],[-75.56142,6.25708],[-75.56239,6.25501],[-75.56106,6.25674]],[[-75.56173,6.26378],[-75.56154,6.26359],[-75.56124,6.26365],[-75.56173,6.26378]],[[-75.56268,6.26406],[-75.56278,6.26361],[-75.56204,6.2639],[-75.56268,6.26406]],[[-75.56234,6.24835],[-75.56274,6.24734],[-75.56236,6.24795],[-75.56234,6.24835]],[[-75.56255,6.2505],[-75.56343,6.25091],[-75.56291,6.24984],[-75.56255,6.2505]],[[-75.56595,6.24574],[-75.56435,6.2447],[-75.56258,6.24812],[-75.56595,6.24574]],[[-75.56512,6.24839],[-75.56372,6.25048],[-75.56289,6.25259],[-75.56512,6.24839]],[[-75.56386,6.2639],[-75.56345,6.26343],[-75.56366,6.2642],[-75.56386,6.2639]],[[-75.56363,6.249],[-75.56379,6.25018],[-75.56432,6.24938],[-75.56363,6.249]],[[-75.56633,6.26391],[-75.5667,6.25979],[-75.5639,6.26358],[-75.56633,6.26391]],[[-75.56428,6.26396],[-75.56428,6.2639],[-75.56414,6.26391],[-75.56428,6.26396]],[[-75.56421,6.26147],[-75.56416,6.26141],[-75.56416,6.26155],[-75.56421,6.26147]],[[-75.56469,6.2604],[-75.56467,6.26036],[-75.56462,6.26038],[-75.56469,6.2604]],[[-75.5651,6.25945],[-75.56505,6.25939],[-75.56496,6.25947],[-75.5651,6.25945]],[[-75.5652,6.24844],[-75.56574,6.24746],[-75.56519,6.24828],[-75.5652,6.24844]],[[-75.56704,6.25963],[-75.56748,6.25737],[-75.56544,6.25936],[-75.56704,6.25963]],[[-75.56565,6.25807],[-75.56564,6.25806],[-75.56564,6.25808],[-75.56565,6.25807]],[[-75.56648,6.26431],[-75.56564,6.26413],[-75.56633,6.26446],[-75.56648,6.26431]],[[-75.56628,6.24678],[-75.56587,6.24726],[-75.56615,6.24737],[-75.56628,6.24678]],[[-75.56844,6.27478],[-75.57094,6.26627],[-75.56771,6.26471],[-75.5659,6.27226],[-75.56844,6.27478]],[[-75.56674,6.24592],[-75.5675,6.24429],[-75.566,6.24551],[-75.56674,6.24592]],[[-75.56621,6.24746],[-75.56634,6.24762],[-75.56658,6.24714],[-75.56621,6.24746]],[[-75.56633,6.2434],[-75.56647,6.24347],[-75.56644,6.24336],[-75.56633,6.2434]],[[-75.56654,6.24451],[-75.56668,6.24424],[-75.56656,6.24437],[-75.56654,6.24451]],[[-75.56717,6.24424],[-75.56709,6.24416],[-75.56708,6.24432],[-75.56717,6.24424]],[[-75.56718,6.24404],[-75.56716,6.24415],[-75.56728,6.24406],[-75.56718,6.24404]],[[-75.56768,6.26358],[-75.56768,6.26377],[-75.5677,6.26368],[-75.56768,6.26358]],[[-75.57229,6.26084],[-75.57242,6.26133],[-75.57255,6.26103],[-75.57229,6.26084]],[[-75.57255,6.26063],[-75.57255,6.26033],[-75.57241,6.26048],[-75.57255,6.26063]]],[[[-75.55032,6.20712],[-75.55522,6.20612],[-75.55447,6.2082],[-75.55032,6.20712]]],[[[-75.5534,6.29088],[-75.55161,6.29434],[-75.55033,6.2935],[-75.5534,6.29088]]],[[[-75.55564,6.21203],[-75.56223,6.22003],[-75.55255,6.2155],[-75.56216,6.22006],[-75.55619,6.21911],[-75.55134,6.2147],[-75.5562,6.21409],[-75.55564,6.21203]]],[[[-75.55188,6.28418],[-75.55136,6.28365],[-75.55268,6.27782],[-75.55188,6.28418]]],[[[-75.56474,6.24317],[-75.56335,6.24244],[-75.56446,6.24374],[-75.56363,6.24545],[-75.56044,6.24377],[-75.56061,6.24354],[-75.55515,6.24197],[-75.55513,6.23975],[-75.55948,6.2416],[-75.55214,6.23601],[-75.56154,6.24235],[-75.56182,6.23939],[-75.56084,6.24143],[-75.5607,6.2397],[-75.56366,6.23554],[-75.56218,6.23863],[-75.56499,6.24246],[-75.56485,6.23929],[-75.56731,6.23832],[-75.56721,6.23967],[-75.56878,6.23868],[-75.56741,6.23829],[-75.5689,6.2377],[-75.56977,6.23985],[-75.57066,6.23774],[-75.57393,6.23896],[-75.57291,6.24505],[-75.57463,6.24579],[-75.56893,6.24372],[-75.5692,6.241],[-75.56885,6.24159],[-75.56649,6.24222],[-75.56744,6.24031],[-75.56547,6.23965],[-75.56585,6.24217],[-75.56474,6.24317]],[[-75.56084,6.24228],[-75.56094,6.24382],[-75.56446,6.24374],[-75.56084,6.24228]],[[-75.56017,6.24248],[-75.56022,6.24249],[-75.56018,6.24245],[-75.56017,6.24248]],[[-75.56061,6.24206],[-75.56029,6.24204],[-75.56059,6.24228],[-75.56061,6.24206]],[[-75.56043,6.24263],[-75.56044,6.24265],[-75.56044,6.24262],[-75.56043,6.24263]],[[-75.56047,6.24193],[-75.56072,6.24196],[-75.56067,6.24195],[-75.56047,6.24193]],[[-75.56057,6.24295],[-75.56058,6.24306],[-75.56058,6.2429],[-75.56057,6.24295]],[[-75.56131,6.24235],[-75.5615,6.24238],[-75.56119,6.2423],[-75.56131,6.24235]],[[-75.56212,6.24233],[-75.56219,6.24228],[-75.56185,6.2424],[-75.56212,6.24233]],[[-75.56163,6.2424],[-75.5617,6.24241],[-75.56185,6.2424],[-75.56163,6.2424]],[[-75.56271,6.2414],[-75.56282,6.2414],[-75.56275,6.24137],[-75.56271,6.2414]],[[-75.56293,6.24232],[-75.5635,6.24195],[-75.56273,6.24198],[-75.56293,6.24232]],[[-75.56325,6.24064],[-75.56304,6.24125],[-75.56363,6.24099],[-75.56325,6.24064]],[[-75.56334,6.24155],[-75.5634,6.2416],[-75.5634,6.24153],[-75.56334,6.24155]],[[-75.56523,6.24153],[-75.56531,6.24161],[-75.56532,6.24145],[-75.56523,6.24153]],[[-75.56761,6.24088],[-75.56753,6.24123],[-75.56788,6.24103],[-75.56761,6.24088]],[[-75.56754,6.24041],[-75.56776,6.24068],[-75.56809,6.24063],[-75.56754,6.24041]],[[-75.56851,6.24124],[-75.56815,6.24103],[-75.56822,6.24151],[-75.56851,6.24124]],[[-75.56864,6.24082],[-75.56827,6.24063],[-75.5684,6.24097],[-75.56864,6.24082]],[[-75.56839,6.24165],[-75.56843,6.24169],[-75.56843,6.24158],[-75.56839,6.24165]],[[-75.56868,6.23908],[-75.56869,6.2391],[-75.5687,6.23908],[-75.56868,6.23908]],[[-75.56905,6.2399],[-75.56878,6.23964],[-75.56869,6.24058],[-75.56905,6.2399]],[[-75.56884,6.24072],[-75.56885,6.2407],[-75.56884,6.24069],[-75.56884,6.24072]],[[-75.56903,6.2389],[-75.56891,6.23954],[-75.56936,6.2391],[-75.56903,6.2389]],[[-75.56937,6.23994],[-75.56901,6.24072],[-75.56971,6.24032],[-75.56937,6.23994]],[[-75.56907,6.24362],[-75.56931,6.24356],[-75.56925,6.24341],[-75.56907,6.24362]],[[-75.56915,6.24303],[-75.57008,6.24337],[-75.57016,6.24238],[-75.56915,6.24303]],[[-75.56921,6.23975],[-75.56924,6.23978],[-75.56924,6.23972],[-75.56921,6.23975]],[[-75.56975,6.24391],[-75.56994,6.24373],[-75.5694,6.24363],[-75.56975,6.24391]],[[-75.5695,6.24105],[-75.56962,6.24129],[-75.56978,6.24096],[-75.5695,6.24105]],[[-75.56992,6.24141],[-75.56964,6.24206],[-75.57073,6.24184],[-75.56992,6.24141]],[[-75.56999,6.24091],[-75.57085,6.24153],[-75.57141,6.23862],[-75.56999,6.24091]],[[-75.57015,6.24415],[-75.57153,6.24451],[-75.57206,6.24211],[-75.57015,6.24415]],[[-75.57244,6.24196],[-75.57347,6.23884],[-75.57126,6.24173],[-75.57244,6.24196]],[[-75.5734,6.24145],[-75.5733,6.24103],[-75.57302,6.24169],[-75.5734,6.24145]]],[[[-75.57467,6.23923],[-75.57548,6.24322],[-75.57596,6.24089],[-75.57794,6.24572],[-75.57548,6.24365],[-75.57487,6.24519],[-75.57393,6.23896],[-75.57467,6.23923]],[[-75.57482,6.24211],[-75.57494,6.24227],[-75.57494,6.24196],[-75.57482,6.24211]]],[[[-75.55303,6.28319],[-75.55624,6.2815],[-75.56244,6.28358],[-75.55303,6.28319]]],[[[-75.55896,6.19455],[-75.55944,6.204],[-75.557,6.19817],[-75.5553,6.204],[-75.55628,6.19882],[-75.55785,6.1965],[-75.5564,6.19818],[-75.55896,6.19455]],[[-75.55601,6.20047],[-75.55599,6.20043],[-75.55599,6.2005],[-75.55601,6.20047]],[[-75.55614,6.20074],[-75.55612,6.20067],[-75.55612,6.2008],[-75.55614,6.20074]],[[-75.55733,6.19819],[-75.55733,6.19814],[-75.55731,6.19817],[-75.55733,6.19819]]],[[[-75.55714,6.27505],[-75.55708,6.27247],[-75.55751,6.27165],[-75.56068,6.27218],[-75.55715,6.27604],[-75.55714,6.27505]],[[-75.55718,6.2745],[-75.55715,6.27445],[-75.55715,6.27455],[-75.55718,6.2745]]],[[[-75.55854,6.21108],[-75.55719,6.20846],[-75.56181,6.20241],[-75.56379,6.20656],[-75.56128,6.2049],[-75.55854,6.21108]],[[-75.55886,6.20989],[-75.55888,6.20982],[-75.55886,6.20974],[-75.55886,6.20989]],[[-75.56061,6.20465],[-75.56082,6.20466],[-75.56062,6.20447],[-75.56061,6.20465]],[[-75.561,6.20452],[-75.56115,6.20453],[-75.5611,6.20449],[-75.561,6.20452]],[[-75.56127,6.20439],[-75.56128,6.20442],[-75.56128,6.20438],[-75.56127,6.20439]]],[[[-75.57138,6.22871],[-75.57342,6.22665],[-75.57167,6.22883],[-75.57428,6.23037],[-75.57409,6.22599],[-75.57472,6.22535],[-75.57592,6.21445],[-75.57067,6.21174],[-75.57069,6.2109],[-75.57411,6.21242],[-75.57139,6.2108],[-75.57617,6.21203],[-75.57677,6.2059],[-75.57752,6.20576],[-75.57704,6.21309],[-75.57764,6.20561],[-75.57876,6.20419],[-75.57748,6.21319],[-75.57382,6.21289],[-75.57681,6.21394],[-75.57556,6.22562],[-75.57713,6.21406],[-75.57652,6.22438],[-75.57806,6.21387],[-75.57586,6.23316],[-75.57639,6.23656],[-75.57573,6.23486],[-75.57549,6.23809],[-75.57544,6.23878],[-75.56916,6.23657],[-75.56738,6.23294],[-75.57002,6.23593],[-75.57013,6.23158],[-75.57038,6.23398],[-75.57265,6.23382],[-75.57013,6.23145],[-75.57111,6.22935],[-75.57021,6.22856],[-75.57058,6.21491],[-75.57138,6.22871]],[[-75.57547,6.2372],[-75.57505,6.23791],[-75.57549,6.23809],[-75.57547,6.2372]],[[-75.57,6.23646],[-75.56967,6.23615],[-75.56972,6.23672],[-75.57,6.23646]],[[-75.57044,6.23419],[-75.57045,6.2342],[-75.57045,6.23418],[-75.57044,6.23419]],[[-75.57147,6.23497],[-75.57046,6.23448],[-75.57112,6.23658],[-75.57147,6.23497]],[[-75.57354,6.23086],[-75.57149,6.22933],[-75.57077,6.2314],[-75.57354,6.23086]],[[-75.57091,6.21182],[-75.57094,6.21182],[-75.57092,6.21181],[-75.57091,6.21182]],[[-75.57137,6.22906],[-75.57154,6.22906],[-75.57141,6.22894],[-75.57137,6.22906]],[[-75.57139,6.2346],[-75.57158,6.23461],[-75.57153,6.23455],[-75.57139,6.2346]],[[-75.57194,6.23586],[-75.57145,6.23663],[-75.5729,6.23665],[-75.57194,6.23586]],[[-75.57155,6.23535],[-75.57167,6.2355],[-75.57167,6.23519],[-75.57155,6.23535]],[[-75.57164,6.23189],[-75.57168,6.23189],[-75.57166,6.23187],[-75.57164,6.23189]],[[-75.57303,6.23543],[-75.57199,6.23538],[-75.57299,6.23608],[-75.57303,6.23543]],[[-75.57379,6.23359],[-75.57204,6.23471],[-75.57342,6.23535],[-75.57379,6.23359]],[[-75.57226,6.21127],[-75.57228,6.21127],[-75.57227,6.21125],[-75.57226,6.21127]],[[-75.57248,6.2114],[-75.57297,6.21154],[-75.57255,6.21138],[-75.57248,6.2114]],[[-75.57347,6.23052],[-75.57273,6.22998],[-75.57354,6.23069],[-75.57398,6.23079],[-75.57347,6.23052]],[[-75.57311,6.23304],[-75.57355,6.23296],[-75.57342,6.23264],[-75.57311,6.23304]],[[-75.57316,6.23342],[-75.57371,6.23337],[-75.57355,6.23321],[-75.57316,6.23342]],[[-75.5742,6.23673],[-75.57327,6.23667],[-75.57397,6.23765],[-75.5742,6.23673]],[[-75.5733,6.23623],[-75.57331,6.23622],[-75.5733,6.23619],[-75.5733,6.23623]],[[-75.57343,6.23649],[-75.57371,6.2365],[-75.57361,6.23645],[-75.57343,6.23649]],[[-75.57354,6.23554],[-75.57356,6.23556],[-75.57356,6.2355],[-75.57354,6.23554]],[[-75.5742,6.23206],[-75.5736,6.23162],[-75.57376,6.23261],[-75.5742,6.23206]],[[-75.57363,6.23576],[-75.57362,6.23625],[-75.57434,6.23645],[-75.57363,6.23576]],[[-75.57376,6.23115],[-75.57378,6.23142],[-75.57406,6.23148],[-75.57376,6.23115]],[[-75.57437,6.2341],[-75.57376,6.23541],[-75.57456,6.2358],[-75.57437,6.2341]],[[-75.57389,6.23323],[-75.57396,6.23331],[-75.57397,6.23316],[-75.57389,6.23323]],[[-75.57424,6.21261],[-75.57445,6.21277],[-75.57445,6.21258],[-75.57424,6.21261]],[[-75.57482,6.2369],[-75.57426,6.23762],[-75.57465,6.23791],[-75.57482,6.2369]],[[-75.57472,6.2363],[-75.57476,6.23672],[-75.57513,6.23667],[-75.57472,6.2363]],[[-75.57483,6.23486],[-75.57491,6.23493],[-75.57492,6.23479],[-75.57483,6.23486]],[[-75.5749,6.23594],[-75.57506,6.23608],[-75.57504,6.23579],[-75.5749,6.23594]],[[-75.57498,6.23011],[-75.5749,6.23003],[-75.5749,6.2302],[-75.57498,6.23011]],[[-75.57492,6.22857],[-75.57503,6.22951],[-75.5751,6.22844],[-75.57492,6.22857]],[[-75.57541,6.22593],[-75.57504,6.22761],[-75.57516,6.22843],[-75.57541,6.22593]],[[-75.57519,6.23567],[-75.57518,6.23567],[-75.57519,6.23569],[-75.57519,6.23567]],[[-75.5757,6.23415],[-75.57562,6.2324],[-75.57567,6.23403],[-75.5757,6.23415]],[[-75.57638,6.21159],[-75.57646,6.21174],[-75.57648,6.21097],[-75.57638,6.21159]],[[-75.57654,6.21026],[-75.57661,6.21046],[-75.57661,6.20961],[-75.57654,6.21026]],[[-75.57666,6.20871],[-75.57673,6.20903],[-75.57674,6.20834],[-75.57666,6.20871]],[[-75.57679,6.20761],[-75.57687,6.2078],[-75.57687,6.20714],[-75.57679,6.20761]]],[[[-75.57031,6.21016],[-75.57133,6.20371],[-75.57375,6.19892],[-75.57182,6.20073],[-75.57433,6.19639],[-75.57486,6.19717],[-75.57348,6.20021],[-75.57528,6.20115],[-75.5759,6.19499],[-75.57478,6.19474],[-75.57404,6.19155],[-75.57229,6.19359],[-75.57387,6.19573],[-75.5675,6.19232],[-75.56628,6.19583],[-75.56874,6.19692],[-75.56602,6.19648],[-75.56485,6.20033],[-75.5703,6.20272],[-75.57132,6.2037],[-75.56179,6.20214],[-75.56393,6.20042],[-75.56083,6.19962],[-75.56452,6.20015],[-75.56747,6.19148],[-75.56654,6.19149],[-75.56344,6.18738],[-75.56367,6.1873],[-75.56191,6.1864],[-75.56124,6.18812],[-75.56331,6.18742],[-75.56,6.19217],[-75.56261,6.19341],[-75.56356,6.18994],[-75.5644,6.19504],[-75.55737,6.19205],[-75.56211,6.18538],[-75.56732,6.19126],[-75.56778,6.18869],[-75.56989,6.19342],[-75.57686,6.18983],[-75.5701,6.18601],[-75.56785,6.1883],[-75.56918,6.18089],[-75.57024,6.18569],[-75.57671,6.18964],[-75.57955,6.18374],[-75.57812,6.19275],[-75.57682,6.19321],[-75.57749,6.19485],[-75.57649,6.19459],[-75.57706,6.20063],[-75.57631,6.19943],[-75.57502,6.20203],[-75.57523,6.20248],[-75.57321,6.20048],[-75.57139,6.2108],[-75.57031,6.21016]],[[-75.55772,6.19209],[-75.55789,6.19208],[-75.55776,6.19198],[-75.55772,6.19209]],[[-75.56014,6.19246],[-75.56018,6.19247],[-75.56016,6.19245],[-75.56014,6.19246]],[[-75.5604,6.19113],[-75.56043,6.19125],[-75.56043,6.19095],[-75.5604,6.19113]],[[-75.56052,6.19068],[-75.56056,6.19077],[-75.56057,6.19053],[-75.56052,6.19068]],[[-75.56069,6.19029],[-75.5607,6.19031],[-75.5607,6.19027],[-75.56069,6.19029]],[[-75.5611,6.193],[-75.56113,6.193],[-75.56111,6.19299],[-75.5611,6.193]],[[-75.56218,6.19354],[-75.56221,6.19354],[-75.5622,6.19353],[-75.56218,6.19354]],[[-75.56248,6.19385],[-75.56293,6.19381],[-75.56255,6.19362],[-75.56248,6.19385]],[[-75.56341,6.19155],[-75.56342,6.1915],[-75.56341,6.19145],[-75.56341,6.19155]],[[-75.56411,6.18817],[-75.56423,6.1881],[-75.5641,6.18795],[-75.56411,6.18817]],[[-75.56436,6.18825],[-75.5645,6.1881],[-75.56422,6.18782],[-75.56436,6.18825]],[[-75.56436,6.20049],[-75.56469,6.20058],[-75.56452,6.20031],[-75.56436,6.20049]],[[-75.56459,6.18838],[-75.56477,6.18852],[-75.56462,6.18835],[-75.56459,6.18838]],[[-75.56492,6.20072],[-75.56497,6.20072],[-75.56494,6.2007],[-75.56492,6.20072]],[[-75.56557,6.20099],[-75.56564,6.20099],[-75.56561,6.20098],[-75.56557,6.20099]],[[-75.56594,6.20112],[-75.56616,6.20112],[-75.56602,6.20111],[-75.56594,6.20112]],[[-75.56635,6.20125],[-75.5667,6.20126],[-75.56652,6.20123],[-75.56635,6.20125]],[[-75.56791,6.20193],[-75.56792,6.20193],[-75.56791,6.20191],[-75.56791,6.20193]],[[-75.56816,6.20206],[-75.56821,6.20206],[-75.56819,6.20205],[-75.56816,6.20206]],[[-75.56828,6.19258],[-75.56844,6.19271],[-75.5683,6.19249],[-75.56828,6.19258]],[[-75.56844,6.20221],[-75.56954,6.20261],[-75.56845,6.20206],[-75.56844,6.20221]],[[-75.56883,6.19298],[-75.56884,6.19298],[-75.56884,6.19297],[-75.56883,6.19298]],[[-75.56981,6.20274],[-75.56983,6.20274],[-75.56981,6.20273],[-75.56981,6.20274]],[[-75.57014,6.19352],[-75.57021,6.19352],[-75.57018,6.1935],[-75.57014,6.19352]],[[-75.57045,6.19338],[-75.57241,6.19406],[-75.57089,6.19309],[-75.57045,6.19338]],[[-75.57078,6.20955],[-75.57079,6.20971],[-75.5709,6.20948],[-75.57078,6.20955]],[[-75.57092,6.2093],[-75.5712,6.20885],[-75.57131,6.20822],[-75.57092,6.2093]],[[-75.57132,6.20796],[-75.57166,6.20619],[-75.57144,6.205],[-75.57132,6.20796]],[[-75.57144,6.20436],[-75.57158,6.2045],[-75.57157,6.20419],[-75.57144,6.20436]],[[-75.57397,6.19864],[-75.57399,6.19866],[-75.57399,6.19859],[-75.57397,6.19864]],[[-75.57481,6.20192],[-75.57485,6.20192],[-75.57483,6.20188],[-75.57481,6.20192]],[[-75.57504,6.19221],[-75.5752,6.19228],[-75.57506,6.19213],[-75.57504,6.19221]],[[-75.5751,6.1927],[-75.57516,6.19262],[-75.57508,6.19251],[-75.5751,6.1927]],[[-75.57526,6.19271],[-75.57548,6.19284],[-75.57533,6.19263],[-75.57526,6.19271]],[[-75.57547,6.19323],[-75.57581,6.19337],[-75.57537,6.19302],[-75.57547,6.19323]],[[-75.57601,6.19271],[-75.57574,6.19268],[-75.57598,6.19301],[-75.57601,6.19271]],[[-75.57604,6.19239],[-75.57594,6.19241],[-75.576,6.19244],[-75.57604,6.19239]],[[-75.57599,6.1935],[-75.57606,6.1935],[-75.57602,6.19347],[-75.57599,6.1935]],[[-75.57629,6.19908],[-75.57631,6.19921],[-75.5763,6.19905],[-75.57629,6.19908]],[[-75.57643,6.19399],[-75.57662,6.1935],[-75.57633,6.19286],[-75.57643,6.19399]],[[-75.57633,6.19259],[-75.57641,6.19273],[-75.57641,6.19246],[-75.57633,6.19259]],[[-75.57642,6.19186],[-75.57643,6.19195],[-75.57656,6.1917],[-75.57642,6.19186]],[[-75.57697,6.19046],[-75.5771,6.19026],[-75.5771,6.18977],[-75.57697,6.19046]],[[-75.57786,6.18752],[-75.5779,6.18757],[-75.5779,6.18744],[-75.57786,6.18752]]],[[[-75.56148,6.30614],[-75.56268,6.3084],[-75.55868,6.31227],[-75.5577,6.31203],[-75.55831,6.31212],[-75.56148,6.30614]]],[[[-75.56597,6.22978],[-75.56443,6.22635],[-75.56586,6.21846],[-75.55807,6.21478],[-75.56248,6.21991],[-75.55789,6.21468],[-75.56594,6.21837],[-75.56595,6.22457],[-75.56608,6.2186],[-75.56621,6.23034],[-75.56603,6.22458],[-75.56597,6.22978]]],[[[-75.56676,6.30329],[-75.56401,6.30176],[-75.56077,6.30482],[-75.56139,6.30598],[-75.55843,6.31112],[-75.56087,6.30262],[-75.56634,6.29697],[-75.56736,6.2872],[-75.56044,6.29798],[-75.56198,6.2948],[-75.56562,6.28882],[-75.56292,6.29288],[-75.56518,6.28826],[-75.56278,6.28523],[-75.56533,6.28273],[-75.56535,6.2841],[-75.5677,6.28308],[-75.56835,6.27563],[-75.56514,6.27248],[-75.56404,6.27635],[-75.5651,6.27238],[-75.56891,6.276],[-75.56788,6.28272],[-75.56983,6.27612],[-75.56931,6.27977],[-75.57102,6.27627],[-75.56704,6.29565],[-75.57086,6.28743],[-75.5728,6.28993],[-75.57014,6.29005],[-75.56647,6.30104],[-75.57142,6.29927],[-75.57485,6.30426],[-75.57771,6.30304],[-75.57509,6.30455],[-75.56848,6.30054],[-75.56388,6.30867],[-75.56676,6.30329]],[[-75.56115,6.30308],[-75.56098,6.3031],[-75.56101,6.30329],[-75.56115,6.30308]],[[-75.56139,6.29605],[-75.56141,6.29605],[-75.56141,6.29603],[-75.56139,6.29605]],[[-75.56161,6.29563],[-75.56166,6.29568],[-75.56167,6.29558],[-75.56161,6.29563]],[[-75.56207,6.29524],[-75.56209,6.29524],[-75.56208,6.29522],[-75.56207,6.29524]],[[-75.5632,6.30199],[-75.5631,6.302],[-75.56316,6.30204],[-75.5632,6.30199]],[[-75.56447,6.28535],[-75.56456,6.28534],[-75.56451,6.28527],[-75.56447,6.28535]],[[-75.56452,6.30162],[-75.56604,6.30144],[-75.56647,6.29873],[-75.56452,6.30162]],[[-75.56462,6.28491],[-75.56462,6.28514],[-75.56487,6.28478],[-75.56462,6.28491]],[[-75.56469,6.28533],[-75.56475,6.28536],[-75.56474,6.28531],[-75.56469,6.28533]],[[-75.56482,6.28503],[-75.56656,6.28541],[-75.56727,6.28395],[-75.56482,6.28503]],[[-75.56528,6.28434],[-75.56515,6.28452],[-75.5665,6.2838],[-75.56528,6.28434]],[[-75.56564,6.29858],[-75.56622,6.29809],[-75.56629,6.29745],[-75.56564,6.29858]],[[-75.56625,6.30147],[-75.56631,6.30149],[-75.56629,6.30144],[-75.56625,6.30147]],[[-75.56652,6.30119],[-75.56645,6.30112],[-75.56643,6.30126],[-75.56652,6.30119]],[[-75.5668,6.29787],[-75.56669,6.29795],[-75.56682,6.29826],[-75.5668,6.29787]],[[-75.5667,6.2837],[-75.56697,6.28369],[-75.56684,6.28366],[-75.5667,6.2837]],[[-75.56686,6.29768],[-75.56683,6.29765],[-75.56683,6.29773],[-75.56686,6.29768]],[[-75.567,6.28695],[-75.56693,6.28693],[-75.56698,6.28702],[-75.567,6.28695]],[[-75.56709,6.29733],[-75.56697,6.29717],[-75.56696,6.29747],[-75.56709,6.29733]],[[-75.56699,6.28708],[-75.56706,6.28716],[-75.56708,6.28702],[-75.56699,6.28708]],[[-75.56734,6.29696],[-75.5672,6.29675],[-75.56709,6.29714],[-75.56734,6.29696]],[[-75.56738,6.29656],[-75.56723,6.29656],[-75.56736,6.29673],[-75.56738,6.29656]],[[-75.56752,6.28541],[-75.56754,6.28543],[-75.56757,6.28534],[-75.56752,6.28541]],[[-75.56806,6.28506],[-75.56813,6.28455],[-75.56773,6.28519],[-75.56806,6.28506]],[[-75.56793,6.29454],[-75.56791,6.29451],[-75.56791,6.29456],[-75.56793,6.29454]],[[-75.56806,6.27962],[-75.56813,6.27963],[-75.56813,6.27961],[-75.56806,6.27962]],[[-75.56837,6.28777],[-75.56844,6.28778],[-75.56842,6.28775],[-75.56837,6.28777]],[[-75.56871,6.29399],[-75.56872,6.294],[-75.56872,6.29395],[-75.56871,6.29399]],[[-75.56991,6.3005],[-75.56941,6.30027],[-75.56923,6.30052],[-75.56991,6.3005]],[[-75.56938,6.29166],[-75.56927,6.29254],[-75.56965,6.29125],[-75.56938,6.29166]],[[-75.56976,6.29088],[-75.56979,6.29092],[-75.56979,6.29085],[-75.56976,6.29088]],[[-75.56987,6.29048],[-75.56993,6.2906],[-75.56992,6.29043],[-75.56987,6.29048]],[[-75.57003,6.29007],[-75.57005,6.29014],[-75.57005,6.29003],[-75.57003,6.29007]]],[[[-75.5592,6.24859],[-75.56213,6.24913],[-75.56038,6.24947],[-75.5592,6.24859]]],[[[-75.56865,6.21055],[-75.56959,6.21071],[-75.56922,6.21126],[-75.56151,6.20873],[-75.56385,6.20677],[-75.56974,6.2106],[-75.56865,6.21055]],[[-75.5647,6.2089],[-75.56487,6.20873],[-75.56448,6.2086],[-75.5647,6.2089]],[[-75.56454,6.20887],[-75.56454,6.20884],[-75.56452,6.20885],[-75.56454,6.20887]],[[-75.56526,6.20942],[-75.56482,6.20911],[-75.56497,6.20931],[-75.56526,6.20942]],[[-75.5655,6.20858],[-75.56487,6.20844],[-75.56556,6.2087],[-75.5655,6.20858]],[[-75.56675,6.20992],[-75.56713,6.20959],[-75.56493,6.20897],[-75.56675,6.20992]],[[-75.56604,6.20885],[-75.56593,6.20884],[-75.56589,6.20885],[-75.56604,6.20885]],[[-75.56768,6.20952],[-75.56728,6.20936],[-75.56752,6.20952],[-75.56768,6.20952]],[[-75.56739,6.21017],[-75.56853,6.21023],[-75.56742,6.20966],[-75.56739,6.21017]]],[[[-75.56215,6.27652],[-75.56356,6.27752],[-75.5634,6.27927],[-75.56215,6.27652]]],[[[-75.56607,6.2136],[-75.56322,6.21423],[-75.56415,6.21313],[-75.56607,6.2136]]],[[[-75.56725,6.2559],[-75.56621,6.25547],[-75.5668,6.25253],[-75.56499,6.25496],[-75.56433,6.25468],[-75.56921,6.24443],[-75.57037,6.24493],[-75.56974,6.24472],[-75.57023,6.25041],[-75.57449,6.25239],[-75.57432,6.24664],[-75.57498,6.24693],[-75.5747,6.25249],[-75.57154,6.25128],[-75.57476,6.25343],[-75.57212,6.25794],[-75.56993,6.25702],[-75.57112,6.25448],[-75.57213,6.25663],[-75.57466,6.25343],[-75.56808,6.24971],[-75.56725,6.2559]],[[-75.56712,6.25479],[-75.56711,6.25497],[-75.56717,6.2549],[-75.56712,6.25479]],[[-75.56808,6.24952],[-75.56805,6.24951],[-75.56804,6.24953],[-75.56808,6.24952]],[[-75.57136,6.25114],[-75.56886,6.24978],[-75.56968,6.25047],[-75.57136,6.25114]],[[-75.57189,6.25773],[-75.57184,6.25723],[-75.57153,6.25748],[-75.57189,6.25773]]],[[[-75.56978,6.25696],[-75.56742,6.25597],[-75.56798,6.25436],[-75.56889,6.25392],[-75.56978,6.25696]]],[[[-75.57206,6.27177],[-75.57317,6.27081],[-75.57164,6.2755],[-75.57151,6.27564],[-75.5717,6.2743],[-75.57206,6.27177]],[[-75.57185,6.27445],[-75.57179,6.27442],[-75.57174,6.27446],[-75.57185,6.27445]],[[-75.57219,6.27378],[-75.57218,6.27377],[-75.57217,6.27378],[-75.57219,6.27378]],[[-75.57232,6.27311],[-75.57232,6.27309],[-75.57231,6.2731],[-75.57232,6.27311]]],[[[-75.58234,6.29175],[-75.58348,6.28961],[-75.58201,6.29325],[-75.57179,6.28825],[-75.58234,6.29175]]],[[[-75.58296,6.29699],[-75.58409,6.2846],[-75.57366,6.27662],[-75.57194,6.28228],[-75.57385,6.27311],[-75.57446,6.27317],[-75.57435,6.27073],[-75.57458,6.27277],[-75.57557,6.26487],[-75.57664,6.26926],[-75.5761,6.26988],[-75.57813,6.27113],[-75.57902,6.27243],[-75.57633,6.27007],[-75.57424,6.27507],[-75.57893,6.27381],[-75.57382,6.27635],[-75.58297,6.28258],[-75.5817,6.28235],[-75.58729,6.28496],[-75.58435,6.28448],[-75.58368,6.29055],[-75.58296,6.29699]],[[-75.57417,6.27377],[-75.57408,6.27355],[-75.57386,6.27402],[-75.57417,6.27377]],[[-75.57596,6.26795],[-75.57597,6.26794],[-75.57596,6.26793],[-75.57596,6.26795]],[[-75.57883,6.28014],[-75.58082,6.28177],[-75.57909,6.2801],[-75.57883,6.28014]],[[-75.58126,6.28217],[-75.58149,6.28229],[-75.58101,6.28187],[-75.58126,6.28217]],[[-75.58385,6.28419],[-75.58414,6.28447],[-75.58414,6.28403],[-75.58385,6.28419]]],[[[-75.5734,6.26087],[-75.57371,6.26133],[-75.57207,6.26506],[-75.5734,6.26087]],[[-75.57258,6.2635],[-75.57272,6.26313],[-75.57265,6.26327],[-75.57258,6.2635]]],[[[-75.57334,6.27028],[-75.5723,6.27013],[-75.5726,6.26804],[-75.57291,6.26996],[-75.57458,6.26647],[-75.57334,6.27028]]],[[[-75.57276,6.2588],[-75.57421,6.25659],[-75.57314,6.25984],[-75.57231,6.2578],[-75.57284,6.25701],[-75.57276,6.2588]]],[[[-75.57297,6.26545],[-75.57398,6.26609],[-75.57273,6.2671],[-75.57297,6.26545]]],[[[-75.57288,6.25696],[-75.57526,6.25341],[-75.57462,6.25536],[-75.57288,6.25696]]],[[[-75.574,6.26489],[-75.57439,6.26312],[-75.57479,6.26495],[-75.57309,6.2652],[-75.57355,6.26371],[-75.574,6.26489]]],[[[-75.57419,6.2597],[-75.5738,6.26079],[-75.57377,6.25978],[-75.57704,6.25429],[-75.57419,6.2597]]],[[[-75.57778,6.24185],[-75.57862,6.24168],[-75.57686,6.24251],[-75.57597,6.24081],[-75.57618,6.23981],[-75.57778,6.24185]]],[[[-75.57598,6.24674],[-75.57956,6.248],[-75.57897,6.24912],[-75.57613,6.24691],[-75.5761,6.24811],[-75.57598,6.24674]],[[-75.57902,6.24816],[-75.57903,6.24813],[-75.57902,6.2481],[-75.57902,6.24816]]],[[[-75.57659,6.25365],[-75.57649,6.25253],[-75.5786,6.24982],[-75.57659,6.25365]]],[[[-75.57872,6.30766],[-75.57669,6.30808],[-75.57972,6.30072],[-75.57872,6.30766]]],[[[-75.57699,6.23353],[-75.57882,6.21404],[-75.57958,6.21439],[-75.57791,6.22561],[-75.58134,6.2152],[-75.57699,6.23353]]],[[[-75.6023,6.23157],[-75.60384,6.23184],[-75.60239,6.23223],[-75.60345,6.23849],[-75.60805,6.23835],[-75.6073,6.23523],[-75.60878,6.23851],[-75.60323,6.23936],[-75.60224,6.23131],[-75.60326,6.2432],[-75.60751,6.24335],[-75.60292,6.24368],[-75.60269,6.24772],[-75.60184,6.25039],[-75.58298,6.24845],[-75.58071,6.24601],[-75.58174,6.24654],[-75.58123,6.2459],[-75.58336,6.24544],[-75.58294,6.24079],[-75.58335,6.24071],[-75.58378,6.24497],[-75.58546,6.24028],[-75.5884,6.23968],[-75.5882,6.24055],[-75.58932,6.23949],[-75.58457,6.24459],[-75.58995,6.2394],[-75.59666,6.239],[-75.57854,6.23939],[-75.57815,6.23865],[-75.58214,6.23922],[-75.58263,6.23212],[-75.57802,6.23209],[-75.57797,6.23831],[-75.57706,6.23658],[-75.57816,6.23125],[-75.58265,6.23145],[-75.58423,6.22242],[-75.5838,6.22649],[-75.58777,6.22466],[-75.58808,6.22222],[-75.58828,6.21064],[-75.58665,6.21318],[-75.58606,6.20764],[-75.58223,6.21451],[-75.58585,6.2174],[-75.58141,6.21599],[-75.58111,6.217],[-75.58134,6.2159],[-75.58684,6.2054],[-75.58188,6.21426],[-75.58117,6.2141],[-75.58578,6.20682],[-75.58093,6.20474],[-75.57907,6.21218],[-75.58097,6.21405],[-75.57879,6.21356],[-75.58134,6.19687],[-75.58539,6.19645],[-75.58679,6.20092],[-75.58447,6.20239],[-75.58712,6.20328],[-75.5895,6.19779],[-75.58619,6.19784],[-75.59179,6.19333],[-75.59249,6.20227],[-75.5888,6.20492],[-75.59367,6.20878],[-75.59368,6.20878],[-75.59589,6.21053],[-75.59881,6.21769],[-75.60023,6.21567],[-75.59978,6.22228],[-75.599,6.21965],[-75.59673,6.22894],[-75.60072,6.22699],[-75.60123,6.22791],[-75.59636,6.23115],[-75.60147,6.23104],[-75.60188,6.22704],[-75.60093,6.22615],[-75.60049,6.22468],[-75.60614,6.22408],[-75.60389,6.22744],[-75.60283,6.22674],[-75.60215,6.22758],[-75.60384,6.22751],[-75.60296,6.22883],[-75.6027,6.22787],[-75.60223,6.22991],[-75.60952,6.23029],[-75.6023,6.23157]],[[-75.57919,6.21334],[-75.5792,6.21327],[-75.57916,6.21329],[-75.57919,6.21334]],[[-75.58476,6.19859],[-75.58134,6.19804],[-75.58084,6.20434],[-75.58595,6.20644],[-75.58295,6.20067],[-75.58476,6.19859]],[[-75.58271,6.19795],[-75.58198,6.19768],[-75.58182,6.19783],[-75.58271,6.19795]],[[-75.58221,6.24731],[-75.58305,6.24833],[-75.58351,6.24604],[-75.58221,6.24731]],[[-75.58616,6.22618],[-75.58288,6.23164],[-75.58327,6.23917],[-75.58602,6.23903],[-75.58691,6.23215],[-75.58393,6.23185],[-75.58706,6.23122],[-75.58616,6.22618]],[[-75.5832,6.19788],[-75.5832,6.19764],[-75.58313,6.19777],[-75.5832,6.19788]],[[-75.58328,6.24228],[-75.58321,6.24214],[-75.58321,6.24237],[-75.58328,6.24228]],[[-75.58389,6.24571],[-75.58387,6.24526],[-75.58347,6.24568],[-75.58389,6.24571]],[[-75.58354,6.24821],[-75.58671,6.24835],[-75.58393,6.24776],[-75.58354,6.24821]],[[-75.58369,6.24596],[-75.58363,6.2459],[-75.58363,6.24603],[-75.58369,6.24596]],[[-75.58759,6.24811],[-75.5841,6.2459],[-75.58377,6.24756],[-75.58759,6.24811]],[[-75.58622,6.20744],[-75.58885,6.2077],[-75.5876,6.2061],[-75.58919,6.20721],[-75.58438,6.20248],[-75.58538,6.19685],[-75.58415,6.20259],[-75.58712,6.20531],[-75.58622,6.20744]],[[-75.58557,6.20035],[-75.58642,6.20034],[-75.58509,6.19981],[-75.58523,6.20052],[-75.58641,6.20067],[-75.58557,6.20035]],[[-75.58904,6.24055],[-75.58521,6.24472],[-75.58783,6.24668],[-75.58899,6.24526],[-75.58846,6.24689],[-75.58956,6.24456],[-75.58899,6.24896],[-75.59909,6.24985],[-75.58904,6.24055]],[[-75.58566,6.24418],[-75.58565,6.24419],[-75.58568,6.24418],[-75.58566,6.24418]],[[-75.58637,6.20831],[-75.58628,6.20876],[-75.58647,6.20861],[-75.58637,6.20831]],[[-75.58635,6.20514],[-75.58635,6.20512],[-75.58633,6.20513],[-75.58635,6.20514]],[[-75.58641,6.22593],[-75.58722,6.22759],[-75.58729,6.22668],[-75.58641,6.22593]],[[-75.5866,6.20454],[-75.58652,6.20439],[-75.58648,6.20451],[-75.5866,6.20454]],[[-75.58792,6.20855],[-75.5865,6.20783],[-75.58702,6.20843],[-75.58792,6.20855]],[[-75.58697,6.20862],[-75.58665,6.20876],[-75.58679,6.209],[-75.58697,6.20862]],[[-75.58692,6.20377],[-75.5869,6.20373],[-75.58688,6.2038],[-75.58692,6.20377]],[[-75.58691,6.24838],[-75.58714,6.24874],[-75.58736,6.24848],[-75.58691,6.24838]],[[-75.58709,6.2279],[-75.58709,6.22791],[-75.5871,6.22791],[-75.58709,6.2279]],[[-75.58713,6.22552],[-75.58726,6.22626],[-75.58744,6.22593],[-75.58713,6.22552]],[[-75.59055,6.20823],[-75.59163,6.21114],[-75.58971,6.21085],[-75.58716,6.23806],[-75.59449,6.21105],[-75.59628,6.21327],[-75.59395,6.20918],[-75.59402,6.21051],[-75.59055,6.20823]],[[-75.5874,6.24115],[-75.58739,6.24119],[-75.5874,6.24118],[-75.5874,6.24115]],[[-75.58751,6.2253],[-75.58748,6.22563],[-75.5876,6.22541],[-75.58751,6.2253]],[[-75.58768,6.24049],[-75.58751,6.24107],[-75.58785,6.24074],[-75.58768,6.24049]],[[-75.59175,6.19802],[-75.59009,6.19763],[-75.58768,6.20352],[-75.59175,6.19802]],[[-75.58793,6.20958],[-75.58782,6.20954],[-75.58788,6.20968],[-75.58793,6.20958]],[[-75.59143,6.23722],[-75.59024,6.23178],[-75.58793,6.23903],[-75.59143,6.23722]],[[-75.58795,6.24702],[-75.58796,6.24705],[-75.58797,6.24702],[-75.58795,6.24702]],[[-75.58795,6.20914],[-75.58798,6.20933],[-75.58819,6.20916],[-75.58795,6.20914]],[[-75.58817,6.22155],[-75.58816,6.22151],[-75.58811,6.22154],[-75.58817,6.22155]],[[-75.58894,6.2473],[-75.58811,6.24705],[-75.58837,6.24892],[-75.58894,6.2473]],[[-75.58812,6.21041],[-75.58841,6.21058],[-75.5887,6.21055],[-75.58812,6.21041]],[[-75.58834,6.20878],[-75.58819,6.20867],[-75.5882,6.20888],[-75.58834,6.20878]],[[-75.58823,6.20202],[-75.58823,6.20195],[-75.5882,6.20199],[-75.58823,6.20202]],[[-75.58825,6.20825],[-75.58843,6.20845],[-75.58844,6.20833],[-75.58825,6.20825]],[[-75.58836,6.20154],[-75.58836,6.20142],[-75.58831,6.20147],[-75.58836,6.20154]],[[-75.59133,6.19408],[-75.59112,6.1942],[-75.58835,6.20099],[-75.59133,6.19408]],[[-75.58838,6.20797],[-75.58852,6.20805],[-75.58856,6.2079],[-75.58838,6.20797]],[[-75.5884,6.20581],[-75.58838,6.20579],[-75.58839,6.20582],[-75.5884,6.20581]],[[-75.5884,6.20994],[-75.58839,6.21006],[-75.58846,6.21001],[-75.5884,6.20994]],[[-75.58868,6.24889],[-75.5886,6.24892],[-75.58866,6.24895],[-75.58868,6.24889]],[[-75.58873,6.20807],[-75.58862,6.20805],[-75.58871,6.20817],[-75.58873,6.20807]],[[-75.58901,6.20935],[-75.58881,6.20919],[-75.58864,6.20938],[-75.58901,6.20935]],[[-75.58867,6.21008],[-75.58866,6.21019],[-75.58871,6.21014],[-75.58867,6.21008]],[[-75.58879,6.20445],[-75.58879,6.20444],[-75.58878,6.20445],[-75.58879,6.20445]],[[-75.58898,6.20887],[-75.58889,6.20887],[-75.58897,6.20897],[-75.58898,6.20887]],[[-75.58895,6.20982],[-75.58893,6.20991],[-75.58899,6.20987],[-75.58895,6.20982]],[[-75.58894,6.21024],[-75.58893,6.2103],[-75.58897,6.21028],[-75.58894,6.21024]],[[-75.58905,6.20847],[-75.58899,6.20866],[-75.58928,6.2085],[-75.58905,6.20847]],[[-75.58915,6.20948],[-75.58904,6.20941],[-75.58905,6.20951],[-75.58915,6.20948]],[[-75.59017,6.2081],[-75.58925,6.2072],[-75.58922,6.20723],[-75.59017,6.2081]],[[-75.58949,6.20915],[-75.58942,6.20918],[-75.5895,6.20923],[-75.58949,6.20915]],[[-75.58948,6.20698],[-75.58948,6.20706],[-75.58952,6.20702],[-75.58948,6.20698]],[[-75.58966,6.20973],[-75.58962,6.2097],[-75.58961,6.20976],[-75.58966,6.20973]],[[-75.58961,6.20924],[-75.58975,6.20905],[-75.58961,6.20913],[-75.58961,6.20924]],[[-75.58975,6.20928],[-75.58974,6.20937],[-75.58979,6.20933],[-75.58975,6.20928]],[[-75.58975,6.20983],[-75.58975,6.20989],[-75.58977,6.20986],[-75.58975,6.20983]],[[-75.59035,6.22911],[-75.58994,6.23102],[-75.59053,6.23084],[-75.59035,6.22911]],[[-75.59003,6.20942],[-75.59001,6.2095],[-75.59006,6.20947],[-75.59003,6.20942]],[[-75.59035,6.2289],[-75.59035,6.22881],[-75.59031,6.22885],[-75.59035,6.2289]],[[-75.59048,6.2017],[-75.59041,6.20158],[-75.59043,6.20175],[-75.59048,6.2017]],[[-75.59054,6.20215],[-75.59054,6.20211],[-75.59052,6.20213],[-75.59054,6.20215]],[[-75.60158,6.25035],[-75.60213,6.23892],[-75.59055,6.23952],[-75.60158,6.25035]],[[-75.59068,6.20957],[-75.59055,6.20968],[-75.59075,6.2097],[-75.59068,6.20957]],[[-75.5917,6.23175],[-75.59173,6.23701],[-75.59639,6.23292],[-75.59059,6.2389],[-75.60257,6.23854],[-75.60195,6.23191],[-75.5917,6.23175]],[[-75.59169,6.22742],[-75.5925,6.21942],[-75.59114,6.2266],[-75.59133,6.22882],[-75.59069,6.23136],[-75.59144,6.23225],[-75.59152,6.23132],[-75.59602,6.2311],[-75.59883,6.21901],[-75.59531,6.21228],[-75.59169,6.22742]],[[-75.59075,6.22945],[-75.59075,6.22954],[-75.59077,6.22951],[-75.59075,6.22945]],[[-75.59103,6.22836],[-75.59076,6.2288],[-75.59106,6.22889],[-75.59103,6.22836]],[[-75.59082,6.22938],[-75.59087,6.2294],[-75.59088,6.22936],[-75.59082,6.22938]],[[-75.59172,6.2081],[-75.5912,6.20809],[-75.59095,6.2081],[-75.59172,6.2081]],[[-75.59097,6.22925],[-75.59101,6.22927],[-75.59103,6.22923],[-75.59097,6.22925]],[[-75.59284,6.21828],[-75.59277,6.21807],[-75.59262,6.2193],[-75.59284,6.21828]],[[-75.59338,6.21652],[-75.5933,6.21594],[-75.59289,6.21793],[-75.59338,6.21652]],[[-75.59334,6.21768],[-75.5933,6.21757],[-75.5933,6.21776],[-75.59334,6.21768]],[[-75.59347,6.21727],[-75.59344,6.21715],[-75.59343,6.21734],[-75.59347,6.21727]],[[-75.59386,6.21689],[-75.59402,6.21681],[-75.59367,6.21678],[-75.59386,6.21689]],[[-75.59394,6.21723],[-75.59385,6.21697],[-75.59384,6.21738],[-75.59394,6.21723]],[[-75.59395,6.21615],[-75.59396,6.21605],[-75.59388,6.21609],[-75.59395,6.21615]],[[-75.59544,6.21093],[-75.59544,6.21096],[-75.59546,6.21093],[-75.59544,6.21093]],[[-75.5964,6.21354],[-75.59639,6.2135],[-75.59635,6.21352],[-75.5964,6.21354]],[[-75.59653,6.21382],[-75.59653,6.21375],[-75.59648,6.21378],[-75.59653,6.21382]],[[-75.59667,6.21406],[-75.59667,6.21404],[-75.59666,6.21405],[-75.59667,6.21406]],[[-75.59695,6.2146],[-75.59684,6.21458],[-75.59681,6.2146],[-75.59695,6.2146]],[[-75.59736,6.21514],[-75.59723,6.21509],[-75.59735,6.21548],[-75.59736,6.21514]],[[-75.59749,6.21575],[-75.59749,6.21567],[-75.59747,6.21569],[-75.59749,6.21575]],[[-75.59839,6.23886],[-75.59815,6.23884],[-75.59755,6.23886],[-75.59839,6.23886]],[[-75.59829,6.21738],[-75.59761,6.21592],[-75.59757,6.21623],[-75.59829,6.21738]],[[-75.59918,6.21863],[-75.59833,6.21749],[-75.59926,6.21924],[-75.59918,6.21863]],[[-75.5996,6.22828],[-75.59968,6.22835],[-75.59969,6.22822],[-75.5996,6.22828]],[[-75.59989,6.22815],[-75.59984,6.2281],[-75.59982,6.2282],[-75.59989,6.22815]],[[-75.60003,6.22801],[-75.59997,6.22794],[-75.59996,6.22807],[-75.60003,6.22801]],[[-75.60004,6.22789],[-75.60014,6.22792],[-75.60008,6.22779],[-75.60004,6.22789]],[[-75.60016,6.22767],[-75.60022,6.22779],[-75.60037,6.22751],[-75.60016,6.22767]],[[-75.6005,6.22748],[-75.6005,6.22744],[-75.60042,6.22746],[-75.6005,6.22748]],[[-75.60064,6.22795],[-75.60074,6.22773],[-75.60043,6.22791],[-75.60064,6.22795]],[[-75.60087,6.22576],[-75.60179,6.22675],[-75.60258,6.22588],[-75.60087,6.22576]],[[-75.60222,6.23084],[-75.60214,6.23056],[-75.60196,6.23086],[-75.60222,6.23084]],[[-75.60277,6.24348],[-75.60262,6.24343],[-75.60272,6.24416],[-75.60277,6.24348]],[[-75.60268,6.22584],[-75.60267,6.2258],[-75.60263,6.22584],[-75.60268,6.22584]],[[-75.60271,6.24529],[-75.60272,6.24443],[-75.60267,6.24521],[-75.60271,6.24529]],[[-75.60286,6.24291],[-75.60272,6.24263],[-75.60276,6.24299],[-75.60286,6.24291]],[[-75.6028,6.22626],[-75.60281,6.22618],[-75.60277,6.22623],[-75.6028,6.22626]],[[-75.60289,6.24166],[-75.60285,6.24057],[-75.60285,6.24228],[-75.60289,6.24166]],[[-75.60294,6.22602],[-75.60294,6.22593],[-75.6029,6.22597],[-75.60294,6.22602]],[[-75.60389,6.22624],[-75.60339,6.2257],[-75.60316,6.22624],[-75.60389,6.22624]],[[-75.60324,6.22556],[-75.60322,6.22552],[-75.6032,6.22559],[-75.60324,6.22556]],[[-75.60334,6.22546],[-75.60335,6.22537],[-75.60329,6.22541],[-75.60334,6.22546]],[[-75.60363,6.22532],[-75.6036,6.22522],[-75.60347,6.22529],[-75.60363,6.22532]],[[-75.60382,6.22515],[-75.60376,6.2251],[-75.60372,6.22517],[-75.60382,6.22515]],[[-75.60408,6.22501],[-75.60402,6.22494],[-75.604,6.22506],[-75.60408,6.22501]],[[-75.60431,6.2249],[-75.60429,6.22483],[-75.60421,6.22489],[-75.60431,6.2249]],[[-75.60456,6.22477],[-75.60457,6.22472],[-75.60454,6.22474],[-75.60456,6.22477]],[[-75.6047,6.22463],[-75.60471,6.22457],[-75.60467,6.2246],[-75.6047,6.22463]],[[-75.60587,6.23029],[-75.60678,6.23038],[-75.60673,6.23019],[-75.60587,6.23029]],[[-75.6084,6.23817],[-75.60826,6.23782],[-75.60819,6.23793],[-75.6084,6.23817]]],[[[-75.59408,6.21152],[-75.59239,6.21126],[-75.59402,6.21051],[-75.59408,6.21152]]],[[[-75.58746,6.26433],[-75.58938,6.26205],[-75.58779,6.26478],[-75.59098,6.268],[-75.58764,6.26508],[-75.58771,6.26583],[-75.5942,6.27124],[-75.59275,6.27245],[-75.59252,6.27066],[-75.59127,6.27237],[-75.59226,6.27285],[-75.5916,6.27341],[-75.5877,6.2732],[-75.59029,6.27227],[-75.58734,6.26934],[-75.59084,6.27216],[-75.59234,6.27021],[-75.5872,6.26568],[-75.58721,6.26905],[-75.58284,6.26016],[-75.57783,6.25939],[-75.58074,6.25629],[-75.57821,6.25509],[-75.57719,6.2571],[-75.57768,6.25476],[-75.59862,6.26387],[-75.60163,6.26557],[-75.59677,6.26402],[-75.59623,6.26554],[-75.59655,6.264],[-75.59427,6.27102],[-75.5947,6.26284],[-75.58623,6.25879],[-75.58698,6.26182],[-75.58485,6.26102],[-75.58746,6.26433]],[[-75.58019,6.259],[-75.58021,6.25848],[-75.57833,6.25925],[-75.58019,6.259]],[[-75.57987,6.25966],[-75.57987,6.25965],[-75.57986,6.25966],[-75.57987,6.25966]],[[-75.58079,6.25703],[-75.58441,6.26138],[-75.58353,6.25827],[-75.58079,6.25703]],[[-75.58111,6.25667],[-75.58092,6.25651],[-75.58085,6.25669],[-75.58111,6.25667]],[[-75.58116,6.25651],[-75.582,6.25704],[-75.58191,6.25664],[-75.58116,6.25651]],[[-75.58236,6.25711],[-75.5823,6.2569],[-75.58211,6.25707],[-75.58236,6.25711]],[[-75.58324,6.25739],[-75.58325,6.25731],[-75.5832,6.25734],[-75.58324,6.25739]],[[-75.58339,6.25789],[-75.58325,6.25768],[-75.58321,6.25775],[-75.58339,6.25789]],[[-75.58329,6.26045],[-75.58326,6.26041],[-75.58326,6.26048],[-75.58329,6.26045]],[[-75.58575,6.25867],[-75.58355,6.25755],[-75.58526,6.2599],[-75.58575,6.25867]],[[-75.58412,6.26212],[-75.58394,6.26193],[-75.58404,6.26211],[-75.58412,6.26212]],[[-75.58485,6.26294],[-75.58702,6.26433],[-75.58473,6.26145],[-75.58485,6.26294]],[[-75.58512,6.26029],[-75.58502,6.26016],[-75.58502,6.26047],[-75.58512,6.26029]],[[-75.5864,6.26479],[-75.58639,6.26477],[-75.58639,6.26481],[-75.5864,6.26479]],[[-75.58683,6.26588],[-75.5868,6.26582],[-75.5868,6.26595],[-75.58683,6.26588]],[[-75.58691,6.26493],[-75.58688,6.26481],[-75.58689,6.26491],[-75.58691,6.26493]],[[-75.58759,6.26535],[-75.58748,6.26462],[-75.58693,6.26567],[-75.58759,6.26535]],[[-75.58706,6.26508],[-75.5871,6.26512],[-75.58716,6.26514],[-75.58706,6.26508]],[[-75.59102,6.27237],[-75.59091,6.27236],[-75.59086,6.27237],[-75.59102,6.27237]],[[-75.59304,6.27092],[-75.5925,6.2702],[-75.5926,6.27047],[-75.59304,6.27092]],[[-75.59372,6.27137],[-75.59371,6.27144],[-75.59375,6.27141],[-75.59372,6.27137]]],[[[-75.57939,6.19644],[-75.57791,6.20199],[-75.57724,6.20092],[-75.57838,6.19705],[-75.57939,6.19644]]],[[[-75.58025,6.2482],[-75.57969,6.25025],[-75.5774,6.25411],[-75.57972,6.24949],[-75.5786,6.25163],[-75.58025,6.2482]]],[[[-75.58197,6.25616],[-75.57815,6.2544],[-75.58066,6.24861],[-75.59304,6.24984],[-75.58891,6.24954],[-75.58666,6.2583],[-75.58829,6.25907],[-75.5839,6.25705],[-75.58366,6.2568],[-75.58142,6.25583],[-75.58197,6.25616]],[[-75.57847,6.2543],[-75.58108,6.25532],[-75.58182,6.25261],[-75.57984,6.25124],[-75.57847,6.2543]],[[-75.58088,6.2556],[-75.58056,6.25533],[-75.57964,6.25504],[-75.58088,6.2556]],[[-75.58065,6.25133],[-75.58056,6.25061],[-75.58002,6.25093],[-75.58065,6.25133]],[[-75.58227,6.25261],[-75.58306,6.24895],[-75.58091,6.25151],[-75.58227,6.25261]],[[-75.58276,6.25272],[-75.58323,6.25102],[-75.58243,6.25293],[-75.58276,6.25272]],[[-75.58348,6.25645],[-75.58622,6.25773],[-75.58771,6.25339],[-75.58273,6.25302],[-75.5827,6.25613],[-75.58457,6.25333],[-75.58348,6.25645]],[[-75.58758,6.25299],[-75.58829,6.24942],[-75.58352,6.24904],[-75.58599,6.25056],[-75.58308,6.25271],[-75.58758,6.25299]],[[-75.58336,6.25084],[-75.58335,6.25028],[-75.58323,6.25059],[-75.58336,6.25084]],[[-75.58325,6.25653],[-75.58324,6.25652],[-75.58324,6.25653],[-75.58325,6.25653]],[[-75.58636,6.25805],[-75.58636,6.25797],[-75.58633,6.25801],[-75.58636,6.25805]]],[[[-75.58091,6.19448],[-75.58311,6.18879],[-75.58083,6.19484],[-75.58008,6.19206],[-75.57875,6.19253],[-75.58145,6.18772],[-75.58091,6.19448]],[[-75.58008,6.19189],[-75.58063,6.18965],[-75.5802,6.19064],[-75.58008,6.19189]],[[-75.58115,6.18874],[-75.58113,6.18872],[-75.58102,6.18874],[-75.58115,6.18874]],[[-75.58129,6.18835],[-75.58129,6.18831],[-75.58127,6.18833],[-75.58129,6.18835]]],[[[-75.57875,6.22839],[-75.57906,6.22692],[-75.5803,6.22761],[-75.58018,6.22861],[-75.58114,6.22808],[-75.57936,6.22996],[-75.57875,6.22839]],[[-75.57962,6.22775],[-75.57964,6.22781],[-75.57964,6.22764],[-75.57962,6.22775]]],[[[-75.57877,6.24643],[-75.57999,6.24617],[-75.58024,6.24767],[-75.57877,6.24643]]],[[[-75.57879,6.20341],[-75.57964,6.19624],[-75.58075,6.19531],[-75.57879,6.20341]]],[[[-75.57998,6.27897],[-75.5793,6.27432],[-75.57973,6.27387],[-75.57998,6.27897]]],[[[-75.57974,6.27386],[-75.57984,6.27304],[-75.58591,6.27265],[-75.57974,6.27386]]],[[[-75.5849,6.21994],[-75.58557,6.21822],[-75.58626,6.2198],[-75.5849,6.21994]],[[-75.58549,6.21922],[-75.58544,6.21917],[-75.58543,6.21926],[-75.58549,6.21922]]],[[[-75.58615,6.28583],[-75.58961,6.28784],[-75.5878,6.28743],[-75.58615,6.28583]]],[[[-75.60122,6.25278],[-75.60181,6.25249],[-75.59698,6.26294],[-75.5982,6.26363],[-75.59658,6.26289],[-75.60122,6.25278]]],[[[-75.60244,6.21443],[-75.60061,6.21567],[-75.60147,6.21055],[-75.60244,6.21443]],[[-75.60086,6.21539],[-75.60093,6.21543],[-75.60096,6.21539],[-75.60086,6.21539]]],[[[-75.60562,6.26257],[-75.6029,6.266],[-75.60446,6.26113],[-75.60384,6.2582],[-75.60562,6.26257]]],[[[-75.60363,6.23383],[-75.60986,6.23094],[-75.60737,6.23444],[-75.60363,6.23383]],[[-75.60581,6.23403],[-75.60566,6.23409],[-75.60579,6.23413],[-75.60581,6.23403]],[[-75.60593,6.234],[-75.606,6.23396],[-75.60595,6.23389],[-75.60593,6.234]],[[-75.60602,6.23382],[-75.60607,6.23388],[-75.60608,6.23375],[-75.60602,6.23382]],[[-75.60619,6.23355],[-75.60621,6.23358],[-75.60622,6.23354],[-75.60619,6.23355]]],[[[-75.60365,6.2516],[-75.60472,6.25109],[-75.61122,6.25455],[-75.60902,6.25301],[-75.61142,6.25089],[-75.60961,6.25339],[-75.61921,6.25844],[-75.61468,6.25629],[-75.61549,6.25681],[-75.60365,6.2516]],[[-75.61291,6.25549],[-75.61295,6.25549],[-75.61278,6.25536],[-75.61291,6.25549]],[[-75.61324,6.25563],[-75.61372,6.25576],[-75.61323,6.25546],[-75.61324,6.25563]]],[[[-75.61665,6.2765],[-75.61576,6.27497],[-75.60739,6.27728],[-75.61718,6.27252],[-75.62104,6.27352],[-75.61644,6.27479],[-75.61691,6.27584],[-75.61636,6.27512],[-75.61665,6.2765]],[[-75.61095,6.27598],[-75.61094,6.27597],[-75.61092,6.27597],[-75.61095,6.27598]],[[-75.6115,6.27571],[-75.61148,6.27567],[-75.61144,6.2757],[-75.6115,6.27571]],[[-75.61203,6.27562],[-75.61201,6.27589],[-75.61214,6.27576],[-75.61203,6.27562]],[[-75.6123,6.27549],[-75.61229,6.27578],[-75.6124,6.27564],[-75.6123,6.27549]],[[-75.61257,6.27548],[-75.61256,6.27565],[-75.61265,6.27556],[-75.61257,6.27548]],[[-75.61571,6.27339],[-75.61568,6.27338],[-75.61566,6.27339],[-75.61571,6.27339]]],[[[-75.61354,6.23448],[-75.61189,6.2348],[-75.61244,6.23332],[-75.61354,6.23448]]],[[[-75.61426,6.26384],[-75.61519,6.26661],[-75.61434,6.26694],[-75.61426,6.26384]],[[-75.61443,6.26512],[-75.61444,6.26512],[-75.61444,6.26511],[-75.61443,6.26512]]],[[[-75.61962,6.27605],[-75.621,6.27719],[-75.61777,6.27686],[-75.61962,6.27605]]],[[[-75.62205,6.25397],[-75.6207,6.25479],[-75.61956,6.2538],[-75.62205,6.25397]]],[[[-75.62085,6.24544],[-75.62184,6.24475],[-75.62304,6.24681],[-75.62085,6.24544]],[[-75.6217,6.24507],[-75.62172,6.24503],[-75.6217,6.24501],[-75.6217,6.24507]]],[[[-75.63119,6.27564],[-75.62722,6.27636],[-75.62244,6.27499],[-75.63119,6.27564]],[[-75.62625,6.27555],[-75.62625,6.27551],[-75.62623,6.27553],[-75.62625,6.27555]]],[[[-75.63203,6.27551],[-75.63941,6.27494],[-75.63483,6.27584],[-75.63203,6.27551]]],[[[-75.64583,6.18529],[-75.644,6.18563],[-75.64372,6.18449],[-75.64583,6.18529]]],[[[-75.65464,6.18324],[-75.66145,6.18139],[-75.65641,6.18317],[-75.65787,6.18698],[-75.65235,6.18569],[-75.65729,6.18612],[-75.6554,6.18406],[-75.65349,6.18493],[-75.65539,6.18405],[-75.65464,6.18324]],[[-75.65598,6.18356],[-75.65606,6.18368],[-75.65607,6.18343],[-75.65598,6.18356]],[[-75.6562,6.1834],[-75.65621,6.18337],[-75.6562,6.18336],[-75.6562,6.1834]],[[-75.65723,6.18622],[-75.65733,6.18623],[-75.65728,6.1862],[-75.65723,6.18622]]],[[[-75.66207,6.18713],[-75.66054,6.18683],[-75.65944,6.18784],[-75.65945,6.18579],[-75.66125,6.18618],[-75.66103,6.18689],[-75.66207,6.18713]],[[-75.6611,6.1862],[-75.66109,6.18619],[-75.66109,6.18621],[-75.6611,6.1862]]]]}},{"type":"Feature","properties":{"iso":75,"rango_db":"75.0-80.0","ha":503.0},"geometry":{"type":"MultiPolygon","coordinates":[[[[-75.55505,6.20643],[-75.55493,6.20897],[-75.55431,6.20793],[-75.55505,6.20643]]],[[[-75.56252,6.21995],[-75.55954,6.22119],[-75.55636,6.21918],[-75.55956,6.21954],[-75.55558,6.21199],[-75.56619,6.21839],[-75.56584,6.23076],[-75.56594,6.21837],[-75.55794,6.21463],[-75.56252,6.21995]],[[-75.55778,6.21538],[-75.55752,6.21495],[-75.55751,6.21525],[-75.55778,6.21538]],[[-75.55766,6.21454],[-75.55766,6.21466],[-75.55769,6.21458],[-75.55766,6.21454]],[[-75.55794,6.21586],[-75.55799,6.21571],[-75.55779,6.21565],[-75.55794,6.21586]]],[[[-75.5581,6.31175],[-75.55873,6.30614],[-75.5585,6.31102],[-75.5581,6.31175]]],[[[-75.55942,6.30002],[-75.55962,6.29824],[-75.56389,6.29129],[-75.5611,6.29675],[-75.55942,6.30002]],[[-75.55952,6.29932],[-75.55952,6.29929],[-75.55951,6.29931],[-75.55952,6.29932]],[[-75.55965,6.29892],[-75.55965,6.29888],[-75.55964,6.2989],[-75.55965,6.29892]],[[-75.55978,6.29864],[-75.55978,6.29856],[-75.55977,6.29862],[-75.55978,6.29864]],[[-75.56006,6.29811],[-75.56005,6.29805],[-75.55992,6.29826],[-75.56006,6.29811]],[[-75.5605,6.29755],[-75.56058,6.29733],[-75.56019,6.29784],[-75.5605,6.29755]],[[-75.56239,6.29399],[-75.56228,6.29409],[-75.56233,6.29406],[-75.56239,6.29399]],[[-75.56261,6.29371],[-75.56246,6.29392],[-75.56257,6.29379],[-75.56261,6.29371]]],[[[-75.5613,6.18813],[-75.56084,6.18709],[-75.56367,6.1873],[-75.5613,6.18813]]],[[[-75.602,6.25079],[-75.58106,6.24856],[-75.58056,6.24956],[-75.58067,6.24861],[-75.58021,6.25026],[-75.57815,6.2544],[-75.60035,6.26462],[-75.57768,6.25476],[-75.57052,6.28908],[-75.56688,6.29573],[-75.57152,6.27642],[-75.56913,6.28108],[-75.57211,6.26528],[-75.5677,6.28387],[-75.56891,6.276],[-75.56499,6.2722],[-75.56904,6.27539],[-75.57139,6.26528],[-75.56737,6.26444],[-75.57147,6.26487],[-75.57299,6.26041],[-75.56216,6.25332],[-75.57186,6.25802],[-75.57475,6.25392],[-75.57154,6.25128],[-75.5747,6.25249],[-75.57485,6.24653],[-75.56863,6.24418],[-75.56641,6.2466],[-75.56811,6.244],[-75.56521,6.24285],[-75.5628,6.24715],[-75.565,6.24262],[-75.5694,6.24145],[-75.56893,6.24372],[-75.57463,6.24579],[-75.57548,6.24365],[-75.57945,6.247],[-75.57983,6.24876],[-75.57979,6.24502],[-75.58298,6.24845],[-75.60184,6.25039],[-75.60246,6.24741],[-75.60512,6.2509],[-75.60031,6.25324],[-75.602,6.25079]],[[-75.56627,6.24306],[-75.56625,6.24299],[-75.56619,6.24303],[-75.56627,6.24306]],[[-75.56687,6.24342],[-75.56682,6.24341],[-75.5668,6.24342],[-75.56687,6.24342]],[[-75.56749,6.24343],[-75.56748,6.24342],[-75.56745,6.24342],[-75.56749,6.24343]],[[-75.56773,6.24491],[-75.56775,6.24493],[-75.56777,6.2449],[-75.56773,6.24491]],[[-75.5679,6.24476],[-75.5679,6.24479],[-75.56792,6.24477],[-75.5679,6.24476]],[[-75.56852,6.24384],[-75.56804,6.24367],[-75.56794,6.24369],[-75.56852,6.24384]],[[-75.56804,6.29325],[-75.56804,6.29318],[-75.56803,6.2932],[-75.56804,6.29325]],[[-75.56854,6.27919],[-75.56854,6.27877],[-75.56827,6.28022],[-75.56854,6.27919]],[[-75.56859,6.29167],[-75.56962,6.28808],[-75.5683,6.29211],[-75.56859,6.29167]],[[-75.56871,6.27832],[-75.56868,6.27819],[-75.56867,6.27859],[-75.56871,6.27832]],[[-75.56906,6.25739],[-75.56891,6.2572],[-75.56879,6.25738],[-75.56906,6.25739]],[[-75.56884,6.27774],[-75.56881,6.27758],[-75.56881,6.27801],[-75.56884,6.27774]],[[-75.56897,6.27711],[-75.56894,6.27698],[-75.56894,6.27739],[-75.56897,6.27711]],[[-75.56907,6.27682],[-75.57175,6.26476],[-75.56904,6.27569],[-75.56907,6.27682]],[[-75.56992,6.28724],[-75.56992,6.28718],[-75.56991,6.28721],[-75.56992,6.28724]],[[-75.5702,6.28667],[-75.57019,6.28633],[-75.57005,6.28688],[-75.5702,6.28667]],[[-75.57032,6.28608],[-75.57032,6.28592],[-75.57028,6.28599],[-75.57032,6.28608]],[[-75.57058,6.2755],[-75.57069,6.27568],[-75.57071,6.27496],[-75.57058,6.2755]],[[-75.57141,6.25858],[-75.57152,6.25813],[-75.57069,6.2583],[-75.57141,6.25858]],[[-75.57083,6.27337],[-75.5707,6.27324],[-75.57071,6.27356],[-75.57083,6.27337]],[[-75.57096,6.27298],[-75.57092,6.27266],[-75.57085,6.273],[-75.57096,6.27298]],[[-75.57086,6.28486],[-75.57086,6.28495],[-75.57087,6.2849],[-75.57086,6.28486]],[[-75.57092,6.25766],[-75.57092,6.25765],[-75.57091,6.25765],[-75.57092,6.25766]],[[-75.57097,6.27237],[-75.57107,6.27211],[-75.57096,6.27217],[-75.57097,6.27237]],[[-75.57123,6.27163],[-75.57112,6.27147],[-75.57111,6.27178],[-75.57123,6.27163]],[[-75.57136,6.27109],[-75.57135,6.27091],[-75.57124,6.27115],[-75.57136,6.27109]],[[-75.57124,6.2724],[-75.57124,6.27289],[-75.57131,6.27265],[-75.57124,6.2724]],[[-75.57149,6.27067],[-75.57149,6.27039],[-75.57136,6.27053],[-75.57149,6.27067]],[[-75.57162,6.26997],[-75.57161,6.2698],[-75.5715,6.27002],[-75.57162,6.26997]],[[-75.57175,6.26939],[-75.57176,6.26917],[-75.57164,6.26947],[-75.57175,6.26939]],[[-75.5719,6.26871],[-75.57182,6.2686],[-75.57178,6.26882],[-75.5719,6.26871]],[[-75.57181,6.28108],[-75.5718,6.28096],[-75.5718,6.28115],[-75.57181,6.28108]],[[-75.57188,6.2645],[-75.57188,6.26438],[-75.57187,6.26443],[-75.57188,6.2645]],[[-75.5719,6.26825],[-75.57201,6.26806],[-75.57189,6.26811],[-75.5719,6.26825]],[[-75.57196,6.27663],[-75.57193,6.2766],[-75.57192,6.27663],[-75.57196,6.27663]],[[-75.57204,6.26505],[-75.57349,6.26187],[-75.57338,6.26087],[-75.57204,6.26505]],[[-75.57216,6.26741],[-75.57205,6.26738],[-75.57205,6.26759],[-75.57216,6.26741]],[[-75.57208,6.27609],[-75.57206,6.27609],[-75.57206,6.27611],[-75.57208,6.27609]],[[-75.57206,6.27883],[-75.5734,6.27235],[-75.57218,6.27704],[-75.57206,6.27883]],[[-75.57215,6.25848],[-75.57215,6.25812],[-75.57207,6.2583],[-75.57215,6.25848]],[[-75.57231,6.26685],[-75.57217,6.26673],[-75.57219,6.26708],[-75.57231,6.26685]],[[-75.57229,6.26326],[-75.57229,6.2632],[-75.57228,6.26322],[-75.57229,6.26326]],[[-75.57274,6.26533],[-75.57265,6.26502],[-75.57231,6.26651],[-75.57274,6.26533]],[[-75.57299,6.26545],[-75.57238,6.27573],[-75.57459,6.26637],[-75.57299,6.26545]],[[-75.57271,6.26487],[-75.57348,6.26247],[-75.57283,6.26413],[-75.57271,6.26487]],[[-75.57311,6.25983],[-75.57643,6.25429],[-75.57273,6.25684],[-75.57311,6.25983]],[[-75.5734,6.26045],[-75.57328,6.26014],[-75.57323,6.26068],[-75.5734,6.26045]],[[-75.57336,6.25603],[-75.57335,6.25597],[-75.57329,6.25602],[-75.57336,6.25603]],[[-75.57349,6.25589],[-75.57349,6.25586],[-75.57345,6.25588],[-75.57349,6.25589]],[[-75.57358,6.26235],[-75.57359,6.26215],[-75.57349,6.26224],[-75.57358,6.26235]],[[-75.57362,6.25981],[-75.57377,6.2594],[-75.57349,6.25968],[-75.57362,6.25981]],[[-75.57364,6.26093],[-75.57363,6.26072],[-75.57358,6.26079],[-75.57364,6.26093]],[[-75.57505,6.25955],[-75.57494,6.25933],[-75.57366,6.26207],[-75.57505,6.25955]],[[-75.57379,6.26078],[-75.5772,6.25472],[-75.57403,6.25929],[-75.57379,6.26078]],[[-75.57413,6.26187],[-75.57382,6.26527],[-75.57493,6.26385],[-75.57413,6.26187]],[[-75.57401,6.25509],[-75.57403,6.255],[-75.57397,6.25505],[-75.57401,6.25509]],[[-75.57458,6.25806],[-75.57458,6.25803],[-75.57457,6.25805],[-75.57458,6.25806]],[[-75.57477,6.26632],[-75.57474,6.26629],[-75.57474,6.26634],[-75.57477,6.26632]],[[-75.57525,6.25317],[-75.57479,6.25283],[-75.57482,6.25306],[-75.57525,6.25317]],[[-75.57516,6.26568],[-75.57493,6.26541],[-75.57489,6.26609],[-75.57516,6.26568]],[[-75.5751,6.25923],[-75.57506,6.25908],[-75.57498,6.25915],[-75.5751,6.25923]],[[-75.5751,6.25118],[-75.5751,6.24983],[-75.57507,6.25042],[-75.5751,6.25118]],[[-75.57525,6.25892],[-75.57519,6.25881],[-75.57512,6.25888],[-75.57525,6.25892]],[[-75.57577,6.24643],[-75.57522,6.24606],[-75.57523,6.24645],[-75.57577,6.24643]],[[-75.57528,6.25859],[-75.57526,6.25857],[-75.57526,6.25861],[-75.57528,6.25859]],[[-75.57542,6.25832],[-75.5754,6.2583],[-75.5754,6.25834],[-75.57542,6.25832]],[[-75.57557,6.25805],[-75.57553,6.25802],[-75.57553,6.25808],[-75.57557,6.25805]],[[-75.5757,6.25778],[-75.57567,6.25776],[-75.57567,6.25781],[-75.5757,6.25778]],[[-75.57584,6.25751],[-75.5758,6.25749],[-75.5758,6.25756],[-75.57584,6.25751]],[[-75.57595,6.24674],[-75.57657,6.25365],[-75.57956,6.248],[-75.57595,6.24674]],[[-75.57608,6.25709],[-75.57607,6.25706],[-75.57607,6.25711],[-75.57608,6.25709]],[[-75.57624,6.25682],[-75.57621,6.25679],[-75.57621,6.25686],[-75.57624,6.25682]],[[-75.57637,6.25655],[-75.57634,6.25653],[-75.57634,6.25659],[-75.57637,6.25655]],[[-75.57651,6.25628],[-75.57648,6.25627],[-75.57648,6.25632],[-75.57651,6.25628]],[[-75.5766,6.25454],[-75.5766,6.25447],[-75.57658,6.25451],[-75.5766,6.25454]],[[-75.57676,6.2559],[-75.57674,6.25584],[-75.57661,6.25607],[-75.57676,6.2559]],[[-75.57691,6.2556],[-75.57688,6.25557],[-75.57688,6.25564],[-75.57691,6.2556]],[[-75.57706,6.25533],[-75.57702,6.25531],[-75.57702,6.25538],[-75.57706,6.25533]],[[-75.58032,6.24823],[-75.5773,6.25364],[-75.57787,6.25321],[-75.57715,6.25512],[-75.57972,6.25084],[-75.58032,6.24823]],[[-75.57915,6.24998],[-75.57929,6.24968],[-75.57912,6.24989],[-75.57915,6.24998]],[[-75.57957,6.24936],[-75.57956,6.24881],[-75.57916,6.2495],[-75.57957,6.24936]],[[-75.58111,6.24827],[-75.58051,6.2475],[-75.58019,6.248],[-75.58111,6.24827]],[[-75.60247,6.25064],[-75.60233,6.25061],[-75.60219,6.25064],[-75.60247,6.25064]]],[[[-75.56535,6.24813],[-75.56535,6.24824],[-75.56355,6.25172],[-75.56275,6.25243],[-75.56535,6.24813]],[[-75.56318,6.25181],[-75.56316,6.25184],[-75.56318,6.25188],[-75.56318,6.25181]],[[-75.56332,6.2517],[-75.5633,6.25171],[-75.56332,6.25171],[-75.56332,6.2517]]],[[[-75.58134,6.2159],[-75.57905,6.22694],[-75.58134,6.21521],[-75.57927,6.21407],[-75.57626,6.23126],[-75.57681,6.23545],[-75.57873,6.22686],[-75.57901,6.22718],[-75.57706,6.23658],[-75.57854,6.23939],[-75.59666,6.23899],[-75.58995,6.2394],[-75.58457,6.24459],[-75.5888,6.24023],[-75.5779,6.23987],[-75.5766,6.23601],[-75.57783,6.23986],[-75.57619,6.23981],[-75.57548,6.24321],[-75.57467,6.23923],[-75.57066,6.23774],[-75.57017,6.24011],[-75.56568,6.2315],[-75.57544,6.23878],[-75.57558,6.23142],[-75.57586,6.23319],[-75.57651,6.22522],[-75.57628,6.22818],[-75.5813,6.19696],[-75.57917,6.20598],[-75.57748,6.21316],[-75.57876,6.20419],[-75.577,6.20641],[-75.57502,6.20203],[-75.57631,6.19943],[-75.57879,6.20341],[-75.58075,6.19531],[-75.57845,6.19723],[-75.57682,6.19321],[-75.58008,6.19206],[-75.58083,6.19484],[-75.58232,6.19068],[-75.58078,6.19601],[-75.58303,6.18869],[-75.58082,6.19717],[-75.58168,6.19663],[-75.57879,6.21356],[-75.58188,6.21426],[-75.58673,6.20559],[-75.58414,6.20257],[-75.58538,6.19685],[-75.58435,6.20241],[-75.58771,6.20307],[-75.58902,6.20825],[-75.58674,6.20559],[-75.58134,6.2159]],[[-75.57918,6.20563],[-75.57913,6.20581],[-75.57917,6.20598],[-75.57918,6.20563]],[[-75.57018,6.2376],[-75.5702,6.23754],[-75.57016,6.23745],[-75.57018,6.2376]],[[-75.57059,6.23767],[-75.5706,6.23753],[-75.57052,6.23759],[-75.57059,6.23767]],[[-75.57543,6.20218],[-75.57537,6.20214],[-75.57537,6.20224],[-75.57543,6.20218]],[[-75.5755,6.20152],[-75.5755,6.20148],[-75.57549,6.2015],[-75.5755,6.20152]],[[-75.57589,6.23963],[-75.57585,6.23953],[-75.57574,6.23963],[-75.57589,6.23963]],[[-75.57574,6.23933],[-75.57671,6.23941],[-75.57615,6.23795],[-75.57574,6.23933]],[[-75.57602,6.23441],[-75.576,6.23431],[-75.576,6.2344],[-75.57602,6.23441]],[[-75.57601,6.23395],[-75.57606,6.23444],[-75.57613,6.2345],[-75.57601,6.23395]],[[-75.5763,6.23732],[-75.57628,6.23701],[-75.57614,6.23746],[-75.5763,6.23732]],[[-75.57615,6.23503],[-75.57624,6.2351],[-75.57618,6.23478],[-75.57615,6.23503]],[[-75.57641,6.23529],[-75.5763,6.23519],[-75.57629,6.23543],[-75.57641,6.23529]],[[-75.57655,6.2357],[-75.57645,6.23563],[-75.57642,6.23583],[-75.57655,6.2357]],[[-75.57656,6.23708],[-75.57658,6.23721],[-75.57664,6.23715],[-75.57656,6.23708]],[[-75.57657,6.23838],[-75.57656,6.23837],[-75.57656,6.23841],[-75.57657,6.23838]],[[-75.5767,6.23781],[-75.57736,6.23939],[-75.57668,6.23721],[-75.5767,6.23781]],[[-75.5771,6.2398],[-75.57701,6.2395],[-75.57696,6.23967],[-75.5771,6.2398]],[[-75.57752,6.23404],[-75.57749,6.23399],[-75.57749,6.23409],[-75.57752,6.23404]],[[-75.57919,6.20381],[-75.57907,6.20355],[-75.57904,6.20398],[-75.57919,6.20381]],[[-75.57942,6.19448],[-75.57937,6.19438],[-75.57929,6.19452],[-75.57942,6.19448]],[[-75.58016,6.19932],[-75.57997,6.19994],[-75.57946,6.2038],[-75.58016,6.19932]],[[-75.58021,6.19909],[-75.58062,6.19772],[-75.58025,6.19892],[-75.58021,6.19909]],[[-75.58073,6.21437],[-75.58068,6.21436],[-75.58063,6.21437],[-75.58073,6.21437]],[[-75.58112,6.21452],[-75.58108,6.21449],[-75.58102,6.21451],[-75.58112,6.21452]],[[-75.58689,6.2393],[-75.58673,6.23926],[-75.5866,6.23931],[-75.58689,6.2393]]],[[[-75.57004,6.23474],[-75.56993,6.21143],[-75.57076,6.20985],[-75.57004,6.23474]]],[[[-75.57125,6.20338],[-75.57018,6.20285],[-75.57378,6.19893],[-75.57125,6.20338]]],[[[-75.57402,6.19843],[-75.57281,6.19434],[-75.5759,6.19499],[-75.57607,6.19892],[-75.57508,6.19653],[-75.57402,6.19843]],[[-75.57453,6.19556],[-75.57454,6.19549],[-75.57452,6.19553],[-75.57453,6.19556]],[[-75.57508,6.19637],[-75.57509,6.19635],[-75.57507,6.19635],[-75.57508,6.19637]]],[[[-75.57739,6.21356],[-75.57651,6.2245],[-75.57729,6.21411],[-75.57382,6.21289],[-75.57748,6.21319],[-75.57739,6.21356]],[[-75.57643,6.2133],[-75.57584,6.21311],[-75.57562,6.21316],[-75.57643,6.2133]],[[-75.57681,6.21343],[-75.5766,6.21328],[-75.57659,6.21346],[-75.57681,6.21343]]],[[[-75.57887,6.27159],[-75.57624,6.26982],[-75.57647,6.26906],[-75.57887,6.27159]]],[[[-75.57886,6.27479],[-75.57907,6.27172],[-75.5801,6.27348],[-75.57886,6.27479]]],[[[-75.58429,6.28283],[-75.58283,6.28341],[-75.58163,6.28239],[-75.58429,6.28283]]],[[[-75.59628,6.21327],[-75.59449,6.21105],[-75.58719,6.23807],[-75.58971,6.21085],[-75.59408,6.21152],[-75.59395,6.20918],[-75.59628,6.21327]],[[-75.59345,6.21351],[-75.59103,6.2115],[-75.58898,6.22847],[-75.59345,6.21351]],[[-75.59477,6.2108],[-75.59457,6.21061],[-75.59455,6.21082],[-75.59477,6.2108]]],[[[-75.59114,6.2266],[-75.59249,6.21942],[-75.59143,6.22993],[-75.59114,6.2266]]],[[[-75.59414,6.27356],[-75.59162,6.27383],[-75.59508,6.27052],[-75.59414,6.27356]],[[-75.59481,6.27108],[-75.59412,6.27174],[-75.59473,6.27117],[-75.59481,6.27108]]],[[[-75.59954,6.22488],[-75.60137,6.22672],[-75.602,6.2295],[-75.59954,6.22488]]],[[[-75.60632,6.25118],[-75.61122,6.25455],[-75.60873,6.25321],[-75.60632,6.25118]]]]}},{"type":"Feature","properties":{"iso":80,"rango_db":">80.0","ha":60.0},"geometry":{"type":"MultiPolygon","coordinates":[[[[-75.56064,6.30403],[-75.56372,6.3016],[-75.56035,6.30597],[-75.56064,6.30403]]],[[[-75.56896,6.2838],[-75.56638,6.28742],[-75.56908,6.28102],[-75.56896,6.2838]]],[[[-75.56904,6.27569],[-75.57175,6.26476],[-75.56907,6.27682],[-75.56904,6.27569]]],[[[-75.57067,6.27387],[-75.56963,6.27849],[-75.56983,6.27584],[-75.57067,6.27387]]],[[[-75.57628,6.22818],[-75.57791,6.21374],[-75.58131,6.19696],[-75.57628,6.22818]]],[[[-75.57902,6.25012],[-75.57972,6.25085],[-75.57719,6.2542],[-75.57902,6.25012]]],[[[-75.58212,6.1926],[-75.58078,6.19601],[-75.58268,6.18939],[-75.58212,6.1926]]],[[[-75.58898,6.22847],[-75.59025,6.2125],[-75.59352,6.21278],[-75.58898,6.22847]]]]}}]}