{"type":"FeatureCollection","features":[{"type":"Feature","properties":{"nombre":"Iglesia de Jesucristo de Los Santos de Los Ultimos Días","tipo":"Espacio para el culto","componente":"Equipamientos de Culto","nivel":"Barrial y Suburbano","barrio":"Prado"},"geometry":{"type":"Point","coordinates":[-75.561615,6.263098]}},{"type":"Feature","properties":{"nombre":"Sede Social Chibkariwak - Residencia Estudialtil","componente":"Equipamientos Comunitarios","nivel":"Barrial y Suburbano","barrio":"Prado"},"geometry":{"type":"Point","coordinates":[-75.560389,6.262823]}},{"type":"Feature","properties":{"nombre":"Hogar Comunitario Chibkariwak","componente":"Equipamiento de Asistencia Social","nivel":"Barrial y Suburbano","barrio":"Prado"},"geometry":{"type":"Point","coordinates":[-75.560469,6.26224]}},{"type":"Feature","properties":{"nombre":"Clínica del Prado 1","componente":"Equipamiento de Salud","nivel":"Ciudad","barrio":"Prado"},"geometry":{"type":"Point","coordinates":[-75.561812,6.261719]}},{"type":"Feature","properties":{"nombre":"Clínica del Prado 2","componente":"Equipamiento de Salud","nivel":"Ciudad","barrio":"Prado"},"geometry":{"type":"Point","coordinates":[-75.56139,6.261534]}},{"type":"Feature","properties":{"nombre":"Hospital Noel","componente":"Equipamiento de Salud","nivel":"Zonal y Corregimental","barrio":"Prado"},"geometry":{"type":"Point","coordinates":[-75.561506,6.260779]}},{"type":"Feature","properties":{"nombre":"Parroquia El Espiritu Santo","tipo":"Espacio para el culto","componente":"Equipamientos de Culto","nivel":"Barrial y Suburbano","barrio":"Prado"},"geometry":{"type":"Point","coordinates":[-75.561439,6.259616]}},{"type":"Feature","properties":{"nombre":"Clínica Psiquiatrica Nuestra Señora del Sagrado Corazón","componente":"Equipamiento de Salud","nivel":"Ciudad","barrio":"Prado"},"geometry":{"type":"Point","coordinates":[-75.562134,6.2595]}},{"type":"Feature","properties":{"nombre":"Inspección de Policía - Prado","tipo":"Instituciones municipales encargadas de la convivencia","componente":"Equipamientos de Justicia Cercana al Ciudadano","nivel":"Zonal y Corregimental","barrio":"Prado"},"geometry":{"type":"Point","coordinates":[-75.5604,6.256723]}},{"type":"Feature","properties":{"nombre":"Sede Social Prado Cra 50A","componente":"Equipamientos Comunitarios","nivel":"Barrial y Suburbano","barrio":"Prado"},"geometry":{"type":"Point","coordinates":[-75.562979,6.259708]}},{"type":"Feature","properties":{"nombre":"Cancha el Trébol","tipo":"Escenario deportivo-recreativo","componente":"Equipamiento de Recreación y Deporte","nivel":"Barrial y Suburbano","barrio":"La Avanzada"},"geometry":{"type":"Point","coordinates":[-75.538817,6.295852]}},{"type":"Feature","properties":{"nombre":"Cancha La Bombonera","tipo":"Escenario deportivo-recreativo","componente":"Equipamiento de Recreación y Deporte","nivel":"Barrial y Suburbano","barrio":"Moravia"},"geometry":{"type":"Point","coordinates":[-75.565339,6.275654]}},{"type":"Feature","properties":{"nombre":"Cancha de Futbol Santa Margarita","tipo":"Escenario deportivo-recreativo","componente":"Equipamiento de Recreación y Deporte","nivel":"Barrial y Suburbano","barrio":"Santa Margarita"},"geometry":{"type":"Point","coordinates":[-75.619066,6.273839]}},{"type":"Feature","properties":{"nombre":"Cancha de Futbol Sol de Oriente","tipo":"Escenario deportivo-recreativo","componente":"Equipamiento de Recreación y Deporte","nivel":"Barrial y Suburbano","barrio":"Trece de Noviembre"},"geometry":{"type":"Point","coordinates":[-75.540736,6.243564]}},{"type":"Feature","properties":{"nombre":"Cancha  de futbol Cerro Nutibara","tipo":"Escenario deportivo-recreativo","componente":"Equipamiento de Recreación y Deporte","nivel":"Barrial y Suburbano","barrio":"Cerro Nutibara"},"geometry":{"type":"Point","coordinates":[-75.579796,6.233378]}},{"type":"Feature","properties":{"nombre":"Gerencia del Centro","tipo":"Institucional Municipal","componente":"Equipamientos Institucionales Locales","nivel":"Zonal y Corregimental","barrio":"Prado"},"geometry":{"type":"Point","coordinates":[-75.56513,6.258057]}},{"type":"Feature","properties":{"nombre":"Clínica SALUDCOOP","componente":"Equipamiento de Salud","nivel":"Zonal y Corregimental","barrio":"Prado"},"geometry":{"type":"Point","coordinates":[-75.563474,6.25588]}},{"type":"Feature","properties":{"nombre":"Parroquia Los Doce Apostoles","tipo":"Espacio para el culto","componente":"Equipamientos de Culto","nivel":"Barrial y Suburbano","barrio":"Prado"},"geometry":{"type":"Point","coordinates":[-75.564821,6.256825]}},{"type":"Feature","properties":{"nombre":"Clinica C.E.S.","componente":"Equipamiento de Salud","nivel":"Zonal y Corregimental","barrio":"Prado"},"geometry":{"type":"Point","coordinates":[-75.56545,6.257509]}},{"type":"Feature","properties":{"nombre":"Estación Metro Hospital","tipo":"Transporte ferroviario","componente":"Equipamientos para el Transporte","nivel":"Ciudad","barrio":"Prado"},"geometry":{"type":"Point","coordinates":[-75.563278,6.263966]}},{"type":"Feature","properties":{"nombre":"Basílica Metropolitana de Medellín","tipo":"Espacio para el culto","componente":"Equipamientos de Culto","nivel":"Metropolitano Y Regional","barrio":"Villa Nueva"},"geometry":{"type":"Point","coordinates":[-75.563857,6.254008]}},{"type":"Feature","properties":{"nombre":"Teatro LIDO","componente":"Equipamientos Culturales","nivel":"Ciudad","barrio":"Villa Nueva"},"geometry":{"type":"Point","coordinates":[-75.564376,6.25222]}},{"type":"Feature","properties":{"nombre":"Colegio María Auxiliadora","componente":"Equipamiento de Educación","nivel":"Zonal y Corregimental","barrio":"Los Ángeles"},"geometry":{"type":"Point","coordinates":[-75.559829,6.253379]}},{"type":"Feature","properties":{"nombre":"Teatro Prado El Aguila Descalza","componente":"Equipamientos Culturales","nivel":"Ciudad","barrio":"Los Ángeles"},"geometry":{"type":"Point","coordinates":[-75.560577,6.254938]}},{"type":"Feature","properties":{"nombre":"Parroquia María Reina de Los Angeles","tipo":"Espacio para el culto","componente":"Equipamientos de Culto","nivel":"Barrial y Suburbano","barrio":"Los Ángeles"},"geometry":{"type":"Point","coordinates":[-75.557871,6.253602]}},{"type":"Feature","properties":{"nombre":"Sección Colegio Agustin Nieto Caballero","componente":"Equipamiento de Educación","nivel":"Barrial y Suburbano","barrio":"Los Ángeles"},"geometry":{"type":"Point","coordinates":[-75.557078,6.25248]}},{"type":"Feature","properties":{"nombre":"Sección Escuela Hipolito Londoño Mesa","componente":"Equipamiento de Educación","nivel":"Barrial y Suburbano","barrio":"Los Ángeles"},"geometry":{"type":"Point","coordinates":[-75.556263,6.252135]}},{"type":"Feature","properties":{"nombre":"Institución Educativa Alfonso López Pumarejo","componente":"Equipamiento de Educación","nivel":"Barrial y Suburbano","barrio":"Los Ángeles"},"geometry":{"type":"Point","coordinates":[-75.554945,6.250202]}},{"type":"Feature","properties":{"nombre":"Sede Cultural Boston Vive","componente":"Equipamientos Culturales","nivel":"Barrial y Suburbano","barrio":"Boston"},"geometry":{"type":"Point","coordinates":[-75.557087,6.248468]}},{"type":"Feature","properties":{"nombre":"Colegio Salesiano El Sufragio","componente":"Equipamiento de Educación","nivel":"Zonal y Corregimental","barrio":"Boston"},"geometry":{"type":"Point","coordinates":[-75.558492,6.248506]}},{"type":"Feature","properties":{"nombre":"Iglesia Nuestra Señora del Sufragio","tipo":"Espacio para el culto","componente":"Equipamientos de Culto","nivel":"Barrial y Suburbano","barrio":"Boston"},"geometry":{"type":"Point","coordinates":[-75.558184,6.248709]}},{"type":"Feature","properties":{"nombre":"Teatro Pablo Tobón Uribe","componente":"Equipamientos Culturales","nivel":"Ciudad","barrio":"Boston"},"geometry":{"type":"Point","coordinates":[-75.559116,6.247526]}},{"type":"Feature","properties":{"nombre":"Sección Escuela Antonia Santos","componente":"Equipamiento de Educación","nivel":"Barrial y Suburbano","barrio":"Boston"},"geometry":{"type":"Point","coordinates":[-75.55849,6.245717]}},{"type":"Feature","properties":{"nombre":"Plaza de Florez - Boston","tipo":"Plazas o galerias de mercado","componente":"Equipamientos de almacenamiento y distribución del sector primario y del comercio popular","nivel":"Zonal y Corregimental","barrio":"Boston"},"geometry":{"type":"Point","coordinates":[-75.559945,6.24588]}},{"type":"Feature","properties":{"nombre":"Institucion Educativa Hector Abad Gomez","componente":"Equipamiento de Educación","nivel":"Barrial y Suburbano","barrio":"Boston"},"geometry":{"type":"Point","coordinates":[-75.560143,6.245584]}},{"type":"Feature","properties":{"nombre":"Institucion Universitaria Escolme","componente":"Equipamiento de Educación","nivel":"Ciudad","barrio":"Boston"},"geometry":{"type":"Point","coordinates":[-75.56095,6.245976]}},{"type":"Feature","properties":{"nombre":"Institución Educativa CEFA","componente":"Equipamiento de Educación","nivel":"Zonal y Corregimental","barrio":"Boston"},"geometry":{"type":"Point","coordinates":[-75.561664,6.246234]}},{"type":"Feature","properties":{"nombre":"Universidad Cooperativa de Clombia - Edificio Jaime Sierra","componente":"Equipamiento de Educación","nivel":"Zonal y Corregimental","barrio":"Boston"},"geometry":{"type":"Point","coordinates":[-75.561681,6.246904]}},{"type":"Feature","properties":{"nombre":"Universidad Cooperativa de Colombia","componente":"Equipamiento de Educación","nivel":"Zonal y Corregimental","barrio":"Boston"},"geometry":{"type":"Point","coordinates":[-75.56248,6.246806]}},{"type":"Feature","properties":{"nombre":"Universidad Cooperativa de Colombia","componente":"Equipamiento de Educación","nivel":"Zonal y Corregimental","barrio":"Boston"},"geometry":{"type":"Point","coordinates":[-75.562563,6.246536]}},{"type":"Feature","properties":{"nombre":"Colegio Militar Pedro Nel Ospina","componente":"Equipamiento de Educación","nivel":"Barrial y Suburbano","barrio":"Boston"},"geometry":{"type":"Point","coordinates":[-75.561568,6.247639]}},{"type":"Feature","properties":{"nombre":"Pequeño Teatro","componente":"Equipamientos Culturales","nivel":"Ciudad","barrio":"Boston"},"geometry":{"type":"Point","coordinates":[-75.561454,6.247409]}},{"type":"Feature","properties":{"nombre":"Escuela del Maestro - Secretaría de Educación - Municipio de Medellín","componente":"Equipamientos Comunitarios","nivel":"Zonal y Corregimental","barrio":"Boston"},"geometry":{"type":"Point","coordinates":[-75.561221,6.247567]}},{"type":"Feature","properties":{"nombre":"Universidad Cooperativa de Colombia","componente":"Equipamiento de Educación","nivel":"Zonal y Corregimental","barrio":"Boston"},"geometry":{"type":"Point","coordinates":[-75.560709,6.247124]}},{"type":"Feature","properties":{"nombre":"Colegio Ciencia y Vida","componente":"Equipamiento de Educación","nivel":"Zonal y Corregimental","barrio":"Boston"},"geometry":{"type":"Point","coordinates":[-75.560857,6.250844]}},{"type":"Feature","properties":{"nombre":"Fundación Universitaria María Cano","componente":"Equipamiento de Educación","nivel":"Ciudad","barrio":"Boston"},"geometry":{"type":"Point","coordinates":[-75.559803,6.251252]}},{"type":"Feature","properties":{"nombre":"Inspección de Policía - Boston","tipo":"Instituciones municipales encargadas de la convivencia","componente":"Equipamientos de Justicia Cercana al Ciudadano","nivel":"Barrial y Suburbano","barrio":"Boston"},"geometry":{"type":"Point","coordinates":[-75.559223,6.250641]}},{"type":"Feature","properties":{"nombre":"Instituto de Artes","componente":"Equipamiento de Educación","nivel":"Zonal y Corregimental","barrio":"Bomboná No.1"},"geometry":{"type":"Point","coordinates":[-75.563834,6.243696]}},{"type":"Feature","properties":{"nombre":"Facultad de Derecho Universidad de Antioquia","componente":"Equipamiento de Educación","nivel":"Ciudad","barrio":"Bomboná No.1"},"geometry":{"type":"Point","coordinates":[-75.563414,6.245728]}},{"type":"Feature","properties":{"nombre":"Colegio Nocturno de Bachillerato para Adultos Universidad de Antioquia - Casa","componente":"Equipamiento de Educación","nivel":"Zonal y Corregimental","barrio":"Bomboná No.1"},"geometry":{"type":"Point","coordinates":[-75.563347,6.24536]}},{"type":"Feature","properties":{"nombre":"Instituto de Bellas Artes - Calle Ayacucho","componente":"Equipamiento de Educación","nivel":"Ciudad","barrio":"Bomboná No.1"},"geometry":{"type":"Point","coordinates":[-75.562786,6.245733]}},{"type":"Feature","properties":{"nombre":"CESDE - Calle Pascasio Uribe","componente":"Equipamiento de Educación","nivel":"Ciudad","barrio":"Bomboná No.1"},"geometry":{"type":"Point","coordinates":[-75.562746,6.245271]}},{"type":"Feature","properties":{"nombre":"CESDE - Sede Principal","componente":"Equipamiento de Educación","nivel":"Ciudad","barrio":"Bomboná No.1"},"geometry":{"type":"Point","coordinates":[-75.562474,6.24497]}},{"type":"Feature","properties":{"nombre":"Escuela Teatro Popular de Medellín - TPM","componente":"Equipamientos Culturales","nivel":"Zonal y Corregimental","barrio":"Bomboná No.1"},"geometry":{"type":"Point","coordinates":[-75.562407,6.244416]}},{"type":"Feature","properties":{"nombre":"Colegio Militar José María Cordoba","componente":"Equipamiento de Educación","nivel":"Zonal y Corregimental","barrio":"Bomboná No.1"},"geometry":{"type":"Point","coordinates":[-75.561696,6.24507]}},{"type":"Feature","properties":{"nombre":"Parroquia El Pilar","tipo":"Espacio para el culto","componente":"Equipamientos de Culto","nivel":"Barrial y Suburbano","barrio":"Las Palmas"},"geometry":{"type":"Point","coordinates":[-75.564599,6.239443]}},{"type":"Feature","properties":{"nombre":"Sede Social Barrio Las Palmas","componente":"Equipamientos Comunitarios","nivel":"Barrial y Suburbano","barrio":"Las Palmas"},"geometry":{"type":"Point","coordinates":[-75.564865,6.240034]}},{"type":"Feature","properties":{"nombre":"Institución Educativa Ana de Castrillón","componente":"Equipamiento de Educación","nivel":"Barrial y Suburbano","barrio":"Las Palmas"},"geometry":{"type":"Point","coordinates":[-75.564374,6.237564]}},{"type":"Feature","properties":{"nombre":"Seccion Municipal Institucion Educativa El Salvador","componente":"Equipamiento de Educación","nivel":"Barrial y Suburbano","barrio":"Las Palmas"},"geometry":{"type":"Point","coordinates":[-75.564105,6.235653]}},{"type":"Feature","properties":{"nombre":"Unidad deportiva la Asomadera","componente":"Equipamiento de Recreación y Deporte","nivel":"Zonal y Corregimental","barrio":"San Diego"},"geometry":{"type":"Point","coordinates":[-75.564992,6.235879]}},{"type":"Feature","properties":{"nombre":"Sección Escuela Luis Alfonso Agudelo","componente":"Equipamiento de Educación","nivel":"Barrial y Suburbano","barrio":"Las Palmas"},"geometry":{"type":"Point","coordinates":[-75.568214,6.236844]}},{"type":"Feature","properties":{"nombre":"Parroquia San Diego","tipo":"Espacio para el culto","componente":"Equipamientos de Culto","nivel":"Barrial y Suburbano","barrio":"San Diego"},"geometry":{"type":"Point","coordinates":[-75.567475,6.237865]}},{"type":"Feature","properties":{"nombre":"Unidad Deportiva San Diego","componente":"Equipamiento de Recreación y Deporte","nivel":"Barrial y Suburbano","barrio":"San Diego"},"geometry":{"type":"Point","coordinates":[-75.56606,6.237272]}},{"type":"Feature","properties":{"nombre":"Sede Social Brisas de San Diego","componente":"Equipamientos Comunitarios","nivel":"Barrial y Suburbano","barrio":"San Diego"},"geometry":{"type":"Point","coordinates":[-75.566709,6.238722]}},{"type":"Feature","properties":{"nombre":"Universidad Cooperativa de Colombia","componente":"Equipamiento de Educación","nivel":"Zonal y Corregimental","barrio":"Boston"},"geometry":{"type":"Point","coordinates":[-75.560888,6.247133]}},{"type":"Feature","properties":{"nombre":"Universidad Cooperativa de Colombia","componente":"Equipamiento de Educación","nivel":"Zonal y Corregimental","barrio":"Boston"},"geometry":{"type":"Point","coordinates":[-75.561009,6.246888]}},{"type":"Feature","properties":{"nombre":"Institucion Educativa  Javiera Londoño","componente":"Equipamiento de Educación","nivel":"Zonal y Corregimental","barrio":"Boston"},"geometry":{"type":"Point","coordinates":[-75.559985,6.24837]}},{"type":"Feature","properties":{"nombre":"Clinica Diagnostica Especializada Congregación Mariana","componente":"Equipamiento de Salud","nivel":"Zonal y Corregimental","barrio":"Boston"},"geometry":{"type":"Point","coordinates":[-75.560765,6.248803]}},{"type":"Feature","properties":{"nombre":"Universidad Antonio Nariño","componente":"Equipamiento de Educación","nivel":"Ciudad","barrio":"Boston"},"geometry":{"type":"Point","coordinates":[-75.560445,6.248168]}},{"type":"Feature","properties":{"nombre":"Palacio de Bellas Artes","componente":"Equipamientos Culturales","nivel":"Ciudad","barrio":"Boston"},"geometry":{"type":"Point","coordinates":[-75.561461,6.248458]}},{"type":"Feature","properties":{"nombre":"Parroquia María Auxiliadora","tipo":"Espacio para el culto","componente":"Equipamientos de Culto","nivel":"Barrial y Suburbano","barrio":"La Frontera"},"geometry":{"type":"Point","coordinates":[-75.554901,6.306447]}},{"type":"Feature","properties":{"nombre":"Institucion Educativa Asia Ignaciana","componente":"Equipamiento de Educación","nivel":"Barrial y Suburbano","barrio":"La Frontera"},"geometry":{"type":"Point","coordinates":[-75.554656,6.306216]}},{"type":"Feature","properties":{"nombre":"Parroquia El Calvario","tipo":"Espacio para el culto","componente":"Equipamientos de Culto","nivel":"Barrial y Suburbano","barrio":"Campo Valdés No.1"},"geometry":{"type":"Point","coordinates":[-75.557666,6.271185]}},{"type":"Feature","properties":{"nombre":"Institución Educativa Alfonso Mora Naranjo","componente":"Equipamiento de Educación","nivel":"Barrial y Suburbano","barrio":"Campo Valdés No.1"},"geometry":{"type":"Point","coordinates":[-75.557017,6.271181]}},{"type":"Feature","properties":{"nombre":"Sede Economia Solidaria Campo Valdes","componente":"Equipamientos Comunitarios","nivel":"Barrial y Suburbano","barrio":"Campo Valdés No.1"},"geometry":{"type":"Point","coordinates":[-75.554592,6.272615]}},{"type":"Feature","properties":{"nombre":"Estación Metroplus","tipo":"Transporte de buses","componente":"Equipamientos para el Transporte","nivel":"Ciudad","barrio":"Campo Valdés No.1"},"geometry":{"type":"Point","coordinates":[-75.554059,6.27322]}},{"type":"Feature","properties":{"nombre":"Sección Escuela Santa María Goretti","componente":"Equipamiento de Educación","nivel":"Barrial y Suburbano","barrio":"Manrique Central No.1"},"geometry":{"type":"Point","coordinates":[-75.559012,6.263575]}},{"type":"Feature","properties":{"nombre":"Institución  Educativa Loreto-Gabriela Gomez Carvajal","componente":"Equipamiento de Educación","nivel":"Barrial y Suburbano","barrio":"Loreto"},"geometry":{"type":"Point","coordinates":[-75.559574,6.231626]}},{"type":"Feature","properties":{"nombre":"Facultad de Veterinaria y Zootecnia - U. de A.","componente":"Equipamiento de Educación","nivel":"Metropolitano Y Regional","barrio":"Facultad Veterinaria y Zootecnia U.de.A."},"geometry":{"type":"Point","coordinates":[-75.587565,6.271699]}},{"type":"Feature","properties":{"nombre":"Institución Educativa Gerardo Valencia Cano","componente":"Equipamiento de Educación","nivel":"Zonal y Corregimental","barrio":"San Germán"},"geometry":{"type":"Point","coordinates":[-75.587846,6.269001]}},{"type":"Feature","properties":{"nombre":"Ancianato Congregación de las Hijas de San Camilo","componente":"Equipamiento de Asistencia Social","barrio":"Palenque"},"geometry":{"type":"Point","coordinates":[-75.591006,6.276023]}},{"type":"Feature","properties":{"nombre":"Lote de Servicios colectivos urbanización Quintalinda 9115","componente":"Equipamientos Comunitarios","nivel":"Barrial y Suburbano","barrio":"Bomboná No.2"},"geometry":{"type":"Point","coordinates":[-75.544906,6.230683]}},{"type":"Feature","properties":{"nombre":"Hogar Infantil Los Caunces","componente":"Equipamiento de Asistencia Social","nivel":"Barrial y Suburbano","barrio":"Bomboná No.2"},"geometry":{"type":"Point","coordinates":[-75.545165,6.22962]}},{"type":"Feature","properties":{"nombre":"Colegio La Pastora","componente":"Equipamiento de Educación","nivel":"Barrial y Suburbano","barrio":"Bomboná No.2"},"geometry":{"type":"Point","coordinates":[-75.542434,6.230137]}},{"type":"Feature","properties":{"nombre":"Lote servicios colectivos Urbanización Serranía U-7913","componente":"Equipamientos Comunitarios","nivel":"Barrial y Suburbano","barrio":"Bomboná No.2"},"geometry":{"type":"Point","coordinates":[-75.54292,6.230256]}},{"type":"Feature","properties":{"nombre":"Zona comunal No 3 U8321 Caunces","componente":"Equipamientos Comunitarios","nivel":"Barrial y Suburbano","barrio":"Bomboná No.2"},"geometry":{"type":"Point","coordinates":[-75.543568,6.227512]}},{"type":"Feature","properties":{"nombre":"Parroquia Santa María de Los Angeles - Sede Alterna","tipo":"Espacio para el culto","componente":"Equipamientos de Culto","nivel":"Barrial y Suburbano","barrio":"Santa María de Los Ángeles"},"geometry":{"type":"Point","coordinates":[-75.580887,6.192505]}},{"type":"Feature","properties":{"nombre":"Sede Cultural y Juvenil El Poblado","componente":"Equipamientos Culturales","nivel":"Barrial y Suburbano","barrio":"Santa María de Los Ángeles"},"geometry":{"type":"Point","coordinates":[-75.578619,6.190577]}},{"type":"Feature","properties":{"nombre":"Defensa Civil Colombiana Sede El Diamante","tipo":"Sede defensa civil","componente":"Equipamiento de Prevención y atención de desatres","nivel":"Zonal y Corregimental","barrio":"Manila"},"geometry":{"type":"Point","coordinates":[-75.570911,6.211058]}},{"type":"Feature","properties":{"nombre":"Centro Educativo Ana Mejía","componente":"Equipamiento de Educación","nivel":"Barrial y Suburbano","barrio":"El Tesoro"},"geometry":{"type":"Point","coordinates":[-75.553516,6.207588]}},{"type":"Feature","properties":{"nombre":"Placa Polideportiva Plaza Colón","componente":"Equipamiento de Recreación y Deporte","nivel":"Barrial y Suburbano","barrio":"Héctor Abad Gómez"},"geometry":{"type":"Point","coordinates":[-75.55947,6.303465]}},{"type":"Feature","properties":{"nombre":"Sección Escuela Porfirio Barba Jacob","componente":"Equipamiento de Educación","nivel":"Barrial y Suburbano","barrio":"Manrique Central No.1"},"geometry":{"type":"Point","coordinates":[-75.556392,6.269029]}},{"type":"Feature","properties":{"nombre":"Sede Social Moravia El Bosque","componente":"Equipamientos Comunitarios","nivel":"Barrial y Suburbano","barrio":"Moravia"},"geometry":{"type":"Point","coordinates":[-75.565731,6.275828]}},{"type":"Feature","properties":{"nombre":"Institución Educativa Barrio Santander","componente":"Equipamiento de Educación","nivel":"Zonal y Corregimental","barrio":"Santander"},"geometry":{"type":"Point","coordinates":[-75.575781,6.306336]}},{"type":"Feature","properties":{"nombre":"Despacho de Teléfonos, Acueducto y Alcantarillado EPM - Pedregal","componente":"Equipamientos para la prestación de los servicios públicos","nivel":"Ciudad","barrio":"Santander"},"geometry":{"type":"Point","coordinates":[-75.574379,6.305886]}},{"type":"Feature","properties":{"nombre":"Parroquia Santa María del Carmen","tipo":"Espacio para el culto","componente":"Equipamientos de Culto","nivel":"Barrial y Suburbano","barrio":"Santander"},"geometry":{"type":"Point","coordinates":[-75.578396,6.303483]}},{"type":"Feature","properties":{"nombre":"Iglesia Santa María del Camino","tipo":"Espacio para el culto","componente":"Equipamientos de Culto","nivel":"Barrial y Suburbano","barrio":"Santo Domingo Savio No.2"},"geometry":{"type":"Point","coordinates":[-75.541828,6.299314]}},{"type":"Feature","properties":{"nombre":"Placa Deportiva Santo Domingo","componente":"Equipamiento de Recreación y Deporte","nivel":"Barrial y Suburbano","barrio":"Santo Domingo Savio No.2"},"geometry":{"type":"Point","coordinates":[-75.542003,6.299727]}},{"type":"Feature","properties":{"nombre":"Sede Social Santo Domingo Savio 2","componente":"Equipamientos Comunitarios","nivel":"Barrial y Suburbano","barrio":"Santo Domingo Savio No.2"},"geometry":{"type":"Point","coordinates":[-75.541635,6.299345]}},{"type":"Feature","properties":{"nombre":"Institución Educativa Antonio Derka","componente":"Equipamiento de Educación","nivel":"Barrial y Suburbano","barrio":"Santo Domingo Savio No.2"},"geometry":{"type":"Point","coordinates":[-75.538956,6.297163]}},{"type":"Feature","properties":{"nombre":"Estacion de Policia Villa del Socorro","tipo":"Fuerza pública","componente":"Equipamientos para la Fuerza Pública","nivel":"Barrial y Suburbano","barrio":"Villa del Socorro"},"geometry":{"type":"Point","coordinates":[-75.55424,6.294317]}},{"type":"Feature","properties":{"nombre":"Sección Escuela Municipal La Rosa","componente":"Equipamiento de Educación","nivel":"Barrial y Suburbano","barrio":"Santa Cruz"},"geometry":{"type":"Point","coordinates":[-75.561556,6.292614]}},{"type":"Feature","properties":{"nombre":"Unidad Hospitalaria \"Víctor Cárdenas Jaramillo\" - Santa Cruz - Metrosalud","componente":"Equipamiento de Salud","nivel":"Zonal y Corregimental","barrio":"Santa Cruz"},"geometry":{"type":"Point","coordinates":[-75.560158,6.293328]}},{"type":"Feature","properties":{"nombre":"Parroquia María Rosa Apostólica","tipo":"Espacio para el culto","componente":"Equipamientos de Culto","nivel":"Barrial y Suburbano","barrio":"Santa Cruz"},"geometry":{"type":"Point","coordinates":[-75.56049,6.293982]}},{"type":"Feature","properties":{"nombre":"Congregación de Religiosas Terciariarias","tipo":"Seminarios y conventos","componente":"Equipamientos de Culto","barrio":"La Rosa"},"geometry":{"type":"Point","coordinates":[-75.559637,6.291097]}},{"type":"Feature","properties":{"nombre":"Centro Día - Secretaría de Desarrollo Social","componente":"Equipamiento de Asistencia Social","nivel":"Zonal y Corregimental","barrio":"Estación Villa"},"geometry":{"type":"Point","coordinates":[-75.570856,6.257252]}},{"type":"Feature","properties":{"nombre":"Lote servicios colectivos Urbanización Bagatela Campestre U-8750","componente":"Equipamientos Comunitarios","nivel":"Barrial y Suburbano","barrio":"El Castillo"},"geometry":{"type":"Point","coordinates":[-75.573451,6.191033]}},{"type":"Feature","properties":{"nombre":"Centro Infantil Lucila Jarramillo","componente":"Equipamiento de Asistencia Social","nivel":"Barrial y Suburbano","barrio":"Villa Niza"},"geometry":{"type":"Point","coordinates":[-75.556723,6.294561]}},{"type":"Feature","properties":{"nombre":"Escuela de Música Popular","componente":"Equipamientos Culturales","nivel":"Barrial y Suburbano","barrio":"Villa del Socorro"},"geometry":{"type":"Point","coordinates":[-75.554365,6.293898]}},{"type":"Feature","properties":{"nombre":"Seccion Escuela San Lorenzo de Aburra","componente":"Equipamiento de Educación","nivel":"Barrial y Suburbano","barrio":"Santa Inés"},"geometry":{"type":"Point","coordinates":[-75.549166,6.273491]}},{"type":"Feature","properties":{"nombre":"Colegio Presbitero Hernando Barrientos Cadavid","componente":"Equipamiento de Educación","nivel":"Barrial y Suburbano","barrio":"Bermejal-Los Álamos"},"geometry":{"type":"Point","coordinates":[-75.563852,6.281363]}},{"type":"Feature","properties":{"nombre":"Parroquia Divino Niño","tipo":"Espacio para el culto","componente":"Equipamientos de Culto","nivel":"Barrial y Suburbano","barrio":"Bermejal-Los Álamos"},"geometry":{"type":"Point","coordinates":[-75.563985,6.280236]}},{"type":"Feature","properties":{"nombre":"Sede Social Bermejal Los Alamos","componente":"Equipamientos Comunitarios","nivel":"Barrial y Suburbano","barrio":"Bermejal-Los Álamos"},"geometry":{"type":"Point","coordinates":[-75.564686,6.280006]}},{"type":"Feature","properties":{"nombre":"Sección Escuela Seguros Bolivar","componente":"Equipamiento de Educación","nivel":"Barrial y Suburbano","barrio":"Bermejal-Los Álamos"},"geometry":{"type":"Point","coordinates":[-75.563735,6.279724]}},{"type":"Feature","properties":{"nombre":"Institución Educativa Alvernia","componente":"Equipamiento de Educación","nivel":"Barrial y Suburbano","barrio":"Miranda"},"geometry":{"type":"Point","coordinates":[-75.561875,6.276877]}},{"type":"Feature","properties":{"nombre":"Institucion Educativa Jose Maria Bravo Marquez","componente":"Equipamiento de Educación","nivel":"Barrial y Suburbano","barrio":"Manrique Central No.1"},"geometry":{"type":"Point","coordinates":[-75.556129,6.268883]}},{"type":"Feature","properties":{"nombre":"Planetario Municipal \"Jesús Emilio Ramírez\"","componente":"Equipamientos Culturales","nivel":"Ciudad","barrio":"Sevilla"},"geometry":{"type":"Point","coordinates":[-75.566097,6.268999]}},{"type":"Feature","properties":{"nombre":"Unidad Permanente de Justicia del Bosque","tipo":"Administrativo","componente":"Equipamiento para la Administración de Justicia","nivel":"Ciudad","barrio":"Sevilla"},"geometry":{"type":"Point","coordinates":[-75.565472,6.268002]}},{"type":"Feature","properties":{"nombre":"Institución Educativa Javiera Londoño - Sevilla","componente":"Equipamiento de Educación","nivel":"Barrial y Suburbano","barrio":"Sevilla"},"geometry":{"type":"Point","coordinates":[-75.565151,6.267797]}},{"type":"Feature","properties":{"nombre":"Seccion Escuela Juan del Corral","componente":"Equipamiento de Educación","nivel":"Barrial y Suburbano","barrio":"Sevilla"},"geometry":{"type":"Point","coordinates":[-75.565088,6.268154]}},{"type":"Feature","properties":{"nombre":"Colegio Adventista Simón Bolivar","componente":"Equipamiento de Educación","nivel":"Barrial y Suburbano","barrio":"Sevilla"},"geometry":{"type":"Point","coordinates":[-75.564881,6.268745]}},{"type":"Feature","properties":{"nombre":"Edificio de Extension Universidad de Antioquia","componente":"Equipamiento de Educación","nivel":"Ciudad","barrio":"Sevilla"},"geometry":{"type":"Point","coordinates":[-75.566321,6.267402]}},{"type":"Feature","properties":{"nombre":"Sede Grupo juvenil PROAPENJUBEN Campo Valdes","componente":"Equipamientos Comunitarios","nivel":"Barrial y Suburbano","barrio":"Manrique Central No.1"},"geometry":{"type":"Point","coordinates":[-75.558136,6.268496]}},{"type":"Feature","properties":{"nombre":"Parque Explora","componente":"Equipamientos Culturales","nivel":"Ciudad","barrio":"Parque Norte"},"geometry":{"type":"Point","coordinates":[-75.565609,6.270802]}},{"type":"Feature","properties":{"nombre":"Parque Norte J. E. Valderrama - Estadio Cincuentenario","componente":"Equipamiento de Recreación y Deporte","nivel":"Metropolitano Y Regional","barrio":"Parque Norte"},"geometry":{"type":"Point","coordinates":[-75.567729,6.272182]}},{"type":"Feature","properties":{"nombre":"Inspección de Policía 14B _ Poblado Sur Comisaría de Familia Comuna 14","tipo":"Instituciones municipales encargadas de la convivencia","componente":"Equipamientos de Justicia Cercana al Ciudadano","nivel":"Zonal y Corregimental","barrio":"La Florida"},"geometry":{"type":"Point","coordinates":[-75.566008,6.206673]}},{"type":"Feature","properties":{"nombre":"Refugio de Ancianos San Cristobal","componente":"Equipamiento de Asistencia Social","nivel":"Zonal y Corregimental","barrio":"Área de Expansión Pajarito"},"geometry":{"type":"Point","coordinates":[-75.624219,6.279485]}},{"type":"Feature","properties":{"nombre":"Placa Polideportiva Pedregal Bajo Caracolí","componente":"Equipamiento de Recreación y Deporte","nivel":"Vecinal y Veredal","barrio":"Área de Expansión Pajarito"},"geometry":{"type":"Point","coordinates":[-75.622885,6.280567]}},{"type":"Feature","properties":{"nombre":"Tanque Pedregal Bajo","tipo":"Prestación del servicio de energía","componente":"Equipamientos para la prestación de los servicios públicos","nivel":"Vecinal y Veredal","barrio":"Área de Expansión Pajarito"},"geometry":{"type":"Point","coordinates":[-75.622825,6.280464]}},{"type":"Feature","properties":{"nombre":"Sede Social Pedregal Bajo Sector Caracoli","componente":"Equipamientos Comunitarios","nivel":"Vecinal y Veredal","barrio":"Área de Expansión Pajarito"},"geometry":{"type":"Point","coordinates":[-75.622794,6.280297]}},{"type":"Feature","properties":{"nombre":"CAI Periférico La Loma","tipo":"Fuerza pública","componente":"Equipamientos para la Fuerza Pública","nivel":"Vecinal y Veredal","barrio":"La Loma"},"geometry":{"type":"Point","coordinates":[-75.630976,6.272464]}},{"type":"Feature","properties":{"nombre":"Institución Educativa Rodrigo Correa Palacio","componente":"Equipamiento de Educación","nivel":"Zonal y Corregimental","barrio":"Girardot"},"geometry":{"type":"Point","coordinates":[-75.568767,6.297534]}},{"type":"Feature","properties":{"nombre":"Lote servicios colectivos U- El Retoñal","componente":"Equipamientos Comunitarios","nivel":"Barrial y Suburbano","barrio":"Belalcázar"},"geometry":{"type":"Point","coordinates":[-75.56404,6.296196]}},{"type":"Feature","properties":{"nombre":"Lote servicios colectivos U- El Retoñal","componente":"Equipamientos Comunitarios","nivel":"Barrial y Suburbano","barrio":"Belalcázar"},"geometry":{"type":"Point","coordinates":[-75.563593,6.295885]}},{"type":"Feature","properties":{"nombre":"Caseta Comunal - Urb. Cerros de la Madera","componente":"Equipamientos Comunitarios","nivel":"Vecinal y Veredal","barrio":"Florencia"},"geometry":{"type":"Point","coordinates":[-75.566452,6.311157]}},{"type":"Feature","properties":{"nombre":"Centro de Acopio y Comercialización Colombia - Sec. del Medio Ambiente","tipo":"Prestación del servicio de aseo","componente":"Equipamientos para la prestación de los servicios públicos","nivel":"Zonal y Corregimental","barrio":"Barrio Colombia"},"geometry":{"type":"Point","coordinates":[-75.573223,6.227196]}},{"type":"Feature","properties":{"nombre":"Museo de Arte Moderno-MAM Ciudad del Rio","componente":"Equipamientos Culturales","nivel":"Metropolitano Y Regional","barrio":"Villa Carlota"},"geometry":{"type":"Point","coordinates":[-75.574057,6.22369]}},{"type":"Feature","properties":{"nombre":"Ministerio de Hacienda Aduana Nacional","tipo":"Institucional Nacional","componente":"Equipamientos Institucionales Nacionales","nivel":"Metropolitano Y Regional","barrio":"Villa Carlota"},"geometry":{"type":"Point","coordinates":[-75.574116,6.215956]}},{"type":"Feature","properties":{"nombre":"Instituto de Seguros Sociales - I.S.S.","tipo":"Institucional Nacional","componente":"Equipamientos Institucionales Nacionales","nivel":"Ciudad","barrio":"Villa Carlota"},"geometry":{"type":"Point","coordinates":[-75.576673,6.21533]}},{"type":"Feature","properties":{"nombre":"Casa de La Cultura de El Poblado","componente":"Equipamientos Culturales","nivel":"Zonal y Corregimental","barrio":"Manila"},"geometry":{"type":"Point","coordinates":[-75.570323,6.213102]}},{"type":"Feature","properties":{"nombre":"Institución Educativa República de Honduras","componente":"Equipamiento de Educación","nivel":"Barrial y Suburbano","barrio":"La Rosa"},"geometry":{"type":"Point","coordinates":[-75.55954,6.290774]}},{"type":"Feature","properties":{"nombre":"Institución Educativa Pablo Neruda","componente":"Equipamiento de Educación","nivel":"Barrial y Suburbano","barrio":"La Rosa"},"geometry":{"type":"Point","coordinates":[-75.559984,6.290672]}},{"type":"Feature","properties":{"nombre":"Sede Social La Rosa","componente":"Equipamientos Comunitarios","nivel":"Barrial y Suburbano","barrio":"La Rosa"},"geometry":{"type":"Point","coordinates":[-75.558393,6.290406]}},{"type":"Feature","properties":{"nombre":"Sede Social Villa del Socorro","componente":"Equipamientos Comunitarios","nivel":"Barrial y Suburbano","barrio":"Villa del Socorro"},"geometry":{"type":"Point","coordinates":[-75.553545,6.29408]}},{"type":"Feature","properties":{"nombre":"Institución Educativa Ciro Mendia","componente":"Equipamiento de Educación","nivel":"Barrial y Suburbano","barrio":"Moscú No.1"},"geometry":{"type":"Point","coordinates":[-75.555485,6.290364]}},{"type":"Feature","properties":{"nombre":"Biblioteca Pública Comfenalco - Castilla","componente":"Equipamientos Culturales","nivel":"Zonal y Corregimental","barrio":"Castilla"},"geometry":{"type":"Point","coordinates":[-75.570466,6.28972]}},{"type":"Feature","properties":{"nombre":"Corporación Hogares del Carmen","componente":"Equipamiento de Asistencia Social","barrio":"Castilla"},"geometry":{"type":"Point","coordinates":[-75.573573,6.295313]}},{"type":"Feature","properties":{"nombre":"Lote destinado a equipamiento educativo","componente":"Equipamiento de Educación","nivel":"Barrial y Suburbano","barrio":"Castilla"},"geometry":{"type":"Point","coordinates":[-75.573441,6.295306]}},{"type":"Feature","properties":{"nombre":"Iglesia La María","tipo":"Espacio para el culto","componente":"Equipamientos de Culto","nivel":"Barrial y Suburbano","barrio":"Francisco Antonio Zea"},"geometry":{"type":"Point","coordinates":[-75.575329,6.286687]}},{"type":"Feature","properties":{"nombre":"Institución Educativa María Montessori","componente":"Equipamiento de Educación","nivel":"Zonal y Corregimental","barrio":"Francisco Antonio Zea"},"geometry":{"type":"Point","coordinates":[-75.575133,6.28696]}},{"type":"Feature","properties":{"nombre":"Piscinas","componente":"Equipamiento de Recreación y Deporte","nivel":"Barrial y Suburbano","barrio":"Alfonso López"},"geometry":{"type":"Point","coordinates":[-75.574962,6.284871]}},{"type":"Feature","properties":{"nombre":"Placa Deportiva La Paralela No. 2","componente":"Equipamiento de Recreación y Deporte","nivel":"Barrial y Suburbano","barrio":"Héctor Abad Gómez"},"geometry":{"type":"Point","coordinates":[-75.557684,6.303224]}},{"type":"Feature","properties":{"nombre":"Placa Polideportiva El Cuadrito","componente":"Equipamiento de Recreación y Deporte","nivel":"Barrial y Suburbano","barrio":"Francisco Antonio Zea"},"geometry":{"type":"Point","coordinates":[-75.573615,6.286942]}},{"type":"Feature","properties":{"nombre":"Placa Polideportiva Francisco Antonio Zea","componente":"Equipamiento de Recreación y Deporte","nivel":"Barrial y Suburbano","barrio":"Francisco Antonio Zea"},"geometry":{"type":"Point","coordinates":[-75.575361,6.285413]}},{"type":"Feature","properties":{"nombre":"Cancha de Baloncesto y Futbol Zea No. 2","componente":"Equipamiento de Recreación y Deporte","nivel":"Barrial y Suburbano","barrio":"Francisco Antonio Zea"},"geometry":{"type":"Point","coordinates":[-75.572461,6.286025]}},{"type":"Feature","properties":{"nombre":"Cementerio Universal","tipo":"Cementerio humanos","componente":"Equipamientos Sanitarios","nivel":"Metropolitano Y Regional","barrio":"Cementerio Universal"},"geometry":{"type":"Point","coordinates":[-75.573634,6.278439]}},{"type":"Feature","properties":{"nombre":"Instituto de Medicina Legal","tipo":"Morgues, anfiteatros y depósitos de cadáveres","componente":"Equipamientos Sanitarios","nivel":"Metropolitano Y Regional","barrio":"Cementerio Universal"},"geometry":{"type":"Point","coordinates":[-75.572822,6.279668]}},{"type":"Feature","properties":{"nombre":"Colegio Bautista de Castilla","componente":"Equipamiento de Educación","nivel":"Barrial y Suburbano","barrio":"Castilla"},"geometry":{"type":"Point","coordinates":[-75.571716,6.291208]}},{"type":"Feature","properties":{"nombre":"Parroquia San Judas Tadeo","tipo":"Espacio para el culto","componente":"Equipamientos de Culto","nivel":"Zonal y Corregimental","barrio":"Castilla"},"geometry":{"type":"Point","coordinates":[-75.571646,6.293505]}},{"type":"Feature","properties":{"nombre":"Subestación Metro de Energía - San Diego","tipo":"Prestación del servicio de energía","componente":"Equipamientos para la prestación de los servicios públicos","nivel":"Ciudad","barrio":"San Diego"},"geometry":{"type":"Point","coordinates":[-75.569036,6.237271]}},{"type":"Feature","properties":{"nombre":"Iglesia San Anselmo","tipo":"Espacio para el culto","componente":"Equipamientos de Culto","nivel":"Barrial y Suburbano","barrio":"San Diego"},"geometry":{"type":"Point","coordinates":[-75.567511,6.230863]}},{"type":"Feature","properties":{"nombre":"Sede Social Granizal","componente":"Equipamientos Comunitarios","nivel":"Barrial y Suburbano","barrio":"Granizal"},"geometry":{"type":"Point","coordinates":[-75.545058,6.292241]}},{"type":"Feature","properties":{"nombre":"Institucion educativa Federico Carrasquilla - Sede Primaria","componente":"Equipamiento de Educación","nivel":"Barrial y Suburbano","barrio":"Popular"},"geometry":{"type":"Point","coordinates":[-75.549253,6.297191]}},{"type":"Feature","properties":{"nombre":"Ludoteca Divina Providencia","componente":"Equipamientos Culturales","nivel":"Barrial y Suburbano","barrio":"Popular"},"geometry":{"type":"Point","coordinates":[-75.549007,6.296694]}},{"type":"Feature","properties":{"nombre":"Placa Polideportiva Divina Providencia","componente":"Equipamiento de Recreación y Deporte","nivel":"Barrial y Suburbano","barrio":"Popular"},"geometry":{"type":"Point","coordinates":[-75.548842,6.296879]}},{"type":"Feature","properties":{"nombre":"Estación Metrocable Popular","tipo":"Transporte por cable","componente":"Equipamientos para el Transporte","nivel":"Ciudad","barrio":"Popular"},"geometry":{"type":"Point","coordinates":[-75.548186,6.295159]}},{"type":"Feature","properties":{"nombre":"Subestación de Policia - Popular","tipo":"Fuerza pública","componente":"Equipamientos para la Fuerza Pública","nivel":"Barrial y Suburbano","barrio":"Popular"},"geometry":{"type":"Point","coordinates":[-75.543492,6.302316]}},{"type":"Feature","properties":{"nombre":"Cancha de arenilla Villa Guadalupe","componente":"Equipamiento de Recreación y Deporte","nivel":"Barrial y Suburbano","barrio":"Villa Guadalupe"},"geometry":{"type":"Point","coordinates":[-75.555545,6.288955]}},{"type":"Feature","properties":{"nombre":"Sede Social Barrio San Nicolás","componente":"Equipamientos Comunitarios","nivel":"Barrial y Suburbano","barrio":"Villa Guadalupe"},"geometry":{"type":"Point","coordinates":[-75.555357,6.288675]}},{"type":"Feature","properties":{"nombre":"Policía Metropolitana del Valle de Aburrá","tipo":"Fuerza pública","componente":"Equipamientos para la Fuerza Pública","nivel":"Metropolitano Y Regional","barrio":"La Candelaria"},"geometry":{"type":"Point","coordinates":[-75.565769,6.246798]}},{"type":"Feature","properties":{"nombre":"Clínica SOMA","componente":"Equipamiento de Salud","nivel":"Ciudad","barrio":"La Candelaria"},"geometry":{"type":"Point","coordinates":[-75.564619,6.248658]}},{"type":"Feature","properties":{"nombre":"Unidad de Servicios COMFENALCO - La Playa","componente":"Equipamientos Comunitarios","nivel":"Zonal y Corregimental","barrio":"La Candelaria"},"geometry":{"type":"Point","coordinates":[-75.564318,6.24856]}},{"type":"Feature","properties":{"nombre":"Clínica Medellín - Av. Oriental","componente":"Equipamiento de Salud","nivel":"Zonal y Corregimental","barrio":"La Candelaria"},"geometry":{"type":"Point","coordinates":[-75.564005,6.251203]}},{"type":"Feature","properties":{"nombre":"Institucion Educativa La Avanzada","componente":"Equipamiento de Educación","nivel":"Barrial y Suburbano","barrio":"La Avanzada"},"geometry":{"type":"Point","coordinates":[-75.539172,6.294455]}},{"type":"Feature","properties":{"nombre":"Sede Social La Avanzada","componente":"Equipamientos Comunitarios","nivel":"Barrial y Suburbano","barrio":"La Avanzada"},"geometry":{"type":"Point","coordinates":[-75.539489,6.293874]}},{"type":"Feature","properties":{"nombre":"Institucion Educativa La Avanzada (Sede Alterna)","componente":"Equipamiento de Educación","nivel":"Barrial y Suburbano","barrio":"La Avanzada"},"geometry":{"type":"Point","coordinates":[-75.539265,6.293946]}},{"type":"Feature","properties":{"nombre":"CAI Periférico La Avanzada","tipo":"Fuerza pública","componente":"Equipamientos para la Fuerza Pública","nivel":"Ciudad","barrio":"La Avanzada"},"geometry":{"type":"Point","coordinates":[-75.537531,6.295174]}},{"type":"Feature","properties":{"nombre":"Tanque de Almacenamiento de Agua","tipo":"Prestación del servicio de energía","componente":"Equipamientos para la prestación de los servicios públicos","nivel":"Ciudad","barrio":"La Avanzada"},"geometry":{"type":"Point","coordinates":[-75.538183,6.295108]}},{"type":"Feature","properties":{"nombre":"Centro Educativo Nuestra Señora del Rocio","componente":"Equipamiento de Educación","nivel":"Barrial y Suburbano","barrio":"La Avanzada"},"geometry":{"type":"Point","coordinates":[-75.53702,6.295936]}},{"type":"Feature","properties":{"nombre":"Seccion Escuela Carpinelo Amapolita","componente":"Equipamiento de Educación","nivel":"Barrial y Suburbano","barrio":"Carpinelo"},"geometry":{"type":"Point","coordinates":[-75.538312,6.28696]}},{"type":"Feature","properties":{"nombre":"Sección Escuela La Frontera","componente":"Equipamiento de Educación","nivel":"Barrial y Suburbano","barrio":"La Frontera"},"geometry":{"type":"Point","coordinates":[-75.552646,6.305765]}},{"type":"Feature","properties":{"nombre":"Cancha de Futbol La Frontera","componente":"Equipamiento de Recreación y Deporte","nivel":"Barrial y Suburbano","barrio":"La Frontera"},"geometry":{"type":"Point","coordinates":[-75.554721,6.305258]}},{"type":"Feature","properties":{"nombre":"Sede Social La Frontera","componente":"Equipamientos Comunitarios","nivel":"Barrial y Suburbano","barrio":"La Frontera"},"geometry":{"type":"Point","coordinates":[-75.554761,6.305727]}},{"type":"Feature","properties":{"nombre":"Placa Polodeportiva La Frontera","componente":"Equipamiento de Recreación y Deporte","nivel":"Barrial y Suburbano","barrio":"La Frontera"},"geometry":{"type":"Point","coordinates":[-75.554655,6.305875]}},{"type":"Feature","properties":{"nombre":"Placa Polideportiva Pablo VI","componente":"Equipamiento de Recreación y Deporte","nivel":"Barrial y Suburbano","barrio":"Pablo VI"},"geometry":{"type":"Point","coordinates":[-75.553222,6.302701]}},{"type":"Feature","properties":{"nombre":"Sección Escuela Juan Bautista Montini","componente":"Equipamiento de Educación","nivel":"Barrial y Suburbano","barrio":"Pablo VI"},"geometry":{"type":"Point","coordinates":[-75.553161,6.302997]}},{"type":"Feature","properties":{"nombre":"Iglesia San Luis Gonzaga","tipo":"Espacio para el culto","componente":"Equipamientos de Culto","nivel":"Barrial y Suburbano","barrio":"Pablo VI"},"geometry":{"type":"Point","coordinates":[-75.553106,6.303363]}},{"type":"Feature","properties":{"nombre":"Sede de Acción Comunal - Barrio Pablo VI","componente":"Equipamientos Comunitarios","nivel":"Barrial y Suburbano","barrio":"Pablo VI"},"geometry":{"type":"Point","coordinates":[-75.553066,6.303705]}},{"type":"Feature","properties":{"nombre":"Unidad de Servicios COMFENALCO - Calle Colombia","componente":"Equipamientos Comunitarios","nivel":"Barrial y Suburbano","barrio":"San Benito"},"geometry":{"type":"Point","coordinates":[-75.571405,6.25148]}},{"type":"Feature","properties":{"nombre":"Universidad Autonoma Latinoamericana - Edificio de Posgrados","componente":"Equipamiento de Educación","nivel":"Ciudad","barrio":"San Benito"},"geometry":{"type":"Point","coordinates":[-75.573943,6.251578]}},{"type":"Feature","properties":{"nombre":"Universidad Autonoma Latinoamericana - Facultad de Derecho","componente":"Equipamiento de Educación","nivel":"Zonal y Corregimental","barrio":"San Benito"},"geometry":{"type":"Point","coordinates":[-75.573235,6.251487]}},{"type":"Feature","properties":{"nombre":"Museo de Antioquia - Parqueadero","componente":"Equipamientos Culturales","nivel":"Ciudad","barrio":"San Benito"},"geometry":{"type":"Point","coordinates":[-75.569958,6.252655]}},{"type":"Feature","properties":{"nombre":"Estación Metro San Antonio","tipo":"Transporte ferroviario","componente":"Equipamientos para el Transporte","nivel":"Ciudad","barrio":"Guayaquil"},"geometry":{"type":"Point","coordinates":[-75.569718,6.247191]}},{"type":"Feature","properties":{"nombre":"Estacion de policia Popular","tipo":"Fuerza pública","componente":"Equipamientos para la Fuerza Pública","nivel":"Ciudad","barrio":"Santo Domingo Savio No.1"},"geometry":{"type":"Point","coordinates":[-75.543172,6.295583]}},{"type":"Feature","properties":{"nombre":"Centro de Salud Santo Domingo","componente":"Equipamiento de Salud","nivel":"Barrial y Suburbano","barrio":"Santo Domingo Savio No.1"},"geometry":{"type":"Point","coordinates":[-75.543368,6.295437]}},{"type":"Feature","properties":{"nombre":"Placa deportiva Santo Domingo","componente":"Equipamiento de Recreación y Deporte","nivel":"Barrial y Suburbano","barrio":"Santo Domingo Savio No.1"},"geometry":{"type":"Point","coordinates":[-75.543497,6.295343]}},{"type":"Feature","properties":{"nombre":"Innstitucion Educativa Fe y Alegria Santa Maria","componente":"Equipamiento de Educación","nivel":"Barrial y Suburbano","barrio":"Santo Domingo Savio No.1"},"geometry":{"type":"Point","coordinates":[-75.541158,6.297871]}},{"type":"Feature","properties":{"nombre":"Institución Educativa Fé y Alegría Santo Domingo Savio","componente":"Equipamiento de Educación","nivel":"Barrial y Suburbano","barrio":"Santo Domingo Savio No.1"},"geometry":{"type":"Point","coordinates":[-75.541636,6.298974]}},{"type":"Feature","properties":{"nombre":"Estación Metrocable Santo Domingo Savio","tipo":"Transporte por cable","componente":"Equipamientos para el Transporte","nivel":"Ciudad","barrio":"Santo Domingo Savio No.1"},"geometry":{"type":"Point","coordinates":[-75.541783,6.293075]}},{"type":"Feature","properties":{"nombre":"Hogar Infantil Caramelo","componente":"Equipamiento de Asistencia Social","nivel":"Barrial y Suburbano","barrio":"Santo Domingo Savio No.1"},"geometry":{"type":"Point","coordinates":[-75.543125,6.292675]}},{"type":"Feature","properties":{"nombre":"Parque Biblioteca España","componente":"Equipamientos Culturales","nivel":"Ciudad","barrio":"Santo Domingo Savio No.1"},"geometry":{"type":"Point","coordinates":[-75.543922,6.294533]}},{"type":"Feature","properties":{"nombre":"Institución Educativa Rodrigo Lara Bonilla","componente":"Equipamiento de Educación","nivel":"Barrial y Suburbano","barrio":"Versalles No.2"},"geometry":{"type":"Point","coordinates":[-75.540749,6.264044]}},{"type":"Feature","properties":{"nombre":"Placa Polideportiva Versalles","componente":"Equipamiento de Recreación y Deporte","nivel":"Barrial y Suburbano","barrio":"Versalles No.2"},"geometry":{"type":"Point","coordinates":[-75.540857,6.263912]}},{"type":"Feature","properties":{"nombre":"Tanque de Agua EPM - Versalles","tipo":"Prestación del servicio de acueducto","componente":"Equipamientos para la prestación de los servicios públicos","nivel":"Ciudad","barrio":"Versalles No.1"},"geometry":{"type":"Point","coordinates":[-75.542157,6.263669]}},{"type":"Feature","properties":{"nombre":"Centro de Internación Crónica Hogar de Paso Remeo  Center","componente":"Equipamiento de Asistencia Social","barrio":"Los Balsos No.1"},"geometry":{"type":"Point","coordinates":[-75.560883,6.188447]}},{"type":"Feature","properties":{"nombre":"Colegio de La Compañia de María La Enseñanza","componente":"Equipamiento de Educación","nivel":"Zonal y Corregimental","barrio":"El Castillo"},"geometry":{"type":"Point","coordinates":[-75.574586,6.193996]}},{"type":"Feature","properties":{"nombre":"Hogar Infantil ICBF","componente":"Equipamiento de Asistencia Social","barrio":"Santander"},"geometry":{"type":"Point","coordinates":[-75.578182,6.303164]}},{"type":"Feature","properties":{"nombre":"Inspección de Policía 6 y Comisaría de Familia 6 Doce  de Octubre","tipo":"Instituciones municipales encargadas de la convivencia","componente":"Equipamientos de Justicia Cercana al Ciudadano","nivel":"Zonal y Corregimental","barrio":"Santander"},"geometry":{"type":"Point","coordinates":[-75.577536,6.303158]}},{"type":"Feature","properties":{"nombre":"Estación de Bomberos Barrio- Doce de Octubre","tipo":"Estaciones de bomberos","componente":"Equipamiento de Prevención y atención de desatres","nivel":"Zonal y Corregimental","barrio":"Santander"},"geometry":{"type":"Point","coordinates":[-75.577548,6.303384]}},{"type":"Feature","properties":{"nombre":"Centro de Integración Barrial Doce de Octubre- Parte Central","componente":"Equipamientos Comunitarios","nivel":"Barrial y Suburbano","barrio":"Santander"},"geometry":{"type":"Point","coordinates":[-75.577945,6.30364]}},{"type":"Feature","properties":{"nombre":"Club Social La Isabela","componente":"Equipamiento de Recreación y Deporte","nivel":"Ciudad","barrio":"Ecoparque Cerro El Volador"},"geometry":{"type":"Point","coordinates":[-75.584615,6.263671]}},{"type":"Feature","properties":{"nombre":"Institución Educativa José María Bravo Marquez","componente":"Equipamiento de Educación","nivel":"Barrial y Suburbano","barrio":"Parque Norte"},"geometry":{"type":"Point","coordinates":[-75.557396,6.26589]}},{"type":"Feature","properties":{"nombre":"Edificio Inteligente - EPM","tipo":"Institucional Municipal","componente":"Equipamientos Institucionales Municipales","nivel":"Metropolitano Y Regional","barrio":"La Alpujarra"},"geometry":{"type":"Point","coordinates":[-75.578089,6.245434]}},{"type":"Feature","properties":{"nombre":"Area Metropolitana del Valle de Aburrá","tipo":"Institucional Metropolitano","componente":"Equipamientos Institucionales Metropolitanos","nivel":"Metropolitano Y Regional","barrio":"Calle Nueva"},"geometry":{"type":"Point","coordinates":[-75.574013,6.242121]}},{"type":"Feature","properties":{"nombre":"Estación Metro Alpujarra","tipo":"Transporte ferroviario","componente":"Equipamientos para el Transporte","nivel":"Ciudad","barrio":"Calle Nueva"},"geometry":{"type":"Point","coordinates":[-75.571416,6.242935]}},{"type":"Feature","properties":{"nombre":"Estación Metroplus","tipo":"Transporte ferroviario","componente":"Equipamientos para el Transporte","nivel":"Ciudad","barrio":"Guayaquil"},"geometry":{"type":"Point","coordinates":[-75.575088,6.250762]}},{"type":"Feature","properties":{"nombre":"Estación Metroplus","tipo":"Transporte ferroviario","componente":"Equipamientos para el Transporte","nivel":"Ciudad","barrio":"El Chagualo"},"geometry":{"type":"Point","coordinates":[-75.569137,6.260777]}},{"type":"Feature","properties":{"nombre":"Estación Metroplus","tipo":"Transporte ferroviario","componente":"Equipamientos para el Transporte","nivel":"Ciudad","barrio":"Jesús Nazareno"},"geometry":{"type":"Point","coordinates":[-75.567539,6.264036]}},{"type":"Feature","properties":{"nombre":"Colegio San Antonio Maria Claret","componente":"Equipamiento de Educación","nivel":"Barrial y Suburbano","barrio":"El Chagualo"},"geometry":{"type":"Point","coordinates":[-75.570148,6.260552]}},{"type":"Feature","properties":{"nombre":"Sección Escuela Santa Bernardita","componente":"Equipamiento de Educación","nivel":"Barrial y Suburbano","barrio":"Las Granjas"},"geometry":{"type":"Point","coordinates":[-75.548531,6.276445]}},{"type":"Feature","properties":{"nombre":"Placa Polideportiva Villa Roca","componente":"Equipamiento de Recreación y Deporte","nivel":"Barrial y Suburbano","barrio":"El Raizal"},"geometry":{"type":"Point","coordinates":[-75.543436,6.270185]}},{"type":"Feature","properties":{"nombre":"Colegio Gente Unida - Jovenes por la paz Luz de Oriente","componente":"Equipamiento de Educación","nivel":"Barrial y Suburbano","barrio":"La Cruz"},"geometry":{"type":"Point","coordinates":[-75.535249,6.268779]}},{"type":"Feature","properties":{"nombre":"Parroquia El Señor de La Misericordia","tipo":"Espacio para el culto","componente":"Equipamientos de Culto","nivel":"Barrial y Suburbano","barrio":"Manrique Central No.1"},"geometry":{"type":"Point","coordinates":[-75.556935,6.263594]}},{"type":"Feature","properties":{"nombre":"Estación Metroplus - Gardel","tipo":"Transporte de buses","componente":"Equipamientos para el Transporte","nivel":"Ciudad","barrio":"Manrique Central No.1"},"geometry":{"type":"Point","coordinates":[-75.555004,6.26773]}},{"type":"Feature","properties":{"nombre":"Unidad Hospitalaria \"Luis Carlos Galán Sarmiento\" - Doce de Octubre - Metrosalud","componente":"Equipamiento de Salud","nivel":"Zonal y Corregimental","barrio":"Santander"},"geometry":{"type":"Point","coordinates":[-75.578425,6.302288]}},{"type":"Feature","properties":{"nombre":"Estación Metroplus - Palos Verdes","tipo":"Transporte de buses","componente":"Equipamientos para el Transporte","nivel":"Ciudad","barrio":"Parque Norte"},"geometry":{"type":"Point","coordinates":[-75.55569,6.262189]}},{"type":"Feature","properties":{"nombre":"Country Club","componente":"Equipamiento de Recreación y Deporte","nivel":"Metropolitano Y Regional","barrio":"Asomadera No.2"},"geometry":{"type":"Point","coordinates":[-75.56074,6.219127]}},{"type":"Feature","properties":{"nombre":"Parque Deportivo La Esmeralda","componente":"Equipamiento de Recreación y Deporte","nivel":"Barrial y Suburbano","barrio":"Asomadera No.1"},"geometry":{"type":"Point","coordinates":[-75.561738,6.227508]}},{"type":"Feature","properties":{"nombre":"Hospital General \"Luz Castro de Gutiérrez\"","componente":"Equipamiento de Salud","nivel":"Metropolitano Y Regional","barrio":"Perpetuo Socorro"},"geometry":{"type":"Point","coordinates":[-75.572697,6.234424]}},{"type":"Feature","properties":{"nombre":"Iglesia del Perpetuo Socorro","tipo":"Espacio para el culto","componente":"Equipamientos de Culto","nivel":"Barrial y Suburbano","barrio":"Perpetuo Socorro"},"geometry":{"type":"Point","coordinates":[-75.57277,6.236308]}},{"type":"Feature","properties":{"nombre":"Estación Metro Exposiciones","tipo":"Transporte ferroviario","componente":"Equipamientos para el Transporte","nivel":"Ciudad","barrio":"Calle Nueva"},"geometry":{"type":"Point","coordinates":[-75.573163,6.238418]}},{"type":"Feature","properties":{"componente":"Equipamientos Institucionales Municipales","barrio":"San Diego"},"geometry":{"type":"Point","coordinates":[-75.566718,6.237576]}},{"type":"Feature","properties":{"nombre":"Alianza Francesa","componente":"Equipamientos Culturales","nivel":"Ciudad","barrio":"Barrio Colón"},"geometry":{"type":"Point","coordinates":[-75.568312,6.244633]}},{"type":"Feature","properties":{"nombre":"Mi Casa Hermanitas de Los Pobres","componente":"Equipamiento de Asistencia Social","nivel":"Barrial y Suburbano","barrio":"Barrio Colón"},"geometry":{"type":"Point","coordinates":[-75.565514,6.243447]}},{"type":"Feature","properties":{"nombre":"Placa Polideportiva Corazon de Jesus","componente":"Equipamiento de Recreación y Deporte","nivel":"Barrial y Suburbano","barrio":"Corazón de Jesús"},"geometry":{"type":"Point","coordinates":[-75.578451,6.250304]}},{"type":"Feature","properties":{"nombre":"Agencia Logistica Fuerzas Militares - Antioquia","tipo":"Fuerza pública","componente":"Equipamientos para la Fuerza Pública","nivel":"Metropolitano Y Regional","barrio":"Corazón de Jesús"},"geometry":{"type":"Point","coordinates":[-75.578033,6.250571]}},{"type":"Feature","properties":{"nombre":"Policía Metropolitana - Servicios Especializados","tipo":"Fuerza pública","componente":"Equipamientos para la Fuerza Pública","nivel":"Metropolitano Y Regional","barrio":"Corazón de Jesús"},"geometry":{"type":"Point","coordinates":[-75.577713,6.251165]}},{"type":"Feature","properties":{"nombre":"Estación de Bomberos - Los Libertadores","tipo":"Estaciones de bomberos","componente":"Equipamiento de Prevención y atención de desatres","nivel":"Ciudad","barrio":"Corazón de Jesús"},"geometry":{"type":"Point","coordinates":[-75.577589,6.251637]}},{"type":"Feature","properties":{"nombre":"Parroquia El Sagrado Corazón de Jesús","tipo":"Espacio para el culto","componente":"Equipamientos de Culto","nivel":"Zonal y Corregimental","barrio":"Corazón de Jesús"},"geometry":{"type":"Point","coordinates":[-75.576176,6.247723]}},{"type":"Feature","properties":{"nombre":"Fundacion Servicio Juvenil Bosconia","componente":"Equipamientos Comunitarios","nivel":"Barrial y Suburbano","barrio":"Corazón de Jesús"},"geometry":{"type":"Point","coordinates":[-75.577237,6.249277]}},{"type":"Feature","properties":{"nombre":"Instituto para el Desarrollo de Antioquia - IDEA","tipo":"Institucional Regional","componente":"Equipamientos Institucionales Regionales","nivel":"Metropolitano Y Regional","barrio":"Centro Administrativo"},"geometry":{"type":"Point","coordinates":[-75.574555,6.242972]}},{"type":"Feature","properties":{"nombre":"Teleantioquia + EDA","tipo":"Institucional Regional","componente":"Equipamientos Institucionales Regionales","nivel":"Metropolitano Y Regional","barrio":"Centro Administrativo"},"geometry":{"type":"Point","coordinates":[-75.573163,6.242788]}},{"type":"Feature","properties":{"nombre":"Iglesia San Martín de Porres","tipo":"Espacio para el culto","componente":"Equipamientos de Culto","nivel":"Barrial y Suburbano","barrio":"Villa del Socorro"},"geometry":{"type":"Point","coordinates":[-75.553695,6.294679]}},{"type":"Feature","properties":{"nombre":"Centro de Salud - Villa del Socorro - Metrosalud","componente":"Equipamiento de Salud","nivel":"Vecinal y Veredal","barrio":"Villa del Socorro"},"geometry":{"type":"Point","coordinates":[-75.554119,6.294949]}},{"type":"Feature","properties":{"nombre":"Institución Educativa Villa del Socorro","componente":"Equipamiento de Educación","nivel":"Barrial y Suburbano","barrio":"Villa del Socorro"},"geometry":{"type":"Point","coordinates":[-75.553845,6.295673]}},{"type":"Feature","properties":{"nombre":"Sección Escuela Republica de Nicaragua","componente":"Equipamiento de Educación","nivel":"Barrial y Suburbano","barrio":"Villa del Socorro"},"geometry":{"type":"Point","coordinates":[-75.55405,6.294011]}},{"type":"Feature","properties":{"nombre":"Parroquia Excehomo","tipo":"Espacio para el culto","componente":"Equipamientos de Culto","nivel":"Barrial y Suburbano","barrio":"Blanquizal"},"geometry":{"type":"Point","coordinates":[-75.606216,6.276191]}},{"type":"Feature","properties":{"nombre":"Parroquia  Divino Niño","tipo":"Espacio para el culto","componente":"Equipamientos de Culto","nivel":"Barrial y Suburbano","barrio":"Antonio Nariño"},"geometry":{"type":"Point","coordinates":[-75.621926,6.258267]}},{"type":"Feature","properties":{"nombre":"Cancha de Futbol 7 El Socorro Los Angeles","componente":"Equipamiento de Recreación y Deporte","nivel":"Barrial y Suburbano","barrio":"Antonio Nariño"},"geometry":{"type":"Point","coordinates":[-75.620452,6.259504]}},{"type":"Feature","properties":{"nombre":"Iglesia Nuestra Señora de Loreto","tipo":"Espacio para el culto","componente":"Equipamientos de Culto","nivel":"Barrial y Suburbano","barrio":"Loreto"},"geometry":{"type":"Point","coordinates":[-75.560273,6.229668]}},{"type":"Feature","properties":{"nombre":"I.E. Arzobispo Tulio Botero Salazar","componente":"Equipamiento de Educación","nivel":"Barrial y Suburbano","barrio":"Barrios de Jesús"},"geometry":{"type":"Point","coordinates":[-75.53263,6.230137]}},{"type":"Feature","properties":{"nombre":"Sede Social Barrios de Jesús","componente":"Equipamientos Comunitarios","nivel":"Barrial y Suburbano","barrio":"Barrios de Jesús"},"geometry":{"type":"Point","coordinates":[-75.533492,6.229665]}},{"type":"Feature","properties":{"nombre":"Parroquia San Lorenzo de los Caunces","tipo":"Espacio para el culto","componente":"Equipamientos de Culto","nivel":"Barrial y Suburbano","barrio":"Barrios de Jesús"},"geometry":{"type":"Point","coordinates":[-75.534444,6.230586]}},{"type":"Feature","properties":{"nombre":"Convento Hermanitas de Los Pobres San Pedro Claver-Jardín San Pedro claver","componente":"Equipamientos Comunitarios","nivel":"Zonal y Corregimental","barrio":"Barrios de Jesús"},"geometry":{"type":"Point","coordinates":[-75.535636,6.23012]}},{"type":"Feature","properties":{"nombre":"Colegio San Lucas","componente":"Equipamiento de Educación","nivel":"Zonal y Corregimental","barrio":"San Lucas"},"geometry":{"type":"Point","coordinates":[-75.566167,6.180908]}},{"type":"Feature","properties":{"nombre":"Sección Escuela Jesús Restrepo Villa","componente":"Equipamiento de Educación","nivel":"Zonal y Corregimental","barrio":"San Lucas"},"geometry":{"type":"Point","coordinates":[-75.56669,6.181076]}},{"type":"Feature","properties":{"nombre":"Parroquia de San Lucas","tipo":"Espacio para el culto","componente":"Equipamientos de Culto","nivel":"Zonal y Corregimental","barrio":"San Lucas"},"geometry":{"type":"Point","coordinates":[-75.565468,6.180875]}},{"type":"Feature","properties":{"nombre":"Fundación La Luz - Centro Nacional para el Tratamiento de las Adicciones","componente":"Equipamiento de Asistencia Social","barrio":"San Lucas"},"geometry":{"type":"Point","coordinates":[-75.562949,6.183471]}},{"type":"Feature","properties":{"nombre":"Placa Polideportiva Palenque","componente":"Equipamiento de Recreación y Deporte","nivel":"Vecinal y Veredal","barrio":"Travesías"},"geometry":{"type":"Point","coordinates":[-75.64319,6.282044]}},{"type":"Feature","properties":{"nombre":"Placa Deportiva Barrio Las Flores","componente":"Equipamiento de Recreación y Deporte","nivel":"Vecinal y Veredal","barrio":"Área de Expansión Pajarito"},"geometry":{"type":"Point","coordinates":[-75.619066,6.280441]}},{"type":"Feature","properties":{"nombre":"Sede Comunitaria-Cultural-Area Cívica","componente":"Equipamientos Comunitarios","nivel":"Vecinal y Veredal","barrio":"Área de Expansión Pajarito"},"geometry":{"type":"Point","coordinates":[-75.619098,6.279593]}},{"type":"Feature","properties":{"nombre":"Placa Deportiva","componente":"Equipamiento de Recreación y Deporte","nivel":"Vecinal y Veredal","barrio":"Área de Expansión Pajarito"},"geometry":{"type":"Point","coordinates":[-75.619031,6.279108]}},{"type":"Feature","properties":{"nombre":"Estación Metro Cisneros","tipo":"Transporte ferroviario","componente":"Equipamientos para el Transporte","nivel":"Ciudad","barrio":"Corazón de Jesús"},"geometry":{"type":"Point","coordinates":[-75.575144,6.249056]}},{"type":"Feature","properties":{"nombre":"Instituto Metropolitano de Educación - IME","componente":"Equipamiento de Educación","nivel":"Zonal y Corregimental","barrio":"Villa Nueva"},"geometry":{"type":"Point","coordinates":[-75.564559,6.255823]}},{"type":"Feature","properties":{"nombre":"Congregación Mariana Centro Odontológico","componente":"Equipamiento de Salud","nivel":"Zonal y Corregimental","barrio":"Villa Nueva"},"geometry":{"type":"Point","coordinates":[-75.563594,6.251698]}},{"type":"Feature","properties":{"nombre":"Centro de Fracturas - La Oriental","componente":"Equipamiento de Salud","nivel":"Zonal y Corregimental","barrio":"Villa Nueva"},"geometry":{"type":"Point","coordinates":[-75.562581,6.252294]}},{"type":"Feature","properties":{"nombre":"Hospital Universitario San Vicente de Paúl","componente":"Equipamiento de Salud","nivel":"Metropolitano Y Regional","barrio":"Hospital San Vicente de Paúl"},"geometry":{"type":"Point","coordinates":[-75.565225,6.262847]}},{"type":"Feature","properties":{"nombre":"I.P.S. U. de A.","componente":"Equipamiento de Salud","nivel":"Zonal y Corregimental","barrio":"Jesús Nazareno"},"geometry":{"type":"Point","coordinates":[-75.565293,6.261109]}},{"type":"Feature","properties":{"nombre":"Facultad de Medicina - U. de A.","componente":"Equipamiento de Educación","nivel":"Metropolitano Y Regional","barrio":"Jesús Nazareno"},"geometry":{"type":"Point","coordinates":[-75.566442,6.26134]}},{"type":"Feature","properties":{"nombre":"Facultad de Odontología - U. de A.","componente":"Equipamiento de Educación","nivel":"Metropolitano Y Regional","barrio":"Jesús Nazareno"},"geometry":{"type":"Point","coordinates":[-75.567394,6.261644]}},{"type":"Feature","properties":{"nombre":"Facultad de Enfermería - U. de A.","componente":"Equipamiento de Educación","nivel":"Metropolitano Y Regional","barrio":"Jesús Nazareno"},"geometry":{"type":"Point","coordinates":[-75.568164,6.261869]}},{"type":"Feature","properties":{"nombre":"Sede de Investigación Universitaria-SIU + Fac. de Salud Pública U.deA.","componente":"Equipamiento de Educación","nivel":"Metropolitano Y Regional","barrio":"Jesús Nazareno"},"geometry":{"type":"Point","coordinates":[-75.567635,6.260395]}},{"type":"Feature","properties":{"nombre":"Parroquia de Jesús Nazareno","tipo":"Espacio para el culto","componente":"Equipamientos de Culto","nivel":"Barrial y Suburbano","barrio":"Jesús Nazareno"},"geometry":{"type":"Point","coordinates":[-75.566766,6.259959]}},{"type":"Feature","properties":{"nombre":"Institución Educativa Tulio Ospina","componente":"Equipamiento de Educación","nivel":"Barrial y Suburbano","barrio":"Jesús Nazareno"},"geometry":{"type":"Point","coordinates":[-75.565843,6.258961]}},{"type":"Feature","properties":{"nombre":"Colegio Bautista Central","componente":"Equipamiento de Educación","nivel":"Barrial y Suburbano","barrio":"Jesús Nazareno"},"geometry":{"type":"Point","coordinates":[-75.566227,6.258204]}},{"type":"Feature","properties":{"nombre":"Instituto Tecnológico Metropolitano - ITM","componente":"Equipamiento de Educación","nivel":"Ciudad","barrio":"Jesús Nazareno"},"geometry":{"type":"Point","coordinates":[-75.566301,6.25751]}},{"type":"Feature","properties":{"nombre":"Estación Metro Prado","tipo":"Transporte ferroviario","componente":"Equipamientos para el Transporte","nivel":"Ciudad","barrio":"Jesús Nazareno"},"geometry":{"type":"Point","coordinates":[-75.56616,6.256857]}},{"type":"Feature","properties":{"nombre":"Centro de Acopio y Comercialización Prado - Sec. del Medio Ambiente","tipo":"Acopios para la producción rural","componente":"Equipamientos de almacenamiento y distribución del sector primario y del comercio popular","nivel":"Barrial y Suburbano","barrio":"Jesús Nazareno"},"geometry":{"type":"Point","coordinates":[-75.567126,6.257357]}},{"type":"Feature","properties":{"nombre":"Plaza Minorista \"José María Villa\"","tipo":"Plaza de mercado","componente":"Equipamientos de almacenamiento y distribución del sector primario y del comercio popular","nivel":"Ciudad","barrio":"San Benito"},"geometry":{"type":"Point","coordinates":[-75.573525,6.2575]}},{"type":"Feature","properties":{"nombre":"SENA _ COMPLEJO CENTRAL - Parqueadero","componente":"Equipamiento de Educación","nivel":"Ciudad","barrio":"San Benito"},"geometry":{"type":"Point","coordinates":[-75.574892,6.25606]}},{"type":"Feature","properties":{"nombre":"SENA _ COMPLEJO CENTRAL","componente":"Equipamiento de Educación","nivel":"Ciudad","barrio":"San Benito"},"geometry":{"type":"Point","coordinates":[-75.575152,6.255203]}},{"type":"Feature","properties":{"nombre":"Colegio Francisco Fray Rafael de la Serna","componente":"Equipamiento de Educación","nivel":"Zonal y Corregimental","barrio":"San Benito"},"geometry":{"type":"Point","coordinates":[-75.573029,6.254547]}},{"type":"Feature","properties":{"nombre":"Universidad San Buenaventura","componente":"Equipamiento de Educación","nivel":"Ciudad","barrio":"San Benito"},"geometry":{"type":"Point","coordinates":[-75.573466,6.254656]}},{"type":"Feature","properties":{"nombre":"Convento Siervas del Santísimo de La Caridad","tipo":"Seminarios y conventos","componente":"Equipamientos de Culto","nivel":"Zonal y Corregimental","barrio":"San Benito"},"geometry":{"type":"Point","coordinates":[-75.571992,6.25434]}},{"type":"Feature","properties":{"nombre":"Colegio Tulio Ospina","componente":"Equipamiento de Educación","nivel":"Barrial y Suburbano","barrio":"San Benito"},"geometry":{"type":"Point","coordinates":[-75.571671,6.255247]}},{"type":"Feature","properties":{"nombre":"Ministerio de Proteccion Social -  Oficina del Trabajo","tipo":"Institucional Nacional","componente":"Equipamientos Institucionales Nacionales","nivel":"Metropolitano Y Regional","barrio":"San Benito"},"geometry":{"type":"Point","coordinates":[-75.572895,6.254048]}},{"type":"Feature","properties":{"nombre":"Sección Escuela Francisco José de Caldas - El Carmelo","componente":"Equipamiento de Educación","nivel":"Barrial y Suburbano","barrio":"San Benito"},"geometry":{"type":"Point","coordinates":[-75.573666,6.253641]}},{"type":"Feature","properties":{"nombre":"Parroquia de San Benito","tipo":"Espacio para el culto","componente":"Equipamientos de Culto","nivel":"Barrial y Suburbano","barrio":"San Benito"},"geometry":{"type":"Point","coordinates":[-75.573719,6.254186]}},{"type":"Feature","properties":{"nombre":"C.A.B. Juan de Dios Uribe - I.S.S.","componente":"Equipamiento de Salud","nivel":"Barrial y Suburbano","barrio":"San Benito"},"geometry":{"type":"Point","coordinates":[-75.5741,6.253231]}},{"type":"Feature","properties":{"nombre":"Universidad Autonoma Latinoamericana","componente":"Equipamiento de Educación","nivel":"Ciudad","barrio":"San Benito"},"geometry":{"type":"Point","coordinates":[-75.572731,6.250845]}},{"type":"Feature","properties":{"nombre":"Capilla San Juan de Dios","tipo":"Espacio para el culto","componente":"Equipamientos de Culto","nivel":"Zonal y Corregimental","barrio":"San Benito"},"geometry":{"type":"Point","coordinates":[-75.571507,6.250985]}},{"type":"Feature","properties":{"nombre":"Centro de Salud - Guayaquil - Metrosalud","componente":"Equipamiento de Salud","nivel":"Zonal y Corregimental","barrio":"Guayaquil"},"geometry":{"type":"Point","coordinates":[-75.569879,6.244684]}},{"type":"Feature","properties":{"nombre":"Centro B de Almacenamiento Empresas Varias de Medellín - San Juan","tipo":"Prestación del servicio de aseo","componente":"Equipamientos para la prestación de los servicios públicos","nivel":"Zonal y Corregimental","barrio":"Guayaquil"},"geometry":{"type":"Point","coordinates":[-75.570058,6.244955]}},{"type":"Feature","properties":{"nombre":"Biblioteca Tematica EPM","componente":"Equipamientos Culturales","nivel":"Ciudad","barrio":"Guayaquil"},"geometry":{"type":"Point","coordinates":[-75.573179,6.246214]}},{"type":"Feature","properties":{"nombre":"Edificio Vásquez - COMFAMA","componente":"Equipamientos Comunitarios","nivel":"Zonal y Corregimental","barrio":"Guayaquil"},"geometry":{"type":"Point","coordinates":[-75.57152,6.245532]}},{"type":"Feature","properties":{"nombre":"Estación de Policía  \"La Candelaria\"","tipo":"Instituciones municipales encargadas de la convivencia","componente":"Equipamientos de Justicia Cercana al Ciudadano","nivel":"Ciudad","barrio":"Guayaquil"},"geometry":{"type":"Point","coordinates":[-75.573345,6.249976]}},{"type":"Feature","properties":{"nombre":"Patio Don Bosco _ Alberge para Niños de La Calle","componente":"Equipamiento de Asistencia Social","nivel":"Zonal y Corregimental","barrio":"Guayaquil"},"geometry":{"type":"Point","coordinates":[-75.573209,6.250298]}},{"type":"Feature","properties":{"nombre":"Parroquia San Juan Bosco","tipo":"Espacio para el culto","componente":"Equipamientos de Culto","nivel":"Barrial y Suburbano","barrio":"Guayaquil"},"geometry":{"type":"Point","coordinates":[-75.572922,6.250284]}},{"type":"Feature","properties":{"nombre":"Plaza de la Libertad","tipo":"Escenarios de promoción y divulgación artística y cultural","componente":"Equipamientos Culturales","nivel":"Ciudad","barrio":"Centro Administrativo"},"geometry":{"type":"Point","coordinates":[-75.574767,6.244388]}},{"type":"Feature","properties":{"nombre":"Estación Metroplus","tipo":"Transporte de buses","componente":"Equipamientos para el Transporte","nivel":"Ciudad","barrio":"Centro Administrativo"},"geometry":{"type":"Point","coordinates":[-75.575328,6.243038]}},{"type":"Feature","properties":{"nombre":"Centro de Exposiciones y Convenciones","componente":"Equipamientos Culturales","nivel":"Metropolitano Y Regional","barrio":"La Alpujarra"},"geometry":{"type":"Point","coordinates":[-75.576457,6.241148]}},{"type":"Feature","properties":{"nombre":"Teatro Metropolitano de Medellín","componente":"Equipamientos Culturales","nivel":"Metropolitano Y Regional","barrio":"La Alpujarra"},"geometry":{"type":"Point","coordinates":[-75.57753,6.24317]}},{"type":"Feature","properties":{"nombre":"Centro A de Almacenaciento Empresas Varias de Medellín - Est. Villa","tipo":"Prestación del servicio de aseo","componente":"Equipamientos para la prestación de los servicios públicos","nivel":"Zonal y Corregimental","barrio":"Estación Villa"},"geometry":{"type":"Point","coordinates":[-75.570291,6.25723]}},{"type":"Feature","properties":{"nombre":"Centro Día  No 2 - Secretaría de Desarrollo Social","componente":"Equipamiento de Asistencia Social","nivel":"Zonal y Corregimental","barrio":"Estación Villa"},"geometry":{"type":"Point","coordinates":[-75.568353,6.256941]}},{"type":"Feature","properties":{"nombre":"CEPJ - Centro Especial de Proteccion y Apoyo  la Justicia","tipo":"Mecanismos alternativos de solución de conflicto cotidianos","componente":"Equipamientos de Justicia Cercana al Ciudadano","nivel":"Zonal y Corregimental","barrio":"Estación Villa"},"geometry":{"type":"Point","coordinates":[-75.56853,6.256177]}},{"type":"Feature","properties":{"nombre":"Sede Contraloría General de Medellín","tipo":"Institucional Municipal","componente":"Equipamientos Institucionales Municipales","nivel":"Ciudad","barrio":"La Candelaria"},"geometry":{"type":"Point","coordinates":[-75.568657,6.253061]}},{"type":"Feature","properties":{"nombre":"Museo de Antioquia","componente":"Equipamientos Culturales","nivel":"Metropolitano Y Regional","barrio":"La Candelaria"},"geometry":{"type":"Point","coordinates":[-75.569133,6.252394]}},{"type":"Feature","properties":{"nombre":"Estación Metro Parque Berrio","tipo":"Transporte ferroviario","componente":"Equipamientos para el Transporte","nivel":"Ciudad","barrio":"La Candelaria"},"geometry":{"type":"Point","coordinates":[-75.568224,6.250516]}},{"type":"Feature","properties":{"nombre":"Palacio de la Cultura \"Rafael Uribe Uribe\"","componente":"Equipamientos Culturales","nivel":"Ciudad","barrio":"La Candelaria"},"geometry":{"type":"Point","coordinates":[-75.568145,6.251715]}},{"type":"Feature","properties":{"nombre":"Museo de Antioquia - Sede Alterna","componente":"Equipamientos Culturales","nivel":"Metropolitano Y Regional","barrio":"La Candelaria"},"geometry":{"type":"Point","coordinates":[-75.569531,6.251722]}},{"type":"Feature","properties":{"nombre":"Iglesia La Veracruz","tipo":"Espacio para el culto","componente":"Equipamientos de Culto","nivel":"Zonal y Corregimental","barrio":"La Candelaria"},"geometry":{"type":"Point","coordinates":[-75.569659,6.251293]}},{"type":"Feature","properties":{"nombre":"Iglesia de La Candelaria","tipo":"Espacio para el culto","componente":"Equipamientos de Culto","nivel":"Zonal y Corregimental","barrio":"La Candelaria"},"geometry":{"type":"Point","coordinates":[-75.567287,6.249901]}},{"type":"Feature","properties":{"nombre":"Edificio Beneficencia de Antioquia","tipo":"Institucional Regional","componente":"Equipamientos Institucionales Regionales","nivel":"Metropolitano Y Regional","barrio":"La Candelaria"},"geometry":{"type":"Point","coordinates":[-75.566205,6.247959]}},{"type":"Feature","properties":{"nombre":"Archivo Historico de Medellín","componente":"Equipamientos Culturales","nivel":"Ciudad","barrio":"La Candelaria"},"geometry":{"type":"Point","coordinates":[-75.563345,6.247741]}},{"type":"Feature","properties":{"nombre":"Club Medellín","componente":"Equipamiento de Recreación y Deporte","nivel":"Ciudad","barrio":"La Candelaria"},"geometry":{"type":"Point","coordinates":[-75.563373,6.24719]}},{"type":"Feature","properties":{"nombre":"Unidad de Servicios COMFAMA - San Ignacio","componente":"Equipamientos Comunitarios","nivel":"Ciudad","barrio":"La Candelaria"},"geometry":{"type":"Point","coordinates":[-75.564632,6.245559]}},{"type":"Feature","properties":{"nombre":"Iglesia San Ignacio","tipo":"Espacio para el culto","componente":"Equipamientos de Culto","nivel":"Zonal y Corregimental","barrio":"La Candelaria"},"geometry":{"type":"Point","coordinates":[-75.564097,6.246067]}},{"type":"Feature","properties":{"nombre":"Unidad de Servicios COMFAMA - Plazuela de San Ignacio","componente":"Equipamientos Comunitarios","nivel":"Ciudad","barrio":"La Candelaria"},"geometry":{"type":"Point","coordinates":[-75.56401,6.245767]}},{"type":"Feature","properties":{"nombre":"Paraninfo Universidad de Antioquia","componente":"Equipamiento de Educación","nivel":"Metropolitano Y Regional","barrio":"La Candelaria"},"geometry":{"type":"Point","coordinates":[-75.563863,6.246259]}},{"type":"Feature","properties":{"nombre":"CESDE + Politécnico Marco Fidel Suarez","componente":"Equipamiento de Educación","nivel":"Ciudad","barrio":"La Candelaria"},"geometry":{"type":"Point","coordinates":[-75.564591,6.245128]}},{"type":"Feature","properties":{"nombre":"Iglesia de San José + Casa Cural","tipo":"Espacio para el culto","componente":"Equipamientos de Culto","nivel":"Zonal y Corregimental","barrio":"La Candelaria"},"geometry":{"type":"Point","coordinates":[-75.565208,6.247816]}},{"type":"Feature","properties":{"nombre":"Comedor Comunitario","componente":"Equipamiento de Asistencia Social","nivel":"Barrial y Suburbano","barrio":"Carpinelo"},"geometry":{"type":"Point","coordinates":[-75.539466,6.28756]}},{"type":"Feature","properties":{"nombre":"Centro de Salud Carpinelo","componente":"Equipamiento de Salud","nivel":"Barrial y Suburbano","barrio":"Carpinelo"},"geometry":{"type":"Point","coordinates":[-75.541185,6.286778]}},{"type":"Feature","properties":{"nombre":"Iglesia Católica María Madre de la Esperanza","tipo":"Espacio para el culto","componente":"Equipamientos de Culto","nivel":"Barrial y Suburbano","barrio":"Carpinelo"},"geometry":{"type":"Point","coordinates":[-75.537559,6.289975]}},{"type":"Feature","properties":{"nombre":"Placa deportiva Carpinelo","componente":"Equipamiento de Recreación y Deporte","nivel":"Barrial y Suburbano","barrio":"Carpinelo"},"geometry":{"type":"Point","coordinates":[-75.541307,6.287009]}},{"type":"Feature","properties":{"nombre":"Iglesia Jesús Amigo","tipo":"Espacio para el culto","componente":"Equipamientos de Culto","nivel":"Barrial y Suburbano","barrio":"Carpinelo"},"geometry":{"type":"Point","coordinates":[-75.540837,6.286884]}},{"type":"Feature","properties":{"nombre":"Placa deportiva La Amapolita","componente":"Equipamiento de Recreación y Deporte","nivel":"Barrial y Suburbano","barrio":"Carpinelo"},"geometry":{"type":"Point","coordinates":[-75.538392,6.287581]}},{"type":"Feature","properties":{"nombre":"Sección Escuela La Esperanza No. 2","componente":"Equipamiento de Educación","nivel":"Barrial y Suburbano","barrio":"La Esperanza No.2"},"geometry":{"type":"Point","coordinates":[-75.541052,6.291235]}},{"type":"Feature","properties":{"nombre":"Placa Polideportiva Los Tablones","componente":"Equipamiento de Recreación y Deporte","nivel":"Barrial y Suburbano","barrio":"Carpinelo"},"geometry":{"type":"Point","coordinates":[-75.537976,6.290086]}},{"type":"Feature","properties":{"nombre":"Placa Polideportiva El Compromiso","componente":"Equipamiento de Recreación y Deporte","nivel":"Barrial y Suburbano","barrio":"Aldea Pablo VI"},"geometry":{"type":"Point","coordinates":[-75.542348,6.287356]}},{"type":"Feature","properties":{"nombre":"Intitucion Educativa pequeña Maria 01","componente":"Equipamiento de Educación","nivel":"Barrial y Suburbano","barrio":"El Compromiso"},"geometry":{"type":"Point","coordinates":[-75.543621,6.288718]}},{"type":"Feature","properties":{"nombre":"Institucion Educativa San Pablo","componente":"Equipamiento de Educación","nivel":"Barrial y Suburbano","barrio":"Moscú No.2"},"geometry":{"type":"Point","coordinates":[-75.546875,6.288317]}},{"type":"Feature","properties":{"nombre":"Iglesia Nuestra Señora de La Macarena","tipo":"Espacio para el culto","componente":"Equipamientos de Culto","nivel":"Barrial y Suburbano","barrio":"Granizal"},"geometry":{"type":"Point","coordinates":[-75.545194,6.292562]}},{"type":"Feature","properties":{"nombre":"Concentrador Teléfonos EPM - Granizal","tipo":"Prestación del servicio de telecomunicaciones","componente":"Equipamientos para la prestación de los servicios públicos","nivel":"Ciudad","barrio":"Granizal"},"geometry":{"type":"Point","coordinates":[-75.544802,6.292593]}},{"type":"Feature","properties":{"nombre":"Institucion Educativa Maria de los Angeles Cano Marquez","componente":"Equipamiento de Educación","nivel":"Barrial y Suburbano","barrio":"Granizal"},"geometry":{"type":"Point","coordinates":[-75.544532,6.292314]}},{"type":"Feature","properties":{"nombre":"Institución Educativa Fé y Alegría Granizal","componente":"Equipamiento de Educación","nivel":"Barrial y Suburbano","barrio":"Granizal"},"geometry":{"type":"Point","coordinates":[-75.547782,6.292799]}},{"type":"Feature","properties":{"nombre":"Adecuacion Institucion Educativa Fe y Alegria Granizal","componente":"Equipamiento de Educación","nivel":"Barrial y Suburbano","barrio":"Granizal"},"geometry":{"type":"Point","coordinates":[-75.547567,6.292888]}},{"type":"Feature","properties":{"nombre":"Iglesia Santa Cruz","tipo":"Espacio para el culto","componente":"Equipamientos de Culto","nivel":"Barrial y Suburbano","barrio":"Granizal"},"geometry":{"type":"Point","coordinates":[-75.549993,6.292877]}},{"type":"Feature","properties":{"nombre":"Cancha Granizal","componente":"Equipamiento de Recreación y Deporte","nivel":"Zonal y Corregimental","barrio":"Granizal"},"geometry":{"type":"Point","coordinates":[-75.54456,6.291151]}},{"type":"Feature","properties":{"nombre":"Placa deportiva Granizal","componente":"Equipamiento de Recreación y Deporte","nivel":"Barrial y Suburbano","barrio":"Granizal"},"geometry":{"type":"Point","coordinates":[-75.545142,6.291089]}},{"type":"Feature","properties":{"nombre":"Ludoteca INDER Granizal","componente":"Equipamientos Culturales","nivel":"Barrial y Suburbano","barrio":"Granizal"},"geometry":{"type":"Point","coordinates":[-75.545423,6.29102]}},{"type":"Feature","properties":{"nombre":"Escuela Graciela Jimenez de Bustamante","componente":"Equipamiento de Educación","nivel":"Barrial y Suburbano","barrio":"Moscú No.2"},"geometry":{"type":"Point","coordinates":[-75.550044,6.289378]}},{"type":"Feature","properties":{"nombre":"Sede Social Marco Fidel Suarez","componente":"Equipamientos Comunitarios","nivel":"Barrial y Suburbano","barrio":"Moscú No.2"},"geometry":{"type":"Point","coordinates":[-75.549084,6.288965]}},{"type":"Feature","properties":{"nombre":"Colegio Cooperativo Cacique Bitagui","componente":"Equipamiento de Educación","nivel":"Barrial y Suburbano","barrio":"San Pablo"},"geometry":{"type":"Point","coordinates":[-75.546347,6.287892]}},{"type":"Feature","properties":{"nombre":"Iglesia Santa Beatriz","tipo":"Espacio para el culto","componente":"Equipamientos de Culto","nivel":"Barrial y Suburbano","barrio":"San Pablo"},"geometry":{"type":"Point","coordinates":[-75.546411,6.287045]}},{"type":"Feature","properties":{"nombre":"Tanque de Agua EPM - Moscú","tipo":"Prestación del servicio de acueducto","componente":"Equipamientos para la prestación de los servicios públicos","nivel":"Ciudad","barrio":"San Pablo"},"geometry":{"type":"Point","coordinates":[-75.54493,6.286933]}},{"type":"Feature","properties":{"nombre":"Estación de Bombeo del Acueducto EPM - Moscú","tipo":"Prestación del servicio de acueducto","componente":"Equipamientos para la prestación de los servicios públicos","nivel":"Ciudad","barrio":"San Pablo"},"geometry":{"type":"Point","coordinates":[-75.545665,6.287328]}},{"type":"Feature","properties":{"nombre":"Sede del Adulto Mayor Nueva Vida San Pablo","componente":"Equipamiento de Asistencia Social","nivel":"Barrial y Suburbano","barrio":"San Pablo"},"geometry":{"type":"Point","coordinates":[-75.545016,6.288196]}},{"type":"Feature","properties":{"nombre":"Sección Escuela Medellín","componente":"Equipamiento de Educación","nivel":"Barrial y Suburbano","barrio":"San Pablo"},"geometry":{"type":"Point","coordinates":[-75.546395,6.286651]}},{"type":"Feature","properties":{"nombre":"Seccion Escuela Marco Fidel Suarez","componente":"Equipamiento de Educación","nivel":"Barrial y Suburbano","barrio":"Moscú No.2"},"geometry":{"type":"Point","coordinates":[-75.546417,6.289461]}},{"type":"Feature","properties":{"nombre":"Colegio Sagrada Familia Aldea Pablo VI","componente":"Equipamiento de Educación","nivel":"Barrial y Suburbano","barrio":"Aldea Pablo VI"},"geometry":{"type":"Point","coordinates":[-75.541847,6.288247]}},{"type":"Feature","properties":{"nombre":"Iglesia Nuestra Señora Consoladora del Carmelo","tipo":"Espacio para el culto","componente":"Equipamientos de Culto","nivel":"Barrial y Suburbano","barrio":"Aldea Pablo VI"},"geometry":{"type":"Point","coordinates":[-75.542755,6.288471]}},{"type":"Feature","properties":{"nombre":"Institución Educativa La Candelaria","componente":"Equipamiento de Educación","nivel":"Barrial y Suburbano","barrio":"Santo Domingo Savio No.1"},"geometry":{"type":"Point","coordinates":[-75.542363,6.293552]}},{"type":"Feature","properties":{"nombre":"Iglesia Santo Domingo Savio","tipo":"Espacio para el culto","componente":"Equipamientos de Culto","nivel":"Barrial y Suburbano","barrio":"Santo Domingo Savio No.1"},"geometry":{"type":"Point","coordinates":[-75.543679,6.295186]}},{"type":"Feature","properties":{"nombre":"Insttucion Educativa Nuevo Horizonte","componente":"Equipamiento de Educación","nivel":"Barrial y Suburbano","barrio":"Santo Domingo Savio No.1"},"geometry":{"type":"Point","coordinates":[-75.545512,6.297415]}},{"type":"Feature","properties":{"nombre":"Cuerpo de Bomberos Voluntarios - Santo Domingo Savio","tipo":"Estaciones de bomberos","componente":"Equipamiento de Prevención y atención de desatres","nivel":"Barrial y Suburbano","barrio":"Santo Domingo Savio No.1"},"geometry":{"type":"Point","coordinates":[-75.542586,6.29509]}},{"type":"Feature","properties":{"nombre":"Iglesia La Pasión","tipo":"Espacio para el culto","componente":"Equipamientos de Culto","nivel":"Barrial y Suburbano","barrio":"Santo Domingo Savio No.1"},"geometry":{"type":"Point","coordinates":[-75.545641,6.297691]}},{"type":"Feature","properties":{"nombre":"Seccion Escuela Nuevo Horizonte 2","componente":"Equipamiento de Educación","nivel":"Barrial y Suburbano","barrio":"Santo Domingo Savio No.1"},"geometry":{"type":"Point","coordinates":[-75.546082,6.294772]}},{"type":"Feature","properties":{"nombre":"Placa deportiva La Polvorera","componente":"Equipamiento de Recreación y Deporte","nivel":"Barrial y Suburbano","barrio":"Santo Domingo Savio No.1"},"geometry":{"type":"Point","coordinates":[-75.5412,6.296138]}},{"type":"Feature","properties":{"nombre":"Tanque de Acueducto - Popular","tipo":"Prestación del servicio de acueducto","componente":"Equipamientos para la prestación de los servicios públicos","nivel":"Ciudad","barrio":"Santo Domingo Savio No.1"},"geometry":{"type":"Point","coordinates":[-75.546287,6.298531]}},{"type":"Feature","properties":{"nombre":"Institucion Educativa Antonio Derka","componente":"Equipamiento de Educación","nivel":"Barrial y Suburbano","barrio":"Santo Domingo Savio No.2"},"geometry":{"type":"Point","coordinates":[-75.538315,6.297983]}},{"type":"Feature","properties":{"nombre":"Institución Educativa Santo Domingo Savio","componente":"Equipamiento de Educación","nivel":"Barrial y Suburbano","barrio":"Santo Domingo Savio No.2"},"geometry":{"type":"Point","coordinates":[-75.537438,6.298634]}},{"type":"Feature","properties":{"nombre":"Institución Educativa Fé y Alegría Popular No. 1","componente":"Equipamiento de Educación","nivel":"Barrial y Suburbano","barrio":"Popular"},"geometry":{"type":"Point","coordinates":[-75.544746,6.302483]}},{"type":"Feature","properties":{"nombre":"Escuela Pablo VI","componente":"Equipamiento de Educación","nivel":"Barrial y Suburbano","barrio":"Santo Domingo Savio No.1"},"geometry":{"type":"Point","coordinates":[-75.545959,6.298718]}},{"type":"Feature","properties":{"nombre":"Centro Educativo Gente Unida","componente":"Equipamiento de Educación","nivel":"Barrial y Suburbano","barrio":"Carpinelo"},"geometry":{"type":"Point","coordinates":[-75.537019,6.289388]}},{"type":"Feature","properties":{"nombre":"Colegio Emaus","componente":"Equipamiento de Educación","nivel":"Barrial y Suburbano","barrio":"Villa Guadalupe"},"geometry":{"type":"Point","coordinates":[-75.548828,6.286663]}},{"type":"Feature","properties":{"nombre":"Institucion Educativa Villa de Guadalupe","componente":"Equipamiento de Educación","nivel":"Barrial y Suburbano","barrio":"Villa Guadalupe"},"geometry":{"type":"Point","coordinates":[-75.550085,6.286876]}},{"type":"Feature","properties":{"nombre":"Seccion Escuela Agripina Montes de Valle","componente":"Equipamiento de Educación","nivel":"Barrial y Suburbano","barrio":"Villa Guadalupe"},"geometry":{"type":"Point","coordinates":[-75.550394,6.286516]}},{"type":"Feature","properties":{"nombre":"Escuela Barrio San Nicolas","componente":"Equipamiento de Educación","nivel":"Barrial y Suburbano","barrio":"Villa Guadalupe"},"geometry":{"type":"Point","coordinates":[-75.55296,6.287966]}},{"type":"Feature","properties":{"nombre":"Accion Comunal barrio Popular","componente":"Equipamientos Comunitarios","nivel":"Barrial y Suburbano","barrio":"Popular"},"geometry":{"type":"Point","coordinates":[-75.548236,6.297925]}},{"type":"Feature","properties":{"nombre":"Centro de Salud - Popular No. 1 - Metrosalud","componente":"Equipamiento de Salud","nivel":"Barrial y Suburbano","barrio":"Popular"},"geometry":{"type":"Point","coordinates":[-75.548884,6.297225]}},{"type":"Feature","properties":{"nombre":"Iglesia de La Divina Providencia","tipo":"Espacio para el culto","componente":"Equipamientos de Culto","nivel":"Barrial y Suburbano","barrio":"Popular"},"geometry":{"type":"Point","coordinates":[-75.548876,6.297123]}},{"type":"Feature","properties":{"nombre":"Seccion Escuela Santo Domingo Savio","componente":"Equipamiento de Educación","nivel":"Barrial y Suburbano","barrio":"Santo Domingo Savio No.2"},"geometry":{"type":"Point","coordinates":[-75.541724,6.299607]}},{"type":"Feature","properties":{"nombre":"Casa de La Cultura - Barrio Popular","componente":"Equipamientos Culturales","nivel":"Barrial y Suburbano","barrio":"Popular"},"geometry":{"type":"Point","coordinates":[-75.547134,6.302136]}},{"type":"Feature","properties":{"nombre":"Hogar Infantil El Barquito","componente":"Equipamiento de Asistencia Social","nivel":"Barrial y Suburbano","barrio":"Popular"},"geometry":{"type":"Point","coordinates":[-75.547361,6.302924]}},{"type":"Feature","properties":{"nombre":"Centro de Integracion Barrial Popular No 1","componente":"Equipamientos Comunitarios","nivel":"Barrial y Suburbano","barrio":"Popular"},"geometry":{"type":"Point","coordinates":[-75.548392,6.297303]}},{"type":"Feature","properties":{"nombre":"Institucion Educativa Fe y Alegria Popular No.2","componente":"Equipamiento de Educación","nivel":"Barrial y Suburbano","barrio":"Popular"},"geometry":{"type":"Point","coordinates":[-75.54708,6.302571]}},{"type":"Feature","properties":{"nombre":"Institucion Tecnica San Jose Obrero","componente":"Equipamiento de Educación","nivel":"Barrial y Suburbano","barrio":"Popular"},"geometry":{"type":"Point","coordinates":[-75.546924,6.302463]}},{"type":"Feature","properties":{"nombre":"Institucion Educativa Federico Carrasquilla","componente":"Equipamiento de Educación","nivel":"Barrial y Suburbano","barrio":"Popular"},"geometry":{"type":"Point","coordinates":[-75.549296,6.298649]}},{"type":"Feature","properties":{"nombre":"Cancha de Arenilla  - Popular","componente":"Equipamiento de Recreación y Deporte","nivel":"Vecinal y Veredal","barrio":"Popular"},"geometry":{"type":"Point","coordinates":[-75.545289,6.302979]}},{"type":"Feature","properties":{"nombre":"Jardin Infantil Buen Comienzo - Carla Cristina","componente":"Equipamiento de Educación","nivel":"Barrial y Suburbano","barrio":"Popular"},"geometry":{"type":"Point","coordinates":[-75.547225,6.297384]}},{"type":"Feature","properties":{"nombre":"CAI El Playon","tipo":"Fuerza pública","componente":"Equipamientos para la Fuerza Pública","nivel":"Barrial y Suburbano","barrio":"Playón de Los Comuneros"},"geometry":{"type":"Point","coordinates":[-75.555409,6.307358]}},{"type":"Feature","properties":{"nombre":"Sede Social María Auxiliadora","componente":"Equipamientos Comunitarios","nivel":"Barrial y Suburbano","barrio":"Playón de Los Comuneros"},"geometry":{"type":"Point","coordinates":[-75.551312,6.306026]}},{"type":"Feature","properties":{"nombre":"Centro de Salud - Pablo VI - Metrosalud","componente":"Equipamiento de Salud","nivel":"Vecinal y Veredal","barrio":"Pablo VI"},"geometry":{"type":"Point","coordinates":[-75.552849,6.304056]}},{"type":"Feature","properties":{"nombre":"Placa Polideportiva La Isla","componente":"Equipamiento de Recreación y Deporte","nivel":"Barrial y Suburbano","barrio":"La Isla"},"geometry":{"type":"Point","coordinates":[-75.54973,6.303373]}},{"type":"Feature","properties":{"nombre":"Iglesia Ave Maria","tipo":"Espacio para el culto","componente":"Equipamientos de Culto","nivel":"Barrial y Suburbano","barrio":"La Isla"},"geometry":{"type":"Point","coordinates":[-75.550486,6.3035]}},{"type":"Feature","properties":{"nombre":"Seccion Escuela La Isla","componente":"Equipamiento de Educación","nivel":"Barrial y Suburbano","barrio":"La Isla"},"geometry":{"type":"Point","coordinates":[-75.550367,6.301853]}},{"type":"Feature","properties":{"nombre":"Sede Social La Isla","componente":"Equipamientos Comunitarios","nivel":"Barrial y Suburbano","barrio":"La Isla"},"geometry":{"type":"Point","coordinates":[-75.55059,6.301975]}},{"type":"Feature","properties":{"nombre":"Institucion Educativa Fé y Alegría José María Velaz","componente":"Equipamiento de Educación","nivel":"Barrial y Suburbano","barrio":"La Isla"},"geometry":{"type":"Point","coordinates":[-75.55014,6.303826]}},{"type":"Feature","properties":{"nombre":"Institucion Educativa Santa Teresa","componente":"Equipamiento de Educación","nivel":"Barrial y Suburbano","barrio":"La Francia"},"geometry":{"type":"Point","coordinates":[-75.556193,6.301336]}},{"type":"Feature","properties":{"nombre":"Seccion Escuela La Francia","componente":"Equipamiento de Educación","nivel":"Barrial y Suburbano","barrio":"La Francia"},"geometry":{"type":"Point","coordinates":[-75.556203,6.300097]}},{"type":"Feature","properties":{"nombre":"Sección Escuela Manuel Uribe Angel","componente":"Equipamiento de Educación","nivel":"Barrial y Suburbano","barrio":"Andalucía"},"geometry":{"type":"Point","coordinates":[-75.553779,6.298128]}},{"type":"Feature","properties":{"nombre":"Coliseo Andalucia","componente":"Equipamiento de Recreación y Deporte","nivel":"Barrial y Suburbano","barrio":"Andalucía"},"geometry":{"type":"Point","coordinates":[-75.553522,6.297501]}},{"type":"Feature","properties":{"nombre":"Parroquia Nuestra Señora de las Victorias","tipo":"Espacio para el culto","componente":"Equipamientos de Culto","nivel":"Barrial y Suburbano","barrio":"Andalucía"},"geometry":{"type":"Point","coordinates":[-75.553369,6.297918]}},{"type":"Feature","properties":{"nombre":"Estación Metrocable Andalucía","tipo":"Transporte por cable","componente":"Equipamientos para el Transporte","nivel":"Ciudad","barrio":"Andalucía"},"geometry":{"type":"Point","coordinates":[-75.551905,6.29624]}},{"type":"Feature","properties":{"nombre":"Asociacion Club de Vida Las Victorias","componente":"Equipamiento de Asistencia Social","nivel":"Barrial y Suburbano","barrio":"Andalucía"},"geometry":{"type":"Point","coordinates":[-75.553658,6.296651]}},{"type":"Feature","properties":{"nombre":"Cancha de Futbol Villa Niza","componente":"Equipamiento de Recreación y Deporte","nivel":"Vecinal y Veredal","barrio":"Villa Niza"},"geometry":{"type":"Point","coordinates":[-75.558467,6.297328]}},{"type":"Feature","properties":{"nombre":"Iglesia Nuestra Señora del Camino Villa Niza","tipo":"Espacio para el culto","componente":"Equipamientos de Culto","nivel":"Barrial y Suburbano","barrio":"Villa Niza"},"geometry":{"type":"Point","coordinates":[-75.557334,6.296646]}},{"type":"Feature","properties":{"nombre":"Sede Social Villa Niza Norte","componente":"Equipamientos Comunitarios","nivel":"Barrial y Suburbano","barrio":"Villa Niza"},"geometry":{"type":"Point","coordinates":[-75.557456,6.296044]}},{"type":"Feature","properties":{"nombre":"Institución Educativa Villa Niza","componente":"Equipamiento de Educación","nivel":"Barrial y Suburbano","barrio":"Villa Niza"},"geometry":{"type":"Point","coordinates":[-75.556469,6.295032]}},{"type":"Feature","properties":{"nombre":"Sede Social Versalles No 1","componente":"Equipamientos Comunitarios","nivel":"Barrial y Suburbano","barrio":"Versalles No.1"},"geometry":{"type":"Point","coordinates":[-75.542667,6.266639]}},{"type":"Feature","properties":{"nombre":"Sección Escuela Versalles","componente":"Equipamiento de Educación","nivel":"Barrial y Suburbano","barrio":"Versalles No.1"},"geometry":{"type":"Point","coordinates":[-75.545949,6.265296]}},{"type":"Feature","properties":{"nombre":"Cancha en arenilla Oriente","componente":"Equipamiento de Recreación y Deporte","nivel":"Barrial y Suburbano","barrio":"Oriente"},"geometry":{"type":"Point","coordinates":[-75.537055,6.277385]}},{"type":"Feature","properties":{"nombre":"Institucion Educativa Manuela Beltran","componente":"Equipamiento de Educación","nivel":"Barrial y Suburbano","barrio":"Versalles No.1"},"geometry":{"type":"Point","coordinates":[-75.545923,6.265777]}},{"type":"Feature","properties":{"nombre":"CAI Periferico La Cruz","tipo":"Fuerza pública","componente":"Equipamientos para la Fuerza Pública","nivel":"Ciudad","barrio":"La Cruz"},"geometry":{"type":"Point","coordinates":[-75.537941,6.272012]}},{"type":"Feature","properties":{"nombre":"Placa Polideportiva La Cruz","componente":"Equipamiento de Recreación y Deporte","nivel":"Barrial y Suburbano","barrio":"La Cruz"},"geometry":{"type":"Point","coordinates":[-75.536375,6.269539]}},{"type":"Feature","properties":{"nombre":"Casa de la Música","componente":"Equipamientos Culturales","nivel":"Ciudad","barrio":"Sevilla"},"geometry":{"type":"Point","coordinates":[-75.566059,6.267942]}},{"type":"Feature","properties":{"nombre":"Universidad de Antioquia","componente":"Equipamiento de Educación","nivel":"Metropolitano Y Regional","barrio":"Universidad de Antioquia"},"geometry":{"type":"Point","coordinates":[-75.568849,6.267552]}},{"type":"Feature","properties":{"nombre":"Templo Parroquial de San Gregorio Magno","tipo":"Espacio para el culto","componente":"Equipamientos de Culto","nivel":"Barrial y Suburbano","barrio":"Sevilla"},"geometry":{"type":"Point","coordinates":[-75.564639,6.266277]}},{"type":"Feature","properties":{"nombre":"Clínica León XIII","componente":"Equipamiento de Salud","nivel":"Ciudad","barrio":"Sevilla"},"geometry":{"type":"Point","coordinates":[-75.566433,6.266756]}},{"type":"Feature","properties":{"nombre":"Unidad Deportiva Doce de Octubre","componente":"Equipamiento de Recreación y Deporte","nivel":"Ciudad","barrio":"Santander"},"geometry":{"type":"Point","coordinates":[-75.577103,6.303829]}},{"type":"Feature","properties":{"nombre":"Club de Vida Los Abuelos","componente":"Equipamientos Comunitarios","nivel":"Barrial y Suburbano","barrio":"Doce de Octubre No.1"},"geometry":{"type":"Point","coordinates":[-75.576969,6.310488]}},{"type":"Feature","properties":{"nombre":"Centro Logístico (Coca-Cola) Metroseguridad","tipo":"Institucional Municipal","componente":"Equipamientos Institucionales Municipales","nivel":"Ciudad","barrio":"Universidad Nacional"},"geometry":{"type":"Point","coordinates":[-75.57436,6.264967]}},{"type":"Feature","properties":{"nombre":"Aula Ambiental","componente":"Equipamientos Culturales","nivel":"Ciudad","barrio":"Universidad Nacional"},"geometry":{"type":"Point","coordinates":[-75.57239,6.264163]}},{"type":"Feature","properties":{"nombre":"Universidad Cooperativa de Colombia - Coliseo","componente":"Equipamiento de Educación","nivel":"Ciudad","barrio":"Miraflores"},"geometry":{"type":"Point","coordinates":[-75.552186,6.238584]}},{"type":"Feature","properties":{"nombre":"Institución Educativa Asamblea Departamental","componente":"Equipamiento de Educación","nivel":"Barrial y Suburbano","barrio":"Miraflores"},"geometry":{"type":"Point","coordinates":[-75.55151,6.238556]}},{"type":"Feature","properties":{"nombre":"Institución Educativa Miraflores","componente":"Equipamiento de Educación","nivel":"Barrial y Suburbano","barrio":"Miraflores"},"geometry":{"type":"Point","coordinates":[-75.551578,6.239109]}},{"type":"Feature","properties":{"nombre":"Universidad Cooperativa de Colombia","componente":"Equipamiento de Educación","nivel":"Ciudad","barrio":"Miraflores"},"geometry":{"type":"Point","coordinates":[-75.55174,6.239429]}},{"type":"Feature","properties":{"nombre":"Colegio Universidad Cooperativa de Colombia","componente":"Equipamiento de Educación","nivel":"Ciudad","barrio":"Miraflores"},"geometry":{"type":"Point","coordinates":[-75.551129,6.238904]}},{"type":"Feature","properties":{"nombre":"Colegio Alfred Binet","componente":"Equipamiento de Educación","nivel":"Zonal y Corregimental","barrio":"Miraflores"},"geometry":{"type":"Point","coordinates":[-75.549932,6.239088]}},{"type":"Feature","properties":{"nombre":"Colegio Gimnasio Los Pinares","componente":"Equipamiento de Educación","nivel":"Zonal y Corregimental","barrio":"El Castillo"},"geometry":{"type":"Point","coordinates":[-75.571293,6.19063]}},{"type":"Feature","properties":{"nombre":"Colegio Fé y Alegria El Playón","componente":"Equipamiento de Educación","nivel":"Barrial y Suburbano","barrio":"Playón de Los Comuneros"},"geometry":{"type":"Point","coordinates":[-75.555173,6.307692]}},{"type":"Feature","properties":{"nombre":"Placa Polidaportiva Villa del Socorro","componente":"Equipamiento de Recreación y Deporte","nivel":"Barrial y Suburbano","barrio":"Villa del Socorro"},"geometry":{"type":"Point","coordinates":[-75.55395,6.294755]}},{"type":"Feature","properties":{"nombre":"Casa juvenil El Parche","componente":"Equipamientos Comunitarios","nivel":"Barrial y Suburbano","barrio":"Villa del Socorro"},"geometry":{"type":"Point","coordinates":[-75.55388,6.294938]}},{"type":"Feature","properties":{"nombre":"Cancha de Futbol Villa del Socorro","componente":"Equipamiento de Recreación y Deporte","nivel":"Barrial y Suburbano","barrio":"Villa del Socorro"},"geometry":{"type":"Point","coordinates":[-75.553584,6.295206]}},{"type":"Feature","properties":{"nombre":"Casa de Justicia Villa del Socorro","tipo":"Mecanismos alternativos de solución de conflicto cotidianos","componente":"Equipamientos de Justicia Cercana al Ciudadano","nivel":"Barrial y Suburbano","barrio":"Villa del Socorro"},"geometry":{"type":"Point","coordinates":[-75.553825,6.295222]}},{"type":"Feature","properties":{"nombre":"Sede Social Moscu 1","componente":"Equipamientos Comunitarios","nivel":"Barrial y Suburbano","barrio":"Moscú No.1"},"geometry":{"type":"Point","coordinates":[-75.55599,6.291026]}},{"type":"Feature","properties":{"nombre":"Sección Escuela Arzobispo Garcia","componente":"Equipamiento de Educación","nivel":"Barrial y Suburbano","barrio":"Moscú No.1"},"geometry":{"type":"Point","coordinates":[-75.555797,6.290014]}},{"type":"Feature","properties":{"nombre":"Seccion Escuela La Asuncion","componente":"Equipamiento de Educación","nivel":"Barrial y Suburbano","barrio":"Moscú No.1"},"geometry":{"type":"Point","coordinates":[-75.55435,6.290978]}},{"type":"Feature","properties":{"nombre":"Parroquia Nuestra Señora de la Asuncion","tipo":"Espacio para el culto","componente":"Equipamientos de Culto","nivel":"Barrial y Suburbano","barrio":"Moscú No.1"},"geometry":{"type":"Point","coordinates":[-75.55596,6.290485]}},{"type":"Feature","properties":{"nombre":"Club de vida Abuelos del Despertar","componente":"Equipamiento de Asistencia Social","nivel":"Barrial y Suburbano","barrio":"Moscú No.1"},"geometry":{"type":"Point","coordinates":[-75.5546,6.291128]}},{"type":"Feature","properties":{"nombre":"Biblioteca Santa Cruz","componente":"Equipamientos Culturales","nivel":"Zonal y Corregimental","barrio":"Moscú No.1"},"geometry":{"type":"Point","coordinates":[-75.555744,6.289791]}},{"type":"Feature","properties":{"nombre":"Cancha de Baloncesto La Frontera","componente":"Equipamiento de Recreación y Deporte","nivel":"Barrial y Suburbano","barrio":"La Frontera"},"geometry":{"type":"Point","coordinates":[-75.555524,6.305191]}},{"type":"Feature","properties":{"nombre":"Institucion Educativa Finca La  Mesa","componente":"Equipamiento de Educación","nivel":"Barrial y Suburbano","barrio":"La Frontera"},"geometry":{"type":"Point","coordinates":[-75.554987,6.303861]}},{"type":"Feature","properties":{"nombre":"Institucion Educativa Jose Antonio Galan","componente":"Equipamiento de Educación","nivel":"Barrial y Suburbano","barrio":"La Salle"},"geometry":{"type":"Point","coordinates":[-75.552257,6.284942]}},{"type":"Feature","properties":{"nombre":"Institucion Educativa San Juan Bautista de la Salle","componente":"Equipamiento de Educación","nivel":"Barrial y Suburbano","barrio":"La Salle"},"geometry":{"type":"Point","coordinates":[-75.54951,6.284572]}},{"type":"Feature","properties":{"nombre":"Sede Social San Blas","componente":"Equipamientos Comunitarios","nivel":"Barrial y Suburbano","barrio":"Las Granjas"},"geometry":{"type":"Point","coordinates":[-75.54663,6.281763]}},{"type":"Feature","properties":{"nombre":"Iglesia San Blas","tipo":"Espacio para el culto","componente":"Equipamientos de Culto","nivel":"Barrial y Suburbano","barrio":"Las Granjas"},"geometry":{"type":"Point","coordinates":[-75.546699,6.281216]}},{"type":"Feature","properties":{"nombre":"Sede de Accion Comunal Barrios Unidos Zona 1- Comuna 3","componente":"Equipamientos Comunitarios","nivel":"Barrial y Suburbano","barrio":"La Salle"},"geometry":{"type":"Point","coordinates":[-75.546471,6.282991]}},{"type":"Feature","properties":{"nombre":"Sede Social La Salle","componente":"Equipamientos Comunitarios","nivel":"Barrial y Suburbano","barrio":"La Salle"},"geometry":{"type":"Point","coordinates":[-75.549931,6.282432]}},{"type":"Feature","properties":{"nombre":"Sede Social Oasis El Jardin","componente":"Equipamientos Comunitarios","nivel":"Barrial y Suburbano","barrio":"La Salle"},"geometry":{"type":"Point","coordinates":[-75.545022,6.28321]}},{"type":"Feature","properties":{"nombre":"Colegio de Desarrollo Social para la Atención Integral al Joven Talita Cumi","componente":"Equipamiento de Educación","nivel":"Barrial y Suburbano","barrio":"La Salle"},"geometry":{"type":"Point","coordinates":[-75.545165,6.284162]}},{"type":"Feature","properties":{"nombre":"Centro de Salud San Blas","componente":"Equipamiento de Salud","nivel":"Barrial y Suburbano","barrio":"Las Granjas"},"geometry":{"type":"Point","coordinates":[-75.548485,6.281008]}},{"type":"Feature","properties":{"nombre":"Tanque de Agua EPM","tipo":"Prestación del servicio de acueducto","componente":"Equipamientos para la prestación de los servicios públicos","nivel":"Ciudad","barrio":"Las Granjas"},"geometry":{"type":"Point","coordinates":[-75.551217,6.280964]}},{"type":"Feature","properties":{"nombre":"Colegio María Reina del Carmelo","componente":"Equipamiento de Educación","nivel":"Barrial y Suburbano","barrio":"Las Granjas"},"geometry":{"type":"Point","coordinates":[-75.5513,6.277807]}},{"type":"Feature","properties":{"nombre":"Institución Educativa Gabriel Restrepo Moreno","componente":"Equipamiento de Educación","nivel":"Barrial y Suburbano","barrio":"Las Granjas"},"geometry":{"type":"Point","coordinates":[-75.54846,6.276834]}},{"type":"Feature","properties":{"nombre":"Sede Social El Jardín","componente":"Equipamientos Comunitarios","nivel":"Barrial y Suburbano","barrio":"Las Granjas"},"geometry":{"type":"Point","coordinates":[-75.546037,6.277279]}},{"type":"Feature","properties":{"nombre":"Institución Educativa República de Barbados","componente":"Equipamiento de Educación","nivel":"Barrial y Suburbano","barrio":"Las Granjas"},"geometry":{"type":"Point","coordinates":[-75.546116,6.276741]}},{"type":"Feature","properties":{"nombre":"Estacion de Policia Manrique","tipo":"Fuerza pública","componente":"Equipamientos para la Fuerza Pública","nivel":"Ciudad","barrio":"Las Granjas"},"geometry":{"type":"Point","coordinates":[-75.546738,6.277003]}},{"type":"Feature","properties":{"nombre":"Sección Escuela Crescencio Salcedo Monroy","componente":"Equipamiento de Educación","nivel":"Barrial y Suburbano","barrio":"Las Granjas"},"geometry":{"type":"Point","coordinates":[-75.552847,6.27846]}},{"type":"Feature","properties":{"nombre":"Placa Polideportiva La Salle","componente":"Equipamiento de Recreación y Deporte","nivel":"Barrial y Suburbano","barrio":"La Salle"},"geometry":{"type":"Point","coordinates":[-75.544113,6.284957]}},{"type":"Feature","properties":{"nombre":"Junta de accion Comunal Las Granjas","componente":"Equipamientos Comunitarios","nivel":"Barrial y Suburbano","barrio":"Las Granjas"},"geometry":{"type":"Point","coordinates":[-75.548875,6.277056]}},{"type":"Feature","properties":{"nombre":"Institución Educativa Hernán Toro Agudelo","componente":"Equipamiento de Educación","nivel":"Barrial y Suburbano","barrio":"Campo Valdés No.2"},"geometry":{"type":"Point","coordinates":[-75.552972,6.271975]}},{"type":"Feature","properties":{"nombre":"Sección Escuela Victor Gómez Restrepo","componente":"Equipamiento de Educación","nivel":"Barrial y Suburbano","barrio":"Campo Valdés No.2"},"geometry":{"type":"Point","coordinates":[-75.553414,6.271571]}},{"type":"Feature","properties":{"nombre":"Casa Gardeliana","componente":"Equipamientos Culturales","nivel":"Ciudad","barrio":"Campo Valdés No.2"},"geometry":{"type":"Point","coordinates":[-75.554246,6.269498]}},{"type":"Feature","properties":{"nombre":"Parroquia El Santo Sepulcro","tipo":"Espacio para el culto","componente":"Equipamientos de Culto","nivel":"Barrial y Suburbano","barrio":"Campo Valdés No.2"},"geometry":{"type":"Point","coordinates":[-75.55375,6.271585]}},{"type":"Feature","properties":{"nombre":"Colegio El Hogar de su Niño","componente":"Equipamiento de Educación","nivel":"Barrial y Suburbano","barrio":"María Cano-Carambolas"},"geometry":{"type":"Point","coordinates":[-75.53937,6.283975]}},{"type":"Feature","properties":{"nombre":"Cancha de Futbol en arenilla Crambolas","componente":"Equipamiento de Recreación y Deporte","nivel":"Barrial y Suburbano","barrio":"María Cano-Carambolas"},"geometry":{"type":"Point","coordinates":[-75.539352,6.283288]}},{"type":"Feature","properties":{"nombre":"Centro Solidario Juan Pablo II","componente":"Equipamiento de Asistencia Social","nivel":"Barrial y Suburbano","barrio":"María Cano-Carambolas"},"geometry":{"type":"Point","coordinates":[-75.538773,6.283593]}},{"type":"Feature","properties":{"nombre":"CAI Periferico Bello Oriente","tipo":"Fuerza pública","componente":"Equipamientos para la Fuerza Pública","barrio":"María Cano-Carambolas"},"geometry":{"type":"Point","coordinates":[-75.539482,6.279051]}},{"type":"Feature","properties":{"nombre":"Seccion Escuela Bello Oriente","componente":"Equipamiento de Educación","nivel":"Barrial y Suburbano","barrio":"María Cano-Carambolas"},"geometry":{"type":"Point","coordinates":[-75.53934,6.279163]}},{"type":"Feature","properties":{"nombre":"Casa Cultural y de encuentro El Parariso","componente":"Equipamientos Culturales","nivel":"Barrial y Suburbano","barrio":"Oriente"},"geometry":{"type":"Point","coordinates":[-75.539484,6.277964]}},{"type":"Feature","properties":{"nombre":"Seccion Escuela Bello Oriente","componente":"Equipamiento de Educación","nivel":"Barrial y Suburbano","barrio":"Oriente"},"geometry":{"type":"Point","coordinates":[-75.538125,6.277518]}},{"type":"Feature","properties":{"nombre":"Colegio Bello Oriente","componente":"Equipamiento de Educación","nivel":"Barrial y Suburbano","barrio":"Oriente"},"geometry":{"type":"Point","coordinates":[-75.538254,6.276654]}},{"type":"Feature","properties":{"nombre":"Sección Escuela Bello Oriente","componente":"Equipamiento de Educación","nivel":"Barrial y Suburbano","barrio":"Oriente"},"geometry":{"type":"Point","coordinates":[-75.540704,6.274034]}},{"type":"Feature","properties":{"nombre":"Parroquia Nuestra Señora San Luis Maria","tipo":"Espacio para el culto","componente":"Equipamientos de Culto","nivel":"Barrial y Suburbano","barrio":"Oriente"},"geometry":{"type":"Point","coordinates":[-75.541324,6.274476]}},{"type":"Feature","properties":{"nombre":"Central de Energía EPM-Piedras Blancas","tipo":"Prestación del servicio de energía","componente":"Equipamientos para la prestación de los servicios públicos","nivel":"Ciudad","barrio":"Santa Inés"},"geometry":{"type":"Point","coordinates":[-75.545641,6.274356]}},{"type":"Feature","properties":{"nombre":"Placa Polideportiva Balcones del Jardin","componente":"Equipamiento de Recreación y Deporte","nivel":"Barrial y Suburbano","barrio":"Santa Inés"},"geometry":{"type":"Point","coordinates":[-75.547234,6.274078]}},{"type":"Feature","properties":{"nombre":"Parroquia Nuestra Señora de las Nieves","tipo":"Espacio para el culto","componente":"Equipamientos de Culto","nivel":"Barrial y Suburbano","barrio":"Santa Inés"},"geometry":{"type":"Point","coordinates":[-75.549175,6.273243]}},{"type":"Feature","properties":{"nombre":"Seccion Escuela San Lorenzo de Aburra","componente":"Equipamiento de Educación","nivel":"Barrial y Suburbano","barrio":"Santa Inés"},"geometry":{"type":"Point","coordinates":[-75.549605,6.273105]}},{"type":"Feature","properties":{"nombre":"Tanque de Agua EPM - Campo Valdes","tipo":"Prestación del servicio de acueducto","componente":"Equipamientos para la prestación de los servicios públicos","nivel":"Ciudad","barrio":"Santa Inés"},"geometry":{"type":"Point","coordinates":[-75.549797,6.271759]}},{"type":"Feature","properties":{"nombre":"Batallon de Policia Militar No 4","tipo":"Fuerza pública","componente":"Equipamientos para la Fuerza Pública","nivel":"Ciudad","barrio":"María Cano-Carambolas"},"geometry":{"type":"Point","coordinates":[-75.539171,6.283862]}},{"type":"Feature","properties":{"nombre":"Escuela Reino de Belgica","componente":"Equipamiento de Educación","nivel":"Barrial y Suburbano","barrio":"María Cano-Carambolas"},"geometry":{"type":"Point","coordinates":[-75.539813,6.284586]}},{"type":"Feature","properties":{"nombre":"Iglesia La Cruz","tipo":"Espacio para el culto","componente":"Equipamientos de Culto","nivel":"Barrial y Suburbano","barrio":"La Cruz"},"geometry":{"type":"Point","coordinates":[-75.540208,6.269564]}},{"type":"Feature","properties":{"nombre":"Seccion Escuela Altos de la Cruz","componente":"Equipamiento de Educación","nivel":"Barrial y Suburbano","barrio":"La Cruz"},"geometry":{"type":"Point","coordinates":[-75.538152,6.271357]}},{"type":"Feature","properties":{"nombre":"Iglesia San Sebastian","tipo":"Espacio para el culto","componente":"Equipamientos de Culto","nivel":"Barrial y Suburbano","barrio":"Versalles No.1"},"geometry":{"type":"Point","coordinates":[-75.542024,6.266398]}},{"type":"Feature","properties":{"nombre":"Seccion Escuela  La Cima San Jose","componente":"Equipamiento de Educación","nivel":"Barrial y Suburbano","barrio":"La Salle"},"geometry":{"type":"Point","coordinates":[-75.544149,6.283252]}},{"type":"Feature","properties":{"nombre":"Sección Escuela Baldomero Sanín Cano","componente":"Equipamiento de Educación","nivel":"Barrial y Suburbano","barrio":"El Raizal"},"geometry":{"type":"Point","coordinates":[-75.548069,6.269046]}},{"type":"Feature","properties":{"nombre":"Parroquia San Luis Beltran","tipo":"Espacio para el culto","componente":"Equipamientos de Culto","nivel":"Barrial y Suburbano","barrio":"El Raizal"},"geometry":{"type":"Point","coordinates":[-75.547345,6.268546]}},{"type":"Feature","properties":{"nombre":"Institución Educativa Ramón Munera Lopera","componente":"Equipamiento de Educación","nivel":"Barrial y Suburbano","barrio":"El Raizal"},"geometry":{"type":"Point","coordinates":[-75.543426,6.269789]}},{"type":"Feature","properties":{"nombre":"Institución Educativa San Lorenzo de Aburrá","componente":"Equipamiento de Educación","nivel":"Barrial y Suburbano","barrio":"Santa Inés"},"geometry":{"type":"Point","coordinates":[-75.549378,6.27168]}},{"type":"Feature","properties":{"nombre":"Cancha de Futbol Santa Ines","componente":"Equipamiento de Recreación y Deporte","nivel":"Barrial y Suburbano","barrio":"Santa Inés"},"geometry":{"type":"Point","coordinates":[-75.549369,6.272162]}},{"type":"Feature","properties":{"nombre":"Parque Deportivo El Raizal","componente":"Equipamiento de Recreación y Deporte","nivel":"Zonal y Corregimental","barrio":"El Raizal"},"geometry":{"type":"Point","coordinates":[-75.54474,6.270165]}},{"type":"Feature","properties":{"nombre":"Sección Escuela José Manuel Mora Vasquez","componente":"Equipamiento de Educación","nivel":"Barrial y Suburbano","barrio":"El Pomar"},"geometry":{"type":"Point","coordinates":[-75.552436,6.268638]}},{"type":"Feature","properties":{"nombre":"Institución Educativa José Roberto Vasquez","componente":"Equipamiento de Educación","nivel":"Barrial y Suburbano","barrio":"El Pomar"},"geometry":{"type":"Point","coordinates":[-75.550125,6.269093]}},{"type":"Feature","properties":{"nombre":"Institucion Educativa Hernan Toro Agudelo","componente":"Equipamiento de Educación","nivel":"Barrial y Suburbano","barrio":"El Pomar"},"geometry":{"type":"Point","coordinates":[-75.55464,6.268204]}},{"type":"Feature","properties":{"nombre":"Casa de la Cultura Manrique","componente":"Equipamientos Culturales","nivel":"Barrial y Suburbano","barrio":"El Pomar"},"geometry":{"type":"Point","coordinates":[-75.554675,6.267988]}},{"type":"Feature","properties":{"nombre":"Centro de Salud El Raizal - Metrosalud","componente":"Equipamiento de Salud","nivel":"Barrial y Suburbano","barrio":"Versalles No.1"},"geometry":{"type":"Point","coordinates":[-75.544953,6.266845]}},{"type":"Feature","properties":{"nombre":"Institución Educativa Enrique Olaya Herrera","componente":"Equipamiento de Educación","nivel":"Barrial y Suburbano","barrio":"Versalles No.1"},"geometry":{"type":"Point","coordinates":[-75.545172,6.266659]}},{"type":"Feature","properties":{"nombre":"Seccion Escuela Marco Fidel Suarez","componente":"Equipamiento de Educación","nivel":"Barrial y Suburbano","barrio":"Manrique Central No.2"},"geometry":{"type":"Point","coordinates":[-75.553499,6.265879]}},{"type":"Feature","properties":{"nombre":"Parroquia El Buen Pastor","tipo":"Espacio para el culto","componente":"Equipamientos de Culto","nivel":"Barrial y Suburbano","barrio":"Manrique Central No.2"},"geometry":{"type":"Point","coordinates":[-75.553811,6.26524]}},{"type":"Feature","properties":{"nombre":"Centro de Desarrollo Empresarial Zonal  CEDEZO Manrique","tipo":"Institucional Municipal","componente":"Equipamientos Institucionales Municipales","nivel":"Zonal y Corregimental","barrio":"Manrique Central No.2"},"geometry":{"type":"Point","coordinates":[-75.553749,6.262547]}},{"type":"Feature","properties":{"nombre":"Sede Social Buen Pastor - Manrique Central","componente":"Equipamientos Comunitarios","nivel":"Barrial y Suburbano","barrio":"Manrique Central No.2"},"geometry":{"type":"Point","coordinates":[-75.553812,6.26238]}},{"type":"Feature","properties":{"nombre":"Tanque de Agua EPM - Manrique","tipo":"Prestación del servicio de acueducto","componente":"Equipamientos para la prestación de los servicios públicos","nivel":"Ciudad","barrio":"Manrique Oriental"},"geometry":{"type":"Point","coordinates":[-75.552297,6.263027]}},{"type":"Feature","properties":{"nombre":"Unidad Hospitalaria \"Hermenegildo de Fex\" - Manrique - Metrosalud","componente":"Equipamiento de Salud","nivel":"Zonal y Corregimental","barrio":"Manrique Oriental"},"geometry":{"type":"Point","coordinates":[-75.553232,6.261867]}},{"type":"Feature","properties":{"nombre":"Hogar Infantil Michingos","componente":"Equipamiento de Asistencia Social","nivel":"Barrial y Suburbano","barrio":"Manrique Oriental"},"geometry":{"type":"Point","coordinates":[-75.550349,6.265555]}},{"type":"Feature","properties":{"nombre":"Parroquia Santa Ana","tipo":"Espacio para el culto","componente":"Equipamientos de Culto","nivel":"Barrial y Suburbano","barrio":"Manrique Oriental"},"geometry":{"type":"Point","coordinates":[-75.547485,6.264081]}},{"type":"Feature","properties":{"nombre":"Institución Educativa Alvaro Marín Velasco","componente":"Equipamiento de Educación","nivel":"Barrial y Suburbano","barrio":"El Pomar"},"geometry":{"type":"Point","coordinates":[-75.55165,6.268966]}},{"type":"Feature","properties":{"nombre":"Reserva Servicios Públicos EPM","tipo":"Prestación del servicio de acueducto","componente":"Equipamientos para la prestación de los servicios públicos","nivel":"Ciudad","barrio":"Manrique Oriental"},"geometry":{"type":"Point","coordinates":[-75.548692,6.265963]}},{"type":"Feature","properties":{"nombre":"Inspección de Policía - Manrique Oriental","tipo":"Fuerza pública","componente":"Equipamientos para la Fuerza Pública","nivel":"Barrial y Suburbano","barrio":"Manrique Oriental"},"geometry":{"type":"Point","coordinates":[-75.548241,6.265464]}},{"type":"Feature","properties":{"nombre":"Coliseo Manrique Oriental","componente":"Equipamiento de Recreación y Deporte","nivel":"Barrial y Suburbano","barrio":"Manrique Oriental"},"geometry":{"type":"Point","coordinates":[-75.548372,6.264617]}},{"type":"Feature","properties":{"nombre":"Sede Social Manrique Oriental","componente":"Equipamientos Comunitarios","nivel":"Barrial y Suburbano","barrio":"Manrique Oriental"},"geometry":{"type":"Point","coordinates":[-75.548214,6.266256]}},{"type":"Feature","properties":{"nombre":"Institución Educativa Manuela Beltran","componente":"Equipamiento de Educación","nivel":"Barrial y Suburbano","barrio":"Manrique Oriental"},"geometry":{"type":"Point","coordinates":[-75.548766,6.266366]}},{"type":"Feature","properties":{"nombre":"Estación de Policía Manrique","tipo":"Instituciones municipales encargadas de la convivencia","componente":"Equipamientos de Justicia Cercana al Ciudadano","nivel":"Ciudad","barrio":"Manrique Oriental"},"geometry":{"type":"Point","coordinates":[-75.548989,6.265903]}},{"type":"Feature","properties":{"nombre":"Institucion Educativa Montecarlo","componente":"Equipamiento de Educación","nivel":"Barrial y Suburbano","barrio":"Las Granjas"},"geometry":{"type":"Point","coordinates":[-75.546634,6.278036]}},{"type":"Feature","properties":{"nombre":"Institución Educativa Fé y Alegría La Cima","componente":"Equipamiento de Educación","nivel":"Barrial y Suburbano","barrio":"Las Granjas"},"geometry":{"type":"Point","coordinates":[-75.547577,6.281086]}},{"type":"Feature","properties":{"nombre":"Unidad Deportiva San Blas","componente":"Equipamiento de Recreación y Deporte","nivel":"Ciudad","barrio":"Las Granjas"},"geometry":{"type":"Point","coordinates":[-75.547954,6.280247]}},{"type":"Feature","properties":{"nombre":"Institución Educativa San Juan Bosco","componente":"Equipamiento de Educación","nivel":"Barrial y Suburbano","barrio":"Miranda"},"geometry":{"type":"Point","coordinates":[-75.561297,6.276328]}},{"type":"Feature","properties":{"nombre":"Sede Social Miranda","componente":"Equipamientos Comunitarios","nivel":"Barrial y Suburbano","barrio":"Miranda"},"geometry":{"type":"Point","coordinates":[-75.562581,6.275205]}},{"type":"Feature","properties":{"nombre":"Sección Escuela Julio Arboleda","componente":"Equipamiento de Educación","nivel":"Barrial y Suburbano","barrio":"Miranda"},"geometry":{"type":"Point","coordinates":[-75.562744,6.272773]}},{"type":"Feature","properties":{"nombre":"Colegio Francisco Miranda","componente":"Equipamiento de Educación","nivel":"Barrial y Suburbano","barrio":"Parque Norte"},"geometry":{"type":"Point","coordinates":[-75.563579,6.274054]}},{"type":"Feature","properties":{"nombre":"Iglesia de Jesucristo de los Santos de los Ultimos Dias","tipo":"Espacio para el culto","componente":"Equipamientos de Culto","nivel":"Barrial y Suburbano","barrio":"Miranda"},"geometry":{"type":"Point","coordinates":[-75.563338,6.275034]}},{"type":"Feature","properties":{"nombre":"Parroquia Cristo Sacerdote + Alcohólicos Anónimos","tipo":"Espacio para el culto","componente":"Equipamientos de Culto","nivel":"Barrial y Suburbano","barrio":"Miranda"},"geometry":{"type":"Point","coordinates":[-75.56346,6.274697]}},{"type":"Feature","properties":{"nombre":"Sede Social Palermo","componente":"Equipamientos Comunitarios","nivel":"Barrial y Suburbano","barrio":"Palermo"},"geometry":{"type":"Point","coordinates":[-75.563613,6.283832]}},{"type":"Feature","properties":{"nombre":"Parroquia San Esteban Protomartir","tipo":"Espacio para el culto","componente":"Equipamientos de Culto","nivel":"Barrial y Suburbano","barrio":"Palermo"},"geometry":{"type":"Point","coordinates":[-75.564119,6.283634]}},{"type":"Feature","properties":{"nombre":"Seccion Escuela Tomas Carrasquilla","componente":"Equipamiento de Educación","nivel":"Barrial y Suburbano","barrio":"Palermo"},"geometry":{"type":"Point","coordinates":[-75.56336,6.283975]}},{"type":"Feature","properties":{"nombre":"Coliseo Palermo","componente":"Equipamiento de Recreación y Deporte","nivel":"Barrial y Suburbano","barrio":"Palermo"},"geometry":{"type":"Point","coordinates":[-75.563365,6.284145]}},{"type":"Feature","properties":{"nombre":"Parque Deportivo San Isidro","componente":"Equipamiento de Recreación y Deporte","nivel":"Barrial y Suburbano","barrio":"Palermo"},"geometry":{"type":"Point","coordinates":[-75.564098,6.287436]}},{"type":"Feature","properties":{"nombre":"Seccion Escuela San Isidro","componente":"Equipamiento de Educación","nivel":"Barrial y Suburbano","barrio":"Palermo"},"geometry":{"type":"Point","coordinates":[-75.563607,6.287887]}},{"type":"Feature","properties":{"nombre":"Unidad de Atencion y Orientacion  Poblacion Desplazada - Palermo","componente":"Equipamiento de Asistencia Social","nivel":"Zonal y Corregimental","barrio":"Palermo"},"geometry":{"type":"Point","coordinates":[-75.564863,6.288312]}},{"type":"Feature","properties":{"nombre":"Iglesia San Isidro","tipo":"Espacio para el culto","componente":"Equipamientos de Culto","nivel":"Barrial y Suburbano","barrio":"San Isidro"},"geometry":{"type":"Point","coordinates":[-75.562801,6.287681]}},{"type":"Feature","properties":{"nombre":"Institución Educativa Gilberto Alzate Avendaño","componente":"Equipamiento de Educación","nivel":"Barrial y Suburbano","barrio":"San Isidro"},"geometry":{"type":"Point","coordinates":[-75.562638,6.284324]}},{"type":"Feature","properties":{"nombre":"Centro de Salud - Aranjuez - Metrosalud","componente":"Equipamiento de Salud","nivel":"Barrial y Suburbano","barrio":"San Isidro"},"geometry":{"type":"Point","coordinates":[-75.558692,6.285101]}},{"type":"Feature","properties":{"nombre":"Institución Educativa José Eusebio Caro","componente":"Equipamiento de Educación","nivel":"Barrial y Suburbano","barrio":"San Isidro"},"geometry":{"type":"Point","coordinates":[-75.558769,6.285523]}},{"type":"Feature","properties":{"nombre":"Sección Escuela Carlos Villa Martínez","componente":"Equipamiento de Educación","nivel":"Barrial y Suburbano","barrio":"Parque Norte"},"geometry":{"type":"Point","coordinates":[-75.55882,6.287477]}},{"type":"Feature","properties":{"nombre":"Sección Escuela Simona Duque","componente":"Equipamiento de Educación","nivel":"Barrial y Suburbano","barrio":"San Isidro"},"geometry":{"type":"Point","coordinates":[-75.56044,6.289032]}},{"type":"Feature","properties":{"nombre":"Estación Metroplus","tipo":"Transporte de buses","componente":"Equipamientos para el Transporte","nivel":"Ciudad","barrio":"Parque Norte"},"geometry":{"type":"Point","coordinates":[-75.556683,6.285199]}},{"type":"Feature","properties":{"nombre":"Central Telefonica UNE - EPM","tipo":"Prestación del servicio de telecomunicaciones","componente":"Equipamientos para la prestación de los servicios públicos","nivel":"Ciudad","barrio":"Berlín"},"geometry":{"type":"Point","coordinates":[-75.556949,6.286409]}},{"type":"Feature","properties":{"nombre":"Iglesia San Nicolas","tipo":"Espacio para el culto","componente":"Equipamientos de Culto","nivel":"Barrial y Suburbano","barrio":"Berlín"},"geometry":{"type":"Point","coordinates":[-75.555731,6.285095]}},{"type":"Feature","properties":{"nombre":"Colegio Agustiniano de San Nicolas","componente":"Equipamiento de Educación","nivel":"Barrial y Suburbano","barrio":"Berlín"},"geometry":{"type":"Point","coordinates":[-75.555742,6.284809]}},{"type":"Feature","properties":{"nombre":"Sección Escuela Esteban Jaramillo","componente":"Equipamiento de Educación","nivel":"Barrial y Suburbano","barrio":"La Piñuela"},"geometry":{"type":"Point","coordinates":[-75.555295,6.281802]}},{"type":"Feature","properties":{"nombre":"Inspección de Policía - Aranjuez","tipo":"Fuerza pública","componente":"Equipamientos para la Fuerza Pública","nivel":"Barrial y Suburbano","barrio":"La Piñuela"},"geometry":{"type":"Point","coordinates":[-75.557716,6.283186]}},{"type":"Feature","properties":{"nombre":"Estación Metroplus - Berlín","tipo":"Transporte de buses","componente":"Equipamientos para el Transporte","nivel":"Ciudad","barrio":"Parque Norte"},"geometry":{"type":"Point","coordinates":[-75.552853,6.282908]}},{"type":"Feature","properties":{"nombre":"Sede Social - Barrio Las Esmeraldas","componente":"Equipamientos Comunitarios","nivel":"Barrial y Suburbano","barrio":"Las Esmeraldas"},"geometry":{"type":"Point","coordinates":[-75.553593,6.280791]}},{"type":"Feature","properties":{"nombre":"Institución Educativa Juan de Dios Cock","componente":"Equipamiento de Educación","nivel":"Barrial y Suburbano","barrio":"Las Esmeraldas"},"geometry":{"type":"Point","coordinates":[-75.553431,6.280883]}},{"type":"Feature","properties":{"nombre":"Cancha de Futbol Las Esmeraldas","componente":"Equipamiento de Recreación y Deporte","nivel":"Barrial y Suburbano","barrio":"Las Esmeraldas"},"geometry":{"type":"Point","coordinates":[-75.552992,6.280966]}},{"type":"Feature","properties":{"nombre":"Club Deportivo y Cultural Las Esmeraldas","componente":"Equipamientos Culturales","nivel":"Barrial y Suburbano","barrio":"Las Esmeraldas"},"geometry":{"type":"Point","coordinates":[-75.552751,6.281525]}},{"type":"Feature","properties":{"nombre":"Estación Metroplus","tipo":"Transporte de buses","componente":"Equipamientos para el Transporte","nivel":"Ciudad","barrio":"Campo Valdés No.1"},"geometry":{"type":"Point","coordinates":[-75.553127,6.278478]}},{"type":"Feature","properties":{"nombre":"Sede Social Campo Valdes - La Maquinita","componente":"Equipamientos Comunitarios","nivel":"Barrial y Suburbano","barrio":"Las Esmeraldas"},"geometry":{"type":"Point","coordinates":[-75.556116,6.278847]}},{"type":"Feature","properties":{"nombre":"Tanque de Agua EPM - La Piñuela","tipo":"Prestación del servicio de acueducto","componente":"Equipamientos para la prestación de los servicios públicos","nivel":"Ciudad","barrio":"Campo Valdés No.1"},"geometry":{"type":"Point","coordinates":[-75.555496,6.276971]}},{"type":"Feature","properties":{"nombre":"Institución Educativa Campo Valdés","componente":"Equipamiento de Educación","nivel":"Barrial y Suburbano","barrio":"Campo Valdés No.1"},"geometry":{"type":"Point","coordinates":[-75.555748,6.275474]}},{"type":"Feature","properties":{"nombre":"Sección Escuela Carlos Vásquez Latorre","componente":"Equipamiento de Educación","nivel":"Barrial y Suburbano","barrio":"Campo Valdés No.1"},"geometry":{"type":"Point","coordinates":[-75.555806,6.27514]}},{"type":"Feature","properties":{"nombre":"Institución Educativa Camilo Torres Restrepo","componente":"Equipamiento de Educación","nivel":"Barrial y Suburbano","barrio":"Parque Norte"},"geometry":{"type":"Point","coordinates":[-75.557125,6.276716]}},{"type":"Feature","properties":{"nombre":"Centro de Salud ambulatorio - Campo Valdes","componente":"Equipamiento de Salud","nivel":"Barrial y Suburbano","barrio":"Manrique Central No.1"},"geometry":{"type":"Point","coordinates":[-75.558191,6.268231]}},{"type":"Feature","properties":{"nombre":"Unidad Hospitalaria - Hospital Infantil Consejo de Medellín - Aranjuez - Metrosalud","componente":"Equipamiento de Salud","nivel":"Ciudad","barrio":"Manrique Central No.1"},"geometry":{"type":"Point","coordinates":[-75.558646,6.268301]}},{"type":"Feature","properties":{"nombre":"Estacion de Bomberos Campo Valdes","tipo":"Estaciones de bomberos","componente":"Equipamiento de Prevención y atención de desatres","nivel":"Vecinal y Veredal","barrio":"Manrique Central No.1"},"geometry":{"type":"Point","coordinates":[-75.557966,6.268487]}},{"type":"Feature","properties":{"nombre":"Estación Metroplus - San Pedro","tipo":"Prestación del servicio de acueducto","componente":"Equipamientos para la prestación de los servicios públicos","nivel":"Ciudad","barrio":"Parque Norte"},"geometry":{"type":"Point","coordinates":[-75.560113,6.263538]}},{"type":"Feature","properties":{"nombre":"Centro de Salud Moravia","componente":"Equipamiento de Salud","nivel":"Barrial y Suburbano","barrio":"Parque Norte"},"geometry":{"type":"Point","coordinates":[-75.566063,6.274729]}},{"type":"Feature","properties":{"nombre":"Centro Comunitario Moravia","componente":"Equipamientos Comunitarios","nivel":"Barrial y Suburbano","barrio":"Moravia"},"geometry":{"type":"Point","coordinates":[-75.565795,6.274702]}},{"type":"Feature","properties":{"nombre":"Colegio Cooperativo El Bosque","componente":"Equipamiento de Educación","nivel":"Barrial y Suburbano","barrio":"Moravia"},"geometry":{"type":"Point","coordinates":[-75.567144,6.279863]}},{"type":"Feature","properties":{"nombre":"Parroquia Nuestra Señora del Consuelo","tipo":"Espacio para el culto","componente":"Equipamientos de Culto","nivel":"Barrial y Suburbano","barrio":"Moravia"},"geometry":{"type":"Point","coordinates":[-75.567055,6.279605]}},{"type":"Feature","properties":{"nombre":"Colegio Fé y Alegría Luis Amigo","componente":"Equipamiento de Educación","nivel":"Barrial y Suburbano","barrio":"Moravia"},"geometry":{"type":"Point","coordinates":[-75.566201,6.279003]}},{"type":"Feature","properties":{"nombre":"Colegio Gente Unida Moravia","componente":"Equipamiento de Educación","nivel":"Barrial y Suburbano","barrio":"Moravia"},"geometry":{"type":"Point","coordinates":[-75.566824,6.279413]}},{"type":"Feature","properties":{"nombre":"Sede Social Moravia Oriente","componente":"Equipamientos Comunitarios","nivel":"Barrial y Suburbano","barrio":"Moravia"},"geometry":{"type":"Point","coordinates":[-75.566758,6.27935]}},{"type":"Feature","properties":{"nombre":"Centro de Desarrollo Cultural Moravia","componente":"Equipamientos Culturales","nivel":"Ciudad","barrio":"Moravia"},"geometry":{"type":"Point","coordinates":[-75.564569,6.276388]}},{"type":"Feature","properties":{"nombre":"Jardin Infantil Mama Chila","componente":"Equipamiento de Asistencia Social","nivel":"Barrial y Suburbano","barrio":"Parque Norte"},"geometry":{"type":"Point","coordinates":[-75.565602,6.279542]}},{"type":"Feature","properties":{"nombre":"Cementerio San Pedro","tipo":"Cementerio humanos","componente":"Equipamientos Sanitarios","nivel":"Ciudad","barrio":"San Pedro"},"geometry":{"type":"Point","coordinates":[-75.561322,6.265722]}},{"type":"Feature","properties":{"nombre":"Central de Teléfonos EPM","tipo":"Prestación del servicio de telecomunicaciones","componente":"Equipamientos para la prestación de los servicios públicos","nivel":"Ciudad","barrio":"San Pedro"},"geometry":{"type":"Point","coordinates":[-75.561106,6.268172]}},{"type":"Feature","properties":{"nombre":"Sede Economia Solidaria - San Pedro","componente":"Equipamientos Comunitarios","nivel":"Barrial y Suburbano","barrio":"San Pedro"},"geometry":{"type":"Point","coordinates":[-75.559836,6.26615]}},{"type":"Feature","properties":{"nombre":"Unidad de Servicios COMFAMA - Aranjuez","componente":"Equipamientos Comunitarios","nivel":"Barrial y Suburbano","barrio":"Aranjuez"},"geometry":{"type":"Point","coordinates":[-75.563002,6.282714]}},{"type":"Feature","properties":{"nombre":"Colegio Emilia Riquelme","componente":"Equipamiento de Educación","nivel":"Barrial y Suburbano","barrio":"Aranjuez"},"geometry":{"type":"Point","coordinates":[-75.562637,6.282766]}},{"type":"Feature","properties":{"nombre":"Institución Maestro Guillermo Vélez Vélez","componente":"Equipamiento de Educación","nivel":"Barrial y Suburbano","barrio":"Aranjuez"},"geometry":{"type":"Point","coordinates":[-75.563016,6.281468]}},{"type":"Feature","properties":{"nombre":"Colegio Nuestra Señora de Lourdes","componente":"Equipamiento de Educación","nivel":"Barrial y Suburbano","barrio":"Brasilia"},"geometry":{"type":"Point","coordinates":[-75.560555,6.276165]}},{"type":"Feature","properties":{"nombre":"Biblioteca Pública Piloto Filial \"Juan Zuleta Ferrer\"","componente":"Equipamientos Culturales","nivel":"Barrial y Suburbano","barrio":"Brasilia"},"geometry":{"type":"Point","coordinates":[-75.558306,6.274045]}},{"type":"Feature","properties":{"nombre":"Parroquia San Antonio Maria Claret","tipo":"Espacio para el culto","componente":"Equipamientos de Culto","nivel":"Barrial y Suburbano","barrio":"Brasilia"},"geometry":{"type":"Point","coordinates":[-75.558575,6.275014]}},{"type":"Feature","properties":{"nombre":"Plaza de Mercado - Campo Valdes","tipo":"Plaza de mercado","componente":"Equipamientos de almacenamiento y distribución del sector primario y del comercio popular","nivel":"Barrial y Suburbano","barrio":"Brasilia"},"geometry":{"type":"Point","coordinates":[-75.559004,6.274323]}},{"type":"Feature","properties":{"nombre":"Unidad Deportiva Brasilia","componente":"Equipamiento de Recreación y Deporte","nivel":"Barrial y Suburbano","barrio":"Brasilia"},"geometry":{"type":"Point","coordinates":[-75.559862,6.274406]}},{"type":"Feature","properties":{"nombre":"Institución Educativa Lorenza Villegas de Santos","componente":"Equipamiento de Educación","nivel":"Barrial y Suburbano","barrio":"Aranjuez"},"geometry":{"type":"Point","coordinates":[-75.560779,6.280392]}},{"type":"Feature","properties":{"nombre":"Placa Polideportiva Lorenza Villegas","componente":"Equipamiento de Recreación y Deporte","nivel":"Barrial y Suburbano","barrio":"Aranjuez"},"geometry":{"type":"Point","coordinates":[-75.560733,6.280042]}},{"type":"Feature","properties":{"nombre":"Sede Social Aranjuez  - San Cayetano","componente":"Equipamientos Comunitarios","nivel":"Barrial y Suburbano","barrio":"Aranjuez"},"geometry":{"type":"Point","coordinates":[-75.560721,6.279891]}},{"type":"Feature","properties":{"nombre":"Institución Educativa Francisco Luis Hernández Betancur","componente":"Equipamiento de Educación","nivel":"Ciudad","barrio":"Parque Norte"},"geometry":{"type":"Point","coordinates":[-75.559786,6.278884]}},{"type":"Feature","properties":{"nombre":"Casa Museo Maestro Pedro Nel Gómez","componente":"Equipamientos Culturales","nivel":"Ciudad","barrio":"Aranjuez"},"geometry":{"type":"Point","coordinates":[-75.562198,6.278542]}},{"type":"Feature","properties":{"nombre":"Sede Social Aranjuez - La Piñuela","componente":"Equipamientos Comunitarios","nivel":"Barrial y Suburbano","barrio":"Aranjuez"},"geometry":{"type":"Point","coordinates":[-75.558285,6.278716]}},{"type":"Feature","properties":{"nombre":"Institución Educativa San Agustin","componente":"Equipamiento de Educación","nivel":"Barrial y Suburbano","barrio":"Aranjuez"},"geometry":{"type":"Point","coordinates":[-75.563018,6.279984]}},{"type":"Feature","properties":{"nombre":"Parroquia San Cayetano","tipo":"Espacio para el culto","componente":"Equipamientos de Culto","nivel":"Barrial y Suburbano","barrio":"Aranjuez"},"geometry":{"type":"Point","coordinates":[-75.561538,6.282262]}},{"type":"Feature","properties":{"nombre":"Institución Educativa Monseñor Francisco Cristobal Toro","componente":"Equipamiento de Educación","nivel":"Barrial y Suburbano","barrio":"Aranjuez"},"geometry":{"type":"Point","coordinates":[-75.56056,6.282605]}},{"type":"Feature","properties":{"nombre":"Sección Escuela Epifanio Mejía","componente":"Equipamiento de Educación","nivel":"Barrial y Suburbano","barrio":"Aranjuez"},"geometry":{"type":"Point","coordinates":[-75.558853,6.28194]}},{"type":"Feature","properties":{"nombre":"Sección Escuela Ana Frank","componente":"Equipamiento de Educación","nivel":"Barrial y Suburbano","barrio":"Aranjuez"},"geometry":{"type":"Point","coordinates":[-75.559333,6.280911]}},{"type":"Feature","properties":{"nombre":"Estación Metro Linea A Universidad","tipo":"Transporte ferroviario","componente":"Equipamientos para el Transporte","nivel":"Ciudad","barrio":"Parque Norte"},"geometry":{"type":"Point","coordinates":[-75.565926,6.269457]}},{"type":"Feature","properties":{"nombre":"Cancha de Futbol Moravia","componente":"Equipamiento de Recreación y Deporte","nivel":"Barrial y Suburbano","barrio":"Moravia"},"geometry":{"type":"Point","coordinates":[-75.567442,6.280396]}},{"type":"Feature","properties":{"nombre":"Colegio Santa María Mazarello","componente":"Equipamiento de Educación","nivel":"Barrial y Suburbano","barrio":"Buenos Aires"},"geometry":{"type":"Point","coordinates":[-75.555806,6.241632]}},{"type":"Feature","properties":{"nombre":"Deposito de Buses Loreto","tipo":"Transporte de buses","componente":"Equipamientos para el Transporte","nivel":"Zonal y Corregimental","barrio":"Loreto"},"geometry":{"type":"Point","coordinates":[-75.560037,6.22793]}},{"type":"Feature","properties":{"nombre":"Cancha de Futbol El Polvero","componente":"Equipamiento de Recreación y Deporte","nivel":"Barrial y Suburbano","barrio":"Loreto"},"geometry":{"type":"Point","coordinates":[-75.559403,6.228978]}},{"type":"Feature","properties":{"nombre":"Sede Social Loreto","componente":"Equipamientos Comunitarios","nivel":"Barrial y Suburbano","barrio":"Loreto"},"geometry":{"type":"Point","coordinates":[-75.559923,6.229174]}},{"type":"Feature","properties":{"nombre":"Sección Escuela Mercedes Yepes Isaza","componente":"Equipamiento de Educación","nivel":"Barrial y Suburbano","barrio":"Loreto"},"geometry":{"type":"Point","coordinates":[-75.560262,6.231027]}},{"type":"Feature","properties":{"nombre":"Subestación  EPM - Palenque","tipo":"Prestación del servicio de energía","componente":"Equipamientos para la prestación de los servicios públicos","nivel":"Ciudad","barrio":"Aures No.1"},"geometry":{"type":"Point","coordinates":[-75.594366,6.280634]}},{"type":"Feature","properties":{"nombre":"Subestación  EPM - Robledo","tipo":"Prestación del servicio de energía","componente":"Equipamientos para la prestación de los servicios públicos","nivel":"Ciudad","barrio":"Aures No.1"},"geometry":{"type":"Point","coordinates":[-75.595018,6.281597]}},{"type":"Feature","properties":{"nombre":"Colegio Madrid Campestre","componente":"Equipamiento de Educación","nivel":"Zonal y Corregimental","barrio":"Aures No.1"},"geometry":{"type":"Point","coordinates":[-75.595592,6.283682]}},{"type":"Feature","properties":{"nombre":"Colegio Arenis de Mar","componente":"Equipamiento de Educación","nivel":"Barrial y Suburbano","barrio":"Blanquizal"},"geometry":{"type":"Point","coordinates":[-75.606708,6.276158]}},{"type":"Feature","properties":{"nombre":"Sección Escuela Santo Tomás de Aquino","componente":"Equipamiento de Educación","nivel":"Barrial y Suburbano","barrio":"Loreto"},"geometry":{"type":"Point","coordinates":[-75.558964,6.233553]}},{"type":"Feature","properties":{"nombre":"Centro de Salud Loreto","componente":"Equipamiento de Salud","nivel":"Barrial y Suburbano","barrio":"Loreto"},"geometry":{"type":"Point","coordinates":[-75.55581,6.233069]}},{"type":"Feature","properties":{"nombre":"Estación de Bombeo del Acueducto EPM - Gerona","tipo":"Prestación del servicio de acueducto","componente":"Equipamientos para la prestación de los servicios públicos","nivel":"Ciudad","barrio":"La Milagrosa"},"geometry":{"type":"Point","coordinates":[-75.553852,6.233445]}},{"type":"Feature","properties":{"nombre":"Institución Educativa La Milagrosa","componente":"Equipamiento de Educación","nivel":"Zonal y Corregimental","barrio":"La Milagrosa"},"geometry":{"type":"Point","coordinates":[-75.554464,6.235152]}},{"type":"Feature","properties":{"nombre":"Colegio Eucarístico de la Milagrosa","componente":"Equipamiento de Educación","nivel":"Zonal y Corregimental","barrio":"La Milagrosa"},"geometry":{"type":"Point","coordinates":[-75.553501,6.23552]}},{"type":"Feature","properties":{"nombre":"Parroquia La Milagrosa","tipo":"Espacio para el culto","componente":"Equipamientos de Culto","nivel":"Barrial y Suburbano","barrio":"La Milagrosa"},"geometry":{"type":"Point","coordinates":[-75.553937,6.235741]}},{"type":"Feature","properties":{"nombre":"Sección Escuela Juan Cancio Restrepo","componente":"Equipamiento de Educación","nivel":"Barrial y Suburbano","barrio":"La Milagrosa"},"geometry":{"type":"Point","coordinates":[-75.555741,6.238314]}},{"type":"Feature","properties":{"nombre":"Iglesia San Simón Apostol","tipo":"Espacio para el culto","componente":"Equipamientos de Culto","nivel":"Barrial y Suburbano","barrio":"Loreto"},"geometry":{"type":"Point","coordinates":[-75.556682,6.232321]}},{"type":"Feature","properties":{"nombre":"Junta de acción Panorama Comunal","componente":"Equipamientos Comunitarios","nivel":"Barrial y Suburbano","barrio":"Loreto"},"geometry":{"type":"Point","coordinates":[-75.558226,6.231407]}},{"type":"Feature","properties":{"nombre":"Sede Social Avila","componente":"Equipamientos Comunitarios","nivel":"Barrial y Suburbano","barrio":"Loreto"},"geometry":{"type":"Point","coordinates":[-75.557273,6.233384]}},{"type":"Feature","properties":{"nombre":"Cancha de futbol y de baloncesto Avila","componente":"Equipamiento de Recreación y Deporte","nivel":"Barrial y Suburbano","barrio":"Loreto"},"geometry":{"type":"Point","coordinates":[-75.557029,6.233572]}},{"type":"Feature","properties":{"nombre":"Escuela de Música La Milagrosa","componente":"Equipamientos Culturales","nivel":"Barrial y Suburbano","barrio":"Loreto"},"geometry":{"type":"Point","coordinates":[-75.556838,6.233803]}},{"type":"Feature","properties":{"nombre":"Sección Escuela Juan Manuel Gonzalez Arbelaez","componente":"Equipamiento de Educación","nivel":"Barrial y Suburbano","barrio":"Gerona"},"geometry":{"type":"Point","coordinates":[-75.558099,6.236222]}},{"type":"Feature","properties":{"nombre":"Zona escolar Urbanización Loyola","componente":"Equipamiento de Educación","nivel":"Barrial y Suburbano","barrio":"Alejandro Echavarría"},"geometry":{"type":"Point","coordinates":[-75.54744,6.240144]}},{"type":"Feature","properties":{"nombre":"Fundación de Hogares de acogida Belén","componente":"Equipamiento de Asistencia Social","barrio":"Gerona"},"geometry":{"type":"Point","coordinates":[-75.558632,6.239556]}},{"type":"Feature","properties":{"nombre":"Sede Social El Salvador Gerona","componente":"Equipamientos Comunitarios","nivel":"Barrial y Suburbano","barrio":"Gerona"},"geometry":{"type":"Point","coordinates":[-75.560457,6.237816]}},{"type":"Feature","properties":{"nombre":"Centro de Salud Salvador","componente":"Equipamiento de Salud","nivel":"Barrial y Suburbano","barrio":"Gerona"},"geometry":{"type":"Point","coordinates":[-75.560548,6.237974]}},{"type":"Feature","properties":{"nombre":"Unidad Prestadora de servicios de salud Buenos Aires  Braulio Henao Mejía","componente":"Equipamiento de Salud","nivel":"Zonal y Corregimental","barrio":"Barrio Caicedo"},"geometry":{"type":"Point","coordinates":[-75.553709,6.241841]}},{"type":"Feature","properties":{"nombre":"Lote Proyecto Unidad Hospitalaria Braulio Henao Mejía","componente":"Equipamiento de Salud","nivel":"Zonal y Corregimental","barrio":"Barrio Caicedo"},"geometry":{"type":"Point","coordinates":[-75.553997,6.241699]}},{"type":"Feature","properties":{"nombre":"MASCERCA - Buenos Aires","tipo":"Unidad básica de servicios","componente":"Equipamientos Comunitarios","nivel":"Zonal y Corregimental","barrio":"Barrio Caicedo"},"geometry":{"type":"Point","coordinates":[-75.553708,6.241513]}},{"type":"Feature","properties":{"nombre":"Sección Liceo Leon de Greiff","componente":"Equipamiento de Educación","nivel":"Barrial y Suburbano","barrio":"Barrio Caicedo"},"geometry":{"type":"Point","coordinates":[-75.552496,6.241836]}},{"type":"Feature","properties":{"nombre":"Institución Educativa  Manuel  Jose Cayzedo","componente":"Equipamiento de Educación","nivel":"Barrial y Suburbano","barrio":"Barrio Caicedo"},"geometry":{"type":"Point","coordinates":[-75.552115,6.241689]}},{"type":"Feature","properties":{"nombre":"Escuela Normal Superior Antioqueña","componente":"Equipamiento de Educación","nivel":"Zonal y Corregimental","barrio":"Buenos Aires"},"geometry":{"type":"Point","coordinates":[-75.558696,6.24252]}},{"type":"Feature","properties":{"nombre":"Institución Educativa Federico Ozanam","componente":"Equipamiento de Educación","nivel":"Zonal y Corregimental","barrio":"Buenos Aires"},"geometry":{"type":"Point","coordinates":[-75.558061,6.240572]}},{"type":"Feature","properties":{"nombre":"Colegio Nuestra Señora del Sagrado Corazón","componente":"Equipamiento de Educación","nivel":"Zonal y Corregimental","barrio":"Buenos Aires"},"geometry":{"type":"Point","coordinates":[-75.556734,6.242633]}},{"type":"Feature","properties":{"nombre":"Parroquia Nuestra Señora del Sagrado Corazón","tipo":"Espacio para el culto","componente":"Equipamientos de Culto","nivel":"Zonal y Corregimental","barrio":"Buenos Aires"},"geometry":{"type":"Point","coordinates":[-75.557015,6.242563]}},{"type":"Feature","properties":{"nombre":"Clínica El Sagrado Corazón","componente":"Equipamiento de Salud","nivel":"Zonal y Corregimental","barrio":"Buenos Aires"},"geometry":{"type":"Point","coordinates":[-75.557315,6.24275]}},{"type":"Feature","properties":{"nombre":"Estación  de Télefonos EPM - Buenos Aires","tipo":"Prestación del servicio de telecomunicaciones","componente":"Equipamientos para la prestación de los servicios públicos","nivel":"Ciudad","barrio":"Buenos Aires"},"geometry":{"type":"Point","coordinates":[-75.557665,6.242701]}},{"type":"Feature","properties":{"nombre":"Placa Polideportiva Quintas del Salvador","componente":"Equipamiento de Recreación y Deporte","nivel":"Barrial y Suburbano","barrio":"El Salvador"},"geometry":{"type":"Point","coordinates":[-75.562308,6.234763]}},{"type":"Feature","properties":{"nombre":"Sección Escuela José de San Martín","componente":"Equipamiento de Educación","nivel":"Barrial y Suburbano","barrio":"El Salvador"},"geometry":{"type":"Point","coordinates":[-75.562761,6.237153]}},{"type":"Feature","properties":{"nombre":"Inspección de Policia 9B - Salvador","tipo":"Instituciones municipales encargadas de la convivencia","componente":"Equipamientos de Justicia Cercana al Ciudadano","nivel":"Barrial y Suburbano","barrio":"El Salvador"},"geometry":{"type":"Point","coordinates":[-75.561934,6.237205]}},{"type":"Feature","properties":{"nombre":"Sección Escuela Divino Salvador","componente":"Equipamiento de Educación","nivel":"Barrial y Suburbano","barrio":"El Salvador"},"geometry":{"type":"Point","coordinates":[-75.562351,6.238818]}},{"type":"Feature","properties":{"nombre":"Parroquia El Salvador","tipo":"Espacio para el culto","componente":"Equipamientos de Culto","nivel":"Barrial y Suburbano","barrio":"El Salvador"},"geometry":{"type":"Point","coordinates":[-75.560683,6.236727]}},{"type":"Feature","properties":{"nombre":"Instituto Tomás Carrasquilla","componente":"Equipamiento de Educación","nivel":"Barrial y Suburbano","barrio":"El Salvador"},"geometry":{"type":"Point","coordinates":[-75.560975,6.240671]}},{"type":"Feature","properties":{"nombre":"Unidad Deportiva Alejandro Echavarría","componente":"Equipamiento de Recreación y Deporte","nivel":"Ciudad","barrio":"Alejandro Echavarría"},"geometry":{"type":"Point","coordinates":[-75.548439,6.241005]}},{"type":"Feature","properties":{"nombre":"Iglesia Santa Mónica","tipo":"Espacio para el culto","componente":"Equipamientos de Culto","nivel":"Barrial y Suburbano","barrio":"Alejandro Echavarría"},"geometry":{"type":"Point","coordinates":[-75.549743,6.23973]}},{"type":"Feature","properties":{"nombre":"Institución Educativa  Gonzalo Restrepo Jaramillo","componente":"Equipamiento de Educación","nivel":"Barrial y Suburbano","barrio":"Alejandro Echavarría"},"geometry":{"type":"Point","coordinates":[-75.54891,6.239477]}},{"type":"Feature","properties":{"nombre":"Iglesia Concilio Vaticano","tipo":"Espacio para el culto","componente":"Equipamientos de Culto","nivel":"Barrial y Suburbano","barrio":"Alejandro Echavarría"},"geometry":{"type":"Point","coordinates":[-75.543646,6.235914]}},{"type":"Feature","properties":{"nombre":"Sección Escuela Alejandro Echavarría","componente":"Equipamiento de Educación","nivel":"Barrial y Suburbano","barrio":"Alejandro Echavarría"},"geometry":{"type":"Point","coordinates":[-75.542323,6.234764]}},{"type":"Feature","properties":{"nombre":"Cancha de Futbol Alejandro Echavarría","componente":"Equipamiento de Recreación y Deporte","nivel":"Barrial y Suburbano","barrio":"Alejandro Echavarría"},"geometry":{"type":"Point","coordinates":[-75.541676,6.23388]}},{"type":"Feature","properties":{"nombre":"Centro Infantil Fantasias","componente":"Equipamientos Comunitarios","nivel":"Barrial y Suburbano","barrio":"Prado"},"geometry":{"type":"Point","coordinates":[-75.560462,6.258408]}},{"type":"Feature","properties":{"nombre":"Placa Polideportiva Alejandro Echavarría","componente":"Equipamiento de Recreación y Deporte","nivel":"Barrial y Suburbano","barrio":"Alejandro Echavarría"},"geometry":{"type":"Point","coordinates":[-75.542069,6.234279]}},{"type":"Feature","properties":{"nombre":"Colegio Nuestra Señora del Rosario de Chiquinquirá","componente":"Equipamiento de Educación","nivel":"Zonal y Corregimental","barrio":"Miraflores"},"geometry":{"type":"Point","coordinates":[-75.549634,6.236571]}},{"type":"Feature","properties":{"nombre":"Colegio Divino Salvador","componente":"Equipamiento de Educación","nivel":"Barrial y Suburbano","barrio":"Miraflores"},"geometry":{"type":"Point","coordinates":[-75.548212,6.237237]}},{"type":"Feature","properties":{"nombre":"Iglesia de Jesucristo de Los Santos de Los Ultimos Días","tipo":"Espacio para el culto","componente":"Equipamientos de Culto","nivel":"Barrial y Suburbano","barrio":"Miraflores"},"geometry":{"type":"Point","coordinates":[-75.548433,6.235703]}},{"type":"Feature","properties":{"nombre":"Hogar de La Joven","componente":"Equipamiento de Asistencia Social","barrio":"Miraflores"},"geometry":{"type":"Point","coordinates":[-75.547391,6.234502]}},{"type":"Feature","properties":{"nombre":"Estación de Bomberos Oriente","tipo":"Prestación del servicio de acueducto","componente":"Equipamientos para la prestación de los servicios públicos","nivel":"Zonal y Corregimental","barrio":"Miraflores"},"geometry":{"type":"Point","coordinates":[-75.547981,6.234643]}},{"type":"Feature","properties":{"nombre":"Anexo Sección Ocho de Marzo","componente":"Equipamiento de Educación","nivel":"Barrial y Suburbano","barrio":"Ocho de Marzo"},"geometry":{"type":"Point","coordinates":[-75.529693,6.22886]}},{"type":"Feature","properties":{"nombre":"Sede Social Brisas de Oriente","componente":"Equipamientos Comunitarios","nivel":"Barrial y Suburbano","barrio":"Ocho de Marzo"},"geometry":{"type":"Point","coordinates":[-75.531252,6.227983]}},{"type":"Feature","properties":{"nombre":"Colegio Básico Caminos de La paz Fundación Las Golondrinas","componente":"Equipamiento de Educación","nivel":"Barrial y Suburbano","barrio":"Juan Pablo II"},"geometry":{"type":"Point","coordinates":[-75.531015,6.229777]}},{"type":"Feature","properties":{"nombre":"Unidad Integral No. 3 - La Candelaria","componente":"Equipamiento de Asistencia Social","barrio":"Barrios de Jesús"},"geometry":{"type":"Point","coordinates":[-75.537324,6.228961]}},{"type":"Feature","properties":{"nombre":"Subestación de Energía EPM - Miraflores","tipo":"Prestación del servicio de energía","componente":"Equipamientos para la prestación de los servicios públicos","nivel":"Ciudad","barrio":"Barrios de Jesús"},"geometry":{"type":"Point","coordinates":[-75.53845,6.229828]}},{"type":"Feature","properties":{"nombre":"Escula Popular Eucarística Arzobispo Tulio Botero Salazar","componente":"Equipamiento de Educación","nivel":"Barrial y Suburbano","barrio":"Barrios de Jesús"},"geometry":{"type":"Point","coordinates":[-75.538194,6.231419]}},{"type":"Feature","properties":{"nombre":"Placa Polideportiva Barrios de Jesús","componente":"Equipamiento de Recreación y Deporte","nivel":"Barrial y Suburbano","barrio":"Barrios de Jesús"},"geometry":{"type":"Point","coordinates":[-75.533805,6.230859]}},{"type":"Feature","properties":{"nombre":"Seminario Misionero Arqudiocesano","tipo":"Espacio para el culto","componente":"Equipamientos de Culto","barrio":"Las Palmas"},"geometry":{"type":"Point","coordinates":[-75.535042,6.226737]}},{"type":"Feature","properties":{"nombre":"Iglesia San José - El Poblado","tipo":"Espacio para el culto","componente":"Equipamientos de Culto","nivel":"Zonal y Corregimental","barrio":"El Poblado"},"geometry":{"type":"Point","coordinates":[-75.570253,6.210025]}},{"type":"Feature","properties":{"nombre":"Clínica Medellín Sede Poblado","componente":"Equipamiento de Salud","nivel":"Ciudad","barrio":"La Florida"},"geometry":{"type":"Point","coordinates":[-75.570998,6.206832]}},{"type":"Feature","properties":{"nombre":"Iglesia La Divina Eucaristía","tipo":"Espacio para el culto","componente":"Equipamientos de Culto","nivel":"Barrial y Suburbano","barrio":"La Florida"},"geometry":{"type":"Point","coordinates":[-75.566506,6.206893]}},{"type":"Feature","properties":{"nombre":"Unidad Hospitalaria de Castilla - Metrosalud - Jaime Tobón Arbeláez","componente":"Equipamiento de Salud","nivel":"Zonal y Corregimental","barrio":"Girardot"},"geometry":{"type":"Point","coordinates":[-75.56887,6.294512]}},{"type":"Feature","properties":{"nombre":"Iglesia San Pedro Claver","tipo":"Espacio para el culto","componente":"Equipamientos de Culto","nivel":"Barrial y Suburbano","barrio":"Caribe"},"geometry":{"type":"Point","coordinates":[-75.573482,6.273637]}},{"type":"Feature","properties":{"nombre":"ECOPETROL","tipo":"Almacenamiento y distribución de combustibles","componente":"Equipamiento de Almacenamiento y distribución de combustibles","nivel":"Ciudad","barrio":"Oleoducto"},"geometry":{"type":"Point","coordinates":[-75.570388,6.282839]}},{"type":"Feature","properties":{"nombre":"TERPEL de Antioquia S.A.","tipo":"Almacenamiento y distribución de combustibles","componente":"Equipamiento de Almacenamiento y distribución de combustibles","nivel":"Ciudad","barrio":"Oleoducto"},"geometry":{"type":"Point","coordinates":[-75.570074,6.284197]}},{"type":"Feature","properties":{"nombre":"Gases de Antioquia","tipo":"Almacenamiento y distribución de combustibles","componente":"Equipamiento de Almacenamiento y distribución de combustibles","nivel":"Ciudad","barrio":"Oleoducto"},"geometry":{"type":"Point","coordinates":[-75.569611,6.285633]}},{"type":"Feature","properties":{"nombre":"Teatro al Aire Libre Pedregal","componente":"Equipamientos Culturales","nivel":"Barrial y Suburbano","barrio":"Pedregal"},"geometry":{"type":"Point","coordinates":[-75.571621,6.302414]}},{"type":"Feature","properties":{"nombre":"Parroquia Nuestra Señora de La Valvanera","tipo":"Espacio para el culto","componente":"Equipamientos de Culto","nivel":"Barrial y Suburbano","barrio":"Pedregal"},"geometry":{"type":"Point","coordinates":[-75.571904,6.301996]}},{"type":"Feature","properties":{"nombre":"Institución Educativa Maestro Fernando Botero","componente":"Equipamiento de Educación","nivel":"Zonal y Corregimental","barrio":"Pedregal"},"geometry":{"type":"Point","coordinates":[-75.571928,6.301629]}},{"type":"Feature","properties":{"nombre":"Casa de Deporte Neiva Ochenta INDER","componente":"Equipamiento de Recreación y Deporte","nivel":"Zonal y Corregimental","barrio":"Pedregal"},"geometry":{"type":"Point","coordinates":[-75.571554,6.301686]}},{"type":"Feature","properties":{"nombre":"Casa de La Cultura - Barrio Pedregal","componente":"Equipamientos Culturales","nivel":"Barrial y Suburbano","barrio":"Pedregal"},"geometry":{"type":"Point","coordinates":[-75.57418,6.300598]}},{"type":"Feature","properties":{"nombre":"Placas Polideportiva La Paz","componente":"Equipamiento de Recreación y Deporte","nivel":"Barrial y Suburbano","barrio":"Pedregal"},"geometry":{"type":"Point","coordinates":[-75.574258,6.300089]}},{"type":"Feature","properties":{"nombre":"Institución Educativa El Pedregal + Sección Escuela Rafael J. Mejía","componente":"Equipamiento de Educación","nivel":"Zonal y Corregimental","barrio":"Pedregal"},"geometry":{"type":"Point","coordinates":[-75.575374,6.300221]}},{"type":"Feature","properties":{"nombre":"Parroquia El Santo Evangelio","tipo":"Espacio para el culto","componente":"Equipamientos de Culto","nivel":"Barrial y Suburbano","barrio":"La Esperanza"},"geometry":{"type":"Point","coordinates":[-75.57694,6.293233]}},{"type":"Feature","properties":{"nombre":"Misioneros de la Consolata","tipo":"Seminarios y conventos","componente":"Equipamientos de Culto","nivel":"Zonal y Corregimental","barrio":"Cataluña"},"geometry":{"type":"Point","coordinates":[-75.550507,6.235124]}},{"type":"Feature","properties":{"nombre":"Institución Educativa Madre Laura","componente":"Equipamiento de Educación","nivel":"Zonal y Corregimental","barrio":"Cataluña"},"geometry":{"type":"Point","coordinates":[-75.550631,6.234327]}},{"type":"Feature","properties":{"nombre":"Casa de La Anunciación","componente":"Equipamientos Comunitarios","nivel":"Zonal y Corregimental","barrio":"Cataluña"},"geometry":{"type":"Point","coordinates":[-75.549219,6.232446]}},{"type":"Feature","properties":{"nombre":"Lote de Servicios Colectivos Urbanización Balcón de Miraflores","componente":"Equipamientos Comunitarios","nivel":"Barrial y Suburbano","barrio":"Cataluña"},"geometry":{"type":"Point","coordinates":[-75.549681,6.233134]}},{"type":"Feature","properties":{"nombre":"Hogares Claret","componente":"Equipamiento de Asistencia Social","barrio":"Cataluña"},"geometry":{"type":"Point","coordinates":[-75.54963,6.230792]}},{"type":"Feature","properties":{"nombre":"Estación de Bombeo del Acueducto EPM - Miraflores","tipo":"Prestación del servicio de acueducto","componente":"Equipamientos para la prestación de los servicios públicos","nivel":"Ciudad","barrio":"Cataluña"},"geometry":{"type":"Point","coordinates":[-75.549457,6.230144]}},{"type":"Feature","properties":{"nombre":"Placa Polideportiva Cataluña No 2- Lote Servicios Colectivos UrbanizaciónVilla Flores 2","componente":"Equipamiento de Recreación y Deporte","nivel":"Barrial y Suburbano","barrio":"Cataluña"},"geometry":{"type":"Point","coordinates":[-75.550244,6.231525]}},{"type":"Feature","properties":{"nombre":"Sede Social Urbanización parques de Cataluña","componente":"Equipamientos Comunitarios","nivel":"Barrial y Suburbano","barrio":"Cataluña"},"geometry":{"type":"Point","coordinates":[-75.552349,6.231035]}},{"type":"Feature","properties":{"nombre":"Sede Social Palmas de Cataluña","componente":"Equipamientos Comunitarios","nivel":"Barrial y Suburbano","barrio":"Cataluña"},"geometry":{"type":"Point","coordinates":[-75.553389,6.229576]}},{"type":"Feature","properties":{"nombre":"Centro Educativo Jesucristo de La Paz","componente":"Equipamientos Comunitarios","nivel":"Barrial y Suburbano","barrio":"Cataluña"},"geometry":{"type":"Point","coordinates":[-75.552943,6.229514]}},{"type":"Feature","properties":{"nombre":"Parroquia Jesucristo Señor de la Paz","tipo":"Espacio para el culto","componente":"Equipamientos de Culto","nivel":"Barrial y Suburbano","barrio":"Cataluña"},"geometry":{"type":"Point","coordinates":[-75.5523,6.228846]}},{"type":"Feature","properties":{"nombre":"Lote servicios colectivos Urbanización Las Azaleas","componente":"Equipamientos Comunitarios","nivel":"Barrial y Suburbano","barrio":"Miraflores"},"geometry":{"type":"Point","coordinates":[-75.551338,6.238034]}},{"type":"Feature","properties":{"nombre":"Centro Educativo Guadalupano La Salle","componente":"Equipamiento de Educación","nivel":"Barrial y Suburbano","barrio":"Los Cerros El Vergel"},"geometry":{"type":"Point","coordinates":[-75.544629,6.23623]}},{"type":"Feature","properties":{"nombre":"Centro de Atención Hogares de Protección PAN _ Los Cerros - ICBF","componente":"Equipamiento de Asistencia Social","barrio":"Los Cerros El Vergel"},"geometry":{"type":"Point","coordinates":[-75.54418,6.235318]}},{"type":"Feature","properties":{"nombre":"Liceo de Bachillerato Universidad de Medellín","componente":"Equipamiento de Educación","nivel":"Barrial y Suburbano","barrio":"Los Cerros El Vergel"},"geometry":{"type":"Point","coordinates":[-75.543318,6.233777]}},{"type":"Feature","properties":{"nombre":"Placa Polideportiva El Vergel Los Cerros","componente":"Equipamiento de Recreación y Deporte","nivel":"Barrial y Suburbano","barrio":"Los Cerros El Vergel"},"geometry":{"type":"Point","coordinates":[-75.546046,6.235931]}},{"type":"Feature","properties":{"nombre":"Placa Polideportiva El Vergel","componente":"Equipamiento de Recreación y Deporte","nivel":"Barrial y Suburbano","barrio":"Los Cerros El Vergel"},"geometry":{"type":"Point","coordinates":[-75.545361,6.232528]}},{"type":"Feature","properties":{"nombre":"PAN_Programa de colocación familiar-Hogares sustitutos","componente":"Equipamiento de Asistencia Social","nivel":"Barrial y Suburbano","barrio":"Los Cerros El Vergel"},"geometry":{"type":"Point","coordinates":[-75.545785,6.233633]}},{"type":"Feature","properties":{"nombre":"Parroquia del Santísimo Sacramento","tipo":"Espacio para el culto","componente":"Equipamientos de Culto","nivel":"Barrial y Suburbano","barrio":"Los Cerros El Vergel"},"geometry":{"type":"Point","coordinates":[-75.545959,6.233901]}},{"type":"Feature","properties":{"nombre":"Lote centro comunal sector 2","componente":"Equipamientos Comunitarios","nivel":"Barrial y Suburbano","barrio":"Los Cerros El Vergel"},"geometry":{"type":"Point","coordinates":[-75.54248,6.231571]}},{"type":"Feature","properties":{"nombre":"Lote centro comunal sector 1","componente":"Equipamientos Comunitarios","nivel":"Zonal y Corregimental","barrio":"Los Cerros El Vergel"},"geometry":{"type":"Point","coordinates":[-75.542261,6.230698]}},{"type":"Feature","properties":{"nombre":"Cancha de Futbol El Vergel Los Cerros","componente":"Equipamiento de Recreación y Deporte","nivel":"Barrial y Suburbano","barrio":"Los Cerros El Vergel"},"geometry":{"type":"Point","coordinates":[-75.546574,6.236104]}},{"type":"Feature","properties":{"nombre":"Placa Deportiva y Cancha de voleyball Los Cerros No 1","componente":"Equipamiento de Recreación y Deporte","nivel":"Barrial y Suburbano","barrio":"Los Cerros El Vergel"},"geometry":{"type":"Point","coordinates":[-75.542049,6.231737]}},{"type":"Feature","properties":{"nombre":"Batallón de Policía Militar No 4 Bomboná","tipo":"Fuerza pública","componente":"Equipamientos para la Fuerza Pública","nivel":"Ciudad","barrio":"Bomboná No.2"},"geometry":{"type":"Point","coordinates":[-75.547638,6.231337]}},{"type":"Feature","properties":{"nombre":"Institución Educativa Merceditas Gómez Martinez","componente":"Equipamiento de Educación","nivel":"Zonal y Corregimental","barrio":"Bomboná No.2"},"geometry":{"type":"Point","coordinates":[-75.54656,6.233201]}},{"type":"Feature","properties":{"nombre":"Colegio La Anunciación","componente":"Equipamiento de Educación","nivel":"Zonal y Corregimental","barrio":"Bomboná No.2"},"geometry":{"type":"Point","coordinates":[-75.548627,6.23228]}},{"type":"Feature","properties":{"nombre":"Sección Escuela  La Anunciación","componente":"Equipamiento de Educación","nivel":"Barrial y Suburbano","barrio":"Bomboná No.2"},"geometry":{"type":"Point","coordinates":[-75.548622,6.23165]}},{"type":"Feature","properties":{"nombre":"Parroquia San Alberto Magno","tipo":"Espacio para el culto","componente":"Equipamientos de Culto","nivel":"Barrial y Suburbano","barrio":"Bomboná No.2"},"geometry":{"type":"Point","coordinates":[-75.542088,6.227202]}},{"type":"Feature","properties":{"nombre":"Escuela Eterna Primavera","componente":"Equipamiento de Educación","nivel":"Barrial y Suburbano","barrio":"Cataluña"},"geometry":{"type":"Point","coordinates":[-75.547794,6.227056]}},{"type":"Feature","properties":{"nombre":"Sección Escuela Nuestra Señora del Rosario","componente":"Equipamiento de Educación","nivel":"Barrial y Suburbano","barrio":"Bomboná No.2"},"geometry":{"type":"Point","coordinates":[-75.543361,6.226119]}},{"type":"Feature","properties":{"nombre":"Cancha de Futbol Cauces de Oriente","componente":"Equipamiento de Recreación y Deporte","nivel":"Barrial y Suburbano","barrio":"Bomboná No.2"},"geometry":{"type":"Point","coordinates":[-75.543152,6.225334]}},{"type":"Feature","properties":{"nombre":"Sede Social Cauces de Oriente","componente":"Equipamientos Comunitarios","nivel":"Barrial y Suburbano","barrio":"Bomboná No.2"},"geometry":{"type":"Point","coordinates":[-75.543147,6.226176]}},{"type":"Feature","properties":{"nombre":"Placa Polideportiva La Isla No 1y 2","componente":"Equipamiento de Recreación y Deporte","nivel":"Barrial y Suburbano","barrio":"Bomboná No.2"},"geometry":{"type":"Point","coordinates":[-75.543454,6.228578]}},{"type":"Feature","properties":{"nombre":"Unidad de Servicios COMFAMA - Buenos Aires","componente":"Equipamientos Comunitarios","nivel":"Zonal y Corregimental","barrio":"Barrio Caicedo"},"geometry":{"type":"Point","coordinates":[-75.557765,6.244103]}},{"type":"Feature","properties":{"nombre":"Sección Escuela Madre María Mazarello","componente":"Equipamiento de Educación","nivel":"Barrial y Suburbano","barrio":"Buenos Aires"},"geometry":{"type":"Point","coordinates":[-75.555917,6.241305]}},{"type":"Feature","properties":{"nombre":"Colegio Integral Nueva Gente","componente":"Equipamiento de Educación","nivel":"Zonal y Corregimental","barrio":"Castropol"},"geometry":{"type":"Point","coordinates":[-75.568515,6.216157]}},{"type":"Feature","properties":{"nombre":"Centro Preescolar Eugenia Ravasco","componente":"Equipamiento de Educación","nivel":"Zonal y Corregimental","barrio":"Astorga"},"geometry":{"type":"Point","coordinates":[-75.573185,6.21123]}},{"type":"Feature","properties":{"nombre":"Sección Escuela Guillermo Echavarría Misas","componente":"Equipamiento de Educación","nivel":"Barrial y Suburbano","barrio":"Astorga"},"geometry":{"type":"Point","coordinates":[-75.57142,6.210775]}},{"type":"Feature","properties":{"nombre":"Iglesia Santa María de Los Dolores","tipo":"Espacio para el culto","componente":"Equipamientos de Culto","nivel":"Barrial y Suburbano","barrio":"Astorga"},"geometry":{"type":"Point","coordinates":[-75.574543,6.209082]}},{"type":"Feature","properties":{"nombre":"Centro Cultural Timonel","tipo":"Centros de desarrollo cultural","componente":"Equipamientos Culturales","nivel":"Zonal y Corregimental","barrio":"Patio Bonito"},"geometry":{"type":"Point","coordinates":[-75.573714,6.203069]}},{"type":"Feature","properties":{"nombre":"Tanque de Agua EPM - El Poblado","tipo":"Prestación del servicio de energía","componente":"Equipamientos para la prestación de los servicios públicos","nivel":"Ciudad","barrio":"El Diamante No.2"},"geometry":{"type":"Point","coordinates":[-75.574469,6.184137]}},{"type":"Feature","properties":{"nombre":"Caminos de La Vida Hogar Geríatrico","componente":"Equipamiento de Asistencia Social","nivel":"Zonal y Corregimental","barrio":"El Diamante No.2"},"geometry":{"type":"Point","coordinates":[-75.57372,6.182677]}},{"type":"Feature","properties":{"nombre":"Vivero Municipal","tipo":"Institucional Municipal","componente":"Equipamientos Institucionales Municipales","barrio":"Castropol"},"geometry":{"type":"Point","coordinates":[-75.568219,6.21847]}},{"type":"Feature","properties":{"nombre":"Lote servicios colectivos","componente":"Equipamientos Comunitarios","nivel":"Vecinal y Veredal","barrio":"Sin Nombre"},"geometry":{"type":"Point","coordinates":[-75.603112,6.273126]}},{"type":"Feature","properties":{"nombre":"Corporación Educativa Corferrini","componente":"Equipamiento de Educación","nivel":"Barrial y Suburbano","barrio":"Sin Nombre"},"geometry":{"type":"Point","coordinates":[-75.613326,6.268444]}},{"type":"Feature","properties":{"nombre":"Centro Educativo Pedregal Bajo","componente":"Equipamiento de Educación","nivel":"Zonal y Corregimental","barrio":"Área de Expansión Pajarito"},"geometry":{"type":"Point","coordinates":[-75.622933,6.281061]}},{"type":"Feature","properties":{"nombre":"Estación Metrocable La Aurora","tipo":"Transporte por cable","componente":"Equipamientos para el Transporte","nivel":"Ciudad","barrio":"Área de Expansión Pajarito"},"geometry":{"type":"Point","coordinates":[-75.613958,6.280971]}},{"type":"Feature","properties":{"nombre":"Sección Escuela La Iguana","componente":"Equipamiento de Educación","nivel":"Barrial y Suburbano","barrio":"Nueva Villa de La Iguaná"},"geometry":{"type":"Point","coordinates":[-75.580981,6.259626]}},{"type":"Feature","properties":{"nombre":"Centro de Salud - Las Margaritas - Metrosalud","componente":"Equipamiento de Salud","nivel":"Barrial y Suburbano","barrio":"Santa Margarita"},"geometry":{"type":"Point","coordinates":[-75.618201,6.274399]}},{"type":"Feature","properties":{"nombre":"Noviciado San Estanislao Kotska","tipo":"Seminarios y conventos","componente":"Equipamientos de Culto","nivel":"Zonal y Corregimental","barrio":"Bosques de San Pablo"},"geometry":{"type":"Point","coordinates":[-75.583498,6.278168]}},{"type":"Feature","properties":{"nombre":"Clínica Universitaria Bolivariana","componente":"Equipamiento de Salud","nivel":"Ciudad","barrio":"Bosques de San Pablo"},"geometry":{"type":"Point","coordinates":[-75.582422,6.276571]}},{"type":"Feature","properties":{"nombre":"Iglesia Santa Cecilia","tipo":"Espacio para el culto","componente":"Equipamientos de Culto","nivel":"Barrial y Suburbano","barrio":"Bosques de San Pablo"},"geometry":{"type":"Point","coordinates":[-75.580199,6.275666]}},{"type":"Feature","properties":{"nombre":"Lote destinado a guardería.","componente":"Equipamientos Comunitarios","nivel":"Barrial y Suburbano","barrio":"San Germán"},"geometry":{"type":"Point","coordinates":[-75.588593,6.269733]}},{"type":"Feature","properties":{"nombre":"Colegio Barbara Micarelli","componente":"Equipamiento de Educación","nivel":"Zonal y Corregimental","barrio":"Altamira"},"geometry":{"type":"Point","coordinates":[-75.585073,6.281903]}},{"type":"Feature","properties":{"nombre":"Tecnológico de Antioquia","componente":"Equipamiento de Educación","nivel":"Ciudad","barrio":"Altamira"},"geometry":{"type":"Point","coordinates":[-75.58284,6.280228]}},{"type":"Feature","properties":{"nombre":"Institución Educativa Gabriel García Marquez","componente":"Equipamiento de Educación","nivel":"Barrial y Suburbano","barrio":"Villa Lilliam"},"geometry":{"type":"Point","coordinates":[-75.53358,6.236668]}},{"type":"Feature","properties":{"nombre":"Institucion Educativa Villa Turbay","componente":"Equipamiento de Educación","nivel":"Barrial y Suburbano","barrio":"Villa Turbay"},"geometry":{"type":"Point","coordinates":[-75.53012,6.235698]}},{"type":"Feature","properties":{"nombre":"Estación de Policia","tipo":"Instituciones municipales encargadas de la convivencia","componente":"Equipamientos de Justicia Cercana al Ciudadano","nivel":"Barrial y Suburbano","barrio":"Villatina"},"geometry":{"type":"Point","coordinates":[-75.54128,6.237447]}},{"type":"Feature","properties":{"nombre":"Parroquia de Nuestra Señora de La Inmaculada Concepción","tipo":"Espacio para el culto","componente":"Equipamientos de Culto","nivel":"Barrial y Suburbano","barrio":"Villatina"},"geometry":{"type":"Point","coordinates":[-75.540545,6.237135]}},{"type":"Feature","properties":{"nombre":"Sección Escuela Miguel de Aguinaga","componente":"Equipamiento de Educación","nivel":"Barrial y Suburbano","barrio":"Villatina"},"geometry":{"type":"Point","coordinates":[-75.541835,6.236492]}},{"type":"Feature","properties":{"nombre":"Institución Educativa San Francisco de Asis","componente":"Equipamiento de Educación","nivel":"Barrial y Suburbano","barrio":"Villatina"},"geometry":{"type":"Point","coordinates":[-75.539578,6.23859]}},{"type":"Feature","properties":{"nombre":"Placa la Inmaculada","componente":"Equipamiento de Recreación y Deporte","nivel":"Barrial y Suburbano","barrio":"Villatina"},"geometry":{"type":"Point","coordinates":[-75.540242,6.236937]}},{"type":"Feature","properties":{"nombre":"Sección Escuela Hogar Antioquia","componente":"Equipamiento de Educación","nivel":"Barrial y Suburbano","barrio":"Villatina"},"geometry":{"type":"Point","coordinates":[-75.539185,6.234327]}},{"type":"Feature","properties":{"nombre":"Unidad Básica La Estancia","componente":"Equipamiento de Educación","nivel":"Barrial y Suburbano","barrio":"Villatina"},"geometry":{"type":"Point","coordinates":[-75.539022,6.233712]}},{"type":"Feature","properties":{"nombre":"Institución Educativa Vida para Todos","componente":"Equipamiento de Educación","nivel":"Barrial y Suburbano","barrio":"Villatina"},"geometry":{"type":"Point","coordinates":[-75.538457,6.233774]}},{"type":"Feature","properties":{"nombre":"Iglesia Los Dolores","tipo":"Espacio para el culto","componente":"Equipamientos de Culto","nivel":"Barrial y Suburbano","barrio":"Villatina"},"geometry":{"type":"Point","coordinates":[-75.537868,6.233498]}},{"type":"Feature","properties":{"nombre":"Parroquia Santa María de La Sierra","tipo":"Espacio para el culto","componente":"Equipamientos de Culto","nivel":"Barrial y Suburbano","barrio":"La Sierra"},"geometry":{"type":"Point","coordinates":[-75.527296,6.234166]}},{"type":"Feature","properties":{"nombre":"Placa  Polideportiva Sucre","componente":"Equipamiento de Recreación y Deporte","nivel":"Barrial y Suburbano","barrio":"Sucre"},"geometry":{"type":"Point","coordinates":[-75.552301,6.246188]}},{"type":"Feature","properties":{"nombre":"Parroquia de La Trinidad","tipo":"Espacio para el culto","componente":"Equipamientos de Culto","nivel":"Zonal y Corregimental","barrio":"San Antonio de Prado"},"geometry":{"type":"Point","coordinates":[-75.642912,6.183224]}},{"type":"Feature","properties":{"nombre":"Escuela Rural Pradito","componente":"Equipamiento de Educación","nivel":"Zonal y Corregimental","barrio":"San Antonio de Prado"},"geometry":{"type":"Point","coordinates":[-75.647659,6.186301]}},{"type":"Feature","properties":{"nombre":"Convento Misioneras Contemplativas","tipo":"Seminarios y conventos","componente":"Equipamientos de Culto","nivel":"Zonal y Corregimental","barrio":"San Antonio de Prado"},"geometry":{"type":"Point","coordinates":[-75.654347,6.184664]}},{"type":"Feature","properties":{"nombre":"Capilla San Antonio de Prado","tipo":"Espacio para el culto","componente":"Equipamientos de Culto","nivel":"Zonal y Corregimental","barrio":"San Antonio de Prado"},"geometry":{"type":"Point","coordinates":[-75.659539,6.18489]}},{"type":"Feature","properties":{"nombre":"Sección Escuela Manuel María Mallarino","componente":"Equipamiento de Educación","nivel":"Zonal y Corregimental","barrio":"San Antonio de Prado"},"geometry":{"type":"Point","coordinates":[-75.654275,6.185547]}},{"type":"Feature","properties":{"nombre":"Mascerca Social Suroriental","tipo":"Unidad básica de servicios","componente":"Equipamientos Comunitarios","nivel":"Zonal y Corregimental","barrio":"Manila"},"geometry":{"type":"Point","coordinates":[-75.571861,6.212345]}},{"type":"Feature","properties":{"nombre":"Sede Social Manila","componente":"Equipamientos Comunitarios","nivel":"Barrial y Suburbano","barrio":"Manila"},"geometry":{"type":"Point","coordinates":[-75.571901,6.21292]}},{"type":"Feature","properties":{"nombre":"Parroquia Santa María de los Ángeles","tipo":"Espacio para el culto","componente":"Equipamientos de Culto","nivel":"Barrial y Suburbano","barrio":"Santa María de Los Ángeles"},"geometry":{"type":"Point","coordinates":[-75.579452,6.190999]}},{"type":"Feature","properties":{"nombre":"Centro Gerontológico - Calor de Hogar","componente":"Equipamiento de Asistencia Social","nivel":"Zonal y Corregimental","barrio":"Cabecera Urbana Corregimiento San Cristóbal"},"geometry":{"type":"Point","coordinates":[-75.636934,6.280931]}},{"type":"Feature","properties":{"nombre":"Intitución Educativa San Cristóbal","componente":"Equipamiento de Educación","nivel":"Zonal y Corregimental","barrio":"Cabecera Urbana Corregimiento San Cristóbal"},"geometry":{"type":"Point","coordinates":[-75.637228,6.280696]}},{"type":"Feature","properties":{"nombre":"Unidad Depórtiva San Cristóbal","componente":"Equipamiento de Recreación y Deporte","nivel":"Zonal y Corregimental","barrio":"Pedregal Alto"},"geometry":{"type":"Point","coordinates":[-75.63516,6.281226]}},{"type":"Feature","properties":{"nombre":"Narcóticos Anónimos - Grupo La Unidad","componente":"Equipamiento de Asistencia Social","barrio":"Tejelo"},"geometry":{"type":"Point","coordinates":[-75.56839,6.308758]}},{"type":"Feature","properties":{"nombre":"Sede Social Las Brisas","componente":"Equipamientos Comunitarios","nivel":"Barrial y Suburbano","barrio":"Florencia"},"geometry":{"type":"Point","coordinates":[-75.56492,6.31133]}},{"type":"Feature","properties":{"nombre":"Depósito de Buses - Boyacá Las Brisas","tipo":"Transporte de buses","componente":"Equipamientos para el Transporte","nivel":"Zonal y Corregimental","barrio":"Florencia"},"geometry":{"type":"Point","coordinates":[-75.563937,6.311402]}},{"type":"Feature","properties":{"nombre":"Institución Educativa Sor Juana Inés de La Cruz","componente":"Equipamiento de Educación","nivel":"Zonal y Corregimental","barrio":"Girardot"},"geometry":{"type":"Point","coordinates":[-75.567852,6.300267]}},{"type":"Feature","properties":{"nombre":"Iglesia San Andrés","tipo":"Espacio para el culto","componente":"Equipamientos de Culto","nivel":"Barrial y Suburbano","barrio":"Castilla"},"geometry":{"type":"Point","coordinates":[-75.572291,6.287456]}},{"type":"Feature","properties":{"nombre":"Sección Escuela La Unión","componente":"Equipamiento de Educación","nivel":"Barrial y Suburbano","barrio":"Castilla"},"geometry":{"type":"Point","coordinates":[-75.572539,6.287969]}},{"type":"Feature","properties":{"nombre":"Institución Educativa Julio César García","componente":"Equipamiento de Educación","nivel":"Barrial y Suburbano","barrio":"Boyacá"},"geometry":{"type":"Point","coordinates":[-75.564205,6.30682]}},{"type":"Feature","properties":{"nombre":"Iglesia Madre de Dios","tipo":"Espacio para el culto","componente":"Equipamientos de Culto","nivel":"Barrial y Suburbano","barrio":"Tejelo"},"geometry":{"type":"Point","coordinates":[-75.56803,6.30562]}},{"type":"Feature","properties":{"nombre":"Sede Social Tejelo","componente":"Equipamientos Comunitarios","nivel":"Barrial y Suburbano","barrio":"Tejelo"},"geometry":{"type":"Point","coordinates":[-75.567725,6.305454]}},{"type":"Feature","properties":{"nombre":"SENA - Pedregal","componente":"Equipamiento de Educación","nivel":"Metropolitano Y Regional","barrio":"Tejelo"},"geometry":{"type":"Point","coordinates":[-75.568134,6.302155]}},{"type":"Feature","properties":{"nombre":"Centro de Salud - El Poblado - Metrosalud","componente":"Equipamiento de Salud","nivel":"Barrial y Suburbano","barrio":"Manila"},"geometry":{"type":"Point","coordinates":[-75.571078,6.21453]}},{"type":"Feature","properties":{"nombre":"Cementerio San José de El Poblado","tipo":"Morgues, anfiteatros y depósitos de cadáveres","componente":"Equipamientos Sanitarios","nivel":"Ciudad","barrio":"Manila"},"geometry":{"type":"Point","coordinates":[-75.570367,6.21418]}},{"type":"Feature","properties":{"nombre":"Estación de Policía El Poblado","tipo":"Instituciones municipales encargadas de la convivencia","componente":"Equipamientos de Justicia Cercana al Ciudadano","nivel":"Zonal y Corregimental","barrio":"Manila"},"geometry":{"type":"Point","coordinates":[-75.570298,6.213349]}},{"type":"Feature","properties":{"nombre":"Hogar Geriátrico Vizcaya","componente":"Equipamiento de Asistencia Social","barrio":"Las Lomas No.1"},"geometry":{"type":"Point","coordinates":[-75.563927,6.209275]}},{"type":"Feature","properties":{"nombre":"Instituto CES","componente":"Equipamiento de Educación","nivel":"Metropolitano Y Regional","barrio":"Altos del Poblado"},"geometry":{"type":"Point","coordinates":[-75.552988,6.208509]}},{"type":"Feature","properties":{"nombre":"Placa Polideportiva Manila","componente":"Equipamiento de Recreación y Deporte","nivel":"Barrial y Suburbano","barrio":"Manila"},"geometry":{"type":"Point","coordinates":[-75.572265,6.212586]}},{"type":"Feature","properties":{"nombre":"Cancha de Futbol Manila","componente":"Equipamiento de Recreación y Deporte","nivel":"Barrial y Suburbano","barrio":"Manila"},"geometry":{"type":"Point","coordinates":[-75.572554,6.212244]}},{"type":"Feature","properties":{"nombre":"Estación Metro Linea A Industriales","tipo":"Transporte ferroviario","componente":"Equipamientos para el Transporte","nivel":"Ciudad","barrio":"Barrio Colombia"},"geometry":{"type":"Point","coordinates":[-75.575644,6.229902]}},{"type":"Feature","properties":{"nombre":"Comité Local de Gobierno Comuna 14","componente":"Equipamientos Institucionales Municipales","nivel":"Zonal y Corregimental","barrio":"Manila"},"geometry":{"type":"Point","coordinates":[-75.572489,6.212676]}},{"type":"Feature","properties":{"nombre":"Centro de Fé y Culturas","componente":"Equipamientos Comunitarios","nivel":"Zonal y Corregimental","barrio":"La Aguacatala"},"geometry":{"type":"Point","coordinates":[-75.577606,6.196734]}},{"type":"Feature","properties":{"nombre":"Subestación de Energía EPM - El Poblado","tipo":"Prestación del servicio de energía","componente":"Equipamientos para la prestación de los servicios públicos","nivel":"Ciudad","barrio":"La Florida"},"geometry":{"type":"Point","coordinates":[-75.565435,6.203252]}},{"type":"Feature","properties":{"nombre":"Colegio Madre Antonia Cerini","componente":"Equipamiento de Educación","nivel":"Zonal y Corregimental","barrio":"La Florida"},"geometry":{"type":"Point","coordinates":[-75.562999,6.206507]}},{"type":"Feature","properties":{"nombre":"Centro de Especialistas Intermédicas","componente":"Equipamiento de Salud","nivel":"Ciudad","barrio":"La Florida"},"geometry":{"type":"Point","coordinates":[-75.57054,6.206187]}},{"type":"Feature","properties":{"nombre":"Torre Médica Ciudad del Rio","componente":"Equipamiento de Salud","nivel":"Ciudad","barrio":"Villa Carlota"},"geometry":{"type":"Point","coordinates":[-75.574807,6.223249]}},{"type":"Feature","properties":{"nombre":"Estación Metro Poblado","tipo":"Transporte ferroviario","componente":"Equipamientos para el Transporte","nivel":"Ciudad","barrio":"Patio Bonito"},"geometry":{"type":"Point","coordinates":[-75.578096,6.212168]}},{"type":"Feature","properties":{"nombre":"Politécnico Colombiano \"Jaime Isaza Cadavid\"","componente":"Equipamiento de Educación","nivel":"Metropolitano Y Regional","barrio":"Patio Bonito"},"geometry":{"type":"Point","coordinates":[-75.577205,6.21094]}},{"type":"Feature","properties":{"nombre":"Institución Educativa INEM \"José Félix de Restrepo\"","componente":"Equipamiento de Educación","nivel":"Ciudad","barrio":"Patio Bonito"},"geometry":{"type":"Point","coordinates":[-75.577706,6.206776]}},{"type":"Feature","properties":{"nombre":"Centro de Fracturas - Las Vegas","componente":"Equipamiento de Salud","nivel":"Zonal y Corregimental","barrio":"Patio Bonito"},"geometry":{"type":"Point","coordinates":[-75.576211,6.210266]}},{"type":"Feature","properties":{"nombre":"Inversiones Médicas de Antioquia SA Clínica Las Vegas","componente":"Equipamiento de Salud","nivel":"Metropolitano Y Regional","barrio":"Patio Bonito"},"geometry":{"type":"Point","coordinates":[-75.576332,6.203238]}},{"type":"Feature","properties":{"nombre":"Universidad EAFIT","componente":"Equipamiento de Educación","nivel":"Metropolitano Y Regional","barrio":"La Aguacatala"},"geometry":{"type":"Point","coordinates":[-75.578464,6.20041]}},{"type":"Feature","properties":{"nombre":"Colegio San José de Las Vegas","componente":"Equipamiento de Educación","nivel":"Zonal y Corregimental","barrio":"La Aguacatala"},"geometry":{"type":"Point","coordinates":[-75.576599,6.198229]}},{"type":"Feature","properties":{"nombre":"Estación Metro Linea A Aguacatala","tipo":"Transporte ferroviario","componente":"Equipamientos para el Transporte","nivel":"Ciudad","barrio":"Santa María de Los Ángeles"},"geometry":{"type":"Point","coordinates":[-75.581808,6.193916]}},{"type":"Feature","properties":{"nombre":"Placa Polideportiva El Tesoro La Chacona","componente":"Equipamiento de Recreación y Deporte","nivel":"Barrial y Suburbano","barrio":"El Tesoro"},"geometry":{"type":"Point","coordinates":[-75.552482,6.206029]}},{"type":"Feature","properties":{"nombre":"Colegio Marymount","componente":"Equipamiento de Educación","nivel":"Zonal y Corregimental","barrio":"El Tesoro"},"geometry":{"type":"Point","coordinates":[-75.556103,6.205787]}},{"type":"Feature","properties":{"nombre":"Gimnasio Los Cedros","componente":"Equipamiento de Educación","nivel":"Zonal y Corregimental","barrio":"El Tesoro"},"geometry":{"type":"Point","coordinates":[-75.556194,6.203477]}},{"type":"Feature","properties":{"nombre":"Tanque de Agua El Tesoro","tipo":"Prestación del servicio de energía","componente":"Equipamientos para la prestación de los servicios públicos","nivel":"Ciudad","barrio":"El Tesoro"},"geometry":{"type":"Point","coordinates":[-75.554697,6.198738]}},{"type":"Feature","properties":{"nombre":"Sección Escuela Santa Catalina De Sena","componente":"Equipamiento de Educación","nivel":"Barrial y Suburbano","barrio":"El Tesoro"},"geometry":{"type":"Point","coordinates":[-75.561122,6.200218]}},{"type":"Feature","properties":{"nombre":"Sede Social Loma de los González","componente":"Equipamientos Comunitarios","nivel":"Barrial y Suburbano","barrio":"Los Naranjos"},"geometry":{"type":"Point","coordinates":[-75.565339,6.197368]}},{"type":"Feature","properties":{"nombre":"Proyecto Depósito de Buses El Poblado","tipo":"Transporte de buses","componente":"Equipamientos para el Transporte","nivel":"Zonal y Corregimental","barrio":"Los Naranjos"},"geometry":{"type":"Point","coordinates":[-75.561197,6.196527]}},{"type":"Feature","properties":{"nombre":"Tanque de Bombeo EPM - Los Parra","tipo":"Prestación del servicio de energía","componente":"Equipamientos para la prestación de los servicios públicos","nivel":"Ciudad","barrio":"Los Naranjos"},"geometry":{"type":"Point","coordinates":[-75.562336,6.197036]}},{"type":"Feature","properties":{"nombre":"Proyecto Depósito de Buses El Poblado","tipo":"Transporte de buses","componente":"Equipamientos para el Transporte","nivel":"Zonal y Corregimental","barrio":"Los Naranjos"},"geometry":{"type":"Point","coordinates":[-75.561029,6.196266]}},{"type":"Feature","properties":{"nombre":"Sede Social El Garabato","componente":"Equipamientos Comunitarios","nivel":"Barrial y Suburbano","barrio":"Los Naranjos"},"geometry":{"type":"Point","coordinates":[-75.562041,6.195191]}},{"type":"Feature","properties":{"nombre":"Sede Social El Garabato","componente":"Equipamientos Comunitarios","nivel":"Barrial y Suburbano","barrio":"Los Naranjos"},"geometry":{"type":"Point","coordinates":[-75.561624,6.195165]}},{"type":"Feature","properties":{"nombre":"Clínica del Rosario sede El Tesoro","componente":"Equipamiento de Salud","nivel":"Metropolitano Y Regional","barrio":"Los Naranjos"},"geometry":{"type":"Point","coordinates":[-75.557446,6.193902]}},{"type":"Feature","properties":{"nombre":"Colegio Santa María del Rosario","componente":"Equipamiento de Educación","nivel":"Zonal y Corregimental","barrio":"Los Balsos No.1"},"geometry":{"type":"Point","coordinates":[-75.564526,6.192964]}},{"type":"Feature","properties":{"nombre":"Clinica Infantil Santa Ana","componente":"Equipamiento de Salud","nivel":"Zonal y Corregimental","barrio":"Villa Carlota"},"geometry":{"type":"Point","coordinates":[-75.571749,6.21529]}},{"type":"Feature","properties":{"nombre":"Monasterio La VIsitación","tipo":"Seminarios y conventos","componente":"Equipamientos de Culto","nivel":"Zonal y Corregimental","barrio":"Los Balsos No.1"},"geometry":{"type":"Point","coordinates":[-75.560525,6.187674]}},{"type":"Feature","properties":{"nombre":"Colegio Campestre La Colina","componente":"Equipamiento de Educación","nivel":"Zonal y Corregimental","barrio":"Los Balsos No.1"},"geometry":{"type":"Point","coordinates":[-75.559434,6.185801]}},{"type":"Feature","properties":{"nombre":"Centro Geriátrico","componente":"Equipamiento de Asistencia Social","barrio":"El Castillo"},"geometry":{"type":"Point","coordinates":[-75.571148,6.191954]}},{"type":"Feature","properties":{"nombre":"Centro de Adopción de María y el Niño","componente":"Equipamiento de Asistencia Social","barrio":"Los Balsos No.1"},"geometry":{"type":"Point","coordinates":[-75.563703,6.190349]}},{"type":"Feature","properties":{"nombre":"Club Campestre","componente":"Equipamiento de Recreación y Deporte","nivel":"Ciudad","barrio":"El Castillo"},"geometry":{"type":"Point","coordinates":[-75.572545,6.188586]}},{"type":"Feature","properties":{"nombre":"Museo el Castillo","componente":"Equipamientos Culturales","nivel":"Ciudad","barrio":"El Castillo"},"geometry":{"type":"Point","coordinates":[-75.569345,6.189777]}},{"type":"Feature","properties":{"nombre":"Colegio Gimnasio Los Pinares","componente":"Equipamiento de Educación","nivel":"Zonal y Corregimental","barrio":"El Castillo"},"geometry":{"type":"Point","coordinates":[-75.571252,6.191511]}},{"type":"Feature","properties":{"nombre":"Colegio Montessori","componente":"Equipamiento de Educación","nivel":"Zonal y Corregimental","barrio":"San Lucas"},"geometry":{"type":"Point","coordinates":[-75.56203,6.177196]}},{"type":"Feature","properties":{"nombre":"Seminario San Pio X","componente":"Equipamiento de Educación","nivel":"Zonal y Corregimental","barrio":"Cabecera Urbana Corregimiento San Cristóbal"},"geometry":{"type":"Point","coordinates":[-75.628684,6.277183]}},{"type":"Feature","properties":{"nombre":"Corporación Despertar Espiritual","componente":"Equipamiento de Asistencia Social","nivel":"Zonal y Corregimental","barrio":"Cabecera Urbana Corregimiento San Cristóbal"},"geometry":{"type":"Point","coordinates":[-75.631392,6.279523]}},{"type":"Feature","properties":{"nombre":"Sección Escuela Juan Nepomuceno Morales","componente":"Equipamiento de Educación","nivel":"Zonal y Corregimental","barrio":"Cabecera Urbana Corregimiento San Cristóbal"},"geometry":{"type":"Point","coordinates":[-75.632215,6.279011]}},{"type":"Feature","properties":{"nombre":"Cementerio San Cristobal","tipo":"Morgues, anfiteatros y depósitos de cadáveres","componente":"Equipamientos Sanitarios","nivel":"Ciudad","barrio":"Cabecera Urbana Corregimiento San Cristóbal"},"geometry":{"type":"Point","coordinates":[-75.632519,6.27895]}},{"type":"Feature","properties":{"nombre":"Institución Educativa Presbítero Juan José Escobar","componente":"Equipamiento de Educación","nivel":"Zonal y Corregimental","barrio":"Cabecera Urbana Corregimiento San Cristóbal"},"geometry":{"type":"Point","coordinates":[-75.634784,6.278519]}},{"type":"Feature","properties":{"nombre":"Unidad Hospitalaria \"Leonardo Betancur\" - San Cristobal - Metrosalud","componente":"Equipamiento de Salud","nivel":"Zonal y Corregimental","barrio":"Cabecera Urbana Corregimiento San Cristóbal"},"geometry":{"type":"Point","coordinates":[-75.635908,6.278873]}},{"type":"Feature","properties":{"nombre":"Centro Educativo Integral Bucarelly","componente":"Equipamiento de Educación","nivel":"Zonal y Corregimental","barrio":"Cabecera Urbana Corregimiento San Cristóbal"},"geometry":{"type":"Point","coordinates":[-75.635022,6.277565]}},{"type":"Feature","properties":{"nombre":"Parroquia San Cristobal","tipo":"Espacio para el culto","componente":"Equipamientos de Culto","nivel":"Zonal y Corregimental","barrio":"Cabecera Urbana Corregimiento San Cristóbal"},"geometry":{"type":"Point","coordinates":[-75.635157,6.277652]}},{"type":"Feature","properties":{"nombre":"Casa de Gobierno y de la Cultura - San Cristobal","tipo":"Institucional Municipal","componente":"Equipamientos Institucionales Municipales","nivel":"Zonal y Corregimental","barrio":"Cabecera Urbana Corregimiento San Cristóbal"},"geometry":{"type":"Point","coordinates":[-75.63631,6.277328]}},{"type":"Feature","properties":{"nombre":"Estación de Policía San Cristobal","tipo":"Instituciones municipales encargadas de la convivencia","componente":"Equipamientos de Justicia Cercana al Ciudadano","nivel":"Zonal y Corregimental","barrio":"Cabecera Urbana Corregimiento San Cristóbal"},"geometry":{"type":"Point","coordinates":[-75.636178,6.277237]}},{"type":"Feature","properties":{"nombre":"Depósito de Buses - Tax Maya","tipo":"Transporte de buses","componente":"Equipamientos para el Transporte","nivel":"Zonal y Corregimental","barrio":"Cabecera Urbana Corregimiento San Cristóbal"},"geometry":{"type":"Point","coordinates":[-75.635222,6.276798]}},{"type":"Feature","properties":{"nombre":"Cedezo San Cristóbal","tipo":"Institucional Municipal","componente":"Equipamientos Institucionales Municipales","nivel":"Zonal y Corregimental","barrio":"Cabecera Urbana Corregimiento San Cristóbal"},"geometry":{"type":"Point","coordinates":[-75.634651,6.277973]}},{"type":"Feature","properties":{"nombre":"Ludoteca San Martín - Escuela Popular del Inder","componente":"Equipamientos Culturales","nivel":"Vecinal y Veredal","barrio":"Área de Expansión Pajarito"},"geometry":{"type":"Point","coordinates":[-75.619365,6.281275]}},{"type":"Feature","properties":{"nombre":"Sede Social Barrio Nuevo La Loma","componente":"Equipamientos Comunitarios","nivel":"Barrial y Suburbano","barrio":"La Loma"},"geometry":{"type":"Point","coordinates":[-75.630397,6.268928]}},{"type":"Feature","properties":{"nombre":"Sección Escuela San Vicente Ferrer","componente":"Equipamiento de Educación","nivel":"Barrial y Suburbano","barrio":"La Loma"},"geometry":{"type":"Point","coordinates":[-75.626606,6.265314]}},{"type":"Feature","properties":{"nombre":"Sede Social Travesías","componente":"Equipamientos Comunitarios","nivel":"Vecinal y Veredal","barrio":"Travesías"},"geometry":{"type":"Point","coordinates":[-75.642053,6.282598]}},{"type":"Feature","properties":{"nombre":"Sede Social San José de la Loma","componente":"Equipamientos Comunitarios","nivel":"Barrial y Suburbano","barrio":"La Loma"},"geometry":{"type":"Point","coordinates":[-75.635849,6.274361]}},{"type":"Feature","properties":{"nombre":"Area destinada a equipamiento","tipo":"Uso dotacional sin equipamiento construido","componente":"Uso dotacional sin equipamiento construido","nivel":"Vecinal y Veredal","barrio":"Área de Expansión Pajarito"},"geometry":{"type":"Point","coordinates":[-75.612905,6.281582]}},{"type":"Feature","properties":{"nombre":"Ludoteca","componente":"Equipamientos Culturales","nivel":"Vecinal y Veredal","barrio":"Área de Expansión Pajarito"},"geometry":{"type":"Point","coordinates":[-75.614365,6.281927]}},{"type":"Feature","properties":{"nombre":"Area destinada a equipamiento","tipo":"Uso dotacional sin equipamiento construido","componente":"Uso dotacional sin equipamiento construido","nivel":"Vecinal y Veredal","barrio":"Área de Expansión Pajarito"},"geometry":{"type":"Point","coordinates":[-75.613583,6.281678]}},{"type":"Feature","properties":{"nombre":"Centro de Salud","componente":"Equipamiento de Salud","nivel":"Vecinal y Veredal","barrio":"Área de Expansión Pajarito"},"geometry":{"type":"Point","coordinates":[-75.613279,6.280876]}},{"type":"Feature","properties":{"nombre":"Unidad Atención al Indigente con Limitación Física y/o Mental","componente":"Equipamiento de Asistencia Social","nivel":"Zonal y Corregimental","barrio":"Área de Expansión Pajarito"},"geometry":{"type":"Point","coordinates":[-75.621459,6.284205]}},{"type":"Feature","properties":{"nombre":"Centro de Rehabilitación Aures - Policía Nacional","componente":"Equipamiento de Asistencia Social","nivel":"Zonal y Corregimental","barrio":"Pajarito"},"geometry":{"type":"Point","coordinates":[-75.597453,6.293425]}},{"type":"Feature","properties":{"nombre":"Placa Polideportiva Chechenal","componente":"Equipamiento de Recreación y Deporte","nivel":"Vecinal y Veredal","barrio":"La Loma"},"geometry":{"type":"Point","coordinates":[-75.632252,6.273445]}},{"type":"Feature","properties":{"nombre":"Depósito de Buses San Cristóbal","tipo":"Transporte de buses","componente":"Equipamientos para el Transporte","nivel":"Zonal y Corregimental","barrio":"Cabecera Urbana Corregimiento San Cristóbal"},"geometry":{"type":"Point","coordinates":[-75.637059,6.277659]}},{"type":"Feature","properties":{"nombre":"Centro Educativo Alfonso Upegui Orozco - Primaria","componente":"Equipamiento de Educación","nivel":"Barrial y Suburbano","barrio":"Área de Expansión Pajarito"},"geometry":{"type":"Point","coordinates":[-75.610346,6.287439]}},{"type":"Feature","properties":{"nombre":"Planta de Potabilización de Aguas - San Cristobal","tipo":"Prestación del servicio de energía","componente":"Equipamientos para la prestación de los servicios públicos","nivel":"Zonal y Corregimental","barrio":"Pedregal Alto"},"geometry":{"type":"Point","coordinates":[-75.63639,6.281524]}},{"type":"Feature","properties":{"nombre":"Centro de Acopio y Comercialización R. S. San Cristobal","tipo":"Prestación del servicio de aseo","componente":"Equipamientos para la prestación de los servicios públicos","nivel":"Vecinal y Veredal","barrio":"Travesías"},"geometry":{"type":"Point","coordinates":[-75.642488,6.28236]}},{"type":"Feature","properties":{"nombre":"Subestación de Energía EPM - San Cristóbal","tipo":"Prestación del servicio de energía","componente":"Equipamientos para la prestación de los servicios públicos","nivel":"Zonal y Corregimental","barrio":"Travesías"},"geometry":{"type":"Point","coordinates":[-75.640997,6.283697]}},{"type":"Feature","properties":{"nombre":"Institución Educativa José Horacio Betancur","componente":"Equipamiento de Educación","nivel":"Barrial y Suburbano","barrio":"La Loma"},"geometry":{"type":"Point","coordinates":[-75.627797,6.274997]}},{"type":"Feature","properties":{"nombre":"Centro de Salud - La Loma - Metrosalud","componente":"Equipamiento de Salud","nivel":"Barrial y Suburbano","barrio":"La Loma"},"geometry":{"type":"Point","coordinates":[-75.631073,6.271913]}},{"type":"Feature","properties":{"nombre":"Parroquia San Vicente Ferrer","tipo":"Espacio para el culto","componente":"Equipamientos de Culto","nivel":"Barrial y Suburbano","barrio":"La Loma"},"geometry":{"type":"Point","coordinates":[-75.629533,6.270779]}},{"type":"Feature","properties":{"nombre":"Institución Educativa Loma Hermosa","componente":"Equipamiento de Educación","nivel":"Barrial y Suburbano","barrio":"La Loma"},"geometry":{"type":"Point","coordinates":[-75.629569,6.270423]}},{"type":"Feature","properties":{"nombre":"Estación de Bombeo del Acueducto EPM - Aures","tipo":"Prestación del servicio de energía","componente":"Equipamientos para la prestación de los servicios públicos","nivel":"Zonal y Corregimental","barrio":"Pajarito"},"geometry":{"type":"Point","coordinates":[-75.598675,6.292957]}},{"type":"Feature","properties":{"nombre":"Institución Educativa Barrio Santa Margarita","componente":"Equipamiento de Educación","nivel":"Zonal y Corregimental","barrio":"Área de Expansión Pajarito"},"geometry":{"type":"Point","coordinates":[-75.62014,6.277463]}},{"type":"Feature","properties":{"nombre":"Cancha Barrio Nuevo","componente":"Equipamiento de Recreación y Deporte","nivel":"Barrial y Suburbano","barrio":"La Loma"},"geometry":{"type":"Point","coordinates":[-75.629969,6.267446]}},{"type":"Feature","properties":{"nombre":"CAI Periferico La Loma","tipo":"Fuerza pública","componente":"Equipamientos para la Fuerza Pública","nivel":"Zonal y Corregimental","barrio":"La Loma"},"geometry":{"type":"Point","coordinates":[-75.625712,6.262315]}},{"type":"Feature","properties":{"nombre":"Institución Educativa Maestro Pedro Nel Gómez","componente":"Equipamiento de Educación","nivel":"Zonal y Corregimental","barrio":"Florencia"},"geometry":{"type":"Point","coordinates":[-75.568068,6.311432]}},{"type":"Feature","properties":{"nombre":"Sección Escuela Minerva","componente":"Equipamiento de Educación","nivel":"Barrial y Suburbano","barrio":"Picacho"},"geometry":{"type":"Point","coordinates":[-75.583266,6.292408]}},{"type":"Feature","properties":{"nombre":"Colegio Gimnasio Campestre Monterrey","componente":"Equipamiento de Educación","nivel":"Zonal y Corregimental","barrio":"Aures No.1"},"geometry":{"type":"Point","coordinates":[-75.595529,6.283384]}},{"type":"Feature","properties":{"nombre":"Casa de la Cultura Raices de la Raza + Biblioteca","componente":"Equipamientos Culturales","nivel":"Zonal y Corregimental","barrio":"Boyacá"},"geometry":{"type":"Point","coordinates":[-75.56405,6.307546]}},{"type":"Feature","properties":{"nombre":"Sección Escuela Diego Maria Gómez","componente":"Equipamiento de Educación","nivel":"Zonal y Corregimental","barrio":"Florencia"},"geometry":{"type":"Point","coordinates":[-75.568767,6.310424]}},{"type":"Feature","properties":{"nombre":"Cancha de Fútbol El Hueco","componente":"Equipamiento de Recreación y Deporte","nivel":"Barrial y Suburbano","barrio":"Alfonso López"},"geometry":{"type":"Point","coordinates":[-75.575713,6.282385]}},{"type":"Feature","properties":{"nombre":"Cancha de Fútbol La Rionegro","componente":"Equipamiento de Recreación y Deporte","nivel":"Barrial y Suburbano","barrio":"Alfonso López"},"geometry":{"type":"Point","coordinates":[-75.573657,6.284407]}},{"type":"Feature","properties":{"nombre":"Placas Polideportivas Girardot","componente":"Equipamiento de Recreación y Deporte","nivel":"Barrial y Suburbano","barrio":"Girardot"},"geometry":{"type":"Point","coordinates":[-75.568456,6.299288]}},{"type":"Feature","properties":{"nombre":"Colegio Parroquial Nuestra Señora del Buen Concejo","componente":"Equipamiento de Educación","nivel":"Zonal y Corregimental","barrio":"Girardot"},"geometry":{"type":"Point","coordinates":[-75.567011,6.299667]}},{"type":"Feature","properties":{"nombre":"Placa Polideportiva Belalcázar","componente":"Equipamiento de Recreación y Deporte","nivel":"Barrial y Suburbano","barrio":"Plaza de Ferias"},"geometry":{"type":"Point","coordinates":[-75.564838,6.297935]}},{"type":"Feature","properties":{"nombre":"Placa Polideportiva Belalcázar","componente":"Equipamiento de Recreación y Deporte","nivel":"Barrial y Suburbano","barrio":"Belalcázar"},"geometry":{"type":"Point","coordinates":[-75.563188,6.295529]}},{"type":"Feature","properties":{"nombre":"Sede Social La playita","componente":"Equipamientos Comunitarios","nivel":"Barrial y Suburbano","barrio":"Toscana"},"geometry":{"type":"Point","coordinates":[-75.558756,6.309451]}},{"type":"Feature","properties":{"nombre":"Unidad Deportiva de Castilla","componente":"Equipamiento de Recreación y Deporte","nivel":"Ciudad","barrio":"Girardot"},"geometry":{"type":"Point","coordinates":[-75.571459,6.297396]}},{"type":"Feature","properties":{"nombre":"Ludoteca Parque Juanes de La Paz","componente":"Equipamientos Culturales","nivel":"Zonal y Corregimental","barrio":"Castilla"},"geometry":{"type":"Point","coordinates":[-75.569595,6.290456]}},{"type":"Feature","properties":{"nombre":"Lote Municipio de Medellín Desarrollo Comunitario","componente":"Equipamientos Comunitarios","nivel":"Barrial y Suburbano","barrio":"El Picacho"},"geometry":{"type":"Point","coordinates":[-75.586356,6.307109]}},{"type":"Feature","properties":{"nombre":"Ludoteca Inder","componente":"Equipamientos Culturales","nivel":"Barrial y Suburbano","barrio":"Kennedy"},"geometry":{"type":"Point","coordinates":[-75.581879,6.28961]}},{"type":"Feature","properties":{"nombre":"Depósito de Buses San Martín","tipo":"Transporte de buses","componente":"Equipamientos para el Transporte","nivel":"Zonal y Corregimental","barrio":"Doce de Octubre No.2"},"geometry":{"type":"Point","coordinates":[-75.578812,6.297181]}},{"type":"Feature","properties":{"nombre":"Casa de la Cultura","componente":"Equipamientos Culturales","nivel":"Barrial y Suburbano","barrio":"Doce de Octubre No.2"},"geometry":{"type":"Point","coordinates":[-75.580644,6.298288]}},{"type":"Feature","properties":{"nombre":"Sede Social Doce de Octubre -La Torre","componente":"Equipamientos Comunitarios","nivel":"Barrial y Suburbano","barrio":"Doce de Octubre No.2"},"geometry":{"type":"Point","coordinates":[-75.581201,6.299784]}},{"type":"Feature","properties":{"nombre":"Sección Escuela León de Greiff","componente":"Equipamiento de Educación","nivel":"Barrial y Suburbano","barrio":"Doce de Octubre No.2"},"geometry":{"type":"Point","coordinates":[-75.580788,6.302319]}},{"type":"Feature","properties":{"nombre":"Unidad de Servicios COMFAMA - Pedregal","componente":"Equipamientos Comunitarios","nivel":"Zonal y Corregimental","barrio":"Doce de Octubre No.2"},"geometry":{"type":"Point","coordinates":[-75.5763,6.301713]}},{"type":"Feature","properties":{"nombre":"Sede Social El Progreso No 2","componente":"Equipamientos Comunitarios","nivel":"Barrial y Suburbano","barrio":"Doce de Octubre No.1"},"geometry":{"type":"Point","coordinates":[-75.582197,6.308462]}},{"type":"Feature","properties":{"nombre":"Placa Polideportiva","componente":"Equipamiento de Recreación y Deporte","nivel":"Vecinal y Veredal","barrio":"Doce de Octubre No.1"},"geometry":{"type":"Point","coordinates":[-75.578616,6.308722]}},{"type":"Feature","properties":{"nombre":"Placa de Fútbol","componente":"Equipamiento de Recreación y Deporte","nivel":"Barrial y Suburbano","barrio":"Santander"},"geometry":{"type":"Point","coordinates":[-75.573865,6.309645]}},{"type":"Feature","properties":{"nombre":"Estación de Policía Santander","tipo":"Fuerza pública","componente":"Equipamientos para la Fuerza Pública","nivel":"Barrial y Suburbano","barrio":"Santander"},"geometry":{"type":"Point","coordinates":[-75.574669,6.309862]}},{"type":"Feature","properties":{"nombre":"Cancha de Futbol y Placas Polideportivas Santander","componente":"Equipamiento de Recreación y Deporte","nivel":"Barrial y Suburbano","barrio":"Santander"},"geometry":{"type":"Point","coordinates":[-75.572815,6.305405]}},{"type":"Feature","properties":{"nombre":"Placa Polideportiva Florencia","componente":"Equipamiento de Recreación y Deporte","nivel":"Barrial y Suburbano","barrio":"Florencia"},"geometry":{"type":"Point","coordinates":[-75.567457,6.310503]}},{"type":"Feature","properties":{"nombre":"Institución Educativa Manuel José Gómez","componente":"Equipamiento de Educación","nivel":"Zonal y Corregimental","barrio":"Castilla"},"geometry":{"type":"Point","coordinates":[-75.573583,6.294065]}},{"type":"Feature","properties":{"nombre":"Centro Educacional Don Bosco","componente":"Equipamiento de Educación","nivel":"Zonal y Corregimental","barrio":"Castilla"},"geometry":{"type":"Point","coordinates":[-75.570963,6.288526]}},{"type":"Feature","properties":{"nombre":"Comunidad Liceo Jesús María - I. E. el Rosal","componente":"Equipamiento de Educación","nivel":"Zonal y Corregimental","barrio":"Castilla"},"geometry":{"type":"Point","coordinates":[-75.574761,6.291543]}},{"type":"Feature","properties":{"nombre":"Instituto del Corazón","componente":"Equipamiento de Salud","nivel":"Barrial y Suburbano","barrio":"Laureles"},"geometry":{"type":"Point","coordinates":[-75.594382,6.243066]}},{"type":"Feature","properties":{"nombre":"Parroquia del Verbo Divino","tipo":"Espacio para el culto","componente":"Equipamientos de Culto","nivel":"Barrial y Suburbano","barrio":"Los Conquistadores"},"geometry":{"type":"Point","coordinates":[-75.584277,6.241189]}},{"type":"Feature","properties":{"nombre":"Centro Parroquial- Barrio Conquistadores","tipo":"Espacio para el culto","componente":"Equipamientos de Culto","nivel":"Barrial y Suburbano","barrio":"Los Conquistadores"},"geometry":{"type":"Point","coordinates":[-75.583792,6.242026]}},{"type":"Feature","properties":{"nombre":"Clínica Conquistadores","componente":"Equipamiento de Salud","nivel":"Zonal y Corregimental","barrio":"Los Conquistadores"},"geometry":{"type":"Point","coordinates":[-75.582865,6.240654]}},{"type":"Feature","properties":{"nombre":"Clínica Occidente de Otorrinonaringología","componente":"Equipamiento de Salud","nivel":"Zonal y Corregimental","barrio":"Los Conquistadores"},"geometry":{"type":"Point","coordinates":[-75.57933,6.240401]}},{"type":"Feature","properties":{"nombre":"Sede Social CorNarajal","componente":"Equipamientos Comunitarios","nivel":"Barrial y Suburbano","barrio":"Naranjal"},"geometry":{"type":"Point","coordinates":[-75.581567,6.250798]}},{"type":"Feature","properties":{"nombre":"Planta aLa Iguaná. Unidad de Maquinaria y Equipos","tipo":"Prestación del servicio de energía","componente":"Equipamientos para la prestación de los servicios públicos","nivel":"Zonal y Corregimental","barrio":"Carlos E. Restrepo"},"geometry":{"type":"Point","coordinates":[-75.584153,6.260108]}},{"type":"Feature","properties":{"nombre":"Colegio Santa Teresita","componente":"Equipamiento de Educación","nivel":"Zonal y Corregimental","barrio":"El Danubio"},"geometry":{"type":"Point","coordinates":[-75.608116,6.2532]}},{"type":"Feature","properties":{"nombre":"Sección Escuela 20 de Julio","componente":"Equipamiento de Educación","nivel":"Barrial y Suburbano","barrio":"Campo Alegre"},"geometry":{"type":"Point","coordinates":[-75.618064,6.252212]}},{"type":"Feature","properties":{"nombre":"Cementerio Parroquial de Las Americas","tipo":"Morgues, anfiteatros y depósitos de cadáveres","componente":"Equipamientos Sanitarios","nivel":"Ciudad","barrio":"Campo Alegre"},"geometry":{"type":"Point","coordinates":[-75.615165,6.25375]}},{"type":"Feature","properties":{"nombre":"Colegio Cooperativo Empresarial San Antonio de Prado","componente":"Equipamiento de Educación","nivel":"Zonal y Corregimental","barrio":"San Antonio de Prado"},"geometry":{"type":"Point","coordinates":[-75.650338,6.183779]}},{"type":"Feature","properties":{"nombre":"Sede Social Vegas de Alcalá","componente":"Equipamientos Comunitarios","nivel":"Zonal y Corregimental","barrio":"San Antonio de Prado"},"geometry":{"type":"Point","coordinates":[-75.639721,6.182939]}},{"type":"Feature","properties":{"nombre":"Sección Escuela Juan de Dios Aranzazu","componente":"Equipamiento de Educación","nivel":"Barrial y Suburbano","barrio":"San Javier No.1"},"geometry":{"type":"Point","coordinates":[-75.620139,6.255867]}},{"type":"Feature","properties":{"nombre":"Institución Educativa Eduardo Santos","componente":"Equipamiento de Educación","nivel":"Barrial y Suburbano","barrio":"Eduardo Santos"},"geometry":{"type":"Point","coordinates":[-75.629175,6.25864]}},{"type":"Feature","properties":{"nombre":"Parque Deportivotivo Colgate Palmolibe","componente":"Equipamiento de Recreación y Deporte","nivel":"Barrial y Suburbano","barrio":"Florencia"},"geometry":{"type":"Point","coordinates":[-75.565684,6.308972]}},{"type":"Feature","properties":{"nombre":"Hospital La María E.S.E.","componente":"Equipamiento de Salud","nivel":"Metropolitano Y Regional","barrio":"Francisco Antonio Zea"},"geometry":{"type":"Point","coordinates":[-75.57442,6.286383]}},{"type":"Feature","properties":{"nombre":"Institución Educativa José Asunción Silva","componente":"Equipamiento de Educación","nivel":"Zonal y Corregimental","barrio":"Las Brisas"},"geometry":{"type":"Point","coordinates":[-75.562211,6.311195]}},{"type":"Feature","properties":{"nombre":"Sede Social Alfonso López Sector La Quintana","componente":"Equipamientos Comunitarios","nivel":"Barrial y Suburbano","barrio":"Alfonso López"},"geometry":{"type":"Point","coordinates":[-75.579084,6.284692]}},{"type":"Feature","properties":{"nombre":"Sede Social Francisco Antonio Zea - II y III Etapa","componente":"Equipamientos Comunitarios","nivel":"Barrial y Suburbano","barrio":"Francisco Antonio Zea"},"geometry":{"type":"Point","coordinates":[-75.571983,6.285934]}},{"type":"Feature","properties":{"nombre":"Sede Social Junta de Acción Comunal Hector Abad Gómez","componente":"Equipamientos Comunitarios","nivel":"Barrial y Suburbano","barrio":"Héctor Abad Gómez"},"geometry":{"type":"Point","coordinates":[-75.560232,6.298849]}},{"type":"Feature","properties":{"nombre":"Iglesia San Gregorio Magno","tipo":"Espacio para el culto","componente":"Equipamientos de Culto","nivel":"Barrial y Suburbano","barrio":"Las Brisas"},"geometry":{"type":"Point","coordinates":[-75.563614,6.308663]}},{"type":"Feature","properties":{"nombre":"Colegio Presbítero Antonio José Bernal","componente":"Equipamiento de Educación","nivel":"Zonal y Corregimental","barrio":"Héctor Abad Gómez"},"geometry":{"type":"Point","coordinates":[-75.559359,6.301776]}},{"type":"Feature","properties":{"nombre":"Sección Escuela Estado de Israel","componente":"Equipamiento de Educación","nivel":"Barrial y Suburbano","barrio":"Tejelo"},"geometry":{"type":"Point","coordinates":[-75.571512,6.308252]}},{"type":"Feature","properties":{"nombre":"Iglesia San Agustín","tipo":"Espacio para el culto","componente":"Equipamientos de Culto","nivel":"Barrial y Suburbano","barrio":"Tejelo"},"geometry":{"type":"Point","coordinates":[-75.568537,6.30845]}},{"type":"Feature","properties":{"nombre":"Escuela José Gregorio Hernández","componente":"Equipamiento de Educación","nivel":"Barrial y Suburbano","barrio":"Las Brisas"},"geometry":{"type":"Point","coordinates":[-75.563636,6.309076]}},{"type":"Feature","properties":{"nombre":"Sede Social Gratamira","componente":"Equipamientos Comunitarios","nivel":"Barrial y Suburbano","barrio":"Boyacá"},"geometry":{"type":"Point","coordinates":[-75.56606,6.303567]}},{"type":"Feature","properties":{"nombre":"Placa Polideportiva Héctor Abad","componente":"Equipamiento de Recreación y Deporte","nivel":"Barrial y Suburbano","barrio":"Héctor Abad Gómez"},"geometry":{"type":"Point","coordinates":[-75.560262,6.30005]}},{"type":"Feature","properties":{"nombre":"Secretaría de Tránsito y Transporte","tipo":"Institucional Municipal","componente":"Equipamientos Institucionales Municipales","nivel":"Ciudad","barrio":"Caribe"},"geometry":{"type":"Point","coordinates":[-75.572504,6.271027]}},{"type":"Feature","properties":{"nombre":"Punto de Salud Susalud","componente":"Equipamiento de Salud","nivel":"Barrial y Suburbano","barrio":"El Progreso"},"geometry":{"type":"Point","coordinates":[-75.578174,6.273428]}},{"type":"Feature","properties":{"nombre":"Departamento de Policía de Antioquia","tipo":"Fuerza pública","componente":"Equipamientos para la Fuerza Pública","nivel":"Metropolitano Y Regional","barrio":"El Progreso"},"geometry":{"type":"Point","coordinates":[-75.576045,6.271052]}},{"type":"Feature","properties":{"nombre":"Iglesia San Vicente de Paul","tipo":"Espacio para el culto","componente":"Equipamientos de Culto","nivel":"Barrial y Suburbano","barrio":"El Progreso"},"geometry":{"type":"Point","coordinates":[-75.57722,6.278294]}},{"type":"Feature","properties":{"nombre":"Parroquia San Alfonso Maria de Ligorio","tipo":"Espacio para el culto","componente":"Equipamientos de Culto","nivel":"Barrial y Suburbano","barrio":"Tricentenario"},"geometry":{"type":"Point","coordinates":[-75.565479,6.292551]}},{"type":"Feature","properties":{"nombre":"PAN Tricentenario","componente":"Equipamiento de Asistencia Social","barrio":"Tricentenario"},"geometry":{"type":"Point","coordinates":[-75.56526,6.292179]}},{"type":"Feature","properties":{"nombre":"Institución Educativa Tricentenario","componente":"Equipamiento de Educación","nivel":"Zonal y Corregimental","barrio":"Tricentenario"},"geometry":{"type":"Point","coordinates":[-75.564874,6.291994]}},{"type":"Feature","properties":{"nombre":"Parroquia Miramar","tipo":"Espacio para el culto","componente":"Equipamientos de Culto","nivel":"Vecinal y Veredal","barrio":"Picacho"},"geometry":{"type":"Point","coordinates":[-75.583181,6.292796]}},{"type":"Feature","properties":{"nombre":"Asociación Misioneros de María  Inmaculada","tipo":"Seminarios y conventos","componente":"Equipamientos de Culto","nivel":"Barrial y Suburbano","barrio":"Robledo"},"geometry":{"type":"Point","coordinates":[-75.598058,6.27744]}},{"type":"Feature","properties":{"nombre":"Institución Educativa Jorge Robledo","componente":"Equipamiento de Educación","nivel":"Zonal y Corregimental","barrio":"Robledo"},"geometry":{"type":"Point","coordinates":[-75.596842,6.277487]}},{"type":"Feature","properties":{"nombre":"Institución Educativa Leonardo Da Vinci","componente":"Equipamiento de Educación","nivel":"Barrial y Suburbano","barrio":"Robledo"},"geometry":{"type":"Point","coordinates":[-75.597283,6.277752]}},{"type":"Feature","properties":{"nombre":"Placa Polideportiva Curazao","componente":"Equipamiento de Recreación y Deporte","nivel":"Barrial y Suburbano","barrio":"Aures No.1"},"geometry":{"type":"Point","coordinates":[-75.595128,6.28494]}},{"type":"Feature","properties":{"nombre":"Placa Polideportiva Los Pomos","componente":"Equipamiento de Recreación y Deporte","nivel":"Barrial y Suburbano","barrio":"Aures No.1"},"geometry":{"type":"Point","coordinates":[-75.593942,6.282901]}},{"type":"Feature","properties":{"nombre":"Placa Polideportiva El Cucaracho","componente":"Equipamiento de Recreación y Deporte","nivel":"Vecinal y Veredal","barrio":"Cucaracho"},"geometry":{"type":"Point","coordinates":[-75.609965,6.281855]}},{"type":"Feature","properties":{"nombre":"Sede Social Cadiz","componente":"Equipamientos Comunitarios","nivel":"Vecinal y Veredal","barrio":"Cucaracho"},"geometry":{"type":"Point","coordinates":[-75.60104,6.280112]}},{"type":"Feature","properties":{"nombre":"Acción Comunal Barrio Aures","componente":"Equipamientos Comunitarios","nivel":"Vecinal y Veredal","barrio":"Aures No.1"},"geometry":{"type":"Point","coordinates":[-75.596115,6.289606]}},{"type":"Feature","properties":{"nombre":"Institución Educativa Pedro Claver Aguirre","componente":"Equipamiento de Educación","nivel":"Barrial y Suburbano","barrio":"Castilla"},"geometry":{"type":"Point","coordinates":[-75.571265,6.290498]}},{"type":"Feature","properties":{"nombre":"Colegio Parroquial San Judas Tadeo - Primaria","componente":"Equipamiento de Educación","nivel":"Zonal y Corregimental","barrio":"Castilla"},"geometry":{"type":"Point","coordinates":[-75.571644,6.294072]}},{"type":"Feature","properties":{"nombre":"Planta de Teléfonos EPM - Castilla","tipo":"Prestación del servicio de telecomunicaciones","componente":"Equipamientos para la prestación de los servicios públicos","nivel":"Ciudad","barrio":"Castilla"},"geometry":{"type":"Point","coordinates":[-75.572499,6.292757]}},{"type":"Feature","properties":{"nombre":"Sección Escuela Alejo Pimienta","componente":"Equipamiento de Educación","nivel":"Zonal y Corregimental","barrio":"Castilla"},"geometry":{"type":"Point","coordinates":[-75.573961,6.291423]}},{"type":"Feature","properties":{"nombre":"Sede Social Francisco Antonio Zea - IV Etapa","componente":"Equipamientos Comunitarios","nivel":"Barrial y Suburbano","barrio":"Francisco Antonio Zea"},"geometry":{"type":"Point","coordinates":[-75.575631,6.286553]}},{"type":"Feature","properties":{"nombre":"Asoc. de Padres Cecilia Caballero de López - ICBF","componente":"Equipamiento de Asistencia Social","nivel":"Barrial y Suburbano","barrio":"Francisco Antonio Zea"},"geometry":{"type":"Point","coordinates":[-75.573724,6.286304]}},{"type":"Feature","properties":{"nombre":"Sede Social - Castilla La Unión","componente":"Equipamientos Comunitarios","nivel":"Barrial y Suburbano","barrio":"Francisco Antonio Zea"},"geometry":{"type":"Point","coordinates":[-75.573351,6.286824]}},{"type":"Feature","properties":{"nombre":"Institución Educativa Répública de Dinamarca","componente":"Equipamiento de Educación","nivel":"Barrial y Suburbano","barrio":"Alfonso López"},"geometry":{"type":"Point","coordinates":[-75.573018,6.282668]}},{"type":"Feature","properties":{"nombre":"Cancha de Baloncesto Zea No 1","componente":"Equipamiento de Recreación y Deporte","nivel":"Barrial y Suburbano","barrio":"Alfonso López"},"geometry":{"type":"Point","coordinates":[-75.572929,6.281257]}},{"type":"Feature","properties":{"nombre":"Institucón Educativa María Montessori Sección B","componente":"Equipamiento de Educación","nivel":"Barrial y Suburbano","barrio":"Alfonso López"},"geometry":{"type":"Point","coordinates":[-75.575201,6.284414]}},{"type":"Feature","properties":{"nombre":"Escuela de Música Alfonso López","componente":"Equipamiento de Educación","nivel":"Zonal y Corregimental","barrio":"Alfonso López"},"geometry":{"type":"Point","coordinates":[-75.576586,6.285084]}},{"type":"Feature","properties":{"nombre":"Institución Educativa Republica de Uruguay","componente":"Equipamiento de Educación","nivel":"Zonal y Corregimental","barrio":"Alfonso López"},"geometry":{"type":"Point","coordinates":[-75.577167,6.283694]}},{"type":"Feature","properties":{"nombre":"Centro de Salud - Alfonso López - Metrosalud","componente":"Equipamiento de Salud","nivel":"Barrial y Suburbano","barrio":"Alfonso López"},"geometry":{"type":"Point","coordinates":[-75.576629,6.283976]}},{"type":"Feature","properties":{"nombre":"Institución Educativa Félix de Bedout Moreno","componente":"Equipamiento de Educación","nivel":"Barrial y Suburbano","barrio":"Tejelo"},"geometry":{"type":"Point","coordinates":[-75.569419,6.306159]}},{"type":"Feature","properties":{"nombre":"Guardería  (Municipio de Medellín)","componente":"Equipamiento de Asistencia Social","nivel":"Barrial y Suburbano","barrio":"Tejelo"},"geometry":{"type":"Point","coordinates":[-75.570167,6.305133]}},{"type":"Feature","properties":{"nombre":"Tanque de Agua EPM - Castilla","tipo":"Prestación del servicio de energía","componente":"Equipamientos para la prestación de los servicios públicos","nivel":"Ciudad","barrio":"Girardot"},"geometry":{"type":"Point","coordinates":[-75.572639,6.297232]}},{"type":"Feature","properties":{"nombre":"Estación Metro Linea A Acevedo","tipo":"Transporte ferroviario","componente":"Equipamientos para el Transporte","nivel":"Metropolitano Y Regional","barrio":"Héctor Abad Gómez"},"geometry":{"type":"Point","coordinates":[-75.558578,6.299897]}},{"type":"Feature","properties":{"nombre":"Asociación de Policías Retirados de Antioquia","componente":"Equipamiento de Asistencia Social","nivel":"Barrial y Suburbano","barrio":"Girardot"},"geometry":{"type":"Point","coordinates":[-75.566297,6.299302]}},{"type":"Feature","properties":{"nombre":"Parque Deportivo La Libertad","componente":"Equipamiento de Recreación y Deporte","nivel":"Barrial y Suburbano","barrio":"Tejelo"},"geometry":{"type":"Point","coordinates":[-75.570188,6.305874]}},{"type":"Feature","properties":{"nombre":"Estación Metro Cable Linea K Acevedo","tipo":"Transporte por cable","componente":"Equipamientos para el Transporte","nivel":"Metropolitano Y Regional","barrio":"Héctor Abad Gómez"},"geometry":{"type":"Point","coordinates":[-75.558291,6.300209]}},{"type":"Feature","properties":{"nombre":"Sede Social Plaza Colón","componente":"Equipamientos Comunitarios","nivel":"Barrial y Suburbano","barrio":"Héctor Abad Gómez"},"geometry":{"type":"Point","coordinates":[-75.55915,6.303269]}},{"type":"Feature","properties":{"nombre":"ESSO Colombia","tipo":"Almacenamiento y distribución de combustibles","componente":"Equipamiento de Almacenamiento y distribución de combustibles","nivel":"Ciudad","barrio":"Oleoducto"},"geometry":{"type":"Point","coordinates":[-75.570455,6.28149]}},{"type":"Feature","properties":{"nombre":"Sección Escuela Toscana","componente":"Equipamiento de Educación","nivel":"Barrial y Suburbano","barrio":"Toscana"},"geometry":{"type":"Point","coordinates":[-75.559318,6.30632]}},{"type":"Feature","properties":{"nombre":"Institución Educativa Centenario Ignacio Toscana","componente":"Equipamiento de Educación","nivel":"Zonal y Corregimental","barrio":"Toscana"},"geometry":{"type":"Point","coordinates":[-75.55911,6.307581]}},{"type":"Feature","properties":{"nombre":"Estación Metro Caribe","tipo":"Transporte por cable","componente":"Equipamientos para el Transporte","nivel":"Metropolitano Y Regional","barrio":"Terminal de Transporte"},"geometry":{"type":"Point","coordinates":[-75.569441,6.278182]}},{"type":"Feature","properties":{"nombre":"Terminal de Transportes Norte","tipo":"Transporte de buses","componente":"Equipamientos para el Transporte","nivel":"Metropolitano Y Regional","barrio":"Terminal de Transporte"},"geometry":{"type":"Point","coordinates":[-75.571114,6.278551]}},{"type":"Feature","properties":{"nombre":"Control de Diagnóstico Secrtaría de TyT","tipo":"Institucional Municipal","componente":"Equipamientos Institucionales Municipales","nivel":"Ciudad","barrio":"Caribe"},"geometry":{"type":"Point","coordinates":[-75.572137,6.275406]}},{"type":"Feature","properties":{"nombre":"Institución Educativa Ricardo Uribe Escobar","componente":"Equipamiento de Educación","nivel":"Barrial y Suburbano","barrio":"Caribe"},"geometry":{"type":"Point","coordinates":[-75.572217,6.274311]}},{"type":"Feature","properties":{"nombre":"Sede Social Caribe","componente":"Equipamientos Comunitarios","nivel":"Barrial y Suburbano","barrio":"Caribe"},"geometry":{"type":"Point","coordinates":[-75.573479,6.273512]}},{"type":"Feature","properties":{"nombre":"Subestación de Energía EPM - Castilla","tipo":"Prestación del servicio de energía","componente":"Equipamientos para la prestación de los servicios públicos","nivel":"Ciudad","barrio":"Tricentenario"},"geometry":{"type":"Point","coordinates":[-75.566865,6.294412]}},{"type":"Feature","properties":{"nombre":"Sección Escuela Integrada Tricentenario","componente":"Equipamiento de Educación","nivel":"Barrial y Suburbano","barrio":"Tricentenario"},"geometry":{"type":"Point","coordinates":[-75.566422,6.289424]}},{"type":"Feature","properties":{"nombre":"Escenarios deportivos  - Parque Juanes de la Paz","componente":"Equipamiento de Recreación y Deporte","nivel":"Ciudad","barrio":"Girardot"},"geometry":{"type":"Point","coordinates":[-75.567933,6.294301]}},{"type":"Feature","properties":{"nombre":"Cementerio La Candelaria","tipo":"Morgues, anfiteatros y depósitos de cadáveres","componente":"Equipamientos Sanitarios","nivel":"Ciudad","barrio":"Cementerio Universal"},"geometry":{"type":"Point","coordinates":[-75.573744,6.280157]}},{"type":"Feature","properties":{"nombre":"Laboratorio de la Fiscalía General de la Nación","tipo":"Institucional Nacional","componente":"Equipamientos Institucionales Nacionales","nivel":"Ciudad","barrio":"Cementerio Universal"},"geometry":{"type":"Point","coordinates":[-75.574594,6.277232]}},{"type":"Feature","properties":{"nombre":"Escuela de Policia \"Carlos Holguín\"","tipo":"Fuerza pública","componente":"Equipamientos para la Fuerza Pública","nivel":"Ciudad","barrio":"Las Brisas"},"geometry":{"type":"Point","coordinates":[-75.561493,6.305037]}},{"type":"Feature","properties":{"nombre":"Carlos Castro Saavedra - Tren de Papel","componente":"Equipamientos Culturales","nivel":"Zonal y Corregimental","barrio":"Tejelo"},"geometry":{"type":"Point","coordinates":[-75.568653,6.308787]}},{"type":"Feature","properties":{"nombre":"Sección Escuela Eduardo Uribe Botero","componente":"Equipamiento de Educación","nivel":"Barrial y Suburbano","barrio":"Tejelo"},"geometry":{"type":"Point","coordinates":[-75.569449,6.308754]}},{"type":"Feature","properties":{"nombre":"Centro de Salud No. 22 - Barrio Florencia - Metrosalud","componente":"Equipamiento de Salud","nivel":"Barrial y Suburbano","barrio":"Tejelo"},"geometry":{"type":"Point","coordinates":[-75.569599,6.308343]}},{"type":"Feature","properties":{"nombre":"Institución Educativa Diego Echavaría Misas","componente":"Equipamiento de Educación","nivel":"Zonal y Corregimental","barrio":"Tejelo"},"geometry":{"type":"Point","coordinates":[-75.568876,6.308044]}},{"type":"Feature","properties":{"nombre":"Piscina Tricentenario","componente":"Equipamiento de Recreación y Deporte","nivel":"Barrial y Suburbano","barrio":"Tricentenario"},"geometry":{"type":"Point","coordinates":[-75.567059,6.290137]}},{"type":"Feature","properties":{"nombre":"MOBIL","tipo":"Almacenamiento y distribución de combustibles","componente":"Equipamiento de Almacenamiento y distribución de combustibles","nivel":"Ciudad","barrio":"Oleoducto"},"geometry":{"type":"Point","coordinates":[-75.568965,6.286179]}},{"type":"Feature","properties":{"nombre":"TEXACO","tipo":"Almacenamiento y distribución de combustibles","componente":"Equipamiento de Almacenamiento y distribución de combustibles","nivel":"Ciudad","barrio":"Oleoducto"},"geometry":{"type":"Point","coordinates":[-75.568785,6.287233]}},{"type":"Feature","properties":{"nombre":"Estación de Transferencia de Residuos Sólidos","tipo":"Prestación del servicio de aseo","componente":"Equipamientos para la prestación de los servicios públicos","nivel":"Ciudad","barrio":"Plaza de Ferias"},"geometry":{"type":"Point","coordinates":[-75.560216,6.302899]}},{"type":"Feature","properties":{"nombre":"Estacion de Tren Ferrocarriles Nacionales de Colombia","tipo":"Transporte ferroviario","componente":"Equipamientos para el Transporte","nivel":"Metropolitano Y Regional","barrio":"Terminal de Transporte"},"geometry":{"type":"Point","coordinates":[-75.570641,6.275308]}},{"type":"Feature","properties":{"nombre":"Institución Educativa Sebastián de Belalcazar","componente":"Equipamiento de Educación","nivel":"Zonal y Corregimental","barrio":"Plaza de Ferias"},"geometry":{"type":"Point","coordinates":[-75.565275,6.298294]}},{"type":"Feature","properties":{"nombre":"Placa Polideportiva El Divino Niño","componente":"Equipamiento de Recreación y Deporte","nivel":"Barrial y Suburbano","barrio":"Alfonso López"},"geometry":{"type":"Point","coordinates":[-75.578573,6.28426]}},{"type":"Feature","properties":{"nombre":"Parroquia San Fernando","tipo":"Espacio para el culto","componente":"Equipamientos de Culto","nivel":"Barrial y Suburbano","barrio":"Alfonso López"},"geometry":{"type":"Point","coordinates":[-75.576017,6.282939]}},{"type":"Feature","properties":{"nombre":"Iglesia Nuestra Señora de Las Misericordias","tipo":"Espacio para el culto","componente":"Equipamientos de Culto","nivel":"Barrial y Suburbano","barrio":"Belalcázar"},"geometry":{"type":"Point","coordinates":[-75.565794,6.297368]}},{"type":"Feature","properties":{"nombre":"Iglesia Toscana","tipo":"Espacio para el culto","componente":"Equipamientos de Culto","nivel":"Barrial y Suburbano","barrio":"Toscana"},"geometry":{"type":"Point","coordinates":[-75.558978,6.306425]}},{"type":"Feature","properties":{"nombre":"Estación Metro Linea A Tricentenario","tipo":"Transporte por cable","componente":"Equipamientos para el Transporte","nivel":"Metropolitano Y Regional","barrio":"Tricentenario"},"geometry":{"type":"Point","coordinates":[-75.564553,6.290502]}},{"type":"Feature","properties":{"nombre":"Cancha de Baloncesto La Rionegro","componente":"Equipamiento de Recreación y Deporte","nivel":"Barrial y Suburbano","barrio":"Alfonso López"},"geometry":{"type":"Point","coordinates":[-75.57392,6.284404]}},{"type":"Feature","properties":{"nombre":"Cancha de Fútbol Zea No. 1","componente":"Equipamiento de Recreación y Deporte","nivel":"Barrial y Suburbano","barrio":"Alfonso López"},"geometry":{"type":"Point","coordinates":[-75.573713,6.281415]}},{"type":"Feature","properties":{"nombre":"Centro Educativo Delfines","componente":"Equipamiento de Educación","nivel":"Barrial y Suburbano","barrio":"Alfonso López"},"geometry":{"type":"Point","coordinates":[-75.577793,6.284803]}},{"type":"Feature","properties":{"nombre":"I.E-Alfonso Lopéz. Sede Crisanto Luque.Preescolar","componente":"Equipamiento de Educación","nivel":"Barrial y Suburbano","barrio":"Alfonso López"},"geometry":{"type":"Point","coordinates":[-75.578551,6.286072]}},{"type":"Feature","properties":{"nombre":"I.E-Alfonso Lopéz + Sección Escuela Crisanto Luque","componente":"Equipamiento de Educación","nivel":"Barrial y Suburbano","barrio":"Alfonso López"},"geometry":{"type":"Point","coordinates":[-75.578946,6.284481]}},{"type":"Feature","properties":{"nombre":"Sección Escuela Municipal Kennedy","componente":"Equipamiento de Educación","nivel":"Barrial y Suburbano","barrio":"Alfonso López"},"geometry":{"type":"Point","coordinates":[-75.579659,6.285474]}},{"type":"Feature","properties":{"nombre":"Fiscalía Regional de Antioquia","tipo":"Institucional Nacional","componente":"Equipamientos Institucionales Nacionales","nivel":"Metropolitano Y Regional","barrio":"Caribe"},"geometry":{"type":"Point","coordinates":[-75.573876,6.267908]}},{"type":"Feature","properties":{"nombre":"Seccional de Policía Judicial SIJIN","tipo":"Fuerza pública","componente":"Equipamientos para la Fuerza Pública","nivel":"Metropolitano Y Regional","barrio":"Caribe"},"geometry":{"type":"Point","coordinates":[-75.572313,6.270129]}},{"type":"Feature","properties":{"nombre":"Estación Departamento de Bomberos Metropolitana","tipo":"Estaciones de bomberos","componente":"Equipamiento de Prevención y atención de desatres","nivel":"Ciudad","barrio":"Caribe"},"geometry":{"type":"Point","coordinates":[-75.571322,6.275057]}},{"type":"Feature","properties":{"nombre":"Hogar Hnas Siervas de la M.","componente":"Equipamiento de Asistencia Social","barrio":"Las Brisas"},"geometry":{"type":"Point","coordinates":[-75.563213,6.308064]}},{"type":"Feature","properties":{"nombre":"Institución Educativa Maestro Arenas Betancur","componente":"Equipamiento de Educación","nivel":"Barrial y Suburbano","barrio":"Girardot"},"geometry":{"type":"Point","coordinates":[-75.569611,6.294251]}},{"type":"Feature","properties":{"nombre":"Institución Educativa Maestro Arenas Betancur","componente":"Equipamiento de Educación","nivel":"Barrial y Suburbano","barrio":"Girardot"},"geometry":{"type":"Point","coordinates":[-75.569262,6.295825]}},{"type":"Feature","properties":{"nombre":"Institución Educativa Maestro Arenas Betancur","componente":"Equipamiento de Educación","nivel":"Barrial y Suburbano","barrio":"Girardot"},"geometry":{"type":"Point","coordinates":[-75.56876,6.29559]}},{"type":"Feature","properties":{"nombre":"Corporación Habilitemos","componente":"Equipamiento de Asistencia Social","barrio":"Girardot"},"geometry":{"type":"Point","coordinates":[-75.568384,6.295426]}},{"type":"Feature","properties":{"nombre":"MASCERCA-Noroccidental","tipo":"Institucional Municipal","componente":"Equipamientos Institucionales Municipales","nivel":"Zonal y Corregimental","barrio":"Girardot"},"geometry":{"type":"Point","coordinates":[-75.568154,6.295267]}},{"type":"Feature","properties":{"nombre":"Cancha de Futbol Las Brisas","componente":"Equipamiento de Recreación y Deporte","nivel":"Barrial y Suburbano","barrio":"Las Brisas"},"geometry":{"type":"Point","coordinates":[-75.563015,6.309045]}},{"type":"Feature","properties":{"nombre":"Placas PolideportivasToscana","componente":"Equipamiento de Recreación y Deporte","nivel":"Barrial y Suburbano","barrio":"Toscana"},"geometry":{"type":"Point","coordinates":[-75.559901,6.306565]}},{"type":"Feature","properties":{"nombre":"Cancha de Fútbol Boyacá","componente":"Equipamiento de Recreación y Deporte","nivel":"Barrial y Suburbano","barrio":"Boyacá"},"geometry":{"type":"Point","coordinates":[-75.564234,6.307484]}},{"type":"Feature","properties":{"nombre":"SENA - Pedregal - Parqueadero","componente":"Equipamiento de Educación","nivel":"Ciudad","barrio":"Girardot"},"geometry":{"type":"Point","coordinates":[-75.568275,6.300344]}},{"type":"Feature","properties":{"nombre":"Institución Educativa Sebastián de Belalcazar","componente":"Equipamiento de Educación","nivel":"Zonal y Corregimental","barrio":"Plaza de Ferias"},"geometry":{"type":"Point","coordinates":[-75.564577,6.297695]}},{"type":"Feature","properties":{"nombre":"Cancha de Fútbol Víctor Cárdenas","componente":"Equipamiento de Recreación y Deporte","nivel":"Barrial y Suburbano","barrio":"Alfonso López"},"geometry":{"type":"Point","coordinates":[-75.578504,6.285039]}},{"type":"Feature","properties":{"nombre":"Placa Polideportiva Los Rieles","componente":"Equipamiento de Recreación y Deporte","nivel":"Barrial y Suburbano","barrio":"Girardot"},"geometry":{"type":"Point","coordinates":[-75.568996,6.296214]}},{"type":"Feature","properties":{"nombre":"Placa Polideportiva La Israela","componente":"Equipamiento de Recreación y Deporte","nivel":"Barrial y Suburbano","barrio":"Tejelo"},"geometry":{"type":"Point","coordinates":[-75.571146,6.308159]}},{"type":"Feature","properties":{"nombre":"Placa Polideportiva La Playita","componente":"Equipamiento de Recreación y Deporte","nivel":"Barrial y Suburbano","barrio":"Toscana"},"geometry":{"type":"Point","coordinates":[-75.558805,6.309674]}},{"type":"Feature","properties":{"nombre":"Colegio Parroquial Nuestra Señora del Buen Concejo","componente":"Equipamiento de Educación","nivel":"Zonal y Corregimental","barrio":"Girardot"},"geometry":{"type":"Point","coordinates":[-75.567564,6.299948]}},{"type":"Feature","properties":{"nombre":"Pista de Trote Atanasio Girardot","componente":"Equipamiento de Recreación y Deporte","nivel":"Barrial y Suburbano","barrio":"Girardot"},"geometry":{"type":"Point","coordinates":[-75.568121,6.297464]}},{"type":"Feature","properties":{"nombre":"ITM - Programa de Educación Básica y Media Adultos","componente":"Equipamiento de Educación","nivel":"Zonal y Corregimental","barrio":"Girardot"},"geometry":{"type":"Point","coordinates":[-75.569316,6.293936]}},{"type":"Feature","properties":{"nombre":"Comunidad Religiosa Jesús Redentor","tipo":"Seminarios y conventos","componente":"Equipamientos de Culto","nivel":"Zonal y Corregimental","barrio":"El Picacho"},"geometry":{"type":"Point","coordinates":[-75.587086,6.307265]}},{"type":"Feature","properties":{"nombre":"Tanque de Bombeo EPM- Doce de Octubre","tipo":"Prestación del servicio de acueducto","componente":"Equipamientos para la prestación de los servicios públicos","nivel":"Ciudad","barrio":"El Triunfo"},"geometry":{"type":"Point","coordinates":[-75.584616,6.308202]}},{"type":"Feature","properties":{"nombre":"Placa Polideportiva y Cancha de Fútbol El Triunfo","componente":"Equipamiento de Recreación y Deporte","nivel":"Barrial y Suburbano","barrio":"El Triunfo"},"geometry":{"type":"Point","coordinates":[-75.584083,6.308737]}},{"type":"Feature","properties":{"nombre":"Puesto de Salud El Triunfo","componente":"Equipamiento de Salud","nivel":"Barrial y Suburbano","barrio":"El Triunfo"},"geometry":{"type":"Point","coordinates":[-75.584062,6.30812]}},{"type":"Feature","properties":{"nombre":"Sede Social Santander","componente":"Equipamientos Comunitarios","nivel":"Barrial y Suburbano","barrio":"Santander"},"geometry":{"type":"Point","coordinates":[-75.574192,6.309711]}},{"type":"Feature","properties":{"nombre":"Sección Anexo El Triunfo Santa Teresa","componente":"Equipamiento de Educación","nivel":"Barrial y Suburbano","barrio":"El Triunfo"},"geometry":{"type":"Point","coordinates":[-75.584824,6.306349]}},{"type":"Feature","properties":{"nombre":"Iglesia Santa Teresa de Jesús","tipo":"Espacio para el culto","componente":"Equipamientos de Culto","nivel":"Barrial y Suburbano","barrio":"Progreso No.2"},"geometry":{"type":"Point","coordinates":[-75.582525,6.30712]}},{"type":"Feature","properties":{"nombre":"Sede Social Mirador Doce de Octubre","componente":"Equipamientos Comunitarios","nivel":"Barrial y Suburbano","barrio":"Mirador del Doce"},"geometry":{"type":"Point","coordinates":[-75.582555,6.303401]}},{"type":"Feature","properties":{"nombre":"Institución Educativa El Picachito","componente":"Equipamiento de Educación","nivel":"Barrial y Suburbano","barrio":"Picachito"},"geometry":{"type":"Point","coordinates":[-75.584864,6.300258]}},{"type":"Feature","properties":{"nombre":"Institución Educativa El Picachito","componente":"Equipamiento de Educación","nivel":"Barrial y Suburbano","barrio":"Picachito"},"geometry":{"type":"Point","coordinates":[-75.584854,6.30001]}},{"type":"Feature","properties":{"nombre":"Sede Social Picacho La Carmelita","componente":"Equipamientos Comunitarios","nivel":"Barrial y Suburbano","barrio":"Picachito"},"geometry":{"type":"Point","coordinates":[-75.585344,6.297906]}},{"type":"Feature","properties":{"nombre":"Parroquia Santa Maríana de Jesús","tipo":"Espacio para el culto","componente":"Equipamientos de Culto","nivel":"Barrial y Suburbano","barrio":"Picacho"},"geometry":{"type":"Point","coordinates":[-75.582204,6.299988]}},{"type":"Feature","properties":{"nombre":"Colegio Jesús María Valle Jaramillo","componente":"Equipamiento de Educación","nivel":"Zonal y Corregimental","barrio":"Picacho"},"geometry":{"type":"Point","coordinates":[-75.582482,6.300258]}},{"type":"Feature","properties":{"nombre":"Placa Polideportiva Doce de Octubre Los Mangos","componente":"Equipamiento de Recreación y Deporte","nivel":"Barrial y Suburbano","barrio":"Picacho"},"geometry":{"type":"Point","coordinates":[-75.583291,6.300183]}},{"type":"Feature","properties":{"nombre":"Sede Social Doce de Octubre Tercera Etapa","componente":"Equipamientos Comunitarios","nivel":"Barrial y Suburbano","barrio":"Picacho"},"geometry":{"type":"Point","coordinates":[-75.58336,6.29938]}},{"type":"Feature","properties":{"nombre":"Sección Escuela El Picacho","componente":"Equipamiento de Educación","nivel":"Barrial y Suburbano","barrio":"Picacho"},"geometry":{"type":"Point","coordinates":[-75.58348,6.294897]}},{"type":"Feature","properties":{"nombre":"Colegio Mi Segundo Hogar","componente":"Equipamiento de Educación","nivel":"Zonal y Corregimental","barrio":"Picacho"},"geometry":{"type":"Point","coordinates":[-75.584479,6.296495]}},{"type":"Feature","properties":{"nombre":"Casa de Monjas Claretianas","tipo":"Seminarios y conventos","componente":"Equipamientos de Culto","nivel":"Barrial y Suburbano","barrio":"Picacho"},"geometry":{"type":"Point","coordinates":[-75.584824,6.292967]}},{"type":"Feature","properties":{"nombre":"Placa Polideportiva La Raza","componente":"Equipamiento de Recreación y Deporte","nivel":"Barrial y Suburbano","barrio":"San Martín de Porres"},"geometry":{"type":"Point","coordinates":[-75.582062,6.294351]}},{"type":"Feature","properties":{"nombre":"Sección Escuela Carolina Kennedy","componente":"Equipamiento de Educación","nivel":"Barrial y Suburbano","barrio":"Kennedy"},"geometry":{"type":"Point","coordinates":[-75.582238,6.287364]}},{"type":"Feature","properties":{"nombre":"Iglesia San Carlos Borromeo","tipo":"Espacio para el culto","componente":"Equipamientos de Culto","nivel":"Barrial y Suburbano","barrio":"Kennedy"},"geometry":{"type":"Point","coordinates":[-75.580337,6.288539]}},{"type":"Feature","properties":{"nombre":"Sección Concentración Educativa Kennedy","componente":"Equipamiento de Educación","nivel":"Barrial y Suburbano","barrio":"Kennedy"},"geometry":{"type":"Point","coordinates":[-75.581613,6.29037]}},{"type":"Feature","properties":{"nombre":"Placa Polideportiva Pedregal La 74","componente":"Equipamiento de Recreación y Deporte","nivel":"Barrial y Suburbano","barrio":"Pedregal"},"geometry":{"type":"Point","coordinates":[-75.575446,6.298135]}},{"type":"Feature","properties":{"nombre":"Placa Polideportiva San Martín de Porres","componente":"Equipamiento de Recreación y Deporte","nivel":"Barrial y Suburbano","barrio":"San Martín de Porres"},"geometry":{"type":"Point","coordinates":[-75.579742,6.296798]}},{"type":"Feature","properties":{"nombre":"Sección Escuela San Martín de Porres","componente":"Equipamiento de Educación","nivel":"Barrial y Suburbano","barrio":"San Martín de Porres"},"geometry":{"type":"Point","coordinates":[-75.578716,6.295892]}},{"type":"Feature","properties":{"nombre":"Sede Social Miramar","componente":"Equipamientos Comunitarios","nivel":"Barrial y Suburbano","barrio":"Kennedy"},"geometry":{"type":"Point","coordinates":[-75.583747,6.29136]}},{"type":"Feature","properties":{"nombre":"Institución Educativa Kennedy","componente":"Equipamiento de Educación","nivel":"Zonal y Corregimental","barrio":"Kennedy"},"geometry":{"type":"Point","coordinates":[-75.581487,6.290928]}},{"type":"Feature","properties":{"nombre":"Jardín Comunitario  Susanita Diaz","componente":"Equipamiento de Asistencia Social","nivel":"Vecinal y Veredal","barrio":"Kennedy"},"geometry":{"type":"Point","coordinates":[-75.581674,6.289751]}},{"type":"Feature","properties":{"nombre":"Placa Polideportiva Kennedy","componente":"Equipamiento de Recreación y Deporte","nivel":"Barrial y Suburbano","barrio":"Kennedy"},"geometry":{"type":"Point","coordinates":[-75.581685,6.289607]}},{"type":"Feature","properties":{"nombre":"Sección Escuela San Francisco de Paula","componente":"Equipamiento de Educación","nivel":"Barrial y Suburbano","barrio":"La Esperanza"},"geometry":{"type":"Point","coordinates":[-75.579285,6.289758]}},{"type":"Feature","properties":{"nombre":"Sede de Acción Comunal - Barrio Kennedy","componente":"Equipamientos Comunitarios","nivel":"Barrial y Suburbano","barrio":"Kennedy"},"geometry":{"type":"Point","coordinates":[-75.585695,6.290175]}},{"type":"Feature","properties":{"nombre":"Iglesia Kennedy","tipo":"Espacio para el culto","componente":"Equipamientos de Culto","nivel":"Barrial y Suburbano","barrio":"Kennedy"},"geometry":{"type":"Point","coordinates":[-75.585049,6.289273]}},{"type":"Feature","properties":{"nombre":"Sección Escuela Jorge Eliécer Gaitán","componente":"Equipamiento de Educación","nivel":"Zonal y Corregimental","barrio":"Kennedy"},"geometry":{"type":"Point","coordinates":[-75.585311,6.289905]}},{"type":"Feature","properties":{"nombre":"Sede Educativa Jorge Díaz Granados-Carla Cristina","componente":"Equipamiento de Educación","nivel":"Barrial y Suburbano","barrio":"La Esperanza"},"geometry":{"type":"Point","coordinates":[-75.578362,6.291088]}},{"type":"Feature","properties":{"nombre":"Sección Escuela Elisa Arango de Cock","componente":"Equipamiento de Educación","nivel":"Barrial y Suburbano","barrio":"La Esperanza"},"geometry":{"type":"Point","coordinates":[-75.574659,6.294649]}},{"type":"Feature","properties":{"nombre":"Centro Integrado La Esperanza","componente":"Equipamientos Comunitarios","nivel":"Barrial y Suburbano","barrio":"La Esperanza"},"geometry":{"type":"Point","coordinates":[-75.576431,6.293721]}},{"type":"Feature","properties":{"nombre":"Hogar Infantil Rosita","componente":"Equipamiento de Asistencia Social","barrio":"La Esperanza"},"geometry":{"type":"Point","coordinates":[-75.577693,6.293283]}},{"type":"Feature","properties":{"nombre":"Sección Escuela Los Comuneros","componente":"Equipamiento de Educación","nivel":"Barrial y Suburbano","barrio":"La Esperanza"},"geometry":{"type":"Point","coordinates":[-75.576563,6.293269]}},{"type":"Feature","properties":{"nombre":"Asociación Club de Vida Los Inquietos","componente":"Equipamientos Comunitarios","nivel":"Barrial y Suburbano","barrio":"La Esperanza"},"geometry":{"type":"Point","coordinates":[-75.576721,6.292933]}},{"type":"Feature","properties":{"nombre":"Institución Educativa Santa Juana de Lestonac","componente":"Equipamiento de Educación","nivel":"Zonal y Corregimental","barrio":"Doce de Octubre No.2"},"geometry":{"type":"Point","coordinates":[-75.575619,6.302987]}},{"type":"Feature","properties":{"nombre":"Sede Social  Doce de Octubre Zona 30","componente":"Equipamientos Comunitarios","nivel":"Barrial y Suburbano","barrio":"Doce de Octubre No.1"},"geometry":{"type":"Point","coordinates":[-75.580921,6.305224]}},{"type":"Feature","properties":{"nombre":"Colegio Vida y Paz Progresar","componente":"Equipamiento de Educación","nivel":"Barrial y Suburbano","barrio":"Doce de Octubre No.1"},"geometry":{"type":"Point","coordinates":[-75.580487,6.308966]}},{"type":"Feature","properties":{"nombre":"Biblioteca Popular Barrio Efe Gómez","componente":"Equipamientos Culturales","nivel":"Barrial y Suburbano","barrio":"Doce de Octubre No.1"},"geometry":{"type":"Point","coordinates":[-75.577245,6.309188]}},{"type":"Feature","properties":{"nombre":"Parroquia San Juan Crisóstomo","tipo":"Espacio para el culto","componente":"Equipamientos de Culto","nivel":"Barrial y Suburbano","barrio":"Doce de Octubre No.1"},"geometry":{"type":"Point","coordinates":[-75.57746,6.308493]}},{"type":"Feature","properties":{"nombre":"Tanque de Bombeo EPM - Picacho","tipo":"Prestación del servicio de acueducto","componente":"Equipamientos para la prestación de los servicios públicos","nivel":"Ciudad","barrio":"Doce de Octubre No.1"},"geometry":{"type":"Point","coordinates":[-75.5815,6.307977]}},{"type":"Feature","properties":{"nombre":"Cancha de Fútbol El Polvorín","componente":"Equipamiento de Recreación y Deporte","nivel":"Barrial y Suburbano","barrio":"San Martín de Porres"},"geometry":{"type":"Point","coordinates":[-75.5809,6.293145]}},{"type":"Feature","properties":{"nombre":"Parroquia San Juan Bautista Precursor","tipo":"Espacio para el culto","componente":"Equipamientos de Culto","nivel":"Barrial y Suburbano","barrio":"Santander"},"geometry":{"type":"Point","coordinates":[-75.572608,6.308895]}},{"type":"Feature","properties":{"nombre":"Placa Polideportiva La Pola","componente":"Equipamiento de Recreación y Deporte","nivel":"Barrial y Suburbano","barrio":"Cucaracho"},"geometry":{"type":"Point","coordinates":[-75.597359,6.280852]}},{"type":"Feature","properties":{"nombre":"Colegio Santa Bertilda Boscardin","componente":"Equipamiento de Educación","nivel":"Zonal y Corregimental","barrio":"Bosques de San Pablo"},"geometry":{"type":"Point","coordinates":[-75.585158,6.28087]}},{"type":"Feature","properties":{"nombre":"Colegio San Juan Eudes","componente":"Equipamiento de Educación","nivel":"Zonal y Corregimental","barrio":"Bosques de San Pablo"},"geometry":{"type":"Point","coordinates":[-75.586227,6.281065]}},{"type":"Feature","properties":{"nombre":"Clínica Nuestra Señora de La Visión","componente":"Equipamiento de Salud","nivel":"Zonal y Corregimental","barrio":"Bosques de San Pablo"},"geometry":{"type":"Point","coordinates":[-75.585474,6.280024]}},{"type":"Feature","properties":{"nombre":"Clínica Cardiovascular Santa María","componente":"Equipamiento de Salud","nivel":"Metropolitano Y Regional","barrio":"Bosques de San Pablo"},"geometry":{"type":"Point","coordinates":[-75.584838,6.279156]}},{"type":"Feature","properties":{"nombre":"Colegio Bethlemitas","componente":"Equipamiento de Educación","nivel":"Zonal y Corregimental","barrio":"Laureles"},"geometry":{"type":"Point","coordinates":[-75.595375,6.240369]}},{"type":"Feature","properties":{"nombre":"Parroquia San Juan Evangelista","tipo":"Espacio para el culto","componente":"Equipamientos de Culto","nivel":"Barrial y Suburbano","barrio":"Suramericana"},"geometry":{"type":"Point","coordinates":[-75.58157,6.25539]}},{"type":"Feature","properties":{"nombre":"Iglesia San Joaquin","tipo":"Espacio para el culto","componente":"Equipamientos de Culto","nivel":"Barrial y Suburbano","barrio":"San Joaquín"},"geometry":{"type":"Point","coordinates":[-75.587499,6.246859]}},{"type":"Feature","properties":{"nombre":"Inspección de Policía - San Joaquin","tipo":"Instituciones municipales encargadas de la convivencia","componente":"Equipamientos de Justicia Cercana al Ciudadano","nivel":"Barrial y Suburbano","barrio":"San Joaquín"},"geometry":{"type":"Point","coordinates":[-75.587194,6.244836]}},{"type":"Feature","properties":{"nombre":"Centro de Fracturas - La 65","componente":"Equipamiento de Salud","nivel":"Zonal y Corregimental","barrio":"San Joaquín"},"geometry":{"type":"Point","coordinates":[-75.583665,6.245838]}},{"type":"Feature","properties":{"nombre":"Sección Escuela Carlos Obando Velazco","componente":"Equipamiento de Educación","nivel":"Barrial y Suburbano","barrio":"San Joaquín"},"geometry":{"type":"Point","coordinates":[-75.585395,6.246953]}},{"type":"Feature","properties":{"nombre":"Parroquia Nuestra Señora de Chiquinquirá","tipo":"Espacio para el culto","componente":"Equipamientos de Culto","nivel":"Barrial y Suburbano","barrio":"Simón Bolívar"},"geometry":{"type":"Point","coordinates":[-75.603594,6.246365]}},{"type":"Feature","properties":{"nombre":"Tanque de Agua EPM-Micro Central de Energía EPM - La América","tipo":"Prestación del servicio de acueducto","componente":"Equipamientos para la prestación de los servicios públicos","nivel":"Ciudad","barrio":"Santa Mónica"},"geometry":{"type":"Point","coordinates":[-75.613159,6.246054]}},{"type":"Feature","properties":{"nombre":"Institución Educativa América","componente":"Equipamiento de Educación","nivel":"Zonal y Corregimental","barrio":"Santa Mónica"},"geometry":{"type":"Point","coordinates":[-75.615378,6.246194]}},{"type":"Feature","properties":{"nombre":"Cancha de Futbol La Cristobal","componente":"Equipamiento de Recreación y Deporte","nivel":"Barrial y Suburbano","barrio":"Santa Mónica"},"geometry":{"type":"Point","coordinates":[-75.613689,6.250704]}},{"type":"Feature","properties":{"nombre":"Inspección de Policía 12 y Comisarí de Familia Permanente Zona 4 La América","tipo":"Instituciones municipales encargadas de la convivencia","componente":"Equipamientos de Justicia Cercana al Ciudadano","nivel":"Zonal y Corregimental","barrio":"Santa Mónica"},"geometry":{"type":"Point","coordinates":[-75.612737,6.250184]}},{"type":"Feature","properties":{"nombre":"Jardín Infantil Nacional No 2","componente":"Equipamientos Comunitarios","nivel":"Barrial y Suburbano","barrio":"Santa Mónica"},"geometry":{"type":"Point","coordinates":[-75.61301,6.250082]}},{"type":"Feature","properties":{"nombre":"Iglesia El Divino Maestro","tipo":"Espacio para el culto","componente":"Equipamientos de Culto","nivel":"Barrial y Suburbano","barrio":"Santa Mónica"},"geometry":{"type":"Point","coordinates":[-75.61062,6.249472]}},{"type":"Feature","properties":{"nombre":"Institución Educativa Cristóbal Colón","componente":"Equipamiento de Educación","nivel":"Zonal y Corregimental","barrio":"Santa Mónica"},"geometry":{"type":"Point","coordinates":[-75.613252,6.250376]}},{"type":"Feature","properties":{"nombre":"Liceo Salazar y Herrera","componente":"Equipamiento de Educación","nivel":"Zonal y Corregimental","barrio":"Barrio Cristóbal"},"geometry":{"type":"Point","coordinates":[-75.606122,6.248441]}},{"type":"Feature","properties":{"nombre":"Unidad Deportiva Barrio Cristóbal","componente":"Equipamiento de Recreación y Deporte","nivel":"Ciudad","barrio":"Barrio Cristóbal"},"geometry":{"type":"Point","coordinates":[-75.60739,6.247739]}},{"type":"Feature","properties":{"nombre":"Sección Escuela Pedro Castro","componente":"Equipamiento de Educación","nivel":"Barrial y Suburbano","barrio":"Barrio Cristóbal"},"geometry":{"type":"Point","coordinates":[-75.608276,6.248513]}},{"type":"Feature","properties":{"nombre":"Sede Social Quintas de la  Playa","componente":"Equipamientos Comunitarios","nivel":"Barrial y Suburbano","barrio":"El Pinal"},"geometry":{"type":"Point","coordinates":[-75.54741,6.242783]}},{"type":"Feature","properties":{"nombre":"Parroquia  San Francisco De Asis","tipo":"Espacio para el culto","componente":"Equipamientos de Culto","nivel":"Barrial y Suburbano","barrio":"El Pinal"},"geometry":{"type":"Point","coordinates":[-75.546,6.241058]}},{"type":"Feature","properties":{"nombre":"Liceo San Rafael","componente":"Equipamiento de Educación","nivel":"Zonal y Corregimental","barrio":"Belén"},"geometry":{"type":"Point","coordinates":[-75.599403,6.232406]}},{"type":"Feature","properties":{"nombre":"Sede Social La Palma","componente":"Equipamientos Comunitarios","nivel":"Barrial y Suburbano","barrio":"Belén"},"geometry":{"type":"Point","coordinates":[-75.600086,6.231762]}},{"type":"Feature","properties":{"nombre":"Institución Educativa Rosalía Suarez Sección Escuela","componente":"Equipamiento de Educación","nivel":"Barrial y Suburbano","barrio":"Belén"},"geometry":{"type":"Point","coordinates":[-75.600211,6.23246]}},{"type":"Feature","properties":{"nombre":"Estación de Bombeo del Acueducto EPM- Limoncito","tipo":"Prestación del servicio de acueducto","componente":"Equipamientos para la prestación de los servicios públicos","nivel":"Ciudad","barrio":"Los Mangos"},"geometry":{"type":"Point","coordinates":[-75.547039,6.249603]}},{"type":"Feature","properties":{"nombre":"Institución Educativa Luis Carlos  Galán Sarmiento","componente":"Equipamiento de Educación","nivel":"Barrial y Suburbano","barrio":"Los Mangos"},"geometry":{"type":"Point","coordinates":[-75.547144,6.250388]}},{"type":"Feature","properties":{"nombre":"Escuela Niño Jesus de Praga","componente":"Equipamiento de Educación","nivel":"Barrial y Suburbano","barrio":"Los Mangos"},"geometry":{"type":"Point","coordinates":[-75.545837,6.248739]}},{"type":"Feature","properties":{"nombre":"Centro de Salud Llanaditas","componente":"Equipamiento de Salud","nivel":"Barrial y Suburbano","barrio":"Los Mangos"},"geometry":{"type":"Point","coordinates":[-75.543719,6.251799]}},{"type":"Feature","properties":{"nombre":"Parroquia La Natividad","tipo":"Espacio para el culto","componente":"Equipamientos de Culto","nivel":"Barrial y Suburbano","barrio":"Los Mangos"},"geometry":{"type":"Point","coordinates":[-75.543464,6.251568]}},{"type":"Feature","properties":{"nombre":"Guarderia la Estrellita","componente":"Equipamientos Comunitarios","nivel":"Barrial y Suburbano","barrio":"Los Mangos"},"geometry":{"type":"Point","coordinates":[-75.542981,6.251442]}},{"type":"Feature","properties":{"nombre":"Casa de Gobierno","tipo":"Institucional Municipal","componente":"Equipamientos Institucionales Municipales","nivel":"Barrial y Suburbano","barrio":"La Sierra"},"geometry":{"type":"Point","coordinates":[-75.527096,6.233996]}},{"type":"Feature","properties":{"nombre":"Institución Educativa Pedro Octavio Amado","componente":"Equipamiento de Educación","nivel":"Zonal y Corregimental","barrio":"Altavista"},"geometry":{"type":"Point","coordinates":[-75.610692,6.221699]}},{"type":"Feature","properties":{"nombre":"Estación Metroplus","tipo":"Transporte por cable","componente":"Equipamientos para el Transporte","nivel":"Ciudad","barrio":"Belén"},"geometry":{"type":"Point","coordinates":[-75.596587,6.231359]}},{"type":"Feature","properties":{"nombre":"Sección Escuela Carlos Franco","componente":"Equipamiento de Educación","nivel":"Barrial y Suburbano","barrio":"San Bernardo"},"geometry":{"type":"Point","coordinates":[-75.597621,6.228067]}},{"type":"Feature","properties":{"nombre":"Subestación  de Energía","tipo":"Prestación del servicio de energía","componente":"Equipamientos para la prestación de los servicios públicos","nivel":"Ciudad","barrio":"San Bernardo"},"geometry":{"type":"Point","coordinates":[-75.597836,6.226572]}},{"type":"Feature","properties":{"nombre":"Esc Pbro Miguel Giraldo Salazar","componente":"Equipamiento de Educación","nivel":"Barrial y Suburbano","barrio":"Los Mangos"},"geometry":{"type":"Point","coordinates":[-75.542208,6.252482]}},{"type":"Feature","properties":{"nombre":"Placa Polideportiva Roosvelt","componente":"Equipamiento de Recreación y Deporte","nivel":"Barrial y Suburbano","barrio":"Los Mangos"},"geometry":{"type":"Point","coordinates":[-75.546459,6.249777]}},{"type":"Feature","properties":{"nombre":"Cancha de Futbol Llanaditas","componente":"Equipamiento de Recreación y Deporte","nivel":"Barrial y Suburbano","barrio":"Los Mangos"},"geometry":{"type":"Point","coordinates":[-75.542006,6.253583]}},{"type":"Feature","properties":{"nombre":"Parroquia Federico Ozanan","tipo":"Espacio para el culto","componente":"Equipamientos de Culto","nivel":"Barrial y Suburbano","barrio":"Los Mangos"},"geometry":{"type":"Point","coordinates":[-75.545914,6.250139]}},{"type":"Feature","properties":{"nombre":"Iglesia Cristiana los Testigos de Jehova","tipo":"Espacio para el culto","componente":"Equipamientos de Culto","nivel":"Barrial y Suburbano","barrio":"Los Mangos"},"geometry":{"type":"Point","coordinates":[-75.542769,6.251151]}},{"type":"Feature","properties":{"nombre":"DAS","tipo":"Institucional Nacional","componente":"Equipamientos Institucionales Nacionales","nivel":"Metropolitano Y Regional","barrio":"La Gloria"},"geometry":{"type":"Point","coordinates":[-75.601684,6.224671]}},{"type":"Feature","properties":{"nombre":"Instituto San Carlos","componente":"Equipamiento de Educación","nivel":"Zonal y Corregimental","barrio":"La Gloria"},"geometry":{"type":"Point","coordinates":[-75.600576,6.223427]}},{"type":"Feature","properties":{"nombre":"Placa Polideportiva Aliadas","componente":"Equipamiento de Recreación y Deporte","nivel":"Barrial y Suburbano","barrio":"La Gloria"},"geometry":{"type":"Point","coordinates":[-75.60858,6.223728]}},{"type":"Feature","properties":{"nombre":"Deposito de Buses - Altavista","tipo":"Transporte de buses","componente":"Equipamientos para el Transporte","nivel":"Barrial y Suburbano","barrio":"Altavista"},"geometry":{"type":"Point","coordinates":[-75.611548,6.221673]}},{"type":"Feature","properties":{"nombre":"Comunidad Parroquial Jesús, María y José","tipo":"Espacio para el culto","componente":"Equipamientos de Culto","nivel":"Barrial y Suburbano","barrio":"Altavista"},"geometry":{"type":"Point","coordinates":[-75.608891,6.220399]}},{"type":"Feature","properties":{"nombre":"Unidad Deportiva Jesús Obrero - Campo Amor","componente":"Equipamiento de Recreación y Deporte","nivel":"Barrial y Suburbano","barrio":"Parque Juan Pablo II"},"geometry":{"type":"Point","coordinates":[-75.587305,6.213759]}},{"type":"Feature","properties":{"nombre":"Estación Metroplus","tipo":"Transporte de buses","componente":"Equipamientos para el Transporte","nivel":"Ciudad","barrio":"Tenche"},"geometry":{"type":"Point","coordinates":[-75.582375,6.23182]}},{"type":"Feature","properties":{"nombre":"Aeropuerto \"Enrique Olaya Herrera\"","tipo":"Transporte áereo","componente":"Equipamientos para el Transporte","nivel":"Metropolitano Y Regional","barrio":"Parque Juan Pablo II"},"geometry":{"type":"Point","coordinates":[-75.588864,6.220116]}},{"type":"Feature","properties":{"nombre":"Cuerpo de Bomberos + Defensa Civil","tipo":"Estaciones de bomberos","componente":"Equipamiento de Prevención y atención de desatres","nivel":"Zonal y Corregimental","barrio":"Parque Juan Pablo II"},"geometry":{"type":"Point","coordinates":[-75.586957,6.214947]}},{"type":"Feature","properties":{"nombre":"Sede de Acción Comunal - Vereda La Loma","componente":"Equipamientos Comunitarios","nivel":"Vecinal y Veredal","barrio":"La Loma"},"geometry":{"type":"Point","coordinates":[-75.638681,6.270283]}},{"type":"Feature","properties":{"nombre":"Sede Junta de Acción Comunal La Ilusión","componente":"Equipamientos Comunitarios","nivel":"Vecinal y Veredal","barrio":"La Ilusión"},"geometry":{"type":"Point","coordinates":[-75.632068,6.299077]}},{"type":"Feature","properties":{"nombre":"Centro Educativo Alfonso Upegui Orozco - Secundaria","componente":"Equipamiento de Educación","nivel":"Zonal y Corregimental","barrio":"Área de Expansión Pajarito"},"geometry":{"type":"Point","coordinates":[-75.610097,6.288111]}},{"type":"Feature","properties":{"nombre":"Lote Destinado a Sede Policía Retén San Cristóbal","tipo":"Fuerza pública","componente":"Equipamientos para la Fuerza Pública","nivel":"Vecinal y Veredal","barrio":"Pajarito"},"geometry":{"type":"Point","coordinates":[-75.607268,6.296441]}},{"type":"Feature","properties":{"nombre":"Unidad de Atención al Menor con Retardo","componente":"Equipamiento de Asistencia Social","nivel":"Zonal y Corregimental","barrio":"Pedregal Alto"},"geometry":{"type":"Point","coordinates":[-75.633904,6.281269]}},{"type":"Feature","properties":{"nombre":"Campo Escuela El Temprano - Boys Scout de Antioquia","componente":"Equipamiento de Recreación y Deporte","barrio":"Piedras Blancas - Matasano"},"geometry":{"type":"Point","coordinates":[-75.493653,6.274928]}},{"type":"Feature","properties":{"nombre":"Centro Educativo El Placer","componente":"Equipamiento de Educación","barrio":"El Placer"},"geometry":{"type":"Point","coordinates":[-75.490446,6.22547]}},{"type":"Feature","properties":{"nombre":"Colegio San Jose de la Salle","componente":"Equipamiento de Educación","nivel":"Zonal y Corregimental","barrio":"Las Palmas"},"geometry":{"type":"Point","coordinates":[-75.547091,6.202404]}},{"type":"Feature","properties":{"nombre":"Coliseo Piedras Blancas","componente":"Equipamiento de Recreación y Deporte","nivel":"Vecinal y Veredal","barrio":"Piedras Blancas - Matasano"},"geometry":{"type":"Point","coordinates":[-75.496957,6.27805]}},{"type":"Feature","properties":{"nombre":"Sede Accion Comunal El Llano","componente":"Equipamientos Comunitarios","nivel":"Vecinal y Veredal","barrio":"El Llano SE"},"geometry":{"type":"Point","coordinates":[-75.500381,6.201094]}},{"type":"Feature","properties":{"nombre":"Sede Accion Comunal El Plan","componente":"Equipamientos Comunitarios","nivel":"Vecinal y Veredal","barrio":"El Plan"},"geometry":{"type":"Point","coordinates":[-75.516688,6.206238]}},{"type":"Feature","properties":{"nombre":"Campo Deportivo El Rosario","componente":"Equipamiento de Recreación y Deporte","nivel":"Vecinal y Veredal","barrio":"Barro Blanco"},"geometry":{"type":"Point","coordinates":[-75.484679,6.241141]}},{"type":"Feature","properties":{"nombre":"Placa Polideportiva Institución Educativa Santa Elena","componente":"Equipamiento de Recreación y Deporte","nivel":"Vecinal y Veredal","barrio":"Santa Elena Sector Central"},"geometry":{"type":"Point","coordinates":[-75.49291,6.207489]}},{"type":"Feature","properties":{"nombre":"Planta de Potabilización de Agua EPM - La Montaña","tipo":"Prestación del servicio de acueducto","componente":"Equipamientos para la prestación de los servicios públicos","nivel":"Zonal y Corregimental","barrio":"Piedras Blancas - Matasano"},"geometry":{"type":"Point","coordinates":[-75.537522,6.280752]}},{"type":"Feature","properties":{"componente":"Equipamientos Institucionales Municipales","barrio":"El Salado"},"geometry":{"type":"Point","coordinates":[-75.629699,6.254069]}},{"type":"Feature","properties":{"componente":"Equipamientos Institucionales Municipales","barrio":"La Frontera"},"geometry":{"type":"Point","coordinates":[-75.555373,6.306373]}},{"type":"Feature","properties":{"componente":"Equipamientos Institucionales Municipales","barrio":"Nuevos Conquistadores"},"geometry":{"type":"Point","coordinates":[-75.62905,6.250552]}},{"type":"Feature","properties":{"componente":"Equipamientos Institucionales Municipales","barrio":"Villatina"},"geometry":{"type":"Point","coordinates":[-75.538635,6.233084]}},{"type":"Feature","properties":{"componente":"Equipamientos para la prestación de los servicios públicos","barrio":"Oleoducto"},"geometry":{"type":"Point","coordinates":[-75.568971,6.284558]}},{"type":"Feature","properties":{"componente":"Equipamientos Institucionales Municipales","barrio":"Ecoparque Cerro El Volador"},"geometry":{"type":"Point","coordinates":[-75.582111,6.264158]}},{"type":"Feature","properties":{"componente":"Equipamientos Institucionales Municipales","barrio":"Ecoparque Cerro El Volador"},"geometry":{"type":"Point","coordinates":[-75.580581,6.260453]}},{"type":"Feature","properties":{"componente":"Equipamientos Institucionales Municipales","barrio":"El Pomar"},"geometry":{"type":"Point","coordinates":[-75.549543,6.269143]}},{"type":"Feature","properties":{"componente":"Equipamientos Institucionales Municipales","barrio":"La Alpujarra"},"geometry":{"type":"Point","coordinates":[-75.576562,6.245613]}},{"type":"Feature","properties":{"componente":"Equipamientos Institucionales Municipales","barrio":"La Alpujarra"},"geometry":{"type":"Point","coordinates":[-75.576688,6.246263]}},{"type":"Feature","properties":{"nombre":"Cancha de Futbol Las Playas","componente":"Equipamiento de Recreación y Deporte","nivel":"Barrial y Suburbano","barrio":"Las Playas"},"geometry":{"type":"Point","coordinates":[-75.595365,6.218725]}},{"type":"Feature","properties":{"nombre":"Sección Escuela Jaqueline Kennedy","componente":"Equipamiento de Educación","nivel":"Barrial y Suburbano","barrio":"Las Playas"},"geometry":{"type":"Point","coordinates":[-75.595867,6.22215]}},{"type":"Feature","properties":{"nombre":"Canchas de Futbol San Bernardo","componente":"Equipamiento de Recreación y Deporte","nivel":"Barrial y Suburbano","barrio":"Las Playas"},"geometry":{"type":"Point","coordinates":[-75.596463,6.222039]}},{"type":"Feature","properties":{"nombre":"Hogar Comunitario Programa Buen Comienzo","componente":"Equipamiento de Asistencia Social","nivel":"Barrial y Suburbano","barrio":"Kennedy"},"geometry":{"type":"Point","coordinates":[-75.582307,6.287036]}},{"type":"Feature","properties":{"nombre":"Parque Deportivo La Maracaná","componente":"Equipamiento de Recreación y Deporte","nivel":"Zonal y Corregimental","barrio":"La Esperanza"},"geometry":{"type":"Point","coordinates":[-75.576239,6.293311]}},{"type":"Feature","properties":{"nombre":"Casa de la Cultura Francisco de Paula Santander","componente":"Equipamientos Culturales","nivel":"Barrial y Suburbano","barrio":"Santander"},"geometry":{"type":"Point","coordinates":[-75.57262,6.308673]}},{"type":"Feature","properties":{"nombre":"Cancha y Placa de Fútbol Doce de Octubre No. 1","componente":"Equipamiento de Recreación y Deporte","nivel":"Zonal y Corregimental","barrio":"Doce de Octubre No.1"},"geometry":{"type":"Point","coordinates":[-75.581027,6.308638]}},{"type":"Feature","properties":{"nombre":"Parroquia Madre Teresa de Calcuta","tipo":"Espacio para el culto","componente":"Equipamientos de Culto","nivel":"Barrial y Suburbano","barrio":"Pedregal"},"geometry":{"type":"Point","coordinates":[-75.574457,6.299031]}},{"type":"Feature","properties":{"nombre":"Deposito de Buses - Santander","tipo":"Transporte de buses","componente":"Equipamientos para el Transporte","nivel":"Zonal y Corregimental","barrio":"Santander"},"geometry":{"type":"Point","coordinates":[-75.575507,6.306968]}},{"type":"Feature","properties":{"nombre":"Institución Educativa Doce de Octubre","componente":"Equipamiento de Educación","nivel":"Zonal y Corregimental","barrio":"Santander"},"geometry":{"type":"Point","coordinates":[-75.576801,6.303304]}},{"type":"Feature","properties":{"nombre":"Institución Educativa Ciudadela Las Américas","componente":"Equipamiento de Educación","nivel":"Zonal y Corregimental","barrio":"Santander"},"geometry":{"type":"Point","coordinates":[-75.57561,6.308653]}},{"type":"Feature","properties":{"nombre":"Centro de Salud Santander","componente":"Equipamiento de Salud","nivel":"Barrial y Suburbano","barrio":"Santander"},"geometry":{"type":"Point","coordinates":[-75.574593,6.308376]}},{"type":"Feature","properties":{"nombre":"Escuela Popular Eucarística Zoraida Trujillo","componente":"Equipamiento de Educación","nivel":"Barrial y Suburbano","barrio":"Santander"},"geometry":{"type":"Point","coordinates":[-75.57388,6.308794]}},{"type":"Feature","properties":{"nombre":"Placa Polideportiva León de Greiff","componente":"Equipamiento de Recreación y Deporte","nivel":"Zonal y Corregimental","barrio":"Doce de Octubre No.2"},"geometry":{"type":"Point","coordinates":[-75.581425,6.302323]}},{"type":"Feature","properties":{"nombre":"Placa Polideportiva","componente":"Equipamiento de Recreación y Deporte","nivel":"Barrial y Suburbano","barrio":"Doce de Octubre No.2"},"geometry":{"type":"Point","coordinates":[-75.579048,6.298957]}},{"type":"Feature","properties":{"nombre":"Placa Polideportiva","componente":"Equipamiento de Recreación y Deporte","nivel":"Barrial y Suburbano","barrio":"Doce de Octubre No.2"},"geometry":{"type":"Point","coordinates":[-75.581042,6.297648]}},{"type":"Feature","properties":{"nombre":"Centro Educativo Sagrado Corazón de Jesús","componente":"Equipamiento de Educación","nivel":"Barrial y Suburbano","barrio":"Pedregal"},"geometry":{"type":"Point","coordinates":[-75.571537,6.300652]}},{"type":"Feature","properties":{"nombre":"Convento Hermanas Reparadoras del Sagrado Corazón de Jesús","tipo":"Seminarios y conventos","componente":"Equipamientos de Culto","nivel":"Barrial y Suburbano","barrio":"Pedregal"},"geometry":{"type":"Point","coordinates":[-75.571655,6.300424]}},{"type":"Feature","properties":{"nombre":"Sede Social Pedregal","componente":"Equipamientos Comunitarios","nivel":"Barrial y Suburbano","barrio":"Pedregal"},"geometry":{"type":"Point","coordinates":[-75.573743,6.300414]}},{"type":"Feature","properties":{"nombre":"Hogar Infantil Juan Matachín","componente":"Equipamiento de Asistencia Social","nivel":"Vecinal y Veredal","barrio":"Pedregal"},"geometry":{"type":"Point","coordinates":[-75.570759,6.302328]}},{"type":"Feature","properties":{"nombre":"Sección Escuela República de Cuba","componente":"Equipamiento de Educación","nivel":"Barrial y Suburbano","barrio":"La Esperanza"},"geometry":{"type":"Point","coordinates":[-75.577401,6.294005]}},{"type":"Feature","properties":{"nombre":"B. La Esperanza-Auditorio Rubén Dario Zuluaga","componente":"Equipamientos Culturales","nivel":"Barrial y Suburbano","barrio":"La Esperanza"},"geometry":{"type":"Point","coordinates":[-75.576021,6.293423]}},{"type":"Feature","properties":{"nombre":"Institución Educativa La Esperanza","componente":"Equipamiento de Educación","nivel":"Zonal y Corregimental","barrio":"La Esperanza"},"geometry":{"type":"Point","coordinates":[-75.577242,6.293179]}},{"type":"Feature","properties":{"nombre":"Sección Escuela Contranal","componente":"Equipamiento de Educación","nivel":"Barrial y Suburbano","barrio":"Pedregal"},"geometry":{"type":"Point","coordinates":[-75.576529,6.298003]}},{"type":"Feature","properties":{"nombre":"Institución Educativa Alfredo Cock Arango","componente":"Equipamiento de Educación","nivel":"Zonal y Corregimental","barrio":"Pedregal"},"geometry":{"type":"Point","coordinates":[-75.573773,6.296407]}},{"type":"Feature","properties":{"nombre":"Centro de Salud - Picachito - Metrosalud","componente":"Equipamiento de Salud","nivel":"Barrial y Suburbano","barrio":"Picacho"},"geometry":{"type":"Point","coordinates":[-75.583559,6.297792]}},{"type":"Feature","properties":{"nombre":"Placa Polideportiva Pedregal","componente":"Equipamiento de Recreación y Deporte","nivel":"Barrial y Suburbano","barrio":"Pedregal"},"geometry":{"type":"Point","coordinates":[-75.571675,6.305485]}},{"type":"Feature","properties":{"nombre":"Institución Educativa El Triunfo Santa Teresa","componente":"Equipamiento de Educación","nivel":"Barrial y Suburbano","barrio":"Doce de Octubre No.1"},"geometry":{"type":"Point","coordinates":[-75.581171,6.306681]}},{"type":"Feature","properties":{"nombre":"Club Hornachuelos de la Policía","componente":"Equipamiento de Recreación y Deporte","barrio":"Villa Flora"},"geometry":{"type":"Point","coordinates":[-75.59207,6.278664]}},{"type":"Feature","properties":{"nombre":"Universidad Nacional de Colombia-Núcleo El Volador","componente":"Equipamiento de Educación","nivel":"Metropolitano Y Regional","barrio":"Universidad Nacional"},"geometry":{"type":"Point","coordinates":[-75.577187,6.262944]}},{"type":"Feature","properties":{"nombre":"Placa Polideportiva La Campiña","componente":"Equipamiento de Recreación y Deporte","nivel":"Barrial y Suburbano","barrio":"Cucaracho"},"geometry":{"type":"Point","coordinates":[-75.603941,6.28047]}},{"type":"Feature","properties":{"nombre":"Placa Polideportiva Civiton","componente":"Equipamiento de Recreación y Deporte","nivel":"Barrial y Suburbano","barrio":"Aures No.1"},"geometry":{"type":"Point","coordinates":[-75.59283,6.285241]}},{"type":"Feature","properties":{"nombre":"Cancha de Futbol la Bombonerita","componente":"Equipamiento de Recreación y Deporte","nivel":"Vecinal y Veredal","barrio":"El Diamante"},"geometry":{"type":"Point","coordinates":[-75.589622,6.284864]}},{"type":"Feature","properties":{"nombre":"Placa Polideportiva Robledo Bello Horizonte","componente":"Equipamiento de Recreación y Deporte","nivel":"Zonal y Corregimental","barrio":"Bello Horizonte"},"geometry":{"type":"Point","coordinates":[-75.591113,6.282704]}},{"type":"Feature","properties":{"nombre":"Colegio Benedikta Zur Niedan San Javier","componente":"Equipamiento de Educación","nivel":"Zonal y Corregimental","barrio":"Campo Alegre"},"geometry":{"type":"Point","coordinates":[-75.61465,6.254067]}},{"type":"Feature","properties":{"nombre":"Parque Biblioteca San Javier","componente":"Equipamientos Culturales","nivel":"Ciudad","barrio":"Campo Alegre"},"geometry":{"type":"Point","coordinates":[-75.613583,6.254789]}},{"type":"Feature","properties":{"nombre":"Cedezo San Javier","tipo":"Institucional Municipal","componente":"Equipamientos Institucionales Municipales","nivel":"Zonal y Corregimental","barrio":"Campo Alegre"},"geometry":{"type":"Point","coordinates":[-75.613192,6.255254]}},{"type":"Feature","properties":{"nombre":"Sede Social Barrio Metropolitano","componente":"Equipamientos Comunitarios","nivel":"Barrial y Suburbano","barrio":"Metropolitano"},"geometry":{"type":"Point","coordinates":[-75.608333,6.263451]}},{"type":"Feature","properties":{"nombre":"Sección Escuela La Pradera","componente":"Equipamiento de Educación","nivel":"Barrial y Suburbano","barrio":"La Pradera"},"geometry":{"type":"Point","coordinates":[-75.61085,6.262937]}},{"type":"Feature","properties":{"nombre":"Cancha de Fútbol Fontana","componente":"Equipamiento de Recreación y Deporte","nivel":"Barrial y Suburbano","barrio":"Los Alcázares"},"geometry":{"type":"Point","coordinates":[-75.602793,6.261278]}},{"type":"Feature","properties":{"nombre":"Placa Polideportiva uriel Cadavid Sierra Los Alcázares","componente":"Equipamiento de Recreación y Deporte","nivel":"Barrial y Suburbano","barrio":"Los Alcázares"},"geometry":{"type":"Point","coordinates":[-75.605321,6.260031]}},{"type":"Feature","properties":{"nombre":"Institución Educativa CASD \" José María Espinoza Prieto\"","componente":"Equipamiento de Educación","nivel":"Zonal y Corregimental","barrio":"Pedregal"},"geometry":{"type":"Point","coordinates":[-75.57527,6.29724]}},{"type":"Feature","properties":{"nombre":"Jardín Infantil","componente":"Equipamiento de Asistencia Social","nivel":"Vecinal y Veredal","barrio":"Pedregal"},"geometry":{"type":"Point","coordinates":[-75.574774,6.299211]}},{"type":"Feature","properties":{"nombre":"Placa Polideportiva San Nicolas","componente":"Equipamiento de Recreación y Deporte","nivel":"Barrial y Suburbano","barrio":"Picacho"},"geometry":{"type":"Point","coordinates":[-75.585448,6.297595]}},{"type":"Feature","properties":{"nombre":"Sección Escuela El Pedregal","componente":"Equipamiento de Educación","nivel":"Barrial y Suburbano","barrio":"Pedregal"},"geometry":{"type":"Point","coordinates":[-75.573427,6.3037]}},{"type":"Feature","properties":{"nombre":"Placa Polideportiva y Canchas La Tinaja","componente":"Equipamiento de Recreación y Deporte","nivel":"Barrial y Suburbano","barrio":"Pedregal"},"geometry":{"type":"Point","coordinates":[-75.574066,6.303578]}},{"type":"Feature","properties":{"nombre":"Lote destinado para Escuela","componente":"Equipamiento de Educación","nivel":"Barrial y Suburbano","barrio":"San Martín de Porres"},"geometry":{"type":"Point","coordinates":[-75.581518,6.293405]}},{"type":"Feature","properties":{"nombre":"Institución Educativa Juvenil Nuevo Futuro","componente":"Equipamiento de Educación","nivel":"Barrial y Suburbano","barrio":"Doce de Octubre No.1"},"geometry":{"type":"Point","coordinates":[-75.577392,6.305765]}},{"type":"Feature","properties":{"nombre":"Universidad  Nacional de Colombia -Núcleo del Rio","componente":"Equipamiento de Educación","nivel":"Metropolitano Y Regional","barrio":"Universidad Nacional"},"geometry":{"type":"Point","coordinates":[-75.57406,6.263767]}},{"type":"Feature","properties":{"nombre":"Hermanas de La Legión de María","tipo":"Seminarios y conventos","componente":"Equipamientos de Culto","nivel":"Zonal y Corregimental","barrio":"San Germán"},"geometry":{"type":"Point","coordinates":[-75.586474,6.267627]}},{"type":"Feature","properties":{"nombre":"Parroquia San German","tipo":"Espacio para el culto","componente":"Equipamientos de Culto","nivel":"Barrial y Suburbano","barrio":"San Germán"},"geometry":{"type":"Point","coordinates":[-75.585795,6.267739]}},{"type":"Feature","properties":{"nombre":"Instituto Técnico Industrial Pascual Bravo","componente":"Equipamiento de Educación","nivel":"Metropolitano Y Regional","barrio":"Facultad de Minas"},"geometry":{"type":"Point","coordinates":[-75.587153,6.274559]}},{"type":"Feature","properties":{"nombre":"Equipamiento comunitario Urbanización Villa Flora","componente":"Equipamientos Comunitarios","barrio":"Villa Flora"},"geometry":{"type":"Point","coordinates":[-75.590966,6.27921]}},{"type":"Feature","properties":{"nombre":"Instituto Tecnológico Metropolitano - ITM","componente":"Equipamiento de Educación","nivel":"Metropolitano Y Regional","barrio":"Facultad de Minas"},"geometry":{"type":"Point","coordinates":[-75.5888,6.274705]}},{"type":"Feature","properties":{"nombre":"Placa polideportiva Fuente Clara No. 2","componente":"Equipamiento de Recreación y Deporte","nivel":"Vecinal y Veredal","barrio":"Fuente Clara"},"geometry":{"type":"Point","coordinates":[-75.604004,6.275448]}},{"type":"Feature","properties":{"nombre":"Universidad Nacional de Colombia - Facultad de Minas 3-(Ingeominas)","componente":"Equipamiento de Educación","nivel":"Metropolitano Y Regional","barrio":"Facultad de Minas"},"geometry":{"type":"Point","coordinates":[-75.589744,6.275436]}},{"type":"Feature","properties":{"nombre":"Centro de Salud - Robledo - Metrosalud","componente":"Equipamiento de Salud","nivel":"Barrial y Suburbano","barrio":"Facultad de Minas"},"geometry":{"type":"Point","coordinates":[-75.588134,6.275854]}},{"type":"Feature","properties":{"nombre":"Salón Comunal Villas de Robledal","componente":"Equipamientos Comunitarios","nivel":"Vecinal y Veredal","barrio":"Robledo"},"geometry":{"type":"Point","coordinates":[-75.596084,6.277105]}},{"type":"Feature","properties":{"nombre":"Centro Educativo Senderos Infantiles","componente":"Equipamientos Comunitarios","nivel":"Barrial y Suburbano","barrio":"La Pilarica"},"geometry":{"type":"Point","coordinates":[-75.583808,6.275481]}},{"type":"Feature","properties":{"nombre":"Hogar San Camilo","componente":"Equipamiento de Asistencia Social","barrio":"La Pilarica"},"geometry":{"type":"Point","coordinates":[-75.587595,6.278325]}},{"type":"Feature","properties":{"nombre":"Seminario La Milagrosa PP Vicentinos","componente":"Equipamiento de Educación","nivel":"Barrial y Suburbano","barrio":"La Pilarica"},"geometry":{"type":"Point","coordinates":[-75.587719,6.277287]}},{"type":"Feature","properties":{"nombre":"Parroquia San Atanasio","tipo":"Espacio para el culto","componente":"Equipamientos de Culto","nivel":"Barrial y Suburbano","barrio":"Nueva Villa de La Iguaná"},"geometry":{"type":"Point","coordinates":[-75.58076,6.259753]}},{"type":"Feature","properties":{"nombre":"Sede Social Villa Turbay","componente":"Equipamientos Comunitarios","nivel":"Barrial y Suburbano","barrio":"Villa Turbay"},"geometry":{"type":"Point","coordinates":[-75.529947,6.236174]}},{"type":"Feature","properties":{"nombre":"Placa Polideportiva Villa Turbay","componente":"Equipamiento de Recreación y Deporte","nivel":"Barrial y Suburbano","barrio":"La Sierra"},"geometry":{"type":"Point","coordinates":[-75.52881,6.236093]}},{"type":"Feature","properties":{"nombre":"Escuela Empresarial de Educacion","componente":"Equipamiento de Educación","nivel":"Barrial y Suburbano","barrio":"San Antonio"},"geometry":{"type":"Point","coordinates":[-75.534775,6.238052]}},{"type":"Feature","properties":{"nombre":"Escuela Empresarial de Educacion","componente":"Equipamiento de Educación","nivel":"Barrial y Suburbano","barrio":"San Antonio"},"geometry":{"type":"Point","coordinates":[-75.534529,6.237896]}},{"type":"Feature","properties":{"nombre":"Zona Comunal Urbanización Pradera Verde","componente":"Equipamientos Comunitarios","nivel":"Barrial y Suburbano","barrio":"El Rincón"},"geometry":{"type":"Point","coordinates":[-75.601769,6.206151]}},{"type":"Feature","properties":{"nombre":"Lote servicios colectivos públicos Urbanización Colinas del Rodeo","componente":"Equipamientos Comunitarios","nivel":"Barrial y Suburbano","barrio":"La Hondonada"},"geometry":{"type":"Point","coordinates":[-75.607765,6.205526]}},{"type":"Feature","properties":{"nombre":"Iglesia San Juan de la Cruz","tipo":"Espacio para el culto","componente":"Equipamientos de Culto","nivel":"Barrial y Suburbano","barrio":"La Palma"},"geometry":{"type":"Point","coordinates":[-75.601591,6.230866]}},{"type":"Feature","properties":{"nombre":"Escuela Republica del Perú","componente":"Equipamiento de Educación","nivel":"Barrial y Suburbano","barrio":"El Pinal"},"geometry":{"type":"Point","coordinates":[-75.54674,6.241341]}},{"type":"Feature","properties":{"nombre":"Lote de Servicios  Colectivos Urbanización Altos de San José 8357","componente":"Equipamientos Comunitarios","nivel":"Barrial y Suburbano","barrio":"El Pinal"},"geometry":{"type":"Point","coordinates":[-75.546075,6.245609]}},{"type":"Feature","properties":{"nombre":"Inspección de Policía 16A _ Belén","tipo":"Instituciones municipales encargadas de la convivencia","componente":"Equipamientos de Justicia Cercana al Ciudadano","nivel":"Zonal y Corregimental","barrio":"Belén"},"geometry":{"type":"Point","coordinates":[-75.595741,6.232954]}},{"type":"Feature","properties":{"nombre":"Institución Educativa Rosalía Suarez","componente":"Equipamiento de Educación","nivel":"Zonal y Corregimental","barrio":"Belén"},"geometry":{"type":"Point","coordinates":[-75.597394,6.232717]}},{"type":"Feature","properties":{"nombre":"Iglesia Nuestra Señora de Belén","tipo":"Espacio para el culto","componente":"Equipamientos de Culto","nivel":"Zonal y Corregimental","barrio":"Belén"},"geometry":{"type":"Point","coordinates":[-75.597419,6.232416]}},{"type":"Feature","properties":{"nombre":"Sede Social Urbanización Quintas de San Javier","componente":"Equipamientos Comunitarios","nivel":"Barrial y Suburbano","barrio":"Eduardo Santos"},"geometry":{"type":"Point","coordinates":[-75.626415,6.258431]}},{"type":"Feature","properties":{"nombre":"Placa polideportiva Quintas de San Javier No 1","componente":"Equipamiento de Recreación y Deporte","nivel":"Barrial y Suburbano","barrio":"Eduardo Santos"},"geometry":{"type":"Point","coordinates":[-75.626474,6.259383]}},{"type":"Feature","properties":{"nombre":"Iglesia Madre Reina de Todos los Santos","tipo":"Espacio para el culto","componente":"Equipamientos de Culto","nivel":"Barrial y Suburbano","barrio":"Eduardo Santos"},"geometry":{"type":"Point","coordinates":[-75.628936,6.258408]}},{"type":"Feature","properties":{"nombre":"Colegio de La Inmaculada","componente":"Equipamiento de Educación","nivel":"Zonal y Corregimental","barrio":"Las Playas"},"geometry":{"type":"Point","coordinates":[-75.598775,6.221367]}},{"type":"Feature","properties":{"nombre":"Estación Metroplus","componente":"Equipamientos para el Transporte","nivel":"Ciudad","barrio":"Rosales"},"geometry":{"type":"Point","coordinates":[-75.590998,6.231581]}},{"type":"Feature","properties":{"nombre":"Cementerio Católico de Belén","tipo":"Cementerio humanos","componente":"Equipamientos Sanitarios","nivel":"Ciudad","barrio":"Miravalle"},"geometry":{"type":"Point","coordinates":[-75.599629,6.236112]}},{"type":"Feature","properties":{"nombre":"Centro de Fracturas - La 80","componente":"Equipamiento de Salud","nivel":"Zonal y Corregimental","barrio":"Miravalle"},"geometry":{"type":"Point","coordinates":[-75.602868,6.237155]}},{"type":"Feature","properties":{"nombre":"Centro Cultural Nueva Villa de Aburrá","componente":"Equipamientos Culturales","nivel":"Barrial y Suburbano","barrio":"Nueva Villa del Aburrá"},"geometry":{"type":"Point","coordinates":[-75.605989,6.237017]}},{"type":"Feature","properties":{"nombre":"Cancha de Fútbol Villa del Aburrá","componente":"Equipamiento de Recreación y Deporte","nivel":"Barrial y Suburbano","barrio":"Nueva Villa del Aburrá"},"geometry":{"type":"Point","coordinates":[-75.605213,6.237207]}},{"type":"Feature","properties":{"nombre":"Subestación de Energía EPM - Belén Los Alpes","tipo":"Prestación del servicio de energía","componente":"Equipamientos para la prestación de los servicios públicos","nivel":"Ciudad","barrio":"Los Alpes"},"geometry":{"type":"Point","coordinates":[-75.608951,6.232825]}},{"type":"Feature","properties":{"nombre":"Estación Metroplus","tipo":"Transporte de buses","componente":"Equipamientos para el Transporte","nivel":"Ciudad","barrio":"Los Alpes"},"geometry":{"type":"Point","coordinates":[-75.609288,6.230811]}},{"type":"Feature","properties":{"nombre":"Institución Educativa República de Venezuela","componente":"Equipamiento de Educación","nivel":"Zonal y Corregimental","barrio":"Las Violetas"},"geometry":{"type":"Point","coordinates":[-75.614439,6.23482]}},{"type":"Feature","properties":{"nombre":"Sede de Acción Comunal - Barrio Belén Las Violetas","componente":"Equipamientos Comunitarios","nivel":"Barrial y Suburbano","barrio":"Las Violetas"},"geometry":{"type":"Point","coordinates":[-75.614754,6.234753]}},{"type":"Feature","properties":{"nombre":"Cancha de Fútbol y Placa Polideportiva Las Violetas","componente":"Equipamiento de Recreación y Deporte","nivel":"Barrial y Suburbano","barrio":"Las Violetas"},"geometry":{"type":"Point","coordinates":[-75.614381,6.235263]}},{"type":"Feature","properties":{"nombre":"Salón Social Alberto Puerta","componente":"Equipamientos Comunitarios","nivel":"Vecinal y Veredal","barrio":"Las Violetas"},"geometry":{"type":"Point","coordinates":[-75.615586,6.236187]}},{"type":"Feature","properties":{"nombre":"Fundación Integrar Luis Villareal - Niños Especiales","componente":"Equipamiento de Asistencia Social","barrio":"Fátima"},"geometry":{"type":"Point","coordinates":[-75.587028,6.235214]}},{"type":"Feature","properties":{"nombre":"Secretaría de Obras Públicas Bodegas Sección Parques","tipo":"Institucional Municipal","componente":"Equipamientos Institucionales Municipales","nivel":"Zonal y Corregimental","barrio":"Fátima"},"geometry":{"type":"Point","coordinates":[-75.5841,6.233524]}},{"type":"Feature","properties":{"nombre":"Institución Educativa Fatima Nutibara - Pedro Olarte Sañudo","componente":"Equipamiento de Educación","nivel":"Zonal y Corregimental","barrio":"Fátima"},"geometry":{"type":"Point","coordinates":[-75.582999,6.236755]}},{"type":"Feature","properties":{"nombre":"Unidad Deportiva de Belén-Pista de Bicicrss Andres Escobar","componente":"Equipamiento de Recreación y Deporte","nivel":"Ciudad","barrio":"Rosales"},"geometry":{"type":"Point","coordinates":[-75.588126,6.232086]}},{"type":"Feature","properties":{"nombre":"Unidad Deportiva de Belén","componente":"Equipamiento de Recreación y Deporte","nivel":"Ciudad","barrio":"Rosales"},"geometry":{"type":"Point","coordinates":[-75.588527,6.234249]}},{"type":"Feature","properties":{"nombre":"Parroquia Jesús de la Buena Esperanza","tipo":"Espacio para el culto","componente":"Equipamientos de Culto","nivel":"Barrial y Suburbano","barrio":"Rosales"},"geometry":{"type":"Point","coordinates":[-75.591273,6.234726]}},{"type":"Feature","properties":{"nombre":"Centro de Acopio de Escombros Empresas Varias de Medellín- Manzanillo","tipo":"Prestación del servicio de aseo","componente":"Equipamientos para la prestación de los servicios públicos","nivel":"Zonal y Corregimental","barrio":"Área de Expansión Belén Rincón"},"geometry":{"type":"Point","coordinates":[-75.605293,6.215758]}},{"type":"Feature","properties":{"nombre":"Jardín Rondas Infantiles","componente":"Equipamientos Comunitarios","nivel":"Barrial y Suburbano","barrio":"El Rincón"},"geometry":{"type":"Point","coordinates":[-75.603893,6.215283]}},{"type":"Feature","properties":{"nombre":"Iglesia San Bartolomé","tipo":"Espacio para el culto","componente":"Equipamientos de Culto","nivel":"Barrial y Suburbano","barrio":"El Rincón"},"geometry":{"type":"Point","coordinates":[-75.602942,6.212738]}},{"type":"Feature","properties":{"nombre":"Institución Educativa Alcaldía de Medellín","componente":"Equipamiento de Educación","nivel":"Zonal y Corregimental","barrio":"El Rincón"},"geometry":{"type":"Point","coordinates":[-75.603399,6.21257]}},{"type":"Feature","properties":{"nombre":"Iglesia Pentecostal Unida de Colombia","tipo":"Espacio para el culto","componente":"Equipamientos de Culto","nivel":"Barrial y Suburbano","barrio":"Castilla"},"geometry":{"type":"Point","coordinates":[-75.574158,6.292281]}},{"type":"Feature","properties":{"nombre":"Biblioteca Kennedy","componente":"Equipamientos Culturales","nivel":"Barrial y Suburbano","barrio":"Kennedy"},"geometry":{"type":"Point","coordinates":[-75.582624,6.287555]}},{"type":"Feature","properties":{"nombre":"Centro de Emergencia No 2. Municipio de Medellín","componente":"Equipamiento de Asistencia Social","barrio":"Altamira"},"geometry":{"type":"Point","coordinates":[-75.581633,6.278097]}},{"type":"Feature","properties":{"nombre":"Nueva E.P.S. Atención Inmediata Robledo","componente":"Equipamiento de Salud","nivel":"Zonal y Corregimental","barrio":"Altamira"},"geometry":{"type":"Point","coordinates":[-75.580956,6.278335]}},{"type":"Feature","properties":{"nombre":"Hospital Pablo Tobón Uribe","componente":"Equipamiento de Salud","nivel":"Metropolitano Y Regional","barrio":"Altamira"},"geometry":{"type":"Point","coordinates":[-75.579998,6.277165]}},{"type":"Feature","properties":{"nombre":"Sección Escuala Alfredo Cock Arango","componente":"Equipamiento de Educación","nivel":"Zonal y Corregimental","barrio":"Altamira"},"geometry":{"type":"Point","coordinates":[-75.578465,6.278102]}},{"type":"Feature","properties":{"nombre":"Institución Educativa San Vicente De  Paul","componente":"Equipamiento de Educación","nivel":"Zonal y Corregimental","barrio":"Altamira"},"geometry":{"type":"Point","coordinates":[-75.579152,6.278828]}},{"type":"Feature","properties":{"nombre":"I. Educativa San Vicente de Paul (lote)","componente":"Equipamiento de Educación","nivel":"Zonal y Corregimental","barrio":"Altamira"},"geometry":{"type":"Point","coordinates":[-75.577638,6.278768]}},{"type":"Feature","properties":{"nombre":"Cementerio Judío","tipo":"Cementerio humanos","componente":"Equipamientos Sanitarios","nivel":"Ciudad","barrio":"Córdoba"},"geometry":{"type":"Point","coordinates":[-75.575081,6.278208]}},{"type":"Feature","properties":{"nombre":"Placa Polideportiva Córdoba","componente":"Equipamiento de Recreación y Deporte","nivel":"Barrial y Suburbano","barrio":"Córdoba"},"geometry":{"type":"Point","coordinates":[-75.575002,6.278865]}},{"type":"Feature","properties":{"nombre":"Liceo San Vicente de Paul - inactivo- bodega S de Educación","componente":"Equipamiento de Educación","nivel":"Zonal y Corregimental","barrio":"Córdoba"},"geometry":{"type":"Point","coordinates":[-75.576968,6.27879]}},{"type":"Feature","properties":{"nombre":"Sede social Ciudad Central","componente":"Equipamientos Comunitarios","nivel":"Barrial y Suburbano","barrio":"Córdoba"},"geometry":{"type":"Point","coordinates":[-75.575311,6.280705]}},{"type":"Feature","properties":{"nombre":"Colegio Santa María de La Paz","componente":"Equipamiento de Educación","nivel":"Zonal y Corregimental","barrio":"Córdoba"},"geometry":{"type":"Point","coordinates":[-75.576549,6.280739]}},{"type":"Feature","properties":{"nombre":"Salón Comunal - Barrio Luis López de Mesa","componente":"Equipamientos Comunitarios","nivel":"Barrial y Suburbano","barrio":"López de  Mesa"},"geometry":{"type":"Point","coordinates":[-75.579818,6.283323]}},{"type":"Feature","properties":{"nombre":"Institución Educativa Luis López de Mesa","componente":"Equipamiento de Educación","nivel":"Barrial y Suburbano","barrio":"López de  Mesa"},"geometry":{"type":"Point","coordinates":[-75.580483,6.284109]}},{"type":"Feature","properties":{"nombre":"Placa Polideportiva Luis López de Mesa","componente":"Equipamiento de Recreación y Deporte","nivel":"Barrial y Suburbano","barrio":"López de  Mesa"},"geometry":{"type":"Point","coordinates":[-75.581188,6.284432]}},{"type":"Feature","properties":{"nombre":"Estación Metrocable Vallejuelos","tipo":"Transporte por cable","componente":"Equipamientos para el Transporte","nivel":"Ciudad","barrio":"Santa Margarita"},"geometry":{"type":"Point","coordinates":[-75.614012,6.275366]}},{"type":"Feature","properties":{"nombre":"Cancha de Futbol Aures","componente":"Equipamiento de Recreación y Deporte","nivel":"Barrial y Suburbano","barrio":"Aures No.2"},"geometry":{"type":"Point","coordinates":[-75.590386,6.292979]}},{"type":"Feature","properties":{"nombre":"Placa Polideportiva Aures La Torre","componente":"Equipamiento de Recreación y Deporte","nivel":"Barrial y Suburbano","barrio":"Aures No.1"},"geometry":{"type":"Point","coordinates":[-75.593585,6.288272]}},{"type":"Feature","properties":{"nombre":"Iglesia Santa María La Virgen","tipo":"Espacio para el culto","componente":"Equipamientos de Culto","nivel":"Barrial y Suburbano","barrio":"López de  Mesa"},"geometry":{"type":"Point","coordinates":[-75.581296,6.283772]}},{"type":"Feature","properties":{"nombre":"Caseta Comunal URB. Villa Robledo. El Diamante","componente":"Equipamientos Comunitarios","nivel":"Vecinal y Veredal","barrio":"El Diamante"},"geometry":{"type":"Point","coordinates":[-75.588008,6.286441]}},{"type":"Feature","properties":{"nombre":"Parque Biblioteca Tomás Carrasquilla","componente":"Equipamientos Culturales","nivel":"Ciudad","barrio":"López de  Mesa"},"geometry":{"type":"Point","coordinates":[-75.583489,6.285487]}},{"type":"Feature","properties":{"nombre":"I.E. San Vicente de Paul:Sede Diamante Bachillerato","componente":"Equipamiento de Educación","nivel":"Barrial y Suburbano","barrio":"El Diamante"},"geometry":{"type":"Point","coordinates":[-75.588632,6.28647]}},{"type":"Feature","properties":{"nombre":"Caseta de Acción Comunal","componente":"Equipamientos Comunitarios","nivel":"Vecinal y Veredal","barrio":"El Diamante"},"geometry":{"type":"Point","coordinates":[-75.588974,6.285721]}},{"type":"Feature","properties":{"nombre":"Iglesia Nuestra Señora de La Esperanza","tipo":"Espacio para el culto","componente":"Equipamientos de Culto","nivel":"Barrial y Suburbano","barrio":"El Diamante"},"geometry":{"type":"Point","coordinates":[-75.587483,6.285502]}},{"type":"Feature","properties":{"nombre":"I. E. San Vivente de Paul Sección Escuela El Diamante","componente":"Equipamiento de Educación","nivel":"Barrial y Suburbano","barrio":"El Diamante"},"geometry":{"type":"Point","coordinates":[-75.587301,6.285272]}},{"type":"Feature","properties":{"nombre":"Casa de Justicia Comuna 7","tipo":"Casas de justicia","componente":"Equipamientos de Justicia Cercana al Ciudadano","nivel":"Zonal y Corregimental","barrio":"El Diamante"},"geometry":{"type":"Point","coordinates":[-75.584929,6.284606]}},{"type":"Feature","properties":{"nombre":"Hogar El Perpetuo Socorro. Centro Familiar Ciristiano","componente":"Equipamiento de Asistencia Social","barrio":"El Diamante"},"geometry":{"type":"Point","coordinates":[-75.584207,6.283335]}},{"type":"Feature","properties":{"nombre":"Colegio Guillermo Taborda","componente":"Equipamiento de Educación","nivel":"Zonal y Corregimental","barrio":"El Diamante"},"geometry":{"type":"Point","coordinates":[-75.585735,6.282878]}},{"type":"Feature","properties":{"nombre":"Colegio Panamericano Colombo Sueco-Primaria","componente":"Equipamiento de Educación","nivel":"Zonal y Corregimental","barrio":"El Diamante"},"geometry":{"type":"Point","coordinates":[-75.58747,6.283222]}},{"type":"Feature","properties":{"nombre":"Colegio Panamericano Colombo Sueco-Bachillerato","componente":"Equipamiento de Educación","nivel":"Zonal y Corregimental","barrio":"El Diamante"},"geometry":{"type":"Point","coordinates":[-75.586372,6.282242]}},{"type":"Feature","properties":{"nombre":"Universidad Santo Tomás","componente":"Equipamiento de Educación","nivel":"Ciudad","barrio":"Bello Horizonte"},"geometry":{"type":"Point","coordinates":[-75.58753,6.280282]}},{"type":"Feature","properties":{"nombre":"Universidad Santo Tomás","componente":"Equipamiento de Educación","nivel":"Ciudad","barrio":"Bello Horizonte"},"geometry":{"type":"Point","coordinates":[-75.588234,6.280921]}},{"type":"Feature","properties":{"nombre":"Colegio Externado Patria","componente":"Equipamiento de Educación","nivel":"Zonal y Corregimental","barrio":"Bello Horizonte"},"geometry":{"type":"Point","coordinates":[-75.588996,6.28107]}},{"type":"Feature","properties":{"nombre":"Institución Educativa Bello Horizonte","componente":"Equipamiento de Educación","nivel":"Zonal y Corregimental","barrio":"Bello Horizonte"},"geometry":{"type":"Point","coordinates":[-75.590973,6.282495]}},{"type":"Feature","properties":{"nombre":"Colegio Gimnasio Guayacanes","componente":"Equipamiento de Educación","nivel":"Zonal y Corregimental","barrio":"Villa Flora"},"geometry":{"type":"Point","coordinates":[-75.588661,6.280164]}},{"type":"Feature","properties":{"nombre":"Iglesia Santo Tomás de Aquino","tipo":"Espacio para el culto","componente":"Equipamientos de Culto","nivel":"Barrial y Suburbano","barrio":"Villa Flora"},"geometry":{"type":"Point","coordinates":[-75.589998,6.277627]}},{"type":"Feature","properties":{"nombre":"Corporación Educativa ESUMER","componente":"Equipamiento de Educación","nivel":"Ciudad","barrio":"Villa Flora"},"geometry":{"type":"Point","coordinates":[-75.590722,6.277632]}},{"type":"Feature","properties":{"nombre":"Institución Educativa Villa Flora","componente":"Equipamiento de Educación","nivel":"Zonal y Corregimental","barrio":"Villa Flora"},"geometry":{"type":"Point","coordinates":[-75.592652,6.279959]}},{"type":"Feature","properties":{"nombre":"Seminario Bíblico de Colombia","tipo":"Seminarios y conventos","componente":"Equipamientos de Culto","nivel":"Zonal y Corregimental","barrio":"Villa Flora"},"geometry":{"type":"Point","coordinates":[-75.593395,6.280053]}},{"type":"Feature","properties":{"nombre":"Instituto Conrado González Mejía","componente":"Equipamiento de Educación","nivel":"Zonal y Corregimental","barrio":"Villa Flora"},"geometry":{"type":"Point","coordinates":[-75.593149,6.279048]}},{"type":"Feature","properties":{"nombre":"Sección Escuela Pedro Nel Ospina","componente":"Equipamiento de Educación","nivel":"Barrial y Suburbano","barrio":"Santa Margarita"},"geometry":{"type":"Point","coordinates":[-75.616824,6.276733]}},{"type":"Feature","properties":{"nombre":"Sección Escuela Santa Margarita","componente":"Equipamiento de Educación","nivel":"Barrial y Suburbano","barrio":"Santa Margarita"},"geometry":{"type":"Point","coordinates":[-75.615914,6.276554]}},{"type":"Feature","properties":{"nombre":"Parroquia Santa Margarita María de Alacoque","tipo":"Espacio para el culto","componente":"Equipamientos de Culto","nivel":"Barrial y Suburbano","barrio":"Santa Margarita"},"geometry":{"type":"Point","coordinates":[-75.616219,6.275454]}},{"type":"Feature","properties":{"nombre":"Institución Educativa Vallejuelos","componente":"Equipamiento de Educación","nivel":"Zonal y Corregimental","barrio":"Santa Margarita"},"geometry":{"type":"Point","coordinates":[-75.614447,6.276841]}},{"type":"Feature","properties":{"nombre":"Centro de Integración Barrial Santa Margarita","componente":"Equipamientos Comunitarios","nivel":"Barrial y Suburbano","barrio":"Santa Margarita"},"geometry":{"type":"Point","coordinates":[-75.616196,6.274614]}},{"type":"Feature","properties":{"nombre":"Templo Comedor del Corazón Teresa Benedicta de la Cruz","componente":"Equipamientos Comunitarios","nivel":"Barrial y Suburbano","barrio":"Santa Margarita"},"geometry":{"type":"Point","coordinates":[-75.61226,6.276664]}},{"type":"Feature","properties":{"nombre":"Lote destinado equipamiento educativo","componente":"Equipamiento de Educación","barrio":"Fuente Clara"},"geometry":{"type":"Point","coordinates":[-75.606071,6.278785]}},{"type":"Feature","properties":{"nombre":"Lote destinado equipamiento educativo","componente":"Equipamiento de Educación","barrio":"Fuente Clara"},"geometry":{"type":"Point","coordinates":[-75.606266,6.278982]}},{"type":"Feature","properties":{"nombre":"Tanque de Bombeo del Acueducto EPM - Cucaracho","tipo":"Prestación del servicio de acueducto","componente":"Equipamientos para la prestación de los servicios públicos","nivel":"Ciudad","barrio":"Pajarito"},"geometry":{"type":"Point","coordinates":[-75.607656,6.283762]}},{"type":"Feature","properties":{"nombre":"Noviciado Nazareth Hermanas Capuchinas","tipo":"Seminarios y conventos","componente":"Equipamientos de Culto","nivel":"Barrial y Suburbano","barrio":"Pajarito"},"geometry":{"type":"Point","coordinates":[-75.606377,6.282987]}},{"type":"Feature","properties":{"nombre":"Centro Educativo Fundación Solidaria La Visitación","componente":"Equipamientos Comunitarios","nivel":"Barrial y Suburbano","barrio":"Pajarito"},"geometry":{"type":"Point","coordinates":[-75.606867,6.282757]}},{"type":"Feature","properties":{"nombre":"Salón Comunal Atlántida 1","componente":"Equipamientos Comunitarios","nivel":"Vecinal y Veredal","barrio":"Pajarito"},"geometry":{"type":"Point","coordinates":[-75.60514,6.282375]}},{"type":"Feature","properties":{"nombre":"Institución Educativa Barrio Olaya Herrera","componente":"Equipamiento de Educación","nivel":"Zonal y Corregimental","barrio":"Olaya Herrera"},"geometry":{"type":"Point","coordinates":[-75.60981,6.273939]}},{"type":"Feature","properties":{"nombre":"Institución Educativa Camilo Mora Carrasquilla","componente":"Equipamiento de Educación","nivel":"Zonal y Corregimental","barrio":"Fuente Clara"},"geometry":{"type":"Point","coordinates":[-75.60621,6.278384]}},{"type":"Feature","properties":{"nombre":"Piscina Atlántida 1","componente":"Equipamiento de Recreación y Deporte","nivel":"Vecinal y Veredal","barrio":"Pajarito"},"geometry":{"type":"Point","coordinates":[-75.604729,6.283136]}},{"type":"Feature","properties":{"nombre":"Centro de Atención al menor infractor Carlos Lleras Restrepo","tipo":"Centros de reclusión","componente":"Equipamiento para la Administración de Justicia","nivel":"Ciudad","barrio":"Área de Expansión Pajarito"},"geometry":{"type":"Point","coordinates":[-75.602882,6.28662]}},{"type":"Feature","properties":{"nombre":"Parroquia San Irineo","tipo":"Espacio para el culto","componente":"Equipamientos de Culto","nivel":"Barrial y Suburbano","barrio":"Cucaracho"},"geometry":{"type":"Point","coordinates":[-75.603443,6.282403]}},{"type":"Feature","properties":{"nombre":"Estación de Acueducto de Bombeo EPM El Porvenir","tipo":"Prestación del servicio de acueducto","componente":"Equipamientos para la prestación de los servicios públicos","nivel":"Ciudad","barrio":"Cucaracho"},"geometry":{"type":"Point","coordinates":[-75.601213,6.284191]}},{"type":"Feature","properties":{"nombre":"Lote servicios colectivos","componente":"Equipamientos Comunitarios","nivel":"Barrial y Suburbano","barrio":"Cucaracho"},"geometry":{"type":"Point","coordinates":[-75.603259,6.282412]}},{"type":"Feature","properties":{"nombre":"Misioneros Cambonianos","tipo":"Seminarios y conventos","componente":"Equipamientos de Culto","nivel":"Barrial y Suburbano","barrio":"Cucaracho"},"geometry":{"type":"Point","coordinates":[-75.598971,6.280578]}},{"type":"Feature","properties":{"nombre":"Colegio Sagrados Corazones","componente":"Equipamiento de Educación","nivel":"Zonal y Corregimental","barrio":"Cucaracho"},"geometry":{"type":"Point","coordinates":[-75.597773,6.278795]}},{"type":"Feature","properties":{"nombre":"Convento Santa María de Los Angeles","tipo":"Seminarios y conventos","componente":"Equipamientos de Culto","barrio":"Cucaracho"},"geometry":{"type":"Point","coordinates":[-75.598236,6.279628]}},{"type":"Feature","properties":{"nombre":"Comunidad de Hermanas Misioneras","tipo":"Seminarios y conventos","componente":"Equipamientos de Culto","barrio":"Cucaracho"},"geometry":{"type":"Point","coordinates":[-75.598514,6.278965]}},{"type":"Feature","properties":{"nombre":"Noviciado Paulino Divino Maestro","tipo":"Seminarios y conventos","componente":"Equipamientos de Culto","nivel":"Barrial y Suburbano","barrio":"Palenque"},"geometry":{"type":"Point","coordinates":[-75.59668,6.282421]}},{"type":"Feature","properties":{"nombre":"Tanque de Agua EPM Robledo Palenque","tipo":"Prestación del servicio de acueducto","componente":"Equipamientos para la prestación de los servicios públicos","nivel":"Ciudad","barrio":"Palenque"},"geometry":{"type":"Point","coordinates":[-75.595742,6.28091]}},{"type":"Feature","properties":{"nombre":"Institución Educativa Mariscal Robledo","componente":"Equipamiento de Educación","nivel":"Zonal y Corregimental","barrio":"Robledo"},"geometry":{"type":"Point","coordinates":[-75.595886,6.275213]}},{"type":"Feature","properties":{"nombre":"Inspección de Policía7A Robledo","tipo":"Instituciones municipales encargadas de la convivencia","componente":"Equipamientos de Justicia Cercana al Ciudadano","nivel":"Zonal y Corregimental","barrio":"Robledo"},"geometry":{"type":"Point","coordinates":[-75.596415,6.275273]}},{"type":"Feature","properties":{"nombre":"Parque Deportivio Robledo","componente":"Equipamiento de Recreación y Deporte","nivel":"Ciudad","barrio":"Robledo"},"geometry":{"type":"Point","coordinates":[-75.596379,6.273395]}},{"type":"Feature","properties":{"nombre":"Escuela y Guardería Universidad Nacional de Colombia - Sede Medellín","componente":"Equipamiento de Educación","nivel":"Zonal y Corregimental","barrio":"Palenque"},"geometry":{"type":"Point","coordinates":[-75.595537,6.279876]}},{"type":"Feature","properties":{"nombre":"Institución Educativa Tomás Carrasquilla No. 2","componente":"Equipamiento de Educación","nivel":"Barrial y Suburbano","barrio":"Palenque"},"geometry":{"type":"Point","coordinates":[-75.595616,6.279193]}},{"type":"Feature","properties":{"nombre":"Sede Social Robledo Palenque","componente":"Equipamientos Comunitarios","nivel":"Barrial y Suburbano","barrio":"Palenque"},"geometry":{"type":"Point","coordinates":[-75.596125,6.278845]}},{"type":"Feature","properties":{"nombre":"Colegio Musical las Cometas","componente":"Equipamiento de Educación","nivel":"Barrial y Suburbano","barrio":"Robledo"},"geometry":{"type":"Point","coordinates":[-75.597815,6.277198]}},{"type":"Feature","properties":{"nombre":"Hermanas del Famulato Cristiano","tipo":"Seminarios y conventos","componente":"Equipamientos de Culto","nivel":"Zonal y Corregimental","barrio":"Robledo"},"geometry":{"type":"Point","coordinates":[-75.594702,6.274194]}},{"type":"Feature","properties":{"nombre":"Instituto Corferrini Sede Robledo","componente":"Equipamiento de Educación","nivel":"Zonal y Corregimental","barrio":"Robledo"},"geometry":{"type":"Point","coordinates":[-75.595782,6.276519]}},{"type":"Feature","properties":{"nombre":"Parroquia Nuestra Señora de Los Dolores","tipo":"Espacio para el culto","componente":"Equipamientos de Culto","nivel":"Barrial y Suburbano","barrio":"Robledo"},"geometry":{"type":"Point","coordinates":[-75.595688,6.276338]}},{"type":"Feature","properties":{"nombre":"Sede Social Robledo Parque","componente":"Equipamientos Comunitarios","nivel":"Barrial y Suburbano","barrio":"Robledo"},"geometry":{"type":"Point","coordinates":[-75.595446,6.275751]}},{"type":"Feature","properties":{"nombre":"Instituto San Fernando Ferrini","componente":"Equipamiento de Educación","nivel":"Zonal y Corregimental","barrio":"Palenque"},"geometry":{"type":"Point","coordinates":[-75.592586,6.277484]}},{"type":"Feature","properties":{"nombre":"Placa Polideportiva Villa Flora","componente":"Equipamiento de Recreación y Deporte","nivel":"Vecinal y Veredal","barrio":"Villa Flora"},"geometry":{"type":"Point","coordinates":[-75.591167,6.279908]}},{"type":"Feature","properties":{"nombre":"Placa Polideportiva María Auxiliadora","componente":"Equipamiento de Recreación y Deporte","nivel":"Vecinal y Veredal","barrio":"Córdoba"},"geometry":{"type":"Point","coordinates":[-75.576614,6.281007]}},{"type":"Feature","properties":{"nombre":"Hogar Infantil Brisas de Robledo","componente":"Equipamientos Comunitarios","nivel":"Barrial y Suburbano","barrio":"Aures No.2"},"geometry":{"type":"Point","coordinates":[-75.586284,6.292269]}},{"type":"Feature","properties":{"nombre":"Cancha de Futbol El Tierrero","componente":"Equipamiento de Recreación y Deporte","nivel":"Zonal y Corregimental","barrio":"Altamira"},"geometry":{"type":"Point","coordinates":[-75.5789,6.278373]}},{"type":"Feature","properties":{"nombre":"Placa de Baloncesto Massavielle","componente":"Equipamiento de Recreación y Deporte","nivel":"Barrial y Suburbano","barrio":"Robledo"},"geometry":{"type":"Point","coordinates":[-75.599834,6.275221]}},{"type":"Feature","properties":{"nombre":"Cancha de Futbol Massavielle","componente":"Equipamiento de Recreación y Deporte","nivel":"Barrial y Suburbano","barrio":"Robledo"},"geometry":{"type":"Point","coordinates":[-75.599424,6.274871]}},{"type":"Feature","properties":{"nombre":"Placa Polideportiva Multifamiliares La Iguaná","componente":"Equipamiento de Recreación y Deporte","nivel":"Barrial y Suburbano","barrio":"San Germán"},"geometry":{"type":"Point","coordinates":[-75.588133,6.266673]}},{"type":"Feature","properties":{"nombre":"Placa Polideportiva Santa Margarita","componente":"Equipamiento de Recreación y Deporte","nivel":"Barrial y Suburbano","barrio":"Santa Margarita"},"geometry":{"type":"Point","coordinates":[-75.617983,6.275211]}},{"type":"Feature","properties":{"nombre":"Cancha de Futbol Vallejuelos","componente":"Equipamiento de Recreación y Deporte","nivel":"Barrial y Suburbano","barrio":"Santa Margarita"},"geometry":{"type":"Point","coordinates":[-75.614999,6.276933]}},{"type":"Feature","properties":{"nombre":"Religiosas Adoratrices Robledo Villa Flora","tipo":"Seminarios y conventos","componente":"Equipamientos de Culto","nivel":"Barrial y Suburbano","barrio":"Aures No.1"},"geometry":{"type":"Point","coordinates":[-75.593243,6.281438]}},{"type":"Feature","properties":{"nombre":"Biblioteca Fernando Gómez Martínez","componente":"Equipamientos Culturales","nivel":"Zonal y Corregimental","barrio":"Aures No.1"},"geometry":{"type":"Point","coordinates":[-75.592455,6.283096]}},{"type":"Feature","properties":{"nombre":"Institución Educativa Jesús Rey","componente":"Equipamiento de Educación","nivel":"Zonal y Corregimental","barrio":"Aures No.1"},"geometry":{"type":"Point","coordinates":[-75.592065,6.283529]}},{"type":"Feature","properties":{"nombre":"Guardería Villa La Candelaria","componente":"Equipamientos Comunitarios","nivel":"Barrial y Suburbano","barrio":"Aures No.1"},"geometry":{"type":"Point","coordinates":[-75.591941,6.284038]}},{"type":"Feature","properties":{"nombre":"Iglesia San Felipe Neri","tipo":"Espacio para el culto","componente":"Equipamientos de Culto","nivel":"Barrial y Suburbano","barrio":"Aures No.1"},"geometry":{"type":"Point","coordinates":[-75.591533,6.28484]}},{"type":"Feature","properties":{"nombre":"Institución Educativa Fé y Alegría Villa de La Candelaria","componente":"Equipamiento de Educación","nivel":"Zonal y Corregimental","barrio":"Aures No.1"},"geometry":{"type":"Point","coordinates":[-75.593792,6.285112]}},{"type":"Feature","properties":{"nombre":"Centro de Salud - Aures_Civitón - Metrosalud","componente":"Equipamiento de Salud","nivel":"Barrial y Suburbano","barrio":"Aures No.1"},"geometry":{"type":"Point","coordinates":[-75.593225,6.285197]}},{"type":"Feature","properties":{"nombre":"Parroquia San Francisco de Sales","tipo":"Espacio para el culto","componente":"Equipamientos de Culto","nivel":"Barrial y Suburbano","barrio":"Aures No.1"},"geometry":{"type":"Point","coordinates":[-75.593858,6.288383]}},{"type":"Feature","properties":{"nombre":"Sección Escuela Aures","componente":"Equipamiento de Educación","nivel":"Barrial y Suburbano","barrio":"Aures No.1"},"geometry":{"type":"Point","coordinates":[-75.594168,6.288761]}},{"type":"Feature","properties":{"nombre":"Centro Comunitario \"Damas Salesianas\"","componente":"Equipamientos Comunitarios","nivel":"Vecinal y Veredal","barrio":"Aures No.1"},"geometry":{"type":"Point","coordinates":[-75.595748,6.290486]}},{"type":"Feature","properties":{"nombre":"Ciudad Don Bosco","componente":"Equipamiento de Educación","nivel":"Zonal y Corregimental","barrio":"Pajarito"},"geometry":{"type":"Point","coordinates":[-75.598887,6.293848]}},{"type":"Feature","properties":{"nombre":"Liceo Rodrigo Arenas Betancourt","componente":"Equipamiento de Educación","nivel":"Barrial y Suburbano","barrio":"Aures No.2"},"geometry":{"type":"Point","coordinates":[-75.593895,6.29247]}},{"type":"Feature","properties":{"nombre":"Institución Educativa Fe y Alegría + Casa Hermanos Pasionistas","componente":"Equipamiento de Educación","nivel":"Barrial y Suburbano","barrio":"El Picacho"},"geometry":{"type":"Point","coordinates":[-75.591701,6.295857]}},{"type":"Feature","properties":{"nombre":"Parroquia San Ignacio Mártir","tipo":"Espacio para el culto","componente":"Equipamientos de Culto","nivel":"Barrial y Suburbano","barrio":"Aures No.2"},"geometry":{"type":"Point","coordinates":[-75.589364,6.292267]}},{"type":"Feature","properties":{"nombre":"Institución Educativa Fé y Alegría San José","componente":"Equipamiento de Educación","nivel":"Barrial y Suburbano","barrio":"Aures No.2"},"geometry":{"type":"Point","coordinates":[-75.590014,6.291308]}},{"type":"Feature","properties":{"nombre":"Subestación de Energía EPM - Bello Horizonte","tipo":"Prestación del servicio de energía","componente":"Equipamientos para la prestación de los servicios públicos","nivel":"Ciudad","barrio":"Aures No.2"},"geometry":{"type":"Point","coordinates":[-75.589444,6.287396]}},{"type":"Feature","properties":{"nombre":"Sección Escuela La Portada","componente":"Equipamiento de Educación","nivel":"Barrial y Suburbano","barrio":"Aures No.2"},"geometry":{"type":"Point","coordinates":[-75.589127,6.2881]}},{"type":"Feature","properties":{"nombre":"Caseta Acción Comunal","componente":"Equipamientos Comunitarios","nivel":"Barrial y Suburbano","barrio":"Aures No.2"},"geometry":{"type":"Point","coordinates":[-75.588339,6.288469]}},{"type":"Feature","properties":{"nombre":"Parroquia María Madre de la Eucaristía","tipo":"Espacio para el culto","componente":"Equipamientos de Culto","nivel":"Barrial y Suburbano","barrio":"Aures No.2"},"geometry":{"type":"Point","coordinates":[-75.592286,6.293624]}},{"type":"Feature","properties":{"nombre":"Centro de Salud - San Camilo - Metrosalud + Centro Integrado de Atención Comunitaria San Camilo","componente":"Equipamiento de Salud","nivel":"Barrial y Suburbano","barrio":"El Diamante"},"geometry":{"type":"Point","coordinates":[-75.587308,6.288661]}},{"type":"Feature","properties":{"nombre":"Parroquia San Ambrosio","tipo":"Espacio para el culto","componente":"Equipamientos de Culto","nivel":"Barrial y Suburbano","barrio":"Altamira"},"geometry":{"type":"Point","coordinates":[-75.581803,6.281061]}},{"type":"Feature","properties":{"nombre":"Servicios comunales Urb Nebraska","componente":"Equipamientos Comunitarios","nivel":"Barrial y Suburbano","barrio":"Palenque"},"geometry":{"type":"Point","coordinates":[-75.592566,6.277056]}},{"type":"Feature","properties":{"nombre":"Servicios Colectivos Manantiales de Robledo","componente":"Equipamientos Comunitarios","nivel":"Barrial y Suburbano","barrio":"Palenque"},"geometry":{"type":"Point","coordinates":[-75.596716,6.283506]}},{"type":"Feature","properties":{"nombre":"Servicios comunales Urbanización Multifamiliar La Iguaná","componente":"Equipamientos Comunitarios","nivel":"Barrial y Suburbano","barrio":"San Germán"},"geometry":{"type":"Point","coordinates":[-75.587914,6.266502]}},{"type":"Feature","properties":{"nombre":"Institución Educativa Rafael García Herreros","componente":"Equipamiento de Educación","nivel":"Zonal y Corregimental","barrio":"Cucaracho"},"geometry":{"type":"Point","coordinates":[-75.601474,6.278574]}},{"type":"Feature","properties":{"nombre":"Lote servicios Colectivos Urb Tulipanes de robledo","componente":"Equipamientos Comunitarios","nivel":"Barrial y Suburbano","barrio":"Cucaracho"},"geometry":{"type":"Point","coordinates":[-75.601205,6.282324]}},{"type":"Feature","properties":{"nombre":"Salón Social Urbanización Cañaveral","componente":"Equipamientos Comunitarios","nivel":"Barrial y Suburbano","barrio":"Pajarito"},"geometry":{"type":"Point","coordinates":[-75.605974,6.282016]}},{"type":"Feature","properties":{"nombre":"Colegio Mayor de Antioquia","componente":"Equipamiento de Educación","nivel":"Metropolitano Y Regional","barrio":"Facultad de Minas"},"geometry":{"type":"Point","coordinates":[-75.591164,6.273367]}},{"type":"Feature","properties":{"nombre":"Universidad Nacional de Colombia - Facultad de Minas 1-2","componente":"Equipamiento de Educación","nivel":"Metropolitano Y Regional","barrio":"Facultad de Minas"},"geometry":{"type":"Point","coordinates":[-75.591966,6.275009]}},{"type":"Feature","properties":{"nombre":"Universidad Adventista","componente":"Equipamiento de Educación","nivel":"Ciudad","barrio":"La Castellana"},"geometry":{"type":"Point","coordinates":[-75.610844,6.23996]}},{"type":"Feature","properties":{"nombre":"Colegio Corazonista","componente":"Equipamiento de Educación","nivel":"Zonal y Corregimental","barrio":"La Castellana"},"geometry":{"type":"Point","coordinates":[-75.607016,6.242755]}},{"type":"Feature","properties":{"nombre":"Colegio Santa Clara de Asis","componente":"Equipamiento de Educación","nivel":"Zonal y Corregimental","barrio":"La Castellana"},"geometry":{"type":"Point","coordinates":[-75.604599,6.242757]}},{"type":"Feature","properties":{"nombre":"Iglesia Santa Gema","tipo":"Espacio para el culto","componente":"Equipamientos de Culto","nivel":"Barrial y Suburbano","barrio":"La Castellana"},"geometry":{"type":"Point","coordinates":[-75.60357,6.239116]}},{"type":"Feature","properties":{"nombre":"Institución Educativa Lucrecio Jaramillo Vélez","componente":"Equipamiento de Educación","nivel":"Zonal y Corregimental","barrio":"Lorena"},"geometry":{"type":"Point","coordinates":[-75.599505,6.246279]}},{"type":"Feature","properties":{"nombre":"Iglesia de Nuestra Señora de La Consolata","tipo":"Espacio para el culto","componente":"Equipamientos de Culto","nivel":"Zonal y Corregimental","barrio":"Lorena"},"geometry":{"type":"Point","coordinates":[-75.598244,6.248944]}},{"type":"Feature","properties":{"nombre":"Estación de Policía Laureles","tipo":"Instituciones municipales encargadas de la convivencia","componente":"Equipamientos de Justicia Cercana al Ciudadano","nivel":"Zonal y Corregimental","barrio":"Lorena"},"geometry":{"type":"Point","coordinates":[-75.595011,6.248021]}},{"type":"Feature","properties":{"nombre":"Universidad Pontificia Bolivariana U.P.B","componente":"Equipamiento de Educación","nivel":"Metropolitano Y Regional","barrio":"U.P.B"},"geometry":{"type":"Point","coordinates":[-75.589514,6.242117]}},{"type":"Feature","properties":{"nombre":"Clínica Oftafmológica de Laureles 1","componente":"Equipamiento de Salud","nivel":"Zonal y Corregimental","barrio":"Bolivariana"},"geometry":{"type":"Point","coordinates":[-75.592768,6.242662]}},{"type":"Feature","properties":{"nombre":"Clínica Oftafmológica de Laureles 2","componente":"Equipamiento de Salud","nivel":"Zonal y Corregimental","barrio":"Bolivariana"},"geometry":{"type":"Point","coordinates":[-75.592313,6.24326]}},{"type":"Feature","properties":{"nombre":"Universidad Pontificia Bolivariana - Centro de Atención Psicológica","componente":"Equipamiento de Educación","nivel":"Metropolitano Y Regional","barrio":"Bolivariana"},"geometry":{"type":"Point","coordinates":[-75.591641,6.243847]}},{"type":"Feature","properties":{"nombre":"Centro de Familia - Unidad Pontificia Bolivariana","componente":"Equipamientos Comunitarios","nivel":"Zonal y Corregimental","barrio":"Bolivariana"},"geometry":{"type":"Point","coordinates":[-75.591692,6.245067]}},{"type":"Feature","properties":{"nombre":"Planta de Teléfonos EPM - Laureles","tipo":"Prestación del servicio de telecomunicaciones","componente":"Equipamientos para la prestación de los servicios públicos","nivel":"Ciudad","barrio":"Laureles"},"geometry":{"type":"Point","coordinates":[-75.596681,6.247225]}},{"type":"Feature","properties":{"nombre":"Iglesia Santa Teresita del Niño Jesús","tipo":"Espacio para el culto","componente":"Equipamientos de Culto","nivel":"Barrial y Suburbano","barrio":"Laureles"},"geometry":{"type":"Point","coordinates":[-75.596611,6.242077]}},{"type":"Feature","properties":{"nombre":"Coral Tomás Luis de Victoria","componente":"Equipamientos Culturales","nivel":"Zonal y Corregimental","barrio":"Laureles"},"geometry":{"type":"Point","coordinates":[-75.593801,6.246023]}},{"type":"Feature","properties":{"nombre":"Clínica Colombiana de Implantes Dentales","componente":"Equipamiento de Salud","nivel":"Zonal y Corregimental","barrio":"Laureles"},"geometry":{"type":"Point","coordinates":[-75.596603,6.240618]}},{"type":"Feature","properties":{"nombre":"Institución Educativa Mater Dei","componente":"Equipamiento de Educación","nivel":"Barrial y Suburbano","barrio":"San Joaquín"},"geometry":{"type":"Point","coordinates":[-75.585702,6.247637]}},{"type":"Feature","properties":{"nombre":"Parroquia Madre del Verbo Divino","tipo":"Espacio para el culto","componente":"Equipamientos de Culto","nivel":"Barrial y Suburbano","barrio":"San Joaquín"},"geometry":{"type":"Point","coordinates":[-75.584168,6.247284]}},{"type":"Feature","properties":{"nombre":"CORANTIOQUIA","tipo":"Institucional Regional","componente":"Equipamientos Institucionales Regionales","nivel":"Metropolitano Y Regional","barrio":"Naranjal"},"geometry":{"type":"Point","coordinates":[-75.582768,6.249765]}},{"type":"Feature","properties":{"nombre":"Biblioteca Pública Piloto - BPP","componente":"Equipamientos Culturales","nivel":"Metropolitano Y Regional","barrio":"Carlos E. Restrepo"},"geometry":{"type":"Point","coordinates":[-75.577434,6.255439]}},{"type":"Feature","properties":{"nombre":"Estación Metro Suramericana","tipo":"Transporte ferroviario","componente":"Equipamientos para el Transporte","nivel":"Metropolitano Y Regional","barrio":"Naranjal"},"geometry":{"type":"Point","coordinates":[-75.582958,6.252976]}},{"type":"Feature","properties":{"nombre":"Subestación Central de Energía EPM - Suramericana","tipo":"Prestación del servicio de energía","componente":"Equipamientos para la prestación de los servicios públicos","nivel":"Ciudad","barrio":"Suramericana"},"geometry":{"type":"Point","coordinates":[-75.579648,6.252501]}},{"type":"Feature","properties":{"nombre":"Colegio San Ignacio de Loyola","componente":"Equipamiento de Educación","nivel":"Zonal y Corregimental","barrio":"Suramericana"},"geometry":{"type":"Point","coordinates":[-75.586543,6.25521]}},{"type":"Feature","properties":{"nombre":"PLaca Polideportiva y Cancha de Futbol Carlos E Restrepo","componente":"Equipamiento de Recreación y Deporte","nivel":"Barrial y Suburbano","barrio":"Carlos E. Restrepo"},"geometry":{"type":"Point","coordinates":[-75.576307,6.258927]}},{"type":"Feature","properties":{"nombre":"Instituto Jorge Robledo","componente":"Equipamiento de Educación","nivel":"Zonal y Corregimental","barrio":"Carlos E. Restrepo"},"geometry":{"type":"Point","coordinates":[-75.581715,6.258261]}},{"type":"Feature","properties":{"nombre":"Fundación Universitaria Luis Amigó","componente":"Equipamiento de Educación","nivel":"Metropolitano Y Regional","barrio":"Carlos E. Restrepo"},"geometry":{"type":"Point","coordinates":[-75.583987,6.259345]}},{"type":"Feature","properties":{"nombre":"Equipamiento Comunitario","componente":"Equipamientos Comunitarios","nivel":"Barrial y Suburbano","barrio":"Los Colores"},"geometry":{"type":"Point","coordinates":[-75.591382,6.26536]}},{"type":"Feature","properties":{"nombre":"Parroquia San Clemente María Hofbauer","tipo":"Espacio para el culto","componente":"Equipamientos de Culto","nivel":"Barrial y Suburbano","barrio":"Los Colores"},"geometry":{"type":"Point","coordinates":[-75.592552,6.265983]}},{"type":"Feature","properties":{"nombre":"Institución Educativa Marco Fidel Suárez","componente":"Equipamiento de Educación","nivel":"Zonal y Corregimental","barrio":"Suramericana"},"geometry":{"type":"Point","coordinates":[-75.586346,6.257134]}},{"type":"Feature","properties":{"nombre":"Centro de Espectaculos \"La Macarena\"","componente":"Equipamiento de Recreación y Deporte","nivel":"Metropolitano Y Regional","barrio":"Naranjal"},"geometry":{"type":"Point","coordinates":[-75.580518,6.249709]}},{"type":"Feature","properties":{"nombre":"Museo de Arte Moderno de Medellín - MAMM","componente":"Equipamientos Culturales","nivel":"Metropolitano Y Regional","barrio":"Carlos E. Restrepo"},"geometry":{"type":"Point","coordinates":[-75.578635,6.256378]}},{"type":"Feature","properties":{"nombre":"Universidad Salazar y Herrera","componente":"Equipamiento de Educación","nivel":"Ciudad","barrio":"Cuarta Brigada"},"geometry":{"type":"Point","coordinates":[-75.585673,6.260385]}},{"type":"Feature","properties":{"nombre":"Bodega Ebanistería Secre. de Serv. Administ. - Municipio de Medellín","tipo":"Institucional Municipal","componente":"Equipamientos Institucionales Municipales","nivel":"Zonal y Corregimental","barrio":"Carlos E. Restrepo"},"geometry":{"type":"Point","coordinates":[-75.584565,6.26067]}},{"type":"Feature","properties":{"nombre":"Colegio Calasanz Femenino","componente":"Equipamiento de Educación","nivel":"Zonal y Corregimental","barrio":"Los Colores"},"geometry":{"type":"Point","coordinates":[-75.590685,6.265475]}},{"type":"Feature","properties":{"nombre":"Iglesia San Pedro y San Pablo","tipo":"Espacio para el culto","componente":"Equipamientos de Culto","nivel":"Barrial y Suburbano","barrio":"Estadio"},"geometry":{"type":"Point","coordinates":[-75.595409,6.260703]}},{"type":"Feature","properties":{"nombre":"Colegio San Ignacio de Loyola - Menores","componente":"Equipamiento de Educación","nivel":"Zonal y Corregimental","barrio":"El Velódromo"},"geometry":{"type":"Point","coordinates":[-75.593197,6.254039]}},{"type":"Feature","properties":{"nombre":"Colegio Jesús María","componente":"Equipamiento de Educación","nivel":"Zonal y Corregimental","barrio":"El Velódromo"},"geometry":{"type":"Point","coordinates":[-75.594302,6.254929]}},{"type":"Feature","properties":{"nombre":"Parroquia Nuestra Señora de Lourdes","tipo":"Espacio para el culto","componente":"Equipamientos de Culto","nivel":"Barrial y Suburbano","barrio":"El Velódromo"},"geometry":{"type":"Point","coordinates":[-75.593485,6.252287]}},{"type":"Feature","properties":{"nombre":"Sección Escuela Agrupación Colombia","componente":"Equipamiento de Educación","nivel":"Barrial y Suburbano","barrio":"El Velódromo"},"geometry":{"type":"Point","coordinates":[-75.59518,6.250912]}},{"type":"Feature","properties":{"nombre":"Inspección de Policía 11A _ La América","tipo":"Instituciones municipales encargadas de la convivencia","componente":"Equipamientos de Justicia Cercana al Ciudadano","nivel":"Zonal y Corregimental","barrio":"El Velódromo"},"geometry":{"type":"Point","coordinates":[-75.59564,6.250826]}},{"type":"Feature","properties":{"nombre":"Iglesia La Presentación de Nuestra Señora","tipo":"Espacio para el culto","componente":"Equipamientos de Culto","nivel":"Barrial y Suburbano","barrio":"El Velódromo"},"geometry":{"type":"Point","coordinates":[-75.597473,6.254964]}},{"type":"Feature","properties":{"nombre":"Unidad Deportiva Atanasio Girardot","componente":"Equipamiento de Recreación y Deporte","nivel":"Metropolitano Y Regional","barrio":"U.D. Atanasio Girardot"},"geometry":{"type":"Point","coordinates":[-75.589282,6.257024]}},{"type":"Feature","properties":{"nombre":"Estación Metro Linea B Estadio","tipo":"Transporte ferroviario","componente":"Equipamientos para el Transporte","nivel":"Metropolitano Y Regional","barrio":"U.D. Atanasio Girardot"},"geometry":{"type":"Point","coordinates":[-75.588253,6.253339]}},{"type":"Feature","properties":{"nombre":"Sede Administrativa E.S.E. Rafael Uribe Uribe","tipo":"Institucional Municipal","componente":"Equipamientos Institucionales Municipales","nivel":"Zonal y Corregimental","barrio":"Carlos E. Restrepo"},"geometry":{"type":"Point","coordinates":[-75.579803,6.25584]}},{"type":"Feature","properties":{"nombre":"Iglesia Santa Rita de Cassia","tipo":"Espacio para el culto","componente":"Equipamientos de Culto","nivel":"Barrial y Suburbano","barrio":"Santa Teresita"},"geometry":{"type":"Point","coordinates":[-75.608945,6.24499]}},{"type":"Feature","properties":{"nombre":"Institución Educativa Francisco Antonio Zea","componente":"Equipamiento de Educación","nivel":"Zonal y Corregimental","barrio":"Simón Bolívar"},"geometry":{"type":"Point","coordinates":[-75.603719,6.243828]}},{"type":"Feature","properties":{"nombre":"Placa Polideoportiva El Manicomio","componente":"Equipamiento de Recreación y Deporte","nivel":"Barrial y Suburbano","barrio":"La América"},"geometry":{"type":"Point","coordinates":[-75.605005,6.248298]}},{"type":"Feature","properties":{"nombre":"Sección Escuela Rafael Uribe Uribe","componente":"Equipamiento de Educación","nivel":"Barrial y Suburbano","barrio":"La América"},"geometry":{"type":"Point","coordinates":[-75.604221,6.248916]}},{"type":"Feature","properties":{"nombre":"Institución Educativa Rafael Uribe Uribe","componente":"Equipamiento de Educación","nivel":"Zonal y Corregimental","barrio":"La América"},"geometry":{"type":"Point","coordinates":[-75.603241,6.249345]}},{"type":"Feature","properties":{"nombre":"Centro Educativo Fundación Prodébiles Auditivos","componente":"Equipamiento de Educación","nivel":"Zonal y Corregimental","barrio":"La América"},"geometry":{"type":"Point","coordinates":[-75.602838,6.249531]}},{"type":"Feature","properties":{"nombre":"Iglesia Nuestra Señora de Los Dolores","tipo":"Espacio para el culto","componente":"Equipamientos de Culto","nivel":"Zonal y Corregimental","barrio":"La América"},"geometry":{"type":"Point","coordinates":[-75.604602,6.251097]}},{"type":"Feature","properties":{"nombre":"Colegio La Presentación de Medellín","componente":"Equipamiento de Educación","nivel":"Zonal y Corregimental","barrio":"La América"},"geometry":{"type":"Point","coordinates":[-75.604753,6.251686]}},{"type":"Feature","properties":{"nombre":"Institución Educativa Samuel Barrientos Restrepo","componente":"Equipamiento de Educación","nivel":"Barrial y Suburbano","barrio":"Campo Alegre"},"geometry":{"type":"Point","coordinates":[-75.61221,6.254445]}},{"type":"Feature","properties":{"nombre":"Parque Deportivo Estación San Javier","componente":"Equipamiento de Recreación y Deporte","nivel":"Zonal y Corregimental","barrio":"Campo Alegre"},"geometry":{"type":"Point","coordinates":[-75.613147,6.255909]}},{"type":"Feature","properties":{"nombre":"Parque Deportivo Santa lucía","componente":"Equipamiento de Recreación y Deporte","nivel":"Zonal y Corregimental","barrio":"Campo Alegre"},"geometry":{"type":"Point","coordinates":[-75.609248,6.255433]}},{"type":"Feature","properties":{"nombre":"Sede Social Santa Mónica","componente":"Equipamientos Comunitarios","nivel":"Barrial y Suburbano","barrio":"Santa Mónica"},"geometry":{"type":"Point","coordinates":[-75.612941,6.250342]}},{"type":"Feature","properties":{"nombre":"Institución Educativa La Piedad","componente":"Equipamiento de Educación","nivel":"Zonal y Corregimental","barrio":"Ferrini"},"geometry":{"type":"Point","coordinates":[-75.596886,6.269383]}},{"type":"Feature","properties":{"nombre":"Sede Social La América","componente":"Equipamientos Comunitarios","nivel":"Barrial y Suburbano","barrio":"La América"},"geometry":{"type":"Point","coordinates":[-75.606652,6.252998]}},{"type":"Feature","properties":{"nombre":"Lote Equipamiento Salud - ISS","componente":"Equipamiento de Salud","barrio":"Los Pinos"},"geometry":{"type":"Point","coordinates":[-75.600854,6.251061]}},{"type":"Feature","properties":{"nombre":"Plaza de Mercado La América","tipo":"Almacenamiento y distribución de combustibles","componente":"Equipamiento de Almacenamiento y distribución de combustibles","nivel":"Zonal y Corregimental","barrio":"Los Pinos"},"geometry":{"type":"Point","coordinates":[-75.598921,6.251716]}},{"type":"Feature","properties":{"nombre":"Instituto Colombiano de Bienestar Familiar","componente":"Equipamiento de Asistencia Social","barrio":"Los Pinos"},"geometry":{"type":"Point","coordinates":[-75.598783,6.251088]}},{"type":"Feature","properties":{"nombre":"Hermanas Misioneras de Santa Teresa","tipo":"Seminarios y conventos","componente":"Equipamientos de Culto","nivel":"Barrial y Suburbano","barrio":"Ferrini"},"geometry":{"type":"Point","coordinates":[-75.595649,6.271263]}},{"type":"Feature","properties":{"nombre":"Instituto Metropolitano de Salud Puesto de Salud Miguel Angel Builes","componente":"Equipamiento de Salud","nivel":"Barrial y Suburbano","barrio":"Ferrini"},"geometry":{"type":"Point","coordinates":[-75.59607,6.271135]}},{"type":"Feature","properties":{"nombre":"Parroquia EMAUS","tipo":"Espacio para el culto","componente":"Equipamientos de Culto","nivel":"Barrial y Suburbano","barrio":"Ferrini"},"geometry":{"type":"Point","coordinates":[-75.596727,6.268273]}},{"type":"Feature","properties":{"nombre":"Museo Etnográfico Miguel Angel Builes","componente":"Equipamientos Culturales","nivel":"Ciudad","barrio":"Ferrini"},"geometry":{"type":"Point","coordinates":[-75.597048,6.267305]}},{"type":"Feature","properties":{"nombre":"Planta de Teléfono EPM","tipo":"Prestación del servicio de telecomunicaciones","componente":"Equipamientos para la prestación de los servicios públicos","nivel":"Ciudad","barrio":"Ferrini"},"geometry":{"type":"Point","coordinates":[-75.595944,6.268114]}},{"type":"Feature","properties":{"nombre":"Estación de Energía EPM - Colombia","tipo":"Prestación del servicio de energía","componente":"Equipamientos para la prestación de los servicios públicos","nivel":"Ciudad","barrio":"Calasanz Parte Alta"},"geometry":{"type":"Point","coordinates":[-75.604033,6.266625]}},{"type":"Feature","properties":{"nombre":"Refugio Santa Ana (Tercera Edad)","componente":"Equipamiento de Asistencia Social","barrio":"Calasanz Parte Alta"},"geometry":{"type":"Point","coordinates":[-75.601183,6.264007]}},{"type":"Feature","properties":{"nombre":"Centro de Salud - Santa Rosa de Lima - Metrosalud","componente":"Equipamiento de Salud","nivel":"Barrial y Suburbano","barrio":"Calasanz Parte Alta"},"geometry":{"type":"Point","coordinates":[-75.604282,6.262832]}},{"type":"Feature","properties":{"nombre":"Colegio San José Calazans","componente":"Equipamiento de Educación","nivel":"Zonal y Corregimental","barrio":"Calasanz"},"geometry":{"type":"Point","coordinates":[-75.60023,6.261383]}},{"type":"Feature","properties":{"nombre":"Sede Social Barrio Calasanz","componente":"Equipamientos Comunitarios","nivel":"Barrial y Suburbano","barrio":"Calasanz"},"geometry":{"type":"Point","coordinates":[-75.598555,6.261328]}},{"type":"Feature","properties":{"nombre":"Instituto Ferrini","componente":"Equipamiento de Educación","nivel":"Zonal y Corregimental","barrio":"Calasanz"},"geometry":{"type":"Point","coordinates":[-75.598807,6.265248]}},{"type":"Feature","properties":{"nombre":"Estación Metro Floresta","tipo":"Transporte ferroviario","componente":"Equipamientos para el Transporte","nivel":"Metropolitano Y Regional","barrio":"Calasanz"},"geometry":{"type":"Point","coordinates":[-75.597764,6.258713]}},{"type":"Feature","properties":{"nombre":"Institución Educativa Lola Gonzalez","componente":"Equipamiento de Educación","nivel":"Zonal y Corregimental","barrio":"Santa Lucía"},"geometry":{"type":"Point","coordinates":[-75.611116,6.25731]}},{"type":"Feature","properties":{"nombre":"Estación de Bomberos Santa Lucía","tipo":"Estaciones de bomberos","componente":"Equipamiento de Prevención y atención de desatres","nivel":"Zonal y Corregimental","barrio":"Santa Lucía"},"geometry":{"type":"Point","coordinates":[-75.610249,6.257302]}},{"type":"Feature","properties":{"nombre":"Colegio Teresiano Nuestra Señora de La Candelaria","componente":"Equipamiento de Educación","nivel":"Zonal y Corregimental","barrio":"Santa Lucía"},"geometry":{"type":"Point","coordinates":[-75.606949,6.258247]}},{"type":"Feature","properties":{"nombre":"Iglesia Santa Lucia","tipo":"Espacio para el culto","componente":"Equipamientos de Culto","nivel":"Barrial y Suburbano","barrio":"Santa Lucía"},"geometry":{"type":"Point","coordinates":[-75.607365,6.257564]}},{"type":"Feature","properties":{"nombre":"Sección Escuela Santa Lucia","componente":"Equipamiento de Educación","nivel":"Barrial y Suburbano","barrio":"Santa Lucía"},"geometry":{"type":"Point","coordinates":[-75.606266,6.258014]}},{"type":"Feature","properties":{"nombre":"Estación Metro Santa Lucia","tipo":"Transporte ferroviario","componente":"Equipamientos para el Transporte","nivel":"Metropolitano Y Regional","barrio":"La Floresta"},"geometry":{"type":"Point","coordinates":[-75.603849,6.258006]}},{"type":"Feature","properties":{"nombre":"Colegio Teresiano Nuestra Señora de La Candelaria","componente":"Equipamiento de Educación","nivel":"Zonal y Corregimental","barrio":"Santa Lucía"},"geometry":{"type":"Point","coordinates":[-75.606688,6.25786]}},{"type":"Feature","properties":{"nombre":"Hogar Infantl El Ensueño","componente":"Equipamiento de Asistencia Social","barrio":"Santa Lucía"},"geometry":{"type":"Point","coordinates":[-75.606913,6.257532]}},{"type":"Feature","properties":{"nombre":"Sede Social Santa Lucía","componente":"Equipamientos Comunitarios","nivel":"Barrial y Suburbano","barrio":"Santa Lucía"},"geometry":{"type":"Point","coordinates":[-75.607164,6.257532]}},{"type":"Feature","properties":{"nombre":"Colegio Ateneo Horizontes","componente":"Equipamiento de Educación","nivel":"Zonal y Corregimental","barrio":"Santa Teresita"},"geometry":{"type":"Point","coordinates":[-75.611472,6.243134]}},{"type":"Feature","properties":{"nombre":"Club de Vida El Adulto Mayor","componente":"Equipamientos Comunitarios","nivel":"Barrial y Suburbano","barrio":"Santa Lucía"},"geometry":{"type":"Point","coordinates":[-75.607025,6.257816]}},{"type":"Feature","properties":{"nombre":"Institución Educativa Santa Rosa de Lima","componente":"Equipamiento de Educación","nivel":"Zonal y Corregimental","barrio":"La Floresta"},"geometry":{"type":"Point","coordinates":[-75.599585,6.255478]}},{"type":"Feature","properties":{"nombre":"Unidad Deportiva La Floresta","componente":"Equipamiento de Recreación y Deporte","nivel":"Ciudad","barrio":"La Floresta"},"geometry":{"type":"Point","coordinates":[-75.604716,6.256709]}},{"type":"Feature","properties":{"nombre":"Sección Escuela Pichincha","componente":"Equipamiento de Educación","nivel":"Barrial y Suburbano","barrio":"La Floresta"},"geometry":{"type":"Point","coordinates":[-75.60325,6.255383]}},{"type":"Feature","properties":{"nombre":"Biblioteca y centro cultural La Floresta","componente":"Equipamientos Culturales","nivel":"Barrial y Suburbano","barrio":"La Floresta"},"geometry":{"type":"Point","coordinates":[-75.602439,6.256585]}},{"type":"Feature","properties":{"nombre":"Iglesia La Imaculada","tipo":"Espacio para el culto","componente":"Equipamientos de Culto","nivel":"Barrial y Suburbano","barrio":"La Floresta"},"geometry":{"type":"Point","coordinates":[-75.602339,6.256312]}},{"type":"Feature","properties":{"nombre":"Institución Educativa Concejo de Medellín","componente":"Equipamiento de Educación","nivel":"Zonal y Corregimental","barrio":"La Floresta"},"geometry":{"type":"Point","coordinates":[-75.600618,6.258218]}},{"type":"Feature","properties":{"nombre":"ITM Escuela Profesional de Artes-Campus La Floresta","componente":"Equipamientos Culturales","nivel":"Zonal y Corregimental","barrio":"La Floresta"},"geometry":{"type":"Point","coordinates":[-75.602009,6.257793]}},{"type":"Feature","properties":{"nombre":"Institución Educativa Concejo de Medellín","componente":"Equipamiento de Educación","nivel":"Zonal y Corregimental","barrio":"La Floresta"},"geometry":{"type":"Point","coordinates":[-75.601458,6.257817]}},{"type":"Feature","properties":{"nombre":"Fiscalía, Unidad de Infancia y Adolescencia","tipo":"Institucional Nacional","componente":"Equipamientos Institucionales Nacionales","nivel":"Ciudad","barrio":"La Floresta"},"geometry":{"type":"Point","coordinates":[-75.60099,6.257806]}},{"type":"Feature","properties":{"nombre":"Centro de Acopio de Escombros Empresas Varias de Medellín- Santa Lucia","tipo":"Prestación del servicio de aseo","componente":"Equipamientos para la prestación de los servicios públicos","nivel":"Zonal y Corregimental","barrio":"La Floresta"},"geometry":{"type":"Point","coordinates":[-75.605607,6.256461]}},{"type":"Feature","properties":{"nombre":"Sección Escuela Cladomiro Ramirez","componente":"Equipamiento de Educación","nivel":"Barrial y Suburbano","barrio":"Santa Lucía"},"geometry":{"type":"Point","coordinates":[-75.606281,6.257622]}},{"type":"Feature","properties":{"nombre":"Placa Polideportiva La América","componente":"Equipamiento de Recreación y Deporte","nivel":"Barrial y Suburbano","barrio":"La América"},"geometry":{"type":"Point","coordinates":[-75.605247,6.252571]}},{"type":"Feature","properties":{"nombre":"Salón Social Cerros del Escorial","componente":"Equipamientos Comunitarios","nivel":"Barrial y Suburbano","barrio":"Calasanz Parte Alta"},"geometry":{"type":"Point","coordinates":[-75.599849,6.267409]}},{"type":"Feature","properties":{"nombre":"Lote de servicios colectivos Urbanización Calazania","componente":"Equipamientos Comunitarios","nivel":"Barrial y Suburbano","barrio":"Calasanz Parte Alta"},"geometry":{"type":"Point","coordinates":[-75.600197,6.270335]}},{"type":"Feature","properties":{"nombre":"Escuela República de Panamá","componente":"Equipamiento de Educación","nivel":"Barrial y Suburbano","barrio":"Santa Rosa de Lima"},"geometry":{"type":"Point","coordinates":[-75.606202,6.262938]}},{"type":"Feature","properties":{"nombre":"Suelo destinado a equipamiento comunitario","componente":"Equipamientos Comunitarios","nivel":"Barrial y Suburbano","barrio":"La Pradera"},"geometry":{"type":"Point","coordinates":[-75.611273,6.26316]}},{"type":"Feature","properties":{"nombre":"Parroquia La Divina Gracia","tipo":"Espacio para el culto","componente":"Equipamientos de Culto","nivel":"Barrial y Suburbano","barrio":"La Pradera"},"geometry":{"type":"Point","coordinates":[-75.611688,6.261404]}},{"type":"Feature","properties":{"nombre":"Institución Educativa Consejo de Medellín. Escuela Juan XXIII","componente":"Equipamiento de Educación","nivel":"Barrial y Suburbano","barrio":"La Pradera"},"geometry":{"type":"Point","coordinates":[-75.610451,6.261615]}},{"type":"Feature","properties":{"nombre":"Iglesia Santa Rosa de Lima","tipo":"Espacio para el culto","componente":"Equipamientos de Culto","nivel":"Barrial y Suburbano","barrio":"Los Alcázares"},"geometry":{"type":"Point","coordinates":[-75.605853,6.262239]}},{"type":"Feature","properties":{"nombre":"Sede Social La Pradera Parte Baja","componente":"Equipamientos Comunitarios","nivel":"Barrial y Suburbano","barrio":"Los Alcázares"},"geometry":{"type":"Point","coordinates":[-75.608585,6.259316]}},{"type":"Feature","properties":{"nombre":"Institución Educativa Samuel Barrientos Restrepo Sede Monseñor Perdomo","componente":"Equipamiento de Educación","nivel":"Barrial y Suburbano","barrio":"San Javier No.1"},"geometry":{"type":"Point","coordinates":[-75.61397,6.256166]}},{"type":"Feature","properties":{"nombre":"Institución Educativa Samuel Barrientos Restrepo Sede Pio XII","componente":"Equipamiento de Educación","nivel":"Barrial y Suburbano","barrio":"San Javier No.1"},"geometry":{"type":"Point","coordinates":[-75.613747,6.256398]}},{"type":"Feature","properties":{"nombre":"Parque Deportivo Antonio Nariño","componente":"Equipamiento de Recreación y Deporte","nivel":"Zonal y Corregimental","barrio":"San Javier No.1"},"geometry":{"type":"Point","coordinates":[-75.620777,6.255685]}},{"type":"Feature","properties":{"nombre":"Colegio San Francisco Javier","componente":"Equipamiento de Educación","nivel":"Zonal y Corregimental","barrio":"Las Playas"},"geometry":{"type":"Point","coordinates":[-75.596264,6.221044]}},{"type":"Feature","properties":{"nombre":"Unidad Integral No 6 Belén","componente":"Equipamientos Comunitarios","nivel":"Zonal y Corregimental","barrio":"San Bernardo"},"geometry":{"type":"Point","coordinates":[-75.598262,6.227698]}},{"type":"Feature","properties":{"nombre":"Cancha de Microfutbol Villa Café","componente":"Equipamiento de Recreación y Deporte","nivel":"Barrial y Suburbano","barrio":"Las Violetas"},"geometry":{"type":"Point","coordinates":[-75.612297,6.228597]}},{"type":"Feature","properties":{"nombre":"Parroquia Nuestra Señora de  La Anunciación","tipo":"Espacio para el culto","componente":"Equipamientos de Culto","nivel":"Barrial y Suburbano","barrio":"Las Violetas"},"geometry":{"type":"Point","coordinates":[-75.613547,6.234795]}},{"type":"Feature","properties":{"nombre":"Sede  Social Santa Rosa de lima","componente":"Equipamientos Comunitarios","nivel":"Barrial y Suburbano","barrio":"Los Alcázares"},"geometry":{"type":"Point","coordinates":[-75.605614,6.26241]}},{"type":"Feature","properties":{"nombre":"Deposito de Buses - Alcazares","tipo":"Transporte de buses","componente":"Equipamientos para el Transporte","nivel":"Zonal y Corregimental","barrio":"Los Alcázares"},"geometry":{"type":"Point","coordinates":[-75.607942,6.259819]}},{"type":"Feature","properties":{"nombre":"Cancha de Microfutbol y Baloncesto La Pradera Parte Baja","componente":"Equipamiento de Recreación y Deporte","nivel":"Barrial y Suburbano","barrio":"Los Alcázares"},"geometry":{"type":"Point","coordinates":[-75.608576,6.259123]}},{"type":"Feature","properties":{"nombre":"Cerca CentroOccidental","tipo":"Institucional Municipal","componente":"Equipamientos Institucionales Municipales","nivel":"Zonal y Corregimental","barrio":"Los Alcázares"},"geometry":{"type":"Point","coordinates":[-75.606882,6.25921]}},{"type":"Feature","properties":{"nombre":"Sede Social Los Alcázares","componente":"Equipamientos Comunitarios","nivel":"Barrial y Suburbano","barrio":"Los Alcázares"},"geometry":{"type":"Point","coordinates":[-75.606639,6.259716]}},{"type":"Feature","properties":{"nombre":"Centro de Desarrollo Cultural y Escuela Popular del Deporte Floresta Los Alcázares","componente":"Equipamientos Culturales","nivel":"Barrial y Suburbano","barrio":"Los Alcázares"},"geometry":{"type":"Point","coordinates":[-75.606369,6.259621]}},{"type":"Feature","properties":{"nombre":"Colegio San José Calazans","componente":"Equipamiento de Educación","nivel":"Ciudad","barrio":"Los Alcázares"},"geometry":{"type":"Point","coordinates":[-75.601169,6.260934]}},{"type":"Feature","properties":{"nombre":"Institución Educativa Saul Londoño Londoño","componente":"Equipamiento de Educación","nivel":"Zonal y Corregimental","barrio":"Juan XXIII La Quiebra"},"geometry":{"type":"Point","coordinates":[-75.616295,6.26844]}},{"type":"Feature","properties":{"nombre":"Centro de Salud Luis Javier García Isaza","componente":"Equipamiento de Salud","nivel":"Barrial y Suburbano","barrio":"Juan XXIII La Quiebra"},"geometry":{"type":"Point","coordinates":[-75.615154,6.266882]}},{"type":"Feature","properties":{"nombre":"Sede Social La Quiebra","componente":"Equipamientos Comunitarios","nivel":"Barrial y Suburbano","barrio":"Juan XXIII La Quiebra"},"geometry":{"type":"Point","coordinates":[-75.615034,6.26682]}},{"type":"Feature","properties":{"nombre":"Institución Educativa Saúl Londoño Londoño","componente":"Equipamiento de Educación","nivel":"Zonal y Corregimental","barrio":"Juan XXIII La Quiebra"},"geometry":{"type":"Point","coordinates":[-75.61459,6.266164]}},{"type":"Feature","properties":{"nombre":"Estación Metrocable Juan XXIII","tipo":"Transporte por cable","componente":"Equipamientos para el Transporte","nivel":"Ciudad","barrio":"Juan XXIII La Quiebra"},"geometry":{"type":"Point","coordinates":[-75.613703,6.265675]}},{"type":"Feature","properties":{"nombre":"Colegio Madrid Campestre","componente":"Equipamiento de Educación","nivel":"Barrial y Suburbano","barrio":"El Pesebre"},"geometry":{"type":"Point","coordinates":[-75.594717,6.27167]}},{"type":"Feature","properties":{"nombre":"Cancha de fútbol y placa polideportiva Blanquizal","componente":"Equipamiento de Recreación y Deporte","nivel":"Barrial y Suburbano","barrio":"Blanquizal"},"geometry":{"type":"Point","coordinates":[-75.605347,6.275621]}},{"type":"Feature","properties":{"nombre":"Colegio Creadores del Futuro","componente":"Equipamiento de Educación","nivel":"Barrial y Suburbano","barrio":"Blanquizal"},"geometry":{"type":"Point","coordinates":[-75.605542,6.27537]}},{"type":"Feature","properties":{"nombre":"Sede Educativa Blanquizal Carla  Cristina","componente":"Equipamientos Comunitarios","nivel":"Barrial y Suburbano","barrio":"Blanquizal"},"geometry":{"type":"Point","coordinates":[-75.606056,6.276035]}},{"type":"Feature","properties":{"nombre":"Parroquia San Miguel","tipo":"Espacio para el culto","componente":"Equipamientos de Culto","nivel":"Barrial y Suburbano","barrio":"El Socorro"},"geometry":{"type":"Point","coordinates":[-75.617085,6.259607]}},{"type":"Feature","properties":{"nombre":"Institución Educativa Gimnasio Guayacanes fundadores","componente":"Equipamiento de Educación","nivel":"Barrial y Suburbano","barrio":"El Socorro"},"geometry":{"type":"Point","coordinates":[-75.61694,6.259253]}},{"type":"Feature","properties":{"nombre":"Sede Social El Socorro","componente":"Equipamientos Comunitarios","nivel":"Barrial y Suburbano","barrio":"El Socorro"},"geometry":{"type":"Point","coordinates":[-75.618168,6.259915]}},{"type":"Feature","properties":{"nombre":"Sección Escuela Carlos Vieco Ortiz","componente":"Equipamiento de Educación","nivel":"Barrial y Suburbano","barrio":"San Javier No.1"},"geometry":{"type":"Point","coordinates":[-75.619983,6.25503]}},{"type":"Feature","properties":{"nombre":"Cooperativa Multiac de Transp Cootransm","tipo":"Transporte por cable","componente":"Equipamientos para el Transporte","nivel":"Barrial y Suburbano","barrio":"Los Mangos"},"geometry":{"type":"Point","coordinates":[-75.545074,6.248273]}},{"type":"Feature","properties":{"nombre":"Parroquia Hermano Francisco","tipo":"Espacio para el culto","componente":"Equipamientos de Culto","nivel":"Barrial y Suburbano","barrio":"El Pinal"},"geometry":{"type":"Point","coordinates":[-75.545659,6.243848]}},{"type":"Feature","properties":{"nombre":"Institución  Educativa Felix Henao Botero","componente":"Equipamiento de Educación","nivel":"Barrial y Suburbano","barrio":"El Pinal"},"geometry":{"type":"Point","coordinates":[-75.54664,6.240612]}},{"type":"Feature","properties":{"nombre":"Institución Educativa Luis Carlos Galán Sarmiento","componente":"Equipamiento de Educación","nivel":"Barrial y Suburbano","barrio":"El Pinal"},"geometry":{"type":"Point","coordinates":[-75.544057,6.246198]}},{"type":"Feature","properties":{"nombre":"Cancha  de  Microfutbol Placa polideportiva El Pinal","componente":"Equipamiento de Recreación y Deporte","nivel":"Barrial y Suburbano","barrio":"El Pinal"},"geometry":{"type":"Point","coordinates":[-75.543745,6.242938]}},{"type":"Feature","properties":{"nombre":"Cancha Polideportiva Pinal Manzanares","componente":"Equipamiento de Recreación y Deporte","nivel":"Barrial y Suburbano","barrio":"La Sierra"},"geometry":{"type":"Point","coordinates":[-75.545975,6.246182]}},{"type":"Feature","properties":{"nombre":"Centro Educativo Caicedo","componente":"Equipamiento de Educación","nivel":"Barrial y Suburbano","barrio":"El Pinal"},"geometry":{"type":"Point","coordinates":[-75.547554,6.243241]}},{"type":"Feature","properties":{"nombre":"Placa Polideportiva Quintas de La Playa","componente":"Equipamiento de Recreación y Deporte","nivel":"Barrial y Suburbano","barrio":"El Pinal"},"geometry":{"type":"Point","coordinates":[-75.547529,6.242724]}},{"type":"Feature","properties":{"nombre":"Cancha  de  Futbol Los  Mangos","componente":"Equipamiento de Recreación y Deporte","nivel":"Barrial y Suburbano","barrio":"Los Mangos"},"geometry":{"type":"Point","coordinates":[-75.544604,6.250408]}},{"type":"Feature","properties":{"nombre":"Placa Polideportiva La Libertad","componente":"Equipamiento de Recreación y Deporte","nivel":"Barrial y Suburbano","barrio":"La Sierra"},"geometry":{"type":"Point","coordinates":[-75.543513,6.240368]}},{"type":"Feature","properties":{"nombre":"Colegio la Libertad","componente":"Equipamiento de Educación","nivel":"Barrial y Suburbano","barrio":"La Libertad"},"geometry":{"type":"Point","coordinates":[-75.541061,6.239592]}},{"type":"Feature","properties":{"nombre":"Depósito de Buses Urbanos Las Mercedes","tipo":"Transporte por cable","componente":"Equipamientos para el Transporte","nivel":"Zonal y Corregimental","barrio":"Las Mercedes"},"geometry":{"type":"Point","coordinates":[-75.608143,6.233788]}},{"type":"Feature","properties":{"nombre":"Institución Educativa Horacio Muñoz Suescun Las Mercedes","componente":"Equipamiento de Educación","nivel":"Zonal y Corregimental","barrio":"Las Mercedes"},"geometry":{"type":"Point","coordinates":[-75.609527,6.233995]}},{"type":"Feature","properties":{"nombre":"Placa Polideportiva Las Mercedes","componente":"Equipamiento de Recreación y Deporte","nivel":"Barrial y Suburbano","barrio":"Las Mercedes"},"geometry":{"type":"Point","coordinates":[-75.610187,6.233641]}},{"type":"Feature","properties":{"nombre":"Planta de Potabilización de Agua EPM","tipo":"Prestación del servicio de acueducto","componente":"Equipamientos para la prestación de los servicios públicos","nivel":"Ciudad","barrio":"San Antonio de Prado"},"geometry":{"type":"Point","coordinates":[-75.660128,6.185039]}},{"type":"Feature","properties":{"nombre":"Subestación de Energía EPM","tipo":"Prestación del servicio de energía","componente":"Equipamientos para la prestación de los servicios públicos","nivel":"Ciudad","barrio":"San Antonio de Prado"},"geometry":{"type":"Point","coordinates":[-75.651252,6.18254]}},{"type":"Feature","properties":{"nombre":"Convento Hermanas Carmelitas","tipo":"Seminarios y conventos","componente":"Equipamientos de Culto","nivel":"Zonal y Corregimental","barrio":"San Antonio de Prado"},"geometry":{"type":"Point","coordinates":[-75.654794,6.18633]}},{"type":"Feature","properties":{"nombre":"Sede Social Villa Pallavecini","componente":"Equipamientos Comunitarios","nivel":"Zonal y Corregimental","barrio":"San Antonio de Prado"},"geometry":{"type":"Point","coordinates":[-75.653451,6.187158]}},{"type":"Feature","properties":{"nombre":"Institución Educativa Ángela Restrepo Moreno","componente":"Equipamiento de Educación","nivel":"Zonal y Corregimental","barrio":"San Antonio de Prado"},"geometry":{"type":"Point","coordinates":[-75.636515,6.177708]}},{"type":"Feature","properties":{"nombre":"Biblioteca El Limonar","componente":"Equipamientos Culturales","nivel":"Zonal y Corregimental","barrio":"San Antonio de Prado"},"geometry":{"type":"Point","coordinates":[-75.642653,6.173762]}},{"type":"Feature","properties":{"nombre":"Institución Educativa Fé y Alegría El Limonar","componente":"Equipamiento de Educación","nivel":"Zonal y Corregimental","barrio":"San Antonio de Prado"},"geometry":{"type":"Point","coordinates":[-75.642258,6.17453]}},{"type":"Feature","properties":{"nombre":"Placas Polideportivas Eduardo Santos","componente":"Equipamiento de Recreación y Deporte","nivel":"Barrial y Suburbano","barrio":"Eduardo Santos"},"geometry":{"type":"Point","coordinates":[-75.629218,6.257792]}},{"type":"Feature","properties":{"nombre":"Sección Escuela El Socorro","componente":"Equipamiento de Educación","nivel":"Barrial y Suburbano","barrio":"El Socorro"},"geometry":{"type":"Point","coordinates":[-75.617934,6.258536]}},{"type":"Feature","properties":{"nombre":"Parque Deportivo El Socorro","componente":"Equipamiento de Recreación y Deporte","nivel":"Zonal y Corregimental","barrio":"El Socorro"},"geometry":{"type":"Point","coordinates":[-75.617753,6.258958]}},{"type":"Feature","properties":{"nombre":"Estación Línea B San Javier","tipo":"Transporte ferroviario","componente":"Equipamientos para el Transporte","nivel":"Metropolitano Y Regional","barrio":"San Javier No.2"},"geometry":{"type":"Point","coordinates":[-75.613659,6.256735]}},{"type":"Feature","properties":{"nombre":"Estación Metrocable San Javier","tipo":"Transporte por cable","componente":"Equipamientos para el Transporte","nivel":"Ciudad","barrio":"San Javier No.2"},"geometry":{"type":"Point","coordinates":[-75.61341,6.256648]}},{"type":"Feature","properties":{"nombre":"Junta de Acción Comunal- San Javier","componente":"Equipamientos Comunitarios","nivel":"Barrial y Suburbano","barrio":"San Javier No.2"},"geometry":{"type":"Point","coordinates":[-75.615235,6.257589]}},{"type":"Feature","properties":{"nombre":"Placa Polideportiva Santa Rosa de lima","componente":"Equipamiento de Recreación y Deporte","nivel":"Barrial y Suburbano","barrio":"Los Alcázares"},"geometry":{"type":"Point","coordinates":[-75.605567,6.262158]}},{"type":"Feature","properties":{"nombre":"Sede Social Antonio Nariño","componente":"Equipamientos Comunitarios","nivel":"Barrial y Suburbano","barrio":"San Javier No.1"},"geometry":{"type":"Point","coordinates":[-75.621288,6.255643]}},{"type":"Feature","properties":{"nombre":"Placa Polideportiva Quintas de San Javier No 2","componente":"Equipamiento de Recreación y Deporte","nivel":"Barrial y Suburbano","barrio":"Eduardo Santos"},"geometry":{"type":"Point","coordinates":[-75.626041,6.257791]}},{"type":"Feature","properties":{"nombre":"Botadero de Escombros Agregados San Javier -E.E.V.V.M.","tipo":"Prestación del servicio de aseo","componente":"Equipamientos para la prestación de los servicios públicos","nivel":"Zonal y Corregimental","barrio":"La Loma"},"geometry":{"type":"Point","coordinates":[-75.629787,6.261084]}},{"type":"Feature","properties":{"nombre":"Escenarios Deportivos El Salado","componente":"Equipamiento de Recreación y Deporte","nivel":"Zonal y Corregimental","barrio":"El Salado"},"geometry":{"type":"Point","coordinates":[-75.628339,6.254952]}},{"type":"Feature","properties":{"nombre":"Sede Social El Salado","componente":"Equipamientos Comunitarios","nivel":"Barrial y Suburbano","barrio":"El Salado"},"geometry":{"type":"Point","coordinates":[-75.629088,6.254392]}},{"type":"Feature","properties":{"nombre":"Sección Escuela Pedro J. Gómez","componente":"Equipamiento de Educación","nivel":"Barrial y Suburbano","barrio":"El Salado"},"geometry":{"type":"Point","coordinates":[-75.627286,6.254618]}},{"type":"Feature","properties":{"nombre":"Iglesia La Divina Pastora","tipo":"Espacio para el culto","componente":"Equipamientos de Culto","nivel":"Barrial y Suburbano","barrio":"El Salado"},"geometry":{"type":"Point","coordinates":[-75.625409,6.253885]}},{"type":"Feature","properties":{"nombre":"Placa Polideportiva Cuatro Esquinas","componente":"Equipamiento de Recreación y Deporte","nivel":"Barrial y Suburbano","barrio":"Nuevos Conquistadores"},"geometry":{"type":"Point","coordinates":[-75.629201,6.250919]}},{"type":"Feature","properties":{"nombre":"Sección Escuela Amor Al Niño","componente":"Equipamiento de Educación","nivel":"Barrial y Suburbano","barrio":"Nuevos Conquistadores"},"geometry":{"type":"Point","coordinates":[-75.626554,6.251845]}},{"type":"Feature","properties":{"nombre":"Sección Escuela Refugio del Niño","componente":"Equipamiento de Educación","nivel":"Barrial y Suburbano","barrio":"Nuevos Conquistadores"},"geometry":{"type":"Point","coordinates":[-75.626466,6.249793]}},{"type":"Feature","properties":{"nombre":"Cancha de Microfutbol Cuatro Esquinas Parte Alta","componente":"Equipamiento de Recreación y Deporte","nivel":"Vecinal y Veredal","barrio":"Nuevos Conquistadores"},"geometry":{"type":"Point","coordinates":[-75.629886,6.249372]}},{"type":"Feature","properties":{"nombre":"Centro Familiar y Comunitario Las Independencias","componente":"Equipamientos Comunitarios","nivel":"Barrial y Suburbano","barrio":"Las Independencias"},"geometry":{"type":"Point","coordinates":[-75.62426,6.250875]}},{"type":"Feature","properties":{"nombre":"Placa Polideportiva Las Independencias II","componente":"Equipamiento de Recreación y Deporte","nivel":"Barrial y Suburbano","barrio":"Las Independencias"},"geometry":{"type":"Point","coordinates":[-75.624062,6.250962]}},{"type":"Feature","properties":{"nombre":"Placa Polideportiva Las Independencias III","componente":"Equipamiento de Recreación y Deporte","nivel":"Barrial y Suburbano","barrio":"Las Independencias"},"geometry":{"type":"Point","coordinates":[-75.623349,6.249294]}},{"type":"Feature","properties":{"nombre":"Placa Polideportiva Las Independencias 1","componente":"Equipamiento de Recreación y Deporte","nivel":"Barrial y Suburbano","barrio":"Las Independencias"},"geometry":{"type":"Point","coordinates":[-75.621271,6.249634]}},{"type":"Feature","properties":{"nombre":"Parroquia de Nazareth","tipo":"Espacio para el culto","componente":"Equipamientos de Culto","nivel":"Barrial y Suburbano","barrio":"El Corazón"},"geometry":{"type":"Point","coordinates":[-75.630045,6.247737]}},{"type":"Feature","properties":{"nombre":"Tanque de Bombeo EPM El Corazón","tipo":"Prestación del servicio de acueducto","componente":"Equipamientos para la prestación de los servicios públicos","nivel":"Ciudad","barrio":"El Corazón"},"geometry":{"type":"Point","coordinates":[-75.629918,6.247941]}},{"type":"Feature","properties":{"nombre":"Colegio El Corazón","componente":"Equipamiento de Educación","nivel":"Barrial y Suburbano","barrio":"El Corazón"},"geometry":{"type":"Point","coordinates":[-75.629666,6.246998]}},{"type":"Feature","properties":{"nombre":"Sección Escuela El Corazón","componente":"Equipamiento de Educación","nivel":"Barrial y Suburbano","barrio":"El Corazón"},"geometry":{"type":"Point","coordinates":[-75.629252,6.247321]}},{"type":"Feature","properties":{"nombre":"Comando Policía El Corazón","tipo":"Fuerza pública","componente":"Equipamientos para la Fuerza Pública","nivel":"Zonal y Corregimental","barrio":"El Corazón"},"geometry":{"type":"Point","coordinates":[-75.628855,6.248024]}},{"type":"Feature","properties":{"nombre":"Depósito de Buses Belencito","tipo":"Transporte por cable","componente":"Equipamientos para el Transporte","nivel":"Zonal y Corregimental","barrio":"El Corazón"},"geometry":{"type":"Point","coordinates":[-75.623064,6.246342]}},{"type":"Feature","properties":{"nombre":"Sección Escuela Betania","componente":"Equipamiento de Educación","nivel":"Barrial y Suburbano","barrio":"Betania"},"geometry":{"type":"Point","coordinates":[-75.622405,6.246294]}},{"type":"Feature","properties":{"nombre":"Parroquia Santa Catalina de Sena","tipo":"Espacio para el culto","componente":"Equipamientos de Culto","nivel":"Barrial y Suburbano","barrio":"Betania"},"geometry":{"type":"Point","coordinates":[-75.620589,6.245542]}},{"type":"Feature","properties":{"nombre":"Centro de Salud Villa Laura","componente":"Equipamiento de Salud","nivel":"Barrial y Suburbano","barrio":"Betania"},"geometry":{"type":"Point","coordinates":[-75.619797,6.246001]}},{"type":"Feature","properties":{"nombre":"Placas Polideportivas Villa Laura","componente":"Equipamiento de Recreación y Deporte","nivel":"Barrial y Suburbano","barrio":"Betania"},"geometry":{"type":"Point","coordinates":[-75.619289,6.246933]}},{"type":"Feature","properties":{"nombre":"Placa Polideportiva El Pozo","componente":"Equipamiento de Recreación y Deporte","nivel":"Barrial y Suburbano","barrio":"El Pesebre"},"geometry":{"type":"Point","coordinates":[-75.599032,6.271173]}},{"type":"Feature","properties":{"nombre":"Placa Polideportiva Altos de Calazans","componente":"Equipamiento de Recreación y Deporte","nivel":"Barrial y Suburbano","barrio":"El Pesebre"},"geometry":{"type":"Point","coordinates":[-75.602927,6.274241]}},{"type":"Feature","properties":{"nombre":"Parroquia Nuestra Señora del Carmen","tipo":"Espacio para el culto","componente":"Equipamientos de Culto","nivel":"Barrial y Suburbano","barrio":"San Javier No.1"},"geometry":{"type":"Point","coordinates":[-75.616027,6.256393]}},{"type":"Feature","properties":{"nombre":"Guardería Paloma Torraza","componente":"Equipamientos Comunitarios","nivel":"Barrial y Suburbano","barrio":"Eduardo Santos"},"geometry":{"type":"Point","coordinates":[-75.630602,6.25776]}},{"type":"Feature","properties":{"nombre":"Tanque de Agua EPM Belencito","tipo":"Prestación del servicio de acueducto","componente":"Equipamientos para la prestación de los servicios públicos","nivel":"Ciudad","barrio":"Betania"},"geometry":{"type":"Point","coordinates":[-75.616941,6.242782]}},{"type":"Feature","properties":{"nombre":"Institución Educativa Nuestra Señora del Perpetuo Socorro + Comunidad","componente":"Equipamiento de Educación","nivel":"Zonal y Corregimental","barrio":"Belencito"},"geometry":{"type":"Point","coordinates":[-75.618004,6.246218]}},{"type":"Feature","properties":{"nombre":"Cancha de Futbol Betania","componente":"Equipamiento de Recreación y Deporte","nivel":"Vecinal y Veredal","barrio":"Betania"},"geometry":{"type":"Point","coordinates":[-75.619138,6.243855]}},{"type":"Feature","properties":{"nombre":"Parroquia Santa catalina de Sena","tipo":"Espacio para el culto","componente":"Equipamientos de Culto","nivel":"Barrial y Suburbano","barrio":"Betania"},"geometry":{"type":"Point","coordinates":[-75.62127,6.244024]}},{"type":"Feature","properties":{"nombre":"Unidad integral No 4 La américa- Colonia Belencito","componente":"Equipamiento de Asistencia Social","nivel":"Zonal y Corregimental","barrio":"Belencito"},"geometry":{"type":"Point","coordinates":[-75.617541,6.247677]}},{"type":"Feature","properties":{"nombre":"Centro Educativo Hogar San Rafael","componente":"Equipamiento de Asistencia Social","barrio":"Belencito"},"geometry":{"type":"Point","coordinates":[-75.6183,6.249064]}},{"type":"Feature","properties":{"nombre":"Colegio Nuestra Madre de las Mercedes","componente":"Equipamiento de Educación","nivel":"Zonal y Corregimental","barrio":"Belencito"},"geometry":{"type":"Point","coordinates":[-75.617424,6.251214]}},{"type":"Feature","properties":{"nombre":"Iglesia Madre del Redentor","tipo":"Espacio para el culto","componente":"Equipamientos de Culto","nivel":"Barrial y Suburbano","barrio":"Belencito"},"geometry":{"type":"Point","coordinates":[-75.615414,6.25074]}},{"type":"Feature","properties":{"nombre":"Unidad Hospitalaria Jesús Pelaez Botero - San Javier_ Metrosalud","componente":"Equipamiento de Salud","nivel":"Zonal y Corregimental","barrio":"Veinte de Julio"},"geometry":{"type":"Point","coordinates":[-75.620314,6.254266]}},{"type":"Feature","properties":{"nombre":"Fundación Carla Cristina Escuela Infantil","componente":"Equipamiento de Educación","nivel":"Barrial y Suburbano","barrio":"Veinte de Julio"},"geometry":{"type":"Point","coordinates":[-75.621519,6.253623]}},{"type":"Feature","properties":{"nombre":"Sección Escuela Municipal San Javier","componente":"Equipamiento de Educación","nivel":"Barrial y Suburbano","barrio":"Veinte de Julio"},"geometry":{"type":"Point","coordinates":[-75.621515,6.253459]}},{"type":"Feature","properties":{"nombre":"Deposito de Buses - San Javier","tipo":"Transporte por cable","componente":"Equipamientos para el Transporte","nivel":"Zonal y Corregimental","barrio":"Veinte de Julio"},"geometry":{"type":"Point","coordinates":[-75.622481,6.253708]}},{"type":"Feature","properties":{"nombre":"Parroquia Las Bienaventuranzas","tipo":"Espacio para el culto","componente":"Equipamientos de Culto","nivel":"Barrial y Suburbano","barrio":"Veinte de Julio"},"geometry":{"type":"Point","coordinates":[-75.622218,6.251681]}},{"type":"Feature","properties":{"nombre":"Placa Polideportiva La 40","componente":"Equipamiento de Recreación y Deporte","nivel":"Barrial y Suburbano","barrio":"Veinte de Julio"},"geometry":{"type":"Point","coordinates":[-75.616515,6.254558]}},{"type":"Feature","properties":{"nombre":"Cancha de Futbol 20 de Julio","componente":"Equipamiento de Recreación y Deporte","nivel":"Barrial y Suburbano","barrio":"Veinte de Julio"},"geometry":{"type":"Point","coordinates":[-75.619505,6.253123]}},{"type":"Feature","properties":{"nombre":"Casa de Justicia Comuna 13","tipo":"Casas de justicia","componente":"Equipamientos de Justicia Cercana al Ciudadano","nivel":"Zonal y Corregimental","barrio":"Veinte de Julio"},"geometry":{"type":"Point","coordinates":[-75.62259,6.252897]}},{"type":"Feature","properties":{"nombre":"Placas Polideportivas Nuevos Conquistadores","componente":"Equipamiento de Recreación y Deporte","nivel":"Barrial y Suburbano","barrio":"Veinte de Julio"},"geometry":{"type":"Point","coordinates":[-75.625477,6.252116]}},{"type":"Feature","properties":{"nombre":"Institución Educativa Las Independencias","componente":"Equipamiento de Educación","nivel":"Zonal y Corregimental","barrio":"Veinte de Julio"},"geometry":{"type":"Point","coordinates":[-75.625014,6.253183]}},{"type":"Feature","properties":{"nombre":"Cancha de Futbol El Salado","componente":"Equipamiento de Recreación y Deporte","nivel":"Barrial y Suburbano","barrio":"Veinte de Julio"},"geometry":{"type":"Point","coordinates":[-75.624209,6.253362]}},{"type":"Feature","properties":{"nombre":"Placa Polideportiva El Salado No 2","componente":"Equipamiento de Recreación y Deporte","nivel":"Barrial y Suburbano","barrio":"Veinte de Julio"},"geometry":{"type":"Point","coordinates":[-75.625284,6.253368]}},{"type":"Feature","properties":{"nombre":"Institución Educativa Las Independencias","componente":"Equipamiento de Educación","nivel":"Zonal y Corregimental","barrio":"Veinte de Julio"},"geometry":{"type":"Point","coordinates":[-75.623198,6.253026]}},{"type":"Feature","properties":{"nombre":"Jardín Social","componente":"Equipamientos Comunitarios","nivel":"Barrial y Suburbano","barrio":"Veinte de Julio"},"geometry":{"type":"Point","coordinates":[-75.624894,6.252159]}},{"type":"Feature","properties":{"nombre":"Biblioteca Pública Centro Occidental","componente":"Equipamientos Culturales","nivel":"Zonal y Corregimental","barrio":"Veinte de Julio"},"geometry":{"type":"Point","coordinates":[-75.6248,6.25343]}},{"type":"Feature","properties":{"nombre":"Centro de Integración Barrial Villa Laura","componente":"Equipamientos Comunitarios","nivel":"Barrial y Suburbano","barrio":"Betania"},"geometry":{"type":"Point","coordinates":[-75.619566,6.246322]}},{"type":"Feature","properties":{"nombre":"Servicios Comunales Urbanización El alcazar","componente":"Equipamientos Comunitarios","nivel":"Barrial y Suburbano","barrio":"Belencito"},"geometry":{"type":"Point","coordinates":[-75.618666,6.250671]}},{"type":"Feature","properties":{"nombre":"Centro Comunal Urbanización San Vicente de Paul","componente":"Equipamientos Comunitarios","nivel":"Barrial y Suburbano","barrio":"Los Alcázares"},"geometry":{"type":"Point","coordinates":[-75.605884,6.261067]}},{"type":"Feature","properties":{"nombre":"Templo San Juan Diego.","tipo":"Espacio para el culto","componente":"Equipamientos de Culto","nivel":"Barrial y Suburbano","barrio":"Metropolitano"},"geometry":{"type":"Point","coordinates":[-75.607804,6.263416]}},{"type":"Feature","properties":{"nombre":"Institución Educativa  José Celestino Mutis","componente":"Equipamiento de Educación","nivel":"Barrial y Suburbano","barrio":"La Mansión"},"geometry":{"type":"Point","coordinates":[-75.556903,6.258883]}},{"type":"Feature","properties":{"nombre":"Placa Polideportiva las Estancias","componente":"Equipamiento de Recreación y Deporte","nivel":"Barrial y Suburbano","barrio":"La Sierra"},"geometry":{"type":"Point","coordinates":[-75.537644,6.234091]}},{"type":"Feature","properties":{"nombre":"Placa Polideportiva las Estancias","componente":"Equipamiento de Recreación y Deporte","nivel":"Barrial y Suburbano","barrio":"La Sierra"},"geometry":{"type":"Point","coordinates":[-75.537577,6.233954]}},{"type":"Feature","properties":{"nombre":"Placa Polideportiva La Bombonerita","componente":"Equipamiento de Recreación y Deporte","nivel":"Barrial y Suburbano","barrio":"La Sierra"},"geometry":{"type":"Point","coordinates":[-75.538038,6.235362]}},{"type":"Feature","properties":{"nombre":"Sede Social Villatina - San Antonio","componente":"Equipamientos Comunitarios","nivel":"Barrial y Suburbano","barrio":"Villatina"},"geometry":{"type":"Point","coordinates":[-75.539212,6.236256]}},{"type":"Feature","properties":{"nombre":"Escuela Empresarial de Educacion","componente":"Equipamiento de Educación","nivel":"Barrial y Suburbano","barrio":"La Sierra"},"geometry":{"type":"Point","coordinates":[-75.527892,6.233988]}},{"type":"Feature","properties":{"nombre":"Placa Polideportiva San Pablo","componente":"Equipamiento de Recreación y Deporte","nivel":"Barrial y Suburbano","barrio":"La Sierra"},"geometry":{"type":"Point","coordinates":[-75.529501,6.230409]}},{"type":"Feature","properties":{"nombre":"Placa Polideportiva Las Mirlas","componente":"Equipamiento de Recreación y Deporte","nivel":"Barrial y Suburbano","barrio":"Las Estancias"},"geometry":{"type":"Point","coordinates":[-75.532337,6.232423]}},{"type":"Feature","properties":{"nombre":"Centro Integral Comunitario Trece de Noviembre","componente":"Equipamientos Comunitarios","nivel":"Barrial y Suburbano","barrio":"El Pinal"},"geometry":{"type":"Point","coordinates":[-75.543059,6.247564]}},{"type":"Feature","properties":{"nombre":"Cancha  de Futbol el Molino","componente":"Equipamiento de Recreación y Deporte","nivel":"Barrial y Suburbano","barrio":"Villatina"},"geometry":{"type":"Point","coordinates":[-75.541201,6.235449]}},{"type":"Feature","properties":{"nombre":"Placa Polideportiva el Molino","componente":"Equipamiento de Recreación y Deporte","nivel":"Barrial y Suburbano","barrio":"Villatina"},"geometry":{"type":"Point","coordinates":[-75.541075,6.235624]}},{"type":"Feature","properties":{"nombre":"Placa Polideportiva Trece de Noviembre","componente":"Equipamiento de Recreación y Deporte","nivel":"Barrial y Suburbano","barrio":"El Pinal"},"geometry":{"type":"Point","coordinates":[-75.543206,6.247388]}},{"type":"Feature","properties":{"nombre":"Cancha de Microfutbol Esfuerzos de Paz","componente":"Equipamiento de Recreación y Deporte","nivel":"Barrial y Suburbano","barrio":"San Antonio"},"geometry":{"type":"Point","coordinates":[-75.53338,6.237699]}},{"type":"Feature","properties":{"nombre":"Cancha de Microfutbol Esfuerzos de Paz 1","componente":"Equipamiento de Recreación y Deporte","nivel":"Barrial y Suburbano","barrio":"San Antonio"},"geometry":{"type":"Point","coordinates":[-75.536217,6.236531]}},{"type":"Feature","properties":{"nombre":"Unidad Basica Sociedad San Vicente de Paul","componente":"Equipamiento de Educación","nivel":"Barrial y Suburbano","barrio":"Las Estancias"},"geometry":{"type":"Point","coordinates":[-75.53242,6.2332]}},{"type":"Feature","properties":{"nombre":"Seccion Escuela Las Estancias","componente":"Equipamiento de Educación","nivel":"Barrial y Suburbano","barrio":"Las Estancias"},"geometry":{"type":"Point","coordinates":[-75.533436,6.231924]}},{"type":"Feature","properties":{"nombre":"Placa Polideportiva Betania","componente":"Equipamiento de Recreación y Deporte","nivel":"Vecinal y Veredal","barrio":"El Corazón El Morro"},"geometry":{"type":"Point","coordinates":[-75.62279,6.243938]}},{"type":"Feature","properties":{"nombre":"Subestación de Policía","tipo":"Fuerza pública","componente":"Equipamientos para la Fuerza Pública","nivel":"Zonal y Corregimental","barrio":"Buga Patio Bonito"},"geometry":{"type":"Point","coordinates":[-75.635522,6.221946]}},{"type":"Feature","properties":{"nombre":"Institución Educativa Barrio Santa Cruz","componente":"Equipamiento de Educación","nivel":"Barrial y Suburbano","barrio":"Moscú No.1"},"geometry":{"type":"Point","coordinates":[-75.55037,6.292146]}},{"type":"Feature","properties":{"nombre":"CEDEZO Santo Domingo","tipo":"Institucional Municipal","componente":"Equipamientos Institucionales Municipales","nivel":"Ciudad","barrio":"Santo Domingo Savio No.1"},"geometry":{"type":"Point","coordinates":[-75.542236,6.293095]}},{"type":"Feature","properties":{"nombre":"Secretaría de Educación - Municipio de Medellín - Edificio Carré","tipo":"Institucional Municipal","componente":"Equipamientos Institucionales Municipales","nivel":"Zonal y Corregimental","barrio":"Guayaquil"},"geometry":{"type":"Point","coordinates":[-75.57135,6.245994]}},{"type":"Feature","properties":{"nombre":"Museo Interactivo - Fundación EPM","componente":"Equipamientos Culturales","nivel":"Ciudad","barrio":"La Alpujarra"},"geometry":{"type":"Point","coordinates":[-75.576722,6.244654]}},{"type":"Feature","properties":{"nombre":"Parque Biblioteca Guayabal - Manuel Mejía Vallejo","componente":"Equipamientos Culturales","nivel":"Ciudad","barrio":"Santa Fé"},"geometry":{"type":"Point","coordinates":[-75.586146,6.220379]}},{"type":"Feature","properties":{"nombre":"Parque Juan Pablo II","componente":"Equipamiento de Recreación y Deporte","nivel":"Ciudad","barrio":"Parque Juan Pablo II"},"geometry":{"type":"Point","coordinates":[-75.591068,6.22377]}},{"type":"Feature","properties":{"nombre":"Comunidad Carmelitas  Descalzas","tipo":"Seminarios y conventos","componente":"Equipamientos de Culto","nivel":"Barrial y Suburbano","barrio":"La Mansión"},"geometry":{"type":"Point","coordinates":[-75.554914,6.259065]}},{"type":"Feature","properties":{"nombre":"Placa  Polideportiva la Mansión","componente":"Equipamiento de Recreación y Deporte","nivel":"Barrial y Suburbano","barrio":"La Sierra"},"geometry":{"type":"Point","coordinates":[-75.556285,6.257262]}},{"type":"Feature","properties":{"nombre":"Cancha  de  Futbol  la Mansión","componente":"Equipamiento de Recreación y Deporte","nivel":"Barrial y Suburbano","barrio":"La Mansión"},"geometry":{"type":"Point","coordinates":[-75.555936,6.257516]}},{"type":"Feature","properties":{"nombre":"Clinica  El Rosario","componente":"Equipamiento de Salud","nivel":"Zonal y Corregimental","barrio":"San Miguel"},"geometry":{"type":"Point","coordinates":[-75.556469,6.255374]}},{"type":"Feature","properties":{"nombre":"Parqueadero  Clinica  El Rosario","componente":"Equipamiento de Salud","nivel":"Ciudad","barrio":"San Miguel"},"geometry":{"type":"Point","coordinates":[-75.556877,6.255853]}},{"type":"Feature","properties":{"nombre":"Convento y Casa Provincial de La Presentación","tipo":"Seminarios y conventos","componente":"Equipamientos de Culto","nivel":"Barrial y Suburbano","barrio":"San Miguel"},"geometry":{"type":"Point","coordinates":[-75.555756,6.254885]}},{"type":"Feature","properties":{"nombre":"Colegio La Presentación - Barrio San Miguel","componente":"Equipamiento de Educación","nivel":"Barrial y Suburbano","barrio":"San Miguel"},"geometry":{"type":"Point","coordinates":[-75.555029,6.254375]}},{"type":"Feature","properties":{"nombre":"Institución Educativa Juan  de La Cruz Posada","componente":"Equipamiento de Educación","nivel":"Barrial y Suburbano","barrio":"San Miguel"},"geometry":{"type":"Point","coordinates":[-75.554487,6.253799]}},{"type":"Feature","properties":{"nombre":"Casa Ancianos de La Presentación","componente":"Equipamiento de Asistencia Social","nivel":"Barrial y Suburbano","barrio":"San Miguel"},"geometry":{"type":"Point","coordinates":[-75.556293,6.254489]}},{"type":"Feature","properties":{"nombre":"Iglesia de Jesucristo de Los Santos de Los Ultimos Días","tipo":"Espacio para el culto","componente":"Equipamientos de Culto","nivel":"Barrial y Suburbano","barrio":"San Miguel"},"geometry":{"type":"Point","coordinates":[-75.553471,6.254897]}},{"type":"Feature","properties":{"nombre":"Parroquia San Miguel Arcangel","tipo":"Espacio para el culto","componente":"Equipamientos de Culto","nivel":"Barrial y Suburbano","barrio":"San Miguel"},"geometry":{"type":"Point","coordinates":[-75.555463,6.255747]}},{"type":"Feature","properties":{"nombre":"Postulado y Noviciado de La Presentación","tipo":"Seminarios y conventos","componente":"Equipamientos de Culto","nivel":"Barrial y Suburbano","barrio":"San Miguel"},"geometry":{"type":"Point","coordinates":[-75.554461,6.255238]}},{"type":"Feature","properties":{"nombre":"Instituto San Miguel","componente":"Equipamiento de Educación","nivel":"Barrial y Suburbano","barrio":"San Miguel"},"geometry":{"type":"Point","coordinates":[-75.555367,6.255407]}},{"type":"Feature","properties":{"nombre":"Subestación Villa Hermosa","tipo":"Prestación del servicio de energía","componente":"Equipamientos para la prestación de los servicios públicos","nivel":"Ciudad","barrio":"San Miguel"},"geometry":{"type":"Point","coordinates":[-75.555501,6.253242]}},{"type":"Feature","properties":{"nombre":"Defensa Civil Colombiana -  Seccional Antioquia","tipo":"Sede defensa civil","componente":"Equipamiento de Prevención y atención de desatres","nivel":"Barrial y Suburbano","barrio":"San Miguel"},"geometry":{"type":"Point","coordinates":[-75.557613,6.253948]}},{"type":"Feature","properties":{"nombre":"Sede  Social La  Mansion","componente":"Equipamientos Comunitarios","nivel":"Barrial y Suburbano","barrio":"San Miguel"},"geometry":{"type":"Point","coordinates":[-75.558391,6.255929]}},{"type":"Feature","properties":{"nombre":"Instituto Pedagogico Santa Lucia","componente":"Equipamiento de Educación","nivel":"Barrial y Suburbano","barrio":"San Miguel"},"geometry":{"type":"Point","coordinates":[-75.56008,6.256533]}},{"type":"Feature","properties":{"nombre":"Institución Educativa Juan de La Cruz Posada","componente":"Equipamiento de Educación","nivel":"Barrial y Suburbano","barrio":"Villa Hermosa"},"geometry":{"type":"Point","coordinates":[-75.551661,6.257951]}},{"type":"Feature","properties":{"nombre":"Iglesia Sagrada Familia","tipo":"Espacio para el culto","componente":"Equipamientos de Culto","nivel":"Barrial y Suburbano","barrio":"Villa Hermosa"},"geometry":{"type":"Point","coordinates":[-75.55117,6.258428]}},{"type":"Feature","properties":{"nombre":"Lote de Servicios Colectivos Urbanizacion Julio Rincón","componente":"Equipamientos Comunitarios","barrio":"Los Mangos"},"geometry":{"type":"Point","coordinates":[-75.545657,6.247114]}},{"type":"Feature","properties":{"nombre":"Noviciado Hermanos Maristas de La Enseñanza","tipo":"Seminarios y conventos","componente":"Equipamientos de Culto","nivel":"Barrial y Suburbano","barrio":"Villa Hermosa"},"geometry":{"type":"Point","coordinates":[-75.55264,6.25656]}},{"type":"Feature","properties":{"nombre":"Institución Tecnologica Metropolitana ITM","componente":"Equipamiento de Educación","nivel":"Barrial y Suburbano","barrio":"Sucre"},"geometry":{"type":"Point","coordinates":[-75.552094,6.244473]}},{"type":"Feature","properties":{"nombre":"Parroquia San Policarpo","tipo":"Espacio para el culto","componente":"Equipamientos de Culto","nivel":"Barrial y Suburbano","barrio":"Sucre"},"geometry":{"type":"Point","coordinates":[-75.552812,6.244489]}},{"type":"Feature","properties":{"nombre":"Comisaria de  Familia","tipo":"Comisarias de familia","componente":"Equipamientos Institucionales Municipales","nivel":"Barrial y Suburbano","barrio":"Villa Hermosa"},"geometry":{"type":"Point","coordinates":[-75.553889,6.257157]}},{"type":"Feature","properties":{"nombre":"Institución Educativa Juan de Dios Carvajal","componente":"Equipamiento de Educación","nivel":"Barrial y Suburbano","barrio":"Villa Hermosa"},"geometry":{"type":"Point","coordinates":[-75.55105,6.255637]}},{"type":"Feature","properties":{"nombre":"Sede Social Villa Hermosa","componente":"Equipamientos Comunitarios","nivel":"Barrial y Suburbano","barrio":"Villa Hermosa"},"geometry":{"type":"Point","coordinates":[-75.54954,6.258023]}},{"type":"Feature","properties":{"nombre":"Planta de Potab. de Agua + Subestación de Energía EPM - Villa Hermosa","componente":"Equipamientos para la prestación de los servicios públicos","nivel":"Ciudad","barrio":"Villa Hermosa"},"geometry":{"type":"Point","coordinates":[-75.547227,6.257581]}},{"type":"Feature","properties":{"nombre":"Batallón de Infantería No. 10 \"Girardot\"","tipo":"Fuerza pública","componente":"Equipamientos para la Fuerza Pública","nivel":"Ciudad","barrio":"Batallón Girardot"},"geometry":{"type":"Point","coordinates":[-75.550231,6.261031]}},{"type":"Feature","properties":{"nombre":"Sección Escuela Batallón Girardot","componente":"Equipamiento de Educación","nivel":"Barrial y Suburbano","barrio":"Batallón Girardot"},"geometry":{"type":"Point","coordinates":[-75.550995,6.259939]}},{"type":"Feature","properties":{"nombre":"Batallón de Infantería No. 10 \"Girardot\"","tipo":"Fuerza pública","componente":"Equipamientos para la Fuerza Pública","nivel":"Ciudad","barrio":"Batallón Girardot"},"geometry":{"type":"Point","coordinates":[-75.546033,6.260763]}},{"type":"Feature","properties":{"nombre":"Batallón de Infantería No. 10 \"Girardot\"","tipo":"Fuerza pública","componente":"Equipamientos para la Fuerza Pública","nivel":"Ciudad","barrio":"Piedras Blancas - Matasano"},"geometry":{"type":"Point","coordinates":[-75.541864,6.259185]}},{"type":"Feature","properties":{"nombre":"Normal Superior de Varones","componente":"Equipamiento de Educación","nivel":"Barrial y Suburbano","barrio":"La Ladera"},"geometry":{"type":"Point","coordinates":[-75.548692,6.253726]}},{"type":"Feature","properties":{"nombre":"Colegio Llanadas","componente":"Equipamiento de Educación","nivel":"Barrial y Suburbano","barrio":"La Ladera"},"geometry":{"type":"Point","coordinates":[-75.54267,6.255339]}},{"type":"Feature","properties":{"nombre":"Parque Biblioteca Publica La Ladera León de Greiff","componente":"Equipamientos Culturales","nivel":"Ciudad","barrio":"La Ladera"},"geometry":{"type":"Point","coordinates":[-75.554053,6.251597]}},{"type":"Feature","properties":{"nombre":"Parque Deportivo La Ladera","componente":"Equipamiento de Recreación y Deporte","nivel":"Zonal y Corregimental","barrio":"La Ladera"},"geometry":{"type":"Point","coordinates":[-75.553083,6.251587]}},{"type":"Feature","properties":{"nombre":"Parroquia del Niño Jesus de Praga","tipo":"Espacio para el culto","componente":"Equipamientos de Culto","nivel":"Barrial y Suburbano","barrio":"Enciso"},"geometry":{"type":"Point","coordinates":[-75.549648,6.250101]}},{"type":"Feature","properties":{"nombre":"Centro de Salud Eciso","componente":"Equipamiento de Salud","nivel":"Barrial y Suburbano","barrio":"Enciso"},"geometry":{"type":"Point","coordinates":[-75.550127,6.250559]}},{"type":"Feature","properties":{"nombre":"Placa Polideportiva San Francisco","componente":"Equipamiento de Recreación y Deporte","nivel":"Barrial y Suburbano","barrio":"La Sierra"},"geometry":{"type":"Point","coordinates":[-75.545419,6.241103]}},{"type":"Feature","properties":{"nombre":"Sección  Escuela Santiago Santamaria","componente":"Equipamiento de Educación","nivel":"Barrial y Suburbano","barrio":"Enciso"},"geometry":{"type":"Point","coordinates":[-75.549621,6.249175]}},{"type":"Feature","properties":{"nombre":"Sede Social Enciso Praga","componente":"Equipamientos Comunitarios","nivel":"Barrial y Suburbano","barrio":"Enciso"},"geometry":{"type":"Point","coordinates":[-75.550192,6.249742]}},{"type":"Feature","properties":{"nombre":"Centro de Acopio de Escombros Empresas Varias de Medellin-La Ladera","tipo":"Prestación del servicio de aseo","componente":"Equipamientos para la prestación de los servicios públicos","nivel":"Barrial y Suburbano","barrio":"Enciso"},"geometry":{"type":"Point","coordinates":[-75.552987,6.25022]}},{"type":"Feature","properties":{"nombre":"Centro de Atención Integral para las personas dscapacitadas","componente":"Equipamiento de Asistencia Social","nivel":"Zonal y Corregimental","barrio":"Las Playas"},"geometry":{"type":"Point","coordinates":[-75.595161,6.21928]}},{"type":"Feature","properties":{"nombre":"Institución Educativa José María Bernal","componente":"Equipamiento de Educación","nivel":"Barrial y Suburbano","barrio":"Las Playas"},"geometry":{"type":"Point","coordinates":[-75.593634,6.220291]}},{"type":"Feature","properties":{"nombre":"Estación de Policía de Belén","tipo":"Instituciones municipales encargadas de la convivencia","componente":"Equipamientos de Justicia Cercana al Ciudadano","nivel":"Zonal y Corregimental","barrio":"Las Playas"},"geometry":{"type":"Point","coordinates":[-75.596056,6.221749]}},{"type":"Feature","properties":{"nombre":"Cancha de Futbol Belén Zafra","componente":"Equipamiento de Recreación y Deporte","nivel":"Barrial y Suburbano","barrio":"Altavista"},"geometry":{"type":"Point","coordinates":[-75.606528,6.226905]}},{"type":"Feature","properties":{"nombre":"Tanque de Agua EPM - Altavista","tipo":"Prestación del servicio de acueducto","componente":"Equipamientos para la prestación de los servicios públicos","nivel":"Ciudad","barrio":"Altavista"},"geometry":{"type":"Point","coordinates":[-75.609314,6.226822]}},{"type":"Feature","properties":{"nombre":"Sede Social Buena Vista","componente":"Equipamientos Comunitarios","nivel":"Barrial y Suburbano","barrio":"Altavista"},"geometry":{"type":"Point","coordinates":[-75.609909,6.222124]}},{"type":"Feature","properties":{"nombre":"Cancha de fútbol y Placa Polideportiva Buenavista","componente":"Equipamiento de Recreación y Deporte","nivel":"Barrial y Suburbano","barrio":"Altavista"},"geometry":{"type":"Point","coordinates":[-75.609685,6.221771]}},{"type":"Feature","properties":{"nombre":"Iglesia San Bernardo","tipo":"Espacio para el culto","componente":"Equipamientos de Culto","nivel":"Barrial y Suburbano","barrio":"San Bernardo"},"geometry":{"type":"Point","coordinates":[-75.594802,6.224862]}},{"type":"Feature","properties":{"nombre":"Sección Jardín Infantil No 1 I.E. Yermo y Parrez","componente":"Equipamientos Comunitarios","nivel":"Barrial y Suburbano","barrio":"San Bernardo"},"geometry":{"type":"Point","coordinates":[-75.594034,6.224503]}},{"type":"Feature","properties":{"nombre":"Colegio Básico Camino de Paz","componente":"Equipamiento de Educación","nivel":"Barrial y Suburbano","barrio":"Los Mangos"},"geometry":{"type":"Point","coordinates":[-75.542779,6.252924]}},{"type":"Feature","properties":{"nombre":"Placa Polideportiva LLanaditas","componente":"Equipamiento de Recreación y Deporte","nivel":"Barrial y Suburbano","barrio":"Los Mangos"},"geometry":{"type":"Point","coordinates":[-75.542236,6.253249]}},{"type":"Feature","properties":{"nombre":"Sección Escuela Colinas de Enciso","componente":"Equipamiento de Educación","nivel":"Barrial y Suburbano","barrio":"Los Mangos"},"geometry":{"type":"Point","coordinates":[-75.546229,6.250267]}},{"type":"Feature","properties":{"nombre":"Institución Educativa Luis Carlos Galán","componente":"Equipamiento de Educación","nivel":"Barrial y Suburbano","barrio":"La Sierra"},"geometry":{"type":"Point","coordinates":[-75.545976,6.248166]}},{"type":"Feature","properties":{"nombre":"Institución Educativa Luis Carlos Galán","componente":"Equipamiento de Educación","nivel":"Barrial y Suburbano","barrio":"La Sierra"},"geometry":{"type":"Point","coordinates":[-75.546294,6.247935]}},{"type":"Feature","properties":{"nombre":"Sede Social Los Mangos","componente":"Equipamientos Comunitarios","nivel":"Barrial y Suburbano","barrio":"Los Mangos"},"geometry":{"type":"Point","coordinates":[-75.544869,6.249064]}},{"type":"Feature","properties":{"nombre":"Sede Social Colinas  de  Enciso Parte Alta","componente":"Equipamientos Comunitarios","nivel":"Barrial y Suburbano","barrio":"Los Mangos"},"geometry":{"type":"Point","coordinates":[-75.544753,6.251154]}},{"type":"Feature","properties":{"nombre":"Tanque de Agua EPM-Llanaditas","tipo":"Prestación del servicio de acueducto","componente":"Equipamientos para la prestación de los servicios públicos","nivel":"Ciudad","barrio":"Llanaditas"},"geometry":{"type":"Point","coordinates":[-75.541845,6.255157]}},{"type":"Feature","properties":{"nombre":"Juntas de Acción Comunal","componente":"Equipamientos Comunitarios","nivel":"Barrial y Suburbano","barrio":"Llanaditas"},"geometry":{"type":"Point","coordinates":[-75.538292,6.255983]}},{"type":"Feature","properties":{"nombre":"Institución Educativa Las Golondrinas","componente":"Equipamiento de Educación","nivel":"Barrial y Suburbano","barrio":"Llanaditas"},"geometry":{"type":"Point","coordinates":[-75.539627,6.256583]}},{"type":"Feature","properties":{"nombre":"Placa  Polideportiva Pacifico","componente":"Equipamiento de Recreación y Deporte","nivel":"Barrial y Suburbano","barrio":"Llanaditas"},"geometry":{"type":"Point","coordinates":[-75.538529,6.249719]}},{"type":"Feature","properties":{"nombre":"Institucion Educativa Sol de Oriente","componente":"Equipamiento de Educación","nivel":"Barrial y Suburbano","barrio":"Trece de Noviembre"},"geometry":{"type":"Point","coordinates":[-75.540731,6.245173]}},{"type":"Feature","properties":{"nombre":"Ancianato La Alegria","componente":"Equipamiento de Asistencia Social","nivel":"Barrial y Suburbano","barrio":"Trece de Noviembre"},"geometry":{"type":"Point","coordinates":[-75.540237,6.245554]}},{"type":"Feature","properties":{"nombre":"Seccion Escuela Beato Domingo Iturrate","componente":"Equipamiento de Educación","nivel":"Barrial y Suburbano","barrio":"Piedras Blancas - Matasano"},"geometry":{"type":"Point","coordinates":[-75.539944,6.246403]}},{"type":"Feature","properties":{"nombre":"Institución Educativa Caracas Sección Preescolar","componente":"Equipamiento de Educación","nivel":"Barrial y Suburbano","barrio":"Sucre"},"geometry":{"type":"Point","coordinates":[-75.55425,6.245169]}},{"type":"Feature","properties":{"nombre":"Institución Educativa Caracas","componente":"Equipamiento de Educación","nivel":"Barrial y Suburbano","barrio":"Sucre"},"geometry":{"type":"Point","coordinates":[-75.554026,6.245075]}},{"type":"Feature","properties":{"nombre":"Defensa Civil","tipo":"Sede defensa civil","componente":"Equipamiento de Prevención y atención de desatres","nivel":"Barrial y Suburbano","barrio":"Sucre"},"geometry":{"type":"Point","coordinates":[-75.554895,6.24545]}},{"type":"Feature","properties":{"nombre":"Institución Tecnologica Metropolitana ITM","componente":"Equipamiento de Educación","nivel":"Barrial y Suburbano","barrio":"Sucre"},"geometry":{"type":"Point","coordinates":[-75.549802,6.245007]}},{"type":"Feature","properties":{"nombre":"Mega Ludoteka Fraternidad Medellín","componente":"Equipamientos Culturales","nivel":"Barrial y Suburbano","barrio":"Sucre"},"geometry":{"type":"Point","coordinates":[-75.550205,6.243609]}},{"type":"Feature","properties":{"nombre":"Escuela Hermano Beato Salomon","componente":"Equipamiento de Educación","nivel":"Barrial y Suburbano","barrio":"Sucre"},"geometry":{"type":"Point","coordinates":[-75.549948,6.243749]}},{"type":"Feature","properties":{"nombre":"Cooperativa Multiac de Transp Cootransm","tipo":"Transporte de buses","componente":"Equipamientos para el Transporte","nivel":"Barrial y Suburbano","barrio":"Los Mangos"},"geometry":{"type":"Point","coordinates":[-75.545356,6.248389]}},{"type":"Feature","properties":{"nombre":"Sección Escuela Fe y Alegria  La Liebertad N° 6","componente":"Equipamiento de Educación","nivel":"Barrial y Suburbano","barrio":"La Libertad"},"geometry":{"type":"Point","coordinates":[-75.544291,6.242347]}},{"type":"Feature","properties":{"nombre":"Placa Polideportiva La Libertad","componente":"Equipamiento de Recreación y Deporte","nivel":"Barrial y Suburbano","barrio":"La Sierra"},"geometry":{"type":"Point","coordinates":[-75.539758,6.239966]}},{"type":"Feature","properties":{"nombre":"Iglesia Cristiana Esperanza de Vida","tipo":"Espacio para el culto","componente":"Equipamientos de Culto","nivel":"Barrial y Suburbano","barrio":"La Libertad"},"geometry":{"type":"Point","coordinates":[-75.540385,6.239859]}},{"type":"Feature","properties":{"nombre":"Centro de Salud - Villatina - Metrosalud","componente":"Equipamiento de Salud","nivel":"Barrial y Suburbano","barrio":"Villatina"},"geometry":{"type":"Point","coordinates":[-75.54136,6.237441]}},{"type":"Feature","properties":{"nombre":"Cancha de Futbol las Estancias","componente":"Equipamiento de Recreación y Deporte","nivel":"Barrial y Suburbano","barrio":"La Sierra"},"geometry":{"type":"Point","coordinates":[-75.538699,6.234627]}},{"type":"Feature","properties":{"nombre":"Sección Escuela Julia Agudelo","componente":"Equipamiento de Educación","nivel":"Barrial y Suburbano","barrio":"Enciso"},"geometry":{"type":"Point","coordinates":[-75.548927,6.250006]}},{"type":"Feature","properties":{"nombre":"Cancha de Futbol N° 2 Enciso","componente":"Equipamiento de Recreación y Deporte","nivel":"Barrial y Suburbano","barrio":"La Sierra"},"geometry":{"type":"Point","coordinates":[-75.549008,6.250322]}},{"type":"Feature","properties":{"nombre":"Cancha de Futbol N° 1 Enciso","componente":"Equipamiento de Recreación y Deporte","nivel":"Barrial y Suburbano","barrio":"La Sierra"},"geometry":{"type":"Point","coordinates":[-75.548602,6.250405]}},{"type":"Feature","properties":{"nombre":"Cancha de Baloncesto Enciso","componente":"Equipamiento de Recreación y Deporte","nivel":"Barrial y Suburbano","barrio":"La Sierra"},"geometry":{"type":"Point","coordinates":[-75.54853,6.249994]}},{"type":"Feature","properties":{"nombre":"Iglesia Cristiana Testigos de Jehova","tipo":"Espacio para el culto","componente":"Equipamientos de Culto","nivel":"Barrial y Suburbano","barrio":"El Pinal"},"geometry":{"type":"Point","coordinates":[-75.545097,6.244499]}},{"type":"Feature","properties":{"nombre":"Escuela el Pinal  Segunda Etapa","componente":"Equipamiento de Educación","nivel":"Barrial y Suburbano","barrio":"El Pinal"},"geometry":{"type":"Point","coordinates":[-75.546863,6.24435]}},{"type":"Feature","properties":{"nombre":"Subestacion de Energia Planta Telefonica EE.PP","tipo":"Prestación del servicio de energía","componente":"Equipamientos para la prestación de los servicios públicos","nivel":"Barrial y Suburbano","barrio":"San Miguel"},"geometry":{"type":"Point","coordinates":[-75.554605,6.256679]}},{"type":"Feature","properties":{"nombre":"Placa  Polideportiva  las  Golondrinas","componente":"Equipamiento de Recreación y Deporte","nivel":"Barrial y Suburbano","barrio":"Llanaditas"},"geometry":{"type":"Point","coordinates":[-75.538694,6.256163]}},{"type":"Feature","properties":{"nombre":"Casa de la Cultura y el Deporte Las Estancias","componente":"Equipamientos Culturales","nivel":"Barrial y Suburbano","barrio":"Villatina"},"geometry":{"type":"Point","coordinates":[-75.538862,6.234205]}},{"type":"Feature","properties":{"nombre":"Clínica SAMEIN","componente":"Equipamiento de Salud","nivel":"Zonal y Corregimental","barrio":"Cerro Nutibara"},"geometry":{"type":"Point","coordinates":[-75.581063,6.2392]}},{"type":"Feature","properties":{"nombre":"Centro de Integración Barrial Fátima-Nutibara","componente":"Equipamientos Comunitarios","nivel":"Barrial y Suburbano","barrio":"Fátima"},"geometry":{"type":"Point","coordinates":[-75.583123,6.23777]}},{"type":"Feature","properties":{"nombre":"Sección Bachillerato Sofía Ospina de Navarro","componente":"Equipamiento de Educación","nivel":"Zonal y Corregimental","barrio":"Fátima"},"geometry":{"type":"Point","coordinates":[-75.582897,6.23519]}},{"type":"Feature","properties":{"nombre":"Instalaciones de Redes Teléfonicas EPM","tipo":"Prestación del servicio de telecomunicaciones","componente":"Equipamientos para la prestación de los servicios públicos","nivel":"Ciudad","barrio":"Cerro Nutibara"},"geometry":{"type":"Point","coordinates":[-75.582418,6.233792]}},{"type":"Feature","properties":{"nombre":"Institución Educativa Juan María Cespedes","componente":"Equipamiento de Educación","nivel":"Zonal y Corregimental","barrio":"El Nogal-Los Almendros"},"geometry":{"type":"Point","coordinates":[-75.597093,6.235276]}},{"type":"Feature","properties":{"nombre":"ANDECOL- Unidad Deportiva y servicios sociales para discapacitados","componente":"Equipamiento de Recreación y Deporte","nivel":"Ciudad","barrio":"Rosales"},"geometry":{"type":"Point","coordinates":[-75.589062,6.232784]}},{"type":"Feature","properties":{"nombre":"Colegio San Juan Bosco","componente":"Equipamiento de Educación","nivel":"Zonal y Corregimental","barrio":"Granada"},"geometry":{"type":"Point","coordinates":[-75.593999,6.229252]}},{"type":"Feature","properties":{"nombre":"Institución Educativa Guillermo Valencia","componente":"Equipamiento de Educación","nivel":"Zonal y Corregimental","barrio":"San Bernardo"},"geometry":{"type":"Point","coordinates":[-75.59866,6.226956]}},{"type":"Feature","properties":{"nombre":"Corporación Artística La Polilla","componente":"Equipamientos Culturales","nivel":"Barrial y Suburbano","barrio":"San Bernardo"},"geometry":{"type":"Point","coordinates":[-75.597719,6.226155]}},{"type":"Feature","properties":{"nombre":"Cancha de Fútbol Los Alpes","componente":"Equipamiento de Recreación y Deporte","nivel":"Barrial y Suburbano","barrio":"Los Alpes"},"geometry":{"type":"Point","coordinates":[-75.606935,6.230707]}},{"type":"Feature","properties":{"nombre":"Casa Club del Egresado - Universidad de Medellín","componente":"Equipamientos Culturales","nivel":"Zonal y Corregimental","barrio":"Los Alpes"},"geometry":{"type":"Point","coordinates":[-75.609322,6.22995]}},{"type":"Feature","properties":{"nombre":"Estación Metroplus","tipo":"Transporte de buses","componente":"Equipamientos para el Transporte","nivel":"Ciudad","barrio":"La Palma"},"geometry":{"type":"Point","coordinates":[-75.605264,6.231029]}},{"type":"Feature","properties":{"nombre":"Estación Metroplus","tipo":"Transporte de buses","componente":"Equipamientos para el Transporte","nivel":"Ciudad","barrio":"La Palma"},"geometry":{"type":"Point","coordinates":[-75.601458,6.231136]}},{"type":"Feature","properties":{"nombre":"Institución Educativa Ramon Giraldo Ceballos","componente":"Equipamiento de Educación","nivel":"Barrial y Suburbano","barrio":"La Palma"},"geometry":{"type":"Point","coordinates":[-75.604427,6.226667]}},{"type":"Feature","properties":{"nombre":"Sede Social Altavista Parte Baja","componente":"Equipamientos Comunitarios","nivel":"Barrial y Suburbano","barrio":"La Palma"},"geometry":{"type":"Point","coordinates":[-75.605588,6.226733]}},{"type":"Feature","properties":{"nombre":"Parque Deportivo Belén La Palma","componente":"Equipamiento de Recreación y Deporte","nivel":"Zonal y Corregimental","barrio":"La Palma"},"geometry":{"type":"Point","coordinates":[-75.605188,6.226796]}},{"type":"Feature","properties":{"nombre":"Iglesia Santo Cura de Ars.","tipo":"Espacio para el culto","componente":"Equipamientos de Culto","nivel":"Barrial y Suburbano","barrio":"Los Alpes"},"geometry":{"type":"Point","coordinates":[-75.607788,6.231497]}},{"type":"Feature","properties":{"nombre":"Colegio Nuestra Señora","componente":"Equipamiento de Educación","nivel":"Zonal y Corregimental","barrio":"La Loma de Los Bernal"},"geometry":{"type":"Point","coordinates":[-75.60206,6.21989]}},{"type":"Feature","properties":{"nombre":"Parroquia Santa Juana de Arco","tipo":"Espacio para el culto","componente":"Equipamientos de Culto","nivel":"Barrial y Suburbano","barrio":"La Mota"},"geometry":{"type":"Point","coordinates":[-75.598358,6.214358]}},{"type":"Feature","properties":{"nombre":"Sede Social Belén Parque","componente":"Equipamientos Comunitarios","nivel":"Barrial y Suburbano","barrio":"Belén"},"geometry":{"type":"Point","coordinates":[-75.597316,6.233528]}},{"type":"Feature","properties":{"nombre":"MASCERCA - Suroccidental _ Belén","tipo":"Institucional Municipal","componente":"Equipamientos Institucionales Municipales","nivel":"Zonal y Corregimental","barrio":"Belén"},"geometry":{"type":"Point","coordinates":[-75.59608,6.234485]}},{"type":"Feature","properties":{"nombre":"Unidad Hospitalaria \"Héctor Abad Gómez\" - Belén - Metrosalud","componente":"Equipamiento de Salud","nivel":"Zonal y Corregimental","barrio":"Belén"},"geometry":{"type":"Point","coordinates":[-75.598315,6.229145]}},{"type":"Feature","properties":{"nombre":"Institución Educativa Yermo y Parres","componente":"Equipamiento de Educación","nivel":"Zonal y Corregimental","barrio":"Belén"},"geometry":{"type":"Point","coordinates":[-75.597918,6.229582]}},{"type":"Feature","properties":{"nombre":"Institución Educativa Capillas del Rosario","componente":"Equipamiento de Educación","nivel":"Zonal y Corregimental","barrio":"La Hondonada"},"geometry":{"type":"Point","coordinates":[-75.602419,6.205099]}},{"type":"Feature","properties":{"nombre":"Placa Polideportiva La Capilla","componente":"Equipamiento de Recreación y Deporte","nivel":"Barrial y Suburbano","barrio":"La Hondonada"},"geometry":{"type":"Point","coordinates":[-75.60464,6.205742]}},{"type":"Feature","properties":{"nombre":"Salón Comunal - Barrio Diego Echavarria","componente":"Equipamientos Comunitarios","nivel":"Barrial y Suburbano","barrio":"Diego Echavarría"},"geometry":{"type":"Point","coordinates":[-75.593676,6.21598]}},{"type":"Feature","properties":{"nombre":"Junta de Acción Comunal Kalamari II","componente":"Equipamientos Comunitarios","nivel":"Barrial y Suburbano","barrio":"Diego Echavarría"},"geometry":{"type":"Point","coordinates":[-75.595483,6.213254]}},{"type":"Feature","properties":{"nombre":"Institución Educativa Octavio Harry","componente":"Equipamiento de Educación","nivel":"Zonal y Corregimental","barrio":"Las Playas"},"geometry":{"type":"Point","coordinates":[-75.596152,6.219017]}},{"type":"Feature","properties":{"nombre":"Parroquia de La Resurrección","tipo":"Espacio para el culto","componente":"Equipamientos de Culto","nivel":"Barrial y Suburbano","barrio":"Las Playas"},"geometry":{"type":"Point","coordinates":[-75.59494,6.220646]}},{"type":"Feature","properties":{"nombre":"Sede Social San Bernardo Cra 72","componente":"Equipamientos Comunitarios","nivel":"Barrial y Suburbano","barrio":"San Bernardo"},"geometry":{"type":"Point","coordinates":[-75.594199,6.224197]}},{"type":"Feature","properties":{"nombre":"Inspección de Policía 16B","tipo":"Instituciones municipales encargadas de la convivencia","componente":"Equipamientos de Justicia Cercana al Ciudadano","nivel":"Zonal y Corregimental","barrio":"San Bernardo"},"geometry":{"type":"Point","coordinates":[-75.598376,6.227348]}},{"type":"Feature","properties":{"nombre":"Hogar Casa de Nuestra Señora de Chiquinquirá","componente":"Equipamiento de Asistencia Social","barrio":"La Gloria"},"geometry":{"type":"Point","coordinates":[-75.600012,6.222356]}},{"type":"Feature","properties":{"nombre":"Lote Parroquia Santa Infancia de Jesús","tipo":"Espacio para el culto","componente":"Equipamientos de Culto","nivel":"Barrial y Suburbano","barrio":"La Gloria"},"geometry":{"type":"Point","coordinates":[-75.601771,6.222715]}},{"type":"Feature","properties":{"nombre":"Casa Fray Luis Terciarias Capuchinas de La Sagrada Familia","tipo":"Seminarios y conventos","componente":"Equipamientos de Culto","barrio":"La Loma de Los Bernal"},"geometry":{"type":"Point","coordinates":[-75.600194,6.220484]}},{"type":"Feature","properties":{"nombre":"Sede Social La Gloria Urbanización La Nubia","componente":"Equipamientos Comunitarios","nivel":"Barrial y Suburbano","barrio":"La Gloria"},"geometry":{"type":"Point","coordinates":[-75.604098,6.221654]}},{"type":"Feature","properties":{"nombre":"Placas Deportivas La Nubia","componente":"Equipamiento de Recreación y Deporte","nivel":"Barrial y Suburbano","barrio":"La Gloria"},"geometry":{"type":"Point","coordinates":[-75.604354,6.22141]}},{"type":"Feature","properties":{"nombre":"Coliseo Aliadas","componente":"Equipamiento de Recreación y Deporte","nivel":"Barrial y Suburbano","barrio":"La Gloria"},"geometry":{"type":"Point","coordinates":[-75.608128,6.221943]}},{"type":"Feature","properties":{"nombre":"Convento Religiosas del Buen Pastor","tipo":"Seminarios y conventos","componente":"Equipamientos de Culto","nivel":"Zonal y Corregimental","barrio":"La Gloria"},"geometry":{"type":"Point","coordinates":[-75.597978,6.224692]}},{"type":"Feature","properties":{"nombre":"Clínica Saludcoop","componente":"Equipamiento de Salud","nivel":"Ciudad","barrio":"La Gloria"},"geometry":{"type":"Point","coordinates":[-75.598918,6.224678]}},{"type":"Feature","properties":{"nombre":"Parque Biblioteca Belén","componente":"Equipamientos Culturales","nivel":"Ciudad","barrio":"La Gloria"},"geometry":{"type":"Point","coordinates":[-75.598293,6.223984]}},{"type":"Feature","properties":{"nombre":"Parroquia Madre del Amor Divino","tipo":"Espacio para el culto","componente":"Equipamientos de Culto","nivel":"Barrial y Suburbano","barrio":"La Gloria"},"geometry":{"type":"Point","coordinates":[-75.599483,6.22531]}},{"type":"Feature","properties":{"nombre":"Iglesia San Francisco Javier","tipo":"Espacio para el culto","componente":"Equipamientos de Culto","nivel":"Barrial y Suburbano","barrio":"La Gloria"},"geometry":{"type":"Point","coordinates":[-75.602125,6.225852]}},{"type":"Feature","properties":{"nombre":"Colegio Padre Manyanet","componente":"Equipamiento de Educación","nivel":"Zonal y Corregimental","barrio":"Altavista"},"geometry":{"type":"Point","coordinates":[-75.6095,6.220047]}},{"type":"Feature","properties":{"nombre":"Seminario Padres Manyanet","tipo":"Seminarios y conventos","componente":"Equipamientos de Culto","barrio":"Altavista"},"geometry":{"type":"Point","coordinates":[-75.61067,6.220602]}},{"type":"Feature","properties":{"nombre":"Centro de Salud - Belén Rincón - Metrosalud","componente":"Equipamiento de Salud","nivel":"Barrial y Suburbano","barrio":"El Rincón"},"geometry":{"type":"Point","coordinates":[-75.603655,6.212352]}},{"type":"Feature","properties":{"nombre":"Sección Escuela Antonio José Restrepo","componente":"Equipamiento de Educación","nivel":"Barrial y Suburbano","barrio":"El Rincón"},"geometry":{"type":"Point","coordinates":[-75.602559,6.212038]}},{"type":"Feature","properties":{"nombre":"Institución Educativa Antonio Ricaute","componente":"Equipamiento de Educación","nivel":"Zonal y Corregimental","barrio":"El Rincón"},"geometry":{"type":"Point","coordinates":[-75.603423,6.211292]}},{"type":"Feature","properties":{"nombre":"Placa Deportivo El Hueco","componente":"Equipamiento de Recreación y Deporte","nivel":"Barrial y Suburbano","barrio":"El Rincón"},"geometry":{"type":"Point","coordinates":[-75.603847,6.20972]}},{"type":"Feature","properties":{"nombre":"Cementerio El Rincón","tipo":"Cementerio humanos","componente":"Equipamientos Sanitarios","nivel":"Ciudad","barrio":"El Rincón"},"geometry":{"type":"Point","coordinates":[-75.60076,6.207431]}},{"type":"Feature","properties":{"nombre":"Institución Educativa San Roberto Belarmino","componente":"Equipamiento de Educación","nivel":"Zonal y Corregimental","barrio":"Las Mercedes"},"geometry":{"type":"Point","coordinates":[-75.606614,6.235482]}},{"type":"Feature","properties":{"nombre":"Sede Social El Ciprés Las Mercedes","componente":"Equipamientos Comunitarios","nivel":"Barrial y Suburbano","barrio":"Las Mercedes"},"geometry":{"type":"Point","coordinates":[-75.60853,6.236012]}},{"type":"Feature","properties":{"nombre":"Salón Comunal","componente":"Equipamientos Comunitarios","nivel":"Vecinal y Veredal","barrio":"Las Mercedes"},"geometry":{"type":"Point","coordinates":[-75.613426,6.236314]}},{"type":"Feature","properties":{"nombre":"Instituto Salesiano Pedro Justo Berrio","componente":"Equipamiento de Educación","nivel":"Zonal y Corregimental","barrio":"Las Mercedes"},"geometry":{"type":"Point","coordinates":[-75.610855,6.237035]}},{"type":"Feature","properties":{"nombre":"Universidad de Medellín","componente":"Equipamiento de Educación","nivel":"Metropolitano Y Regional","barrio":"Las Violetas"},"geometry":{"type":"Point","coordinates":[-75.611445,6.231552]}},{"type":"Feature","properties":{"nombre":"Colegio Gente Unida Jovenes por La Paz - Sede Villa Café","componente":"Equipamiento de Educación","nivel":"Zonal y Corregimental","barrio":"Las Violetas"},"geometry":{"type":"Point","coordinates":[-75.612517,6.228432]}},{"type":"Feature","properties":{"nombre":"Sección Escuela San Pablo","componente":"Equipamiento de Educación","nivel":"Barrial y Suburbano","barrio":"Las Violetas"},"geometry":{"type":"Point","coordinates":[-75.621186,6.236266]}},{"type":"Feature","properties":{"nombre":"Depósito de Buses Las Violetas","tipo":"Transporte de buses","componente":"Equipamientos para el Transporte","nivel":"Zonal y Corregimental","barrio":"Las Violetas"},"geometry":{"type":"Point","coordinates":[-75.619137,6.236585]}},{"type":"Feature","properties":{"nombre":"Iglesia Maria Madre Admirable","tipo":"Espacio para el culto","componente":"Equipamientos de Culto","nivel":"Barrial y Suburbano","barrio":"Altavista"},"geometry":{"type":"Point","coordinates":[-75.604535,6.225551]}},{"type":"Feature","properties":{"nombre":"Parque Deportivo El Rincón","componente":"Equipamiento de Recreación y Deporte","nivel":"Zonal y Corregimental","barrio":"El Rincón"},"geometry":{"type":"Point","coordinates":[-75.600288,6.212855]}},{"type":"Feature","properties":{"nombre":"Club de Vida Trinitario","componente":"Equipamiento de Asistencia Social","nivel":"Barrial y Suburbano","barrio":"Trinidad"},"geometry":{"type":"Point","coordinates":[-75.58252,6.228826]}},{"type":"Feature","properties":{"nombre":"Zoológico Santa Fé","componente":"Equipamientos Culturales","nivel":"Ciudad","barrio":"Santa Fé"},"geometry":{"type":"Point","coordinates":[-75.579942,6.224027]}},{"type":"Feature","properties":{"nombre":"Cruz Roja Colombiana","tipo":"Cruz roja","componente":"Equipamiento de Prevención y atención de desatres","nivel":"Ciudad","barrio":"Santa Fé"},"geometry":{"type":"Point","coordinates":[-75.57697,6.228206]}},{"type":"Feature","properties":{"nombre":"Centro de Inteligencia - Policía Metropolitana","tipo":"Policia","componente":"Equipamientos para la Fuerza Pública","nivel":"Zonal y Corregimental","barrio":"Santa Fé"},"geometry":{"type":"Point","coordinates":[-75.579073,6.219945]}},{"type":"Feature","properties":{"nombre":"Tanque de Agua Pedregal Alto","tipo":"Prestación del servicio de acueducto","componente":"Equipamientos para la prestación de los servicios públicos","nivel":"Zonal y Corregimental","barrio":"Pedregal Alto"},"geometry":{"type":"Point","coordinates":[-75.628207,6.289235]}},{"type":"Feature","properties":{"nombre":"Sede Social Pajarito - Placa Deportiva Pajarito","componente":"Equipamientos Comunitarios","nivel":"Vecinal y Veredal","barrio":"Área de Expansión Pajarito"},"geometry":{"type":"Point","coordinates":[-75.608954,6.28842]}},{"type":"Feature","properties":{"nombre":"Acueducto - San Cristobal","tipo":"Prestación del servicio de acueducto","componente":"Equipamientos para la prestación de los servicios públicos","nivel":"Zonal y Corregimental","barrio":"Travesías"},"geometry":{"type":"Point","coordinates":[-75.648115,6.290214]}},{"type":"Feature","properties":{"nombre":"Casa Provincial Salesiana","tipo":"Seminarios y conventos","componente":"Equipamientos de Culto","barrio":"Las Mercedes"},"geometry":{"type":"Point","coordinates":[-75.609267,6.236351]}},{"type":"Feature","properties":{"nombre":"Servicios comunales Urbanización Rodeo de SAn Simón","componente":"Equipamientos Comunitarios","nivel":"Barrial y Suburbano","barrio":"La Hondonada"},"geometry":{"type":"Point","coordinates":[-75.600585,6.204374]}},{"type":"Feature","properties":{"nombre":"Estación de Bombeo del Acueducto EPM - Miraflores","tipo":"Prestación del servicio de acueducto","componente":"Equipamientos para la prestación de los servicios públicos","nivel":"Ciudad","barrio":"Las Palmas"},"geometry":{"type":"Point","coordinates":[-75.549809,6.228705]}},{"type":"Feature","properties":{"nombre":"Sede Social La Colinita","componente":"Equipamientos Comunitarios","nivel":"Barrial y Suburbano","barrio":"La Colina"},"geometry":{"type":"Point","coordinates":[-75.592556,6.199968]}},{"type":"Feature","properties":{"nombre":"Sede Social La Colina","componente":"Equipamientos Comunitarios","nivel":"Barrial y Suburbano","barrio":"La Colina"},"geometry":{"type":"Point","coordinates":[-75.593283,6.19832]}},{"type":"Feature","properties":{"nombre":"Sede Social Santa Fé","componente":"Equipamientos Comunitarios","nivel":"Barrial y Suburbano","barrio":"Santa Fé"},"geometry":{"type":"Point","coordinates":[-75.583156,6.224424]}},{"type":"Feature","properties":{"nombre":"Centro de Salud - Palmitas - Metrosalud","componente":"Equipamiento de Salud","nivel":"Zonal y Corregimental","barrio":"Palmitas Sector Central"},"geometry":{"type":"Point","coordinates":[-75.691656,6.345085]}},{"type":"Feature","properties":{"nombre":"Centro Educativo La Frisola","componente":"Equipamiento de Educación","nivel":"Vecinal y Veredal","barrio":"La Frisola"},"geometry":{"type":"Point","coordinates":[-75.69845,6.330646]}},{"type":"Feature","properties":{"nombre":"Cementerio San Sebastian de Palmitas","tipo":"Cementerio humanos","componente":"Equipamientos Sanitarios","nivel":"Zonal y Corregimental","barrio":"Palmitas Sector Central"},"geometry":{"type":"Point","coordinates":[-75.686843,6.342339]}},{"type":"Feature","properties":{"nombre":"Centro Educativo La Volcana","componente":"Equipamiento de Educación","nivel":"Vecinal y Veredal","barrio":"Volcana Guayabal"},"geometry":{"type":"Point","coordinates":[-75.694036,6.332992]}},{"type":"Feature","properties":{"nombre":"Planta de Telefonos UNE","tipo":"Prestación del servicio de telecomunicaciones","componente":"Equipamientos para la prestación de los servicios públicos","nivel":"Zonal y Corregimental","barrio":"Palmitas Sector Central"},"geometry":{"type":"Point","coordinates":[-75.688623,6.343285]}},{"type":"Feature","properties":{"nombre":"Sede Social Naranjal","componente":"Equipamientos Comunitarios","nivel":"Vecinal y Veredal","barrio":"Naranjal"},"geometry":{"type":"Point","coordinates":[-75.656599,6.301678]}},{"type":"Feature","properties":{"nombre":"Sede de Accion Cumunal - Yolombo","componente":"Equipamientos Comunitarios","nivel":"Vecinal y Veredal","barrio":"Yolombo"},"geometry":{"type":"Point","coordinates":[-75.618007,6.302587]}},{"type":"Feature","properties":{"nombre":"Acueducto Multiveredal Acuarela","tipo":"Prestación del servicio de acueducto","componente":"Equipamientos para la prestación de los servicios públicos","nivel":"Vecinal y Veredal","barrio":"La Palma"},"geometry":{"type":"Point","coordinates":[-75.660637,6.267185]}},{"type":"Feature","properties":{"nombre":"Frailes Minimos Nuestra Señora del Milagro","tipo":"Seminarios y conventos","componente":"Equipamientos de Culto","nivel":"Zonal y Corregimental","barrio":"La Ilusión"},"geometry":{"type":"Point","coordinates":[-75.630978,6.293959]}},{"type":"Feature","properties":{"nombre":"Centro Educativo Boquerón","componente":"Equipamiento de Educación","nivel":"Vecinal y Veredal","barrio":"Boquerón"},"geometry":{"type":"Point","coordinates":[-75.657725,6.315282]}},{"type":"Feature","properties":{"nombre":"Placa Polideportiva Karla Cristina Limonar 1","componente":"Equipamiento de Recreación y Deporte","nivel":"Zonal y Corregimental","barrio":"San Antonio de Prado"},"geometry":{"type":"Point","coordinates":[-75.637364,6.174391]}},{"type":"Feature","properties":{"nombre":"Placa Polideportiva No. 1 El Limonar No. 1","componente":"Equipamiento de Recreación y Deporte","nivel":"Zonal y Corregimental","barrio":"San Antonio de Prado"},"geometry":{"type":"Point","coordinates":[-75.64294,6.17354]}},{"type":"Feature","properties":{"nombre":"Placa Polideportiva No. 2 El Limonar No. 1","componente":"Equipamiento de Recreación y Deporte","nivel":"Zonal y Corregimental","barrio":"San Antonio de Prado"},"geometry":{"type":"Point","coordinates":[-75.643321,6.173501]}},{"type":"Feature","properties":{"nombre":"Parque Biblioteca San Antonio de Prado","componente":"Equipamientos Culturales","nivel":"Ciudad","barrio":"Área de Expansión San Antonio de Prado"},"geometry":{"type":"Point","coordinates":[-75.654378,6.176944]}},{"type":"Feature","properties":{"nombre":"Sede Social San José","componente":"Equipamiento de Educación","nivel":"Vecinal y Veredal","barrio":"Sin Nombre"},"geometry":{"type":"Point","coordinates":[-75.648387,6.170387]}},{"type":"Feature","properties":{"nombre":"Placa Polideportiva Urb. Barichara","componente":"Equipamiento de Recreación y Deporte","nivel":"Zonal y Corregimental","barrio":"San Antonio de Prado"},"geometry":{"type":"Point","coordinates":[-75.649525,6.177115]}},{"type":"Feature","properties":{"nombre":"Inspección de Policía","tipo":"Instituciones municipales encargadas de la convivencia","componente":"Equipamientos de Justicia Cercana al Ciudadano","nivel":"Zonal y Corregimental","barrio":"San Antonio de Prado"},"geometry":{"type":"Point","coordinates":[-75.64506,6.1733]}},{"type":"Feature","properties":{"nombre":"Central de Teléfonos EPM - San Antonio de Prado","tipo":"Prestación del servicio de telecomunicaciones","componente":"Equipamientos para la prestación de los servicios públicos","nivel":"Ciudad","barrio":"San Antonio de Prado"},"geometry":{"type":"Point","coordinates":[-75.654218,6.18602]}},{"type":"Feature","properties":{"nombre":"Colegio Cooperativo San Antonio de Prado","componente":"Equipamiento de Educación","nivel":"Zonal y Corregimental","barrio":"San Antonio de Prado"},"geometry":{"type":"Point","coordinates":[-75.642494,6.181864]}},{"type":"Feature","properties":{"nombre":"Sección Escuela Luis Guillermo Echeverri Abad","componente":"Equipamiento de Educación","nivel":"Zonal y Corregimental","barrio":"San Antonio de Prado"},"geometry":{"type":"Point","coordinates":[-75.636383,6.174589]}},{"type":"Feature","properties":{"nombre":"Vivero Pacha Mama","componente":"Equipamientos Comunitarios","nivel":"Zonal y Corregimental","barrio":"San Antonio de Prado"},"geometry":{"type":"Point","coordinates":[-75.646258,6.173153]}},{"type":"Feature","properties":{"nombre":"Sede Social Urbanización Prados del Este","componente":"Equipamientos Comunitarios","nivel":"Zonal y Corregimental","barrio":"San Antonio de Prado"},"geometry":{"type":"Point","coordinates":[-75.64812,6.184343]}},{"type":"Feature","properties":{"nombre":"Lote Servicios Colectivos Urbanización Serranías","componente":"Equipamientos Comunitarios","nivel":"Vecinal y Veredal","barrio":"San Antonio de Prado"},"geometry":{"type":"Point","coordinates":[-75.652355,6.187695]}},{"type":"Feature","properties":{"nombre":"Placas Polideportivas María Auxiliadora No. 1 y 2","componente":"Equipamiento de Recreación y Deporte","nivel":"Zonal y Corregimental","barrio":"San Antonio de Prado"},"geometry":{"type":"Point","coordinates":[-75.657111,6.183466]}},{"type":"Feature","properties":{"nombre":"Mall Terminal Cootrasana","tipo":"Transporte de buses","componente":"Equipamientos para el Transporte","nivel":"Zonal y Corregimental","barrio":"San Antonio de Prado"},"geometry":{"type":"Point","coordinates":[-75.655966,6.184037]}},{"type":"Feature","properties":{"nombre":"Sede Social Limonar No. 2","componente":"Equipamientos Comunitarios","nivel":"Zonal y Corregimental","barrio":"San Antonio de Prado"},"geometry":{"type":"Point","coordinates":[-75.641992,6.176403]}},{"type":"Feature","properties":{"nombre":"Placa Polideportiva Aragón","componente":"Equipamiento de Recreación y Deporte","nivel":"Vecinal y Veredal","barrio":"San Antonio de Prado"},"geometry":{"type":"Point","coordinates":[-75.645701,6.187447]}},{"type":"Feature","properties":{"nombre":"Placa Polideportiva Pallavecini","componente":"Equipamiento de Recreación y Deporte","nivel":"Zonal y Corregimental","barrio":"San Antonio de Prado"},"geometry":{"type":"Point","coordinates":[-75.654249,6.187822]}},{"type":"Feature","properties":{"nombre":"Placa Polideportiva Serranias","componente":"Equipamiento de Recreación y Deporte","nivel":"Vecinal y Veredal","barrio":"San Antonio de Prado"},"geometry":{"type":"Point","coordinates":[-75.652224,6.187508]}},{"type":"Feature","properties":{"nombre":"Placa Poldeportiva Prados del Este","componente":"Equipamiento de Recreación y Deporte","nivel":"Zonal y Corregimental","barrio":"San Antonio de Prado"},"geometry":{"type":"Point","coordinates":[-75.647984,6.184422]}},{"type":"Feature","properties":{"nombre":"Placa Polideportiva Florez y Colores","componente":"Equipamiento de Recreación y Deporte","nivel":"Zonal y Corregimental","barrio":"San Antonio de Prado"},"geometry":{"type":"Point","coordinates":[-75.641644,6.184215]}},{"type":"Feature","properties":{"nombre":"Sección Escuela San José","componente":"Equipamiento de Educación","nivel":"Vecinal y Veredal","barrio":"Sin Nombre"},"geometry":{"type":"Point","coordinates":[-75.648688,6.17054]}},{"type":"Feature","properties":{"nombre":"Placa Polideportiva Santa Rita","componente":"Equipamiento de Recreación y Deporte","nivel":"Zonal y Corregimental","barrio":"San Antonio de Prado"},"geometry":{"type":"Point","coordinates":[-75.650367,6.187202]}},{"type":"Feature","properties":{"nombre":"Sede Social Dulazar","componente":"Equipamientos Comunitarios","nivel":"Zonal y Corregimental","barrio":"San Antonio de Prado"},"geometry":{"type":"Point","coordinates":[-75.647189,6.183275]}},{"type":"Feature","properties":{"nombre":"Placa Polideportiva El Compartir","componente":"Equipamiento de Recreación y Deporte","nivel":"Zonal y Corregimental","barrio":"San Antonio de Prado"},"geometry":{"type":"Point","coordinates":[-75.644933,6.181436]}},{"type":"Feature","properties":{"nombre":"Placa Polideportiva Vegas de Alcalá","componente":"Equipamiento de Recreación y Deporte","nivel":"Zonal y Corregimental","barrio":"San Antonio de Prado"},"geometry":{"type":"Point","coordinates":[-75.639409,6.18294]}},{"type":"Feature","properties":{"nombre":"Placa Polideportiva La Rosaleda","componente":"Equipamiento de Recreación y Deporte","nivel":"Zonal y Corregimental","barrio":"San Antonio de Prado"},"geometry":{"type":"Point","coordinates":[-75.639313,6.177557]}},{"type":"Feature","properties":{"nombre":"Institución Educativa El Limonar","componente":"Equipamiento de Educación","nivel":"Zonal y Corregimental","barrio":"San Antonio de Prado"},"geometry":{"type":"Point","coordinates":[-75.646462,6.17269]}},{"type":"Feature","properties":{"nombre":"Institución Educativa Monseñor Victor Wiedeman","componente":"Equipamiento de Educación","nivel":"Zonal y Corregimental","barrio":"San Antonio de Prado"},"geometry":{"type":"Point","coordinates":[-75.641601,6.183829]}},{"type":"Feature","properties":{"nombre":"Seminario Claretiano Fusimana","tipo":"Seminarios y conventos","componente":"Equipamientos de Culto","nivel":"Zonal y Corregimental","barrio":"San Antonio de Prado"},"geometry":{"type":"Point","coordinates":[-75.639379,6.178507]}},{"type":"Feature","properties":{"nombre":"Hogar Gerontologico Diego Echavaría Misas","componente":"Equipamiento de Asistencia Social","nivel":"Zonal y Corregimental","barrio":"San Antonio de Prado"},"geometry":{"type":"Point","coordinates":[-75.657325,6.184359]}},{"type":"Feature","properties":{"nombre":"Parroquia San Gabriel de La Dolorosa","tipo":"Espacio para el culto","componente":"Equipamientos de Culto","nivel":"Barrial y Suburbano","barrio":"La Colina"},"geometry":{"type":"Point","coordinates":[-75.589853,6.200532]}},{"type":"Feature","properties":{"nombre":"Sección Escuela Gabriela Mistral","componente":"Equipamiento de Educación","nivel":"Barrial y Suburbano","barrio":"La Colina"},"geometry":{"type":"Point","coordinates":[-75.589597,6.199435]}},{"type":"Feature","properties":{"nombre":"Parroquia Corpus Cristi","tipo":"Espacio para el culto","componente":"Equipamientos de Culto","nivel":"Barrial y Suburbano","barrio":"La Colina"},"geometry":{"type":"Point","coordinates":[-75.59421,6.201551]}},{"type":"Feature","properties":{"nombre":"Sección Escuela La Colina","componente":"Equipamiento de Educación","nivel":"Barrial y Suburbano","barrio":"La Colina"},"geometry":{"type":"Point","coordinates":[-75.591903,6.197292]}},{"type":"Feature","properties":{"nombre":"Casa Cultural Paisajes","componente":"Equipamientos Culturales","nivel":"Barrial y Suburbano","barrio":"Aures No.2"},"geometry":{"type":"Point","coordinates":[-75.592737,6.292959]}},{"type":"Feature","properties":{"nombre":"Colegio Hispano","componente":"Equipamiento de Educación","nivel":"Zonal y Corregimental","barrio":"Las Acacias"},"geometry":{"type":"Point","coordinates":[-75.598585,6.24088]}},{"type":"Feature","properties":{"nombre":"Centro Educativo Coparticipativo del aprendizaje  CECODA","componente":"Equipamiento de Educación","nivel":"Zonal y Corregimental","barrio":"Bolivariana"},"geometry":{"type":"Point","coordinates":[-75.590993,6.244406]}},{"type":"Feature","properties":{"nombre":"Colegio de Música","tipo":"Educación básica","componente":"Equipamientos Culturales","nivel":"Zonal y Corregimental","barrio":"Laureles"},"geometry":{"type":"Point","coordinates":[-75.594749,6.2413]}},{"type":"Feature","properties":{"nombre":"Unidad Hospitalaria \"Diego Echavaría Misas\" - San Antonio de Prado - Metrosalud","componente":"Equipamiento de Salud","nivel":"Zonal y Corregimental","barrio":"San Antonio de Prado"},"geometry":{"type":"Point","coordinates":[-75.656175,6.185608]}},{"type":"Feature","properties":{"nombre":"Centro de Salud El Limonar - Metrosalud","componente":"Equipamiento de Salud","nivel":"Zonal y Corregimental","barrio":"San Antonio de Prado"},"geometry":{"type":"Point","coordinates":[-75.644357,6.177955]}},{"type":"Feature","properties":{"nombre":"Cementerio San Lorenzo - San Antonio de Prado","tipo":"Cementerio humanos","componente":"Equipamientos Sanitarios","nivel":"Ciudad","barrio":"San Antonio de Prado"},"geometry":{"type":"Point","coordinates":[-75.656181,6.187183]}},{"type":"Feature","properties":{"nombre":"Cancha de Fútbol Horizontes","componente":"Equipamiento de Recreación y Deporte","nivel":"Zonal y Corregimental","barrio":"San Antonio de Prado"},"geometry":{"type":"Point","coordinates":[-75.653701,6.185388]}},{"type":"Feature","properties":{"nombre":"Deposito de Buses - COOTRASANA","tipo":"Transporte de buses","componente":"Equipamientos para el Transporte","nivel":"Zonal y Corregimental","barrio":"San Antonio de Prado"},"geometry":{"type":"Point","coordinates":[-75.652414,6.183923]}},{"type":"Feature","properties":{"nombre":"Sección Escuela Gustavo Rodas Isaza","componente":"Equipamiento de Educación","nivel":"Zonal y Corregimental","barrio":"San Antonio de Prado"},"geometry":{"type":"Point","coordinates":[-75.6481,6.178548]}},{"type":"Feature","properties":{"nombre":"Institución Educativa Manuel J. Betancur","componente":"Equipamiento de Educación","nivel":"Zonal y Corregimental","barrio":"San Antonio de Prado"},"geometry":{"type":"Point","coordinates":[-75.657408,6.18359]}},{"type":"Feature","properties":{"nombre":"Cancha de Fútbol El Limonar No. 2","componente":"Equipamiento de Recreación y Deporte","nivel":"Zonal y Corregimental","barrio":"San Antonio de Prado"},"geometry":{"type":"Point","coordinates":[-75.64221,6.17528]}},{"type":"Feature","properties":{"nombre":"Placa Polideportiva El Limonar No. 2","componente":"Equipamiento de Recreación y Deporte","nivel":"Zonal y Corregimental","barrio":"San Antonio de Prado"},"geometry":{"type":"Point","coordinates":[-75.642917,6.175095]}},{"type":"Feature","properties":{"nombre":"Parroquia Santos Angeles Custodios","tipo":"Espacio para el culto","componente":"Equipamientos de Culto","nivel":"Zonal y Corregimental","barrio":"San Antonio de Prado"},"geometry":{"type":"Point","coordinates":[-75.638497,6.17584]}},{"type":"Feature","properties":{"nombre":"Centro de Convivencias El Verbo Divino","componente":"Equipamiento de Recreación y Deporte","nivel":"Zonal y Corregimental","barrio":"San Antonio de Prado"},"geometry":{"type":"Point","coordinates":[-75.646339,6.186177]}},{"type":"Feature","properties":{"nombre":"Institución Educativa San Antonio de Prado","componente":"Equipamiento de Educación","nivel":"Zonal y Corregimental","barrio":"San Antonio de Prado"},"geometry":{"type":"Point","coordinates":[-75.656494,6.184245]}},{"type":"Feature","properties":{"nombre":"Sección Escuela Ventanitas","componente":"Equipamiento de Educación","nivel":"Zonal y Corregimental","barrio":"San Antonio de Prado"},"geometry":{"type":"Point","coordinates":[-75.644518,6.175653]}},{"type":"Feature","properties":{"nombre":"Colegio Fé y Alegría Corvide","componente":"Equipamiento de Educación","nivel":"Zonal y Corregimental","barrio":"San Antonio de Prado"},"geometry":{"type":"Point","coordinates":[-75.641099,6.177577]}},{"type":"Feature","properties":{"nombre":"Sección Escuela La Verde","componente":"Equipamiento de Educación","nivel":"Zonal y Corregimental","barrio":"San Antonio de Prado"},"geometry":{"type":"Point","coordinates":[-75.640554,6.187062]}},{"type":"Feature","properties":{"nombre":"Parroquia San José de Limonar","tipo":"Espacio para el culto","componente":"Equipamientos de Culto","nivel":"Zonal y Corregimental","barrio":"San Antonio de Prado"},"geometry":{"type":"Point","coordinates":[-75.644223,6.174316]}},{"type":"Feature","properties":{"nombre":"Parroquia San Antonio de Prado","tipo":"Espacio para el culto","componente":"Equipamientos de Culto","nivel":"Zonal y Corregimental","barrio":"San Antonio de Prado"},"geometry":{"type":"Point","coordinates":[-75.657235,6.185078]}},{"type":"Feature","properties":{"nombre":"Casa de La Cultura + Ludoteca INDER","componente":"Equipamientos Culturales","nivel":"Zonal y Corregimental","barrio":"San Antonio de Prado"},"geometry":{"type":"Point","coordinates":[-75.655802,6.185405]}},{"type":"Feature","properties":{"nombre":"Casa de Gobierno - San Antonio de Prado","tipo":"Institucional Municipal","componente":"Equipamientos Institucionales Municipales","nivel":"Zonal y Corregimental","barrio":"San Antonio de Prado"},"geometry":{"type":"Point","coordinates":[-75.655848,6.184923]}},{"type":"Feature","properties":{"nombre":"Cancha de Fútbol El Limonar No. 1","componente":"Equipamiento de Recreación y Deporte","nivel":"Zonal y Corregimental","barrio":"San Antonio de Prado"},"geometry":{"type":"Point","coordinates":[-75.645368,6.172258]}},{"type":"Feature","properties":{"nombre":"Cancha de Fútbol El Vergel","componente":"Equipamiento de Recreación y Deporte","nivel":"Zonal y Corregimental","barrio":"San Antonio de Prado"},"geometry":{"type":"Point","coordinates":[-75.653373,6.177539]}},{"type":"Feature","properties":{"nombre":"Sede Social Villa Loma","componente":"Equipamientos Comunitarios","nivel":"Zonal y Corregimental","barrio":"San Antonio de Prado"},"geometry":{"type":"Point","coordinates":[-75.649447,6.183744]}},{"type":"Feature","properties":{"nombre":"Sección Escuela Carlos Betancur Betancur","componente":"Equipamiento de Educación","nivel":"Zonal y Corregimental","barrio":"San Antonio de Prado"},"geometry":{"type":"Point","coordinates":[-75.654415,6.185132]}},{"type":"Feature","properties":{"nombre":"Placa Polideportiva La Pradera","componente":"Equipamiento de Recreación y Deporte","nivel":"Zonal y Corregimental","barrio":"San Antonio de Prado"},"geometry":{"type":"Point","coordinates":[-75.636824,6.178591]}},{"type":"Feature","properties":{"nombre":"Ludoteca Limonar - Club de Vida Los Años Dorados","componente":"Equipamientos Culturales","nivel":"Zonal y Corregimental","barrio":"San Antonio de Prado"},"geometry":{"type":"Point","coordinates":[-75.643324,6.173191]}},{"type":"Feature","properties":{"nombre":"Bien Fiscal (Ludoteca Limonar)","componente":"Equipamientos Culturales","nivel":"Zonal y Corregimental","barrio":"San Antonio de Prado"},"geometry":{"type":"Point","coordinates":[-75.643282,6.17295]}},{"type":"Feature","properties":{"nombre":"Centro Educativo El Limonar","componente":"Equipamiento de Educación","nivel":"Zonal y Corregimental","barrio":"San Antonio de Prado"},"geometry":{"type":"Point","coordinates":[-75.637709,6.174269]}},{"type":"Feature","properties":{"nombre":"Placa de Baloncesto El Limonar","componente":"Equipamiento de Recreación y Deporte","nivel":"Zonal y Corregimental","barrio":"San Antonio de Prado"},"geometry":{"type":"Point","coordinates":[-75.638271,6.175723]}},{"type":"Feature","properties":{"nombre":"Salón del Reino de los Testigos de Jehová","tipo":"Espacio para el culto","componente":"Equipamientos de Culto","nivel":"Vecinal y Veredal","barrio":"Trinidad"},"geometry":{"type":"Point","coordinates":[-75.584712,6.2261]}},{"type":"Feature","properties":{"nombre":"Planta de Pavimentos - OOPP","tipo":"Institucional Municipal","componente":"Equipamientos Institucionales Municipales","nivel":"Zonal y Corregimental","barrio":"Parque Juan Pablo II"},"geometry":{"type":"Point","coordinates":[-75.586898,6.230247]}},{"type":"Feature","properties":{"nombre":"Oficinas Energía EPM - Guayabal","tipo":"Institucional Municipal","componente":"Equipamientos Institucionales Municipales","nivel":"Ciudad","barrio":"Campo Amor"},"geometry":{"type":"Point","coordinates":[-75.580072,6.208268]}},{"type":"Feature","properties":{"nombre":"Institución Educativa Santo Angel","componente":"Equipamiento de Educación","nivel":"Barrial y Suburbano","barrio":"Cristo Rey"},"geometry":{"type":"Point","coordinates":[-75.587729,6.207833]}},{"type":"Feature","properties":{"nombre":"Iglesia Cristo Rey","tipo":"Espacio para el culto","componente":"Equipamientos de Culto","nivel":"Barrial y Suburbano","barrio":"Cristo Rey"},"geometry":{"type":"Point","coordinates":[-75.587093,6.207567]}},{"type":"Feature","properties":{"nombre":"Sección Escuela Cristo Rey","componente":"Equipamiento de Educación","nivel":"Barrial y Suburbano","barrio":"Cristo Rey"},"geometry":{"type":"Point","coordinates":[-75.583657,6.204448]}},{"type":"Feature","properties":{"nombre":"Institución Educativa Cristo Rey","componente":"Equipamiento de Educación","nivel":"Barrial y Suburbano","barrio":"Cristo Rey"},"geometry":{"type":"Point","coordinates":[-75.581607,6.205296]}},{"type":"Feature","properties":{"nombre":"Cancha de Futbol Cristo Rey","componente":"Equipamiento de Recreación y Deporte","nivel":"Barrial y Suburbano","barrio":"Cristo Rey"},"geometry":{"type":"Point","coordinates":[-75.581935,6.204515]}},{"type":"Feature","properties":{"nombre":"Placa Polideportiva Villa Loma","componente":"Equipamiento de Recreación y Deporte","nivel":"Zonal y Corregimental","barrio":"San Antonio de Prado"},"geometry":{"type":"Point","coordinates":[-75.649826,6.183671]}},{"type":"Feature","properties":{"nombre":"Sede Social Vergel Centro","componente":"Equipamientos Comunitarios","nivel":"Zonal y Corregimental","barrio":"San Antonio de Prado"},"geometry":{"type":"Point","coordinates":[-75.649974,6.17889]}},{"type":"Feature","properties":{"nombre":"Placa y Salón Comunal Campiñas de San Antonio","componente":"Equipamientos Comunitarios","nivel":"Zonal y Corregimental","barrio":"San Antonio de Prado"},"geometry":{"type":"Point","coordinates":[-75.645805,6.181225]}},{"type":"Feature","properties":{"nombre":"Capilla Urb. Rosaleda","tipo":"Espacio para el culto","componente":"Equipamientos de Culto","nivel":"Zonal y Corregimental","barrio":"San Antonio de Prado"},"geometry":{"type":"Point","coordinates":[-75.639832,6.177355]}},{"type":"Feature","properties":{"nombre":"Salón Comunal Urb. Rosaleda","componente":"Equipamientos Comunitarios","nivel":"Zonal y Corregimental","barrio":"San Antonio de Prado"},"geometry":{"type":"Point","coordinates":[-75.639759,6.177172]}},{"type":"Feature","properties":{"nombre":"Jardín Infantil Alegría del Ser","componente":"Equipamientos Comunitarios","nivel":"Zonal y Corregimental","barrio":"San Antonio de Prado"},"geometry":{"type":"Point","coordinates":[-75.643846,6.177226]}},{"type":"Feature","properties":{"nombre":"Placa Polideportiva Urb. Prados de María","componente":"Equipamiento de Recreación y Deporte","nivel":"Zonal y Corregimental","barrio":"San Antonio de Prado"},"geometry":{"type":"Point","coordinates":[-75.6496,6.174221]}},{"type":"Feature","properties":{"nombre":"Placa Polideportiva Urb. Barichara","componente":"Equipamiento de Recreación y Deporte","nivel":"Zonal y Corregimental","barrio":"San Antonio de Prado"},"geometry":{"type":"Point","coordinates":[-75.649737,6.177069]}},{"type":"Feature","properties":{"nombre":"Departamento Operativo de Almacenes EPM","tipo":"Institucional Municipal","componente":"Equipamientos Institucionales Municipales","nivel":"Zonal y Corregimental","barrio":"Trinidad"},"geometry":{"type":"Point","coordinates":[-75.584969,6.230315]}},{"type":"Feature","properties":{"nombre":"Corporación Culturarte Casa de la Cultura - Ludoteka Trinidad","componente":"Equipamientos Culturales","nivel":"Zonal y Corregimental","barrio":"Trinidad"},"geometry":{"type":"Point","coordinates":[-75.586209,6.229076]}},{"type":"Feature","properties":{"nombre":"Centro de Salud Trinidad - Metrosalud","componente":"Equipamiento de Salud","nivel":"Zonal y Corregimental","barrio":"Trinidad"},"geometry":{"type":"Point","coordinates":[-75.586527,6.228703]}},{"type":"Feature","properties":{"nombre":"Club El Rodeo","componente":"Equipamiento de Recreación y Deporte","nivel":"Ciudad","barrio":"El Rodeo"},"geometry":{"type":"Point","coordinates":[-75.595182,6.206368]}},{"type":"Feature","properties":{"nombre":"Cancha de Fútbol San Rafael No. 1","componente":"Equipamiento de Recreación y Deporte","nivel":"Zonal y Corregimental","barrio":"La Colina"},"geometry":{"type":"Point","coordinates":[-75.589742,6.200928]}},{"type":"Feature","properties":{"nombre":"Club de Vida Mis Mejores Años","componente":"Equipamiento de Asistencia Social","nivel":"Barrial y Suburbano","barrio":"La Colina"},"geometry":{"type":"Point","coordinates":[-75.59415,6.200689]}},{"type":"Feature","properties":{"nombre":"Placa Polideportiva Betania Guayabal","componente":"Equipamiento de Recreación y Deporte","nivel":"Vecinal y Veredal","barrio":"La Colina"},"geometry":{"type":"Point","coordinates":[-75.595329,6.20186]}},{"type":"Feature","properties":{"nombre":"Institución Educativa Benjamín Herrera - Sección Santísima Trinidad","componente":"Equipamiento de Educación","nivel":"Barrial y Suburbano","barrio":"Trinidad"},"geometry":{"type":"Point","coordinates":[-75.586261,6.228175]}},{"type":"Feature","properties":{"nombre":"Parroquia La Santísima Trinidad","tipo":"Espacio para el culto","componente":"Equipamientos de Culto","nivel":"Barrial y Suburbano","barrio":"Trinidad"},"geometry":{"type":"Point","coordinates":[-75.582003,6.229]}},{"type":"Feature","properties":{"nombre":"Centro Infantil Pasitos al Futuro","componente":"Equipamientos Comunitarios","nivel":"Barrial y Suburbano","barrio":"Trinidad"},"geometry":{"type":"Point","coordinates":[-75.585384,6.226098]}},{"type":"Feature","properties":{"nombre":"Institución Educativa Camilo C. Restrepo","componente":"Equipamiento de Educación","nivel":"Barrial y Suburbano","barrio":"Trinidad"},"geometry":{"type":"Point","coordinates":[-75.585073,6.225934]}},{"type":"Feature","properties":{"nombre":"Centro de Acopio de Escombros Empresas Varias de Medellín - Postobón","tipo":"Prestación del servicio de aseo","componente":"Equipamientos para la prestación de los servicios públicos","nivel":"Zonal y Corregimental","barrio":"Trinidad"},"geometry":{"type":"Point","coordinates":[-75.579616,6.227633]}},{"type":"Feature","properties":{"nombre":"Institución Educativa Benjamín Herrera","componente":"Equipamiento de Educación","nivel":"Zonal y Corregimental","barrio":"Trinidad"},"geometry":{"type":"Point","coordinates":[-75.579622,6.226608]}},{"type":"Feature","properties":{"nombre":"Placa Polideportiva Santa Fé","componente":"Equipamiento de Recreación y Deporte","nivel":"Barrial y Suburbano","barrio":"Santa Fé"},"geometry":{"type":"Point","coordinates":[-75.582848,6.224416]}},{"type":"Feature","properties":{"nombre":"Parroquia La Fé","tipo":"Espacio para el culto","componente":"Equipamientos de Culto","nivel":"Barrial y Suburbano","barrio":"Santa Fé"},"geometry":{"type":"Point","coordinates":[-75.582103,6.224265]}},{"type":"Feature","properties":{"nombre":"Parroquia Inmaculada Reina de la Paz","tipo":"Espacio para el culto","componente":"Equipamientos de Culto","nivel":"Barrial y Suburbano","barrio":"Santa Fé"},"geometry":{"type":"Point","coordinates":[-75.585808,6.222428]}},{"type":"Feature","properties":{"nombre":"Sección Escuela Juan Pablo II","componente":"Equipamiento de Educación","nivel":"Barrial y Suburbano","barrio":"Santa Fé"},"geometry":{"type":"Point","coordinates":[-75.586096,6.221319]}},{"type":"Feature","properties":{"nombre":"Institución Educativa Santos Angeles Custodios","componente":"Equipamiento de Educación","nivel":"Barrial y Suburbano","barrio":"Santa Fé"},"geometry":{"type":"Point","coordinates":[-75.586772,6.221388]}},{"type":"Feature","properties":{"nombre":"Institución Educativa Octavio Calderón","componente":"Equipamiento de Educación","nivel":"Barrial y Suburbano","barrio":"Campo Amor"},"geometry":{"type":"Point","coordinates":[-75.585158,6.214809]}},{"type":"Feature","properties":{"nombre":"Servicios Comunales Urbanización Villas del Parque","componente":"Equipamientos Comunitarios","nivel":"Barrial y Suburbano","barrio":"Santa Fé"},"geometry":{"type":"Point","coordinates":[-75.584099,6.220762]}},{"type":"Feature","properties":{"nombre":"Lote de Servicios Colectivos Urbanización La Emilia","componente":"Equipamientos Comunitarios","nivel":"Barrial y Suburbano","barrio":"La Colina"},"geometry":{"type":"Point","coordinates":[-75.598591,6.202685]}},{"type":"Feature","properties":{"nombre":"Lote servicios colectivos Urbanización Ceibas del Sur","componente":"Equipamientos Comunitarios","nivel":"Barrial y Suburbano","barrio":"Guayabal"},"geometry":{"type":"Point","coordinates":[-75.586042,6.20096]}},{"type":"Feature","properties":{"nombre":"Parroquia Jesús Obrero","tipo":"Espacio para el culto","componente":"Equipamientos de Culto","nivel":"Barrial y Suburbano","barrio":"Campo Amor"},"geometry":{"type":"Point","coordinates":[-75.585485,6.214098]}},{"type":"Feature","properties":{"nombre":"Institución Educativa La Presentación","componente":"Equipamiento de Educación","nivel":"Barrial y Suburbano","barrio":"Campo Amor"},"geometry":{"type":"Point","coordinates":[-75.58495,6.213824]}},{"type":"Feature","properties":{"nombre":"Iglesia de Jesucristo de los Santos de los Últimos Días","tipo":"Espacio para el culto","componente":"Equipamientos de Culto","nivel":"Barrial y Suburbano","barrio":"Campo Amor"},"geometry":{"type":"Point","coordinates":[-75.585505,6.215146]}},{"type":"Feature","properties":{"nombre":"Terminal de Transportes del Sur","tipo":"Transporte de buses","componente":"Equipamientos para el Transporte","nivel":"Metropolitano Y Regional","barrio":"Parque Juan Pablo II"},"geometry":{"type":"Point","coordinates":[-75.587855,6.216407]}},{"type":"Feature","properties":{"nombre":"Institución Educativa La Salle - Campo Amor","componente":"Equipamiento de Educación","nivel":"Zonal y Corregimental","barrio":"Campo Amor"},"geometry":{"type":"Point","coordinates":[-75.587784,6.212663]}},{"type":"Feature","properties":{"nombre":"Unidad Deportiva María Luisa Calle","componente":"Equipamiento de Recreación y Deporte","nivel":"Ciudad","barrio":"Parque Juan Pablo II"},"geometry":{"type":"Point","coordinates":[-75.59284,6.214943]}},{"type":"Feature","properties":{"nombre":"Escuela de Capacitación de ACES","tipo":"Educación no formal","componente":"Equipamientos Comunitarios","nivel":"Ciudad","barrio":"Parque Juan Pablo II"},"geometry":{"type":"Point","coordinates":[-75.593259,6.212663]}},{"type":"Feature","properties":{"nombre":"Batallón de Policía Militar No. 44 \"Pedro Justo Berrio\"","tipo":"Militares","componente":"Equipamientos para la Fuerza Pública","nivel":"Ciudad","barrio":"Parque Juan Pablo II"},"geometry":{"type":"Point","coordinates":[-75.593543,6.211116]}},{"type":"Feature","properties":{"nombre":"Estación Metroplus","tipo":"Transporte de buses","componente":"Equipamientos para el Transporte","nivel":"Ciudad","barrio":"Fátima"},"geometry":{"type":"Point","coordinates":[-75.5869,6.231697]}},{"type":"Feature","properties":{"nombre":"Estación Metroplus","tipo":"Transporte de buses","componente":"Equipamientos para el Transporte","nivel":"Ciudad","barrio":"Santa Fé"},"geometry":{"type":"Point","coordinates":[-75.576469,6.23058]}},{"type":"Feature","properties":{"nombre":"Placa Polideportiva Tenche","componente":"Equipamiento de Recreación y Deporte","nivel":"Barrial y Suburbano","barrio":"Tenche"},"geometry":{"type":"Point","coordinates":[-75.580429,6.230803]}},{"type":"Feature","properties":{"nombre":"Iglesia Pentecostal Unida de Colombia","tipo":"Espacio para el culto","componente":"Equipamientos de Culto","nivel":"Vecinal y Veredal","barrio":"Trinidad"},"geometry":{"type":"Point","coordinates":[-75.584681,6.228013]}},{"type":"Feature","properties":{"nombre":"Placa Polideportiva Sección Escuela República de Costa Rica","componente":"Equipamiento de Recreación y Deporte","nivel":"Barrial y Suburbano","barrio":"La Colina"},"geometry":{"type":"Point","coordinates":[-75.589736,6.203036]}},{"type":"Feature","properties":{"nombre":"Parroquia Maria Madre de Los Huerfanos","tipo":"Espacio para el culto","componente":"Equipamientos de Culto","nivel":"Barrial y Suburbano","barrio":"Guayabal"},"geometry":{"type":"Point","coordinates":[-75.583123,6.201904]}},{"type":"Feature","properties":{"nombre":"Cuerpo Técnico de Investigación - CTI","tipo":"Apoyo técnico","componente":"Equipamiento para la Administración de Justicia","nivel":"Ciudad","barrio":"Guayabal"},"geometry":{"type":"Point","coordinates":[-75.584672,6.197693]}},{"type":"Feature","properties":{"nombre":"CERCA - Guayabal","tipo":"Institucional Municipal","componente":"Equipamientos Institucionales Municipales","nivel":"Zonal y Corregimental","barrio":"Guayabal"},"geometry":{"type":"Point","coordinates":[-75.58844,6.200401]}},{"type":"Feature","properties":{"nombre":"Sección Escuela República de Costa Rica","componente":"Equipamiento de Educación","nivel":"Barrial y Suburbano","barrio":"La Colina"},"geometry":{"type":"Point","coordinates":[-75.588589,6.202789]}},{"type":"Feature","properties":{"nombre":"Institución Educativa José Acevedo y Gómez","componente":"Equipamiento de Educación","nivel":"Barrial y Suburbano","barrio":"La Colina"},"geometry":{"type":"Point","coordinates":[-75.590064,6.202484]}},{"type":"Feature","properties":{"nombre":"Central de Teléfonos EPM - Guayabal","tipo":"Prestación del servicio de telecomunicaciones","componente":"Equipamientos para la prestación de los servicios públicos","nivel":"Ciudad","barrio":"La Colina"},"geometry":{"type":"Point","coordinates":[-75.588533,6.201543]}},{"type":"Feature","properties":{"nombre":"Centro de Salud Guayabal - Metrosalud","componente":"Equipamiento de Salud","nivel":"Zonal y Corregimental","barrio":"La Colina"},"geometry":{"type":"Point","coordinates":[-75.588913,6.201451]}},{"type":"Feature","properties":{"nombre":"Cementerio Campos de Paz","tipo":"Cementerio humanos","componente":"Equipamientos Sanitarios","nivel":"Ciudad","barrio":"El Rodeo"},"geometry":{"type":"Point","coordinates":[-75.590386,6.204887]}},{"type":"Feature","properties":{"nombre":"Placa Polideportiva La Colinita No. 2","componente":"Equipamiento de Recreación y Deporte","nivel":"Vecinal y Veredal","barrio":"La Colina"},"geometry":{"type":"Point","coordinates":[-75.594397,6.201276]}},{"type":"Feature","properties":{"nombre":"Placa Polideportiva La Colinita No. 1","componente":"Equipamiento de Recreación y Deporte","nivel":"Barrial y Suburbano","barrio":"La Colina"},"geometry":{"type":"Point","coordinates":[-75.59281,6.199841]}},{"type":"Feature","properties":{"nombre":"Tanque de Agua EPM - El Rodeo","tipo":"Prestación del servicio de acueducto","componente":"Equipamientos para la prestación de los servicios públicos","nivel":"Ciudad","barrio":"La Colina"},"geometry":{"type":"Point","coordinates":[-75.59895,6.202128]}},{"type":"Feature","properties":{"nombre":"Iglesia Nuestra Señora del Jardin","tipo":"Espacio para el culto","componente":"Equipamientos de Culto","nivel":"Barrial y Suburbano","barrio":"Santa Inés"},"geometry":{"type":"Point","coordinates":[-75.547181,6.274331]}},{"type":"Feature","properties":{"nombre":"Placa Polideportiva Versalles","componente":"Equipamiento de Recreación y Deporte","nivel":"Barrial y Suburbano","barrio":"Versalles No.1"},"geometry":{"type":"Point","coordinates":[-75.542021,6.266673]}},{"type":"Feature","properties":{"nombre":"Escuela Raizal","componente":"Equipamiento de Educación","nivel":"Barrial y Suburbano","barrio":"El Raizal"},"geometry":{"type":"Point","coordinates":[-75.544242,6.270552]}},{"type":"Feature","properties":{"nombre":"Placa Polideportiva Los Cerros","componente":"Equipamiento de Recreación y Deporte","nivel":"Barrial y Suburbano","barrio":"Los Cerros El Vergel"},"geometry":{"type":"Point","coordinates":[-75.544071,6.233006]}},{"type":"Feature","properties":{"nombre":"Parroquia San Juaquín y Santa Ana","tipo":"Espacio para el culto","componente":"Equipamientos de Culto","nivel":"Barrial y Suburbano","barrio":"Bomboná No.2"},"geometry":{"type":"Point","coordinates":[-75.545182,6.230569]}},{"type":"Feature","properties":{"nombre":"Clínica de Oncología Astorga","componente":"Equipamiento de Salud","nivel":"Zonal y Corregimental","barrio":"Astorga"},"geometry":{"type":"Point","coordinates":[-75.573126,6.209622]}},{"type":"Feature","properties":{"nombre":"Unidad Renal Instituto del Riñón","componente":"Equipamiento de Salud","nivel":"Zonal y Corregimental","barrio":"La Aguacatala"},"geometry":{"type":"Point","coordinates":[-75.578123,6.194952]}},{"type":"Feature","properties":{"nombre":"Capilla Santa María de la Epifania","tipo":"Espacio para el culto","componente":"Equipamientos de Culto","nivel":"Zonal y Corregimental","barrio":"Cabecera Urbana Corregimiento San Cristóbal"},"geometry":{"type":"Point","coordinates":[-75.635103,6.277799]}},{"type":"Feature","properties":{"nombre":"Centro Pedagógico Florencia","componente":"Equipamiento de Educación","nivel":"Barrial y Suburbano","barrio":"Tejelo"},"geometry":{"type":"Point","coordinates":[-75.568787,6.307477]}},{"type":"Feature","properties":{"nombre":"Hogar Bienestar familiar San Pio x","componente":"Equipamiento de Asistencia Social","nivel":"Barrial y Suburbano","barrio":"Olaya Herrera"},"geometry":{"type":"Point","coordinates":[-75.609357,6.274595]}},{"type":"Feature","properties":{"nombre":"Parroquia Madre de Cristo Rey","tipo":"Espacio para el culto","componente":"Equipamientos de Culto","nivel":"Barrial y Suburbano","barrio":"Aures No.1"},"geometry":{"type":"Point","coordinates":[-75.593485,6.285507]}},{"type":"Feature","properties":{"nombre":"Centro Zonal Integral No 4 Suroriental Bienestar Familiar","componente":"Equipamientos Comunitarios","nivel":"Zonal y Corregimental","barrio":"Lorena"},"geometry":{"type":"Point","coordinates":[-75.599492,6.247626]}},{"type":"Feature","properties":{"nombre":"Colegio Preicfes Luján","componente":"Equipamiento de Educación","nivel":"Zonal y Corregimental","barrio":"Los Conquistadores"},"geometry":{"type":"Point","coordinates":[-75.587711,6.24008]}},{"type":"Feature","properties":{"nombre":"Guardería y Preescolar  Mundo de ilusiones","componente":"Equipamientos Comunitarios","nivel":"Vecinal y Veredal","barrio":"Los Conquistadores"},"geometry":{"type":"Point","coordinates":[-75.580818,6.242235]}},{"type":"Feature","properties":{"nombre":"Seminario San Gerardo","componente":"Equipamiento de Educación","nivel":"Zonal y Corregimental","barrio":"Pedregal Alto"},"geometry":{"type":"Point","coordinates":[-75.622942,6.287334]}},{"type":"Feature","properties":{"nombre":"Depósito de Buses Tax maya","tipo":"Transporte de buses","componente":"Equipamientos para el Transporte","nivel":"Vecinal y Veredal","barrio":"La Palma"},"geometry":{"type":"Point","coordinates":[-75.643971,6.274977]}},{"type":"Feature","properties":{"nombre":"Centro Educativo Pedregal Alto","componente":"Equipamiento de Educación","nivel":"Vecinal y Veredal","barrio":"Pedregal Alto"},"geometry":{"type":"Point","coordinates":[-75.628117,6.288849]}},{"type":"Feature","properties":{"nombre":"Sede Social Boquerón","componente":"Equipamientos Comunitarios","nivel":"Vecinal y Veredal","barrio":"Boquerón"},"geometry":{"type":"Point","coordinates":[-75.65761,6.315057]}},{"type":"Feature","properties":{"nombre":"Iglesia San Benito","tipo":"Espacio para el culto","componente":"Equipamientos de Culto","nivel":"Vecinal y Veredal","barrio":"La Palma"},"geometry":{"type":"Point","coordinates":[-75.651618,6.273277]}},{"type":"Feature","properties":{"nombre":"Placa Polideportiva San Rafael No. 2","componente":"Equipamiento de Recreación y Deporte","nivel":"Barrial y Suburbano","barrio":"La Colina"},"geometry":{"type":"Point","coordinates":[-75.590182,6.199915]}},{"type":"Feature","properties":{"nombre":"Placa Polideportiva Planeco","componente":"Equipamiento de Recreación y Deporte","nivel":"Barrial y Suburbano","barrio":"La Colina"},"geometry":{"type":"Point","coordinates":[-75.59167,6.195239]}},{"type":"Feature","properties":{"nombre":"Almacén Seccional de Salud de Antioquia - Gobernación de Antioquia","componente":"Equipamiento de Salud","nivel":"Ciudad","barrio":"Santa Fé"},"geometry":{"type":"Point","coordinates":[-75.586365,6.22304]}},{"type":"Feature","properties":{"nombre":"Sede Social El Bolo","componente":"Equipamientos Comunitarios","nivel":"Vecinal y Veredal","barrio":"La Colina"},"geometry":{"type":"Point","coordinates":[-75.592021,6.195674]}},{"type":"Feature","properties":{"nombre":"Sede Social Cristo Rey - Apolo","componente":"Equipamientos Comunitarios","nivel":"Barrial y Suburbano","barrio":"Cristo Rey"},"geometry":{"type":"Point","coordinates":[-75.581802,6.20478]}},{"type":"Feature","properties":{"nombre":"Placa Polideportiva No. 1 Respin","componente":"Equipamiento de Recreación y Deporte","nivel":"Barrial y Suburbano","barrio":"Guayabal"},"geometry":{"type":"Point","coordinates":[-75.583223,6.200514]}},{"type":"Feature","properties":{"nombre":"Cancha de Fútbol Trinidad","componente":"Equipamiento de Recreación y Deporte","nivel":"Barrial y Suburbano","barrio":"Trinidad"},"geometry":{"type":"Point","coordinates":[-75.585399,6.223563]}},{"type":"Feature","properties":{"nombre":"Placa de Microfútbol Trinidad","componente":"Equipamiento de Recreación y Deporte","nivel":"Barrial y Suburbano","barrio":"Trinidad"},"geometry":{"type":"Point","coordinates":[-75.584466,6.22438]}},{"type":"Feature","properties":{"nombre":"Placa de Baloncesto Trinidad","componente":"Equipamiento de Recreación y Deporte","nivel":"Barrial y Suburbano","barrio":"Trinidad"},"geometry":{"type":"Point","coordinates":[-75.584869,6.22412]}},{"type":"Feature","properties":{"nombre":"Club de Vida Los Recuerdos","componente":"Equipamientos Comunitarios","nivel":"Barrial y Suburbano","barrio":"La Colina"},"geometry":{"type":"Point","coordinates":[-75.590357,6.199939]}},{"type":"Feature","properties":{"nombre":"Placa Polideportiva La Colina","componente":"Equipamiento de Recreación y Deporte","nivel":"Barrial y Suburbano","barrio":"La Colina"},"geometry":{"type":"Point","coordinates":[-75.595853,6.198978]}},{"type":"Feature","properties":{"nombre":"Colegio San Gabriel de La Dolorosa","componente":"Equipamiento de Educación","nivel":"Barrial y Suburbano","barrio":"La Colina"},"geometry":{"type":"Point","coordinates":[-75.590098,6.20051]}},{"type":"Feature","properties":{"nombre":"Lote Destinado a Centro de Espectáculos de Medellín","componente":"Equipamientos Culturales","nivel":"Ciudad","barrio":"Santa Fé"},"geometry":{"type":"Point","coordinates":[-75.585811,6.219957]}},{"type":"Feature","properties":{"nombre":"Caseta Comunal Urbanización Piamonte","componente":"Equipamientos Comunitarios","nivel":"Vecinal y Veredal","barrio":"Santa Fé"},"geometry":{"type":"Point","coordinates":[-75.588055,6.223035]}},{"type":"Feature","properties":{"nombre":"Sede Social El Rodeo","componente":"Equipamientos Comunitarios","nivel":"Vecinal y Veredal","barrio":"Cristo Rey"},"geometry":{"type":"Point","coordinates":[-75.588889,6.206945]}},{"type":"Feature","properties":{"nombre":"Junta de Acción Comunal El Concejo","componente":"Equipamientos Comunitarios","nivel":"Zonal y Corregimental","barrio":"Altavista Sector Central"},"geometry":{"type":"Point","coordinates":[-75.626451,6.224513]}},{"type":"Feature","properties":{"nombre":"Cancha 2","componente":"Equipamiento de Recreación y Deporte","nivel":"Vecinal y Veredal","barrio":"Altavista Sector Central"},"geometry":{"type":"Point","coordinates":[-75.625314,6.224772]}},{"type":"Feature","properties":{"nombre":"Cancha Central Altavista","componente":"Equipamiento de Recreación y Deporte","nivel":"Vecinal y Veredal","barrio":"Altavista Sector Central"},"geometry":{"type":"Point","coordinates":[-75.629932,6.22319]}},{"type":"Feature","properties":{"nombre":"Club de Vida Alegre Atardecer","componente":"Equipamiento de Asistencia Social","nivel":"Vecinal y Veredal","barrio":"Altavista Sector Central"},"geometry":{"type":"Point","coordinates":[-75.630226,6.223047]}},{"type":"Feature","properties":{"nombre":"Colegio Débora Arango","componente":"Equipamiento de Educación","nivel":"Zonal y Corregimental","barrio":"Altavista Sector Central"},"geometry":{"type":"Point","coordinates":[-75.626171,6.223793]}},{"type":"Feature","properties":{"nombre":"Casa de la Cultura Altavista","componente":"Equipamientos Culturales","nivel":"Vecinal y Veredal","barrio":"Altavista Sector Central"},"geometry":{"type":"Point","coordinates":[-75.630216,6.223257]}},{"type":"Feature","properties":{"nombre":"Placa Polideportiva y Cancha de Fútbol La Esperanza","componente":"Equipamiento de Recreación y Deporte","nivel":"Vecinal y Veredal","barrio":"La Esperanza"},"geometry":{"type":"Point","coordinates":[-75.622396,6.222458]}},{"type":"Feature","properties":{"nombre":"Salon Comunal La Esperanza","componente":"Equipamientos Comunitarios","nivel":"Vecinal y Veredal","barrio":"La Esperanza"},"geometry":{"type":"Point","coordinates":[-75.622369,6.222048]}},{"type":"Feature","properties":{"nombre":"Programa Educativo","componente":"Equipamiento de Educación","nivel":"Vecinal y Veredal","barrio":"La Esperanza"},"geometry":{"type":"Point","coordinates":[-75.622535,6.221052]}},{"type":"Feature","properties":{"nombre":"Sección Escuela Altavista","componente":"Equipamiento de Educación","nivel":"Zonal y Corregimental","barrio":"Altavista Sector Central"},"geometry":{"type":"Point","coordinates":[-75.62762,6.223879]}},{"type":"Feature","properties":{"nombre":"Parroquia Jesús Nazareno","tipo":"Espacio para el culto","componente":"Equipamientos de Culto","nivel":"Zonal y Corregimental","barrio":"Altavista Sector Central"},"geometry":{"type":"Point","coordinates":[-75.62858,6.223124]}},{"type":"Feature","properties":{"nombre":"Ludoteca - INDER","componente":"Equipamientos Culturales","nivel":"Zonal y Corregimental","barrio":"Altavista Sector Central"},"geometry":{"type":"Point","coordinates":[-75.62834,6.223029]}},{"type":"Feature","properties":{"nombre":"Centro de Salud - Altavista - Metrosalud","componente":"Equipamiento de Salud","nivel":"Zonal y Corregimental","barrio":"Altavista Sector Central"},"geometry":{"type":"Point","coordinates":[-75.627325,6.223152]}},{"type":"Feature","properties":{"nombre":"Casa de Gobierno - Altavista","tipo":"Institucional Municipal","componente":"Equipamientos Institucionales Municipales","nivel":"Zonal y Corregimental","barrio":"Altavista Sector Central"},"geometry":{"type":"Point","coordinates":[-75.628247,6.222552]}},{"type":"Feature","properties":{"nombre":"Cancha Polideportiva Bomboná","componente":"Equipamiento de Recreación y Deporte","nivel":"Barrial y Suburbano","barrio":"Bomboná No.1"},"geometry":{"type":"Point","coordinates":[-75.560387,6.24219]}},{"type":"Feature","properties":{"nombre":"Institución Educativa Héctor Ábad Gómez sede San Lorenzo","componente":"Equipamiento de Educación","nivel":"Zonal y Corregimental","barrio":"Las Palmas"},"geometry":{"type":"Point","coordinates":[-75.56679,6.242517]}},{"type":"Feature","properties":{"nombre":"Parroquia de San Antonio","tipo":"Espacio para el culto","componente":"Equipamientos de Culto","nivel":"Zonal y Corregimental","barrio":"Barrio Colón"},"geometry":{"type":"Point","coordinates":[-75.569158,6.244671]}},{"type":"Feature","properties":{"nombre":"Cancha de Futbol El Jardin","componente":"Equipamiento de Recreación y Deporte","nivel":"Barrial y Suburbano","barrio":"Las Granjas"},"geometry":{"type":"Point","coordinates":[-75.545608,6.277058]}},{"type":"Feature","properties":{"nombre":"Institución Educativa Rodrigo Lara Bonilla","componente":"Equipamiento de Educación","nivel":"Barrial y Suburbano","barrio":"Manrique Oriental"},"geometry":{"type":"Point","coordinates":[-75.552552,6.261773]}},{"type":"Feature","properties":{"nombre":"Cancha de Futbol No 1 - La Lopez","componente":"Equipamiento de Recreación y Deporte","nivel":"Barrial y Suburbano","barrio":"Manrique Central No.2"},"geometry":{"type":"Point","coordinates":[-75.554225,6.261846]}},{"type":"Feature","properties":{"nombre":"Placa Polideportiva Moravia","componente":"Equipamiento de Recreación y Deporte","nivel":"Barrial y Suburbano","barrio":"Moravia"},"geometry":{"type":"Point","coordinates":[-75.567792,6.280907]}},{"type":"Feature","properties":{"nombre":"Clínica Las Americas","componente":"Equipamiento de Salud","nivel":"Metropolitano Y Regional","barrio":"Diego Echavarría"},"geometry":{"type":"Point","coordinates":[-75.595131,6.214026]}},{"type":"Feature","properties":{"nombre":"Unidad Deportiva y Recreativa I.S.S.","componente":"Equipamiento de Recreación y Deporte","nivel":"Ciudad","barrio":"Diego Echavarría"},"geometry":{"type":"Point","coordinates":[-75.59472,6.212347]}},{"type":"Feature","properties":{"nombre":"Placa Deportiva La Colinita","componente":"Equipamiento de Recreación y Deporte","nivel":"Barrial y Suburbano","barrio":"La Colina"},"geometry":{"type":"Point","coordinates":[-75.595519,6.199421]}},{"type":"Feature","properties":{"nombre":"Jardin Botanico Joaquin Antonio Uribe","componente":"Equipamientos Culturales","nivel":"Metropolitano Y Regional","barrio":"Jardín Botánico"},"geometry":{"type":"Point","coordinates":[-75.563628,6.270532]}},{"type":"Feature","properties":{"nombre":"Seminario Padres Carmelitas Monticello","componente":"Equipamiento de Educación","nivel":"Zonal y Corregimental","barrio":"Altos del Poblado"},"geometry":{"type":"Point","coordinates":[-75.552924,6.209627]}},{"type":"Feature","properties":{"nombre":"Seminario Misionero San José","tipo":"Seminarios y conventos","componente":"Equipamientos de Culto","barrio":"Altamira"},"geometry":{"type":"Point","coordinates":[-75.578001,6.278522]}},{"type":"Feature","properties":{"nombre":"Instituto Pedagógico Claret","componente":"Equipamiento de Educación","nivel":"Barrial y Suburbano","barrio":"Manrique Central No.1"},"geometry":{"type":"Point","coordinates":[-75.556354,6.267671]}},{"type":"Feature","properties":{"nombre":"Fundacion Servicio Juvenil Bosconia","componente":"Equipamientos Comunitarios","nivel":"Zonal y Corregimental","barrio":"Estación Villa"},"geometry":{"type":"Point","coordinates":[-75.570155,6.255501]}},{"type":"Feature","properties":{"nombre":"Institucion Educativa San Pablo","componente":"Equipamiento de Educación","nivel":"Barrial y Suburbano","barrio":"Moscú No.2"},"geometry":{"type":"Point","coordinates":[-75.546726,6.288395]}},{"type":"Feature","properties":{"nombre":"Parroquia San José de la Cima","tipo":"Espacio para el culto","componente":"Equipamientos de Culto","nivel":"Barrial y Suburbano","barrio":"La Salle"},"geometry":{"type":"Point","coordinates":[-75.54428,6.283717]}},{"type":"Feature","properties":{"nombre":"Parroquia Nuestra Señora de Las Mercedes","tipo":"Espacio para el culto","componente":"Equipamientos de Culto","nivel":"Barrial y Suburbano","barrio":"Naranjal"},"geometry":{"type":"Point","coordinates":[-75.587151,6.252665]}},{"type":"Feature","properties":{"nombre":"Gimnasio Cantábrico","componente":"Equipamiento de Educación","nivel":"Vecinal y Veredal","barrio":"Simón Bolívar"},"geometry":{"type":"Point","coordinates":[-75.604638,6.247891]}},{"type":"Feature","properties":{"nombre":"Centro  de Emergencia ICBF - PAN","componente":"Equipamiento de Asistencia Social","nivel":"Barrial y Suburbano","barrio":"San Miguel"},"geometry":{"type":"Point","coordinates":[-75.557572,6.254155]}},{"type":"Feature","properties":{"nombre":"Fundacion Hogar  Sacerdotal San Juan Eudes","componente":"Equipamiento de Asistencia Social","nivel":"Barrial y Suburbano","barrio":"San Miguel"},"geometry":{"type":"Point","coordinates":[-75.556315,6.256063]}},{"type":"Feature","properties":{"nombre":"Parroquia del  Niño Jesus de Praga","tipo":"Espacio para el culto","componente":"Equipamientos de Culto","nivel":"Barrial y Suburbano","barrio":"Enciso"},"geometry":{"type":"Point","coordinates":[-75.549932,6.249672]}},{"type":"Feature","properties":{"nombre":"Placa Polideportiva Los Mangos","componente":"Equipamiento de Recreación y Deporte","nivel":"Barrial y Suburbano","barrio":"Los Mangos"},"geometry":{"type":"Point","coordinates":[-75.544546,6.249165]}},{"type":"Feature","properties":{"nombre":"Iglesia Nuestra Señora de Fatima","tipo":"Espacio para el culto","componente":"Equipamientos de Culto","nivel":"Barrial y Suburbano","barrio":"Fátima"},"geometry":{"type":"Point","coordinates":[-75.58368,6.236789]}},{"type":"Feature","properties":{"nombre":"Parroquia Santa María de la Paz","tipo":"Espacio para el culto","componente":"Equipamientos de Culto","nivel":"Barrial y Suburbano","barrio":"Altavista"},"geometry":{"type":"Point","coordinates":[-75.606244,6.226904]}},{"type":"Feature","properties":{"nombre":"Colegio Pestalozzi","componente":"Equipamiento de Educación","nivel":"Barrial y Suburbano","barrio":"San Bernardo"},"geometry":{"type":"Point","coordinates":[-75.596176,6.224519]}},{"type":"Feature","properties":{"nombre":"Colegio Rafaél García Herreros","tipo":"Educación básica","componente":"Equipamiento de Educación","nivel":"Vecinal y Veredal","barrio":"Área de Expansión Pajarito"},"geometry":{"type":"Point","coordinates":[-75.605909,6.290537]}},{"type":"Feature","properties":{"nombre":"Jardín Infantil La Huerta","componente":"Equipamiento de Asistencia Social","nivel":"Vecinal y Veredal","barrio":"Área de Expansión Pajarito"},"geometry":{"type":"Point","coordinates":[-75.605321,6.290117]}},{"type":"Feature","properties":{"nombre":"Lote para  Casa de la Cultura","tipo":"Centros de desarrollo cultural","componente":"Equipamientos Culturales","nivel":"Barrial y Suburbano","barrio":"Los Mangos"},"geometry":{"type":"Point","coordinates":[-75.546883,6.24853]}},{"type":"Feature","properties":{"nombre":"Colegio Nuestra Señora de La Providencia","componente":"Equipamiento de Educación","nivel":"Zonal y Corregimental","barrio":"Las Palmas"},"geometry":{"type":"Point","coordinates":[-75.548495,6.205478]}},{"type":"Feature","properties":{"nombre":"Colegio Manzanares","componente":"Equipamiento de Educación","nivel":"Zonal y Corregimental","barrio":"Las Palmas"},"geometry":{"type":"Point","coordinates":[-75.556482,6.184448]}},{"type":"Feature","properties":{"nombre":"Colegio San José de la Salle","componente":"Equipamiento de Educación","nivel":"Zonal y Corregimental","barrio":"Las Palmas"},"geometry":{"type":"Point","coordinates":[-75.54483,6.204657]}},{"type":"Feature","properties":{"nombre":"Placa Deportiva Urquita","componente":"Equipamiento de Recreación y Deporte","nivel":"Vecinal y Veredal","barrio":"Urquitá"},"geometry":{"type":"Point","coordinates":[-75.701444,6.369296]}},{"type":"Feature","properties":{"nombre":"Centro Educativo Luis Mesa Villa","componente":"Equipamiento de Educación","nivel":"Vecinal y Veredal","barrio":"Urquitá"},"geometry":{"type":"Point","coordinates":[-75.699088,6.365526]}},{"type":"Feature","properties":{"nombre":"Centro Educativo La Potrera","componente":"Equipamiento de Educación","nivel":"Vecinal y Veredal","barrio":"Potrera Miserenga"},"geometry":{"type":"Point","coordinates":[-75.699805,6.356529]}},{"type":"Feature","properties":{"nombre":"Centro Educativo Leon Arango Paucar","componente":"Equipamiento de Educación","nivel":"Vecinal y Veredal","barrio":"La Sucia"},"geometry":{"type":"Point","coordinates":[-75.712546,6.356495]}},{"type":"Feature","properties":{"nombre":"Iglesia El Manatial","tipo":"Espacio para el culto","componente":"Equipamientos de Culto","nivel":"Vecinal y Veredal","barrio":"La Sucia"},"geometry":{"type":"Point","coordinates":[-75.713084,6.346471]}},{"type":"Feature","properties":{"nombre":"Centro Educativo La Aldea","componente":"Equipamiento de Educación","nivel":"Vecinal y Veredal","barrio":"La Aldea"},"geometry":{"type":"Point","coordinates":[-75.704049,6.342484]}},{"type":"Feature","properties":{"nombre":"Parroquia San Sebastian de la Aldea","tipo":"Espacio para el culto","componente":"Equipamientos de Culto","nivel":"Vecinal y Veredal","barrio":"La Aldea"},"geometry":{"type":"Point","coordinates":[-75.703777,6.342205]}},{"type":"Feature","properties":{"nombre":"Placa Polideportiva La Aldea","componente":"Equipamiento de Recreación y Deporte","nivel":"Vecinal y Veredal","barrio":"La Aldea"},"geometry":{"type":"Point","coordinates":[-75.704012,6.342089]}},{"type":"Feature","properties":{"nombre":"Estacion de Cable La Aldea","tipo":"Transporte por cable","componente":"Equipamientos para el Transporte","nivel":"Zonal y Corregimental","barrio":"La Aldea"},"geometry":{"type":"Point","coordinates":[-75.702599,6.342553]}},{"type":"Feature","properties":{"nombre":"Estación Meteorologica","componente":"Equipamiento de Prevención y atención de desatres","nivel":"Zonal y Corregimental","barrio":"La Aldea"},"geometry":{"type":"Point","coordinates":[-75.700527,6.341242]}},{"type":"Feature","properties":{"nombre":"Base Militar + Antenas Repetidoras del Padre Amaya","tipo":"Fuerza pública","componente":"Equipamientos para la Fuerza Pública","nivel":"Ciudad","barrio":"La Frisola"},"geometry":{"type":"Point","coordinates":[-75.686399,6.280002]}},{"type":"Feature","properties":{"nombre":"Planta de Potabilizacion de Aguas Palmitas","tipo":"Prestación del servicio de acueducto","componente":"Equipamientos para la prestación de los servicios públicos","nivel":"Zonal y Corregimental","barrio":"Palmitas Sector Central"},"geometry":{"type":"Point","coordinates":[-75.684569,6.345131]}},{"type":"Feature","properties":{"nombre":"Institucion Educativa Hector Rogelio Montoya - Primaria","componente":"Equipamiento de Educación","nivel":"Zonal y Corregimental","barrio":"Palmitas Sector Central"},"geometry":{"type":"Point","coordinates":[-75.690564,6.343043]}},{"type":"Feature","properties":{"nombre":"CAI - San Sebastian de Pamitas","tipo":"Fuerza pública","componente":"Equipamientos para la Fuerza Pública","nivel":"Zonal y Corregimental","barrio":"Palmitas Sector Central"},"geometry":{"type":"Point","coordinates":[-75.691235,6.344081]}},{"type":"Feature","properties":{"nombre":"Placa Deportiva La Volcana","componente":"Equipamiento de Recreación y Deporte","nivel":"Vecinal y Veredal","barrio":"Volcana Guayabal"},"geometry":{"type":"Point","coordinates":[-75.693605,6.333125]}},{"type":"Feature","properties":{"nombre":"Placa Deportiva La Suiza","componente":"Equipamiento de Recreación y Deporte","nivel":"Vecinal y Veredal","barrio":"La Suiza"},"geometry":{"type":"Point","coordinates":[-75.704459,6.320939]}},{"type":"Feature","properties":{"nombre":"Placa Polideportiva Palmitas Central","componente":"Equipamiento de Recreación y Deporte","nivel":"Zonal y Corregimental","barrio":"Palmitas Sector Central"},"geometry":{"type":"Point","coordinates":[-75.691609,6.344876]}},{"type":"Feature","properties":{"nombre":"Iglesia San Sebastian de Palmitas","tipo":"Espacio para el culto","componente":"Equipamientos de Culto","nivel":"Zonal y Corregimental","barrio":"Palmitas Sector Central"},"geometry":{"type":"Point","coordinates":[-75.691311,6.344735]}},{"type":"Feature","properties":{"nombre":"Casa de Gobierno - San Sebastian de Palmitas","tipo":"Institucional Municipal","componente":"Equipamientos Institucionales Municipales","nivel":"Zonal y Corregimental","barrio":"Palmitas Sector Central"},"geometry":{"type":"Point","coordinates":[-75.69113,6.344567]}},{"type":"Feature","properties":{"nombre":"Centro Educativo La Suiza","componente":"Equipamiento de Educación","nivel":"Vecinal y Veredal","barrio":"La Suiza"},"geometry":{"type":"Point","coordinates":[-75.704674,6.32075]}},{"type":"Feature","properties":{"nombre":"Centro de Acopio y Comercializacion de Residuos Sólidos San Sebastian de Palmitas","tipo":"Prestación del servicio de aseo","componente":"Equipamientos para la prestación de los servicios públicos","nivel":"Zonal y Corregimental","barrio":"Palmitas Sector Central"},"geometry":{"type":"Point","coordinates":[-75.687989,6.343015]}},{"type":"Feature","properties":{"nombre":"Institución Educativa Hector Rogelio Montoya - Secundaria","componente":"Equipamiento de Educación","nivel":"Zonal y Corregimental","barrio":"Palmitas Sector Central"},"geometry":{"type":"Point","coordinates":[-75.688272,6.343504]}},{"type":"Feature","properties":{"nombre":"Sede Accion Comunal (Tercera Edad) Urquita","componente":"Equipamientos Comunitarios","nivel":"Vecinal y Veredal","barrio":"Urquitá"},"geometry":{"type":"Point","coordinates":[-75.699196,6.366074]}},{"type":"Feature","properties":{"nombre":"Capilla Virgen de los Desamparados","tipo":"Espacio para el culto","componente":"Equipamientos de Culto","nivel":"Barrial y Suburbano","barrio":"Pajarito"},"geometry":{"type":"Point","coordinates":[-75.608548,6.29636]}},{"type":"Feature","properties":{"nombre":"Seminario Picacho Misioneros Claretianos","componente":"Equipamiento de Educación","nivel":"Zonal y Corregimental","barrio":"El Picacho"},"geometry":{"type":"Point","coordinates":[-75.588438,6.296869]}},{"type":"Feature","properties":{"nombre":"Cancha de Futbol la Cumbre","componente":"Equipamiento de Recreación y Deporte","nivel":"Vecinal y Veredal","barrio":"Travesías"},"geometry":{"type":"Point","coordinates":[-75.641873,6.289679]}},{"type":"Feature","properties":{"nombre":"Sede Social Travesías Sector La Cumbre","componente":"Equipamientos Comunitarios","nivel":"Vecinal y Veredal","barrio":"Travesías"},"geometry":{"type":"Point","coordinates":[-75.641896,6.289569]}},{"type":"Feature","properties":{"nombre":"Placas Polideportivas Travesías No. 1 y No. 2","componente":"Equipamiento de Recreación y Deporte","nivel":"Vecinal y Veredal","barrio":"Travesías"},"geometry":{"type":"Point","coordinates":[-75.641889,6.286971]}},{"type":"Feature","properties":{"nombre":"Hogar El Dulce Hogar","componente":"Equipamiento de Asistencia Social","nivel":"Vecinal y Veredal","barrio":"Pedregal Alto"},"geometry":{"type":"Point","coordinates":[-75.630056,6.282012]}},{"type":"Feature","properties":{"nombre":"Lote a ceder para CAI","tipo":"Fuerza pública","componente":"Equipamientos para la Fuerza Pública","nivel":"Ciudad","barrio":"Pedregal Alto"},"geometry":{"type":"Point","coordinates":[-75.626516,6.288374]}},{"type":"Feature","properties":{"nombre":"Centro Carcelario Metropolitano","tipo":"Centros de reclusión","componente":"Equipamiento para la Administración de Justicia","nivel":"Metropolitano Y Regional","barrio":"Pedregal Alto"},"geometry":{"type":"Point","coordinates":[-75.626835,6.285004]}},{"type":"Feature","properties":{"nombre":"Tanque Pedregal Alto","tipo":"Prestación del servicio de acueducto","componente":"Equipamientos para la prestación de los servicios públicos","nivel":"Zonal y Corregimental","barrio":"Pedregal Alto"},"geometry":{"type":"Point","coordinates":[-75.625517,6.283371]}},{"type":"Feature","properties":{"nombre":"Lote para capilla","tipo":"Espacio para el culto","componente":"Equipamientos de Culto","nivel":"Vecinal y Veredal","barrio":"Pedregal Alto"},"geometry":{"type":"Point","coordinates":[-75.627189,6.287955]}},{"type":"Feature","properties":{"nombre":"Fundación Luis Amigo","componente":"Equipamiento de Educación","nivel":"Zonal y Corregimental","barrio":"Pedregal Alto"},"geometry":{"type":"Point","coordinates":[-75.631014,6.283105]}},{"type":"Feature","properties":{"nombre":"Sede Social La Palma","componente":"Equipamientos Comunitarios","nivel":"Vecinal y Veredal","barrio":"La Palma"},"geometry":{"type":"Point","coordinates":[-75.651882,6.273093]}},{"type":"Feature","properties":{"nombre":"Centro Educativo Travesías El Morro","componente":"Equipamiento de Educación","nivel":"Vecinal y Veredal","barrio":"Travesías"},"geometry":{"type":"Point","coordinates":[-75.641102,6.286462]}},{"type":"Feature","properties":{"nombre":"Sede Social Travesias","componente":"Equipamientos Comunitarios","nivel":"Vecinal y Veredal","barrio":"Travesías"},"geometry":{"type":"Point","coordinates":[-75.642641,6.286184]}},{"type":"Feature","properties":{"nombre":"Parroquia San Francisco de Asis","tipo":"Espacio para el culto","componente":"Equipamientos de Culto","nivel":"Zonal y Corregimental","barrio":"Área de Expansión Pajarito"},"geometry":{"type":"Point","coordinates":[-75.609716,6.28821]}},{"type":"Feature","properties":{"nombre":"Placa Polideportiva El Llano","componente":"Equipamiento de Recreación y Deporte","nivel":"Vecinal y Veredal","barrio":"El Llano"},"geometry":{"type":"Point","coordinates":[-75.649697,6.294577]}},{"type":"Feature","properties":{"nombre":"Centro Educativo El Yolombo","componente":"Equipamiento de Educación","nivel":"Vecinal y Veredal","barrio":"Yolombo"},"geometry":{"type":"Point","coordinates":[-75.618519,6.302251]}},{"type":"Feature","properties":{"nombre":"Sede Acueducto Multiveredal Arco iris","tipo":"Prestación del servicio de acueducto","componente":"Equipamientos para la prestación de los servicios públicos","nivel":"Vecinal y Veredal","barrio":"El Llano"},"geometry":{"type":"Point","coordinates":[-75.648324,6.297089]}},{"type":"Feature","properties":{"nombre":"Parroquia Nuestra Señora de Los Desamparados","tipo":"Espacio para el culto","componente":"Equipamientos de Culto","nivel":"Vecinal y Veredal","barrio":"San José de La Montaña"},"geometry":{"type":"Point","coordinates":[-75.640037,6.303544]}},{"type":"Feature","properties":{"nombre":"Escuela Popular Eucaristica Santa Angela","componente":"Equipamiento de Educación","nivel":"Vecinal y Veredal","barrio":"El Carmelo"},"geometry":{"type":"Point","coordinates":[-75.594598,6.304181]}},{"type":"Feature","properties":{"nombre":"Centro Educativo San José de La Montaña","componente":"Equipamiento de Educación","nivel":"Vecinal y Veredal","barrio":"San José de La Montaña"},"geometry":{"type":"Point","coordinates":[-75.639542,6.303726]}},{"type":"Feature","properties":{"nombre":"Hogar del Desamparo San Nicolas de Tolentino","componente":"Equipamiento de Asistencia Social","nivel":"Zonal y Corregimental","barrio":"El Uvito"},"geometry":{"type":"Point","coordinates":[-75.653612,6.288517]}},{"type":"Feature","properties":{"nombre":"Centro Educativo Las Playas","componente":"Equipamiento de Educación","nivel":"Vecinal y Veredal","barrio":"Las Playas"},"geometry":{"type":"Point","coordinates":[-75.649935,6.284776]}},{"type":"Feature","properties":{"nombre":"Centro Educativo El Patio","componente":"Equipamiento de Educación","nivel":"Vecinal y Veredal","barrio":"El Patio"},"geometry":{"type":"Point","coordinates":[-75.649954,6.276961]}},{"type":"Feature","properties":{"nombre":"Centro Educativo Fabio Zuluaga","componente":"Equipamiento de Educación","nivel":"Vecinal y Veredal","barrio":"La Palma"},"geometry":{"type":"Point","coordinates":[-75.651657,6.273078]}},{"type":"Feature","properties":{"nombre":"Propiedad U. de A.  Finca El Venteadero","componente":"Equipamiento de Educación","nivel":"Vecinal y Veredal","barrio":"Yolombo"},"geometry":{"type":"Point","coordinates":[-75.603719,6.296926]}},{"type":"Feature","properties":{"nombre":"Fundación Hogar Claret","componente":"Equipamiento de Asistencia Social","nivel":"Vecinal y Veredal","barrio":"Pajarito"},"geometry":{"type":"Point","coordinates":[-75.610686,6.294699]}},{"type":"Feature","properties":{"nombre":"Iglesia Nuestra Señora del Camino","tipo":"Espacio para el culto","componente":"Equipamientos de Culto","nivel":"Vecinal y Veredal","barrio":"El Llano"},"geometry":{"type":"Point","coordinates":[-75.649956,6.294961]}},{"type":"Feature","properties":{"nombre":"Institución Educativa Carlos Alberto Calderón","componente":"Equipamiento de Educación","nivel":"Vecinal y Veredal","barrio":"El Llano"},"geometry":{"type":"Point","coordinates":[-75.649723,6.294817]}},{"type":"Feature","properties":{"nombre":"Sede de Acción Comunal - Vereda El Llano","componente":"Equipamientos Comunitarios","nivel":"Vecinal y Veredal","barrio":"El Llano"},"geometry":{"type":"Point","coordinates":[-75.649969,6.294608]}},{"type":"Feature","properties":{"nombre":"Centro Educativo Sagrado Corazón","componente":"Equipamiento de Educación","nivel":"Vecinal y Veredal","barrio":"La Cuchilla"},"geometry":{"type":"Point","coordinates":[-75.654727,6.294408]}},{"type":"Feature","properties":{"nombre":"Cancha El Carmelo","componente":"Equipamiento de Recreación y Deporte","nivel":"Vecinal y Veredal","barrio":"El Carmelo"},"geometry":{"type":"Point","coordinates":[-75.60552,6.310321]}},{"type":"Feature","properties":{"nombre":"Sede Accion Comunal Barro Blanco","componente":"Equipamientos Comunitarios","nivel":"Vecinal y Veredal","barrio":"Barro Blanco"},"geometry":{"type":"Point","coordinates":[-75.484705,6.240806]}},{"type":"Feature","properties":{"nombre":"Sede Accion Comunal Mazo","componente":"Equipamientos Comunitarios","nivel":"Vecinal y Veredal","barrio":"Mazo"},"geometry":{"type":"Point","coordinates":[-75.500219,6.252071]}},{"type":"Feature","properties":{"nombre":"Cooperativas Santa Elena Central","componente":"Equipamientos Comunitarios","nivel":"Vecinal y Veredal","barrio":"Santa Elena Sector Central"},"geometry":{"type":"Point","coordinates":[-75.498047,6.209512]}},{"type":"Feature","properties":{"nombre":"Iglesia San Rafael","tipo":"Espacio para el culto","componente":"Equipamientos de Culto","nivel":"Vecinal y Veredal","barrio":"Media Luna"},"geometry":{"type":"Point","coordinates":[-75.516419,6.227101]}},{"type":"Feature","properties":{"nombre":"Campo Deportivo Mazo","componente":"Equipamiento de Recreación y Deporte","nivel":"Vecinal y Veredal","barrio":"Mazo"},"geometry":{"type":"Point","coordinates":[-75.500235,6.251598]}},{"type":"Feature","properties":{"nombre":"Campo deportivo Media Luna","componente":"Equipamiento de Recreación y Deporte","nivel":"Vecinal y Veredal","barrio":"Media Luna"},"geometry":{"type":"Point","coordinates":[-75.517804,6.23852]}},{"type":"Feature","properties":{"nombre":"Centro Educativo Permanente Mazo","componente":"Equipamiento de Educación","nivel":"Vecinal y Veredal","barrio":"Mazo"},"geometry":{"type":"Point","coordinates":[-75.49996,6.251542]}},{"type":"Feature","properties":{"nombre":"Institución Educativa Santa Elena","componente":"Equipamiento de Educación","barrio":"Santa Elena Sector Central"},"geometry":{"type":"Point","coordinates":[-75.492623,6.20655]}},{"type":"Feature","properties":{"nombre":"Centro de Salud - Santa Elena Central - Metrosalud","componente":"Equipamiento de Salud","barrio":"Santa Elena Sector Central"},"geometry":{"type":"Point","coordinates":[-75.497375,6.209164]}},{"type":"Feature","properties":{"nombre":"Coliseo Santa Elena Central","componente":"Equipamiento de Recreación y Deporte","barrio":"Santa Elena Sector Central"},"geometry":{"type":"Point","coordinates":[-75.496915,6.210864]}},{"type":"Feature","properties":{"nombre":"Centro Educativo Juan Andres Patiño","componente":"Equipamiento de Educación","nivel":"Vecinal y Veredal","barrio":"Barro Blanco"},"geometry":{"type":"Point","coordinates":[-75.479969,6.23206]}},{"type":"Feature","properties":{"nombre":"Centro Educativo El Plan","componente":"Equipamiento de Educación","nivel":"Vecinal y Veredal","barrio":"El Plan"},"geometry":{"type":"Point","coordinates":[-75.51683,6.205203]}},{"type":"Feature","properties":{"nombre":"Centro Educativo Media Luna","componente":"Equipamiento de Educación","barrio":"Media Luna"},"geometry":{"type":"Point","coordinates":[-75.517649,6.238491]}},{"type":"Feature","properties":{"nombre":"Centro Paysandú - Sede Universidad Nacional de Colombia","componente":"Equipamiento de Educación","nivel":"Ciudad","barrio":"Santa Elena Sector Central"},"geometry":{"type":"Point","coordinates":[-75.502569,6.205548]}},{"type":"Feature","properties":{"nombre":"Tanques de Acueducto Multiveredal","tipo":"Prestación del servicio de acueducto","componente":"Equipamientos para la prestación de los servicios públicos","nivel":"Zonal y Corregimental","barrio":"Media Luna"},"geometry":{"type":"Point","coordinates":[-75.502662,6.218035]}},{"type":"Feature","properties":{"nombre":"Capilla Mazo","tipo":"Espacio para el culto","componente":"Equipamientos de Culto","nivel":"Vecinal y Veredal","barrio":"Mazo"},"geometry":{"type":"Point","coordinates":[-75.500852,6.254815]}},{"type":"Feature","properties":{"nombre":"Casa de Gobierno - Santa Elena","tipo":"Institucional Municipal","componente":"Equipamientos Institucionales Municipales","barrio":"Santa Elena Sector Central"},"geometry":{"type":"Point","coordinates":[-75.497653,6.209746]}},{"type":"Feature","properties":{"nombre":"Centro de Capacitación Parroquial Santa Elena","tipo":"Educación no formal","componente":"Equipamientos Comunitarios","barrio":"Santa Elena Sector Central"},"geometry":{"type":"Point","coordinates":[-75.497769,6.210761]}},{"type":"Feature","properties":{"nombre":"Antena Transmisora TELECOM + Antena Transmisora Cuarta Brigada","tipo":"Prestación del servicio de telecomunicaciones","componente":"Equipamientos para la prestación de los servicios públicos","nivel":"Zonal y Corregimental","barrio":"El Placer"},"geometry":{"type":"Point","coordinates":[-75.4907,6.219159]}},{"type":"Feature","properties":{"nombre":"Antena Telecom","tipo":"Prestación del servicio de telecomunicaciones","componente":"Equipamientos para la prestación de los servicios públicos","nivel":"Zonal y Corregimental","barrio":"El Cerro"},"geometry":{"type":"Point","coordinates":[-75.483241,6.197446]}},{"type":"Feature","properties":{"nombre":"Estación Metrocable Santo Domingo","tipo":"Transporte por cable","componente":"Equipamientos para el Transporte","nivel":"Ciudad","barrio":"Piedras Blancas - Matasano"},"geometry":{"type":"Point","coordinates":[-75.501108,6.281508]}},{"type":"Feature","properties":{"nombre":"Colegio The New School","componente":"Equipamiento de Educación","barrio":"Las Palmas"},"geometry":{"type":"Point","coordinates":[-75.545862,6.189583]}},{"type":"Feature","properties":{"nombre":"Fundación Hogares Claret - Clínica Alborada","componente":"Equipamiento de Asistencia Social","barrio":"Las Palmas"},"geometry":{"type":"Point","coordinates":[-75.548052,6.178804]}},{"type":"Feature","properties":{"nombre":"Colegiatura Colombiana de Diseño","componente":"Equipamiento de Educación","barrio":"Las Palmas"},"geometry":{"type":"Point","coordinates":[-75.54621,6.208825]}},{"type":"Feature","properties":{"nombre":"Centro de Acopio y Comercialización R. S. Santa Elena - Sec. del Medio Ambiente","tipo":"Prestación del servicio de aseo","componente":"Equipamientos para la prestación de los servicios públicos","nivel":"Barrial y Suburbano","barrio":"Mazo"},"geometry":{"type":"Point","coordinates":[-75.499463,6.251895]}},{"type":"Feature","properties":{"nombre":"Parroquia Santa Elena","tipo":"Espacio para el culto","componente":"Equipamientos de Culto","barrio":"Santa Elena Sector Central"},"geometry":{"type":"Point","coordinates":[-75.498234,6.210287]}},{"type":"Feature","properties":{"nombre":"Planta de Tratamiento Acueducto de Santa Elena","tipo":"Prestación del servicio de acueducto","componente":"Equipamientos para la prestación de los servicios públicos","nivel":"Zonal y Corregimental","barrio":"El Placer"},"geometry":{"type":"Point","coordinates":[-75.491689,6.220242]}},{"type":"Feature","properties":{"nombre":"Tanque de Agua - Acueducto Vereda Piedra Gorda","tipo":"Prestación del servicio de acueducto","componente":"Equipamientos para la prestación de los servicios públicos","nivel":"Zonal y Corregimental","barrio":"Piedra Gorda"},"geometry":{"type":"Point","coordinates":[-75.495325,6.233683]}},{"type":"Feature","properties":{"nombre":"Instituto Musical Diego Echavaría","componente":"Equipamientos Culturales","barrio":"Las Palmas"},"geometry":{"type":"Point","coordinates":[-75.545103,6.201657]}},{"type":"Feature","properties":{"nombre":"Tanque de Agua EPM - El Toldo","tipo":"Prestación del servicio de acueducto","componente":"Equipamientos para la prestación de los servicios públicos","nivel":"Zonal y Corregimental","barrio":"Piedras Blancas - Matasano"},"geometry":{"type":"Point","coordinates":[-75.534098,6.282509]}},{"type":"Feature","properties":{"nombre":"Estación de Policía - Santa Elena Central","tipo":"Instituciones municipales encargadas de la convivencia","componente":"Equipamientos de Justicia Cercana al Ciudadano","barrio":"Santa Elena Sector Central"},"geometry":{"type":"Point","coordinates":[-75.501139,6.211928]}},{"type":"Feature","properties":{"nombre":"Sede de Acción Comunal - Vereda Piedra Gorda","componente":"Equipamientos Comunitarios","nivel":"Vecinal y Veredal","barrio":"Piedra Gorda"},"geometry":{"type":"Point","coordinates":[-75.498657,6.236483]}},{"type":"Feature","properties":{"nombre":"Capilla La Santa Cruz","tipo":"Espacio para el culto","componente":"Equipamientos de Culto","barrio":"Piedras Blancas - Matasano"},"geometry":{"type":"Point","coordinates":[-75.496201,6.277369]}},{"type":"Feature","properties":{"nombre":"Estación Forestal Experimental Piedras Blancas - Universidad Nacional de Colombia","componente":"Equipamiento de Educación","nivel":"Ciudad","barrio":"Piedras Blancas - Matasano"},"geometry":{"type":"Point","coordinates":[-75.505472,6.260115]}},{"type":"Feature","properties":{"nombre":"Sede Acción Comunal Matasano","componente":"Equipamientos Comunitarios","nivel":"Vecinal y Veredal","barrio":"Piedras Blancas - Matasano"},"geometry":{"type":"Point","coordinates":[-75.513246,6.281133]}},{"type":"Feature","properties":{"nombre":"Cementerio Santa Elena","tipo":"Cementerio humanos","componente":"Equipamientos Sanitarios","barrio":"Santa Elena Sector Central"},"geometry":{"type":"Point","coordinates":[-75.496957,6.211492]}},{"type":"Feature","properties":{"nombre":"Centro Educativo Piedra Gorda","componente":"Equipamiento de Educación","barrio":"Piedra Gorda"},"geometry":{"type":"Point","coordinates":[-75.498421,6.23623]}},{"type":"Feature","properties":{"nombre":"Placa Poldeportiva La Verde","componente":"Equipamiento de Recreación y Deporte","nivel":"Vecinal y Veredal","barrio":"La Verde"},"geometry":{"type":"Point","coordinates":[-75.651506,6.190246]}},{"type":"Feature","properties":{"nombre":"Centro Educativo Piedras Blancas","componente":"Equipamiento de Educación","barrio":"Piedras Blancas - Matasano"},"geometry":{"type":"Point","coordinates":[-75.496297,6.277812]}},{"type":"Feature","properties":{"nombre":"Planta de Bombeo Acueducto Multiveredal","tipo":"Prestación del servicio de acueducto","componente":"Equipamientos para la prestación de los servicios públicos","nivel":"Vecinal y Veredal","barrio":"Media Luna"},"geometry":{"type":"Point","coordinates":[-75.502254,6.220966]}},{"type":"Feature","properties":{"nombre":"Estación de Teléfonos EPM - Santa Elena Central","tipo":"Prestación del servicio de telecomunicaciones","componente":"Equipamientos para la prestación de los servicios públicos","nivel":"Vecinal y Veredal","barrio":"Santa Elena Sector Central"},"geometry":{"type":"Point","coordinates":[-75.497955,6.209408]}},{"type":"Feature","properties":{"nombre":"Biblioteca Santa Elena","componente":"Equipamientos Culturales","barrio":"Santa Elena Sector Central"},"geometry":{"type":"Point","coordinates":[-75.497522,6.209356]}},{"type":"Feature","properties":{"nombre":"Sede de Acción Comunal - Vereda El Cerro","componente":"Equipamientos Comunitarios","nivel":"Vecinal y Veredal","barrio":"El Cerro"},"geometry":{"type":"Point","coordinates":[-75.491134,6.20011]}},{"type":"Feature","properties":{"nombre":"Parroquia Virgen del Carmen","tipo":"Espacio para el culto","componente":"Equipamientos de Culto","nivel":"Vecinal y Veredal","barrio":"Barro Blanco"},"geometry":{"type":"Point","coordinates":[-75.477742,6.23551]}},{"type":"Feature","properties":{"nombre":"Tanque de Acueducto EPM - El Mirador","tipo":"Prestación del servicio de acueducto","componente":"Equipamientos para la prestación de los servicios públicos","nivel":"Zonal y Corregimental","barrio":"Las Palmas"},"geometry":{"type":"Point","coordinates":[-75.559165,6.225366]}},{"type":"Feature","properties":{"nombre":"Planta de Potabilización de Agua EPM - La Cascada","tipo":"Prestación del servicio de acueducto","componente":"Equipamientos para la prestación de los servicios públicos","nivel":"Zonal y Corregimental","barrio":"Media Luna"},"geometry":{"type":"Point","coordinates":[-75.524813,6.236739]}},{"type":"Feature","properties":{"nombre":"Centro Educativo El Cerro","componente":"Equipamiento de Educación","nivel":"Vecinal y Veredal","barrio":"El Cerro"},"geometry":{"type":"Point","coordinates":[-75.490765,6.201638]}},{"type":"Feature","properties":{"nombre":"Noviciado Refugio San Miguel Hermanas Minimas de Nuestra Señora del Sufragio","tipo":"Seminarios y conventos","componente":"Equipamientos de Culto","nivel":"Vecinal y Veredal","barrio":"El Plan"},"geometry":{"type":"Point","coordinates":[-75.512853,6.203943]}},{"type":"Feature","properties":{"nombre":"Sede de Acción Comunal - Santa Elena Central","componente":"Equipamientos Comunitarios","nivel":"Vecinal y Veredal","barrio":"Santa Elena Sector Central"},"geometry":{"type":"Point","coordinates":[-75.497328,6.209529]}},{"type":"Feature","properties":{"nombre":"Sección Escuela Rural Santa Elena","componente":"Equipamiento de Educación","barrio":"Santa Elena Sector Central"},"geometry":{"type":"Point","coordinates":[-75.496584,6.211246]}},{"type":"Feature","properties":{"nombre":"Campo Escuela El Temprano - Boys Scout de Antioquia","componente":"Equipamiento de Recreación y Deporte","barrio":"Piedras Blancas - Matasano"},"geometry":{"type":"Point","coordinates":[-75.495034,6.274769]}},{"type":"Feature","properties":{"nombre":"Acueducto Multiveredal Santa Elena - EPM","tipo":"Prestación del servicio de acueducto","componente":"Equipamientos para la prestación de los servicios públicos","barrio":"Media Luna"},"geometry":{"type":"Point","coordinates":[-75.526185,6.238732]}},{"type":"Feature","properties":{"nombre":"Escuela El Placer","componente":"Equipamiento de Educación","nivel":"Vecinal y Veredal","barrio":"El Placer"},"geometry":{"type":"Point","coordinates":[-75.491041,6.225522]}},{"type":"Feature","properties":{"nombre":"Comando de Policía Santa Elena","tipo":"Fuerza pública","componente":"Equipamientos para la Fuerza Pública","nivel":"Vecinal y Veredal","barrio":"Santa Elena Sector Central"},"geometry":{"type":"Point","coordinates":[-75.499316,6.211724]}},{"type":"Feature","properties":{"nombre":"Colegio Latino","componente":"Equipamiento de Educación","barrio":"Las Palmas"},"geometry":{"type":"Point","coordinates":[-75.545878,6.212305]}},{"type":"Feature","properties":{"nombre":"Tanques El Jardin","tipo":"Prestación del servicio de acueducto","componente":"Equipamientos para la prestación de los servicios públicos","nivel":"Ciudad","barrio":"El Jardín"},"geometry":{"type":"Point","coordinates":[-75.626549,6.206629]}},{"type":"Feature","properties":{"nombre":"Cancha San Jose del Manzanillo","componente":"Equipamiento de Recreación y Deporte","nivel":"Vecinal y Veredal","barrio":"San José del Manzanillo"},"geometry":{"type":"Point","coordinates":[-75.61383,6.206427]}},{"type":"Feature","properties":{"nombre":"Unidad Básica La Cruz del Porvenir","componente":"Equipamiento de Educación","nivel":"Vecinal y Veredal","barrio":"El Llano SE"},"geometry":{"type":"Point","coordinates":[-75.502947,6.189916]}},{"type":"Feature","properties":{"nombre":"Instituto Parra Paris","componente":"Equipamiento de Educación","nivel":"Barrial y Suburbano","barrio":"Las Palmas"},"geometry":{"type":"Point","coordinates":[-75.552859,6.180404]}},{"type":"Feature","properties":{"nombre":"Club Los Anades","componente":"Equipamiento de Recreación y Deporte","nivel":"Barrial y Suburbano","barrio":"Las Palmas"},"geometry":{"type":"Point","coordinates":[-75.54661,6.207034]}},{"type":"Feature","properties":{"nombre":"Fundación Hassabielle Granja Coturnicola Peterlandia","componente":"Equipamiento de Asistencia Social","nivel":"Vecinal y Veredal","barrio":"Media Luna"},"geometry":{"type":"Point","coordinates":[-75.513172,6.243669]}},{"type":"Feature","properties":{"nombre":"La Montaña Magica","componente":"Equipamiento de Recreación y Deporte","nivel":"Vecinal y Veredal","barrio":"Piedra Gorda"},"geometry":{"type":"Point","coordinates":[-75.495104,6.234991]}},{"type":"Feature","properties":{"nombre":"Tanque Naranjitos","tipo":"Prestación del servicio de acueducto","componente":"Equipamientos para la prestación de los servicios públicos","nivel":"Ciudad","barrio":"Potrerito"},"geometry":{"type":"Point","coordinates":[-75.66237,6.184509]}},{"type":"Feature","properties":{"nombre":"Placa Polideprotiva Vereda El Salado","componente":"Equipamiento de Recreación y Deporte","nivel":"Vecinal y Veredal","barrio":"El Salado"},"geometry":{"type":"Point","coordinates":[-75.670214,6.212025]}},{"type":"Feature","properties":{"nombre":"Colegio Campestre El Encanto","componente":"Equipamiento de Educación","nivel":"Vecinal y Veredal","barrio":"La Verde"},"geometry":{"type":"Point","coordinates":[-75.659894,6.194708]}},{"type":"Feature","properties":{"nombre":"Centro Educativo Yarumalito","componente":"Equipamiento de Educación","nivel":"Vecinal y Veredal","barrio":"Yarumalito"},"geometry":{"type":"Point","coordinates":[-75.693947,6.233272]}},{"type":"Feature","properties":{"nombre":"Institución Educativa San José Obrero","componente":"Equipamiento de Educación","nivel":"Vecinal y Veredal","barrio":"La Florida"},"geometry":{"type":"Point","coordinates":[-75.662207,6.178293]}},{"type":"Feature","properties":{"nombre":"Centro Educativo El Salado","componente":"Equipamiento de Educación","nivel":"Vecinal y Veredal","barrio":"El Salado"},"geometry":{"type":"Point","coordinates":[-75.671125,6.211027]}},{"type":"Feature","properties":{"nombre":"Centro Educativo Montañita","componente":"Equipamiento de Educación","nivel":"Vecinal y Veredal","barrio":"Montañita"},"geometry":{"type":"Point","coordinates":[-75.667868,6.196633]}},{"type":"Feature","properties":{"nombre":"Centro Educativo El Astillero","componente":"Equipamiento de Educación","nivel":"Vecinal y Veredal","barrio":"El Astillero"},"geometry":{"type":"Point","coordinates":[-75.666919,6.239739]}},{"type":"Feature","properties":{"nombre":"Sección Escuela Potrerito","componente":"Equipamiento de Educación","nivel":"Vecinal y Veredal","barrio":"Potrerito"},"geometry":{"type":"Point","coordinates":[-75.667707,6.182829]}},{"type":"Feature","properties":{"nombre":"Placa Poldeportiva Potrerito No. 2","componente":"Equipamiento de Recreación y Deporte","nivel":"Vecinal y Veredal","barrio":"Potrerito"},"geometry":{"type":"Point","coordinates":[-75.666544,6.183243]}},{"type":"Feature","properties":{"nombre":"Planta de Tratamiento de Aguas Veredales - Vereda El Vergel","tipo":"Prestación del servicio de acueducto","componente":"Equipamientos para la prestación de los servicios públicos","nivel":"Ciudad","barrio":"La Florida"},"geometry":{"type":"Point","coordinates":[-75.660566,6.178524]}},{"type":"Feature","properties":{"nombre":"Tanque de Agua EPM - El Rincón","tipo":"Prestación del servicio de acueducto","componente":"Equipamientos para la prestación de los servicios públicos","nivel":"Ciudad","barrio":"San José del Manzanillo"},"geometry":{"type":"Point","coordinates":[-75.610195,6.207673]}},{"type":"Feature","properties":{"nombre":"Centro Educativo Manzanillo","componente":"Equipamiento de Educación","nivel":"Vecinal y Veredal","barrio":"San José del Manzanillo"},"geometry":{"type":"Point","coordinates":[-75.614234,6.206753]}},{"type":"Feature","properties":{"nombre":"Centro Educativo Maria Paulina Taborda","componente":"Equipamiento de Educación","nivel":"Barrial y Suburbano","barrio":"El Corazón El Morro"},"geometry":{"type":"Point","coordinates":[-75.637204,6.246951]}},{"type":"Feature","properties":{"nombre":"Acueducto - Altavista","tipo":"Prestación del servicio de acueducto","componente":"Equipamientos para la prestación de los servicios públicos","nivel":"Ciudad","barrio":"Buga Patio Bonito"},"geometry":{"type":"Point","coordinates":[-75.640446,6.220539]}},{"type":"Feature","properties":{"nombre":"Centro Educativo Carlos Mesa Sanchez","componente":"Equipamiento de Educación","nivel":"Zonal y Corregimental","barrio":"Buga Patio Bonito"},"geometry":{"type":"Point","coordinates":[-75.645423,6.220358]}},{"type":"Feature","properties":{"nombre":"Centro de Educación Productiva - CEDEPRO","componente":"Equipamiento de Educación","nivel":"Zonal y Corregimental","barrio":"Buga Patio Bonito"},"geometry":{"type":"Point","coordinates":[-75.636505,6.219314]}},{"type":"Feature","properties":{"nombre":"Institución Educativa Marina Orth","componente":"Equipamiento de Educación","nivel":"Vecinal y Veredal","barrio":"Aguas Frías"},"geometry":{"type":"Point","coordinates":[-75.643998,6.232412]}},{"type":"Feature","properties":{"nombre":"Deposito de Buses - Aguas Frias","tipo":"Transporte de buses","componente":"Equipamientos para el Transporte","nivel":"Zonal y Corregimental","barrio":"San Pablo"},"geometry":{"type":"Point","coordinates":[-75.62407,6.234076]}},{"type":"Feature","properties":{"nombre":"Depósito de Buses Aguas Frias Parte Alta","tipo":"Transporte de buses","componente":"Equipamientos para el Transporte","nivel":"Vecinal y Veredal","barrio":"Aguas Frías"},"geometry":{"type":"Point","coordinates":[-75.63816,6.231616]}},{"type":"Feature","properties":{"nombre":"Sede de Acción Comunal Santa Clara","componente":"Equipamientos Comunitarios","nivel":"Vecinal y Veredal","barrio":"San Pablo"},"geometry":{"type":"Point","coordinates":[-75.633325,6.234128]}},{"type":"Feature","properties":{"nombre":"Centro de Acopio y Comercialización R. S. Altavista - Sec. del Medio Ambiente","tipo":"Prestación del servicio de aseo","componente":"Equipamientos para la prestación de los servicios públicos","nivel":"Zonal y Corregimental","barrio":"Buga Patio Bonito"},"geometry":{"type":"Point","coordinates":[-75.635248,6.21597]}},{"type":"Feature","properties":{"nombre":"Parque Ecológico La Perla","componente":"Equipamiento de Recreación y Deporte","nivel":"Zonal y Corregimental","barrio":"Buga Patio Bonito"},"geometry":{"type":"Point","coordinates":[-75.63603,6.216515]}},{"type":"Feature","properties":{"nombre":"JAC San Jose del Manzanillo","componente":"Equipamientos Comunitarios","nivel":"Vecinal y Veredal","barrio":"San José del Manzanillo"},"geometry":{"type":"Point","coordinates":[-75.613429,6.206475]}},{"type":"Feature","properties":{"nombre":"Institucion Educativa Conquistadores","componente":"Equipamiento de Educación","nivel":"Vecinal y Veredal","barrio":"Aguas Frías"},"geometry":{"type":"Point","coordinates":[-75.64052,6.235676]}},{"type":"Feature","properties":{"nombre":"Tanques Aguas Frias","tipo":"Prestación del servicio de acueducto","componente":"Equipamientos para la prestación de los servicios públicos","nivel":"Ciudad","barrio":"Aguas Frías"},"geometry":{"type":"Point","coordinates":[-75.654553,6.236038]}},{"type":"Feature","properties":{"nombre":"Botadero de Escombros La Margarita - E.E.V.V.M.","tipo":"Prestación del servicio de aseo","componente":"Equipamientos para la prestación de los servicios públicos","nivel":"Zonal y Corregimental","barrio":"San Pablo"},"geometry":{"type":"Point","coordinates":[-75.627354,6.237899]}},{"type":"Feature","properties":{"nombre":"Cancha San Pablo","componente":"Equipamiento de Recreación y Deporte","nivel":"Vecinal y Veredal","barrio":"San Pablo"},"geometry":{"type":"Point","coordinates":[-75.6263,6.234232]}},{"type":"Feature","properties":{"nombre":"Centro Infantil Aguas Frías","componente":"Equipamientos Comunitarios","nivel":"Vecinal y Veredal","barrio":"San Pablo"},"geometry":{"type":"Point","coordinates":[-75.625934,6.234033]}},{"type":"Feature","properties":{"nombre":"JAC El Morro","componente":"Equipamientos Comunitarios","nivel":"Vecinal y Veredal","barrio":"El Corazón El Morro"},"geometry":{"type":"Point","coordinates":[-75.636594,6.247955]}},{"type":"Feature","properties":{"nombre":"JAC EL Morro Corazon Monte Verde","componente":"Equipamientos Comunitarios","nivel":"Vecinal y Veredal","barrio":"El Corazón El Morro"},"geometry":{"type":"Point","coordinates":[-75.628048,6.24494]}},{"type":"Feature","properties":{"nombre":"JAC EL Morro Los Tanques","componente":"Equipamientos Comunitarios","nivel":"Vecinal y Veredal","barrio":"El Corazón El Morro"},"geometry":{"type":"Point","coordinates":[-75.637704,6.251022]}},{"type":"Feature","properties":{"nombre":"Cancha de Futbol y Placa Polideportiva El Corazón","componente":"Equipamiento de Recreación y Deporte","nivel":"Vecinal y Veredal","barrio":"El Corazón El Morro"},"geometry":{"type":"Point","coordinates":[-75.632605,6.249895]}},{"type":"Feature","properties":{"nombre":"Parroquia San Pablo Escriva de Balaguer","tipo":"Espacio para el culto","componente":"Equipamientos de Culto","nivel":"Vecinal y Veredal","barrio":"San Pablo"},"geometry":{"type":"Point","coordinates":[-75.62665,6.234293]}},{"type":"Feature","properties":{"nombre":"Lote Escuela Aguas Frías","componente":"Equipamiento de Educación","nivel":"Vecinal y Veredal","barrio":"San Pablo"},"geometry":{"type":"Point","coordinates":[-75.637039,6.233246]}},{"type":"Feature","properties":{"nombre":"Iglesia Santa Cruz de la Misericordia","tipo":"Espacio para el culto","componente":"Equipamientos de Culto","nivel":"Barrial y Suburbano","barrio":"La Cruz"},"geometry":{"type":"Point","coordinates":[-75.537311,6.269865]}},{"type":"Feature","properties":{"nombre":"Iglesia Santa Cruz de la Misericordia","tipo":"Espacio para el culto","componente":"Equipamientos de Culto","nivel":"Barrial y Suburbano","barrio":"La Cruz"},"geometry":{"type":"Point","coordinates":[-75.537421,6.269961]}},{"type":"Feature","properties":{"nombre":"Centro Administrativo Municipal","tipo":"Institucional Municipal","componente":"Equipamientos Institucionales Municipales","nivel":"Ciudad","barrio":"Centro Administrativo"},"geometry":{"type":"Point","coordinates":[-75.573636,6.244647]}},{"type":"Feature","properties":{"nombre":"Centro Administrativo Departamental","tipo":"Institucional Regional","componente":"Equipamientos Institucionales Regionales","nivel":"Metropolitano Y Regional","barrio":"Centro Administrativo"},"geometry":{"type":"Point","coordinates":[-75.573515,6.243994]}},{"type":"Feature","properties":{"nombre":"Palacio de Justicia","tipo":"Administrativo","componente":"Equipamiento para la Administración de Justicia","nivel":"Metropolitano Y Regional","barrio":"Centro Administrativo"},"geometry":{"type":"Point","coordinates":[-75.572549,6.244582]}},{"type":"Feature","properties":{"nombre":"Centro Administrativo Nacional - DIAN - Hacienda Nacional","tipo":"Institucional Nacional","componente":"Equipamientos Institucionales Nacionales","nivel":"Nacional","barrio":"Centro Administrativo"},"geometry":{"type":"Point","coordinates":[-75.572631,6.243981]}},{"type":"Feature","properties":{"nombre":"Centro Internacional de Convenciones - C.I.C.","componente":"Equipamientos Culturales","nivel":"Metropolitano Y Regional","barrio":"La Alpujarra"},"geometry":{"type":"Point","coordinates":[-75.575779,6.243759]}},{"type":"Feature","properties":{"nombre":"Centro Internacional de Convenciones - C.I.C.","componente":"Equipamientos Culturales","nivel":"Metropolitano Y Regional","barrio":"La Alpujarra"},"geometry":{"type":"Point","coordinates":[-75.576329,6.243144]}},{"type":"Feature","properties":{"nombre":"Institución Educativa Benedikta Zur Niedan + Casa Pelletier - Comunidad del Buen Pastor","tipo":"Ciudadelas universitarias","componente":"Equipamientos Comunitarios","nivel":"Zonal y Corregimental","barrio":"Campo Alegre"},"geometry":{"type":"Point","coordinates":[-75.614693,6.252691]}},{"type":"Feature","properties":{"nombre":"Centro de Reclusión de Mujeres \"El Buen Pastor\"","tipo":"Ciudadelas universitarias","componente":"Equipamientos Comunitarios","nivel":"Ciudad","barrio":"Campo Alegre"},"geometry":{"type":"Point","coordinates":[-75.613426,6.253505]}},{"type":"Feature","properties":{"nombre":"Comunidad Santa Eufrasia","tipo":"Ciudadelas universitarias","componente":"Equipamientos Comunitarios","nivel":"Zonal y Corregimental","barrio":"Campo Alegre"},"geometry":{"type":"Point","coordinates":[-75.612493,6.25404]}},{"type":"Feature","properties":{"nombre":"Seminario Mayor de Medellín","tipo":"Seminarios y conventos","componente":"Equipamientos de Culto","nivel":"Metropolitano Y Regional","barrio":"Las Palmas"},"geometry":{"type":"Point","coordinates":[-75.54471,6.219031]}},{"type":"Feature","properties":{"nombre":"Seminario Santa Cruz","tipo":"Seminarios y conventos","componente":"Equipamientos de Culto","barrio":"Las Palmas"},"geometry":{"type":"Point","coordinates":[-75.53893,6.210757]}},{"type":"Feature","properties":{"nombre":"Clínica de Oftalmología San Diego","componente":"Equipamiento de Salud","nivel":"Ciudad","barrio":"San Diego"},"geometry":{"type":"Point","coordinates":[-75.569156,6.228913]}},{"type":"Feature","properties":{"nombre":"Bodegas Polo Norte","componente":"Equipamientos Institucionales Municipales","nivel":"Zonal y Corregimental","barrio":"Las Brisas"},"geometry":{"type":"Point","coordinates":[-75.562143,6.303774]}},{"type":"Feature","properties":{"nombre":"Feria de ganado","componente":"Equipamientos Sanitarios","barrio":"Plaza de Ferias"},"geometry":{"type":"Point","coordinates":[-75.564825,6.298884]}},{"type":"Feature","properties":{"tipo":"Uso dotacional sin equipamiento construido","componente":"Uso dotacional sin equipamiento construido","barrio":"San José La Cima No.1"},"geometry":{"type":"Point","coordinates":[-75.542555,6.285799]}},{"type":"Feature","properties":{"componente":"Equipamientos Institucionales Municipales","barrio":"Las Palmas"},"geometry":{"type":"Point","coordinates":[-75.566151,6.240158]}},{"type":"Feature","properties":{"componente":"Equipamientos Institucionales Municipales","barrio":"Bolivariana"},"geometry":{"type":"Point","coordinates":[-75.587744,6.248514]}},{"type":"Feature","properties":{"componente":"Equipamientos Institucionales Municipales","barrio":"Nuevos Conquistadores"},"geometry":{"type":"Point","coordinates":[-75.628905,6.250709]}},{"type":"Feature","properties":{"componente":"Equipamientos Institucionales Municipales","barrio":"Santa Margarita"},"geometry":{"type":"Point","coordinates":[-75.613807,6.275552]}},{"type":"Feature","properties":{"componente":"Equipamientos Institucionales Municipales","barrio":"Playón de Los Comuneros"},"geometry":{"type":"Point","coordinates":[-75.550303,6.306206]}},{"type":"Feature","properties":{"componente":"Equipamientos Institucionales Municipales","barrio":"Villatina"},"geometry":{"type":"Point","coordinates":[-75.538202,6.23299]}},{"type":"Feature","properties":{"componente":"Equipamientos Institucionales Municipales","barrio":"La Esperanza No.2"},"geometry":{"type":"Point","coordinates":[-75.541235,6.291135]}},{"type":"Feature","properties":{"componente":"Equipamientos Institucionales Municipales","barrio":"Nuevos Conquistadores"},"geometry":{"type":"Point","coordinates":[-75.62897,6.250642]}},{"type":"Feature","properties":{"componente":"Equipamientos Institucionales Municipales","barrio":"La Cruz"},"geometry":{"type":"Point","coordinates":[-75.536825,6.270182]}},{"type":"Feature","properties":{"componente":"Equipamientos Institucionales Municipales","barrio":"Carpinelo"},"geometry":{"type":"Point","coordinates":[-75.538045,6.286948]}},{"type":"Feature","properties":{"componente":"Equipamientos Institucionales Municipales","barrio":"Boston"},"geometry":{"type":"Point","coordinates":[-75.55855,6.245579]}},{"type":"Feature","properties":{"componente":"Equipamientos Institucionales Municipales","barrio":"Santa Mónica"},"geometry":{"type":"Point","coordinates":[-75.614928,6.244852]}},{"type":"Feature","properties":{"componente":"Equipamientos Institucionales Municipales","barrio":"Villa Nueva"},"geometry":{"type":"Point","coordinates":[-75.562253,6.251183]}},{"type":"Feature","properties":{"componente":"Equipamientos Institucionales Municipales","barrio":"Villatina"},"geometry":{"type":"Point","coordinates":[-75.539084,6.233002]}},{"type":"Feature","properties":{"componente":"Equipamientos Institucionales Municipales","barrio":"Santander"},"geometry":{"type":"Point","coordinates":[-75.574804,6.309855]}},{"type":"Feature","properties":{"componente":"Equipamientos Institucionales Municipales","barrio":"Aranjuez"},"geometry":{"type":"Point","coordinates":[-75.558484,6.283228]}},{"type":"Feature","properties":{"componente":"Equipamientos Institucionales Municipales","barrio":"Campo Valdés No.2"},"geometry":{"type":"Point","coordinates":[-75.551652,6.270342]}},{"type":"Feature","properties":{"componente":"Equipamientos para el Transporte","barrio":"Sevilla"},"geometry":{"type":"Point","coordinates":[-75.564443,6.268266]}},{"type":"Feature","properties":{"componente":"Equipamientos para el Transporte","barrio":"Sevilla"},"geometry":{"type":"Point","coordinates":[-75.564529,6.267786]}},{"type":"Feature","properties":{"componente":"Equipamiento de Asistencia Social","barrio":"Las Palmas"},"geometry":{"type":"Point","coordinates":[-75.566349,6.24303]}},{"type":"Feature","properties":{"componente":"Equipamientos Institucionales Municipales","barrio":"Laureles"},"geometry":{"type":"Point","coordinates":[-75.596831,6.246475]}},{"type":"Feature","properties":{"componente":"Equipamientos Institucionales Municipales","barrio":"Nuevos Conquistadores"},"geometry":{"type":"Point","coordinates":[-75.629003,6.250497]}},{"type":"Feature","properties":{"componente":"Equipamientos Institucionales Municipales","barrio":"Palenque"},"geometry":{"type":"Point","coordinates":[-75.59585,6.27904]}},{"type":"Feature","properties":{"componente":"Equipamientos Institucionales Municipales","barrio":"Villatina"},"geometry":{"type":"Point","coordinates":[-75.538629,6.233002]}},{"type":"Feature","properties":{"componente":"Equipamientos Institucionales Municipales","barrio":"Santa Margarita"},"geometry":{"type":"Point","coordinates":[-75.612108,6.275288]}},{"type":"Feature","properties":{"componente":"Equipamientos Institucionales Municipales","barrio":"Campo Valdés No.2"},"geometry":{"type":"Point","coordinates":[-75.553596,6.271551]}},{"type":"Feature","properties":{"componente":"Equipamientos Institucionales Municipales","barrio":"La Francia"},"geometry":{"type":"Point","coordinates":[-75.553275,6.300308]}},{"type":"Feature","properties":{"componente":"Equipamientos Institucionales Municipales","barrio":"La Alpujarra"},"geometry":{"type":"Point","coordinates":[-75.577853,6.246659]}},{"type":"Feature","properties":{"nombre":"Cncha de Futbol  La Rosa","componente":"Equipamientos Comunitarios","nivel":"Barrial y Suburbano","barrio":"La Rosa"},"geometry":{"type":"Point","coordinates":[-75.558579,6.289302]}},{"type":"Feature","properties":{"componente":"Equipamiento de Educación","barrio":"Las Granjas"},"geometry":{"type":"Point","coordinates":[-75.546673,6.278806]}},{"type":"Feature","properties":{"nombre":"Parqueaderos EPM - Malibu","componente":"Equipamientos Institucionales Municipales","nivel":"Zonal y Corregimental","barrio":"Fátima"},"geometry":{"type":"Point","coordinates":[-75.586811,6.235688]}},{"type":"Feature","properties":{"nombre":"ISA","componente":"Equipamientos Institucionales Municipales","nivel":"Ciudad","barrio":"Los Balsos No.1"},"geometry":{"type":"Point","coordinates":[-75.558239,6.188933]}},{"type":"Feature","properties":{"nombre":"Policia","componente":"Equipamientos para la Fuerza Pública","barrio":"Barrio Colón"},"geometry":{"type":"Point","coordinates":[-75.568135,6.244864]}},{"type":"Feature","properties":{"nombre":"EDU","componente":"Equipamientos Institucionales Municipales","barrio":"Barrio Colón"},"geometry":{"type":"Point","coordinates":[-75.569121,6.245157]}},{"type":"Feature","properties":{"tipo":"Escenario deportivo-recreativo","componente":"Equipamiento de Recreación y Deporte","barrio":"La Libertad"},"geometry":{"type":"Point","coordinates":[-75.542144,6.241798]}},{"type":"Feature","properties":{"nombre":"Centro de Formación Los Pomos","tipo":"Educación no formal","componente":"Equipamientos Comunitarios","nivel":"Zonal y Corregimental","barrio":"Bomboná No.2"},"geometry":{"type":"Point","coordinates":[-75.547861,6.22936]}},{"type":"Feature","properties":{"nombre":"Lote para Servicios Colectivos Urbanizacion Oasis del Jardin","componente":"Equipamientos Comunitarios","nivel":"Vecinal y Veredal","barrio":"La Salle"},"geometry":{"type":"Point","coordinates":[-75.545093,6.283043]}}]}