{"type":"FeatureCollection","features":[{"type":"Feature","id":1,"geometry":{"type":"Polygon","coordinates":[[[-75.555015,6.245051],[-75.555543,6.245487],[-75.555783,6.245874],[-75.555921,6.246032],[-75.556033,6.245806],[-75.556295,6.245037],[-75.556483,6.24535],[-75.557566,6.244331],[-75.557809,6.244471],[-75.55826,6.243661],[-75.554221,6.24159],[-75.551989,6.240393],[-75.551339,6.240088],[-75.550052,6.242527],[-75.550042,6.242754],[-75.55036,6.242731],[-75.550923,6.242621],[-75.551001,6.242657],[-75.551398,6.242668],[-75.552607,6.242826],[-75.55365,6.243078],[-75.553805,6.243186],[-75.553931,6.243581],[-75.554087,6.243926],[-75.554546,6.244429],[-75.554665,6.244606],[-75.554833,6.244763],[-75.555015,6.245051]]]},"properties":{"CODIGO":"0906","COMUNA":"09","BARRIO":"06","NOMBRE_BARRIO":"Barrio Caicedo","SECTOR":3,"INDICADOR_UR":"U","NOMBRE_COMUNA":"BUENOS AIRES","MUNICIPIO":"001"}},{"type":"Feature","id":2,"geometry":{"type":"Polygon","coordinates":[[[-75.575286,6.21282],[-75.575537,6.212967],[-75.575681,6.212992],[-75.575958,6.21296],[-75.575893,6.212701],[-75.576387,6.212829],[-75.576662,6.213137],[-75.57812,6.213375],[-75.579468,6.203965],[-75.578698,6.203906],[-75.578114,6.203738],[-75.577284,6.203385],[-75.577229,6.203996],[-75.575741,6.203322],[-75.575879,6.203017],[-75.575735,6.202948],[-75.575508,6.203105],[-75.574311,6.202541],[-75.574426,6.20221],[-75.574631,6.20184],[-75.574838,6.201664],[-75.574959,6.201704],[-75.57523,6.201396],[-75.574897,6.20124],[-75.573071,6.200199],[-75.572585,6.20101],[-75.572322,6.201602],[-75.571693,6.203535],[-75.571405,6.204701],[-75.571373,6.205235],[-75.571563,6.206311],[-75.571537,6.20666],[-75.571347,6.207646],[-75.572047,6.207695],[-75.572538,6.207609],[-75.572627,6.20765],[-75.572702,6.207781],[-75.57284,6.207894],[-75.572957,6.207948],[-75.573002,6.207824],[-75.573075,6.207905],[-75.57345,6.20803],[-75.574217,6.207822],[-75.574515,6.207805],[-75.574818,6.207907],[-75.575038,6.208092],[-75.575184,6.208344],[-75.575876,6.21049],[-75.575722,6.212249],[-75.575563,6.212359],[-75.57554,6.212517],[-75.575386,6.212748],[-75.575286,6.21282]]]},"properties":{"CODIGO":"1421","COMUNA":"14","BARRIO":"21","NOMBRE_BARRIO":"Patio Bonito","SECTOR":5,"INDICADOR_UR":"U","NOMBRE_COMUNA":"EL POBLADO","MUNICIPIO":"001"}},{"type":"Feature","id":3,"geometry":{"type":"Polygon","coordinates":[[[-75.565252,6.224657],[-75.565774,6.224509],[-75.565809,6.224541],[-75.566323,6.224631],[-75.566335,6.224591],[-75.566607,6.224675],[-75.566736,6.224845],[-75.566775,6.225344],[-75.566843,6.225428],[-75.567774,6.225669],[-75.568277,6.225718],[-75.568301,6.225732],[-75.568281,6.225776],[-75.568343,6.22586],[-75.568431,6.226335],[-75.568477,6.226335],[-75.568479,6.226442],[-75.568523,6.226494],[-75.568565,6.226511],[-75.568564,6.226448],[-75.569166,6.226489],[-75.569211,6.225429],[-75.569211,6.223109],[-75.569242,6.222693],[-75.569407,6.221518],[-75.569424,6.220515],[-75.569469,6.219921],[-75.569814,6.218279],[-75.569882,6.217793],[-75.569948,6.216671],[-75.569952,6.21469],[-75.569113,6.214383],[-75.568729,6.214365],[-75.568376,6.214263],[-75.567911,6.214237],[-75.566991,6.21404],[-75.566814,6.21406],[-75.566709,6.214113],[-75.566574,6.21437],[-75.566493,6.214452],[-75.566348,6.214499],[-75.566001,6.214545],[-75.565462,6.214531],[-75.564475,6.214647],[-75.564324,6.214716],[-75.564176,6.21504],[-75.564115,6.215099],[-75.563289,6.215055],[-75.563299,6.215151],[-75.563582,6.215706],[-75.563647,6.216016],[-75.56376,6.216184],[-75.563981,6.216353],[-75.564201,6.21659],[-75.564343,6.216813],[-75.564374,6.216955],[-75.564408,6.217625],[-75.564467,6.217823],[-75.564527,6.217917],[-75.564668,6.21804],[-75.564873,6.218108],[-75.565623,6.218106],[-75.565827,6.21821],[-75.565988,6.218385],[-75.566049,6.218593],[-75.566046,6.219162],[-75.566349,6.220001],[-75.566346,6.220256],[-75.566266,6.220427],[-75.566101,6.220591],[-75.565662,6.220883],[-75.565506,6.221081],[-75.565453,6.221268],[-75.565076,6.223607],[-75.565074,6.223917],[-75.565252,6.224657]]]},"properties":{"CODIGO":"1404","COMUNA":"14","BARRIO":"04","NOMBRE_BARRIO":"Castropol","SECTOR":5,"INDICADOR_UR":"U","NOMBRE_COMUNA":"EL POBLADO","MUNICIPIO":"001"}},{"type":"Feature","id":4,"geometry":{"type":"Polygon","coordinates":[[[-75.541434,6.267948],[-75.542079,6.267961],[-75.542191,6.267857],[-75.542384,6.267842],[-75.54253,6.267801],[-75.542587,6.267746],[-75.543145,6.267648],[-75.543273,6.26766],[-75.54352,6.267771],[-75.543616,6.267781],[-75.543699,6.267735],[-75.543843,6.267573],[-75.543929,6.267543],[-75.544339,6.267542],[-75.544559,6.267572],[-75.545012,6.267553],[-75.545264,6.26758],[-75.545522,6.267543],[-75.545706,6.267593],[-75.545853,6.267595],[-75.546195,6.267408],[-75.546261,6.267402],[-75.546224,6.267276],[-75.546227,6.267135],[-75.546365,6.266371],[-75.546531,6.264977],[-75.546593,6.264816],[-75.546712,6.264649],[-75.546742,6.264529],[-75.546605,6.264289],[-75.546531,6.263983],[-75.546524,6.263567],[-75.546615,6.2635],[-75.546561,6.263277],[-75.5466,6.262211],[-75.54592,6.262317],[-75.545851,6.262246],[-75.545626,6.26218],[-75.545261,6.261905],[-75.544878,6.261692],[-75.544877,6.261606],[-75.542817,6.261292],[-75.542786,6.261583],[-75.542389,6.26152],[-75.54186,6.261518],[-75.541829,6.261626],[-75.541626,6.261617],[-75.541605,6.261667],[-75.54159,6.26159],[-75.541503,6.261589],[-75.5415,6.261708],[-75.541433,6.261737],[-75.541678,6.26203],[-75.541612,6.262129],[-75.541499,6.262189],[-75.541501,6.262255],[-75.541559,6.262313],[-75.541734,6.262325],[-75.541801,6.263356],[-75.541791,6.26371],[-75.541668,6.264013],[-75.541299,6.264447],[-75.541195,6.264674],[-75.541016,6.264939],[-75.541046,6.264985],[-75.542229,6.265182],[-75.542131,6.265685],[-75.541318,6.265502],[-75.541311,6.265526],[-75.541304,6.265581],[-75.541445,6.265609],[-75.541356,6.267382],[-75.541431,6.267465],[-75.541588,6.26746],[-75.541589,6.267538],[-75.541529,6.267604],[-75.541336,6.267571],[-75.541291,6.267624],[-75.541288,6.267704],[-75.541403,6.267712],[-75.541446,6.267767],[-75.541434,6.267948]]]},"properties":{"CODIGO":"0309","COMUNA":"03","BARRIO":"09","NOMBRE_BARRIO":"Versalles No. 1","SECTOR":1,"INDICADOR_UR":"U","NOMBRE_COMUNA":"MANRIQUE","MUNICIPIO":"001"}},{"type":"Feature","id":5,"geometry":{"type":"Polygon","coordinates":[[[-75.588237,6.223708],[-75.587926,6.224938],[-75.587996,6.225037],[-75.587926,6.225092],[-75.587818,6.225088],[-75.587646,6.225967],[-75.587436,6.226682],[-75.58735,6.227625],[-75.587237,6.228149],[-75.586924,6.228032],[-75.586779,6.228911],[-75.586772,6.22894],[-75.586718,6.228925],[-75.586666,6.229243],[-75.586664,6.229306],[-75.586749,6.229296],[-75.586753,6.229328],[-75.586654,6.22984],[-75.586677,6.230105],[-75.586547,6.230389],[-75.586341,6.231468],[-75.586345,6.231693],[-75.589726,6.231595],[-75.58994,6.231523],[-75.590149,6.231399],[-75.590372,6.231103],[-75.590605,6.229884],[-75.590704,6.229602],[-75.590817,6.22943],[-75.590993,6.229284],[-75.591379,6.229104],[-75.591268,6.22763],[-75.591263,6.226688],[-75.591316,6.226265],[-75.593044,6.217092],[-75.593169,6.216483],[-75.593306,6.216166],[-75.594359,6.210412],[-75.594329,6.210015],[-75.594152,6.209666],[-75.593485,6.208719],[-75.593308,6.208542],[-75.593002,6.208371],[-75.592798,6.208324],[-75.591925,6.208238],[-75.591907,6.208399],[-75.591828,6.208625],[-75.591707,6.208817],[-75.590964,6.209575],[-75.590479,6.210184],[-75.590378,6.210417],[-75.590186,6.211092],[-75.590085,6.211237],[-75.589984,6.211313],[-75.589888,6.211355],[-75.589711,6.21136],[-75.588546,6.210745],[-75.588142,6.213092],[-75.586729,6.212798],[-75.586622,6.213223],[-75.585616,6.218632],[-75.586212,6.21888],[-75.586399,6.219822],[-75.586471,6.220036],[-75.586511,6.220688],[-75.587962,6.22021],[-75.58813,6.220189],[-75.588877,6.220388],[-75.588237,6.223708]]]},"properties":{"CODIGO":"1506","COMUNA":"15","BARRIO":"06","NOMBRE_BARRIO":"Parque Juan Pablo II","SECTOR":6,"INDICADOR_UR":"U","NOMBRE_COMUNA":"GUAYABAL","MUNICIPIO":"001"}},{"type":"Feature","id":6,"geometry":{"type":"Polygon","coordinates":[[[-75.637191,6.180702],[-75.637219,6.180887],[-75.637338,6.181163],[-75.637352,6.181691],[-75.637525,6.181803],[-75.637907,6.181895],[-75.638034,6.181974],[-75.637988,6.182428],[-75.637997,6.182677],[-75.638099,6.182854],[-75.638389,6.183062],[-75.638488,6.183093],[-75.63862,6.183079],[-75.63875,6.183128],[-75.639266,6.183484],[-75.639261,6.183652],[-75.638969,6.184058],[-75.638894,6.184333],[-75.638919,6.184483],[-75.639061,6.184857],[-75.639258,6.185198],[-75.639287,6.185413],[-75.639269,6.186],[-75.639293,6.186159],[-75.639338,6.186228],[-75.639102,6.186375],[-75.639146,6.186655],[-75.639207,6.186805],[-75.639221,6.187031],[-75.639401,6.187075],[-75.639685,6.187421],[-75.639921,6.187631],[-75.64003,6.187772],[-75.640226,6.18766],[-75.64024,6.187682],[-75.640078,6.18778],[-75.640194,6.187871],[-75.640409,6.187665],[-75.640373,6.187619],[-75.640484,6.187686],[-75.641003,6.187309],[-75.641237,6.186987],[-75.641299,6.186968],[-75.641597,6.187854],[-75.641715,6.18782],[-75.641828,6.187735],[-75.641934,6.187782],[-75.642114,6.187756],[-75.642223,6.187611],[-75.642409,6.187567],[-75.642422,6.18752],[-75.642377,6.187445],[-75.64261,6.187299],[-75.642825,6.18749],[-75.643143,6.187704],[-75.643434,6.187796],[-75.643813,6.18783],[-75.643944,6.187911],[-75.644044,6.188055],[-75.644089,6.188234],[-75.644109,6.188223],[-75.644138,6.188652],[-75.644227,6.188833],[-75.644866,6.18942],[-75.645065,6.189807],[-75.645294,6.189985],[-75.645391,6.189978],[-75.645755,6.189774],[-75.646427,6.189692],[-75.646606,6.189578],[-75.646807,6.189379],[-75.646889,6.18936],[-75.647176,6.189176],[-75.647487,6.189095],[-75.647737,6.189106],[-75.648434,6.189307],[-75.648779,6.189515],[-75.649021,6.189601],[-75.64942,6.188989],[-75.649658,6.188547],[-75.649734,6.18846],[-75.64983,6.188499],[-75.650054,6.188172],[-75.650161,6.187846],[-75.650395,6.187485],[-75.650684,6.187649],[-75.651011,6.187522],[-75.651358,6.187327],[-75.65134,6.187402],[-75.651063,6.18774],[-75.650955,6.188046],[-75.651983,6.188336],[-75.652099,6.188168],[-75.652668,6.188662],[-75.653595,6.188303],[-75.653851,6.18883],[-75.654873,6.188791],[-75.654957,6.188639],[-75.655333,6.188913],[-75.655648,6.189096],[-75.655891,6.189206],[-75.655991,6.189209],[-75.655998,6.189056],[-75.655978,6.189051],[-75.656045,6.188862],[-75.656107,6.188423],[-75.656241,6.188105],[-75.656235,6.188026],[-75.656307,6.187921],[-75.656599,6.187951],[-75.656951,6.188363],[-75.657281,6.188341],[-75.657535,6.188072],[-75.65759,6.188043],[-75.65768,6.188053],[-75.657749,6.187853],[-75.657845,6.187735],[-75.657954,6.18744],[-75.658303,6.187079],[-75.65839,6.186947],[-75.658472,6.187058],[-75.658521,6.187557],[-75.658612,6.187648],[-75.658744,6.187679],[-75.658763,6.187721],[-75.659069,6.187722],[-75.659174,6.187799],[-75.659241,6.187896],[-75.659261,6.188054],[-75.659353,6.188193],[-75.659392,6.188297],[-75.659377,6.188333],[-75.659428,6.188417],[-75.659489,6.188464],[-75.659824,6.188557],[-75.659911,6.18861],[-75.660113,6.188575],[-75.660574,6.188328],[-75.660975,6.18784],[-75.661156,6.187743],[-75.661409,6.187781],[-75.66143,6.187832],[-75.661674,6.187999],[-75.661721,6.187978],[-75.661765,6.188013],[-75.661751,6.188033],[-75.661997,6.188244],[-75.662101,6.188264],[-75.662345,6.188227],[-75.662375,6.188109],[-75.66267,6.187804],[-75.662803,6.187763],[-75.662901,6.187578],[-75.662348,6.187301],[-75.662314,6.187143],[-75.66186,6.186659],[-75.661927,6.18642],[-75.661761,6.186277],[-75.66167,6.186406],[-75.661649,6.186369],[-75.66158,6.186381],[-75.66156,6.18635],[-75.661488,6.186394],[-75.661615,6.186293],[-75.661468,6.18615],[-75.661569,6.186061],[-75.661534,6.186019],[-75.66165,6.185968],[-75.661593,6.18587],[-75.661395,6.185955],[-75.661248,6.185777],[-75.661147,6.185842],[-75.661082,6.185773],[-75.660937,6.185894],[-75.661055,6.185568],[-75.66117,6.185571],[-75.661322,6.18536],[-75.661143,6.185391],[-75.660917,6.185248],[-75.660544,6.184971],[-75.660481,6.184893],[-75.660461,6.184806],[-75.660507,6.184639],[-75.660577,6.184612],[-75.660789,6.184422],[-75.660791,6.184236],[-75.660886,6.183924],[-75.660871,6.183477],[-75.660923,6.183482],[-75.660965,6.183304],[-75.661127,6.183201],[-75.6612,6.183115],[-75.661264,6.182936],[-75.661223,6.182787],[-75.661568,6.182638],[-75.661599,6.182406],[-75.661746,6.182425],[-75.661789,6.182209],[-75.661828,6.182255],[-75.661976,6.182095],[-75.662042,6.181924],[-75.662328,6.18198],[-75.662574,6.182082],[-75.662714,6.182184],[-75.662858,6.182226],[-75.663028,6.182193],[-75.662923,6.182006],[-75.663197,6.181845],[-75.663162,6.181527],[-75.663095,6.18164],[-75.662875,6.181704],[-75.662842,6.181447],[-75.662693,6.181048],[-75.662809,6.181002],[-75.662764,6.180833],[-75.662911,6.180638],[-75.662839,6.180533],[-75.662622,6.180676],[-75.662504,6.180696],[-75.662493,6.180407],[-75.662368,6.18042],[-75.661953,6.180193],[-75.661845,6.180177],[-75.66166,6.180396],[-75.6614,6.180611],[-75.661366,6.180655],[-75.661364,6.18078],[-75.661138,6.180809],[-75.661135,6.180749],[-75.661138,6.18081],[-75.661364,6.180781],[-75.661405,6.181144],[-75.661388,6.181489],[-75.661249,6.181428],[-75.660963,6.181369],[-75.660429,6.181454],[-75.660373,6.181497],[-75.660212,6.18153],[-75.660194,6.181685],[-75.660029,6.181803],[-75.659875,6.181662],[-75.659536,6.181572],[-75.659395,6.181458],[-75.658894,6.181341],[-75.658487,6.181297],[-75.658401,6.181222],[-75.658166,6.181121],[-75.658017,6.181089],[-75.657869,6.1813],[-75.657702,6.181199],[-75.657611,6.181209],[-75.657447,6.181372],[-75.657316,6.181441],[-75.656983,6.181843],[-75.656634,6.182067],[-75.656602,6.182138],[-75.656649,6.182227],[-75.656583,6.182306],[-75.656292,6.182497],[-75.65618,6.182525],[-75.65588,6.18235],[-75.655229,6.182517],[-75.654949,6.182417],[-75.654736,6.182522],[-75.65467,6.1825],[-75.654655,6.182348],[-75.654567,6.182216],[-75.654424,6.182128],[-75.65436,6.182122],[-75.654169,6.182108],[-75.65404,6.18227],[-75.653808,6.182294],[-75.653771,6.182224],[-75.653739,6.181974],[-75.653681,6.181914],[-75.653512,6.181827],[-75.653251,6.181783],[-75.653085,6.181686],[-75.652982,6.181728],[-75.652792,6.181716],[-75.652729,6.181745],[-75.652522,6.182023],[-75.652393,6.182075],[-75.652264,6.182058],[-75.652188,6.181927],[-75.651996,6.182086],[-75.651698,6.182016],[-75.651574,6.181946],[-75.651172,6.181859],[-75.651244,6.181167],[-75.651192,6.180656],[-75.650733,6.180738],[-75.649971,6.18072],[-75.64937,6.180799],[-75.649001,6.180602],[-75.648945,6.180434],[-75.64909,6.180304],[-75.649324,6.180431],[-75.64941,6.180432],[-75.649461,6.180133],[-75.64923,6.180087],[-75.6492,6.179892],[-75.649221,6.17989],[-75.649224,6.179459],[-75.649461,6.179425],[-75.649412,6.179236],[-75.650136,6.179122],[-75.650213,6.179363],[-75.650755,6.179267],[-75.650622,6.178317],[-75.650809,6.178267],[-75.651155,6.178256],[-75.651744,6.178393],[-75.652291,6.178576],[-75.653009,6.178554],[-75.653415,6.178651],[-75.653444,6.178592],[-75.653504,6.178569],[-75.653893,6.178606],[-75.653972,6.178569],[-75.653997,6.178516],[-75.653903,6.1782],[-75.653988,6.178129],[-75.653982,6.178107],[-75.6539,6.178114],[-75.6539,6.178075],[-75.654054,6.177744],[-75.654022,6.177673],[-75.653894,6.177573],[-75.653982,6.177555],[-75.653798,6.177437],[-75.65364,6.177286],[-75.653433,6.176922],[-75.653327,6.176796],[-75.652794,6.176505],[-75.652439,6.174649],[-75.65247,6.174507],[-75.65238,6.174513],[-75.652204,6.174218],[-75.652159,6.173622],[-75.652119,6.173538],[-75.652037,6.173478],[-75.651852,6.173433],[-75.651858,6.173405],[-75.650489,6.17374],[-75.650236,6.173724],[-75.650304,6.172664],[-75.650547,6.171925],[-75.650531,6.171737],[-75.650143,6.1717],[-75.65008,6.171782],[-75.650056,6.171712],[-75.649996,6.171763],[-75.649904,6.171767],[-75.649626,6.171663],[-75.649552,6.171399],[-75.649238,6.171129],[-75.649153,6.170965],[-75.649146,6.170748],[-75.64924,6.170355],[-75.64918,6.170357],[-75.649253,6.170084],[-75.649206,6.170047],[-75.649207,6.169921],[-75.649401,6.168653],[-75.649404,6.168428],[-75.649364,6.168249],[-75.649196,6.16794],[-75.648591,6.167573],[-75.648596,6.167523],[-75.648402,6.1673],[-75.648417,6.167208],[-75.64822,6.166832],[-75.648084,6.166668],[-75.647791,6.166429],[-75.647713,6.166309],[-75.647553,6.16569],[-75.64713,6.165659],[-75.646568,6.165449],[-75.645945,6.165493],[-75.645502,6.165483],[-75.645434,6.165516],[-75.645493,6.165888],[-75.64567,6.166607],[-75.645932,6.168279],[-75.645996,6.168415],[-75.646243,6.168688],[-75.646227,6.168798],[-75.646077,6.169078],[-75.646037,6.169262],[-75.646105,6.169744],[-75.646178,6.169862],[-75.646259,6.169904],[-75.646925,6.169945],[-75.64696,6.169984],[-75.647176,6.170483],[-75.647484,6.170911],[-75.647714,6.171649],[-75.64753,6.171626],[-75.647372,6.171564],[-75.647145,6.171605],[-75.646915,6.171533],[-75.646728,6.171531],[-75.646479,6.171448],[-75.646357,6.171358],[-75.646244,6.171399],[-75.64621,6.171456],[-75.646117,6.17147],[-75.645896,6.171327],[-75.645625,6.171561],[-75.645414,6.171563],[-75.645426,6.171714],[-75.645368,6.171754],[-75.645169,6.171739],[-75.644921,6.171594],[-75.644603,6.171576],[-75.643904,6.171746],[-75.643817,6.171739],[-75.643777,6.171703],[-75.643756,6.171581],[-75.643678,6.171464],[-75.643474,6.17146],[-75.643395,6.171535],[-75.643377,6.171612],[-75.643528,6.171792],[-75.643552,6.171909],[-75.643403,6.171985],[-75.643277,6.172201],[-75.643209,6.172204],[-75.643115,6.172088],[-75.642925,6.17198],[-75.642842,6.171986],[-75.642631,6.172186],[-75.642167,6.172268],[-75.642126,6.172326],[-75.642067,6.172607],[-75.642019,6.172656],[-75.641575,6.172644],[-75.64136,6.172674],[-75.641171,6.172845],[-75.641091,6.172881],[-75.640764,6.172824],[-75.64052,6.172837],[-75.640456,6.172862],[-75.640411,6.172978],[-75.640365,6.173016],[-75.640136,6.172924],[-75.640004,6.172909],[-75.639766,6.172941],[-75.639462,6.173148],[-75.639323,6.173289],[-75.639215,6.173343],[-75.638978,6.173396],[-75.63875,6.173372],[-75.638528,6.173507],[-75.638375,6.173519],[-75.638282,6.173567],[-75.638116,6.173566],[-75.638062,6.173782],[-75.637981,6.173861],[-75.637642,6.173804],[-75.637151,6.173967],[-75.636835,6.173945],[-75.636588,6.173975],[-75.636524,6.17401],[-75.636389,6.174209],[-75.636337,6.17423],[-75.636231,6.174079],[-75.636141,6.17407],[-75.635925,6.174264],[-75.635749,6.174518],[-75.635574,6.17466],[-75.635485,6.174856],[-75.635318,6.175028],[-75.635208,6.17529],[-75.634967,6.175436],[-75.634795,6.175383],[-75.634532,6.175617],[-75.634517,6.175654],[-75.634646,6.175752],[-75.634859,6.176012],[-75.63524,6.176508],[-75.635269,6.176591],[-75.635148,6.177054],[-75.635123,6.177432],[-75.635247,6.17778],[-75.635372,6.177832],[-75.635713,6.177843],[-75.635955,6.177891],[-75.636149,6.177964],[-75.636284,6.178067],[-75.636321,6.178195],[-75.636336,6.178547],[-75.636475,6.179006],[-75.636555,6.179454],[-75.63671,6.179791],[-75.637105,6.180348],[-75.637191,6.180702]]]},"properties":{"CODIGO":"8000","COMUNA":"80","BARRIO":"00","NOMBRE_BARRIO":"Cabecera San Antonio de Prado","SECTOR":8,"INDICADOR_UR":"U","NOMBRE_COMUNA":"SAN ANTONIO DE PRADO","MUNICIPIO":"001"}},{"type":"Feature","id":7,"geometry":{"type":"Polygon","coordinates":[[[-75.570522,6.29433],[-75.570455,6.294531],[-75.570846,6.29472],[-75.570765,6.294933],[-75.573515,6.295838],[-75.576,6.288382],[-75.576049,6.28831],[-75.57036,6.286391],[-75.570486,6.285944],[-75.570338,6.285895],[-75.569403,6.288789],[-75.569288,6.288993],[-75.56834,6.29215],[-75.56843,6.292192],[-75.569059,6.29328],[-75.569245,6.293041],[-75.569813,6.293243],[-75.569667,6.293694],[-75.570069,6.294188],[-75.570241,6.29431],[-75.570269,6.294232],[-75.570522,6.29433]]]},"properties":{"CODIGO":"0511","COMUNA":"05","BARRIO":"11","NOMBRE_BARRIO":"Castilla","SECTOR":2,"INDICADOR_UR":"U","NOMBRE_COMUNA":"CASTILLA","MUNICIPIO":"001"}},{"type":"Feature","id":8,"geometry":{"type":"Polygon","coordinates":[[[-75.568568,6.280655],[-75.568553,6.280715],[-75.568811,6.280784],[-75.568854,6.280955],[-75.56886,6.281156],[-75.568978,6.281461],[-75.568992,6.28161],[-75.569107,6.280627],[-75.571684,6.281101],[-75.571699,6.280996],[-75.57179,6.281012],[-75.571867,6.280471],[-75.572375,6.280606],[-75.572665,6.278829],[-75.572892,6.278182],[-75.573388,6.276282],[-75.573647,6.275453],[-75.573116,6.275644],[-75.572911,6.275754],[-75.57287,6.275961],[-75.572603,6.275827],[-75.572478,6.275815],[-75.572751,6.274677],[-75.57077,6.274232],[-75.570757,6.274174],[-75.570384,6.274115],[-75.570314,6.274161],[-75.570052,6.274134],[-75.568568,6.280655]]]},"properties":{"CODIGO":"0516","COMUNA":"05","BARRIO":"16","NOMBRE_BARRIO":"Terminal de Transporte","SECTOR":2,"INDICADOR_UR":"U","NOMBRE_COMUNA":"CASTILLA","MUNICIPIO":"001"}},{"type":"Feature","id":9,"geometry":{"type":"Polygon","coordinates":[[[-75.605636,6.294452],[-75.605618,6.294635],[-75.605578,6.294686],[-75.605611,6.294746],[-75.605604,6.29483],[-75.605747,6.294649],[-75.605807,6.294434],[-75.605841,6.294437],[-75.60589,6.294538],[-75.605986,6.294527],[-75.606095,6.294563],[-75.606296,6.294506],[-75.606369,6.294501],[-75.606394,6.294528],[-75.606418,6.294479],[-75.606487,6.294478],[-75.606687,6.294368],[-75.606682,6.294316],[-75.606771,6.294228],[-75.606851,6.294251],[-75.606905,6.294355],[-75.606954,6.294283],[-75.607182,6.294185],[-75.607527,6.293929],[-75.607636,6.293907],[-75.607783,6.293947],[-75.607771,6.293802],[-75.607922,6.293738],[-75.608178,6.293824],[-75.608305,6.29381],[-75.608458,6.293921],[-75.608504,6.293894],[-75.60856,6.293935],[-75.608685,6.29393],[-75.608741,6.29401],[-75.608817,6.294045],[-75.608732,6.293861],[-75.608536,6.293609],[-75.608466,6.293429],[-75.608431,6.293119],[-75.609496,6.292814],[-75.609996,6.292568],[-75.610066,6.292585],[-75.610563,6.29229],[-75.611259,6.292042],[-75.611808,6.291537],[-75.611565,6.291369],[-75.611567,6.29134],[-75.611843,6.291103],[-75.611872,6.291187],[-75.612035,6.291098],[-75.612162,6.291163],[-75.612406,6.290934],[-75.612743,6.290745],[-75.612936,6.290507],[-75.613198,6.290279],[-75.613257,6.290172],[-75.613274,6.290072],[-75.613232,6.289739],[-75.613237,6.289448],[-75.613314,6.289251],[-75.613667,6.288927],[-75.613932,6.288589],[-75.613972,6.288467],[-75.614085,6.288322],[-75.61435,6.288173],[-75.614381,6.288193],[-75.614718,6.288092],[-75.615068,6.287928],[-75.615087,6.287969],[-75.615151,6.287944],[-75.615645,6.287703],[-75.615671,6.287603],[-75.615443,6.286998],[-75.615459,6.286827],[-75.615553,6.286667],[-75.615776,6.286466],[-75.616014,6.286075],[-75.616167,6.285947],[-75.616773,6.285798],[-75.617222,6.285484],[-75.617777,6.285319],[-75.618122,6.285275],[-75.618342,6.28509],[-75.618488,6.285026],[-75.619219,6.285146],[-75.619578,6.285086],[-75.619803,6.285083],[-75.620291,6.285236],[-75.621094,6.285417],[-75.621392,6.285391],[-75.622021,6.285268],[-75.622117,6.285226],[-75.622156,6.285171],[-75.622358,6.284547],[-75.622566,6.284166],[-75.622682,6.284056],[-75.623232,6.283862],[-75.623542,6.283632],[-75.623691,6.283558],[-75.623856,6.283529],[-75.624367,6.283579],[-75.624498,6.283637],[-75.624553,6.28369],[-75.624529,6.283709],[-75.624824,6.28393],[-75.624933,6.283979],[-75.625034,6.283971],[-75.625087,6.283934],[-75.625108,6.283911],[-75.625037,6.283856],[-75.624923,6.283598],[-75.624987,6.283551],[-75.624988,6.283509],[-75.624898,6.283128],[-75.624927,6.28308],[-75.624892,6.282916],[-75.624929,6.282843],[-75.624882,6.282827],[-75.624862,6.282762],[-75.624904,6.282698],[-75.624875,6.28265],[-75.624939,6.282561],[-75.624951,6.282465],[-75.624801,6.282302],[-75.624846,6.282223],[-75.624835,6.282142],[-75.624735,6.282006],[-75.624615,6.281723],[-75.624501,6.28162],[-75.624486,6.281242],[-75.624203,6.280639],[-75.624199,6.280529],[-75.624152,6.280422],[-75.624242,6.279875],[-75.624471,6.279597],[-75.624468,6.279542],[-75.624538,6.279488],[-75.624443,6.279297],[-75.624343,6.279218],[-75.624265,6.279207],[-75.623964,6.279264],[-75.623871,6.279249],[-75.623622,6.278967],[-75.623506,6.278893],[-75.623349,6.278867],[-75.623216,6.278794],[-75.623176,6.27867],[-75.623254,6.278274],[-75.623209,6.278167],[-75.623159,6.278103],[-75.622789,6.277889],[-75.622442,6.277546],[-75.622309,6.277487],[-75.621916,6.277443],[-75.621553,6.277583],[-75.621404,6.277564],[-75.621128,6.277277],[-75.620797,6.277066],[-75.620641,6.276928],[-75.620329,6.276547],[-75.620114,6.276454],[-75.619489,6.276358],[-75.619293,6.276348],[-75.619158,6.276424],[-75.618961,6.276724],[-75.618904,6.276758],[-75.618245,6.276931],[-75.617996,6.276931],[-75.617604,6.276814],[-75.617364,6.276819],[-75.617264,6.276906],[-75.617206,6.277031],[-75.617199,6.27744],[-75.617148,6.277517],[-75.617048,6.277565],[-75.616424,6.277482],[-75.616211,6.277535],[-75.6156,6.277785],[-75.615379,6.277814],[-75.61506,6.277607],[-75.614887,6.277521],[-75.614758,6.277497],[-75.614508,6.277482],[-75.613866,6.277554],[-75.613276,6.277458],[-75.613015,6.277487],[-75.61289,6.277562],[-75.61202,6.277888],[-75.611812,6.277892],[-75.611537,6.277821],[-75.611443,6.277827],[-75.610762,6.278075],[-75.610075,6.278415],[-75.609896,6.278534],[-75.609378,6.278941],[-75.609277,6.279061],[-75.60907,6.279447],[-75.609154,6.279597],[-75.609253,6.279563],[-75.609292,6.279603],[-75.609413,6.27963],[-75.609513,6.279839],[-75.609509,6.279952],[-75.609632,6.280063],[-75.609662,6.280179],[-75.609943,6.280298],[-75.610191,6.280825],[-75.610342,6.281019],[-75.610309,6.281118],[-75.610513,6.281636],[-75.610512,6.281935],[-75.610688,6.282142],[-75.610713,6.282395],[-75.610772,6.282481],[-75.610537,6.282411],[-75.610319,6.282233],[-75.610051,6.282091],[-75.609602,6.281929],[-75.609572,6.282534],[-75.60904,6.282719],[-75.609,6.282841],[-75.609059,6.283052],[-75.609761,6.283914],[-75.609839,6.284086],[-75.609856,6.284075],[-75.609876,6.284173],[-75.609744,6.284343],[-75.609674,6.28452],[-75.609308,6.284448],[-75.609061,6.284469],[-75.60814,6.284874],[-75.6081,6.2848],[-75.607785,6.284498],[-75.607755,6.284527],[-75.607432,6.284146],[-75.607068,6.283519],[-75.606952,6.283262],[-75.606861,6.283162],[-75.606818,6.28314],[-75.60673,6.283164],[-75.606367,6.283527],[-75.606331,6.283532],[-75.60626,6.283514],[-75.605969,6.282986],[-75.605944,6.283016],[-75.605955,6.283168],[-75.606054,6.283651],[-75.605993,6.283796],[-75.605807,6.283961],[-75.605694,6.284149],[-75.60566,6.284363],[-75.605698,6.284876],[-75.605762,6.285074],[-75.605912,6.285286],[-75.606169,6.285459],[-75.606515,6.285516],[-75.606544,6.285695],[-75.606398,6.285857],[-75.606135,6.285672],[-75.605704,6.28574],[-75.605565,6.285648],[-75.605203,6.285827],[-75.605358,6.285932],[-75.603976,6.286387],[-75.603858,6.286068],[-75.603761,6.28592],[-75.603463,6.285521],[-75.603202,6.285255],[-75.603089,6.285188],[-75.602932,6.285202],[-75.602636,6.285101],[-75.602096,6.284615],[-75.601366,6.285286],[-75.601518,6.28558],[-75.601549,6.285732],[-75.601533,6.285882],[-75.601622,6.286249],[-75.601641,6.286501],[-75.601762,6.286533],[-75.601782,6.286807],[-75.601918,6.286949],[-75.601953,6.287366],[-75.602039,6.287563],[-75.60222,6.287667],[-75.602282,6.287867],[-75.602253,6.288072],[-75.602378,6.288104],[-75.602514,6.288235],[-75.602799,6.288345],[-75.602848,6.288699],[-75.603127,6.288681],[-75.603097,6.288789],[-75.603147,6.28909],[-75.603251,6.289192],[-75.603242,6.289356],[-75.603501,6.289459],[-75.603504,6.289612],[-75.603719,6.28973],[-75.603821,6.289867],[-75.603884,6.290102],[-75.603862,6.290241],[-75.604185,6.290518],[-75.60429,6.290537],[-75.604471,6.2907],[-75.604496,6.29077],[-75.604782,6.290786],[-75.604919,6.290697],[-75.605091,6.29085],[-75.605159,6.290958],[-75.605213,6.290979],[-75.605339,6.291589],[-75.605468,6.291652],[-75.605496,6.291759],[-75.605426,6.291843],[-75.605514,6.291916],[-75.605537,6.292071],[-75.605618,6.292126],[-75.605719,6.292394],[-75.605693,6.292507],[-75.605879,6.292682],[-75.605909,6.292771],[-75.605873,6.292838],[-75.60598,6.292876],[-75.605997,6.292986],[-75.605833,6.293348],[-75.605855,6.293434],[-75.605552,6.293616],[-75.605503,6.293766],[-75.6054,6.293883],[-75.605611,6.294194],[-75.605582,6.294298],[-75.605636,6.294452]]]},"properties":{"CODIGO":"6098","COMUNA":"60","BARRIO":"98","NOMBRE_BARRIO":"Área de Expansión Pajarito","SECTOR":7,"INDICADOR_UR":null,"NOMBRE_COMUNA":"SAN CRISTOBAL","MUNICIPIO":"001"}},{"type":"Feature","id":10,"geometry":{"type":"Polygon","coordinates":[[[-75.564654,6.243638],[-75.564231,6.244448],[-75.565228,6.244961],[-75.565592,6.245296],[-75.56683,6.246182],[-75.566365,6.246787],[-75.56675,6.246992],[-75.567681,6.247576],[-75.569117,6.245445],[-75.56957,6.244852],[-75.56987,6.244333],[-75.570114,6.243683],[-75.572457,6.238129],[-75.57096,6.237509],[-75.570342,6.237148],[-75.570373,6.237609],[-75.570067,6.237616],[-75.569897,6.238088],[-75.567625,6.243565],[-75.565138,6.24268],[-75.564654,6.243638]]]},"properties":{"CODIGO":"1013","COMUNA":"10","BARRIO":"13","NOMBRE_BARRIO":"Barrio Colón","SECTOR":3,"INDICADOR_UR":"U","NOMBRE_COMUNA":"LA CANDELARIA","MUNICIPIO":"001"}},{"type":"Feature","id":11,"geometry":{"type":"Polygon","coordinates":[[[-75.572603,6.275827],[-75.57287,6.275961],[-75.572911,6.275754],[-75.573116,6.275644],[-75.573647,6.275453],[-75.573707,6.275338],[-75.574929,6.272586],[-75.576848,6.267912],[-75.577211,6.26631],[-75.576875,6.266629],[-75.576717,6.266665],[-75.576528,6.266586],[-75.575952,6.266043],[-75.575348,6.265713],[-75.574883,6.265607],[-75.573114,6.265335],[-75.572127,6.265094],[-75.570052,6.274134],[-75.570314,6.274161],[-75.570384,6.274115],[-75.570757,6.274174],[-75.57077,6.274232],[-75.572751,6.274677],[-75.572478,6.275815],[-75.572603,6.275827]]]},"properties":{"CODIGO":"0517","COMUNA":"05","BARRIO":"17","NOMBRE_BARRIO":"Caribe","SECTOR":2,"INDICADOR_UR":"U","NOMBRE_COMUNA":"CASTILLA","MUNICIPIO":"001"}},{"type":"Feature","id":12,"geometry":{"type":"Polygon","coordinates":[[[-75.543011,6.301717],[-75.543402,6.301967],[-75.543628,6.302222],[-75.543573,6.3023],[-75.543583,6.302518],[-75.54369,6.302753],[-75.543806,6.302812],[-75.543976,6.302731],[-75.544037,6.302615],[-75.544018,6.302422],[-75.543868,6.302043],[-75.544463,6.301474],[-75.54463,6.301391],[-75.545185,6.301289],[-75.545341,6.301384],[-75.54559,6.30135],[-75.545665,6.30061],[-75.545831,6.299948],[-75.54594,6.29977],[-75.546189,6.299586],[-75.546279,6.29947],[-75.546483,6.298568],[-75.54655,6.298417],[-75.546895,6.298012],[-75.546967,6.297865],[-75.546898,6.297221],[-75.547018,6.296492],[-75.547077,6.296405],[-75.547653,6.29596],[-75.547814,6.295694],[-75.547861,6.2954],[-75.547842,6.294839],[-75.54797,6.294531],[-75.547927,6.294534],[-75.547748,6.294394],[-75.547152,6.294216],[-75.546887,6.294243],[-75.546771,6.294321],[-75.546639,6.294288],[-75.546526,6.294326],[-75.546236,6.294295],[-75.546193,6.294323],[-75.546122,6.294474],[-75.546157,6.294545],[-75.545935,6.294666],[-75.545814,6.294329],[-75.545852,6.29407],[-75.545665,6.294024],[-75.545434,6.293907],[-75.54514,6.293874],[-75.545044,6.293885],[-75.545039,6.293937],[-75.544798,6.294023],[-75.544814,6.293896],[-75.544939,6.293597],[-75.545016,6.292953],[-75.544147,6.293118],[-75.544073,6.292988],[-75.543985,6.29267],[-75.543464,6.292876],[-75.543422,6.292602],[-75.543358,6.292632],[-75.543218,6.292435],[-75.543068,6.292517],[-75.542293,6.292399],[-75.542357,6.292273],[-75.541777,6.292547],[-75.541615,6.292699],[-75.541543,6.292856],[-75.541463,6.293099],[-75.541426,6.293409],[-75.541504,6.293997],[-75.541496,6.294226],[-75.541426,6.294429],[-75.541068,6.295098],[-75.540557,6.295564],[-75.540422,6.295724],[-75.540425,6.296223],[-75.540517,6.296619],[-75.540382,6.296923],[-75.540988,6.298424],[-75.541464,6.299257],[-75.542022,6.299087],[-75.542358,6.299874],[-75.542496,6.300238],[-75.54258,6.300644],[-75.542498,6.300833],[-75.542232,6.301197],[-75.54223,6.301299],[-75.542391,6.301409],[-75.542613,6.301837],[-75.542724,6.301858],[-75.542935,6.301717],[-75.543011,6.301717]]]},"properties":{"CODIGO":"0101","COMUNA":"01","BARRIO":"01","NOMBRE_BARRIO":"Santo Domingo Savio No. 1","SECTOR":1,"INDICADOR_UR":"U","NOMBRE_COMUNA":"POPULAR","MUNICIPIO":"001"}},{"type":"Feature","id":13,"geometry":{"type":"Polygon","coordinates":[[[-75.586843,6.28084],[-75.586952,6.280947],[-75.586906,6.281084],[-75.586884,6.281398],[-75.586929,6.281505],[-75.587098,6.281679],[-75.587188,6.281864],[-75.587186,6.281941],[-75.587077,6.282071],[-75.587076,6.282164],[-75.587348,6.282366],[-75.587454,6.282615],[-75.58752,6.282672],[-75.587635,6.282709],[-75.587985,6.283169],[-75.588065,6.283209],[-75.588321,6.283477],[-75.588358,6.283778],[-75.588431,6.283893],[-75.588572,6.283977],[-75.589045,6.283955],[-75.5891,6.28398],[-75.589221,6.284082],[-75.589342,6.284446],[-75.589661,6.284756],[-75.589938,6.284872],[-75.590195,6.284883],[-75.590421,6.284978],[-75.590503,6.285033],[-75.590562,6.285123],[-75.590556,6.285252],[-75.590396,6.285425],[-75.590429,6.285659],[-75.590329,6.28614],[-75.590384,6.286207],[-75.590541,6.286019],[-75.591017,6.285246],[-75.591269,6.284533],[-75.591388,6.284053],[-75.591587,6.28352],[-75.59177,6.283047],[-75.592013,6.282665],[-75.591761,6.282576],[-75.591586,6.282338],[-75.591454,6.282261],[-75.591342,6.282085],[-75.59052,6.281141],[-75.590086,6.280731],[-75.590021,6.280708],[-75.589716,6.280791],[-75.5891,6.280821],[-75.588991,6.28086],[-75.588827,6.280712],[-75.588214,6.280643],[-75.58791,6.280484],[-75.587321,6.279823],[-75.586843,6.28084]]]},"properties":{"CODIGO":"0714","COMUNA":"07","BARRIO":"14","NOMBRE_BARRIO":"Bello Horizonte","SECTOR":2,"INDICADOR_UR":"U","NOMBRE_COMUNA":"ROBLEDO","MUNICIPIO":"001"}},{"type":"Feature","id":14,"geometry":{"type":"Polygon","coordinates":[[[-75.554749,6.269264],[-75.558613,6.269933],[-75.559735,6.263473],[-75.558157,6.263179],[-75.557655,6.263118],[-75.558257,6.262287],[-75.558006,6.262343],[-75.557207,6.26222],[-75.55702,6.262101],[-75.556274,6.261399],[-75.556098,6.26139],[-75.555925,6.26147],[-75.555662,6.262003],[-75.554936,6.268182],[-75.554749,6.269264]]]},"properties":{"CODIGO":"0409","COMUNA":"04","BARRIO":"09","NOMBRE_BARRIO":"Manrique Central No. 1","SECTOR":1,"INDICADOR_UR":"U","NOMBRE_COMUNA":"ARANJUEZ","MUNICIPIO":"001"}},{"type":"Feature","id":15,"geometry":{"type":"Polygon","coordinates":[[[-75.600265,6.225638],[-75.601815,6.227137],[-75.602267,6.227043],[-75.602424,6.226971],[-75.602571,6.22685],[-75.603303,6.22564],[-75.603485,6.225486],[-75.604668,6.224831],[-75.604811,6.224677],[-75.605059,6.224208],[-75.605246,6.224087],[-75.605367,6.224076],[-75.605923,6.224175],[-75.605931,6.225257],[-75.606172,6.225259],[-75.606514,6.225355],[-75.606606,6.22535],[-75.607327,6.225038],[-75.608021,6.224568],[-75.608182,6.224334],[-75.608277,6.224261],[-75.608706,6.224125],[-75.608673,6.22145],[-75.608593,6.220352],[-75.607692,6.220366],[-75.607466,6.220253],[-75.607243,6.220079],[-75.6061,6.219935],[-75.605719,6.220748],[-75.605453,6.221145],[-75.60527,6.221138],[-75.604461,6.220733],[-75.603765,6.220537],[-75.603033,6.220502],[-75.601972,6.220569],[-75.601464,6.220502],[-75.601042,6.220645],[-75.6008,6.220933],[-75.600569,6.22112],[-75.600266,6.221297],[-75.599588,6.221682],[-75.599399,6.221698],[-75.599402,6.221806],[-75.599265,6.221888],[-75.598729,6.222336],[-75.598105,6.222333],[-75.59787,6.222376],[-75.597219,6.224846],[-75.59801,6.225],[-75.599427,6.225492],[-75.599899,6.225534],[-75.599928,6.225336],[-75.600265,6.225638]]]},"properties":{"CODIGO":"1612","COMUNA":"16","BARRIO":"12","NOMBRE_BARRIO":"La Gloria","SECTOR":6,"INDICADOR_UR":"U","NOMBRE_COMUNA":"BELEN","MUNICIPIO":"001"}},{"type":"Feature","id":16,"geometry":{"type":"Polygon","coordinates":[[[-75.546667,6.291066],[-75.54698,6.291031],[-75.547964,6.291146],[-75.547851,6.291496],[-75.547549,6.291882],[-75.547562,6.292052],[-75.547689,6.292153],[-75.548236,6.29215],[-75.548285,6.292214],[-75.548706,6.292386],[-75.549595,6.292374],[-75.550155,6.292416],[-75.550726,6.292411],[-75.550353,6.291934],[-75.551325,6.291863],[-75.552342,6.292121],[-75.552541,6.291468],[-75.553187,6.291673],[-75.553762,6.290024],[-75.553678,6.2901],[-75.5536,6.2901],[-75.553555,6.290078],[-75.553461,6.289896],[-75.55339,6.289886],[-75.553303,6.289936],[-75.553328,6.289348],[-75.552877,6.28943],[-75.552543,6.289412],[-75.552514,6.289405],[-75.552523,6.289276],[-75.551543,6.288977],[-75.551607,6.288361],[-75.549045,6.288016],[-75.548247,6.287835],[-75.547501,6.287721],[-75.547413,6.287725],[-75.547366,6.287777],[-75.546623,6.28771],[-75.546562,6.288238],[-75.546335,6.289012],[-75.546057,6.290181],[-75.546109,6.290198],[-75.546132,6.290578],[-75.546173,6.29063],[-75.54664,6.290322],[-75.546613,6.290796],[-75.546667,6.291066]]]},"properties":{"CODIGO":"0105","COMUNA":"01","BARRIO":"05","NOMBRE_BARRIO":"Moscú No. 2","SECTOR":1,"INDICADOR_UR":"U","NOMBRE_COMUNA":"POPULAR","MUNICIPIO":"001"}},{"type":"Feature","id":17,"geometry":{"type":"Polygon","coordinates":[[[-75.55643,6.306843],[-75.557142,6.30695],[-75.557167,6.306688],[-75.557177,6.306287],[-75.55709,6.305595],[-75.556972,6.305051],[-75.556876,6.304395],[-75.55687,6.304093],[-75.556936,6.303568],[-75.556797,6.30349],[-75.55668,6.303352],[-75.556615,6.303322],[-75.556546,6.303305],[-75.556342,6.303335],[-75.556072,6.30318],[-75.556132,6.303468],[-75.556085,6.303562],[-75.555164,6.302943],[-75.554486,6.303864],[-75.554386,6.304175],[-75.5545,6.304212],[-75.554382,6.304607],[-75.553264,6.30431],[-75.553183,6.304742],[-75.553117,6.304742],[-75.552911,6.304539],[-75.552621,6.304341],[-75.552519,6.304304],[-75.552301,6.304696],[-75.552014,6.305121],[-75.551803,6.305373],[-75.551658,6.305487],[-75.552783,6.306117],[-75.555532,6.306865],[-75.555578,6.306684],[-75.55643,6.306843]]]},"properties":{"CODIGO":"0204","COMUNA":"02","BARRIO":"04","NOMBRE_BARRIO":"La Frontera","SECTOR":1,"INDICADOR_UR":"U","NOMBRE_COMUNA":"SANTA CRUZ","MUNICIPIO":"001"}},{"type":"Feature","id":18,"geometry":{"type":"Polygon","coordinates":[[[-75.566389,6.264278],[-75.567473,6.264444],[-75.567729,6.26341],[-75.569969,6.259188],[-75.570103,6.258991],[-75.570443,6.25862],[-75.570531,6.258219],[-75.57066,6.257972],[-75.570935,6.257688],[-75.56602,6.256811],[-75.565824,6.257398],[-75.565821,6.25767],[-75.564936,6.259679],[-75.564254,6.261422],[-75.566803,6.261866],[-75.566389,6.264278]]]},"properties":{"CODIGO":"1003","COMUNA":"10","BARRIO":"03","NOMBRE_BARRIO":"Jesús Nazareno","SECTOR":3,"INDICADOR_UR":"U","NOMBRE_COMUNA":"LA CANDELARIA","MUNICIPIO":"001"}},{"type":"Feature","id":19,"geometry":{"type":"Polygon","coordinates":[[[-75.550831,6.296599],[-75.550893,6.296561],[-75.550991,6.296564],[-75.55118,6.296655],[-75.551311,6.296626],[-75.552003,6.295596],[-75.552184,6.295405],[-75.552463,6.29545],[-75.552701,6.295422],[-75.552139,6.296419],[-75.552585,6.296693],[-75.553087,6.295838],[-75.553077,6.295762],[-75.553172,6.295648],[-75.55322,6.295667],[-75.553332,6.295745],[-75.553411,6.295865],[-75.553625,6.295985],[-75.55362,6.296048],[-75.553742,6.296184],[-75.553909,6.296507],[-75.554046,6.296533],[-75.55427,6.296686],[-75.554366,6.296708],[-75.554308,6.296806],[-75.554354,6.296864],[-75.553947,6.297512],[-75.554392,6.297777],[-75.555422,6.296092],[-75.555539,6.296176],[-75.555647,6.296194],[-75.555732,6.296165],[-75.555814,6.296072],[-75.555948,6.295667],[-75.556108,6.294915],[-75.556268,6.294759],[-75.556387,6.294723],[-75.556384,6.294439],[-75.556339,6.294305],[-75.556376,6.294203],[-75.556134,6.293935],[-75.555885,6.293742],[-75.555842,6.293561],[-75.555752,6.293565],[-75.555682,6.2935],[-75.555587,6.293475],[-75.555365,6.293301],[-75.555262,6.293472],[-75.554463,6.293347],[-75.554338,6.293436],[-75.554112,6.293432],[-75.553949,6.293488],[-75.553837,6.293577],[-75.553775,6.293672],[-75.553129,6.29348],[-75.552987,6.293614],[-75.553018,6.293708],[-75.552923,6.293734],[-75.5529,6.293852],[-75.552763,6.293803],[-75.55276,6.293753],[-75.552671,6.293668],[-75.55273,6.293518],[-75.552625,6.293462],[-75.552674,6.293232],[-75.55275,6.293206],[-75.552772,6.293147],[-75.552697,6.293118],[-75.552759,6.292967],[-75.550931,6.292424],[-75.550199,6.292415],[-75.550227,6.292584],[-75.5501,6.292521],[-75.549898,6.292805],[-75.549833,6.292777],[-75.549814,6.292825],[-75.549849,6.292844],[-75.54968,6.293144],[-75.549154,6.294524],[-75.549335,6.294445],[-75.549354,6.294469],[-75.54911,6.294635],[-75.548961,6.294885],[-75.548918,6.295129],[-75.54914,6.295642],[-75.549201,6.295695],[-75.549392,6.295746],[-75.549606,6.295753],[-75.549866,6.295854],[-75.549917,6.295808],[-75.550248,6.295934],[-75.550298,6.295895],[-75.5505,6.296025],[-75.550513,6.296081],[-75.550621,6.296173],[-75.550633,6.296244],[-75.550831,6.296599]]]},"properties":{"CODIGO":"0207","COMUNA":"02","BARRIO":"07","NOMBRE_BARRIO":"Villa del Socorro","SECTOR":1,"INDICADOR_UR":"U","NOMBRE_COMUNA":"SANTA CRUZ","MUNICIPIO":"001"}},{"type":"Feature","id":20,"geometry":{"type":"Polygon","coordinates":[[[-75.539919,6.242914],[-75.540212,6.24298],[-75.540202,6.242817],[-75.54011,6.242614],[-75.540096,6.242434],[-75.540202,6.242218],[-75.540175,6.241993],[-75.540102,6.241931],[-75.540088,6.241787],[-75.539991,6.241636],[-75.539972,6.241529],[-75.539893,6.241426],[-75.539954,6.24125],[-75.539925,6.240865],[-75.539735,6.24065],[-75.53967,6.240529],[-75.539628,6.24024],[-75.539681,6.240056],[-75.539671,6.239717],[-75.539909,6.239737],[-75.539688,6.239333],[-75.539691,6.239269],[-75.53981,6.238919],[-75.539879,6.238935],[-75.53994,6.238824],[-75.540198,6.238162],[-75.540519,6.238213],[-75.540554,6.238177],[-75.54074,6.238117],[-75.540964,6.238104],[-75.541819,6.238628],[-75.541933,6.238935],[-75.542072,6.239133],[-75.542635,6.238763],[-75.54287,6.238666],[-75.542945,6.238717],[-75.543127,6.238742],[-75.543301,6.238649],[-75.543566,6.238706],[-75.543679,6.238693],[-75.543875,6.23879],[-75.544055,6.23896],[-75.544169,6.238947],[-75.54423,6.238848],[-75.544463,6.238734],[-75.544719,6.239244],[-75.544921,6.2393],[-75.54501,6.239157],[-75.545021,6.238938],[-75.544986,6.238739],[-75.544907,6.238556],[-75.544689,6.238337],[-75.544575,6.238151],[-75.544515,6.237842],[-75.544469,6.237757],[-75.544157,6.237349],[-75.544117,6.237332],[-75.544065,6.237223],[-75.543958,6.237173],[-75.543566,6.237131],[-75.542935,6.236905],[-75.542792,6.23682],[-75.542434,6.236711],[-75.542402,6.23666],[-75.542161,6.236501],[-75.541962,6.236211],[-75.541653,6.235888],[-75.541475,6.235557],[-75.541343,6.235172],[-75.541116,6.234911],[-75.540966,6.234811],[-75.540574,6.234806],[-75.540445,6.234703],[-75.540007,6.234169],[-75.539805,6.233651],[-75.539389,6.233125],[-75.539336,6.23293],[-75.539051,6.232387],[-75.538951,6.232304],[-75.538855,6.232292],[-75.53831,6.232627],[-75.537841,6.233128],[-75.537351,6.233285],[-75.537035,6.233602],[-75.536911,6.233681],[-75.536802,6.233815],[-75.536917,6.233853],[-75.536901,6.234008],[-75.536948,6.23422],[-75.536931,6.234411],[-75.536879,6.234546],[-75.536705,6.234611],[-75.536576,6.234741],[-75.536423,6.234806],[-75.536412,6.23497],[-75.536225,6.235362],[-75.535859,6.235739],[-75.535537,6.23594],[-75.535337,6.236314],[-75.535401,6.236567],[-75.535346,6.236592],[-75.535158,6.23655],[-75.535083,6.236506],[-75.535067,6.236449],[-75.535044,6.236499],[-75.534933,6.23647],[-75.534922,6.23651],[-75.535018,6.236754],[-75.535009,6.236793],[-75.535197,6.236995],[-75.535324,6.236922],[-75.535366,6.236819],[-75.535467,6.236798],[-75.535476,6.236832],[-75.535683,6.236674],[-75.535672,6.236639],[-75.535815,6.236454],[-75.535756,6.236413],[-75.535863,6.236278],[-75.535955,6.236267],[-75.536088,6.236161],[-75.536227,6.236214],[-75.53625,6.236263],[-75.53619,6.236319],[-75.536239,6.236391],[-75.536368,6.236456],[-75.5364,6.236426],[-75.536822,6.236562],[-75.537191,6.236513],[-75.537277,6.236684],[-75.53743,6.236611],[-75.537739,6.23673],[-75.53772,6.236798],[-75.537841,6.236848],[-75.537934,6.237026],[-75.53771,6.237174],[-75.537615,6.237289],[-75.537738,6.237505],[-75.537724,6.237539],[-75.537846,6.237612],[-75.53798,6.237644],[-75.538116,6.237783],[-75.538226,6.237833],[-75.538266,6.237946],[-75.538421,6.238053],[-75.538469,6.238055],[-75.538549,6.238196],[-75.538631,6.238199],[-75.538713,6.238358],[-75.538741,6.238626],[-75.538723,6.238707],[-75.538689,6.238701],[-75.538492,6.239087],[-75.53837,6.23925],[-75.538377,6.239295],[-75.538492,6.239367],[-75.538471,6.239382],[-75.538492,6.23943],[-75.538561,6.239457],[-75.538588,6.239542],[-75.538562,6.239599],[-75.53851,6.23957],[-75.538434,6.239632],[-75.538399,6.239705],[-75.538423,6.239723],[-75.538363,6.239774],[-75.538385,6.239795],[-75.538325,6.23996],[-75.538418,6.23999],[-75.538285,6.240352],[-75.538369,6.240424],[-75.538468,6.240675],[-75.538538,6.240751],[-75.538869,6.240867],[-75.539111,6.241025],[-75.538812,6.241843],[-75.538839,6.241899],[-75.538637,6.242133],[-75.539296,6.242724],[-75.539911,6.242965],[-75.539919,6.242914]]]},"properties":{"CODIGO":"0813","COMUNA":"08","BARRIO":"13","NOMBRE_BARRIO":"Villatina","SECTOR":3,"INDICADOR_UR":"U","NOMBRE_COMUNA":"VILLA HERMOSA","MUNICIPIO":"001"}},{"type":"Feature","id":21,"geometry":{"type":"Polygon","coordinates":[[[-75.55905,6.294651],[-75.559218,6.294805],[-75.559463,6.295205],[-75.559487,6.295316],[-75.559767,6.295546],[-75.559863,6.295648],[-75.55984,6.295687],[-75.559948,6.29578],[-75.560079,6.29558],[-75.560571,6.295183],[-75.560735,6.295143],[-75.56092,6.295034],[-75.56102,6.29494],[-75.56107,6.294834],[-75.561218,6.29474],[-75.561262,6.29466],[-75.561355,6.294635],[-75.561417,6.294664],[-75.561463,6.294958],[-75.56248,6.294041],[-75.562962,6.293277],[-75.563303,6.292242],[-75.563439,6.291723],[-75.563315,6.291697],[-75.563361,6.291504],[-75.563223,6.291343],[-75.56307,6.291284],[-75.562977,6.291325],[-75.562863,6.291501],[-75.562779,6.29154],[-75.562638,6.29146],[-75.562566,6.291459],[-75.562516,6.291338],[-75.562342,6.291155],[-75.562284,6.291262],[-75.561912,6.292468],[-75.560767,6.292133],[-75.558417,6.291608],[-75.556345,6.290995],[-75.556187,6.290919],[-75.555835,6.29215],[-75.555503,6.293057],[-75.555365,6.293301],[-75.555587,6.293475],[-75.555682,6.2935],[-75.555752,6.293565],[-75.555842,6.293561],[-75.555885,6.293742],[-75.556134,6.293935],[-75.556376,6.294203],[-75.556533,6.293899],[-75.558167,6.294553],[-75.558651,6.294441],[-75.55905,6.294651]]]},"properties":{"CODIGO":"0210","COMUNA":"02","BARRIO":"10","NOMBRE_BARRIO":"Santa Cruz","SECTOR":1,"INDICADOR_UR":"U","NOMBRE_COMUNA":"SANTA CRUZ","MUNICIPIO":"001"}},{"type":"Feature","id":22,"geometry":{"type":"Polygon","coordinates":[[[-75.578572,6.276129],[-75.578161,6.276716],[-75.578711,6.277214],[-75.57724,6.278867],[-75.578494,6.279897],[-75.579322,6.28048],[-75.58415,6.284494],[-75.583985,6.283343],[-75.584003,6.283137],[-75.584098,6.282901],[-75.584244,6.282754],[-75.584517,6.282594],[-75.585554,6.282118],[-75.585809,6.281837],[-75.585126,6.281534],[-75.584811,6.281337],[-75.584703,6.281225],[-75.584582,6.281021],[-75.583881,6.279633],[-75.582497,6.278265],[-75.581266,6.277149],[-75.580413,6.276299],[-75.580227,6.276152],[-75.579942,6.276033],[-75.57962,6.275985],[-75.578735,6.275933],[-75.578572,6.276129]]]},"properties":{"CODIGO":"0708","COMUNA":"07","BARRIO":"08","NOMBRE_BARRIO":"Altamira","SECTOR":2,"INDICADOR_UR":"U","NOMBRE_COMUNA":"ROBLEDO","MUNICIPIO":"001"}},{"type":"Feature","id":23,"geometry":{"type":"Polygon","coordinates":[[[-75.590351,6.23967],[-75.593748,6.243433],[-75.593437,6.244203],[-75.593179,6.244646],[-75.592807,6.245119],[-75.592279,6.245608],[-75.592281,6.245976],[-75.592485,6.247451],[-75.597129,6.248033],[-75.597428,6.248049],[-75.597645,6.248001],[-75.597934,6.247825],[-75.598636,6.247117],[-75.598967,6.246668],[-75.59909,6.246432],[-75.599268,6.245896],[-75.59957,6.243381],[-75.599603,6.242845],[-75.599587,6.242669],[-75.598429,6.242596],[-75.598339,6.238896],[-75.590202,6.239196],[-75.590122,6.239089],[-75.590001,6.239032],[-75.58986,6.23904],[-75.589752,6.239107],[-75.589698,6.239185],[-75.589673,6.239308],[-75.589696,6.239412],[-75.589758,6.239501],[-75.589849,6.239559],[-75.58995,6.239578],[-75.590052,6.239558],[-75.59015,6.239488],[-75.590351,6.23967]]]},"properties":{"CODIGO":"1108","COMUNA":"11","BARRIO":"08","NOMBRE_BARRIO":"Laureles","SECTOR":4,"INDICADOR_UR":"U","NOMBRE_COMUNA":"LAURELES","MUNICIPIO":"001"}},{"type":"Feature","id":24,"geometry":{"type":"Polygon","coordinates":[[[-75.622395,6.251062],[-75.622761,6.251662],[-75.623562,6.251367],[-75.62455,6.250844],[-75.624632,6.25091],[-75.624605,6.250945],[-75.624987,6.251299],[-75.625374,6.251214],[-75.625504,6.251245],[-75.625626,6.251154],[-75.625618,6.251119],[-75.625856,6.251108],[-75.625853,6.251],[-75.625967,6.250942],[-75.626035,6.250627],[-75.626108,6.250627],[-75.626139,6.250503],[-75.626061,6.25028],[-75.626285,6.25016],[-75.626318,6.250092],[-75.62639,6.250087],[-75.626545,6.249984],[-75.626517,6.249892],[-75.626382,6.249914],[-75.626326,6.249835],[-75.626541,6.249523],[-75.626598,6.249173],[-75.62663,6.249163],[-75.626647,6.248384],[-75.626547,6.248215],[-75.626588,6.248202],[-75.626654,6.248083],[-75.626341,6.247939],[-75.626145,6.247746],[-75.625581,6.247776],[-75.62543,6.247758],[-75.625125,6.247585],[-75.624896,6.247403],[-75.62467,6.247331],[-75.62465,6.247365],[-75.624385,6.247272],[-75.624025,6.247306],[-75.624153,6.247421],[-75.624121,6.247467],[-75.623949,6.247443],[-75.623915,6.247388],[-75.623811,6.247377],[-75.62369,6.247419],[-75.623318,6.247386],[-75.622947,6.247433],[-75.622647,6.247425],[-75.622349,6.247336],[-75.622108,6.247328],[-75.621834,6.247266],[-75.62158,6.247086],[-75.621012,6.247605],[-75.620365,6.248125],[-75.620403,6.2484],[-75.6204,6.248676],[-75.620571,6.248885],[-75.620433,6.249034],[-75.620627,6.249515],[-75.620907,6.249452],[-75.620914,6.249483],[-75.621053,6.249481],[-75.6211,6.249595],[-75.621184,6.249601],[-75.621211,6.249507],[-75.621394,6.249538],[-75.621342,6.249818],[-75.621347,6.250068],[-75.621413,6.250291],[-75.621821,6.250197],[-75.622274,6.250897],[-75.622147,6.25094],[-75.622112,6.250979],[-75.622113,6.251048],[-75.622395,6.251062]]]},"properties":{"CODIGO":"1314","COMUNA":"13","BARRIO":"14","NOMBRE_BARRIO":"Las Independencias","SECTOR":4,"INDICADOR_UR":"U","NOMBRE_COMUNA":"SAN JAVIER","MUNICIPIO":"001"}},{"type":"Feature","id":25,"geometry":{"type":"Polygon","coordinates":[[[-75.537407,6.274861],[-75.537596,6.274858],[-75.537905,6.274737],[-75.537984,6.274734],[-75.53883,6.274196],[-75.539525,6.273925],[-75.539953,6.273963],[-75.540165,6.273893],[-75.540351,6.27377],[-75.540575,6.273465],[-75.540787,6.273318],[-75.540885,6.273073],[-75.541002,6.272899],[-75.541291,6.272659],[-75.541815,6.27238],[-75.542092,6.272352],[-75.542234,6.272296],[-75.542621,6.272365],[-75.542796,6.272297],[-75.542902,6.272169],[-75.542875,6.271853],[-75.542976,6.271536],[-75.542988,6.271384],[-75.542584,6.271443],[-75.542543,6.271314],[-75.542576,6.271296],[-75.542593,6.271131],[-75.542579,6.270916],[-75.542539,6.270746],[-75.54235,6.270305],[-75.542385,6.269976],[-75.542523,6.269675],[-75.542607,6.268956],[-75.542566,6.268882],[-75.542568,6.268741],[-75.542507,6.268477],[-75.54242,6.268274],[-75.542449,6.268243],[-75.542464,6.268085],[-75.5427,6.268003],[-75.542565,6.267758],[-75.542468,6.267823],[-75.542191,6.267857],[-75.542079,6.267961],[-75.541628,6.267939],[-75.541149,6.267963],[-75.541062,6.267949],[-75.54095,6.267831],[-75.540653,6.267759],[-75.540553,6.267652],[-75.539955,6.267748],[-75.539666,6.267759],[-75.539483,6.267726],[-75.53922,6.267617],[-75.539002,6.267645],[-75.538865,6.267562],[-75.538754,6.267543],[-75.538523,6.267541],[-75.538332,6.267611],[-75.537983,6.267604],[-75.537915,6.267573],[-75.537707,6.267591],[-75.537632,6.267512],[-75.537384,6.267585],[-75.537244,6.267506],[-75.537014,6.267284],[-75.536764,6.267234],[-75.536599,6.267293],[-75.536514,6.267619],[-75.536504,6.267815],[-75.535736,6.267876],[-75.535714,6.267677],[-75.535511,6.26729],[-75.535268,6.267391],[-75.534961,6.267572],[-75.53465,6.267676],[-75.534275,6.267729],[-75.534064,6.267801],[-75.53388,6.268077],[-75.534112,6.268201],[-75.534209,6.26856],[-75.534311,6.268751],[-75.534335,6.269102],[-75.53437,6.269154],[-75.534351,6.26934],[-75.534304,6.269425],[-75.534381,6.269785],[-75.534409,6.270219],[-75.534533,6.270186],[-75.534827,6.270384],[-75.5351,6.270663],[-75.535179,6.270661],[-75.535413,6.270781],[-75.535436,6.270738],[-75.535497,6.270771],[-75.535494,6.27066],[-75.535657,6.27066],[-75.535713,6.270906],[-75.535863,6.271131],[-75.535977,6.27127],[-75.536128,6.271387],[-75.536384,6.271795],[-75.536979,6.272358],[-75.537019,6.27245],[-75.536966,6.27248],[-75.536943,6.272751],[-75.536829,6.272997],[-75.536762,6.272965],[-75.536685,6.27321],[-75.536796,6.273229],[-75.536767,6.273327],[-75.536371,6.273303],[-75.536354,6.273561],[-75.536286,6.27389],[-75.537274,6.274042],[-75.537337,6.274858],[-75.537407,6.274861]]]},"properties":{"CODIGO":"0311","COMUNA":"03","BARRIO":"11","NOMBRE_BARRIO":"La Cruz","SECTOR":1,"INDICADOR_UR":"U","NOMBRE_COMUNA":"MANRIQUE","MUNICIPIO":"001"}},{"type":"Feature","id":26,"geometry":{"type":"Polygon","coordinates":[[[-75.557449,6.305751],[-75.557598,6.306896],[-75.557729,6.306902],[-75.557553,6.305508],[-75.557872,6.305461],[-75.557783,6.304492],[-75.557878,6.304543],[-75.557847,6.30412],[-75.557767,6.304343],[-75.557761,6.304149],[-75.557833,6.303584],[-75.557924,6.30363],[-75.558209,6.303658],[-75.558359,6.303848],[-75.558529,6.303815],[-75.558717,6.303939],[-75.559063,6.303877],[-75.559567,6.303897],[-75.559547,6.303528],[-75.559646,6.302544],[-75.559887,6.301834],[-75.560401,6.300652],[-75.560456,6.300409],[-75.560583,6.299227],[-75.560546,6.299248],[-75.5605,6.2994],[-75.560548,6.299127],[-75.560599,6.299045],[-75.560647,6.298726],[-75.560691,6.298747],[-75.560828,6.29804],[-75.561057,6.297141],[-75.561218,6.296676],[-75.561367,6.296437],[-75.562219,6.295484],[-75.56203,6.295297],[-75.561872,6.295342],[-75.561814,6.295328],[-75.561805,6.295276],[-75.561753,6.295271],[-75.561743,6.295213],[-75.561573,6.295101],[-75.561446,6.294923],[-75.561417,6.294664],[-75.561392,6.294641],[-75.561246,6.294671],[-75.561218,6.29474],[-75.56107,6.294834],[-75.56102,6.29494],[-75.560825,6.295102],[-75.560555,6.295195],[-75.560079,6.29558],[-75.55997,6.295725],[-75.559814,6.296078],[-75.559657,6.297428],[-75.559448,6.297556],[-75.558938,6.298436],[-75.558814,6.298535],[-75.558533,6.299],[-75.558186,6.299881],[-75.558111,6.300303],[-75.557968,6.300597],[-75.557777,6.301157],[-75.557452,6.30186],[-75.557117,6.302763],[-75.556956,6.303437],[-75.557116,6.303459],[-75.557011,6.304081],[-75.557018,6.304581],[-75.557071,6.304954],[-75.557198,6.3054],[-75.557208,6.305567],[-75.557421,6.305531],[-75.557449,6.305751]]]},"properties":{"CODIGO":"0507","COMUNA":"05","BARRIO":"07","NOMBRE_BARRIO":"Héctor Abad Gómez","SECTOR":2,"INDICADOR_UR":"U","NOMBRE_COMUNA":"CASTILLA","MUNICIPIO":"001"}},{"type":"Feature","id":27,"geometry":{"type":"Polygon","coordinates":[[[-75.613732,6.270167],[-75.613773,6.270174],[-75.61378,6.270236],[-75.613753,6.270455],[-75.613771,6.270915],[-75.61403,6.270978],[-75.614185,6.271059],[-75.614925,6.271086],[-75.615095,6.271166],[-75.615245,6.271159],[-75.615708,6.271028],[-75.615942,6.270857],[-75.616075,6.270801],[-75.616472,6.270771],[-75.616682,6.270718],[-75.617013,6.270571],[-75.616672,6.270309],[-75.616392,6.269854],[-75.616287,6.269561],[-75.616352,6.26944],[-75.616548,6.269325],[-75.616653,6.269206],[-75.61672,6.269072],[-75.616764,6.268841],[-75.616561,6.268385],[-75.616567,6.268019],[-75.616534,6.267785],[-75.616352,6.267517],[-75.616118,6.267297],[-75.615962,6.267087],[-75.615912,6.266884],[-75.615745,6.266678],[-75.615675,6.266458],[-75.615584,6.266316],[-75.61556,6.266076],[-75.615384,6.265979],[-75.615268,6.265764],[-75.614973,6.265476],[-75.614969,6.265193],[-75.614942,6.265105],[-75.614868,6.265023],[-75.614691,6.264952],[-75.61473,6.264821],[-75.614671,6.264302],[-75.61472,6.264027],[-75.614655,6.263842],[-75.614553,6.263736],[-75.614494,6.263578],[-75.614439,6.263229],[-75.614483,6.263091],[-75.614397,6.263036],[-75.614324,6.262904],[-75.614302,6.262693],[-75.614198,6.262713],[-75.6141,6.262618],[-75.613795,6.26278],[-75.613663,6.26261],[-75.613359,6.262479],[-75.613008,6.262206],[-75.612468,6.261856],[-75.612087,6.262451],[-75.61133,6.263879],[-75.611205,6.264003],[-75.611514,6.264124],[-75.611597,6.264128],[-75.611482,6.264296],[-75.61061,6.264648],[-75.61016,6.264796],[-75.610163,6.26482],[-75.61025,6.265069],[-75.611076,6.265766],[-75.6113,6.266251],[-75.611437,6.266674],[-75.611613,6.266901],[-75.611828,6.267074],[-75.611989,6.267361],[-75.612183,6.267524],[-75.612294,6.267554],[-75.613237,6.2685],[-75.613615,6.269253],[-75.613662,6.269611],[-75.613734,6.269817],[-75.613758,6.270014],[-75.613732,6.270167]]]},"properties":{"CODIGO":"1307","COMUNA":"13","BARRIO":"07","NOMBRE_BARRIO":"Juan XXIII La Quiebra","SECTOR":4,"INDICADOR_UR":"U","NOMBRE_COMUNA":"SAN JAVIER","MUNICIPIO":"001"}},{"type":"Feature","id":28,"geometry":{"type":"Polygon","coordinates":[[[-75.549995,6.262099],[-75.550004,6.262132],[-75.550267,6.262242],[-75.551273,6.26247],[-75.551435,6.262313],[-75.551577,6.26227],[-75.551816,6.262126],[-75.552099,6.262044],[-75.552231,6.261929],[-75.552318,6.261729],[-75.5526,6.261553],[-75.552744,6.261421],[-75.552533,6.261335],[-75.552052,6.260646],[-75.551888,6.260614],[-75.551638,6.260641],[-75.551504,6.260517],[-75.55137,6.260483],[-75.551367,6.260293],[-75.551493,6.260085],[-75.550666,6.259503],[-75.550579,6.259605],[-75.550248,6.259839],[-75.550313,6.259869],[-75.550183,6.25995],[-75.549954,6.259997],[-75.54945,6.259885],[-75.549322,6.259961],[-75.549216,6.259966],[-75.548785,6.259867],[-75.548312,6.259595],[-75.548141,6.25947],[-75.548026,6.259166],[-75.54791,6.259033],[-75.547722,6.25898],[-75.547346,6.258973],[-75.547216,6.258989],[-75.547028,6.259065],[-75.546914,6.259068],[-75.546688,6.259272],[-75.546164,6.259215],[-75.546079,6.259259],[-75.545999,6.259217],[-75.54489,6.259771],[-75.544804,6.259856],[-75.544809,6.25998],[-75.544948,6.260228],[-75.544946,6.26031],[-75.5446,6.261581],[-75.544877,6.261606],[-75.544878,6.261692],[-75.545261,6.261905],[-75.545626,6.26218],[-75.545851,6.262246],[-75.54592,6.262317],[-75.5466,6.262211],[-75.546852,6.261961],[-75.547075,6.261124],[-75.547099,6.261069],[-75.54715,6.261044],[-75.547515,6.261062],[-75.547594,6.261134],[-75.547674,6.261094],[-75.548065,6.261041],[-75.548345,6.261106],[-75.548375,6.26112],[-75.548385,6.261406],[-75.548812,6.26164],[-75.549021,6.26155],[-75.549282,6.261601],[-75.549728,6.261891],[-75.549914,6.262084],[-75.549995,6.262099]]]},"properties":{"CODIGO":"0805","COMUNA":"08","BARRIO":"05","NOMBRE_BARRIO":"Batallón Girardot","SECTOR":3,"INDICADOR_UR":"U","NOMBRE_COMUNA":"VILLA HERMOSA","MUNICIPIO":"001"}},{"type":"Feature","id":29,"geometry":{"type":"Polygon","coordinates":[[[-75.602419,6.248543],[-75.602357,6.249366],[-75.603179,6.248755],[-75.60369,6.248483],[-75.603835,6.248257],[-75.604793,6.248269],[-75.605366,6.247943],[-75.605146,6.248634],[-75.605761,6.248719],[-75.606317,6.249179],[-75.607064,6.248377],[-75.607311,6.248164],[-75.607745,6.247956],[-75.608405,6.247844],[-75.6085,6.247798],[-75.608599,6.247689],[-75.608759,6.247067],[-75.609536,6.246085],[-75.609279,6.245846],[-75.609152,6.245638],[-75.607992,6.244228],[-75.607556,6.2443],[-75.607312,6.2443],[-75.602877,6.243262],[-75.602819,6.243332],[-75.602752,6.243349],[-75.602742,6.24393],[-75.602419,6.248543]]]},"properties":{"CODIGO":"1211","COMUNA":"12","BARRIO":"11","NOMBRE_BARRIO":"Simón Bolívar","SECTOR":4,"INDICADOR_UR":"U","NOMBRE_COMUNA":"LA AMERICA","MUNICIPIO":"001"}},{"type":"Feature","id":30,"geometry":{"type":"Polygon","coordinates":[[[-75.570113,6.300351],[-75.568919,6.302651],[-75.568792,6.302935],[-75.568742,6.303145],[-75.568766,6.303405],[-75.569086,6.304895],[-75.570483,6.304906],[-75.570597,6.30487],[-75.571579,6.304874],[-75.571542,6.305738],[-75.572024,6.305747],[-75.572129,6.305411],[-75.572303,6.305216],[-75.573632,6.304783],[-75.573816,6.304687],[-75.573894,6.304611],[-75.57431,6.304002],[-75.574451,6.30364],[-75.574488,6.303658],[-75.574511,6.303749],[-75.574688,6.303458],[-75.574806,6.303331],[-75.576132,6.301024],[-75.576342,6.300691],[-75.576397,6.300725],[-75.576534,6.300472],[-75.576384,6.300389],[-75.576615,6.300107],[-75.57745,6.298713],[-75.577591,6.298403],[-75.577753,6.297923],[-75.577874,6.297782],[-75.577996,6.297699],[-75.578612,6.297545],[-75.573515,6.295838],[-75.573095,6.297173],[-75.572656,6.297831],[-75.572652,6.297996],[-75.572851,6.298543],[-75.57286,6.298664],[-75.572825,6.298778],[-75.572293,6.299357],[-75.572186,6.29942],[-75.572071,6.299432],[-75.571222,6.299287],[-75.570936,6.299367],[-75.570795,6.299581],[-75.570489,6.300546],[-75.570113,6.300351]]]},"properties":{"CODIGO":"0604","COMUNA":"06","BARRIO":"04","NOMBRE_BARRIO":"Pedregal","SECTOR":2,"INDICADOR_UR":"U","NOMBRE_COMUNA":"DOCE DE OCTUBRE","MUNICIPIO":"001"}},{"type":"Feature","id":31,"geometry":{"type":"Polygon","coordinates":[[[-75.559567,6.303897],[-75.560167,6.303927],[-75.560779,6.303882],[-75.560985,6.303679],[-75.561326,6.303447],[-75.562581,6.302955],[-75.562994,6.302717],[-75.563319,6.30242],[-75.563946,6.301209],[-75.564244,6.300787],[-75.564514,6.300458],[-75.565821,6.299154],[-75.566038,6.298863],[-75.565843,6.298732],[-75.565427,6.298244],[-75.565322,6.298079],[-75.565208,6.297797],[-75.56444,6.297283],[-75.564076,6.297157],[-75.56389,6.296843],[-75.563543,6.296691],[-75.563355,6.296524],[-75.563005,6.296375],[-75.562817,6.296379],[-75.562803,6.296306],[-75.562646,6.296137],[-75.562597,6.296022],[-75.562308,6.295945],[-75.562266,6.295822],[-75.562202,6.295784],[-75.562096,6.295616],[-75.561302,6.296531],[-75.561218,6.296676],[-75.561057,6.297141],[-75.560828,6.29804],[-75.560691,6.298747],[-75.560647,6.298726],[-75.560599,6.299045],[-75.560548,6.299127],[-75.5605,6.2994],[-75.560546,6.299248],[-75.560583,6.299227],[-75.560456,6.300409],[-75.560401,6.300652],[-75.559887,6.301834],[-75.559646,6.302544],[-75.559547,6.303528],[-75.559567,6.303897]]]},"properties":{"CODIGO":"0506","COMUNA":"05","BARRIO":"06","NOMBRE_BARRIO":"Plaza de Ferias","SECTOR":2,"INDICADOR_UR":"U","NOMBRE_COMUNA":"CASTILLA","MUNICIPIO":"001"}},{"type":"Feature","id":32,"geometry":{"type":"Polygon","coordinates":[[[-75.552824,6.283221],[-75.553658,6.283241],[-75.553761,6.283185],[-75.557953,6.283353],[-75.558017,6.281],[-75.55814,6.279341],[-75.558145,6.27864],[-75.55764,6.278846],[-75.557077,6.279152],[-75.557015,6.279097],[-75.557139,6.278258],[-75.556864,6.278452],[-75.556838,6.278605],[-75.556809,6.2786],[-75.55677,6.278665],[-75.556751,6.278788],[-75.556631,6.278787],[-75.556412,6.278719],[-75.556254,6.279108],[-75.556369,6.279145],[-75.556516,6.278927],[-75.556551,6.279038],[-75.556847,6.279059],[-75.556548,6.279327],[-75.556427,6.279399],[-75.556442,6.279478],[-75.55641,6.279523],[-75.556286,6.279522],[-75.556242,6.279568],[-75.55575,6.279648],[-75.55564,6.279621],[-75.555568,6.279501],[-75.555488,6.279502],[-75.555395,6.279632],[-75.555219,6.279692],[-75.555145,6.279824],[-75.55498,6.279939],[-75.554868,6.279972],[-75.554867,6.280006],[-75.554772,6.280062],[-75.554563,6.280335],[-75.554478,6.280528],[-75.554411,6.280583],[-75.554317,6.28084],[-75.554276,6.280898],[-75.554211,6.280912],[-75.554134,6.281039],[-75.553935,6.281121],[-75.553838,6.281291],[-75.553733,6.281365],[-75.553615,6.281363],[-75.553511,6.281411],[-75.553391,6.281375],[-75.553399,6.281517],[-75.553365,6.281591],[-75.553296,6.281626],[-75.553212,6.281582],[-75.552981,6.28169],[-75.552897,6.281889],[-75.552779,6.282001],[-75.552853,6.282171],[-75.55287,6.282336],[-75.552824,6.283221]]]},"properties":{"CODIGO":"0412","COMUNA":"04","BARRIO":"12","NOMBRE_BARRIO":"La Piñuela","SECTOR":1,"INDICADOR_UR":"U","NOMBRE_COMUNA":"ARANJUEZ","MUNICIPIO":"001"}},{"type":"Feature","id":33,"geometry":{"type":"Polygon","coordinates":[[[-75.551161,6.291879],[-75.550353,6.291934],[-75.550726,6.292411],[-75.551002,6.292443],[-75.552759,6.292967],[-75.552697,6.293118],[-75.552772,6.293147],[-75.55275,6.293206],[-75.552674,6.293232],[-75.552625,6.293462],[-75.55273,6.293518],[-75.552671,6.293668],[-75.55276,6.293753],[-75.552763,6.293803],[-75.5529,6.293852],[-75.552923,6.293734],[-75.553018,6.293708],[-75.552987,6.293614],[-75.553129,6.29348],[-75.553775,6.293672],[-75.553837,6.293577],[-75.553949,6.293488],[-75.554112,6.293432],[-75.554338,6.293436],[-75.554463,6.293347],[-75.555262,6.293472],[-75.555503,6.293057],[-75.555835,6.29215],[-75.556301,6.290517],[-75.556296,6.290338],[-75.555935,6.289644],[-75.555846,6.289321],[-75.55533,6.289152],[-75.554898,6.289437],[-75.554728,6.289457],[-75.554629,6.289442],[-75.55457,6.289388],[-75.554474,6.289403],[-75.554264,6.289571],[-75.554073,6.289527],[-75.553902,6.289626],[-75.553935,6.289865],[-75.553762,6.290024],[-75.553187,6.291673],[-75.552541,6.291468],[-75.552342,6.292121],[-75.551325,6.291863],[-75.551161,6.291879]]]},"properties":{"CODIGO":"0209","COMUNA":"02","BARRIO":"09","NOMBRE_BARRIO":"Moscú No. 1","SECTOR":1,"INDICADOR_UR":"U","NOMBRE_COMUNA":"SANTA CRUZ","MUNICIPIO":"001"}},{"type":"Feature","id":34,"geometry":{"type":"Polygon","coordinates":[[[-75.567473,6.264444],[-75.571765,6.265124],[-75.57179,6.265026],[-75.572127,6.265094],[-75.572407,6.264002],[-75.572591,6.263442],[-75.573121,6.261996],[-75.573793,6.260496],[-75.573666,6.259787],[-75.573434,6.259159],[-75.573248,6.258839],[-75.572163,6.257251],[-75.572296,6.257132],[-75.572163,6.257026],[-75.571817,6.256991],[-75.571654,6.257026],[-75.57066,6.257972],[-75.570531,6.258219],[-75.570443,6.25862],[-75.570103,6.258991],[-75.569969,6.259188],[-75.567729,6.26341],[-75.567473,6.264444]]]},"properties":{"CODIGO":"1004","COMUNA":"10","BARRIO":"04","NOMBRE_BARRIO":"El Chagualo","SECTOR":3,"INDICADOR_UR":"U","NOMBRE_COMUNA":"LA CANDELARIA","MUNICIPIO":"001"}},{"type":"Feature","id":35,"geometry":{"type":"Polygon","coordinates":[[[-75.598748,6.230921],[-75.598748,6.23127],[-75.601873,6.231122],[-75.601878,6.231016],[-75.601925,6.230924],[-75.602005,6.230859],[-75.60211,6.230832],[-75.602216,6.230851],[-75.602303,6.230914],[-75.602356,6.231008],[-75.602365,6.231114],[-75.605642,6.231043],[-75.605506,6.230697],[-75.605536,6.230688],[-75.605448,6.230408],[-75.605502,6.230412],[-75.605307,6.229902],[-75.605273,6.229577],[-75.605316,6.228928],[-75.605188,6.228806],[-75.605125,6.228675],[-75.605323,6.227644],[-75.605408,6.227401],[-75.605579,6.227143],[-75.605777,6.226738],[-75.605449,6.226608],[-75.605462,6.226478],[-75.602952,6.226252],[-75.602697,6.22668],[-75.602571,6.22685],[-75.602424,6.226971],[-75.602087,6.227097],[-75.601182,6.227263],[-75.600815,6.227348],[-75.600689,6.227406],[-75.600367,6.227716],[-75.599806,6.228344],[-75.59965,6.228474],[-75.599497,6.228546],[-75.598616,6.228791],[-75.598748,6.230921]]]},"properties":{"CODIGO":"1614","COMUNA":"16","BARRIO":"14","NOMBRE_BARRIO":"La Palma","SECTOR":6,"INDICADOR_UR":"U","NOMBRE_COMUNA":"BELEN","MUNICIPIO":"001"}},{"type":"Feature","id":36,"geometry":{"type":"Polygon","coordinates":[[[-75.551196,6.246603],[-75.551193,6.246726],[-75.551322,6.246738],[-75.551586,6.246587],[-75.553086,6.247572],[-75.553477,6.247735],[-75.553605,6.247871],[-75.554258,6.248266],[-75.555757,6.245818],[-75.55561,6.245562],[-75.555026,6.245067],[-75.554833,6.244763],[-75.554665,6.244606],[-75.554546,6.244429],[-75.554087,6.243926],[-75.553931,6.243581],[-75.553794,6.243172],[-75.553565,6.243047],[-75.552607,6.242826],[-75.551398,6.242668],[-75.551001,6.242657],[-75.550923,6.242621],[-75.550181,6.242751],[-75.549747,6.242751],[-75.549716,6.24316],[-75.549655,6.243403],[-75.549531,6.243432],[-75.54937,6.243283],[-75.549018,6.244122],[-75.548507,6.243923],[-75.548206,6.244597],[-75.54786,6.245097],[-75.547624,6.245261],[-75.547189,6.245324],[-75.547192,6.2454],[-75.547075,6.245402],[-75.546812,6.245622],[-75.546669,6.245694],[-75.546823,6.246207],[-75.546809,6.246771],[-75.547001,6.246716],[-75.54764,6.246775],[-75.547819,6.246832],[-75.548076,6.246832],[-75.54847,6.246779],[-75.548729,6.246694],[-75.548877,6.246708],[-75.549071,6.2468],[-75.549101,6.246796],[-75.548969,6.246728],[-75.548975,6.246707],[-75.549532,6.246773],[-75.549502,6.246673],[-75.550038,6.246476],[-75.549899,6.246819],[-75.550086,6.246792],[-75.55028,6.246678],[-75.550512,6.246599],[-75.550593,6.246589],[-75.550661,6.246621],[-75.5508,6.246745],[-75.551165,6.246718],[-75.551168,6.246582],[-75.551196,6.246603]]]},"properties":{"CODIGO":"0809","COMUNA":"08","BARRIO":"09","NOMBRE_BARRIO":"Sucre","SECTOR":3,"INDICADOR_UR":"U","NOMBRE_COMUNA":"VILLA HERMOSA","MUNICIPIO":"001"}},{"type":"Feature","id":37,"geometry":{"type":"Polygon","coordinates":[[[-75.557142,6.30695],[-75.557079,6.307418],[-75.557106,6.308121],[-75.557353,6.309319],[-75.557337,6.309676],[-75.557238,6.309978],[-75.557105,6.310171],[-75.557095,6.310334],[-75.556677,6.310925],[-75.55629,6.311371],[-75.556938,6.311712],[-75.558014,6.312161],[-75.559359,6.310266],[-75.55984,6.309364],[-75.560103,6.308673],[-75.560311,6.307868],[-75.560433,6.306852],[-75.560441,6.306323],[-75.560385,6.30495],[-75.560411,6.304682],[-75.560519,6.304327],[-75.560779,6.303882],[-75.560167,6.303927],[-75.559063,6.303877],[-75.558875,6.303893],[-75.558735,6.303942],[-75.558529,6.303815],[-75.558359,6.303848],[-75.558209,6.303658],[-75.557924,6.30363],[-75.557833,6.303584],[-75.557761,6.304149],[-75.557767,6.304343],[-75.557847,6.30412],[-75.557878,6.304543],[-75.557783,6.304492],[-75.557872,6.305461],[-75.557553,6.305508],[-75.557729,6.306902],[-75.557598,6.306896],[-75.557421,6.305531],[-75.557208,6.305567],[-75.557198,6.3054],[-75.557071,6.304954],[-75.557017,6.30456],[-75.557009,6.304118],[-75.557116,6.303459],[-75.556956,6.303437],[-75.55687,6.304093],[-75.556876,6.304395],[-75.556972,6.305051],[-75.55709,6.305595],[-75.557177,6.306287],[-75.557142,6.30695]]]},"properties":{"CODIGO":"0501","COMUNA":"05","BARRIO":"01","NOMBRE_BARRIO":"Toscana","SECTOR":2,"INDICADOR_UR":"U","NOMBRE_COMUNA":"CASTILLA","MUNICIPIO":"001"}},{"type":"Feature","id":38,"geometry":{"type":"Polygon","coordinates":[[[-75.587501,6.270048],[-75.587659,6.27032],[-75.588007,6.270763],[-75.58818,6.270902],[-75.588731,6.271234],[-75.589984,6.271909],[-75.593051,6.273369],[-75.593619,6.272286],[-75.59383,6.272007],[-75.594114,6.271739],[-75.593488,6.271044],[-75.593354,6.270515],[-75.593226,6.270279],[-75.592927,6.270045],[-75.592538,6.269589],[-75.592358,6.26927],[-75.591659,6.268672],[-75.591457,6.268355],[-75.591258,6.268198],[-75.590894,6.267782],[-75.590815,6.26764],[-75.590693,6.267555],[-75.590264,6.267092],[-75.589822,6.266763],[-75.589549,6.266641],[-75.58895,6.266233],[-75.588814,6.266172],[-75.588708,6.266196],[-75.588454,6.266073],[-75.588377,6.266019],[-75.588328,6.26592],[-75.587752,6.265578],[-75.587597,6.26537],[-75.587275,6.265187],[-75.587138,6.265386],[-75.587264,6.265607],[-75.587024,6.265671],[-75.586829,6.266067],[-75.58688,6.266321],[-75.586541,6.266396],[-75.586336,6.266397],[-75.58634,6.26643],[-75.586295,6.266438],[-75.58629,6.266409],[-75.585927,6.266407],[-75.58579,6.266434],[-75.585674,6.266517],[-75.585564,6.266265],[-75.58545,6.266341],[-75.585264,6.266354],[-75.585215,6.266514],[-75.585217,6.266864],[-75.585027,6.267124],[-75.584898,6.267226],[-75.584877,6.267333],[-75.58496,6.267339],[-75.584998,6.267443],[-75.585106,6.26747],[-75.585243,6.2676],[-75.585386,6.267579],[-75.585461,6.267648],[-75.585451,6.267694],[-75.585582,6.267966],[-75.585582,6.268046],[-75.58476,6.268489],[-75.584446,6.268704],[-75.584525,6.268742],[-75.584651,6.268727],[-75.584638,6.268691],[-75.584777,6.268693],[-75.584853,6.26884],[-75.584955,6.268808],[-75.585356,6.268826],[-75.585997,6.268791],[-75.58664,6.269125],[-75.5868,6.268937],[-75.586804,6.269169],[-75.587135,6.26918],[-75.587143,6.269257],[-75.587107,6.269303],[-75.586842,6.269308],[-75.586847,6.269605],[-75.586749,6.269749],[-75.586776,6.269884],[-75.586914,6.270018],[-75.586921,6.270122],[-75.587173,6.270253],[-75.586923,6.270321],[-75.586678,6.270544],[-75.586085,6.270938],[-75.5859,6.271097],[-75.586043,6.271397],[-75.586169,6.271378],[-75.586959,6.271087],[-75.587258,6.270871],[-75.587362,6.270676],[-75.587485,6.270018],[-75.587501,6.270048]]]},"properties":{"CODIGO":"0703","COMUNA":"07","BARRIO":"03","NOMBRE_BARRIO":"San Germán","SECTOR":2,"INDICADOR_UR":"U","NOMBRE_COMUNA":"ROBLEDO","MUNICIPIO":"001"}},{"type":"Feature","id":39,"geometry":{"type":"Polygon","coordinates":[[[-75.562477,6.265401],[-75.563253,6.264083],[-75.559735,6.263473],[-75.558613,6.269933],[-75.561892,6.270497],[-75.561962,6.270185],[-75.561952,6.268871],[-75.561938,6.268204],[-75.561843,6.267955],[-75.561862,6.267089],[-75.561955,6.266573],[-75.562477,6.265401]]]},"properties":{"CODIGO":"0408","COMUNA":"04","BARRIO":"08","NOMBRE_BARRIO":"San Pedro","SECTOR":1,"INDICADOR_UR":"U","NOMBRE_COMUNA":"ARANJUEZ","MUNICIPIO":"001"}},{"type":"Feature","id":40,"geometry":{"type":"Polygon","coordinates":[[[-75.568743,6.300405],[-75.569248,6.300192],[-75.569535,6.300144],[-75.569815,6.300208],[-75.570489,6.300546],[-75.570795,6.299581],[-75.570936,6.299367],[-75.571222,6.299287],[-75.572071,6.299432],[-75.572186,6.29942],[-75.572293,6.299357],[-75.572845,6.29874],[-75.572851,6.298543],[-75.572652,6.297996],[-75.572656,6.297831],[-75.573095,6.297173],[-75.573515,6.295838],[-75.570765,6.294933],[-75.570846,6.29472],[-75.570455,6.294531],[-75.570522,6.29433],[-75.570269,6.294232],[-75.570241,6.29431],[-75.570069,6.294188],[-75.569667,6.293694],[-75.569813,6.293243],[-75.569245,6.293041],[-75.569059,6.29328],[-75.56843,6.292192],[-75.56834,6.29215],[-75.566468,6.298034],[-75.566296,6.29844],[-75.566159,6.298684],[-75.565821,6.299154],[-75.564514,6.300458],[-75.564073,6.301016],[-75.563854,6.301377],[-75.564326,6.301631],[-75.56474,6.301806],[-75.564983,6.301857],[-75.565292,6.301855],[-75.565538,6.301791],[-75.566121,6.301528],[-75.566522,6.301385],[-75.566911,6.301186],[-75.567643,6.300877],[-75.567662,6.300793],[-75.56776,6.300751],[-75.568301,6.299824],[-75.568514,6.299987],[-75.568572,6.300115],[-75.568666,6.300205],[-75.568743,6.300405]]]},"properties":{"CODIGO":"0509","COMUNA":"05","BARRIO":"09","NOMBRE_BARRIO":"Girardot","SECTOR":2,"INDICADOR_UR":"U","NOMBRE_COMUNA":"CASTILLA","MUNICIPIO":"001"}},{"type":"Feature","id":41,"geometry":{"type":"Polygon","coordinates":[[[-75.569221,6.222979],[-75.571345,6.224189],[-75.571344,6.224667],[-75.571409,6.224808],[-75.572528,6.225455],[-75.572993,6.225521],[-75.574877,6.225669],[-75.575147,6.225925],[-75.575161,6.225901],[-75.575182,6.225964],[-75.57524,6.22591],[-75.5752,6.225746],[-75.57635,6.22593],[-75.577247,6.219705],[-75.577831,6.215365],[-75.57745,6.215282],[-75.577329,6.21501],[-75.576243,6.214847],[-75.576131,6.214958],[-75.575628,6.214903],[-75.57536,6.21479],[-75.57477,6.214674],[-75.5746,6.214664],[-75.573989,6.214852],[-75.573723,6.214983],[-75.5735,6.215051],[-75.573282,6.215109],[-75.572947,6.215123],[-75.572923,6.215153],[-75.571467,6.214787],[-75.571049,6.214764],[-75.570449,6.214793],[-75.570048,6.214733],[-75.569952,6.21469],[-75.569948,6.216671],[-75.569882,6.217793],[-75.569814,6.218279],[-75.569469,6.219921],[-75.569424,6.220515],[-75.569407,6.221518],[-75.569221,6.222979]]]},"properties":{"CODIGO":"1403","COMUNA":"14","BARRIO":"03","NOMBRE_BARRIO":"Villa Carlota","SECTOR":5,"INDICADOR_UR":"U","NOMBRE_COMUNA":"EL POBLADO","MUNICIPIO":"001"}},{"type":"Feature","id":42,"geometry":{"type":"Polygon","coordinates":[[[-75.555794,6.238744],[-75.556249,6.238974],[-75.557054,6.23929],[-75.557443,6.239482],[-75.558036,6.239968],[-75.558698,6.240435],[-75.559217,6.240937],[-75.559388,6.241352],[-75.56006,6.242148],[-75.5602,6.242021],[-75.560375,6.241935],[-75.560547,6.241931],[-75.560735,6.24197],[-75.560776,6.239825],[-75.560831,6.239711],[-75.56108,6.239528],[-75.561015,6.239088],[-75.560967,6.238966],[-75.56033,6.238398],[-75.560824,6.237806],[-75.561161,6.237465],[-75.560343,6.236747],[-75.560096,6.236399],[-75.560007,6.236345],[-75.559783,6.236333],[-75.559463,6.235629],[-75.559304,6.235476],[-75.559215,6.235454],[-75.558878,6.235506],[-75.558583,6.23544],[-75.558454,6.235304],[-75.558282,6.234944],[-75.55802,6.235239],[-75.557538,6.235494],[-75.557413,6.235649],[-75.557149,6.236214],[-75.555794,6.238744]]]},"properties":{"CODIGO":"0911","COMUNA":"09","BARRIO":"11","NOMBRE_BARRIO":"Gerona","SECTOR":3,"INDICADOR_UR":"U","NOMBRE_COMUNA":"BUENOS AIRES","MUNICIPIO":"001"}},{"type":"Feature","id":43,"geometry":{"type":"Polygon","coordinates":[[[-75.600976,6.233967],[-75.601044,6.235955],[-75.602338,6.235936],[-75.602468,6.23618],[-75.602966,6.236881],[-75.603079,6.237228],[-75.603087,6.237619],[-75.607385,6.237457],[-75.606337,6.236846],[-75.606078,6.236548],[-75.605937,6.236283],[-75.605843,6.235907],[-75.605864,6.235731],[-75.60594,6.235313],[-75.606062,6.235003],[-75.606436,6.233733],[-75.606357,6.23363],[-75.606194,6.233949],[-75.606064,6.234074],[-75.605286,6.234511],[-75.605151,6.234535],[-75.60513,6.234493],[-75.604294,6.234255],[-75.603298,6.234056],[-75.601417,6.234206],[-75.601186,6.234119],[-75.600976,6.233967]]]},"properties":{"CODIGO":"1618","COMUNA":"16","BARRIO":"18","NOMBRE_BARRIO":"Nueva Villa de Aburrá","SECTOR":6,"INDICADOR_UR":"U","NOMBRE_COMUNA":"BELEN","MUNICIPIO":"001"}},{"type":"Feature","id":44,"geometry":{"type":"Polygon","coordinates":[[[-75.563215,6.239257],[-75.563864,6.240303],[-75.564005,6.240475],[-75.56411,6.240537],[-75.563202,6.241569],[-75.564095,6.242218],[-75.564575,6.242435],[-75.565138,6.24268],[-75.567625,6.243565],[-75.568798,6.240745],[-75.568166,6.240454],[-75.567037,6.239867],[-75.567111,6.239674],[-75.567087,6.239607],[-75.566699,6.239399],[-75.566329,6.239245],[-75.566335,6.239208],[-75.566193,6.239146],[-75.566186,6.239113],[-75.566133,6.23913],[-75.566088,6.239053],[-75.566195,6.239023],[-75.566008,6.23871],[-75.565798,6.238156],[-75.565614,6.238184],[-75.565625,6.238218],[-75.565597,6.238227],[-75.565575,6.238165],[-75.56551,6.238188],[-75.565275,6.238125],[-75.565197,6.238141],[-75.564751,6.237987],[-75.564558,6.237847],[-75.564368,6.23783],[-75.563307,6.238877],[-75.56329,6.238857],[-75.563057,6.239012],[-75.563215,6.239257]]]},"properties":{"CODIGO":"1014","COMUNA":"10","BARRIO":"14","NOMBRE_BARRIO":"Las Palmas","SECTOR":3,"INDICADOR_UR":"U","NOMBRE_COMUNA":"LA CANDELARIA","MUNICIPIO":"001"}},{"type":"Feature","id":45,"geometry":{"type":"Polygon","coordinates":[[[-75.598511,6.27761],[-75.598811,6.278236],[-75.598993,6.278384],[-75.599174,6.27867],[-75.599284,6.279339],[-75.59937,6.279558],[-75.599498,6.279702],[-75.599613,6.279778],[-75.600138,6.279968],[-75.600256,6.279975],[-75.600381,6.279892],[-75.600424,6.279778],[-75.600471,6.279124],[-75.600581,6.279014],[-75.60086,6.278935],[-75.600955,6.278878],[-75.601146,6.278658],[-75.601031,6.278208],[-75.601073,6.278006],[-75.601301,6.277873],[-75.601741,6.277736],[-75.602155,6.27771],[-75.603625,6.276986],[-75.603426,6.276376],[-75.603418,6.27613],[-75.603334,6.276129],[-75.60332,6.27557],[-75.603202,6.2757],[-75.602821,6.275742],[-75.602166,6.275351],[-75.601347,6.275046],[-75.601234,6.274944],[-75.600807,6.274718],[-75.600498,6.274692],[-75.60035,6.274711],[-75.600098,6.274811],[-75.599931,6.274839],[-75.59976,6.274674],[-75.59961,6.274674],[-75.59952,6.274605],[-75.59939,6.274618],[-75.599063,6.274421],[-75.598997,6.27428],[-75.599014,6.274228],[-75.598953,6.274203],[-75.598874,6.273954],[-75.598813,6.273847],[-75.598694,6.273749],[-75.598418,6.273655],[-75.597906,6.273674],[-75.597737,6.273633],[-75.59721,6.273333],[-75.59687,6.272957],[-75.596643,6.2728],[-75.596286,6.272723],[-75.595732,6.272771],[-75.595455,6.272767],[-75.595341,6.272736],[-75.594608,6.272264],[-75.594114,6.271739],[-75.59383,6.272007],[-75.593658,6.272227],[-75.593071,6.273318],[-75.593051,6.273369],[-75.593266,6.27347],[-75.593705,6.273614],[-75.593637,6.273728],[-75.593387,6.27388],[-75.593152,6.274106],[-75.593624,6.274637],[-75.593442,6.27483],[-75.593607,6.275016],[-75.593721,6.275234],[-75.593967,6.275491],[-75.594161,6.275556],[-75.594437,6.275704],[-75.594661,6.275887],[-75.594782,6.276067],[-75.595263,6.276386],[-75.595466,6.276595],[-75.595579,6.276871],[-75.595733,6.277069],[-75.595807,6.277256],[-75.595945,6.277443],[-75.596053,6.277763],[-75.596308,6.278263],[-75.596152,6.278448],[-75.596139,6.278512],[-75.596217,6.278557],[-75.596351,6.278769],[-75.596395,6.278911],[-75.596395,6.279052],[-75.596447,6.279134],[-75.596507,6.279182],[-75.596625,6.279206],[-75.596768,6.27914],[-75.596821,6.279079],[-75.596918,6.278821],[-75.597122,6.278499],[-75.597659,6.277915],[-75.597897,6.277717],[-75.598255,6.277581],[-75.598478,6.277547],[-75.598511,6.27761]]]},"properties":{"CODIGO":"0717","COMUNA":"07","BARRIO":"17","NOMBRE_BARRIO":"Robledo","SECTOR":2,"INDICADOR_UR":"U","NOMBRE_COMUNA":"ROBLEDO","MUNICIPIO":"001"}},{"type":"Feature","id":46,"geometry":{"type":"Polygon","coordinates":[[[-75.546261,6.267402],[-75.546314,6.267462],[-75.546736,6.267555],[-75.547036,6.267823],[-75.547436,6.267392],[-75.548229,6.268092],[-75.54822,6.267317],[-75.549658,6.26809],[-75.54968,6.267883],[-75.549595,6.267472],[-75.549624,6.267338],[-75.54976,6.267219],[-75.550325,6.267033],[-75.550664,6.266559],[-75.551094,6.266113],[-75.551142,6.26601],[-75.551102,6.265876],[-75.551206,6.264934],[-75.551254,6.264737],[-75.551572,6.264453],[-75.552151,6.264272],[-75.552323,6.264183],[-75.55248,6.264021],[-75.552676,6.263745],[-75.552926,6.26355],[-75.55304,6.263505],[-75.553089,6.263439],[-75.553365,6.262841],[-75.553507,6.262643],[-75.553632,6.262298],[-75.553682,6.262058],[-75.553718,6.261593],[-75.55371,6.26102],[-75.5535,6.261094],[-75.553374,6.261201],[-75.552967,6.261407],[-75.55288,6.261434],[-75.552744,6.261421],[-75.5526,6.261553],[-75.552318,6.261729],[-75.552231,6.261929],[-75.552099,6.262044],[-75.551816,6.262126],[-75.551577,6.26227],[-75.551435,6.262313],[-75.551273,6.26247],[-75.550267,6.262242],[-75.550004,6.262132],[-75.549995,6.262099],[-75.549914,6.262084],[-75.549806,6.261995],[-75.549728,6.261891],[-75.549282,6.261601],[-75.549021,6.26155],[-75.548812,6.26164],[-75.548385,6.261406],[-75.548375,6.26112],[-75.548345,6.261106],[-75.548065,6.261041],[-75.547674,6.261094],[-75.547594,6.261134],[-75.547515,6.261062],[-75.54715,6.261044],[-75.547099,6.261069],[-75.546852,6.261961],[-75.5466,6.262209],[-75.546561,6.263277],[-75.546615,6.2635],[-75.546524,6.263567],[-75.546531,6.263983],[-75.546605,6.264289],[-75.546742,6.264529],[-75.546712,6.264649],[-75.546593,6.264816],[-75.546531,6.264977],[-75.546365,6.266371],[-75.546227,6.267135],[-75.546224,6.267276],[-75.546261,6.267402]]]},"properties":{"CODIGO":"0308","COMUNA":"03","BARRIO":"08","NOMBRE_BARRIO":"Manrique Oriental","SECTOR":1,"INDICADOR_UR":"U","NOMBRE_COMUNA":"MANRIQUE","MUNICIPIO":"001"}},{"type":"Feature","id":47,"geometry":{"type":"Polygon","coordinates":[[[-75.607548,6.206189],[-75.607989,6.206109],[-75.608433,6.20588],[-75.608826,6.205801],[-75.609256,6.205796],[-75.609465,6.205544],[-75.609484,6.205419],[-75.609733,6.205043],[-75.609608,6.205001],[-75.609293,6.204785],[-75.609013,6.204786],[-75.608726,6.204735],[-75.608461,6.204642],[-75.607926,6.204546],[-75.607825,6.204487],[-75.60775,6.20449],[-75.607506,6.204612],[-75.607391,6.204601],[-75.607159,6.204331],[-75.607056,6.204117],[-75.607049,6.204027],[-75.60697,6.203951],[-75.606733,6.203834],[-75.606878,6.203776],[-75.60684,6.203733],[-75.606891,6.20358],[-75.606758,6.203483],[-75.606719,6.203398],[-75.606725,6.203251],[-75.606818,6.203065],[-75.60672,6.203],[-75.606509,6.20307],[-75.606461,6.203045],[-75.606483,6.20281],[-75.60639,6.20247],[-75.606178,6.202537],[-75.605933,6.20254],[-75.605868,6.202568],[-75.605776,6.202537],[-75.605708,6.202466],[-75.605812,6.202589],[-75.605867,6.202733],[-75.605602,6.202961],[-75.605467,6.202955],[-75.605401,6.203056],[-75.605433,6.203433],[-75.604094,6.20266],[-75.604031,6.202749],[-75.603822,6.202595],[-75.603467,6.201979],[-75.603663,6.201699],[-75.603573,6.201656],[-75.60346,6.201531],[-75.603417,6.201345],[-75.603425,6.201097],[-75.603354,6.200986],[-75.603339,6.200811],[-75.603281,6.200748],[-75.603036,6.200252],[-75.603052,6.200167],[-75.602289,6.199816],[-75.602073,6.199608],[-75.602108,6.19949],[-75.601949,6.19937],[-75.601623,6.199802],[-75.601779,6.19992],[-75.601797,6.200045],[-75.601645,6.200245],[-75.600838,6.200312],[-75.600949,6.200218],[-75.599912,6.199427],[-75.599969,6.199643],[-75.599971,6.200139],[-75.599933,6.200233],[-75.599463,6.200875],[-75.598987,6.201687],[-75.598929,6.201972],[-75.598637,6.202031],[-75.598207,6.203249],[-75.597933,6.203267],[-75.598265,6.203472],[-75.598384,6.203588],[-75.598609,6.204058],[-75.599031,6.204512],[-75.599509,6.204837],[-75.599902,6.204993],[-75.600078,6.204892],[-75.600281,6.204825],[-75.600769,6.20488],[-75.601457,6.204829],[-75.602075,6.205374],[-75.602963,6.205904],[-75.60323,6.205792],[-75.603406,6.205775],[-75.604876,6.20613],[-75.605127,6.206141],[-75.60568,6.206074],[-75.605875,6.206096],[-75.605987,6.206148],[-75.606245,6.205723],[-75.606307,6.205728],[-75.606493,6.205858],[-75.606707,6.205665],[-75.606841,6.205631],[-75.606984,6.20569],[-75.606957,6.205715],[-75.607216,6.205937],[-75.607264,6.206074],[-75.607345,6.206153],[-75.607548,6.206189]]]},"properties":{"CODIGO":"1609","COMUNA":"16","BARRIO":"09","NOMBRE_BARRIO":"La Hondonada","SECTOR":6,"INDICADOR_UR":"U","NOMBRE_COMUNA":"BELEN","MUNICIPIO":"001"}},{"type":"Feature","id":48,"geometry":{"type":"Polygon","coordinates":[[[-75.553363,6.277052],[-75.556145,6.277557],[-75.556342,6.276597],[-75.55647,6.276626],[-75.556484,6.276746],[-75.556775,6.276817],[-75.556959,6.277087],[-75.557322,6.27723],[-75.558613,6.269933],[-75.554749,6.269264],[-75.553363,6.277052]]]},"properties":{"CODIGO":"0410","COMUNA":"04","BARRIO":"10","NOMBRE_BARRIO":"Campo Valdés No. 1","SECTOR":1,"INDICADOR_UR":"U","NOMBRE_COMUNA":"ARANJUEZ","MUNICIPIO":"001"}},{"type":"Feature","id":49,"geometry":{"type":"Polygon","coordinates":[[[-75.625692,6.253326],[-75.625716,6.253407],[-75.625558,6.253478],[-75.625401,6.253611],[-75.625675,6.253713],[-75.625946,6.253421],[-75.626109,6.253323],[-75.62673,6.253255],[-75.627112,6.253075],[-75.62757,6.252941],[-75.627896,6.252728],[-75.628442,6.252587],[-75.628576,6.252476],[-75.628813,6.252185],[-75.629002,6.25223],[-75.629083,6.252203],[-75.629247,6.252265],[-75.629675,6.252278],[-75.629611,6.252073],[-75.629552,6.252001],[-75.629391,6.252091],[-75.629245,6.252086],[-75.629059,6.251979],[-75.628714,6.251669],[-75.628634,6.2515],[-75.628618,6.251157],[-75.629072,6.251153],[-75.629072,6.251075],[-75.629252,6.251096],[-75.629375,6.251],[-75.629326,6.251025],[-75.629319,6.250689],[-75.629365,6.250658],[-75.629634,6.25063],[-75.629989,6.250657],[-75.62998,6.250686],[-75.630086,6.25065],[-75.63012,6.250539],[-75.630259,6.250404],[-75.630344,6.25018],[-75.630889,6.249988],[-75.630963,6.250025],[-75.630996,6.249993],[-75.631041,6.25005],[-75.631099,6.25001],[-75.631074,6.250066],[-75.631105,6.250109],[-75.631044,6.250176],[-75.631199,6.250119],[-75.631234,6.250163],[-75.631146,6.25023],[-75.631267,6.250271],[-75.631382,6.250177],[-75.631995,6.250311],[-75.631944,6.250173],[-75.631663,6.249819],[-75.631559,6.249537],[-75.631206,6.249077],[-75.63014,6.248504],[-75.629975,6.248371],[-75.629919,6.248485],[-75.629694,6.248379],[-75.629529,6.24839],[-75.628707,6.248239],[-75.62824,6.248061],[-75.628009,6.248118],[-75.62767,6.248056],[-75.627367,6.248118],[-75.627235,6.248061],[-75.627063,6.248036],[-75.626835,6.24804],[-75.626654,6.248083],[-75.626588,6.248202],[-75.626547,6.248215],[-75.626647,6.248384],[-75.62663,6.249163],[-75.626598,6.249173],[-75.626541,6.249523],[-75.626326,6.249835],[-75.626382,6.249914],[-75.626517,6.249892],[-75.626545,6.249984],[-75.62639,6.250087],[-75.626318,6.250092],[-75.626285,6.25016],[-75.626061,6.25028],[-75.626139,6.250503],[-75.626108,6.250627],[-75.626035,6.250627],[-75.625967,6.250942],[-75.625853,6.251],[-75.625856,6.251108],[-75.625618,6.251119],[-75.625626,6.251154],[-75.625504,6.251245],[-75.625374,6.251214],[-75.624987,6.251299],[-75.625093,6.251428],[-75.625182,6.251421],[-75.625461,6.251665],[-75.625598,6.251912],[-75.625752,6.252325],[-75.62567,6.252486],[-75.625431,6.252637],[-75.625314,6.252589],[-75.625289,6.252702],[-75.625216,6.252712],[-75.625292,6.252829],[-75.625413,6.252802],[-75.625558,6.25293],[-75.625598,6.253091],[-75.62554,6.253114],[-75.625552,6.253138],[-75.625615,6.253128],[-75.625655,6.253209],[-75.625637,6.25324],[-75.625676,6.253253],[-75.625692,6.253326]]]},"properties":{"CODIGO":"1315","COMUNA":"13","BARRIO":"15","NOMBRE_BARRIO":"Nuevos Conquistadores","SECTOR":4,"INDICADOR_UR":"U","NOMBRE_COMUNA":"SAN JAVIER","MUNICIPIO":"001"}},{"type":"Feature","id":50,"geometry":{"type":"Polygon","coordinates":[[[-75.565725,6.21114],[-75.565293,6.211392],[-75.565133,6.21158],[-75.564908,6.211681],[-75.564595,6.211896],[-75.56425,6.212053],[-75.564107,6.212226],[-75.563945,6.212629],[-75.564244,6.21266],[-75.56431,6.212724],[-75.563948,6.213905],[-75.563432,6.214406],[-75.56333,6.214638],[-75.563274,6.214907],[-75.563289,6.215055],[-75.564115,6.215099],[-75.564176,6.21504],[-75.564324,6.214716],[-75.564475,6.214647],[-75.565462,6.214531],[-75.566001,6.214545],[-75.566348,6.214499],[-75.566493,6.214452],[-75.566574,6.21437],[-75.566709,6.214113],[-75.566814,6.21406],[-75.566991,6.21404],[-75.567911,6.214237],[-75.568376,6.214263],[-75.568729,6.214365],[-75.569113,6.214383],[-75.569952,6.21469],[-75.569989,6.212448],[-75.570067,6.21167],[-75.569137,6.211452],[-75.569179,6.211186],[-75.569034,6.211197],[-75.568847,6.211142],[-75.568432,6.211107],[-75.56824,6.211038],[-75.56782,6.211182],[-75.567457,6.211233],[-75.567141,6.21085],[-75.566457,6.211116],[-75.566345,6.211115],[-75.566218,6.211051],[-75.565986,6.211014],[-75.565717,6.211037],[-75.565725,6.21114]]]},"properties":{"CODIGO":"1405","COMUNA":"14","BARRIO":"05","NOMBRE_BARRIO":"Lalinde","SECTOR":5,"INDICADOR_UR":"U","NOMBRE_COMUNA":"EL POBLADO","MUNICIPIO":"001"}},{"type":"Feature","id":51,"geometry":{"type":"Polygon","coordinates":[[[-75.574882,6.25123],[-75.575072,6.251407],[-75.575083,6.251468],[-75.575152,6.249959],[-75.575156,6.248471],[-75.575241,6.246265],[-75.574218,6.245953],[-75.571478,6.245],[-75.56987,6.244333],[-75.56957,6.244852],[-75.569117,6.245445],[-75.56827,6.246723],[-75.568866,6.246975],[-75.571527,6.247885],[-75.570795,6.24965],[-75.573268,6.250656],[-75.574184,6.250988],[-75.574341,6.251162],[-75.574401,6.251166],[-75.574521,6.251088],[-75.574882,6.25123]]]},"properties":{"CODIGO":"1007","COMUNA":"10","BARRIO":"07","NOMBRE_BARRIO":"Guayaquil","SECTOR":3,"INDICADOR_UR":"U","NOMBRE_COMUNA":"LA CANDELARIA","MUNICIPIO":"001"}},{"type":"Feature","id":52,"geometry":{"type":"Polygon","coordinates":[[[-75.541095,6.267953],[-75.541434,6.267948],[-75.541446,6.267767],[-75.541403,6.267712],[-75.541288,6.267704],[-75.541291,6.267624],[-75.541336,6.267571],[-75.541529,6.267604],[-75.541589,6.267538],[-75.541588,6.26746],[-75.541431,6.267465],[-75.541356,6.267382],[-75.541445,6.265609],[-75.541304,6.265581],[-75.541318,6.265502],[-75.542131,6.265685],[-75.542229,6.265182],[-75.541046,6.264985],[-75.541016,6.264939],[-75.541195,6.264674],[-75.541299,6.264447],[-75.541668,6.264013],[-75.541791,6.26371],[-75.541801,6.263356],[-75.541734,6.262325],[-75.541559,6.262313],[-75.541493,6.262227],[-75.541499,6.262189],[-75.541612,6.262129],[-75.541678,6.26203],[-75.541409,6.261707],[-75.541185,6.261661],[-75.540875,6.261534],[-75.540411,6.261484],[-75.540261,6.261408],[-75.540065,6.261378],[-75.539824,6.261262],[-75.539711,6.261734],[-75.539545,6.261772],[-75.539527,6.261898],[-75.539491,6.261928],[-75.539353,6.261928],[-75.539324,6.261957],[-75.539425,6.262107],[-75.539413,6.262161],[-75.539168,6.262376],[-75.539318,6.26246],[-75.53918,6.263183],[-75.539166,6.263316],[-75.539213,6.263464],[-75.539153,6.263475],[-75.539151,6.263532],[-75.539063,6.263532],[-75.539059,6.263653],[-75.539176,6.263655],[-75.539176,6.263782],[-75.538971,6.263794],[-75.538973,6.263933],[-75.539077,6.263946],[-75.539099,6.264446],[-75.538871,6.265121],[-75.539451,6.26543],[-75.539472,6.265486],[-75.539389,6.265777],[-75.539078,6.26602],[-75.539333,6.266558],[-75.539402,6.266643],[-75.539502,6.26667],[-75.539477,6.266816],[-75.538873,6.266941],[-75.538422,6.266922],[-75.538212,6.266967],[-75.538034,6.266893],[-75.537773,6.26691],[-75.537755,6.266926],[-75.537799,6.267027],[-75.53765,6.267125],[-75.537761,6.267294],[-75.53789,6.267239],[-75.538021,6.267512],[-75.537915,6.267573],[-75.537983,6.267604],[-75.538332,6.267611],[-75.538523,6.267541],[-75.538754,6.267543],[-75.538865,6.267562],[-75.539002,6.267645],[-75.53922,6.267618],[-75.539483,6.267726],[-75.539666,6.267759],[-75.539955,6.267748],[-75.540553,6.267652],[-75.540653,6.267759],[-75.54095,6.267831],[-75.541095,6.267953]]]},"properties":{"CODIGO":"0310","COMUNA":"03","BARRIO":"10","NOMBRE_BARRIO":"Versalles No. 2","SECTOR":1,"INDICADOR_UR":"U","NOMBRE_COMUNA":"MANRIQUE","MUNICIPIO":"001"}},{"type":"Feature","id":53,"geometry":{"type":"Polygon","coordinates":[[[-75.542991,6.271404],[-75.542875,6.271853],[-75.542906,6.272155],[-75.542815,6.272282],[-75.543474,6.272029],[-75.54376,6.271789],[-75.544109,6.271558],[-75.544523,6.271165],[-75.54474,6.271048],[-75.544844,6.270947],[-75.54509,6.270875],[-75.545199,6.270916],[-75.545257,6.271062],[-75.545335,6.271152],[-75.546539,6.271365],[-75.546579,6.271102],[-75.546523,6.269907],[-75.546558,6.269849],[-75.547164,6.270376],[-75.54797,6.269511],[-75.548442,6.269987],[-75.548489,6.270176],[-75.548796,6.270065],[-75.549011,6.269905],[-75.549112,6.26988],[-75.549043,6.269773],[-75.549047,6.269687],[-75.549149,6.26953],[-75.549173,6.269408],[-75.54911,6.268777],[-75.549127,6.26859],[-75.549658,6.26809],[-75.54822,6.267317],[-75.548229,6.268092],[-75.547436,6.267392],[-75.547036,6.267823],[-75.546736,6.267555],[-75.546314,6.267462],[-75.546261,6.267402],[-75.546195,6.267408],[-75.545853,6.267595],[-75.545706,6.267593],[-75.545522,6.267543],[-75.545264,6.26758],[-75.545012,6.267553],[-75.544559,6.267572],[-75.544339,6.267542],[-75.543929,6.267543],[-75.543843,6.267573],[-75.543699,6.267735],[-75.543616,6.267781],[-75.54352,6.267771],[-75.543273,6.26766],[-75.543148,6.267648],[-75.542566,6.267754],[-75.5427,6.268003],[-75.542464,6.268085],[-75.542449,6.268243],[-75.54242,6.268274],[-75.542507,6.268477],[-75.542568,6.268741],[-75.542566,6.268882],[-75.542607,6.268956],[-75.542523,6.269675],[-75.542385,6.269976],[-75.54235,6.270305],[-75.542539,6.270746],[-75.542579,6.270916],[-75.542593,6.271131],[-75.542576,6.271296],[-75.542543,6.271314],[-75.542584,6.271443],[-75.542988,6.271384],[-75.542991,6.271404]]]},"properties":{"CODIGO":"0305","COMUNA":"03","BARRIO":"05","NOMBRE_BARRIO":"El Raizal","SECTOR":1,"INDICADOR_UR":"U","NOMBRE_COMUNA":"MANRIQUE","MUNICIPIO":"001"}},{"type":"Feature","id":54,"geometry":{"type":"Polygon","coordinates":[[[-75.573071,6.200199],[-75.574897,6.20124],[-75.57523,6.201396],[-75.574959,6.201704],[-75.574838,6.201664],[-75.574631,6.20184],[-75.574426,6.20221],[-75.574311,6.202541],[-75.575508,6.203105],[-75.575735,6.202948],[-75.575879,6.203017],[-75.575741,6.203322],[-75.577229,6.203996],[-75.577284,6.203385],[-75.578114,6.203738],[-75.578698,6.203906],[-75.579468,6.203965],[-75.579887,6.200774],[-75.580174,6.19918],[-75.580608,6.197719],[-75.581526,6.195226],[-75.580143,6.194826],[-75.579961,6.194589],[-75.579836,6.194262],[-75.579622,6.194137],[-75.579447,6.194114],[-75.579323,6.194133],[-75.578895,6.194406],[-75.578646,6.194486],[-75.578351,6.194413],[-75.577767,6.194177],[-75.577559,6.193953],[-75.577305,6.193506],[-75.576815,6.193134],[-75.576534,6.192835],[-75.576333,6.192399],[-75.576319,6.192932],[-75.576409,6.193904],[-75.576317,6.194489],[-75.575901,6.195024],[-75.57526,6.195576],[-75.574997,6.195892],[-75.574816,6.196302],[-75.574576,6.197246],[-75.574374,6.197769],[-75.573445,6.199556],[-75.573071,6.200199]]]},"properties":{"CODIGO":"1422","COMUNA":"14","BARRIO":"22","NOMBRE_BARRIO":"La Aguacatala","SECTOR":5,"INDICADOR_UR":"U","NOMBRE_COMUNA":"EL POBLADO","MUNICIPIO":"001"}},{"type":"Feature","id":55,"geometry":{"type":"Polygon","coordinates":[[[-75.628183,6.257503],[-75.62838,6.257551],[-75.628438,6.257583],[-75.628528,6.257712],[-75.628661,6.257731],[-75.629285,6.257441],[-75.629762,6.257353],[-75.629817,6.257366],[-75.630045,6.257205],[-75.629914,6.256824],[-75.62971,6.256687],[-75.629631,6.256555],[-75.629326,6.256277],[-75.629201,6.256246],[-75.628773,6.256337],[-75.628767,6.256307],[-75.628827,6.256294],[-75.628813,6.256229],[-75.628858,6.256198],[-75.629168,6.256131],[-75.629306,6.256142],[-75.629282,6.255993],[-75.629124,6.255719],[-75.629034,6.255623],[-75.629039,6.255515],[-75.628667,6.255196],[-75.628626,6.25522],[-75.628774,6.254856],[-75.629048,6.254643],[-75.629691,6.254972],[-75.629677,6.255093],[-75.630051,6.25527],[-75.630248,6.255483],[-75.630382,6.255508],[-75.630727,6.255445],[-75.631097,6.255276],[-75.631408,6.255354],[-75.631485,6.255335],[-75.6316,6.255249],[-75.631695,6.255115],[-75.631686,6.255],[-75.632241,6.254533],[-75.632002,6.254351],[-75.631903,6.254352],[-75.631838,6.254203],[-75.632079,6.25403],[-75.632236,6.254284],[-75.632228,6.25432],[-75.632343,6.254205],[-75.632243,6.254264],[-75.632086,6.254008],[-75.631935,6.254118],[-75.6319,6.254049],[-75.631862,6.254064],[-75.631839,6.254015],[-75.631799,6.254037],[-75.631768,6.253982],[-75.631725,6.254005],[-75.631669,6.253927],[-75.631797,6.253887],[-75.631812,6.253757],[-75.631484,6.253695],[-75.631526,6.253427],[-75.631569,6.253416],[-75.631542,6.253392],[-75.631603,6.253326],[-75.631632,6.253353],[-75.631632,6.253506],[-75.631822,6.253509],[-75.631646,6.253476],[-75.631649,6.253348],[-75.631543,6.253251],[-75.631584,6.25321],[-75.631512,6.253134],[-75.631446,6.253169],[-75.631489,6.253133],[-75.631374,6.253033],[-75.631422,6.25303],[-75.631417,6.25293],[-75.631318,6.25293],[-75.631288,6.252853],[-75.631341,6.252821],[-75.63143,6.252842],[-75.631515,6.252755],[-75.631322,6.252686],[-75.631292,6.252725],[-75.631212,6.252682],[-75.631272,6.252705],[-75.631305,6.252642],[-75.631177,6.252577],[-75.631284,6.252468],[-75.631021,6.252237],[-75.630893,6.252163],[-75.630665,6.252193],[-75.630255,6.252114],[-75.630088,6.252255],[-75.630002,6.25229],[-75.629808,6.252236],[-75.629691,6.252293],[-75.629247,6.252265],[-75.629083,6.252203],[-75.629002,6.25223],[-75.628813,6.252185],[-75.628576,6.252476],[-75.628442,6.252587],[-75.627896,6.252728],[-75.62757,6.252941],[-75.627112,6.253075],[-75.62673,6.253255],[-75.626109,6.253323],[-75.625946,6.253421],[-75.625675,6.253713],[-75.625247,6.253569],[-75.625028,6.253559],[-75.624475,6.253785],[-75.624195,6.253957],[-75.623797,6.25404],[-75.623498,6.253988],[-75.623311,6.253988],[-75.623072,6.254096],[-75.622956,6.254092],[-75.622571,6.253928],[-75.622098,6.253908],[-75.621851,6.253962],[-75.621653,6.254074],[-75.621518,6.254183],[-75.621323,6.254458],[-75.621452,6.254848],[-75.621733,6.255483],[-75.621543,6.255852],[-75.621481,6.256053],[-75.62151,6.256221],[-75.621609,6.256413],[-75.622104,6.256201],[-75.622532,6.256126],[-75.62282,6.256015],[-75.623838,6.256345],[-75.623976,6.256277],[-75.624129,6.256278],[-75.624443,6.256473],[-75.624419,6.256145],[-75.624354,6.256052],[-75.623785,6.255753],[-75.62372,6.25566],[-75.624193,6.25568],[-75.624552,6.255878],[-75.625599,6.256674],[-75.625999,6.256892],[-75.626172,6.256953],[-75.626661,6.257462],[-75.626815,6.257515],[-75.627069,6.257543],[-75.627133,6.25765],[-75.627331,6.257693],[-75.627673,6.257437],[-75.627805,6.257422],[-75.628025,6.257491],[-75.628183,6.257503]]]},"properties":{"CODIGO":"1316","COMUNA":"13","BARRIO":"16","NOMBRE_BARRIO":"El Salado","SECTOR":4,"INDICADOR_UR":"U","NOMBRE_COMUNA":"SAN JAVIER","MUNICIPIO":"001"}},{"type":"Feature","id":56,"geometry":{"type":"Polygon","coordinates":[[[-75.559281,6.235467],[-75.55945,6.235606],[-75.559783,6.236333],[-75.560007,6.236345],[-75.560096,6.236399],[-75.560343,6.236747],[-75.561161,6.237465],[-75.560824,6.237806],[-75.56033,6.238398],[-75.560967,6.238966],[-75.561015,6.239088],[-75.56108,6.239528],[-75.560831,6.239711],[-75.560776,6.239825],[-75.560735,6.24197],[-75.561027,6.242236],[-75.561304,6.242354],[-75.561688,6.242411],[-75.561845,6.242404],[-75.562107,6.242329],[-75.562711,6.241882],[-75.563078,6.2417],[-75.56411,6.240537],[-75.563972,6.240441],[-75.56368,6.240037],[-75.563534,6.239755],[-75.563023,6.238963],[-75.56292,6.238657],[-75.562874,6.238609],[-75.562805,6.238297],[-75.562783,6.237648],[-75.562946,6.237162],[-75.563001,6.236843],[-75.563054,6.236711],[-75.563365,6.236255],[-75.56391,6.235564],[-75.563982,6.235347],[-75.564019,6.235024],[-75.564147,6.234766],[-75.564344,6.234555],[-75.564542,6.234242],[-75.564805,6.233959],[-75.564409,6.233749],[-75.56421,6.233723],[-75.563891,6.233601],[-75.562426,6.232833],[-75.561975,6.232532],[-75.561714,6.233149],[-75.561261,6.232927],[-75.560781,6.232611],[-75.560565,6.232943],[-75.560239,6.233567],[-75.560159,6.234033],[-75.560126,6.234625],[-75.560083,6.234847],[-75.558355,6.234854],[-75.558282,6.234944],[-75.558454,6.235304],[-75.558583,6.23544],[-75.558878,6.235506],[-75.559281,6.235467]]]},"properties":{"CODIGO":"0912","COMUNA":"09","BARRIO":"12","NOMBRE_BARRIO":"El Salvador","SECTOR":3,"INDICADOR_UR":"U","NOMBRE_COMUNA":"BUENOS AIRES","MUNICIPIO":"001"}},{"type":"Feature","id":57,"geometry":{"type":"Polygon","coordinates":[[[-75.565288,6.283745],[-75.565246,6.284287],[-75.565183,6.284451],[-75.564073,6.28517],[-75.564041,6.285231],[-75.564061,6.285335],[-75.564138,6.285381],[-75.564335,6.285412],[-75.564896,6.285424],[-75.564913,6.285062],[-75.565178,6.285064],[-75.565197,6.285243],[-75.565535,6.285279],[-75.56562,6.285357],[-75.565657,6.285355],[-75.565913,6.28575],[-75.565947,6.285665],[-75.56614,6.28569],[-75.56642,6.285322],[-75.566861,6.284909],[-75.567332,6.284556],[-75.568035,6.284145],[-75.568188,6.283957],[-75.568107,6.283918],[-75.568237,6.283588],[-75.568332,6.283176],[-75.568369,6.282727],[-75.568384,6.281748],[-75.568502,6.280931],[-75.569016,6.278749],[-75.569259,6.27753],[-75.569672,6.275838],[-75.569261,6.27574],[-75.569198,6.276003],[-75.568999,6.275812],[-75.568521,6.275506],[-75.568276,6.275308],[-75.566415,6.273501],[-75.565616,6.272638],[-75.565466,6.27239],[-75.565339,6.272431],[-75.565188,6.272285],[-75.56498,6.272195],[-75.564264,6.276137],[-75.564194,6.276334],[-75.56422,6.276635],[-75.564275,6.276802],[-75.564489,6.277206],[-75.564867,6.277715],[-75.564977,6.277914],[-75.5651,6.278274],[-75.565329,6.279153],[-75.565205,6.279762],[-75.565308,6.28031],[-75.565799,6.280669],[-75.566406,6.280898],[-75.566542,6.281138],[-75.56661,6.281359],[-75.566603,6.281537],[-75.566416,6.281958],[-75.566316,6.282358],[-75.56624,6.282465],[-75.565745,6.282821],[-75.565571,6.282995],[-75.565395,6.283331],[-75.565288,6.283745]]]},"properties":{"CODIGO":"0405","COMUNA":"04","BARRIO":"05","NOMBRE_BARRIO":"Moravia","SECTOR":1,"INDICADOR_UR":"U","NOMBRE_COMUNA":"ARANJUEZ","MUNICIPIO":"001"}},{"type":"Feature","id":58,"geometry":{"type":"Polygon","coordinates":[[[-75.575404,6.310887],[-75.57561,6.311035],[-75.576159,6.309449],[-75.576547,6.308171],[-75.576657,6.307923],[-75.576534,6.307908],[-75.576492,6.30775],[-75.576519,6.307342],[-75.576489,6.307238],[-75.576523,6.307153],[-75.576464,6.306944],[-75.576523,6.306855],[-75.576492,6.30664],[-75.576445,6.306562],[-75.576691,6.305909],[-75.57673,6.305929],[-75.576704,6.305792],[-75.576757,6.305784],[-75.576744,6.305704],[-75.576776,6.305698],[-75.576723,6.305572],[-75.576772,6.305608],[-75.576919,6.305372],[-75.576875,6.305341],[-75.57697,6.305208],[-75.577032,6.30519],[-75.577016,6.305138],[-75.577245,6.304983],[-75.577394,6.304951],[-75.577665,6.304752],[-75.577671,6.304694],[-75.577828,6.304562],[-75.578218,6.304052],[-75.578266,6.304052],[-75.578307,6.303998],[-75.578615,6.303999],[-75.578643,6.304045],[-75.578712,6.303977],[-75.578497,6.303929],[-75.578632,6.303745],[-75.578729,6.303532],[-75.578783,6.303265],[-75.578771,6.302993],[-75.578824,6.303005],[-75.578836,6.302944],[-75.578836,6.302377],[-75.578764,6.302057],[-75.578711,6.301952],[-75.578713,6.301839],[-75.578454,6.301915],[-75.578434,6.301857],[-75.578268,6.301954],[-75.578051,6.302694],[-75.577909,6.302905],[-75.577752,6.30298],[-75.577657,6.302992],[-75.577121,6.302862],[-75.576919,6.302868],[-75.576777,6.302923],[-75.576649,6.303031],[-75.575584,6.304284],[-75.575414,6.304402],[-75.575246,6.304436],[-75.575003,6.304433],[-75.574769,6.304375],[-75.574627,6.30421],[-75.574488,6.303658],[-75.574451,6.30364],[-75.57431,6.304002],[-75.573816,6.304687],[-75.573632,6.304783],[-75.572303,6.305216],[-75.572169,6.305345],[-75.572092,6.305495],[-75.572028,6.305723],[-75.57196,6.306182],[-75.571841,6.307399],[-75.571841,6.307643],[-75.571934,6.308002],[-75.571929,6.308218],[-75.571707,6.309148],[-75.571257,6.310572],[-75.571393,6.310498],[-75.571539,6.310529],[-75.571614,6.310619],[-75.571635,6.310801],[-75.571819,6.310971],[-75.572024,6.310928],[-75.572273,6.310703],[-75.572538,6.31073],[-75.572742,6.310637],[-75.572799,6.310642],[-75.57293,6.310746],[-75.573321,6.310747],[-75.573507,6.310847],[-75.573717,6.310844],[-75.573858,6.310716],[-75.573913,6.310706],[-75.57407,6.310713],[-75.574169,6.310772],[-75.574322,6.310758],[-75.574435,6.310784],[-75.574528,6.310756],[-75.574737,6.310861],[-75.575005,6.310824],[-75.575404,6.310887]]]},"properties":{"CODIGO":"0601","COMUNA":"06","BARRIO":"01","NOMBRE_BARRIO":"Santander","SECTOR":2,"INDICADOR_UR":"U","NOMBRE_COMUNA":"DOCE DE OCTUBRE","MUNICIPIO":"001"}},{"type":"Feature","id":59,"geometry":{"type":"Polygon","coordinates":[[[-75.598881,6.284113],[-75.599202,6.284113],[-75.599396,6.28401],[-75.599532,6.284045],[-75.599638,6.284005],[-75.599914,6.284185],[-75.60003,6.28423],[-75.600172,6.284223],[-75.600278,6.284298],[-75.60078,6.2845],[-75.601023,6.284675],[-75.601366,6.285286],[-75.602096,6.284615],[-75.602008,6.284551],[-75.60194,6.284436],[-75.602174,6.284361],[-75.60216,6.284318],[-75.602237,6.284294],[-75.602251,6.284337],[-75.602289,6.284325],[-75.602492,6.2842],[-75.602874,6.283719],[-75.603015,6.2834],[-75.603238,6.283496],[-75.603392,6.283507],[-75.603554,6.283431],[-75.603633,6.283332],[-75.603726,6.283473],[-75.603771,6.283486],[-75.605023,6.282385],[-75.605433,6.281847],[-75.605229,6.281684],[-75.605492,6.281313],[-75.605523,6.281183],[-75.605676,6.281245],[-75.60632,6.281251],[-75.606443,6.281293],[-75.606868,6.281569],[-75.607026,6.281579],[-75.607331,6.281526],[-75.607555,6.281593],[-75.608343,6.281708],[-75.608424,6.281736],[-75.608558,6.28187],[-75.608667,6.281913],[-75.609084,6.281739],[-75.609367,6.281894],[-75.609747,6.281967],[-75.610051,6.282091],[-75.610319,6.282233],[-75.610537,6.282411],[-75.610772,6.282481],[-75.610713,6.282395],[-75.610688,6.282142],[-75.610512,6.281935],[-75.610513,6.281636],[-75.610309,6.281118],[-75.610342,6.281019],[-75.610191,6.280825],[-75.609943,6.280298],[-75.609662,6.280179],[-75.609632,6.280063],[-75.609509,6.279952],[-75.609513,6.279839],[-75.609413,6.27963],[-75.609292,6.279603],[-75.609253,6.279563],[-75.609154,6.279597],[-75.609079,6.279447],[-75.608888,6.279506],[-75.608682,6.279516],[-75.608349,6.279669],[-75.608213,6.279645],[-75.607998,6.279535],[-75.607836,6.279516],[-75.607311,6.279783],[-75.606843,6.279709],[-75.6066,6.279701],[-75.606398,6.279587],[-75.606097,6.279159],[-75.605803,6.278959],[-75.605016,6.27883],[-75.604892,6.278773],[-75.604518,6.278443],[-75.604321,6.278322],[-75.604149,6.278298],[-75.603644,6.278508],[-75.602873,6.278594],[-75.60252,6.278475],[-75.602129,6.278403],[-75.601743,6.278073],[-75.601614,6.278011],[-75.601409,6.277987],[-75.601141,6.278055],[-75.601089,6.278135],[-75.601068,6.278248],[-75.601146,6.278658],[-75.600955,6.278878],[-75.60086,6.278935],[-75.600581,6.279014],[-75.600514,6.279066],[-75.600452,6.279181],[-75.600405,6.279845],[-75.600312,6.279951],[-75.600138,6.279968],[-75.599613,6.279778],[-75.599498,6.279702],[-75.59937,6.279558],[-75.599284,6.279339],[-75.599174,6.27867],[-75.598993,6.278384],[-75.598811,6.278236],[-75.598478,6.277547],[-75.598255,6.277581],[-75.597993,6.277669],[-75.597659,6.277915],[-75.597122,6.278499],[-75.596918,6.278821],[-75.596821,6.279079],[-75.596715,6.279172],[-75.596604,6.279206],[-75.596657,6.279328],[-75.596788,6.279417],[-75.596666,6.279572],[-75.596722,6.279822],[-75.596941,6.279962],[-75.59703,6.280105],[-75.596999,6.28035],[-75.597023,6.280507],[-75.597088,6.280637],[-75.597077,6.28083],[-75.597104,6.280974],[-75.597121,6.281007],[-75.597153,6.280981],[-75.597197,6.281],[-75.597361,6.281109],[-75.597435,6.281324],[-75.597551,6.281478],[-75.59757,6.281567],[-75.597415,6.281731],[-75.597389,6.281908],[-75.597422,6.281986],[-75.597609,6.282089],[-75.597645,6.282149],[-75.59767,6.282558],[-75.597623,6.282563],[-75.597752,6.282697],[-75.59779,6.282801],[-75.59778,6.282869],[-75.597834,6.282836],[-75.597971,6.282989],[-75.598064,6.283151],[-75.59857,6.283252],[-75.5987,6.283341],[-75.598728,6.283451],[-75.598952,6.283583],[-75.598928,6.283924],[-75.598856,6.284032],[-75.598881,6.284113]]]},"properties":{"CODIGO":"0718","COMUNA":"07","BARRIO":"18","NOMBRE_BARRIO":"Cucaracho","SECTOR":2,"INDICADOR_UR":"U","NOMBRE_COMUNA":"ROBLEDO","MUNICIPIO":"001"}},{"type":"Feature","id":60,"geometry":{"type":"Polygon","coordinates":[[[-75.592911,6.217804],[-75.595112,6.218211],[-75.597489,6.219338],[-75.597633,6.218868],[-75.597735,6.218399],[-75.599032,6.218778],[-75.594982,6.210891],[-75.594221,6.211213],[-75.593306,6.216166],[-75.593169,6.216483],[-75.592911,6.217804]]]},"properties":{"CODIGO":"1607","COMUNA":"16","BARRIO":"07","NOMBRE_BARRIO":"Diego Echavarría","SECTOR":6,"INDICADOR_UR":"U","NOMBRE_COMUNA":"BELEN","MUNICIPIO":"001"}},{"type":"Feature","id":61,"geometry":{"type":"MultiPolygon","coordinates":[[[[-75.612308,6.221505],[-75.612525,6.221709],[-75.612861,6.221742],[-75.613114,6.221714],[-75.613246,6.220688],[-75.612632,6.220628],[-75.61255,6.221333],[-75.612387,6.221441],[-75.612326,6.2214],[-75.612485,6.221287],[-75.61257,6.220543],[-75.613196,6.22061],[-75.613204,6.220526],[-75.613384,6.220526],[-75.613473,6.220339],[-75.613424,6.220192],[-75.613486,6.220198],[-75.613491,6.22015],[-75.612031,6.219279],[-75.611835,6.219545],[-75.6119,6.219674],[-75.611844,6.219771],[-75.611686,6.219804],[-75.611587,6.219696],[-75.611446,6.219882],[-75.611368,6.219881],[-75.61145,6.219962],[-75.611576,6.220013],[-75.61191,6.220082],[-75.61219,6.22032],[-75.612045,6.220643],[-75.612021,6.221074],[-75.612308,6.221505]]],[[[-75.613455,6.222864],[-75.613569,6.223033],[-75.613602,6.223168],[-75.61376,6.223124],[-75.613753,6.223015],[-75.613788,6.223011],[-75.61377,6.222969],[-75.614013,6.222827],[-75.614055,6.222886],[-75.614088,6.222862],[-75.614046,6.222899],[-75.614185,6.223009],[-75.614267,6.222936],[-75.614303,6.222851],[-75.614342,6.222883],[-75.614398,6.222834],[-75.614333,6.222741],[-75.614385,6.222726],[-75.614371,6.222674],[-75.614518,6.222613],[-75.614547,6.222676],[-75.614559,6.222622],[-75.614639,6.222588],[-75.614865,6.222633],[-75.614844,6.222415],[-75.614864,6.222277],[-75.615006,6.222241],[-75.616124,6.222241],[-75.616679,6.222356],[-75.617195,6.22255],[-75.617219,6.222478],[-75.61705,6.222391],[-75.617106,6.222218],[-75.617082,6.222151],[-75.617113,6.222058],[-75.617044,6.22203],[-75.6171,6.22189],[-75.617082,6.221729],[-75.617038,6.221726],[-75.617023,6.221625],[-75.616887,6.22157],[-75.616453,6.221539],[-75.616634,6.221395],[-75.616771,6.22121],[-75.61671,6.221256],[-75.616365,6.221201],[-75.616214,6.221219],[-75.616117,6.221295],[-75.615922,6.221607],[-75.615782,6.221731],[-75.61567,6.221776],[-75.614933,6.221784],[-75.615052,6.220722],[-75.615186,6.220443],[-75.615343,6.220284],[-75.615462,6.220218],[-75.615639,6.219806],[-75.615675,6.219529],[-75.61536,6.218329],[-75.613916,6.218238],[-75.613538,6.220057],[-75.613839,6.220244],[-75.614046,6.220284],[-75.614084,6.220322],[-75.613943,6.221312],[-75.613515,6.222363],[-75.613471,6.22254],[-75.613489,6.222605],[-75.613384,6.222631],[-75.613455,6.222864]]]]},"properties":{"CODIGO":"7096","COMUNA":"70","BARRIO":"96","NOMBRE_BARRIO":"Area De Expansion Altavista","SECTOR":8,"INDICADOR_UR":null,"NOMBRE_COMUNA":"ALTAVISTA","MUNICIPIO":"001"}},{"type":"Feature","id":62,"geometry":{"type":"Polygon","coordinates":[[[-75.620085,6.247795],[-75.620365,6.248125],[-75.621012,6.247605],[-75.62158,6.247086],[-75.621177,6.246765],[-75.621046,6.246614],[-75.620889,6.246526],[-75.621272,6.246449],[-75.621449,6.246026],[-75.621599,6.246346],[-75.622148,6.24669],[-75.622269,6.246589],[-75.622556,6.246458],[-75.622745,6.246129],[-75.623107,6.245982],[-75.623267,6.245866],[-75.623135,6.245475],[-75.623193,6.245453],[-75.623175,6.245383],[-75.623052,6.245398],[-75.623034,6.245229],[-75.623073,6.245216],[-75.62308,6.245124],[-75.623232,6.245164],[-75.623336,6.24514],[-75.62335,6.245068],[-75.623592,6.244943],[-75.623591,6.244823],[-75.623693,6.244792],[-75.62363,6.244654],[-75.623319,6.244802],[-75.62325,6.24466],[-75.623295,6.244645],[-75.623216,6.244501],[-75.62315,6.244544],[-75.623089,6.244486],[-75.623,6.24458],[-75.622969,6.24455],[-75.622885,6.244577],[-75.622902,6.244609],[-75.622871,6.244619],[-75.622725,6.244483],[-75.622688,6.244385],[-75.622408,6.244179],[-75.622905,6.24361],[-75.622946,6.243484],[-75.622676,6.243513],[-75.622522,6.24343],[-75.622492,6.243367],[-75.622456,6.24302],[-75.622294,6.243076],[-75.622231,6.242862],[-75.6227,6.242609],[-75.622828,6.242454],[-75.622645,6.242248],[-75.622593,6.242073],[-75.62253,6.242127],[-75.622528,6.242172],[-75.622561,6.242194],[-75.622489,6.242195],[-75.622489,6.242248],[-75.622423,6.242238],[-75.622199,6.241514],[-75.622175,6.241315],[-75.622114,6.241229],[-75.621929,6.24116],[-75.621672,6.240937],[-75.621584,6.240759],[-75.621407,6.240757],[-75.621229,6.240583],[-75.621099,6.240599],[-75.620985,6.240699],[-75.620957,6.240607],[-75.620898,6.240556],[-75.620852,6.240597],[-75.620356,6.240521],[-75.619355,6.240542],[-75.619106,6.240446],[-75.618859,6.240414],[-75.61863,6.24033],[-75.618555,6.240272],[-75.618364,6.240238],[-75.618031,6.240068],[-75.617284,6.239986],[-75.616978,6.239992],[-75.61627,6.240233],[-75.616136,6.242641],[-75.616095,6.244531],[-75.616599,6.244438],[-75.617516,6.244163],[-75.61776,6.243998],[-75.618128,6.243832],[-75.618207,6.243832],[-75.618299,6.243753],[-75.618423,6.243747],[-75.619011,6.244053],[-75.619137,6.24409],[-75.619427,6.244085],[-75.619719,6.244218],[-75.619887,6.244245],[-75.619694,6.244883],[-75.620397,6.245168],[-75.620851,6.245484],[-75.620475,6.246107],[-75.620119,6.24615],[-75.619804,6.246325],[-75.619716,6.246584],[-75.619758,6.246953],[-75.61935,6.247385],[-75.619303,6.24751],[-75.619368,6.247575],[-75.619577,6.247674],[-75.619799,6.247468],[-75.620085,6.247795]]]},"properties":{"CODIGO":"1312","COMUNA":"13","BARRIO":"12","NOMBRE_BARRIO":"Betania","SECTOR":4,"INDICADOR_UR":"U","NOMBRE_COMUNA":"SAN JAVIER","MUNICIPIO":"001"}},{"type":"Feature","id":63,"geometry":{"type":"Polygon","coordinates":[[[-75.615554,6.257534],[-75.615622,6.257563],[-75.615805,6.257541],[-75.616134,6.257372],[-75.61638,6.257293],[-75.616852,6.257317],[-75.617102,6.25743],[-75.61734,6.257466],[-75.618355,6.257252],[-75.61851,6.25719],[-75.618829,6.256849],[-75.619305,6.256602],[-75.619661,6.256206],[-75.620385,6.256216],[-75.620812,6.256367],[-75.621288,6.256443],[-75.621609,6.256413],[-75.62151,6.256221],[-75.621481,6.256053],[-75.621543,6.255852],[-75.621711,6.255542],[-75.621718,6.255421],[-75.621359,6.254597],[-75.618106,6.254575],[-75.617946,6.254603],[-75.617386,6.254819],[-75.617262,6.254827],[-75.616573,6.254687],[-75.616203,6.254522],[-75.615477,6.254113],[-75.615273,6.254218],[-75.614325,6.254919],[-75.613296,6.255557],[-75.613766,6.255819],[-75.613787,6.255901],[-75.613747,6.25598],[-75.613576,6.256147],[-75.613282,6.256343],[-75.613756,6.256666],[-75.614627,6.257111],[-75.614773,6.257231],[-75.615462,6.257532],[-75.615554,6.257534]]]},"properties":{"CODIGO":"1309","COMUNA":"13","BARRIO":"09","NOMBRE_BARRIO":"San Javier No.1","SECTOR":4,"INDICADOR_UR":"U","NOMBRE_COMUNA":"SAN JAVIER","MUNICIPIO":"001"}},{"type":"Feature","id":64,"geometry":{"type":"Polygon","coordinates":[[[-75.583881,6.279633],[-75.584703,6.281225],[-75.584984,6.28146],[-75.58582,6.281843],[-75.586255,6.281499],[-75.58659,6.281291],[-75.586843,6.28084],[-75.58656,6.28064],[-75.586445,6.280592],[-75.586148,6.280232],[-75.586579,6.279898],[-75.586525,6.279668],[-75.586451,6.279618],[-75.5862,6.279578],[-75.586167,6.279403],[-75.586087,6.279311],[-75.586137,6.278891],[-75.586192,6.278782],[-75.586122,6.278475],[-75.586111,6.278495],[-75.586081,6.278454],[-75.585952,6.278428],[-75.585735,6.278209],[-75.58549,6.278116],[-75.585387,6.27801],[-75.585152,6.278021],[-75.585006,6.277976],[-75.584861,6.277998],[-75.584756,6.277978],[-75.58465,6.277814],[-75.584518,6.27771],[-75.584431,6.277702],[-75.584275,6.277756],[-75.584067,6.277912],[-75.583892,6.277877],[-75.583836,6.277812],[-75.583839,6.277672],[-75.583754,6.277543],[-75.583745,6.277413],[-75.583678,6.277235],[-75.583528,6.277163],[-75.583266,6.276917],[-75.583147,6.276686],[-75.583036,6.276558],[-75.583021,6.276385],[-75.582892,6.276199],[-75.582821,6.276138],[-75.582694,6.276128],[-75.582579,6.276071],[-75.582584,6.275884],[-75.582554,6.275789],[-75.582215,6.275599],[-75.582226,6.275452],[-75.582336,6.275164],[-75.582321,6.274818],[-75.58213,6.274349],[-75.582111,6.274176],[-75.582026,6.273966],[-75.581978,6.273636],[-75.580901,6.273624],[-75.579826,6.273518],[-75.579695,6.273593],[-75.579449,6.273893],[-75.579241,6.274223],[-75.578789,6.274752],[-75.578837,6.274795],[-75.578719,6.275361],[-75.578759,6.275762],[-75.578735,6.275933],[-75.57962,6.275985],[-75.579942,6.276033],[-75.580227,6.276152],[-75.580413,6.276299],[-75.581266,6.277149],[-75.582497,6.278265],[-75.583881,6.279633]]]},"properties":{"CODIGO":"0707","COMUNA":"07","BARRIO":"07","NOMBRE_BARRIO":"Bosques de San Pablo","SECTOR":2,"INDICADOR_UR":"U","NOMBRE_COMUNA":"ROBLEDO","MUNICIPIO":"001"}},{"type":"Feature","id":65,"geometry":{"type":"Polygon","coordinates":[[[-75.627679,6.261522],[-75.627723,6.261563],[-75.627757,6.262014],[-75.627882,6.262179],[-75.628052,6.262243],[-75.62808,6.262291],[-75.628065,6.262362],[-75.627992,6.262416],[-75.628042,6.262534],[-75.627996,6.262655],[-75.628017,6.262782],[-75.628216,6.262991],[-75.628387,6.263355],[-75.628383,6.263483],[-75.628192,6.263659],[-75.628103,6.263821],[-75.628141,6.263903],[-75.628257,6.263932],[-75.628164,6.264187],[-75.628203,6.264186],[-75.628851,6.263943],[-75.628941,6.263674],[-75.629133,6.263529],[-75.629314,6.263441],[-75.628885,6.263247],[-75.628853,6.263125],[-75.628737,6.263018],[-75.628861,6.262538],[-75.628662,6.261934],[-75.628557,6.261805],[-75.627977,6.261365],[-75.627828,6.261021],[-75.627957,6.261015],[-75.628379,6.260903],[-75.62858,6.260903],[-75.628645,6.260763],[-75.628156,6.260281],[-75.628321,6.2601],[-75.628622,6.259935],[-75.628621,6.259911],[-75.628502,6.25959],[-75.628206,6.259092],[-75.62803,6.258395],[-75.62804,6.258315],[-75.628253,6.258355],[-75.628296,6.258616],[-75.628353,6.258716],[-75.628796,6.259252],[-75.6287,6.259329],[-75.628905,6.259532],[-75.628989,6.259747],[-75.629405,6.260184],[-75.629515,6.259881],[-75.629637,6.259768],[-75.629919,6.259679],[-75.630069,6.25982],[-75.630115,6.259906],[-75.631151,6.259207],[-75.630822,6.258767],[-75.630922,6.258842],[-75.631178,6.258806],[-75.631234,6.258729],[-75.631551,6.258564],[-75.631584,6.25852],[-75.631609,6.258453],[-75.631518,6.258308],[-75.631471,6.258333],[-75.631462,6.258283],[-75.631195,6.258346],[-75.631144,6.258324],[-75.630928,6.257956],[-75.630831,6.257854],[-75.630769,6.257841],[-75.63093,6.257704],[-75.630886,6.257549],[-75.630985,6.257417],[-75.630961,6.257368],[-75.630689,6.257249],[-75.630372,6.257335],[-75.630302,6.257372],[-75.630182,6.257614],[-75.630069,6.257483],[-75.629896,6.257442],[-75.629832,6.257357],[-75.629762,6.257353],[-75.629285,6.257441],[-75.628718,6.257708],[-75.628604,6.257735],[-75.628528,6.257712],[-75.628438,6.257583],[-75.62838,6.257551],[-75.627805,6.257422],[-75.627673,6.257437],[-75.627331,6.257693],[-75.627133,6.25765],[-75.627201,6.257835],[-75.627245,6.257872],[-75.627794,6.258191],[-75.627659,6.258369],[-75.627433,6.258504],[-75.62725,6.258779],[-75.627217,6.259112],[-75.627269,6.259397],[-75.626449,6.259785],[-75.626686,6.260072],[-75.626881,6.260553],[-75.627017,6.260731],[-75.627162,6.260801],[-75.627222,6.260878],[-75.627277,6.260997],[-75.627291,6.261499],[-75.627447,6.261541],[-75.627679,6.261522]]]},"properties":{"CODIGO":"1317","COMUNA":"13","BARRIO":"17","NOMBRE_BARRIO":"Eduardo Santos","SECTOR":4,"INDICADOR_UR":"U","NOMBRE_COMUNA":"SAN JAVIER","MUNICIPIO":"001"}},{"type":"Feature","id":66,"geometry":{"type":"Polygon","coordinates":[[[-75.631264,6.28149],[-75.631301,6.281544],[-75.631366,6.281463],[-75.631622,6.280828],[-75.631703,6.280739],[-75.631859,6.280665],[-75.632137,6.280618],[-75.632355,6.280493],[-75.63251,6.280449],[-75.632789,6.280475],[-75.632926,6.280445],[-75.633029,6.280333],[-75.633089,6.28005],[-75.633163,6.279944],[-75.633258,6.279909],[-75.633606,6.279896],[-75.633704,6.279819],[-75.633738,6.279723],[-75.633754,6.279821],[-75.63381,6.279839],[-75.63383,6.279989],[-75.634285,6.279977],[-75.634276,6.280678],[-75.634442,6.280665],[-75.634458,6.280743],[-75.634554,6.280645],[-75.634607,6.280455],[-75.634615,6.280092],[-75.634807,6.28006],[-75.634977,6.280071],[-75.635412,6.280234],[-75.635512,6.280183],[-75.635501,6.280078],[-75.635833,6.28016],[-75.635814,6.280331],[-75.635924,6.280339],[-75.635827,6.280851],[-75.635676,6.280821],[-75.635699,6.281165],[-75.635988,6.281109],[-75.636481,6.280699],[-75.636718,6.28109],[-75.637356,6.281227],[-75.637859,6.281375],[-75.63792,6.28065],[-75.637385,6.280315],[-75.637227,6.280311],[-75.637236,6.279667],[-75.636753,6.279628],[-75.636446,6.279562],[-75.636451,6.279303],[-75.637224,6.279409],[-75.637207,6.279465],[-75.637672,6.27969],[-75.637901,6.2799],[-75.638192,6.279948],[-75.638361,6.279843],[-75.638549,6.279881],[-75.638746,6.279879],[-75.63898,6.279938],[-75.639388,6.280168],[-75.639436,6.280034],[-75.639679,6.280114],[-75.639634,6.280364],[-75.639723,6.280344],[-75.639741,6.280292],[-75.639815,6.280294],[-75.639904,6.280206],[-75.639977,6.280012],[-75.639966,6.279851],[-75.640003,6.279852],[-75.640006,6.279679],[-75.640054,6.279628],[-75.640082,6.279415],[-75.640197,6.27924],[-75.640403,6.279034],[-75.640456,6.278937],[-75.640435,6.278823],[-75.640374,6.278707],[-75.640268,6.27866],[-75.639949,6.278387],[-75.639856,6.278108],[-75.639676,6.277847],[-75.639352,6.277242],[-75.639254,6.277131],[-75.639,6.276992],[-75.638773,6.277052],[-75.638489,6.276824],[-75.638334,6.276755],[-75.638469,6.276537],[-75.638665,6.276365],[-75.638647,6.276261],[-75.638671,6.276191],[-75.638905,6.275875],[-75.638862,6.275817],[-75.638834,6.275557],[-75.638689,6.275722],[-75.63855,6.275811],[-75.638474,6.275817],[-75.637803,6.275652],[-75.637529,6.275787],[-75.637295,6.27583],[-75.636892,6.275597],[-75.636324,6.27544],[-75.636122,6.275517],[-75.635975,6.275517],[-75.635803,6.275616],[-75.635692,6.275733],[-75.635758,6.275885],[-75.635699,6.275997],[-75.635693,6.276086],[-75.635869,6.276755],[-75.635491,6.276733],[-75.635307,6.276628],[-75.635092,6.276422],[-75.63479,6.276428],[-75.634341,6.276628],[-75.634046,6.276996],[-75.633946,6.27705],[-75.633349,6.27669],[-75.633238,6.276446],[-75.633127,6.276063],[-75.632933,6.276059],[-75.632528,6.275897],[-75.632262,6.27589],[-75.632102,6.275927],[-75.631753,6.276123],[-75.63168,6.276216],[-75.631596,6.276243],[-75.631397,6.276086],[-75.631213,6.276095],[-75.631078,6.276139],[-75.630943,6.276125],[-75.630788,6.276031],[-75.630638,6.276041],[-75.630189,6.276547],[-75.630001,6.276653],[-75.629912,6.276653],[-75.629737,6.27656],[-75.629629,6.276416],[-75.629586,6.276236],[-75.629358,6.275842],[-75.62921,6.275767],[-75.62903,6.275765],[-75.628914,6.275806],[-75.628886,6.275862],[-75.628848,6.276166],[-75.628795,6.276311],[-75.62874,6.276371],[-75.628389,6.27653],[-75.628359,6.276564],[-75.62835,6.276744],[-75.628195,6.276952],[-75.628115,6.277038],[-75.627912,6.277143],[-75.627759,6.277105],[-75.627533,6.276931],[-75.62723,6.276901],[-75.626909,6.276662],[-75.626321,6.276523],[-75.626296,6.276442],[-75.626063,6.27613],[-75.625813,6.276026],[-75.625603,6.275874],[-75.625495,6.275711],[-75.625502,6.275421],[-75.625461,6.275351],[-75.625343,6.275264],[-75.625189,6.275249],[-75.624795,6.275347],[-75.624464,6.275522],[-75.624382,6.275531],[-75.624048,6.275343],[-75.623673,6.275216],[-75.622987,6.275178],[-75.622346,6.275327],[-75.622194,6.275324],[-75.62205,6.275186],[-75.621693,6.275065],[-75.62175,6.27538],[-75.62172,6.275663],[-75.62161,6.275968],[-75.62166,6.276359],[-75.621565,6.276496],[-75.621518,6.277056],[-75.621464,6.277214],[-75.62148,6.27731],[-75.621438,6.277474],[-75.621462,6.277574],[-75.621553,6.277583],[-75.621916,6.277443],[-75.622309,6.277487],[-75.622442,6.277546],[-75.622789,6.277889],[-75.623159,6.278103],[-75.623209,6.278167],[-75.623254,6.278274],[-75.623176,6.27867],[-75.623216,6.278794],[-75.623349,6.278867],[-75.623506,6.278893],[-75.623622,6.278967],[-75.623871,6.279249],[-75.62393,6.279266],[-75.624194,6.279209],[-75.624343,6.279218],[-75.624443,6.279297],[-75.624538,6.279488],[-75.624666,6.279609],[-75.624727,6.279612],[-75.625133,6.279467],[-75.625482,6.279476],[-75.625585,6.279445],[-75.626264,6.279026],[-75.626637,6.278665],[-75.626768,6.278647],[-75.627583,6.278817],[-75.62793,6.279077],[-75.628067,6.279112],[-75.628144,6.279091],[-75.628212,6.279154],[-75.628267,6.279279],[-75.628761,6.279479],[-75.628867,6.279484],[-75.628945,6.27929],[-75.629151,6.279215],[-75.629115,6.279011],[-75.629766,6.278906],[-75.629786,6.279034],[-75.63004,6.278993],[-75.630037,6.278972],[-75.63028,6.278952],[-75.630399,6.279142],[-75.630424,6.279044],[-75.630705,6.278964],[-75.630602,6.279464],[-75.630627,6.27956],[-75.630677,6.279621],[-75.630807,6.279682],[-75.630948,6.279677],[-75.631169,6.280221],[-75.63128,6.280366],[-75.631279,6.280478],[-75.631187,6.280618],[-75.631132,6.280876],[-75.631179,6.281258],[-75.631264,6.28149]]]},"properties":{"CODIGO":"6000","COMUNA":"60","BARRIO":"00","NOMBRE_BARRIO":"Cabecera Urbana San Cristobal","SECTOR":7,"INDICADOR_UR":"U","NOMBRE_COMUNA":"SAN CRISTOBAL","MUNICIPIO":"001"}},{"type":"Feature","id":67,"geometry":{"type":"Polygon","coordinates":[[[-75.54745,6.275125],[-75.547485,6.275129],[-75.547532,6.275852],[-75.547601,6.276049],[-75.549246,6.276325],[-75.550033,6.272111],[-75.550316,6.270337],[-75.54956,6.270212],[-75.54943,6.270026],[-75.549112,6.26988],[-75.549011,6.269905],[-75.548704,6.270112],[-75.548489,6.270176],[-75.548442,6.269987],[-75.54797,6.269511],[-75.547164,6.270376],[-75.546558,6.269849],[-75.546523,6.269907],[-75.546579,6.271102],[-75.546539,6.271365],[-75.545335,6.271152],[-75.545257,6.271062],[-75.545199,6.270916],[-75.54509,6.270875],[-75.544844,6.270947],[-75.54474,6.271048],[-75.544523,6.271165],[-75.544257,6.271422],[-75.544524,6.27165],[-75.544701,6.271633],[-75.544728,6.271229],[-75.545008,6.271185],[-75.545261,6.271213],[-75.545352,6.271287],[-75.545726,6.272203],[-75.545715,6.272387],[-75.545603,6.272767],[-75.545593,6.272898],[-75.54563,6.273135],[-75.545776,6.273449],[-75.545623,6.273534],[-75.545637,6.273597],[-75.545272,6.273708],[-75.544865,6.274624],[-75.544925,6.274819],[-75.54521,6.274888],[-75.545264,6.274949],[-75.54636,6.275169],[-75.546405,6.275024],[-75.54654,6.274937],[-75.547248,6.27506],[-75.547315,6.275107],[-75.54745,6.275125]]]},"properties":{"CODIGO":"0304","COMUNA":"03","BARRIO":"04","NOMBRE_BARRIO":"Santa Inés","SECTOR":1,"INDICADOR_UR":"U","NOMBRE_COMUNA":"MANRIQUE","MUNICIPIO":"001"}},{"type":"Feature","id":68,"geometry":{"type":"Polygon","coordinates":[[[-75.584167,6.292619],[-75.584389,6.292636],[-75.584517,6.292577],[-75.584756,6.292401],[-75.584819,6.292306],[-75.584837,6.292325],[-75.585207,6.291868],[-75.58537,6.291759],[-75.586035,6.291572],[-75.586239,6.291448],[-75.586264,6.29142],[-75.586174,6.291148],[-75.58614,6.290902],[-75.586202,6.290753],[-75.586214,6.290609],[-75.586187,6.290495],[-75.586005,6.290316],[-75.58614,6.290229],[-75.586269,6.290256],[-75.586321,6.290229],[-75.58643,6.290288],[-75.586523,6.290275],[-75.586559,6.289913],[-75.586808,6.289736],[-75.586773,6.289715],[-75.586459,6.289097],[-75.586276,6.288882],[-75.586228,6.288775],[-75.586147,6.288729],[-75.586105,6.288609],[-75.585955,6.2885],[-75.585737,6.288478],[-75.585655,6.288357],[-75.585711,6.288275],[-75.58534,6.2881],[-75.584857,6.287718],[-75.584609,6.287243],[-75.584626,6.286848],[-75.584493,6.286189],[-75.584328,6.286675],[-75.584133,6.286642],[-75.584036,6.286264],[-75.583982,6.28617],[-75.583857,6.286055],[-75.583338,6.285877],[-75.583058,6.285632],[-75.582772,6.285584],[-75.582727,6.28567],[-75.582403,6.285599],[-75.582426,6.285473],[-75.582387,6.285446],[-75.582406,6.285298],[-75.582202,6.285133],[-75.582041,6.285122],[-75.581857,6.285156],[-75.581645,6.285105],[-75.581191,6.284908],[-75.580367,6.284793],[-75.580289,6.285094],[-75.578823,6.287388],[-75.578244,6.28906],[-75.578643,6.289212],[-75.578653,6.289178],[-75.578711,6.289161],[-75.578729,6.289105],[-75.578675,6.289106],[-75.5787,6.289027],[-75.578793,6.289115],[-75.578894,6.289153],[-75.579106,6.289375],[-75.579544,6.289666],[-75.579205,6.290726],[-75.580988,6.29129],[-75.582896,6.291955],[-75.58356,6.292139],[-75.583639,6.292108],[-75.583681,6.291996],[-75.584225,6.29215],[-75.584167,6.292619]]]},"properties":{"CODIGO":"0607","COMUNA":"06","BARRIO":"07","NOMBRE_BARRIO":"Kennedy","SECTOR":2,"INDICADOR_UR":"U","NOMBRE_COMUNA":"DOCE DE OCTUBRE","MUNICIPIO":"001"}},{"type":"Feature","id":69,"geometry":{"type":"Polygon","coordinates":[[[-75.619318,6.247501],[-75.61935,6.247385],[-75.619758,6.246953],[-75.619716,6.246584],[-75.619804,6.246325],[-75.620119,6.24615],[-75.620475,6.246107],[-75.620851,6.245484],[-75.620397,6.245168],[-75.619694,6.244883],[-75.619887,6.244245],[-75.619719,6.244218],[-75.619427,6.244085],[-75.619137,6.24409],[-75.619011,6.244053],[-75.618423,6.243747],[-75.618299,6.243753],[-75.618207,6.243832],[-75.618128,6.243832],[-75.61776,6.243998],[-75.617516,6.244163],[-75.616599,6.244438],[-75.615943,6.244563],[-75.616145,6.245071],[-75.616307,6.245382],[-75.616924,6.245621],[-75.616213,6.246576],[-75.615584,6.247225],[-75.616073,6.247778],[-75.616247,6.248084],[-75.616217,6.248604],[-75.616161,6.248768],[-75.615948,6.249098],[-75.614293,6.250566],[-75.614184,6.250758],[-75.614143,6.250948],[-75.614157,6.251151],[-75.614235,6.25142],[-75.614723,6.251696],[-75.615108,6.251976],[-75.615422,6.25229],[-75.615836,6.252822],[-75.61593,6.252906],[-75.616208,6.253001],[-75.616425,6.253019],[-75.61663,6.252986],[-75.616895,6.252857],[-75.617032,6.252732],[-75.617549,6.252107],[-75.617764,6.251897],[-75.617902,6.251806],[-75.618057,6.25178],[-75.618174,6.251806],[-75.618407,6.252001],[-75.618669,6.251973],[-75.618918,6.250913],[-75.618902,6.250607],[-75.618814,6.250176],[-75.618729,6.249499],[-75.618806,6.249474],[-75.618908,6.249343],[-75.618895,6.249293],[-75.619155,6.249054],[-75.619338,6.248674],[-75.61961,6.24831],[-75.619639,6.248072],[-75.619685,6.248009],[-75.619648,6.247767],[-75.619577,6.247674],[-75.619329,6.247551],[-75.619318,6.247501]]]},"properties":{"CODIGO":"1311","COMUNA":"13","BARRIO":"11","NOMBRE_BARRIO":"Belencito","SECTOR":4,"INDICADOR_UR":"U","NOMBRE_COMUNA":"SAN JAVIER","MUNICIPIO":"001"}},{"type":"Feature","id":70,"geometry":{"type":"Polygon","coordinates":[[[-75.599048,6.21881],[-75.599201,6.219157],[-75.59925,6.219414],[-75.599399,6.221698],[-75.599588,6.221682],[-75.600266,6.221297],[-75.600569,6.22112],[-75.6008,6.220933],[-75.601042,6.220645],[-75.601464,6.220502],[-75.601972,6.220569],[-75.603033,6.220502],[-75.603765,6.220537],[-75.604461,6.220733],[-75.60527,6.221138],[-75.605453,6.221145],[-75.605719,6.220748],[-75.6061,6.219935],[-75.607243,6.220079],[-75.607466,6.220253],[-75.607692,6.220366],[-75.608601,6.220352],[-75.608634,6.220295],[-75.608598,6.21963],[-75.610292,6.219363],[-75.61028,6.219385],[-75.610332,6.2194],[-75.610441,6.219398],[-75.610353,6.21937],[-75.610388,6.21928],[-75.609882,6.219326],[-75.610063,6.219241],[-75.610164,6.219071],[-75.609675,6.21883],[-75.6094,6.218535],[-75.609066,6.21831],[-75.608688,6.218167],[-75.608315,6.218117],[-75.608197,6.218116],[-75.608218,6.218169],[-75.608102,6.21819],[-75.607579,6.218237],[-75.60712,6.218216],[-75.606892,6.218127],[-75.60688,6.218197],[-75.606058,6.217333],[-75.605285,6.217578],[-75.604957,6.217135],[-75.604929,6.217194],[-75.604807,6.217041],[-75.604709,6.216855],[-75.604652,6.216599],[-75.604536,6.216524],[-75.604295,6.216489],[-75.603966,6.216679],[-75.603886,6.21669],[-75.603735,6.216634],[-75.603507,6.216628],[-75.603347,6.216499],[-75.603047,6.21641],[-75.603003,6.216264],[-75.602954,6.216291],[-75.60292,6.216234],[-75.602944,6.216218],[-75.602906,6.216097],[-75.602875,6.216052],[-75.602844,6.216062],[-75.602788,6.215902],[-75.602398,6.215602],[-75.602423,6.215412],[-75.602483,6.21531],[-75.602453,6.215253],[-75.602472,6.215143],[-75.602254,6.214796],[-75.60218,6.214721],[-75.602124,6.214743],[-75.602068,6.214671],[-75.601223,6.215201],[-75.60087,6.215304],[-75.600642,6.215461],[-75.600166,6.215684],[-75.599938,6.215897],[-75.599616,6.216392],[-75.599325,6.216722],[-75.599234,6.216866],[-75.59921,6.216989],[-75.599286,6.217989],[-75.599048,6.21881]]]},"properties":{"CODIGO":"1611","COMUNA":"16","BARRIO":"11","NOMBRE_BARRIO":"Loma de los Bernal","SECTOR":6,"INDICADOR_UR":"U","NOMBRE_COMUNA":"BELEN","MUNICIPIO":"001"}},{"type":"Feature","id":71,"geometry":{"type":"Polygon","coordinates":[[[-75.593512,6.292792],[-75.593685,6.292825],[-75.594118,6.292646],[-75.594291,6.292666],[-75.594352,6.292429],[-75.594557,6.292475],[-75.594736,6.292623],[-75.59507,6.29265],[-75.595314,6.292778],[-75.595406,6.292772],[-75.595523,6.292368],[-75.595251,6.292361],[-75.595193,6.292317],[-75.595269,6.291855],[-75.595171,6.291822],[-75.595215,6.29168],[-75.595718,6.291811],[-75.59576,6.291659],[-75.595792,6.291272],[-75.596063,6.290921],[-75.597621,6.290131],[-75.598423,6.289559],[-75.598329,6.289433],[-75.598077,6.289372],[-75.597663,6.288928],[-75.59751,6.288861],[-75.597501,6.288734],[-75.597392,6.288565],[-75.597427,6.288477],[-75.597424,6.288347],[-75.597357,6.28814],[-75.597321,6.288107],[-75.597146,6.288093],[-75.597087,6.28795],[-75.597022,6.287887],[-75.59682,6.287806],[-75.596726,6.287617],[-75.596725,6.287523],[-75.596587,6.287452],[-75.596623,6.287297],[-75.596552,6.287207],[-75.596539,6.287084],[-75.59663,6.287002],[-75.596605,6.286861],[-75.596695,6.286769],[-75.596711,6.286554],[-75.596686,6.286381],[-75.596511,6.285895],[-75.596265,6.285872],[-75.59614,6.285698],[-75.596158,6.2854],[-75.596075,6.285255],[-75.596062,6.285169],[-75.596078,6.284964],[-75.596138,6.284786],[-75.596099,6.284718],[-75.596106,6.284568],[-75.596074,6.284426],[-75.596138,6.284262],[-75.596121,6.284153],[-75.596432,6.284134],[-75.59625,6.284085],[-75.596141,6.283986],[-75.596086,6.283541],[-75.595844,6.283289],[-75.595738,6.282813],[-75.595665,6.282123],[-75.59511,6.281406],[-75.594987,6.281187],[-75.594937,6.281011],[-75.594823,6.280836],[-75.594353,6.280397],[-75.59395,6.280176],[-75.593865,6.28023],[-75.592993,6.281248],[-75.592904,6.281389],[-75.592891,6.281754],[-75.592325,6.282309],[-75.591932,6.282779],[-75.59177,6.283047],[-75.591388,6.284053],[-75.591269,6.284533],[-75.591051,6.285171],[-75.590491,6.286087],[-75.590384,6.286207],[-75.589884,6.286609],[-75.588368,6.287658],[-75.588956,6.287841],[-75.589176,6.287867],[-75.589615,6.287821],[-75.589706,6.287875],[-75.589839,6.288028],[-75.590032,6.288307],[-75.590424,6.28868],[-75.591422,6.289139],[-75.591814,6.289439],[-75.591848,6.289525],[-75.591808,6.289618],[-75.591695,6.289678],[-75.591575,6.289685],[-75.591342,6.289632],[-75.591249,6.289652],[-75.591149,6.289738],[-75.591109,6.289865],[-75.591236,6.289978],[-75.591575,6.290004],[-75.591874,6.290144],[-75.59228,6.290537],[-75.592699,6.291156],[-75.592779,6.291382],[-75.593498,6.292266],[-75.593526,6.292266],[-75.593419,6.292626],[-75.593512,6.292792]]]},"properties":{"CODIGO":"0713","COMUNA":"07","BARRIO":"13","NOMBRE_BARRIO":"Aures No.1","SECTOR":2,"INDICADOR_UR":"U","NOMBRE_COMUNA":"ROBLEDO","MUNICIPIO":"001"}},{"type":"Feature","id":72,"geometry":{"type":"Polygon","coordinates":[[[-75.611986,6.22255],[-75.61199,6.222486],[-75.611894,6.222349],[-75.612235,6.221915],[-75.612322,6.221861],[-75.612502,6.221879],[-75.612518,6.221815],[-75.612253,6.221778],[-75.612149,6.221718],[-75.612051,6.221606],[-75.611994,6.221443],[-75.612019,6.220789],[-75.612045,6.220643],[-75.61219,6.22032],[-75.61191,6.220082],[-75.611576,6.220013],[-75.61145,6.219962],[-75.611368,6.219881],[-75.611446,6.219882],[-75.611587,6.219696],[-75.611686,6.219804],[-75.611844,6.219771],[-75.6119,6.219674],[-75.611835,6.219545],[-75.612025,6.219284],[-75.612084,6.219308],[-75.612153,6.21919],[-75.612107,6.219078],[-75.612406,6.218937],[-75.612535,6.218765],[-75.612757,6.218614],[-75.612647,6.218462],[-75.612715,6.218358],[-75.61186,6.21831],[-75.611258,6.218453],[-75.61073,6.21884],[-75.610521,6.219138],[-75.610522,6.219274],[-75.610388,6.21928],[-75.610353,6.21937],[-75.610441,6.219398],[-75.610332,6.2194],[-75.61028,6.219385],[-75.610292,6.219363],[-75.608598,6.21963],[-75.608634,6.220295],[-75.608593,6.220352],[-75.608673,6.22145],[-75.608706,6.224125],[-75.608277,6.224261],[-75.608182,6.224334],[-75.608021,6.224568],[-75.607327,6.225038],[-75.606606,6.22535],[-75.606514,6.225355],[-75.606172,6.225259],[-75.605931,6.225257],[-75.605923,6.224175],[-75.605367,6.224076],[-75.605246,6.224087],[-75.605059,6.224208],[-75.604811,6.224677],[-75.604668,6.224831],[-75.603375,6.225569],[-75.603303,6.22564],[-75.602952,6.226252],[-75.605462,6.226478],[-75.605449,6.226608],[-75.605777,6.226738],[-75.605579,6.227143],[-75.605408,6.227401],[-75.605323,6.227644],[-75.605179,6.228369],[-75.605896,6.228634],[-75.606927,6.228923],[-75.606889,6.227908],[-75.608062,6.227603],[-75.608063,6.227552],[-75.608135,6.227554],[-75.608121,6.227609],[-75.608499,6.227684],[-75.608605,6.227756],[-75.608781,6.227589],[-75.608893,6.22753],[-75.609117,6.227515],[-75.609331,6.227367],[-75.609649,6.227253],[-75.609836,6.227135],[-75.609825,6.226895],[-75.609582,6.226955],[-75.609624,6.22679],[-75.609561,6.226676],[-75.609823,6.226671],[-75.609808,6.226527],[-75.609539,6.22641],[-75.609437,6.226474],[-75.609208,6.226435],[-75.609129,6.22636],[-75.609018,6.226342],[-75.609001,6.226378],[-75.608943,6.22637],[-75.608853,6.226216],[-75.608626,6.22602],[-75.608635,6.225984],[-75.608484,6.225838],[-75.608495,6.225574],[-75.608426,6.225245],[-75.608522,6.224934],[-75.608522,6.224634],[-75.608312,6.224274],[-75.608577,6.224182],[-75.608582,6.224205],[-75.608616,6.224194],[-75.608659,6.22451],[-75.608792,6.224492],[-75.609133,6.22464],[-75.609195,6.224374],[-75.609332,6.224297],[-75.609646,6.224271],[-75.609795,6.224198],[-75.610573,6.224722],[-75.610656,6.224584],[-75.610635,6.224398],[-75.610682,6.224222],[-75.610817,6.224103],[-75.610812,6.22401],[-75.611007,6.223686],[-75.610822,6.223541],[-75.610875,6.223432],[-75.610898,6.223275],[-75.61129,6.223384],[-75.611312,6.223414],[-75.611361,6.223395],[-75.611394,6.223453],[-75.611708,6.223521],[-75.611716,6.223482],[-75.611788,6.223499],[-75.611946,6.223005],[-75.611986,6.22255]]]},"properties":{"CODIGO":"1613","COMUNA":"16","BARRIO":"13","NOMBRE_BARRIO":"Altavista","SECTOR":6,"INDICADOR_UR":"U","NOMBRE_COMUNA":"BELEN","MUNICIPIO":"001"}},{"type":"Feature","id":73,"geometry":{"type":"Polygon","coordinates":[[[-75.589841,6.231557],[-75.590141,6.231586],[-75.591348,6.231555],[-75.596217,6.231386],[-75.59606,6.230058],[-75.596106,6.229356],[-75.595694,6.229409],[-75.595505,6.229368],[-75.59534,6.229246],[-75.5951,6.22894],[-75.594705,6.228705],[-75.594387,6.228552],[-75.593921,6.228395],[-75.593921,6.228372],[-75.593645,6.228299],[-75.593423,6.228323],[-75.592756,6.228571],[-75.592697,6.228707],[-75.591532,6.229208],[-75.591402,6.22924],[-75.59138,6.229103],[-75.591215,6.22917],[-75.590993,6.229284],[-75.590817,6.22943],[-75.590677,6.229657],[-75.590605,6.229884],[-75.590372,6.231103],[-75.590149,6.231399],[-75.589841,6.231557]]]},"properties":{"CODIGO":"1604","COMUNA":"16","BARRIO":"04","NOMBRE_BARRIO":"Granada","SECTOR":6,"INDICADOR_UR":"U","NOMBRE_COMUNA":"BELEN","MUNICIPIO":"001"}},{"type":"Feature","id":74,"geometry":{"type":"Polygon","coordinates":[[[-75.580943,6.248189],[-75.581296,6.248309],[-75.581707,6.248392],[-75.587428,6.249085],[-75.587798,6.247374],[-75.587767,6.247208],[-75.589106,6.244466],[-75.588644,6.244283],[-75.588452,6.244176],[-75.587833,6.243644],[-75.585994,6.243146],[-75.580943,6.248189]]]},"properties":{"CODIGO":"1104","COMUNA":"11","BARRIO":"04","NOMBRE_BARRIO":"San Joaquín","SECTOR":4,"INDICADOR_UR":"U","NOMBRE_COMUNA":"LAURELES","MUNICIPIO":"001"}},{"type":"Feature","id":75,"geometry":{"type":"Polygon","coordinates":[[[-75.570467,6.208395],[-75.570719,6.208487],[-75.571135,6.208252],[-75.57127,6.20828],[-75.571365,6.207496],[-75.571537,6.20666],[-75.571563,6.206311],[-75.571373,6.205235],[-75.57138,6.204838],[-75.571717,6.203462],[-75.569655,6.202651],[-75.568097,6.201994],[-75.567129,6.201479],[-75.566279,6.201235],[-75.565311,6.200843],[-75.564473,6.200439],[-75.564289,6.200556],[-75.563734,6.200792],[-75.562646,6.200774],[-75.562449,6.200876],[-75.562323,6.201012],[-75.561716,6.202159],[-75.561678,6.202298],[-75.561761,6.202651],[-75.561747,6.202882],[-75.561488,6.203807],[-75.561381,6.204042],[-75.561205,6.2043],[-75.561161,6.205018],[-75.561058,6.205312],[-75.560843,6.205644],[-75.560644,6.205846],[-75.559454,6.206671],[-75.559353,6.206889],[-75.55932,6.207263],[-75.559155,6.207508],[-75.559098,6.207714],[-75.559117,6.207848],[-75.559682,6.20787],[-75.559972,6.207715],[-75.560279,6.207613],[-75.560364,6.207738],[-75.561367,6.207665],[-75.561774,6.207533],[-75.562276,6.207552],[-75.562555,6.207428],[-75.563062,6.207274],[-75.56317,6.207295],[-75.563344,6.207388],[-75.563536,6.207589],[-75.563768,6.207556],[-75.56421,6.207327],[-75.564571,6.207357],[-75.564811,6.207506],[-75.56525,6.207604],[-75.565328,6.207588],[-75.56634,6.207011],[-75.566434,6.207271],[-75.566928,6.207214],[-75.567122,6.207327],[-75.567338,6.207278],[-75.567545,6.20709],[-75.567709,6.207019],[-75.568161,6.207178],[-75.568578,6.207524],[-75.568669,6.207524],[-75.569223,6.207926],[-75.569303,6.20793],[-75.569464,6.20774],[-75.56994,6.2078],[-75.570173,6.207911],[-75.570167,6.207989],[-75.57008,6.207991],[-75.570065,6.208155],[-75.570188,6.20827],[-75.570278,6.208289],[-75.570361,6.208382],[-75.570467,6.208395]]]},"properties":{"CODIGO":"1417","COMUNA":"14","BARRIO":"17","NOMBRE_BARRIO":"La Florida","SECTOR":5,"INDICADOR_UR":"U","NOMBRE_COMUNA":"EL POBLADO","MUNICIPIO":"001"}},{"type":"Feature","id":76,"geometry":{"type":"Polygon","coordinates":[[[-75.54873,6.232517],[-75.548683,6.232849],[-75.548776,6.233562],[-75.54885,6.234804],[-75.548875,6.234829],[-75.549029,6.234893],[-75.549533,6.235276],[-75.55003,6.235543],[-75.550308,6.235609],[-75.551448,6.235717],[-75.551857,6.235828],[-75.552225,6.236149],[-75.552881,6.236462],[-75.553036,6.236603],[-75.553143,6.236645],[-75.553323,6.236463],[-75.553144,6.235776],[-75.553009,6.235711],[-75.552995,6.235653],[-75.553037,6.235422],[-75.553025,6.235145],[-75.553162,6.234897],[-75.553,6.234778],[-75.552869,6.234623],[-75.552734,6.234412],[-75.552663,6.234154],[-75.552428,6.233756],[-75.552274,6.233021],[-75.552274,6.232894],[-75.552337,6.232762],[-75.55275,6.232437],[-75.552877,6.232349],[-75.552994,6.232376],[-75.553033,6.232283],[-75.553025,6.232084],[-75.553157,6.231718],[-75.55318,6.231528],[-75.553276,6.231421],[-75.553327,6.231299],[-75.553378,6.231272],[-75.553525,6.231298],[-75.553628,6.231222],[-75.553897,6.230871],[-75.553906,6.230782],[-75.554063,6.230476],[-75.55416,6.230395],[-75.55425,6.230145],[-75.554262,6.229853],[-75.554232,6.229789],[-75.554319,6.229641],[-75.55431,6.229229],[-75.554381,6.228963],[-75.554504,6.228727],[-75.55451,6.228656],[-75.554443,6.228539],[-75.554588,6.228371],[-75.554683,6.228067],[-75.554947,6.227746],[-75.554844,6.227723],[-75.554631,6.227533],[-75.554337,6.227372],[-75.553281,6.22696],[-75.552903,6.226907],[-75.552476,6.227016],[-75.552105,6.226631],[-75.551714,6.2265],[-75.551556,6.227082],[-75.551416,6.227381],[-75.551225,6.228191],[-75.551128,6.228435],[-75.550953,6.228668],[-75.55094,6.228846],[-75.550978,6.229055],[-75.550409,6.229193],[-75.550265,6.229201],[-75.549972,6.229762],[-75.549934,6.23019],[-75.5499,6.230189],[-75.549918,6.230244],[-75.549535,6.230635],[-75.54905,6.230853],[-75.548933,6.230956],[-75.54873,6.232517]]]},"properties":{"CODIGO":"0909","COMUNA":"09","BARRIO":"09","NOMBRE_BARRIO":"Cataluña","SECTOR":3,"INDICADOR_UR":"U","NOMBRE_COMUNA":"BUENOS AIRES","MUNICIPIO":"001"}},{"type":"Feature","id":77,"geometry":{"type":"Polygon","coordinates":[[[-75.56193,6.27034],[-75.562016,6.270988],[-75.562403,6.272341],[-75.56239,6.272494],[-75.564851,6.272923],[-75.565548,6.269209],[-75.563929,6.268619],[-75.563616,6.26859],[-75.561856,6.26799],[-75.561938,6.268204],[-75.561962,6.270185],[-75.56193,6.27034]]]},"properties":{"CODIGO":"0416","COMUNA":"04","BARRIO":"16","NOMBRE_BARRIO":"Jardín Botánico","SECTOR":1,"INDICADOR_UR":"U","NOMBRE_COMUNA":"ARANJUEZ","MUNICIPIO":"001"}},{"type":"Feature","id":78,"geometry":{"type":"Polygon","coordinates":[[[-75.54913,6.304079],[-75.549456,6.304217],[-75.549721,6.304286],[-75.549776,6.30443],[-75.549907,6.304625],[-75.550075,6.304784],[-75.550311,6.304927],[-75.550907,6.305201],[-75.551658,6.305487],[-75.551632,6.305318],[-75.55183,6.304765],[-75.551829,6.304722],[-75.55178,6.304702],[-75.551746,6.304411],[-75.55177,6.304026],[-75.551714,6.303998],[-75.551811,6.303753],[-75.552044,6.303469],[-75.552265,6.303005],[-75.552391,6.302542],[-75.552391,6.302058],[-75.552525,6.301715],[-75.552373,6.301671],[-75.552281,6.301709],[-75.551781,6.301727],[-75.551677,6.301761],[-75.551123,6.301714],[-75.550743,6.301507],[-75.550436,6.301484],[-75.550272,6.301309],[-75.550248,6.301328],[-75.55023,6.30127],[-75.550053,6.301096],[-75.549947,6.300888],[-75.549882,6.300827],[-75.550047,6.300674],[-75.549937,6.30056],[-75.549929,6.300471],[-75.549971,6.30008],[-75.550065,6.299774],[-75.549496,6.299654],[-75.549246,6.299562],[-75.54888,6.300218],[-75.548716,6.30059],[-75.548621,6.301234],[-75.548687,6.301631],[-75.548639,6.301761],[-75.548532,6.301916],[-75.548688,6.302268],[-75.548746,6.302577],[-75.548645,6.302815],[-75.548253,6.303512],[-75.54827,6.303629],[-75.548421,6.303889],[-75.548346,6.304186],[-75.548297,6.304269],[-75.54818,6.304334],[-75.547975,6.304324],[-75.547906,6.304235],[-75.547859,6.304037],[-75.547681,6.303845],[-75.547469,6.303705],[-75.547107,6.30358],[-75.547025,6.30359],[-75.546892,6.303704],[-75.546556,6.304145],[-75.546283,6.304304],[-75.545998,6.304331],[-75.545686,6.304207],[-75.545346,6.30418],[-75.545054,6.304057],[-75.544542,6.303953],[-75.544494,6.304204],[-75.544577,6.304262],[-75.544703,6.304423],[-75.544957,6.304434],[-75.54504,6.304526],[-75.54515,6.304573],[-75.54535,6.304906],[-75.545586,6.305081],[-75.545675,6.305103],[-75.545722,6.305163],[-75.545749,6.305209],[-75.545696,6.305334],[-75.54571,6.305382],[-75.545756,6.305328],[-75.545889,6.305362],[-75.546017,6.305281],[-75.54609,6.305171],[-75.546199,6.305113],[-75.54631,6.305104],[-75.546278,6.305092],[-75.546646,6.305103],[-75.546796,6.305136],[-75.547257,6.305016],[-75.547652,6.305283],[-75.548064,6.305351],[-75.548223,6.305336],[-75.548593,6.305189],[-75.549017,6.305134],[-75.549132,6.305087],[-75.549287,6.304965],[-75.549321,6.304837],[-75.549295,6.304628],[-75.549014,6.304283],[-75.549037,6.304124],[-75.54913,6.304079]]]},"properties":{"CODIGO":"0201","COMUNA":"02","BARRIO":"01","NOMBRE_BARRIO":"La Isla","SECTOR":1,"INDICADOR_UR":"U","NOMBRE_COMUNA":"SANTA CRUZ","MUNICIPIO":"001"}},{"type":"Feature","id":79,"geometry":{"type":"Polygon","coordinates":[[[-75.565095,6.211597],[-75.565293,6.211392],[-75.565725,6.21114],[-75.565717,6.211037],[-75.565986,6.211014],[-75.566432,6.21112],[-75.567137,6.21085],[-75.567457,6.211233],[-75.56782,6.211182],[-75.56824,6.211038],[-75.568432,6.211107],[-75.568847,6.211142],[-75.569034,6.211197],[-75.569179,6.211186],[-75.569137,6.211452],[-75.570067,6.21167],[-75.570164,6.211339],[-75.570458,6.210604],[-75.57127,6.20828],[-75.571135,6.208252],[-75.570719,6.208487],[-75.570414,6.208375],[-75.570361,6.208382],[-75.570278,6.208289],[-75.570188,6.20827],[-75.570065,6.208155],[-75.57008,6.207991],[-75.570167,6.207989],[-75.570173,6.207911],[-75.56994,6.2078],[-75.569464,6.20774],[-75.569303,6.20793],[-75.569223,6.207926],[-75.568669,6.207524],[-75.568578,6.207524],[-75.568161,6.207178],[-75.567709,6.207019],[-75.567545,6.20709],[-75.567338,6.207278],[-75.567122,6.207327],[-75.566928,6.207214],[-75.566434,6.207271],[-75.56634,6.207011],[-75.565328,6.207588],[-75.56525,6.207604],[-75.564811,6.207506],[-75.564571,6.207357],[-75.56421,6.207327],[-75.564102,6.207362],[-75.563876,6.207507],[-75.564175,6.208052],[-75.564304,6.208204],[-75.564669,6.208419],[-75.565055,6.208526],[-75.565561,6.208717],[-75.565354,6.209215],[-75.565344,6.209395],[-75.565365,6.20947],[-75.565687,6.209618],[-75.564908,6.211681],[-75.565095,6.211597]]]},"properties":{"CODIGO":"1418","COMUNA":"14","BARRIO":"18","NOMBRE_BARRIO":"El Poblado","SECTOR":5,"INDICADOR_UR":"U","NOMBRE_COMUNA":"EL POBLADO","MUNICIPIO":"001"}},{"type":"Feature","id":80,"geometry":{"type":"Polygon","coordinates":[[[-75.541404,6.244779],[-75.541399,6.245036],[-75.541452,6.245177],[-75.541558,6.245277],[-75.541905,6.244877],[-75.542206,6.244645],[-75.542295,6.244542],[-75.542836,6.244238],[-75.542753,6.243746],[-75.54266,6.243545],[-75.542682,6.243415],[-75.542829,6.24306],[-75.543525,6.243188],[-75.543618,6.243105],[-75.543638,6.243045],[-75.543572,6.242834],[-75.543598,6.242713],[-75.543681,6.242682],[-75.54388,6.242794],[-75.543946,6.242765],[-75.543949,6.242665],[-75.543852,6.242433],[-75.543872,6.242381],[-75.543973,6.242366],[-75.5442,6.24245],[-75.544767,6.242456],[-75.544674,6.242267],[-75.544688,6.242141],[-75.54479,6.242118],[-75.545143,6.242214],[-75.545149,6.241987],[-75.545188,6.241927],[-75.545474,6.241991],[-75.545613,6.241973],[-75.54567,6.241902],[-75.545791,6.241544],[-75.545984,6.241319],[-75.545994,6.241259],[-75.545948,6.241198],[-75.545691,6.241037],[-75.545716,6.24088],[-75.545841,6.240723],[-75.545807,6.240445],[-75.545725,6.240423],[-75.545367,6.240486],[-75.545238,6.240432],[-75.54505,6.240225],[-75.544927,6.239983],[-75.544832,6.239636],[-75.544837,6.239598],[-75.544944,6.239597],[-75.544921,6.2393],[-75.544719,6.239244],[-75.544463,6.238734],[-75.54423,6.238848],[-75.544169,6.238947],[-75.544055,6.23896],[-75.543875,6.23879],[-75.543679,6.238693],[-75.543566,6.238706],[-75.543301,6.238649],[-75.543127,6.238742],[-75.542945,6.238717],[-75.54287,6.238666],[-75.542635,6.238763],[-75.542072,6.239133],[-75.541933,6.238935],[-75.541819,6.238628],[-75.540928,6.238104],[-75.54074,6.238117],[-75.540554,6.238177],[-75.540519,6.238213],[-75.540198,6.238162],[-75.539904,6.238901],[-75.539879,6.238935],[-75.53981,6.238919],[-75.539688,6.239333],[-75.539909,6.239737],[-75.539671,6.239717],[-75.539681,6.240056],[-75.539628,6.24024],[-75.53967,6.240529],[-75.539735,6.24065],[-75.539925,6.240865],[-75.539954,6.24125],[-75.539898,6.241447],[-75.539972,6.241529],[-75.539991,6.241636],[-75.540088,6.241787],[-75.540102,6.241931],[-75.540177,6.241997],[-75.540202,6.242245],[-75.540101,6.242401],[-75.54011,6.242614],[-75.540185,6.24275],[-75.540212,6.242964],[-75.540296,6.242943],[-75.540365,6.24288],[-75.540381,6.242748],[-75.540435,6.242661],[-75.540761,6.242652],[-75.540787,6.242586],[-75.540834,6.242604],[-75.540812,6.242662],[-75.541234,6.242895],[-75.541561,6.243204],[-75.541657,6.243669],[-75.541561,6.243921],[-75.541511,6.243895],[-75.541435,6.244073],[-75.541435,6.244147],[-75.541515,6.244325],[-75.541512,6.244419],[-75.541488,6.24458],[-75.541415,6.2447],[-75.541404,6.244779]]]},"properties":{"CODIGO":"0812","COMUNA":"08","BARRIO":"12","NOMBRE_BARRIO":"La Libertad","SECTOR":3,"INDICADOR_UR":"U","NOMBRE_COMUNA":"VILLA HERMOSA","MUNICIPIO":"001"}},{"type":"Feature","id":81,"geometry":{"type":"Polygon","coordinates":[[[-75.556765,6.303449],[-75.556936,6.303568],[-75.557117,6.302763],[-75.557478,6.301795],[-75.557834,6.301018],[-75.557928,6.300702],[-75.557639,6.300716],[-75.557401,6.300563],[-75.55725,6.30054],[-75.557201,6.300645],[-75.556724,6.300887],[-75.556669,6.300873],[-75.556979,6.300197],[-75.556692,6.300081],[-75.556346,6.300001],[-75.556393,6.299789],[-75.556102,6.29985],[-75.555998,6.299666],[-75.555918,6.29969],[-75.555471,6.299688],[-75.555347,6.299828],[-75.555002,6.299605],[-75.554835,6.299656],[-75.554776,6.29972],[-75.554591,6.299705],[-75.554496,6.299819],[-75.554257,6.299964],[-75.554105,6.299952],[-75.553783,6.299757],[-75.553168,6.300758],[-75.552685,6.300469],[-75.553305,6.299487],[-75.553006,6.299396],[-75.552744,6.299227],[-75.552159,6.299084],[-75.551581,6.298815],[-75.551342,6.298678],[-75.551304,6.298529],[-75.551094,6.298446],[-75.55112,6.298389],[-75.551578,6.29826],[-75.551633,6.298273],[-75.551723,6.298112],[-75.551788,6.297942],[-75.551778,6.297879],[-75.55188,6.297675],[-75.551577,6.297606],[-75.55145,6.297399],[-75.551338,6.297349],[-75.55132,6.297302],[-75.551352,6.297204],[-75.550988,6.29686],[-75.550827,6.296593],[-75.550644,6.297094],[-75.550566,6.297139],[-75.550319,6.297143],[-75.55023,6.29722],[-75.550278,6.297584],[-75.550214,6.297831],[-75.549246,6.299562],[-75.549496,6.299654],[-75.550065,6.299774],[-75.549971,6.30008],[-75.549929,6.300471],[-75.549937,6.30056],[-75.550047,6.300674],[-75.549882,6.300827],[-75.549947,6.300888],[-75.550053,6.301096],[-75.55023,6.30127],[-75.550248,6.301328],[-75.550272,6.301309],[-75.550468,6.3015],[-75.550743,6.301507],[-75.551123,6.301714],[-75.551677,6.301761],[-75.551781,6.301727],[-75.552281,6.301709],[-75.552373,6.301671],[-75.552479,6.301694],[-75.552525,6.301715],[-75.552391,6.302058],[-75.552387,6.302229],[-75.55318,6.302249],[-75.553257,6.302237],[-75.553349,6.302152],[-75.553378,6.302185],[-75.553548,6.302193],[-75.55372,6.302386],[-75.553959,6.302458],[-75.554175,6.302439],[-75.55434,6.30258],[-75.554657,6.302558],[-75.554861,6.302465],[-75.55495,6.302567],[-75.555107,6.302657],[-75.555351,6.302658],[-75.555439,6.302751],[-75.556106,6.303023],[-75.556072,6.30318],[-75.556323,6.30333],[-75.556615,6.303322],[-75.556765,6.303449]]]},"properties":{"CODIGO":"0205","COMUNA":"02","BARRIO":"05","NOMBRE_BARRIO":"La Francia","SECTOR":1,"INDICADOR_UR":"U","NOMBRE_COMUNA":"SANTA CRUZ","MUNICIPIO":"001"}},{"type":"Feature","id":82,"geometry":{"type":"Polygon","coordinates":[[[-75.548055,6.252423],[-75.54763,6.25289],[-75.547647,6.252974],[-75.547735,6.252954],[-75.547907,6.252798],[-75.548064,6.252763],[-75.548203,6.252551],[-75.548431,6.252413],[-75.548564,6.252393],[-75.548669,6.252307],[-75.548837,6.252314],[-75.54899,6.252382],[-75.549194,6.252376],[-75.549388,6.252274],[-75.549507,6.252269],[-75.550141,6.25184],[-75.550276,6.251648],[-75.55063,6.251619],[-75.550818,6.251679],[-75.550893,6.251665],[-75.550955,6.251528],[-75.550931,6.25132],[-75.551067,6.251081],[-75.551238,6.250962],[-75.551263,6.25077],[-75.551322,6.250681],[-75.551685,6.250724],[-75.551878,6.250587],[-75.552278,6.250429],[-75.552471,6.250444],[-75.553036,6.250731],[-75.553515,6.250695],[-75.554526,6.250689],[-75.554666,6.250629],[-75.55477,6.250545],[-75.554847,6.250265],[-75.554691,6.24989],[-75.554738,6.249677],[-75.55385,6.249525],[-75.554259,6.248265],[-75.553605,6.247871],[-75.553477,6.247735],[-75.553086,6.247572],[-75.551586,6.246587],[-75.551322,6.246738],[-75.551193,6.246726],[-75.551196,6.246603],[-75.551168,6.246582],[-75.551165,6.246718],[-75.5508,6.246745],[-75.550661,6.246621],[-75.550593,6.246589],[-75.550512,6.246599],[-75.55028,6.246678],[-75.550086,6.246792],[-75.549899,6.246819],[-75.550038,6.246476],[-75.549502,6.246673],[-75.549532,6.246773],[-75.548975,6.246707],[-75.548969,6.246728],[-75.549101,6.246796],[-75.549071,6.2468],[-75.548877,6.246708],[-75.548729,6.246694],[-75.548411,6.24679],[-75.547819,6.246832],[-75.54764,6.246775],[-75.547001,6.246716],[-75.546872,6.246737],[-75.546674,6.246846],[-75.546584,6.246847],[-75.546359,6.246774],[-75.546033,6.246838],[-75.546075,6.24691],[-75.546437,6.247138],[-75.546619,6.24723],[-75.547057,6.247359],[-75.547409,6.247512],[-75.547566,6.247589],[-75.547704,6.247737],[-75.547913,6.24816],[-75.547904,6.248566],[-75.547821,6.248914],[-75.547826,6.249067],[-75.547695,6.249467],[-75.547698,6.249628],[-75.547764,6.249896],[-75.548399,6.24976],[-75.548404,6.250121],[-75.548381,6.250313],[-75.548305,6.250493],[-75.548305,6.250703],[-75.548427,6.250883],[-75.549096,6.251459],[-75.549142,6.251541],[-75.549154,6.251733],[-75.549096,6.251983],[-75.549038,6.252088],[-75.548968,6.252117],[-75.548536,6.25206],[-75.548365,6.252145],[-75.548362,6.252176],[-75.548055,6.252423]]]},"properties":{"CODIGO":"0808","COMUNA":"08","BARRIO":"08","NOMBRE_BARRIO":"Enciso","SECTOR":3,"INDICADOR_UR":"U","NOMBRE_COMUNA":"VILLA HERMOSA","MUNICIPIO":"001"}},{"type":"Feature","id":83,"geometry":{"type":"Polygon","coordinates":[[[-75.541454,6.2894],[-75.541115,6.28938],[-75.541136,6.289441],[-75.541385,6.289721],[-75.541368,6.289978],[-75.541163,6.290825],[-75.540634,6.291782],[-75.540528,6.292135],[-75.540449,6.29223],[-75.540344,6.292276],[-75.54008,6.292329],[-75.539636,6.292488],[-75.539866,6.292625],[-75.540253,6.2926],[-75.540514,6.292693],[-75.540726,6.292647],[-75.541166,6.292666],[-75.541471,6.292705],[-75.541587,6.292761],[-75.541677,6.292625],[-75.541777,6.292547],[-75.54235,6.292279],[-75.542591,6.291925],[-75.542641,6.291712],[-75.542573,6.29124],[-75.542607,6.291132],[-75.54286,6.290825],[-75.542908,6.290608],[-75.542879,6.28986],[-75.542902,6.289779],[-75.542784,6.289703],[-75.542578,6.289776],[-75.54228,6.289708],[-75.542141,6.289555],[-75.541842,6.289474],[-75.541684,6.289335],[-75.541454,6.2894]]]},"properties":{"CODIGO":"0110","COMUNA":"01","BARRIO":"10","NOMBRE_BARRIO":"La Esperanza No. 2","SECTOR":1,"INDICADOR_UR":"U","NOMBRE_COMUNA":"POPULAR","MUNICIPIO":"001"}},{"type":"Feature","id":84,"geometry":{"type":"Polygon","coordinates":[[[-75.599414,6.244638],[-75.599941,6.244722],[-75.600143,6.244804],[-75.602648,6.245209],[-75.602742,6.24393],[-75.602752,6.243349],[-75.60285,6.243307],[-75.602885,6.243236],[-75.602875,6.243157],[-75.602822,6.243098],[-75.602757,6.243079],[-75.602758,6.243029],[-75.602995,6.23897],[-75.603164,6.238925],[-75.60323,6.238847],[-75.603258,6.238746],[-75.603238,6.238643],[-75.603176,6.238558],[-75.603017,6.238502],[-75.603074,6.237619],[-75.599841,6.237709],[-75.600032,6.238277],[-75.600191,6.238504],[-75.600226,6.238842],[-75.598339,6.238896],[-75.598429,6.242596],[-75.599587,6.242669],[-75.599603,6.242969],[-75.59957,6.243381],[-75.599414,6.244638]]]},"properties":{"CODIGO":"1109","COMUNA":"11","BARRIO":"09","NOMBRE_BARRIO":"Las Acacias","SECTOR":4,"INDICADOR_UR":"U","NOMBRE_COMUNA":"LAURELES","MUNICIPIO":"001"}},{"type":"Feature","id":85,"geometry":{"type":"Polygon","coordinates":[[[-75.541115,6.28938],[-75.541454,6.2894],[-75.541684,6.289335],[-75.541477,6.289096],[-75.541592,6.288987],[-75.54179,6.288966],[-75.541825,6.289005],[-75.541903,6.28902],[-75.542086,6.289012],[-75.542547,6.288931],[-75.542871,6.289014],[-75.543179,6.288933],[-75.543266,6.288836],[-75.543295,6.288714],[-75.543266,6.288629],[-75.542592,6.288102],[-75.54244,6.287911],[-75.542381,6.287776],[-75.542505,6.287374],[-75.542453,6.287178],[-75.542203,6.286971],[-75.542018,6.286638],[-75.541879,6.286536],[-75.541575,6.286439],[-75.541495,6.286349],[-75.54141,6.286116],[-75.541278,6.28608],[-75.540971,6.286272],[-75.540766,6.28633],[-75.540658,6.286293],[-75.540478,6.286111],[-75.540383,6.286059],[-75.540239,6.286077],[-75.539971,6.285886],[-75.53994,6.285988],[-75.540183,6.286294],[-75.540314,6.28674],[-75.54039,6.286831],[-75.540565,6.286829],[-75.540914,6.286577],[-75.541166,6.286541],[-75.541347,6.286639],[-75.541478,6.286901],[-75.541525,6.28708],[-75.541479,6.287216],[-75.541387,6.287278],[-75.541108,6.287354],[-75.540966,6.287455],[-75.54089,6.287903],[-75.540665,6.288065],[-75.540588,6.288214],[-75.540648,6.288282],[-75.540855,6.288273],[-75.54096,6.288329],[-75.541009,6.288395],[-75.541018,6.288478],[-75.540963,6.288718],[-75.541033,6.288943],[-75.54115,6.289163],[-75.541115,6.28938]]]},"properties":{"CODIGO":"0109","COMUNA":"01","BARRIO":"09","NOMBRE_BARRIO":"Aldea Pablo VI","SECTOR":1,"INDICADOR_UR":"U","NOMBRE_COMUNA":"POPULAR","MUNICIPIO":"001"}},{"type":"Feature","id":86,"geometry":{"type":"Polygon","coordinates":[[[-75.57635,6.22593],[-75.575619,6.231344],[-75.577504,6.231885],[-75.577591,6.231805],[-75.57745,6.231113],[-75.577193,6.231105],[-75.577234,6.230898],[-75.577397,6.230901],[-75.577138,6.229966],[-75.577088,6.229651],[-75.577093,6.229316],[-75.577147,6.228988],[-75.578296,6.22586],[-75.58065,6.226708],[-75.580901,6.226771],[-75.580967,6.226737],[-75.581587,6.225166],[-75.581718,6.225014],[-75.581908,6.224928],[-75.582066,6.224907],[-75.583581,6.224834],[-75.58375,6.224748],[-75.583808,6.224631],[-75.583912,6.224562],[-75.583952,6.224475],[-75.584807,6.223996],[-75.585046,6.223787],[-75.58547,6.223062],[-75.587708,6.223634],[-75.588237,6.223708],[-75.588877,6.220388],[-75.58813,6.220189],[-75.587962,6.22021],[-75.586511,6.220688],[-75.586471,6.220036],[-75.586399,6.219822],[-75.586212,6.21888],[-75.586156,6.218852],[-75.585616,6.218632],[-75.585054,6.218585],[-75.584983,6.218526],[-75.579356,6.217265],[-75.577628,6.216844],[-75.577247,6.219705],[-75.57635,6.22593]]]},"properties":{"CODIGO":"1504","COMUNA":"15","BARRIO":"04","NOMBRE_BARRIO":"Santa Fé","SECTOR":6,"INDICADOR_UR":"U","NOMBRE_COMUNA":"GUAYABAL","MUNICIPIO":"001"}},{"type":"Feature","id":87,"geometry":{"type":"Polygon","coordinates":[[[-75.567255,6.254034],[-75.56827,6.254334],[-75.56921,6.254496],[-75.569404,6.25316],[-75.569385,6.252896],[-75.569421,6.252625],[-75.570357,6.250669],[-75.571079,6.249008],[-75.571527,6.247885],[-75.568866,6.246975],[-75.56827,6.246723],[-75.567681,6.247576],[-75.56675,6.246992],[-75.566365,6.246787],[-75.56683,6.246182],[-75.565592,6.245296],[-75.565228,6.244961],[-75.564231,6.244448],[-75.563745,6.24537],[-75.563624,6.245669],[-75.562412,6.248077],[-75.562298,6.248514],[-75.562064,6.249154],[-75.561405,6.249996],[-75.567368,6.253742],[-75.567255,6.254034]]]},"properties":{"CODIGO":"1019","COMUNA":"10","BARRIO":"19","NOMBRE_BARRIO":"La Candelaria","SECTOR":3,"INDICADOR_UR":"U","NOMBRE_COMUNA":"LA CANDELARIA","MUNICIPIO":"001"}},{"type":"Feature","id":88,"geometry":{"type":"Polygon","coordinates":[[[-75.582889,6.285599],[-75.583058,6.285632],[-75.583338,6.285877],[-75.583857,6.286055],[-75.583982,6.28617],[-75.584036,6.286264],[-75.584133,6.286642],[-75.584328,6.286675],[-75.584493,6.286189],[-75.584364,6.285751],[-75.58415,6.284494],[-75.57969,6.280795],[-75.579492,6.281061],[-75.578977,6.280941],[-75.578852,6.280941],[-75.578248,6.28376],[-75.578278,6.283815],[-75.578662,6.283804],[-75.578689,6.283901],[-75.578787,6.28399],[-75.57906,6.284034],[-75.579418,6.284164],[-75.579789,6.284527],[-75.580156,6.284762],[-75.581191,6.284908],[-75.581645,6.285105],[-75.581857,6.285156],[-75.582041,6.285122],[-75.582202,6.285133],[-75.582406,6.285298],[-75.582387,6.285446],[-75.582426,6.285473],[-75.582403,6.285599],[-75.582727,6.28567],[-75.582772,6.285584],[-75.582889,6.285599]]]},"properties":{"CODIGO":"0710","COMUNA":"07","BARRIO":"10","NOMBRE_BARRIO":"López de Mesa","SECTOR":2,"INDICADOR_UR":"U","NOMBRE_COMUNA":"ROBLEDO","MUNICIPIO":"001"}},{"type":"Feature","id":89,"geometry":{"type":"Polygon","coordinates":[[[-75.563706,6.26397],[-75.563253,6.264083],[-75.562477,6.265401],[-75.561955,6.266573],[-75.561862,6.267089],[-75.561835,6.267463],[-75.561856,6.26799],[-75.563616,6.26859],[-75.563929,6.268619],[-75.565458,6.269185],[-75.566261,6.269394],[-75.566319,6.269381],[-75.566479,6.268906],[-75.566895,6.267185],[-75.567458,6.26472],[-75.567473,6.264444],[-75.564253,6.263942],[-75.564044,6.26392],[-75.563706,6.26397]]]},"properties":{"CODIGO":"0407","COMUNA":"04","BARRIO":"07","NOMBRE_BARRIO":"Sevilla","SECTOR":1,"INDICADOR_UR":"U","NOMBRE_COMUNA":"ARANJUEZ","MUNICIPIO":"001"}},{"type":"Feature","id":90,"geometry":{"type":"Polygon","coordinates":[[[-75.538171,6.286073],[-75.538362,6.285799],[-75.539137,6.285754],[-75.539079,6.285485],[-75.539106,6.285156],[-75.539083,6.284835],[-75.539154,6.284415],[-75.539193,6.284411],[-75.539455,6.284589],[-75.540144,6.28514],[-75.540532,6.285344],[-75.540889,6.284881],[-75.541086,6.284719],[-75.541144,6.284599],[-75.54116,6.284224],[-75.541111,6.283717],[-75.541189,6.283448],[-75.541179,6.282055],[-75.54126,6.281779],[-75.541148,6.281465],[-75.541299,6.281383],[-75.54135,6.28118],[-75.541348,6.280695],[-75.541486,6.279732],[-75.541648,6.279353],[-75.541882,6.278614],[-75.541883,6.278588],[-75.541534,6.278436],[-75.541619,6.278079],[-75.541644,6.277826],[-75.541892,6.277779],[-75.541943,6.277302],[-75.54157,6.277323],[-75.541556,6.277251],[-75.538985,6.279135],[-75.538832,6.279168],[-75.538914,6.279496],[-75.539035,6.27963],[-75.539278,6.280134],[-75.53957,6.281036],[-75.539561,6.281397],[-75.539525,6.281507],[-75.539368,6.281722],[-75.539343,6.28184],[-75.539399,6.282069],[-75.539371,6.282087],[-75.539061,6.281998],[-75.538672,6.281781],[-75.538542,6.281778],[-75.538137,6.281572],[-75.538003,6.281611],[-75.537715,6.281599],[-75.53748,6.281645],[-75.537532,6.281782],[-75.537615,6.281748],[-75.537648,6.28181],[-75.53731,6.281996],[-75.537358,6.282147],[-75.537309,6.282252],[-75.537344,6.282274],[-75.53728,6.282423],[-75.537465,6.28247],[-75.537449,6.282834],[-75.537499,6.282968],[-75.537759,6.283003],[-75.537792,6.283211],[-75.537627,6.28326],[-75.537636,6.2833],[-75.537844,6.28335],[-75.537783,6.283587],[-75.537722,6.283744],[-75.537557,6.283677],[-75.537298,6.283436],[-75.537,6.283885],[-75.536966,6.283863],[-75.536914,6.28399],[-75.536673,6.284335],[-75.536649,6.284536],[-75.536372,6.285004],[-75.536602,6.285027],[-75.536599,6.285048],[-75.536747,6.285079],[-75.536881,6.285203],[-75.537059,6.285257],[-75.5373,6.285408],[-75.537589,6.28588],[-75.537661,6.285944],[-75.537835,6.28601],[-75.537927,6.286002],[-75.538171,6.286073]]]},"properties":{"CODIGO":"0313","COMUNA":"03","BARRIO":"13","NOMBRE_BARRIO":"María Cano Carambolas","SECTOR":1,"INDICADOR_UR":"U","NOMBRE_COMUNA":"MANRIQUE","MUNICIPIO":"001"}},{"type":"Feature","id":91,"geometry":{"type":"Polygon","coordinates":[[[-75.537455,6.279439],[-75.53805,6.279507],[-75.53837,6.279448],[-75.538398,6.279432],[-75.538318,6.279356],[-75.538399,6.279257],[-75.538233,6.279104],[-75.53836,6.278903],[-75.538494,6.279035],[-75.53862,6.279006],[-75.538665,6.278969],[-75.538645,6.278943],[-75.538738,6.278909],[-75.538884,6.279062],[-75.538828,6.279168],[-75.538985,6.279135],[-75.544905,6.274758],[-75.544865,6.274624],[-75.545272,6.273708],[-75.545637,6.273597],[-75.545623,6.273534],[-75.545776,6.273449],[-75.54563,6.273135],[-75.545593,6.272898],[-75.545603,6.272767],[-75.545715,6.272387],[-75.545726,6.272203],[-75.545352,6.271287],[-75.545209,6.271188],[-75.544802,6.271197],[-75.544722,6.271251],[-75.544701,6.271633],[-75.544524,6.27165],[-75.544257,6.271422],[-75.544033,6.271616],[-75.543356,6.272089],[-75.542621,6.272365],[-75.542234,6.272296],[-75.542092,6.272352],[-75.541815,6.27238],[-75.541664,6.272448],[-75.541291,6.272659],[-75.541041,6.272856],[-75.540885,6.273073],[-75.540787,6.273318],[-75.540575,6.273465],[-75.540326,6.273792],[-75.540037,6.273948],[-75.539888,6.273963],[-75.539525,6.273925],[-75.53883,6.274196],[-75.53799,6.274731],[-75.537905,6.274737],[-75.537596,6.274858],[-75.537249,6.274856],[-75.535696,6.275017],[-75.535715,6.275517],[-75.535869,6.275483],[-75.536122,6.275604],[-75.536616,6.275698],[-75.536666,6.275807],[-75.536446,6.275818],[-75.53604,6.275771],[-75.535981,6.276039],[-75.535937,6.276079],[-75.535924,6.276242],[-75.536089,6.276615],[-75.536233,6.276729],[-75.536503,6.277147],[-75.53624,6.277273],[-75.536638,6.2782],[-75.536742,6.278695],[-75.53694,6.278987],[-75.537301,6.279349],[-75.537455,6.279439]]]},"properties":{"CODIGO":"0312","COMUNA":"03","BARRIO":"12","NOMBRE_BARRIO":"Oriente","SECTOR":1,"INDICADOR_UR":"U","NOMBRE_COMUNA":"MANRIQUE","MUNICIPIO":"001"}},{"type":"Feature","id":92,"geometry":{"type":"Polygon","coordinates":[[[-75.588237,6.223708],[-75.587708,6.223634],[-75.58547,6.223062],[-75.585046,6.223787],[-75.584807,6.223996],[-75.583952,6.224475],[-75.583912,6.224562],[-75.583808,6.224631],[-75.58375,6.224748],[-75.583581,6.224834],[-75.582066,6.224907],[-75.581908,6.224928],[-75.581718,6.225014],[-75.581587,6.225166],[-75.580967,6.226737],[-75.580901,6.226771],[-75.58065,6.226708],[-75.578296,6.22586],[-75.577147,6.228988],[-75.577093,6.229316],[-75.577088,6.229651],[-75.577138,6.229966],[-75.577397,6.230901],[-75.577234,6.230898],[-75.577193,6.231105],[-75.57745,6.231113],[-75.577559,6.231561],[-75.577584,6.231804],[-75.577643,6.231758],[-75.577904,6.231372],[-75.578049,6.23061],[-75.578115,6.230453],[-75.57823,6.230308],[-75.579868,6.229358],[-75.580085,6.229026],[-75.580178,6.22882],[-75.582775,6.229513],[-75.582719,6.229946],[-75.582757,6.231788],[-75.586345,6.231693],[-75.586341,6.231468],[-75.586547,6.230389],[-75.586677,6.230105],[-75.586654,6.22984],[-75.586753,6.229328],[-75.586749,6.229296],[-75.586664,6.229306],[-75.586666,6.229243],[-75.586718,6.228925],[-75.586772,6.22894],[-75.586779,6.228911],[-75.586924,6.228032],[-75.587237,6.228149],[-75.58735,6.227625],[-75.587436,6.226682],[-75.587646,6.225967],[-75.587818,6.225088],[-75.587926,6.225092],[-75.587996,6.225037],[-75.587926,6.224938],[-75.588237,6.223708]]]},"properties":{"CODIGO":"1503","COMUNA":"15","BARRIO":"03","NOMBRE_BARRIO":"Trinidad","SECTOR":6,"INDICADOR_UR":"U","NOMBRE_COMUNA":"GUAYABAL","MUNICIPIO":"001"}},{"type":"Feature","id":93,"geometry":{"type":"Polygon","coordinates":[[[-75.605642,6.231043],[-75.602365,6.231114],[-75.602356,6.231008],[-75.602303,6.230914],[-75.602216,6.230851],[-75.60211,6.230832],[-75.602005,6.230859],[-75.601925,6.230924],[-75.601878,6.231016],[-75.601873,6.231122],[-75.598748,6.23127],[-75.598616,6.228791],[-75.596119,6.229492],[-75.596112,6.229414],[-75.596078,6.229553],[-75.59606,6.230058],[-75.596217,6.231386],[-75.593629,6.231479],[-75.593756,6.235383],[-75.594017,6.235125],[-75.595401,6.236508],[-75.596356,6.235167],[-75.596424,6.235525],[-75.59656,6.235406],[-75.597531,6.233909],[-75.597772,6.233643],[-75.597957,6.233579],[-75.598222,6.233579],[-75.598221,6.233443],[-75.598538,6.233399],[-75.599992,6.233],[-75.600204,6.233035],[-75.600313,6.233093],[-75.600312,6.233248],[-75.600426,6.233315],[-75.60045,6.233559],[-75.600658,6.233682],[-75.600887,6.233902],[-75.601186,6.234119],[-75.601328,6.234182],[-75.601417,6.234206],[-75.602209,6.234159],[-75.603298,6.234056],[-75.604294,6.234255],[-75.60513,6.234493],[-75.605135,6.234534],[-75.605286,6.234511],[-75.605988,6.234125],[-75.606151,6.234003],[-75.606357,6.23363],[-75.606229,6.233185],[-75.605971,6.232024],[-75.605642,6.231043]]]},"properties":{"CODIGO":"1603","COMUNA":"16","BARRIO":"03","NOMBRE_BARRIO":"Belén","SECTOR":6,"INDICADOR_UR":"U","NOMBRE_COMUNA":"BELEN","MUNICIPIO":"001"}},{"type":"Feature","id":94,"geometry":{"type":"Polygon","coordinates":[[[-75.566428,6.312689],[-75.566445,6.312781],[-75.566592,6.312753],[-75.566763,6.312615],[-75.566819,6.312604],[-75.567098,6.312677],[-75.567306,6.312667],[-75.567497,6.312462],[-75.567718,6.312368],[-75.567756,6.312194],[-75.567899,6.312142],[-75.568217,6.312299],[-75.568533,6.312305],[-75.568734,6.31224],[-75.56893,6.312027],[-75.569092,6.311744],[-75.569231,6.311598],[-75.569297,6.31145],[-75.569663,6.31092],[-75.569789,6.310866],[-75.570274,6.310904],[-75.570807,6.310822],[-75.570961,6.31076],[-75.571107,6.310625],[-75.571257,6.310572],[-75.571499,6.30986],[-75.569015,6.309016],[-75.567908,6.30888],[-75.566473,6.308782],[-75.566563,6.308589],[-75.564661,6.30775],[-75.564068,6.308279],[-75.563952,6.308453],[-75.563893,6.308724],[-75.563764,6.311171],[-75.564965,6.311198],[-75.565564,6.312333],[-75.566333,6.312211],[-75.566428,6.312689]]]},"properties":{"CODIGO":"0503","COMUNA":"05","BARRIO":"03","NOMBRE_BARRIO":"Florencia","SECTOR":2,"INDICADOR_UR":"U","NOMBRE_COMUNA":"CASTILLA","MUNICIPIO":"001"}},{"type":"Feature","id":95,"geometry":{"type":"Polygon","coordinates":[[[-75.5919,6.295066],[-75.592084,6.295385],[-75.592132,6.295391],[-75.59218,6.295461],[-75.592508,6.295671],[-75.592836,6.295933],[-75.592899,6.295855],[-75.593091,6.295725],[-75.592848,6.295504],[-75.593082,6.295353],[-75.593122,6.295064],[-75.593628,6.295163],[-75.593748,6.295161],[-75.594189,6.294975],[-75.594282,6.294977],[-75.594543,6.295047],[-75.594693,6.295121],[-75.594966,6.295157],[-75.596101,6.295144],[-75.595998,6.295],[-75.595372,6.292838],[-75.595402,6.292772],[-75.595314,6.292778],[-75.59507,6.29265],[-75.594736,6.292623],[-75.594557,6.292475],[-75.594352,6.292429],[-75.594291,6.292666],[-75.594118,6.292646],[-75.593685,6.292825],[-75.593512,6.292792],[-75.593419,6.292626],[-75.593526,6.292266],[-75.593498,6.292266],[-75.592779,6.291382],[-75.592699,6.291156],[-75.59228,6.290537],[-75.591874,6.290144],[-75.591575,6.290004],[-75.591236,6.289978],[-75.591109,6.289865],[-75.591149,6.289738],[-75.591249,6.289652],[-75.591342,6.289632],[-75.591575,6.289685],[-75.591695,6.289678],[-75.591808,6.289618],[-75.591848,6.289525],[-75.591814,6.289439],[-75.591422,6.289139],[-75.590424,6.28868],[-75.590032,6.288307],[-75.589839,6.288028],[-75.589706,6.287875],[-75.589615,6.287821],[-75.589176,6.287867],[-75.588956,6.287841],[-75.588368,6.287658],[-75.587928,6.288704],[-75.587772,6.28881],[-75.587506,6.288887],[-75.587339,6.289009],[-75.586863,6.289678],[-75.586559,6.289913],[-75.586532,6.29004],[-75.58912,6.292193],[-75.588807,6.29231],[-75.588516,6.292682],[-75.588445,6.292661],[-75.588381,6.292723],[-75.588385,6.292759],[-75.587967,6.293142],[-75.588457,6.293501],[-75.588423,6.293536],[-75.588936,6.294043],[-75.588989,6.294055],[-75.589235,6.294339],[-75.589366,6.294424],[-75.590194,6.295349],[-75.590284,6.295353],[-75.591391,6.294496],[-75.591445,6.294687],[-75.591591,6.294776],[-75.5919,6.295066]]]},"properties":{"CODIGO":"0712","COMUNA":"07","BARRIO":"12","NOMBRE_BARRIO":"Aures No. 2","SECTOR":2,"INDICADOR_UR":"U","NOMBRE_COMUNA":"ROBLEDO","MUNICIPIO":"001"}},{"type":"Feature","id":96,"geometry":{"type":"Polygon","coordinates":[[[-75.568269,6.196926],[-75.567581,6.196987],[-75.567394,6.196951],[-75.567012,6.196723],[-75.566486,6.196519],[-75.566434,6.196473],[-75.566394,6.196326],[-75.566029,6.195985],[-75.56551,6.197065],[-75.565392,6.198353],[-75.565297,6.198779],[-75.565064,6.199336],[-75.564521,6.200459],[-75.565311,6.200843],[-75.566279,6.201235],[-75.567129,6.201479],[-75.568097,6.201994],[-75.569655,6.202651],[-75.571717,6.203462],[-75.572395,6.201412],[-75.572585,6.20101],[-75.573278,6.199841],[-75.572699,6.199478],[-75.572418,6.199086],[-75.572291,6.198984],[-75.57094,6.198424],[-75.570464,6.198133],[-75.569977,6.197739],[-75.569384,6.197182],[-75.569204,6.197059],[-75.569029,6.196973],[-75.568845,6.196937],[-75.568269,6.196926]]]},"properties":{"CODIGO":"1416","COMUNA":"14","BARRIO":"16","NOMBRE_BARRIO":"Alejandría","SECTOR":5,"INDICADOR_UR":"U","NOMBRE_COMUNA":"EL POBLADO","MUNICIPIO":"001"}},{"type":"Feature","id":97,"geometry":{"type":"Polygon","coordinates":[[[-75.539383,6.292425],[-75.539636,6.292488],[-75.54008,6.292329],[-75.540307,6.29229],[-75.540466,6.292216],[-75.54055,6.292087],[-75.540649,6.291751],[-75.541163,6.290825],[-75.541368,6.289978],[-75.541385,6.289721],[-75.541136,6.289441],[-75.541115,6.28938],[-75.54115,6.289163],[-75.541033,6.288943],[-75.540963,6.288718],[-75.541018,6.288478],[-75.541009,6.288395],[-75.54096,6.288329],[-75.540855,6.288273],[-75.540648,6.288282],[-75.540588,6.288214],[-75.540665,6.288065],[-75.54089,6.287903],[-75.540966,6.287455],[-75.541108,6.287354],[-75.541434,6.287257],[-75.541511,6.287166],[-75.541513,6.287018],[-75.54139,6.286693],[-75.541229,6.286562],[-75.541029,6.286541],[-75.540829,6.286621],[-75.540565,6.286829],[-75.54045,6.286848],[-75.540354,6.286803],[-75.540183,6.286294],[-75.53994,6.285988],[-75.539971,6.285886],[-75.54025,6.285815],[-75.540317,6.28568],[-75.540314,6.285476],[-75.540373,6.285428],[-75.540506,6.285398],[-75.540532,6.285344],[-75.540144,6.28514],[-75.539193,6.284411],[-75.539154,6.284415],[-75.539083,6.284835],[-75.539106,6.285156],[-75.539079,6.285485],[-75.539137,6.285754],[-75.538362,6.285799],[-75.538184,6.286072],[-75.537927,6.286002],[-75.537835,6.28601],[-75.537661,6.285944],[-75.537589,6.28588],[-75.537322,6.28543],[-75.537059,6.285257],[-75.536881,6.285203],[-75.536747,6.285079],[-75.536599,6.285048],[-75.536602,6.285027],[-75.536205,6.284986],[-75.536186,6.285145],[-75.536262,6.285155],[-75.536208,6.285366],[-75.536149,6.285366],[-75.536148,6.285491],[-75.535882,6.285486],[-75.53587,6.285673],[-75.53593,6.286238],[-75.535876,6.286512],[-75.536299,6.28649],[-75.536326,6.286599],[-75.536364,6.286576],[-75.536375,6.286618],[-75.536609,6.286496],[-75.536691,6.286669],[-75.536714,6.286852],[-75.536785,6.286834],[-75.536809,6.286984],[-75.535826,6.287082],[-75.535779,6.287959],[-75.535869,6.288745],[-75.535896,6.28886],[-75.536002,6.288878],[-75.535997,6.288702],[-75.536479,6.288949],[-75.536506,6.289012],[-75.5364,6.289164],[-75.536515,6.289598],[-75.536449,6.289598],[-75.53645,6.289656],[-75.536399,6.289657],[-75.536381,6.28977],[-75.53623,6.289826],[-75.536278,6.290077],[-75.536382,6.290214],[-75.536268,6.290684],[-75.536927,6.290882],[-75.536905,6.291071],[-75.536563,6.291249],[-75.53626,6.291067],[-75.536273,6.291338],[-75.536309,6.291457],[-75.53649,6.291567],[-75.536527,6.29151],[-75.536637,6.291507],[-75.536876,6.291605],[-75.53685,6.29171],[-75.536961,6.291693],[-75.53702,6.291736],[-75.537077,6.291883],[-75.537368,6.291902],[-75.537466,6.291966],[-75.537763,6.291982],[-75.538122,6.292092],[-75.538391,6.292104],[-75.538502,6.292416],[-75.538793,6.292369],[-75.53903,6.292425],[-75.539269,6.292386],[-75.539383,6.292425]]]},"properties":{"CODIGO":"0112","COMUNA":"01","BARRIO":"12","NOMBRE_BARRIO":"Carpinelo","SECTOR":1,"INDICADOR_UR":"U","NOMBRE_COMUNA":"POPULAR","MUNICIPIO":"001"}},{"type":"Feature","id":98,"geometry":{"type":"Polygon","coordinates":[[[-75.579394,6.251091],[-75.578988,6.250983],[-75.577227,6.254191],[-75.578639,6.254887],[-75.579416,6.255319],[-75.586086,6.258498],[-75.588074,6.254567],[-75.587876,6.253717],[-75.587424,6.253814],[-75.587138,6.253768],[-75.586839,6.253581],[-75.586316,6.25316],[-75.586142,6.253055],[-75.585681,6.252903],[-75.585258,6.252903],[-75.583702,6.253254],[-75.583503,6.253254],[-75.583316,6.253231],[-75.58196,6.252868],[-75.581543,6.252706],[-75.581191,6.252269],[-75.580807,6.251917],[-75.580437,6.251641],[-75.579772,6.251222],[-75.579394,6.251091]]]},"properties":{"CODIGO":"1102","COMUNA":"11","BARRIO":"02","NOMBRE_BARRIO":"Suramericana","SECTOR":4,"INDICADOR_UR":"U","NOMBRE_COMUNA":"LAURELES","MUNICIPIO":"001"}},{"type":"Feature","id":99,"geometry":{"type":"Polygon","coordinates":[[[-75.528358,6.230773],[-75.528481,6.230751],[-75.528886,6.230514],[-75.529507,6.230252],[-75.530327,6.230125],[-75.530855,6.230102],[-75.531429,6.229949],[-75.531678,6.229928],[-75.531629,6.229444],[-75.531428,6.228896],[-75.531548,6.228396],[-75.531671,6.22825],[-75.531297,6.22786],[-75.531035,6.228176],[-75.53089,6.228285],[-75.530723,6.228567],[-75.530773,6.228601],[-75.530734,6.228667],[-75.530958,6.22902],[-75.530627,6.22916],[-75.530553,6.229159],[-75.530573,6.22897],[-75.530545,6.228717],[-75.530384,6.228696],[-75.529799,6.228514],[-75.529741,6.228543],[-75.529831,6.228987],[-75.529812,6.229016],[-75.529108,6.229148],[-75.528186,6.229163],[-75.528067,6.229091],[-75.528011,6.229118],[-75.527996,6.229098],[-75.528073,6.22921],[-75.528067,6.229284],[-75.528146,6.229321],[-75.528158,6.229287],[-75.528287,6.229369],[-75.528284,6.229463],[-75.528236,6.229446],[-75.528176,6.229646],[-75.528114,6.229521],[-75.528063,6.229487],[-75.528084,6.229447],[-75.528046,6.229448],[-75.528048,6.229514],[-75.527969,6.229519],[-75.527971,6.22945],[-75.527948,6.229451],[-75.52794,6.229592],[-75.527809,6.229607],[-75.527806,6.229633],[-75.527593,6.229636],[-75.52757,6.229753],[-75.527587,6.229862],[-75.52748,6.229827],[-75.527467,6.229867],[-75.527417,6.229852],[-75.527432,6.22981],[-75.527357,6.229785],[-75.527349,6.22968],[-75.527111,6.229633],[-75.527087,6.229662],[-75.527,6.229593],[-75.527041,6.229449],[-75.526829,6.229535],[-75.526265,6.229502],[-75.526196,6.229543],[-75.526191,6.229643],[-75.526297,6.229713],[-75.52676,6.229741],[-75.526758,6.229866],[-75.526845,6.229903],[-75.526971,6.230018],[-75.527116,6.230374],[-75.527164,6.230424],[-75.527429,6.230511],[-75.527715,6.230432],[-75.528134,6.230511],[-75.528222,6.230587],[-75.528282,6.230723],[-75.528358,6.230773]]]},"properties":{"CODIGO":"0901","COMUNA":"09","BARRIO":"01","NOMBRE_BARRIO":"Juan Pablo II","SECTOR":3,"INDICADOR_UR":"U","NOMBRE_COMUNA":"BUENOS AIRES","MUNICIPIO":"001"}},{"type":"Feature","id":100,"geometry":{"type":"Polygon","coordinates":[[[-75.567908,6.30888],[-75.569015,6.309016],[-75.571499,6.30986],[-75.571707,6.309148],[-75.571937,6.308149],[-75.571934,6.308002],[-75.571832,6.307558],[-75.571893,6.306759],[-75.572024,6.305747],[-75.571542,6.305738],[-75.571579,6.304874],[-75.570597,6.30487],[-75.570483,6.304906],[-75.569086,6.304895],[-75.568766,6.303405],[-75.568742,6.303145],[-75.568792,6.302935],[-75.568919,6.302651],[-75.570113,6.300351],[-75.569732,6.300177],[-75.569535,6.300144],[-75.569248,6.300192],[-75.568743,6.300405],[-75.568666,6.300205],[-75.568572,6.300115],[-75.568514,6.299987],[-75.568301,6.299824],[-75.56776,6.300751],[-75.567662,6.300793],[-75.567643,6.300877],[-75.567221,6.301059],[-75.567188,6.301539],[-75.566841,6.30412],[-75.566753,6.304318],[-75.566658,6.305163],[-75.56648,6.305742],[-75.566242,6.306248],[-75.56611,6.30646],[-75.565692,6.306862],[-75.564661,6.30775],[-75.566563,6.308589],[-75.566473,6.308782],[-75.567908,6.30888]]]},"properties":{"CODIGO":"0504","COMUNA":"05","BARRIO":"04","NOMBRE_BARRIO":"Tejelo","SECTOR":2,"INDICADOR_UR":"U","NOMBRE_COMUNA":"CASTILLA","MUNICIPIO":"001"}},{"type":"Feature","id":101,"geometry":{"type":"Polygon","coordinates":[[[-75.589399,6.239256],[-75.587963,6.239271],[-75.577504,6.239649],[-75.578292,6.24185],[-75.579836,6.246457],[-75.580131,6.24726],[-75.580263,6.247709],[-75.580286,6.247963],[-75.580943,6.248189],[-75.589704,6.23943],[-75.58968,6.239241],[-75.589399,6.239256]]]},"properties":{"CODIGO":"1105","COMUNA":"11","BARRIO":"05","NOMBRE_BARRIO":"Los Conquistadores","SECTOR":4,"INDICADOR_UR":"U","NOMBRE_COMUNA":"LAURELES","MUNICIPIO":"001"}},{"type":"Feature","id":102,"geometry":{"type":"Polygon","coordinates":[[[-75.630611,6.248772],[-75.631206,6.249077],[-75.631559,6.249537],[-75.631876,6.2493],[-75.632015,6.249142],[-75.632113,6.249075],[-75.632322,6.249001],[-75.632413,6.24893],[-75.632416,6.248895],[-75.632325,6.248792],[-75.632005,6.2486],[-75.631864,6.248574],[-75.631628,6.248591],[-75.631282,6.248422],[-75.631194,6.24834],[-75.63114,6.248235],[-75.631145,6.248129],[-75.63118,6.248074],[-75.631361,6.247982],[-75.631401,6.247907],[-75.631387,6.24775],[-75.631286,6.247664],[-75.631091,6.247574],[-75.630872,6.247267],[-75.630771,6.24707],[-75.630605,6.246997],[-75.630554,6.246866],[-75.630541,6.246585],[-75.630491,6.246515],[-75.630419,6.246484],[-75.630117,6.246476],[-75.629863,6.246334],[-75.629659,6.246417],[-75.629509,6.246409],[-75.629177,6.246223],[-75.629011,6.2462],[-75.628837,6.246117],[-75.628689,6.246147],[-75.628588,6.245941],[-75.628664,6.245287],[-75.628504,6.245354],[-75.628421,6.245428],[-75.62762,6.245468],[-75.627312,6.245432],[-75.627116,6.245473],[-75.626974,6.245802],[-75.626961,6.245922],[-75.626526,6.246158],[-75.626424,6.246403],[-75.626314,6.246423],[-75.626104,6.246423],[-75.625893,6.246368],[-75.625511,6.246038],[-75.625241,6.246069],[-75.625114,6.246126],[-75.624861,6.24607],[-75.624653,6.246291],[-75.624179,6.24634],[-75.624026,6.246243],[-75.623806,6.245936],[-75.623708,6.245874],[-75.623606,6.245859],[-75.623381,6.245884],[-75.623267,6.245866],[-75.623107,6.245982],[-75.622781,6.246105],[-75.622653,6.246257],[-75.622556,6.246458],[-75.622269,6.246589],[-75.622148,6.24669],[-75.621599,6.246346],[-75.621449,6.246026],[-75.621272,6.246449],[-75.620889,6.246526],[-75.621046,6.246614],[-75.621177,6.246765],[-75.621735,6.247203],[-75.621834,6.247266],[-75.622005,6.247308],[-75.622349,6.247336],[-75.622647,6.247425],[-75.622947,6.247433],[-75.623318,6.247386],[-75.62369,6.247419],[-75.623811,6.247377],[-75.623915,6.247388],[-75.623949,6.247443],[-75.624121,6.247467],[-75.624153,6.247421],[-75.624025,6.247306],[-75.624385,6.247272],[-75.62465,6.247365],[-75.62467,6.247331],[-75.624896,6.247403],[-75.625125,6.247585],[-75.62543,6.247758],[-75.625581,6.247776],[-75.626145,6.247746],[-75.626341,6.247939],[-75.62666,6.248085],[-75.626835,6.24804],[-75.627063,6.248036],[-75.627235,6.248061],[-75.627367,6.248118],[-75.62767,6.248056],[-75.628009,6.248118],[-75.628277,6.248065],[-75.628707,6.248239],[-75.629529,6.24839],[-75.629694,6.248379],[-75.629919,6.248485],[-75.629975,6.248371],[-75.63014,6.248504],[-75.630611,6.248772]]]},"properties":{"CODIGO":"1313","COMUNA":"13","BARRIO":"13","NOMBRE_BARRIO":"El Corazón","SECTOR":4,"INDICADOR_UR":"U","NOMBRE_COMUNA":"SAN JAVIER","MUNICIPIO":"001"}},{"type":"Feature","id":103,"geometry":{"type":"Polygon","coordinates":[[[-75.554738,6.249677],[-75.556757,6.249994],[-75.557356,6.250512],[-75.557631,6.250326],[-75.557937,6.250345],[-75.558133,6.250476],[-75.558361,6.250696],[-75.560364,6.252055],[-75.560705,6.251456],[-75.561402,6.25],[-75.562064,6.249154],[-75.562298,6.248514],[-75.562412,6.248077],[-75.563331,6.24624],[-75.55826,6.243661],[-75.557809,6.244471],[-75.557566,6.244331],[-75.556483,6.24535],[-75.556295,6.245037],[-75.556033,6.245806],[-75.555921,6.246032],[-75.555757,6.245818],[-75.554259,6.248265],[-75.55385,6.249525],[-75.554738,6.249677]]]},"properties":{"CODIGO":"1016","COMUNA":"10","BARRIO":"16","NOMBRE_BARRIO":"Boston","SECTOR":3,"INDICADOR_UR":"U","NOMBRE_COMUNA":"LA CANDELARIA","MUNICIPIO":"001"}},{"type":"Feature","id":104,"geometry":{"type":"Polygon","coordinates":[[[-75.52504,6.232883],[-75.52515,6.233481],[-75.525309,6.234049],[-75.525153,6.234156],[-75.524953,6.234556],[-75.524899,6.234763],[-75.52516,6.234827],[-75.525196,6.234931],[-75.525268,6.234993],[-75.525632,6.235119],[-75.525742,6.235219],[-75.526053,6.235382],[-75.526219,6.235513],[-75.5262,6.235588],[-75.526528,6.235646],[-75.52683,6.235922],[-75.526975,6.236199],[-75.527165,6.236275],[-75.527346,6.236259],[-75.527404,6.236314],[-75.527522,6.236614],[-75.52775,6.236498],[-75.528304,6.236461],[-75.528492,6.236363],[-75.528628,6.236338],[-75.5289,6.236177],[-75.529058,6.236133],[-75.528954,6.236002],[-75.528691,6.235773],[-75.528604,6.235589],[-75.528302,6.235298],[-75.528283,6.235257],[-75.528411,6.235157],[-75.528518,6.235014],[-75.528467,6.234956],[-75.528633,6.234803],[-75.528987,6.234723],[-75.529095,6.234617],[-75.529253,6.23458],[-75.529461,6.234433],[-75.529657,6.234388],[-75.529874,6.234288],[-75.529852,6.234369],[-75.529984,6.234388],[-75.530043,6.234205],[-75.529985,6.234075],[-75.53001,6.233836],[-75.530097,6.233732],[-75.530049,6.233659],[-75.530186,6.233234],[-75.530076,6.233181],[-75.530143,6.233037],[-75.53021,6.233054],[-75.530302,6.232891],[-75.530332,6.232897],[-75.530401,6.23269],[-75.530473,6.232682],[-75.530765,6.232891],[-75.530983,6.233005],[-75.531085,6.232849],[-75.531115,6.232732],[-75.531103,6.232615],[-75.531144,6.232535],[-75.53162,6.232125],[-75.53124,6.231987],[-75.531002,6.231982],[-75.531005,6.231669],[-75.530973,6.23158],[-75.530922,6.231576],[-75.530893,6.23152],[-75.530664,6.231591],[-75.53026,6.231636],[-75.530044,6.231617],[-75.529783,6.231773],[-75.529754,6.231887],[-75.529632,6.231907],[-75.529481,6.23198],[-75.529301,6.231972],[-75.529296,6.232025],[-75.529184,6.232053],[-75.528986,6.232165],[-75.528651,6.232147],[-75.528268,6.232199],[-75.527784,6.232165],[-75.527454,6.232305],[-75.527406,6.232295],[-75.527272,6.232075],[-75.527297,6.231944],[-75.527072,6.231718],[-75.526991,6.231674],[-75.526841,6.231744],[-75.526261,6.232253],[-75.525892,6.232431],[-75.525607,6.232828],[-75.525388,6.23281],[-75.52504,6.232883]]]},"properties":{"CODIGO":"0817","COMUNA":"08","BARRIO":"17","NOMBRE_BARRIO":"La Sierra","SECTOR":3,"INDICADOR_UR":"U","NOMBRE_COMUNA":"VILLA HERMOSA","MUNICIPIO":"001"}},{"type":"Feature","id":105,"geometry":{"type":"Polygon","coordinates":[[[-75.591925,6.208238],[-75.592798,6.208324],[-75.593002,6.208371],[-75.593308,6.208542],[-75.593485,6.208719],[-75.594152,6.209666],[-75.594329,6.210015],[-75.594359,6.210412],[-75.594221,6.211213],[-75.596413,6.210271],[-75.596768,6.210163],[-75.59713,6.210179],[-75.597817,6.210534],[-75.59784,6.210486],[-75.598231,6.210686],[-75.598296,6.210614],[-75.598299,6.210476],[-75.598027,6.210098],[-75.598017,6.209439],[-75.597925,6.209286],[-75.59792,6.209152],[-75.598129,6.208978],[-75.598229,6.208932],[-75.598308,6.208839],[-75.598344,6.208633],[-75.598289,6.208538],[-75.598304,6.208394],[-75.598275,6.208294],[-75.598034,6.208114],[-75.598038,6.208047],[-75.598142,6.20799],[-75.598504,6.207618],[-75.598486,6.2074],[-75.598424,6.207202],[-75.598617,6.206904],[-75.598366,6.206582],[-75.598389,6.206524],[-75.598449,6.206489],[-75.598433,6.206088],[-75.59832,6.205726],[-75.598089,6.205239],[-75.598051,6.204999],[-75.598376,6.204841],[-75.598604,6.204673],[-75.59871,6.20467],[-75.598948,6.204436],[-75.598609,6.204058],[-75.598454,6.203696],[-75.598265,6.203472],[-75.597934,6.203267],[-75.5973,6.202977],[-75.596435,6.202486],[-75.596011,6.20232],[-75.595602,6.202215],[-75.595415,6.202111],[-75.595109,6.202006],[-75.594866,6.201939],[-75.594426,6.201895],[-75.593522,6.201904],[-75.593025,6.201974],[-75.592679,6.202072],[-75.592261,6.202318],[-75.592108,6.20234],[-75.591978,6.202304],[-75.591366,6.201966],[-75.590497,6.201652],[-75.590502,6.202336],[-75.590439,6.20256],[-75.590404,6.202609],[-75.590078,6.202796],[-75.589751,6.203311],[-75.58963,6.203386],[-75.589241,6.203502],[-75.589141,6.203576],[-75.588939,6.203992],[-75.588663,6.204745],[-75.588647,6.205146],[-75.588804,6.205318],[-75.588896,6.205482],[-75.589403,6.207409],[-75.589498,6.207585],[-75.589658,6.207772],[-75.589794,6.207885],[-75.590076,6.208003],[-75.590922,6.208072],[-75.591925,6.208238]]]},"properties":{"CODIGO":"1501","COMUNA":"15","BARRIO":"01","NOMBRE_BARRIO":"El Rodeo","SECTOR":6,"INDICADOR_UR":"U","NOMBRE_COMUNA":"GUAYABAL","MUNICIPIO":"001"}},{"type":"Feature","id":106,"geometry":{"type":"Polygon","coordinates":[[[-75.563122,6.283222],[-75.565288,6.283745],[-75.565395,6.283331],[-75.565571,6.282995],[-75.565745,6.282821],[-75.56624,6.282465],[-75.566316,6.282358],[-75.566416,6.281958],[-75.566603,6.281537],[-75.566592,6.281278],[-75.566478,6.280998],[-75.566406,6.280898],[-75.565799,6.280669],[-75.565308,6.28031],[-75.565205,6.279762],[-75.565324,6.279236],[-75.56529,6.278936],[-75.565195,6.278695],[-75.5651,6.278274],[-75.564977,6.277914],[-75.564867,6.277715],[-75.564489,6.277206],[-75.564275,6.276802],[-75.56422,6.276635],[-75.564193,6.276343],[-75.564134,6.276954],[-75.56407,6.277242],[-75.563852,6.277623],[-75.563906,6.277835],[-75.563843,6.278169],[-75.563731,6.278523],[-75.563508,6.278862],[-75.563448,6.279025],[-75.563445,6.280183],[-75.563608,6.281136],[-75.563603,6.281739],[-75.563565,6.281928],[-75.563195,6.282926],[-75.563122,6.283222]]]},"properties":{"CODIGO":"0404","COMUNA":"04","BARRIO":"04","NOMBRE_BARRIO":"Bermejal-Los Alamos","SECTOR":1,"INDICADOR_UR":"U","NOMBRE_COMUNA":"ARANJUEZ","MUNICIPIO":"001"}},{"type":"Feature","id":107,"geometry":{"type":"Polygon","coordinates":[[[-75.555206,6.288995],[-75.555299,6.289141],[-75.555846,6.289321],[-75.55581,6.28901],[-75.555842,6.288777],[-75.556007,6.289039],[-75.556068,6.289083],[-75.557035,6.289106],[-75.55707,6.28835],[-75.557702,6.28838],[-75.557953,6.283353],[-75.553761,6.283185],[-75.553658,6.283241],[-75.552824,6.283221],[-75.552778,6.283305],[-75.552724,6.284152],[-75.552685,6.285626],[-75.552583,6.286687],[-75.55266,6.286716],[-75.552696,6.286862],[-75.553041,6.286989],[-75.553474,6.287032],[-75.553543,6.2871],[-75.553754,6.287112],[-75.553948,6.287205],[-75.554094,6.287326],[-75.554296,6.287348],[-75.55468,6.287315],[-75.554699,6.287621],[-75.55466,6.288644],[-75.555228,6.288749],[-75.555206,6.288995]]]},"properties":{"CODIGO":"0401","COMUNA":"04","BARRIO":"01","NOMBRE_BARRIO":"Berlin","SECTOR":1,"INDICADOR_UR":"U","NOMBRE_COMUNA":"ARANJUEZ","MUNICIPIO":"001"}},{"type":"Feature","id":108,"geometry":{"type":"Polygon","coordinates":[[[-75.561586,6.291373],[-75.5622,6.291533],[-75.562342,6.291155],[-75.562673,6.290739],[-75.562701,6.290622],[-75.562672,6.290412],[-75.56237,6.289558],[-75.56235,6.289368],[-75.562383,6.289285],[-75.562811,6.289395],[-75.562896,6.289345],[-75.563168,6.289103],[-75.563398,6.288742],[-75.56342,6.288654],[-75.563386,6.287159],[-75.563017,6.286128],[-75.562849,6.285366],[-75.562832,6.28517],[-75.562991,6.284256],[-75.563079,6.283543],[-75.557953,6.283353],[-75.557702,6.28838],[-75.55707,6.28835],[-75.557035,6.289106],[-75.557302,6.289061],[-75.557309,6.289106],[-75.557416,6.289078],[-75.557517,6.289137],[-75.557569,6.28928],[-75.557613,6.289316],[-75.557798,6.289328],[-75.557881,6.28928],[-75.557929,6.289113],[-75.55799,6.289039],[-75.55819,6.288928],[-75.558309,6.288922],[-75.558393,6.288968],[-75.558564,6.288991],[-75.558803,6.289117],[-75.559185,6.289138],[-75.559362,6.289273],[-75.5596,6.289208],[-75.55978,6.289261],[-75.560043,6.289597],[-75.560512,6.289852],[-75.560652,6.289876],[-75.560939,6.289826],[-75.561296,6.289868],[-75.561231,6.29137],[-75.561586,6.291373]]]},"properties":{"CODIGO":"0402","COMUNA":"04","BARRIO":"02","NOMBRE_BARRIO":"San Isidro","SECTOR":1,"INDICADOR_UR":"U","NOMBRE_COMUNA":"ARANJUEZ","MUNICIPIO":"001"}},{"type":"Feature","id":109,"geometry":{"type":"Polygon","coordinates":[[[-75.542337,6.24889],[-75.542333,6.248951],[-75.54226,6.248967],[-75.542273,6.249023],[-75.542235,6.249035],[-75.54224,6.249108],[-75.542221,6.249039],[-75.542181,6.24905],[-75.542158,6.248943],[-75.541868,6.248991],[-75.541755,6.24893],[-75.541676,6.24899],[-75.54145,6.248984],[-75.541345,6.248911],[-75.541173,6.248919],[-75.540908,6.248645],[-75.540782,6.248605],[-75.540496,6.248662],[-75.540234,6.24876],[-75.540295,6.248809],[-75.540331,6.248995],[-75.539316,6.249322],[-75.53933,6.24958],[-75.539495,6.249721],[-75.539874,6.249805],[-75.540053,6.24991],[-75.540211,6.249891],[-75.540403,6.250027],[-75.540687,6.250099],[-75.540748,6.250048],[-75.540795,6.250084],[-75.54108,6.250006],[-75.541275,6.24999],[-75.541236,6.250251],[-75.541251,6.250378],[-75.541277,6.250517],[-75.541403,6.250784],[-75.541364,6.251146],[-75.541543,6.251512],[-75.541577,6.251817],[-75.541569,6.251941],[-75.541474,6.252222],[-75.541422,6.252282],[-75.541363,6.252253],[-75.541294,6.252395],[-75.541209,6.252362],[-75.541186,6.252419],[-75.54127,6.252455],[-75.541151,6.25276],[-75.541199,6.252989],[-75.541943,6.253164],[-75.541928,6.253306],[-75.542196,6.253381],[-75.54211,6.253794],[-75.542368,6.25364],[-75.542505,6.253664],[-75.542695,6.253537],[-75.54293,6.253526],[-75.543134,6.253572],[-75.543297,6.2537],[-75.543486,6.253708],[-75.54367,6.253759],[-75.54372,6.253803],[-75.543963,6.253777],[-75.544177,6.2538],[-75.544252,6.253754],[-75.544351,6.253825],[-75.544496,6.253848],[-75.544567,6.253818],[-75.544751,6.253566],[-75.544886,6.253538],[-75.545058,6.25338],[-75.545354,6.253324],[-75.545649,6.253197],[-75.545745,6.253217],[-75.545969,6.253185],[-75.546204,6.253061],[-75.546425,6.253056],[-75.54651,6.253011],[-75.546596,6.253026],[-75.546645,6.252997],[-75.546872,6.253102],[-75.54722,6.253114],[-75.547442,6.25299],[-75.547647,6.252974],[-75.54763,6.25289],[-75.548055,6.252423],[-75.548362,6.252176],[-75.548365,6.252145],[-75.548536,6.25206],[-75.549008,6.252111],[-75.549072,6.252041],[-75.54916,6.251622],[-75.549096,6.251459],[-75.548427,6.250883],[-75.548305,6.250703],[-75.548305,6.250493],[-75.548381,6.250313],[-75.548404,6.250121],[-75.548399,6.24976],[-75.547764,6.249896],[-75.54775,6.249856],[-75.547695,6.249467],[-75.547826,6.249067],[-75.547821,6.248914],[-75.547904,6.248566],[-75.547913,6.24816],[-75.547704,6.247737],[-75.547566,6.247589],[-75.547409,6.247512],[-75.547057,6.247359],[-75.546619,6.24723],[-75.546437,6.247138],[-75.546075,6.24691],[-75.546033,6.246838],[-75.54598,6.246852],[-75.545995,6.246889],[-75.545968,6.246901],[-75.54545,6.247056],[-75.54525,6.247288],[-75.545163,6.247302],[-75.544893,6.247461],[-75.544753,6.247627],[-75.544688,6.247804],[-75.544424,6.248254],[-75.544314,6.24827],[-75.54423,6.24836],[-75.543704,6.248696],[-75.543246,6.248715],[-75.543131,6.248786],[-75.542913,6.248845],[-75.542337,6.24889]]]},"properties":{"CODIGO":"0807","COMUNA":"08","BARRIO":"07","NOMBRE_BARRIO":"Los Mangos","SECTOR":3,"INDICADOR_UR":"U","NOMBRE_COMUNA":"VILLA HERMOSA","MUNICIPIO":"001"}},{"type":"Feature","id":110,"geometry":{"type":"Polygon","coordinates":[[[-75.544131,6.231058],[-75.544274,6.231146],[-75.54472,6.231309],[-75.544818,6.23138],[-75.545399,6.232072],[-75.545611,6.232472],[-75.545926,6.232944],[-75.546226,6.233262],[-75.546534,6.233757],[-75.546618,6.233842],[-75.546933,6.233972],[-75.547704,6.234115],[-75.54885,6.234804],[-75.548776,6.233562],[-75.548683,6.232849],[-75.548934,6.230954],[-75.548895,6.23101],[-75.548759,6.231004],[-75.548868,6.230678],[-75.548863,6.230504],[-75.548812,6.230292],[-75.548751,6.23022],[-75.548686,6.230008],[-75.548709,6.229961],[-75.548706,6.229649],[-75.548844,6.229354],[-75.548707,6.229223],[-75.548624,6.228885],[-75.548787,6.228283],[-75.548876,6.228184],[-75.548978,6.227768],[-75.549065,6.227665],[-75.549101,6.227553],[-75.549023,6.227563],[-75.549027,6.22752],[-75.548865,6.227546],[-75.548871,6.227461],[-75.548832,6.227428],[-75.548787,6.227188],[-75.548787,6.226477],[-75.548932,6.226449],[-75.548917,6.226393],[-75.548566,6.226191],[-75.548466,6.226357],[-75.548406,6.226404],[-75.548031,6.226469],[-75.547999,6.226283],[-75.547889,6.226243],[-75.548067,6.225906],[-75.547096,6.225385],[-75.546682,6.225374],[-75.546664,6.225908],[-75.546488,6.226228],[-75.546422,6.226097],[-75.546318,6.226155],[-75.546239,6.22601],[-75.546056,6.225854],[-75.54468,6.225129],[-75.544692,6.225211],[-75.544566,6.225465],[-75.544658,6.225611],[-75.544545,6.225662],[-75.544248,6.225333],[-75.544177,6.225017],[-75.543998,6.224814],[-75.543929,6.224654],[-75.543813,6.224544],[-75.543564,6.224875],[-75.543551,6.22504],[-75.542553,6.225044],[-75.542499,6.224896],[-75.542286,6.224939],[-75.542174,6.224899],[-75.542097,6.224921],[-75.54183,6.224908],[-75.541717,6.22503],[-75.541622,6.225048],[-75.541397,6.224948],[-75.541365,6.22498],[-75.541451,6.225244],[-75.541351,6.225467],[-75.541296,6.225498],[-75.540904,6.225123],[-75.540302,6.224791],[-75.540173,6.224825],[-75.540136,6.224712],[-75.540087,6.22473],[-75.539996,6.225084],[-75.539838,6.225138],[-75.539618,6.225412],[-75.539915,6.225596],[-75.540051,6.225768],[-75.540202,6.225782],[-75.540371,6.225962],[-75.540448,6.226177],[-75.540485,6.226509],[-75.540571,6.226688],[-75.540555,6.226897],[-75.540618,6.227106],[-75.540558,6.227399],[-75.540478,6.227473],[-75.540458,6.227614],[-75.540473,6.227675],[-75.540563,6.227767],[-75.540577,6.227888],[-75.540686,6.228103],[-75.540701,6.228266],[-75.54086,6.228478],[-75.540913,6.228744],[-75.540763,6.229184],[-75.540853,6.229383],[-75.54088,6.229574],[-75.541042,6.229854],[-75.541185,6.229945],[-75.542147,6.230356],[-75.542443,6.230411],[-75.542542,6.230479],[-75.542759,6.230772],[-75.543957,6.230886],[-75.544131,6.231058]]]},"properties":{"CODIGO":"0903","COMUNA":"09","BARRIO":"03","NOMBRE_BARRIO":"Bomboná No. 2","SECTOR":3,"INDICADOR_UR":"U","NOMBRE_COMUNA":"BUENOS AIRES","MUNICIPIO":"001"}},{"type":"Feature","id":111,"geometry":{"type":"Polygon","coordinates":[[[-75.569993,6.185836],[-75.570283,6.185787],[-75.571492,6.185772],[-75.57235,6.186161],[-75.57352,6.186786],[-75.574309,6.18734],[-75.574656,6.188169],[-75.574819,6.188408],[-75.575047,6.188626],[-75.57635,6.189521],[-75.577143,6.189802],[-75.577459,6.188978],[-75.57783,6.187474],[-75.57787,6.187436],[-75.579098,6.184343],[-75.5795,6.183687],[-75.579401,6.183623],[-75.579287,6.183663],[-75.579183,6.183635],[-75.576944,6.182258],[-75.576153,6.182034],[-75.576108,6.181959],[-75.576016,6.181907],[-75.575992,6.181803],[-75.575797,6.181789],[-75.575786,6.181615],[-75.575677,6.181592],[-75.575654,6.181447],[-75.575608,6.181396],[-75.575383,6.181285],[-75.575315,6.181219],[-75.575259,6.181135],[-75.575302,6.181061],[-75.575245,6.181028],[-75.575188,6.180868],[-75.574586,6.180634],[-75.574436,6.180631],[-75.574374,6.180582],[-75.574269,6.180402],[-75.574193,6.180347],[-75.573918,6.180337],[-75.573648,6.180239],[-75.572637,6.179447],[-75.571604,6.179163],[-75.571524,6.17918],[-75.571347,6.179372],[-75.571228,6.179395],[-75.571018,6.179378],[-75.570477,6.179227],[-75.570282,6.179222],[-75.570204,6.179255],[-75.569988,6.179237],[-75.569682,6.179118],[-75.569252,6.178819],[-75.568958,6.178818],[-75.568812,6.178778],[-75.568659,6.178668],[-75.568544,6.178511],[-75.568508,6.178381],[-75.568338,6.178251],[-75.56832,6.178195],[-75.568369,6.178111],[-75.568356,6.17807],[-75.568234,6.178012],[-75.568171,6.178101],[-75.568077,6.178139],[-75.567848,6.177738],[-75.567865,6.177685],[-75.567811,6.177677],[-75.567408,6.177292],[-75.567322,6.1776],[-75.567274,6.177964],[-75.567288,6.17817],[-75.567357,6.178389],[-75.56756,6.178802],[-75.567621,6.178732],[-75.567732,6.179052],[-75.567753,6.179403],[-75.567633,6.180202],[-75.567665,6.180376],[-75.567747,6.180523],[-75.567882,6.180643],[-75.568249,6.180865],[-75.568293,6.180918],[-75.56833,6.181167],[-75.568391,6.181201],[-75.568873,6.181078],[-75.569276,6.181071],[-75.570238,6.181296],[-75.570453,6.18143],[-75.570585,6.181658],[-75.570756,6.182327],[-75.570774,6.182557],[-75.5705,6.183207],[-75.570511,6.184157],[-75.570046,6.185518],[-75.569993,6.185836]]]},"properties":{"CODIGO":"1413","COMUNA":"14","BARRIO":"13","NOMBRE_BARRIO":"El Diamante No. 2","SECTOR":5,"INDICADOR_UR":"U","NOMBRE_COMUNA":"EL POBLADO","MUNICIPIO":"001"}},{"type":"Feature","id":112,"geometry":{"type":"Polygon","coordinates":[[[-75.577195,6.283151],[-75.577296,6.283207],[-75.577757,6.283611],[-75.578248,6.28376],[-75.578852,6.280941],[-75.578977,6.280941],[-75.579492,6.281061],[-75.57969,6.280795],[-75.579322,6.28048],[-75.578494,6.279897],[-75.575974,6.27784],[-75.575268,6.277291],[-75.575132,6.277223],[-75.574174,6.278356],[-75.574789,6.278925],[-75.575346,6.279529],[-75.574968,6.279723],[-75.574524,6.280119],[-75.574446,6.280227],[-75.574319,6.280882],[-75.572825,6.280505],[-75.572391,6.280473],[-75.572343,6.280861],[-75.57314,6.281035],[-75.573577,6.280992],[-75.573679,6.281021],[-75.574265,6.281534],[-75.574392,6.281615],[-75.574675,6.281717],[-75.574788,6.281947],[-75.574841,6.28199],[-75.575015,6.281963],[-75.575221,6.281871],[-75.575557,6.28192],[-75.575779,6.28223],[-75.576434,6.282661],[-75.576447,6.282966],[-75.576649,6.283138],[-75.576866,6.283222],[-75.577072,6.283155],[-75.577195,6.283151]]]},"properties":{"CODIGO":"0709","COMUNA":"07","BARRIO":"09","NOMBRE_BARRIO":"Córdoba","SECTOR":2,"INDICADOR_UR":"U","NOMBRE_COMUNA":"ROBLEDO","MUNICIPIO":"001"}},{"type":"Feature","id":113,"geometry":{"type":"Polygon","coordinates":[[[-75.551989,6.240393],[-75.554221,6.24159],[-75.558231,6.243646],[-75.560044,6.242253],[-75.56006,6.242148],[-75.559388,6.241352],[-75.559217,6.240937],[-75.558698,6.240435],[-75.558036,6.239968],[-75.557443,6.239482],[-75.557054,6.23929],[-75.556249,6.238974],[-75.555745,6.238719],[-75.554205,6.237773],[-75.553871,6.237442],[-75.553696,6.23719],[-75.553293,6.23789],[-75.551989,6.240393]]]},"properties":{"CODIGO":"0907","COMUNA":"09","BARRIO":"07","NOMBRE_BARRIO":"Buenos Aires","SECTOR":3,"INDICADOR_UR":"U","NOMBRE_COMUNA":"BUENOS AIRES","MUNICIPIO":"001"}},{"type":"Feature","id":114,"geometry":{"type":"Polygon","coordinates":[[[-75.614295,6.250563],[-75.615948,6.249098],[-75.616161,6.248768],[-75.616217,6.248604],[-75.616247,6.248084],[-75.616073,6.247778],[-75.615584,6.247225],[-75.616213,6.246576],[-75.616924,6.245621],[-75.616307,6.245382],[-75.616145,6.245071],[-75.615943,6.244563],[-75.61531,6.244697],[-75.615265,6.244742],[-75.614857,6.24477],[-75.613735,6.245162],[-75.612697,6.245639],[-75.612685,6.24571],[-75.61216,6.246711],[-75.610178,6.249007],[-75.609085,6.249869],[-75.610575,6.251706],[-75.612848,6.249688],[-75.614295,6.250563]]]},"properties":{"CODIGO":"1209","COMUNA":"12","BARRIO":"09","NOMBRE_BARRIO":"Santa Mónica","SECTOR":4,"INDICADOR_UR":"U","NOMBRE_COMUNA":"LA AMERICA","MUNICIPIO":"001"}},{"type":"Feature","id":115,"geometry":{"type":"Polygon","coordinates":[[[-75.528705,6.239915],[-75.528759,6.240008],[-75.528874,6.240099],[-75.528878,6.240391],[-75.529106,6.240224],[-75.529531,6.240079],[-75.529772,6.239898],[-75.529889,6.239901],[-75.53013,6.23998],[-75.530139,6.240064],[-75.530511,6.24],[-75.530908,6.239995],[-75.530895,6.239623],[-75.531423,6.239634],[-75.531418,6.238818],[-75.531991,6.238841],[-75.532068,6.238604],[-75.532046,6.238469],[-75.532077,6.238301],[-75.53202,6.238193],[-75.532032,6.238073],[-75.531989,6.237846],[-75.532033,6.237668],[-75.531764,6.237381],[-75.531764,6.237297],[-75.531877,6.237157],[-75.531862,6.237033],[-75.531807,6.236967],[-75.531625,6.236945],[-75.531354,6.236839],[-75.531288,6.236766],[-75.531229,6.236612],[-75.531464,6.236403],[-75.531544,6.236176],[-75.53154,6.236125],[-75.53146,6.23604],[-75.531149,6.235922],[-75.531265,6.235637],[-75.531137,6.23517],[-75.531131,6.235023],[-75.531009,6.234902],[-75.530893,6.234867],[-75.530331,6.234881],[-75.53007,6.234946],[-75.529838,6.234707],[-75.529984,6.234388],[-75.529852,6.234369],[-75.529874,6.234288],[-75.529657,6.234388],[-75.529461,6.234433],[-75.529253,6.23458],[-75.529095,6.234617],[-75.528987,6.234723],[-75.528633,6.234803],[-75.528467,6.234956],[-75.528518,6.235014],[-75.528411,6.235157],[-75.528283,6.235257],[-75.528339,6.235361],[-75.528604,6.235589],[-75.528691,6.235773],[-75.528954,6.236002],[-75.529058,6.236133],[-75.5289,6.236177],[-75.528628,6.236338],[-75.528492,6.236363],[-75.528304,6.236461],[-75.52775,6.236498],[-75.527522,6.236614],[-75.527676,6.237118],[-75.527839,6.237313],[-75.527897,6.237523],[-75.52798,6.237643],[-75.528096,6.237925],[-75.528323,6.238178],[-75.528514,6.238303],[-75.528556,6.238384],[-75.528642,6.238708],[-75.52867,6.238972],[-75.528759,6.239214],[-75.528691,6.239331],[-75.528639,6.239712],[-75.528705,6.239915]]]},"properties":{"CODIGO":"0816","COMUNA":"08","BARRIO":"16","NOMBRE_BARRIO":"Villa Turbay","SECTOR":3,"INDICADOR_UR":"U","NOMBRE_COMUNA":"VILLA HERMOSA","MUNICIPIO":"001"}},{"type":"Feature","id":116,"geometry":{"type":"Polygon","coordinates":[[[-75.610829,6.252142],[-75.610463,6.251812],[-75.610575,6.251706],[-75.609085,6.249869],[-75.606822,6.251659],[-75.607562,6.252311],[-75.605235,6.255926],[-75.605562,6.255901],[-75.606093,6.255708],[-75.606903,6.254458],[-75.608646,6.255202],[-75.609233,6.25338],[-75.610365,6.254034],[-75.611128,6.252499],[-75.61113,6.252455],[-75.610829,6.252142]]]},"properties":{"CODIGO":"1207","COMUNA":"12","BARRIO":"07","NOMBRE_BARRIO":"El Danubio","SECTOR":4,"INDICADOR_UR":"U","NOMBRE_COMUNA":"LA AMERICA","MUNICIPIO":"001"}},{"type":"Feature","id":117,"geometry":{"type":"Polygon","coordinates":[[[-75.575204,6.247107],[-75.575143,6.24904],[-75.575152,6.249959],[-75.575082,6.251489],[-75.574962,6.253038],[-75.575572,6.253371],[-75.577227,6.254191],[-75.579138,6.250716],[-75.580109,6.248886],[-75.580285,6.248217],[-75.580286,6.247963],[-75.576198,6.246561],[-75.575241,6.246265],[-75.575204,6.247107]]]},"properties":{"CODIGO":"1008","COMUNA":"10","BARRIO":"08","NOMBRE_BARRIO":"Corazón de Jesús","SECTOR":3,"INDICADOR_UR":"U","NOMBRE_COMUNA":"LA CANDELARIA","MUNICIPIO":"001"}},{"type":"Feature","id":118,"geometry":{"type":"Polygon","coordinates":[[[-75.607356,6.237459],[-75.607949,6.237822],[-75.608179,6.238059],[-75.608267,6.238175],[-75.608465,6.238649],[-75.609225,6.238922],[-75.609897,6.239356],[-75.610225,6.238277],[-75.610487,6.237703],[-75.610453,6.237674],[-75.610476,6.23763],[-75.610973,6.237518],[-75.611237,6.237501],[-75.611535,6.237553],[-75.611736,6.237889],[-75.611838,6.238221],[-75.612161,6.238053],[-75.612273,6.237854],[-75.612416,6.237234],[-75.612487,6.237243],[-75.612942,6.236303],[-75.612934,6.236225],[-75.61208,6.235666],[-75.611558,6.235195],[-75.611659,6.235143],[-75.612166,6.235622],[-75.613139,6.236221],[-75.613103,6.236283],[-75.614021,6.236708],[-75.614301,6.236769],[-75.61458,6.236699],[-75.61462,6.23666],[-75.614639,6.236516],[-75.61462,6.236341],[-75.614753,6.236189],[-75.614364,6.236045],[-75.614116,6.235808],[-75.61296,6.234916],[-75.612007,6.234391],[-75.611901,6.234279],[-75.611846,6.234165],[-75.611798,6.233729],[-75.611403,6.233472],[-75.6113,6.233473],[-75.610964,6.233622],[-75.610814,6.233627],[-75.610623,6.233594],[-75.610271,6.233386],[-75.610159,6.23337],[-75.61005,6.2334],[-75.609773,6.233585],[-75.609692,6.233604],[-75.609556,6.233538],[-75.609599,6.233204],[-75.60862,6.23331],[-75.608342,6.233202],[-75.608093,6.2332],[-75.608092,6.233236],[-75.607721,6.233632],[-75.60741,6.233739],[-75.606509,6.233487],[-75.606322,6.233493],[-75.606363,6.233651],[-75.606436,6.233733],[-75.606062,6.235003],[-75.60594,6.235313],[-75.605864,6.235731],[-75.605843,6.235907],[-75.605937,6.236283],[-75.606078,6.236548],[-75.606337,6.236846],[-75.607385,6.237457],[-75.607356,6.237459]]]},"properties":{"CODIGO":"1617","COMUNA":"16","BARRIO":"17","NOMBRE_BARRIO":"Las Mercedes","SECTOR":6,"INDICADOR_UR":"U","NOMBRE_COMUNA":"BELEN","MUNICIPIO":"001"}},{"type":"Feature","id":119,"geometry":{"type":"Polygon","coordinates":[[[-75.567282,6.191826],[-75.567864,6.192097],[-75.56878,6.192016],[-75.569285,6.191799],[-75.569503,6.191801],[-75.569661,6.191873],[-75.569816,6.19205],[-75.569864,6.192223],[-75.569879,6.192536],[-75.56997,6.192677],[-75.570867,6.193048],[-75.5716,6.193464],[-75.571739,6.193567],[-75.572187,6.194048],[-75.572441,6.194212],[-75.574594,6.195263],[-75.574696,6.195385],[-75.574742,6.196117],[-75.574796,6.196402],[-75.574866,6.196166],[-75.574997,6.195892],[-75.57526,6.195576],[-75.575901,6.195024],[-75.576317,6.194489],[-75.576409,6.193904],[-75.576319,6.192932],[-75.576334,6.192395],[-75.576375,6.192181],[-75.576712,6.191233],[-75.577143,6.189802],[-75.57635,6.189521],[-75.575047,6.188626],[-75.574819,6.188408],[-75.574656,6.188169],[-75.574309,6.18734],[-75.57352,6.186786],[-75.57235,6.186161],[-75.571492,6.185772],[-75.571184,6.185758],[-75.570106,6.185801],[-75.569969,6.185853],[-75.569879,6.186055],[-75.569857,6.186705],[-75.569819,6.186849],[-75.569683,6.187026],[-75.569526,6.187087],[-75.5681,6.187147],[-75.567917,6.18722],[-75.567764,6.187389],[-75.567712,6.187507],[-75.567595,6.188251],[-75.567589,6.188619],[-75.567667,6.188905],[-75.568031,6.18969],[-75.568053,6.189924],[-75.567945,6.190325],[-75.567282,6.191826]]]},"properties":{"CODIGO":"1414","COMUNA":"14","BARRIO":"14","NOMBRE_BARRIO":"El Castillo","SECTOR":5,"INDICADOR_UR":"U","NOMBRE_COMUNA":"EL POBLADO","MUNICIPIO":"001"}},{"type":"Feature","id":120,"geometry":{"type":"Polygon","coordinates":[[[-75.606374,6.276514],[-75.606672,6.276493],[-75.60682,6.276394],[-75.607134,6.276335],[-75.607458,6.276462],[-75.607629,6.276044],[-75.607259,6.275644],[-75.607216,6.275398],[-75.60732,6.275282],[-75.607302,6.275242],[-75.607355,6.275186],[-75.607291,6.275013],[-75.607299,6.274958],[-75.607681,6.274675],[-75.607717,6.274616],[-75.607685,6.274572],[-75.607375,6.27439],[-75.607126,6.274642],[-75.606573,6.274142],[-75.606396,6.274349],[-75.606206,6.274176],[-75.606391,6.27392],[-75.606262,6.273766],[-75.605928,6.273503],[-75.605942,6.273393],[-75.605325,6.273296],[-75.605176,6.273243],[-75.605139,6.273055],[-75.605177,6.272901],[-75.605266,6.272778],[-75.605263,6.27265],[-75.605335,6.272592],[-75.605345,6.272536],[-75.605472,6.272367],[-75.605389,6.272189],[-75.605383,6.272107],[-75.605029,6.272124],[-75.604592,6.272211],[-75.604504,6.272242],[-75.604309,6.272402],[-75.60417,6.272459],[-75.604036,6.272448],[-75.603602,6.272289],[-75.603396,6.272275],[-75.603145,6.272311],[-75.602645,6.27247],[-75.602512,6.274377],[-75.602457,6.274357],[-75.602388,6.274403],[-75.60254,6.274614],[-75.602686,6.274723],[-75.603033,6.274903],[-75.603173,6.274881],[-75.603412,6.274769],[-75.603493,6.27481],[-75.603568,6.274968],[-75.603481,6.275179],[-75.603505,6.275312],[-75.603588,6.275232],[-75.60369,6.275223],[-75.603951,6.275289],[-75.604021,6.275263],[-75.604207,6.275327],[-75.604652,6.275586],[-75.604928,6.275689],[-75.605178,6.275938],[-75.60517,6.275999],[-75.605256,6.27602],[-75.605304,6.2761],[-75.605408,6.276205],[-75.605478,6.276221],[-75.605516,6.276285],[-75.605892,6.276458],[-75.606374,6.276514]]]},"properties":{"CODIGO":"1302","COMUNA":"13","BARRIO":"02","NOMBRE_BARRIO":"Blanquizal","SECTOR":4,"INDICADOR_UR":"U","NOMBRE_COMUNA":"SAN JAVIER","MUNICIPIO":"001"}},{"type":"Feature","id":121,"geometry":{"type":"Polygon","coordinates":[[[-75.595002,6.271019],[-75.595147,6.271322],[-75.59536,6.271915],[-75.595357,6.271994],[-75.595412,6.272068],[-75.595415,6.272031],[-75.595433,6.272067],[-75.595785,6.272022],[-75.596171,6.271933],[-75.596154,6.271765],[-75.596874,6.271771],[-75.597186,6.271628],[-75.597391,6.271872],[-75.597608,6.271932],[-75.597784,6.271872],[-75.597973,6.271722],[-75.597953,6.271431],[-75.598021,6.270655],[-75.597997,6.270505],[-75.598099,6.270544],[-75.598198,6.270227],[-75.59833,6.270305],[-75.59851,6.270341],[-75.598687,6.269704],[-75.598971,6.269101],[-75.598859,6.269001],[-75.598369,6.268866],[-75.598428,6.268684],[-75.599027,6.26791],[-75.598916,6.267645],[-75.59861,6.267258],[-75.598265,6.266665],[-75.598203,6.266168],[-75.597253,6.266152],[-75.59606,6.266199],[-75.59534,6.269431],[-75.595316,6.269553],[-75.595393,6.269569],[-75.595172,6.27062],[-75.595115,6.270825],[-75.595002,6.271019]]]},"properties":{"CODIGO":"1201","COMUNA":"12","BARRIO":"01","NOMBRE_BARRIO":"Ferrini","SECTOR":4,"INDICADOR_UR":"U","NOMBRE_COMUNA":"LA AMERICA","MUNICIPIO":"001"}},{"type":"Feature","id":122,"geometry":{"type":"Polygon","coordinates":[[[-75.55344,6.289887],[-75.553491,6.289928],[-75.553561,6.290086],[-75.553668,6.290104],[-75.553935,6.289865],[-75.553928,6.289722],[-75.55389,6.28966],[-75.553959,6.289571],[-75.554083,6.289526],[-75.554264,6.289571],[-75.554451,6.289411],[-75.55457,6.289388],[-75.554643,6.289448],[-75.554898,6.289437],[-75.55533,6.289152],[-75.55525,6.289085],[-75.555206,6.288995],[-75.555228,6.288749],[-75.55466,6.288644],[-75.554699,6.287621],[-75.55468,6.287315],[-75.554296,6.287348],[-75.554094,6.287326],[-75.553847,6.287145],[-75.553543,6.2871],[-75.553474,6.287032],[-75.553041,6.286989],[-75.552696,6.286862],[-75.55266,6.286716],[-75.55183,6.286488],[-75.551997,6.285847],[-75.551893,6.285871],[-75.55185,6.285331],[-75.551383,6.285298],[-75.551318,6.285263],[-75.551303,6.285111],[-75.550925,6.285081],[-75.550925,6.28468],[-75.549131,6.284233],[-75.549078,6.285035],[-75.549095,6.285169],[-75.549061,6.285238],[-75.549001,6.285269],[-75.548928,6.28553],[-75.548762,6.285489],[-75.548462,6.2855],[-75.548481,6.285653],[-75.548515,6.285656],[-75.548247,6.28773],[-75.54821,6.287832],[-75.549045,6.288016],[-75.551607,6.288361],[-75.551543,6.288977],[-75.552523,6.289276],[-75.552514,6.289405],[-75.552543,6.289412],[-75.552877,6.28943],[-75.553328,6.289348],[-75.553303,6.289936],[-75.55344,6.289887]]]},"properties":{"CODIGO":"0106","COMUNA":"01","BARRIO":"06","NOMBRE_BARRIO":"Villa Guadalupe","SECTOR":1,"INDICADOR_UR":"U","NOMBRE_COMUNA":"POPULAR","MUNICIPIO":"001"}},{"type":"Feature","id":123,"geometry":{"type":"Polygon","coordinates":[[[-75.619657,6.261753],[-75.619787,6.261764],[-75.620182,6.261948],[-75.620361,6.262329],[-75.620457,6.26241],[-75.620793,6.262581],[-75.62084,6.262655],[-75.620845,6.262748],[-75.620716,6.263028],[-75.620846,6.26322],[-75.620849,6.263406],[-75.620994,6.263198],[-75.62133,6.263177],[-75.621523,6.263035],[-75.622657,6.262041],[-75.622575,6.26184],[-75.622699,6.261737],[-75.622755,6.261806],[-75.622674,6.261877],[-75.62285,6.262062],[-75.622929,6.26199],[-75.623064,6.262094],[-75.623245,6.262352],[-75.623265,6.26234],[-75.623334,6.262424],[-75.623663,6.262526],[-75.624133,6.262806],[-75.624243,6.262784],[-75.624163,6.262702],[-75.62383,6.26212],[-75.623643,6.262001],[-75.623408,6.261744],[-75.623296,6.261364],[-75.62318,6.261158],[-75.623229,6.261038],[-75.623385,6.260882],[-75.62338,6.260814],[-75.623301,6.260756],[-75.62335,6.260599],[-75.62338,6.260597],[-75.623375,6.260468],[-75.62332,6.26047],[-75.623317,6.260407],[-75.623344,6.260405],[-75.623362,6.2601],[-75.623333,6.260098],[-75.623132,6.25976],[-75.62277,6.259514],[-75.622348,6.258658],[-75.622561,6.258582],[-75.622536,6.258513],[-75.623418,6.258224],[-75.623349,6.258127],[-75.623269,6.258089],[-75.623266,6.257906],[-75.623192,6.257889],[-75.623143,6.257769],[-75.623796,6.257482],[-75.624031,6.25732],[-75.62416,6.257427],[-75.624441,6.257527],[-75.624585,6.257719],[-75.62481,6.257846],[-75.624904,6.258064],[-75.624963,6.258339],[-75.625048,6.25843],[-75.625425,6.258635],[-75.625709,6.258878],[-75.625881,6.258878],[-75.626149,6.259021],[-75.626152,6.259367],[-75.626449,6.259785],[-75.627269,6.259397],[-75.627217,6.259112],[-75.62725,6.258779],[-75.627433,6.258504],[-75.627659,6.258369],[-75.627794,6.258191],[-75.627201,6.257835],[-75.627069,6.257543],[-75.626815,6.257515],[-75.626661,6.257462],[-75.626172,6.256953],[-75.625999,6.256892],[-75.625599,6.256674],[-75.624552,6.255878],[-75.624193,6.25568],[-75.62372,6.25566],[-75.623785,6.255753],[-75.624354,6.256052],[-75.624419,6.256145],[-75.624443,6.256473],[-75.624129,6.256278],[-75.623976,6.256277],[-75.623838,6.256345],[-75.62282,6.256015],[-75.622532,6.256126],[-75.622104,6.256201],[-75.621609,6.256413],[-75.621288,6.256443],[-75.620812,6.256367],[-75.620385,6.256216],[-75.619661,6.256206],[-75.619305,6.256602],[-75.618829,6.256849],[-75.61851,6.25719],[-75.618082,6.257306],[-75.618226,6.258041],[-75.618182,6.25839],[-75.618169,6.259098],[-75.61821,6.259359],[-75.618353,6.25983],[-75.618841,6.260388],[-75.618915,6.260614],[-75.618892,6.261008],[-75.619148,6.261393],[-75.619261,6.261513],[-75.619657,6.261753]]]},"properties":{"CODIGO":"1318","COMUNA":"13","BARRIO":"18","NOMBRE_BARRIO":"Antonio Nariño","SECTOR":4,"INDICADOR_UR":"U","NOMBRE_COMUNA":"SAN JAVIER","MUNICIPIO":"001"}},{"type":"Feature","id":124,"geometry":{"type":"Polygon","coordinates":[[[-75.59606,6.266199],[-75.597253,6.266152],[-75.598203,6.266168],[-75.59828,6.266104],[-75.599675,6.265446],[-75.600346,6.264548],[-75.6002,6.264196],[-75.600964,6.263285],[-75.600927,6.262563],[-75.600467,6.259246],[-75.597835,6.258676],[-75.597758,6.258624],[-75.596714,6.263299],[-75.596541,6.263338],[-75.596443,6.263483],[-75.596468,6.263653],[-75.5966,6.263762],[-75.59606,6.266199]]]},"properties":{"CODIGO":"1202","COMUNA":"12","BARRIO":"02","NOMBRE_BARRIO":"Calasanz","SECTOR":4,"INDICADOR_UR":"U","NOMBRE_COMUNA":"LA AMERICA","MUNICIPIO":"001"}},{"type":"Feature","id":125,"geometry":{"type":"Polygon","coordinates":[[[-75.607186,6.276372],[-75.607134,6.276335],[-75.606893,6.276374],[-75.606769,6.276415],[-75.60669,6.276487],[-75.606505,6.27652],[-75.606054,6.276495],[-75.605874,6.276452],[-75.605516,6.276285],[-75.605478,6.276221],[-75.605408,6.276205],[-75.605256,6.27602],[-75.60517,6.275999],[-75.605178,6.275938],[-75.604928,6.275689],[-75.604652,6.275586],[-75.60426,6.275352],[-75.604021,6.275263],[-75.603951,6.275289],[-75.603882,6.275256],[-75.603751,6.275257],[-75.60371,6.275225],[-75.603588,6.275232],[-75.603389,6.275405],[-75.60332,6.27557],[-75.603334,6.276129],[-75.603418,6.27613],[-75.603426,6.276376],[-75.603625,6.276986],[-75.602155,6.27771],[-75.601741,6.277736],[-75.601164,6.277932],[-75.601073,6.278006],[-75.601026,6.278139],[-75.601098,6.278467],[-75.601073,6.278191],[-75.601141,6.278055],[-75.601409,6.277987],[-75.601614,6.278011],[-75.601743,6.278073],[-75.602129,6.278403],[-75.60252,6.278475],[-75.602873,6.278594],[-75.603644,6.278508],[-75.604068,6.278322],[-75.60423,6.278298],[-75.60436,6.278338],[-75.604518,6.278443],[-75.604892,6.278773],[-75.605016,6.27883],[-75.605803,6.278959],[-75.606097,6.279159],[-75.606398,6.279587],[-75.6066,6.279701],[-75.606843,6.279709],[-75.607311,6.279783],[-75.607836,6.279516],[-75.607998,6.279535],[-75.608213,6.279645],[-75.608349,6.279669],[-75.608682,6.279516],[-75.609037,6.279469],[-75.60907,6.279447],[-75.609038,6.279424],[-75.608981,6.279211],[-75.608552,6.278715],[-75.608447,6.278569],[-75.608421,6.278463],[-75.608365,6.278412],[-75.608315,6.278244],[-75.60822,6.278193],[-75.608179,6.278115],[-75.608203,6.277315],[-75.608162,6.277247],[-75.607966,6.277088],[-75.608006,6.276905],[-75.60797,6.276786],[-75.607675,6.276554],[-75.607186,6.276372]]]},"properties":{"CODIGO":"0719","COMUNA":"07","BARRIO":"19","NOMBRE_BARRIO":"Fuente Clara","SECTOR":2,"INDICADOR_UR":"U","NOMBRE_COMUNA":"ROBLEDO","MUNICIPIO":"001"}},{"type":"Feature","id":126,"geometry":{"type":"Polygon","coordinates":[[[-75.573515,6.295838],[-75.577549,6.297184],[-75.578549,6.29423],[-75.578746,6.293527],[-75.579495,6.291312],[-75.57968,6.290876],[-75.579205,6.290726],[-75.579544,6.289666],[-75.579106,6.289375],[-75.578894,6.289153],[-75.578793,6.289115],[-75.5787,6.289027],[-75.578675,6.289106],[-75.578729,6.289105],[-75.578711,6.289161],[-75.578653,6.289178],[-75.578643,6.289212],[-75.577431,6.288765],[-75.576049,6.28831],[-75.576001,6.288382],[-75.573515,6.295838]]]},"properties":{"CODIGO":"0605","COMUNA":"06","BARRIO":"05","NOMBRE_BARRIO":"La Esperanza","SECTOR":2,"INDICADOR_UR":"U","NOMBRE_COMUNA":"DOCE DE OCTUBRE","MUNICIPIO":"001"}},{"type":"Feature","id":127,"geometry":{"type":"Polygon","coordinates":[[[-75.563253,6.264083],[-75.56355,6.263992],[-75.564044,6.26392],[-75.566389,6.264278],[-75.566803,6.261866],[-75.564254,6.261422],[-75.563464,6.263744],[-75.563253,6.264083]]]},"properties":{"CODIGO":"1002","COMUNA":"10","BARRIO":"02","NOMBRE_BARRIO":"Hospital San Vicente de Paúl","SECTOR":3,"INDICADOR_UR":"U","NOMBRE_COMUNA":"LA CANDELARIA","MUNICIPIO":"001"}},{"type":"Feature","id":128,"geometry":{"type":"Polygon","coordinates":[[[-75.58635,6.264724],[-75.586688,6.26547],[-75.586829,6.266067],[-75.587024,6.265671],[-75.587264,6.265607],[-75.587138,6.265386],[-75.587532,6.264814],[-75.587446,6.264665],[-75.586958,6.264157],[-75.587005,6.264097],[-75.586668,6.263564],[-75.5867,6.263518],[-75.586669,6.263486],[-75.586637,6.263521],[-75.586565,6.263437],[-75.585964,6.262508],[-75.585721,6.262849],[-75.585641,6.262801],[-75.58532,6.262528],[-75.585077,6.26218],[-75.584873,6.261668],[-75.584518,6.261393],[-75.583563,6.261062],[-75.582627,6.260292],[-75.582231,6.260028],[-75.58172,6.259741],[-75.581359,6.259587],[-75.580372,6.259251],[-75.579839,6.259106],[-75.579281,6.259073],[-75.578772,6.258983],[-75.578461,6.259198],[-75.578436,6.259337],[-75.578479,6.259451],[-75.578958,6.259603],[-75.579802,6.259742],[-75.579924,6.259464],[-75.579986,6.25939],[-75.580102,6.259326],[-75.580189,6.25932],[-75.580655,6.259506],[-75.580852,6.25968],[-75.580895,6.25976],[-75.581182,6.260002],[-75.581461,6.260121],[-75.581856,6.260229],[-75.582431,6.260548],[-75.582621,6.260733],[-75.582691,6.260881],[-75.582835,6.261033],[-75.583086,6.261224],[-75.583188,6.261383],[-75.583438,6.261643],[-75.584056,6.262182],[-75.58416,6.262243],[-75.585755,6.263914],[-75.58635,6.264724]]]},"properties":{"CODIGO":"0725","COMUNA":"07","BARRIO":"25","NOMBRE_BARRIO":"Nueva Villa de la Iguaná","SECTOR":2,"INDICADOR_UR":"U","NOMBRE_COMUNA":"ROBLEDO","MUNICIPIO":"001"}},{"type":"Feature","id":129,"geometry":{"type":"Polygon","coordinates":[[[-75.587794,6.262368],[-75.589409,6.263457],[-75.592352,6.265268],[-75.593553,6.262674],[-75.593123,6.262472],[-75.593065,6.262407],[-75.593279,6.261894],[-75.586086,6.258498],[-75.585895,6.258919],[-75.585091,6.260375],[-75.585031,6.260472],[-75.584971,6.260431],[-75.584518,6.261393],[-75.584873,6.261668],[-75.585077,6.26218],[-75.58532,6.262528],[-75.585641,6.262801],[-75.585721,6.262849],[-75.585964,6.262508],[-75.586565,6.263437],[-75.586637,6.263521],[-75.586669,6.263486],[-75.5867,6.263518],[-75.586676,6.263576],[-75.587357,6.262815],[-75.587716,6.262313],[-75.587794,6.262368]]]},"properties":{"CODIGO":"1115","COMUNA":"11","BARRIO":"15","NOMBRE_BARRIO":"Cuarta Brigada","SECTOR":4,"INDICADOR_UR":"U","NOMBRE_COMUNA":"LAURELES","MUNICIPIO":"001"}},{"type":"Feature","id":130,"geometry":{"type":"Polygon","coordinates":[[[-75.600964,6.263282],[-75.601496,6.263621],[-75.60206,6.262744],[-75.602139,6.262643],[-75.602216,6.262601],[-75.603262,6.262518],[-75.603892,6.262518],[-75.604543,6.262451],[-75.604672,6.26246],[-75.604936,6.262599],[-75.605161,6.2626],[-75.605921,6.262493],[-75.606412,6.262276],[-75.606485,6.262175],[-75.606794,6.261491],[-75.60719,6.260963],[-75.607994,6.260195],[-75.608058,6.260031],[-75.608929,6.259103],[-75.608925,6.259072],[-75.609421,6.258584],[-75.60989,6.25821],[-75.608729,6.258345],[-75.607032,6.258602],[-75.606702,6.258682],[-75.60462,6.259575],[-75.603543,6.259868],[-75.60232,6.260406],[-75.602178,6.260443],[-75.602045,6.260415],[-75.601791,6.260285],[-75.600865,6.259532],[-75.600753,6.259483],[-75.600495,6.259442],[-75.600927,6.262563],[-75.600964,6.263282]]]},"properties":{"CODIGO":"1304","COMUNA":"13","BARRIO":"04","NOMBRE_BARRIO":"Los Alcázares","SECTOR":4,"INDICADOR_UR":"U","NOMBRE_COMUNA":"SAN JAVIER","MUNICIPIO":"001"}},{"type":"Feature","id":131,"geometry":{"type":"Polygon","coordinates":[[[-75.609105,6.262171],[-75.609816,6.263045],[-75.610114,6.263228],[-75.610487,6.263521],[-75.61049,6.263606],[-75.611205,6.264003],[-75.61133,6.263879],[-75.612087,6.262451],[-75.612468,6.261856],[-75.613008,6.262206],[-75.613359,6.262479],[-75.613663,6.26261],[-75.613795,6.26278],[-75.6141,6.262618],[-75.614198,6.262713],[-75.614285,6.262685],[-75.614218,6.262559],[-75.614217,6.262446],[-75.614287,6.262252],[-75.614427,6.262011],[-75.614441,6.261917],[-75.614409,6.261836],[-75.614867,6.261374],[-75.614913,6.261245],[-75.614834,6.260627],[-75.614883,6.26049],[-75.61525,6.260171],[-75.61521,6.260148],[-75.615085,6.259835],[-75.615298,6.259841],[-75.615282,6.259599],[-75.615025,6.259468],[-75.614762,6.25945],[-75.614474,6.259364],[-75.614206,6.259199],[-75.613899,6.259233],[-75.613215,6.259104],[-75.611911,6.258651],[-75.61117,6.258276],[-75.610835,6.258186],[-75.610582,6.258146],[-75.60989,6.25821],[-75.609421,6.258584],[-75.608925,6.259072],[-75.608929,6.259103],[-75.608058,6.260031],[-75.607994,6.260195],[-75.60719,6.260963],[-75.606975,6.261227],[-75.606718,6.26162],[-75.606462,6.262222],[-75.606412,6.262276],[-75.606147,6.262406],[-75.606184,6.262521],[-75.606571,6.263143],[-75.606875,6.262929],[-75.607416,6.262447],[-75.607922,6.262123],[-75.60821,6.262415],[-75.608274,6.262429],[-75.608583,6.262323],[-75.608722,6.262524],[-75.608774,6.262504],[-75.609068,6.262133],[-75.609105,6.262171]]]},"properties":{"CODIGO":"1306","COMUNA":"13","BARRIO":"06","NOMBRE_BARRIO":"La Pradera","SECTOR":4,"INDICADOR_UR":"U","NOMBRE_COMUNA":"SAN JAVIER","MUNICIPIO":"001"}},{"type":"Feature","id":132,"geometry":{"type":"Polygon","coordinates":[[[-75.552813,6.207357],[-75.55304,6.207384],[-75.553279,6.207494],[-75.553357,6.207607],[-75.553381,6.207831],[-75.553439,6.207911],[-75.553745,6.207879],[-75.553495,6.20735],[-75.553703,6.207445],[-75.553875,6.207659],[-75.55401,6.207721],[-75.55415,6.20774],[-75.554252,6.207822],[-75.554431,6.207777],[-75.554711,6.207645],[-75.554891,6.20766],[-75.554872,6.20693],[-75.554934,6.206934],[-75.555209,6.20705],[-75.55533,6.207055],[-75.555837,6.2073],[-75.556161,6.207626],[-75.556391,6.207725],[-75.556544,6.207597],[-75.556822,6.207745],[-75.556915,6.207708],[-75.557079,6.20774],[-75.557173,6.207714],[-75.557309,6.207602],[-75.55775,6.207439],[-75.557972,6.207491],[-75.558166,6.207589],[-75.558305,6.207579],[-75.558351,6.20762],[-75.559117,6.207848],[-75.559103,6.207651],[-75.559155,6.207508],[-75.55932,6.207263],[-75.559353,6.206889],[-75.559454,6.206671],[-75.560644,6.205846],[-75.560843,6.205644],[-75.561058,6.205312],[-75.561161,6.205018],[-75.561205,6.2043],[-75.561381,6.204042],[-75.561488,6.203807],[-75.561747,6.202882],[-75.561761,6.202651],[-75.561678,6.202298],[-75.561716,6.202159],[-75.562323,6.201012],[-75.562449,6.200876],[-75.562646,6.200774],[-75.563734,6.200792],[-75.564289,6.200556],[-75.564473,6.200439],[-75.563509,6.200166],[-75.562997,6.200116],[-75.561886,6.199841],[-75.561476,6.199769],[-75.560468,6.199469],[-75.56017,6.198993],[-75.559945,6.198892],[-75.559631,6.198856],[-75.559517,6.198964],[-75.559514,6.199026],[-75.559602,6.199182],[-75.559593,6.199328],[-75.559416,6.199634],[-75.559487,6.200134],[-75.559692,6.200538],[-75.559669,6.200588],[-75.559605,6.200601],[-75.558998,6.199903],[-75.557954,6.199372],[-75.557779,6.199257],[-75.557647,6.198962],[-75.557545,6.198504],[-75.557465,6.198289],[-75.557163,6.197927],[-75.557093,6.197907],[-75.556825,6.19791],[-75.556537,6.198287],[-75.556287,6.198154],[-75.556194,6.198204],[-75.556135,6.198195],[-75.556032,6.198118],[-75.555833,6.198087],[-75.555725,6.198126],[-75.555609,6.198258],[-75.55542,6.198326],[-75.555336,6.198313],[-75.55522,6.198214],[-75.55514,6.198203],[-75.555071,6.198154],[-75.554945,6.198151],[-75.554951,6.198216],[-75.55486,6.198149],[-75.554697,6.198093],[-75.554425,6.198225],[-75.554289,6.19823],[-75.553457,6.197978],[-75.553463,6.198329],[-75.553572,6.198689],[-75.553501,6.198943],[-75.553189,6.198086],[-75.552978,6.198017],[-75.552712,6.197988],[-75.552417,6.197809],[-75.552273,6.197928],[-75.552137,6.197902],[-75.552054,6.197953],[-75.552019,6.198171],[-75.551863,6.198282],[-75.551617,6.197939],[-75.551501,6.19793],[-75.551566,6.198119],[-75.551781,6.19842],[-75.551911,6.198675],[-75.551954,6.198858],[-75.551998,6.199491],[-75.551551,6.199536],[-75.551429,6.199488],[-75.551227,6.199341],[-75.550939,6.199322],[-75.550891,6.199558],[-75.550817,6.200815],[-75.550937,6.20088],[-75.550999,6.200875],[-75.551111,6.200792],[-75.550813,6.201728],[-75.550733,6.201894],[-75.55064,6.20199],[-75.550565,6.202404],[-75.550803,6.202667],[-75.550745,6.203616],[-75.549547,6.205249],[-75.549762,6.205387],[-75.550125,6.205488],[-75.550189,6.205525],[-75.550258,6.205629],[-75.550288,6.205866],[-75.550212,6.20603],[-75.550204,6.20642],[-75.550135,6.206705],[-75.550178,6.206909],[-75.550341,6.206941],[-75.550748,6.206939],[-75.550996,6.207015],[-75.551078,6.206989],[-75.55114,6.20704],[-75.551232,6.20705],[-75.551366,6.207015],[-75.551747,6.207],[-75.551905,6.206933],[-75.55217,6.20711],[-75.552105,6.207228],[-75.552187,6.207269],[-75.552325,6.207325],[-75.552813,6.207357]]]},"properties":{"CODIGO":"1409","COMUNA":"14","BARRIO":"09","NOMBRE_BARRIO":"El Tesoro","SECTOR":5,"INDICADOR_UR":"U","NOMBRE_COMUNA":"EL POBLADO","MUNICIPIO":"001"}},{"type":"Feature","id":133,"geometry":{"type":"Polygon","coordinates":[[[-75.586181,6.31007],[-75.586454,6.310039],[-75.586443,6.309947],[-75.586507,6.309873],[-75.586701,6.30988],[-75.586708,6.309802],[-75.586763,6.309806],[-75.586767,6.309762],[-75.586823,6.309766],[-75.586818,6.309826],[-75.586873,6.30983],[-75.586882,6.309723],[-75.586768,6.309715],[-75.586773,6.309661],[-75.586937,6.30968],[-75.586965,6.309505],[-75.5866,6.30946],[-75.586588,6.309527],[-75.585987,6.309441],[-75.586045,6.309123],[-75.586079,6.308584],[-75.586121,6.308598],[-75.586223,6.307954],[-75.586175,6.307658],[-75.586389,6.307652],[-75.586144,6.307461],[-75.586503,6.307293],[-75.586462,6.307213],[-75.586035,6.307399],[-75.585773,6.307295],[-75.5857,6.307232],[-75.585914,6.307091],[-75.585768,6.307023],[-75.585321,6.307051],[-75.585401,6.306834],[-75.585498,6.30632],[-75.585444,6.306186],[-75.585491,6.306188],[-75.585505,6.306116],[-75.585491,6.306031],[-75.585424,6.306003],[-75.585394,6.305368],[-75.584932,6.305162],[-75.584907,6.305194],[-75.584796,6.305157],[-75.584708,6.305054],[-75.584699,6.304973],[-75.584616,6.304961],[-75.584544,6.305047],[-75.58458,6.305192],[-75.584552,6.305689],[-75.584465,6.30586],[-75.584386,6.305914],[-75.584266,6.305854],[-75.584146,6.306095],[-75.584063,6.306168],[-75.584029,6.306272],[-75.584046,6.306541],[-75.58411,6.306565],[-75.584212,6.306853],[-75.58401,6.307302],[-75.584122,6.307493],[-75.584138,6.307908],[-75.584186,6.308156],[-75.584396,6.308473],[-75.584344,6.308517],[-75.584416,6.308663],[-75.5846,6.308921],[-75.583908,6.309074],[-75.583878,6.309134],[-75.583912,6.309283],[-75.584238,6.309288],[-75.584435,6.309367],[-75.584676,6.309263],[-75.584764,6.309329],[-75.584996,6.309365],[-75.585108,6.309434],[-75.585284,6.309681],[-75.585581,6.30984],[-75.585785,6.309844],[-75.585929,6.309931],[-75.586015,6.310051],[-75.586181,6.31007]]]},"properties":{"CODIGO":"0612","COMUNA":"06","BARRIO":"12","NOMBRE_BARRIO":"El Triunfo","SECTOR":2,"INDICADOR_UR":"U","NOMBRE_COMUNA":"DOCE DE OCTUBRE","MUNICIPIO":"001"}},{"type":"Feature","id":134,"geometry":{"type":"Polygon","coordinates":[[[-75.556952,6.235066],[-75.557589,6.23546],[-75.55802,6.235239],[-75.558355,6.234854],[-75.560083,6.234847],[-75.560126,6.234625],[-75.560159,6.234033],[-75.560239,6.233567],[-75.560565,6.232943],[-75.560781,6.232611],[-75.561261,6.232927],[-75.561714,6.233149],[-75.561975,6.232532],[-75.561909,6.232449],[-75.561935,6.231873],[-75.561861,6.231628],[-75.561685,6.231271],[-75.561412,6.230957],[-75.561256,6.230518],[-75.560989,6.230142],[-75.561167,6.229937],[-75.56119,6.229852],[-75.561111,6.229596],[-75.560964,6.229427],[-75.560057,6.228782],[-75.559942,6.228625],[-75.559949,6.228478],[-75.56008,6.228379],[-75.560523,6.228377],[-75.560608,6.228317],[-75.560626,6.228086],[-75.56037,6.227633],[-75.560261,6.227498],[-75.559316,6.226717],[-75.559219,6.226939],[-75.557566,6.22646],[-75.557149,6.226836],[-75.556824,6.226945],[-75.556704,6.227082],[-75.556649,6.227265],[-75.556639,6.227427],[-75.556686,6.227489],[-75.557027,6.227714],[-75.557235,6.228034],[-75.557286,6.228247],[-75.557239,6.228357],[-75.557157,6.228363],[-75.557129,6.228228],[-75.556982,6.228018],[-75.556342,6.227764],[-75.556062,6.22748],[-75.556035,6.227244],[-75.555938,6.227112],[-75.555463,6.226735],[-75.555032,6.226821],[-75.555051,6.226881],[-75.554995,6.227252],[-75.555032,6.227428],[-75.555015,6.227561],[-75.554934,6.227785],[-75.554683,6.228067],[-75.554588,6.228371],[-75.554443,6.228539],[-75.55451,6.228656],[-75.554504,6.228727],[-75.554381,6.228963],[-75.55431,6.229229],[-75.554319,6.229641],[-75.55423,6.229804],[-75.554262,6.229853],[-75.554261,6.22997],[-75.554216,6.230273],[-75.55416,6.230395],[-75.55402,6.230554],[-75.553906,6.230782],[-75.553897,6.230871],[-75.553628,6.231222],[-75.553525,6.231298],[-75.553378,6.231272],[-75.553327,6.231299],[-75.553276,6.231421],[-75.553176,6.231537],[-75.553157,6.231718],[-75.553025,6.232084],[-75.553033,6.232283],[-75.552994,6.232379],[-75.55507,6.233477],[-75.554905,6.233532],[-75.554841,6.233586],[-75.554693,6.233832],[-75.556214,6.234638],[-75.556277,6.234522],[-75.556404,6.234499],[-75.556736,6.235329],[-75.556879,6.235086],[-75.556918,6.235044],[-75.556952,6.235066]]]},"properties":{"CODIGO":"0913","COMUNA":"09","BARRIO":"13","NOMBRE_BARRIO":"Loreto","SECTOR":3,"INDICADOR_UR":"U","NOMBRE_COMUNA":"BUENOS AIRES","MUNICIPIO":"001"}},{"type":"Feature","id":135,"geometry":{"type":"Polygon","coordinates":[[[-75.56328,6.302459],[-75.562499,6.304667],[-75.562489,6.304859],[-75.562691,6.305249],[-75.563699,6.306339],[-75.563859,6.306664],[-75.563928,6.306905],[-75.563959,6.307221],[-75.563895,6.308694],[-75.563952,6.308453],[-75.564068,6.308279],[-75.565692,6.306862],[-75.56611,6.30646],[-75.566242,6.306248],[-75.566542,6.3056],[-75.566658,6.305163],[-75.566753,6.304318],[-75.566841,6.30412],[-75.567188,6.301539],[-75.56722,6.301054],[-75.566522,6.301385],[-75.566121,6.301528],[-75.565538,6.301791],[-75.565232,6.301862],[-75.564983,6.301857],[-75.56474,6.301806],[-75.564326,6.301631],[-75.563854,6.301377],[-75.563564,6.301988],[-75.56328,6.302459]]]},"properties":{"CODIGO":"0505","COMUNA":"05","BARRIO":"05","NOMBRE_BARRIO":"Boyacá","SECTOR":2,"INDICADOR_UR":"U","NOMBRE_COMUNA":"CASTILLA","MUNICIPIO":"001"}},{"type":"Feature","id":136,"geometry":{"type":"Polygon","coordinates":[[[-75.619401,6.263771],[-75.619414,6.263833],[-75.619513,6.263938],[-75.619542,6.264227],[-75.619581,6.264155],[-75.620041,6.264132],[-75.62022,6.26409],[-75.620229,6.264029],[-75.62003,6.263786],[-75.620005,6.263037],[-75.620179,6.262876],[-75.62072,6.262889],[-75.620697,6.263033],[-75.620758,6.263093],[-75.620717,6.263028],[-75.620835,6.262807],[-75.62084,6.262655],[-75.620768,6.262553],[-75.620457,6.26241],[-75.620362,6.262329],[-75.620182,6.261948],[-75.619787,6.261764],[-75.619604,6.261732],[-75.619261,6.261513],[-75.619148,6.261393],[-75.618892,6.261008],[-75.618887,6.260848],[-75.618922,6.260706],[-75.618873,6.260451],[-75.618792,6.260313],[-75.618354,6.25983],[-75.61821,6.259359],[-75.61817,6.258864],[-75.618182,6.25839],[-75.618226,6.258041],[-75.618082,6.257306],[-75.617289,6.257467],[-75.617102,6.25743],[-75.616878,6.257326],[-75.61682,6.257774],[-75.617289,6.257864],[-75.617306,6.25794],[-75.617269,6.257935],[-75.617115,6.25896],[-75.61654,6.259026],[-75.616382,6.259925],[-75.615166,6.259818],[-75.615091,6.259853],[-75.615217,6.26016],[-75.615324,6.260204],[-75.615435,6.260191],[-75.615525,6.260107],[-75.615651,6.260156],[-75.615696,6.260293],[-75.615885,6.260468],[-75.616354,6.261125],[-75.616551,6.261351],[-75.616696,6.261584],[-75.616853,6.261592],[-75.616913,6.261745],[-75.617266,6.261749],[-75.617312,6.261775],[-75.617331,6.261841],[-75.617238,6.261885],[-75.61722,6.262009],[-75.617251,6.262058],[-75.617351,6.262095],[-75.617299,6.26225],[-75.617332,6.262367],[-75.617294,6.262475],[-75.617316,6.262606],[-75.617363,6.262611],[-75.617401,6.262681],[-75.617455,6.262707],[-75.617533,6.26263],[-75.617642,6.262583],[-75.617733,6.262602],[-75.617886,6.262745],[-75.617917,6.262816],[-75.617896,6.262914],[-75.618053,6.262962],[-75.618147,6.263128],[-75.618115,6.263165],[-75.618132,6.26319],[-75.618378,6.262985],[-75.618503,6.262982],[-75.618677,6.263085],[-75.618768,6.263182],[-75.618931,6.263248],[-75.618974,6.263239],[-75.618994,6.263369],[-75.618955,6.263434],[-75.619092,6.263758],[-75.619179,6.263783],[-75.61932,6.263677],[-75.619401,6.263771]]]},"properties":{"CODIGO":"1319","COMUNA":"13","BARRIO":"19","NOMBRE_BARRIO":"El Socorro","SECTOR":4,"INDICADOR_UR":"U","NOMBRE_COMUNA":"SAN JAVIER","MUNICIPIO":"001"}},{"type":"Feature","id":137,"geometry":{"type":"Polygon","coordinates":[[[-75.596557,6.253363],[-75.596428,6.254668],[-75.596421,6.255075],[-75.5972,6.254923],[-75.598915,6.25435],[-75.599245,6.253937],[-75.599621,6.253598],[-75.600095,6.253294],[-75.600928,6.252857],[-75.601437,6.252438],[-75.601779,6.251989],[-75.60198,6.251636],[-75.602172,6.251115],[-75.602246,6.250778],[-75.602353,6.250764],[-75.602437,6.250697],[-75.602474,6.250596],[-75.602454,6.25049],[-75.602376,6.250406],[-75.602266,6.250378],[-75.602131,6.250438],[-75.602073,6.250569],[-75.601155,6.250527],[-75.600831,6.250478],[-75.600037,6.25016],[-75.599447,6.250075],[-75.598248,6.250138],[-75.596863,6.25012],[-75.596557,6.253363]]]},"properties":{"CODIGO":"1203","COMUNA":"12","BARRIO":"03","NOMBRE_BARRIO":"Los Pinos","SECTOR":4,"INDICADOR_UR":"U","NOMBRE_COMUNA":"LA AMERICA","MUNICIPIO":"001"}},{"type":"Feature","id":138,"geometry":{"type":"Polygon","coordinates":[[[-75.577416,6.258932],[-75.577696,6.258975],[-75.578893,6.258986],[-75.579281,6.259073],[-75.579839,6.259106],[-75.580372,6.259251],[-75.581359,6.259587],[-75.58172,6.259741],[-75.582231,6.260028],[-75.582627,6.260292],[-75.583563,6.261062],[-75.584518,6.261393],[-75.584971,6.260431],[-75.585031,6.260472],[-75.585091,6.260375],[-75.585895,6.258919],[-75.586086,6.258498],[-75.579416,6.255319],[-75.578639,6.254887],[-75.577227,6.254191],[-75.575232,6.257778],[-75.574145,6.259803],[-75.57439,6.25981],[-75.574799,6.259681],[-75.575418,6.259416],[-75.576108,6.259192],[-75.576258,6.259205],[-75.576466,6.259158],[-75.57685,6.258978],[-75.577256,6.258907],[-75.577416,6.258932]]]},"properties":{"CODIGO":"1101","COMUNA":"11","BARRIO":"01","NOMBRE_BARRIO":"Carlos E. Restrepo","SECTOR":4,"INDICADOR_UR":"U","NOMBRE_COMUNA":"LAURELES","MUNICIPIO":"001"}},{"type":"Feature","id":139,"geometry":{"type":"Polygon","coordinates":[[[-75.591218,6.276246],[-75.591155,6.276371],[-75.591156,6.276559],[-75.591655,6.27639],[-75.591797,6.276273],[-75.59227,6.276181],[-75.592644,6.276053],[-75.592507,6.275714],[-75.593032,6.275262],[-75.593624,6.274637],[-75.593152,6.274106],[-75.593387,6.27388],[-75.593637,6.273728],[-75.593705,6.273614],[-75.593266,6.27347],[-75.590913,6.272359],[-75.590432,6.272485],[-75.588912,6.273022],[-75.588323,6.273145],[-75.587726,6.273162],[-75.586329,6.272626],[-75.585969,6.272609],[-75.585493,6.272692],[-75.585459,6.272866],[-75.585506,6.273062],[-75.586068,6.274804],[-75.586081,6.275028],[-75.585962,6.275509],[-75.585935,6.275846],[-75.585864,6.275971],[-75.58607,6.276166],[-75.586599,6.276344],[-75.587236,6.276452],[-75.589045,6.27633],[-75.589759,6.276115],[-75.590125,6.276038],[-75.590401,6.275899],[-75.590668,6.275823],[-75.590803,6.275728],[-75.59087,6.275605],[-75.591207,6.275764],[-75.591392,6.275908],[-75.59139,6.275962],[-75.591218,6.276246]]]},"properties":{"CODIGO":"0705","COMUNA":"07","BARRIO":"05","NOMBRE_BARRIO":"Facultad de Minas U. Nacional","SECTOR":2,"INDICADOR_UR":"U","NOMBRE_COMUNA":"ROBLEDO","MUNICIPIO":"001"}},{"type":"Feature","id":140,"geometry":{"type":"Polygon","coordinates":[[[-75.60277,6.252951],[-75.604208,6.253697],[-75.604642,6.253979],[-75.604436,6.254315],[-75.604422,6.25444],[-75.604912,6.255959],[-75.605235,6.255926],[-75.607562,6.252311],[-75.606822,6.251659],[-75.608014,6.250715],[-75.606124,6.249007],[-75.605761,6.248719],[-75.605146,6.248634],[-75.605366,6.247943],[-75.604793,6.248269],[-75.603835,6.248257],[-75.60369,6.248483],[-75.603179,6.248755],[-75.602357,6.249366],[-75.602283,6.250378],[-75.602436,6.25046],[-75.602468,6.25063],[-75.602387,6.250745],[-75.602246,6.250778],[-75.602172,6.251115],[-75.60198,6.251636],[-75.601779,6.251989],[-75.601564,6.252288],[-75.601304,6.252567],[-75.600928,6.252857],[-75.600095,6.253294],[-75.599621,6.253598],[-75.599245,6.253937],[-75.598915,6.25435],[-75.599059,6.254271],[-75.602794,6.252908],[-75.60277,6.252951]]]},"properties":{"CODIGO":"1204","COMUNA":"12","BARRIO":"04","NOMBRE_BARRIO":"La América","SECTOR":4,"INDICADOR_UR":"U","NOMBRE_COMUNA":"LA AMERICA","MUNICIPIO":"001"}},{"type":"Feature","id":141,"geometry":{"type":"Polygon","coordinates":[[[-75.566065,6.234285],[-75.566305,6.23424],[-75.566541,6.234085],[-75.566752,6.234024],[-75.567177,6.234084],[-75.567559,6.233813],[-75.56671,6.232921],[-75.565671,6.231351],[-75.565652,6.231214],[-75.565724,6.230931],[-75.566311,6.230117],[-75.566456,6.229752],[-75.566557,6.228607],[-75.566553,6.228401],[-75.566511,6.228281],[-75.566386,6.228116],[-75.565943,6.227751],[-75.565684,6.227493],[-75.564941,6.226515],[-75.564783,6.226166],[-75.564824,6.225921],[-75.564876,6.225812],[-75.564252,6.225497],[-75.56422,6.225558],[-75.564145,6.225512],[-75.56383,6.225438],[-75.563379,6.225099],[-75.563081,6.225045],[-75.562104,6.225006],[-75.561717,6.224933],[-75.561393,6.22466],[-75.56109,6.224591],[-75.560775,6.224473],[-75.560602,6.22432],[-75.560373,6.224218],[-75.559958,6.223693],[-75.559882,6.223458],[-75.559865,6.223277],[-75.559955,6.223046],[-75.559723,6.222991],[-75.559613,6.22305],[-75.559236,6.224501],[-75.559353,6.225911],[-75.559274,6.226466],[-75.559316,6.226717],[-75.560261,6.227498],[-75.56037,6.227633],[-75.560626,6.228086],[-75.560608,6.228317],[-75.560523,6.228377],[-75.56008,6.228379],[-75.559949,6.228478],[-75.559942,6.228625],[-75.560072,6.228794],[-75.560964,6.229427],[-75.561153,6.229677],[-75.561189,6.229784],[-75.561167,6.229937],[-75.560989,6.230142],[-75.561256,6.230518],[-75.561412,6.230957],[-75.561685,6.231271],[-75.561861,6.231628],[-75.561935,6.231873],[-75.561915,6.232477],[-75.562426,6.232833],[-75.563891,6.233601],[-75.56421,6.233723],[-75.564463,6.233771],[-75.564805,6.233959],[-75.565206,6.234107],[-75.565286,6.234184],[-75.565302,6.234074],[-75.566065,6.234285]]]},"properties":{"CODIGO":"0914","COMUNA":"09","BARRIO":"14","NOMBRE_BARRIO":"Asomadera No. 1","SECTOR":3,"INDICADOR_UR":"U","NOMBRE_COMUNA":"BUENOS AIRES","MUNICIPIO":"001"}},{"type":"Feature","id":142,"geometry":{"type":"Polygon","coordinates":[[[-75.607675,6.276554],[-75.608017,6.276827],[-75.608179,6.276887],[-75.608343,6.276842],[-75.608774,6.276618],[-75.608979,6.276558],[-75.609172,6.276536],[-75.609393,6.276562],[-75.609507,6.276533],[-75.609739,6.27639],[-75.609981,6.276319],[-75.61024,6.276149],[-75.610405,6.276136],[-75.610713,6.276005],[-75.611118,6.276017],[-75.61132,6.275791],[-75.611332,6.275288],[-75.611381,6.275205],[-75.61148,6.275142],[-75.611733,6.275035],[-75.612023,6.27497],[-75.6122,6.274822],[-75.612387,6.274815],[-75.612667,6.274941],[-75.613014,6.274983],[-75.613052,6.274959],[-75.613067,6.274868],[-75.613253,6.274546],[-75.613588,6.274353],[-75.613924,6.274074],[-75.614084,6.27412],[-75.61433,6.274133],[-75.614384,6.274169],[-75.614573,6.2741],[-75.614741,6.274101],[-75.615008,6.274031],[-75.615151,6.273945],[-75.615374,6.273868],[-75.615654,6.273863],[-75.61579,6.27366],[-75.615792,6.273578],[-75.615822,6.273543],[-75.616068,6.273423],[-75.61621,6.273313],[-75.616531,6.273291],[-75.616651,6.273331],[-75.616854,6.273198],[-75.616921,6.273077],[-75.616927,6.272975],[-75.617036,6.272886],[-75.617137,6.272878],[-75.617349,6.272953],[-75.617595,6.273148],[-75.61782,6.273253],[-75.617958,6.273394],[-75.618108,6.273452],[-75.618217,6.273439],[-75.618415,6.273227],[-75.618749,6.273048],[-75.619106,6.273001],[-75.619362,6.273009],[-75.619729,6.273187],[-75.619873,6.273522],[-75.620153,6.273575],[-75.620228,6.273551],[-75.620272,6.273613],[-75.620407,6.273584],[-75.620541,6.273609],[-75.620744,6.270337],[-75.620328,6.270099],[-75.620013,6.270064],[-75.619629,6.270122],[-75.618982,6.270161],[-75.618564,6.270114],[-75.6184,6.270147],[-75.617969,6.270401],[-75.617695,6.270489],[-75.617084,6.270631],[-75.617013,6.270571],[-75.616682,6.270718],[-75.616472,6.270771],[-75.616075,6.270801],[-75.615942,6.270857],[-75.615708,6.271028],[-75.615245,6.271159],[-75.615095,6.271166],[-75.614925,6.271086],[-75.614185,6.271059],[-75.61403,6.270978],[-75.613768,6.27091],[-75.612852,6.271154],[-75.612752,6.271205],[-75.612381,6.271535],[-75.611788,6.271854],[-75.611187,6.272392],[-75.610367,6.272647],[-75.610222,6.272649],[-75.609818,6.272486],[-75.609527,6.272429],[-75.609026,6.272355],[-75.608719,6.272368],[-75.608644,6.272443],[-75.608452,6.272914],[-75.607732,6.274243],[-75.607879,6.27442],[-75.607806,6.274518],[-75.607685,6.274572],[-75.607717,6.274616],[-75.607681,6.274675],[-75.607292,6.27497],[-75.607356,6.275172],[-75.607302,6.275242],[-75.60732,6.275282],[-75.607216,6.275398],[-75.607259,6.275644],[-75.607629,6.276044],[-75.607458,6.276462],[-75.607675,6.276554]]]},"properties":{"CODIGO":"0722","COMUNA":"07","BARRIO":"22","NOMBRE_BARRIO":"Olaya Herrera","SECTOR":2,"INDICADOR_UR":"U","NOMBRE_COMUNA":"ROBLEDO","MUNICIPIO":"001"}},{"type":"Feature","id":143,"geometry":{"type":"Polygon","coordinates":[[[-75.585794,6.278262],[-75.585952,6.278428],[-75.586081,6.278454],[-75.586111,6.278495],[-75.586122,6.278475],[-75.586191,6.278804],[-75.586137,6.278891],[-75.586138,6.279037],[-75.586096,6.279123],[-75.586082,6.279291],[-75.586167,6.279403],[-75.5862,6.279578],[-75.586472,6.279625],[-75.586534,6.279684],[-75.586564,6.279801],[-75.586579,6.279898],[-75.586148,6.280232],[-75.586445,6.280592],[-75.58656,6.28064],[-75.586843,6.28084],[-75.587515,6.279451],[-75.587729,6.278703],[-75.588005,6.278554],[-75.588343,6.278495],[-75.588469,6.27844],[-75.588782,6.278079],[-75.589429,6.277447],[-75.589698,6.276722],[-75.590227,6.275995],[-75.589045,6.27633],[-75.587372,6.276459],[-75.587073,6.276436],[-75.586599,6.276344],[-75.58607,6.276166],[-75.585864,6.275971],[-75.585935,6.275846],[-75.585962,6.275509],[-75.586081,6.275028],[-75.586068,6.274804],[-75.585506,6.273062],[-75.585459,6.272866],[-75.585493,6.272692],[-75.585208,6.27276],[-75.583772,6.273385],[-75.583324,6.273531],[-75.581978,6.273636],[-75.582026,6.273966],[-75.582111,6.274176],[-75.58213,6.274349],[-75.582321,6.274818],[-75.582336,6.275164],[-75.582226,6.275452],[-75.582215,6.275599],[-75.582554,6.275789],[-75.582584,6.275884],[-75.582579,6.276071],[-75.582694,6.276128],[-75.582821,6.276138],[-75.582892,6.276199],[-75.583021,6.276385],[-75.583036,6.276558],[-75.583147,6.276686],[-75.583266,6.276917],[-75.583528,6.277163],[-75.583678,6.277235],[-75.583745,6.277413],[-75.583754,6.277543],[-75.583839,6.277672],[-75.583859,6.277847],[-75.583913,6.277889],[-75.584048,6.277917],[-75.584275,6.277756],[-75.584431,6.277702],[-75.584518,6.27771],[-75.58465,6.277814],[-75.584775,6.277987],[-75.584983,6.277974],[-75.585126,6.278019],[-75.585387,6.27801],[-75.58549,6.278116],[-75.585689,6.278179],[-75.585794,6.278262]]]},"properties":{"CODIGO":"0706","COMUNA":"07","BARRIO":"06","NOMBRE_BARRIO":"La Pilarica","SECTOR":2,"INDICADOR_UR":"U","NOMBRE_COMUNA":"ROBLEDO","MUNICIPIO":"001"}},{"type":"Feature","id":144,"geometry":{"type":"Polygon","coordinates":[[[-75.589394,6.253137],[-75.589864,6.253188],[-75.590773,6.253461],[-75.592177,6.254028],[-75.592976,6.252222],[-75.593499,6.251494],[-75.594323,6.250567],[-75.59462,6.249913],[-75.588762,6.249235],[-75.588571,6.250289],[-75.587794,6.253133],[-75.589394,6.253137]]]},"properties":{"CODIGO":"1117","COMUNA":"11","BARRIO":"17","NOMBRE_BARRIO":"Florida Nueva","SECTOR":4,"INDICADOR_UR":"U","NOMBRE_COMUNA":"LAURELES","MUNICIPIO":"001"}},{"type":"Feature","id":145,"geometry":{"type":"Polygon","coordinates":[[[-75.580803,6.197173],[-75.580439,6.198227],[-75.580174,6.19918],[-75.580063,6.199703],[-75.57986,6.201045],[-75.579981,6.201079],[-75.579975,6.201131],[-75.580091,6.20115],[-75.580095,6.201112],[-75.580463,6.201218],[-75.584509,6.202896],[-75.585201,6.203219],[-75.5859,6.203591],[-75.58712,6.204301],[-75.590215,6.196691],[-75.591679,6.193272],[-75.591528,6.193165],[-75.591401,6.193149],[-75.591387,6.193207],[-75.591245,6.193214],[-75.591217,6.193283],[-75.591056,6.193385],[-75.590897,6.193416],[-75.590782,6.193483],[-75.5906,6.193675],[-75.59055,6.193744],[-75.590567,6.193769],[-75.590513,6.193766],[-75.59021,6.193901],[-75.590205,6.193927],[-75.590258,6.193948],[-75.589847,6.194152],[-75.589841,6.194202],[-75.589604,6.19428],[-75.588524,6.194887],[-75.588383,6.194881],[-75.587633,6.196684],[-75.587496,6.196821],[-75.58735,6.196851],[-75.58316,6.195824],[-75.581615,6.196665],[-75.581093,6.197046],[-75.580803,6.197173]]]},"properties":{"CODIGO":"1510","COMUNA":"15","BARRIO":"10","NOMBRE_BARRIO":"Guayabal","SECTOR":6,"INDICADOR_UR":"U","NOMBRE_COMUNA":"GUAYABAL","MUNICIPIO":"001"}},{"type":"Feature","id":146,"geometry":{"type":"Polygon","coordinates":[[[-75.578988,6.250983],[-75.579632,6.251161],[-75.579998,6.251354],[-75.580807,6.251917],[-75.581241,6.252319],[-75.581543,6.252706],[-75.58196,6.252868],[-75.583316,6.253231],[-75.583503,6.253254],[-75.583702,6.253254],[-75.585258,6.252903],[-75.585681,6.252903],[-75.586142,6.253055],[-75.586316,6.25316],[-75.586839,6.253581],[-75.587138,6.253768],[-75.587424,6.253814],[-75.587876,6.253717],[-75.5878,6.25342],[-75.58778,6.253176],[-75.588571,6.250289],[-75.588762,6.249235],[-75.581707,6.248392],[-75.581296,6.248309],[-75.580286,6.247963],[-75.580285,6.248217],[-75.580109,6.248886],[-75.578988,6.250983]]]},"properties":{"CODIGO":"1103","COMUNA":"11","BARRIO":"03","NOMBRE_BARRIO":"Naranjal","SECTOR":4,"INDICADOR_UR":"U","NOMBRE_COMUNA":"LAURELES","MUNICIPIO":"001"}},{"type":"Feature","id":147,"geometry":{"type":"Polygon","coordinates":[[[-75.568999,6.275812],[-75.569198,6.276003],[-75.569261,6.27574],[-75.569672,6.275838],[-75.570809,6.270817],[-75.570122,6.270634],[-75.56642,6.269402],[-75.566261,6.269394],[-75.565548,6.269209],[-75.56498,6.272195],[-75.565188,6.272285],[-75.565339,6.272431],[-75.565466,6.27239],[-75.565616,6.272638],[-75.566415,6.273501],[-75.568276,6.275308],[-75.568521,6.275506],[-75.568999,6.275812]]]},"properties":{"CODIGO":"0417","COMUNA":"04","BARRIO":"17","NOMBRE_BARRIO":"Parque Norte","SECTOR":1,"INDICADOR_UR":"U","NOMBRE_COMUNA":"ARANJUEZ","MUNICIPIO":"001"}},{"type":"Feature","id":148,"geometry":{"type":"Polygon","coordinates":[[[-75.598971,6.269101],[-75.599051,6.269265],[-75.599251,6.269997],[-75.599433,6.270285],[-75.599484,6.270329],[-75.599632,6.270359],[-75.599776,6.270348],[-75.599908,6.270279],[-75.60012,6.270476],[-75.600656,6.270757],[-75.600991,6.270828],[-75.60131,6.271179],[-75.601443,6.27115],[-75.602155,6.269617],[-75.602341,6.269334],[-75.602527,6.269136],[-75.603466,6.268531],[-75.604456,6.268413],[-75.604589,6.268583],[-75.604598,6.26888],[-75.604673,6.269053],[-75.604836,6.269218],[-75.605028,6.269278],[-75.605182,6.269264],[-75.605323,6.269202],[-75.605729,6.268714],[-75.605825,6.268665],[-75.605947,6.268681],[-75.605996,6.268535],[-75.605001,6.266745],[-75.605271,6.266536],[-75.605376,6.266398],[-75.605154,6.2662],[-75.605167,6.266106],[-75.605309,6.265957],[-75.60532,6.265902],[-75.605225,6.265813],[-75.604963,6.265683],[-75.604923,6.26562],[-75.604885,6.265392],[-75.604774,6.265348],[-75.604662,6.265164],[-75.604519,6.265129],[-75.604542,6.265028],[-75.604707,6.264974],[-75.604838,6.264777],[-75.604727,6.26464],[-75.604766,6.26455],[-75.604918,6.264464],[-75.604994,6.264346],[-75.605111,6.264427],[-75.605097,6.264029],[-75.604949,6.263153],[-75.604893,6.262575],[-75.604672,6.26246],[-75.604543,6.262451],[-75.604009,6.26251],[-75.603022,6.262531],[-75.60218,6.262612],[-75.60206,6.262744],[-75.601496,6.263621],[-75.600964,6.263282],[-75.6002,6.264196],[-75.600346,6.264548],[-75.599675,6.265446],[-75.59828,6.266104],[-75.598203,6.266168],[-75.598265,6.266665],[-75.59861,6.267258],[-75.598916,6.267645],[-75.599026,6.267896],[-75.598988,6.267993],[-75.598781,6.268211],[-75.598428,6.268684],[-75.598369,6.268866],[-75.598859,6.269001],[-75.598971,6.269101]]]},"properties":{"CODIGO":"1213","COMUNA":"12","BARRIO":"13","NOMBRE_BARRIO":"Calasanz Parte Alta","SECTOR":4,"INDICADOR_UR":"U","NOMBRE_COMUNA":"LA AMERICA","MUNICIPIO":"001"}},{"type":"Feature","id":149,"geometry":{"type":"Polygon","coordinates":[[[-75.545882,6.290806],[-75.546365,6.290958],[-75.546399,6.291108],[-75.546667,6.291066],[-75.546613,6.290796],[-75.54664,6.290322],[-75.546173,6.29063],[-75.546132,6.290578],[-75.546109,6.290198],[-75.546057,6.290181],[-75.546335,6.289012],[-75.546562,6.288238],[-75.546623,6.28771],[-75.547366,6.287777],[-75.547446,6.287716],[-75.54821,6.287832],[-75.548232,6.287793],[-75.548515,6.285656],[-75.548481,6.285653],[-75.548457,6.285475],[-75.548565,6.285332],[-75.548558,6.285208],[-75.548378,6.285174],[-75.548221,6.285185],[-75.548156,6.285319],[-75.54806,6.285342],[-75.547836,6.285181],[-75.547724,6.285033],[-75.547583,6.28513],[-75.547365,6.285135],[-75.547314,6.285068],[-75.54727,6.284913],[-75.547211,6.284857],[-75.54707,6.284819],[-75.546914,6.284837],[-75.54677,6.284796],[-75.546195,6.285141],[-75.545772,6.28517],[-75.545469,6.285335],[-75.545419,6.285418],[-75.545232,6.285531],[-75.54514,6.285542],[-75.544994,6.285618],[-75.544806,6.285578],[-75.544761,6.285957],[-75.544306,6.285954],[-75.544303,6.28589],[-75.544165,6.285886],[-75.544171,6.286323],[-75.544091,6.28666],[-75.544089,6.286844],[-75.544209,6.287481],[-75.544437,6.288247],[-75.54455,6.288488],[-75.544552,6.288723],[-75.544479,6.28892],[-75.544288,6.289205],[-75.544196,6.289566],[-75.544064,6.289721],[-75.543858,6.289796],[-75.543719,6.289806],[-75.543165,6.289702],[-75.543316,6.28988],[-75.543461,6.289951],[-75.543747,6.290417],[-75.543822,6.290487],[-75.543949,6.290437],[-75.544072,6.290958],[-75.544384,6.290935],[-75.544993,6.290965],[-75.545094,6.290606],[-75.545198,6.290676],[-75.545476,6.290686],[-75.545743,6.290811],[-75.545882,6.290806]]]},"properties":{"CODIGO":"0107","COMUNA":"01","BARRIO":"07","NOMBRE_BARRIO":"San Pablo","SECTOR":1,"INDICADOR_UR":"U","NOMBRE_COMUNA":"POPULAR","MUNICIPIO":"001"}},{"type":"Feature","id":150,"geometry":{"type":"Polygon","coordinates":[[[-75.552052,6.260646],[-75.552078,6.260683],[-75.552336,6.260381],[-75.552598,6.259974],[-75.55448,6.257368],[-75.551722,6.255341],[-75.550488,6.254489],[-75.550415,6.254531],[-75.550304,6.254691],[-75.550151,6.254791],[-75.550186,6.25497],[-75.550261,6.255089],[-75.550221,6.255212],[-75.549749,6.255362],[-75.549524,6.255322],[-75.549425,6.255383],[-75.549209,6.255611],[-75.549096,6.255602],[-75.54892,6.255528],[-75.548549,6.255636],[-75.548208,6.255636],[-75.548019,6.255781],[-75.547943,6.255923],[-75.547829,6.256007],[-75.547612,6.256036],[-75.547271,6.25627],[-75.547085,6.256306],[-75.54703,6.256358],[-75.546998,6.256456],[-75.546661,6.256783],[-75.546639,6.256928],[-75.546571,6.257033],[-75.546421,6.25711],[-75.54619,6.257125],[-75.546014,6.257299],[-75.545758,6.257456],[-75.545625,6.257668],[-75.545428,6.257718],[-75.545253,6.257688],[-75.544984,6.257779],[-75.544778,6.257794],[-75.544653,6.257892],[-75.544486,6.257946],[-75.544251,6.257896],[-75.544291,6.257977],[-75.544183,6.258155],[-75.544389,6.258371],[-75.544442,6.258496],[-75.544529,6.258579],[-75.544687,6.258639],[-75.54487,6.258833],[-75.545488,6.25885],[-75.545701,6.259125],[-75.546068,6.259257],[-75.546164,6.259215],[-75.546688,6.259272],[-75.546914,6.259068],[-75.547028,6.259065],[-75.547216,6.258989],[-75.547346,6.258973],[-75.547722,6.25898],[-75.54791,6.259033],[-75.547971,6.259087],[-75.548121,6.259362],[-75.548141,6.25947],[-75.548312,6.259595],[-75.548785,6.259867],[-75.549256,6.259972],[-75.54945,6.259885],[-75.549954,6.259997],[-75.550183,6.25995],[-75.550313,6.259869],[-75.550248,6.259839],[-75.550579,6.259605],[-75.550666,6.259503],[-75.551493,6.260085],[-75.551367,6.260293],[-75.55137,6.260483],[-75.551504,6.260517],[-75.551638,6.260641],[-75.551888,6.260614],[-75.552052,6.260646]]]},"properties":{"CODIGO":"0801","COMUNA":"08","BARRIO":"01","NOMBRE_BARRIO":"Villa Hermosa","SECTOR":3,"INDICADOR_UR":"U","NOMBRE_COMUNA":"VILLA HERMOSA","MUNICIPIO":"001"}},{"type":"Feature","id":151,"geometry":{"type":"Polygon","coordinates":[[[-75.553696,6.23719],[-75.553871,6.237442],[-75.554205,6.237773],[-75.555794,6.238744],[-75.557149,6.236214],[-75.557413,6.235649],[-75.557589,6.23546],[-75.556918,6.235044],[-75.556736,6.235329],[-75.556404,6.234499],[-75.556277,6.234522],[-75.556214,6.234638],[-75.554693,6.233832],[-75.554841,6.233586],[-75.554905,6.233532],[-75.55507,6.233477],[-75.553269,6.232507],[-75.552877,6.232349],[-75.552337,6.232762],[-75.552274,6.232894],[-75.552274,6.233021],[-75.552428,6.233756],[-75.552663,6.234154],[-75.552734,6.234412],[-75.553,6.234778],[-75.553162,6.234897],[-75.553025,6.235145],[-75.553037,6.235422],[-75.552995,6.235653],[-75.553009,6.235711],[-75.553144,6.235776],[-75.553323,6.236463],[-75.553143,6.236645],[-75.553696,6.23719]]]},"properties":{"CODIGO":"0910","COMUNA":"09","BARRIO":"10","NOMBRE_BARRIO":"La Milagrosa","SECTOR":3,"INDICADOR_UR":"U","NOMBRE_COMUNA":"BUENOS AIRES","MUNICIPIO":"001"}},{"type":"Feature","id":152,"geometry":{"type":"Polygon","coordinates":[[[-75.55821,6.262383],[-75.557655,6.263118],[-75.558157,6.263179],[-75.563253,6.264083],[-75.563464,6.263744],[-75.564524,6.260692],[-75.564936,6.259679],[-75.565821,6.25767],[-75.565824,6.257398],[-75.565924,6.257098],[-75.565681,6.257011],[-75.563796,6.255837],[-75.563776,6.255864],[-75.563665,6.255802],[-75.56335,6.255596],[-75.563374,6.255543],[-75.562809,6.255179],[-75.562166,6.254707],[-75.561513,6.25533],[-75.561214,6.255107],[-75.557218,6.261163],[-75.55716,6.261361],[-75.557084,6.261468],[-75.556979,6.261551],[-75.556897,6.261487],[-75.556502,6.26141],[-75.556274,6.261399],[-75.55711,6.262173],[-75.557292,6.262242],[-75.55786,6.262332],[-75.558006,6.262343],[-75.558257,6.262287],[-75.55821,6.262383]]]},"properties":{"CODIGO":"1001","COMUNA":"10","BARRIO":"01","NOMBRE_BARRIO":"Prado","SECTOR":3,"INDICADOR_UR":"U","NOMBRE_COMUNA":"LA CANDELARIA","MUNICIPIO":"001"}},{"type":"Feature","id":153,"geometry":{"type":"Polygon","coordinates":[[[-75.574688,6.303458],[-75.574511,6.303749],[-75.574627,6.30421],[-75.574669,6.304277],[-75.574769,6.304375],[-75.574887,6.304423],[-75.575246,6.304436],[-75.575414,6.304402],[-75.575584,6.304284],[-75.576649,6.303031],[-75.576777,6.302923],[-75.576919,6.302868],[-75.577121,6.302862],[-75.577657,6.302992],[-75.577752,6.30298],[-75.577909,6.302905],[-75.578051,6.302694],[-75.578268,6.301954],[-75.578434,6.301857],[-75.578454,6.301915],[-75.578713,6.301839],[-75.578711,6.301952],[-75.578764,6.302057],[-75.578825,6.302323],[-75.579781,6.302645],[-75.579864,6.302597],[-75.58021,6.302854],[-75.580206,6.30294],[-75.58098,6.303326],[-75.580921,6.303449],[-75.582012,6.303983],[-75.582282,6.303652],[-75.582345,6.303439],[-75.582316,6.303308],[-75.581973,6.302788],[-75.581906,6.302603],[-75.581831,6.302048],[-75.581848,6.301472],[-75.581781,6.300834],[-75.582014,6.300055],[-75.582109,6.298983],[-75.582366,6.298455],[-75.582377,6.298189],[-75.582339,6.297915],[-75.58248,6.297404],[-75.582435,6.297102],[-75.582201,6.29699],[-75.582154,6.297077],[-75.581413,6.297336],[-75.581286,6.297592],[-75.58075,6.297327],[-75.580818,6.297533],[-75.58083,6.297693],[-75.580514,6.297553],[-75.580257,6.297547],[-75.579976,6.29749],[-75.579765,6.297319],[-75.579421,6.297193],[-75.579257,6.297076],[-75.579036,6.297077],[-75.579017,6.29694],[-75.578774,6.296917],[-75.57865,6.29686],[-75.578618,6.297014],[-75.578423,6.297491],[-75.578612,6.297545],[-75.577996,6.297699],[-75.577874,6.297782],[-75.577753,6.297923],[-75.577591,6.298403],[-75.57745,6.298713],[-75.576615,6.300107],[-75.576384,6.300389],[-75.576534,6.300472],[-75.576397,6.300725],[-75.576342,6.300691],[-75.576132,6.301024],[-75.574806,6.303331],[-75.574688,6.303458]]]},"properties":{"CODIGO":"0603","COMUNA":"06","BARRIO":"03","NOMBRE_BARRIO":"Doce de Octubre No.2","SECTOR":2,"INDICADOR_UR":"U","NOMBRE_COMUNA":"DOCE DE OCTUBRE","MUNICIPIO":"001"}},{"type":"Feature","id":154,"geometry":{"type":"Polygon","coordinates":[[[-75.61635,6.254593],[-75.616665,6.254713],[-75.617117,6.254814],[-75.617333,6.25483],[-75.617946,6.254603],[-75.618106,6.254575],[-75.621359,6.254597],[-75.621323,6.254458],[-75.621518,6.254183],[-75.621747,6.254011],[-75.621995,6.253926],[-75.622571,6.253928],[-75.622956,6.254092],[-75.623072,6.254096],[-75.623311,6.253988],[-75.623498,6.253988],[-75.623797,6.25404],[-75.624195,6.253957],[-75.624475,6.253785],[-75.624857,6.25362],[-75.625092,6.253552],[-75.625401,6.253611],[-75.625558,6.253478],[-75.625716,6.253407],[-75.625615,6.253128],[-75.625552,6.253138],[-75.62554,6.253114],[-75.625598,6.253091],[-75.625558,6.25293],[-75.625413,6.252802],[-75.625292,6.252829],[-75.625216,6.252712],[-75.625289,6.252702],[-75.625314,6.252589],[-75.625431,6.252637],[-75.62567,6.252486],[-75.625752,6.252325],[-75.625598,6.251912],[-75.625461,6.251665],[-75.625182,6.251421],[-75.625076,6.251414],[-75.624935,6.251239],[-75.624605,6.250945],[-75.624632,6.25091],[-75.62455,6.250844],[-75.623562,6.251367],[-75.622761,6.251662],[-75.622389,6.251053],[-75.622113,6.251048],[-75.622112,6.250979],[-75.622147,6.25094],[-75.622274,6.250897],[-75.621821,6.250197],[-75.621413,6.250291],[-75.621347,6.250068],[-75.621342,6.249818],[-75.621394,6.249538],[-75.621211,6.249507],[-75.621184,6.249601],[-75.6211,6.249595],[-75.621053,6.249481],[-75.620914,6.249483],[-75.620907,6.249452],[-75.620627,6.249515],[-75.620433,6.249034],[-75.620571,6.248885],[-75.6204,6.248676],[-75.620403,6.2484],[-75.620365,6.248125],[-75.619799,6.247468],[-75.619577,6.247674],[-75.619648,6.247767],[-75.619688,6.247933],[-75.619685,6.248009],[-75.619639,6.248072],[-75.61961,6.24831],[-75.619338,6.248674],[-75.619155,6.249054],[-75.618895,6.249293],[-75.618908,6.249343],[-75.618806,6.249474],[-75.618729,6.249499],[-75.618814,6.250176],[-75.618902,6.250607],[-75.618918,6.250913],[-75.618669,6.251973],[-75.618407,6.252001],[-75.618402,6.252256],[-75.618199,6.252751],[-75.61771,6.253384],[-75.617579,6.253486],[-75.617314,6.253599],[-75.616987,6.25369],[-75.616202,6.253734],[-75.615889,6.253806],[-75.615639,6.253916],[-75.615477,6.254113],[-75.61635,6.254593]]]},"properties":{"CODIGO":"1310","COMUNA":"13","BARRIO":"10","NOMBRE_BARRIO":"Veinte de Julio","SECTOR":4,"INDICADOR_UR":"U","NOMBRE_COMUNA":"SAN JAVIER","MUNICIPIO":"001"}},{"type":"Feature","id":155,"geometry":{"type":"Polygon","coordinates":[[[-75.616878,6.257326],[-75.61638,6.257293],[-75.616134,6.257372],[-75.615805,6.257541],[-75.615622,6.257563],[-75.615462,6.257532],[-75.614773,6.257231],[-75.614627,6.257111],[-75.613756,6.256666],[-75.612831,6.256033],[-75.61262,6.25596],[-75.61117,6.258276],[-75.611911,6.258651],[-75.613215,6.259104],[-75.613899,6.259233],[-75.614206,6.259199],[-75.614474,6.259364],[-75.614762,6.25945],[-75.615104,6.259495],[-75.615282,6.259599],[-75.615298,6.259841],[-75.616382,6.259925],[-75.61654,6.259026],[-75.617115,6.25896],[-75.617168,6.258682],[-75.617269,6.257935],[-75.617306,6.25794],[-75.617289,6.257864],[-75.61682,6.257774],[-75.616878,6.257326]]]},"properties":{"CODIGO":"1308","COMUNA":"13","BARRIO":"08","NOMBRE_BARRIO":"San Javier No.2","SECTOR":4,"INDICADOR_UR":"U","NOMBRE_COMUNA":"SAN JAVIER","MUNICIPIO":"001"}},{"type":"Feature","id":156,"geometry":{"type":"Polygon","coordinates":[[[-75.6094,6.218535],[-75.609675,6.21883],[-75.610164,6.219071],[-75.610357,6.218864],[-75.61048,6.218574],[-75.610455,6.218496],[-75.610358,6.218417],[-75.610259,6.218405],[-75.610175,6.218306],[-75.610032,6.218301],[-75.609976,6.218255],[-75.609962,6.218182],[-75.61015,6.217847],[-75.610065,6.217794],[-75.609961,6.217661],[-75.609681,6.217754],[-75.609488,6.217736],[-75.609422,6.217706],[-75.609351,6.21754],[-75.609195,6.217367],[-75.609198,6.217232],[-75.609321,6.217125],[-75.609572,6.21704],[-75.609587,6.216971],[-75.609742,6.216744],[-75.609759,6.216727],[-75.609811,6.216767],[-75.609798,6.216713],[-75.609733,6.216654],[-75.609498,6.216595],[-75.609255,6.216397],[-75.609582,6.216014],[-75.609937,6.215718],[-75.609855,6.215457],[-75.609631,6.215284],[-75.609604,6.21517],[-75.609561,6.215126],[-75.609407,6.215076],[-75.60935,6.214992],[-75.609573,6.214632],[-75.609668,6.214417],[-75.609532,6.214362],[-75.609197,6.214445],[-75.60912,6.214147],[-75.609106,6.213803],[-75.609794,6.213792],[-75.610047,6.213701],[-75.610267,6.213755],[-75.610396,6.213543],[-75.610649,6.213429],[-75.610729,6.213213],[-75.6107,6.212999],[-75.610205,6.21293],[-75.609894,6.212945],[-75.609706,6.2129],[-75.609322,6.21265],[-75.609167,6.212312],[-75.608942,6.211939],[-75.608547,6.211752],[-75.608363,6.211829],[-75.608284,6.211825],[-75.608199,6.2119],[-75.60769,6.211638],[-75.607552,6.211507],[-75.607417,6.211065],[-75.607327,6.210938],[-75.607243,6.210898],[-75.607154,6.210789],[-75.607284,6.21062],[-75.60721,6.210499],[-75.607062,6.210358],[-75.607167,6.210238],[-75.607123,6.210212],[-75.607057,6.21019],[-75.606987,6.210251],[-75.606891,6.210195],[-75.606843,6.210184],[-75.606795,6.210216],[-75.606727,6.210163],[-75.606654,6.210167],[-75.606508,6.210305],[-75.606272,6.21037],[-75.606206,6.210454],[-75.606069,6.210523],[-75.605859,6.210599],[-75.605596,6.210629],[-75.605526,6.210668],[-75.605474,6.210649],[-75.605176,6.210923],[-75.60506,6.210972],[-75.605043,6.211088],[-75.605162,6.211274],[-75.604952,6.211458],[-75.604992,6.211512],[-75.604843,6.211623],[-75.604976,6.21181],[-75.604496,6.21215],[-75.604886,6.212751],[-75.604865,6.212765],[-75.604901,6.212818],[-75.604771,6.21292],[-75.604971,6.213002],[-75.605321,6.212765],[-75.605599,6.21332],[-75.605213,6.213761],[-75.604941,6.214018],[-75.604873,6.214163],[-75.605,6.214413],[-75.604954,6.21443],[-75.605007,6.214533],[-75.60543,6.21503],[-75.605384,6.215076],[-75.605416,6.215085],[-75.605182,6.215546],[-75.605002,6.216072],[-75.604826,6.216163],[-75.604508,6.216209],[-75.603855,6.216533],[-75.603662,6.216527],[-75.603469,6.216473],[-75.603303,6.216361],[-75.602963,6.215967],[-75.602827,6.215517],[-75.60278,6.215229],[-75.602666,6.21504],[-75.602449,6.214805],[-75.602271,6.214733],[-75.602104,6.214719],[-75.602124,6.214743],[-75.60218,6.214721],[-75.602254,6.214796],[-75.602472,6.215143],[-75.602453,6.215253],[-75.602483,6.21531],[-75.602423,6.215412],[-75.602398,6.215602],[-75.602788,6.215902],[-75.602844,6.216062],[-75.602875,6.216052],[-75.602906,6.216097],[-75.602944,6.216218],[-75.60292,6.216234],[-75.602954,6.216291],[-75.603003,6.216264],[-75.603047,6.21641],[-75.603347,6.216499],[-75.603507,6.216628],[-75.603735,6.216634],[-75.603886,6.21669],[-75.603966,6.216679],[-75.604295,6.216489],[-75.604536,6.216524],[-75.604603,6.21656],[-75.604686,6.216671],[-75.604709,6.216855],[-75.604807,6.217041],[-75.604929,6.217194],[-75.604957,6.217135],[-75.605285,6.217578],[-75.606058,6.217333],[-75.60688,6.218197],[-75.606892,6.218127],[-75.60712,6.218216],[-75.607415,6.218243],[-75.608102,6.21819],[-75.608218,6.218169],[-75.608197,6.218116],[-75.608688,6.218167],[-75.609066,6.21831],[-75.6094,6.218535]]]},"properties":{"CODIGO":"7097","COMUNA":"70","BARRIO":"97","NOMBRE_BARRIO":"Area De Expansion Belen Rincon","SECTOR":8,"INDICADOR_UR":null,"NOMBRE_COMUNA":"ALTAVISTA","MUNICIPIO":"001"}},{"type":"Feature","id":157,"geometry":{"type":"Polygon","coordinates":[[[-75.557641,6.198933],[-75.557779,6.199257],[-75.557954,6.199372],[-75.558998,6.199903],[-75.559605,6.200601],[-75.559669,6.200588],[-75.559692,6.200538],[-75.559487,6.200134],[-75.559416,6.199634],[-75.559593,6.199328],[-75.559602,6.199182],[-75.559514,6.199026],[-75.559517,6.198964],[-75.559631,6.198856],[-75.559945,6.198892],[-75.56017,6.198993],[-75.560468,6.199469],[-75.561476,6.199769],[-75.561886,6.199841],[-75.562997,6.200116],[-75.563509,6.200166],[-75.564521,6.200459],[-75.565064,6.199336],[-75.565297,6.198779],[-75.565392,6.198353],[-75.56551,6.197065],[-75.566029,6.195985],[-75.564148,6.194835],[-75.563594,6.19417],[-75.563305,6.193948],[-75.562031,6.193466],[-75.561393,6.19318],[-75.560279,6.192516],[-75.559698,6.192242],[-75.559361,6.19222],[-75.559196,6.192273],[-75.55908,6.192381],[-75.558931,6.192399],[-75.558866,6.192371],[-75.558802,6.192226],[-75.558815,6.19197],[-75.558729,6.191875],[-75.558598,6.191838],[-75.558537,6.191847],[-75.558468,6.191908],[-75.558275,6.192286],[-75.558138,6.192323],[-75.558018,6.192243],[-75.557894,6.191947],[-75.557788,6.191885],[-75.557663,6.191902],[-75.55735,6.192135],[-75.557204,6.192147],[-75.55545,6.191861],[-75.554916,6.193514],[-75.554819,6.193529],[-75.554773,6.193626],[-75.554692,6.193659],[-75.554613,6.193645],[-75.554509,6.193602],[-75.554356,6.193359],[-75.553929,6.193283],[-75.553767,6.193737],[-75.553952,6.193836],[-75.554132,6.193996],[-75.554092,6.194074],[-75.553872,6.193878],[-75.553701,6.193796],[-75.553527,6.194287],[-75.553719,6.194378],[-75.553572,6.194724],[-75.553442,6.194694],[-75.553381,6.194815],[-75.553302,6.194882],[-75.55324,6.195059],[-75.553252,6.195147],[-75.553193,6.195404],[-75.553008,6.195787],[-75.552862,6.196185],[-75.552724,6.196375],[-75.552601,6.196681],[-75.55158,6.19623],[-75.551253,6.195893],[-75.550746,6.195663],[-75.551454,6.196694],[-75.551538,6.196984],[-75.551617,6.197939],[-75.551863,6.198282],[-75.552019,6.198171],[-75.552054,6.197953],[-75.552137,6.197902],[-75.552273,6.197928],[-75.552417,6.197809],[-75.552712,6.197988],[-75.552978,6.198017],[-75.553189,6.198086],[-75.553501,6.198943],[-75.553572,6.198689],[-75.553463,6.198329],[-75.553457,6.197978],[-75.554289,6.19823],[-75.554425,6.198225],[-75.554697,6.198093],[-75.55486,6.198149],[-75.554951,6.198216],[-75.554945,6.198151],[-75.555071,6.198154],[-75.55514,6.198203],[-75.55522,6.198214],[-75.555336,6.198313],[-75.55542,6.198326],[-75.555609,6.198258],[-75.555725,6.198126],[-75.555833,6.198087],[-75.556032,6.198118],[-75.556135,6.198195],[-75.556194,6.198204],[-75.556287,6.198154],[-75.556537,6.198287],[-75.556825,6.19791],[-75.557093,6.197907],[-75.557163,6.197927],[-75.557465,6.198289],[-75.557641,6.198933]]]},"properties":{"CODIGO":"1410","COMUNA":"14","BARRIO":"10","NOMBRE_BARRIO":"Los Naranjos","SECTOR":5,"INDICADOR_UR":"U","NOMBRE_COMUNA":"EL POBLADO","MUNICIPIO":"001"}},{"type":"Feature","id":158,"geometry":{"type":"Polygon","coordinates":[[[-75.579451,6.18376],[-75.579098,6.184343],[-75.57787,6.187436],[-75.57783,6.187474],[-75.577459,6.188978],[-75.577143,6.189802],[-75.576712,6.191233],[-75.576375,6.192181],[-75.576333,6.192399],[-75.576534,6.192835],[-75.576815,6.193134],[-75.577305,6.193506],[-75.577559,6.193953],[-75.577767,6.194177],[-75.578351,6.194413],[-75.578646,6.194486],[-75.578895,6.194406],[-75.579323,6.194133],[-75.579447,6.194114],[-75.579622,6.194137],[-75.579836,6.194262],[-75.579961,6.194589],[-75.580143,6.194826],[-75.581526,6.195226],[-75.582161,6.193531],[-75.582115,6.193522],[-75.582372,6.192805],[-75.583045,6.18976],[-75.583162,6.18934],[-75.58326,6.189124],[-75.582883,6.188214],[-75.582009,6.187981],[-75.58164,6.187836],[-75.581361,6.187621],[-75.580494,6.186832],[-75.580367,6.186588],[-75.580152,6.185709],[-75.580017,6.185092],[-75.579978,6.184543],[-75.579906,6.184211],[-75.579751,6.183955],[-75.579525,6.183709],[-75.5795,6.183687],[-75.579451,6.18376]]]},"properties":{"CODIGO":"1423","COMUNA":"14","BARRIO":"23","NOMBRE_BARRIO":"Santa María de los Ángeles","SECTOR":5,"INDICADOR_UR":"U","NOMBRE_COMUNA":"EL POBLADO","MUNICIPIO":"001"}},{"type":"Feature","id":159,"geometry":{"type":"Polygon","coordinates":[[[-75.558185,6.214568],[-75.560757,6.215119],[-75.56009,6.213773],[-75.559741,6.213271],[-75.559458,6.212779],[-75.559296,6.212349],[-75.558988,6.210807],[-75.558841,6.209878],[-75.558895,6.20946],[-75.559194,6.20873],[-75.559234,6.208526],[-75.559117,6.207848],[-75.558351,6.20762],[-75.558305,6.207579],[-75.558166,6.207589],[-75.557972,6.207491],[-75.55775,6.207439],[-75.557309,6.207602],[-75.557173,6.207714],[-75.557079,6.20774],[-75.556915,6.207708],[-75.556822,6.207745],[-75.556544,6.207597],[-75.556391,6.207725],[-75.556161,6.207626],[-75.555837,6.2073],[-75.555561,6.207153],[-75.555493,6.20715],[-75.55533,6.207055],[-75.555209,6.20705],[-75.554872,6.20693],[-75.554926,6.209261],[-75.554907,6.209448],[-75.554806,6.209675],[-75.554259,6.210569],[-75.554222,6.21081],[-75.554274,6.211023],[-75.554386,6.211196],[-75.554621,6.211392],[-75.555407,6.211918],[-75.55572,6.212056],[-75.556702,6.212732],[-75.557016,6.213097],[-75.557609,6.214136],[-75.55774,6.214316],[-75.557866,6.214426],[-75.558185,6.214568]]]},"properties":{"CODIGO":"1407","COMUNA":"14","BARRIO":"07","NOMBRE_BARRIO":"Las Lomas No.2","SECTOR":5,"INDICADOR_UR":"U","NOMBRE_COMUNA":"EL POBLADO","MUNICIPIO":"001"}},{"type":"Feature","id":160,"geometry":{"type":"Polygon","coordinates":[[[-75.558613,6.181751],[-75.55867,6.181784],[-75.558727,6.181992],[-75.558782,6.182067],[-75.558992,6.182104],[-75.559131,6.181935],[-75.559321,6.181922],[-75.559482,6.182122],[-75.559939,6.182239],[-75.560247,6.182258],[-75.560361,6.182306],[-75.560411,6.182383],[-75.560513,6.182731],[-75.560592,6.182799],[-75.560602,6.182874],[-75.560547,6.183062],[-75.560288,6.183379],[-75.560294,6.183437],[-75.560406,6.183616],[-75.560701,6.183818],[-75.561084,6.183859],[-75.561529,6.184074],[-75.56167,6.184228],[-75.561754,6.18443],[-75.561834,6.184504],[-75.562113,6.184519],[-75.562323,6.184636],[-75.562451,6.184575],[-75.562521,6.184604],[-75.56262,6.184705],[-75.562779,6.18502],[-75.563069,6.185243],[-75.563098,6.185421],[-75.563206,6.185486],[-75.563265,6.18559],[-75.563408,6.185703],[-75.563682,6.185741],[-75.563727,6.185807],[-75.56385,6.185842],[-75.563978,6.186047],[-75.564144,6.186052],[-75.564486,6.186262],[-75.564588,6.186234],[-75.564824,6.186444],[-75.56546,6.186725],[-75.565757,6.186926],[-75.566011,6.187193],[-75.566417,6.187204],[-75.566719,6.187304],[-75.566958,6.187214],[-75.567079,6.187278],[-75.567211,6.187457],[-75.567296,6.187476],[-75.567557,6.187384],[-75.567765,6.187389],[-75.567917,6.18722],[-75.5681,6.187147],[-75.569526,6.187087],[-75.569683,6.187026],[-75.569819,6.186849],[-75.569857,6.186705],[-75.569879,6.186055],[-75.569993,6.185836],[-75.570046,6.185518],[-75.570511,6.184157],[-75.5705,6.183207],[-75.570774,6.182557],[-75.570756,6.182327],[-75.570585,6.181658],[-75.570453,6.18143],[-75.570238,6.181296],[-75.569276,6.181071],[-75.568873,6.181078],[-75.568391,6.181201],[-75.56833,6.181167],[-75.568293,6.180918],[-75.568249,6.180865],[-75.567882,6.180643],[-75.567747,6.180523],[-75.567665,6.180376],[-75.567633,6.180202],[-75.567753,6.179403],[-75.567732,6.179052],[-75.567621,6.178732],[-75.56756,6.178802],[-75.567357,6.178389],[-75.567288,6.17817],[-75.567274,6.177964],[-75.567322,6.1776],[-75.567408,6.177292],[-75.567107,6.17707],[-75.566841,6.176989],[-75.56675,6.176929],[-75.566716,6.176864],[-75.566638,6.17687],[-75.566485,6.176821],[-75.566427,6.176685],[-75.566246,6.176621],[-75.566307,6.176443],[-75.566167,6.176463],[-75.566147,6.176443],[-75.566185,6.176347],[-75.566145,6.176313],[-75.566064,6.176332],[-75.565889,6.176289],[-75.56585,6.176198],[-75.565792,6.176189],[-75.565682,6.176276],[-75.565564,6.17627],[-75.565543,6.176332],[-75.565439,6.17639],[-75.565348,6.176389],[-75.565093,6.176488],[-75.564913,6.176497],[-75.564726,6.176466],[-75.56468,6.176434],[-75.564805,6.176255],[-75.564746,6.176207],[-75.564728,6.176103],[-75.564663,6.175995],[-75.564526,6.176144],[-75.564369,6.176246],[-75.564052,6.176195],[-75.563885,6.176127],[-75.563785,6.175929],[-75.563744,6.175753],[-75.563667,6.175719],[-75.563573,6.17572],[-75.563412,6.17586],[-75.563149,6.175885],[-75.563056,6.176019],[-75.562971,6.176057],[-75.562845,6.176245],[-75.562762,6.176235],[-75.562611,6.176325],[-75.562469,6.176199],[-75.562465,6.176097],[-75.562403,6.176077],[-75.562238,6.176163],[-75.562146,6.176318],[-75.561754,6.176346],[-75.561305,6.176304],[-75.561208,6.176171],[-75.561113,6.176186],[-75.560731,6.17613],[-75.560516,6.176035],[-75.560414,6.175942],[-75.560238,6.175975],[-75.55989,6.175832],[-75.559851,6.176089],[-75.559899,6.176122],[-75.559921,6.176327],[-75.559947,6.176333],[-75.559913,6.17657],[-75.559665,6.176702],[-75.55956,6.176828],[-75.559155,6.176714],[-75.558913,6.177365],[-75.557932,6.176939],[-75.557802,6.177239],[-75.557558,6.177209],[-75.55741,6.177878],[-75.557337,6.178059],[-75.557316,6.178055],[-75.557149,6.17863],[-75.557163,6.178659],[-75.556915,6.179302],[-75.556789,6.179454],[-75.556355,6.179694],[-75.557274,6.179701],[-75.557312,6.179644],[-75.557511,6.179631],[-75.558262,6.179722],[-75.558496,6.179647],[-75.558606,6.179653],[-75.558579,6.180709],[-75.559289,6.180628],[-75.559795,6.180375],[-75.559818,6.180451],[-75.559577,6.180555],[-75.559489,6.180752],[-75.559214,6.180834],[-75.55883,6.180889],[-75.55865,6.181002],[-75.558585,6.18112],[-75.558569,6.181229],[-75.558613,6.181751]]]},"properties":{"CODIGO":"1412","COMUNA":"14","BARRIO":"12","NOMBRE_BARRIO":"San Lucas","SECTOR":5,"INDICADOR_UR":"U","NOMBRE_COMUNA":"EL POBLADO","MUNICIPIO":"001"}},{"type":"Feature","id":161,"geometry":{"type":"Polygon","coordinates":[[[-75.543461,6.280764],[-75.543636,6.280788],[-75.543904,6.280883],[-75.543965,6.280831],[-75.54412,6.280355],[-75.544234,6.280214],[-75.544344,6.279884],[-75.544307,6.279813],[-75.544414,6.279096],[-75.544448,6.277652],[-75.544674,6.277663],[-75.544759,6.277327],[-75.544671,6.276929],[-75.544536,6.275945],[-75.54452,6.275628],[-75.544489,6.275516],[-75.544409,6.275405],[-75.544451,6.275372],[-75.544422,6.275282],[-75.544597,6.27512],[-75.544541,6.275018],[-75.543153,6.276067],[-75.541551,6.27722],[-75.54157,6.277323],[-75.541943,6.277302],[-75.54195,6.277332],[-75.541892,6.277779],[-75.541644,6.277826],[-75.541619,6.278079],[-75.541534,6.278436],[-75.541883,6.278597],[-75.541648,6.279353],[-75.541486,6.279732],[-75.541712,6.279828],[-75.542156,6.279941],[-75.542245,6.279908],[-75.542214,6.279974],[-75.542272,6.279999],[-75.542177,6.280206],[-75.542345,6.280412],[-75.542571,6.280574],[-75.542637,6.280608],[-75.542726,6.28059],[-75.5429,6.280745],[-75.543189,6.280829],[-75.543461,6.280764]]]},"properties":{"CODIGO":"0315","COMUNA":"03","BARRIO":"15","NOMBRE_BARRIO":"San José la Cima No.2","SECTOR":1,"INDICADOR_UR":"U","NOMBRE_COMUNA":"MANRIQUE","MUNICIPIO":"001"}},{"type":"Feature","id":162,"geometry":{"type":"Polygon","coordinates":[[[-75.532119,6.227058],[-75.532154,6.227332],[-75.5321,6.227523],[-75.53207,6.22758],[-75.532046,6.227572],[-75.531998,6.22787],[-75.531891,6.228041],[-75.531548,6.228396],[-75.53143,6.228932],[-75.531629,6.229444],[-75.531678,6.229928],[-75.531825,6.230028],[-75.531985,6.230263],[-75.532102,6.230372],[-75.532448,6.230608],[-75.532424,6.230667],[-75.532982,6.230796],[-75.533606,6.231129],[-75.533663,6.231201],[-75.533868,6.23167],[-75.534069,6.231925],[-75.534233,6.232068],[-75.534423,6.232135],[-75.534823,6.23224],[-75.535179,6.232107],[-75.535411,6.232057],[-75.535707,6.231761],[-75.535827,6.231694],[-75.536085,6.23167],[-75.536503,6.231914],[-75.537089,6.232155],[-75.537175,6.232258],[-75.537359,6.232383],[-75.53804,6.232619],[-75.538272,6.232671],[-75.538704,6.232363],[-75.538855,6.232292],[-75.538951,6.232304],[-75.539051,6.232387],[-75.539336,6.23293],[-75.539389,6.233125],[-75.539566,6.233071],[-75.539517,6.232845],[-75.539788,6.232578],[-75.539912,6.232238],[-75.540191,6.231984],[-75.540442,6.231659],[-75.540599,6.231352],[-75.540635,6.230924],[-75.540718,6.230659],[-75.540856,6.230511],[-75.540849,6.23044],[-75.540948,6.230322],[-75.540913,6.230132],[-75.540925,6.230019],[-75.541042,6.229854],[-75.54088,6.229574],[-75.540853,6.229383],[-75.540763,6.229184],[-75.540913,6.228744],[-75.54086,6.228478],[-75.540701,6.228266],[-75.540686,6.228103],[-75.540577,6.227888],[-75.540563,6.227767],[-75.540473,6.227675],[-75.540458,6.227614],[-75.540478,6.227473],[-75.540558,6.227399],[-75.540618,6.227106],[-75.540555,6.226897],[-75.540571,6.226688],[-75.540485,6.226509],[-75.540421,6.226106],[-75.540353,6.226318],[-75.540372,6.226358],[-75.540308,6.226863],[-75.54034,6.226925],[-75.540334,6.227005],[-75.540239,6.227034],[-75.540237,6.227161],[-75.540121,6.227281],[-75.540019,6.227334],[-75.539851,6.22732],[-75.539644,6.227378],[-75.539611,6.227481],[-75.539668,6.227636],[-75.53911,6.227792],[-75.538821,6.227582],[-75.53863,6.227372],[-75.538181,6.227336],[-75.53784,6.227362],[-75.537169,6.227573],[-75.53676,6.227654],[-75.536734,6.227692],[-75.53651,6.227693],[-75.536561,6.227792],[-75.536322,6.227816],[-75.536336,6.227846],[-75.536238,6.22786],[-75.536251,6.227948],[-75.53599,6.228123],[-75.535887,6.227994],[-75.53396,6.22856],[-75.533852,6.22856],[-75.533876,6.228464],[-75.533707,6.2285],[-75.53361,6.228294],[-75.533229,6.228094],[-75.532916,6.227973],[-75.532528,6.228097],[-75.532349,6.228069],[-75.53228,6.227986],[-75.532256,6.227887],[-75.532299,6.227205],[-75.532226,6.227092],[-75.532119,6.227058]]]},"properties":{"CODIGO":"0902","COMUNA":"09","BARRIO":"02","NOMBRE_BARRIO":"Barrio de Jesús","SECTOR":3,"INDICADOR_UR":"U","NOMBRE_COMUNA":"BUENOS AIRES","MUNICIPIO":"001"}},{"type":"Feature","id":163,"geometry":{"type":"Polygon","coordinates":[[[-75.587748,6.247574],[-75.587428,6.249085],[-75.592255,6.249631],[-75.592494,6.247515],[-75.592281,6.245976],[-75.592279,6.245608],[-75.592807,6.245119],[-75.593179,6.244646],[-75.593437,6.244203],[-75.593748,6.243433],[-75.591535,6.241004],[-75.591779,6.241611],[-75.591875,6.242104],[-75.591869,6.242464],[-75.59179,6.242835],[-75.591813,6.24297],[-75.591676,6.24334],[-75.591474,6.243652],[-75.591215,6.243934],[-75.591011,6.244099],[-75.590571,6.244357],[-75.590061,6.244521],[-75.589519,6.244532],[-75.589106,6.244466],[-75.587767,6.247208],[-75.587798,6.247374],[-75.587748,6.247574]]]},"properties":{"CODIGO":"1107","COMUNA":"11","BARRIO":"07","NOMBRE_BARRIO":"Bolivariana","SECTOR":4,"INDICADOR_UR":"U","NOMBRE_COMUNA":"LAURELES","MUNICIPIO":"001"}},{"type":"Feature","id":164,"geometry":{"type":"Polygon","coordinates":[[[-75.543226,6.248718],[-75.543704,6.248696],[-75.54423,6.24836],[-75.544314,6.24827],[-75.544424,6.248254],[-75.544796,6.247563],[-75.544994,6.247395],[-75.545163,6.247302],[-75.54525,6.247288],[-75.54545,6.247056],[-75.545968,6.246901],[-75.545995,6.246889],[-75.54598,6.246852],[-75.546224,6.246794],[-75.546408,6.246781],[-75.546601,6.24685],[-75.546688,6.246843],[-75.546809,6.246776],[-75.546823,6.246207],[-75.546669,6.245694],[-75.546812,6.245622],[-75.547075,6.245402],[-75.547192,6.2454],[-75.547189,6.245324],[-75.547624,6.245261],[-75.547733,6.245208],[-75.54786,6.245097],[-75.548206,6.244597],[-75.548507,6.243923],[-75.549018,6.244122],[-75.54937,6.243283],[-75.549433,6.243364],[-75.549583,6.243436],[-75.549655,6.243403],[-75.549698,6.243283],[-75.549747,6.242751],[-75.549378,6.242691],[-75.549174,6.242609],[-75.549213,6.242487],[-75.549162,6.242393],[-75.548806,6.242087],[-75.548639,6.241995],[-75.548214,6.241952],[-75.548035,6.241874],[-75.547886,6.241766],[-75.547229,6.240624],[-75.546989,6.240408],[-75.54635,6.240196],[-75.545506,6.240146],[-75.545216,6.239987],[-75.545032,6.23979],[-75.544944,6.239597],[-75.544912,6.239609],[-75.5449,6.239578],[-75.544837,6.239598],[-75.544832,6.239636],[-75.544927,6.239983],[-75.54505,6.240225],[-75.545238,6.240432],[-75.545367,6.240486],[-75.545725,6.240423],[-75.545807,6.240445],[-75.545841,6.240723],[-75.545716,6.24088],[-75.545691,6.241037],[-75.545916,6.241169],[-75.545994,6.241259],[-75.545959,6.241359],[-75.545791,6.241544],[-75.54567,6.241902],[-75.545613,6.241973],[-75.54552,6.241994],[-75.545188,6.241927],[-75.545149,6.241987],[-75.545143,6.242214],[-75.54479,6.242118],[-75.544708,6.242125],[-75.544665,6.242221],[-75.544767,6.242456],[-75.5442,6.24245],[-75.543973,6.242366],[-75.543872,6.242381],[-75.543852,6.242433],[-75.543949,6.242665],[-75.543946,6.242765],[-75.54388,6.242794],[-75.543681,6.242682],[-75.543598,6.242713],[-75.543572,6.242834],[-75.543638,6.243045],[-75.543618,6.243105],[-75.543525,6.243188],[-75.542829,6.24306],[-75.542682,6.243415],[-75.54266,6.243545],[-75.542753,6.243746],[-75.542836,6.244238],[-75.542295,6.244542],[-75.542206,6.244645],[-75.541905,6.244877],[-75.541558,6.245277],[-75.541806,6.245448],[-75.541985,6.245653],[-75.542716,6.246899],[-75.543099,6.248174],[-75.543226,6.248718]]]},"properties":{"CODIGO":"0810","COMUNA":"08","BARRIO":"10","NOMBRE_BARRIO":"El Pinal","SECTOR":3,"INDICADOR_UR":"U","NOMBRE_COMUNA":"VILLA HERMOSA","MUNICIPIO":"001"}},{"type":"Feature","id":165,"geometry":{"type":"Polygon","coordinates":[[[-75.581848,6.301472],[-75.581831,6.302048],[-75.581906,6.302603],[-75.581973,6.302788],[-75.582248,6.303182],[-75.582471,6.302647],[-75.582489,6.302479],[-75.582437,6.302054],[-75.582453,6.301875],[-75.582784,6.301266],[-75.583251,6.301617],[-75.583439,6.301673],[-75.583613,6.301802],[-75.58374,6.301851],[-75.583788,6.301195],[-75.584069,6.300376],[-75.584181,6.300276],[-75.584519,6.299476],[-75.584772,6.298987],[-75.585275,6.298384],[-75.585222,6.298299],[-75.58516,6.298079],[-75.585199,6.298019],[-75.58526,6.297653],[-75.585234,6.297516],[-75.58541,6.297416],[-75.58554,6.297263],[-75.585612,6.297225],[-75.585698,6.297284],[-75.585798,6.297164],[-75.585985,6.297034],[-75.586032,6.297092],[-75.586394,6.296828],[-75.58611,6.296627],[-75.586745,6.296208],[-75.586734,6.29616],[-75.58769,6.294764],[-75.588369,6.293591],[-75.588457,6.293501],[-75.587967,6.293142],[-75.588385,6.292759],[-75.588381,6.292723],[-75.588445,6.292661],[-75.588516,6.292682],[-75.588807,6.29231],[-75.58912,6.292193],[-75.586533,6.290047],[-75.586523,6.290275],[-75.58643,6.290288],[-75.586321,6.290229],[-75.586269,6.290256],[-75.58614,6.290229],[-75.586005,6.290316],[-75.586187,6.290495],[-75.586214,6.290609],[-75.586202,6.290753],[-75.58614,6.290902],[-75.586174,6.291148],[-75.586264,6.29142],[-75.586193,6.291483],[-75.585913,6.291613],[-75.585444,6.291721],[-75.585248,6.291835],[-75.584756,6.292401],[-75.584389,6.292636],[-75.584167,6.292619],[-75.584225,6.29215],[-75.583681,6.291996],[-75.583639,6.292108],[-75.58356,6.292139],[-75.582896,6.291955],[-75.582743,6.291886],[-75.582401,6.292869],[-75.582171,6.293238],[-75.582147,6.293415],[-75.582234,6.29402],[-75.582545,6.293884],[-75.582789,6.293733],[-75.582894,6.293747],[-75.58298,6.293804],[-75.582996,6.293914],[-75.582917,6.29408],[-75.58258,6.294259],[-75.582428,6.29441],[-75.582305,6.294634],[-75.58216,6.295056],[-75.582193,6.295282],[-75.582511,6.295906],[-75.582606,6.296175],[-75.582545,6.29631],[-75.58233,6.296467],[-75.58228,6.296563],[-75.5823,6.296714],[-75.582476,6.297246],[-75.58248,6.297404],[-75.582339,6.297915],[-75.582377,6.298189],[-75.582366,6.298455],[-75.582109,6.298983],[-75.582014,6.300055],[-75.581784,6.300792],[-75.581848,6.301472]]]},"properties":{"CODIGO":"0608","COMUNA":"06","BARRIO":"08","NOMBRE_BARRIO":"Picacho","SECTOR":2,"INDICADOR_UR":"U","NOMBRE_COMUNA":"DOCE DE OCTUBRE","MUNICIPIO":"001"}},{"type":"Feature","id":166,"geometry":{"type":"Polygon","coordinates":[[[-75.532157,6.238666],[-75.532148,6.238782],[-75.532213,6.238975],[-75.53226,6.239057],[-75.532317,6.239084],[-75.532397,6.238994],[-75.532507,6.238666],[-75.532544,6.238676],[-75.53256,6.238626],[-75.532604,6.23866],[-75.532698,6.238576],[-75.532741,6.238586],[-75.532793,6.238479],[-75.532816,6.238336],[-75.53279,6.238072],[-75.533045,6.237845],[-75.53308,6.237654],[-75.533004,6.237501],[-75.533063,6.23748],[-75.533089,6.23737],[-75.533237,6.237238],[-75.533467,6.237131],[-75.533635,6.2372],[-75.533832,6.237134],[-75.53419,6.236888],[-75.534224,6.236845],[-75.534202,6.236683],[-75.534501,6.236536],[-75.53466,6.236318],[-75.534802,6.236235],[-75.535223,6.23576],[-75.535265,6.235632],[-75.535122,6.235455],[-75.53464,6.23505],[-75.535308,6.234248],[-75.534925,6.234099],[-75.534798,6.234015],[-75.534449,6.233922],[-75.534462,6.234025],[-75.534316,6.234034],[-75.533505,6.234254],[-75.533383,6.234274],[-75.533301,6.234254],[-75.53295,6.23431],[-75.532164,6.234266],[-75.532067,6.23431],[-75.531937,6.234296],[-75.531785,6.234229],[-75.531268,6.234179],[-75.530679,6.23433],[-75.529974,6.234851],[-75.530087,6.234955],[-75.53033,6.234886],[-75.530689,6.234895],[-75.530893,6.234867],[-75.531098,6.234964],[-75.531265,6.235637],[-75.531149,6.235922],[-75.53146,6.23604],[-75.53154,6.236125],[-75.531464,6.236403],[-75.531229,6.236612],[-75.531288,6.236766],[-75.531354,6.236839],[-75.531625,6.236945],[-75.531807,6.236967],[-75.531862,6.237033],[-75.531877,6.237157],[-75.531764,6.237297],[-75.531764,6.237381],[-75.532033,6.237668],[-75.531989,6.237846],[-75.532127,6.238384],[-75.532157,6.238666]]]},"properties":{"CODIGO":"0819","COMUNA":"08","BARRIO":"19","NOMBRE_BARRIO":"Villa Liliam","SECTOR":3,"INDICADOR_UR":"U","NOMBRE_COMUNA":"VILLA HERMOSA","MUNICIPIO":"001"}},{"type":"Feature","id":167,"geometry":{"type":"Polygon","coordinates":[[[-75.606317,6.249179],[-75.608014,6.250715],[-75.610178,6.249007],[-75.61216,6.246711],[-75.612685,6.24571],[-75.612697,6.245639],[-75.612209,6.245872],[-75.611905,6.245975],[-75.611367,6.245984],[-75.610196,6.245843],[-75.609854,6.245873],[-75.609536,6.246085],[-75.608896,6.24687],[-75.608759,6.247067],[-75.608599,6.247689],[-75.6085,6.247798],[-75.608405,6.247844],[-75.607745,6.247956],[-75.607311,6.248164],[-75.607064,6.248377],[-75.606317,6.249179]]]},"properties":{"CODIGO":"1210","COMUNA":"12","BARRIO":"10","NOMBRE_BARRIO":"Barrio Cristóbal","SECTOR":4,"INDICADOR_UR":"U","NOMBRE_COMUNA":"LA AMERICA","MUNICIPIO":"001"}},{"type":"Feature","id":168,"geometry":{"type":"Polygon","coordinates":[[[-75.56602,6.256811],[-75.570935,6.257688],[-75.571654,6.257026],[-75.571735,6.257005],[-75.57166,6.256691],[-75.571278,6.256132],[-75.571105,6.255778],[-75.571078,6.255543],[-75.571227,6.25471],[-75.571222,6.254541],[-75.571107,6.254094],[-75.570911,6.253812],[-75.570696,6.253636],[-75.570243,6.253453],[-75.569843,6.253219],[-75.569399,6.253036],[-75.569404,6.25316],[-75.56921,6.254496],[-75.56827,6.254334],[-75.567255,6.254034],[-75.56698,6.254564],[-75.566532,6.255702],[-75.566402,6.25598],[-75.566283,6.25614],[-75.56602,6.256811]]]},"properties":{"CODIGO":"1005","COMUNA":"10","BARRIO":"05","NOMBRE_BARRIO":"Estación Villa","SECTOR":3,"INDICADOR_UR":"U","NOMBRE_COMUNA":"LA CANDELARIA","MUNICIPIO":"001"}},{"type":"Feature","id":169,"geometry":{"type":"Polygon","coordinates":[[[-75.608172,6.277895],[-75.608162,6.278024],[-75.60822,6.278193],[-75.608315,6.278244],[-75.608365,6.278412],[-75.608421,6.278463],[-75.608447,6.278569],[-75.608552,6.278715],[-75.608981,6.279211],[-75.609038,6.279424],[-75.60907,6.279447],[-75.609277,6.279061],[-75.609378,6.278941],[-75.609896,6.278534],[-75.610391,6.278252],[-75.61125,6.277881],[-75.611497,6.277819],[-75.611812,6.277892],[-75.61202,6.277888],[-75.61289,6.277562],[-75.613015,6.277487],[-75.613276,6.277458],[-75.613866,6.277554],[-75.614508,6.277482],[-75.614758,6.277497],[-75.614887,6.277521],[-75.61506,6.277607],[-75.615379,6.277814],[-75.6156,6.277785],[-75.616211,6.277535],[-75.616424,6.277482],[-75.617048,6.277565],[-75.617148,6.277517],[-75.617199,6.27744],[-75.617206,6.277031],[-75.617264,6.276906],[-75.617364,6.276819],[-75.617604,6.276814],[-75.617996,6.276931],[-75.618245,6.276931],[-75.618904,6.276758],[-75.618961,6.276724],[-75.619158,6.276424],[-75.619293,6.276348],[-75.620114,6.276454],[-75.620329,6.276547],[-75.620641,6.276928],[-75.620797,6.277066],[-75.621128,6.277277],[-75.621336,6.277517],[-75.621464,6.277574],[-75.621438,6.277474],[-75.62148,6.27731],[-75.621464,6.277214],[-75.621518,6.277056],[-75.621565,6.276496],[-75.62166,6.276359],[-75.62161,6.275968],[-75.62172,6.275663],[-75.621738,6.275203],[-75.621607,6.274838],[-75.621489,6.274662],[-75.621406,6.2744],[-75.621313,6.274256],[-75.62087,6.2741],[-75.620799,6.273994],[-75.620786,6.273878],[-75.620708,6.27378],[-75.620475,6.273598],[-75.620272,6.273613],[-75.620228,6.273551],[-75.620153,6.273575],[-75.619865,6.273518],[-75.619729,6.273187],[-75.619406,6.273025],[-75.619244,6.272996],[-75.618749,6.273048],[-75.618415,6.273227],[-75.618217,6.273439],[-75.618108,6.273452],[-75.617958,6.273394],[-75.61782,6.273253],[-75.617595,6.273148],[-75.617349,6.272953],[-75.617137,6.272878],[-75.617036,6.272886],[-75.616927,6.272975],[-75.616921,6.273077],[-75.616854,6.273198],[-75.616651,6.273331],[-75.616531,6.273291],[-75.61621,6.273313],[-75.616068,6.273423],[-75.615822,6.273543],[-75.615792,6.273578],[-75.61579,6.27366],[-75.615654,6.273863],[-75.615374,6.273868],[-75.615151,6.273945],[-75.615008,6.274031],[-75.614741,6.274101],[-75.614573,6.2741],[-75.614384,6.274169],[-75.61433,6.274133],[-75.614084,6.27412],[-75.613924,6.274074],[-75.613588,6.274353],[-75.613253,6.274546],[-75.613067,6.274868],[-75.613052,6.274959],[-75.613014,6.274983],[-75.612667,6.274941],[-75.612387,6.274815],[-75.6122,6.274822],[-75.612023,6.27497],[-75.611733,6.275035],[-75.61148,6.275142],[-75.611381,6.275205],[-75.611332,6.275288],[-75.61132,6.275791],[-75.611118,6.276017],[-75.610713,6.276005],[-75.610405,6.276136],[-75.61024,6.276149],[-75.609981,6.276319],[-75.609739,6.27639],[-75.609507,6.276533],[-75.609393,6.276562],[-75.609172,6.276536],[-75.608979,6.276558],[-75.608774,6.276618],[-75.608343,6.276842],[-75.608179,6.276887],[-75.608094,6.276874],[-75.60797,6.276786],[-75.608006,6.276905],[-75.607966,6.277088],[-75.608162,6.277247],[-75.608203,6.277315],[-75.608172,6.277895]]]},"properties":{"CODIGO":"0720","COMUNA":"07","BARRIO":"20","NOMBRE_BARRIO":"Santa Margarita","SECTOR":2,"INDICADOR_UR":"U","NOMBRE_COMUNA":"ROBLEDO","MUNICIPIO":"001"}},{"type":"Feature","id":170,"geometry":{"type":"Polygon","coordinates":[[[-75.551742,6.304323],[-75.55178,6.304702],[-75.551829,6.304722],[-75.55183,6.304765],[-75.551632,6.305318],[-75.551658,6.305487],[-75.551803,6.305373],[-75.552014,6.305121],[-75.552301,6.304696],[-75.552519,6.304304],[-75.552621,6.304341],[-75.552911,6.304539],[-75.553117,6.304742],[-75.553183,6.304742],[-75.553264,6.30431],[-75.554382,6.304607],[-75.5545,6.304212],[-75.554386,6.304175],[-75.554486,6.303864],[-75.555164,6.302943],[-75.556085,6.303562],[-75.556132,6.303468],[-75.556072,6.30318],[-75.556106,6.303023],[-75.555439,6.302751],[-75.555351,6.302658],[-75.555107,6.302657],[-75.55495,6.302567],[-75.554861,6.302465],[-75.554657,6.302558],[-75.55434,6.30258],[-75.554175,6.302439],[-75.553959,6.302458],[-75.55372,6.302386],[-75.553548,6.302193],[-75.553378,6.302185],[-75.553349,6.302152],[-75.553257,6.302237],[-75.55318,6.302249],[-75.552387,6.302229],[-75.552391,6.302542],[-75.552265,6.303005],[-75.552044,6.303469],[-75.551811,6.303753],[-75.551714,6.303998],[-75.55177,6.304026],[-75.551742,6.304323]]]},"properties":{"CODIGO":"0203","COMUNA":"02","BARRIO":"03","NOMBRE_BARRIO":"Pablo VI","SECTOR":1,"INDICADOR_UR":"U","NOMBRE_COMUNA":"SANTA CRUZ","MUNICIPIO":"001"}},{"type":"Feature","id":171,"geometry":{"type":"Polygon","coordinates":[[[-75.575932,6.246473],[-75.580286,6.247963],[-75.580263,6.247709],[-75.580131,6.24726],[-75.579836,6.246457],[-75.578292,6.24185],[-75.577504,6.239649],[-75.576385,6.239663],[-75.575969,6.239753],[-75.575728,6.239868],[-75.575532,6.239892],[-75.575454,6.239793],[-75.57537,6.240723],[-75.575339,6.241657],[-75.575368,6.242478],[-75.575241,6.246265],[-75.575932,6.246473]]]},"properties":{"CODIGO":"1009","COMUNA":"10","BARRIO":"09","NOMBRE_BARRIO":"La Alpujarra","SECTOR":3,"INDICADOR_UR":"U","NOMBRE_COMUNA":"LA CANDELARIA","MUNICIPIO":"001"}},{"type":"Feature","id":172,"geometry":{"type":"Polygon","coordinates":[[[-75.538637,6.242133],[-75.538839,6.241899],[-75.538812,6.241843],[-75.539111,6.241025],[-75.538869,6.240867],[-75.538538,6.240751],[-75.538468,6.240675],[-75.538369,6.240424],[-75.538285,6.240352],[-75.538418,6.23999],[-75.538325,6.23996],[-75.538385,6.239795],[-75.538363,6.239774],[-75.538423,6.239723],[-75.538399,6.239705],[-75.538434,6.239632],[-75.53851,6.23957],[-75.538562,6.239599],[-75.538588,6.239542],[-75.538561,6.239457],[-75.538492,6.23943],[-75.538471,6.239382],[-75.538492,6.239367],[-75.538377,6.239295],[-75.53837,6.23925],[-75.538492,6.239087],[-75.538689,6.238701],[-75.538723,6.238707],[-75.538741,6.238626],[-75.538713,6.238358],[-75.538631,6.238199],[-75.538549,6.238196],[-75.538469,6.238055],[-75.538421,6.238053],[-75.538266,6.237946],[-75.538226,6.237833],[-75.538116,6.237783],[-75.53798,6.237644],[-75.537846,6.237612],[-75.537724,6.237539],[-75.537738,6.237505],[-75.537615,6.237289],[-75.53771,6.237174],[-75.537934,6.237026],[-75.537841,6.236848],[-75.53772,6.236798],[-75.537739,6.23673],[-75.53743,6.236611],[-75.537277,6.236684],[-75.537191,6.236513],[-75.536822,6.236562],[-75.5364,6.236426],[-75.536368,6.236456],[-75.536239,6.236391],[-75.53619,6.236319],[-75.53625,6.236263],[-75.536227,6.236214],[-75.536088,6.236161],[-75.535955,6.236267],[-75.535863,6.236278],[-75.535756,6.236413],[-75.535815,6.236454],[-75.535672,6.236639],[-75.535683,6.236674],[-75.535476,6.236832],[-75.535467,6.236798],[-75.535366,6.236819],[-75.535324,6.236922],[-75.535196,6.236995],[-75.535009,6.236793],[-75.535018,6.236754],[-75.534922,6.23651],[-75.534933,6.23647],[-75.535044,6.236499],[-75.535082,6.236352],[-75.534992,6.236262],[-75.534802,6.236235],[-75.534676,6.236301],[-75.534501,6.236536],[-75.534202,6.236683],[-75.534216,6.236865],[-75.533888,6.237104],[-75.533645,6.2372],[-75.533467,6.237131],[-75.533237,6.237238],[-75.533089,6.23737],[-75.533063,6.23748],[-75.533004,6.237501],[-75.53308,6.237654],[-75.533045,6.237845],[-75.53279,6.238072],[-75.532816,6.238384],[-75.532739,6.238586],[-75.532914,6.238621],[-75.532848,6.238767],[-75.532793,6.238752],[-75.532762,6.238791],[-75.532964,6.23896],[-75.532855,6.239043],[-75.532909,6.239115],[-75.533192,6.23889],[-75.533424,6.238611],[-75.533678,6.238508],[-75.53405,6.237957],[-75.534145,6.237862],[-75.534235,6.237844],[-75.534438,6.237904],[-75.534719,6.238173],[-75.534809,6.238191],[-75.535084,6.238053],[-75.535251,6.238083],[-75.535323,6.238143],[-75.535418,6.238161],[-75.535747,6.237987],[-75.535974,6.238071],[-75.536237,6.2384],[-75.536291,6.238412],[-75.536816,6.238896],[-75.536816,6.238998],[-75.536739,6.2391],[-75.536733,6.239363],[-75.536978,6.239518],[-75.537277,6.239602],[-75.53742,6.239734],[-75.537533,6.240469],[-75.537492,6.240678],[-75.537486,6.240959],[-75.53751,6.241139],[-75.537629,6.24133],[-75.537796,6.241414],[-75.538637,6.242133]]]},"properties":{"CODIGO":"0814","COMUNA":"08","BARRIO":"14","NOMBRE_BARRIO":"San Antonio","SECTOR":3,"INDICADOR_UR":"U","NOMBRE_COMUNA":"VILLA HERMOSA","MUNICIPIO":"001"}},{"type":"Feature","id":173,"geometry":{"type":"Polygon","coordinates":[[[-75.58288,6.301327],[-75.582784,6.301266],[-75.582453,6.301875],[-75.582437,6.302054],[-75.582489,6.302479],[-75.582471,6.302647],[-75.582248,6.303182],[-75.582337,6.303367],[-75.582342,6.303512],[-75.582282,6.303652],[-75.582095,6.303856],[-75.581983,6.304062],[-75.583553,6.304834],[-75.583869,6.305028],[-75.584103,6.305127],[-75.584374,6.30514],[-75.584422,6.305175],[-75.58458,6.305192],[-75.584507,6.304912],[-75.584438,6.304866],[-75.584254,6.304563],[-75.584068,6.304427],[-75.584017,6.304329],[-75.583958,6.304141],[-75.583954,6.303921],[-75.583897,6.303921],[-75.583757,6.303774],[-75.583765,6.303409],[-75.583685,6.30318],[-75.583779,6.303232],[-75.583873,6.302984],[-75.583899,6.303002],[-75.584175,6.3028],[-75.584261,6.302673],[-75.583617,6.302334],[-75.58374,6.301851],[-75.583613,6.301802],[-75.583439,6.301673],[-75.583251,6.301617],[-75.58288,6.301327]]]},"properties":{"CODIGO":"0610","COMUNA":"06","BARRIO":"10","NOMBRE_BARRIO":"Mirador del Doce","SECTOR":2,"INDICADOR_UR":"U","NOMBRE_COMUNA":"DOCE DE OCTUBRE","MUNICIPIO":"001"}},{"type":"Feature","id":174,"geometry":{"type":"Polygon","coordinates":[[[-75.618036,6.240071],[-75.618364,6.240238],[-75.618514,6.240272],[-75.618658,6.239577],[-75.618668,6.23913],[-75.618981,6.238318],[-75.619171,6.237461],[-75.619141,6.237328],[-75.61899,6.237358],[-75.618893,6.237314],[-75.618697,6.237094],[-75.618602,6.237046],[-75.618437,6.236864],[-75.618389,6.236847],[-75.618284,6.236888],[-75.618184,6.237002],[-75.618017,6.237028],[-75.617811,6.236816],[-75.617756,6.236815],[-75.617529,6.237006],[-75.617382,6.237013],[-75.617249,6.236953],[-75.617086,6.236817],[-75.616636,6.236681],[-75.616367,6.236665],[-75.615994,6.236584],[-75.615894,6.236592],[-75.615717,6.236696],[-75.61556,6.236673],[-75.61525,6.236527],[-75.614753,6.236189],[-75.61462,6.236341],[-75.614639,6.236516],[-75.61462,6.23666],[-75.61458,6.236699],[-75.614301,6.236769],[-75.614021,6.236708],[-75.613103,6.236283],[-75.613139,6.236221],[-75.612166,6.235622],[-75.611659,6.235143],[-75.611558,6.235195],[-75.61208,6.235666],[-75.612934,6.236225],[-75.612942,6.236303],[-75.612691,6.236825],[-75.612907,6.236919],[-75.612956,6.236804],[-75.613002,6.236823],[-75.613043,6.236724],[-75.61328,6.237071],[-75.613485,6.237227],[-75.613447,6.237485],[-75.613457,6.237585],[-75.613522,6.237706],[-75.613859,6.23793],[-75.61449,6.237942],[-75.614662,6.237973],[-75.615139,6.23793],[-75.615626,6.238012],[-75.616245,6.238229],[-75.616499,6.238234],[-75.616682,6.23829],[-75.616966,6.238497],[-75.617105,6.238701],[-75.617477,6.238973],[-75.617635,6.239238],[-75.617838,6.239876],[-75.618036,6.240071]]]},"properties":{"CODIGO":"7098","COMUNA":"70","BARRIO":"98","NOMBRE_BARRIO":"Area De Expansion El Noral","SECTOR":8,"INDICADOR_UR":null,"NOMBRE_COMUNA":"ALTAVISTA","MUNICIPIO":"001"}},{"type":"Feature","id":175,"geometry":{"type":"Polygon","coordinates":[[[-75.596112,6.229414],[-75.596119,6.229492],[-75.596692,6.229346],[-75.599497,6.228546],[-75.59965,6.228474],[-75.599806,6.228344],[-75.600367,6.227716],[-75.600689,6.227406],[-75.600815,6.227348],[-75.601815,6.227137],[-75.599928,6.225336],[-75.599899,6.225534],[-75.599427,6.225492],[-75.59801,6.225],[-75.597219,6.224846],[-75.59787,6.222376],[-75.596733,6.222295],[-75.596552,6.222327],[-75.596353,6.222472],[-75.595417,6.222446],[-75.595131,6.223361],[-75.591975,6.222768],[-75.591316,6.226265],[-75.591263,6.226688],[-75.591297,6.228245],[-75.591402,6.22924],[-75.592697,6.228707],[-75.592756,6.228571],[-75.593423,6.228323],[-75.593645,6.228299],[-75.593921,6.228372],[-75.593921,6.228395],[-75.594423,6.228566],[-75.59498,6.228851],[-75.595126,6.228963],[-75.595393,6.229299],[-75.595505,6.229368],[-75.595694,6.229409],[-75.596106,6.229356],[-75.596112,6.229414]]]},"properties":{"CODIGO":"1605","COMUNA":"16","BARRIO":"05","NOMBRE_BARRIO":"San Bernardo","SECTOR":6,"INDICADOR_UR":"U","NOMBRE_COMUNA":"BELEN","MUNICIPIO":"001"}},{"type":"Feature","id":176,"geometry":{"type":"Polygon","coordinates":[[[-75.540532,6.285344],[-75.540506,6.285398],[-75.540373,6.285428],[-75.540314,6.285476],[-75.540317,6.28568],[-75.540239,6.285825],[-75.539971,6.285886],[-75.540239,6.286077],[-75.540383,6.286059],[-75.540478,6.286111],[-75.540658,6.286293],[-75.540787,6.286332],[-75.540894,6.286305],[-75.541278,6.28608],[-75.541596,6.286149],[-75.541675,6.286088],[-75.541764,6.285881],[-75.541993,6.285967],[-75.54229,6.286018],[-75.542389,6.285928],[-75.542774,6.285214],[-75.542863,6.284961],[-75.54285,6.284854],[-75.542781,6.284768],[-75.54276,6.284685],[-75.542806,6.284348],[-75.542861,6.284247],[-75.543053,6.284231],[-75.543042,6.284467],[-75.543142,6.2845],[-75.543228,6.284464],[-75.543425,6.284256],[-75.543473,6.284147],[-75.543534,6.283911],[-75.543545,6.283564],[-75.543587,6.28335],[-75.543614,6.283264],[-75.543733,6.283148],[-75.54374,6.282766],[-75.543694,6.282698],[-75.54334,6.282653],[-75.543351,6.282562],[-75.543571,6.281924],[-75.543722,6.281714],[-75.543775,6.281305],[-75.543876,6.281077],[-75.543904,6.280883],[-75.543636,6.280788],[-75.543451,6.280763],[-75.543189,6.280829],[-75.5429,6.280745],[-75.542726,6.28059],[-75.542637,6.280608],[-75.542571,6.280574],[-75.542345,6.280412],[-75.542177,6.280206],[-75.542272,6.279999],[-75.542214,6.279974],[-75.542245,6.279908],[-75.542156,6.279941],[-75.541712,6.279828],[-75.541486,6.279732],[-75.541348,6.280695],[-75.54135,6.28118],[-75.541299,6.281383],[-75.541148,6.281465],[-75.54126,6.281779],[-75.541179,6.282055],[-75.541189,6.283448],[-75.541111,6.283717],[-75.54116,6.284224],[-75.541144,6.284599],[-75.541086,6.284719],[-75.540889,6.284881],[-75.540532,6.285344]]]},"properties":{"CODIGO":"0314","COMUNA":"03","BARRIO":"14","NOMBRE_BARRIO":"San José la Cima No. 1","SECTOR":1,"INDICADOR_UR":"U","NOMBRE_COMUNA":"MANRIQUE","MUNICIPIO":"001"}},{"type":"Feature","id":177,"geometry":{"type":"Polygon","coordinates":[[[-75.549045,6.26973],[-75.549112,6.26988],[-75.549363,6.269718],[-75.549443,6.269707],[-75.550354,6.269837],[-75.550432,6.269772],[-75.55054,6.269774],[-75.550632,6.269722],[-75.550823,6.269523],[-75.550966,6.269492],[-75.551276,6.269507],[-75.551533,6.26963],[-75.552002,6.26963],[-75.55255,6.26974],[-75.552672,6.269254],[-75.552836,6.269205],[-75.553009,6.269209],[-75.553111,6.269262],[-75.553517,6.269254],[-75.553735,6.268856],[-75.553764,6.268187],[-75.553907,6.26824],[-75.553993,6.268326],[-75.554289,6.26909],[-75.554416,6.269147],[-75.554609,6.269123],[-75.554844,6.268736],[-75.554936,6.268182],[-75.555107,6.266707],[-75.554718,6.266663],[-75.554027,6.266658],[-75.553842,6.266595],[-75.553676,6.266595],[-75.553455,6.266648],[-75.553301,6.266763],[-75.553012,6.266753],[-75.552841,6.266815],[-75.552686,6.266831],[-75.552708,6.266426],[-75.552365,6.266644],[-75.552195,6.266874],[-75.551817,6.267012],[-75.5515,6.266945],[-75.551407,6.266993],[-75.551029,6.266929],[-75.550744,6.266938],[-75.550574,6.266694],[-75.550325,6.267033],[-75.54976,6.267219],[-75.549624,6.267338],[-75.549595,6.267472],[-75.549685,6.268022],[-75.54961,6.268161],[-75.549236,6.268461],[-75.549127,6.26859],[-75.54911,6.268777],[-75.549173,6.269408],[-75.549149,6.26953],[-75.549045,6.26973]]]},"properties":{"CODIGO":"0306","COMUNA":"03","BARRIO":"06","NOMBRE_BARRIO":"El Pomar","SECTOR":1,"INDICADOR_UR":"U","NOMBRE_COMUNA":"MANRIQUE","MUNICIPIO":"001"}},{"type":"Feature","id":178,"geometry":{"type":"Polygon","coordinates":[[[-75.603565,6.285654],[-75.603858,6.286068],[-75.603976,6.286387],[-75.605358,6.285932],[-75.605203,6.285827],[-75.605565,6.285648],[-75.605704,6.28574],[-75.606135,6.285672],[-75.606398,6.285857],[-75.606457,6.285798],[-75.606544,6.285695],[-75.606515,6.285516],[-75.606218,6.285477],[-75.60599,6.285355],[-75.605813,6.285165],[-75.605698,6.284876],[-75.60566,6.284363],[-75.605694,6.284149],[-75.605807,6.283961],[-75.605993,6.283796],[-75.606054,6.283651],[-75.605955,6.283168],[-75.605944,6.283016],[-75.605969,6.282986],[-75.60626,6.283514],[-75.606331,6.283532],[-75.606367,6.283527],[-75.60673,6.283164],[-75.606818,6.28314],[-75.606861,6.283162],[-75.606952,6.283262],[-75.607068,6.283519],[-75.607432,6.284146],[-75.607755,6.284527],[-75.607785,6.284498],[-75.6081,6.2848],[-75.60814,6.284874],[-75.609061,6.284469],[-75.609308,6.284448],[-75.609674,6.28452],[-75.609744,6.284343],[-75.609876,6.284173],[-75.609856,6.284075],[-75.609839,6.284086],[-75.609761,6.283914],[-75.6091,6.283111],[-75.609,6.282841],[-75.60904,6.282719],[-75.609572,6.282534],[-75.609602,6.281929],[-75.609367,6.281894],[-75.609084,6.281739],[-75.608667,6.281913],[-75.608558,6.28187],[-75.608424,6.281736],[-75.608343,6.281708],[-75.607555,6.281593],[-75.607331,6.281526],[-75.607026,6.281579],[-75.606868,6.281569],[-75.606443,6.281293],[-75.60632,6.281251],[-75.605676,6.281245],[-75.605523,6.281183],[-75.605492,6.281313],[-75.605229,6.281684],[-75.605433,6.281847],[-75.605023,6.282385],[-75.603771,6.283486],[-75.603726,6.283473],[-75.603633,6.283332],[-75.603554,6.283431],[-75.603392,6.283507],[-75.603238,6.283496],[-75.603015,6.2834],[-75.602874,6.283719],[-75.602492,6.2842],[-75.602289,6.284325],[-75.602251,6.284337],[-75.602237,6.284294],[-75.60216,6.284318],[-75.602174,6.284361],[-75.60194,6.284436],[-75.602008,6.284551],[-75.602636,6.285101],[-75.602932,6.285202],[-75.603089,6.285188],[-75.603202,6.285255],[-75.603565,6.285654]]]},"properties":{"CODIGO":"0723","COMUNA":"07","BARRIO":"23","NOMBRE_BARRIO":"Pajarito","SECTOR":2,"INDICADOR_UR":"U","NOMBRE_COMUNA":"ROBLEDO","MUNICIPIO":"001"}},{"type":"Feature","id":179,"geometry":{"type":"Polygon","coordinates":[[[-75.542902,6.289779],[-75.542981,6.289719],[-75.543131,6.289701],[-75.543566,6.289797],[-75.543792,6.289803],[-75.544064,6.289721],[-75.544196,6.289566],[-75.544288,6.289205],[-75.544529,6.288812],[-75.544563,6.288618],[-75.54455,6.288488],[-75.544437,6.288247],[-75.544209,6.287481],[-75.544105,6.286954],[-75.544085,6.286718],[-75.544171,6.286323],[-75.544165,6.285886],[-75.544207,6.285785],[-75.544057,6.285692],[-75.543741,6.285891],[-75.543592,6.285837],[-75.543323,6.285851],[-75.543184,6.285946],[-75.543058,6.286154],[-75.542859,6.286204],[-75.542687,6.286339],[-75.542389,6.286331],[-75.542253,6.286291],[-75.542096,6.286332],[-75.541819,6.286267],[-75.541634,6.286276],[-75.54141,6.286116],[-75.541495,6.286349],[-75.541575,6.286439],[-75.541879,6.286536],[-75.542018,6.286638],[-75.542203,6.286971],[-75.542453,6.287178],[-75.542505,6.287374],[-75.542381,6.287776],[-75.54244,6.287911],[-75.542592,6.288102],[-75.543266,6.288629],[-75.543295,6.288714],[-75.543266,6.288836],[-75.543179,6.288933],[-75.543042,6.288984],[-75.542871,6.289014],[-75.542547,6.288931],[-75.541903,6.28902],[-75.541825,6.289005],[-75.54179,6.288966],[-75.541592,6.288987],[-75.541477,6.289096],[-75.541629,6.289301],[-75.541772,6.289422],[-75.541842,6.289474],[-75.542141,6.289555],[-75.54228,6.289708],[-75.542578,6.289776],[-75.542784,6.289703],[-75.542902,6.289779]]]},"properties":{"CODIGO":"0108","COMUNA":"01","BARRIO":"08","NOMBRE_BARRIO":"El Compromiso","SECTOR":1,"INDICADOR_UR":"U","NOMBRE_COMUNA":"POPULAR","MUNICIPIO":"001"}},{"type":"Feature","id":180,"geometry":{"type":"Polygon","coordinates":[[[-75.574218,6.245953],[-75.575241,6.246265],[-75.575368,6.242478],[-75.573288,6.242416],[-75.573022,6.242382],[-75.572493,6.242232],[-75.571477,6.245],[-75.574218,6.245953]]]},"properties":{"CODIGO":"1010","COMUNA":"10","BARRIO":"10","NOMBRE_BARRIO":"Centro Administrativo","SECTOR":3,"INDICADOR_UR":"U","NOMBRE_COMUNA":"LA CANDELARIA","MUNICIPIO":"001"}},{"type":"Feature","id":181,"geometry":{"type":"Polygon","coordinates":[[[-75.601246,6.291019],[-75.601246,6.291643],[-75.60132,6.291709],[-75.601289,6.291867],[-75.601329,6.292064],[-75.601462,6.292224],[-75.602782,6.291729],[-75.603713,6.291316],[-75.60452,6.291057],[-75.604973,6.290865],[-75.605044,6.290808],[-75.604919,6.290697],[-75.604782,6.290786],[-75.604497,6.29077],[-75.604471,6.2907],[-75.60429,6.290537],[-75.604185,6.290518],[-75.603862,6.290242],[-75.603884,6.290102],[-75.603821,6.289867],[-75.603719,6.28973],[-75.603504,6.289612],[-75.603501,6.289459],[-75.603242,6.289356],[-75.603251,6.289192],[-75.603147,6.28909],[-75.603097,6.288789],[-75.603127,6.288681],[-75.602848,6.288699],[-75.602799,6.288345],[-75.602514,6.288235],[-75.602378,6.288104],[-75.602253,6.288072],[-75.602282,6.287867],[-75.60222,6.287667],[-75.602039,6.287563],[-75.601953,6.287366],[-75.601918,6.286949],[-75.601782,6.286807],[-75.601762,6.286533],[-75.601641,6.286501],[-75.601622,6.286249],[-75.601533,6.285882],[-75.601549,6.285732],[-75.601518,6.28558],[-75.601024,6.284677],[-75.600903,6.284569],[-75.600278,6.284298],[-75.600172,6.284223],[-75.60003,6.28423],[-75.599914,6.284185],[-75.599683,6.284019],[-75.599632,6.284005],[-75.599532,6.284045],[-75.599398,6.284009],[-75.599202,6.284113],[-75.598881,6.284113],[-75.598983,6.284236],[-75.598848,6.284314],[-75.598523,6.284339],[-75.598429,6.284491],[-75.598295,6.284882],[-75.598159,6.284879],[-75.598086,6.285071],[-75.597995,6.285011],[-75.598053,6.284872],[-75.598075,6.284226],[-75.598008,6.284109],[-75.597929,6.284064],[-75.596121,6.284153],[-75.596138,6.284262],[-75.596074,6.284426],[-75.596106,6.284568],[-75.596099,6.284718],[-75.596138,6.284786],[-75.596078,6.284964],[-75.596062,6.285169],[-75.596075,6.285255],[-75.596158,6.2854],[-75.59614,6.285698],[-75.596265,6.285872],[-75.596511,6.285895],[-75.596702,6.286461],[-75.596695,6.286769],[-75.596605,6.286861],[-75.59663,6.287002],[-75.596539,6.287084],[-75.596552,6.287207],[-75.596623,6.287297],[-75.596587,6.287452],[-75.596725,6.287523],[-75.596726,6.287617],[-75.59682,6.287806],[-75.597022,6.287887],[-75.597087,6.28795],[-75.597146,6.288093],[-75.597321,6.288107],[-75.597357,6.28814],[-75.597424,6.288347],[-75.597427,6.288477],[-75.597392,6.288565],[-75.597501,6.288734],[-75.59751,6.288861],[-75.597663,6.288928],[-75.598077,6.289372],[-75.598329,6.289433],[-75.598502,6.289663],[-75.598787,6.289932],[-75.598831,6.290024],[-75.598854,6.290211],[-75.59888,6.290226],[-75.598922,6.290184],[-75.598988,6.290206],[-75.599087,6.290333],[-75.599131,6.290291],[-75.599315,6.290426],[-75.599461,6.290661],[-75.599399,6.290839],[-75.599479,6.290943],[-75.599469,6.291026],[-75.599539,6.291104],[-75.59989,6.290852],[-75.600214,6.290669],[-75.600372,6.290752],[-75.600634,6.291184],[-75.601184,6.290912],[-75.601246,6.291019]]]},"properties":{"CODIGO":"0724","COMUNA":"07","BARRIO":"24","NOMBRE_BARRIO":"Monteclaro","SECTOR":2,"INDICADOR_UR":"U","NOMBRE_COMUNA":"ROBLEDO","MUNICIPIO":"001"}},{"type":"Feature","id":182,"geometry":{"type":"Polygon","coordinates":[[[-75.576457,6.311236],[-75.576616,6.311182],[-75.576708,6.310955],[-75.576863,6.310885],[-75.577037,6.310751],[-75.577133,6.310742],[-75.577254,6.310816],[-75.577558,6.310729],[-75.577678,6.310731],[-75.577782,6.310584],[-75.577866,6.310548],[-75.578081,6.310534],[-75.578447,6.310441],[-75.578677,6.310465],[-75.579067,6.310123],[-75.579271,6.310109],[-75.579404,6.309951],[-75.579567,6.309924],[-75.579765,6.309807],[-75.579967,6.309787],[-75.580156,6.309684],[-75.580177,6.309615],[-75.580542,6.309541],[-75.580692,6.309463],[-75.580781,6.309348],[-75.58095,6.309238],[-75.581644,6.308969],[-75.581722,6.308976],[-75.581879,6.309077],[-75.581988,6.309063],[-75.582094,6.309135],[-75.582315,6.309162],[-75.582433,6.309297],[-75.582613,6.309395],[-75.582673,6.309392],[-75.582444,6.30888],[-75.582439,6.308555],[-75.582389,6.308394],[-75.582302,6.308271],[-75.582079,6.308064],[-75.582022,6.307957],[-75.582027,6.307837],[-75.582073,6.307722],[-75.582192,6.307624],[-75.582326,6.307567],[-75.582335,6.307363],[-75.582443,6.307407],[-75.582397,6.30736],[-75.582394,6.307187],[-75.582344,6.307041],[-75.582048,6.306693],[-75.581955,6.306348],[-75.581915,6.305681],[-75.581922,6.305282],[-75.581876,6.305057],[-75.581865,6.304778],[-75.581882,6.304609],[-75.581933,6.30449],[-75.581979,6.304464],[-75.581978,6.304319],[-75.582079,6.30411],[-75.581983,6.304062],[-75.582012,6.303983],[-75.580921,6.303449],[-75.58098,6.303326],[-75.580206,6.30294],[-75.58021,6.302854],[-75.579864,6.302597],[-75.579781,6.302645],[-75.578825,6.302323],[-75.578851,6.302565],[-75.578836,6.302944],[-75.578824,6.303005],[-75.578771,6.302993],[-75.578765,6.303401],[-75.57867,6.303677],[-75.578497,6.303929],[-75.578712,6.303977],[-75.578643,6.304045],[-75.578615,6.303999],[-75.578307,6.303998],[-75.578266,6.304052],[-75.578218,6.304052],[-75.577828,6.304562],[-75.577671,6.304694],[-75.577665,6.304752],[-75.577394,6.304951],[-75.577245,6.304983],[-75.577016,6.305138],[-75.577032,6.30519],[-75.57697,6.305208],[-75.576875,6.305341],[-75.576919,6.305372],[-75.576772,6.305608],[-75.576723,6.305572],[-75.576776,6.305698],[-75.576744,6.305704],[-75.576757,6.305784],[-75.576704,6.305792],[-75.57673,6.305929],[-75.576691,6.305909],[-75.576445,6.306562],[-75.576492,6.30664],[-75.576523,6.306855],[-75.576464,6.306944],[-75.576523,6.307153],[-75.576489,6.307238],[-75.576519,6.307342],[-75.576492,6.30775],[-75.576534,6.307908],[-75.576657,6.307923],[-75.576547,6.308171],[-75.576159,6.309449],[-75.57561,6.311035],[-75.575725,6.311045],[-75.575772,6.310982],[-75.575889,6.311001],[-75.576083,6.311149],[-75.576289,6.311231],[-75.576457,6.311236]]]},"properties":{"CODIGO":"0602","COMUNA":"06","BARRIO":"02","NOMBRE_BARRIO":"Doce de Octubre No.1","SECTOR":2,"INDICADOR_UR":"U","NOMBRE_COMUNA":"DOCE DE OCTUBRE","MUNICIPIO":"001"}},{"type":"Feature","id":183,"geometry":{"type":"Polygon","coordinates":[[[-75.604067,6.256208],[-75.604044,6.256276],[-75.604327,6.25712],[-75.604338,6.257267],[-75.604296,6.25739],[-75.604095,6.257681],[-75.603707,6.257944],[-75.603797,6.258062],[-75.604308,6.257662],[-75.604521,6.257356],[-75.6047,6.257165],[-75.605533,6.256535],[-75.606096,6.256247],[-75.606725,6.256094],[-75.607261,6.256017],[-75.609801,6.255843],[-75.609803,6.256046],[-75.610837,6.255923],[-75.610934,6.255764],[-75.611867,6.255704],[-75.611845,6.255812],[-75.612164,6.255809],[-75.612396,6.255862],[-75.612444,6.255775],[-75.612609,6.25583],[-75.612549,6.255927],[-75.612831,6.256033],[-75.613282,6.256343],[-75.613576,6.256147],[-75.613747,6.25598],[-75.613787,6.255901],[-75.613766,6.255819],[-75.613296,6.255557],[-75.613735,6.255304],[-75.614675,6.254683],[-75.615273,6.254218],[-75.615477,6.254113],[-75.615639,6.253916],[-75.615889,6.253806],[-75.616202,6.253734],[-75.616707,6.253715],[-75.617136,6.253657],[-75.617637,6.253446],[-75.618199,6.252751],[-75.618402,6.252256],[-75.618407,6.252001],[-75.618174,6.251806],[-75.618057,6.25178],[-75.617902,6.251806],[-75.617764,6.251897],[-75.617549,6.252107],[-75.617032,6.252732],[-75.616839,6.252896],[-75.61663,6.252986],[-75.616425,6.253019],[-75.616051,6.252961],[-75.615836,6.252822],[-75.615422,6.25229],[-75.615108,6.251976],[-75.614723,6.251696],[-75.614235,6.25142],[-75.614157,6.251151],[-75.614143,6.250948],[-75.614184,6.250758],[-75.614295,6.250563],[-75.612848,6.249688],[-75.610463,6.251812],[-75.61113,6.252455],[-75.610906,6.252928],[-75.610925,6.252939],[-75.610365,6.254034],[-75.609233,6.25338],[-75.608646,6.255202],[-75.606903,6.254458],[-75.606093,6.255708],[-75.605562,6.255901],[-75.604911,6.255957],[-75.604067,6.256208]]]},"properties":{"CODIGO":"1208","COMUNA":"12","BARRIO":"08","NOMBRE_BARRIO":"Campo Alegre","SECTOR":4,"INDICADOR_UR":"U","NOMBRE_COMUNA":"LA AMERICA","MUNICIPIO":"001"}},{"type":"Feature","id":184,"geometry":{"type":"Polygon","coordinates":[[[-75.588555,6.210745],[-75.589647,6.211334],[-75.589819,6.211366],[-75.589984,6.211313],[-75.590085,6.211237],[-75.590186,6.211092],[-75.590378,6.210417],[-75.590479,6.210184],[-75.590964,6.209575],[-75.591707,6.208817],[-75.591828,6.208625],[-75.591907,6.208399],[-75.591925,6.208238],[-75.590922,6.208072],[-75.590076,6.208003],[-75.589794,6.207885],[-75.589658,6.207772],[-75.589498,6.207585],[-75.589403,6.207409],[-75.588949,6.20564],[-75.588804,6.205318],[-75.58851,6.204981],[-75.587677,6.204445],[-75.587524,6.204235],[-75.587449,6.204034],[-75.587254,6.203973],[-75.58712,6.204301],[-75.5859,6.203591],[-75.585201,6.203219],[-75.584509,6.202896],[-75.580463,6.201218],[-75.580095,6.201112],[-75.580091,6.20115],[-75.579975,6.201131],[-75.579981,6.201079],[-75.57986,6.201045],[-75.579453,6.20409],[-75.578968,6.207356],[-75.583823,6.208067],[-75.584516,6.208212],[-75.585361,6.208512],[-75.585092,6.20915],[-75.586036,6.209376],[-75.588555,6.210745]]]},"properties":{"CODIGO":"1509","COMUNA":"15","BARRIO":"09","NOMBRE_BARRIO":"Cristo Rey","SECTOR":6,"INDICADOR_UR":"U","NOMBRE_COMUNA":"GUAYABAL","MUNICIPIO":"001"}},{"type":"Feature","id":185,"geometry":{"type":"Polygon","coordinates":[[[-75.541012,6.229899],[-75.540921,6.230013],[-75.54091,6.230126],[-75.540944,6.230315],[-75.540845,6.230434],[-75.540852,6.230505],[-75.540714,6.230652],[-75.540631,6.230917],[-75.540595,6.231346],[-75.540438,6.231653],[-75.540256,6.231881],[-75.540369,6.232123],[-75.540492,6.232248],[-75.540633,6.232305],[-75.5413,6.232456],[-75.541531,6.23257],[-75.541584,6.232657],[-75.541707,6.233137],[-75.54184,6.233311],[-75.541983,6.233436],[-75.542349,6.233543],[-75.542463,6.233637],[-75.5437,6.235642],[-75.544084,6.236169],[-75.54448,6.236599],[-75.54468,6.236723],[-75.547613,6.238163],[-75.54787,6.236421],[-75.547613,6.236295],[-75.5474,6.236094],[-75.546962,6.235314],[-75.546874,6.23522],[-75.546265,6.234721],[-75.545582,6.2341],[-75.546266,6.233327],[-75.545926,6.232944],[-75.545611,6.232472],[-75.545399,6.232072],[-75.544818,6.23138],[-75.544662,6.231284],[-75.544207,6.231115],[-75.543957,6.230886],[-75.542759,6.230772],[-75.542542,6.230479],[-75.54244,6.230405],[-75.542143,6.23035],[-75.541182,6.229939],[-75.541038,6.229847],[-75.541012,6.229899]]]},"properties":{"CODIGO":"0904","COMUNA":"09","BARRIO":"04","NOMBRE_BARRIO":"Los Cerros El Vergel","SECTOR":3,"INDICADOR_UR":"U","NOMBRE_COMUNA":"BUENOS AIRES","MUNICIPIO":"001"}},{"type":"Feature","id":186,"geometry":{"type":"Polygon","coordinates":[[[-75.54334,6.282653],[-75.543696,6.2827],[-75.544194,6.28265],[-75.544502,6.282662],[-75.544705,6.282373],[-75.54478,6.282331],[-75.545184,6.282274],[-75.545338,6.282039],[-75.545448,6.282101],[-75.545573,6.2821],[-75.545685,6.282145],[-75.545785,6.282052],[-75.546,6.281997],[-75.546152,6.281994],[-75.546233,6.281947],[-75.546379,6.28156],[-75.54677,6.281713],[-75.547035,6.281668],[-75.547178,6.282067],[-75.547243,6.28211],[-75.547298,6.282107],[-75.547646,6.282018],[-75.547592,6.281811],[-75.548437,6.281559],[-75.548499,6.281444],[-75.548766,6.281311],[-75.548815,6.281426],[-75.548865,6.281466],[-75.549593,6.281461],[-75.549907,6.28153],[-75.550036,6.28159],[-75.550114,6.281724],[-75.550132,6.28183],[-75.551127,6.282093],[-75.551197,6.281996],[-75.551192,6.28183],[-75.551125,6.281689],[-75.551196,6.281492],[-75.551325,6.281422],[-75.551728,6.281439],[-75.5518,6.281589],[-75.552135,6.281676],[-75.552209,6.281823],[-75.552249,6.281832],[-75.552236,6.282051],[-75.552338,6.282089],[-75.552471,6.281931],[-75.552595,6.281427],[-75.553364,6.27705],[-75.547601,6.276049],[-75.547532,6.275852],[-75.547485,6.275129],[-75.547315,6.275107],[-75.547248,6.27506],[-75.54654,6.274937],[-75.546405,6.275024],[-75.54636,6.275169],[-75.545264,6.274949],[-75.54521,6.274888],[-75.544925,6.274819],[-75.544905,6.274758],[-75.544829,6.274796],[-75.544541,6.275018],[-75.544597,6.27512],[-75.544422,6.275282],[-75.544451,6.275372],[-75.544409,6.275405],[-75.544489,6.275516],[-75.54452,6.275628],[-75.544536,6.275945],[-75.544671,6.276929],[-75.544759,6.277327],[-75.544674,6.277663],[-75.544448,6.277652],[-75.544414,6.279096],[-75.544307,6.279813],[-75.544344,6.279884],[-75.544234,6.280214],[-75.54412,6.280355],[-75.544005,6.280749],[-75.543904,6.280883],[-75.543876,6.281077],[-75.543775,6.281305],[-75.543722,6.281714],[-75.543571,6.281924],[-75.54334,6.282653]]]},"properties":{"CODIGO":"0302","COMUNA":"03","BARRIO":"02","NOMBRE_BARRIO":"Las Granjas","SECTOR":1,"INDICADOR_UR":"U","NOMBRE_COMUNA":"MANRIQUE","MUNICIPIO":"001"}},{"type":"Feature","id":187,"geometry":{"type":"Polygon","coordinates":[[[-75.553546,6.262556],[-75.554063,6.262634],[-75.554068,6.262659],[-75.554278,6.262589],[-75.55479,6.262116],[-75.55492,6.262008],[-75.554944,6.262038],[-75.555232,6.261766],[-75.555368,6.26154],[-75.555491,6.261135],[-75.555507,6.261113],[-75.555532,6.261146],[-75.555682,6.261035],[-75.555804,6.26102],[-75.555928,6.261046],[-75.55628,6.261403],[-75.556502,6.26141],[-75.556897,6.261487],[-75.556979,6.261551],[-75.55716,6.261361],[-75.557218,6.261163],[-75.559296,6.258003],[-75.558718,6.257625],[-75.558454,6.257505],[-75.558117,6.257283],[-75.557763,6.257384],[-75.557803,6.257313],[-75.557293,6.257298],[-75.556925,6.257337],[-75.556564,6.257283],[-75.556383,6.257546],[-75.555853,6.257183],[-75.555823,6.257207],[-75.555779,6.257149],[-75.555754,6.257186],[-75.555546,6.257059],[-75.554997,6.256675],[-75.553964,6.258061],[-75.553971,6.258089],[-75.552598,6.259974],[-75.552437,6.260244],[-75.552068,6.260678],[-75.552533,6.261335],[-75.552788,6.261432],[-75.552967,6.261407],[-75.553374,6.261201],[-75.5535,6.261094],[-75.55371,6.26102],[-75.55373,6.261195],[-75.553682,6.262058],[-75.553546,6.262556]]]},"properties":{"CODIGO":"0802","COMUNA":"08","BARRIO":"02","NOMBRE_BARRIO":"La Mansión","SECTOR":3,"INDICADOR_UR":"U","NOMBRE_COMUNA":"VILLA HERMOSA","MUNICIPIO":"001"}},{"type":"Feature","id":188,"geometry":{"type":"Polygon","coordinates":[[[-75.600467,6.259246],[-75.60069,6.259223],[-75.601038,6.259409],[-75.601607,6.259487],[-75.601913,6.259437],[-75.602424,6.259173],[-75.603169,6.258619],[-75.603797,6.258062],[-75.603707,6.257944],[-75.60407,6.257706],[-75.604299,6.257384],[-75.604338,6.257273],[-75.604335,6.257149],[-75.604044,6.256276],[-75.60405,6.25623],[-75.604911,6.255957],[-75.604412,6.254392],[-75.604642,6.253979],[-75.604208,6.253697],[-75.60277,6.252951],[-75.602794,6.252908],[-75.599059,6.254271],[-75.598879,6.2544],[-75.598605,6.254971],[-75.59849,6.255332],[-75.597758,6.258624],[-75.597835,6.258676],[-75.600467,6.259246]]]},"properties":{"CODIGO":"1205","COMUNA":"12","BARRIO":"05","NOMBRE_BARRIO":"La Floresta","SECTOR":4,"INDICADOR_UR":"U","NOMBRE_COMUNA":"LA AMERICA","MUNICIPIO":"001"}},{"type":"Feature","id":189,"geometry":{"type":"Polygon","coordinates":[[[-75.575454,6.239793],[-75.575532,6.239892],[-75.575728,6.239868],[-75.575969,6.239753],[-75.576385,6.239663],[-75.577504,6.239649],[-75.575908,6.235071],[-75.575747,6.234519],[-75.575666,6.234025],[-75.575651,6.233702],[-75.575599,6.231968],[-75.575619,6.231344],[-75.573994,6.23085],[-75.573694,6.230691],[-75.569406,6.227563],[-75.569635,6.22831],[-75.569831,6.230293],[-75.570342,6.237148],[-75.57096,6.237509],[-75.575077,6.239213],[-75.575273,6.239564],[-75.575454,6.239793]]]},"properties":{"CODIGO":"1012","COMUNA":"10","BARRIO":"12","NOMBRE_BARRIO":"Perpetuo Socorro","SECTOR":3,"INDICADOR_UR":"U","NOMBRE_COMUNA":"LA CANDELARIA","MUNICIPIO":"001"}},{"type":"Feature","id":190,"geometry":{"type":"MultiPolygon","coordinates":[[[[-75.542224,6.249052],[-75.542251,6.249105],[-75.542235,6.249035],[-75.542273,6.249023],[-75.54226,6.248967],[-75.542333,6.248951],[-75.54232,6.248892],[-75.542913,6.248845],[-75.543131,6.248786],[-75.543227,6.24872],[-75.543099,6.248174],[-75.542716,6.246899],[-75.542217,6.246086],[-75.54202,6.245707],[-75.541891,6.245535],[-75.541536,6.245262],[-75.541261,6.245268],[-75.541172,6.245227],[-75.541109,6.245098],[-75.541104,6.244869],[-75.541055,6.244791],[-75.540618,6.244292],[-75.540536,6.244296],[-75.540512,6.244628],[-75.540469,6.244715],[-75.539935,6.24523],[-75.539784,6.245909],[-75.540034,6.246164],[-75.540515,6.245795],[-75.540669,6.245895],[-75.540705,6.245967],[-75.540969,6.246011],[-75.541036,6.245983],[-75.541063,6.246033],[-75.541041,6.24612],[-75.540691,6.246396],[-75.540556,6.246344],[-75.540043,6.246664],[-75.539635,6.247063],[-75.539388,6.247498],[-75.539366,6.247476],[-75.539146,6.247638],[-75.539216,6.247722],[-75.539199,6.247734],[-75.538901,6.247907],[-75.538722,6.247965],[-75.53845,6.248189],[-75.538298,6.248058],[-75.538256,6.248076],[-75.538328,6.248351],[-75.538366,6.248375],[-75.538396,6.24835],[-75.538449,6.248395],[-75.538432,6.248417],[-75.538524,6.248456],[-75.538735,6.248504],[-75.538602,6.248682],[-75.538952,6.248647],[-75.539165,6.248703],[-75.539273,6.248672],[-75.53942,6.248679],[-75.539501,6.248824],[-75.539635,6.248833],[-75.53971,6.248894],[-75.539968,6.248874],[-75.540496,6.248662],[-75.540828,6.248605],[-75.540996,6.248718],[-75.541173,6.248919],[-75.541345,6.248911],[-75.54145,6.248984],[-75.54155,6.248999],[-75.541676,6.24899],[-75.541755,6.24893],[-75.541868,6.248991],[-75.542158,6.248943],[-75.542181,6.24905],[-75.542224,6.249052]]],[[[-75.540769,6.244407],[-75.541201,6.244856],[-75.541275,6.244861],[-75.541319,6.244798],[-75.541382,6.244785],[-75.541488,6.24458],[-75.541512,6.244419],[-75.541515,6.244325],[-75.541435,6.244147],[-75.541435,6.244073],[-75.541511,6.243895],[-75.541561,6.243921],[-75.541657,6.243644],[-75.54158,6.24325],[-75.541532,6.243166],[-75.541234,6.242895],[-75.540812,6.242662],[-75.540834,6.242604],[-75.540787,6.242586],[-75.540761,6.242652],[-75.540435,6.242661],[-75.540381,6.242748],[-75.540365,6.24288],[-75.540212,6.24298],[-75.539915,6.242913],[-75.539846,6.243622],[-75.540327,6.24394],[-75.540352,6.243818],[-75.540528,6.244049],[-75.540613,6.244236],[-75.540769,6.244407]]]]},"properties":{"CODIGO":"0811","COMUNA":"08","BARRIO":"11","NOMBRE_BARRIO":"Trece de Noviembre","SECTOR":3,"INDICADOR_UR":"U","NOMBRE_COMUNA":"VILLA HERMOSA","MUNICIPIO":"001"}},{"type":"Feature","id":191,"geometry":{"type":"Polygon","coordinates":[[[-75.53996,6.302174],[-75.540118,6.302273],[-75.540243,6.302269],[-75.540412,6.302464],[-75.540434,6.302547],[-75.540563,6.30263],[-75.540865,6.302661],[-75.541063,6.302735],[-75.54114,6.302822],[-75.54126,6.30288],[-75.541423,6.302851],[-75.541749,6.303008],[-75.54187,6.303008],[-75.542191,6.303642],[-75.542352,6.3038],[-75.542416,6.303817],[-75.54248,6.303933],[-75.542862,6.303973],[-75.54297,6.303872],[-75.543311,6.303728],[-75.543536,6.303949],[-75.543893,6.304079],[-75.544028,6.304261],[-75.544216,6.304331],[-75.544197,6.304393],[-75.544241,6.304404],[-75.54426,6.304341],[-75.544318,6.304334],[-75.544427,6.304225],[-75.544494,6.304204],[-75.544542,6.303953],[-75.545054,6.304057],[-75.545346,6.30418],[-75.545686,6.304207],[-75.545998,6.304331],[-75.546283,6.304304],[-75.546582,6.304122],[-75.546892,6.303704],[-75.546999,6.303606],[-75.54708,6.30358],[-75.547469,6.303705],[-75.547681,6.303845],[-75.547859,6.304037],[-75.547943,6.304304],[-75.548051,6.304338],[-75.548221,6.304322],[-75.548346,6.304186],[-75.548421,6.303889],[-75.54827,6.303629],[-75.548253,6.303512],[-75.548645,6.302815],[-75.548746,6.302577],[-75.548688,6.302268],[-75.548532,6.301916],[-75.548639,6.301761],[-75.548687,6.301631],[-75.548621,6.301234],[-75.548716,6.30059],[-75.549049,6.299902],[-75.550214,6.297831],[-75.550278,6.297584],[-75.55023,6.29722],[-75.550319,6.297143],[-75.550566,6.297139],[-75.550668,6.297059],[-75.550839,6.296584],[-75.550726,6.29642],[-75.550621,6.296173],[-75.550513,6.296081],[-75.5505,6.296025],[-75.550298,6.295895],[-75.550248,6.295934],[-75.549917,6.295808],[-75.549866,6.295854],[-75.549606,6.295753],[-75.549284,6.295727],[-75.54914,6.295642],[-75.548918,6.295129],[-75.548931,6.294973],[-75.54911,6.294635],[-75.549317,6.294508],[-75.549354,6.294469],[-75.549335,6.294445],[-75.549154,6.294524],[-75.549163,6.2945],[-75.549093,6.294533],[-75.548873,6.29453],[-75.548393,6.294352],[-75.548333,6.294381],[-75.548238,6.294548],[-75.548186,6.294581],[-75.547937,6.29462],[-75.547852,6.294793],[-75.547849,6.295576],[-75.547698,6.295906],[-75.547531,6.296068],[-75.547077,6.296405],[-75.547018,6.296492],[-75.546898,6.297221],[-75.546967,6.297865],[-75.546895,6.298012],[-75.54655,6.298417],[-75.546483,6.298568],[-75.546279,6.29947],[-75.546189,6.299586],[-75.54594,6.29977],[-75.545831,6.299948],[-75.545665,6.30061],[-75.54559,6.30135],[-75.545341,6.301384],[-75.545185,6.301289],[-75.54463,6.301391],[-75.544463,6.301474],[-75.543868,6.302043],[-75.544018,6.302422],[-75.544037,6.302615],[-75.544,6.302708],[-75.543841,6.302807],[-75.543717,6.302778],[-75.543621,6.302628],[-75.543571,6.302409],[-75.543578,6.302273],[-75.543628,6.302222],[-75.543402,6.301967],[-75.542971,6.301708],[-75.542724,6.301858],[-75.542566,6.301833],[-75.542122,6.301969],[-75.541779,6.302139],[-75.541443,6.302217],[-75.541122,6.302448],[-75.54078,6.302384],[-75.540487,6.302373],[-75.540123,6.302145],[-75.53996,6.302174]]]},"properties":{"CODIGO":"0103","COMUNA":"01","BARRIO":"03","NOMBRE_BARRIO":"Popular","SECTOR":1,"INDICADOR_UR":"U","NOMBRE_COMUNA":"POPULAR","MUNICIPIO":"001"}},{"type":"Feature","id":192,"geometry":{"type":"Polygon","coordinates":[[[-75.558226,6.257345],[-75.559296,6.258003],[-75.560734,6.25583],[-75.557312,6.253468],[-75.556477,6.252857],[-75.556432,6.252924],[-75.555482,6.252242],[-75.555513,6.252195],[-75.554754,6.251657],[-75.554644,6.251685],[-75.554597,6.251756],[-75.554504,6.252085],[-75.554277,6.252287],[-75.554298,6.252324],[-75.553678,6.253351],[-75.55338,6.253604],[-75.5533,6.253709],[-75.553145,6.25373],[-75.553055,6.253703],[-75.552851,6.253741],[-75.552531,6.253928],[-75.552528,6.254068],[-75.5524,6.254468],[-75.552282,6.254488],[-75.552007,6.254301],[-75.551899,6.254176],[-75.551734,6.25422],[-75.551596,6.254426],[-75.551546,6.254452],[-75.551355,6.254468],[-75.551375,6.254441],[-75.551162,6.254279],[-75.55102,6.254467],[-75.550843,6.254345],[-75.550714,6.254332],[-75.550611,6.254437],[-75.550488,6.254489],[-75.551722,6.255341],[-75.554476,6.257365],[-75.554997,6.256675],[-75.555546,6.257059],[-75.555754,6.257186],[-75.555779,6.257149],[-75.555823,6.257207],[-75.555853,6.257183],[-75.556383,6.257546],[-75.556564,6.257283],[-75.556925,6.257337],[-75.557293,6.257298],[-75.557803,6.257313],[-75.557763,6.257384],[-75.558117,6.257283],[-75.558226,6.257345]]]},"properties":{"CODIGO":"0803","COMUNA":"08","BARRIO":"03","NOMBRE_BARRIO":"San Miguel","SECTOR":3,"INDICADOR_UR":"U","NOMBRE_COMUNA":"VILLA HERMOSA","MUNICIPIO":"001"}},{"type":"Feature","id":193,"geometry":{"type":"Polygon","coordinates":[[[-75.559467,6.192221],[-75.559698,6.192242],[-75.55993,6.192341],[-75.560279,6.192516],[-75.561393,6.19318],[-75.562031,6.193466],[-75.563305,6.193948],[-75.563594,6.19417],[-75.564148,6.194835],[-75.566029,6.195985],[-75.566164,6.194515],[-75.566233,6.1942],[-75.567945,6.190325],[-75.568031,6.190067],[-75.568053,6.189924],[-75.568031,6.18969],[-75.567667,6.188905],[-75.567589,6.188619],[-75.567595,6.188251],[-75.567712,6.187507],[-75.567765,6.187389],[-75.567577,6.18738],[-75.567257,6.187476],[-75.567199,6.187446],[-75.567071,6.187271],[-75.566958,6.187214],[-75.566719,6.187304],[-75.566417,6.187204],[-75.566019,6.187197],[-75.565757,6.186926],[-75.56546,6.186725],[-75.564824,6.186444],[-75.564588,6.186234],[-75.564486,6.186262],[-75.564144,6.186052],[-75.563978,6.186047],[-75.56385,6.185842],[-75.563727,6.185807],[-75.563682,6.185741],[-75.563408,6.185703],[-75.563265,6.18559],[-75.563206,6.185486],[-75.563098,6.185421],[-75.563069,6.185243],[-75.562779,6.18502],[-75.562584,6.184648],[-75.562451,6.184575],[-75.562323,6.184636],[-75.562113,6.184519],[-75.561834,6.184504],[-75.561754,6.18443],[-75.56167,6.184228],[-75.561529,6.184074],[-75.561084,6.183859],[-75.560701,6.183818],[-75.560406,6.183616],[-75.560294,6.183437],[-75.560288,6.183379],[-75.560547,6.183062],[-75.560602,6.182874],[-75.560592,6.182799],[-75.560513,6.182731],[-75.560411,6.182383],[-75.560361,6.182306],[-75.560247,6.182258],[-75.559939,6.182239],[-75.559482,6.182122],[-75.559321,6.181922],[-75.559131,6.181935],[-75.558992,6.182104],[-75.558782,6.182067],[-75.558727,6.181992],[-75.558666,6.18178],[-75.558532,6.181719],[-75.558376,6.181831],[-75.558357,6.181608],[-75.558254,6.181664],[-75.558157,6.181653],[-75.55796,6.181441],[-75.557659,6.181257],[-75.557438,6.181033],[-75.55728,6.180963],[-75.55716,6.180959],[-75.55714,6.181133],[-75.55687,6.18114],[-75.556543,6.181279],[-75.556464,6.181271],[-75.556344,6.18119],[-75.556169,6.181226],[-75.556118,6.181272],[-75.555962,6.181255],[-75.555824,6.181301],[-75.55569,6.181303],[-75.555482,6.181231],[-75.555419,6.181459],[-75.555471,6.181776],[-75.555444,6.181786],[-75.555631,6.182364],[-75.555399,6.182992],[-75.555403,6.183111],[-75.555449,6.183229],[-75.555549,6.183339],[-75.555858,6.183489],[-75.556186,6.18358],[-75.556844,6.183625],[-75.556912,6.183685],[-75.55677,6.184639],[-75.556792,6.185636],[-75.556427,6.185362],[-75.556231,6.185355],[-75.555925,6.185443],[-75.555546,6.186169],[-75.555473,6.186026],[-75.555366,6.186496],[-75.555167,6.18643],[-75.554825,6.187333],[-75.553933,6.186967],[-75.553593,6.186982],[-75.553379,6.187042],[-75.553117,6.1874],[-75.552987,6.187714],[-75.552899,6.188122],[-75.552896,6.188378],[-75.553418,6.188387],[-75.553549,6.188441],[-75.553624,6.18848],[-75.553868,6.188846],[-75.554031,6.190209],[-75.554217,6.190785],[-75.554389,6.191188],[-75.554835,6.191691],[-75.554978,6.191768],[-75.555235,6.19184],[-75.556437,6.19201],[-75.557124,6.192142],[-75.55735,6.192135],[-75.557663,6.191902],[-75.557788,6.191885],[-75.557894,6.191947],[-75.558018,6.192243],[-75.558138,6.192323],[-75.558275,6.192286],[-75.558468,6.191908],[-75.558537,6.191847],[-75.558598,6.191838],[-75.558788,6.19192],[-75.558825,6.192032],[-75.558802,6.192226],[-75.558826,6.19231],[-75.558931,6.192399],[-75.55908,6.192381],[-75.559264,6.192237],[-75.559467,6.192221]]]},"properties":{"CODIGO":"1411","COMUNA":"14","BARRIO":"11","NOMBRE_BARRIO":"Los Balsos No.1","SECTOR":5,"INDICADOR_UR":"U","NOMBRE_COMUNA":"EL POBLADO","MUNICIPIO":"001"}},{"type":"Feature","id":194,"geometry":{"type":"Polygon","coordinates":[[[-75.572892,6.278182],[-75.572665,6.278829],[-75.572391,6.280473],[-75.572825,6.280505],[-75.574319,6.280882],[-75.574446,6.280227],[-75.574524,6.280119],[-75.574968,6.279723],[-75.575346,6.279529],[-75.574789,6.278925],[-75.574174,6.278356],[-75.575132,6.277223],[-75.573388,6.276282],[-75.572892,6.278182]]]},"properties":{"CODIGO":"0515","COMUNA":"05","BARRIO":"15","NOMBRE_BARRIO":"Cementerio Universal","SECTOR":2,"INDICADOR_UR":"U","NOMBRE_COMUNA":"CASTILLA","MUNICIPIO":"001"}},{"type":"Feature","id":195,"geometry":{"type":"Polygon","coordinates":[[[-75.590553,6.281182],[-75.591342,6.282085],[-75.591454,6.282261],[-75.591586,6.282338],[-75.591761,6.282576],[-75.592017,6.28268],[-75.59251,6.282107],[-75.592848,6.281814],[-75.592901,6.281704],[-75.592896,6.281446],[-75.592945,6.281313],[-75.593865,6.28023],[-75.59395,6.280176],[-75.593788,6.279738],[-75.593591,6.279487],[-75.593423,6.278926],[-75.593305,6.278703],[-75.593227,6.278388],[-75.593056,6.27841],[-75.592649,6.27816],[-75.592474,6.278096],[-75.591703,6.278084],[-75.59159,6.277934],[-75.591569,6.277478],[-75.59146,6.277309],[-75.591036,6.277093],[-75.590761,6.277032],[-75.590131,6.27718],[-75.589751,6.277564],[-75.589605,6.277556],[-75.589429,6.277447],[-75.588782,6.278079],[-75.588469,6.27844],[-75.588343,6.278495],[-75.588005,6.278554],[-75.587729,6.278703],[-75.587515,6.279451],[-75.587321,6.279823],[-75.58791,6.280484],[-75.588214,6.280643],[-75.588827,6.280712],[-75.588991,6.28086],[-75.5891,6.280821],[-75.589716,6.280791],[-75.590021,6.280708],[-75.590086,6.280731],[-75.590553,6.281182]]]},"properties":{"CODIGO":"0715","COMUNA":"07","BARRIO":"15","NOMBRE_BARRIO":"Villa Flora","SECTOR":2,"INDICADOR_UR":"U","NOMBRE_COMUNA":"ROBLEDO","MUNICIPIO":"001"}},{"type":"Feature","id":196,"geometry":{"type":"Polygon","coordinates":[[[-75.528442,6.232168],[-75.528986,6.232165],[-75.529184,6.232053],[-75.529296,6.232025],[-75.529301,6.231972],[-75.529481,6.23198],[-75.529632,6.231907],[-75.529754,6.231887],[-75.529783,6.231773],[-75.530044,6.231617],[-75.53026,6.231636],[-75.530664,6.231591],[-75.530893,6.23152],[-75.530922,6.231576],[-75.530973,6.23158],[-75.531005,6.231669],[-75.531002,6.231982],[-75.53124,6.231987],[-75.53162,6.232125],[-75.531144,6.232535],[-75.531103,6.232615],[-75.531115,6.232732],[-75.531085,6.232849],[-75.530983,6.233005],[-75.530765,6.232891],[-75.530473,6.232682],[-75.530401,6.23269],[-75.530332,6.232897],[-75.530302,6.232891],[-75.53021,6.233054],[-75.530143,6.233037],[-75.530076,6.233181],[-75.530186,6.233234],[-75.530049,6.233659],[-75.530097,6.233732],[-75.53001,6.233836],[-75.529982,6.234041],[-75.530043,6.234205],[-75.529838,6.234707],[-75.529974,6.234851],[-75.530679,6.23433],[-75.531268,6.234179],[-75.531785,6.234229],[-75.531937,6.234296],[-75.532067,6.23431],[-75.532164,6.234266],[-75.53295,6.23431],[-75.533301,6.234254],[-75.533383,6.234274],[-75.533505,6.234254],[-75.534316,6.234034],[-75.534462,6.234025],[-75.534449,6.233922],[-75.534798,6.234015],[-75.534925,6.234099],[-75.535308,6.234248],[-75.53464,6.23505],[-75.535122,6.235455],[-75.535265,6.235632],[-75.535223,6.23576],[-75.534802,6.236235],[-75.534992,6.236262],[-75.535082,6.236352],[-75.535067,6.236449],[-75.535091,6.236514],[-75.535346,6.236592],[-75.53541,6.236545],[-75.535354,6.236435],[-75.535337,6.236314],[-75.535537,6.23594],[-75.535859,6.235739],[-75.536225,6.235362],[-75.536412,6.23497],[-75.536423,6.234806],[-75.536576,6.234741],[-75.536705,6.234611],[-75.536879,6.234546],[-75.536931,6.234411],[-75.536948,6.23422],[-75.536901,6.234008],[-75.536917,6.233853],[-75.536802,6.233815],[-75.536911,6.233681],[-75.537035,6.233602],[-75.537351,6.233285],[-75.537747,6.233178],[-75.537857,6.233117],[-75.538272,6.232671],[-75.53804,6.232619],[-75.537359,6.232383],[-75.537175,6.232258],[-75.537089,6.232155],[-75.536503,6.231914],[-75.536085,6.23167],[-75.535827,6.231694],[-75.535707,6.231761],[-75.535411,6.232057],[-75.535179,6.232107],[-75.534823,6.23224],[-75.534233,6.232068],[-75.534069,6.231925],[-75.533882,6.231694],[-75.533663,6.231201],[-75.533606,6.231129],[-75.532982,6.230796],[-75.532469,6.230696],[-75.532424,6.230667],[-75.532448,6.230608],[-75.532102,6.230372],[-75.531985,6.230263],[-75.531825,6.230028],[-75.531669,6.229925],[-75.531429,6.229949],[-75.530855,6.230102],[-75.530327,6.230125],[-75.529683,6.230219],[-75.529662,6.230309],[-75.529616,6.230316],[-75.529646,6.230489],[-75.529575,6.230599],[-75.52912,6.230903],[-75.528818,6.231199],[-75.528592,6.231208],[-75.528718,6.231261],[-75.528682,6.231309],[-75.528665,6.231431],[-75.528572,6.231581],[-75.528364,6.231682],[-75.528442,6.232168]]]},"properties":{"CODIGO":"0815","COMUNA":"08","BARRIO":"15","NOMBRE_BARRIO":"Las Estancias","SECTOR":3,"INDICADOR_UR":"U","NOMBRE_COMUNA":"VILLA HERMOSA","MUNICIPIO":"001"}},{"type":"Feature","id":197,"geometry":{"type":"Polygon","coordinates":[[[-75.587273,6.256159],[-75.586086,6.258498],[-75.590163,6.26042],[-75.592115,6.256544],[-75.592381,6.25585],[-75.592756,6.256715],[-75.593104,6.25716],[-75.59365,6.257594],[-75.594154,6.257818],[-75.59581,6.258195],[-75.595851,6.257977],[-75.595437,6.257854],[-75.595025,6.257536],[-75.594866,6.257314],[-75.593646,6.255275],[-75.593266,6.254748],[-75.592895,6.25439],[-75.592476,6.254142],[-75.592382,6.254126],[-75.591299,6.253652],[-75.590007,6.253222],[-75.589394,6.253137],[-75.587794,6.253133],[-75.5878,6.25342],[-75.588074,6.254567],[-75.587273,6.256159]]]},"properties":{"CODIGO":"1116","COMUNA":"11","BARRIO":"16","NOMBRE_BARRIO":"U.D. Atanasio Girardot","SECTOR":4,"INDICADOR_UR":"U","NOMBRE_COMUNA":"LAURELES","MUNICIPIO":"001"}},{"type":"Feature","id":198,"geometry":{"type":"Polygon","coordinates":[[[-75.565228,6.312363],[-75.565534,6.312569],[-75.565808,6.312659],[-75.565956,6.312834],[-75.566124,6.312846],[-75.566445,6.312781],[-75.566333,6.312211],[-75.565564,6.312333],[-75.564965,6.311198],[-75.563764,6.311171],[-75.563959,6.307221],[-75.563928,6.306905],[-75.563836,6.306602],[-75.563699,6.306339],[-75.562691,6.305249],[-75.562532,6.304976],[-75.562482,6.304737],[-75.56328,6.302459],[-75.562994,6.302717],[-75.562581,6.302955],[-75.561326,6.303447],[-75.561156,6.303551],[-75.560779,6.303882],[-75.560623,6.304112],[-75.560469,6.304455],[-75.560411,6.304682],[-75.560385,6.30495],[-75.560441,6.306323],[-75.560433,6.306852],[-75.560311,6.307868],[-75.560103,6.308673],[-75.55984,6.309364],[-75.559359,6.310266],[-75.558014,6.312161],[-75.558229,6.312268],[-75.558643,6.312276],[-75.558707,6.31225],[-75.558879,6.312076],[-75.559078,6.312009],[-75.559232,6.312005],[-75.559532,6.312113],[-75.560027,6.312154],[-75.560254,6.312047],[-75.560602,6.312094],[-75.560989,6.311971],[-75.56104,6.311975],[-75.56136,6.312159],[-75.561479,6.312164],[-75.56183,6.311978],[-75.562031,6.311979],[-75.562213,6.312026],[-75.562502,6.311917],[-75.56275,6.31204],[-75.562892,6.312068],[-75.563089,6.312076],[-75.563333,6.312008],[-75.563463,6.312041],[-75.563848,6.312054],[-75.564208,6.311882],[-75.564534,6.311946],[-75.564768,6.312138],[-75.565091,6.31223],[-75.565228,6.312363]]]},"properties":{"CODIGO":"0502","COMUNA":"05","BARRIO":"02","NOMBRE_BARRIO":"Las Brisas","SECTOR":2,"INDICADOR_UR":"U","NOMBRE_COMUNA":"CASTILLA","MUNICIPIO":"001"}},{"type":"Feature","id":199,"geometry":{"type":"Polygon","coordinates":[[[-75.609829,6.227268],[-75.609705,6.22722],[-75.609331,6.227367],[-75.609117,6.227515],[-75.608893,6.22753],[-75.608781,6.227589],[-75.608605,6.227756],[-75.608499,6.227684],[-75.608121,6.227609],[-75.608135,6.227554],[-75.608063,6.227552],[-75.608062,6.227603],[-75.606889,6.227908],[-75.606927,6.228923],[-75.605896,6.228634],[-75.605179,6.228369],[-75.605139,6.228538],[-75.605136,6.228736],[-75.605316,6.228928],[-75.605273,6.229577],[-75.605307,6.229902],[-75.605502,6.230412],[-75.605448,6.230408],[-75.605536,6.230688],[-75.605506,6.230697],[-75.605691,6.231137],[-75.605971,6.232024],[-75.606322,6.233493],[-75.606509,6.233487],[-75.60741,6.233739],[-75.607721,6.233632],[-75.608092,6.233236],[-75.608093,6.2332],[-75.608342,6.233202],[-75.60862,6.23331],[-75.609599,6.233204],[-75.609784,6.231864],[-75.609859,6.230641],[-75.609903,6.230475],[-75.609951,6.229954],[-75.609924,6.229784],[-75.609616,6.229706],[-75.609687,6.229517],[-75.609437,6.229376],[-75.609925,6.228522],[-75.61018,6.227879],[-75.610085,6.227603],[-75.609932,6.227452],[-75.609829,6.227268]]]},"properties":{"CODIGO":"1615","COMUNA":"16","BARRIO":"15","NOMBRE_BARRIO":"Los Alpes","SECTOR":6,"INDICADOR_UR":"U","NOMBRE_COMUNA":"BELEN","MUNICIPIO":"001"}},{"type":"Feature","id":200,"geometry":{"type":"Polygon","coordinates":[[[-75.560698,6.222686],[-75.56062,6.222868],[-75.560491,6.223017],[-75.560357,6.223105],[-75.56021,6.223149],[-75.559955,6.223046],[-75.559865,6.223277],[-75.559882,6.223458],[-75.559958,6.223693],[-75.560373,6.224218],[-75.560602,6.22432],[-75.560775,6.224473],[-75.56109,6.224591],[-75.561393,6.22466],[-75.561717,6.224933],[-75.562104,6.225006],[-75.563081,6.225045],[-75.563363,6.225095],[-75.56383,6.225438],[-75.564145,6.225512],[-75.56422,6.225558],[-75.564252,6.225497],[-75.564876,6.225812],[-75.565228,6.225287],[-75.565301,6.22511],[-75.565302,6.22487],[-75.565105,6.224092],[-75.565067,6.223771],[-75.565453,6.221268],[-75.565506,6.221081],[-75.565581,6.220976],[-75.565662,6.220883],[-75.566186,6.220516],[-75.566312,6.220356],[-75.566361,6.220176],[-75.566349,6.220001],[-75.566034,6.219101],[-75.566029,6.218492],[-75.565925,6.218292],[-75.565623,6.218106],[-75.564873,6.218108],[-75.564603,6.217992],[-75.564467,6.217823],[-75.564425,6.217719],[-75.564343,6.216813],[-75.564201,6.21659],[-75.563981,6.216353],[-75.56376,6.216184],[-75.5635,6.215862],[-75.563206,6.215675],[-75.56271,6.215539],[-75.558265,6.21458],[-75.557958,6.214533],[-75.557745,6.214578],[-75.557621,6.214631],[-75.557524,6.214718],[-75.557451,6.214841],[-75.55739,6.215066],[-75.55741,6.215262],[-75.55781,6.216072],[-75.558316,6.216865],[-75.558435,6.21718],[-75.558931,6.218081],[-75.559548,6.2193],[-75.559807,6.219775],[-75.559944,6.219961],[-75.560173,6.220113],[-75.560315,6.220145],[-75.560462,6.220132],[-75.560602,6.220072],[-75.560698,6.219901],[-75.56084,6.219785],[-75.56109,6.219653],[-75.561287,6.219607],[-75.561478,6.219401],[-75.561599,6.219342],[-75.561733,6.21935],[-75.561664,6.219425],[-75.561929,6.219401],[-75.562161,6.219483],[-75.562388,6.21966],[-75.562411,6.219644],[-75.562496,6.219777],[-75.562509,6.219901],[-75.562472,6.219911],[-75.562443,6.220102],[-75.562188,6.220473],[-75.561974,6.220612],[-75.5613,6.220821],[-75.561038,6.221236],[-75.560832,6.22165],[-75.560739,6.221969],[-75.560747,6.222549],[-75.560698,6.222686]]]},"properties":{"CODIGO":"0915","COMUNA":"09","BARRIO":"15","NOMBRE_BARRIO":"Asomadera No. 2","SECTOR":3,"INDICADOR_UR":"U","NOMBRE_COMUNA":"BUENOS AIRES","MUNICIPIO":"001"}},{"type":"Feature","id":201,"geometry":{"type":"Polygon","coordinates":[[[-75.603124,6.216169],[-75.603433,6.216455],[-75.603662,6.216527],[-75.603855,6.216533],[-75.604508,6.216209],[-75.604891,6.21614],[-75.604967,6.216105],[-75.605027,6.216031],[-75.605134,6.215665],[-75.605416,6.215085],[-75.605384,6.215076],[-75.60543,6.21503],[-75.605007,6.214534],[-75.604954,6.214431],[-75.605,6.214413],[-75.604873,6.214163],[-75.604941,6.214018],[-75.605213,6.213761],[-75.605599,6.21332],[-75.605321,6.212765],[-75.604971,6.213002],[-75.604771,6.21292],[-75.604901,6.212818],[-75.604865,6.212765],[-75.604886,6.212751],[-75.604496,6.21215],[-75.604976,6.21181],[-75.604843,6.211623],[-75.604992,6.211512],[-75.604952,6.211458],[-75.605162,6.211274],[-75.605043,6.211088],[-75.60506,6.210972],[-75.605199,6.210904],[-75.605532,6.210544],[-75.605445,6.210386],[-75.605429,6.21029],[-75.605346,6.210272],[-75.605319,6.210149],[-75.605414,6.210168],[-75.605616,6.210048],[-75.605494,6.209894],[-75.605457,6.209793],[-75.605642,6.209703],[-75.605869,6.209509],[-75.606059,6.209479],[-75.606241,6.209282],[-75.606472,6.209226],[-75.60687,6.209014],[-75.607098,6.208778],[-75.607138,6.208618],[-75.60713,6.208427],[-75.607248,6.207993],[-75.607167,6.207539],[-75.607119,6.207453],[-75.60696,6.207341],[-75.606683,6.207308],[-75.606464,6.207227],[-75.606336,6.207247],[-75.606022,6.207045],[-75.605927,6.207016],[-75.605746,6.207028],[-75.605353,6.206983],[-75.605528,6.206587],[-75.605964,6.206648],[-75.605987,6.206148],[-75.605875,6.206096],[-75.605638,6.206073],[-75.605127,6.206141],[-75.604876,6.20613],[-75.603406,6.205775],[-75.60323,6.205792],[-75.602963,6.205904],[-75.602075,6.205374],[-75.601457,6.204829],[-75.600769,6.20488],[-75.600235,6.204834],[-75.599899,6.204992],[-75.599973,6.205446],[-75.600035,6.205552],[-75.600241,6.20567],[-75.600338,6.205864],[-75.600313,6.20693],[-75.60054,6.207516],[-75.601143,6.208057],[-75.601211,6.208132],[-75.601329,6.208374],[-75.601403,6.209929],[-75.601493,6.210745],[-75.600857,6.210725],[-75.600244,6.210763],[-75.600372,6.21172],[-75.60036,6.211885],[-75.600241,6.212352],[-75.600046,6.21229],[-75.599935,6.212297],[-75.599487,6.213289],[-75.599119,6.213266],[-75.59901,6.213681],[-75.600245,6.215093],[-75.600335,6.215117],[-75.600484,6.215063],[-75.600548,6.214972],[-75.600498,6.214793],[-75.601136,6.215227],[-75.601223,6.215201],[-75.602068,6.214671],[-75.602104,6.214719],[-75.602271,6.214733],[-75.602449,6.214805],[-75.602747,6.215157],[-75.602947,6.215935],[-75.603124,6.216169]]]},"properties":{"CODIGO":"1610","COMUNA":"16","BARRIO":"10","NOMBRE_BARRIO":"El Rincón","SECTOR":6,"INDICADOR_UR":"U","NOMBRE_COMUNA":"BELEN","MUNICIPIO":"001"}},{"type":"Feature","id":202,"geometry":{"type":"Polygon","coordinates":[[[-75.585564,6.266265],[-75.585674,6.266517],[-75.58579,6.266434],[-75.585927,6.266407],[-75.58629,6.266409],[-75.586295,6.266438],[-75.58634,6.26643],[-75.586336,6.266397],[-75.586541,6.266396],[-75.58688,6.266321],[-75.586688,6.26547],[-75.586511,6.265058],[-75.58635,6.264724],[-75.586173,6.264455],[-75.585755,6.263914],[-75.58416,6.262243],[-75.584056,6.262182],[-75.583438,6.261643],[-75.583188,6.261383],[-75.583086,6.261224],[-75.582835,6.261033],[-75.582691,6.260881],[-75.582621,6.260733],[-75.582431,6.260548],[-75.581856,6.260229],[-75.581461,6.260121],[-75.581182,6.260002],[-75.580895,6.25976],[-75.580852,6.25968],[-75.580655,6.259506],[-75.580189,6.25932],[-75.580102,6.259326],[-75.579924,6.259464],[-75.579773,6.259805],[-75.579715,6.260045],[-75.579707,6.260348],[-75.579842,6.261215],[-75.579854,6.261643],[-75.579798,6.26194],[-75.579573,6.262602],[-75.579408,6.262911],[-75.578619,6.263944],[-75.577426,6.265771],[-75.577211,6.26631],[-75.576848,6.267912],[-75.576144,6.269602],[-75.578358,6.271266],[-75.57969,6.272217],[-75.579831,6.272407],[-75.579881,6.272565],[-75.579939,6.273155],[-75.579936,6.273529],[-75.580901,6.273624],[-75.581823,6.273646],[-75.583184,6.273558],[-75.583551,6.273466],[-75.585208,6.27276],[-75.585493,6.272692],[-75.585513,6.272578],[-75.585332,6.271842],[-75.586119,6.271544],[-75.5859,6.271097],[-75.586085,6.270938],[-75.586678,6.270544],[-75.586923,6.270321],[-75.587173,6.270253],[-75.586921,6.270122],[-75.586914,6.270018],[-75.586776,6.269884],[-75.586749,6.269749],[-75.586847,6.269605],[-75.586842,6.269308],[-75.587107,6.269303],[-75.587146,6.269218],[-75.587117,6.269166],[-75.586804,6.269169],[-75.5868,6.268937],[-75.58664,6.269125],[-75.585997,6.268791],[-75.585356,6.268826],[-75.584955,6.268808],[-75.584853,6.26884],[-75.584777,6.268693],[-75.584638,6.268691],[-75.584651,6.268727],[-75.584525,6.268742],[-75.584446,6.268704],[-75.58476,6.268489],[-75.585582,6.268046],[-75.585582,6.267966],[-75.585451,6.267694],[-75.585461,6.267648],[-75.585386,6.267579],[-75.585243,6.2676],[-75.585106,6.26747],[-75.584998,6.267443],[-75.58496,6.267339],[-75.584877,6.267333],[-75.584898,6.267226],[-75.585027,6.267124],[-75.585217,6.266864],[-75.585215,6.266514],[-75.585264,6.266354],[-75.58545,6.266341],[-75.585564,6.266265]]]},"properties":{"CODIGO":"0702","COMUNA":"07","BARRIO":"02","NOMBRE_BARRIO":"B. Cerro  El Volador","SECTOR":2,"INDICADOR_UR":"U","NOMBRE_COMUNA":"ROBLEDO","MUNICIPIO":"001"}},{"type":"Feature","id":203,"geometry":{"type":"Polygon","coordinates":[[[-75.551339,6.240088],[-75.551989,6.240393],[-75.553293,6.23789],[-75.553696,6.23719],[-75.553143,6.236645],[-75.553036,6.236603],[-75.552881,6.236462],[-75.552225,6.236149],[-75.551857,6.235828],[-75.551448,6.235717],[-75.550308,6.235609],[-75.55003,6.235543],[-75.549533,6.235276],[-75.549029,6.234893],[-75.548906,6.23485],[-75.548376,6.234499],[-75.547733,6.234129],[-75.546933,6.233972],[-75.54668,6.233885],[-75.546534,6.233757],[-75.546266,6.233327],[-75.545582,6.2341],[-75.546265,6.234721],[-75.546874,6.23522],[-75.546962,6.235314],[-75.5474,6.236094],[-75.547613,6.236295],[-75.54787,6.236421],[-75.547613,6.238163],[-75.551339,6.240088]]]},"properties":{"CODIGO":"0908","COMUNA":"09","BARRIO":"08","NOMBRE_BARRIO":"Miraflores","SECTOR":3,"INDICADOR_UR":"U","NOMBRE_COMUNA":"BUENOS AIRES","MUNICIPIO":"001"}},{"type":"Feature","id":204,"geometry":{"type":"Polygon","coordinates":[[[-75.562499,6.277631],[-75.562617,6.277816],[-75.562815,6.277905],[-75.562717,6.278452],[-75.56286,6.278464],[-75.56316,6.278571],[-75.563248,6.278533],[-75.563725,6.277775],[-75.563853,6.277652],[-75.56407,6.277242],[-75.564134,6.276954],[-75.564194,6.276334],[-75.564264,6.276137],[-75.564851,6.272923],[-75.56239,6.272494],[-75.562403,6.272341],[-75.562016,6.270988],[-75.56193,6.27034],[-75.561733,6.271211],[-75.560885,6.276129],[-75.560618,6.277493],[-75.561103,6.277598],[-75.561,6.278187],[-75.561382,6.27809],[-75.561869,6.277716],[-75.562221,6.277779],[-75.562442,6.277621],[-75.562499,6.277631]]]},"properties":{"CODIGO":"0415","COMUNA":"04","BARRIO":"15","NOMBRE_BARRIO":"Miranda","SECTOR":1,"INDICADOR_UR":"U","NOMBRE_COMUNA":"ARANJUEZ","MUNICIPIO":"001"}},{"type":"Feature","id":205,"geometry":{"type":"Polygon","coordinates":[[[-75.5641,6.256023],[-75.565681,6.257011],[-75.565924,6.257098],[-75.566283,6.25614],[-75.566402,6.25598],[-75.566532,6.255702],[-75.56698,6.254564],[-75.567254,6.254037],[-75.567368,6.253742],[-75.561405,6.249996],[-75.560438,6.251963],[-75.559893,6.252744],[-75.562089,6.254661],[-75.563374,6.255543],[-75.56335,6.255596],[-75.563665,6.255802],[-75.563776,6.255864],[-75.563796,6.255837],[-75.5641,6.256023]]]},"properties":{"CODIGO":"1018","COMUNA":"10","BARRIO":"18","NOMBRE_BARRIO":"Villa Nueva","SECTOR":3,"INDICADOR_UR":"U","NOMBRE_COMUNA":"LA CANDELARIA","MUNICIPIO":"001"}},{"type":"Feature","id":206,"geometry":{"type":"Polygon","coordinates":[[[-75.587483,6.239291],[-75.58968,6.239241],[-75.589734,6.239127],[-75.589829,6.239053],[-75.589952,6.239026],[-75.590069,6.239055],[-75.590446,6.238653],[-75.593903,6.238529],[-75.594253,6.238429],[-75.594617,6.238149],[-75.594763,6.237986],[-75.596424,6.235525],[-75.596356,6.235167],[-75.595401,6.236508],[-75.594017,6.235125],[-75.593756,6.235383],[-75.593629,6.231479],[-75.590141,6.231586],[-75.589841,6.231557],[-75.589604,6.231601],[-75.587264,6.231667],[-75.587483,6.239291]]]},"properties":{"CODIGO":"1602","COMUNA":"16","BARRIO":"02","NOMBRE_BARRIO":"Rosales","SECTOR":6,"INDICADOR_UR":"U","NOMBRE_COMUNA":"BELEN","MUNICIPIO":"001"}},{"type":"Feature","id":207,"geometry":{"type":"Polygon","coordinates":[[[-75.595327,6.237134],[-75.594763,6.237986],[-75.594617,6.238149],[-75.594253,6.238429],[-75.593903,6.238529],[-75.590446,6.238653],[-75.590069,6.239055],[-75.590202,6.239196],[-75.590851,6.239153],[-75.600226,6.238842],[-75.600191,6.238504],[-75.600032,6.238277],[-75.599636,6.237154],[-75.599376,6.23662],[-75.599087,6.236286],[-75.598965,6.236202],[-75.598849,6.236163],[-75.598283,6.236095],[-75.598222,6.233579],[-75.597858,6.233596],[-75.597675,6.233736],[-75.597531,6.233909],[-75.59656,6.235406],[-75.596425,6.235524],[-75.595327,6.237134]]]},"properties":{"CODIGO":"1620","COMUNA":"16","BARRIO":"20","NOMBRE_BARRIO":"El Nogal-Los Almendros","SECTOR":6,"INDICADOR_UR":"U","NOMBRE_COMUNA":"BELEN","MUNICIPIO":"001"}},{"type":"Feature","id":208,"geometry":{"type":"Polygon","coordinates":[[[-75.586091,6.288598],[-75.586147,6.288729],[-75.586228,6.288775],[-75.586276,6.288882],[-75.586459,6.289097],[-75.586773,6.289715],[-75.586808,6.289736],[-75.587339,6.289009],[-75.587506,6.288887],[-75.587772,6.28881],[-75.587928,6.288704],[-75.588385,6.287635],[-75.589884,6.286609],[-75.590384,6.286207],[-75.590329,6.28614],[-75.590429,6.285659],[-75.590396,6.285425],[-75.590556,6.285252],[-75.590562,6.285123],[-75.590503,6.285033],[-75.590421,6.284978],[-75.590195,6.284883],[-75.589905,6.284863],[-75.589661,6.284756],[-75.589342,6.284446],[-75.589221,6.284082],[-75.5891,6.28398],[-75.589045,6.283955],[-75.588572,6.283977],[-75.588431,6.283893],[-75.588358,6.283778],[-75.588321,6.283477],[-75.588065,6.283209],[-75.587985,6.283169],[-75.587635,6.282709],[-75.58752,6.282672],[-75.587454,6.282615],[-75.587348,6.282366],[-75.587076,6.282164],[-75.587077,6.282071],[-75.587186,6.281941],[-75.587188,6.281864],[-75.587098,6.281679],[-75.586929,6.281505],[-75.586884,6.281398],[-75.586906,6.281084],[-75.586952,6.280947],[-75.586843,6.28084],[-75.58659,6.281291],[-75.586255,6.281499],[-75.585809,6.281837],[-75.585554,6.282118],[-75.584517,6.282594],[-75.584157,6.282824],[-75.584035,6.283028],[-75.58399,6.283233],[-75.584003,6.283536],[-75.584258,6.285167],[-75.584364,6.285751],[-75.584518,6.286276],[-75.584612,6.286751],[-75.584609,6.287243],[-75.58488,6.287743],[-75.58534,6.2881],[-75.585711,6.288275],[-75.585655,6.288357],[-75.585737,6.288478],[-75.585893,6.288478],[-75.585992,6.288513],[-75.586091,6.288598]]]},"properties":{"CODIGO":"0711","COMUNA":"07","BARRIO":"11","NOMBRE_BARRIO":"El Diamante","SECTOR":2,"INDICADOR_UR":"U","NOMBRE_COMUNA":"ROBLEDO","MUNICIPIO":"001"}},{"type":"Feature","id":209,"geometry":{"type":"Polygon","coordinates":[[[-75.602797,6.242176],[-75.602757,6.243079],[-75.602822,6.243098],[-75.602875,6.243157],[-75.602877,6.243262],[-75.606771,6.244174],[-75.607199,6.243737],[-75.607446,6.24337],[-75.607544,6.243132],[-75.607809,6.241926],[-75.609506,6.242109],[-75.609973,6.242188],[-75.610218,6.242281],[-75.610723,6.242381],[-75.61186,6.242539],[-75.611815,6.241704],[-75.612016,6.24166],[-75.612279,6.241507],[-75.612345,6.241418],[-75.612458,6.241352],[-75.612652,6.24112],[-75.612823,6.240776],[-75.613019,6.240542],[-75.613507,6.240127],[-75.613353,6.239931],[-75.612981,6.239751],[-75.61262,6.239621],[-75.612338,6.239443],[-75.611955,6.238699],[-75.611736,6.237889],[-75.611535,6.237553],[-75.611237,6.237501],[-75.610973,6.237518],[-75.610476,6.23763],[-75.610453,6.237674],[-75.610487,6.237703],[-75.610225,6.238277],[-75.609897,6.239356],[-75.609225,6.238922],[-75.608465,6.238649],[-75.608267,6.238175],[-75.608179,6.238059],[-75.607949,6.237822],[-75.607352,6.237456],[-75.603074,6.237619],[-75.603017,6.238502],[-75.603176,6.238558],[-75.603238,6.238643],[-75.603258,6.238746],[-75.60323,6.238847],[-75.603164,6.238925],[-75.602995,6.23897],[-75.602797,6.242176]]]},"properties":{"CODIGO":"1110","COMUNA":"11","BARRIO":"10","NOMBRE_BARRIO":"La Castellana","SECTOR":4,"INDICADOR_UR":"U","NOMBRE_COMUNA":"LAURELES","MUNICIPIO":"001"}},{"type":"Feature","id":210,"geometry":{"type":"Polygon","coordinates":[[[-75.584261,6.302673],[-75.584488,6.302782],[-75.584548,6.302533],[-75.584612,6.302417],[-75.585192,6.302589],[-75.585191,6.302537],[-75.585233,6.302521],[-75.585245,6.302555],[-75.585324,6.302503],[-75.585243,6.302435],[-75.585201,6.302502],[-75.585006,6.302451],[-75.585066,6.3023],[-75.585287,6.302364],[-75.585319,6.302311],[-75.58561,6.30252],[-75.585929,6.302071],[-75.585974,6.301844],[-75.585946,6.301831],[-75.586052,6.301525],[-75.58633,6.301075],[-75.586351,6.30097],[-75.586642,6.300349],[-75.586491,6.300301],[-75.586431,6.300437],[-75.586241,6.300184],[-75.585992,6.3],[-75.586236,6.299569],[-75.586272,6.299462],[-75.586203,6.2994],[-75.586348,6.299224],[-75.586396,6.299266],[-75.586495,6.299125],[-75.586606,6.29896],[-75.586534,6.298914],[-75.586654,6.298733],[-75.586736,6.298784],[-75.586918,6.298543],[-75.58681,6.298358],[-75.586664,6.29828],[-75.586366,6.298492],[-75.58628,6.298474],[-75.586168,6.298326],[-75.586007,6.298255],[-75.586038,6.298115],[-75.586182,6.29806],[-75.58641,6.2979],[-75.586526,6.297624],[-75.586359,6.297188],[-75.586293,6.29692],[-75.586032,6.297092],[-75.585985,6.297034],[-75.585798,6.297164],[-75.585698,6.297284],[-75.585612,6.297225],[-75.58554,6.297263],[-75.58541,6.297416],[-75.585234,6.297516],[-75.58526,6.297653],[-75.585199,6.298019],[-75.58516,6.298079],[-75.585222,6.298299],[-75.585275,6.298384],[-75.584813,6.298925],[-75.584651,6.299189],[-75.584648,6.299257],[-75.584519,6.299476],[-75.584181,6.300276],[-75.584069,6.300376],[-75.58385,6.300963],[-75.583788,6.301195],[-75.58376,6.301764],[-75.583617,6.302334],[-75.584261,6.302673]]]},"properties":{"CODIGO":"0609","COMUNA":"06","BARRIO":"09","NOMBRE_BARRIO":"Picachito","SECTOR":2,"INDICADOR_UR":"U","NOMBRE_COMUNA":"DOCE DE OCTUBRE","MUNICIPIO":"001"}},{"type":"Feature","id":211,"geometry":{"type":"Polygon","coordinates":[[[-75.582433,6.23328],[-75.582696,6.2333],[-75.582696,6.232786],[-75.582749,6.232362],[-75.582757,6.231788],[-75.582719,6.229946],[-75.582775,6.229513],[-75.580178,6.22882],[-75.580085,6.229026],[-75.579868,6.229358],[-75.57823,6.230308],[-75.578115,6.230453],[-75.578049,6.23061],[-75.577904,6.231372],[-75.577643,6.231758],[-75.577504,6.231885],[-75.576496,6.231604],[-75.576738,6.231973],[-75.576818,6.232418],[-75.578073,6.232636],[-75.579978,6.233084],[-75.580662,6.233202],[-75.580992,6.23325],[-75.582433,6.23328]]]},"properties":{"CODIGO":"1502","COMUNA":"15","BARRIO":"02","NOMBRE_BARRIO":"Tenche","SECTOR":6,"INDICADOR_UR":"U","NOMBRE_COMUNA":"GUAYABAL","MUNICIPIO":"001"}},{"type":"Feature","id":212,"geometry":{"type":"Polygon","coordinates":[[[-75.570577,6.242596],[-75.56987,6.244333],[-75.571477,6.245],[-75.572493,6.242232],[-75.573022,6.242382],[-75.573288,6.242416],[-75.575359,6.242478],[-75.575339,6.241657],[-75.57537,6.240723],[-75.575454,6.239793],[-75.575273,6.239564],[-75.575077,6.239213],[-75.572457,6.238129],[-75.570577,6.242596]]]},"properties":{"CODIGO":"1011","COMUNA":"10","BARRIO":"11","NOMBRE_BARRIO":"Calle Nueva","SECTOR":3,"INDICADOR_UR":"U","NOMBRE_COMUNA":"LA CANDELARIA","MUNICIPIO":"001"}},{"type":"Feature","id":213,"geometry":{"type":"Polygon","coordinates":[[[-75.577628,6.216844],[-75.579356,6.217265],[-75.584983,6.218526],[-75.585054,6.218585],[-75.58562,6.218632],[-75.586622,6.213223],[-75.586729,6.212798],[-75.588142,6.213092],[-75.588555,6.210745],[-75.586036,6.209376],[-75.585092,6.20915],[-75.585361,6.208512],[-75.584516,6.208212],[-75.583823,6.208067],[-75.578968,6.207356],[-75.577628,6.216844]]]},"properties":{"CODIGO":"1507","COMUNA":"15","BARRIO":"07","NOMBRE_BARRIO":"Campo Amor","SECTOR":6,"INDICADOR_UR":"U","NOMBRE_COMUNA":"GUAYABAL","MUNICIPIO":"001"}},{"type":"Feature","id":214,"geometry":{"type":"Polygon","coordinates":[[[-75.54635,6.240196],[-75.546614,6.240303],[-75.546948,6.240382],[-75.547144,6.240539],[-75.547229,6.240624],[-75.547799,6.241653],[-75.547886,6.241766],[-75.548035,6.241874],[-75.548214,6.241952],[-75.548639,6.241995],[-75.548806,6.242087],[-75.549162,6.242393],[-75.549213,6.242487],[-75.549174,6.242609],[-75.549378,6.242691],[-75.549656,6.242749],[-75.550042,6.242754],[-75.550052,6.242527],[-75.551339,6.240088],[-75.551064,6.239968],[-75.548503,6.238609],[-75.54468,6.236723],[-75.54448,6.236599],[-75.544084,6.236169],[-75.5437,6.235642],[-75.542463,6.233637],[-75.542349,6.233543],[-75.541983,6.233436],[-75.54184,6.233311],[-75.541707,6.233137],[-75.541584,6.232657],[-75.541531,6.23257],[-75.5413,6.232456],[-75.540492,6.232248],[-75.540369,6.232123],[-75.54026,6.231888],[-75.54009,6.232096],[-75.539912,6.232238],[-75.539788,6.232578],[-75.539517,6.232845],[-75.539566,6.233071],[-75.539389,6.233125],[-75.539805,6.233651],[-75.540007,6.234169],[-75.540098,6.234311],[-75.540311,6.234516],[-75.540445,6.234703],[-75.540574,6.234806],[-75.540966,6.234811],[-75.54104,6.234844],[-75.541229,6.235026],[-75.541343,6.235172],[-75.541475,6.235557],[-75.541653,6.235888],[-75.541865,6.236097],[-75.54212,6.236455],[-75.542234,6.236566],[-75.542402,6.23666],[-75.542434,6.236711],[-75.542801,6.236824],[-75.543126,6.236981],[-75.543596,6.23714],[-75.543958,6.237173],[-75.544065,6.237223],[-75.544117,6.237332],[-75.544157,6.237349],[-75.544469,6.237757],[-75.544515,6.237842],[-75.544575,6.238151],[-75.544665,6.238305],[-75.544937,6.238613],[-75.544989,6.238753],[-75.545026,6.239043],[-75.54501,6.239157],[-75.544921,6.2393],[-75.54493,6.239543],[-75.545011,6.239761],[-75.545216,6.239987],[-75.545517,6.240151],[-75.54635,6.240196]]]},"properties":{"CODIGO":"0905","COMUNA":"09","BARRIO":"05","NOMBRE_BARRIO":"Alejandro Echavarría","SECTOR":3,"INDICADOR_UR":"U","NOMBRE_COMUNA":"BUENOS AIRES","MUNICIPIO":"001"}},{"type":"Feature","id":215,"geometry":{"type":"Polygon","coordinates":[[[-75.572627,6.20765],[-75.572538,6.207609],[-75.572047,6.207695],[-75.571347,6.207646],[-75.57127,6.20828],[-75.570458,6.210604],[-75.573836,6.211892],[-75.574736,6.212512],[-75.574828,6.212531],[-75.575286,6.21282],[-75.575314,6.212806],[-75.575386,6.212748],[-75.57554,6.212517],[-75.575563,6.212359],[-75.575722,6.212249],[-75.575876,6.21049],[-75.575146,6.208258],[-75.575038,6.208092],[-75.574895,6.207956],[-75.574584,6.207817],[-75.574217,6.207822],[-75.57345,6.20803],[-75.573075,6.207905],[-75.573002,6.207824],[-75.572957,6.207948],[-75.57284,6.207894],[-75.572702,6.207781],[-75.572627,6.20765]]]},"properties":{"CODIGO":"1420","COMUNA":"14","BARRIO":"20","NOMBRE_BARRIO":"Astorga","SECTOR":5,"INDICADOR_UR":"U","NOMBRE_COMUNA":"EL POBLADO","MUNICIPIO":"001"}},{"type":"Feature","id":216,"geometry":{"type":"Polygon","coordinates":[[[-75.542357,6.292273],[-75.542293,6.292399],[-75.543068,6.292517],[-75.543218,6.292435],[-75.543358,6.292632],[-75.543422,6.292602],[-75.543464,6.292876],[-75.543985,6.29267],[-75.544073,6.292988],[-75.544147,6.293118],[-75.545016,6.292953],[-75.544939,6.293597],[-75.544814,6.293896],[-75.544798,6.294023],[-75.545039,6.293937],[-75.545044,6.293885],[-75.54514,6.293874],[-75.545434,6.293907],[-75.545665,6.294024],[-75.545852,6.29407],[-75.545814,6.294329],[-75.545935,6.294666],[-75.546157,6.294545],[-75.546122,6.294474],[-75.546193,6.294323],[-75.546236,6.294295],[-75.546526,6.294326],[-75.546639,6.294288],[-75.546771,6.294321],[-75.546887,6.294243],[-75.547152,6.294216],[-75.547748,6.294394],[-75.547927,6.294534],[-75.54797,6.294531],[-75.547937,6.29462],[-75.548186,6.294581],[-75.548238,6.294548],[-75.548333,6.294381],[-75.548393,6.294352],[-75.548873,6.29453],[-75.549093,6.294533],[-75.549163,6.2945],[-75.54968,6.293144],[-75.549849,6.292844],[-75.549814,6.292825],[-75.549833,6.292777],[-75.549898,6.292805],[-75.5501,6.292521],[-75.550227,6.292584],[-75.550199,6.292415],[-75.549595,6.292374],[-75.548706,6.292386],[-75.548285,6.292214],[-75.548236,6.29215],[-75.547689,6.292153],[-75.547611,6.292111],[-75.547562,6.292052],[-75.547549,6.291882],[-75.547851,6.291496],[-75.547964,6.291146],[-75.54698,6.291031],[-75.546399,6.291108],[-75.546365,6.290958],[-75.545886,6.290807],[-75.545743,6.290811],[-75.545476,6.290686],[-75.545198,6.290676],[-75.545094,6.290606],[-75.544993,6.290965],[-75.544384,6.290935],[-75.544072,6.290958],[-75.543949,6.290437],[-75.543822,6.290487],[-75.543747,6.290417],[-75.543461,6.289951],[-75.543316,6.28988],[-75.543165,6.289702],[-75.542981,6.289719],[-75.542886,6.289812],[-75.542916,6.290445],[-75.542884,6.290766],[-75.542593,6.291172],[-75.542571,6.29132],[-75.542636,6.291783],[-75.542591,6.291925],[-75.542357,6.292273]]]},"properties":{"CODIGO":"0104","COMUNA":"01","BARRIO":"04","NOMBRE_BARRIO":"Granizal","SECTOR":1,"INDICADOR_UR":"U","NOMBRE_COMUNA":"POPULAR","MUNICIPIO":"001"}},{"type":"Feature","id":217,"geometry":{"type":"Polygon","coordinates":[[[-75.605085,6.266895],[-75.605825,6.268227],[-75.606545,6.26834],[-75.60685,6.266868],[-75.607564,6.267001],[-75.607955,6.265097],[-75.608188,6.265092],[-75.608106,6.265061],[-75.607946,6.264912],[-75.607686,6.264749],[-75.607961,6.26426],[-75.60757,6.264047],[-75.607531,6.264112],[-75.607262,6.263964],[-75.606975,6.263744],[-75.606942,6.263519],[-75.606815,6.263457],[-75.60672,6.263365],[-75.606234,6.262608],[-75.606147,6.262406],[-75.605921,6.262493],[-75.605691,6.262532],[-75.605161,6.2626],[-75.604979,6.262606],[-75.604893,6.262575],[-75.604949,6.263153],[-75.605097,6.264029],[-75.605111,6.264427],[-75.604994,6.264346],[-75.604918,6.264464],[-75.604766,6.26455],[-75.604727,6.26464],[-75.604838,6.264777],[-75.604707,6.264974],[-75.604542,6.265028],[-75.604519,6.265129],[-75.604662,6.265164],[-75.604774,6.265348],[-75.604885,6.265392],[-75.604923,6.26562],[-75.604963,6.265683],[-75.605225,6.265813],[-75.60532,6.265902],[-75.605309,6.265957],[-75.605167,6.266106],[-75.605154,6.2662],[-75.605376,6.266398],[-75.605271,6.266536],[-75.605001,6.266745],[-75.605085,6.266895]]]},"properties":{"CODIGO":"1303","COMUNA":"13","BARRIO":"03","NOMBRE_BARRIO":"Santa Rosa de Lima","SECTOR":4,"INDICADOR_UR":"U","NOMBRE_COMUNA":"SAN JAVIER","MUNICIPIO":"001"}},{"type":"Feature","id":218,"geometry":{"type":"Polygon","coordinates":[[[-75.618437,6.236864],[-75.618893,6.237314],[-75.61899,6.237358],[-75.619112,6.237348],[-75.619223,6.237246],[-75.619324,6.23706],[-75.619703,6.236856],[-75.619905,6.236787],[-75.620207,6.236773],[-75.620804,6.23688],[-75.621088,6.236763],[-75.621525,6.236432],[-75.621709,6.236346],[-75.621913,6.23654],[-75.622064,6.236553],[-75.622381,6.23605],[-75.622574,6.235891],[-75.622673,6.235873],[-75.622568,6.23568],[-75.622444,6.235819],[-75.62226,6.235874],[-75.621604,6.235944],[-75.621145,6.235916],[-75.620538,6.235681],[-75.620287,6.235634],[-75.620004,6.235657],[-75.619293,6.235807],[-75.618966,6.235811],[-75.618719,6.235774],[-75.618431,6.235711],[-75.618269,6.235636],[-75.617349,6.234999],[-75.616665,6.234894],[-75.616252,6.234668],[-75.615899,6.234554],[-75.615392,6.234493],[-75.614864,6.234492],[-75.614858,6.234246],[-75.61477,6.234236],[-75.614725,6.234135],[-75.614766,6.233973],[-75.61484,6.233992],[-75.614876,6.233816],[-75.615521,6.233864],[-75.615609,6.233505],[-75.615449,6.233599],[-75.615375,6.233524],[-75.61546,6.233462],[-75.615435,6.233321],[-75.615553,6.233298],[-75.615585,6.232991],[-75.615673,6.233],[-75.615652,6.232882],[-75.615802,6.232369],[-75.6158,6.232296],[-75.615773,6.232297],[-75.615772,6.232239],[-75.615717,6.232155],[-75.615848,6.231996],[-75.615876,6.232014],[-75.616023,6.231785],[-75.616047,6.231738],[-75.616017,6.231605],[-75.615981,6.231553],[-75.615948,6.231564],[-75.615934,6.231512],[-75.615865,6.23154],[-75.61576,6.231417],[-75.61557,6.231281],[-75.615585,6.231251],[-75.61556,6.231275],[-75.615396,6.23118],[-75.615331,6.23119],[-75.615346,6.231152],[-75.615292,6.231189],[-75.615099,6.231205],[-75.614325,6.230992],[-75.614247,6.231044],[-75.613962,6.23099],[-75.61395,6.231023],[-75.613517,6.230844],[-75.613042,6.230783],[-75.613009,6.230921],[-75.613046,6.230935],[-75.613046,6.230975],[-75.613012,6.230969],[-75.612984,6.231005],[-75.612925,6.23097],[-75.612912,6.231004],[-75.612817,6.231009],[-75.612772,6.230696],[-75.612656,6.230379],[-75.612509,6.230067],[-75.612231,6.229706],[-75.612707,6.229381],[-75.614013,6.228609],[-75.614379,6.228012],[-75.613987,6.227711],[-75.613588,6.227573],[-75.612828,6.227372],[-75.612462,6.22747],[-75.612417,6.227453],[-75.612366,6.227494],[-75.612031,6.227582],[-75.612023,6.227607],[-75.611997,6.22739],[-75.611845,6.227344],[-75.611754,6.227701],[-75.61168,6.22784],[-75.611509,6.227932],[-75.611154,6.227999],[-75.611041,6.228145],[-75.610976,6.228442],[-75.611085,6.229179],[-75.611062,6.229373],[-75.610615,6.229623],[-75.610336,6.22987],[-75.609924,6.229784],[-75.609951,6.229954],[-75.609903,6.230475],[-75.609859,6.230641],[-75.609784,6.231864],[-75.609556,6.233538],[-75.609637,6.233594],[-75.609747,6.233596],[-75.61005,6.2334],[-75.610159,6.23337],[-75.610271,6.233386],[-75.610623,6.233594],[-75.610814,6.233627],[-75.610964,6.233622],[-75.6113,6.233473],[-75.611403,6.233472],[-75.611798,6.233729],[-75.611846,6.234165],[-75.611901,6.234279],[-75.612007,6.234391],[-75.61296,6.234916],[-75.614116,6.235808],[-75.614364,6.236045],[-75.614707,6.236156],[-75.61525,6.236527],[-75.61556,6.236673],[-75.615717,6.236696],[-75.615894,6.236592],[-75.615994,6.236584],[-75.616367,6.236665],[-75.616636,6.236681],[-75.617086,6.236817],[-75.617328,6.237001],[-75.617433,6.237017],[-75.617569,6.236982],[-75.617756,6.236815],[-75.617811,6.236816],[-75.618017,6.237028],[-75.618184,6.237002],[-75.618335,6.236857],[-75.618437,6.236864]]]},"properties":{"CODIGO":"1616","COMUNA":"16","BARRIO":"16","NOMBRE_BARRIO":"Las Violetas","SECTOR":6,"INDICADOR_UR":"U","NOMBRE_COMUNA":"BELEN","MUNICIPIO":"001"}},{"type":"Feature","id":219,"geometry":{"type":"Polygon","coordinates":[[[-75.569406,6.227563],[-75.573694,6.230691],[-75.573994,6.23085],[-75.575619,6.231344],[-75.57635,6.22593],[-75.5752,6.225746],[-75.57524,6.22591],[-75.575182,6.225964],[-75.575161,6.225901],[-75.575147,6.225925],[-75.574877,6.225669],[-75.572993,6.225521],[-75.572528,6.225455],[-75.571409,6.224808],[-75.571344,6.224667],[-75.571345,6.224189],[-75.569221,6.222979],[-75.569211,6.225429],[-75.569166,6.226489],[-75.569406,6.227563]]]},"properties":{"CODIGO":"1401","COMUNA":"14","BARRIO":"01","NOMBRE_BARRIO":"Barrio Colombia","SECTOR":5,"INDICADOR_UR":"U","NOMBRE_COMUNA":"EL POBLADO","MUNICIPIO":"001"}},{"type":"Feature","id":220,"geometry":{"type":"Polygon","coordinates":[[[-75.567327,6.265293],[-75.566479,6.268906],[-75.566319,6.269381],[-75.570122,6.270634],[-75.570809,6.270817],[-75.572127,6.265094],[-75.57179,6.265026],[-75.571765,6.265124],[-75.567473,6.264444],[-75.567458,6.26472],[-75.567327,6.265293]]]},"properties":{"CODIGO":"0406","COMUNA":"04","BARRIO":"06","NOMBRE_BARRIO":"Universidad de Antioquia","SECTOR":1,"INDICADOR_UR":"U","NOMBRE_COMUNA":"ARANJUEZ","MUNICIPIO":"001"}},{"type":"Feature","id":221,"geometry":{"type":"Polygon","coordinates":[[[-75.554461,6.217534],[-75.554551,6.217612],[-75.554899,6.218103],[-75.555498,6.218573],[-75.555827,6.218514],[-75.555988,6.218432],[-75.556267,6.218122],[-75.556374,6.218046],[-75.556442,6.217869],[-75.556438,6.217709],[-75.556602,6.217532],[-75.556662,6.217597],[-75.556748,6.217519],[-75.556771,6.217313],[-75.556901,6.217217],[-75.557019,6.217184],[-75.557149,6.217001],[-75.557253,6.216988],[-75.557537,6.216518],[-75.557655,6.216459],[-75.557729,6.216462],[-75.557914,6.216293],[-75.55741,6.215262],[-75.55739,6.215066],[-75.557451,6.214841],[-75.557524,6.214718],[-75.557621,6.214631],[-75.557949,6.214533],[-75.558185,6.214568],[-75.557866,6.214426],[-75.55774,6.214316],[-75.557609,6.214136],[-75.557016,6.213097],[-75.556702,6.212732],[-75.55572,6.212056],[-75.555407,6.211918],[-75.554621,6.211392],[-75.554386,6.211196],[-75.554274,6.211023],[-75.554222,6.21081],[-75.554259,6.210569],[-75.554806,6.209675],[-75.554907,6.209448],[-75.554926,6.209261],[-75.554891,6.20766],[-75.554711,6.207645],[-75.554431,6.207777],[-75.554252,6.207822],[-75.55415,6.20774],[-75.55401,6.207721],[-75.553875,6.207659],[-75.553703,6.207445],[-75.553495,6.20735],[-75.553745,6.207879],[-75.553439,6.207911],[-75.553381,6.207831],[-75.553357,6.207607],[-75.553279,6.207494],[-75.552953,6.207366],[-75.552325,6.207325],[-75.552105,6.207228],[-75.55217,6.20711],[-75.551905,6.206933],[-75.551747,6.207],[-75.551366,6.207015],[-75.551232,6.20705],[-75.55114,6.20704],[-75.551078,6.206989],[-75.550996,6.207015],[-75.550748,6.206939],[-75.550341,6.206941],[-75.550178,6.206909],[-75.550135,6.206705],[-75.550204,6.20642],[-75.550212,6.20603],[-75.550288,6.205866],[-75.550229,6.205568],[-75.550125,6.205488],[-75.549762,6.205387],[-75.549547,6.205249],[-75.549532,6.20527],[-75.548654,6.204592],[-75.548173,6.206624],[-75.54808,6.206615],[-75.547891,6.20646],[-75.547778,6.206415],[-75.547679,6.206416],[-75.5476,6.207364],[-75.547125,6.207453],[-75.547189,6.208139],[-75.547264,6.208236],[-75.547506,6.208226],[-75.547528,6.208315],[-75.547893,6.208298],[-75.547698,6.208443],[-75.547689,6.208663],[-75.547451,6.208635],[-75.547486,6.208974],[-75.547613,6.209146],[-75.547743,6.2092],[-75.547611,6.209254],[-75.547565,6.209356],[-75.547398,6.209361],[-75.547344,6.209316],[-75.547321,6.209352],[-75.547385,6.20941],[-75.547611,6.209466],[-75.547687,6.209527],[-75.547704,6.209583],[-75.547625,6.209683],[-75.547468,6.209738],[-75.547003,6.209792],[-75.546708,6.210023],[-75.546597,6.210043],[-75.546613,6.210056],[-75.546384,6.210156],[-75.546248,6.210141],[-75.54617,6.210097],[-75.546121,6.21011],[-75.546068,6.210178],[-75.545982,6.210202],[-75.54589,6.210171],[-75.546314,6.21038],[-75.546491,6.210404],[-75.546598,6.210303],[-75.546685,6.210303],[-75.546752,6.21026],[-75.546909,6.210297],[-75.547039,6.210281],[-75.547218,6.210148],[-75.547273,6.210171],[-75.547143,6.21029],[-75.547331,6.210232],[-75.547397,6.210423],[-75.547379,6.210491],[-75.547413,6.210891],[-75.547337,6.211305],[-75.547383,6.211381],[-75.547405,6.211556],[-75.547631,6.211553],[-75.547662,6.211609],[-75.547619,6.211892],[-75.547552,6.212091],[-75.547395,6.212197],[-75.547151,6.212452],[-75.547135,6.212974],[-75.54694,6.213367],[-75.546913,6.212848],[-75.546864,6.212764],[-75.546838,6.212775],[-75.54689,6.212889],[-75.546792,6.213305],[-75.546791,6.213461],[-75.547029,6.214358],[-75.547187,6.214515],[-75.547336,6.214524],[-75.547903,6.214169],[-75.548549,6.213867],[-75.548873,6.213775],[-75.549772,6.213749],[-75.550383,6.213685],[-75.550729,6.213754],[-75.551386,6.213785],[-75.551471,6.213854],[-75.551486,6.213992],[-75.551323,6.214566],[-75.551338,6.21474],[-75.551399,6.214874],[-75.55304,6.216387],[-75.553965,6.217295],[-75.554461,6.217534]]]},"properties":{"CODIGO":"1408","COMUNA":"14","BARRIO":"08","NOMBRE_BARRIO":"Altos del Poblado","SECTOR":5,"INDICADOR_UR":"U","NOMBRE_COMUNA":"EL POBLADO","MUNICIPIO":"001"}},{"type":"Feature","id":222,"geometry":{"type":"Polygon","coordinates":[[[-75.566193,6.239146],[-75.566302,6.239181],[-75.566329,6.239245],[-75.566699,6.239399],[-75.567103,6.23962],[-75.567111,6.239674],[-75.567037,6.239867],[-75.568166,6.240454],[-75.568798,6.240745],[-75.570067,6.237616],[-75.570373,6.237609],[-75.569831,6.230293],[-75.569635,6.22831],[-75.569406,6.227563],[-75.569166,6.226489],[-75.568564,6.226448],[-75.568565,6.226511],[-75.568543,6.226511],[-75.568479,6.226442],[-75.568477,6.226335],[-75.568431,6.226335],[-75.568343,6.22586],[-75.568281,6.225776],[-75.568301,6.225732],[-75.568173,6.225695],[-75.567774,6.225669],[-75.566843,6.225428],[-75.566775,6.225344],[-75.566736,6.224845],[-75.566607,6.224675],[-75.566335,6.224591],[-75.566323,6.224631],[-75.565809,6.224541],[-75.565774,6.224509],[-75.565252,6.224657],[-75.56531,6.224974],[-75.56528,6.225172],[-75.564872,6.225818],[-75.564784,6.226074],[-75.564783,6.226166],[-75.564941,6.226515],[-75.565355,6.227089],[-75.565684,6.227493],[-75.565943,6.227751],[-75.566386,6.228116],[-75.566511,6.228281],[-75.566553,6.228401],[-75.566542,6.228988],[-75.566438,6.229816],[-75.566311,6.230117],[-75.565724,6.230931],[-75.565652,6.231214],[-75.565671,6.231351],[-75.56671,6.232921],[-75.567559,6.233813],[-75.567177,6.234084],[-75.566752,6.234024],[-75.566541,6.234085],[-75.566305,6.23424],[-75.566065,6.234285],[-75.565302,6.234074],[-75.565286,6.234184],[-75.565206,6.234107],[-75.564805,6.233959],[-75.564542,6.234242],[-75.564344,6.234555],[-75.564147,6.234766],[-75.564019,6.235024],[-75.563982,6.235347],[-75.56391,6.235564],[-75.563365,6.236255],[-75.563054,6.236711],[-75.563001,6.236843],[-75.562946,6.237162],[-75.562783,6.237648],[-75.562782,6.238136],[-75.562874,6.238609],[-75.56292,6.238657],[-75.563057,6.239012],[-75.56329,6.238857],[-75.563307,6.238877],[-75.564368,6.23783],[-75.564558,6.237847],[-75.564751,6.237987],[-75.565197,6.238141],[-75.565275,6.238125],[-75.56551,6.238188],[-75.565575,6.238165],[-75.565597,6.238227],[-75.565625,6.238218],[-75.565614,6.238184],[-75.565798,6.238156],[-75.566008,6.23871],[-75.566195,6.239023],[-75.566088,6.239053],[-75.566133,6.23913],[-75.566186,6.239113],[-75.566193,6.239146]]]},"properties":{"CODIGO":"1020","COMUNA":"10","BARRIO":"20","NOMBRE_BARRIO":"San Diego","SECTOR":3,"INDICADOR_UR":"U","NOMBRE_COMUNA":"LA CANDELARIA","MUNICIPIO":"001"}},{"type":"Feature","id":223,"geometry":{"type":"Polygon","coordinates":[[[-75.573307,6.258938],[-75.573434,6.259159],[-75.57362,6.259621],[-75.573793,6.260496],[-75.574349,6.259401],[-75.575232,6.257778],[-75.577227,6.254191],[-75.575572,6.253371],[-75.574962,6.253038],[-75.575083,6.251468],[-75.575072,6.251407],[-75.574882,6.25123],[-75.574521,6.251088],[-75.574401,6.251166],[-75.574341,6.251162],[-75.574184,6.250988],[-75.573268,6.250656],[-75.570795,6.24965],[-75.570357,6.250669],[-75.569421,6.252625],[-75.569394,6.25273],[-75.569399,6.253036],[-75.569843,6.253219],[-75.570243,6.253453],[-75.570696,6.253636],[-75.570998,6.253915],[-75.571143,6.254178],[-75.571222,6.254541],[-75.571214,6.254835],[-75.571078,6.255543],[-75.571105,6.255778],[-75.571198,6.255998],[-75.57166,6.256691],[-75.571735,6.257005],[-75.572092,6.257009],[-75.572163,6.257026],[-75.572296,6.257132],[-75.572163,6.257251],[-75.573307,6.258938]]]},"properties":{"CODIGO":"1006","COMUNA":"10","BARRIO":"06","NOMBRE_BARRIO":"San Benito","SECTOR":3,"INDICADOR_UR":"U","NOMBRE_COMUNA":"LA CANDELARIA","MUNICIPIO":"001"}},{"type":"Feature","id":224,"geometry":{"type":"Polygon","coordinates":[[[-75.539087,6.25698],[-75.539302,6.257021],[-75.539368,6.256976],[-75.539667,6.25698],[-75.53991,6.256879],[-75.54002,6.256942],[-75.539859,6.256486],[-75.540098,6.256481],[-75.540106,6.256745],[-75.540559,6.256573],[-75.540688,6.256398],[-75.540618,6.256342],[-75.540772,6.256155],[-75.54076,6.256103],[-75.540899,6.255994],[-75.541214,6.25588],[-75.541484,6.255721],[-75.541634,6.255609],[-75.541745,6.255451],[-75.541863,6.255453],[-75.542076,6.25512],[-75.542088,6.254856],[-75.541653,6.254869],[-75.541754,6.254602],[-75.541777,6.254612],[-75.541913,6.254297],[-75.541945,6.254306],[-75.541978,6.254109],[-75.542112,6.253948],[-75.542083,6.253901],[-75.542196,6.253381],[-75.541928,6.253306],[-75.541943,6.253164],[-75.541199,6.252989],[-75.541151,6.25276],[-75.54127,6.252455],[-75.541186,6.252419],[-75.541209,6.252362],[-75.541294,6.252395],[-75.541363,6.252253],[-75.541422,6.252282],[-75.541474,6.252222],[-75.541569,6.251941],[-75.541577,6.251817],[-75.541543,6.251512],[-75.541364,6.251146],[-75.541403,6.250784],[-75.541277,6.250517],[-75.541251,6.250378],[-75.541236,6.250251],[-75.541275,6.24999],[-75.54108,6.250006],[-75.540795,6.250084],[-75.540748,6.250048],[-75.540687,6.250099],[-75.540403,6.250027],[-75.540211,6.249891],[-75.540053,6.24991],[-75.539874,6.249805],[-75.539495,6.249721],[-75.53933,6.24958],[-75.539316,6.249322],[-75.540331,6.248995],[-75.540275,6.248769],[-75.540234,6.24876],[-75.539962,6.248875],[-75.53971,6.248894],[-75.539635,6.248833],[-75.539501,6.248824],[-75.53942,6.248679],[-75.539273,6.248672],[-75.539165,6.248703],[-75.538952,6.248647],[-75.538602,6.248682],[-75.538719,6.248504],[-75.53856,6.248657],[-75.538366,6.248734],[-75.538245,6.248895],[-75.537796,6.248996],[-75.537866,6.249122],[-75.537918,6.249096],[-75.537935,6.24915],[-75.537881,6.249167],[-75.537867,6.249124],[-75.53788,6.249325],[-75.538095,6.249379],[-75.538239,6.249494],[-75.538336,6.249503],[-75.53832,6.249525],[-75.538486,6.249654],[-75.538388,6.24975],[-75.538473,6.250252],[-75.538706,6.250266],[-75.538701,6.25046],[-75.538524,6.250466],[-75.538529,6.250659],[-75.538306,6.250768],[-75.538299,6.250805],[-75.5383,6.251074],[-75.538325,6.251121],[-75.538248,6.2513],[-75.538231,6.251635],[-75.538195,6.251659],[-75.538348,6.252008],[-75.53832,6.252131],[-75.538231,6.252146],[-75.538139,6.252904],[-75.53834,6.252867],[-75.538663,6.25258],[-75.539233,6.252847],[-75.539256,6.253027],[-75.539172,6.253129],[-75.539176,6.253351],[-75.53921,6.253418],[-75.539188,6.253477],[-75.538932,6.253669],[-75.538918,6.253917],[-75.538958,6.253995],[-75.539275,6.254278],[-75.539432,6.254465],[-75.539489,6.254571],[-75.539519,6.254951],[-75.539158,6.255143],[-75.538746,6.255299],[-75.538696,6.255557],[-75.538483,6.255653],[-75.538139,6.255932],[-75.538198,6.256014],[-75.538248,6.256233],[-75.538081,6.256271],[-75.537946,6.256353],[-75.53788,6.256439],[-75.537806,6.256455],[-75.537781,6.256432],[-75.537439,6.256667],[-75.537019,6.256833],[-75.537083,6.256962],[-75.537264,6.256949],[-75.537601,6.256765],[-75.537799,6.256782],[-75.537951,6.256729],[-75.538014,6.256756],[-75.538234,6.256592],[-75.538405,6.25659],[-75.538523,6.256553],[-75.538579,6.256604],[-75.538643,6.256761],[-75.538731,6.256877],[-75.538929,6.256996],[-75.539087,6.25698]]]},"properties":{"CODIGO":"0806","COMUNA":"08","BARRIO":"06","NOMBRE_BARRIO":"Llanaditas","SECTOR":3,"INDICADOR_UR":"U","NOMBRE_COMUNA":"VILLA HERMOSA","MUNICIPIO":"001"}},{"type":"Feature","id":225,"geometry":{"type":"Polygon","coordinates":[[[-75.582753,6.309382],[-75.583035,6.309412],[-75.583379,6.309235],[-75.583592,6.30933],[-75.583745,6.309326],[-75.583912,6.309283],[-75.583878,6.309134],[-75.583922,6.309067],[-75.5846,6.308921],[-75.584416,6.308663],[-75.584344,6.308517],[-75.584396,6.308473],[-75.584186,6.308156],[-75.584138,6.307908],[-75.584122,6.307493],[-75.58401,6.307302],[-75.584212,6.306853],[-75.58411,6.306565],[-75.584046,6.306541],[-75.584029,6.306272],[-75.584063,6.306168],[-75.584146,6.306095],[-75.584266,6.305854],[-75.584386,6.305914],[-75.584465,6.30586],[-75.584552,6.305689],[-75.58458,6.305192],[-75.584422,6.305175],[-75.584374,6.30514],[-75.584103,6.305127],[-75.583869,6.305028],[-75.583553,6.304834],[-75.582079,6.30411],[-75.581978,6.304319],[-75.581979,6.304464],[-75.581933,6.30449],[-75.581882,6.304609],[-75.581865,6.304778],[-75.581876,6.305057],[-75.581922,6.305282],[-75.581915,6.305681],[-75.581955,6.306348],[-75.582048,6.306693],[-75.582344,6.307041],[-75.582394,6.307187],[-75.582397,6.30736],[-75.582443,6.307407],[-75.582335,6.307363],[-75.582326,6.307567],[-75.582192,6.307624],[-75.582073,6.307722],[-75.582027,6.307837],[-75.582022,6.307957],[-75.582079,6.308064],[-75.582302,6.308271],[-75.582389,6.308394],[-75.582439,6.308555],[-75.58243,6.308803],[-75.582458,6.308926],[-75.582673,6.309392],[-75.582753,6.309382]]]},"properties":{"CODIGO":"0611","COMUNA":"06","BARRIO":"11","NOMBRE_BARRIO":"El Progreso No.2","SECTOR":2,"INDICADOR_UR":"U","NOMBRE_COMUNA":"DOCE DE OCTUBRE","MUNICIPIO":"001"}},{"type":"Feature","id":226,"geometry":{"type":"Polygon","coordinates":[[[-75.607946,6.264912],[-75.608106,6.265061],[-75.608188,6.265092],[-75.608292,6.265033],[-75.608767,6.264959],[-75.609117,6.264832],[-75.61025,6.265069],[-75.61016,6.264796],[-75.61061,6.264648],[-75.611482,6.264296],[-75.611597,6.264128],[-75.611514,6.264124],[-75.611205,6.264003],[-75.61049,6.263606],[-75.610487,6.263521],[-75.610114,6.263228],[-75.609816,6.263045],[-75.609068,6.262133],[-75.608774,6.262504],[-75.608722,6.262524],[-75.608583,6.262323],[-75.608274,6.262429],[-75.60821,6.262415],[-75.607922,6.262123],[-75.607416,6.262447],[-75.606875,6.262929],[-75.606571,6.263143],[-75.60672,6.263365],[-75.606815,6.263457],[-75.606942,6.263519],[-75.606975,6.263744],[-75.607262,6.263964],[-75.607531,6.264112],[-75.60757,6.264047],[-75.607961,6.26426],[-75.607686,6.264749],[-75.607946,6.264912]]]},"properties":{"CODIGO":"1305","COMUNA":"13","BARRIO":"05","NOMBRE_BARRIO":"Metropolitano","SECTOR":4,"INDICADOR_UR":"U","NOMBRE_COMUNA":"SAN JAVIER","MUNICIPIO":"001"}},{"type":"Feature","id":227,"geometry":{"type":"Polygon","coordinates":[[[-75.576875,6.266629],[-75.577211,6.26631],[-75.577343,6.265946],[-75.5776,6.265469],[-75.578619,6.263944],[-75.579439,6.262862],[-75.579573,6.262602],[-75.579798,6.26194],[-75.579854,6.261643],[-75.579858,6.261357],[-75.579702,6.260281],[-75.579715,6.260045],[-75.579802,6.259742],[-75.578958,6.259603],[-75.578479,6.259451],[-75.578436,6.259337],[-75.578461,6.259198],[-75.578772,6.258983],[-75.577696,6.258975],[-75.577291,6.258906],[-75.57685,6.258978],[-75.576466,6.259158],[-75.576258,6.259205],[-75.576108,6.259192],[-75.575418,6.259416],[-75.574799,6.259681],[-75.57439,6.25981],[-75.574145,6.259803],[-75.573658,6.260763],[-75.573121,6.261996],[-75.572407,6.264002],[-75.572127,6.265094],[-75.573114,6.265335],[-75.574883,6.265607],[-75.575348,6.265713],[-75.575952,6.266043],[-75.576528,6.266586],[-75.576717,6.266665],[-75.576875,6.266629]]]},"properties":{"CODIGO":"0701","COMUNA":"07","BARRIO":"01","NOMBRE_BARRIO":"Universidad Nacional","SECTOR":2,"INDICADOR_UR":"U","NOMBRE_COMUNA":"ROBLEDO","MUNICIPIO":"001"}},{"type":"Feature","id":228,"geometry":{"type":"Polygon","coordinates":[[[-75.566211,6.295859],[-75.566726,6.296147],[-75.566734,6.296334],[-75.566869,6.296508],[-75.566945,6.296553],[-75.56834,6.29215],[-75.569288,6.288993],[-75.569403,6.28879],[-75.569543,6.288356],[-75.569415,6.288246],[-75.569129,6.288107],[-75.568415,6.287952],[-75.568297,6.287858],[-75.568242,6.287761],[-75.568094,6.287682],[-75.567989,6.287468],[-75.567919,6.287442],[-75.567736,6.287474],[-75.567664,6.28735],[-75.567546,6.287293],[-75.567298,6.287091],[-75.567069,6.287128],[-75.56702,6.287036],[-75.566819,6.286993],[-75.566738,6.286919],[-75.566428,6.286788],[-75.566264,6.286652],[-75.565879,6.28653],[-75.565672,6.287547],[-75.565553,6.288511],[-75.565395,6.289058],[-75.565231,6.289381],[-75.564821,6.289931],[-75.563877,6.290912],[-75.563551,6.291411],[-75.563103,6.292867],[-75.562939,6.293308],[-75.563391,6.293566],[-75.563728,6.293839],[-75.563925,6.293937],[-75.564169,6.294198],[-75.564311,6.294261],[-75.564384,6.294367],[-75.564486,6.294398],[-75.56462,6.294387],[-75.564781,6.294455],[-75.564991,6.294464],[-75.565138,6.294544],[-75.565222,6.294618],[-75.565249,6.294718],[-75.565495,6.294954],[-75.565731,6.295538],[-75.565926,6.295652],[-75.566094,6.295858],[-75.566211,6.295859]]]},"properties":{"CODIGO":"0510","COMUNA":"05","BARRIO":"10","NOMBRE_BARRIO":"Tricentenario","SECTOR":2,"INDICADOR_UR":"U","NOMBRE_COMUNA":"CASTILLA","MUNICIPIO":"001"}},{"type":"Feature","id":229,"geometry":{"type":"Polygon","coordinates":[[[-75.587742,6.202765],[-75.587254,6.203973],[-75.587449,6.204034],[-75.587524,6.204235],[-75.587677,6.204445],[-75.588416,6.20491],[-75.588647,6.205146],[-75.588663,6.204745],[-75.588939,6.203992],[-75.589141,6.203576],[-75.589241,6.203502],[-75.58963,6.203386],[-75.589751,6.203311],[-75.590078,6.202796],[-75.590404,6.202609],[-75.590439,6.20256],[-75.590502,6.202336],[-75.590497,6.201652],[-75.591366,6.201966],[-75.591978,6.202304],[-75.592108,6.20234],[-75.592261,6.202318],[-75.592679,6.202072],[-75.593266,6.201934],[-75.593936,6.201884],[-75.594866,6.201939],[-75.596435,6.202486],[-75.5973,6.202977],[-75.597933,6.203267],[-75.598207,6.203249],[-75.598637,6.202031],[-75.598929,6.201972],[-75.598987,6.201687],[-75.599463,6.200875],[-75.599933,6.200233],[-75.599971,6.200139],[-75.599083,6.200158],[-75.598776,6.200042],[-75.598437,6.199758],[-75.59827,6.199579],[-75.598186,6.199304],[-75.597821,6.199237],[-75.596778,6.198946],[-75.596615,6.198783],[-75.596521,6.198606],[-75.596502,6.198487],[-75.595937,6.198177],[-75.595608,6.197849],[-75.595477,6.197651],[-75.595288,6.197266],[-75.595159,6.197162],[-75.595069,6.197199],[-75.595043,6.197293],[-75.594748,6.197488],[-75.594505,6.197583],[-75.594266,6.197456],[-75.594002,6.197436],[-75.59347,6.197154],[-75.593621,6.196935],[-75.593318,6.196773],[-75.593377,6.196634],[-75.593287,6.196548],[-75.593275,6.196575],[-75.592977,6.196445],[-75.592567,6.196451],[-75.592234,6.19638],[-75.592255,6.195804],[-75.5922,6.195373],[-75.592055,6.194612],[-75.591979,6.194385],[-75.591937,6.194064],[-75.591891,6.194064],[-75.591877,6.194005],[-75.591901,6.194005],[-75.591894,6.193862],[-75.591787,6.193334],[-75.591679,6.193272],[-75.590215,6.196691],[-75.587742,6.202765]]]},"properties":{"CODIGO":"1511","COMUNA":"15","BARRIO":"11","NOMBRE_BARRIO":"La Colina","SECTOR":6,"INDICADOR_UR":"U","NOMBRE_COMUNA":"GUAYABAL","MUNICIPIO":"001"}},{"type":"Feature","id":230,"geometry":{"type":"Polygon","coordinates":[[[-75.593279,6.261894],[-75.596462,6.263429],[-75.596566,6.263323],[-75.596714,6.263299],[-75.597758,6.258624],[-75.594414,6.257889],[-75.593977,6.257751],[-75.59365,6.257594],[-75.593104,6.25716],[-75.592756,6.256715],[-75.592381,6.25585],[-75.592115,6.256544],[-75.590163,6.26042],[-75.593279,6.261894]]]},"properties":{"CODIGO":"1113","COMUNA":"11","BARRIO":"13","NOMBRE_BARRIO":"El Estadio","SECTOR":4,"INDICADOR_UR":"U","NOMBRE_COMUNA":"LAURELES","MUNICIPIO":"001"}},{"type":"Feature","id":231,"geometry":{"type":"Polygon","coordinates":[[[-75.551554,6.266958],[-75.551817,6.267012],[-75.552077,6.266935],[-75.552195,6.266874],[-75.552365,6.266644],[-75.552708,6.266426],[-75.552686,6.266831],[-75.552841,6.266815],[-75.553012,6.266753],[-75.553301,6.266763],[-75.553455,6.266648],[-75.553676,6.266595],[-75.553842,6.266595],[-75.554027,6.266658],[-75.554718,6.266663],[-75.555107,6.266707],[-75.555662,6.262003],[-75.555925,6.26147],[-75.556098,6.26139],[-75.556274,6.261399],[-75.555971,6.261077],[-75.555874,6.261029],[-75.555763,6.26102],[-75.555644,6.261055],[-75.555532,6.261146],[-75.555507,6.261113],[-75.555443,6.261236],[-75.555358,6.261564],[-75.555232,6.261766],[-75.554944,6.262038],[-75.55492,6.262008],[-75.55479,6.262116],[-75.554274,6.262592],[-75.554068,6.262659],[-75.554063,6.262634],[-75.553546,6.262556],[-75.553365,6.262841],[-75.553089,6.263439],[-75.55304,6.263505],[-75.552926,6.26355],[-75.552676,6.263745],[-75.552385,6.264135],[-75.552151,6.264272],[-75.551572,6.264453],[-75.551254,6.264737],[-75.551206,6.264934],[-75.551102,6.265876],[-75.551142,6.26601],[-75.551055,6.266166],[-75.550664,6.266559],[-75.550574,6.266694],[-75.550744,6.266938],[-75.551029,6.266929],[-75.551407,6.266993],[-75.5515,6.266945],[-75.551554,6.266958]]]},"properties":{"CODIGO":"0307","COMUNA":"03","BARRIO":"07","NOMBRE_BARRIO":"Manrique Central No. 2","SECTOR":1,"INDICADOR_UR":"U","NOMBRE_COMUNA":"MANRIQUE","MUNICIPIO":"001"}},{"type":"Feature","id":232,"geometry":{"type":"Polygon","coordinates":[[[-75.56444,6.297284],[-75.565208,6.297797],[-75.565322,6.298079],[-75.565427,6.298244],[-75.565843,6.298732],[-75.566038,6.298863],[-75.56639,6.298235],[-75.566945,6.296553],[-75.566869,6.296508],[-75.566734,6.296334],[-75.566712,6.296134],[-75.566338,6.295952],[-75.566229,6.295865],[-75.566094,6.295858],[-75.565926,6.295652],[-75.565731,6.295538],[-75.565495,6.294954],[-75.565249,6.294718],[-75.565222,6.294618],[-75.565138,6.294544],[-75.564991,6.294464],[-75.564781,6.294455],[-75.56462,6.294387],[-75.564481,6.294398],[-75.564266,6.29418],[-75.563925,6.293937],[-75.563728,6.293839],[-75.563391,6.293566],[-75.562939,6.293308],[-75.56248,6.294041],[-75.561463,6.294958],[-75.561573,6.295101],[-75.561743,6.295213],[-75.561753,6.295271],[-75.561805,6.295276],[-75.561814,6.295328],[-75.561872,6.295342],[-75.56203,6.295297],[-75.562219,6.295484],[-75.562096,6.295616],[-75.562202,6.295784],[-75.562266,6.295822],[-75.562293,6.295932],[-75.562412,6.295992],[-75.562597,6.296022],[-75.562646,6.296137],[-75.562803,6.296306],[-75.562817,6.296379],[-75.563005,6.296375],[-75.563355,6.296524],[-75.563543,6.296691],[-75.56389,6.296843],[-75.564076,6.297157],[-75.56444,6.297284]]]},"properties":{"CODIGO":"0508","COMUNA":"05","BARRIO":"08","NOMBRE_BARRIO":"Belalcázar","SECTOR":2,"INDICADOR_UR":"U","NOMBRE_COMUNA":"CASTILLA","MUNICIPIO":"001"}},{"type":"Feature","id":233,"geometry":{"type":"Polygon","coordinates":[[[-75.566029,6.195985],[-75.566394,6.196326],[-75.566434,6.196473],[-75.566486,6.196519],[-75.567012,6.196723],[-75.567394,6.196951],[-75.567581,6.196987],[-75.568576,6.196912],[-75.569029,6.196973],[-75.569204,6.197059],[-75.569384,6.197182],[-75.569977,6.197739],[-75.570464,6.198133],[-75.57094,6.198424],[-75.572291,6.198984],[-75.572418,6.199086],[-75.572699,6.199478],[-75.573278,6.199841],[-75.574374,6.197769],[-75.574576,6.197246],[-75.574796,6.196402],[-75.574742,6.196117],[-75.574696,6.195385],[-75.574561,6.195234],[-75.572441,6.194212],[-75.572187,6.194048],[-75.571739,6.193567],[-75.5716,6.193464],[-75.570867,6.193048],[-75.56997,6.192677],[-75.569879,6.192536],[-75.569864,6.192223],[-75.569792,6.192005],[-75.569572,6.191821],[-75.569383,6.19179],[-75.569199,6.191828],[-75.56878,6.192016],[-75.567864,6.192097],[-75.567282,6.191826],[-75.566233,6.1942],[-75.566164,6.194515],[-75.566029,6.195985]]]},"properties":{"CODIGO":"1415","COMUNA":"14","BARRIO":"15","NOMBRE_BARRIO":"Los Balsos No.2","SECTOR":5,"INDICADOR_UR":"U","NOMBRE_COMUNA":"EL POBLADO","MUNICIPIO":"001"}},{"type":"Feature","id":234,"geometry":{"type":"Polygon","coordinates":[[[-75.548462,6.2855],[-75.548762,6.285489],[-75.548928,6.28553],[-75.549001,6.285269],[-75.549061,6.285238],[-75.549095,6.285169],[-75.549078,6.285035],[-75.549131,6.284233],[-75.550925,6.28468],[-75.550925,6.285081],[-75.551303,6.285111],[-75.551318,6.285263],[-75.551383,6.285298],[-75.55185,6.285331],[-75.551893,6.285871],[-75.551997,6.285847],[-75.55183,6.286488],[-75.552583,6.286687],[-75.552685,6.285626],[-75.552724,6.284152],[-75.552778,6.283305],[-75.552824,6.28322],[-75.55287,6.282336],[-75.552853,6.282171],[-75.552779,6.282001],[-75.552479,6.281962],[-75.552355,6.28208],[-75.552292,6.282088],[-75.552228,6.282032],[-75.552249,6.281832],[-75.552209,6.281823],[-75.552135,6.281676],[-75.5518,6.281589],[-75.551728,6.281439],[-75.551325,6.281422],[-75.551196,6.281492],[-75.551125,6.281689],[-75.551192,6.28183],[-75.551197,6.281996],[-75.551127,6.282093],[-75.550132,6.28183],[-75.550114,6.281724],[-75.550036,6.28159],[-75.549907,6.28153],[-75.549593,6.281461],[-75.548865,6.281466],[-75.548815,6.281426],[-75.548766,6.281311],[-75.548499,6.281444],[-75.548437,6.281559],[-75.547592,6.281811],[-75.547646,6.282018],[-75.547263,6.282113],[-75.547178,6.282067],[-75.547146,6.282007],[-75.547035,6.281668],[-75.54677,6.281713],[-75.546379,6.28156],[-75.546233,6.281947],[-75.546152,6.281994],[-75.546,6.281997],[-75.545785,6.282052],[-75.545685,6.282145],[-75.545573,6.2821],[-75.545448,6.282101],[-75.545338,6.282039],[-75.545184,6.282274],[-75.54478,6.282331],[-75.544705,6.282373],[-75.544502,6.282662],[-75.544194,6.28265],[-75.543696,6.2827],[-75.54374,6.282766],[-75.543733,6.283148],[-75.543614,6.283264],[-75.543587,6.28335],[-75.543545,6.283564],[-75.543534,6.283911],[-75.543473,6.284147],[-75.543425,6.284256],[-75.543228,6.284464],[-75.543142,6.2845],[-75.543042,6.284467],[-75.543053,6.284231],[-75.542861,6.284247],[-75.542806,6.284348],[-75.54276,6.284685],[-75.542781,6.284768],[-75.54285,6.284854],[-75.542863,6.284961],[-75.542774,6.285214],[-75.542389,6.285928],[-75.54229,6.286018],[-75.54225,6.286019],[-75.541993,6.285967],[-75.541764,6.285881],[-75.541648,6.286126],[-75.541529,6.286149],[-75.541422,6.286114],[-75.541634,6.286276],[-75.541819,6.286267],[-75.542096,6.286332],[-75.542253,6.286291],[-75.542389,6.286331],[-75.542687,6.286339],[-75.542859,6.286204],[-75.543058,6.286154],[-75.543184,6.285946],[-75.543323,6.285851],[-75.543592,6.285837],[-75.543741,6.285891],[-75.544057,6.285692],[-75.544207,6.285785],[-75.544165,6.285886],[-75.544303,6.28589],[-75.544306,6.285954],[-75.544761,6.285957],[-75.544806,6.285578],[-75.544994,6.285618],[-75.54514,6.285542],[-75.545232,6.285531],[-75.545419,6.285418],[-75.545469,6.285335],[-75.545772,6.28517],[-75.546195,6.285141],[-75.54677,6.284796],[-75.546914,6.284837],[-75.54707,6.284819],[-75.547211,6.284857],[-75.54727,6.284913],[-75.547314,6.285068],[-75.547365,6.285135],[-75.547583,6.28513],[-75.547724,6.285033],[-75.547836,6.285181],[-75.54806,6.285342],[-75.548156,6.285319],[-75.548221,6.285185],[-75.548378,6.285174],[-75.548558,6.285208],[-75.548565,6.285332],[-75.548462,6.2855]]]},"properties":{"CODIGO":"0301","COMUNA":"03","BARRIO":"01","NOMBRE_BARRIO":"La Salle","SECTOR":1,"INDICADOR_UR":"U","NOMBRE_COMUNA":"MANRIQUE","MUNICIPIO":"001"}},{"type":"Feature","id":235,"geometry":{"type":"Polygon","coordinates":[[[-75.544443,6.25794],[-75.544653,6.257892],[-75.544778,6.257794],[-75.544984,6.257779],[-75.545253,6.257688],[-75.545428,6.257718],[-75.545625,6.257668],[-75.545758,6.257456],[-75.546014,6.257299],[-75.54619,6.257125],[-75.546421,6.25711],[-75.546571,6.257033],[-75.546639,6.256928],[-75.546661,6.256783],[-75.546998,6.256456],[-75.54703,6.256358],[-75.547085,6.256306],[-75.547271,6.25627],[-75.547612,6.256036],[-75.547829,6.256007],[-75.547943,6.255923],[-75.548019,6.255781],[-75.548208,6.255636],[-75.548549,6.255636],[-75.54892,6.255528],[-75.549096,6.255602],[-75.549209,6.255611],[-75.549425,6.255383],[-75.549524,6.255322],[-75.549749,6.255362],[-75.550221,6.255212],[-75.550261,6.255089],[-75.550186,6.25497],[-75.550155,6.25478],[-75.550304,6.254691],[-75.55044,6.254506],[-75.550611,6.254437],[-75.550714,6.254332],[-75.550843,6.254345],[-75.55102,6.254467],[-75.551162,6.254279],[-75.551375,6.254441],[-75.551355,6.254468],[-75.551467,6.254464],[-75.551596,6.254426],[-75.551734,6.25422],[-75.551912,6.254176],[-75.552007,6.254301],[-75.552282,6.254488],[-75.5524,6.254468],[-75.552528,6.254068],[-75.552531,6.253928],[-75.552851,6.253741],[-75.553055,6.253703],[-75.553145,6.25373],[-75.5533,6.253709],[-75.55338,6.253604],[-75.553678,6.253351],[-75.554298,6.252324],[-75.554277,6.252287],[-75.554504,6.252085],[-75.554597,6.251756],[-75.554644,6.251685],[-75.554754,6.251657],[-75.554886,6.251413],[-75.554978,6.251331],[-75.55501,6.25112],[-75.554967,6.250958],[-75.555109,6.250751],[-75.55477,6.250545],[-75.554526,6.250689],[-75.553515,6.250695],[-75.553036,6.250731],[-75.552471,6.250444],[-75.552278,6.250429],[-75.551878,6.250587],[-75.551685,6.250724],[-75.551304,6.250687],[-75.551263,6.25077],[-75.551238,6.250962],[-75.551067,6.251081],[-75.550931,6.25132],[-75.550955,6.251528],[-75.550893,6.251665],[-75.550818,6.251679],[-75.55063,6.251619],[-75.550276,6.251648],[-75.550141,6.25184],[-75.549507,6.252269],[-75.549388,6.252274],[-75.549194,6.252376],[-75.54899,6.252382],[-75.548837,6.252314],[-75.548669,6.252307],[-75.548564,6.252393],[-75.548431,6.252413],[-75.548203,6.252551],[-75.548093,6.252743],[-75.547907,6.252798],[-75.547718,6.252962],[-75.547442,6.25299],[-75.54722,6.253114],[-75.546872,6.253102],[-75.546645,6.252997],[-75.546596,6.253026],[-75.54651,6.253011],[-75.546425,6.253056],[-75.546204,6.253061],[-75.545969,6.253185],[-75.545745,6.253217],[-75.545649,6.253197],[-75.545354,6.253324],[-75.545058,6.25338],[-75.544886,6.253538],[-75.544751,6.253566],[-75.544567,6.253818],[-75.544483,6.253851],[-75.544351,6.253825],[-75.544252,6.253754],[-75.544177,6.2538],[-75.543963,6.253777],[-75.54372,6.253803],[-75.54367,6.253759],[-75.543486,6.253708],[-75.543297,6.2537],[-75.543197,6.253646],[-75.543143,6.253576],[-75.542999,6.25353],[-75.542695,6.253537],[-75.542505,6.253664],[-75.542368,6.25364],[-75.54211,6.253794],[-75.542083,6.253901],[-75.542112,6.253948],[-75.541978,6.254109],[-75.541945,6.254306],[-75.541913,6.254297],[-75.541777,6.254612],[-75.541754,6.254602],[-75.541653,6.254869],[-75.542088,6.254856],[-75.542076,6.25512],[-75.541863,6.255453],[-75.541745,6.255451],[-75.541634,6.255609],[-75.541484,6.255721],[-75.541214,6.25588],[-75.540899,6.255994],[-75.54076,6.256103],[-75.540772,6.256155],[-75.540618,6.256342],[-75.540688,6.256398],[-75.540559,6.256573],[-75.540106,6.256745],[-75.540098,6.256481],[-75.539859,6.256486],[-75.540001,6.256884],[-75.540097,6.256889],[-75.540209,6.25695],[-75.540325,6.256885],[-75.540429,6.256913],[-75.540702,6.257123],[-75.54071,6.257036],[-75.540977,6.257151],[-75.541093,6.257176],[-75.541182,6.257153],[-75.541293,6.257325],[-75.541396,6.257417],[-75.541803,6.25767],[-75.541966,6.257693],[-75.542037,6.257659],[-75.542091,6.257381],[-75.542149,6.257367],[-75.542306,6.257411],[-75.542722,6.25766],[-75.542822,6.257677],[-75.543118,6.257569],[-75.543519,6.257758],[-75.54376,6.257672],[-75.544009,6.257735],[-75.54425,6.257916],[-75.544265,6.25788],[-75.544443,6.25794]]]},"properties":{"CODIGO":"0804","COMUNA":"08","BARRIO":"04","NOMBRE_BARRIO":"La Ladera","SECTOR":3,"INDICADOR_UR":"U","NOMBRE_COMUNA":"VILLA HERMOSA","MUNICIPIO":"001"}},{"type":"Feature","id":236,"geometry":{"type":"Polygon","coordinates":[[[-75.569952,6.21469],[-75.570048,6.214733],[-75.570449,6.214793],[-75.571049,6.214764],[-75.571467,6.214787],[-75.572923,6.215153],[-75.572947,6.215123],[-75.573282,6.215109],[-75.5735,6.215051],[-75.573723,6.214983],[-75.573989,6.214852],[-75.5746,6.214664],[-75.57477,6.214674],[-75.57536,6.21479],[-75.575628,6.214903],[-75.576131,6.214958],[-75.576243,6.214847],[-75.577329,6.21501],[-75.57745,6.215282],[-75.577831,6.215365],[-75.57812,6.213375],[-75.576662,6.213137],[-75.576387,6.212829],[-75.575893,6.212701],[-75.575958,6.21296],[-75.575681,6.212992],[-75.575537,6.212967],[-75.574828,6.212531],[-75.574736,6.212512],[-75.573836,6.211892],[-75.570458,6.210604],[-75.570164,6.211339],[-75.570067,6.21167],[-75.570007,6.212084],[-75.569952,6.21469]]]},"properties":{"CODIGO":"1419","COMUNA":"14","BARRIO":"19","NOMBRE_BARRIO":"Manila","SECTOR":5,"INDICADOR_UR":"U","NOMBRE_COMUNA":"EL POBLADO","MUNICIPIO":"001"}},{"type":"Feature","id":237,"geometry":{"type":"Polygon","coordinates":[[[-75.57036,6.286391],[-75.576481,6.288452],[-75.576872,6.287232],[-75.577038,6.286965],[-75.577036,6.286876],[-75.576942,6.286784],[-75.577058,6.286561],[-75.577089,6.286404],[-75.577063,6.286301],[-75.576933,6.286174],[-75.576746,6.286102],[-75.576688,6.286157],[-75.576489,6.286005],[-75.576441,6.286078],[-75.575592,6.285403],[-75.575442,6.285617],[-75.575268,6.285546],[-75.574987,6.285506],[-75.574955,6.285249],[-75.574745,6.285269],[-75.574713,6.285013],[-75.574041,6.285095],[-75.574014,6.28483],[-75.573388,6.284889],[-75.573343,6.284471],[-75.573278,6.284359],[-75.572609,6.283681],[-75.572502,6.283654],[-75.572007,6.283722],[-75.5717,6.283682],[-75.571826,6.283246],[-75.571734,6.283051],[-75.571683,6.282831],[-75.571595,6.282666],[-75.571634,6.282544],[-75.571625,6.282393],[-75.571473,6.282328],[-75.570338,6.285895],[-75.570486,6.285944],[-75.57036,6.286391]]]},"properties":{"CODIGO":"0513","COMUNA":"05","BARRIO":"13","NOMBRE_BARRIO":"Francisco Antonio Zea","SECTOR":2,"INDICADOR_UR":"U","NOMBRE_COMUNA":"CASTILLA","MUNICIPIO":"001"}},{"type":"Feature","id":238,"geometry":{"type":"Polygon","coordinates":[[[-75.558278,6.220161],[-75.558984,6.220735],[-75.559251,6.221102],[-75.559528,6.221331],[-75.56033,6.221887],[-75.560418,6.221986],[-75.560654,6.222434],[-75.560698,6.222686],[-75.560747,6.222549],[-75.560736,6.221987],[-75.560832,6.22165],[-75.561038,6.221236],[-75.5613,6.220821],[-75.562095,6.220555],[-75.562263,6.220388],[-75.562397,6.220187],[-75.562459,6.220056],[-75.562472,6.219911],[-75.562509,6.219901],[-75.562474,6.219728],[-75.562274,6.219546],[-75.561958,6.219405],[-75.561664,6.219425],[-75.561733,6.21935],[-75.561632,6.219341],[-75.561478,6.219401],[-75.561287,6.219607],[-75.56109,6.219653],[-75.56084,6.219785],[-75.560698,6.219901],[-75.560602,6.220072],[-75.560462,6.220132],[-75.560269,6.220138],[-75.560018,6.220031],[-75.559807,6.219775],[-75.558435,6.21718],[-75.558316,6.216865],[-75.557881,6.216188],[-75.557857,6.2162],[-75.557914,6.216293],[-75.557892,6.216328],[-75.557729,6.216462],[-75.557655,6.216459],[-75.557537,6.216518],[-75.557253,6.216988],[-75.557149,6.217001],[-75.557019,6.217184],[-75.556901,6.217217],[-75.556771,6.217313],[-75.556748,6.217519],[-75.556695,6.217594],[-75.556662,6.217597],[-75.556602,6.217532],[-75.556438,6.217709],[-75.556442,6.217869],[-75.556374,6.218046],[-75.556267,6.218122],[-75.55609,6.218334],[-75.555988,6.218432],[-75.555827,6.218514],[-75.555498,6.218573],[-75.556181,6.219114],[-75.556276,6.21916],[-75.556393,6.219204],[-75.557034,6.219289],[-75.557204,6.219361],[-75.557478,6.219522],[-75.558278,6.220161]]]},"properties":{"CODIGO":"0916","COMUNA":"09","BARRIO":"16","NOMBRE_BARRIO":"Asomadera No. 3","SECTOR":3,"INDICADOR_UR":"U","NOMBRE_COMUNA":"BUENOS AIRES","MUNICIPIO":"001"}},{"type":"Feature","id":239,"geometry":{"type":"Polygon","coordinates":[[[-75.528131,6.229152],[-75.529108,6.229148],[-75.529812,6.229016],[-75.529831,6.228987],[-75.529741,6.228543],[-75.529799,6.228514],[-75.530384,6.228696],[-75.530545,6.228717],[-75.530573,6.22897],[-75.530553,6.229159],[-75.530627,6.22916],[-75.530958,6.22902],[-75.530734,6.228667],[-75.530773,6.228601],[-75.530723,6.228567],[-75.53087,6.228314],[-75.531035,6.228176],[-75.531297,6.22786],[-75.531671,6.22825],[-75.531891,6.228041],[-75.531998,6.22787],[-75.532046,6.227572],[-75.532076,6.227571],[-75.532144,6.22739],[-75.532157,6.227292],[-75.532119,6.227048],[-75.53199,6.227058],[-75.531617,6.22727],[-75.531157,6.227274],[-75.531027,6.227304],[-75.530947,6.22738],[-75.530875,6.227587],[-75.530781,6.227719],[-75.53037,6.227989],[-75.530251,6.228026],[-75.530143,6.228012],[-75.530047,6.227956],[-75.529626,6.227562],[-75.52948,6.227346],[-75.529375,6.227268],[-75.529265,6.227287],[-75.5292,6.227359],[-75.529095,6.227528],[-75.529038,6.227746],[-75.528959,6.227843],[-75.528835,6.227902],[-75.528654,6.227934],[-75.528532,6.227929],[-75.528434,6.227877],[-75.528294,6.227592],[-75.528188,6.227478],[-75.528052,6.227402],[-75.5279,6.227389],[-75.527882,6.2274],[-75.528065,6.227665],[-75.528085,6.227805],[-75.528071,6.22814],[-75.527889,6.228479],[-75.527881,6.228689],[-75.527965,6.22889],[-75.527996,6.229098],[-75.528011,6.229118],[-75.528067,6.229091],[-75.528131,6.229152]]]},"properties":{"CODIGO":"0917","COMUNA":"09","BARRIO":"17","NOMBRE_BARRIO":"Ocho de Marzo","SECTOR":3,"INDICADOR_UR":"U","NOMBRE_COMUNA":"BUENOS AIRES","MUNICIPIO":"001"}},{"type":"Feature","id":240,"geometry":{"type":"Polygon","coordinates":[[[-75.598036,6.284947],[-75.597995,6.285011],[-75.598086,6.285071],[-75.598159,6.284879],[-75.598296,6.284882],[-75.598429,6.284491],[-75.598523,6.284339],[-75.598848,6.284314],[-75.598983,6.284236],[-75.598881,6.284113],[-75.598856,6.284032],[-75.598928,6.283924],[-75.598952,6.283583],[-75.598728,6.283451],[-75.5987,6.283341],[-75.59857,6.283252],[-75.598064,6.283151],[-75.597971,6.282989],[-75.597834,6.282836],[-75.59778,6.282869],[-75.59779,6.282801],[-75.597752,6.282697],[-75.597623,6.282563],[-75.59767,6.282558],[-75.597645,6.282149],[-75.597609,6.282089],[-75.597422,6.281986],[-75.597389,6.281908],[-75.597415,6.281731],[-75.59757,6.281567],[-75.597551,6.281478],[-75.597435,6.281324],[-75.597361,6.281109],[-75.597197,6.281],[-75.597153,6.280981],[-75.597121,6.281007],[-75.597104,6.280974],[-75.597077,6.28083],[-75.597088,6.280637],[-75.597023,6.280507],[-75.596999,6.28035],[-75.59703,6.280105],[-75.596941,6.279962],[-75.596735,6.279842],[-75.59667,6.27966],[-75.596674,6.279535],[-75.596788,6.279417],[-75.596657,6.279328],[-75.596604,6.279206],[-75.596507,6.279182],[-75.596395,6.279052],[-75.596395,6.278911],[-75.596351,6.278769],[-75.596217,6.278557],[-75.596139,6.278512],[-75.596152,6.278448],[-75.596308,6.278263],[-75.596053,6.277763],[-75.595945,6.277443],[-75.595807,6.277256],[-75.595733,6.277069],[-75.595601,6.276894],[-75.595466,6.276595],[-75.595388,6.276498],[-75.594782,6.276067],[-75.594661,6.275887],[-75.594437,6.275704],[-75.593949,6.275478],[-75.593721,6.275234],[-75.593607,6.275016],[-75.593442,6.27483],[-75.592961,6.27533],[-75.592507,6.275714],[-75.592644,6.276053],[-75.592409,6.276144],[-75.591797,6.276273],[-75.591655,6.27639],[-75.591156,6.276559],[-75.591155,6.276371],[-75.59139,6.275962],[-75.591392,6.275908],[-75.591207,6.275764],[-75.59087,6.275605],[-75.590803,6.275728],[-75.590719,6.275793],[-75.590401,6.275899],[-75.590227,6.275995],[-75.589698,6.276722],[-75.589429,6.277447],[-75.589605,6.277556],[-75.589751,6.277564],[-75.590073,6.277221],[-75.59018,6.277156],[-75.590652,6.277044],[-75.590929,6.277057],[-75.591298,6.277216],[-75.59146,6.277309],[-75.59152,6.277382],[-75.591585,6.277563],[-75.59159,6.277934],[-75.591703,6.278084],[-75.592474,6.278096],[-75.592649,6.27816],[-75.593056,6.27841],[-75.593227,6.278388],[-75.593305,6.278703],[-75.593423,6.278926],[-75.593591,6.279487],[-75.593788,6.279738],[-75.59395,6.280176],[-75.594353,6.280397],[-75.594823,6.280836],[-75.594937,6.281011],[-75.594987,6.281187],[-75.59511,6.281406],[-75.595665,6.282123],[-75.595738,6.282813],[-75.59582,6.283208],[-75.59589,6.283357],[-75.596086,6.283541],[-75.596141,6.283986],[-75.596277,6.284098],[-75.596461,6.284136],[-75.597929,6.284064],[-75.598008,6.284109],[-75.598075,6.284226],[-75.598036,6.284947]]]},"properties":{"CODIGO":"0716","COMUNA":"07","BARRIO":"16","NOMBRE_BARRIO":"Palenque","SECTOR":2,"INDICADOR_UR":"U","NOMBRE_COMUNA":"ROBLEDO","MUNICIPIO":"001"}},{"type":"Feature","id":241,"geometry":{"type":"Polygon","coordinates":[[[-75.593809,6.271402],[-75.594114,6.271739],[-75.594625,6.271262],[-75.594621,6.271398],[-75.594703,6.2716],[-75.59505,6.271129],[-75.595002,6.271019],[-75.595115,6.270825],[-75.595172,6.27062],[-75.595393,6.269569],[-75.595316,6.269553],[-75.59534,6.269431],[-75.5966,6.263762],[-75.596515,6.263712],[-75.596456,6.263627],[-75.596438,6.263529],[-75.596462,6.263429],[-75.593279,6.261894],[-75.593065,6.262407],[-75.593123,6.262472],[-75.593553,6.262674],[-75.592352,6.265268],[-75.589409,6.263457],[-75.587716,6.262313],[-75.587357,6.262815],[-75.586676,6.263576],[-75.587005,6.264097],[-75.586958,6.264157],[-75.587446,6.264665],[-75.587532,6.264814],[-75.587275,6.265187],[-75.587597,6.26537],[-75.587752,6.265578],[-75.588328,6.26592],[-75.588377,6.266019],[-75.588454,6.266073],[-75.588708,6.266196],[-75.588814,6.266172],[-75.58895,6.266233],[-75.589549,6.266641],[-75.589822,6.266763],[-75.590264,6.267092],[-75.590693,6.267555],[-75.590815,6.26764],[-75.590894,6.267782],[-75.591258,6.268198],[-75.591457,6.268355],[-75.591659,6.268672],[-75.592358,6.26927],[-75.592538,6.269589],[-75.592927,6.270045],[-75.593226,6.270279],[-75.593354,6.270515],[-75.593479,6.271027],[-75.593809,6.271402]]]},"properties":{"CODIGO":"1114","COMUNA":"11","BARRIO":"14","NOMBRE_BARRIO":"Los Colores","SECTOR":4,"INDICADOR_UR":"U","NOMBRE_COMUNA":"LAURELES","MUNICIPIO":"001"}},{"type":"Feature","id":242,"geometry":{"type":"Polygon","coordinates":[[[-75.575651,6.233341],[-75.575666,6.234025],[-75.575805,6.234762],[-75.577504,6.239649],[-75.583055,6.239452],[-75.58297,6.238434],[-75.58263,6.237208],[-75.582619,6.236295],[-75.582696,6.2333],[-75.580992,6.23325],[-75.580662,6.233202],[-75.579978,6.233084],[-75.578073,6.232636],[-75.576818,6.232418],[-75.576738,6.231973],[-75.576496,6.231604],[-75.575619,6.231344],[-75.575599,6.231968],[-75.575651,6.233341]]]},"properties":{"CODIGO":"1621","COMUNA":"16","BARRIO":"21","NOMBRE_BARRIO":"Cerro Nutibara","SECTOR":6,"INDICADOR_UR":"U","NOMBRE_COMUNA":"BELEN","MUNICIPIO":"001"}},{"type":"Feature","id":243,"geometry":{"type":"Polygon","coordinates":[[[-75.56311,6.291289],[-75.56324,6.291357],[-75.563361,6.291504],[-75.563315,6.291697],[-75.563439,6.291723],[-75.563551,6.291411],[-75.563877,6.290912],[-75.564821,6.289931],[-75.565231,6.289381],[-75.565395,6.289058],[-75.565553,6.288511],[-75.565615,6.287915],[-75.565821,6.28676],[-75.56614,6.28569],[-75.565947,6.285665],[-75.565913,6.28575],[-75.565657,6.285355],[-75.56562,6.285357],[-75.565535,6.285279],[-75.565197,6.285243],[-75.565178,6.285064],[-75.564913,6.285062],[-75.564896,6.285424],[-75.564335,6.285412],[-75.564138,6.285381],[-75.564061,6.285335],[-75.564041,6.285231],[-75.564073,6.28517],[-75.565183,6.284451],[-75.565246,6.284287],[-75.565288,6.283745],[-75.563122,6.283222],[-75.562991,6.284256],[-75.562832,6.28517],[-75.562849,6.285366],[-75.563017,6.286128],[-75.563386,6.287159],[-75.56342,6.288654],[-75.563398,6.288742],[-75.563168,6.289103],[-75.562896,6.289345],[-75.562811,6.289395],[-75.562383,6.289285],[-75.56235,6.289368],[-75.56237,6.289558],[-75.562672,6.290412],[-75.562701,6.290622],[-75.562673,6.290739],[-75.562342,6.291155],[-75.562516,6.291338],[-75.562566,6.291459],[-75.562638,6.29146],[-75.562779,6.29154],[-75.562863,6.291501],[-75.563,6.291306],[-75.56311,6.291289]]]},"properties":{"CODIGO":"0403","COMUNA":"04","BARRIO":"03","NOMBRE_BARRIO":"Palermo","SECTOR":1,"INDICADOR_UR":"U","NOMBRE_COMUNA":"ARANJUEZ","MUNICIPIO":"001"}},{"type":"Feature","id":244,"geometry":{"type":"Polygon","coordinates":[[[-75.574495,6.273575],[-75.573656,6.27543],[-75.573399,6.276287],[-75.575268,6.277291],[-75.57724,6.278867],[-75.578711,6.277214],[-75.578161,6.276716],[-75.578735,6.275933],[-75.578759,6.275762],[-75.578719,6.275361],[-75.578837,6.274795],[-75.578789,6.274752],[-75.579241,6.274223],[-75.57963,6.273645],[-75.579826,6.273518],[-75.579936,6.273529],[-75.579921,6.272876],[-75.579831,6.272407],[-75.57961,6.272148],[-75.578358,6.271266],[-75.576144,6.269602],[-75.574929,6.272586],[-75.574495,6.273575]]]},"properties":{"CODIGO":"0519","COMUNA":"05","BARRIO":"19","NOMBRE_BARRIO":"El Progreso","SECTOR":2,"INDICADOR_UR":"U","NOMBRE_COMUNA":"CASTILLA","MUNICIPIO":"001"}},{"type":"Feature","id":245,"geometry":{"type":"Polygon","coordinates":[[[-75.559749,6.2425],[-75.558231,6.243646],[-75.563331,6.24624],[-75.563733,6.245443],[-75.563745,6.24537],[-75.565138,6.24268],[-75.564095,6.242218],[-75.563202,6.241569],[-75.563078,6.2417],[-75.562711,6.241882],[-75.562197,6.242279],[-75.561967,6.242375],[-75.561688,6.242411],[-75.561304,6.242354],[-75.561027,6.242236],[-75.560735,6.24197],[-75.560457,6.241928],[-75.560275,6.241971],[-75.560074,6.242114],[-75.560044,6.242253],[-75.559749,6.2425]]]},"properties":{"CODIGO":"1015","COMUNA":"10","BARRIO":"15","NOMBRE_BARRIO":"Bomboná No. 1","SECTOR":3,"INDICADOR_UR":"U","NOMBRE_COMUNA":"LA CANDELARIA","MUNICIPIO":"001"}},{"type":"Feature","id":246,"geometry":{"type":"Polygon","coordinates":[[[-75.557074,6.278667],[-75.55731,6.278569],[-75.557321,6.278515],[-75.55741,6.278531],[-75.55748,6.278372],[-75.557616,6.278181],[-75.557971,6.277926],[-75.558155,6.278014],[-75.558274,6.277977],[-75.558428,6.277989],[-75.558506,6.278091],[-75.55862,6.278143],[-75.55875,6.278025],[-75.558849,6.277991],[-75.55899,6.278149],[-75.559104,6.278207],[-75.559775,6.278197],[-75.560018,6.278454],[-75.560257,6.278393],[-75.560457,6.278296],[-75.560885,6.276129],[-75.561371,6.273204],[-75.561733,6.271211],[-75.561892,6.270497],[-75.558613,6.269933],[-75.557074,6.278667]]]},"properties":{"CODIGO":"0414","COMUNA":"04","BARRIO":"14","NOMBRE_BARRIO":"Brasilia","SECTOR":1,"INDICADOR_UR":"U","NOMBRE_COMUNA":"ARANJUEZ","MUNICIPIO":"001"}},{"type":"Feature","id":247,"geometry":{"type":"Polygon","coordinates":[[[-75.589519,6.244532],[-75.590061,6.244521],[-75.590571,6.244357],[-75.591011,6.244099],[-75.591215,6.243934],[-75.591474,6.243652],[-75.591759,6.243155],[-75.591813,6.24297],[-75.59179,6.242835],[-75.591875,6.242314],[-75.591875,6.242104],[-75.591779,6.241611],[-75.591535,6.241004],[-75.590351,6.23967],[-75.59015,6.239488],[-75.590052,6.239558],[-75.589922,6.239577],[-75.589802,6.239535],[-75.589704,6.23943],[-75.585994,6.243146],[-75.587833,6.243644],[-75.588287,6.24406],[-75.588644,6.244283],[-75.589106,6.244466],[-75.589519,6.244532]]]},"properties":{"CODIGO":"1106","COMUNA":"11","BARRIO":"06","NOMBRE_BARRIO":"U.P.B.","SECTOR":4,"INDICADOR_UR":"U","NOMBRE_COMUNA":"LAURELES","MUNICIPIO":"001"}},{"type":"Feature","id":248,"geometry":{"type":"Polygon","coordinates":[[[-75.586329,6.272626],[-75.587726,6.273162],[-75.588323,6.273145],[-75.588912,6.273022],[-75.590432,6.272485],[-75.590913,6.272359],[-75.589135,6.271466],[-75.58818,6.270902],[-75.58792,6.270663],[-75.587659,6.27032],[-75.587485,6.270018],[-75.587394,6.270558],[-75.587258,6.270871],[-75.586959,6.271087],[-75.586169,6.271378],[-75.586043,6.271397],[-75.586119,6.271544],[-75.585332,6.271842],[-75.585513,6.272578],[-75.585493,6.272692],[-75.585969,6.272609],[-75.586329,6.272626]]]},"properties":{"CODIGO":"0704","COMUNA":"07","BARRIO":"04","NOMBRE_BARRIO":"Facultad Veterinaria y Zootecnia U.de.A.","SECTOR":2,"INDICADOR_UR":"U","NOMBRE_COMUNA":"ROBLEDO","MUNICIPIO":"001"}},{"type":"Feature","id":249,"geometry":{"type":"Polygon","coordinates":[[[-75.576481,6.288452],[-75.578238,6.289069],[-75.578823,6.287388],[-75.580289,6.285094],[-75.580367,6.284793],[-75.580156,6.284762],[-75.579949,6.284643],[-75.579789,6.284527],[-75.579418,6.284164],[-75.57906,6.284034],[-75.578766,6.28398],[-75.578689,6.283901],[-75.578662,6.283804],[-75.578278,6.283815],[-75.578248,6.28376],[-75.577778,6.283623],[-75.577249,6.283172],[-75.577133,6.283142],[-75.576866,6.283222],[-75.576649,6.283138],[-75.576447,6.282966],[-75.576434,6.282661],[-75.575779,6.28223],[-75.575557,6.28192],[-75.575221,6.281871],[-75.575015,6.281963],[-75.574841,6.28199],[-75.574788,6.281947],[-75.574675,6.281717],[-75.574392,6.281615],[-75.574265,6.281534],[-75.573679,6.281021],[-75.573577,6.280992],[-75.57314,6.281035],[-75.572343,6.280861],[-75.572375,6.280606],[-75.571867,6.280471],[-75.571683,6.281624],[-75.571473,6.282328],[-75.571625,6.282393],[-75.571634,6.282544],[-75.571595,6.282666],[-75.571683,6.282831],[-75.571734,6.283051],[-75.571826,6.283246],[-75.5717,6.283682],[-75.572007,6.283722],[-75.572502,6.283654],[-75.572609,6.283681],[-75.573278,6.284359],[-75.573343,6.284471],[-75.573388,6.284889],[-75.574014,6.28483],[-75.574041,6.285095],[-75.574713,6.285013],[-75.574745,6.285269],[-75.574955,6.285249],[-75.574987,6.285506],[-75.575268,6.285546],[-75.575442,6.285617],[-75.575592,6.285403],[-75.576441,6.286078],[-75.576489,6.286005],[-75.576688,6.286157],[-75.576746,6.286102],[-75.576988,6.286214],[-75.577063,6.286301],[-75.577089,6.286404],[-75.577058,6.286561],[-75.576942,6.286784],[-75.577036,6.286876],[-75.577038,6.286965],[-75.576872,6.287232],[-75.576481,6.288452]]]},"properties":{"CODIGO":"0514","COMUNA":"05","BARRIO":"14","NOMBRE_BARRIO":"Alfonso López","SECTOR":2,"INDICADOR_UR":"U","NOMBRE_COMUNA":"CASTILLA","MUNICIPIO":"001"}},{"type":"Feature","id":250,"geometry":{"type":"Polygon","coordinates":[[[-75.606771,6.244174],[-75.607364,6.244306],[-75.607992,6.244228],[-75.609152,6.245638],[-75.609279,6.245846],[-75.609536,6.246085],[-75.609854,6.245873],[-75.609974,6.245851],[-75.610499,6.245868],[-75.611367,6.245984],[-75.611905,6.245975],[-75.612209,6.245872],[-75.613735,6.245162],[-75.614857,6.24477],[-75.615265,6.244742],[-75.61531,6.244697],[-75.616095,6.244531],[-75.616136,6.242641],[-75.61627,6.240233],[-75.615781,6.240056],[-75.615182,6.240111],[-75.614962,6.240224],[-75.614389,6.24029],[-75.614007,6.240376],[-75.613798,6.240366],[-75.613507,6.240127],[-75.613019,6.240542],[-75.612823,6.240776],[-75.612652,6.24112],[-75.612458,6.241352],[-75.612345,6.241418],[-75.612279,6.241507],[-75.612016,6.24166],[-75.611815,6.241704],[-75.61186,6.242539],[-75.610723,6.242381],[-75.610218,6.242281],[-75.609973,6.242188],[-75.609506,6.242109],[-75.607809,6.241926],[-75.607544,6.243132],[-75.607446,6.24337],[-75.607199,6.243737],[-75.606771,6.244174]]]},"properties":{"CODIGO":"1212","COMUNA":"12","BARRIO":"12","NOMBRE_BARRIO":"Santa Teresita","SECTOR":4,"INDICADOR_UR":"U","NOMBRE_COMUNA":"LA AMERICA","MUNICIPIO":"001"}},{"type":"Feature","id":251,"geometry":{"type":"Polygon","coordinates":[[[-75.557911,6.291451],[-75.558898,6.291727],[-75.560767,6.292133],[-75.561912,6.292468],[-75.5622,6.291533],[-75.561586,6.291373],[-75.561231,6.29137],[-75.561296,6.289868],[-75.560939,6.289826],[-75.560652,6.289876],[-75.560512,6.289852],[-75.560043,6.289597],[-75.55978,6.289261],[-75.5596,6.289208],[-75.559362,6.289273],[-75.559185,6.289138],[-75.558803,6.289117],[-75.558564,6.288991],[-75.558393,6.288968],[-75.558309,6.288922],[-75.55819,6.288928],[-75.55799,6.289039],[-75.557839,6.28932],[-75.557669,6.289326],[-75.557581,6.289293],[-75.557517,6.289137],[-75.557398,6.289073],[-75.557309,6.289106],[-75.557302,6.289061],[-75.556934,6.289117],[-75.556068,6.289083],[-75.556007,6.289039],[-75.555842,6.288777],[-75.55581,6.28901],[-75.555873,6.289479],[-75.556296,6.290338],[-75.556301,6.290517],[-75.556187,6.290919],[-75.556345,6.290995],[-75.557911,6.291451]]]},"properties":{"CODIGO":"0211","COMUNA":"02","BARRIO":"11","NOMBRE_BARRIO":"La Rosa","SECTOR":1,"INDICADOR_UR":"U","NOMBRE_COMUNA":"SANTA CRUZ","MUNICIPIO":"001"}},{"type":"Feature","id":252,"geometry":{"type":"Polygon","coordinates":[[[-75.58049,6.297548],[-75.58083,6.297693],[-75.580818,6.297533],[-75.58075,6.297327],[-75.581286,6.297592],[-75.581413,6.297336],[-75.582154,6.297077],[-75.582201,6.29699],[-75.582435,6.297102],[-75.5823,6.296714],[-75.58228,6.296563],[-75.58233,6.296467],[-75.582545,6.29631],[-75.582606,6.296175],[-75.582511,6.295906],[-75.582193,6.295282],[-75.58216,6.295056],[-75.582305,6.294634],[-75.582428,6.29441],[-75.58258,6.294259],[-75.582917,6.29408],[-75.58298,6.293988],[-75.582996,6.293877],[-75.58298,6.293804],[-75.582935,6.293771],[-75.582789,6.293733],[-75.582545,6.293884],[-75.582234,6.29402],[-75.58216,6.293548],[-75.582153,6.293287],[-75.582401,6.292869],[-75.582743,6.291886],[-75.57968,6.290876],[-75.579495,6.291312],[-75.578746,6.293527],[-75.578549,6.29423],[-75.577549,6.297184],[-75.578423,6.297491],[-75.578618,6.297014],[-75.57865,6.29686],[-75.578774,6.296917],[-75.579017,6.29694],[-75.579036,6.297077],[-75.579257,6.297076],[-75.579421,6.297193],[-75.579765,6.297319],[-75.579976,6.29749],[-75.580257,6.297547],[-75.58049,6.297548]]]},"properties":{"CODIGO":"0606","COMUNA":"06","BARRIO":"06","NOMBRE_BARRIO":"San Martín de Porres","SECTOR":2,"INDICADOR_UR":"U","NOMBRE_COMUNA":"DOCE DE OCTUBRE","MUNICIPIO":"001"}},{"type":"Feature","id":253,"geometry":{"type":"Polygon","coordinates":[[[-75.600865,6.259532],[-75.601791,6.260285],[-75.602045,6.260415],[-75.602178,6.260443],[-75.60232,6.260406],[-75.603543,6.259868],[-75.60462,6.259575],[-75.606432,6.258788],[-75.606845,6.258643],[-75.608729,6.258345],[-75.610189,6.25817],[-75.610582,6.258146],[-75.61117,6.258276],[-75.612626,6.255951],[-75.612549,6.255927],[-75.612609,6.25583],[-75.612444,6.255775],[-75.612396,6.255862],[-75.612164,6.255809],[-75.611845,6.255812],[-75.611867,6.255704],[-75.611717,6.255709],[-75.610934,6.255764],[-75.610837,6.255923],[-75.609803,6.256046],[-75.609801,6.255843],[-75.607154,6.256028],[-75.606619,6.256115],[-75.606096,6.256247],[-75.605593,6.256496],[-75.604761,6.257114],[-75.604554,6.257316],[-75.604274,6.257694],[-75.603797,6.258062],[-75.603169,6.258619],[-75.602424,6.259173],[-75.601913,6.259437],[-75.601607,6.259487],[-75.601038,6.259409],[-75.60069,6.259223],[-75.600467,6.259246],[-75.600495,6.259442],[-75.600753,6.259483],[-75.600865,6.259532]]]},"properties":{"CODIGO":"1206","COMUNA":"12","BARRIO":"06","NOMBRE_BARRIO":"Santa Lucía","SECTOR":4,"INDICADOR_UR":"U","NOMBRE_COMUNA":"LA AMERICA","MUNICIPIO":"001"}},{"type":"Feature","id":254,"geometry":{"type":"Polygon","coordinates":[[[-75.535847,6.297668],[-75.535813,6.297835],[-75.535862,6.297893],[-75.535936,6.29791],[-75.536031,6.297862],[-75.536258,6.297648],[-75.536324,6.297653],[-75.536392,6.297594],[-75.536535,6.297554],[-75.537606,6.297448],[-75.537817,6.297459],[-75.538032,6.297526],[-75.538183,6.297522],[-75.538265,6.297483],[-75.538335,6.297391],[-75.538391,6.29698],[-75.538583,6.296777],[-75.538844,6.296683],[-75.539064,6.296738],[-75.539263,6.296721],[-75.539807,6.296476],[-75.539891,6.296355],[-75.539914,6.296258],[-75.539871,6.295798],[-75.539898,6.295669],[-75.539969,6.295545],[-75.540112,6.295409],[-75.540414,6.295217],[-75.541241,6.29478],[-75.541426,6.294429],[-75.541496,6.294226],[-75.541504,6.293997],[-75.541426,6.293409],[-75.541486,6.292999],[-75.541587,6.292761],[-75.541471,6.292705],[-75.541166,6.292666],[-75.540726,6.292647],[-75.540514,6.292693],[-75.540253,6.2926],[-75.539881,6.292631],[-75.539636,6.292488],[-75.539269,6.292386],[-75.53903,6.292425],[-75.538793,6.292369],[-75.538502,6.292416],[-75.538391,6.292104],[-75.538122,6.292092],[-75.537763,6.291982],[-75.537466,6.291966],[-75.537368,6.291902],[-75.537077,6.291883],[-75.53702,6.291736],[-75.536961,6.291693],[-75.53685,6.29171],[-75.536876,6.291605],[-75.536637,6.291507],[-75.536527,6.29151],[-75.53649,6.291567],[-75.536309,6.291457],[-75.536191,6.291702],[-75.536172,6.291694],[-75.536187,6.292136],[-75.53647,6.29207],[-75.536471,6.292167],[-75.53639,6.29217],[-75.536394,6.292421],[-75.536477,6.292391],[-75.536516,6.292584],[-75.53638,6.292628],[-75.536425,6.292792],[-75.536319,6.292973],[-75.536418,6.293039],[-75.536194,6.293243],[-75.535811,6.293413],[-75.536065,6.29375],[-75.536259,6.29394],[-75.536635,6.294066],[-75.536768,6.294155],[-75.536943,6.294156],[-75.537094,6.294252],[-75.537469,6.294414],[-75.536623,6.295284],[-75.536079,6.294891],[-75.535886,6.294625],[-75.535764,6.294558],[-75.535505,6.294733],[-75.535428,6.29499],[-75.535858,6.296205],[-75.535842,6.296264],[-75.535584,6.296504],[-75.535541,6.296582],[-75.53578,6.296735],[-75.536001,6.296482],[-75.536069,6.29634],[-75.536239,6.296436],[-75.536698,6.296152],[-75.536699,6.296175],[-75.536855,6.296128],[-75.537098,6.296647],[-75.536383,6.296956],[-75.536156,6.2971],[-75.535847,6.297668]]]},"properties":{"CODIGO":"0111","COMUNA":"01","BARRIO":"11","NOMBRE_BARRIO":"La Avanzada","SECTOR":1,"INDICADOR_UR":"U","NOMBRE_COMUNA":"POPULAR","MUNICIPIO":"001"}},{"type":"Feature","id":255,"geometry":{"type":"Polygon","coordinates":[[[-75.540661,6.302377],[-75.541164,6.302441],[-75.541322,6.302289],[-75.541443,6.302217],[-75.541779,6.302139],[-75.542122,6.301969],[-75.542613,6.301837],[-75.542391,6.301409],[-75.54223,6.301299],[-75.542232,6.301197],[-75.542551,6.300746],[-75.542577,6.300601],[-75.542441,6.300075],[-75.542022,6.299087],[-75.541464,6.299257],[-75.540988,6.298424],[-75.540394,6.296999],[-75.540386,6.296893],[-75.540517,6.296619],[-75.540425,6.296223],[-75.540422,6.295724],[-75.540557,6.295564],[-75.541068,6.295098],[-75.541241,6.29478],[-75.540414,6.295217],[-75.540112,6.295409],[-75.539976,6.295536],[-75.539901,6.29566],[-75.539872,6.295792],[-75.539912,6.29627],[-75.539851,6.296429],[-75.539778,6.296501],[-75.539263,6.296721],[-75.539064,6.296738],[-75.538844,6.296683],[-75.538583,6.296777],[-75.538391,6.29698],[-75.538335,6.297391],[-75.538265,6.297483],[-75.538183,6.297522],[-75.538032,6.297526],[-75.537817,6.297459],[-75.537606,6.297448],[-75.536535,6.297554],[-75.536392,6.297594],[-75.536005,6.298059],[-75.535914,6.298201],[-75.53588,6.298336],[-75.535891,6.298456],[-75.536036,6.298311],[-75.536363,6.298232],[-75.536596,6.298225],[-75.536808,6.298321],[-75.537032,6.298489],[-75.537122,6.298633],[-75.537161,6.298885],[-75.537266,6.298971],[-75.537283,6.299145],[-75.537366,6.299362],[-75.537446,6.299449],[-75.537623,6.299786],[-75.537776,6.299895],[-75.537847,6.299994],[-75.537949,6.300224],[-75.538152,6.300336],[-75.538183,6.300503],[-75.538224,6.30054],[-75.538189,6.300668],[-75.538238,6.300795],[-75.538304,6.300858],[-75.538417,6.300857],[-75.538479,6.300813],[-75.538486,6.300734],[-75.538567,6.300697],[-75.538728,6.300807],[-75.538896,6.300805],[-75.539122,6.300898],[-75.539225,6.300971],[-75.539228,6.30114],[-75.539297,6.301325],[-75.539426,6.301523],[-75.539535,6.301621],[-75.539638,6.301845],[-75.539747,6.301917],[-75.539869,6.302127],[-75.53996,6.302174],[-75.540123,6.302145],[-75.540442,6.302359],[-75.540661,6.302377]]]},"properties":{"CODIGO":"0102","COMUNA":"01","BARRIO":"02","NOMBRE_BARRIO":"Santo Domingo Savio No. 2","SECTOR":1,"INDICADOR_UR":"U","NOMBRE_COMUNA":"POPULAR","MUNICIPIO":"001"}},{"type":"Feature","id":256,"geometry":{"type":"Polygon","coordinates":[[[-75.591975,6.222768],[-75.595131,6.223361],[-75.595417,6.222446],[-75.596353,6.222472],[-75.596552,6.222327],[-75.596733,6.222295],[-75.59786,6.222379],[-75.598105,6.222333],[-75.598729,6.222336],[-75.599265,6.221888],[-75.599402,6.221806],[-75.59925,6.219414],[-75.599201,6.219157],[-75.599032,6.218778],[-75.597735,6.218399],[-75.597633,6.218868],[-75.597489,6.219338],[-75.595112,6.218211],[-75.592911,6.217804],[-75.591975,6.222768]]]},"properties":{"CODIGO":"1606","COMUNA":"16","BARRIO":"06","NOMBRE_BARRIO":"Las Playas","SECTOR":6,"INDICADOR_UR":"U","NOMBRE_COMUNA":"BELEN","MUNICIPIO":"001"}},{"type":"Feature","id":257,"geometry":{"type":"Polygon","coordinates":[[[-75.556669,6.300873],[-75.556724,6.300887],[-75.557201,6.300645],[-75.55725,6.30054],[-75.557401,6.300563],[-75.557639,6.300716],[-75.557928,6.300702],[-75.558049,6.300447],[-75.558151,6.300178],[-75.558186,6.299881],[-75.558496,6.299088],[-75.558814,6.298535],[-75.558565,6.298341],[-75.558477,6.298094],[-75.558356,6.297883],[-75.558106,6.297591],[-75.557851,6.297491],[-75.557537,6.297475],[-75.557129,6.297173],[-75.556469,6.296774],[-75.556358,6.296958],[-75.556234,6.297086],[-75.555139,6.29654],[-75.554392,6.297777],[-75.553947,6.297512],[-75.554354,6.296864],[-75.554308,6.296806],[-75.554366,6.296708],[-75.55427,6.296686],[-75.554046,6.296533],[-75.553909,6.296507],[-75.553742,6.296184],[-75.55362,6.296048],[-75.553625,6.295985],[-75.553411,6.295865],[-75.553332,6.295745],[-75.55322,6.295667],[-75.553172,6.295648],[-75.553077,6.295762],[-75.553087,6.295838],[-75.552585,6.296693],[-75.552139,6.296419],[-75.552701,6.295422],[-75.552463,6.29545],[-75.552184,6.295405],[-75.552003,6.295596],[-75.551311,6.296626],[-75.55118,6.296655],[-75.550991,6.296564],[-75.550893,6.296561],[-75.550831,6.296599],[-75.550988,6.29686],[-75.551352,6.297204],[-75.55132,6.297302],[-75.551338,6.297349],[-75.55145,6.297399],[-75.551577,6.297606],[-75.55188,6.297675],[-75.551778,6.297879],[-75.551788,6.297942],[-75.551723,6.298112],[-75.551633,6.298273],[-75.551578,6.29826],[-75.55112,6.298389],[-75.551094,6.298446],[-75.551304,6.298529],[-75.551342,6.298678],[-75.551581,6.298815],[-75.552159,6.299084],[-75.552744,6.299227],[-75.553006,6.299396],[-75.553305,6.299487],[-75.552685,6.300469],[-75.553168,6.300758],[-75.553783,6.299757],[-75.554168,6.299969],[-75.554257,6.299964],[-75.554496,6.299819],[-75.554591,6.299705],[-75.554776,6.29972],[-75.554835,6.299656],[-75.555002,6.299605],[-75.555347,6.299828],[-75.555471,6.299688],[-75.555918,6.29969],[-75.555998,6.299666],[-75.556102,6.29985],[-75.556393,6.299789],[-75.556346,6.300001],[-75.556692,6.300081],[-75.556979,6.300197],[-75.556669,6.300873]]]},"properties":{"CODIGO":"0206","COMUNA":"02","BARRIO":"06","NOMBRE_BARRIO":"Andalucía","SECTOR":1,"INDICADOR_UR":"U","NOMBRE_COMUNA":"SANTA CRUZ","MUNICIPIO":"001"}},{"type":"Feature","id":258,"geometry":{"type":"Polygon","coordinates":[[[-75.583705,6.231763],[-75.582757,6.231788],[-75.582749,6.232362],[-75.582696,6.232786],[-75.582619,6.236295],[-75.58263,6.237208],[-75.58297,6.238434],[-75.583055,6.239452],[-75.587483,6.239291],[-75.587264,6.231667],[-75.583705,6.231763]]]},"properties":{"CODIGO":"1601","COMUNA":"16","BARRIO":"01","NOMBRE_BARRIO":"Fátima","SECTOR":6,"INDICADOR_UR":"U","NOMBRE_COMUNA":"BELEN","MUNICIPIO":"001"}},{"type":"Feature","id":259,"geometry":{"type":"Polygon","coordinates":[[[-75.560757,6.215119],[-75.563023,6.215614],[-75.563393,6.215783],[-75.563647,6.216016],[-75.563582,6.215706],[-75.563299,6.215151],[-75.563274,6.214907],[-75.56333,6.214638],[-75.563432,6.214406],[-75.563948,6.213905],[-75.56431,6.212724],[-75.564244,6.21266],[-75.563945,6.212629],[-75.563959,6.212581],[-75.564107,6.212226],[-75.56425,6.212053],[-75.56464,6.211872],[-75.564908,6.211681],[-75.565687,6.209618],[-75.565365,6.20947],[-75.565344,6.209395],[-75.565354,6.209215],[-75.565561,6.208717],[-75.565055,6.208526],[-75.564669,6.208419],[-75.564304,6.208204],[-75.564175,6.208052],[-75.563876,6.207507],[-75.563768,6.207556],[-75.563536,6.207589],[-75.563344,6.207388],[-75.56317,6.207295],[-75.563062,6.207274],[-75.562555,6.207428],[-75.562247,6.207557],[-75.561826,6.207528],[-75.561367,6.207665],[-75.560364,6.207738],[-75.560279,6.207613],[-75.559972,6.207715],[-75.559682,6.20787],[-75.559117,6.207848],[-75.559234,6.208526],[-75.559194,6.20873],[-75.558895,6.20946],[-75.558841,6.209878],[-75.558988,6.210807],[-75.559296,6.212349],[-75.559458,6.212779],[-75.559741,6.213271],[-75.56009,6.213773],[-75.560757,6.215119]]]},"properties":{"CODIGO":"1406","COMUNA":"14","BARRIO":"06","NOMBRE_BARRIO":"Las Lomas No.1","SECTOR":5,"INDICADOR_UR":"U","NOMBRE_COMUNA":"EL POBLADO","MUNICIPIO":"001"}},{"type":"Feature","id":260,"geometry":{"type":"Polygon","coordinates":[[[-75.557953,6.283353],[-75.563079,6.283543],[-75.563195,6.282926],[-75.563551,6.281971],[-75.563603,6.281739],[-75.563608,6.281136],[-75.563445,6.280183],[-75.563432,6.279163],[-75.56347,6.278947],[-75.563731,6.278523],[-75.563843,6.278169],[-75.563906,6.277835],[-75.563853,6.277652],[-75.563725,6.277775],[-75.563248,6.278533],[-75.56316,6.278571],[-75.56286,6.278464],[-75.562717,6.278452],[-75.562815,6.277905],[-75.562617,6.277816],[-75.562499,6.277631],[-75.562442,6.277621],[-75.562221,6.277779],[-75.561869,6.277716],[-75.561382,6.27809],[-75.561,6.278187],[-75.561103,6.277598],[-75.560618,6.277493],[-75.560457,6.278296],[-75.560257,6.278393],[-75.560002,6.278448],[-75.559775,6.278197],[-75.559523,6.27822],[-75.559069,6.278198],[-75.558979,6.278139],[-75.558856,6.277992],[-75.55875,6.278025],[-75.55862,6.278143],[-75.558506,6.278091],[-75.558428,6.277989],[-75.558274,6.277977],[-75.558155,6.278014],[-75.557979,6.277925],[-75.557616,6.278181],[-75.55748,6.278372],[-75.55741,6.278531],[-75.557321,6.278515],[-75.55731,6.278569],[-75.557074,6.278667],[-75.557015,6.279097],[-75.557077,6.279152],[-75.55764,6.278846],[-75.558145,6.27864],[-75.55814,6.279341],[-75.558017,6.281],[-75.557953,6.283353]]]},"properties":{"CODIGO":"0413","COMUNA":"04","BARRIO":"13","NOMBRE_BARRIO":"Aranjuez","SECTOR":1,"INDICADOR_UR":"U","NOMBRE_COMUNA":"ARANJUEZ","MUNICIPIO":"001"}},{"type":"Feature","id":261,"geometry":{"type":"Polygon","coordinates":[[[-75.599032,6.218778],[-75.599048,6.21881],[-75.599286,6.217989],[-75.599212,6.217125],[-75.599217,6.216926],[-75.599257,6.216818],[-75.599588,6.216428],[-75.599938,6.215897],[-75.600076,6.215756],[-75.600234,6.215643],[-75.600642,6.215461],[-75.60087,6.215304],[-75.601136,6.215227],[-75.600498,6.214793],[-75.600548,6.214972],[-75.600484,6.215063],[-75.600335,6.215117],[-75.600245,6.215093],[-75.59901,6.213681],[-75.599047,6.213481],[-75.599119,6.213266],[-75.599487,6.213289],[-75.599935,6.212297],[-75.600046,6.21229],[-75.600241,6.212352],[-75.60036,6.211885],[-75.600372,6.21172],[-75.600244,6.210763],[-75.600857,6.210725],[-75.601493,6.210745],[-75.601403,6.209929],[-75.601345,6.208436],[-75.601211,6.208132],[-75.600576,6.207569],[-75.6004,6.207183],[-75.600313,6.20693],[-75.600338,6.205864],[-75.600241,6.20567],[-75.600035,6.205552],[-75.599984,6.205487],[-75.599899,6.204991],[-75.599509,6.204837],[-75.598948,6.204436],[-75.59871,6.20467],[-75.598604,6.204673],[-75.598376,6.204841],[-75.598051,6.204999],[-75.598089,6.205239],[-75.59832,6.205726],[-75.598433,6.206088],[-75.598449,6.206489],[-75.598389,6.206524],[-75.598366,6.206582],[-75.598617,6.206904],[-75.598424,6.207202],[-75.598486,6.2074],[-75.598504,6.207618],[-75.598142,6.20799],[-75.598038,6.208047],[-75.598034,6.208114],[-75.598275,6.208294],[-75.598304,6.208394],[-75.598289,6.208538],[-75.598344,6.208633],[-75.598308,6.208839],[-75.598229,6.208932],[-75.598129,6.208978],[-75.59792,6.209152],[-75.597925,6.209286],[-75.598017,6.209439],[-75.598027,6.210098],[-75.598299,6.210476],[-75.598296,6.210614],[-75.598231,6.210686],[-75.59784,6.210486],[-75.597817,6.210534],[-75.59713,6.210179],[-75.59683,6.210157],[-75.596413,6.210271],[-75.594982,6.210891],[-75.599032,6.218778]]]},"properties":{"CODIGO":"1608","COMUNA":"16","BARRIO":"08","NOMBRE_BARRIO":"La mota","SECTOR":6,"INDICADOR_UR":"U","NOMBRE_COMUNA":"BELEN","MUNICIPIO":"001"}},{"type":"Feature","id":262,"geometry":{"type":"Polygon","coordinates":[[[-75.60071,6.250433],[-75.601155,6.250528],[-75.602073,6.25057],[-75.602139,6.250431],[-75.602283,6.250379],[-75.602648,6.245209],[-75.600143,6.244804],[-75.599941,6.244722],[-75.599414,6.244638],[-75.599268,6.245896],[-75.599173,6.246239],[-75.598967,6.246668],[-75.598636,6.247117],[-75.59799,6.247774],[-75.597769,6.247935],[-75.597546,6.248033],[-75.597129,6.248033],[-75.592485,6.247451],[-75.592255,6.249631],[-75.596216,6.250105],[-75.597684,6.250146],[-75.599228,6.250079],[-75.599596,6.250089],[-75.600037,6.25016],[-75.60071,6.250433]]]},"properties":{"CODIGO":"1111","COMUNA":"11","BARRIO":"11","NOMBRE_BARRIO":"Lorena","SECTOR":4,"INDICADOR_UR":"U","NOMBRE_COMUNA":"LAURELES","MUNICIPIO":"001"}},{"type":"Feature","id":263,"geometry":{"type":"Polygon","coordinates":[[[-75.555139,6.29654],[-75.556234,6.297086],[-75.556358,6.296958],[-75.556469,6.296774],[-75.557129,6.297173],[-75.557537,6.297475],[-75.557851,6.297491],[-75.558106,6.297591],[-75.558356,6.297883],[-75.558477,6.298094],[-75.558565,6.298341],[-75.558814,6.298535],[-75.558938,6.298436],[-75.559448,6.297556],[-75.559657,6.297428],[-75.559814,6.296078],[-75.559948,6.29578],[-75.55984,6.295687],[-75.559863,6.295648],[-75.559767,6.295546],[-75.559487,6.295316],[-75.559463,6.295205],[-75.559218,6.294805],[-75.55905,6.294651],[-75.558826,6.294511],[-75.558651,6.294441],[-75.558167,6.294553],[-75.556533,6.293899],[-75.556339,6.294305],[-75.556384,6.294439],[-75.556387,6.294723],[-75.556268,6.294759],[-75.556108,6.294915],[-75.555948,6.295667],[-75.555814,6.296072],[-75.555732,6.296165],[-75.555647,6.296194],[-75.555539,6.296176],[-75.555422,6.296092],[-75.555139,6.29654]]]},"properties":{"CODIGO":"0208","COMUNA":"02","BARRIO":"08","NOMBRE_BARRIO":"Villa Niza","SECTOR":1,"INDICADOR_UR":"U","NOMBRE_COMUNA":"SANTA CRUZ","MUNICIPIO":"001"}},{"type":"Feature","id":264,"geometry":{"type":"Polygon","coordinates":[[[-75.552915,6.307469],[-75.55346,6.307605],[-75.554388,6.307969],[-75.555,6.308165],[-75.555355,6.308576],[-75.555887,6.308934],[-75.556095,6.30929],[-75.556816,6.309773],[-75.557061,6.310151],[-75.557105,6.310171],[-75.557238,6.309978],[-75.557337,6.309676],[-75.557353,6.309319],[-75.557106,6.308121],[-75.557079,6.307418],[-75.557142,6.30695],[-75.555578,6.306684],[-75.555532,6.306865],[-75.552783,6.306117],[-75.551641,6.305478],[-75.550907,6.305201],[-75.550311,6.304927],[-75.550075,6.304784],[-75.549907,6.304625],[-75.549776,6.30443],[-75.549721,6.304286],[-75.549456,6.304217],[-75.549166,6.304083],[-75.549089,6.304079],[-75.549049,6.304107],[-75.549014,6.304283],[-75.549295,6.304628],[-75.549319,6.304879],[-75.549261,6.304991],[-75.549059,6.30512],[-75.548593,6.305189],[-75.548223,6.305336],[-75.548064,6.305351],[-75.547652,6.305283],[-75.547257,6.305016],[-75.546796,6.305136],[-75.546646,6.305103],[-75.546278,6.305092],[-75.54631,6.305104],[-75.546199,6.305113],[-75.54609,6.305171],[-75.546017,6.305281],[-75.545889,6.305362],[-75.545756,6.305328],[-75.54571,6.305382],[-75.545687,6.305334],[-75.545803,6.305572],[-75.545908,6.30567],[-75.546019,6.305718],[-75.546078,6.305705],[-75.546117,6.305597],[-75.546189,6.305557],[-75.54645,6.305523],[-75.546655,6.30562],[-75.546772,6.305632],[-75.546981,6.305483],[-75.547096,6.305518],[-75.547259,6.305506],[-75.547544,6.305754],[-75.547963,6.305773],[-75.548021,6.305901],[-75.548297,6.306058],[-75.548392,6.305914],[-75.548602,6.305805],[-75.548622,6.305853],[-75.54859,6.306043],[-75.548629,6.306149],[-75.548694,6.306197],[-75.548764,6.306184],[-75.548892,6.306001],[-75.549072,6.306076],[-75.549253,6.306386],[-75.549458,6.306511],[-75.549526,6.306684],[-75.549611,6.306774],[-75.549787,6.306784],[-75.550004,6.306546],[-75.550098,6.306542],[-75.550202,6.306583],[-75.550366,6.30655],[-75.550504,6.306624],[-75.550611,6.306733],[-75.550746,6.30705],[-75.550801,6.30711],[-75.551024,6.30708],[-75.551477,6.3071],[-75.551579,6.307063],[-75.551755,6.307077],[-75.552022,6.307231],[-75.5521,6.307481],[-75.552133,6.307506],[-75.552285,6.307531],[-75.552915,6.307469]]]},"properties":{"CODIGO":"0202","COMUNA":"02","BARRIO":"02","NOMBRE_BARRIO":"Playón de Los Comuneros","SECTOR":1,"INDICADOR_UR":"U","NOMBRE_COMUNA":"SANTA CRUZ","MUNICIPIO":"001"}},{"type":"Feature","id":265,"geometry":{"type":"Polygon","coordinates":[[[-75.593646,6.255275],[-75.594866,6.257314],[-75.595025,6.257536],[-75.595437,6.257854],[-75.595851,6.257977],[-75.595809,6.258196],[-75.597758,6.258624],[-75.59849,6.255332],[-75.598654,6.254842],[-75.598915,6.25435],[-75.5972,6.254923],[-75.596421,6.255075],[-75.596428,6.254668],[-75.596863,6.25012],[-75.596216,6.250104],[-75.59462,6.249913],[-75.594323,6.250567],[-75.593499,6.251494],[-75.592976,6.252222],[-75.592177,6.254028],[-75.592476,6.254142],[-75.592895,6.25439],[-75.593266,6.254748],[-75.593646,6.255275]]]},"properties":{"CODIGO":"1112","COMUNA":"11","BARRIO":"12","NOMBRE_BARRIO":"El Velódromo","SECTOR":4,"INDICADOR_UR":"U","NOMBRE_COMUNA":"LAURELES","MUNICIPIO":"001"}},{"type":"Feature","id":266,"geometry":{"type":"Polygon","coordinates":[[[-75.599841,6.237709],[-75.603087,6.237619],[-75.603101,6.237481],[-75.603079,6.237228],[-75.602966,6.236881],[-75.602468,6.23618],[-75.602338,6.235936],[-75.601044,6.235955],[-75.600984,6.233979],[-75.600658,6.233682],[-75.60045,6.233559],[-75.600426,6.233315],[-75.600312,6.233248],[-75.600313,6.233093],[-75.600204,6.233035],[-75.599992,6.233],[-75.598538,6.233399],[-75.598221,6.233443],[-75.598283,6.236095],[-75.598849,6.236163],[-75.599087,6.236286],[-75.599376,6.23662],[-75.599636,6.237154],[-75.599841,6.237709]]]},"properties":{"CODIGO":"1619","COMUNA":"16","BARRIO":"19","NOMBRE_BARRIO":"Miravalle","SECTOR":6,"INDICADOR_UR":"U","NOMBRE_COMUNA":"BELEN","MUNICIPIO":"001"}},{"type":"Feature","id":267,"geometry":{"type":"Polygon","coordinates":[[[-75.551657,6.276765],[-75.553364,6.27705],[-75.554844,6.268736],[-75.554609,6.269123],[-75.554416,6.269147],[-75.554289,6.26909],[-75.553993,6.268326],[-75.553817,6.268191],[-75.553764,6.268187],[-75.553735,6.268856],[-75.553517,6.269254],[-75.553111,6.269262],[-75.553009,6.269209],[-75.552836,6.269205],[-75.552672,6.269254],[-75.55255,6.26974],[-75.552002,6.26963],[-75.551533,6.26963],[-75.551268,6.269505],[-75.550925,6.269492],[-75.550791,6.269544],[-75.550619,6.269731],[-75.55054,6.269774],[-75.550432,6.269772],[-75.550354,6.269837],[-75.549443,6.269707],[-75.549363,6.269718],[-75.549112,6.26988],[-75.54943,6.270026],[-75.54956,6.270212],[-75.550316,6.270337],[-75.550033,6.272111],[-75.549246,6.276325],[-75.551657,6.276765]]]},"properties":{"CODIGO":"0303","COMUNA":"03","BARRIO":"03","NOMBRE_BARRIO":"Campo Valdés No. 2","SECTOR":1,"INDICADOR_UR":"U","NOMBRE_COMUNA":"MANRIQUE","MUNICIPIO":"001"}},{"type":"Feature","id":268,"geometry":{"type":"Polygon","coordinates":[[[-75.602806,6.275734],[-75.603202,6.2757],[-75.603316,6.275578],[-75.603389,6.275405],[-75.603505,6.275312],[-75.603481,6.275179],[-75.603568,6.274968],[-75.603493,6.27481],[-75.603412,6.274769],[-75.603173,6.274881],[-75.603033,6.274903],[-75.602884,6.274835],[-75.60254,6.274614],[-75.602388,6.274403],[-75.602457,6.274357],[-75.602512,6.274377],[-75.602645,6.27247],[-75.602478,6.272456],[-75.602373,6.272403],[-75.602936,6.271996],[-75.603021,6.271861],[-75.603024,6.271748],[-75.602705,6.271349],[-75.602577,6.271247],[-75.602069,6.271225],[-75.601984,6.271179],[-75.60195,6.271092],[-75.602016,6.270862],[-75.602016,6.270587],[-75.601927,6.270406],[-75.601831,6.270305],[-75.601443,6.27115],[-75.60131,6.271179],[-75.600991,6.270828],[-75.600656,6.270757],[-75.60012,6.270476],[-75.599908,6.270279],[-75.599776,6.270348],[-75.599632,6.270359],[-75.599484,6.270329],[-75.599433,6.270285],[-75.599251,6.269997],[-75.599051,6.269265],[-75.598971,6.269101],[-75.598687,6.269704],[-75.59851,6.270341],[-75.59833,6.270305],[-75.598198,6.270227],[-75.598099,6.270544],[-75.597997,6.270505],[-75.598021,6.270655],[-75.597953,6.271431],[-75.597973,6.271722],[-75.597784,6.271872],[-75.597608,6.271932],[-75.597391,6.271872],[-75.597186,6.271628],[-75.596874,6.271771],[-75.596154,6.271765],[-75.596171,6.271933],[-75.595785,6.272022],[-75.595433,6.272067],[-75.595415,6.272031],[-75.595412,6.272068],[-75.595357,6.271994],[-75.59536,6.271915],[-75.59505,6.271129],[-75.594703,6.2716],[-75.594621,6.271398],[-75.594625,6.271262],[-75.594114,6.271739],[-75.594608,6.272264],[-75.595341,6.272736],[-75.595455,6.272767],[-75.595732,6.272771],[-75.596286,6.272723],[-75.596643,6.2728],[-75.59687,6.272957],[-75.59721,6.273333],[-75.597737,6.273633],[-75.597906,6.273674],[-75.598418,6.273655],[-75.598694,6.273749],[-75.598813,6.273847],[-75.598874,6.273954],[-75.598953,6.274203],[-75.599014,6.274228],[-75.598997,6.27428],[-75.599063,6.274421],[-75.599262,6.274563],[-75.59939,6.274618],[-75.59952,6.274605],[-75.59961,6.274674],[-75.59976,6.274674],[-75.599931,6.274839],[-75.600098,6.274811],[-75.60035,6.274711],[-75.600498,6.274692],[-75.600807,6.274718],[-75.601234,6.274944],[-75.601347,6.275046],[-75.602166,6.275351],[-75.602806,6.275734]]]},"properties":{"CODIGO":"1301","COMUNA":"13","BARRIO":"01","NOMBRE_BARRIO":"El Pesebre","SECTOR":4,"INDICADOR_UR":"U","NOMBRE_COMUNA":"SAN JAVIER","MUNICIPIO":"001"}},{"type":"Feature","id":269,"geometry":{"type":"Polygon","coordinates":[[[-75.568471,6.287964],[-75.569129,6.288107],[-75.569415,6.288246],[-75.569543,6.288356],[-75.571633,6.281822],[-75.57179,6.281012],[-75.571699,6.280996],[-75.571684,6.281101],[-75.569107,6.280627],[-75.568992,6.28161],[-75.568978,6.281461],[-75.56886,6.281156],[-75.568854,6.280955],[-75.568811,6.280784],[-75.568553,6.280715],[-75.568384,6.281748],[-75.568369,6.282727],[-75.568332,6.283176],[-75.568237,6.283588],[-75.568107,6.283918],[-75.568188,6.283957],[-75.568035,6.284145],[-75.567332,6.284556],[-75.566861,6.284909],[-75.56642,6.285322],[-75.56614,6.28569],[-75.565879,6.28653],[-75.566264,6.286652],[-75.566428,6.286788],[-75.566738,6.286919],[-75.566819,6.286993],[-75.56702,6.287036],[-75.567069,6.287128],[-75.567298,6.287091],[-75.567546,6.287293],[-75.567664,6.28735],[-75.567736,6.287474],[-75.567919,6.287442],[-75.567989,6.287468],[-75.568094,6.287682],[-75.568242,6.287761],[-75.568368,6.287921],[-75.568471,6.287964]]]},"properties":{"CODIGO":"0512","COMUNA":"05","BARRIO":"12","NOMBRE_BARRIO":"Oleoducto","SECTOR":2,"INDICADOR_UR":"U","NOMBRE_COMUNA":"CASTILLA","MUNICIPIO":"001"}},{"type":"Feature","id":270,"geometry":{"type":"Polygon","coordinates":[[[-75.554754,6.251657],[-75.555513,6.252195],[-75.555482,6.252242],[-75.556432,6.252924],[-75.556477,6.252857],[-75.557312,6.253468],[-75.560734,6.25583],[-75.561214,6.255107],[-75.561513,6.25533],[-75.562166,6.254707],[-75.561941,6.254541],[-75.559893,6.252744],[-75.560364,6.252055],[-75.558361,6.250696],[-75.558133,6.250476],[-75.557937,6.250345],[-75.557631,6.250326],[-75.557356,6.250512],[-75.556757,6.249994],[-75.554738,6.249677],[-75.554691,6.24989],[-75.554847,6.250265],[-75.55477,6.250545],[-75.555109,6.250751],[-75.554967,6.250958],[-75.55501,6.25112],[-75.554978,6.251331],[-75.554886,6.251413],[-75.554754,6.251657]]]},"properties":{"CODIGO":"1017","COMUNA":"10","BARRIO":"17","NOMBRE_BARRIO":"Los Ángeles","SECTOR":3,"INDICADOR_UR":"U","NOMBRE_COMUNA":"LA CANDELARIA","MUNICIPIO":"001"}},{"type":"Feature","id":271,"geometry":{"type":"Polygon","coordinates":[[[-75.552441,6.281986],[-75.552499,6.281961],[-75.552672,6.282006],[-75.552779,6.282001],[-75.552897,6.281889],[-75.552981,6.28169],[-75.553212,6.281582],[-75.553296,6.281626],[-75.553365,6.281591],[-75.553399,6.281517],[-75.553391,6.281375],[-75.553523,6.28141],[-75.553615,6.281363],[-75.553733,6.281365],[-75.553819,6.281313],[-75.553914,6.281139],[-75.554126,6.281046],[-75.554211,6.280912],[-75.554276,6.280898],[-75.554411,6.280583],[-75.554478,6.280528],[-75.554563,6.280335],[-75.554772,6.280062],[-75.554867,6.280006],[-75.554868,6.279972],[-75.55498,6.279939],[-75.555163,6.279811],[-75.555228,6.279684],[-75.555395,6.279632],[-75.555466,6.279514],[-75.555568,6.279501],[-75.55564,6.279621],[-75.55575,6.279648],[-75.556242,6.279568],[-75.556286,6.279522],[-75.55641,6.279523],[-75.556442,6.279478],[-75.556427,6.279399],[-75.556548,6.279327],[-75.556847,6.279059],[-75.556551,6.279038],[-75.556516,6.278927],[-75.556369,6.279145],[-75.556254,6.279108],[-75.556412,6.278719],[-75.556631,6.278787],[-75.556751,6.278788],[-75.55677,6.278665],[-75.556809,6.2786],[-75.556838,6.278605],[-75.556864,6.278452],[-75.557139,6.278258],[-75.557322,6.27723],[-75.556959,6.277087],[-75.556775,6.276817],[-75.556484,6.276746],[-75.55647,6.276626],[-75.556342,6.276597],[-75.556145,6.277557],[-75.553363,6.277052],[-75.552595,6.281427],[-75.552441,6.281986]]]},"properties":{"CODIGO":"0411","COMUNA":"04","BARRIO":"11","NOMBRE_BARRIO":"Las Esmeraldas","SECTOR":1,"INDICADOR_UR":"U","NOMBRE_COMUNA":"ARANJUEZ","MUNICIPIO":"001"}}]}