{"type":"FeatureCollection","features":[{"type":"Feature","id":1,"geometry":{"type":"Polygon","coordinates":[[[-75.548028,6.304356],[-75.548284,6.304346],[-75.548423,6.304053],[-75.548442,6.303946],[-75.548405,6.303811],[-75.548321,6.303713],[-75.54827,6.303588],[-75.548274,6.303485],[-75.548756,6.302588],[-75.548699,6.302276],[-75.548554,6.301931],[-75.548699,6.30163],[-75.54863,6.301234],[-75.548754,6.300499],[-75.549058,6.299902],[-75.550223,6.297842],[-75.550287,6.29759],[-75.550235,6.297305],[-75.550249,6.297214],[-75.550328,6.297154],[-75.550574,6.297149],[-75.550653,6.297105],[-75.550845,6.296593],[-75.550726,6.29642],[-75.550621,6.296173],[-75.550503,6.296062],[-75.550505,6.296014],[-75.550601,6.295936],[-75.550557,6.295796],[-75.550441,6.295761],[-75.550334,6.295642],[-75.550172,6.295629],[-75.550147,6.295528],[-75.550113,6.295505],[-75.549364,6.295269],[-75.548943,6.294953],[-75.549053,6.294741],[-75.549416,6.294467],[-75.549583,6.29441],[-75.549834,6.294423],[-75.55,6.294354],[-75.550048,6.294007],[-75.550114,6.293799],[-75.550258,6.293573],[-75.550389,6.293462],[-75.550208,6.292415],[-75.549558,6.292373],[-75.549707,6.292024],[-75.549764,6.291791],[-75.549949,6.291797],[-75.55,6.291757],[-75.550234,6.291744],[-75.550434,6.291684],[-75.550579,6.291791],[-75.550715,6.291774],[-75.550812,6.291806],[-75.550906,6.291662],[-75.550996,6.291651],[-75.551089,6.291711],[-75.551166,6.291625],[-75.551449,6.291467],[-75.551564,6.291464],[-75.551734,6.291529],[-75.551981,6.291431],[-75.552109,6.291257],[-75.552324,6.291242],[-75.552477,6.291273],[-75.552709,6.291037],[-75.552981,6.290396],[-75.553055,6.290349],[-75.55307,6.290073],[-75.553124,6.290011],[-75.553181,6.289982],[-75.553257,6.289992],[-75.553363,6.289905],[-75.553442,6.289883],[-75.553508,6.289928],[-75.553579,6.290086],[-75.553696,6.2901],[-75.553952,6.289865],[-75.553896,6.289711],[-75.553967,6.289577],[-75.5541,6.289526],[-75.554281,6.289572],[-75.554492,6.289403],[-75.554587,6.289388],[-75.554646,6.289442],[-75.554745,6.289457],[-75.554955,6.289422],[-75.555496,6.289034],[-75.55578,6.28892],[-75.555758,6.288743],[-75.555697,6.288698],[-75.555635,6.288574],[-75.555508,6.288464],[-75.555483,6.288385],[-75.555326,6.288263],[-75.555249,6.288147],[-75.554942,6.287942],[-75.554887,6.287681],[-75.554821,6.287632],[-75.554685,6.28762],[-75.55458,6.287332],[-75.55443,6.287273],[-75.554414,6.287214],[-75.554215,6.287217],[-75.554076,6.287142],[-75.554008,6.28706],[-75.55393,6.286856],[-75.553664,6.286871],[-75.55346,6.286806],[-75.553322,6.286854],[-75.553237,6.28681],[-75.553143,6.286837],[-75.553027,6.286797],[-75.552864,6.28655],[-75.552842,6.286443],[-75.552415,6.286104],[-75.55217,6.285983],[-75.552176,6.285867],[-75.552004,6.285846],[-75.551824,6.285879],[-75.551799,6.285831],[-75.551822,6.285626],[-75.551793,6.285586],[-75.551617,6.285659],[-75.551477,6.285634],[-75.551447,6.285521],[-75.551262,6.285378],[-75.55087,6.285266],[-75.550458,6.285084],[-75.55033,6.285129],[-75.550243,6.285057],[-75.550157,6.285041],[-75.549911,6.285114],[-75.549631,6.285069],[-75.549567,6.284987],[-75.549523,6.284989],[-75.549383,6.285037],[-75.549277,6.285113],[-75.549086,6.28517],[-75.549052,6.285239],[-75.548973,6.285283],[-75.548912,6.285261],[-75.548764,6.285073],[-75.548668,6.285065],[-75.54853,6.285208],[-75.548369,6.285174],[-75.548213,6.285186],[-75.548117,6.285324],[-75.548069,6.285345],[-75.547827,6.28518],[-75.547715,6.285033],[-75.547574,6.28513],[-75.547357,6.285135],[-75.547245,6.284886],[-75.547203,6.284857],[-75.547061,6.284819],[-75.546917,6.284838],[-75.546761,6.284796],[-75.546344,6.285028],[-75.546216,6.285139],[-75.545697,6.285184],[-75.545525,6.285344],[-75.54544,6.285351],[-75.545392,6.285422],[-75.545241,6.285519],[-75.545099,6.28554],[-75.544974,6.285614],[-75.544761,6.285547],[-75.544696,6.285596],[-75.544579,6.285802],[-75.544517,6.285833],[-75.544285,6.285896],[-75.54395,6.285787],[-75.543733,6.285891],[-75.54366,6.285882],[-75.543566,6.285799],[-75.543349,6.28582],[-75.543185,6.28593],[-75.54305,6.286154],[-75.54285,6.286204],[-75.542679,6.286338],[-75.54238,6.28633],[-75.542245,6.286291],[-75.542087,6.286332],[-75.541884,6.286264],[-75.541617,6.286275],[-75.541324,6.286063],[-75.54124,6.286056],[-75.541057,6.286233],[-75.540786,6.286332],[-75.540632,6.286297],[-75.540393,6.286042],[-75.540275,6.28607],[-75.540148,6.286045],[-75.540054,6.285955],[-75.539832,6.285879],[-75.539741,6.285946],[-75.539427,6.286009],[-75.539271,6.28613],[-75.539127,6.286105],[-75.539074,6.286033],[-75.538153,6.286073],[-75.537918,6.286002],[-75.537826,6.286009],[-75.537606,6.285909],[-75.537325,6.285447],[-75.53709,6.285291],[-75.536998,6.285157],[-75.536859,6.28509],[-75.536778,6.285103],[-75.536598,6.285016],[-75.536263,6.284959],[-75.536168,6.284977],[-75.536232,6.285041],[-75.536208,6.28512],[-75.536238,6.285243],[-75.53618,6.285484],[-75.536079,6.285724],[-75.536031,6.286052],[-75.536032,6.286388],[-75.53609,6.286593],[-75.536065,6.286785],[-75.536092,6.286888],[-75.536067,6.286989],[-75.536002,6.287054],[-75.536047,6.287125],[-75.536057,6.287358],[-75.536108,6.287378],[-75.535999,6.287434],[-75.536111,6.287507],[-75.53614,6.287587],[-75.536068,6.288001],[-75.536131,6.288257],[-75.536136,6.288584],[-75.53622,6.288699],[-75.536378,6.288742],[-75.536593,6.288709],[-75.536807,6.288578],[-75.536904,6.288642],[-75.536934,6.288833],[-75.536853,6.288951],[-75.536694,6.289],[-75.536548,6.289115],[-75.536382,6.28915],[-75.536252,6.289217],[-75.53614,6.289495],[-75.536129,6.289701],[-75.53616,6.289902],[-75.536317,6.290174],[-75.536801,6.290748],[-75.536824,6.290867],[-75.536809,6.29093],[-75.536726,6.290988],[-75.536331,6.291025],[-75.536243,6.291076],[-75.536238,6.29135],[-75.536325,6.291566],[-75.536117,6.291725],[-75.536178,6.291829],[-75.536189,6.292232],[-75.536359,6.292426],[-75.536446,6.29262],[-75.53645,6.292778],[-75.536255,6.293137],[-75.536098,6.293283],[-75.535828,6.293301],[-75.53606,6.2934],[-75.536122,6.293466],[-75.536232,6.293649],[-75.536277,6.293809],[-75.536461,6.294052],[-75.536663,6.294084],[-75.53676,6.294171],[-75.53691,6.294199],[-75.537072,6.294298],[-75.537378,6.294294],[-75.537437,6.294394],[-75.537345,6.294626],[-75.537211,6.294697],[-75.53698,6.294744],[-75.53691,6.295035],[-75.536784,6.295145],[-75.536483,6.295145],[-75.535946,6.294894],[-75.5358,6.294919],[-75.535715,6.295013],[-75.535649,6.295041],[-75.535568,6.295014],[-75.535459,6.295032],[-75.535395,6.294998],[-75.535561,6.295332],[-75.535579,6.295667],[-75.535725,6.295853],[-75.535902,6.295991],[-75.535999,6.296111],[-75.536055,6.296262],[-75.536044,6.29635],[-75.536097,6.296636],[-75.536136,6.296634],[-75.536327,6.296923],[-75.536236,6.297006],[-75.536222,6.297119],[-75.535843,6.297701],[-75.536102,6.297871],[-75.536076,6.297979],[-75.535918,6.29822],[-75.535889,6.298336],[-75.535908,6.298439],[-75.536037,6.29831],[-75.536353,6.298233],[-75.536558,6.298224],[-75.536753,6.29829],[-75.537021,6.298477],[-75.537121,6.298627],[-75.537166,6.298892],[-75.537266,6.298971],[-75.537283,6.299145],[-75.537366,6.299362],[-75.537446,6.299449],[-75.537618,6.299768],[-75.537785,6.299895],[-75.537856,6.299994],[-75.537958,6.300225],[-75.538161,6.300336],[-75.538192,6.300504],[-75.538233,6.300539],[-75.538198,6.300668],[-75.538247,6.300796],[-75.53831,6.300858],[-75.538417,6.300857],[-75.538479,6.300813],[-75.538486,6.300734],[-75.538576,6.300696],[-75.538736,6.300808],[-75.538905,6.300805],[-75.53922,6.300957],[-75.539237,6.30114],[-75.539303,6.301322],[-75.539434,6.301523],[-75.539544,6.301621],[-75.539647,6.301845],[-75.539756,6.301918],[-75.539878,6.302127],[-75.540137,6.302277],[-75.540252,6.302269],[-75.540421,6.302464],[-75.540443,6.302546],[-75.540571,6.30263],[-75.540874,6.302661],[-75.541072,6.302735],[-75.541149,6.302822],[-75.541269,6.30288],[-75.541432,6.302851],[-75.541758,6.303008],[-75.541879,6.303008],[-75.5422,6.303642],[-75.542361,6.3038],[-75.542425,6.303817],[-75.542489,6.303932],[-75.542871,6.303973],[-75.543006,6.303858],[-75.54332,6.303728],[-75.543545,6.303949],[-75.54388,6.304064],[-75.544037,6.304261],[-75.5442,6.304322],[-75.544239,6.303964],[-75.544276,6.303883],[-75.544897,6.30402],[-75.545381,6.304182],[-75.545704,6.304212],[-75.546051,6.304331],[-75.546212,6.304331],[-75.546567,6.304188],[-75.546768,6.303847],[-75.546887,6.303715],[-75.547009,6.303667],[-75.547106,6.303578],[-75.547251,6.303606],[-75.54759,6.303774],[-75.547874,6.304044],[-75.547949,6.304309],[-75.548028,6.304356]]]},"properties":{"CODIGO":"01","NOMBRE":"Popular","IDENTIFICACION":"Comuna 1","LIMITEMUNICIPIOID":"001","SUBTIPO_COMUNACORREGIMIENTO":1,"MUNICIPIO":"Medellin","CODIGO_MUN":"001","SIMBOLOGIA":"COMUNA 1"}},{"type":"Feature","id":2,"geometry":{"type":"Polygon","coordinates":[[[-75.557035,6.310074],[-75.557171,6.310168],[-75.557367,6.3097],[-75.557405,6.30938],[-75.557386,6.309085],[-75.557185,6.308487],[-75.5571,6.307997],[-75.55712,6.307616],[-75.557081,6.307409],[-75.557141,6.307146],[-75.55714,6.306563],[-75.557176,6.306199],[-75.557063,6.305424],[-75.556941,6.304984],[-75.556876,6.304157],[-75.556982,6.303312],[-75.557122,6.302709],[-75.557374,6.301952],[-75.557624,6.301413],[-75.557759,6.301222],[-75.557846,6.30103],[-75.557959,6.300612],[-75.558051,6.30046],[-75.558138,6.300194],[-75.558168,6.300029],[-75.558648,6.298798],[-75.558735,6.298693],[-75.55899,6.298125],[-75.559466,6.297437],[-75.5597,6.296053],[-75.55987,6.295635],[-75.56,6.295461],[-75.560605,6.295004],[-75.560805,6.294895],[-75.561058,6.29466],[-75.561323,6.294499],[-75.562243,6.294112],[-75.562416,6.293974],[-75.562655,6.293645],[-75.563074,6.292801],[-75.563201,6.292098],[-75.563334,6.29171],[-75.56303,6.291549],[-75.562428,6.2913],[-75.562215,6.29125],[-75.562099,6.291274],[-75.561888,6.291062],[-75.561754,6.291062],[-75.56149,6.291173],[-75.561299,6.291212],[-75.561195,6.291176],[-75.561005,6.290971],[-75.560922,6.290924],[-75.560409,6.29086],[-75.560325,6.290735],[-75.56028,6.290429],[-75.560199,6.290256],[-75.560161,6.289931],[-75.55997,6.289842],[-75.559742,6.28989],[-75.559646,6.289799],[-75.559653,6.289646],[-75.559854,6.289396],[-75.559831,6.289303],[-75.55972,6.289228],[-75.559552,6.289201],[-75.559345,6.289257],[-75.559143,6.289123],[-75.558821,6.289117],[-75.558564,6.288985],[-75.558265,6.288917],[-75.557978,6.289065],[-75.557899,6.28928],[-75.557857,6.28932],[-75.557668,6.289325],[-75.557587,6.289279],[-75.557534,6.289138],[-75.557398,6.289063],[-75.55695,6.289117],[-75.556088,6.289084],[-75.556023,6.289046],[-75.555947,6.288937],[-75.555814,6.288913],[-75.555496,6.289034],[-75.554934,6.28943],[-75.554681,6.28945],[-75.554587,6.289388],[-75.554469,6.28941],[-75.554281,6.289572],[-75.5541,6.289526],[-75.553967,6.289577],[-75.553896,6.289711],[-75.553952,6.289865],[-75.553696,6.2901],[-75.553579,6.290086],[-75.553508,6.289928],[-75.553442,6.289883],[-75.553363,6.289905],[-75.553257,6.289992],[-75.553181,6.289982],[-75.553124,6.290011],[-75.55307,6.290073],[-75.553055,6.290349],[-75.552981,6.290396],[-75.552709,6.291037],[-75.552477,6.291273],[-75.552324,6.291242],[-75.552109,6.291257],[-75.551981,6.291431],[-75.551734,6.291529],[-75.551564,6.291464],[-75.551449,6.291467],[-75.551166,6.291625],[-75.551089,6.291711],[-75.550996,6.291651],[-75.550906,6.291662],[-75.550812,6.291806],[-75.550715,6.291774],[-75.550579,6.291791],[-75.550434,6.291684],[-75.550234,6.291744],[-75.55,6.291757],[-75.549949,6.291797],[-75.549764,6.291791],[-75.549707,6.292024],[-75.549558,6.292373],[-75.550208,6.292415],[-75.550389,6.293462],[-75.550258,6.293573],[-75.550114,6.293799],[-75.550048,6.294007],[-75.55,6.294354],[-75.549834,6.294423],[-75.549583,6.29441],[-75.549416,6.294467],[-75.549053,6.294741],[-75.548943,6.294953],[-75.549364,6.295269],[-75.550113,6.295505],[-75.550147,6.295528],[-75.550172,6.295629],[-75.550334,6.295642],[-75.550441,6.295761],[-75.550557,6.295796],[-75.550601,6.295936],[-75.550505,6.296014],[-75.550503,6.296062],[-75.550621,6.296173],[-75.550726,6.29642],[-75.550845,6.296593],[-75.550653,6.297105],[-75.550574,6.297149],[-75.550328,6.297154],[-75.550249,6.297214],[-75.550235,6.297305],[-75.550287,6.29759],[-75.550223,6.297842],[-75.549058,6.299902],[-75.548754,6.300499],[-75.54863,6.301234],[-75.548699,6.30163],[-75.548554,6.301931],[-75.548699,6.302276],[-75.548756,6.302588],[-75.548274,6.303485],[-75.54827,6.303588],[-75.548321,6.303713],[-75.548405,6.303811],[-75.548442,6.303946],[-75.548423,6.304053],[-75.548284,6.304346],[-75.548028,6.304356],[-75.547949,6.304309],[-75.547874,6.304044],[-75.54759,6.303774],[-75.547251,6.303606],[-75.547106,6.303578],[-75.547009,6.303667],[-75.546887,6.303715],[-75.546768,6.303847],[-75.546567,6.304188],[-75.546212,6.304331],[-75.546051,6.304331],[-75.545704,6.304212],[-75.545381,6.304182],[-75.544897,6.30402],[-75.544276,6.303883],[-75.544239,6.303964],[-75.5442,6.304322],[-75.544289,6.304347],[-75.544427,6.304225],[-75.544503,6.304203],[-75.544703,6.304423],[-75.544957,6.304434],[-75.545039,6.304526],[-75.545149,6.304573],[-75.54535,6.304906],[-75.545586,6.305081],[-75.545675,6.305103],[-75.545722,6.305163],[-75.545747,6.305237],[-75.545692,6.305356],[-75.545811,6.305572],[-75.545997,6.305707],[-75.546078,6.305705],[-75.546133,6.305579],[-75.546343,6.305524],[-75.546488,6.305533],[-75.546714,6.305635],[-75.546772,6.305632],[-75.546981,6.305483],[-75.547096,6.305518],[-75.547216,6.305499],[-75.547259,6.305506],[-75.547544,6.305754],[-75.547963,6.305773],[-75.548021,6.305901],[-75.548297,6.306058],[-75.548392,6.305914],[-75.548602,6.305805],[-75.548622,6.305853],[-75.54859,6.306043],[-75.548629,6.306149],[-75.548694,6.306197],[-75.548764,6.306184],[-75.548892,6.306001],[-75.549072,6.306076],[-75.549253,6.306386],[-75.549458,6.306511],[-75.549526,6.306684],[-75.549611,6.306774],[-75.549787,6.306784],[-75.550004,6.306546],[-75.550098,6.306542],[-75.550202,6.306583],[-75.550366,6.30655],[-75.550504,6.306624],[-75.550611,6.306733],[-75.550746,6.30705],[-75.550801,6.30711],[-75.551024,6.30708],[-75.551477,6.3071],[-75.551587,6.307061],[-75.551755,6.307077],[-75.551932,6.307152],[-75.552031,6.307232],[-75.552109,6.307481],[-75.552142,6.307505],[-75.552337,6.307529],[-75.552823,6.30746],[-75.553107,6.307498],[-75.555009,6.308164],[-75.555405,6.308613],[-75.555666,6.308746],[-75.555757,6.308831],[-75.55592,6.309008],[-75.55596,6.309151],[-75.556078,6.309285],[-75.5565,6.309541],[-75.556593,6.309659],[-75.55675,6.309681],[-75.556894,6.309751],[-75.556934,6.309957],[-75.557035,6.310074]]]},"properties":{"CODIGO":"02","NOMBRE":"Santa Cruz","IDENTIFICACION":"Comuna 2","LIMITEMUNICIPIOID":"001","SUBTIPO_COMUNACORREGIMIENTO":1,"MUNICIPIO":"Medellin","CODIGO_MUN":"001","SIMBOLOGIA":"COMUNA 2"}},{"type":"Feature","id":3,"geometry":{"type":"Polygon","coordinates":[[[-75.542523,6.286325],[-75.542688,6.286336],[-75.54285,6.286204],[-75.543037,6.286163],[-75.543185,6.28593],[-75.543349,6.28582],[-75.543566,6.285799],[-75.54366,6.285882],[-75.543733,6.285891],[-75.54395,6.285787],[-75.544285,6.285896],[-75.544517,6.285833],[-75.544579,6.285802],[-75.544696,6.285596],[-75.544761,6.285547],[-75.544974,6.285614],[-75.545099,6.28554],[-75.545241,6.285519],[-75.545392,6.285422],[-75.54544,6.285351],[-75.545525,6.285344],[-75.545697,6.285184],[-75.546216,6.285139],[-75.546344,6.285028],[-75.546777,6.284795],[-75.546917,6.284838],[-75.547061,6.284819],[-75.547203,6.284857],[-75.547245,6.284886],[-75.547357,6.285135],[-75.547574,6.28513],[-75.547715,6.285033],[-75.547827,6.28518],[-75.548069,6.285345],[-75.548117,6.285324],[-75.548213,6.285186],[-75.548369,6.285174],[-75.54853,6.285208],[-75.548668,6.285065],[-75.548764,6.285073],[-75.548912,6.285261],[-75.548973,6.285283],[-75.549052,6.285239],[-75.549086,6.28517],[-75.549277,6.285113],[-75.549383,6.285037],[-75.549523,6.284989],[-75.549567,6.284987],[-75.549631,6.285069],[-75.549911,6.285114],[-75.550157,6.285041],[-75.550243,6.285057],[-75.55033,6.285129],[-75.550458,6.285084],[-75.55087,6.285266],[-75.551262,6.285378],[-75.551447,6.285521],[-75.551477,6.285634],[-75.551617,6.285659],[-75.551793,6.285586],[-75.551822,6.285626],[-75.551799,6.285831],[-75.551824,6.285879],[-75.552004,6.285846],[-75.552176,6.285867],[-75.55217,6.285983],[-75.552415,6.286104],[-75.552642,6.286304],[-75.552694,6.285626],[-75.552733,6.284152],[-75.552787,6.283305],[-75.552833,6.283221],[-75.552879,6.282336],[-75.552862,6.282172],[-75.552606,6.281555],[-75.552616,6.281304],[-75.554945,6.268182],[-75.555671,6.262003],[-75.555934,6.26147],[-75.556107,6.26139],[-75.556283,6.261399],[-75.555852,6.261],[-75.555723,6.261011],[-75.555597,6.261098],[-75.555529,6.261056],[-75.555267,6.260747],[-75.55494,6.260645],[-75.554581,6.260664],[-75.554472,6.260754],[-75.554146,6.260884],[-75.5535,6.261094],[-75.553404,6.261165],[-75.553328,6.261284],[-75.553158,6.261313],[-75.552916,6.261459],[-75.552788,6.261467],[-75.552706,6.261415],[-75.552673,6.261453],[-75.552654,6.261638],[-75.552557,6.261649],[-75.552465,6.261752],[-75.552396,6.261724],[-75.552345,6.261741],[-75.552171,6.262043],[-75.55209,6.262089],[-75.551926,6.262093],[-75.551814,6.262163],[-75.551722,6.262177],[-75.551601,6.262287],[-75.551438,6.262345],[-75.551297,6.262518],[-75.551231,6.262549],[-75.551074,6.262444],[-75.550768,6.262367],[-75.550486,6.262391],[-75.550325,6.262354],[-75.550022,6.26216],[-75.550003,6.262098],[-75.549923,6.262084],[-75.549746,6.261898],[-75.549584,6.261787],[-75.549156,6.261587],[-75.54904,6.261592],[-75.548768,6.261701],[-75.548725,6.261795],[-75.548445,6.261409],[-75.548404,6.261081],[-75.548164,6.261069],[-75.54817,6.26117],[-75.547584,6.261157],[-75.547545,6.261063],[-75.547158,6.261044],[-75.547108,6.261069],[-75.547084,6.261124],[-75.546837,6.262051],[-75.54658,6.262108],[-75.546327,6.262103],[-75.546033,6.262201],[-75.545698,6.262137],[-75.544967,6.261605],[-75.544849,6.261562],[-75.544147,6.261452],[-75.543356,6.261274],[-75.543106,6.261246],[-75.543081,6.26131],[-75.543012,6.261331],[-75.542797,6.261287],[-75.542749,6.261614],[-75.542711,6.261577],[-75.542319,6.261496],[-75.541956,6.261505],[-75.541831,6.261596],[-75.541481,6.261712],[-75.541185,6.261661],[-75.540875,6.261534],[-75.540411,6.261484],[-75.540261,6.261408],[-75.540065,6.261378],[-75.539864,6.261259],[-75.539589,6.261154],[-75.539209,6.261115],[-75.539159,6.261133],[-75.539179,6.261166],[-75.539127,6.261323],[-75.539289,6.261735],[-75.53926,6.262074],[-75.539186,6.262168],[-75.538941,6.262325],[-75.539017,6.262419],[-75.539047,6.262514],[-75.539003,6.262753],[-75.538905,6.263098],[-75.538859,6.263159],[-75.538761,6.263197],[-75.538868,6.263436],[-75.538954,6.26379],[-75.538929,6.264426],[-75.539076,6.26507],[-75.539017,6.265243],[-75.538988,6.265476],[-75.538882,6.265625],[-75.53857,6.265735],[-75.538388,6.265885],[-75.53825,6.265954],[-75.538014,6.266008],[-75.537834,6.265979],[-75.537712,6.266152],[-75.537449,6.26609],[-75.537398,6.266048],[-75.537401,6.266105],[-75.537347,6.266178],[-75.537362,6.2663],[-75.537248,6.266333],[-75.537086,6.266462],[-75.536889,6.266373],[-75.536667,6.266335],[-75.536517,6.266208],[-75.536388,6.266205],[-75.53637,6.266147],[-75.536092,6.266347],[-75.536025,6.266325],[-75.535963,6.266241],[-75.535884,6.266215],[-75.535644,6.266337],[-75.535415,6.266328],[-75.534797,6.266532],[-75.53466,6.266501],[-75.534371,6.266531],[-75.53426,6.266512],[-75.534003,6.266412],[-75.533857,6.266268],[-75.533671,6.266319],[-75.533509,6.266324],[-75.533248,6.266235],[-75.533054,6.266053],[-75.532908,6.266058],[-75.532797,6.266112],[-75.532596,6.266142],[-75.532168,6.266074],[-75.531998,6.266143],[-75.532155,6.266162],[-75.532067,6.266364],[-75.532208,6.266368],[-75.532668,6.266613],[-75.532817,6.26698],[-75.533002,6.26705],[-75.533104,6.267173],[-75.533122,6.267283],[-75.53322,6.267439],[-75.533212,6.26749],[-75.53332,6.267522],[-75.533596,6.26772],[-75.533798,6.268289],[-75.534032,6.268505],[-75.534061,6.268722],[-75.534113,6.268787],[-75.534189,6.269118],[-75.534138,6.269436],[-75.534277,6.269665],[-75.534317,6.269863],[-75.534398,6.270001],[-75.534383,6.27013],[-75.534219,6.270272],[-75.534543,6.270423],[-75.534755,6.270591],[-75.534811,6.270684],[-75.535006,6.27075],[-75.535135,6.270843],[-75.535402,6.271212],[-75.535676,6.271247],[-75.535793,6.271186],[-75.535839,6.271203],[-75.536123,6.271494],[-75.536259,6.271744],[-75.536284,6.271882],[-75.536415,6.272048],[-75.536495,6.272248],[-75.536617,6.272356],[-75.536828,6.272396],[-75.536978,6.27255],[-75.536948,6.272707],[-75.536864,6.272758],[-75.536789,6.272978],[-75.536696,6.273115],[-75.536716,6.273339],[-75.536601,6.273495],[-75.536599,6.273609],[-75.536537,6.273769],[-75.536527,6.273907],[-75.536659,6.27408],[-75.536642,6.274182],[-75.535431,6.274658],[-75.535214,6.274782],[-75.535006,6.274975],[-75.534876,6.275034],[-75.535359,6.275257],[-75.53554,6.275401],[-75.535863,6.275414],[-75.536078,6.275553],[-75.536456,6.275672],[-75.536539,6.27576],[-75.5365,6.275912],[-75.536222,6.276141],[-75.536092,6.276501],[-75.535997,6.276629],[-75.535977,6.276751],[-75.536023,6.276971],[-75.536283,6.276911],[-75.536337,6.276955],[-75.536438,6.277156],[-75.536376,6.277265],[-75.53637,6.277354],[-75.536628,6.277912],[-75.536631,6.278209],[-75.536698,6.278597],[-75.536731,6.278601],[-75.536898,6.278899],[-75.536976,6.278919],[-75.537216,6.279108],[-75.537406,6.279345],[-75.537655,6.279431],[-75.53781,6.279456],[-75.538156,6.279429],[-75.538303,6.279309],[-75.538417,6.27905],[-75.538464,6.279008],[-75.538633,6.278963],[-75.538898,6.278954],[-75.538955,6.27902],[-75.538958,6.279127],[-75.538997,6.279137],[-75.539013,6.279199],[-75.539047,6.2792],[-75.539101,6.279288],[-75.539122,6.279407],[-75.539193,6.279537],[-75.539169,6.27974],[-75.539309,6.280009],[-75.539301,6.280138],[-75.539254,6.280151],[-75.539228,6.280213],[-75.539144,6.280808],[-75.538991,6.28104],[-75.538795,6.281214],[-75.53866,6.28143],[-75.538717,6.281586],[-75.538713,6.281712],[-75.538526,6.281828],[-75.537674,6.281878],[-75.537486,6.281963],[-75.53741,6.282044],[-75.537295,6.282336],[-75.537328,6.282584],[-75.537439,6.28299],[-75.537406,6.283323],[-75.537354,6.283474],[-75.537281,6.283533],[-75.537221,6.283676],[-75.536949,6.284031],[-75.536856,6.284112],[-75.536752,6.284481],[-75.536584,6.284507],[-75.536491,6.284647],[-75.536456,6.28482],[-75.536169,6.284976],[-75.536263,6.284959],[-75.536598,6.285016],[-75.536778,6.285103],[-75.536859,6.28509],[-75.536998,6.285157],[-75.53709,6.285291],[-75.537325,6.285447],[-75.537606,6.285909],[-75.537826,6.286009],[-75.537918,6.286002],[-75.538153,6.286073],[-75.539074,6.286033],[-75.539127,6.286105],[-75.539271,6.28613],[-75.539427,6.286009],[-75.539741,6.285946],[-75.539832,6.285879],[-75.540054,6.285955],[-75.540148,6.286045],[-75.540275,6.28607],[-75.540406,6.286048],[-75.540632,6.286297],[-75.5407,6.286331],[-75.540964,6.286284],[-75.54124,6.286056],[-75.541324,6.286063],[-75.541617,6.286275],[-75.541884,6.286264],[-75.542087,6.286332],[-75.542245,6.286291],[-75.54238,6.28633],[-75.542523,6.286325]]]},"properties":{"CODIGO":"03","NOMBRE":"Manrique","IDENTIFICACION":"Comuna 3","LIMITEMUNICIPIOID":"001","SUBTIPO_COMUNACORREGIMIENTO":1,"MUNICIPIO":"Medellin","CODIGO_MUN":"001","SIMBOLOGIA":"COMUNA 3"}},{"type":"Feature","id":4,"geometry":{"type":"Polygon","coordinates":[[[-75.562292,6.291262],[-75.56282,6.291458],[-75.563334,6.29171],[-75.563389,6.291422],[-75.563586,6.291203],[-75.563892,6.290754],[-75.564792,6.289875],[-75.565114,6.289465],[-75.565331,6.289086],[-75.565479,6.288721],[-75.565527,6.288538],[-75.565556,6.288081],[-75.565801,6.2868],[-75.566039,6.286029],[-75.566132,6.285845],[-75.566328,6.285498],[-75.566612,6.285129],[-75.567417,6.284443],[-75.56776,6.284318],[-75.567886,6.284227],[-75.568169,6.283792],[-75.568334,6.283281],[-75.568414,6.281832],[-75.568548,6.280813],[-75.569917,6.274895],[-75.57209,6.265174],[-75.564262,6.263942],[-75.564053,6.26392],[-75.563558,6.263992],[-75.563262,6.264083],[-75.557674,6.263098],[-75.558306,6.262226],[-75.558138,6.262324],[-75.558015,6.262343],[-75.557216,6.26222],[-75.557028,6.262101],[-75.556283,6.261399],[-75.556107,6.26139],[-75.556004,6.261418],[-75.555864,6.261569],[-75.555671,6.262003],[-75.555612,6.262335],[-75.554945,6.268182],[-75.552616,6.281304],[-75.552606,6.281555],[-75.552862,6.282172],[-75.552879,6.282336],[-75.552833,6.283221],[-75.552787,6.283305],[-75.552733,6.284152],[-75.552694,6.285626],[-75.552642,6.286304],[-75.552842,6.286443],[-75.552864,6.28655],[-75.553027,6.286797],[-75.553143,6.286837],[-75.553237,6.28681],[-75.553322,6.286854],[-75.553435,6.286806],[-75.553664,6.286871],[-75.553921,6.286851],[-75.554017,6.287077],[-75.554076,6.287142],[-75.554215,6.287217],[-75.554414,6.287214],[-75.55443,6.287273],[-75.55458,6.287332],[-75.554685,6.28762],[-75.554821,6.287632],[-75.554887,6.287681],[-75.554942,6.287942],[-75.555205,6.288104],[-75.555326,6.288263],[-75.555483,6.288385],[-75.555508,6.288464],[-75.555635,6.288574],[-75.555697,6.288698],[-75.555758,6.288743],[-75.55578,6.288919],[-75.555947,6.288937],[-75.556069,6.289079],[-75.55695,6.289117],[-75.557398,6.289063],[-75.557534,6.289138],[-75.557587,6.289279],[-75.55763,6.289316],[-75.557815,6.289328],[-75.557899,6.28928],[-75.557992,6.289052],[-75.558265,6.288917],[-75.558564,6.288985],[-75.558821,6.289117],[-75.559143,6.289123],[-75.559345,6.289257],[-75.559552,6.289201],[-75.55972,6.289228],[-75.559831,6.289303],[-75.559854,6.289396],[-75.559653,6.289646],[-75.559646,6.289799],[-75.559742,6.28989],[-75.55997,6.289842],[-75.560161,6.289931],[-75.560199,6.290256],[-75.56028,6.290429],[-75.560325,6.290735],[-75.560394,6.290848],[-75.560483,6.290884],[-75.56079,6.29089],[-75.560922,6.290924],[-75.561005,6.290971],[-75.561195,6.291176],[-75.561299,6.291212],[-75.56185,6.291052],[-75.561923,6.291077],[-75.562099,6.291274],[-75.562292,6.291262]]]},"properties":{"CODIGO":"04","NOMBRE":"Aranjuez","IDENTIFICACION":"Comuna 4","LIMITEMUNICIPIOID":"001","SUBTIPO_COMUNACORREGIMIENTO":1,"MUNICIPIO":"Medellin","CODIGO_MUN":"001","SIMBOLOGIA":"COMUNA 4"}},{"type":"Feature","id":5,"geometry":{"type":"Polygon","coordinates":[[[-75.56566,6.31261],[-75.565808,6.312659],[-75.565956,6.312834],[-75.566124,6.312846],[-75.566592,6.312753],[-75.566788,6.312608],[-75.567098,6.312677],[-75.567306,6.312667],[-75.567497,6.312462],[-75.567718,6.312368],[-75.567756,6.312194],[-75.567899,6.312142],[-75.568217,6.312299],[-75.568533,6.312305],[-75.568734,6.31224],[-75.56893,6.312027],[-75.569593,6.311003],[-75.569695,6.310899],[-75.569789,6.310866],[-75.570274,6.310904],[-75.570807,6.310822],[-75.570975,6.310751],[-75.571164,6.310592],[-75.571268,6.310568],[-75.571716,6.309148],[-75.571938,6.308218],[-75.571943,6.308014],[-75.571841,6.307558],[-75.571902,6.306759],[-75.572033,6.305747],[-75.57155,6.305738],[-75.571588,6.304874],[-75.570606,6.30487],[-75.570492,6.304906],[-75.569095,6.304895],[-75.568751,6.30325],[-75.568801,6.302935],[-75.569515,6.301479],[-75.570122,6.300351],[-75.570498,6.300546],[-75.570804,6.299581],[-75.570945,6.299367],[-75.57123,6.299287],[-75.572079,6.299432],[-75.572195,6.29942],[-75.572302,6.299357],[-75.572503,6.299151],[-75.572854,6.29874],[-75.57286,6.298543],[-75.572661,6.297996],[-75.572665,6.297831],[-75.573104,6.297173],[-75.573494,6.295915],[-75.576035,6.2883],[-75.57827,6.289067],[-75.578832,6.287388],[-75.580033,6.285528],[-75.580323,6.285017],[-75.580376,6.284793],[-75.580197,6.284777],[-75.580065,6.284723],[-75.579789,6.284528],[-75.579587,6.284311],[-75.579378,6.284145],[-75.579061,6.284034],[-75.578766,6.28398],[-75.578689,6.283901],[-75.578651,6.283797],[-75.578399,6.283811],[-75.577798,6.283629],[-75.577428,6.283316],[-75.577149,6.283143],[-75.57686,6.28322],[-75.576587,6.283108],[-75.576438,6.282951],[-75.576447,6.282688],[-75.576417,6.282652],[-75.57577,6.282231],[-75.57555,6.281935],[-75.575249,6.281889],[-75.574968,6.281991],[-75.574832,6.282003],[-75.574768,6.281942],[-75.574676,6.281732],[-75.574299,6.281578],[-75.573652,6.28103],[-75.573559,6.281013],[-75.573169,6.281057],[-75.572518,6.280916],[-75.572353,6.280853],[-75.572411,6.280473],[-75.572834,6.280505],[-75.57424,6.280859],[-75.574367,6.280275],[-75.574439,6.280142],[-75.574881,6.279731],[-75.575201,6.279538],[-75.575415,6.279457],[-75.575044,6.279045],[-75.574987,6.279131],[-75.574173,6.278358],[-75.574404,6.278058],[-75.575152,6.277229],[-75.575276,6.277291],[-75.575982,6.27784],[-75.577249,6.278867],[-75.577271,6.2788],[-75.578137,6.277804],[-75.578217,6.277675],[-75.57872,6.277214],[-75.578181,6.276698],[-75.578743,6.275933],[-75.578768,6.275762],[-75.578728,6.275361],[-75.578846,6.274762],[-75.579655,6.273683],[-75.579786,6.273581],[-75.579944,6.273529],[-75.579948,6.273155],[-75.57989,6.272565],[-75.57984,6.272407],[-75.579699,6.272217],[-75.578367,6.271266],[-75.576153,6.269602],[-75.5768,6.268018],[-75.577163,6.266383],[-75.576881,6.266662],[-75.576659,6.266665],[-75.576487,6.266574],[-75.576383,6.266468],[-75.576275,6.266467],[-75.575605,6.265896],[-75.575183,6.265685],[-75.574883,6.265607],[-75.572089,6.265174],[-75.569917,6.274895],[-75.568548,6.280813],[-75.568414,6.281832],[-75.568334,6.283281],[-75.568169,6.283792],[-75.567886,6.284227],[-75.56776,6.284318],[-75.567417,6.284443],[-75.566612,6.285129],[-75.566328,6.285498],[-75.566132,6.285845],[-75.566039,6.286029],[-75.565801,6.2868],[-75.565556,6.288081],[-75.565527,6.288538],[-75.565436,6.288873],[-75.565114,6.289465],[-75.564792,6.289875],[-75.563892,6.290754],[-75.563586,6.291203],[-75.563389,6.291422],[-75.563286,6.291894],[-75.563201,6.292098],[-75.563074,6.292801],[-75.562568,6.293789],[-75.562333,6.294061],[-75.561323,6.294499],[-75.561058,6.29466],[-75.560805,6.294895],[-75.560605,6.295004],[-75.56,6.295461],[-75.55987,6.295635],[-75.5597,6.296053],[-75.559466,6.297437],[-75.55899,6.298125],[-75.558735,6.298693],[-75.558648,6.298798],[-75.558168,6.300029],[-75.558138,6.300194],[-75.558051,6.30046],[-75.557959,6.300612],[-75.557846,6.30103],[-75.557759,6.301222],[-75.557624,6.301413],[-75.557374,6.301952],[-75.557122,6.302709],[-75.556982,6.303312],[-75.556876,6.304157],[-75.556941,6.304984],[-75.557063,6.305424],[-75.557176,6.306199],[-75.55714,6.306563],[-75.557141,6.307146],[-75.557081,6.307409],[-75.55712,6.307616],[-75.5571,6.307997],[-75.557185,6.308487],[-75.557386,6.309085],[-75.557405,6.30938],[-75.557367,6.3097],[-75.557262,6.309999],[-75.557106,6.31029],[-75.556308,6.311391],[-75.556938,6.311712],[-75.557449,6.311943],[-75.557919,6.312111],[-75.558229,6.312268],[-75.558682,6.312266],[-75.558864,6.312086],[-75.559078,6.312009],[-75.559232,6.312005],[-75.559532,6.312113],[-75.560027,6.312154],[-75.560254,6.312047],[-75.560602,6.312094],[-75.561018,6.311972],[-75.56136,6.312159],[-75.561479,6.312164],[-75.56183,6.311978],[-75.562031,6.311979],[-75.562213,6.312026],[-75.562502,6.311917],[-75.56275,6.31204],[-75.562892,6.312069],[-75.563089,6.312076],[-75.563333,6.312008],[-75.563463,6.312041],[-75.563848,6.312054],[-75.564208,6.311882],[-75.564534,6.311946],[-75.564768,6.312138],[-75.565091,6.31223],[-75.565447,6.312518],[-75.56566,6.31261]]]},"properties":{"CODIGO":"05","NOMBRE":"Castilla","IDENTIFICACION":"Comuna 5","LIMITEMUNICIPIOID":"001","SUBTIPO_COMUNACORREGIMIENTO":1,"MUNICIPIO":"Medellin","CODIGO_MUN":"001","SIMBOLOGIA":"COMUNA 5"}},{"type":"Feature","id":6,"geometry":{"type":"Polygon","coordinates":[[[-75.575859,6.310929],[-75.576083,6.311149],[-75.576457,6.311236],[-75.576584,6.311201],[-75.576661,6.31112],[-75.576708,6.310955],[-75.577037,6.310751],[-75.577133,6.310742],[-75.577199,6.310781],[-75.577333,6.310787],[-75.577495,6.310712],[-75.577641,6.310742],[-75.577691,6.310717],[-75.577791,6.310566],[-75.577968,6.310505],[-75.57814,6.310522],[-75.57846,6.310437],[-75.578677,6.310465],[-75.579067,6.310123],[-75.579271,6.310109],[-75.579404,6.309951],[-75.579567,6.309924],[-75.579765,6.309807],[-75.579967,6.309787],[-75.580156,6.309684],[-75.580177,6.309615],[-75.580542,6.309541],[-75.580692,6.309463],[-75.580782,6.309348],[-75.580951,6.309243],[-75.58164,6.308963],[-75.581722,6.308976],[-75.581879,6.309077],[-75.581988,6.309063],[-75.582315,6.309162],[-75.582414,6.309282],[-75.582613,6.309395],[-75.582779,6.309376],[-75.583014,6.309418],[-75.583404,6.309229],[-75.583586,6.309323],[-75.584102,6.30926],[-75.58425,6.309281],[-75.584435,6.309367],[-75.584695,6.309266],[-75.584764,6.309328],[-75.584978,6.309359],[-75.585078,6.30941],[-75.585284,6.309681],[-75.585582,6.30984],[-75.585767,6.309837],[-75.585869,6.309885],[-75.586015,6.31005],[-75.586181,6.31007],[-75.586468,6.310039],[-75.586443,6.309947],[-75.586507,6.309873],[-75.586461,6.309717],[-75.586552,6.309518],[-75.586515,6.309339],[-75.586446,6.309226],[-75.586256,6.309105],[-75.586446,6.308768],[-75.586456,6.308358],[-75.586574,6.308033],[-75.586792,6.307789],[-75.586927,6.30773],[-75.586904,6.307648],[-75.586923,6.307597],[-75.586672,6.307293],[-75.586536,6.307234],[-75.586411,6.307098],[-75.586348,6.30711],[-75.586273,6.307072],[-75.586224,6.30709],[-75.586034,6.307034],[-75.586013,6.306968],[-75.586054,6.306843],[-75.586022,6.306797],[-75.58574,6.30682],[-75.585632,6.306751],[-75.585783,6.306427],[-75.585968,6.306338],[-75.586,6.306254],[-75.585955,6.306171],[-75.585829,6.306139],[-75.585761,6.306006],[-75.585759,6.30597],[-75.585836,6.305884],[-75.585884,6.305696],[-75.585846,6.305642],[-75.585764,6.305673],[-75.585734,6.305653],[-75.585725,6.305542],[-75.585618,6.305269],[-75.584622,6.305163],[-75.584467,6.304877],[-75.584124,6.304849],[-75.584087,6.304621],[-75.583926,6.304321],[-75.583867,6.304062],[-75.583916,6.303808],[-75.583898,6.303737],[-75.583955,6.303538],[-75.583855,6.303159],[-75.583922,6.303071],[-75.584243,6.302872],[-75.584265,6.302765],[-75.58422,6.302623],[-75.584242,6.302551],[-75.584324,6.302481],[-75.584834,6.302717],[-75.584961,6.302609],[-75.585141,6.30229],[-75.58566,6.302567],[-75.585803,6.302538],[-75.586018,6.302436],[-75.586305,6.301956],[-75.586407,6.301867],[-75.586374,6.301702],[-75.586195,6.301646],[-75.586154,6.301482],[-75.586241,6.301428],[-75.586419,6.301396],[-75.586543,6.301229],[-75.586583,6.301223],[-75.586467,6.300978],[-75.586694,6.300697],[-75.586751,6.300563],[-75.585999,6.300107],[-75.586054,6.300049],[-75.586047,6.299882],[-75.586113,6.299665],[-75.586091,6.299536],[-75.58612,6.299462],[-75.58624,6.299359],[-75.586372,6.299164],[-75.586573,6.299176],[-75.586506,6.298988],[-75.586551,6.298883],[-75.586693,6.298688],[-75.586808,6.298635],[-75.586948,6.298513],[-75.586815,6.298341],[-75.586678,6.298269],[-75.586617,6.298281],[-75.586341,6.298473],[-75.586329,6.29839],[-75.586482,6.298141],[-75.586722,6.298042],[-75.586805,6.297949],[-75.586908,6.297968],[-75.586794,6.297806],[-75.586595,6.297732],[-75.586552,6.297685],[-75.586321,6.297049],[-75.586364,6.297054],[-75.586405,6.297011],[-75.586453,6.296883],[-75.586596,6.296749],[-75.586937,6.296542],[-75.587008,6.29636],[-75.587,6.296166],[-75.58707,6.296013],[-75.587049,6.29595],[-75.587143,6.295902],[-75.587119,6.295812],[-75.587173,6.295699],[-75.587353,6.295591],[-75.587471,6.295601],[-75.587533,6.295491],[-75.587673,6.295401],[-75.587889,6.295143],[-75.588057,6.295036],[-75.588271,6.294949],[-75.588359,6.295017],[-75.5883,6.294912],[-75.588207,6.294853],[-75.588023,6.294813],[-75.587916,6.294841],[-75.587696,6.294816],[-75.587553,6.294573],[-75.587388,6.294374],[-75.587366,6.294265],[-75.587398,6.2941],[-75.587337,6.293849],[-75.587253,6.293773],[-75.587212,6.293623],[-75.587122,6.293561],[-75.587071,6.293473],[-75.586951,6.293398],[-75.5869,6.293265],[-75.586851,6.293256],[-75.586712,6.293342],[-75.586625,6.293347],[-75.586515,6.293241],[-75.586129,6.293185],[-75.586056,6.293296],[-75.586015,6.293309],[-75.58588,6.293234],[-75.585839,6.293115],[-75.585757,6.293022],[-75.585637,6.292994],[-75.585525,6.292713],[-75.585407,6.29269],[-75.585214,6.29255],[-75.585038,6.292352],[-75.584997,6.29214],[-75.585256,6.291835],[-75.585453,6.291721],[-75.586044,6.291572],[-75.586201,6.291483],[-75.586312,6.291376],[-75.58652,6.290941],[-75.586547,6.289978],[-75.586623,6.289852],[-75.58681,6.289742],[-75.58675,6.289663],[-75.586765,6.289308],[-75.586664,6.289239],[-75.586628,6.289137],[-75.586547,6.289057],[-75.586301,6.288898],[-75.586259,6.288798],[-75.58616,6.288735],[-75.586114,6.288613],[-75.586045,6.288548],[-75.585894,6.288476],[-75.585759,6.288475],[-75.585565,6.288262],[-75.585296,6.288169],[-75.585159,6.288007],[-75.584842,6.2878],[-75.584742,6.287516],[-75.584603,6.287348],[-75.584529,6.28743],[-75.584143,6.287444],[-75.584307,6.28676],[-75.584124,6.286605],[-75.584025,6.286244],[-75.583906,6.286055],[-75.583354,6.285852],[-75.583046,6.285592],[-75.582622,6.285493],[-75.582515,6.285426],[-75.582314,6.285195],[-75.582211,6.285134],[-75.58205,6.285122],[-75.581866,6.285156],[-75.581654,6.285105],[-75.581132,6.284902],[-75.580376,6.284793],[-75.580323,6.285017],[-75.580033,6.285528],[-75.578832,6.287388],[-75.57827,6.289067],[-75.576035,6.2883],[-75.573494,6.295915],[-75.573104,6.297173],[-75.572665,6.297831],[-75.572661,6.297996],[-75.57286,6.298543],[-75.572854,6.29874],[-75.572503,6.299151],[-75.572302,6.299357],[-75.572195,6.29942],[-75.572079,6.299432],[-75.57123,6.299287],[-75.570945,6.299367],[-75.570804,6.299581],[-75.570498,6.300546],[-75.570122,6.300351],[-75.569515,6.301479],[-75.568801,6.302935],[-75.568751,6.30325],[-75.569095,6.304895],[-75.570492,6.304906],[-75.570606,6.30487],[-75.571588,6.304874],[-75.57155,6.305738],[-75.572033,6.305747],[-75.571902,6.306759],[-75.571841,6.307558],[-75.571943,6.308014],[-75.571938,6.308218],[-75.571716,6.309148],[-75.571268,6.310568],[-75.571393,6.310498],[-75.571539,6.310529],[-75.571614,6.310619],[-75.571635,6.310801],[-75.571819,6.310971],[-75.572024,6.310928],[-75.572273,6.310703],[-75.572538,6.31073],[-75.572761,6.310637],[-75.57293,6.310746],[-75.573323,6.310747],[-75.573507,6.310847],[-75.573717,6.310844],[-75.573858,6.310716],[-75.573913,6.310706],[-75.574074,6.310714],[-75.574169,6.310772],[-75.574323,6.310758],[-75.574435,6.310784],[-75.574528,6.310756],[-75.574737,6.310861],[-75.574983,6.310823],[-75.575241,6.310853],[-75.575435,6.310896],[-75.575667,6.311054],[-75.57574,6.311034],[-75.575814,6.310927],[-75.575859,6.310929]]]},"properties":{"CODIGO":"06","NOMBRE":"Doce de Octubre","IDENTIFICACION":"Comuna 6","LIMITEMUNICIPIOID":"001","SUBTIPO_COMUNACORREGIMIENTO":1,"MUNICIPIO":"Medellin","CODIGO_MUN":"001","SIMBOLOGIA":"COMUNA 6"}},{"type":"Feature","id":7,"geometry":{"type":"Polygon","coordinates":[[[-75.5905,6.295925],[-75.590638,6.296237],[-75.590664,6.296236],[-75.590687,6.296065],[-75.59072,6.296021],[-75.590711,6.295924],[-75.590766,6.295922],[-75.590921,6.295793],[-75.591121,6.295565],[-75.591345,6.295527],[-75.591526,6.295416],[-75.591627,6.295259],[-75.59169,6.295224],[-75.591915,6.295271],[-75.591939,6.295311],[-75.592132,6.295294],[-75.592309,6.295442],[-75.592656,6.295657],[-75.592743,6.29583],[-75.592896,6.295654],[-75.592934,6.295505],[-75.593,6.295406],[-75.593105,6.295336],[-75.593302,6.295106],[-75.593526,6.295124],[-75.593701,6.295174],[-75.593748,6.295218],[-75.593764,6.295142],[-75.593921,6.295038],[-75.594073,6.294963],[-75.59424,6.294934],[-75.594404,6.29496],[-75.5947,6.295091],[-75.594825,6.295115],[-75.596041,6.295117],[-75.595811,6.294372],[-75.595872,6.294381],[-75.595939,6.294313],[-75.596032,6.294367],[-75.596077,6.294332],[-75.596116,6.294224],[-75.596228,6.294176],[-75.596396,6.294204],[-75.596565,6.29411],[-75.596798,6.294186],[-75.596862,6.294107],[-75.597084,6.294067],[-75.597144,6.293998],[-75.597341,6.294027],[-75.597255,6.293801],[-75.597114,6.293572],[-75.5972,6.293423],[-75.59717,6.293277],[-75.597493,6.29295],[-75.597469,6.292913],[-75.597389,6.29293],[-75.597419,6.292796],[-75.597527,6.292662],[-75.597593,6.292502],[-75.597712,6.292329],[-75.597964,6.292314],[-75.597884,6.292292],[-75.597902,6.292279],[-75.598225,6.29228],[-75.598306,6.292166],[-75.598435,6.292131],[-75.598547,6.292139],[-75.598732,6.291932],[-75.598878,6.29196],[-75.599075,6.291859],[-75.599295,6.291916],[-75.599298,6.291974],[-75.599482,6.291958],[-75.599521,6.292077],[-75.599624,6.29212],[-75.599671,6.291982],[-75.599814,6.291876],[-75.599773,6.291778],[-75.599807,6.291696],[-75.59976,6.291647],[-75.599753,6.29156],[-75.599921,6.291474],[-75.599969,6.291396],[-75.600195,6.291377],[-75.600318,6.291431],[-75.600494,6.291378],[-75.601003,6.291374],[-75.601248,6.291503],[-75.601308,6.291265],[-75.601357,6.291208],[-75.601495,6.291151],[-75.601623,6.291185],[-75.601795,6.291114],[-75.60189,6.291173],[-75.601952,6.291302],[-75.602023,6.291292],[-75.602188,6.291351],[-75.602232,6.291168],[-75.602265,6.291123],[-75.602402,6.291077],[-75.602427,6.290935],[-75.602522,6.29082],[-75.602726,6.29078],[-75.602895,6.290784],[-75.603062,6.290608],[-75.60331,6.29058],[-75.603381,6.290516],[-75.603553,6.290693],[-75.603882,6.290885],[-75.604101,6.291073],[-75.604315,6.290936],[-75.604656,6.290959],[-75.604711,6.290789],[-75.60496,6.290665],[-75.604745,6.290652],[-75.604576,6.290686],[-75.604323,6.290606],[-75.604084,6.290484],[-75.604018,6.290391],[-75.603886,6.289895],[-75.603562,6.28941],[-75.603399,6.289331],[-75.603221,6.289007],[-75.603135,6.288708],[-75.603006,6.288617],[-75.60274,6.288298],[-75.602442,6.288154],[-75.602308,6.288003],[-75.602286,6.287843],[-75.602108,6.287501],[-75.602087,6.287295],[-75.602238,6.287067],[-75.602332,6.286991],[-75.602374,6.286783],[-75.602329,6.286622],[-75.602354,6.286594],[-75.602465,6.286612],[-75.602783,6.286784],[-75.602831,6.286663],[-75.602806,6.286361],[-75.602904,6.286302],[-75.603007,6.286353],[-75.603078,6.286333],[-75.603362,6.286053],[-75.603456,6.285875],[-75.603586,6.28591],[-75.603703,6.285793],[-75.603708,6.285699],[-75.60383,6.28564],[-75.603882,6.285495],[-75.603974,6.285479],[-75.604082,6.285516],[-75.604113,6.285641],[-75.604211,6.28572],[-75.604292,6.285578],[-75.604374,6.285509],[-75.60445,6.285486],[-75.604525,6.285508],[-75.604947,6.285827],[-75.605038,6.285994],[-75.605058,6.286191],[-75.60511,6.286154],[-75.605256,6.28618],[-75.605357,6.286134],[-75.60552,6.286298],[-75.605537,6.286426],[-75.605601,6.286539],[-75.605711,6.286616],[-75.605677,6.286454],[-75.605755,6.286218],[-75.605775,6.285986],[-75.605884,6.285848],[-75.606029,6.28577],[-75.606255,6.285767],[-75.606113,6.285616],[-75.605655,6.285486],[-75.6055,6.285077],[-75.605489,6.28498],[-75.60554,6.284826],[-75.605471,6.284665],[-75.605652,6.284584],[-75.605701,6.284528],[-75.605673,6.284197],[-75.605698,6.284129],[-75.605764,6.284076],[-75.606054,6.284034],[-75.606206,6.284059],[-75.606324,6.284144],[-75.606458,6.284177],[-75.606564,6.284132],[-75.606489,6.284067],[-75.606436,6.28392],[-75.606434,6.283704],[-75.606521,6.283437],[-75.606452,6.283356],[-75.606485,6.283245],[-75.606598,6.283082],[-75.606613,6.282997],[-75.606676,6.282944],[-75.607002,6.283318],[-75.607176,6.283695],[-75.607566,6.284282],[-75.608144,6.28487],[-75.60839,6.285203],[-75.608428,6.285124],[-75.608535,6.285081],[-75.608796,6.284842],[-75.609014,6.284808],[-75.609066,6.284854],[-75.609124,6.284768],[-75.609303,6.284714],[-75.609675,6.284521],[-75.609767,6.28454],[-75.609865,6.284705],[-75.609963,6.284784],[-75.610055,6.284811],[-75.609921,6.284622],[-75.609945,6.284329],[-75.609908,6.284079],[-75.60971,6.283844],[-75.609582,6.283584],[-75.609495,6.283494],[-75.609232,6.283341],[-75.609094,6.283193],[-75.609009,6.282918],[-75.609172,6.282741],[-75.609191,6.282673],[-75.609165,6.282593],[-75.609197,6.282518],[-75.609235,6.282506],[-75.609312,6.282563],[-75.609381,6.282554],[-75.609494,6.282354],[-75.609575,6.282283],[-75.609937,6.282313],[-75.610044,6.282195],[-75.610231,6.282242],[-75.610282,6.282239],[-75.610308,6.2822],[-75.610513,6.282282],[-75.610591,6.282445],[-75.610676,6.282517],[-75.610679,6.282572],[-75.610792,6.282757],[-75.610788,6.28266],[-75.610742,6.282575],[-75.610706,6.282173],[-75.61053,6.281961],[-75.610515,6.281588],[-75.610448,6.281405],[-75.610383,6.281332],[-75.61038,6.281224],[-75.610316,6.281117],[-75.610341,6.281002],[-75.610201,6.280831],[-75.609949,6.280299],[-75.609662,6.280179],[-75.609632,6.28006],[-75.609507,6.27995],[-75.609507,6.279813],[-75.609411,6.279628],[-75.609292,6.279602],[-75.609253,6.279563],[-75.609154,6.279597],[-75.609076,6.279443],[-75.609321,6.279008],[-75.609775,6.278614],[-75.609892,6.278431],[-75.610036,6.278302],[-75.610391,6.278236],[-75.610854,6.277991],[-75.611354,6.277842],[-75.611531,6.277832],[-75.611925,6.277904],[-75.612031,6.277885],[-75.612768,6.277612],[-75.613022,6.277487],[-75.613147,6.277463],[-75.613276,6.277458],[-75.613884,6.277554],[-75.614508,6.277482],[-75.614758,6.277497],[-75.614887,6.277521],[-75.61506,6.277607],[-75.615379,6.277814],[-75.615533,6.277809],[-75.616325,6.277496],[-75.616555,6.277482],[-75.616827,6.277555],[-75.617048,6.277565],[-75.617148,6.277517],[-75.617225,6.277377],[-75.617216,6.277031],[-75.617283,6.276887],[-75.617364,6.276819],[-75.617604,6.276814],[-75.618068,6.276941],[-75.618505,6.276878],[-75.618946,6.276738],[-75.619156,6.276437],[-75.619315,6.276345],[-75.620119,6.276435],[-75.620297,6.276502],[-75.620455,6.276637],[-75.62065,6.276928],[-75.620805,6.277065],[-75.621137,6.277277],[-75.621346,6.277516],[-75.621473,6.277573],[-75.621444,6.277453],[-75.621568,6.276521],[-75.621653,6.276336],[-75.6216,6.276059],[-75.621725,6.275466],[-75.621702,6.275069],[-75.621626,6.275003],[-75.621421,6.274652],[-75.62136,6.274411],[-75.621294,6.274299],[-75.621183,6.27424],[-75.620953,6.274226],[-75.620877,6.274191],[-75.620727,6.274],[-75.620699,6.273816],[-75.620458,6.273649],[-75.620152,6.273623],[-75.61985,6.273527],[-75.619684,6.273189],[-75.619321,6.273015],[-75.619219,6.27291],[-75.619102,6.272885],[-75.619095,6.272847],[-75.619148,6.272804],[-75.619148,6.272765],[-75.618935,6.272683],[-75.618888,6.272402],[-75.618842,6.272333],[-75.618864,6.272055],[-75.61898,6.27182],[-75.619147,6.2716],[-75.6192,6.271396],[-75.619428,6.271032],[-75.619555,6.270884],[-75.619558,6.270796],[-75.619821,6.270404],[-75.619953,6.270269],[-75.620062,6.270072],[-75.619599,6.270113],[-75.61937,6.270095],[-75.618975,6.27016],[-75.618688,6.270111],[-75.618494,6.270116],[-75.618272,6.270193],[-75.618052,6.270352],[-75.617909,6.270409],[-75.617922,6.270582],[-75.617762,6.270473],[-75.617113,6.270654],[-75.61702,6.270617],[-75.616981,6.27066],[-75.616672,6.270773],[-75.616022,6.270856],[-75.615755,6.271044],[-75.615552,6.271127],[-75.615228,6.271202],[-75.615104,6.271203],[-75.614912,6.271123],[-75.614157,6.27109],[-75.613768,6.270942],[-75.613554,6.270964],[-75.612815,6.271181],[-75.612531,6.271465],[-75.612301,6.271611],[-75.612009,6.271709],[-75.611836,6.271833],[-75.611218,6.272387],[-75.610363,6.272662],[-75.610199,6.272667],[-75.609947,6.272543],[-75.608955,6.272334],[-75.608627,6.272424],[-75.608779,6.272532],[-75.609081,6.272559],[-75.609228,6.272633],[-75.609812,6.273107],[-75.610159,6.273249],[-75.610362,6.273419],[-75.61068,6.273558],[-75.610735,6.273616],[-75.610724,6.273748],[-75.610677,6.273799],[-75.610429,6.27366],[-75.610216,6.273598],[-75.609933,6.273674],[-75.609655,6.273493],[-75.609299,6.273441],[-75.608994,6.273837],[-75.608857,6.273923],[-75.608762,6.27404],[-75.608578,6.274085],[-75.608389,6.274061],[-75.608252,6.274128],[-75.608202,6.274185],[-75.608005,6.274236],[-75.607909,6.274423],[-75.607895,6.276676],[-75.607728,6.276538],[-75.607577,6.276462],[-75.607143,6.276335],[-75.606847,6.276388],[-75.606699,6.276487],[-75.606514,6.27652],[-75.606026,6.276489],[-75.605882,6.276452],[-75.605525,6.276285],[-75.605487,6.276221],[-75.605417,6.276205],[-75.605313,6.2761],[-75.605265,6.27602],[-75.605179,6.275999],[-75.605187,6.275938],[-75.604937,6.275689],[-75.604661,6.275586],[-75.604268,6.275352],[-75.60403,6.275263],[-75.60396,6.275289],[-75.603891,6.275256],[-75.60376,6.275257],[-75.603718,6.275225],[-75.603597,6.275232],[-75.60341,6.27539],[-75.603325,6.275578],[-75.603211,6.2757],[-75.60283,6.275742],[-75.602175,6.275351],[-75.601356,6.275046],[-75.601243,6.274944],[-75.600816,6.274718],[-75.600488,6.274694],[-75.600304,6.27472],[-75.600014,6.274821],[-75.599854,6.274767],[-75.599769,6.274674],[-75.599618,6.274674],[-75.599529,6.274605],[-75.599399,6.274618],[-75.599072,6.274421],[-75.599006,6.27428],[-75.599023,6.274228],[-75.598962,6.274203],[-75.598883,6.273954],[-75.59881,6.273907],[-75.598793,6.273857],[-75.598565,6.273723],[-75.598307,6.273658],[-75.597768,6.273618],[-75.597473,6.273492],[-75.597165,6.273289],[-75.596915,6.272992],[-75.596693,6.272818],[-75.596295,6.272723],[-75.595464,6.272767],[-75.595332,6.272727],[-75.594784,6.272391],[-75.59454,6.272195],[-75.593509,6.271062],[-75.593449,6.270931],[-75.593363,6.270515],[-75.593235,6.270279],[-75.592936,6.270045],[-75.592556,6.269589],[-75.592376,6.26927],[-75.59169,6.268686],[-75.591475,6.268355],[-75.591276,6.268198],[-75.590912,6.267783],[-75.59082,6.267627],[-75.59071,6.267555],[-75.590281,6.267092],[-75.589839,6.266763],[-75.589566,6.266641],[-75.588967,6.266233],[-75.588831,6.266173],[-75.588725,6.266196],[-75.588471,6.266073],[-75.588394,6.266018],[-75.588346,6.26592],[-75.58777,6.265578],[-75.587614,6.26537],[-75.587379,6.265213],[-75.587104,6.265119],[-75.586936,6.26497],[-75.586895,6.264907],[-75.586883,6.264798],[-75.586808,6.264684],[-75.586453,6.264364],[-75.586286,6.264071],[-75.58619,6.263751],[-75.586132,6.263403],[-75.585945,6.263052],[-75.585691,6.262827],[-75.585401,6.262692],[-75.585104,6.262422],[-75.584984,6.262104],[-75.584908,6.261736],[-75.584683,6.261383],[-75.584544,6.261259],[-75.583747,6.260931],[-75.583303,6.260652],[-75.582307,6.259874],[-75.58201,6.259698],[-75.581831,6.259618],[-75.58168,6.259615],[-75.579818,6.259044],[-75.579336,6.25903],[-75.579064,6.258936],[-75.578818,6.258894],[-75.577446,6.258929],[-75.576768,6.259024],[-75.576665,6.259111],[-75.576267,6.259205],[-75.576117,6.259192],[-75.57513,6.259532],[-75.574976,6.259549],[-75.574689,6.259683],[-75.574189,6.259699],[-75.573674,6.260695],[-75.57307,6.262143],[-75.57249,6.263758],[-75.572089,6.265174],[-75.575133,6.265666],[-75.575713,6.265969],[-75.576275,6.266467],[-75.576383,6.266468],[-75.576568,6.266632],[-75.576734,6.266684],[-75.576881,6.266662],[-75.576946,6.26662],[-75.577163,6.266383],[-75.5768,6.268018],[-75.576153,6.269602],[-75.578367,6.271266],[-75.579699,6.272217],[-75.57984,6.272407],[-75.57989,6.272565],[-75.579948,6.273155],[-75.579944,6.273529],[-75.579786,6.273581],[-75.579655,6.273683],[-75.578846,6.274762],[-75.578728,6.275361],[-75.578768,6.275762],[-75.578743,6.275933],[-75.578181,6.276698],[-75.57872,6.277214],[-75.578217,6.277675],[-75.578137,6.277804],[-75.577271,6.2788],[-75.577249,6.278867],[-75.575982,6.27784],[-75.575276,6.277291],[-75.575152,6.277229],[-75.574404,6.278058],[-75.574173,6.278358],[-75.574987,6.279131],[-75.575044,6.279045],[-75.575415,6.279457],[-75.575201,6.279538],[-75.574881,6.279731],[-75.574439,6.280142],[-75.574367,6.280275],[-75.57424,6.280859],[-75.572834,6.280505],[-75.572411,6.280473],[-75.572353,6.280853],[-75.572518,6.280916],[-75.573169,6.281057],[-75.573559,6.281013],[-75.573652,6.28103],[-75.574299,6.281578],[-75.574676,6.281732],[-75.574768,6.281942],[-75.574832,6.282003],[-75.574968,6.281991],[-75.575249,6.281889],[-75.57555,6.281935],[-75.57577,6.282231],[-75.576417,6.282652],[-75.576447,6.282688],[-75.576438,6.282951],[-75.576587,6.283108],[-75.576695,6.283172],[-75.576909,6.28322],[-75.577149,6.283143],[-75.577428,6.283316],[-75.577798,6.283629],[-75.578399,6.283811],[-75.578651,6.283797],[-75.578689,6.283901],[-75.578782,6.283988],[-75.579061,6.284034],[-75.579416,6.284164],[-75.579789,6.284528],[-75.580149,6.28476],[-75.581132,6.284902],[-75.581654,6.285105],[-75.581866,6.285156],[-75.58205,6.285122],[-75.582211,6.285134],[-75.582314,6.285195],[-75.582515,6.285426],[-75.582622,6.285493],[-75.583046,6.285592],[-75.583354,6.285852],[-75.583906,6.286055],[-75.584025,6.286244],[-75.584124,6.286605],[-75.584307,6.28676],[-75.584143,6.287444],[-75.584529,6.28743],[-75.584603,6.287348],[-75.584742,6.287516],[-75.584842,6.2878],[-75.585159,6.288007],[-75.585296,6.288169],[-75.585565,6.288262],[-75.585759,6.288475],[-75.585894,6.288476],[-75.586045,6.288548],[-75.586114,6.288613],[-75.58616,6.288735],[-75.586259,6.288798],[-75.586301,6.288898],[-75.586547,6.289057],[-75.586628,6.289137],[-75.586664,6.289239],[-75.586765,6.289308],[-75.58675,6.289663],[-75.58681,6.289742],[-75.586623,6.289852],[-75.586547,6.289978],[-75.58652,6.290941],[-75.586312,6.291376],[-75.586201,6.291483],[-75.586044,6.291572],[-75.585453,6.291721],[-75.585256,6.291835],[-75.584997,6.29214],[-75.585052,6.292381],[-75.585214,6.29255],[-75.585392,6.292679],[-75.585525,6.292713],[-75.585637,6.292994],[-75.585757,6.293022],[-75.585839,6.293115],[-75.58588,6.293234],[-75.586015,6.293309],[-75.586056,6.293296],[-75.586129,6.293185],[-75.586515,6.293241],[-75.586625,6.293347],[-75.586712,6.293342],[-75.586851,6.293256],[-75.5869,6.293265],[-75.586951,6.293398],[-75.587071,6.293473],[-75.587122,6.293561],[-75.587212,6.293623],[-75.587253,6.293773],[-75.587337,6.293849],[-75.587398,6.2941],[-75.587366,6.294265],[-75.587388,6.294374],[-75.587711,6.294826],[-75.587916,6.294841],[-75.588023,6.294813],[-75.58817,6.294842],[-75.5883,6.294912],[-75.588362,6.295015],[-75.588358,6.294937],[-75.588295,6.294829],[-75.588286,6.294709],[-75.588564,6.294618],[-75.588671,6.294408],[-75.588743,6.294364],[-75.588795,6.294372],[-75.588693,6.294216],[-75.588824,6.29406],[-75.589049,6.294092],[-75.589415,6.294457],[-75.589439,6.294534],[-75.589527,6.294587],[-75.589591,6.294705],[-75.589751,6.294808],[-75.59011,6.295241],[-75.590267,6.295326],[-75.590229,6.295422],[-75.590227,6.295544],[-75.590309,6.295605],[-75.5905,6.295925]]]},"properties":{"CODIGO":"07","NOMBRE":"Robledo","IDENTIFICACION":"Comuna 7","LIMITEMUNICIPIOID":"001","SUBTIPO_COMUNACORREGIMIENTO":1,"MUNICIPIO":"Medellin","CODIGO_MUN":"001","SIMBOLOGIA":"COMUNA 7"}},{"type":"Feature","id":8,"geometry":{"type":"Polygon","coordinates":[[[-75.550768,6.262367],[-75.551074,6.262444],[-75.551212,6.262547],[-75.551267,6.26254],[-75.551438,6.262345],[-75.551601,6.262287],[-75.551722,6.262177],[-75.551814,6.262163],[-75.551926,6.262093],[-75.55209,6.262089],[-75.552171,6.262043],[-75.552345,6.261741],[-75.552396,6.261724],[-75.552465,6.261752],[-75.552557,6.261649],[-75.552654,6.261638],[-75.552673,6.261453],[-75.552706,6.261415],[-75.552788,6.261467],[-75.552916,6.261459],[-75.553158,6.261313],[-75.553328,6.261284],[-75.553404,6.261165],[-75.5535,6.261094],[-75.554146,6.260884],[-75.554668,6.260642],[-75.55494,6.260645],[-75.555141,6.260696],[-75.555267,6.260747],[-75.555529,6.261056],[-75.555597,6.261098],[-75.555723,6.261011],[-75.555852,6.261],[-75.556283,6.261399],[-75.556511,6.261409],[-75.556906,6.261487],[-75.556988,6.261551],[-75.557169,6.261361],[-75.557227,6.261163],[-75.560743,6.255829],[-75.558624,6.254389],[-75.554763,6.251657],[-75.554934,6.251228],[-75.554993,6.250813],[-75.554791,6.250607],[-75.554778,6.250545],[-75.554856,6.250265],[-75.554699,6.24989],[-75.554747,6.249677],[-75.55385,6.249498],[-75.554268,6.248266],[-75.555766,6.245818],[-75.555619,6.245562],[-75.555034,6.245067],[-75.554842,6.244763],[-75.554674,6.244606],[-75.554554,6.244429],[-75.554096,6.243927],[-75.55394,6.243581],[-75.553803,6.243172],[-75.553574,6.243047],[-75.552776,6.242857],[-75.551416,6.242669],[-75.55101,6.242657],[-75.550913,6.242621],[-75.5505,6.242695],[-75.549969,6.242695],[-75.549329,6.24259],[-75.549003,6.242397],[-75.54873,6.242084],[-75.548572,6.242021],[-75.548131,6.242023],[-75.548012,6.241979],[-75.547836,6.241843],[-75.547689,6.241503],[-75.547428,6.241207],[-75.547302,6.240897],[-75.547204,6.240795],[-75.547143,6.240575],[-75.546971,6.24039],[-75.546623,6.240303],[-75.546358,6.240196],[-75.545526,6.240151],[-75.545241,6.24],[-75.545041,6.23979],[-75.544961,6.239634],[-75.544931,6.239303],[-75.544992,6.238969],[-75.544971,6.23882],[-75.544866,6.238544],[-75.544702,6.238373],[-75.544547,6.238146],[-75.544539,6.238007],[-75.544484,6.237848],[-75.54438,6.237692],[-75.544191,6.237504],[-75.544157,6.237439],[-75.544166,6.237349],[-75.544119,6.237323],[-75.544074,6.237223],[-75.543967,6.237173],[-75.543605,6.23714],[-75.543135,6.236981],[-75.54281,6.236824],[-75.542442,6.236711],[-75.542411,6.23666],[-75.54217,6.236501],[-75.541971,6.236211],[-75.541614,6.235834],[-75.541431,6.235491],[-75.541327,6.235182],[-75.541227,6.235048],[-75.541069,6.234899],[-75.54096,6.23485],[-75.540512,6.234827],[-75.540252,6.23449],[-75.540074,6.234345],[-75.539763,6.233621],[-75.539374,6.233339],[-75.53935,6.233049],[-75.539294,6.23291],[-75.539103,6.232605],[-75.539042,6.232432],[-75.538932,6.232338],[-75.538807,6.232327],[-75.538714,6.232424],[-75.53858,6.232491],[-75.538377,6.232657],[-75.538011,6.232641],[-75.537229,6.23239],[-75.537029,6.232154],[-75.536795,6.232092],[-75.536017,6.231679],[-75.535937,6.231689],[-75.535678,6.231822],[-75.535448,6.232068],[-75.53531,6.232144],[-75.535164,6.232154],[-75.534886,6.232243],[-75.534445,6.23214],[-75.534232,6.232061],[-75.534065,6.231919],[-75.533993,6.231817],[-75.533811,6.231357],[-75.533597,6.231022],[-75.533278,6.230815],[-75.532917,6.230718],[-75.53263,6.23068],[-75.532453,6.230611],[-75.532114,6.230383],[-75.531686,6.229974],[-75.531406,6.229981],[-75.530878,6.230186],[-75.530247,6.230172],[-75.529965,6.230244],[-75.529776,6.230204],[-75.529527,6.230246],[-75.528879,6.230516],[-75.528485,6.230749],[-75.528359,6.230772],[-75.528288,6.23073],[-75.528211,6.230569],[-75.528141,6.230513],[-75.527747,6.230432],[-75.527494,6.230466],[-75.527361,6.230417],[-75.527216,6.230315],[-75.526977,6.229952],[-75.526859,6.229833],[-75.526234,6.229761],[-75.52598,6.229635],[-75.525739,6.229646],[-75.525599,6.229712],[-75.525525,6.229701],[-75.525473,6.229778],[-75.525553,6.229809],[-75.526088,6.229808],[-75.526193,6.229848],[-75.526268,6.229925],[-75.526391,6.229938],[-75.526688,6.230093],[-75.526787,6.230176],[-75.526791,6.230272],[-75.526933,6.230415],[-75.526973,6.230607],[-75.527084,6.230588],[-75.527216,6.230636],[-75.52728,6.230734],[-75.527378,6.23076],[-75.527575,6.230908],[-75.527924,6.230894],[-75.527999,6.231078],[-75.528144,6.231139],[-75.52832,6.231155],[-75.52857,6.231071],[-75.528664,6.231085],[-75.528675,6.231133],[-75.528601,6.231203],[-75.528625,6.231241],[-75.528589,6.231378],[-75.528491,6.231461],[-75.52819,6.231661],[-75.52788,6.231737],[-75.527589,6.231863],[-75.527433,6.231898],[-75.527239,6.231829],[-75.527158,6.231759],[-75.527076,6.231598],[-75.527023,6.231595],[-75.52628,6.232231],[-75.525879,6.232438],[-75.525614,6.232822],[-75.525388,6.232806],[-75.52503,6.23289],[-75.525308,6.234082],[-75.525208,6.234112],[-75.52513,6.234203],[-75.524923,6.234656],[-75.52478,6.235126],[-75.524823,6.235197],[-75.524864,6.23514],[-75.524939,6.235141],[-75.525061,6.234928],[-75.525176,6.234844],[-75.525246,6.235001],[-75.525621,6.235095],[-75.525721,6.235153],[-75.52591,6.235608],[-75.525987,6.235645],[-75.526056,6.235636],[-75.526151,6.23557],[-75.526582,6.235678],[-75.526755,6.235836],[-75.526972,6.236106],[-75.527039,6.23625],[-75.527147,6.236311],[-75.52735,6.236271],[-75.527451,6.236427],[-75.527684,6.237139],[-75.52785,6.237334],[-75.527889,6.237495],[-75.528114,6.237967],[-75.528447,6.238261],[-75.528542,6.238383],[-75.52863,6.238715],[-75.528658,6.239007],[-75.528746,6.239212],[-75.528748,6.239317],[-75.528914,6.239515],[-75.529154,6.239641],[-75.529172,6.239967],[-75.531643,6.239967],[-75.531662,6.239817],[-75.53173,6.239716],[-75.531794,6.239644],[-75.531851,6.239631],[-75.532031,6.239437],[-75.532119,6.2394],[-75.532309,6.239404],[-75.532605,6.239249],[-75.532696,6.239116],[-75.53288,6.239145],[-75.533198,6.238895],[-75.533468,6.238587],[-75.533685,6.238514],[-75.533859,6.238202],[-75.533976,6.238058],[-75.534035,6.237811],[-75.534175,6.237719],[-75.534288,6.237712],[-75.53475,6.238129],[-75.535112,6.237999],[-75.535429,6.238123],[-75.53574,6.237959],[-75.535931,6.237961],[-75.536122,6.238169],[-75.536203,6.23835],[-75.536374,6.238473],[-75.536852,6.238948],[-75.536864,6.239043],[-75.536782,6.239105],[-75.536754,6.239185],[-75.536752,6.239307],[-75.536795,6.239399],[-75.536944,6.239499],[-75.537296,6.239579],[-75.537384,6.239641],[-75.537474,6.239768],[-75.537557,6.24031],[-75.537514,6.240781],[-75.537529,6.241126],[-75.537569,6.241223],[-75.538394,6.241808],[-75.538485,6.241938],[-75.539251,6.242647],[-75.539437,6.242737],[-75.539754,6.24282],[-75.540005,6.242943],[-75.539943,6.243306],[-75.539945,6.243476],[-75.539995,6.243568],[-75.540204,6.243761],[-75.540378,6.243989],[-75.54048,6.244203],[-75.540503,6.244429],[-75.540462,6.244579],[-75.540201,6.244878],[-75.539935,6.244819],[-75.539753,6.244837],[-75.539891,6.244873],[-75.540017,6.245019],[-75.540014,6.24509],[-75.539892,6.245188],[-75.539894,6.245246],[-75.539991,6.24535],[-75.540221,6.245867],[-75.54032,6.245942],[-75.540446,6.246159],[-75.540445,6.246244],[-75.540355,6.246429],[-75.54044,6.246435],[-75.540232,6.24652],[-75.540023,6.246677],[-75.539446,6.247403],[-75.539345,6.247601],[-75.539215,6.247722],[-75.53896,6.247874],[-75.538722,6.247965],[-75.538368,6.248227],[-75.538435,6.248348],[-75.538535,6.248432],[-75.538275,6.248776],[-75.538263,6.248839],[-75.538331,6.24908],[-75.538172,6.249258],[-75.538001,6.249352],[-75.537886,6.249301],[-75.537809,6.249343],[-75.537433,6.249303],[-75.537221,6.249312],[-75.536993,6.249371],[-75.536498,6.24939],[-75.53659,6.24943],[-75.536579,6.249561],[-75.536549,6.249597],[-75.536615,6.249636],[-75.536632,6.249719],[-75.536777,6.249698],[-75.536884,6.249737],[-75.536944,6.249806],[-75.537012,6.250003],[-75.537093,6.250104],[-75.537189,6.250163],[-75.537322,6.250185],[-75.537521,6.250444],[-75.537664,6.250535],[-75.538133,6.250671],[-75.538154,6.250763],[-75.538044,6.25088],[-75.538,6.251084],[-75.537992,6.251318],[-75.538065,6.251356],[-75.538093,6.25142],[-75.537968,6.251644],[-75.538058,6.251672],[-75.538077,6.251787],[-75.53812,6.25183],[-75.538217,6.251834],[-75.538302,6.251932],[-75.538242,6.252078],[-75.538306,6.252155],[-75.53828,6.252284],[-75.538373,6.252413],[-75.538333,6.252455],[-75.538355,6.252614],[-75.53828,6.25272],[-75.538269,6.252899],[-75.538769,6.252927],[-75.538899,6.252975],[-75.53903,6.252979],[-75.539089,6.253039],[-75.539154,6.253053],[-75.539186,6.253387],[-75.539083,6.253641],[-75.539108,6.253715],[-75.538928,6.253917],[-75.538968,6.253995],[-75.539285,6.254278],[-75.539427,6.254475],[-75.539483,6.254581],[-75.539514,6.254875],[-75.539585,6.255061],[-75.539667,6.255051],[-75.539783,6.254879],[-75.539797,6.254963],[-75.539715,6.255171],[-75.539556,6.255393],[-75.539363,6.255533],[-75.539208,6.255582],[-75.538497,6.255539],[-75.538066,6.255692],[-75.537443,6.256271],[-75.537186,6.256408],[-75.536966,6.256621],[-75.536928,6.256674],[-75.536954,6.256803],[-75.536978,6.256836],[-75.537056,6.256839],[-75.536926,6.256952],[-75.536908,6.257091],[-75.537093,6.256942],[-75.537276,6.256945],[-75.5376,6.256765],[-75.538042,6.256701],[-75.538217,6.256595],[-75.538405,6.25659],[-75.53851,6.256541],[-75.538607,6.256567],[-75.538699,6.256836],[-75.538859,6.256928],[-75.538936,6.257009],[-75.539067,6.256964],[-75.53942,6.257021],[-75.539709,6.256976],[-75.539812,6.256898],[-75.539928,6.256876],[-75.540066,6.256966],[-75.540217,6.256976],[-75.540319,6.256836],[-75.540446,6.256823],[-75.540566,6.25686],[-75.540722,6.257033],[-75.541025,6.257117],[-75.541213,6.257215],[-75.541329,6.257215],[-75.54151,6.257399],[-75.541669,6.257647],[-75.54163,6.257715],[-75.541649,6.257828],[-75.541704,6.257908],[-75.541648,6.257968],[-75.541679,6.258094],[-75.541633,6.25814],[-75.541619,6.258219],[-75.541548,6.258256],[-75.541669,6.258289],[-75.541812,6.258473],[-75.542223,6.258396],[-75.54231,6.258527],[-75.5423,6.258604],[-75.542221,6.25865],[-75.542145,6.258765],[-75.542272,6.258899],[-75.542299,6.258979],[-75.542206,6.259093],[-75.542211,6.259241],[-75.542306,6.259211],[-75.542319,6.259233],[-75.542231,6.259418],[-75.542284,6.25949],[-75.542296,6.25958],[-75.542201,6.259601],[-75.542246,6.259658],[-75.542205,6.259744],[-75.542213,6.259848],[-75.54239,6.260037],[-75.542621,6.260165],[-75.542711,6.26028],[-75.542769,6.26049],[-75.542762,6.261168],[-75.542809,6.261257],[-75.542797,6.261287],[-75.543012,6.261331],[-75.543081,6.26131],[-75.543106,6.261246],[-75.543356,6.261274],[-75.544147,6.261452],[-75.544849,6.261562],[-75.544967,6.261605],[-75.545698,6.262137],[-75.546033,6.262201],[-75.546327,6.262103],[-75.54658,6.262108],[-75.546837,6.262051],[-75.547084,6.261124],[-75.547108,6.261069],[-75.547158,6.261044],[-75.547545,6.261063],[-75.547584,6.261157],[-75.54817,6.26117],[-75.548164,6.261069],[-75.548404,6.261081],[-75.548445,6.261409],[-75.548725,6.261795],[-75.548768,6.261701],[-75.54904,6.261592],[-75.549156,6.261587],[-75.549584,6.261787],[-75.549746,6.261898],[-75.549923,6.262084],[-75.550003,6.262098],[-75.550022,6.26216],[-75.550325,6.262354],[-75.550486,6.262391],[-75.550768,6.262367]]]},"properties":{"CODIGO":"08","NOMBRE":"Villa Hermosa","IDENTIFICACION":"Comuna 8","LIMITEMUNICIPIOID":"001","SUBTIPO_COMUNACORREGIMIENTO":1,"MUNICIPIO":"Medellin","CODIGO_MUN":"001","SIMBOLOGIA":"COMUNA 8"}},{"type":"Feature","id":9,"geometry":{"type":"Polygon","coordinates":[[[-75.555024,6.245051],[-75.555552,6.245487],[-75.555792,6.245875],[-75.55593,6.246032],[-75.556041,6.245806],[-75.556304,6.245037],[-75.556492,6.245349],[-75.557575,6.244331],[-75.557817,6.244471],[-75.558269,6.243661],[-75.55824,6.243645],[-75.559758,6.242501],[-75.560052,6.242253],[-75.560083,6.242114],[-75.560284,6.241971],[-75.560466,6.241928],[-75.560671,6.241946],[-75.560744,6.241971],[-75.561127,6.242286],[-75.561571,6.2424],[-75.561854,6.242403],[-75.562206,6.242279],[-75.562473,6.242117],[-75.562538,6.241995],[-75.563087,6.2417],[-75.564118,6.240537],[-75.56398,6.240441],[-75.563689,6.240037],[-75.563542,6.239756],[-75.563032,6.238964],[-75.562929,6.238657],[-75.562883,6.23861],[-75.562791,6.238136],[-75.562791,6.237647],[-75.562955,6.237162],[-75.56301,6.236842],[-75.563063,6.236711],[-75.563146,6.236624],[-75.56323,6.236587],[-75.563372,6.236407],[-75.563556,6.236025],[-75.563919,6.235564],[-75.563991,6.235346],[-75.564027,6.235023],[-75.564156,6.234767],[-75.564383,6.234516],[-75.564551,6.234242],[-75.564814,6.233959],[-75.565206,6.234107],[-75.565281,6.234171],[-75.565327,6.234291],[-75.56579,6.234377],[-75.566483,6.234067],[-75.566875,6.233736],[-75.56714,6.23357],[-75.567234,6.233461],[-75.567235,6.233406],[-75.56719,6.233351],[-75.566698,6.232855],[-75.565915,6.23168],[-75.565669,6.231416],[-75.565616,6.231223],[-75.565631,6.231105],[-75.565691,6.230999],[-75.566284,6.230172],[-75.566419,6.229904],[-75.566483,6.229667],[-75.566551,6.228988],[-75.566561,6.228401],[-75.56652,6.22828],[-75.566395,6.228116],[-75.565952,6.22775],[-75.565693,6.227494],[-75.565363,6.227088],[-75.564941,6.226515],[-75.564783,6.226166],[-75.564783,6.226073],[-75.564872,6.225818],[-75.565228,6.225287],[-75.565301,6.22511],[-75.565302,6.224871],[-75.565105,6.224092],[-75.565067,6.223771],[-75.565453,6.221268],[-75.565506,6.221081],[-75.565661,6.220883],[-75.565973,6.220652],[-75.566101,6.220591],[-75.566266,6.220428],[-75.566361,6.220177],[-75.566349,6.22],[-75.566046,6.219162],[-75.566029,6.218492],[-75.565925,6.218292],[-75.565624,6.218106],[-75.564873,6.218109],[-75.564668,6.21804],[-75.564528,6.217917],[-75.564426,6.217719],[-75.564374,6.216955],[-75.564267,6.216615],[-75.564195,6.216507],[-75.5635,6.215862],[-75.563298,6.215723],[-75.563023,6.215614],[-75.56271,6.215539],[-75.558265,6.214581],[-75.557958,6.214533],[-75.557754,6.214578],[-75.55763,6.214631],[-75.557533,6.214717],[-75.55746,6.21484],[-75.557416,6.214959],[-75.557404,6.215167],[-75.557474,6.215383],[-75.55789,6.216189],[-75.557849,6.216226],[-75.557833,6.21632],[-75.557719,6.216355],[-75.55769,6.216479],[-75.557631,6.216546],[-75.557462,6.216597],[-75.557004,6.216856],[-75.556755,6.216917],[-75.556654,6.216986],[-75.556312,6.217272],[-75.556243,6.21745],[-75.556106,6.217577],[-75.555961,6.217694],[-75.555659,6.217835],[-75.555628,6.217895],[-75.555652,6.218026],[-75.555623,6.218179],[-75.55537,6.218468],[-75.55619,6.219114],[-75.556401,6.219203],[-75.557108,6.219308],[-75.557679,6.219666],[-75.558993,6.220735],[-75.55926,6.221102],[-75.559537,6.221332],[-75.560338,6.221887],[-75.560427,6.221986],[-75.560662,6.222434],[-75.560707,6.222679],[-75.560646,6.222843],[-75.560509,6.22298],[-75.56027,6.22314],[-75.560179,6.223147],[-75.559795,6.222976],[-75.559716,6.222968],[-75.559606,6.223015],[-75.55955,6.223129],[-75.559248,6.224451],[-75.559335,6.225663],[-75.559307,6.226174],[-75.556314,6.226101],[-75.556244,6.226474],[-75.55608,6.226675],[-75.555918,6.227007],[-75.555662,6.226838],[-75.555501,6.226645],[-75.555415,6.226626],[-75.555194,6.226677],[-75.555081,6.226594],[-75.554794,6.226801],[-75.554728,6.227004],[-75.554677,6.227022],[-75.554676,6.227064],[-75.554618,6.227118],[-75.554598,6.227243],[-75.554489,6.227333],[-75.554332,6.22739],[-75.554107,6.227395],[-75.554063,6.227353],[-75.554023,6.227107],[-75.553939,6.227396],[-75.553721,6.227366],[-75.553338,6.227421],[-75.553273,6.227327],[-75.553233,6.227397],[-75.55315,6.227406],[-75.553007,6.227329],[-75.553013,6.227235],[-75.552702,6.227108],[-75.55247,6.227072],[-75.552378,6.226983],[-75.552226,6.226729],[-75.551862,6.22673],[-75.551854,6.226654],[-75.551991,6.226587],[-75.551902,6.226536],[-75.551873,6.226261],[-75.55173,6.2261],[-75.55174,6.22639],[-75.551608,6.226916],[-75.551416,6.227379],[-75.551215,6.228207],[-75.551127,6.228434],[-75.550953,6.228667],[-75.550939,6.228845],[-75.550974,6.228977],[-75.550947,6.229038],[-75.550773,6.229046],[-75.550599,6.229219],[-75.55048,6.229263],[-75.550351,6.229401],[-75.550167,6.22951],[-75.550124,6.229492],[-75.550084,6.229529],[-75.549924,6.229545],[-75.549849,6.229606],[-75.549736,6.229634],[-75.549335,6.229544],[-75.549106,6.229448],[-75.548845,6.229487],[-75.54886,6.229418],[-75.54882,6.229265],[-75.548714,6.229078],[-75.548661,6.228887],[-75.548624,6.228629],[-75.548641,6.228479],[-75.548725,6.228369],[-75.548801,6.228193],[-75.548868,6.227605],[-75.548875,6.227],[-75.54883,6.22655],[-75.548846,6.226314],[-75.548953,6.22604],[-75.548802,6.226086],[-75.548733,6.226048],[-75.548623,6.226153],[-75.548605,6.226209],[-75.54852,6.226199],[-75.548466,6.226236],[-75.548431,6.226335],[-75.548387,6.226329],[-75.54835,6.226254],[-75.548282,6.226232],[-75.548082,6.226307],[-75.547948,6.22631],[-75.547898,6.226249],[-75.547816,6.225996],[-75.547686,6.225937],[-75.54751,6.225934],[-75.547394,6.225885],[-75.547308,6.225766],[-75.54727,6.225623],[-75.547058,6.225521],[-75.546863,6.225502],[-75.546772,6.225407],[-75.546764,6.225286],[-75.546671,6.225218],[-75.546513,6.225555],[-75.546347,6.225755],[-75.546267,6.225759],[-75.546146,6.225571],[-75.54606,6.225515],[-75.545928,6.225629],[-75.545702,6.225668],[-75.54567,6.225711],[-75.545576,6.225741],[-75.545514,6.225728],[-75.545458,6.225668],[-75.545271,6.225631],[-75.545121,6.225532],[-75.545032,6.225403],[-75.544928,6.225122],[-75.544868,6.225067],[-75.544563,6.22504],[-75.544408,6.22493],[-75.544139,6.224964],[-75.543853,6.224897],[-75.543642,6.224616],[-75.543604,6.224464],[-75.543551,6.224515],[-75.543479,6.224477],[-75.543398,6.224501],[-75.54332,6.224703],[-75.543271,6.224691],[-75.543217,6.224625],[-75.543124,6.224722],[-75.542923,6.224736],[-75.54269,6.224649],[-75.542579,6.224491],[-75.542484,6.224415],[-75.542486,6.224324],[-75.542452,6.224314],[-75.542219,6.224537],[-75.542112,6.224684],[-75.541953,6.224683],[-75.541859,6.224722],[-75.541575,6.224958],[-75.541321,6.224978],[-75.541368,6.225115],[-75.541323,6.225211],[-75.541237,6.225248],[-75.541178,6.225232],[-75.541121,6.225164],[-75.541066,6.224991],[-75.54081,6.224772],[-75.540601,6.224752],[-75.540483,6.224632],[-75.540148,6.224617],[-75.539943,6.224547],[-75.539949,6.224642],[-75.539918,6.224682],[-75.539747,6.224821],[-75.53954,6.224934],[-75.539305,6.224906],[-75.539071,6.224768],[-75.539525,6.225377],[-75.539991,6.225638],[-75.540357,6.225945],[-75.540456,6.226088],[-75.540346,6.226577],[-75.540364,6.226726],[-75.540322,6.227022],[-75.540204,6.22731],[-75.540124,6.227379],[-75.540018,6.227406],[-75.539666,6.227366],[-75.539559,6.227312],[-75.539627,6.227483],[-75.539631,6.227631],[-75.539774,6.227789],[-75.539738,6.228182],[-75.539639,6.228363],[-75.539572,6.22833],[-75.539447,6.228144],[-75.539383,6.228104],[-75.539374,6.228055],[-75.539263,6.227982],[-75.539133,6.227832],[-75.538854,6.227662],[-75.538673,6.227445],[-75.538576,6.227429],[-75.538493,6.22748],[-75.538407,6.227477],[-75.538263,6.22744],[-75.538174,6.227361],[-75.537782,6.227435],[-75.537606,6.227511],[-75.537336,6.22748],[-75.537334,6.227541],[-75.537234,6.227662],[-75.537006,6.227718],[-75.536626,6.227726],[-75.536546,6.227682],[-75.53649,6.227744],[-75.53639,6.227729],[-75.536254,6.227994],[-75.536181,6.228063],[-75.536042,6.228135],[-75.535936,6.228252],[-75.53558,6.228422],[-75.535477,6.228533],[-75.535388,6.228517],[-75.535096,6.228634],[-75.534901,6.228622],[-75.534818,6.228557],[-75.534667,6.22873],[-75.534577,6.22876],[-75.534462,6.228731],[-75.534106,6.22852],[-75.534008,6.228334],[-75.534044,6.228198],[-75.533992,6.228109],[-75.533921,6.228251],[-75.53378,6.228311],[-75.533393,6.228112],[-75.533258,6.228026],[-75.533235,6.22798],[-75.533178,6.228008],[-75.53295,6.227954],[-75.532558,6.228102],[-75.532368,6.228085],[-75.532292,6.228001],[-75.532265,6.227895],[-75.53231,6.227221],[-75.532245,6.22711],[-75.53215,6.227061],[-75.532,6.227067],[-75.53162,6.227281],[-75.531205,6.227281],[-75.531037,6.227313],[-75.530957,6.227389],[-75.530882,6.227602],[-75.53078,6.227738],[-75.530372,6.228003],[-75.530206,6.228046],[-75.529982,6.227907],[-75.529688,6.227631],[-75.529427,6.227285],[-75.529293,6.227281],[-75.529154,6.227501],[-75.52904,6.22777],[-75.528959,6.22786],[-75.528823,6.227917],[-75.528611,6.227946],[-75.528449,6.22789],[-75.528238,6.227532],[-75.528088,6.227407],[-75.527969,6.227376],[-75.527881,6.227402],[-75.528067,6.227672],[-75.528072,6.228079],[-75.528043,6.228216],[-75.527881,6.228474],[-75.527881,6.22869],[-75.527969,6.228904],[-75.528006,6.229114],[-75.528287,6.229342],[-75.528306,6.229392],[-75.528266,6.229457],[-75.528137,6.229584],[-75.527937,6.22964],[-75.52783,6.229649],[-75.527545,6.229577],[-75.527521,6.229732],[-75.527441,6.229777],[-75.52691,6.229518],[-75.526878,6.229583],[-75.526571,6.229579],[-75.526308,6.229632],[-75.52593,6.229523],[-75.525872,6.229585],[-75.525737,6.229647],[-75.52599,6.229636],[-75.526234,6.229761],[-75.526859,6.229833],[-75.526977,6.229952],[-75.527216,6.230315],[-75.527361,6.230417],[-75.527494,6.230466],[-75.527747,6.230432],[-75.528141,6.230513],[-75.528211,6.230569],[-75.528288,6.23073],[-75.528359,6.230772],[-75.528485,6.230749],[-75.528879,6.230516],[-75.529527,6.230246],[-75.529776,6.230204],[-75.529965,6.230244],[-75.530247,6.230172],[-75.530878,6.230186],[-75.531406,6.229981],[-75.531686,6.229974],[-75.532114,6.230383],[-75.532453,6.230611],[-75.53263,6.23068],[-75.532917,6.230718],[-75.533278,6.230815],[-75.533597,6.231022],[-75.533811,6.231357],[-75.533993,6.231817],[-75.534065,6.231919],[-75.534232,6.232061],[-75.534445,6.23214],[-75.534886,6.232243],[-75.535164,6.232154],[-75.53531,6.232144],[-75.535448,6.232068],[-75.535678,6.231822],[-75.535937,6.231689],[-75.536017,6.231679],[-75.536795,6.232092],[-75.537029,6.232154],[-75.537229,6.23239],[-75.538011,6.232641],[-75.538377,6.232657],[-75.53858,6.232491],[-75.538714,6.232424],[-75.538807,6.232327],[-75.538945,6.232345],[-75.539042,6.232432],[-75.539103,6.232605],[-75.539294,6.23291],[-75.53935,6.233049],[-75.539374,6.233339],[-75.539763,6.233621],[-75.540074,6.234345],[-75.540252,6.23449],[-75.540512,6.234827],[-75.54096,6.23485],[-75.541069,6.234899],[-75.541227,6.235048],[-75.541327,6.235182],[-75.541431,6.235491],[-75.541614,6.235834],[-75.541971,6.236211],[-75.54217,6.236501],[-75.542411,6.23666],[-75.542442,6.236711],[-75.54281,6.236824],[-75.543135,6.236981],[-75.543605,6.23714],[-75.543967,6.237173],[-75.544074,6.237223],[-75.544119,6.237323],[-75.544166,6.237349],[-75.544157,6.237439],[-75.544191,6.237504],[-75.54438,6.237692],[-75.544484,6.237848],[-75.544539,6.238007],[-75.544547,6.238146],[-75.544702,6.238373],[-75.544866,6.238544],[-75.544971,6.23882],[-75.544992,6.238969],[-75.544931,6.239303],[-75.544961,6.239634],[-75.545041,6.23979],[-75.545241,6.24],[-75.545526,6.240151],[-75.546358,6.240196],[-75.546623,6.240303],[-75.546971,6.24039],[-75.547143,6.240575],[-75.547204,6.240795],[-75.547302,6.240897],[-75.547428,6.241207],[-75.547689,6.241503],[-75.547836,6.241843],[-75.548012,6.241979],[-75.548131,6.242023],[-75.548572,6.242021],[-75.54873,6.242084],[-75.549003,6.242397],[-75.549329,6.24259],[-75.549969,6.242695],[-75.5505,6.242695],[-75.550913,6.242621],[-75.55101,6.242657],[-75.551407,6.242668],[-75.552616,6.242826],[-75.553659,6.243078],[-75.553814,6.243186],[-75.55394,6.243581],[-75.554096,6.243927],[-75.554554,6.244429],[-75.554674,6.244606],[-75.554842,6.244763],[-75.555024,6.245051]]]},"properties":{"CODIGO":"09","NOMBRE":"Buenos Aires","IDENTIFICACION":"Comuna 9","LIMITEMUNICIPIOID":"001","SUBTIPO_COMUNACORREGIMIENTO":1,"MUNICIPIO":"Medellin","CODIGO_MUN":"001","SIMBOLOGIA":"COMUNA 9"}},{"type":"Feature","id":10,"geometry":{"type":"Polygon","coordinates":[[[-75.564262,6.263942],[-75.57209,6.265174],[-75.572651,6.263269],[-75.572771,6.263011],[-75.57307,6.262143],[-75.573674,6.260695],[-75.574189,6.259699],[-75.577492,6.25373],[-75.58,6.249122],[-75.580184,6.24871],[-75.580294,6.248216],[-75.580301,6.248048],[-75.580272,6.247709],[-75.58014,6.24726],[-75.579846,6.246458],[-75.578301,6.24185],[-75.576881,6.237875],[-75.575814,6.234762],[-75.575674,6.234025],[-75.575616,6.232395],[-75.575627,6.231344],[-75.574003,6.23085],[-75.573526,6.23057],[-75.569824,6.227843],[-75.569405,6.227563],[-75.569234,6.226989],[-75.569193,6.22649],[-75.568523,6.226496],[-75.568411,6.225926],[-75.568279,6.225621],[-75.568136,6.225682],[-75.567951,6.225697],[-75.566852,6.225428],[-75.56679,6.225391],[-75.566716,6.225278],[-75.566694,6.224883],[-75.566571,6.224721],[-75.566337,6.224631],[-75.565817,6.224541],[-75.565783,6.224509],[-75.565253,6.22466],[-75.565302,6.224871],[-75.565301,6.22511],[-75.565228,6.225287],[-75.564872,6.225818],[-75.564783,6.226073],[-75.564783,6.226166],[-75.564941,6.226515],[-75.565363,6.227088],[-75.565693,6.227494],[-75.565952,6.22775],[-75.566395,6.228116],[-75.56652,6.22828],[-75.566561,6.228401],[-75.566551,6.228988],[-75.566483,6.229667],[-75.566419,6.229904],[-75.566284,6.230172],[-75.565691,6.230999],[-75.565631,6.231105],[-75.565616,6.231223],[-75.565669,6.231416],[-75.565915,6.23168],[-75.566698,6.232855],[-75.56719,6.233351],[-75.567235,6.233406],[-75.567234,6.233461],[-75.56714,6.23357],[-75.566875,6.233736],[-75.566483,6.234067],[-75.56579,6.234377],[-75.565327,6.234291],[-75.565281,6.234171],[-75.565206,6.234107],[-75.564814,6.233959],[-75.564551,6.234242],[-75.564383,6.234516],[-75.564156,6.234767],[-75.564027,6.235023],[-75.563991,6.235346],[-75.563919,6.235564],[-75.563556,6.236025],[-75.563372,6.236407],[-75.56323,6.236587],[-75.563146,6.236624],[-75.563063,6.236711],[-75.56301,6.236842],[-75.562955,6.237162],[-75.562791,6.237647],[-75.562791,6.238136],[-75.562883,6.23861],[-75.562929,6.238657],[-75.563032,6.238964],[-75.563542,6.239756],[-75.563689,6.240037],[-75.56398,6.240441],[-75.564118,6.240537],[-75.563087,6.2417],[-75.562538,6.241995],[-75.562473,6.242117],[-75.562116,6.24233],[-75.561854,6.242403],[-75.561697,6.242411],[-75.561313,6.242354],[-75.561036,6.242236],[-75.560728,6.241964],[-75.560466,6.241928],[-75.560284,6.241971],[-75.560083,6.242114],[-75.560052,6.242253],[-75.559758,6.242501],[-75.55824,6.243645],[-75.558269,6.243661],[-75.557817,6.244471],[-75.557575,6.244331],[-75.556492,6.245349],[-75.556304,6.245037],[-75.556041,6.245806],[-75.55593,6.246032],[-75.555766,6.245818],[-75.554268,6.248266],[-75.55385,6.249498],[-75.554747,6.249677],[-75.554699,6.24989],[-75.554856,6.250265],[-75.554778,6.250545],[-75.554791,6.250607],[-75.554993,6.250813],[-75.554934,6.251228],[-75.554763,6.251657],[-75.558624,6.254389],[-75.560743,6.255829],[-75.557227,6.261163],[-75.557169,6.261361],[-75.557093,6.261468],[-75.556988,6.261551],[-75.556906,6.261487],[-75.556511,6.261409],[-75.556283,6.261399],[-75.557028,6.262101],[-75.557216,6.26222],[-75.558015,6.262343],[-75.558138,6.262324],[-75.558306,6.262226],[-75.557674,6.263098],[-75.563262,6.264083],[-75.563558,6.263992],[-75.564053,6.26392],[-75.564262,6.263942]]]},"properties":{"CODIGO":"10","NOMBRE":"La Candelaria","IDENTIFICACION":"Comuna 10","LIMITEMUNICIPIOID":"001","SUBTIPO_COMUNACORREGIMIENTO":1,"MUNICIPIO":"Medellin","CODIGO_MUN":"001","SIMBOLOGIA":"COMUNA 10"}},{"type":"Feature","id":11,"geometry":{"type":"Polygon","coordinates":[[[-75.591468,6.268349],[-75.59163,6.268621],[-75.592296,6.269184],[-75.592415,6.26932],[-75.592648,6.269713],[-75.592975,6.270087],[-75.593235,6.270279],[-75.593363,6.270515],[-75.593497,6.271044],[-75.594122,6.271739],[-75.594886,6.271006],[-75.59504,6.270736],[-75.595116,6.270483],[-75.598499,6.255331],[-75.598663,6.254842],[-75.598923,6.25435],[-75.59767,6.254767],[-75.597368,6.25472],[-75.597144,6.254816],[-75.596413,6.254979],[-75.596872,6.25012],[-75.598257,6.250138],[-75.599455,6.250075],[-75.600046,6.25016],[-75.600839,6.250478],[-75.601164,6.250527],[-75.602274,6.250586],[-75.60275,6.24393],[-75.602763,6.243233],[-75.60678,6.244174],[-75.607208,6.243737],[-75.607455,6.24337],[-75.607553,6.243132],[-75.607818,6.241925],[-75.609514,6.242109],[-75.609983,6.242188],[-75.610226,6.242281],[-75.610731,6.242381],[-75.611909,6.242544],[-75.612941,6.242561],[-75.613386,6.242094],[-75.613596,6.241816],[-75.613651,6.241814],[-75.613708,6.241683],[-75.613807,6.241575],[-75.613882,6.241573],[-75.614128,6.241658],[-75.614394,6.241613],[-75.614632,6.241644],[-75.615206,6.241623],[-75.615403,6.241549],[-75.615704,6.241591],[-75.616725,6.241219],[-75.617008,6.241197],[-75.617273,6.241246],[-75.617496,6.241186],[-75.617336,6.241164],[-75.617168,6.241086],[-75.61695,6.241055],[-75.6169,6.240958],[-75.616804,6.240906],[-75.616647,6.240718],[-75.616601,6.240871],[-75.616608,6.240965],[-75.616554,6.241016],[-75.616482,6.241025],[-75.616359,6.241103],[-75.616209,6.240977],[-75.616108,6.241057],[-75.615967,6.241081],[-75.615899,6.240845],[-75.615666,6.240534],[-75.615655,6.240425],[-75.615442,6.240314],[-75.615343,6.240202],[-75.615255,6.240231],[-75.615154,6.240191],[-75.615023,6.240295],[-75.614791,6.2404],[-75.614136,6.240383],[-75.614001,6.240416],[-75.613694,6.240311],[-75.612758,6.239679],[-75.612342,6.239445],[-75.611964,6.2387],[-75.611732,6.237885],[-75.611579,6.237675],[-75.607361,6.237456],[-75.600901,6.237697],[-75.59985,6.237709],[-75.60004,6.238277],[-75.6002,6.238504],[-75.600235,6.238842],[-75.59086,6.239153],[-75.589407,6.239256],[-75.587971,6.239271],[-75.577512,6.239649],[-75.578301,6.24185],[-75.579846,6.246458],[-75.58014,6.24726],[-75.580272,6.247709],[-75.580294,6.248216],[-75.580184,6.24871],[-75.58,6.249122],[-75.57421,6.259692],[-75.574689,6.259683],[-75.574976,6.259549],[-75.57513,6.259532],[-75.576117,6.259192],[-75.576267,6.259205],[-75.576665,6.259111],[-75.576768,6.259024],[-75.577446,6.258929],[-75.578818,6.258894],[-75.579064,6.258936],[-75.579336,6.25903],[-75.579818,6.259044],[-75.58168,6.259615],[-75.581831,6.259618],[-75.58201,6.259698],[-75.582307,6.259874],[-75.583303,6.260652],[-75.583747,6.260931],[-75.584544,6.261259],[-75.584697,6.261397],[-75.584908,6.261736],[-75.584984,6.262104],[-75.585104,6.262422],[-75.585401,6.262692],[-75.585691,6.262827],[-75.585945,6.263052],[-75.586132,6.263403],[-75.58619,6.263751],[-75.586286,6.264071],[-75.586453,6.264364],[-75.586808,6.264684],[-75.58689,6.264815],[-75.586911,6.264941],[-75.587013,6.265054],[-75.587233,6.26518],[-75.587379,6.265213],[-75.587584,6.265348],[-75.58777,6.265578],[-75.588346,6.26592],[-75.588394,6.266018],[-75.588471,6.266073],[-75.588725,6.266196],[-75.588831,6.266173],[-75.588951,6.266224],[-75.589566,6.266641],[-75.589839,6.266763],[-75.58998,6.266889],[-75.590146,6.266984],[-75.590446,6.267254],[-75.59071,6.267555],[-75.59082,6.267627],[-75.590912,6.267783],[-75.591263,6.268184],[-75.591468,6.268349]]]},"properties":{"CODIGO":"11","NOMBRE":"Laureles Estadio","IDENTIFICACION":"Comuna 11","LIMITEMUNICIPIOID":"001","SUBTIPO_COMUNACORREGIMIENTO":1,"MUNICIPIO":"Medellin","CODIGO_MUN":"001","SIMBOLOGIA":"COMUNA 11"}},{"type":"Feature","id":12,"geometry":{"type":"Polygon","coordinates":[[[-75.595301,6.271902],[-75.595379,6.272074],[-75.5957,6.272059],[-75.596187,6.271951],[-75.596163,6.271764],[-75.596882,6.271771],[-75.597225,6.271606],[-75.597266,6.27164],[-75.597484,6.271567],[-75.597564,6.271462],[-75.597614,6.271306],[-75.597905,6.26998],[-75.598228,6.270244],[-75.598339,6.270304],[-75.598519,6.270342],[-75.598696,6.269704],[-75.59898,6.269101],[-75.59906,6.269265],[-75.59926,6.269997],[-75.599365,6.270197],[-75.599576,6.270401],[-75.599869,6.270597],[-75.600347,6.270767],[-75.600375,6.270734],[-75.600511,6.270743],[-75.600481,6.270694],[-75.600495,6.270648],[-75.600401,6.270543],[-75.600174,6.270444],[-75.60017,6.270402],[-75.600371,6.270368],[-75.600337,6.270225],[-75.600604,6.270026],[-75.600452,6.269986],[-75.600452,6.269945],[-75.600368,6.269962],[-75.600338,6.269921],[-75.599996,6.269919],[-75.599963,6.269858],[-75.600029,6.269711],[-75.600228,6.269713],[-75.600265,6.269661],[-75.600253,6.269621],[-75.600307,6.269572],[-75.600311,6.26951],[-75.600366,6.269466],[-75.600362,6.269431],[-75.600292,6.269402],[-75.600266,6.269333],[-75.600301,6.269233],[-75.60037,6.269216],[-75.600368,6.269189],[-75.600257,6.269152],[-75.600215,6.269107],[-75.60031,6.268978],[-75.600241,6.268934],[-75.600265,6.268817],[-75.600352,6.268812],[-75.600466,6.268871],[-75.600547,6.268852],[-75.600611,6.268955],[-75.600613,6.269048],[-75.600875,6.269108],[-75.600938,6.269152],[-75.601009,6.269136],[-75.60106,6.269166],[-75.601097,6.269121],[-75.601153,6.269138],[-75.601196,6.26906],[-75.601553,6.269002],[-75.601788,6.269112],[-75.601922,6.269074],[-75.601973,6.269174],[-75.602115,6.269223],[-75.602239,6.26918],[-75.602525,6.268979],[-75.602546,6.268998],[-75.60252,6.269062],[-75.602962,6.268744],[-75.603398,6.268489],[-75.603991,6.268352],[-75.604167,6.268149],[-75.604461,6.26839],[-75.604624,6.268592],[-75.604637,6.268782],[-75.604649,6.268549],[-75.604517,6.268359],[-75.604387,6.268248],[-75.603969,6.267999],[-75.60404,6.267946],[-75.604737,6.267063],[-75.604665,6.266717],[-75.604695,6.266552],[-75.604363,6.266251],[-75.604425,6.265827],[-75.604483,6.265776],[-75.605013,6.266003],[-75.605017,6.26622],[-75.60513,6.266386],[-75.6051,6.266492],[-75.605173,6.266677],[-75.605362,6.266748],[-75.605419,6.266888],[-75.605504,6.266967],[-75.605672,6.267016],[-75.605736,6.267075],[-75.605757,6.267186],[-75.605657,6.267424],[-75.605839,6.267178],[-75.605854,6.267036],[-75.605694,6.266942],[-75.605598,6.266814],[-75.605483,6.266754],[-75.605464,6.266621],[-75.605359,6.266601],[-75.60528,6.266536],[-75.605382,6.266389],[-75.605168,6.266218],[-75.605164,6.266151],[-75.605323,6.26595],[-75.605325,6.265894],[-75.605234,6.265813],[-75.604971,6.265683],[-75.604932,6.26562],[-75.604893,6.265392],[-75.604783,6.265348],[-75.60467,6.265165],[-75.604528,6.265129],[-75.604557,6.265021],[-75.604716,6.264974],[-75.604833,6.264806],[-75.604842,6.264759],[-75.604739,6.264649],[-75.604735,6.264603],[-75.604809,6.264518],[-75.604918,6.264464],[-75.605022,6.264275],[-75.604953,6.263942],[-75.604746,6.263723],[-75.604653,6.263541],[-75.6048,6.263038],[-75.604814,6.262529],[-75.604681,6.262459],[-75.604552,6.26245],[-75.604018,6.26251],[-75.60327,6.262518],[-75.602189,6.262612],[-75.602069,6.262744],[-75.601504,6.263621],[-75.600973,6.263284],[-75.600936,6.262563],[-75.600463,6.259221],[-75.600529,6.259214],[-75.601797,6.260283],[-75.602054,6.260415],[-75.602187,6.260443],[-75.602328,6.260406],[-75.603552,6.259868],[-75.604629,6.259575],[-75.606441,6.258788],[-75.606854,6.258643],[-75.609573,6.258221],[-75.610442,6.258134],[-75.610825,6.258153],[-75.611161,6.258272],[-75.612635,6.255952],[-75.612837,6.256021],[-75.613272,6.256326],[-75.613484,6.256104],[-75.613731,6.255937],[-75.613785,6.255851],[-75.613775,6.25582],[-75.613305,6.255557],[-75.613744,6.255304],[-75.614684,6.254683],[-75.615281,6.254218],[-75.615486,6.254113],[-75.615582,6.253966],[-75.615742,6.253861],[-75.616211,6.253733],[-75.616996,6.25369],[-75.617323,6.253599],[-75.617588,6.253486],[-75.617719,6.253384],[-75.618207,6.252751],[-75.618411,6.252256],[-75.618416,6.252001],[-75.618182,6.251806],[-75.61798,6.251785],[-75.617841,6.251841],[-75.617558,6.252107],[-75.617041,6.252732],[-75.616848,6.252896],[-75.616639,6.252986],[-75.616433,6.253019],[-75.616059,6.25296],[-75.615845,6.252822],[-75.615431,6.252289],[-75.615116,6.251975],[-75.614732,6.251696],[-75.614244,6.25142],[-75.614152,6.251018],[-75.614193,6.250758],[-75.614302,6.250566],[-75.615957,6.249099],[-75.61617,6.248768],[-75.616244,6.24848],[-75.616256,6.248084],[-75.616082,6.247778],[-75.615593,6.247225],[-75.616222,6.246576],[-75.616933,6.245621],[-75.616366,6.245415],[-75.616273,6.245321],[-75.615774,6.244079],[-75.615568,6.24299],[-75.615548,6.242945],[-75.615428,6.242926],[-75.615399,6.242686],[-75.615327,6.242644],[-75.615316,6.242555],[-75.615452,6.242512],[-75.615465,6.24242],[-75.615432,6.242295],[-75.615466,6.242263],[-75.615837,6.242374],[-75.616008,6.242486],[-75.616226,6.242457],[-75.616414,6.242526],[-75.616427,6.242417],[-75.616647,6.242037],[-75.61661,6.241862],[-75.616633,6.241716],[-75.616672,6.241632],[-75.616789,6.241512],[-75.617106,6.241423],[-75.617186,6.241522],[-75.617245,6.241704],[-75.617277,6.241618],[-75.617604,6.241289],[-75.617675,6.241279],[-75.617832,6.241335],[-75.618013,6.241285],[-75.617848,6.241294],[-75.617626,6.241159],[-75.617273,6.241246],[-75.617096,6.241203],[-75.616797,6.241204],[-75.616066,6.241445],[-75.615744,6.241586],[-75.615403,6.241549],[-75.615206,6.241623],[-75.614632,6.241644],[-75.614394,6.241613],[-75.614128,6.241658],[-75.613882,6.241573],[-75.613807,6.241575],[-75.613708,6.241683],[-75.613651,6.241814],[-75.613596,6.241816],[-75.613386,6.242094],[-75.612941,6.242561],[-75.611909,6.242544],[-75.610731,6.242381],[-75.610226,6.242281],[-75.609983,6.242188],[-75.609514,6.242109],[-75.607818,6.241925],[-75.607553,6.243132],[-75.607455,6.24337],[-75.607208,6.243737],[-75.60678,6.244174],[-75.602763,6.243233],[-75.60275,6.24393],[-75.602274,6.250586],[-75.601164,6.250527],[-75.600839,6.250478],[-75.600046,6.25016],[-75.599455,6.250075],[-75.598257,6.250138],[-75.596872,6.25012],[-75.596413,6.254979],[-75.597144,6.254816],[-75.597368,6.25472],[-75.59767,6.254767],[-75.598923,6.25435],[-75.598663,6.254842],[-75.598499,6.255331],[-75.595116,6.270483],[-75.59504,6.270736],[-75.594933,6.270937],[-75.595045,6.271163],[-75.595301,6.271902]]]},"properties":{"CODIGO":"12","NOMBRE":"La América","IDENTIFICACION":"Comuna 12","LIMITEMUNICIPIOID":"001","SUBTIPO_COMUNACORREGIMIENTO":1,"MUNICIPIO":"Medellin","CODIGO_MUN":"001","SIMBOLOGIA":"COMUNA 12"}},{"type":"Feature","id":13,"geometry":{"type":"MultiPolygon","coordinates":[[[[-75.615681,6.269923],[-75.615663,6.269967],[-75.61585,6.269904],[-75.616094,6.269624],[-75.616204,6.269585],[-75.61635,6.2696],[-75.616552,6.269841],[-75.616643,6.269853],[-75.616899,6.269799],[-75.617087,6.269965],[-75.617052,6.269804],[-75.617083,6.269537],[-75.61677,6.268986],[-75.616747,6.268905],[-75.616773,6.268827],[-75.616651,6.268525],[-75.616589,6.268449],[-75.616483,6.268108],[-75.616266,6.267779],[-75.615978,6.267216],[-75.615963,6.26699],[-75.615881,6.266819],[-75.615754,6.266678],[-75.615684,6.266458],[-75.615593,6.266316],[-75.615569,6.266076],[-75.615394,6.265979],[-75.615277,6.265764],[-75.615035,6.265554],[-75.61497,6.26544],[-75.614961,6.265121],[-75.614877,6.265023],[-75.614704,6.264945],[-75.614739,6.264802],[-75.614679,6.264303],[-75.614729,6.264027],[-75.614664,6.263842],[-75.614552,6.26372],[-75.614439,6.263362],[-75.614483,6.263091],[-75.614397,6.263036],[-75.614323,6.262905],[-75.614312,6.26272],[-75.614215,6.262541],[-75.614239,6.262376],[-75.61442,6.262028],[-75.614441,6.261918],[-75.614405,6.261834],[-75.614333,6.261821],[-75.613993,6.261939],[-75.614552,6.260971],[-75.61458,6.260853],[-75.614549,6.26068],[-75.614834,6.260627],[-75.614882,6.260491],[-75.615094,6.260296],[-75.614917,6.259832],[-75.615184,6.259849],[-75.615267,6.260074],[-75.615356,6.260185],[-75.615428,6.260197],[-75.615507,6.260301],[-75.615644,6.260635],[-75.615785,6.260785],[-75.615852,6.260975],[-75.615965,6.261039],[-75.616131,6.261216],[-75.616337,6.26135],[-75.616526,6.261531],[-75.616604,6.261687],[-75.616671,6.262212],[-75.616868,6.261905],[-75.616917,6.261892],[-75.616914,6.261785],[-75.616949,6.261744],[-75.61726,6.261757],[-75.617223,6.262023],[-75.617368,6.262119],[-75.617306,6.262236],[-75.61734,6.262378],[-75.617303,6.262416],[-75.617292,6.262545],[-75.617407,6.2627],[-75.617591,6.262626],[-75.617749,6.262602],[-75.617913,6.262782],[-75.617893,6.262903],[-75.618058,6.26297],[-75.618122,6.263249],[-75.618195,6.263141],[-75.618368,6.263009],[-75.61853,6.262979],[-75.618923,6.26328],[-75.619094,6.26334],[-75.61914,6.263397],[-75.619176,6.263559],[-75.619258,6.263672],[-75.619336,6.263683],[-75.619436,6.263904],[-75.619538,6.26401],[-75.61956,6.264283],[-75.619646,6.264099],[-75.61983,6.263843],[-75.619867,6.263532],[-75.619979,6.263342],[-75.620064,6.263373],[-75.620235,6.263513],[-75.620466,6.26347],[-75.620525,6.263583],[-75.620626,6.263662],[-75.6207,6.263657],[-75.620886,6.263535],[-75.621015,6.263536],[-75.621112,6.263426],[-75.621166,6.263429],[-75.621369,6.263764],[-75.62171,6.264039],[-75.621345,6.263446],[-75.621347,6.263057],[-75.621389,6.262875],[-75.621451,6.262846],[-75.621644,6.262901],[-75.621688,6.262887],[-75.621478,6.262568],[-75.621576,6.262514],[-75.621652,6.262485],[-75.621723,6.262507],[-75.62196,6.26248],[-75.62241,6.262651],[-75.622576,6.262662],[-75.622738,6.262624],[-75.623265,6.26234],[-75.623334,6.262424],[-75.623663,6.262526],[-75.624092,6.262788],[-75.624155,6.262808],[-75.62425,6.262782],[-75.624173,6.262704],[-75.623838,6.26212],[-75.623652,6.262003],[-75.623455,6.261807],[-75.623361,6.261605],[-75.623306,6.261367],[-75.623191,6.261177],[-75.623227,6.261055],[-75.623373,6.260865],[-75.623474,6.260606],[-75.623475,6.260421],[-75.623519,6.260331],[-75.623472,6.260206],[-75.623424,6.260127],[-75.623304,6.260082],[-75.623241,6.260022],[-75.623234,6.259946],[-75.623087,6.259775],[-75.622838,6.259628],[-75.622761,6.259533],[-75.623391,6.258456],[-75.623377,6.257687],[-75.623559,6.257818],[-75.623687,6.257819],[-75.623798,6.257889],[-75.624188,6.258235],[-75.624405,6.258334],[-75.62454,6.258479],[-75.624655,6.258543],[-75.624859,6.258596],[-75.625003,6.258767],[-75.625103,6.258814],[-75.625249,6.258956],[-75.625371,6.259002],[-75.625738,6.259007],[-75.626586,6.259934],[-75.626777,6.260228],[-75.626853,6.26054],[-75.626979,6.260684],[-75.627205,6.260854],[-75.627279,6.260983],[-75.6273,6.261502],[-75.627455,6.261544],[-75.627714,6.261535],[-75.627766,6.262017],[-75.627891,6.262183],[-75.628061,6.262247],[-75.628089,6.262294],[-75.628073,6.262365],[-75.628001,6.262419],[-75.628051,6.262538],[-75.628005,6.262658],[-75.62802,6.262767],[-75.628225,6.262994],[-75.628392,6.263339],[-75.628402,6.263432],[-75.628392,6.263486],[-75.628201,6.263662],[-75.628112,6.263824],[-75.628148,6.263899],[-75.628132,6.263963],[-75.62819,6.263967],[-75.628544,6.263547],[-75.628833,6.262576],[-75.628829,6.262484],[-75.628684,6.262036],[-75.628614,6.261909],[-75.6282,6.261572],[-75.632357,6.258313],[-75.632097,6.258281],[-75.632014,6.258228],[-75.631953,6.258111],[-75.631777,6.258018],[-75.631616,6.258045],[-75.631477,6.258013],[-75.631337,6.258027],[-75.631332,6.257999],[-75.631212,6.25797],[-75.631133,6.257768],[-75.630985,6.257631],[-75.631068,6.257476],[-75.631015,6.2573],[-75.63075,6.257124],[-75.630341,6.257094],[-75.630346,6.256895],[-75.630398,6.256784],[-75.630096,6.25652],[-75.629656,6.256208],[-75.629632,6.256138],[-75.629491,6.256018],[-75.629148,6.25547],[-75.628997,6.255302],[-75.628753,6.255111],[-75.628794,6.254987],[-75.628902,6.254838],[-75.62899,6.25482],[-75.629096,6.254722],[-75.6295,6.255045],[-75.629856,6.255192],[-75.630083,6.255402],[-75.630257,6.255482],[-75.630674,6.255438],[-75.631055,6.255264],[-75.631376,6.255324],[-75.631631,6.255253],[-75.631541,6.254876],[-75.631552,6.254784],[-75.631617,6.254718],[-75.631811,6.254665],[-75.631885,6.254516],[-75.632029,6.254433],[-75.632065,6.254309],[-75.631845,6.254012],[-75.631764,6.253844],[-75.631535,6.253648],[-75.6315,6.253582],[-75.631498,6.253433],[-75.631793,6.253212],[-75.631821,6.252992],[-75.632035,6.25256],[-75.631827,6.252643],[-75.63153,6.252635],[-75.631341,6.252515],[-75.631032,6.252236],[-75.630887,6.252157],[-75.630684,6.25219],[-75.630281,6.25211],[-75.630029,6.252286],[-75.629817,6.252237],[-75.629687,6.252277],[-75.629619,6.252067],[-75.629566,6.252013],[-75.629624,6.251917],[-75.629626,6.251794],[-75.629594,6.251755],[-75.629411,6.25174],[-75.629331,6.250869],[-75.629339,6.250652],[-75.629614,6.250626],[-75.630093,6.250657],[-75.630119,6.250552],[-75.630281,6.250402],[-75.630349,6.2502],[-75.630854,6.250041],[-75.630889,6.249987],[-75.631333,6.250199],[-75.632183,6.250492],[-75.631963,6.250322],[-75.631854,6.250042],[-75.631672,6.24982],[-75.631568,6.249536],[-75.631206,6.249077],[-75.630139,6.248504],[-75.629961,6.248358],[-75.629909,6.24823],[-75.629932,6.248215],[-75.630706,6.248267],[-75.630816,6.248323],[-75.631181,6.248616],[-75.631515,6.248817],[-75.631897,6.249279],[-75.631958,6.249196],[-75.632122,6.249075],[-75.632382,6.248968],[-75.632425,6.248918],[-75.632423,6.248872],[-75.632014,6.2486],[-75.631651,6.248598],[-75.631291,6.248422],[-75.631203,6.248341],[-75.631158,6.248241],[-75.631162,6.248136],[-75.631221,6.248055],[-75.631383,6.247968],[-75.631421,6.247895],[-75.631419,6.247788],[-75.631355,6.247701],[-75.6311,6.247574],[-75.630796,6.247083],[-75.63062,6.246998],[-75.630574,6.246896],[-75.630554,6.246593],[-75.6305,6.246515],[-75.630369,6.246475],[-75.630107,6.24647],[-75.629863,6.246336],[-75.629783,6.246333],[-75.629673,6.246415],[-75.629518,6.246409],[-75.629185,6.246223],[-75.629019,6.2462],[-75.628846,6.246117],[-75.628698,6.246147],[-75.628518,6.245777],[-75.628292,6.245418],[-75.627658,6.245452],[-75.627298,6.245418],[-75.62716,6.245484],[-75.627006,6.245699],[-75.62696,6.245915],[-75.626656,6.24606],[-75.626481,6.246328],[-75.626486,6.246394],[-75.62626,6.246466],[-75.626052,6.246444],[-75.625826,6.246373],[-75.625563,6.2461],[-75.625494,6.246064],[-75.625284,6.246081],[-75.625098,6.246134],[-75.624891,6.246097],[-75.624852,6.246106],[-75.624757,6.246243],[-75.624612,6.246339],[-75.624138,6.246354],[-75.623985,6.246235],[-75.623757,6.245924],[-75.62364,6.245876],[-75.623382,6.245906],[-75.623222,6.245886],[-75.623217,6.245803],[-75.623056,6.245469],[-75.62318,6.24545],[-75.623142,6.245316],[-75.623047,6.245345],[-75.623027,6.24523],[-75.623123,6.245173],[-75.623257,6.245268],[-75.623396,6.245118],[-75.622348,6.244246],[-75.622938,6.243544],[-75.622958,6.24339],[-75.622728,6.243478],[-75.622642,6.243444],[-75.6226,6.243384],[-75.622735,6.243182],[-75.622805,6.24299],[-75.623471,6.242676],[-75.623235,6.242537],[-75.622879,6.242386],[-75.622787,6.242282],[-75.622759,6.242155],[-75.622815,6.241741],[-75.622565,6.24185],[-75.622187,6.241835],[-75.621796,6.241947],[-75.621746,6.241849],[-75.621747,6.241755],[-75.62193,6.241368],[-75.621921,6.241294],[-75.621812,6.241145],[-75.621811,6.241015],[-75.621615,6.240926],[-75.621578,6.240713],[-75.621416,6.240746],[-75.621203,6.240569],[-75.621048,6.240623],[-75.620964,6.240694],[-75.62085,6.240686],[-75.620651,6.240729],[-75.620587,6.240903],[-75.620307,6.241346],[-75.620288,6.241621],[-75.620198,6.241964],[-75.619902,6.242338],[-75.619828,6.242376],[-75.619606,6.242445],[-75.619334,6.242431],[-75.619481,6.241965],[-75.619422,6.241653],[-75.619342,6.241574],[-75.618809,6.241392],[-75.618603,6.241377],[-75.618425,6.241316],[-75.618013,6.241285],[-75.617832,6.241335],[-75.617639,6.241276],[-75.617473,6.241393],[-75.617277,6.241618],[-75.617245,6.241704],[-75.617186,6.241522],[-75.617106,6.241423],[-75.616806,6.241504],[-75.616721,6.241576],[-75.616616,6.241769],[-75.616642,6.242055],[-75.616427,6.242417],[-75.616414,6.242526],[-75.616226,6.242457],[-75.616008,6.242486],[-75.615837,6.242374],[-75.615466,6.242263],[-75.615432,6.242295],[-75.615465,6.24242],[-75.615452,6.242512],[-75.615316,6.242555],[-75.615327,6.242644],[-75.615399,6.242686],[-75.615428,6.242926],[-75.615548,6.242945],[-75.615568,6.24299],[-75.615774,6.244079],[-75.616273,6.245321],[-75.616366,6.245415],[-75.616933,6.245621],[-75.616222,6.246576],[-75.615593,6.247225],[-75.616082,6.247778],[-75.616256,6.248084],[-75.616244,6.24848],[-75.61617,6.248768],[-75.615957,6.249099],[-75.614302,6.250566],[-75.614177,6.250815],[-75.614152,6.250948],[-75.614166,6.251151],[-75.614244,6.25142],[-75.614732,6.251696],[-75.615116,6.251975],[-75.615431,6.252289],[-75.615845,6.252822],[-75.615939,6.252906],[-75.616217,6.253001],[-75.616433,6.253019],[-75.616639,6.252986],[-75.616848,6.252896],[-75.617041,6.252732],[-75.617558,6.252107],[-75.617772,6.251897],[-75.61798,6.251785],[-75.618182,6.251806],[-75.618416,6.252001],[-75.618411,6.252256],[-75.618207,6.252751],[-75.617719,6.253384],[-75.617588,6.253486],[-75.617145,6.253657],[-75.616716,6.253715],[-75.616211,6.253733],[-75.615898,6.253807],[-75.615647,6.253915],[-75.615486,6.254113],[-75.615281,6.254218],[-75.614684,6.254683],[-75.613744,6.255304],[-75.613305,6.255557],[-75.613775,6.25582],[-75.613785,6.255851],[-75.613731,6.255937],[-75.613484,6.256104],[-75.613272,6.256326],[-75.612837,6.256021],[-75.612635,6.255952],[-75.611161,6.258272],[-75.610825,6.258153],[-75.610442,6.258134],[-75.609573,6.258221],[-75.606854,6.258643],[-75.606441,6.258788],[-75.604629,6.259575],[-75.603552,6.259868],[-75.602328,6.260406],[-75.602187,6.260443],[-75.602054,6.260415],[-75.601797,6.260283],[-75.600529,6.259214],[-75.600463,6.259221],[-75.600936,6.262563],[-75.600973,6.263284],[-75.601504,6.263621],[-75.602069,6.262744],[-75.602189,6.262612],[-75.60327,6.262518],[-75.604018,6.26251],[-75.604552,6.26245],[-75.604681,6.262459],[-75.604814,6.262529],[-75.6048,6.263038],[-75.604653,6.263541],[-75.604746,6.263723],[-75.604953,6.263942],[-75.605022,6.264275],[-75.604918,6.264464],[-75.604809,6.264518],[-75.604735,6.264603],[-75.604739,6.264649],[-75.604842,6.264759],[-75.604833,6.264806],[-75.604716,6.264974],[-75.604557,6.265021],[-75.604528,6.265129],[-75.60467,6.265165],[-75.604783,6.265348],[-75.604893,6.265392],[-75.604932,6.26562],[-75.604971,6.265683],[-75.605234,6.265813],[-75.605325,6.265894],[-75.605323,6.26595],[-75.605164,6.266151],[-75.605168,6.266218],[-75.605382,6.266389],[-75.60528,6.266536],[-75.605359,6.266601],[-75.605464,6.266621],[-75.605483,6.266754],[-75.605598,6.266814],[-75.605694,6.266942],[-75.605854,6.267036],[-75.605839,6.267178],[-75.605667,6.267422],[-75.605762,6.267331],[-75.605882,6.267309],[-75.60591,6.267145],[-75.606045,6.266974],[-75.606403,6.266818],[-75.606478,6.266824],[-75.606552,6.266789],[-75.606628,6.26679],[-75.6068,6.266887],[-75.607045,6.266887],[-75.607896,6.267107],[-75.60787,6.267063],[-75.607871,6.266922],[-75.607772,6.266776],[-75.607822,6.26665],[-75.607758,6.266597],[-75.60778,6.266551],[-75.608046,6.266435],[-75.608059,6.266384],[-75.608182,6.266279],[-75.60828,6.266276],[-75.608255,6.266142],[-75.608306,6.266071],[-75.60836,6.266087],[-75.608596,6.266296],[-75.608733,6.266348],[-75.608676,6.266128],[-75.608728,6.266045],[-75.608513,6.265737],[-75.608545,6.265716],[-75.608621,6.265759],[-75.608863,6.265747],[-75.609046,6.265665],[-75.609017,6.265611],[-75.608838,6.26551],[-75.608783,6.265385],[-75.608865,6.265315],[-75.609042,6.265258],[-75.60917,6.265107],[-75.60903,6.265006],[-75.608758,6.265027],[-75.608608,6.264988],[-75.608866,6.264933],[-75.609124,6.264832],[-75.609652,6.264932],[-75.609649,6.26487],[-75.609974,6.264729],[-75.610119,6.264589],[-75.610258,6.264608],[-75.610327,6.264668],[-75.610437,6.264661],[-75.610719,6.264591],[-75.611238,6.264307],[-75.611403,6.264279],[-75.611703,6.263974],[-75.611873,6.26395],[-75.611973,6.263998],[-75.612262,6.26401],[-75.612412,6.264217],[-75.612496,6.264504],[-75.612391,6.264572],[-75.612356,6.264636],[-75.612367,6.264969],[-75.612318,6.265024],[-75.612193,6.265049],[-75.612198,6.265162],[-75.612295,6.265339],[-75.612211,6.265435],[-75.6122,6.265513],[-75.612365,6.265598],[-75.612549,6.265608],[-75.6127,6.265788],[-75.612732,6.265912],[-75.612597,6.266062],[-75.612575,6.266153],[-75.612766,6.266281],[-75.61274,6.266428],[-75.612791,6.266657],[-75.61311,6.266613],[-75.613271,6.266685],[-75.613562,6.266528],[-75.613679,6.26654],[-75.613409,6.267133],[-75.613716,6.267575],[-75.613725,6.267648],[-75.61367,6.267797],[-75.613685,6.267944],[-75.61375,6.268078],[-75.613818,6.268125],[-75.613927,6.268361],[-75.614108,6.268599],[-75.614383,6.26864],[-75.614403,6.268671],[-75.614394,6.268723],[-75.614296,6.268796],[-75.614269,6.268923],[-75.614289,6.268993],[-75.614368,6.26907],[-75.614625,6.268976],[-75.614881,6.269014],[-75.614945,6.26906],[-75.615208,6.26898],[-75.615501,6.269045],[-75.61556,6.269089],[-75.615627,6.269228],[-75.615645,6.269528],[-75.615693,6.269735],[-75.615736,6.26977],[-75.615681,6.269923]]],[[[-75.607321,6.276389],[-75.607712,6.276528],[-75.607895,6.276676],[-75.607909,6.274423],[-75.607791,6.274591],[-75.607585,6.274561],[-75.607351,6.274597],[-75.607178,6.274726],[-75.607062,6.274921],[-75.607,6.274954],[-75.606931,6.274938],[-75.606862,6.274856],[-75.606678,6.274768],[-75.606609,6.274666],[-75.606595,6.27455],[-75.606523,6.274466],[-75.606499,6.274173],[-75.606308,6.274004],[-75.606215,6.273877],[-75.606166,6.273782],[-75.606219,6.273693],[-75.606202,6.273613],[-75.606102,6.273541],[-75.606019,6.273383],[-75.606003,6.273278],[-75.605823,6.273365],[-75.605782,6.27334],[-75.605727,6.273227],[-75.605656,6.273305],[-75.605552,6.273345],[-75.605246,6.273295],[-75.605145,6.273201],[-75.605168,6.273166],[-75.605139,6.273056],[-75.605157,6.272949],[-75.605006,6.273069],[-75.604766,6.273145],[-75.604658,6.273274],[-75.604651,6.273449],[-75.604453,6.273495],[-75.604299,6.273697],[-75.604106,6.273744],[-75.603981,6.273685],[-75.603853,6.27356],[-75.603696,6.273492],[-75.603622,6.273418],[-75.603551,6.27324],[-75.603354,6.273232],[-75.603277,6.273053],[-75.603278,6.272866],[-75.603244,6.272777],[-75.603189,6.272724],[-75.603092,6.272747],[-75.603072,6.272803],[-75.603145,6.27279],[-75.603206,6.272851],[-75.603216,6.273088],[-75.603314,6.273428],[-75.603493,6.273608],[-75.603852,6.273811],[-75.604039,6.274191],[-75.604,6.274218],[-75.603901,6.274148],[-75.603856,6.273952],[-75.60375,6.273847],[-75.603518,6.273862],[-75.603377,6.273779],[-75.603269,6.273926],[-75.603208,6.273939],[-75.603024,6.273749],[-75.602949,6.27399],[-75.602887,6.274031],[-75.602753,6.274017],[-75.602686,6.273915],[-75.602547,6.273981],[-75.602359,6.273984],[-75.602129,6.274119],[-75.601923,6.274179],[-75.601725,6.274152],[-75.601656,6.274121],[-75.601535,6.273928],[-75.601295,6.273913],[-75.601041,6.273739],[-75.600975,6.273529],[-75.600782,6.273537],[-75.600668,6.273585],[-75.600359,6.273582],[-75.600181,6.273482],[-75.600014,6.273458],[-75.59973,6.27298],[-75.59955,6.272789],[-75.599541,6.272656],[-75.599593,6.272504],[-75.600047,6.271987],[-75.600109,6.271876],[-75.600444,6.271613],[-75.601092,6.271405],[-75.601154,6.271339],[-75.601146,6.271182],[-75.601037,6.270967],[-75.600921,6.270861],[-75.600629,6.27087],[-75.599997,6.270659],[-75.59972,6.270502],[-75.599442,6.270285],[-75.59926,6.269997],[-75.59906,6.269265],[-75.59898,6.269101],[-75.598696,6.269704],[-75.598519,6.270342],[-75.598339,6.270304],[-75.598228,6.270244],[-75.597905,6.26998],[-75.597614,6.271306],[-75.597564,6.271462],[-75.597484,6.271567],[-75.597266,6.27164],[-75.597225,6.271606],[-75.596882,6.271771],[-75.596163,6.271764],[-75.596187,6.271951],[-75.5957,6.272059],[-75.595379,6.272074],[-75.595045,6.271163],[-75.594933,6.270937],[-75.594734,6.271166],[-75.594122,6.271739],[-75.594617,6.272264],[-75.595349,6.272736],[-75.595464,6.272767],[-75.595741,6.272771],[-75.596295,6.272723],[-75.596652,6.2728],[-75.596879,6.272957],[-75.597165,6.273289],[-75.597473,6.273492],[-75.597768,6.273618],[-75.598307,6.273658],[-75.598594,6.273737],[-75.598862,6.273923],[-75.598962,6.274203],[-75.599023,6.274228],[-75.599006,6.27428],[-75.599085,6.274437],[-75.599399,6.274618],[-75.599529,6.274605],[-75.599618,6.274674],[-75.599769,6.274674],[-75.599854,6.274767],[-75.600014,6.274821],[-75.600304,6.27472],[-75.600488,6.274694],[-75.600816,6.274718],[-75.601243,6.274944],[-75.601356,6.275046],[-75.602175,6.275351],[-75.60283,6.275742],[-75.603211,6.2757],[-75.603325,6.275578],[-75.60341,6.27539],[-75.603597,6.275232],[-75.603718,6.275225],[-75.60376,6.275257],[-75.603891,6.275256],[-75.60396,6.275289],[-75.60403,6.275263],[-75.604268,6.275352],[-75.604661,6.275586],[-75.604937,6.275689],[-75.605187,6.275938],[-75.605179,6.275999],[-75.605265,6.27602],[-75.605417,6.276205],[-75.605487,6.276221],[-75.605525,6.276285],[-75.605882,6.276452],[-75.606063,6.276495],[-75.606457,6.276524],[-75.606681,6.276493],[-75.606829,6.276394],[-75.607105,6.276338],[-75.607321,6.276389]]]]},"properties":{"CODIGO":"13","NOMBRE":"San Javier","IDENTIFICACION":"Comuna 13","LIMITEMUNICIPIOID":"001","SUBTIPO_COMUNACORREGIMIENTO":1,"MUNICIPIO":"Medellin","CODIGO_MUN":"001","SIMBOLOGIA":"COMUNA 13"}},{"type":"Feature","id":14,"geometry":{"type":"Polygon","coordinates":[[[-75.569193,6.226584],[-75.569234,6.226989],[-75.569405,6.227563],[-75.573703,6.230692],[-75.574003,6.23085],[-75.575627,6.231344],[-75.576204,6.227007],[-75.577256,6.219705],[-75.577866,6.215172],[-75.579462,6.204089],[-75.579896,6.200774],[-75.580072,6.199702],[-75.580249,6.198915],[-75.580616,6.197719],[-75.581963,6.194004],[-75.582161,6.193531],[-75.582115,6.193522],[-75.582372,6.192805],[-75.583064,6.189682],[-75.583162,6.18934],[-75.58326,6.189124],[-75.582904,6.188254],[-75.582338,6.188137],[-75.58164,6.187836],[-75.581361,6.187621],[-75.580494,6.186832],[-75.580367,6.186588],[-75.580152,6.185709],[-75.580017,6.185092],[-75.579978,6.184542],[-75.579906,6.184211],[-75.579751,6.183955],[-75.579525,6.183709],[-75.579401,6.183623],[-75.57931,6.18366],[-75.579217,6.183655],[-75.576944,6.182258],[-75.576464,6.182126],[-75.576239,6.18213],[-75.576105,6.182061],[-75.575675,6.181762],[-75.575393,6.181496],[-75.575297,6.181307],[-75.575188,6.180868],[-75.57493,6.180765],[-75.574436,6.180631],[-75.57419,6.180355],[-75.573852,6.180334],[-75.573604,6.18023],[-75.572723,6.179485],[-75.572428,6.17937],[-75.571644,6.179172],[-75.571545,6.179173],[-75.571353,6.179375],[-75.57122,6.179401],[-75.57033,6.179206],[-75.570202,6.179268],[-75.570077,6.17926],[-75.569692,6.179121],[-75.569264,6.178824],[-75.56895,6.178845],[-75.56881,6.178785],[-75.568279,6.17838],[-75.568279,6.178345],[-75.56797,6.177968],[-75.567848,6.177708],[-75.567484,6.177342],[-75.567107,6.17707],[-75.566865,6.177001],[-75.566608,6.176857],[-75.566314,6.176797],[-75.566241,6.176686],[-75.566225,6.176546],[-75.566063,6.176331],[-75.565766,6.176264],[-75.565508,6.176343],[-75.565285,6.176497],[-75.564913,6.176497],[-75.564726,6.176465],[-75.564488,6.176266],[-75.564052,6.176195],[-75.563885,6.176127],[-75.563785,6.175929],[-75.563744,6.175753],[-75.563667,6.175718],[-75.563573,6.17572],[-75.563412,6.175859],[-75.563196,6.175878],[-75.562874,6.176247],[-75.562798,6.176292],[-75.562536,6.176253],[-75.562439,6.176121],[-75.562369,6.176089],[-75.562278,6.176108],[-75.562146,6.176318],[-75.561754,6.176346],[-75.56133,6.176295],[-75.56097,6.176172],[-75.560789,6.17619],[-75.560547,6.176058],[-75.560414,6.175942],[-75.560238,6.175975],[-75.560045,6.175916],[-75.55981,6.175793],[-75.559896,6.175966],[-75.55995,6.176171],[-75.560001,6.17615],[-75.560023,6.176179],[-75.559961,6.176603],[-75.559923,6.176599],[-75.559898,6.176533],[-75.559866,6.176581],[-75.559892,6.176683],[-75.55962,6.176767],[-75.559552,6.176868],[-75.559551,6.176955],[-75.559489,6.177018],[-75.559485,6.177157],[-75.559455,6.177182],[-75.559272,6.177238],[-75.558996,6.177261],[-75.558929,6.177284],[-75.558897,6.177368],[-75.558825,6.177348],[-75.558767,6.177436],[-75.558798,6.177566],[-75.558772,6.177645],[-75.558728,6.177663],[-75.55862,6.177818],[-75.558662,6.177848],[-75.558692,6.177978],[-75.558704,6.178224],[-75.558661,6.178441],[-75.558598,6.178569],[-75.558574,6.17874],[-75.558593,6.17895],[-75.558516,6.179113],[-75.558494,6.17926],[-75.558572,6.179544],[-75.558524,6.179653],[-75.558451,6.179703],[-75.558562,6.179851],[-75.558683,6.179944],[-75.558814,6.180155],[-75.558865,6.18093],[-75.559145,6.181203],[-75.559375,6.181351],[-75.559457,6.181486],[-75.559445,6.181576],[-75.559334,6.181646],[-75.559206,6.181607],[-75.558963,6.18165],[-75.558845,6.181586],[-75.558724,6.181576],[-75.558561,6.18164],[-75.558416,6.181633],[-75.558263,6.1817],[-75.558167,6.181851],[-75.558108,6.181881],[-75.557841,6.181611],[-75.557778,6.181579],[-75.557702,6.181588],[-75.557328,6.181203],[-75.557121,6.181117],[-75.556924,6.181118],[-75.556528,6.181277],[-75.556343,6.181193],[-75.556165,6.181229],[-75.556126,6.181271],[-75.555981,6.181252],[-75.555823,6.1813],[-75.55569,6.181302],[-75.555448,6.181223],[-75.555433,6.181247],[-75.555382,6.1815],[-75.555407,6.181673],[-75.555606,6.182345],[-75.555573,6.18251],[-75.555399,6.182973],[-75.555402,6.183124],[-75.555463,6.183269],[-75.555629,6.183423],[-75.555867,6.183519],[-75.556152,6.183586],[-75.556848,6.183625],[-75.556921,6.183731],[-75.556789,6.184466],[-75.556765,6.185389],[-75.556714,6.185446],[-75.556852,6.185549],[-75.556822,6.185584],[-75.55649,6.185483],[-75.556151,6.185515],[-75.555981,6.18561],[-75.555687,6.185908],[-75.555409,6.186095],[-75.555395,6.186143],[-75.555305,6.186218],[-75.555256,6.18644],[-75.555177,6.186493],[-75.555104,6.18668],[-75.55503,6.186764],[-75.555017,6.186975],[-75.554924,6.187123],[-75.554908,6.187379],[-75.554772,6.18755],[-75.554647,6.187551],[-75.554581,6.187646],[-75.554359,6.187656],[-75.554266,6.187693],[-75.55426,6.187756],[-75.554215,6.187778],[-75.553587,6.187646],[-75.553674,6.187693],[-75.553731,6.187843],[-75.553816,6.187894],[-75.553774,6.188099],[-75.553691,6.188292],[-75.553717,6.188369],[-75.55368,6.1884],[-75.553798,6.188489],[-75.553882,6.188728],[-75.553903,6.189214],[-75.553941,6.18942],[-75.553931,6.189596],[-75.553854,6.189573],[-75.553907,6.189939],[-75.554121,6.19061],[-75.554083,6.190623],[-75.55409,6.190678],[-75.554182,6.191003],[-75.554035,6.191174],[-75.554034,6.191298],[-75.55416,6.191418],[-75.554184,6.191516],[-75.554262,6.191511],[-75.554295,6.191549],[-75.554314,6.191761],[-75.554358,6.191839],[-75.554346,6.192008],[-75.554497,6.192225],[-75.554517,6.192456],[-75.554449,6.192499],[-75.554251,6.19252],[-75.554176,6.192614],[-75.554203,6.192664],[-75.554161,6.192767],[-75.554034,6.192749],[-75.55393,6.19282],[-75.553972,6.192906],[-75.553933,6.192978],[-75.553941,6.193118],[-75.554112,6.193301],[-75.554136,6.193377],[-75.554074,6.193425],[-75.553881,6.193428],[-75.553719,6.193522],[-75.553557,6.19355],[-75.553625,6.19392],[-75.553608,6.194072],[-75.553676,6.194102],[-75.553486,6.194689],[-75.553256,6.194712],[-75.553282,6.194843],[-75.553342,6.194949],[-75.553069,6.195514],[-75.552943,6.195672],[-75.552821,6.195925],[-75.5526,6.196127],[-75.552388,6.196432],[-75.552277,6.1965],[-75.552161,6.196511],[-75.552146,6.196598],[-75.552002,6.196768],[-75.551997,6.196886],[-75.552058,6.197137],[-75.552046,6.197346],[-75.551994,6.197465],[-75.551873,6.19761],[-75.551841,6.197801],[-75.55173,6.198055],[-75.551618,6.198197],[-75.551712,6.198267],[-75.55174,6.198329],[-75.552046,6.198493],[-75.552067,6.198625],[-75.551901,6.198958],[-75.551689,6.19927],[-75.551288,6.199405],[-75.551376,6.199529],[-75.55138,6.200035],[-75.551455,6.20039],[-75.551548,6.200577],[-75.551512,6.200642],[-75.55141,6.200687],[-75.551393,6.200732],[-75.551397,6.201016],[-75.551111,6.201308],[-75.55107,6.201414],[-75.551064,6.201596],[-75.550839,6.201871],[-75.550654,6.201977],[-75.550354,6.202016],[-75.550167,6.20211],[-75.549833,6.202104],[-75.549615,6.202192],[-75.549704,6.202281],[-75.549913,6.202657],[-75.550079,6.20281],[-75.550342,6.203211],[-75.550403,6.203374],[-75.550436,6.203632],[-75.550375,6.203845],[-75.550279,6.203947],[-75.550076,6.20405],[-75.549308,6.20418],[-75.549108,6.204252],[-75.548753,6.204281],[-75.548405,6.204269],[-75.548535,6.204369],[-75.548496,6.204717],[-75.548304,6.205076],[-75.548288,6.205352],[-75.548317,6.205551],[-75.548258,6.205586],[-75.548293,6.205634],[-75.547941,6.206075],[-75.547608,6.206326],[-75.54794,6.206519],[-75.547955,6.206578],[-75.548128,6.206728],[-75.548245,6.206767],[-75.548256,6.20684],[-75.548113,6.207521],[-75.548019,6.207734],[-75.548006,6.207861],[-75.547878,6.208067],[-75.54775,6.208181],[-75.547762,6.208233],[-75.547837,6.208266],[-75.547878,6.208324],[-75.54788,6.208446],[-75.547773,6.208707],[-75.547802,6.208844],[-75.54764,6.209297],[-75.54763,6.209605],[-75.547488,6.209716],[-75.547102,6.209918],[-75.547265,6.209997],[-75.547522,6.210371],[-75.54762,6.210434],[-75.547475,6.210673],[-75.547434,6.21106],[-75.547374,6.2112],[-75.547388,6.211318],[-75.547493,6.211436],[-75.547484,6.211514],[-75.547674,6.211465],[-75.547783,6.21151],[-75.547786,6.211543],[-75.54763,6.212071],[-75.547239,6.212286],[-75.54719,6.212353],[-75.547159,6.212463],[-75.547243,6.212534],[-75.547256,6.212599],[-75.547236,6.212759],[-75.547171,6.212863],[-75.547182,6.213023],[-75.547152,6.213074],[-75.547076,6.213106],[-75.547025,6.213361],[-75.546858,6.213486],[-75.546933,6.213478],[-75.547014,6.213556],[-75.547016,6.213623],[-75.547093,6.213702],[-75.547101,6.213802],[-75.547153,6.213875],[-75.547094,6.213951],[-75.547102,6.214113],[-75.547068,6.214238],[-75.547014,6.214238],[-75.546991,6.214204],[-75.546935,6.214221],[-75.546979,6.214358],[-75.547062,6.214465],[-75.547155,6.214523],[-75.547292,6.214535],[-75.547434,6.21448],[-75.547912,6.214169],[-75.548558,6.213867],[-75.548799,6.213789],[-75.549781,6.213749],[-75.550392,6.213685],[-75.550738,6.213754],[-75.551174,6.213751],[-75.551405,6.213789],[-75.55148,6.213854],[-75.551495,6.213991],[-75.551332,6.214566],[-75.551346,6.21474],[-75.551407,6.214874],[-75.553049,6.216387],[-75.553974,6.217295],[-75.55441,6.2175],[-75.55456,6.217612],[-75.554908,6.218103],[-75.55537,6.218468],[-75.555623,6.218179],[-75.555652,6.218026],[-75.555628,6.217895],[-75.555659,6.217835],[-75.555961,6.217694],[-75.556106,6.217577],[-75.556243,6.21745],[-75.556312,6.217272],[-75.556654,6.216986],[-75.556755,6.216917],[-75.557004,6.216856],[-75.557462,6.216597],[-75.557631,6.216546],[-75.55769,6.216479],[-75.557719,6.216355],[-75.557833,6.21632],[-75.557849,6.216226],[-75.55789,6.216189],[-75.557474,6.215383],[-75.557404,6.215167],[-75.557416,6.214959],[-75.55746,6.21484],[-75.557533,6.214717],[-75.55763,6.214631],[-75.557754,6.214578],[-75.557958,6.214533],[-75.558265,6.214581],[-75.56271,6.215539],[-75.563023,6.215614],[-75.563298,6.215723],[-75.5635,6.215862],[-75.564195,6.216507],[-75.564267,6.216615],[-75.564374,6.216955],[-75.564426,6.217719],[-75.564528,6.217917],[-75.564668,6.21804],[-75.564873,6.218109],[-75.565624,6.218106],[-75.565925,6.218292],[-75.566029,6.218492],[-75.566046,6.219162],[-75.566349,6.22],[-75.566361,6.220177],[-75.566266,6.220428],[-75.566101,6.220591],[-75.565973,6.220652],[-75.565661,6.220883],[-75.565506,6.221081],[-75.565453,6.221268],[-75.565075,6.223606],[-75.565074,6.223917],[-75.565253,6.22466],[-75.565783,6.224509],[-75.565817,6.224541],[-75.566474,6.22467],[-75.566571,6.224721],[-75.566683,6.224844],[-75.566699,6.225225],[-75.56679,6.225391],[-75.567189,6.225531],[-75.567951,6.225697],[-75.568136,6.225682],[-75.568279,6.225621],[-75.568411,6.225926],[-75.568523,6.226496],[-75.569193,6.22649],[-75.569193,6.226584]]]},"properties":{"CODIGO":"14","NOMBRE":"El Poblado","IDENTIFICACION":"Comuna 14","LIMITEMUNICIPIOID":"001","SUBTIPO_COMUNACORREGIMIENTO":1,"MUNICIPIO":"Medellin","CODIGO_MUN":"001","SIMBOLOGIA":"COMUNA 14"}},{"type":"Feature","id":15,"geometry":{"type":"Polygon","coordinates":[[[-75.612214,6.239161],[-75.612342,6.239445],[-75.612418,6.239509],[-75.612758,6.239679],[-75.613694,6.240311],[-75.613921,6.240402],[-75.614038,6.240155],[-75.614081,6.239661],[-75.613888,6.239426],[-75.613895,6.239374],[-75.614063,6.23928],[-75.613512,6.239002],[-75.613347,6.238643],[-75.613132,6.238379],[-75.613062,6.238245],[-75.612892,6.2381],[-75.612652,6.237766],[-75.612674,6.237295],[-75.612633,6.237192],[-75.612565,6.237147],[-75.61277,6.236683],[-75.613003,6.236295],[-75.613556,6.236505],[-75.613855,6.236658],[-75.614301,6.236769],[-75.61458,6.236699],[-75.61462,6.23666],[-75.61463,6.236103],[-75.615262,6.236508],[-75.615611,6.236665],[-75.615712,6.236674],[-75.615889,6.23657],[-75.615995,6.236562],[-75.616372,6.236643],[-75.61664,6.236659],[-75.617096,6.236797],[-75.617338,6.236981],[-75.617435,6.236995],[-75.617558,6.236964],[-75.617701,6.236811],[-75.617753,6.236793],[-75.61782,6.236795],[-75.618023,6.237007],[-75.618174,6.236983],[-75.618271,6.236871],[-75.618392,6.236824],[-75.618451,6.236845],[-75.618615,6.237028],[-75.618711,6.237076],[-75.618866,6.237265],[-75.619046,6.237336],[-75.619178,6.237267],[-75.619309,6.237043],[-75.619708,6.236829],[-75.6199,6.236766],[-75.620211,6.236751],[-75.620799,6.236859],[-75.621076,6.236745],[-75.621514,6.236413],[-75.621712,6.236323],[-75.621767,6.236345],[-75.621923,6.236521],[-75.622051,6.236531],[-75.622365,6.236034],[-75.622657,6.235839],[-75.622674,6.235685],[-75.622762,6.235599],[-75.622794,6.235512],[-75.622679,6.235562],[-75.622483,6.235788],[-75.622409,6.235833],[-75.622222,6.235894],[-75.621649,6.23597],[-75.621147,6.235941],[-75.620428,6.235676],[-75.620306,6.235661],[-75.620053,6.235676],[-75.619348,6.235828],[-75.618963,6.235838],[-75.618416,6.235737],[-75.618142,6.2356],[-75.61744,6.235084],[-75.617324,6.235028],[-75.616665,6.234926],[-75.615988,6.234612],[-75.615846,6.234578],[-75.615122,6.234513],[-75.614868,6.23454],[-75.614834,6.233805],[-75.615521,6.233861],[-75.615518,6.233579],[-75.615412,6.233477],[-75.615445,6.233469],[-75.615435,6.233407],[-75.615379,6.233399],[-75.615375,6.23323],[-75.615442,6.233237],[-75.615417,6.233075],[-75.61548,6.232848],[-75.615658,6.23288],[-75.615779,6.232552],[-75.61581,6.232301],[-75.615776,6.232299],[-75.615756,6.232203],[-75.615798,6.232046],[-75.616019,6.231796],[-75.616011,6.23166],[-75.616041,6.231652],[-75.615934,6.23151],[-75.615866,6.23154],[-75.615663,6.23134],[-75.615355,6.231177],[-75.615109,6.231203],[-75.614493,6.231052],[-75.614029,6.231],[-75.614021,6.231031],[-75.613896,6.230999],[-75.614186,6.230788],[-75.614568,6.23067],[-75.614782,6.230629],[-75.614934,6.230717],[-75.615015,6.23052],[-75.615152,6.230402],[-75.615527,6.230407],[-75.616132,6.230258],[-75.616324,6.230248],[-75.616223,6.230182],[-75.615781,6.229613],[-75.615218,6.229086],[-75.615139,6.228954],[-75.615166,6.228875],[-75.61545,6.228805],[-75.615673,6.228676],[-75.615992,6.228411],[-75.616178,6.228352],[-75.616045,6.228283],[-75.615941,6.227993],[-75.61586,6.227921],[-75.615816,6.227963],[-75.61559,6.227889],[-75.615441,6.227889],[-75.615388,6.227905],[-75.61534,6.227983],[-75.615287,6.227986],[-75.615176,6.227888],[-75.614987,6.227803],[-75.614597,6.227528],[-75.614377,6.227496],[-75.61433,6.227439],[-75.614292,6.227278],[-75.614155,6.227355],[-75.613809,6.227202],[-75.613587,6.227177],[-75.613003,6.226853],[-75.61296,6.226844],[-75.612989,6.226903],[-75.612949,6.226939],[-75.612669,6.226801],[-75.612619,6.226917],[-75.612564,6.226966],[-75.61225,6.227007],[-75.612128,6.227102],[-75.61212,6.22727],[-75.612178,6.227601],[-75.611925,6.228012],[-75.611729,6.2281],[-75.611541,6.228115],[-75.611333,6.228035],[-75.611308,6.227907],[-75.611241,6.227887],[-75.61096,6.228056],[-75.61083,6.228267],[-75.610801,6.228565],[-75.610769,6.228675],[-75.610701,6.228762],[-75.610673,6.229041],[-75.610611,6.229237],[-75.610243,6.229287],[-75.609895,6.229071],[-75.609774,6.228605],[-75.609782,6.228116],[-75.609684,6.227967],[-75.60975,6.227784],[-75.609866,6.227094],[-75.609804,6.227038],[-75.609656,6.22704],[-75.609596,6.226995],[-75.609527,6.226732],[-75.609435,6.226549],[-75.609584,6.22649],[-75.609752,6.226603],[-75.609857,6.226582],[-75.609737,6.22619],[-75.609559,6.22581],[-75.60956,6.225696],[-75.609495,6.225506],[-75.609484,6.225205],[-75.60957,6.225063],[-75.609732,6.224941],[-75.609902,6.225204],[-75.609954,6.225394],[-75.610037,6.225367],[-75.610127,6.225395],[-75.610183,6.225212],[-75.610395,6.225068],[-75.610599,6.225151],[-75.610746,6.225175],[-75.610961,6.225348],[-75.611032,6.22536],[-75.611178,6.225279],[-75.611312,6.22502],[-75.611434,6.224933],[-75.611545,6.2249],[-75.611479,6.224743],[-75.611214,6.224541],[-75.611176,6.224459],[-75.611233,6.224388],[-75.611296,6.224383],[-75.6113,6.2243],[-75.611441,6.224304],[-75.611612,6.224199],[-75.611713,6.224046],[-75.611681,6.223826],[-75.611576,6.223653],[-75.611062,6.223164],[-75.611052,6.223111],[-75.611309,6.222834],[-75.611433,6.222795],[-75.611565,6.222836],[-75.61187,6.223073],[-75.611899,6.22307],[-75.611922,6.222988],[-75.612076,6.223024],[-75.612189,6.222997],[-75.612123,6.222898],[-75.611926,6.222731],[-75.611855,6.222563],[-75.611922,6.222499],[-75.612044,6.222456],[-75.612269,6.222209],[-75.612332,6.222121],[-75.612321,6.221996],[-75.612406,6.221932],[-75.612497,6.221734],[-75.612415,6.221723],[-75.612285,6.221622],[-75.61208,6.221292],[-75.612004,6.221221],[-75.611669,6.221014],[-75.611454,6.221014],[-75.610841,6.221135],[-75.610674,6.220752],[-75.610613,6.220408],[-75.610834,6.219979],[-75.610982,6.219798],[-75.611487,6.219382],[-75.611629,6.219226],[-75.611888,6.219128],[-75.612193,6.218869],[-75.611814,6.218866],[-75.611534,6.218798],[-75.611437,6.218746],[-75.610962,6.218744],[-75.610764,6.218651],[-75.610702,6.218683],[-75.610684,6.218632],[-75.610557,6.218525],[-75.610018,6.218687],[-75.609577,6.218693],[-75.609333,6.218639],[-75.609098,6.218508],[-75.608368,6.217853],[-75.607801,6.218419],[-75.607741,6.21845],[-75.607657,6.218437],[-75.607454,6.218283],[-75.60717,6.218145],[-75.606707,6.217988],[-75.606502,6.217829],[-75.606364,6.21759],[-75.606181,6.217403],[-75.606082,6.217343],[-75.60592,6.217334],[-75.60557,6.21748],[-75.605425,6.217483],[-75.605263,6.217428],[-75.604883,6.21705],[-75.604807,6.216882],[-75.604781,6.216697],[-75.604717,6.216591],[-75.604625,6.21655],[-75.604399,6.216549],[-75.604021,6.21665],[-75.603575,6.216638],[-75.603208,6.216406],[-75.603073,6.216192],[-75.603115,6.216117],[-75.603417,6.216405],[-75.603601,6.216482],[-75.603822,6.216501],[-75.604538,6.216176],[-75.604927,6.216098],[-75.604997,6.216017],[-75.605139,6.215573],[-75.605327,6.215177],[-75.604954,6.214431],[-75.605,6.214413],[-75.604873,6.214163],[-75.604941,6.214018],[-75.605522,6.213409],[-75.605037,6.213009],[-75.604725,6.212907],[-75.604179,6.21212],[-75.604788,6.211671],[-75.604472,6.211232],[-75.60485,6.210996],[-75.605057,6.210966],[-75.605262,6.210826],[-75.605448,6.210637],[-75.605623,6.210578],[-75.605997,6.210538],[-75.606146,6.210488],[-75.60657,6.210252],[-75.606672,6.21016],[-75.606935,6.210289],[-75.607043,6.210251],[-75.607271,6.210259],[-75.607664,6.210116],[-75.607763,6.210035],[-75.608014,6.209701],[-75.608473,6.20959],[-75.608757,6.20946],[-75.608577,6.209406],[-75.608285,6.209445],[-75.608097,6.209332],[-75.60793,6.209487],[-75.607649,6.20965],[-75.607559,6.209665],[-75.60752,6.209582],[-75.607472,6.209164],[-75.607225,6.209209],[-75.607073,6.209378],[-75.606854,6.209448],[-75.606739,6.209457],[-75.606567,6.209391],[-75.606419,6.209456],[-75.606219,6.209615],[-75.606134,6.209585],[-75.606109,6.209624],[-75.606073,6.209621],[-75.606024,6.209577],[-75.606015,6.209544],[-75.606109,6.209424],[-75.606099,6.209365],[-75.606201,6.209245],[-75.606271,6.209211],[-75.606425,6.209206],[-75.606841,6.209009],[-75.607023,6.208821],[-75.607115,6.208652],[-75.607112,6.208425],[-75.607201,6.208151],[-75.607238,6.207905],[-75.607156,6.207478],[-75.606986,6.207339],[-75.60637,6.207153],[-75.605987,6.206744],[-75.605961,6.206591],[-75.605987,6.206266],[-75.605963,6.20619],[-75.60602,6.206128],[-75.605999,6.206052],[-75.606043,6.205848],[-75.606099,6.205809],[-75.606214,6.205819],[-75.606317,6.20591],[-75.606521,6.20595],[-75.606619,6.205891],[-75.606707,6.205762],[-75.606675,6.205725],[-75.606738,6.205663],[-75.606877,6.205644],[-75.607375,6.206047],[-75.607532,6.206128],[-75.607926,6.206116],[-75.608118,6.206152],[-75.608277,6.206069],[-75.60869,6.20593],[-75.608865,6.205951],[-75.609271,6.206129],[-75.609325,6.206107],[-75.609353,6.205934],[-75.6094,6.205881],[-75.60963,6.205946],[-75.609945,6.205922],[-75.609953,6.20588],[-75.60987,6.20575],[-75.609895,6.205695],[-75.609984,6.205667],[-75.610263,6.205649],[-75.610373,6.205733],[-75.610404,6.205855],[-75.610473,6.205856],[-75.61083,6.205508],[-75.610728,6.205534],[-75.610564,6.205654],[-75.61037,6.205629],[-75.610168,6.205518],[-75.609892,6.205638],[-75.609723,6.205558],[-75.609743,6.205424],[-75.609528,6.205339],[-75.609373,6.205237],[-75.609319,6.205162],[-75.609058,6.205122],[-75.608765,6.20493],[-75.608468,6.204877],[-75.60836,6.20479],[-75.608372,6.204693],[-75.608294,6.204634],[-75.608294,6.204567],[-75.607912,6.204365],[-75.607947,6.204174],[-75.607719,6.204217],[-75.607307,6.203848],[-75.606938,6.203794],[-75.60682,6.203723],[-75.606841,6.203514],[-75.60673,6.203439],[-75.606689,6.203357],[-75.606762,6.202999],[-75.606719,6.20297],[-75.606496,6.203033],[-75.606443,6.202992],[-75.606414,6.202816],[-75.606433,6.202701],[-75.606356,6.202433],[-75.606229,6.20248],[-75.605807,6.202472],[-75.605907,6.202659],[-75.605901,6.202759],[-75.605627,6.20296],[-75.605457,6.203008],[-75.605421,6.203086],[-75.605367,6.2031],[-75.605297,6.203327],[-75.605221,6.203374],[-75.605105,6.203361],[-75.604757,6.20322],[-75.60438,6.202958],[-75.604208,6.203013],[-75.604022,6.203005],[-75.604003,6.20298],[-75.604072,6.202738],[-75.603909,6.202434],[-75.603789,6.202295],[-75.603813,6.202134],[-75.603745,6.201819],[-75.603663,6.201738],[-75.603517,6.201667],[-75.603395,6.201401],[-75.603346,6.201222],[-75.603383,6.20108],[-75.603323,6.200982],[-75.603246,6.200645],[-75.603062,6.200322],[-75.603013,6.200089],[-75.602867,6.200141],[-75.602702,6.200075],[-75.602581,6.200065],[-75.602428,6.199897],[-75.602235,6.199853],[-75.60216,6.199774],[-75.601718,6.200033],[-75.601642,6.200154],[-75.601506,6.200257],[-75.601256,6.200313],[-75.601083,6.200305],[-75.600794,6.200197],[-75.600442,6.2002],[-75.59997,6.200137],[-75.599105,6.20016],[-75.598715,6.200007],[-75.598341,6.199661],[-75.598188,6.199857],[-75.598153,6.199979],[-75.598375,6.200437],[-75.59856,6.200729],[-75.598721,6.200871],[-75.599074,6.201104],[-75.599353,6.201546],[-75.599558,6.201963],[-75.599621,6.202023],[-75.599359,6.202329],[-75.598846,6.2027],[-75.598843,6.202755],[-75.598889,6.202798],[-75.598996,6.20279],[-75.599124,6.202711],[-75.599193,6.202723],[-75.599224,6.202775],[-75.599186,6.202888],[-75.598908,6.203136],[-75.598622,6.203223],[-75.597935,6.203267],[-75.598265,6.203472],[-75.598384,6.203588],[-75.598609,6.204058],[-75.598915,6.204405],[-75.598897,6.204441],[-75.598787,6.204582],[-75.598653,6.204659],[-75.598209,6.204563],[-75.598058,6.204582],[-75.597891,6.204656],[-75.597292,6.205334],[-75.597377,6.205558],[-75.597825,6.206267],[-75.597829,6.206572],[-75.597924,6.206905],[-75.597881,6.207662],[-75.597793,6.208104],[-75.597755,6.208559],[-75.597893,6.209422],[-75.597899,6.209931],[-75.597743,6.210182],[-75.597716,6.210323],[-75.59773,6.210482],[-75.597138,6.210204],[-75.59692,6.210158],[-75.596665,6.21019],[-75.596357,6.210287],[-75.595352,6.210731],[-75.595199,6.210852],[-75.595102,6.211107],[-75.594487,6.209921],[-75.594043,6.209331],[-75.594131,6.209608],[-75.594338,6.210015],[-75.594372,6.210294],[-75.594355,6.210508],[-75.593315,6.216166],[-75.593178,6.216483],[-75.593053,6.217092],[-75.591324,6.226265],[-75.591272,6.226687],[-75.591277,6.22763],[-75.591388,6.229103],[-75.591002,6.229284],[-75.590826,6.22943],[-75.590713,6.229602],[-75.590614,6.229884],[-75.59038,6.231103],[-75.590158,6.231399],[-75.589949,6.231523],[-75.589735,6.231595],[-75.582766,6.231788],[-75.582758,6.232363],[-75.582704,6.232787],[-75.582704,6.2333],[-75.581001,6.23325],[-75.580671,6.233202],[-75.579987,6.233084],[-75.578081,6.232635],[-75.576967,6.232428],[-75.576866,6.232447],[-75.576709,6.232402],[-75.576759,6.232184],[-75.576748,6.232],[-75.576504,6.231604],[-75.575627,6.231344],[-75.575616,6.232395],[-75.575704,6.234268],[-75.575814,6.234762],[-75.576881,6.237875],[-75.577512,6.239649],[-75.587971,6.239271],[-75.589407,6.239256],[-75.59086,6.239153],[-75.600235,6.238842],[-75.6002,6.238504],[-75.60004,6.238277],[-75.59985,6.237709],[-75.600901,6.237697],[-75.607361,6.237456],[-75.611579,6.237675],[-75.611732,6.237885],[-75.611964,6.2387],[-75.612214,6.239161]]]},"properties":{"CODIGO":"16","NOMBRE":"Belén","IDENTIFICACION":"Comuna 16","LIMITEMUNICIPIOID":"001","SUBTIPO_COMUNACORREGIMIENTO":1,"MUNICIPIO":"Medellin","CODIGO_MUN":"001","SIMBOLOGIA":"COMUNA 16"}},{"type":"Feature","id":16,"geometry":{"type":"Polygon","coordinates":[[[-75.666909,6.373906],[-75.666882,6.374621],[-75.667061,6.374872],[-75.667259,6.374826],[-75.668105,6.374389],[-75.668698,6.374015],[-75.669151,6.373893],[-75.669669,6.374028],[-75.669894,6.374005],[-75.671371,6.373277],[-75.672959,6.372664],[-75.674756,6.372402],[-75.675251,6.372298],[-75.676554,6.371853],[-75.676741,6.371863],[-75.677093,6.371976],[-75.677296,6.371979],[-75.677401,6.371866],[-75.67771,6.371248],[-75.678283,6.370585],[-75.678549,6.370398],[-75.679325,6.370064],[-75.679553,6.370031],[-75.68118,6.370108],[-75.682047,6.369854],[-75.682283,6.369823],[-75.683913,6.370076],[-75.684154,6.370037],[-75.684469,6.369922],[-75.685129,6.369823],[-75.685588,6.369589],[-75.685759,6.369557],[-75.685892,6.369581],[-75.686227,6.369812],[-75.686321,6.370019],[-75.686393,6.370542],[-75.68647,6.370731],[-75.686727,6.371083],[-75.686987,6.371312],[-75.687066,6.371345],[-75.687273,6.371359],[-75.687516,6.371279],[-75.68918,6.370244],[-75.690224,6.369934],[-75.690816,6.369872],[-75.691761,6.369907],[-75.693447,6.370393],[-75.693986,6.370501],[-75.694422,6.370474],[-75.694761,6.370375],[-75.695274,6.37028],[-75.695855,6.370455],[-75.696841,6.371044],[-75.697395,6.371623],[-75.697548,6.371852],[-75.698187,6.372427],[-75.699534,6.372937],[-75.699767,6.372975],[-75.700076,6.372896],[-75.700783,6.372517],[-75.701012,6.372427],[-75.702763,6.372288],[-75.703523,6.372283],[-75.703828,6.372373],[-75.704141,6.37258],[-75.704833,6.372826],[-75.705338,6.373249],[-75.705838,6.373511],[-75.705986,6.37352],[-75.706185,6.373442],[-75.706499,6.373263],[-75.707068,6.373086],[-75.707291,6.373052],[-75.707616,6.373116],[-75.707892,6.373137],[-75.707972,6.373114],[-75.708076,6.373029],[-75.708248,6.372754],[-75.708564,6.372535],[-75.708823,6.372521],[-75.709127,6.372574],[-75.70961,6.372536],[-75.710347,6.372184],[-75.710827,6.371856],[-75.710994,6.371791],[-75.711212,6.371761],[-75.71149,6.37182],[-75.712013,6.371818],[-75.712478,6.371745],[-75.712898,6.371566],[-75.71372,6.371015],[-75.713869,6.370851],[-75.713955,6.370679],[-75.714178,6.36938],[-75.714405,6.368871],[-75.71503,6.367935],[-75.715455,6.367197],[-75.715899,6.366619],[-75.716192,6.366108],[-75.716462,6.365764],[-75.716934,6.365351],[-75.717115,6.365113],[-75.717249,6.364856],[-75.717364,6.364315],[-75.71739,6.363754],[-75.717321,6.363264],[-75.717139,6.362668],[-75.717037,6.362181],[-75.716968,6.36107],[-75.716925,6.3608],[-75.716904,6.360708],[-75.716396,6.360441],[-75.716114,6.360212],[-75.716132,6.360038],[-75.716383,6.359702],[-75.716443,6.359564],[-75.716397,6.358879],[-75.716271,6.358592],[-75.71604,6.358441],[-75.715976,6.358331],[-75.715914,6.358082],[-75.715791,6.357232],[-75.715868,6.357009],[-75.715875,6.356874],[-75.715431,6.356114],[-75.715444,6.356011],[-75.715556,6.355787],[-75.715625,6.355456],[-75.715853,6.355131],[-75.715863,6.354906],[-75.715818,6.354838],[-75.715574,6.354757],[-75.71499,6.35419],[-75.714855,6.35402],[-75.714692,6.353512],[-75.714538,6.353385],[-75.714487,6.3533],[-75.714312,6.352514],[-75.714337,6.352222],[-75.714743,6.352213],[-75.714914,6.352178],[-75.715098,6.352074],[-75.715221,6.351895],[-75.715234,6.351792],[-75.715181,6.351551],[-75.714848,6.350897],[-75.714818,6.350771],[-75.714906,6.350259],[-75.715027,6.349912],[-75.715105,6.349566],[-75.715141,6.349235],[-75.715129,6.349029],[-75.714937,6.348677],[-75.714606,6.348194],[-75.714465,6.348071],[-75.714126,6.347972],[-75.713938,6.347834],[-75.713711,6.347532],[-75.713651,6.347253],[-75.713673,6.347092],[-75.713765,6.347012],[-75.714205,6.346789],[-75.714648,6.346701],[-75.714858,6.346594],[-75.715095,6.346215],[-75.715196,6.346152],[-75.715346,6.346161],[-75.715785,6.346403],[-75.716051,6.346433],[-75.716213,6.346367],[-75.716497,6.346068],[-75.716589,6.346043],[-75.716786,6.346071],[-75.716907,6.346053],[-75.717325,6.345781],[-75.717688,6.345635],[-75.717731,6.345583],[-75.717786,6.345341],[-75.717815,6.344682],[-75.718014,6.344347],[-75.71816,6.343981],[-75.718313,6.343765],[-75.718959,6.343356],[-75.718953,6.343245],[-75.718461,6.34253],[-75.718434,6.342398],[-75.71848,6.342306],[-75.718535,6.342274],[-75.718715,6.342192],[-75.71912,6.342105],[-75.719261,6.342003],[-75.719313,6.341824],[-75.71931,6.3417],[-75.719179,6.340991],[-75.719301,6.340061],[-75.719279,6.340001],[-75.718778,6.339524],[-75.718736,6.339424],[-75.718728,6.339186],[-75.718654,6.339035],[-75.718379,6.338729],[-75.718045,6.338461],[-75.718042,6.338394],[-75.718313,6.33817],[-75.718337,6.338117],[-75.718316,6.338001],[-75.718181,6.337886],[-75.717865,6.337774],[-75.717779,6.337656],[-75.717745,6.337472],[-75.717582,6.33732],[-75.717585,6.337206],[-75.717763,6.336856],[-75.717808,6.33665],[-75.717788,6.336522],[-75.717599,6.336069],[-75.717592,6.335858],[-75.717543,6.335702],[-75.717474,6.335607],[-75.717348,6.335533],[-75.717029,6.335521],[-75.716748,6.335571],[-75.716515,6.335551],[-75.716387,6.335497],[-75.716313,6.335402],[-75.716296,6.3352],[-75.716211,6.334994],[-75.715953,6.334585],[-75.715921,6.334336],[-75.716063,6.333915],[-75.716036,6.333507],[-75.716104,6.333331],[-75.716212,6.333204],[-75.716673,6.332817],[-75.717046,6.332619],[-75.71722,6.332224],[-75.717537,6.332192],[-75.717901,6.33194],[-75.718022,6.331493],[-75.718058,6.331468],[-75.718364,6.331468],[-75.718505,6.331373],[-75.718525,6.330814],[-75.718582,6.33058],[-75.718525,6.330096],[-75.718595,6.329968],[-75.718781,6.329809],[-75.718873,6.329455],[-75.71908,6.329256],[-75.719096,6.3292],[-75.719027,6.329035],[-75.718747,6.328677],[-75.718564,6.328367],[-75.718041,6.327721],[-75.71794,6.327332],[-75.717767,6.327053],[-75.717765,6.326993],[-75.717827,6.32691],[-75.718109,6.32679],[-75.718275,6.326662],[-75.718327,6.326594],[-75.718343,6.326461],[-75.718109,6.325864],[-75.718146,6.325522],[-75.71825,6.325175],[-75.718151,6.324916],[-75.718128,6.324719],[-75.718261,6.324426],[-75.718307,6.324107],[-75.718238,6.323625],[-75.718062,6.323246],[-75.718108,6.32308],[-75.718211,6.322917],[-75.718243,6.322774],[-75.718182,6.322662],[-75.71783,6.322395],[-75.717789,6.322244],[-75.717815,6.321975],[-75.71774,6.321791],[-75.717679,6.321729],[-75.717569,6.321685],[-75.717313,6.321696],[-75.717245,6.321668],[-75.717214,6.321529],[-75.717261,6.32127],[-75.71723,6.321164],[-75.717175,6.321118],[-75.716834,6.32108],[-75.716709,6.320986],[-75.716566,6.320933],[-75.716207,6.321016],[-75.716096,6.320997],[-75.716004,6.320917],[-75.71602,6.320748],[-75.715934,6.320682],[-75.715553,6.320596],[-75.715238,6.320581],[-75.714971,6.320498],[-75.714923,6.320433],[-75.714898,6.320088],[-75.714855,6.319986],[-75.714762,6.319896],[-75.71464,6.319863],[-75.714248,6.319903],[-75.713976,6.319816],[-75.713912,6.319716],[-75.71386,6.319423],[-75.71379,6.319262],[-75.713527,6.318969],[-75.713478,6.318817],[-75.713425,6.318161],[-75.713314,6.317957],[-75.713217,6.317865],[-75.713,6.317754],[-75.712621,6.317379],[-75.712228,6.317208],[-75.712044,6.317008],[-75.712078,6.316895],[-75.712402,6.316569],[-75.71243,6.31644],[-75.712413,6.316326],[-75.71218,6.315886],[-75.712111,6.315813],[-75.711703,6.315724],[-75.7113,6.315538],[-75.710607,6.314971],[-75.710439,6.314778],[-75.710427,6.314338],[-75.710241,6.313411],[-75.71026,6.313288],[-75.710344,6.313143],[-75.710521,6.312954],[-75.710554,6.312847],[-75.710514,6.312557],[-75.710523,6.312367],[-75.710633,6.312041],[-75.710427,6.31184],[-75.710366,6.311658],[-75.710393,6.311527],[-75.710551,6.311201],[-75.710591,6.310988],[-75.710556,6.310832],[-75.710725,6.31027],[-75.710714,6.310202],[-75.710412,6.309546],[-75.710106,6.309309],[-75.709915,6.308834],[-75.709838,6.308388],[-75.709709,6.308179],[-75.709542,6.308023],[-75.709271,6.307485],[-75.709254,6.306886],[-75.709315,6.306485],[-75.709245,6.306231],[-75.708989,6.305935],[-75.708827,6.305659],[-75.708583,6.305534],[-75.708356,6.305296],[-75.708138,6.304906],[-75.708124,6.304556],[-75.708174,6.304274],[-75.708169,6.303817],[-75.70792,6.303359],[-75.707715,6.302866],[-75.707693,6.302678],[-75.707763,6.302443],[-75.707987,6.302306],[-75.708028,6.302239],[-75.708159,6.301732],[-75.708188,6.301425],[-75.708398,6.301143],[-75.708529,6.301021],[-75.708754,6.300954],[-75.708871,6.301028],[-75.708933,6.300983],[-75.70894,6.300705],[-75.70867,6.300461],[-75.708601,6.300295],[-75.708605,6.300026],[-75.70877,6.299724],[-75.708832,6.299378],[-75.708875,6.298704],[-75.708693,6.298296],[-75.708299,6.297898],[-75.708026,6.297478],[-75.707993,6.297299],[-75.708007,6.297021],[-75.707945,6.296942],[-75.707775,6.296866],[-75.707728,6.296797],[-75.707804,6.296169],[-75.707663,6.295882],[-75.707429,6.295593],[-75.707414,6.295463],[-75.707503,6.295214],[-75.70804,6.294194],[-75.708006,6.294075],[-75.707858,6.293894],[-75.707753,6.293531],[-75.70777,6.293423],[-75.707862,6.293332],[-75.708135,6.29336],[-75.708214,6.2933],[-75.708486,6.292999],[-75.708546,6.292773],[-75.708666,6.292733],[-75.708914,6.292829],[-75.708964,6.292818],[-75.709093,6.292688],[-75.709136,6.292584],[-75.709108,6.292537],[-75.708955,6.292497],[-75.708852,6.292423],[-75.708517,6.292006],[-75.708489,6.291899],[-75.708596,6.291807],[-75.709002,6.291764],[-75.709007,6.291618],[-75.708957,6.291448],[-75.708797,6.291314],[-75.708388,6.291188],[-75.708084,6.290937],[-75.708075,6.290827],[-75.708163,6.290601],[-75.708187,6.29031],[-75.708247,6.290177],[-75.708421,6.290023],[-75.708462,6.289933],[-75.70838,6.28972],[-75.708128,6.28943],[-75.707944,6.289012],[-75.707964,6.288459],[-75.707944,6.288237],[-75.708036,6.288059],[-75.708053,6.287706],[-75.70813,6.287382],[-75.708125,6.287018],[-75.70826,6.286845],[-75.708294,6.286742],[-75.708274,6.286583],[-75.708173,6.286402],[-75.707931,6.286165],[-75.707811,6.286116],[-75.707627,6.286097],[-75.707437,6.285919],[-75.706749,6.285023],[-75.70674,6.284929],[-75.706898,6.284438],[-75.706829,6.28419],[-75.706774,6.283766],[-75.706651,6.283526],[-75.70655,6.283145],[-75.706538,6.282962],[-75.706593,6.282821],[-75.706728,6.282643],[-75.707174,6.28216],[-75.707749,6.282001],[-75.707853,6.281925],[-75.70793,6.281774],[-75.707993,6.281094],[-75.70808,6.280872],[-75.708114,6.280678],[-75.708149,6.280179],[-75.708243,6.27996],[-75.708295,6.279723],[-75.708246,6.279415],[-75.708301,6.279326],[-75.708387,6.279029],[-75.708473,6.278616],[-75.708418,6.278309],[-75.708309,6.27812],[-75.708292,6.278022],[-75.708367,6.277677],[-75.708476,6.277396],[-75.708369,6.276992],[-75.708524,6.275696],[-75.708337,6.275332],[-75.70834,6.275267],[-75.708605,6.274838],[-75.708651,6.274576],[-75.708817,6.274465],[-75.708953,6.27429],[-75.708993,6.273769],[-75.70905,6.273572],[-75.709223,6.273235],[-75.709245,6.272509],[-75.709349,6.272001],[-75.709306,6.271804],[-75.709507,6.27144],[-75.709521,6.271151],[-75.709478,6.270803],[-75.7093,6.270485],[-75.709256,6.270342],[-75.709308,6.270169],[-75.70938,6.270061],[-75.709596,6.269861],[-75.709774,6.269597],[-75.709792,6.269097],[-75.709882,6.268665],[-75.710145,6.268129],[-75.710198,6.267939],[-75.710218,6.267499],[-75.710424,6.266529],[-75.710401,6.265988],[-75.710508,6.26555],[-75.710621,6.265344],[-75.710687,6.265047],[-75.710686,6.264856],[-75.710458,6.264341],[-75.710521,6.264062],[-75.710633,6.263833],[-75.710653,6.263399],[-75.71029,6.262576],[-75.710188,6.262155],[-75.710179,6.261919],[-75.710293,6.261281],[-75.71018,6.260779],[-75.710185,6.260415],[-75.710298,6.26012],[-75.710339,6.259879],[-75.710291,6.259754],[-75.710303,6.25959],[-75.710267,6.259396],[-75.710215,6.25926],[-75.710154,6.259168],[-75.709763,6.259141],[-75.709385,6.25901],[-75.709092,6.258818],[-75.708063,6.258407],[-75.707796,6.25827],[-75.707224,6.258345],[-75.706896,6.258524],[-75.706687,6.258827],[-75.706472,6.259688],[-75.706304,6.260005],[-75.705878,6.260496],[-75.705286,6.260959],[-75.70412,6.261606],[-75.703759,6.261699],[-75.703205,6.261615],[-75.702911,6.26167],[-75.702581,6.261974],[-75.702513,6.262307],[-75.702638,6.262998],[-75.702609,6.263448],[-75.702501,6.263783],[-75.702301,6.264062],[-75.701983,6.264225],[-75.701018,6.264486],[-75.700687,6.264665],[-75.700442,6.26484],[-75.699971,6.265237],[-75.699151,6.266671],[-75.69909,6.267068],[-75.699116,6.267468],[-75.699041,6.267878],[-75.698911,6.268214],[-75.698529,6.26886],[-75.697845,6.269788],[-75.696811,6.271645],[-75.696588,6.27231],[-75.696419,6.272946],[-75.696159,6.273213],[-75.695774,6.273357],[-75.694861,6.273599],[-75.694241,6.273837],[-75.693675,6.273934],[-75.693372,6.274148],[-75.693155,6.274369],[-75.692724,6.274893],[-75.692148,6.275503],[-75.691477,6.275883],[-75.690898,6.275948],[-75.690525,6.275951],[-75.690239,6.275873],[-75.689772,6.276038],[-75.688695,6.276729],[-75.688484,6.276983],[-75.688292,6.277281],[-75.687997,6.277989],[-75.687761,6.278352],[-75.686782,6.279591],[-75.68667,6.27985],[-75.686364,6.27996],[-75.685937,6.280042],[-75.685238,6.280084],[-75.68355,6.280582],[-75.683135,6.280759],[-75.682264,6.281259],[-75.682021,6.281418],[-75.681323,6.281981],[-75.680746,6.282174],[-75.67951,6.282501],[-75.679234,6.282615],[-75.678872,6.282863],[-75.678236,6.283447],[-75.677989,6.283733],[-75.677452,6.284502],[-75.676985,6.285374],[-75.67632,6.285977],[-75.674475,6.287825],[-75.673617,6.28857],[-75.673372,6.288835],[-75.673155,6.289156],[-75.672992,6.289525],[-75.672808,6.290046],[-75.672732,6.290415],[-75.672597,6.290764],[-75.672357,6.291265],[-75.672142,6.291538],[-75.67195,6.292172],[-75.671879,6.292526],[-75.671552,6.293551],[-75.671333,6.294986],[-75.671262,6.295836],[-75.67125,6.29691],[-75.671096,6.299456],[-75.671245,6.300942],[-75.671386,6.301648],[-75.671501,6.302601],[-75.671906,6.304916],[-75.671764,6.305514],[-75.671749,6.306613],[-75.671632,6.307336],[-75.671539,6.307657],[-75.671384,6.308027],[-75.671247,6.308294],[-75.671068,6.308544],[-75.670585,6.30912],[-75.669487,6.310267],[-75.669266,6.310595],[-75.668928,6.310928],[-75.668622,6.311317],[-75.66822,6.312019],[-75.66832,6.312702],[-75.668414,6.313047],[-75.66876,6.313882],[-75.668853,6.314226],[-75.668946,6.314911],[-75.66892,6.315579],[-75.669012,6.315927],[-75.669361,6.316548],[-75.669585,6.316882],[-75.669811,6.317612],[-75.669888,6.31847],[-75.669905,6.319089],[-75.669998,6.319661],[-75.669992,6.320198],[-75.669941,6.320488],[-75.669843,6.320726],[-75.669657,6.32102],[-75.669392,6.321324],[-75.669168,6.321505],[-75.668552,6.3219],[-75.667892,6.322375],[-75.667494,6.322582],[-75.666879,6.32279],[-75.666301,6.323103],[-75.665822,6.323292],[-75.665436,6.323282],[-75.664775,6.323183],[-75.664426,6.323074],[-75.664065,6.323014],[-75.66374,6.323066],[-75.6634,6.323214],[-75.662481,6.32376],[-75.661233,6.324369],[-75.660589,6.324804],[-75.659833,6.325766],[-75.659473,6.32631],[-75.658769,6.327136],[-75.658526,6.327339],[-75.658296,6.327482],[-75.657261,6.327864],[-75.656549,6.328199],[-75.655889,6.328736],[-75.65547,6.329279],[-75.655283,6.329564],[-75.655147,6.330014],[-75.655152,6.330428],[-75.65527,6.331051],[-75.655312,6.331783],[-75.655263,6.332175],[-75.655125,6.332579],[-75.654942,6.332828],[-75.654693,6.333075],[-75.654101,6.333526],[-75.653794,6.333611],[-75.653747,6.333702],[-75.653696,6.333861],[-75.653677,6.334207],[-75.653491,6.334742],[-75.653432,6.335184],[-75.653466,6.335667],[-75.653542,6.336046],[-75.653638,6.336444],[-75.653777,6.336742],[-75.653892,6.337156],[-75.654059,6.338095],[-75.654157,6.338419],[-75.654778,6.33949],[-75.655257,6.340447],[-75.65529,6.340673],[-75.655268,6.341235],[-75.655407,6.341733],[-75.65528,6.342241],[-75.655051,6.342695],[-75.654864,6.343152],[-75.654439,6.344678],[-75.654277,6.345605],[-75.654239,6.346],[-75.654305,6.347657],[-75.654452,6.348474],[-75.654737,6.349242],[-75.655025,6.350299],[-75.655687,6.352068],[-75.655974,6.353135],[-75.656116,6.353508],[-75.656206,6.354274],[-75.656393,6.354956],[-75.656552,6.355315],[-75.656716,6.355538],[-75.656872,6.355679],[-75.656997,6.355762],[-75.657253,6.35586],[-75.657417,6.355971],[-75.657962,6.356462],[-75.658251,6.356682],[-75.658683,6.356957],[-75.659294,6.357461],[-75.659566,6.357589],[-75.66082,6.35901],[-75.661104,6.359473],[-75.661415,6.359606],[-75.661762,6.359824],[-75.662069,6.360069],[-75.662538,6.360545],[-75.66273,6.360862],[-75.662961,6.361166],[-75.663199,6.361815],[-75.663299,6.36241],[-75.663484,6.3628],[-75.66355,6.363065],[-75.664138,6.364004],[-75.66435,6.364408],[-75.66468,6.364884],[-75.664832,6.365228],[-75.665361,6.365929],[-75.66546,6.36661],[-75.665275,6.367034],[-75.665229,6.367424],[-75.66554,6.36878],[-75.665712,6.369197],[-75.666069,6.370255],[-75.666274,6.371254],[-75.666406,6.371565],[-75.666413,6.371843],[-75.666466,6.37216],[-75.666704,6.372497],[-75.666836,6.372881],[-75.666836,6.373126],[-75.666796,6.373351],[-75.666909,6.373906]]]},"properties":{"CODIGO":"50","NOMBRE":"Corregimiento de San Sebastián de Palmitas","IDENTIFICACION":"Corregimiento 50","LIMITEMUNICIPIOID":"001","SUBTIPO_COMUNACORREGIMIENTO":2,"MUNICIPIO":"Medellin","CODIGO_MUN":"001","SIMBOLOGIA":"CORREGIMIENTO 50"}},{"type":"Feature","id":17,"geometry":{"type":"MultiPolygon","coordinates":[[[[-75.649474,6.331049],[-75.649896,6.33112],[-75.650304,6.331348],[-75.650716,6.331713],[-75.651481,6.332649],[-75.652002,6.333071],[-75.652582,6.333457],[-75.652789,6.333504],[-75.653567,6.333545],[-75.653831,6.333622],[-75.654101,6.333526],[-75.654693,6.333075],[-75.654942,6.332828],[-75.655125,6.332579],[-75.655263,6.332175],[-75.655312,6.331783],[-75.6553,6.331457],[-75.65527,6.331051],[-75.655152,6.330428],[-75.655147,6.330014],[-75.655283,6.329564],[-75.65547,6.329279],[-75.655889,6.328736],[-75.656549,6.328199],[-75.657261,6.327864],[-75.658296,6.327482],[-75.658526,6.327339],[-75.658769,6.327136],[-75.659473,6.32631],[-75.659833,6.325766],[-75.660589,6.324804],[-75.661233,6.324369],[-75.662481,6.32376],[-75.6634,6.323214],[-75.66374,6.323066],[-75.664065,6.323014],[-75.664426,6.323074],[-75.664775,6.323183],[-75.665436,6.323282],[-75.665822,6.323292],[-75.666301,6.323103],[-75.666879,6.32279],[-75.667494,6.322582],[-75.667892,6.322375],[-75.668552,6.3219],[-75.669168,6.321505],[-75.669392,6.321324],[-75.669657,6.32102],[-75.669843,6.320726],[-75.669941,6.320488],[-75.669992,6.320198],[-75.669998,6.319661],[-75.669905,6.319089],[-75.669888,6.31847],[-75.669811,6.317612],[-75.669585,6.316882],[-75.669361,6.316548],[-75.669012,6.315927],[-75.66892,6.315579],[-75.668946,6.314911],[-75.668853,6.314226],[-75.66876,6.313882],[-75.668414,6.313047],[-75.66832,6.312702],[-75.66822,6.312019],[-75.668622,6.311317],[-75.668928,6.310928],[-75.669266,6.310595],[-75.669487,6.310267],[-75.670585,6.30912],[-75.671247,6.308294],[-75.671539,6.307657],[-75.671692,6.307035],[-75.671749,6.306613],[-75.671764,6.305514],[-75.671906,6.304916],[-75.671501,6.302601],[-75.671386,6.301648],[-75.671245,6.300942],[-75.671096,6.299456],[-75.67125,6.29691],[-75.671262,6.295836],[-75.671378,6.294608],[-75.671552,6.293551],[-75.671879,6.292526],[-75.67195,6.292172],[-75.672142,6.291538],[-75.672357,6.291265],[-75.672597,6.290764],[-75.672732,6.290415],[-75.672808,6.290046],[-75.672992,6.289525],[-75.673155,6.289156],[-75.673372,6.288835],[-75.673617,6.28857],[-75.674475,6.287825],[-75.67632,6.285977],[-75.676985,6.285374],[-75.677452,6.284502],[-75.677989,6.283733],[-75.678236,6.283447],[-75.678872,6.282863],[-75.679234,6.282615],[-75.67951,6.282501],[-75.680746,6.282174],[-75.681323,6.281981],[-75.682021,6.281418],[-75.682264,6.281259],[-75.683135,6.280759],[-75.68355,6.280582],[-75.683482,6.280299],[-75.683484,6.280013],[-75.683411,6.279644],[-75.683227,6.27931],[-75.682696,6.278545],[-75.681503,6.276931],[-75.681353,6.276633],[-75.681208,6.27623],[-75.680465,6.27485],[-75.680297,6.274331],[-75.680136,6.27351],[-75.679983,6.273188],[-75.679484,6.27244],[-75.678337,6.271006],[-75.677873,6.270302],[-75.677473,6.27005],[-75.676744,6.26978],[-75.676446,6.269613],[-75.676194,6.269382],[-75.675963,6.268672],[-75.675689,6.268349],[-75.674909,6.267568],[-75.674744,6.26722],[-75.674722,6.266852],[-75.674749,6.265918],[-75.674698,6.265529],[-75.674568,6.265189],[-75.674377,6.264915],[-75.673603,6.26404],[-75.67343,6.263763],[-75.67335,6.263494],[-75.673305,6.262766],[-75.673248,6.262428],[-75.673156,6.262099],[-75.672975,6.261678],[-75.671931,6.260248],[-75.671536,6.259845],[-75.671224,6.259593],[-75.67083,6.259339],[-75.670461,6.259004],[-75.670015,6.258237],[-75.669888,6.257117],[-75.669624,6.256435],[-75.669386,6.256074],[-75.669067,6.255895],[-75.667932,6.255488],[-75.667562,6.255329],[-75.667224,6.255139],[-75.667004,6.254851],[-75.666897,6.254601],[-75.6668,6.254177],[-75.666654,6.253891],[-75.666379,6.253648],[-75.665031,6.253123],[-75.664839,6.252911],[-75.663931,6.254171],[-75.663566,6.254894],[-75.663396,6.255338],[-75.662969,6.256926],[-75.662849,6.257193],[-75.662615,6.257496],[-75.662293,6.257716],[-75.661999,6.257811],[-75.661116,6.257747],[-75.660719,6.257828],[-75.660193,6.258091],[-75.659709,6.258414],[-75.659278,6.258754],[-75.65748,6.260573],[-75.657228,6.260767],[-75.656903,6.260886],[-75.656289,6.260957],[-75.655928,6.260965],[-75.655439,6.260821],[-75.655102,6.260657],[-75.654499,6.260435],[-75.653813,6.260318],[-75.652179,6.260759],[-75.651791,6.260837],[-75.651115,6.260782],[-75.650771,6.260813],[-75.650426,6.260885],[-75.650236,6.260763],[-75.649814,6.260336],[-75.649563,6.260131],[-75.648881,6.259657],[-75.64861,6.259349],[-75.647981,6.258289],[-75.647688,6.257734],[-75.647362,6.257229],[-75.647072,6.256936],[-75.646825,6.256622],[-75.646462,6.255898],[-75.646259,6.255648],[-75.645473,6.254871],[-75.645173,6.254689],[-75.644829,6.254556],[-75.644151,6.254359],[-75.643455,6.254048],[-75.642838,6.253837],[-75.642551,6.253782],[-75.641665,6.253729],[-75.640746,6.253914],[-75.639812,6.253938],[-75.638951,6.254004],[-75.638341,6.253845],[-75.637787,6.253618],[-75.636974,6.253391],[-75.636629,6.253248],[-75.636128,6.252869],[-75.635878,6.252573],[-75.635303,6.252212],[-75.634902,6.251987],[-75.634478,6.251805],[-75.633594,6.25149],[-75.633331,6.25134],[-75.632763,6.250917],[-75.632277,6.250633],[-75.63205,6.250446],[-75.631333,6.250199],[-75.630889,6.249987],[-75.630854,6.250041],[-75.630349,6.2502],[-75.630281,6.250402],[-75.630119,6.250552],[-75.630093,6.250657],[-75.629614,6.250626],[-75.629339,6.250652],[-75.629331,6.250869],[-75.629411,6.25174],[-75.629594,6.251755],[-75.629626,6.251794],[-75.629624,6.251917],[-75.629566,6.252013],[-75.629619,6.252067],[-75.629687,6.252277],[-75.629817,6.252237],[-75.630029,6.252286],[-75.630281,6.25211],[-75.630684,6.25219],[-75.630887,6.252157],[-75.631032,6.252236],[-75.631341,6.252515],[-75.63153,6.252635],[-75.631827,6.252643],[-75.632035,6.25256],[-75.631821,6.252992],[-75.631793,6.253212],[-75.631509,6.253418],[-75.631495,6.25347],[-75.6315,6.253582],[-75.631535,6.253648],[-75.631764,6.253844],[-75.631845,6.254012],[-75.632065,6.254309],[-75.63204,6.254418],[-75.631885,6.254516],[-75.631797,6.254676],[-75.631617,6.254718],[-75.631552,6.254784],[-75.631541,6.254876],[-75.631631,6.255252],[-75.631459,6.255319],[-75.631055,6.255264],[-75.630674,6.255438],[-75.630257,6.255482],[-75.630083,6.255402],[-75.629856,6.255192],[-75.6295,6.255045],[-75.629096,6.254722],[-75.62899,6.25482],[-75.628902,6.254838],[-75.628794,6.254987],[-75.628753,6.255111],[-75.628997,6.255302],[-75.629148,6.25547],[-75.629491,6.256018],[-75.629632,6.256138],[-75.629656,6.256208],[-75.630096,6.25652],[-75.630398,6.256784],[-75.630346,6.256895],[-75.630341,6.257094],[-75.63075,6.257124],[-75.631015,6.2573],[-75.631068,6.257476],[-75.630985,6.257631],[-75.631133,6.257768],[-75.631212,6.25797],[-75.631332,6.257999],[-75.631337,6.258027],[-75.631477,6.258013],[-75.631616,6.258045],[-75.631777,6.258018],[-75.631953,6.258111],[-75.632014,6.258228],[-75.632097,6.258281],[-75.632357,6.258313],[-75.6282,6.261572],[-75.628614,6.261909],[-75.628684,6.262036],[-75.628829,6.262484],[-75.628833,6.262576],[-75.628544,6.263547],[-75.62819,6.263967],[-75.628132,6.263963],[-75.628148,6.263899],[-75.628112,6.263824],[-75.628201,6.263662],[-75.628392,6.263486],[-75.628402,6.263432],[-75.628392,6.263339],[-75.628225,6.262994],[-75.62802,6.262767],[-75.628005,6.262658],[-75.628051,6.262538],[-75.628001,6.262419],[-75.628073,6.262365],[-75.628089,6.262294],[-75.628061,6.262247],[-75.627891,6.262183],[-75.627766,6.262017],[-75.627714,6.261535],[-75.627455,6.261544],[-75.6273,6.261502],[-75.627279,6.260983],[-75.627205,6.260854],[-75.626979,6.260684],[-75.626853,6.26054],[-75.626777,6.260228],[-75.626586,6.259934],[-75.625738,6.259007],[-75.625371,6.259002],[-75.625249,6.258956],[-75.625103,6.258814],[-75.625003,6.258767],[-75.624859,6.258596],[-75.624655,6.258543],[-75.62454,6.258479],[-75.624405,6.258334],[-75.624188,6.258235],[-75.623798,6.257889],[-75.623687,6.257819],[-75.623559,6.257818],[-75.623377,6.257687],[-75.623391,6.258456],[-75.622761,6.259533],[-75.622838,6.259628],[-75.623087,6.259775],[-75.623234,6.259946],[-75.623241,6.260022],[-75.623304,6.260082],[-75.623424,6.260127],[-75.623472,6.260206],[-75.623519,6.260331],[-75.623475,6.260421],[-75.623474,6.260606],[-75.623373,6.260865],[-75.623227,6.261055],[-75.623191,6.261177],[-75.623306,6.261367],[-75.623361,6.261605],[-75.623455,6.261807],[-75.623652,6.262003],[-75.623838,6.26212],[-75.624173,6.262704],[-75.62425,6.262782],[-75.624155,6.262808],[-75.624092,6.262788],[-75.623663,6.262526],[-75.623334,6.262424],[-75.623265,6.26234],[-75.622738,6.262624],[-75.622576,6.262662],[-75.62241,6.262651],[-75.62196,6.26248],[-75.621723,6.262507],[-75.621652,6.262485],[-75.621576,6.262514],[-75.621478,6.262568],[-75.621688,6.262887],[-75.621644,6.262901],[-75.621451,6.262846],[-75.621389,6.262875],[-75.621347,6.263057],[-75.621345,6.263446],[-75.621717,6.264036],[-75.621369,6.263764],[-75.621166,6.263429],[-75.621112,6.263426],[-75.621015,6.263536],[-75.620886,6.263535],[-75.6207,6.263657],[-75.620626,6.263662],[-75.620525,6.263583],[-75.620466,6.26347],[-75.620235,6.263513],[-75.620064,6.263373],[-75.619979,6.263342],[-75.619867,6.263532],[-75.61983,6.263843],[-75.619646,6.264099],[-75.61956,6.264283],[-75.619538,6.26401],[-75.619436,6.263904],[-75.619336,6.263683],[-75.619258,6.263672],[-75.619176,6.263559],[-75.61914,6.263397],[-75.619094,6.26334],[-75.618923,6.26328],[-75.61853,6.262979],[-75.618368,6.263009],[-75.618195,6.263141],[-75.618122,6.263249],[-75.618058,6.26297],[-75.617893,6.262903],[-75.617913,6.262782],[-75.617749,6.262602],[-75.617591,6.262626],[-75.617407,6.2627],[-75.617292,6.262545],[-75.617303,6.262416],[-75.61734,6.262378],[-75.617306,6.262236],[-75.617368,6.262119],[-75.617223,6.262023],[-75.61726,6.261757],[-75.616949,6.261744],[-75.616914,6.261785],[-75.616917,6.261892],[-75.616868,6.261905],[-75.616671,6.262212],[-75.616604,6.261687],[-75.616549,6.261561],[-75.616337,6.26135],[-75.615852,6.260975],[-75.615785,6.260785],[-75.615644,6.260635],[-75.615507,6.260301],[-75.615428,6.260197],[-75.615356,6.260185],[-75.615267,6.260074],[-75.615184,6.259849],[-75.614917,6.259832],[-75.615094,6.260296],[-75.614882,6.260491],[-75.614834,6.260627],[-75.614549,6.26068],[-75.61458,6.260853],[-75.614552,6.260971],[-75.613993,6.261939],[-75.614333,6.261821],[-75.614405,6.261834],[-75.614441,6.261918],[-75.61442,6.262028],[-75.614239,6.262376],[-75.614215,6.262541],[-75.614312,6.26272],[-75.614323,6.262905],[-75.614397,6.263036],[-75.614483,6.263091],[-75.614439,6.263362],[-75.614552,6.26372],[-75.614664,6.263842],[-75.614729,6.264027],[-75.614679,6.264303],[-75.614739,6.264802],[-75.614704,6.264945],[-75.614877,6.265023],[-75.614961,6.265121],[-75.61497,6.26544],[-75.615035,6.265554],[-75.615277,6.265764],[-75.615394,6.265979],[-75.615569,6.266076],[-75.615593,6.266316],[-75.615684,6.266458],[-75.615754,6.266678],[-75.615881,6.266819],[-75.615963,6.26699],[-75.615978,6.267216],[-75.616266,6.267779],[-75.616483,6.268108],[-75.616589,6.268449],[-75.616651,6.268525],[-75.616773,6.268827],[-75.616747,6.268905],[-75.61677,6.268986],[-75.617083,6.269537],[-75.617052,6.269804],[-75.617087,6.269965],[-75.616899,6.269799],[-75.616643,6.269853],[-75.616552,6.269841],[-75.616365,6.269611],[-75.616268,6.269602],[-75.616419,6.269971],[-75.616643,6.270316],[-75.617029,6.270625],[-75.617113,6.270654],[-75.617702,6.270478],[-75.617762,6.270473],[-75.617922,6.270582],[-75.617909,6.270409],[-75.618052,6.270352],[-75.618272,6.270193],[-75.618494,6.270116],[-75.618688,6.270111],[-75.618975,6.27016],[-75.61937,6.270095],[-75.619599,6.270113],[-75.620062,6.270072],[-75.619953,6.270269],[-75.619821,6.270404],[-75.619558,6.270796],[-75.619555,6.270884],[-75.619428,6.271032],[-75.6192,6.271396],[-75.619147,6.2716],[-75.61898,6.27182],[-75.618864,6.272055],[-75.618842,6.272333],[-75.618888,6.272402],[-75.618935,6.272683],[-75.619148,6.272765],[-75.619148,6.272804],[-75.619095,6.272847],[-75.619102,6.272885],[-75.619219,6.27291],[-75.619321,6.273015],[-75.619684,6.273189],[-75.61985,6.273527],[-75.620152,6.273623],[-75.620458,6.273649],[-75.620699,6.273816],[-75.620727,6.274],[-75.620877,6.274191],[-75.620953,6.274226],[-75.621183,6.27424],[-75.621294,6.274299],[-75.62136,6.274411],[-75.621421,6.274652],[-75.621626,6.275003],[-75.621702,6.275069],[-75.621725,6.275466],[-75.6216,6.276059],[-75.621653,6.276336],[-75.621568,6.276521],[-75.621444,6.277453],[-75.621473,6.277573],[-75.621346,6.277516],[-75.621137,6.277277],[-75.620805,6.277065],[-75.62065,6.276928],[-75.620455,6.276637],[-75.620297,6.276502],[-75.620119,6.276435],[-75.619315,6.276345],[-75.619156,6.276437],[-75.618946,6.276738],[-75.618505,6.276878],[-75.618068,6.276941],[-75.617604,6.276814],[-75.617364,6.276819],[-75.617283,6.276887],[-75.617216,6.277031],[-75.617225,6.277377],[-75.617148,6.277517],[-75.617048,6.277565],[-75.616827,6.277555],[-75.616555,6.277482],[-75.616325,6.277496],[-75.615533,6.277809],[-75.615379,6.277814],[-75.61506,6.277607],[-75.614887,6.277521],[-75.614758,6.277497],[-75.614508,6.277482],[-75.613884,6.277554],[-75.613276,6.277458],[-75.613147,6.277463],[-75.613022,6.277487],[-75.612768,6.277612],[-75.612031,6.277885],[-75.611815,6.277895],[-75.611531,6.277832],[-75.611243,6.277866],[-75.610854,6.277991],[-75.610391,6.278236],[-75.610036,6.278302],[-75.609974,6.278345],[-75.609775,6.278614],[-75.609321,6.279008],[-75.609076,6.279443],[-75.609154,6.279597],[-75.609253,6.279563],[-75.609292,6.279602],[-75.609411,6.279628],[-75.609507,6.279813],[-75.609507,6.27995],[-75.609632,6.28006],[-75.609662,6.280179],[-75.609949,6.280299],[-75.610201,6.280831],[-75.610341,6.281002],[-75.610316,6.281117],[-75.61038,6.281224],[-75.610383,6.281332],[-75.610448,6.281405],[-75.610515,6.281588],[-75.61053,6.281961],[-75.610706,6.282173],[-75.610742,6.282575],[-75.610788,6.28266],[-75.610792,6.282757],[-75.610679,6.282572],[-75.610676,6.282517],[-75.610591,6.282445],[-75.610513,6.282282],[-75.610308,6.2822],[-75.610282,6.282239],[-75.610231,6.282242],[-75.610044,6.282195],[-75.609937,6.282313],[-75.609575,6.282283],[-75.609494,6.282354],[-75.609381,6.282554],[-75.609312,6.282563],[-75.609235,6.282506],[-75.609197,6.282518],[-75.609165,6.282593],[-75.609191,6.282673],[-75.609172,6.282741],[-75.609009,6.282918],[-75.609094,6.283193],[-75.609232,6.283341],[-75.609495,6.283494],[-75.609582,6.283584],[-75.60971,6.283844],[-75.609908,6.284079],[-75.609945,6.284329],[-75.609921,6.284622],[-75.610055,6.284811],[-75.609963,6.284784],[-75.609865,6.284705],[-75.609767,6.28454],[-75.609675,6.284521],[-75.609303,6.284714],[-75.609124,6.284768],[-75.609066,6.284854],[-75.609014,6.284808],[-75.608796,6.284842],[-75.608535,6.285081],[-75.608428,6.285124],[-75.60839,6.285203],[-75.608144,6.28487],[-75.607566,6.284282],[-75.607176,6.283695],[-75.607002,6.283318],[-75.606676,6.282944],[-75.606613,6.282997],[-75.606598,6.283082],[-75.606485,6.283245],[-75.606452,6.283356],[-75.606521,6.283437],[-75.606434,6.283704],[-75.606436,6.28392],[-75.606489,6.284067],[-75.606564,6.284132],[-75.606458,6.284177],[-75.606324,6.284144],[-75.606206,6.284059],[-75.606054,6.284034],[-75.605764,6.284076],[-75.605698,6.284129],[-75.605673,6.284197],[-75.605701,6.284528],[-75.605652,6.284584],[-75.605471,6.284665],[-75.60554,6.284826],[-75.605489,6.28498],[-75.6055,6.285077],[-75.605655,6.285486],[-75.606113,6.285616],[-75.606255,6.285767],[-75.606029,6.28577],[-75.605884,6.285848],[-75.605775,6.285986],[-75.605755,6.286218],[-75.605677,6.286454],[-75.605711,6.286616],[-75.605601,6.286539],[-75.605537,6.286426],[-75.60552,6.286298],[-75.605357,6.286134],[-75.605256,6.28618],[-75.60511,6.286154],[-75.605058,6.286191],[-75.605038,6.285994],[-75.604947,6.285827],[-75.604525,6.285508],[-75.60445,6.285486],[-75.604374,6.285509],[-75.604292,6.285578],[-75.604211,6.28572],[-75.604113,6.285641],[-75.604082,6.285516],[-75.603974,6.285479],[-75.603882,6.285495],[-75.60383,6.28564],[-75.603708,6.285699],[-75.603703,6.285793],[-75.603586,6.28591],[-75.603456,6.285875],[-75.603362,6.286053],[-75.603078,6.286333],[-75.603007,6.286353],[-75.602904,6.286302],[-75.602806,6.286361],[-75.602831,6.286663],[-75.602783,6.286784],[-75.602465,6.286612],[-75.602354,6.286594],[-75.602329,6.286622],[-75.602374,6.286783],[-75.602332,6.286991],[-75.602238,6.287067],[-75.602087,6.287295],[-75.602108,6.287501],[-75.602244,6.287738],[-75.602317,6.28802],[-75.602442,6.288154],[-75.602725,6.288286],[-75.602886,6.288444],[-75.603006,6.288617],[-75.603135,6.288708],[-75.603221,6.289007],[-75.603399,6.289331],[-75.603562,6.28941],[-75.603886,6.289895],[-75.604018,6.290391],[-75.604084,6.290484],[-75.604323,6.290606],[-75.604576,6.290686],[-75.604745,6.290652],[-75.604958,6.290673],[-75.604711,6.290789],[-75.604651,6.290961],[-75.604315,6.290936],[-75.604101,6.291073],[-75.603882,6.290885],[-75.603553,6.290693],[-75.603381,6.290516],[-75.60331,6.29058],[-75.603062,6.290608],[-75.602895,6.290784],[-75.602726,6.29078],[-75.602522,6.29082],[-75.602427,6.290935],[-75.602402,6.291077],[-75.602265,6.291123],[-75.602232,6.291168],[-75.602188,6.291351],[-75.602023,6.291292],[-75.601952,6.291302],[-75.60189,6.291173],[-75.601795,6.291114],[-75.601623,6.291185],[-75.601495,6.291151],[-75.601357,6.291208],[-75.601308,6.291265],[-75.601248,6.291503],[-75.601003,6.291374],[-75.600494,6.291378],[-75.600318,6.291431],[-75.600195,6.291377],[-75.599988,6.291391],[-75.599905,6.291486],[-75.599753,6.29156],[-75.59976,6.291647],[-75.599807,6.291696],[-75.599773,6.291778],[-75.599814,6.291876],[-75.599671,6.291982],[-75.599624,6.29212],[-75.599521,6.292077],[-75.599482,6.291958],[-75.599298,6.291974],[-75.599295,6.291916],[-75.599075,6.291859],[-75.598878,6.29196],[-75.598732,6.291932],[-75.598547,6.292139],[-75.598435,6.292131],[-75.598306,6.292166],[-75.598225,6.29228],[-75.597902,6.292279],[-75.597884,6.292292],[-75.597964,6.292314],[-75.597728,6.29232],[-75.597419,6.292796],[-75.597389,6.29293],[-75.597469,6.292913],[-75.597493,6.29295],[-75.59717,6.293277],[-75.5972,6.293423],[-75.597114,6.293572],[-75.597255,6.293801],[-75.597341,6.294027],[-75.597144,6.293998],[-75.597084,6.294067],[-75.596862,6.294107],[-75.596798,6.294186],[-75.596565,6.29411],[-75.596396,6.294204],[-75.596228,6.294176],[-75.596116,6.294224],[-75.596077,6.294332],[-75.596032,6.294367],[-75.595939,6.294313],[-75.595872,6.294381],[-75.595811,6.294372],[-75.596041,6.295117],[-75.594825,6.295115],[-75.5947,6.295091],[-75.594404,6.29496],[-75.59424,6.294934],[-75.594073,6.294963],[-75.593921,6.295038],[-75.593764,6.295142],[-75.593748,6.295218],[-75.593701,6.295174],[-75.593526,6.295124],[-75.593302,6.295106],[-75.592941,6.295488],[-75.592914,6.295629],[-75.593016,6.295729],[-75.592891,6.295847],[-75.592809,6.295768],[-75.592743,6.29583],[-75.592656,6.295657],[-75.592309,6.295442],[-75.592132,6.295294],[-75.591939,6.295311],[-75.591915,6.295271],[-75.59169,6.295224],[-75.591627,6.295259],[-75.591526,6.295416],[-75.591345,6.295527],[-75.591121,6.295565],[-75.590921,6.295793],[-75.590766,6.295922],[-75.590711,6.295924],[-75.590684,6.296197],[-75.590638,6.296237],[-75.590422,6.295773],[-75.590309,6.295605],[-75.590227,6.295544],[-75.590229,6.295422],[-75.590267,6.295326],[-75.59011,6.295241],[-75.589751,6.294808],[-75.589591,6.294705],[-75.589527,6.294587],[-75.589439,6.294534],[-75.589415,6.294457],[-75.589049,6.294092],[-75.588825,6.29406],[-75.588693,6.294216],[-75.588795,6.294372],[-75.588743,6.294364],[-75.588671,6.294408],[-75.588576,6.29461],[-75.588279,6.294721],[-75.588362,6.295015],[-75.588271,6.294949],[-75.588057,6.295036],[-75.587889,6.295143],[-75.587673,6.295401],[-75.587533,6.295491],[-75.587471,6.295601],[-75.587353,6.295591],[-75.587173,6.295699],[-75.587119,6.295812],[-75.587143,6.295902],[-75.587049,6.29595],[-75.58707,6.296013],[-75.587,6.296166],[-75.587008,6.29636],[-75.586937,6.296542],[-75.586596,6.296749],[-75.586453,6.296883],[-75.586405,6.297011],[-75.586364,6.297054],[-75.586321,6.297049],[-75.586552,6.297685],[-75.586595,6.297732],[-75.586794,6.297806],[-75.586908,6.297968],[-75.586805,6.297949],[-75.586722,6.298042],[-75.586482,6.298141],[-75.586329,6.29839],[-75.586341,6.298473],[-75.586617,6.298281],[-75.586678,6.298269],[-75.586815,6.298341],[-75.586948,6.298513],[-75.586808,6.298635],[-75.586693,6.298688],[-75.586551,6.298883],[-75.586506,6.298988],[-75.586573,6.299176],[-75.586372,6.299164],[-75.586109,6.299499],[-75.586282,6.299597],[-75.586229,6.299692],[-75.586275,6.29972],[-75.586222,6.299816],[-75.586268,6.299845],[-75.586185,6.299979],[-75.586285,6.300039],[-75.586266,6.300108],[-75.586216,6.300082],[-75.586193,6.300159],[-75.586092,6.300097],[-75.586064,6.300145],[-75.586751,6.300563],[-75.586694,6.300697],[-75.586467,6.300978],[-75.586583,6.301223],[-75.586543,6.301229],[-75.586419,6.301396],[-75.586241,6.301428],[-75.586154,6.301482],[-75.586195,6.301646],[-75.586374,6.301702],[-75.586407,6.301867],[-75.586311,6.301948],[-75.586226,6.302125],[-75.586127,6.302244],[-75.586104,6.302329],[-75.585964,6.302476],[-75.58566,6.302567],[-75.585141,6.30229],[-75.585105,6.302389],[-75.584995,6.302529],[-75.584988,6.30257],[-75.585043,6.302593],[-75.584991,6.302729],[-75.584911,6.302696],[-75.584838,6.302874],[-75.584744,6.302836],[-75.584713,6.302923],[-75.584655,6.3029],[-75.584628,6.302979],[-75.584265,6.302822],[-75.584243,6.302872],[-75.583894,6.303096],[-75.583857,6.303197],[-75.583955,6.303538],[-75.583898,6.303737],[-75.583916,6.303808],[-75.583867,6.304062],[-75.583919,6.304302],[-75.584074,6.304585],[-75.584124,6.304849],[-75.584467,6.304877],[-75.584622,6.305163],[-75.585618,6.305269],[-75.585725,6.305542],[-75.585734,6.305653],[-75.585764,6.305673],[-75.585846,6.305642],[-75.585884,6.305696],[-75.585836,6.305884],[-75.585759,6.30597],[-75.585761,6.306006],[-75.585829,6.306139],[-75.585955,6.306171],[-75.586,6.306254],[-75.585968,6.306338],[-75.585783,6.306427],[-75.585632,6.306751],[-75.58574,6.30682],[-75.586022,6.306797],[-75.586054,6.306843],[-75.586013,6.306968],[-75.586034,6.307034],[-75.586224,6.30709],[-75.586273,6.307072],[-75.586348,6.30711],[-75.586411,6.307098],[-75.586536,6.307234],[-75.586672,6.307293],[-75.586923,6.307597],[-75.586904,6.307648],[-75.586927,6.30773],[-75.586792,6.307789],[-75.586574,6.308033],[-75.586456,6.308358],[-75.586446,6.308768],[-75.586256,6.309105],[-75.586458,6.309241],[-75.58651,6.30932],[-75.586552,6.309518],[-75.586588,6.309527],[-75.5866,6.30946],[-75.586965,6.309505],[-75.586937,6.30968],[-75.586773,6.30966],[-75.586767,6.309715],[-75.586867,6.309722],[-75.586858,6.309829],[-75.586708,6.309797],[-75.586701,6.309879],[-75.586507,6.309872],[-75.586443,6.309947],[-75.586468,6.310038],[-75.586678,6.31005],[-75.587035,6.310003],[-75.587257,6.310086],[-75.587369,6.310084],[-75.58759,6.309892],[-75.587744,6.309817],[-75.587869,6.309776],[-75.58803,6.309816],[-75.588749,6.309558],[-75.58931,6.309164],[-75.589699,6.308984],[-75.589942,6.308934],[-75.590104,6.308845],[-75.590373,6.308856],[-75.59055,6.308816],[-75.591044,6.308562],[-75.591246,6.308677],[-75.591429,6.308684],[-75.591515,6.30864],[-75.591636,6.308451],[-75.591711,6.308412],[-75.592008,6.308389],[-75.592139,6.308404],[-75.59227,6.308465],[-75.592491,6.30846],[-75.592649,6.308415],[-75.5928,6.308511],[-75.593041,6.308468],[-75.593326,6.308532],[-75.59351,6.308449],[-75.593787,6.308455],[-75.593871,6.3084],[-75.593835,6.308214],[-75.594058,6.308076],[-75.594048,6.307965],[-75.594105,6.307874],[-75.594194,6.30789],[-75.594719,6.307647],[-75.594919,6.307728],[-75.595124,6.307753],[-75.595234,6.307718],[-75.595347,6.307759],[-75.595385,6.307804],[-75.595527,6.30778],[-75.595757,6.307669],[-75.596036,6.307479],[-75.596478,6.307359],[-75.596841,6.30712],[-75.597063,6.307072],[-75.597659,6.307292],[-75.597911,6.307329],[-75.598202,6.307466],[-75.59867,6.307514],[-75.599059,6.30763],[-75.599285,6.307786],[-75.599377,6.307969],[-75.599598,6.308198],[-75.600408,6.308595],[-75.600579,6.308641],[-75.601341,6.308799],[-75.601564,6.308768],[-75.602144,6.309028],[-75.602488,6.308976],[-75.603089,6.30877],[-75.603334,6.308739],[-75.603578,6.308739],[-75.60396,6.30882],[-75.604158,6.308925],[-75.60425,6.309067],[-75.604296,6.309265],[-75.604375,6.309357],[-75.604659,6.309333],[-75.604791,6.30937],[-75.604955,6.309604],[-75.605021,6.309907],[-75.605133,6.310068],[-75.605436,6.310241],[-75.605595,6.31055],[-75.605871,6.310723],[-75.606155,6.310853],[-75.606366,6.311014],[-75.606577,6.311187],[-75.606656,6.311317],[-75.606781,6.311403],[-75.607064,6.311718],[-75.607143,6.311898],[-75.607242,6.311941],[-75.607308,6.312194],[-75.607409,6.312295],[-75.607556,6.312354],[-75.607732,6.312551],[-75.60779,6.312799],[-75.607737,6.313333],[-75.607751,6.313461],[-75.607888,6.313618],[-75.608423,6.313889],[-75.608589,6.31393],[-75.608805,6.313944],[-75.609569,6.313728],[-75.609716,6.31365],[-75.610069,6.313585],[-75.610554,6.313654],[-75.610794,6.313903],[-75.610936,6.313949],[-75.611147,6.313948],[-75.611757,6.314183],[-75.612296,6.314096],[-75.612536,6.314187],[-75.612894,6.314206],[-75.613134,6.314114],[-75.613852,6.31404],[-75.614393,6.314102],[-75.614597,6.314036],[-75.614704,6.313737],[-75.614887,6.313581],[-75.615494,6.313272],[-75.615774,6.313206],[-75.616119,6.313265],[-75.616814,6.313489],[-75.617237,6.313586],[-75.617468,6.313612],[-75.617802,6.313571],[-75.617991,6.3136],[-75.618934,6.313968],[-75.620576,6.314325],[-75.621485,6.314462],[-75.621914,6.314574],[-75.622626,6.314827],[-75.623332,6.314997],[-75.623483,6.314864],[-75.623762,6.314383],[-75.623947,6.314163],[-75.624295,6.313841],[-75.624704,6.313592],[-75.625125,6.313438],[-75.625272,6.313428],[-75.62544,6.313481],[-75.625663,6.313595],[-75.62599,6.313823],[-75.626255,6.314078],[-75.62686,6.314524],[-75.627264,6.314928],[-75.62745,6.315058],[-75.627744,6.315226],[-75.628107,6.315371],[-75.628305,6.315505],[-75.62958,6.316047],[-75.63015,6.316348],[-75.631323,6.316636],[-75.631896,6.316829],[-75.632243,6.317059],[-75.632759,6.317308],[-75.63396,6.317307],[-75.63499,6.317726],[-75.635131,6.317868],[-75.635295,6.318248],[-75.635402,6.318384],[-75.636075,6.318934],[-75.636203,6.319351],[-75.636208,6.319618],[-75.636287,6.320074],[-75.63711,6.320957],[-75.637502,6.321503],[-75.637623,6.321625],[-75.63774,6.321709],[-75.637929,6.321775],[-75.638967,6.321518],[-75.639188,6.321495],[-75.639397,6.321519],[-75.640385,6.321894],[-75.64111,6.322349],[-75.641378,6.322445],[-75.641529,6.322541],[-75.641925,6.323097],[-75.642187,6.323615],[-75.642721,6.324469],[-75.643046,6.324763],[-75.643501,6.325011],[-75.643789,6.325349],[-75.644456,6.326558],[-75.644726,6.327175],[-75.645067,6.327579],[-75.646541,6.328913],[-75.646915,6.329305],[-75.647229,6.329713],[-75.64765,6.330065],[-75.648482,6.330585],[-75.6491,6.331042],[-75.64921,6.33107],[-75.649474,6.331049]]],[[[-75.606593,6.274584],[-75.606668,6.274759],[-75.606986,6.274955],[-75.607083,6.2749],[-75.607199,6.274705],[-75.607377,6.274584],[-75.607585,6.274561],[-75.607791,6.274591],[-75.607839,6.274551],[-75.608014,6.27423],[-75.608076,6.274051],[-75.608073,6.273596],[-75.608341,6.273219],[-75.608442,6.273018],[-75.608627,6.272424],[-75.608955,6.272334],[-75.609947,6.272543],[-75.610199,6.272667],[-75.610363,6.272662],[-75.611218,6.272387],[-75.611836,6.271833],[-75.612009,6.271709],[-75.612301,6.271611],[-75.612531,6.271465],[-75.612815,6.271181],[-75.613554,6.270964],[-75.613771,6.270942],[-75.613687,6.269611],[-75.613457,6.268944],[-75.61317,6.26846],[-75.612274,6.26757],[-75.612091,6.267452],[-75.611855,6.267105],[-75.611509,6.266836],[-75.611422,6.266475],[-75.611451,6.266331],[-75.611134,6.265787],[-75.610811,6.265382],[-75.610436,6.265122],[-75.610332,6.265008],[-75.610177,6.264591],[-75.610102,6.264597],[-75.609974,6.264729],[-75.609649,6.26487],[-75.609652,6.264932],[-75.609124,6.264832],[-75.608866,6.264933],[-75.608608,6.264988],[-75.608758,6.265027],[-75.60903,6.265006],[-75.60917,6.265107],[-75.609042,6.265258],[-75.608865,6.265315],[-75.608783,6.265385],[-75.608838,6.26551],[-75.609017,6.265611],[-75.609046,6.265665],[-75.608863,6.265747],[-75.608621,6.265759],[-75.608545,6.265716],[-75.608513,6.265737],[-75.608728,6.266045],[-75.608676,6.266128],[-75.608733,6.266348],[-75.608596,6.266296],[-75.60836,6.266087],[-75.608306,6.266071],[-75.608255,6.266142],[-75.60828,6.266276],[-75.608182,6.266279],[-75.608059,6.266384],[-75.608046,6.266435],[-75.60778,6.266551],[-75.607758,6.266597],[-75.607822,6.26665],[-75.607772,6.266776],[-75.607871,6.266922],[-75.60787,6.267063],[-75.607896,6.267107],[-75.607774,6.267066],[-75.60737,6.267664],[-75.607332,6.267939],[-75.607124,6.268214],[-75.606963,6.268688],[-75.60669,6.268473],[-75.606475,6.268525],[-75.606432,6.268578],[-75.606409,6.268736],[-75.606475,6.268827],[-75.6066,6.268932],[-75.606834,6.268989],[-75.606633,6.269051],[-75.606418,6.269037],[-75.606265,6.268961],[-75.606112,6.268764],[-75.605934,6.268667],[-75.605811,6.268654],[-75.605656,6.26873],[-75.605284,6.269187],[-75.605118,6.26925],[-75.604936,6.269235],[-75.604784,6.269151],[-75.604677,6.269011],[-75.604639,6.268883],[-75.604624,6.268592],[-75.604461,6.26839],[-75.604167,6.268149],[-75.603991,6.268352],[-75.603398,6.268489],[-75.602962,6.268744],[-75.60252,6.269062],[-75.602546,6.268998],[-75.602525,6.268979],[-75.602194,6.269206],[-75.602115,6.269223],[-75.602008,6.269192],[-75.601922,6.269074],[-75.601859,6.269093],[-75.602024,6.269596],[-75.60202,6.269738],[-75.601949,6.269872],[-75.601883,6.269876],[-75.601714,6.270253],[-75.601885,6.270352],[-75.602016,6.270587],[-75.602034,6.270719],[-75.601956,6.271132],[-75.602069,6.271225],[-75.602492,6.271229],[-75.602651,6.271287],[-75.603023,6.27174],[-75.603019,6.271879],[-75.602936,6.271996],[-75.602328,6.272435],[-75.602613,6.272455],[-75.603145,6.272311],[-75.603396,6.272275],[-75.603602,6.272289],[-75.604036,6.272449],[-75.60417,6.272459],[-75.604309,6.272402],[-75.604504,6.272242],[-75.604592,6.272211],[-75.605381,6.272083],[-75.605389,6.272189],[-75.605472,6.272368],[-75.605345,6.272536],[-75.605335,6.272593],[-75.605263,6.27265],[-75.605266,6.272779],[-75.605185,6.272882],[-75.605148,6.272995],[-75.605151,6.273213],[-75.605259,6.2733],[-75.605363,6.273295],[-75.605538,6.273345],[-75.605644,6.273313],[-75.605727,6.273227],[-75.605811,6.273364],[-75.606003,6.273278],[-75.606019,6.273383],[-75.606102,6.273541],[-75.606202,6.273613],[-75.606219,6.273693],[-75.606166,6.273782],[-75.606215,6.273877],[-75.606308,6.274004],[-75.606499,6.274173],[-75.606523,6.274466],[-75.606593,6.274584]]]]},"properties":{"CODIGO":"60","NOMBRE":"Corregimiento de San Cristóbal","IDENTIFICACION":"Corregimiento 60","LIMITEMUNICIPIOID":"001","SUBTIPO_COMUNACORREGIMIENTO":2,"MUNICIPIO":"Medellin","CODIGO_MUN":"001","SIMBOLOGIA":"CORREGIMIENTO 60"}},{"type":"Feature","id":18,"geometry":{"type":"Polygon","coordinates":[[[-75.654499,6.260435],[-75.655102,6.260657],[-75.655439,6.260821],[-75.655928,6.260965],[-75.656289,6.260957],[-75.656903,6.260886],[-75.657228,6.260767],[-75.65748,6.260573],[-75.659278,6.258754],[-75.659709,6.258414],[-75.660193,6.258091],[-75.660719,6.257828],[-75.661116,6.257747],[-75.661999,6.257811],[-75.662293,6.257716],[-75.662615,6.257496],[-75.662849,6.257193],[-75.662969,6.256926],[-75.663396,6.255338],[-75.663566,6.254894],[-75.663931,6.254171],[-75.664839,6.252911],[-75.664789,6.252647],[-75.664782,6.252374],[-75.664862,6.251982],[-75.664983,6.251632],[-75.66544,6.250914],[-75.665533,6.250287],[-75.665534,6.250027],[-75.665356,6.249143],[-75.665126,6.248309],[-75.665047,6.247751],[-75.664833,6.247074],[-75.664732,6.246382],[-75.664733,6.246059],[-75.664782,6.245784],[-75.664933,6.245128],[-75.665168,6.244341],[-75.665086,6.243976],[-75.664712,6.243436],[-75.663833,6.242797],[-75.662712,6.242125],[-75.66177,6.241646],[-75.660905,6.241092],[-75.660663,6.240882],[-75.660205,6.240297],[-75.659918,6.240016],[-75.65932,6.239556],[-75.659146,6.239333],[-75.65935,6.239028],[-75.659681,6.238717],[-75.660299,6.237994],[-75.660494,6.237681],[-75.660644,6.237291],[-75.660672,6.236925],[-75.660613,6.236621],[-75.660504,6.236301],[-75.660281,6.235818],[-75.659944,6.235265],[-75.659842,6.234987],[-75.659778,6.23464],[-75.659692,6.233217],[-75.659492,6.232781],[-75.659241,6.232513],[-75.658389,6.231949],[-75.658034,6.231619],[-75.657727,6.231264],[-75.657632,6.230891],[-75.657583,6.229911],[-75.65746,6.229556],[-75.657226,6.229186],[-75.656972,6.228902],[-75.656092,6.227615],[-75.655982,6.227257],[-75.655938,6.226795],[-75.655791,6.226224],[-75.655233,6.225617],[-75.654736,6.225029],[-75.654202,6.224299],[-75.654002,6.224106],[-75.654206,6.223835],[-75.654362,6.223482],[-75.654387,6.222913],[-75.654325,6.222524],[-75.654263,6.222235],[-75.654084,6.221806],[-75.653899,6.221567],[-75.653643,6.22063],[-75.65354,6.218876],[-75.653458,6.218504],[-75.653179,6.21791],[-75.652624,6.216548],[-75.652647,6.216214],[-75.65283,6.215963],[-75.653227,6.215682],[-75.653508,6.215426],[-75.653623,6.214787],[-75.653605,6.214521],[-75.653634,6.213657],[-75.653392,6.213024],[-75.653316,6.212732],[-75.653281,6.212362],[-75.653224,6.211275],[-75.653231,6.210888],[-75.653287,6.210472],[-75.653224,6.210026],[-75.652986,6.209681],[-75.651832,6.208429],[-75.651727,6.208216],[-75.651133,6.208265],[-75.648927,6.208182],[-75.647584,6.208238],[-75.646242,6.208067],[-75.645242,6.20804],[-75.644017,6.208056],[-75.64381,6.207945],[-75.643605,6.208053],[-75.642884,6.208094],[-75.641695,6.208091],[-75.64134,6.208062],[-75.640461,6.207887],[-75.639755,6.207674],[-75.639508,6.207552],[-75.638939,6.20721],[-75.638489,6.206795],[-75.637997,6.206438],[-75.637696,6.206357],[-75.637612,6.20606],[-75.637469,6.205805],[-75.637295,6.205376],[-75.636993,6.204419],[-75.636868,6.204111],[-75.63642,6.203457],[-75.635576,6.202951],[-75.635347,6.202699],[-75.635154,6.20239],[-75.634849,6.202029],[-75.634202,6.201438],[-75.633855,6.201219],[-75.633511,6.201164],[-75.632614,6.201119],[-75.632323,6.200972],[-75.631906,6.200484],[-75.631025,6.199636],[-75.63069,6.199399],[-75.630467,6.199186],[-75.630307,6.19861],[-75.6303,6.197794],[-75.630229,6.197455],[-75.629666,6.196555],[-75.629545,6.196246],[-75.62704,6.196675],[-75.626722,6.196618],[-75.626641,6.196638],[-75.626566,6.196595],[-75.625926,6.196462],[-75.624712,6.196345],[-75.624066,6.196473],[-75.622673,6.196376],[-75.622089,6.196303],[-75.621529,6.196367],[-75.620892,6.196606],[-75.620534,6.196499],[-75.619986,6.196203],[-75.619286,6.195956],[-75.619169,6.195875],[-75.618618,6.196047],[-75.618384,6.196062],[-75.618015,6.196171],[-75.617902,6.196171],[-75.617519,6.19651],[-75.617315,6.196928],[-75.61701,6.197402],[-75.616823,6.197526],[-75.616576,6.197526],[-75.61619,6.197434],[-75.615635,6.197425],[-75.615219,6.19771],[-75.614961,6.197768],[-75.614369,6.197775],[-75.6142,6.197741],[-75.614179,6.197914],[-75.614036,6.198392],[-75.613895,6.198575],[-75.613437,6.198833],[-75.6124,6.199097],[-75.610746,6.199174],[-75.609782,6.199294],[-75.608854,6.199298],[-75.608444,6.199146],[-75.608396,6.199056],[-75.608341,6.199026],[-75.60823,6.199044],[-75.608195,6.198978],[-75.607946,6.19887],[-75.607737,6.198657],[-75.607385,6.198142],[-75.606927,6.19793],[-75.606253,6.198449],[-75.605809,6.198869],[-75.605244,6.198382],[-75.604988,6.198269],[-75.604492,6.198254],[-75.603517,6.198144],[-75.602789,6.198955],[-75.602345,6.198614],[-75.60217,6.198599],[-75.601507,6.198939],[-75.601112,6.19905],[-75.60099,6.199123],[-75.600807,6.199028],[-75.600452,6.199206],[-75.600297,6.199221],[-75.600071,6.199319],[-75.600081,6.199342],[-75.599881,6.199309],[-75.599969,6.199643],[-75.59997,6.200139],[-75.600442,6.2002],[-75.600794,6.200197],[-75.601083,6.200305],[-75.601279,6.200309],[-75.601506,6.200257],[-75.601642,6.200154],[-75.601718,6.200033],[-75.60216,6.199774],[-75.602235,6.199853],[-75.602428,6.199897],[-75.602581,6.200065],[-75.602702,6.200075],[-75.602867,6.200141],[-75.603013,6.200089],[-75.603062,6.200322],[-75.603246,6.200645],[-75.603323,6.200982],[-75.603383,6.20108],[-75.603346,6.201222],[-75.603395,6.201401],[-75.603517,6.201667],[-75.603663,6.201738],[-75.603745,6.201819],[-75.603813,6.202134],[-75.603789,6.202295],[-75.603909,6.202434],[-75.604072,6.202738],[-75.604003,6.20298],[-75.604022,6.203005],[-75.604208,6.203013],[-75.60438,6.202958],[-75.604757,6.20322],[-75.605105,6.203361],[-75.605221,6.203374],[-75.605297,6.203327],[-75.605367,6.2031],[-75.605421,6.203086],[-75.605457,6.203008],[-75.605627,6.20296],[-75.605901,6.202759],[-75.605907,6.202659],[-75.605807,6.202472],[-75.606229,6.20248],[-75.606356,6.202433],[-75.606433,6.202701],[-75.606414,6.202816],[-75.606443,6.202992],[-75.606496,6.203033],[-75.606719,6.20297],[-75.606762,6.202999],[-75.606689,6.203357],[-75.60673,6.203439],[-75.606841,6.203514],[-75.60682,6.203723],[-75.606938,6.203794],[-75.607307,6.203848],[-75.607719,6.204217],[-75.607947,6.204174],[-75.607912,6.204365],[-75.608294,6.204567],[-75.608294,6.204634],[-75.608372,6.204693],[-75.60836,6.20479],[-75.608468,6.204877],[-75.608765,6.20493],[-75.609058,6.205122],[-75.609319,6.205162],[-75.609373,6.205237],[-75.609528,6.205339],[-75.609743,6.205424],[-75.609723,6.205558],[-75.609892,6.205638],[-75.610168,6.205518],[-75.61037,6.205629],[-75.610564,6.205654],[-75.610728,6.205534],[-75.61083,6.205508],[-75.610473,6.205856],[-75.610404,6.205855],[-75.610373,6.205733],[-75.610263,6.205649],[-75.609984,6.205667],[-75.609895,6.205695],[-75.60987,6.20575],[-75.609953,6.20588],[-75.609945,6.205922],[-75.60963,6.205946],[-75.6094,6.205881],[-75.609353,6.205934],[-75.609325,6.206107],[-75.609271,6.206129],[-75.608865,6.205951],[-75.60869,6.20593],[-75.608277,6.206069],[-75.608118,6.206152],[-75.607926,6.206116],[-75.607532,6.206128],[-75.607375,6.206047],[-75.606877,6.205644],[-75.606738,6.205663],[-75.606675,6.205725],[-75.606707,6.205762],[-75.606619,6.205891],[-75.606521,6.20595],[-75.606317,6.20591],[-75.606214,6.205819],[-75.606099,6.205809],[-75.606043,6.205848],[-75.605999,6.206052],[-75.60602,6.206128],[-75.605963,6.20619],[-75.605987,6.206266],[-75.605961,6.206591],[-75.605987,6.206744],[-75.60637,6.207153],[-75.606986,6.207339],[-75.607156,6.207478],[-75.607238,6.207905],[-75.607201,6.208151],[-75.607112,6.208425],[-75.607115,6.208652],[-75.607023,6.208821],[-75.606841,6.209009],[-75.606425,6.209206],[-75.606271,6.209211],[-75.606201,6.209245],[-75.606099,6.209365],[-75.606109,6.209424],[-75.606015,6.209544],[-75.606024,6.209577],[-75.606073,6.209621],[-75.606109,6.209624],[-75.606134,6.209585],[-75.606219,6.209615],[-75.606419,6.209456],[-75.606567,6.209391],[-75.606739,6.209457],[-75.606854,6.209448],[-75.607073,6.209378],[-75.607225,6.209209],[-75.607472,6.209164],[-75.60752,6.209582],[-75.607559,6.209665],[-75.607649,6.20965],[-75.60793,6.209487],[-75.608097,6.209332],[-75.608285,6.209445],[-75.608577,6.209406],[-75.608757,6.20946],[-75.608473,6.20959],[-75.608014,6.209701],[-75.607763,6.210035],[-75.607664,6.210116],[-75.607271,6.210259],[-75.607043,6.210251],[-75.606935,6.210289],[-75.606672,6.21016],[-75.60657,6.210252],[-75.606146,6.210488],[-75.605997,6.210538],[-75.605623,6.210578],[-75.605448,6.210637],[-75.605247,6.210838],[-75.605051,6.210955],[-75.605225,6.211237],[-75.605062,6.211366],[-75.605129,6.211457],[-75.605089,6.211532],[-75.605003,6.211414],[-75.604951,6.211454],[-75.60499,6.211507],[-75.604837,6.211615],[-75.604977,6.211811],[-75.604766,6.21197],[-75.604749,6.211946],[-75.604695,6.211982],[-75.60471,6.212005],[-75.604657,6.212041],[-75.604641,6.212019],[-75.604587,6.212055],[-75.604602,6.212078],[-75.604496,6.212149],[-75.604551,6.212232],[-75.604439,6.212313],[-75.604474,6.212365],[-75.604392,6.212413],[-75.604451,6.212497],[-75.604658,6.212376],[-75.604886,6.212751],[-75.604866,6.212765],[-75.604902,6.212818],[-75.604741,6.212912],[-75.604816,6.212956],[-75.60502,6.213004],[-75.605066,6.212929],[-75.605329,6.21278],[-75.605599,6.21332],[-75.605213,6.213761],[-75.604941,6.214018],[-75.604873,6.214163],[-75.605,6.214413],[-75.604954,6.214431],[-75.605007,6.214534],[-75.60543,6.21503],[-75.60532,6.215162],[-75.605139,6.215573],[-75.604997,6.216017],[-75.604927,6.216098],[-75.604538,6.216176],[-75.603822,6.216501],[-75.603601,6.216482],[-75.603417,6.216405],[-75.603115,6.216117],[-75.603073,6.216192],[-75.603208,6.216406],[-75.603575,6.216638],[-75.604021,6.21665],[-75.604399,6.216549],[-75.604625,6.21655],[-75.604717,6.216591],[-75.604781,6.216697],[-75.604807,6.216882],[-75.604883,6.21705],[-75.605263,6.217428],[-75.605425,6.217483],[-75.60557,6.21748],[-75.60592,6.217334],[-75.606082,6.217343],[-75.606181,6.217403],[-75.606364,6.21759],[-75.606502,6.217829],[-75.606707,6.217988],[-75.60717,6.218145],[-75.607454,6.218283],[-75.607657,6.218437],[-75.607741,6.21845],[-75.607801,6.218419],[-75.608368,6.217853],[-75.609098,6.218508],[-75.609333,6.218639],[-75.609577,6.218693],[-75.610018,6.218687],[-75.610557,6.218525],[-75.610684,6.218632],[-75.610702,6.218683],[-75.610764,6.218651],[-75.610962,6.218744],[-75.611437,6.218746],[-75.611534,6.218798],[-75.611814,6.218866],[-75.612193,6.218869],[-75.611888,6.219128],[-75.611629,6.219226],[-75.611487,6.219382],[-75.610982,6.219798],[-75.610834,6.219979],[-75.610667,6.220261],[-75.610615,6.220431],[-75.610674,6.220752],[-75.610841,6.221135],[-75.611454,6.221014],[-75.611669,6.221014],[-75.612004,6.221221],[-75.61208,6.221292],[-75.612285,6.221622],[-75.612415,6.221723],[-75.612497,6.221734],[-75.612406,6.221932],[-75.612321,6.221996],[-75.612332,6.222121],[-75.612269,6.222209],[-75.612058,6.222444],[-75.611922,6.222499],[-75.611854,6.222581],[-75.611926,6.222731],[-75.612123,6.222898],[-75.612178,6.223002],[-75.612395,6.223127],[-75.612216,6.22326],[-75.612109,6.223104],[-75.611949,6.223036],[-75.611899,6.22307],[-75.611779,6.223438],[-75.611716,6.223482],[-75.611642,6.223495],[-75.611512,6.223435],[-75.611397,6.223453],[-75.611334,6.223428],[-75.611609,6.223698],[-75.611681,6.223826],[-75.611713,6.224046],[-75.611586,6.224226],[-75.611441,6.224304],[-75.6113,6.2243],[-75.611296,6.224383],[-75.611233,6.224388],[-75.611183,6.224442],[-75.611214,6.224541],[-75.611479,6.224743],[-75.611546,6.224893],[-75.611434,6.224933],[-75.611299,6.225033],[-75.611235,6.225206],[-75.611163,6.22529],[-75.61105,6.225354],[-75.610977,6.225358],[-75.610746,6.225175],[-75.610599,6.225151],[-75.610395,6.225068],[-75.610183,6.225212],[-75.610127,6.225395],[-75.610037,6.225367],[-75.609954,6.225394],[-75.609902,6.225204],[-75.609732,6.224941],[-75.60957,6.225063],[-75.609484,6.225205],[-75.609495,6.225506],[-75.60956,6.225696],[-75.609559,6.22581],[-75.609737,6.22619],[-75.609857,6.226582],[-75.609752,6.226603],[-75.609584,6.22649],[-75.609435,6.226549],[-75.609527,6.226732],[-75.609596,6.226995],[-75.609656,6.22704],[-75.609804,6.227038],[-75.609866,6.227094],[-75.60975,6.227784],[-75.609684,6.227967],[-75.609782,6.228116],[-75.609774,6.228605],[-75.609895,6.229071],[-75.610243,6.229287],[-75.610611,6.229237],[-75.610673,6.229041],[-75.610701,6.228762],[-75.610769,6.228675],[-75.610801,6.228565],[-75.61083,6.228267],[-75.61096,6.228056],[-75.611241,6.227887],[-75.611308,6.227907],[-75.611333,6.228035],[-75.611541,6.228115],[-75.611729,6.2281],[-75.611925,6.228012],[-75.612178,6.227601],[-75.61212,6.22727],[-75.612128,6.227102],[-75.61225,6.227007],[-75.612564,6.226966],[-75.612619,6.226917],[-75.612669,6.226801],[-75.612949,6.226939],[-75.612989,6.226903],[-75.61296,6.226844],[-75.613003,6.226853],[-75.613587,6.227177],[-75.613809,6.227202],[-75.614155,6.227355],[-75.614292,6.227278],[-75.61433,6.227439],[-75.614377,6.227496],[-75.614597,6.227528],[-75.614987,6.227803],[-75.615176,6.227888],[-75.615287,6.227986],[-75.61534,6.227983],[-75.615388,6.227905],[-75.615441,6.227889],[-75.61559,6.227889],[-75.615816,6.227963],[-75.61586,6.227921],[-75.615941,6.227993],[-75.616045,6.228283],[-75.616178,6.228352],[-75.615992,6.228411],[-75.615673,6.228676],[-75.61545,6.228805],[-75.615166,6.228875],[-75.615139,6.228954],[-75.615218,6.229086],[-75.615781,6.229613],[-75.616223,6.230182],[-75.616324,6.230248],[-75.616132,6.230258],[-75.615527,6.230407],[-75.615152,6.230402],[-75.615015,6.23052],[-75.614934,6.230717],[-75.614782,6.230629],[-75.614568,6.23067],[-75.614186,6.230788],[-75.613896,6.230999],[-75.614021,6.231031],[-75.614029,6.231],[-75.614493,6.231052],[-75.615109,6.231203],[-75.615355,6.231177],[-75.615663,6.23134],[-75.615866,6.23154],[-75.615934,6.23151],[-75.616041,6.231652],[-75.616011,6.23166],[-75.616019,6.231796],[-75.615798,6.232046],[-75.615756,6.232203],[-75.615776,6.232299],[-75.61581,6.232301],[-75.615779,6.232552],[-75.615658,6.23288],[-75.61548,6.232848],[-75.615417,6.233075],[-75.615442,6.233237],[-75.615375,6.23323],[-75.615379,6.233399],[-75.615435,6.233407],[-75.615445,6.233469],[-75.615412,6.233477],[-75.615518,6.233579],[-75.615521,6.233861],[-75.614834,6.233805],[-75.614868,6.23454],[-75.615122,6.234513],[-75.615846,6.234578],[-75.615988,6.234612],[-75.616665,6.234926],[-75.617324,6.235028],[-75.61744,6.235084],[-75.618142,6.2356],[-75.618416,6.235737],[-75.618963,6.235838],[-75.619348,6.235828],[-75.620053,6.235676],[-75.620306,6.235661],[-75.620428,6.235676],[-75.621147,6.235941],[-75.621649,6.23597],[-75.622222,6.235894],[-75.622409,6.235833],[-75.622483,6.235788],[-75.622679,6.235562],[-75.622794,6.235512],[-75.622762,6.235599],[-75.622674,6.235685],[-75.622657,6.235839],[-75.622365,6.236034],[-75.622051,6.236531],[-75.621923,6.236521],[-75.621767,6.236345],[-75.621712,6.236323],[-75.621514,6.236413],[-75.621076,6.236745],[-75.620799,6.236859],[-75.620211,6.236751],[-75.6199,6.236766],[-75.619708,6.236829],[-75.619309,6.237043],[-75.619178,6.237267],[-75.619046,6.237336],[-75.618866,6.237265],[-75.618711,6.237076],[-75.618615,6.237028],[-75.618451,6.236845],[-75.618392,6.236824],[-75.618271,6.236871],[-75.618174,6.236983],[-75.618023,6.237007],[-75.61782,6.236795],[-75.617753,6.236793],[-75.617701,6.236811],[-75.617558,6.236964],[-75.617435,6.236995],[-75.617338,6.236981],[-75.617096,6.236797],[-75.61664,6.236659],[-75.616372,6.236643],[-75.615995,6.236562],[-75.615889,6.23657],[-75.615712,6.236674],[-75.615611,6.236665],[-75.615262,6.236508],[-75.61463,6.236103],[-75.61462,6.23666],[-75.61458,6.236699],[-75.614301,6.236769],[-75.613855,6.236658],[-75.613556,6.236505],[-75.613003,6.236295],[-75.61277,6.236683],[-75.612565,6.237147],[-75.612633,6.237192],[-75.612674,6.237295],[-75.612652,6.237766],[-75.612892,6.2381],[-75.613062,6.238245],[-75.613132,6.238379],[-75.613347,6.238643],[-75.613512,6.239002],[-75.614063,6.23928],[-75.613895,6.239374],[-75.613888,6.239426],[-75.614081,6.239661],[-75.614038,6.240155],[-75.613921,6.240403],[-75.614543,6.240376],[-75.614791,6.2404],[-75.615023,6.240295],[-75.615154,6.240191],[-75.615255,6.240231],[-75.615343,6.240202],[-75.615442,6.240314],[-75.615655,6.240425],[-75.615666,6.240534],[-75.615899,6.240845],[-75.615967,6.241081],[-75.616108,6.241057],[-75.616209,6.240977],[-75.616359,6.241103],[-75.616482,6.241025],[-75.616554,6.241016],[-75.616608,6.240965],[-75.616601,6.240871],[-75.616647,6.240718],[-75.616804,6.240906],[-75.6169,6.240958],[-75.616936,6.241043],[-75.617001,6.241076],[-75.617168,6.241086],[-75.617336,6.241164],[-75.61751,6.241194],[-75.617645,6.241163],[-75.617866,6.241299],[-75.618331,6.241303],[-75.618603,6.241377],[-75.618809,6.241392],[-75.619342,6.241574],[-75.619422,6.241653],[-75.619481,6.241965],[-75.619334,6.242431],[-75.619438,6.242446],[-75.619618,6.242443],[-75.619893,6.242343],[-75.620144,6.242047],[-75.620208,6.241936],[-75.620288,6.241621],[-75.620307,6.241346],[-75.620587,6.240903],[-75.620651,6.240729],[-75.62085,6.240686],[-75.620964,6.240694],[-75.621165,6.240566],[-75.621235,6.240587],[-75.621416,6.240746],[-75.621578,6.240713],[-75.621605,6.24091],[-75.621675,6.240969],[-75.621811,6.241015],[-75.621819,6.241162],[-75.621928,6.241312],[-75.621911,6.241441],[-75.621747,6.241755],[-75.621783,6.241934],[-75.621833,6.241948],[-75.622187,6.241835],[-75.622565,6.24185],[-75.622815,6.241741],[-75.622759,6.242155],[-75.622787,6.242282],[-75.622879,6.242386],[-75.623235,6.242537],[-75.623471,6.242676],[-75.622805,6.24299],[-75.622735,6.243182],[-75.6226,6.243384],[-75.622642,6.243444],[-75.622728,6.243478],[-75.622958,6.24339],[-75.622938,6.243544],[-75.622348,6.244246],[-75.622768,6.244593],[-75.622971,6.244549],[-75.623002,6.244578],[-75.623089,6.244486],[-75.623164,6.244543],[-75.62322,6.244508],[-75.623295,6.244645],[-75.62325,6.24466],[-75.623315,6.244804],[-75.62363,6.244654],[-75.623693,6.244792],[-75.623591,6.244823],[-75.623611,6.244916],[-75.623396,6.245118],[-75.623624,6.245307],[-75.623134,6.245616],[-75.623217,6.245803],[-75.623222,6.245886],[-75.623382,6.245906],[-75.62364,6.245876],[-75.623757,6.245924],[-75.623985,6.246235],[-75.624138,6.246354],[-75.624612,6.246339],[-75.624757,6.246243],[-75.624852,6.246106],[-75.624891,6.246097],[-75.625098,6.246134],[-75.625284,6.246081],[-75.625494,6.246064],[-75.625563,6.2461],[-75.625826,6.246373],[-75.626052,6.246444],[-75.62626,6.246466],[-75.626486,6.246394],[-75.626481,6.246328],[-75.626656,6.24606],[-75.62696,6.245915],[-75.627006,6.245699],[-75.62716,6.245484],[-75.627298,6.245418],[-75.627658,6.245452],[-75.628292,6.245418],[-75.628518,6.245777],[-75.628698,6.246147],[-75.628846,6.246117],[-75.629019,6.2462],[-75.629185,6.246223],[-75.629518,6.246409],[-75.629673,6.246415],[-75.629783,6.246333],[-75.629863,6.246336],[-75.630107,6.24647],[-75.630369,6.246475],[-75.6305,6.246515],[-75.630554,6.246593],[-75.630574,6.246896],[-75.63062,6.246998],[-75.630796,6.247083],[-75.6311,6.247574],[-75.631355,6.247701],[-75.631419,6.247788],[-75.631421,6.247895],[-75.631383,6.247968],[-75.631221,6.248055],[-75.631162,6.248136],[-75.631158,6.248241],[-75.631203,6.248341],[-75.631291,6.248422],[-75.631651,6.248598],[-75.632014,6.2486],[-75.632423,6.248872],[-75.632425,6.248918],[-75.632382,6.248968],[-75.632077,6.249104],[-75.631879,6.249297],[-75.631563,6.24953],[-75.631672,6.24982],[-75.631854,6.250042],[-75.631963,6.250322],[-75.632183,6.250492],[-75.632044,6.250445],[-75.632277,6.250633],[-75.632763,6.250917],[-75.633331,6.25134],[-75.633594,6.25149],[-75.634478,6.251805],[-75.634902,6.251987],[-75.635303,6.252212],[-75.635878,6.252573],[-75.636128,6.252869],[-75.636629,6.253248],[-75.636974,6.253391],[-75.637787,6.253618],[-75.638341,6.253845],[-75.638951,6.254004],[-75.639812,6.253938],[-75.640746,6.253914],[-75.641665,6.253729],[-75.642551,6.253782],[-75.642838,6.253837],[-75.643455,6.254048],[-75.644151,6.254359],[-75.644829,6.254556],[-75.645173,6.254689],[-75.645473,6.254871],[-75.646259,6.255648],[-75.646462,6.255898],[-75.646825,6.256622],[-75.647072,6.256936],[-75.647362,6.257229],[-75.647688,6.257734],[-75.647981,6.258289],[-75.64861,6.259349],[-75.648881,6.259657],[-75.649563,6.260131],[-75.649814,6.260336],[-75.650236,6.260763],[-75.650426,6.260885],[-75.650771,6.260813],[-75.651115,6.260782],[-75.651791,6.260837],[-75.652179,6.260759],[-75.653813,6.260318],[-75.654499,6.260435]]]},"properties":{"CODIGO":"70","NOMBRE":"Corregimiento de Altavista","IDENTIFICACION":"Corregimiento 70","LIMITEMUNICIPIOID":"001","SUBTIPO_COMUNACORREGIMIENTO":2,"MUNICIPIO":"Medellin","CODIGO_MUN":"001","SIMBOLOGIA":"CORREGIMIENTO 70"}},{"type":"Feature","id":19,"geometry":{"type":"Polygon","coordinates":[[[-75.509735,6.299018],[-75.51003,6.29919],[-75.510754,6.299495],[-75.511344,6.29985],[-75.512306,6.30017],[-75.51266,6.300323],[-75.512947,6.300508],[-75.513229,6.300768],[-75.513829,6.301159],[-75.513972,6.301348],[-75.514402,6.300895],[-75.515212,6.300168],[-75.515368,6.300115],[-75.516063,6.299993],[-75.516314,6.299911],[-75.516985,6.299208],[-75.517959,6.298734],[-75.518259,6.298455],[-75.518692,6.29788],[-75.519163,6.297404],[-75.519245,6.29728],[-75.520095,6.295166],[-75.520455,6.293932],[-75.520957,6.293095],[-75.520983,6.292932],[-75.520969,6.292668],[-75.520813,6.291977],[-75.520798,6.291793],[-75.520966,6.291125],[-75.521019,6.290452],[-75.520973,6.290135],[-75.520842,6.289688],[-75.520981,6.28957],[-75.521153,6.289055],[-75.521308,6.288793],[-75.521535,6.288532],[-75.52176,6.288441],[-75.522769,6.288419],[-75.523779,6.288242],[-75.524918,6.28812],[-75.525056,6.288437],[-75.525348,6.288938],[-75.525552,6.289147],[-75.526022,6.289404],[-75.526305,6.289621],[-75.526624,6.289707],[-75.527213,6.290054],[-75.527357,6.290209],[-75.52756,6.290508],[-75.527778,6.291033],[-75.527879,6.291194],[-75.528163,6.29142],[-75.528307,6.291715],[-75.528496,6.291938],[-75.528721,6.292115],[-75.528942,6.292393],[-75.529264,6.292653],[-75.52946,6.292877],[-75.529619,6.292987],[-75.529787,6.293231],[-75.529887,6.293531],[-75.530113,6.293909],[-75.53013,6.294114],[-75.53006,6.294171],[-75.530051,6.294234],[-75.529901,6.294491],[-75.529881,6.294626],[-75.529699,6.294992],[-75.529651,6.295452],[-75.529563,6.29573],[-75.529598,6.296597],[-75.529757,6.296925],[-75.529856,6.297056],[-75.530017,6.297128],[-75.530218,6.297503],[-75.530225,6.297604],[-75.530145,6.297867],[-75.530417,6.298102],[-75.530553,6.298301],[-75.530704,6.298375],[-75.531068,6.298992],[-75.531203,6.299153],[-75.531353,6.299192],[-75.531431,6.299145],[-75.531437,6.299181],[-75.532126,6.299626],[-75.532265,6.299754],[-75.53276,6.300001],[-75.53301,6.30008],[-75.533408,6.300075],[-75.533702,6.299994],[-75.533902,6.299881],[-75.534026,6.299701],[-75.534353,6.299396],[-75.534439,6.299371],[-75.534555,6.299393],[-75.534767,6.299296],[-75.535113,6.299236],[-75.535228,6.299184],[-75.535566,6.298915],[-75.535907,6.298439],[-75.535889,6.298336],[-75.535918,6.29822],[-75.536076,6.297979],[-75.536102,6.297871],[-75.535843,6.297701],[-75.536222,6.297119],[-75.536236,6.297006],[-75.536327,6.296923],[-75.536136,6.296634],[-75.536097,6.296636],[-75.536044,6.29635],[-75.536055,6.296262],[-75.535999,6.296111],[-75.535902,6.295991],[-75.535725,6.295853],[-75.535579,6.295667],[-75.535561,6.295332],[-75.535395,6.294998],[-75.535459,6.295032],[-75.535568,6.295014],[-75.535649,6.295041],[-75.535715,6.295013],[-75.5358,6.294919],[-75.535946,6.294894],[-75.536483,6.295145],[-75.536784,6.295145],[-75.53691,6.295035],[-75.53698,6.294744],[-75.537211,6.294697],[-75.537345,6.294626],[-75.537437,6.294394],[-75.537378,6.294294],[-75.537072,6.294298],[-75.53691,6.294199],[-75.53676,6.294171],[-75.536663,6.294084],[-75.536461,6.294052],[-75.536277,6.293809],[-75.536232,6.293649],[-75.536122,6.293466],[-75.53606,6.2934],[-75.535828,6.293301],[-75.536098,6.293283],[-75.536255,6.293137],[-75.53645,6.292778],[-75.536446,6.29262],[-75.536359,6.292426],[-75.536189,6.292232],[-75.536178,6.291829],[-75.536117,6.291725],[-75.536325,6.291566],[-75.536238,6.29135],[-75.536243,6.291076],[-75.536331,6.291025],[-75.536726,6.290988],[-75.536809,6.29093],[-75.536824,6.290867],[-75.536801,6.290748],[-75.536317,6.290174],[-75.53616,6.289902],[-75.536129,6.289701],[-75.53614,6.289495],[-75.536252,6.289217],[-75.536382,6.28915],[-75.536548,6.289115],[-75.536694,6.289],[-75.536853,6.288951],[-75.536934,6.288833],[-75.536904,6.288642],[-75.536807,6.288578],[-75.536593,6.288709],[-75.536378,6.288742],[-75.53622,6.288699],[-75.536136,6.288584],[-75.536131,6.288257],[-75.536068,6.288001],[-75.53614,6.287587],[-75.536111,6.287507],[-75.535999,6.287434],[-75.536108,6.287378],[-75.536057,6.287358],[-75.536047,6.287125],[-75.536002,6.287054],[-75.536067,6.286989],[-75.536092,6.286888],[-75.536065,6.286785],[-75.53609,6.286593],[-75.536032,6.286388],[-75.536031,6.286052],[-75.536079,6.285724],[-75.53618,6.285484],[-75.536238,6.285243],[-75.536208,6.28512],[-75.536232,6.285041],[-75.536168,6.284977],[-75.536456,6.28482],[-75.536491,6.284647],[-75.536584,6.284507],[-75.536752,6.284481],[-75.536856,6.284112],[-75.536949,6.284031],[-75.537221,6.283676],[-75.537281,6.283533],[-75.537354,6.283474],[-75.537406,6.283323],[-75.537439,6.28299],[-75.537328,6.282584],[-75.537295,6.282336],[-75.53741,6.282044],[-75.537486,6.281963],[-75.537674,6.281878],[-75.538526,6.281828],[-75.538713,6.281712],[-75.538717,6.281586],[-75.53866,6.28143],[-75.538795,6.281214],[-75.538991,6.28104],[-75.539144,6.280808],[-75.539228,6.280213],[-75.539254,6.280151],[-75.539301,6.280138],[-75.539309,6.280009],[-75.539169,6.27974],[-75.539193,6.279537],[-75.539122,6.279407],[-75.539101,6.279288],[-75.539047,6.2792],[-75.539013,6.279199],[-75.538997,6.279137],[-75.538958,6.279127],[-75.538955,6.27902],[-75.538898,6.278954],[-75.538633,6.278963],[-75.538464,6.279008],[-75.538417,6.27905],[-75.538303,6.279309],[-75.538156,6.279429],[-75.53781,6.279456],[-75.537655,6.279431],[-75.537406,6.279345],[-75.537216,6.279108],[-75.536976,6.278919],[-75.536898,6.278899],[-75.536731,6.278601],[-75.536698,6.278597],[-75.536631,6.278209],[-75.536628,6.277912],[-75.53637,6.277354],[-75.536376,6.277265],[-75.536438,6.277156],[-75.536337,6.276955],[-75.536283,6.276911],[-75.536023,6.276971],[-75.535977,6.276751],[-75.535997,6.276629],[-75.536092,6.276501],[-75.536222,6.276141],[-75.5365,6.275912],[-75.536539,6.27576],[-75.536456,6.275672],[-75.536078,6.275553],[-75.535863,6.275414],[-75.53554,6.275401],[-75.535359,6.275257],[-75.534876,6.275034],[-75.535006,6.274975],[-75.535214,6.274782],[-75.535431,6.274658],[-75.536642,6.274182],[-75.536659,6.27408],[-75.536527,6.273907],[-75.536537,6.273769],[-75.536599,6.273609],[-75.536601,6.273495],[-75.536716,6.273339],[-75.536696,6.273115],[-75.536789,6.272978],[-75.536864,6.272758],[-75.536948,6.272707],[-75.536978,6.27255],[-75.536828,6.272396],[-75.536617,6.272356],[-75.536495,6.272248],[-75.536415,6.272048],[-75.536284,6.271882],[-75.536259,6.271744],[-75.536123,6.271494],[-75.535839,6.271203],[-75.535793,6.271186],[-75.535676,6.271247],[-75.535402,6.271212],[-75.535135,6.270843],[-75.535006,6.27075],[-75.534811,6.270684],[-75.534755,6.270591],[-75.534543,6.270423],[-75.534219,6.270272],[-75.534383,6.27013],[-75.534398,6.270001],[-75.534317,6.269863],[-75.534277,6.269665],[-75.534138,6.269436],[-75.534189,6.269118],[-75.534113,6.268787],[-75.534061,6.268722],[-75.534032,6.268505],[-75.533798,6.268289],[-75.533596,6.26772],[-75.53332,6.267522],[-75.533212,6.26749],[-75.53322,6.267439],[-75.533122,6.267283],[-75.533104,6.267173],[-75.533002,6.26705],[-75.532817,6.26698],[-75.532668,6.266613],[-75.532208,6.266368],[-75.532067,6.266364],[-75.532155,6.266162],[-75.531998,6.266143],[-75.532168,6.266074],[-75.532596,6.266142],[-75.532797,6.266112],[-75.532908,6.266058],[-75.533054,6.266053],[-75.533248,6.266235],[-75.533509,6.266324],[-75.533671,6.266319],[-75.533857,6.266268],[-75.534003,6.266412],[-75.53426,6.266512],[-75.534371,6.266531],[-75.53466,6.266501],[-75.534797,6.266532],[-75.535415,6.266328],[-75.535644,6.266337],[-75.535884,6.266215],[-75.535963,6.266241],[-75.536025,6.266325],[-75.536092,6.266347],[-75.53637,6.266147],[-75.536388,6.266205],[-75.536517,6.266208],[-75.536667,6.266335],[-75.536889,6.266373],[-75.537095,6.266458],[-75.537248,6.266333],[-75.537362,6.2663],[-75.537347,6.266178],[-75.537401,6.266105],[-75.537398,6.266048],[-75.537449,6.26609],[-75.537723,6.266148],[-75.537834,6.265979],[-75.538014,6.266008],[-75.538329,6.265926],[-75.53857,6.265735],[-75.538869,6.265634],[-75.538981,6.265495],[-75.539075,6.265052],[-75.538929,6.264426],[-75.538954,6.26379],[-75.538868,6.263436],[-75.538761,6.263197],[-75.538859,6.263159],[-75.538905,6.263098],[-75.539003,6.262753],[-75.539047,6.262514],[-75.539017,6.262419],[-75.538941,6.262325],[-75.539211,6.262148],[-75.539265,6.26205],[-75.539289,6.261735],[-75.539132,6.261366],[-75.539128,6.261267],[-75.539179,6.261166],[-75.539159,6.261133],[-75.539589,6.261154],[-75.539864,6.261259],[-75.540065,6.261378],[-75.540261,6.261408],[-75.540411,6.261484],[-75.540875,6.261534],[-75.541185,6.261661],[-75.541419,6.26171],[-75.541535,6.261705],[-75.541831,6.261596],[-75.541956,6.261505],[-75.542319,6.261496],[-75.542756,6.261606],[-75.542809,6.261257],[-75.542762,6.261168],[-75.542769,6.26049],[-75.542739,6.260357],[-75.542645,6.260187],[-75.54239,6.260037],[-75.542213,6.259848],[-75.542205,6.259744],[-75.542246,6.259658],[-75.542201,6.259601],[-75.542296,6.25958],[-75.542284,6.25949],[-75.542231,6.259418],[-75.542319,6.259233],[-75.542306,6.259211],[-75.542211,6.259241],[-75.542206,6.259093],[-75.542299,6.258979],[-75.542272,6.258899],[-75.542145,6.258765],[-75.542221,6.25865],[-75.5423,6.258604],[-75.54231,6.258527],[-75.542223,6.258396],[-75.541812,6.258473],[-75.541669,6.258289],[-75.541548,6.258256],[-75.541619,6.258219],[-75.541633,6.25814],[-75.541679,6.258094],[-75.541648,6.257968],[-75.541704,6.257908],[-75.541649,6.257828],[-75.54163,6.257715],[-75.541669,6.257647],[-75.54151,6.257399],[-75.541329,6.257215],[-75.541213,6.257215],[-75.541025,6.257117],[-75.540722,6.257033],[-75.540566,6.25686],[-75.540446,6.256823],[-75.540319,6.256836],[-75.540217,6.256976],[-75.540066,6.256966],[-75.539928,6.256876],[-75.539812,6.256898],[-75.539709,6.256976],[-75.53942,6.257021],[-75.539067,6.256964],[-75.538936,6.257009],[-75.538859,6.256928],[-75.538699,6.256836],[-75.538607,6.256567],[-75.53851,6.256541],[-75.538405,6.25659],[-75.538217,6.256595],[-75.538042,6.256701],[-75.5376,6.256765],[-75.537276,6.256945],[-75.537093,6.256942],[-75.536908,6.257091],[-75.536926,6.256952],[-75.537056,6.256839],[-75.536978,6.256836],[-75.536954,6.256803],[-75.536928,6.256674],[-75.536966,6.256621],[-75.537186,6.256408],[-75.537443,6.256271],[-75.538066,6.255692],[-75.538484,6.255541],[-75.539208,6.255582],[-75.539419,6.255509],[-75.539547,6.255405],[-75.539708,6.255184],[-75.539803,6.254907],[-75.539783,6.254879],[-75.539647,6.255067],[-75.539585,6.255061],[-75.539514,6.254875],[-75.539483,6.254581],[-75.539427,6.254475],[-75.539285,6.254278],[-75.538968,6.253995],[-75.538928,6.253917],[-75.539108,6.253715],[-75.539083,6.253641],[-75.539186,6.253387],[-75.539154,6.253053],[-75.539089,6.253039],[-75.53903,6.252979],[-75.538899,6.252975],[-75.538769,6.252927],[-75.538269,6.252899],[-75.53828,6.25272],[-75.538355,6.252614],[-75.538333,6.252455],[-75.538373,6.252413],[-75.53828,6.252284],[-75.538306,6.252155],[-75.538242,6.252078],[-75.538302,6.251932],[-75.538217,6.251834],[-75.53812,6.25183],[-75.538077,6.251787],[-75.538058,6.251672],[-75.537968,6.251644],[-75.538093,6.25142],[-75.538065,6.251356],[-75.537992,6.251318],[-75.538,6.251084],[-75.538044,6.25088],[-75.538154,6.250763],[-75.538133,6.250671],[-75.537664,6.250535],[-75.537521,6.250444],[-75.537322,6.250185],[-75.537189,6.250163],[-75.537093,6.250104],[-75.537012,6.250003],[-75.536944,6.249806],[-75.536884,6.249737],[-75.536777,6.249698],[-75.536632,6.249719],[-75.536615,6.249636],[-75.536549,6.249597],[-75.536579,6.249561],[-75.53659,6.24943],[-75.536498,6.24939],[-75.536993,6.249371],[-75.537221,6.249312],[-75.537433,6.249303],[-75.537809,6.249343],[-75.537886,6.249301],[-75.538001,6.249352],[-75.538172,6.249258],[-75.538331,6.24908],[-75.538263,6.248839],[-75.538275,6.248776],[-75.538535,6.248432],[-75.538435,6.248348],[-75.538368,6.248227],[-75.538722,6.247965],[-75.53896,6.247874],[-75.539215,6.247722],[-75.539345,6.247601],[-75.539446,6.247403],[-75.540023,6.246677],[-75.540232,6.24652],[-75.54044,6.246435],[-75.540355,6.246429],[-75.540445,6.246244],[-75.540446,6.246159],[-75.54032,6.245942],[-75.540221,6.245867],[-75.539991,6.24535],[-75.539894,6.245246],[-75.539892,6.245188],[-75.540014,6.24509],[-75.540017,6.245019],[-75.539891,6.244873],[-75.539753,6.244837],[-75.539935,6.244819],[-75.540201,6.244878],[-75.540473,6.24456],[-75.540503,6.244429],[-75.540492,6.244263],[-75.540378,6.243989],[-75.540204,6.243761],[-75.53996,6.24352],[-75.539934,6.2434],[-75.540005,6.242943],[-75.539754,6.24282],[-75.539437,6.242737],[-75.539251,6.242647],[-75.538485,6.241938],[-75.538394,6.241808],[-75.537569,6.241223],[-75.537529,6.241126],[-75.537514,6.240781],[-75.537557,6.24031],[-75.537474,6.239768],[-75.537384,6.239641],[-75.537296,6.239579],[-75.536944,6.239499],[-75.536795,6.239399],[-75.536752,6.239307],[-75.536754,6.239185],[-75.536782,6.239105],[-75.536864,6.239043],[-75.536852,6.238948],[-75.536374,6.238473],[-75.536203,6.23835],[-75.536122,6.238169],[-75.535931,6.237961],[-75.53574,6.237959],[-75.535429,6.238123],[-75.535112,6.237999],[-75.53475,6.238129],[-75.534288,6.237712],[-75.534175,6.237719],[-75.534035,6.237811],[-75.533976,6.238058],[-75.533859,6.238202],[-75.533685,6.238514],[-75.533468,6.238587],[-75.533198,6.238895],[-75.53288,6.239145],[-75.532696,6.239116],[-75.532605,6.239249],[-75.532309,6.239404],[-75.532119,6.2394],[-75.532031,6.239437],[-75.531851,6.239631],[-75.531794,6.239644],[-75.53173,6.239716],[-75.531662,6.239817],[-75.531643,6.239967],[-75.529172,6.239967],[-75.529154,6.239641],[-75.528914,6.239515],[-75.528748,6.239317],[-75.528746,6.239212],[-75.528658,6.239007],[-75.52863,6.238715],[-75.528542,6.238383],[-75.528447,6.238261],[-75.528114,6.237967],[-75.527889,6.237495],[-75.52785,6.237334],[-75.527684,6.237139],[-75.527451,6.236427],[-75.52735,6.236271],[-75.527147,6.236311],[-75.527039,6.23625],[-75.526972,6.236106],[-75.526755,6.235836],[-75.526582,6.235678],[-75.526151,6.23557],[-75.526056,6.235636],[-75.525987,6.235645],[-75.52591,6.235608],[-75.525721,6.235153],[-75.525621,6.235095],[-75.525246,6.235001],[-75.525176,6.234844],[-75.525061,6.234928],[-75.524939,6.235141],[-75.524864,6.23514],[-75.524823,6.235197],[-75.52478,6.235126],[-75.524923,6.234656],[-75.525137,6.234209],[-75.52497,6.234027],[-75.525037,6.233819],[-75.524939,6.233725],[-75.525034,6.233668],[-75.524998,6.233602],[-75.525176,6.233529],[-75.52503,6.23289],[-75.525388,6.232806],[-75.525614,6.232822],[-75.525879,6.232438],[-75.526234,6.232265],[-75.527032,6.231591],[-75.527085,6.231609],[-75.5272,6.231804],[-75.527438,6.231898],[-75.52788,6.231737],[-75.52819,6.231661],[-75.52857,6.231402],[-75.528625,6.231241],[-75.528601,6.231203],[-75.528639,6.231194],[-75.528675,6.231098],[-75.528523,6.231074],[-75.52832,6.231155],[-75.528075,6.231122],[-75.528056,6.231084],[-75.527999,6.231078],[-75.527924,6.230894],[-75.527575,6.230908],[-75.527378,6.23076],[-75.52728,6.230734],[-75.527216,6.230636],[-75.527084,6.230588],[-75.526973,6.230607],[-75.526938,6.230425],[-75.526791,6.230272],[-75.52678,6.230168],[-75.526391,6.229938],[-75.526281,6.229931],[-75.526193,6.229848],[-75.526032,6.229796],[-75.525644,6.229821],[-75.525473,6.229778],[-75.525525,6.229701],[-75.525599,6.229712],[-75.525862,6.229591],[-75.52593,6.229523],[-75.526308,6.229632],[-75.526571,6.229579],[-75.526878,6.229583],[-75.52691,6.229518],[-75.527441,6.229777],[-75.527521,6.229732],[-75.527545,6.229577],[-75.527841,6.22965],[-75.528137,6.229584],[-75.528306,6.229392],[-75.528285,6.229339],[-75.528006,6.229114],[-75.527875,6.228621],[-75.527887,6.228457],[-75.528043,6.228216],[-75.528069,6.228112],[-75.528067,6.227672],[-75.527881,6.227402],[-75.527969,6.227376],[-75.528088,6.227407],[-75.528238,6.227532],[-75.528449,6.22789],[-75.528611,6.227946],[-75.528823,6.227917],[-75.528959,6.22786],[-75.52904,6.22777],[-75.529154,6.227501],[-75.529293,6.227281],[-75.529427,6.227285],[-75.529688,6.227631],[-75.529982,6.227907],[-75.530206,6.228046],[-75.530372,6.228003],[-75.53078,6.227738],[-75.530882,6.227602],[-75.530957,6.227389],[-75.531037,6.227313],[-75.531205,6.227281],[-75.53162,6.227281],[-75.532,6.227067],[-75.53215,6.227061],[-75.532245,6.22711],[-75.53231,6.227221],[-75.532265,6.227895],[-75.532292,6.228001],[-75.532368,6.228085],[-75.532558,6.228102],[-75.53295,6.227954],[-75.533178,6.228008],[-75.533235,6.22798],[-75.533258,6.228026],[-75.533393,6.228112],[-75.53378,6.228311],[-75.533921,6.228251],[-75.533992,6.228109],[-75.534044,6.228198],[-75.534008,6.228334],[-75.534106,6.22852],[-75.534462,6.228731],[-75.534577,6.22876],[-75.534667,6.22873],[-75.534818,6.228557],[-75.534901,6.228622],[-75.535096,6.228634],[-75.535388,6.228517],[-75.535477,6.228533],[-75.53558,6.228422],[-75.535936,6.228252],[-75.536042,6.228135],[-75.536181,6.228063],[-75.536254,6.227994],[-75.53639,6.227729],[-75.53649,6.227744],[-75.536546,6.227682],[-75.536626,6.227726],[-75.537006,6.227718],[-75.537234,6.227662],[-75.537334,6.227541],[-75.537336,6.22748],[-75.537606,6.227511],[-75.537782,6.227435],[-75.538174,6.227361],[-75.538263,6.22744],[-75.538407,6.227477],[-75.538493,6.22748],[-75.538576,6.227429],[-75.538673,6.227445],[-75.538854,6.227662],[-75.539133,6.227832],[-75.539263,6.227982],[-75.539374,6.228055],[-75.539383,6.228104],[-75.539447,6.228144],[-75.539572,6.22833],[-75.539639,6.228363],[-75.539738,6.228182],[-75.539774,6.227789],[-75.539631,6.227631],[-75.539627,6.227483],[-75.539559,6.227312],[-75.539666,6.227366],[-75.540018,6.227406],[-75.540124,6.227379],[-75.540204,6.22731],[-75.540322,6.227022],[-75.540364,6.226726],[-75.540346,6.226577],[-75.540456,6.226088],[-75.540357,6.225945],[-75.539991,6.225638],[-75.539525,6.225377],[-75.539071,6.224768],[-75.539305,6.224906],[-75.53954,6.224934],[-75.539747,6.224821],[-75.539918,6.224682],[-75.539949,6.224642],[-75.539943,6.224547],[-75.540148,6.224617],[-75.540483,6.224632],[-75.540601,6.224752],[-75.54081,6.224772],[-75.541066,6.224991],[-75.541121,6.225164],[-75.541178,6.225232],[-75.541237,6.225248],[-75.541323,6.225211],[-75.541368,6.225115],[-75.541321,6.224978],[-75.541575,6.224958],[-75.541859,6.224722],[-75.541953,6.224683],[-75.542112,6.224684],[-75.542219,6.224537],[-75.542452,6.224314],[-75.542486,6.224324],[-75.542484,6.224415],[-75.542579,6.224491],[-75.54269,6.224649],[-75.542923,6.224736],[-75.543124,6.224722],[-75.543217,6.224625],[-75.543271,6.224691],[-75.54332,6.224703],[-75.543398,6.224501],[-75.543479,6.224477],[-75.543551,6.224515],[-75.543604,6.224464],[-75.543642,6.224616],[-75.543853,6.224897],[-75.544139,6.224964],[-75.544408,6.22493],[-75.544563,6.22504],[-75.544868,6.225067],[-75.544928,6.225122],[-75.545032,6.225403],[-75.545121,6.225532],[-75.545271,6.225631],[-75.545458,6.225668],[-75.545514,6.225728],[-75.545576,6.225741],[-75.54567,6.225711],[-75.545702,6.225668],[-75.545928,6.225629],[-75.54606,6.225515],[-75.546146,6.225571],[-75.546267,6.225759],[-75.546347,6.225755],[-75.546513,6.225555],[-75.546671,6.225218],[-75.546764,6.225286],[-75.546772,6.225407],[-75.546863,6.225502],[-75.547058,6.225521],[-75.54727,6.225623],[-75.547308,6.225766],[-75.547394,6.225885],[-75.54751,6.225934],[-75.547686,6.225937],[-75.547816,6.225996],[-75.547898,6.226249],[-75.547948,6.22631],[-75.548082,6.226307],[-75.548282,6.226232],[-75.54835,6.226254],[-75.548387,6.226329],[-75.548431,6.226335],[-75.548466,6.226236],[-75.54852,6.226199],[-75.548605,6.226209],[-75.548623,6.226153],[-75.548733,6.226048],[-75.548802,6.226086],[-75.548953,6.22604],[-75.548846,6.226314],[-75.54883,6.22655],[-75.548875,6.227],[-75.548868,6.227605],[-75.548801,6.228193],[-75.548725,6.228369],[-75.548641,6.228479],[-75.548624,6.228629],[-75.548661,6.228887],[-75.548714,6.229078],[-75.54882,6.229265],[-75.54886,6.229418],[-75.548845,6.229487],[-75.549106,6.229448],[-75.549335,6.229544],[-75.549736,6.229634],[-75.549849,6.229606],[-75.549924,6.229545],[-75.550084,6.229529],[-75.550124,6.229492],[-75.550167,6.22951],[-75.550351,6.229401],[-75.55048,6.229263],[-75.550599,6.229219],[-75.550773,6.229046],[-75.550947,6.229038],[-75.550974,6.228977],[-75.550939,6.228845],[-75.550953,6.228667],[-75.551127,6.228434],[-75.551215,6.228207],[-75.551416,6.227379],[-75.551608,6.226916],[-75.55174,6.22639],[-75.55173,6.2261],[-75.551873,6.226261],[-75.551902,6.226536],[-75.551991,6.226587],[-75.551854,6.226654],[-75.551862,6.22673],[-75.552226,6.226729],[-75.552378,6.226983],[-75.55247,6.227072],[-75.552702,6.227108],[-75.553013,6.227235],[-75.553007,6.227329],[-75.55315,6.227406],[-75.553233,6.227397],[-75.553273,6.227327],[-75.553338,6.227421],[-75.553721,6.227366],[-75.553939,6.227396],[-75.554023,6.227107],[-75.554063,6.227353],[-75.554107,6.227395],[-75.554332,6.22739],[-75.554489,6.227333],[-75.554598,6.227243],[-75.554618,6.227118],[-75.554676,6.227064],[-75.554677,6.227022],[-75.554728,6.227004],[-75.554794,6.226801],[-75.555081,6.226594],[-75.555194,6.226677],[-75.555415,6.226626],[-75.555501,6.226645],[-75.555662,6.226838],[-75.555918,6.227007],[-75.55608,6.226675],[-75.556244,6.226474],[-75.556314,6.226101],[-75.559307,6.226174],[-75.559335,6.225663],[-75.559248,6.224451],[-75.559585,6.22304],[-75.559655,6.222983],[-75.559762,6.222969],[-75.560157,6.223139],[-75.56027,6.22314],[-75.560596,6.222904],[-75.560706,6.222704],[-75.560662,6.222434],[-75.560427,6.221986],[-75.560338,6.221887],[-75.559537,6.221332],[-75.55926,6.221102],[-75.558993,6.220735],[-75.557487,6.219522],[-75.557108,6.219308],[-75.556401,6.219203],[-75.55619,6.219114],[-75.554908,6.218103],[-75.55456,6.217612],[-75.554469,6.217534],[-75.553974,6.217295],[-75.553049,6.216387],[-75.551401,6.214865],[-75.551348,6.214745],[-75.551331,6.214586],[-75.551493,6.214002],[-75.551488,6.213875],[-75.551434,6.213807],[-75.551294,6.213761],[-75.550772,6.213757],[-75.550392,6.213685],[-75.549781,6.213749],[-75.548799,6.213789],[-75.548558,6.213867],[-75.547912,6.214169],[-75.547425,6.214485],[-75.547267,6.214536],[-75.547132,6.214513],[-75.546979,6.214358],[-75.546935,6.214221],[-75.546991,6.214204],[-75.547014,6.214238],[-75.547068,6.214238],[-75.547102,6.214113],[-75.547094,6.213951],[-75.547153,6.213875],[-75.547101,6.213802],[-75.547093,6.213702],[-75.547016,6.213623],[-75.547014,6.213556],[-75.546933,6.213478],[-75.546858,6.213486],[-75.547025,6.213361],[-75.547076,6.213106],[-75.547152,6.213074],[-75.547182,6.213023],[-75.547171,6.212863],[-75.547236,6.212759],[-75.547256,6.212599],[-75.547243,6.212534],[-75.547159,6.212463],[-75.547195,6.212341],[-75.547239,6.212286],[-75.54763,6.212071],[-75.547786,6.211543],[-75.547783,6.21151],[-75.547674,6.211465],[-75.547484,6.211514],[-75.547493,6.211436],[-75.547388,6.211318],[-75.547374,6.2112],[-75.547434,6.21106],[-75.547475,6.210673],[-75.54762,6.210434],[-75.547522,6.210371],[-75.547265,6.209997],[-75.547102,6.209918],[-75.547488,6.209716],[-75.54763,6.209605],[-75.54764,6.209297],[-75.547802,6.208844],[-75.547773,6.208707],[-75.54788,6.208446],[-75.547878,6.208324],[-75.547837,6.208266],[-75.547762,6.208233],[-75.54775,6.208181],[-75.547878,6.208067],[-75.548006,6.207861],[-75.548019,6.207734],[-75.548102,6.207558],[-75.548184,6.207227],[-75.548257,6.206807],[-75.548236,6.206758],[-75.548128,6.206728],[-75.54797,6.206595],[-75.54793,6.206511],[-75.547608,6.206326],[-75.547941,6.206075],[-75.548293,6.205634],[-75.548258,6.205586],[-75.548317,6.205551],[-75.548288,6.205352],[-75.548304,6.205076],[-75.548496,6.204717],[-75.548535,6.204369],[-75.548405,6.204269],[-75.548753,6.204281],[-75.549108,6.204252],[-75.549308,6.20418],[-75.550076,6.20405],[-75.550279,6.203947],[-75.550375,6.203845],[-75.550436,6.203632],[-75.550403,6.203374],[-75.550342,6.203211],[-75.550079,6.20281],[-75.549913,6.202657],[-75.549704,6.202281],[-75.549615,6.202192],[-75.549833,6.202104],[-75.550167,6.20211],[-75.550354,6.202016],[-75.550654,6.201977],[-75.550839,6.201871],[-75.551064,6.201596],[-75.55107,6.201414],[-75.551111,6.201308],[-75.551397,6.201016],[-75.551393,6.200732],[-75.55141,6.200687],[-75.551512,6.200642],[-75.551323,6.200648],[-75.551181,6.200687],[-75.551019,6.200798],[-75.550944,6.200902],[-75.550829,6.200835],[-75.550912,6.19933],[-75.551118,6.199337],[-75.55129,6.199405],[-75.551532,6.199343],[-75.551689,6.19927],[-75.551901,6.198958],[-75.552062,6.198639],[-75.552066,6.198529],[-75.551961,6.198427],[-75.55174,6.198329],[-75.551712,6.198267],[-75.551618,6.198197],[-75.55173,6.198055],[-75.551841,6.197801],[-75.551873,6.19761],[-75.551994,6.197465],[-75.552046,6.197346],[-75.552058,6.197137],[-75.551997,6.196886],[-75.552009,6.196747],[-75.552146,6.196598],[-75.552161,6.196511],[-75.552277,6.1965],[-75.552388,6.196432],[-75.5526,6.196127],[-75.552821,6.195925],[-75.552943,6.195672],[-75.553069,6.195514],[-75.553342,6.194949],[-75.553282,6.194843],[-75.553256,6.194712],[-75.553486,6.194689],[-75.553676,6.194102],[-75.553608,6.194072],[-75.553625,6.19392],[-75.553557,6.19355],[-75.553719,6.193522],[-75.553881,6.193428],[-75.554074,6.193425],[-75.554136,6.193377],[-75.554112,6.193301],[-75.553941,6.193118],[-75.553933,6.192978],[-75.553972,6.192906],[-75.55393,6.19282],[-75.554034,6.192749],[-75.554161,6.192767],[-75.554203,6.192664],[-75.554176,6.192614],[-75.554251,6.19252],[-75.554449,6.192499],[-75.554517,6.192456],[-75.554497,6.192225],[-75.554346,6.192008],[-75.554358,6.191839],[-75.554314,6.191761],[-75.554295,6.191549],[-75.554262,6.191511],[-75.554184,6.191516],[-75.55416,6.191418],[-75.554034,6.191298],[-75.554035,6.191174],[-75.554182,6.191003],[-75.55409,6.190678],[-75.554083,6.190623],[-75.554121,6.19061],[-75.553907,6.189939],[-75.553854,6.189573],[-75.553931,6.189596],[-75.553941,6.18942],[-75.553903,6.189214],[-75.553882,6.188728],[-75.553798,6.188489],[-75.55368,6.1884],[-75.553717,6.188369],[-75.553691,6.188292],[-75.553774,6.188099],[-75.553816,6.187894],[-75.553731,6.187843],[-75.553674,6.187693],[-75.553587,6.187646],[-75.554215,6.187778],[-75.55426,6.187756],[-75.554266,6.187693],[-75.554359,6.187656],[-75.554581,6.187646],[-75.554647,6.187551],[-75.554772,6.18755],[-75.554908,6.187379],[-75.554924,6.187123],[-75.555017,6.186975],[-75.55503,6.186764],[-75.555104,6.18668],[-75.555177,6.186493],[-75.555256,6.18644],[-75.555305,6.186218],[-75.555395,6.186143],[-75.555409,6.186095],[-75.555687,6.185908],[-75.555981,6.18561],[-75.556151,6.185515],[-75.55649,6.185483],[-75.556822,6.185584],[-75.556852,6.185549],[-75.556714,6.185446],[-75.556765,6.185389],[-75.556789,6.184466],[-75.556921,6.183731],[-75.556848,6.183625],[-75.556152,6.183586],[-75.555867,6.183519],[-75.555629,6.183423],[-75.555463,6.183269],[-75.555402,6.183124],[-75.555399,6.182973],[-75.555573,6.18251],[-75.555606,6.182345],[-75.555407,6.181673],[-75.555382,6.1815],[-75.555433,6.181247],[-75.555448,6.181223],[-75.55569,6.181302],[-75.555823,6.1813],[-75.555981,6.181252],[-75.556126,6.181271],[-75.556165,6.181229],[-75.556343,6.181193],[-75.556528,6.181277],[-75.556924,6.181118],[-75.557121,6.181117],[-75.557328,6.181203],[-75.557702,6.181588],[-75.557778,6.181579],[-75.557841,6.181611],[-75.558108,6.181881],[-75.558167,6.181851],[-75.558263,6.1817],[-75.558416,6.181633],[-75.558561,6.18164],[-75.558724,6.181576],[-75.558845,6.181586],[-75.558963,6.18165],[-75.559206,6.181607],[-75.559334,6.181646],[-75.559454,6.181565],[-75.559457,6.181486],[-75.559362,6.181337],[-75.559145,6.181203],[-75.558865,6.18093],[-75.558818,6.180166],[-75.558683,6.179944],[-75.55855,6.179837],[-75.558454,6.17968],[-75.558394,6.179712],[-75.558166,6.179712],[-75.557486,6.179646],[-75.557015,6.179695],[-75.556262,6.179697],[-75.556313,6.179624],[-75.556737,6.179406],[-75.556814,6.179337],[-75.55717,6.178411],[-75.557271,6.178048],[-75.557365,6.178063],[-75.557576,6.177211],[-75.557813,6.17724],[-75.557913,6.176932],[-75.557956,6.176933],[-75.558897,6.177368],[-75.559172,6.176638],[-75.55956,6.17677],[-75.559765,6.176683],[-75.559854,6.176607],[-75.559888,6.176532],[-75.559925,6.176602],[-75.559961,6.176603],[-75.560022,6.176173],[-75.560001,6.17615],[-75.55995,6.176171],[-75.559896,6.175966],[-75.55981,6.175793],[-75.559542,6.175648],[-75.559418,6.175547],[-75.559398,6.175492],[-75.559337,6.175476],[-75.55925,6.175547],[-75.559082,6.175526],[-75.558524,6.175329],[-75.558391,6.175328],[-75.558242,6.175334],[-75.55786,6.17547],[-75.557427,6.175529],[-75.556719,6.175447],[-75.55647,6.175502],[-75.556061,6.175489],[-75.555792,6.175403],[-75.555403,6.175168],[-75.555004,6.175149],[-75.55411,6.175337],[-75.55342,6.175757],[-75.553199,6.175848],[-75.552828,6.175841],[-75.552631,6.175762],[-75.552413,6.175719],[-75.552352,6.175728],[-75.552236,6.175849],[-75.552104,6.175886],[-75.551815,6.17586],[-75.551524,6.175911],[-75.551009,6.175897],[-75.55078,6.17594],[-75.550552,6.175897],[-75.550101,6.17573],[-75.549714,6.175643],[-75.549375,6.175617],[-75.549117,6.175518],[-75.548879,6.175492],[-75.548629,6.175365],[-75.548276,6.175348],[-75.547562,6.175147],[-75.547428,6.17515],[-75.54716,6.174901],[-75.54693,6.174759],[-75.546757,6.174826],[-75.546407,6.174813],[-75.546086,6.174698],[-75.545792,6.174693],[-75.545644,6.174584],[-75.545292,6.17446],[-75.544752,6.174417],[-75.544599,6.174264],[-75.544301,6.17409],[-75.543763,6.173443],[-75.543296,6.17344],[-75.543076,6.173401],[-75.542878,6.173305],[-75.542776,6.173211],[-75.542348,6.173083],[-75.541861,6.172738],[-75.541208,6.172701],[-75.54118,6.172743],[-75.540977,6.172785],[-75.540827,6.172728],[-75.540398,6.172259],[-75.539843,6.171882],[-75.539595,6.171419],[-75.539379,6.171218],[-75.539158,6.171091],[-75.538859,6.170976],[-75.538442,6.170361],[-75.538218,6.170129],[-75.538097,6.16992],[-75.537976,6.170281],[-75.537933,6.170637],[-75.537873,6.170848],[-75.537689,6.171299],[-75.537589,6.171462],[-75.537402,6.171697],[-75.537183,6.171851],[-75.53664,6.171939],[-75.536467,6.172032],[-75.536199,6.172267],[-75.536049,6.172457],[-75.535899,6.172882],[-75.535635,6.17343],[-75.535355,6.173625],[-75.535014,6.173972],[-75.534701,6.174517],[-75.534534,6.174711],[-75.534365,6.174845],[-75.534014,6.174904],[-75.53352,6.175179],[-75.533417,6.175266],[-75.532784,6.17558],[-75.532282,6.176001],[-75.531917,6.1761],[-75.531416,6.176339],[-75.531377,6.176388],[-75.531365,6.176459],[-75.53149,6.177287],[-75.531571,6.177536],[-75.53184,6.178132],[-75.53196,6.178509],[-75.532041,6.178991],[-75.532049,6.179273],[-75.531905,6.179953],[-75.531735,6.180482],[-75.531591,6.181098],[-75.531523,6.181633],[-75.531451,6.182782],[-75.531379,6.183323],[-75.531101,6.184306],[-75.530778,6.184995],[-75.530552,6.185365],[-75.530186,6.185865],[-75.529491,6.187065],[-75.529307,6.187178],[-75.529114,6.187237],[-75.528742,6.187235],[-75.528569,6.187376],[-75.52845,6.187632],[-75.528424,6.187999],[-75.528532,6.189076],[-75.528586,6.189345],[-75.528729,6.189751],[-75.528814,6.190259],[-75.528812,6.190613],[-75.528731,6.190891],[-75.528392,6.191305],[-75.527999,6.191656],[-75.527866,6.191833],[-75.527596,6.192364],[-75.526996,6.193386],[-75.526685,6.194032],[-75.526474,6.194394],[-75.525657,6.1954],[-75.525433,6.195579],[-75.525163,6.19571],[-75.524961,6.195766],[-75.524374,6.195801],[-75.523781,6.195695],[-75.522657,6.195736],[-75.521867,6.195837],[-75.520607,6.196141],[-75.520234,6.19617],[-75.518031,6.195737],[-75.516898,6.195419],[-75.516476,6.195215],[-75.513999,6.194486],[-75.513121,6.19419],[-75.512525,6.19394],[-75.511497,6.193741],[-75.510908,6.193486],[-75.510123,6.193203],[-75.509616,6.193143],[-75.509289,6.193157],[-75.508972,6.193099],[-75.508696,6.192974],[-75.508038,6.192428],[-75.507288,6.191625],[-75.506904,6.191144],[-75.506702,6.191013],[-75.505903,6.190708],[-75.505151,6.190501],[-75.504299,6.190116],[-75.503665,6.189916],[-75.501379,6.189462],[-75.500746,6.189464],[-75.500175,6.189554],[-75.499558,6.189574],[-75.498645,6.189783],[-75.49821,6.189974],[-75.498082,6.190075],[-75.498082,6.190106],[-75.498334,6.190995],[-75.498342,6.191187],[-75.498286,6.191395],[-75.498084,6.191589],[-75.497681,6.191843],[-75.497431,6.191953],[-75.497005,6.192022],[-75.496273,6.191991],[-75.495638,6.191871],[-75.495178,6.19159],[-75.494778,6.19139],[-75.493276,6.190857],[-75.493079,6.190814],[-75.49251,6.190765],[-75.492068,6.190766],[-75.49106,6.190867],[-75.490059,6.190907],[-75.488387,6.190752],[-75.487604,6.190621],[-75.486824,6.190433],[-75.48628,6.190459],[-75.485841,6.190355],[-75.485364,6.190144],[-75.48515,6.190093],[-75.484974,6.190093],[-75.484799,6.190135],[-75.484714,6.190249],[-75.484695,6.190434],[-75.484783,6.190915],[-75.485035,6.191415],[-75.48511,6.191636],[-75.485219,6.192251],[-75.485219,6.192447],[-75.48508,6.192748],[-75.484863,6.193071],[-75.4846,6.193356],[-75.484269,6.193612],[-75.483857,6.194044],[-75.483823,6.194165],[-75.4838,6.194756],[-75.483847,6.195231],[-75.483938,6.195588],[-75.483919,6.195729],[-75.483743,6.19602],[-75.483062,6.196716],[-75.482942,6.197038],[-75.482908,6.197393],[-75.482948,6.197863],[-75.483248,6.198377],[-75.483573,6.198744],[-75.483995,6.199061],[-75.484218,6.199281],[-75.484194,6.199696],[-75.484317,6.199988],[-75.484592,6.200201],[-75.484933,6.200397],[-75.485622,6.20121],[-75.485784,6.201502],[-75.485767,6.201659],[-75.485655,6.201849],[-75.485655,6.202034],[-75.485673,6.20233],[-75.485828,6.203019],[-75.485814,6.203385],[-75.48556,6.203884],[-75.485555,6.204549],[-75.485623,6.204805],[-75.485744,6.205022],[-75.485826,6.205608],[-75.485905,6.20575],[-75.48594,6.205958],[-75.485605,6.206274],[-75.485398,6.206394],[-75.485247,6.206589],[-75.485045,6.20671],[-75.484734,6.207273],[-75.484672,6.207476],[-75.484694,6.207615],[-75.484816,6.20769],[-75.485043,6.207743],[-75.485105,6.207804],[-75.485154,6.207924],[-75.485086,6.208089],[-75.484765,6.208395],[-75.484773,6.208613],[-75.484689,6.208722],[-75.484621,6.20894],[-75.485162,6.209475],[-75.485176,6.20989],[-75.485126,6.210514],[-75.485147,6.210852],[-75.485317,6.211163],[-75.485518,6.211418],[-75.485799,6.211716],[-75.486096,6.21194],[-75.486261,6.212174],[-75.486494,6.21238],[-75.486863,6.212567],[-75.487162,6.212673],[-75.488226,6.213281],[-75.488614,6.213603],[-75.488763,6.213774],[-75.489206,6.21444],[-75.489277,6.214634],[-75.489325,6.214961],[-75.489375,6.215053],[-75.490237,6.215675],[-75.490607,6.21609],[-75.490703,6.216294],[-75.490851,6.216841],[-75.490813,6.217224],[-75.490732,6.21748],[-75.490547,6.217869],[-75.49024,6.218231],[-75.49022,6.218486],[-75.490291,6.218827],[-75.49092,6.220381],[-75.490974,6.220815],[-75.490908,6.221352],[-75.490766,6.221882],[-75.490672,6.221985],[-75.490568,6.222303],[-75.490183,6.22295],[-75.490085,6.22325],[-75.490062,6.223483],[-75.490082,6.223701],[-75.490261,6.224226],[-75.490226,6.224522],[-75.490254,6.225211],[-75.490211,6.225771],[-75.490389,6.226535],[-75.490576,6.227011],[-75.490792,6.227379],[-75.491298,6.22805],[-75.491566,6.228522],[-75.491485,6.228707],[-75.491314,6.228944],[-75.491142,6.229096],[-75.490925,6.229217],[-75.490707,6.229244],[-75.490502,6.229221],[-75.489748,6.22895],[-75.48953,6.229009],[-75.488663,6.229484],[-75.488553,6.229617],[-75.488446,6.229949],[-75.488275,6.230133],[-75.487783,6.230239],[-75.487333,6.230394],[-75.486651,6.230786],[-75.485266,6.231439],[-75.484817,6.23145],[-75.4845,6.231268],[-75.484342,6.231111],[-75.484046,6.23064],[-75.483883,6.230498],[-75.483684,6.23039],[-75.482314,6.230154],[-75.481828,6.230181],[-75.481576,6.230354],[-75.480797,6.231008],[-75.480174,6.231722],[-75.480024,6.231824],[-75.479354,6.232153],[-75.478911,6.232471],[-75.47885,6.232551],[-75.478785,6.232924],[-75.47886,6.23345],[-75.478791,6.234355],[-75.478722,6.234582],[-75.47859,6.234839],[-75.478405,6.235068],[-75.478028,6.235254],[-75.477694,6.235463],[-75.477188,6.235611],[-75.476629,6.235833],[-75.475374,6.236172],[-75.474443,6.236345],[-75.474055,6.236462],[-75.473654,6.236681],[-75.473369,6.236974],[-75.473122,6.237434],[-75.473081,6.237687],[-75.473661,6.239282],[-75.473753,6.239695],[-75.473621,6.239889],[-75.472694,6.24073],[-75.472467,6.240893],[-75.47221,6.240992],[-75.472116,6.241132],[-75.472072,6.24131],[-75.472089,6.241682],[-75.471853,6.242275],[-75.471963,6.243319],[-75.472202,6.243811],[-75.472323,6.244233],[-75.472342,6.24448],[-75.472482,6.244567],[-75.472699,6.244861],[-75.473159,6.245386],[-75.473359,6.245518],[-75.473671,6.245639],[-75.473773,6.245739],[-75.473808,6.245897],[-75.473672,6.24653],[-75.473644,6.246931],[-75.473687,6.247785],[-75.473776,6.248067],[-75.473979,6.248464],[-75.474277,6.24874],[-75.474615,6.248943],[-75.474723,6.248966],[-75.475119,6.248718],[-75.47546,6.248436],[-75.475713,6.248367],[-75.475955,6.248412],[-75.47613,6.24859],[-75.476561,6.249252],[-75.477259,6.250609],[-75.4774,6.250813],[-75.477494,6.250872],[-75.477806,6.25084],[-75.478031,6.25089],[-75.478174,6.251012],[-75.478451,6.251351],[-75.478927,6.251634],[-75.479044,6.251757],[-75.479376,6.251704],[-75.479611,6.251763],[-75.479783,6.251713],[-75.480114,6.251894],[-75.48048,6.251855],[-75.480583,6.251897],[-75.480825,6.251907],[-75.480993,6.251996],[-75.481149,6.251992],[-75.481202,6.252021],[-75.481228,6.251972],[-75.481205,6.251794],[-75.48135,6.251764],[-75.481873,6.251874],[-75.482135,6.251849],[-75.482306,6.25189],[-75.482469,6.251875],[-75.482549,6.251829],[-75.482607,6.251714],[-75.482844,6.251541],[-75.483162,6.251401],[-75.483325,6.251376],[-75.483457,6.251397],[-75.483673,6.251597],[-75.483921,6.251689],[-75.484097,6.251594],[-75.484391,6.251529],[-75.484527,6.251662],[-75.484904,6.251922],[-75.485464,6.252464],[-75.485607,6.252676],[-75.485769,6.252765],[-75.485922,6.253042],[-75.485957,6.253468],[-75.486113,6.253664],[-75.486236,6.253726],[-75.486297,6.253834],[-75.486008,6.254478],[-75.485648,6.254843],[-75.485571,6.255063],[-75.485739,6.255686],[-75.485817,6.255858],[-75.485928,6.255965],[-75.485949,6.256375],[-75.486114,6.256932],[-75.486255,6.257061],[-75.486474,6.25739],[-75.486628,6.257549],[-75.486976,6.257716],[-75.487222,6.257692],[-75.487349,6.257775],[-75.48747,6.258014],[-75.487361,6.258353],[-75.487386,6.258446],[-75.487717,6.258693],[-75.487804,6.25882],[-75.488008,6.258967],[-75.488213,6.259264],[-75.488272,6.25928],[-75.488527,6.259212],[-75.488631,6.259219],[-75.488796,6.259317],[-75.489075,6.259677],[-75.489419,6.259809],[-75.49018,6.260026],[-75.49025,6.26009],[-75.490605,6.260619],[-75.490803,6.260798],[-75.491014,6.261243],[-75.49116,6.261402],[-75.490969,6.26171],[-75.490964,6.262003],[-75.491088,6.262198],[-75.491308,6.262376],[-75.491373,6.262492],[-75.491415,6.262701],[-75.49135,6.263107],[-75.491172,6.263226],[-75.49098,6.263543],[-75.491065,6.263684],[-75.491084,6.263822],[-75.491047,6.264198],[-75.491181,6.264509],[-75.491402,6.264901],[-75.492396,6.265894],[-75.492516,6.266315],[-75.492463,6.266789],[-75.492731,6.267535],[-75.492926,6.267973],[-75.493074,6.268165],[-75.493211,6.268281],[-75.493458,6.268698],[-75.493636,6.268851],[-75.493788,6.26908],[-75.493979,6.269099],[-75.494571,6.269474],[-75.495235,6.269182],[-75.495359,6.269228],[-75.495576,6.269406],[-75.49592,6.269611],[-75.495965,6.269729],[-75.495884,6.269888],[-75.495905,6.269993],[-75.495997,6.270092],[-75.496132,6.270168],[-75.496337,6.270536],[-75.496583,6.27075],[-75.496671,6.270876],[-75.496432,6.271131],[-75.49627,6.271246],[-75.496213,6.271335],[-75.495982,6.271959],[-75.495982,6.272452],[-75.495928,6.272695],[-75.495815,6.272865],[-75.495479,6.273032],[-75.494636,6.273076],[-75.493929,6.272978],[-75.493817,6.272989],[-75.493682,6.273081],[-75.493187,6.274232],[-75.492783,6.274723],[-75.492506,6.276276],[-75.492564,6.276513],[-75.492584,6.277011],[-75.492709,6.277206],[-75.493205,6.277508],[-75.493638,6.277695],[-75.49389,6.277915],[-75.494304,6.278396],[-75.494408,6.27846],[-75.495055,6.2786],[-75.495405,6.278779],[-75.495473,6.278962],[-75.49545,6.279018],[-75.494917,6.279802],[-75.494661,6.280403],[-75.494582,6.280777],[-75.494646,6.281095],[-75.494791,6.281467],[-75.494879,6.282168],[-75.495018,6.282664],[-75.495498,6.283493],[-75.49599,6.283902],[-75.49638,6.284417],[-75.496417,6.284439],[-75.496516,6.284414],[-75.496576,6.284321],[-75.49669,6.283984],[-75.496762,6.283887],[-75.496921,6.283879],[-75.497047,6.284036],[-75.49726,6.284465],[-75.497351,6.284838],[-75.497323,6.285079],[-75.497369,6.285315],[-75.497685,6.285791],[-75.497864,6.286324],[-75.497959,6.286883],[-75.498132,6.287514],[-75.498137,6.288328],[-75.498408,6.288689],[-75.498579,6.288802],[-75.49891,6.288965],[-75.499347,6.289078],[-75.499414,6.289156],[-75.49953,6.289151],[-75.499676,6.289224],[-75.500115,6.289719],[-75.500244,6.2899],[-75.500349,6.290135],[-75.50035,6.290448],[-75.500437,6.290662],[-75.500407,6.290793],[-75.499838,6.291237],[-75.499706,6.291532],[-75.499593,6.291701],[-75.499229,6.291708],[-75.49913,6.291772],[-75.499074,6.291912],[-75.499159,6.29223],[-75.499125,6.292418],[-75.499001,6.292575],[-75.498596,6.292798],[-75.498514,6.292938],[-75.498523,6.293024],[-75.498794,6.293263],[-75.498964,6.293511],[-75.499172,6.29373],[-75.499033,6.293887],[-75.499053,6.29418],[-75.499009,6.294406],[-75.498919,6.294482],[-75.498499,6.294679],[-75.498463,6.294721],[-75.498492,6.294812],[-75.499223,6.295053],[-75.499364,6.295013],[-75.499683,6.294847],[-75.49977,6.294832],[-75.499846,6.294861],[-75.499974,6.295023],[-75.500053,6.295275],[-75.500188,6.295369],[-75.500582,6.295539],[-75.50079,6.295736],[-75.50083,6.295849],[-75.500825,6.295977],[-75.500879,6.29604],[-75.500854,6.296478],[-75.500908,6.296612],[-75.501113,6.296675],[-75.501686,6.296675],[-75.501775,6.296728],[-75.5018,6.296873],[-75.501756,6.297378],[-75.501771,6.297527],[-75.50183,6.297556],[-75.501945,6.297489],[-75.502138,6.29729],[-75.502287,6.297076],[-75.50238,6.297039],[-75.502696,6.297008],[-75.502872,6.296946],[-75.50296,6.296765],[-75.503022,6.296443],[-75.503074,6.29635],[-75.503279,6.296341],[-75.503466,6.296207],[-75.503708,6.29612],[-75.503911,6.296113],[-75.504169,6.296158],[-75.504404,6.29628],[-75.504483,6.296431],[-75.504521,6.296654],[-75.504473,6.296841],[-75.505271,6.297386],[-75.505599,6.297766],[-75.506066,6.298093],[-75.506359,6.298477],[-75.506678,6.298711],[-75.506911,6.298775],[-75.507512,6.298825],[-75.508463,6.298805],[-75.509735,6.299018]]]},"properties":{"CODIGO":"90","NOMBRE":"Corregimiento de Santa Elena","IDENTIFICACION":"Corregimiento 90","LIMITEMUNICIPIOID":"001","SUBTIPO_COMUNACORREGIMIENTO":2,"MUNICIPIO":"Medellin","CODIGO_MUN":"001","SIMBOLOGIA":"CORREGIMIENTO 90"}},{"type":"Feature","id":20,"geometry":{"type":"MultiPolygon","coordinates":[[[[-75.558454,6.17968],[-75.558451,6.179703],[-75.558507,6.179674],[-75.558572,6.179544],[-75.558494,6.17926],[-75.558516,6.179113],[-75.558593,6.17895],[-75.558574,6.17874],[-75.558598,6.178569],[-75.558661,6.178441],[-75.558704,6.178224],[-75.558692,6.177978],[-75.558662,6.177848],[-75.55862,6.177818],[-75.558728,6.177663],[-75.558772,6.177645],[-75.558798,6.177566],[-75.558767,6.177436],[-75.558837,6.177339],[-75.557913,6.176932],[-75.557813,6.17724],[-75.557576,6.177211],[-75.557365,6.178063],[-75.557271,6.178048],[-75.55717,6.178411],[-75.556814,6.179337],[-75.556737,6.179406],[-75.556313,6.179624],[-75.556262,6.179697],[-75.557015,6.179695],[-75.557486,6.179646],[-75.558166,6.179712],[-75.558394,6.179712],[-75.558454,6.17968]]],[[[-75.604741,6.212912],[-75.604902,6.212818],[-75.604658,6.212376],[-75.604451,6.212497],[-75.604392,6.212413],[-75.604474,6.212365],[-75.604439,6.212313],[-75.604551,6.212232],[-75.604496,6.212149],[-75.604602,6.212078],[-75.604587,6.212055],[-75.604641,6.212019],[-75.604657,6.212041],[-75.60471,6.212005],[-75.604695,6.211982],[-75.604749,6.211946],[-75.604766,6.21197],[-75.604977,6.211811],[-75.604837,6.211615],[-75.60499,6.211507],[-75.604951,6.211454],[-75.605003,6.211414],[-75.605089,6.211532],[-75.605129,6.211457],[-75.605062,6.211366],[-75.605225,6.211237],[-75.605057,6.210966],[-75.60485,6.210996],[-75.604472,6.211232],[-75.604788,6.211671],[-75.604179,6.21212],[-75.604741,6.212912]]],[[[-75.611696,6.223486],[-75.611779,6.223438],[-75.611899,6.22307],[-75.611836,6.223058],[-75.611498,6.222804],[-75.611324,6.222823],[-75.611225,6.222907],[-75.611137,6.223048],[-75.61106,6.223095],[-75.611053,6.223148],[-75.611319,6.223422],[-75.611696,6.223486]]],[[[-75.559664,6.176743],[-75.55956,6.17677],[-75.559172,6.176638],[-75.558929,6.177284],[-75.559455,6.177182],[-75.559485,6.177157],[-75.559489,6.177018],[-75.559551,6.176955],[-75.559552,6.176868],[-75.559664,6.176743]]],[[[-75.584568,6.302958],[-75.584628,6.302979],[-75.584655,6.3029],[-75.584713,6.302923],[-75.584744,6.302836],[-75.584838,6.302874],[-75.584911,6.302696],[-75.584991,6.302729],[-75.585043,6.302593],[-75.58498,6.302568],[-75.584834,6.302717],[-75.584333,6.302481],[-75.584268,6.302523],[-75.58422,6.302623],[-75.584257,6.302816],[-75.584568,6.302958]]],[[[-75.605286,6.212804],[-75.605066,6.212929],[-75.60502,6.213005],[-75.605522,6.213409],[-75.605599,6.21332],[-75.605329,6.21278],[-75.605286,6.212804]]],[[[-75.586641,6.309877],[-75.586701,6.309879],[-75.586708,6.309797],[-75.586858,6.309829],[-75.586867,6.309722],[-75.586767,6.309715],[-75.586773,6.30966],[-75.586937,6.30968],[-75.586965,6.309505],[-75.5866,6.30946],[-75.586588,6.309527],[-75.586543,6.309517],[-75.586461,6.309754],[-75.586498,6.30987],[-75.586641,6.309877]]],[[[-75.525166,6.233532],[-75.524998,6.233602],[-75.525034,6.233668],[-75.524939,6.233725],[-75.525037,6.233819],[-75.52497,6.234027],[-75.52513,6.234203],[-75.525208,6.234112],[-75.525308,6.234082],[-75.525166,6.233532]]],[[[-75.62318,6.24545],[-75.623056,6.245469],[-75.623125,6.245631],[-75.623624,6.245307],[-75.623396,6.245118],[-75.623257,6.245268],[-75.623123,6.245173],[-75.623027,6.24523],[-75.623047,6.245345],[-75.623142,6.245316],[-75.62318,6.24545]]],[[[-75.586182,6.300152],[-75.586216,6.300082],[-75.586266,6.300108],[-75.586285,6.300039],[-75.586185,6.299979],[-75.586268,6.299845],[-75.586222,6.299816],[-75.586275,6.29972],[-75.586229,6.299692],[-75.586282,6.299597],[-75.586101,6.299496],[-75.586119,6.299626],[-75.58605,6.299864],[-75.586056,6.300039],[-75.585999,6.300107],[-75.586064,6.300146],[-75.586092,6.300097],[-75.586182,6.300152]]],[[[-75.60532,6.215162],[-75.60543,6.21503],[-75.605043,6.214576],[-75.60532,6.215162]]],[[[-75.592959,6.295783],[-75.593016,6.295729],[-75.592909,6.295613],[-75.592805,6.295763],[-75.592891,6.295847],[-75.592959,6.295783]]],[[[-75.559681,6.176738],[-75.559892,6.176683],[-75.559866,6.176581],[-75.559889,6.176533],[-75.55984,6.176623],[-75.559681,6.176738]]]]},"properties":{"CODIGO":"SN02","NOMBRE":null,"IDENTIFICACION":null,"LIMITEMUNICIPIOID":null,"SUBTIPO_COMUNACORREGIMIENTO":2,"MUNICIPIO":"Medellin","CODIGO_MUN":"001","SIMBOLOGIA":"NO CLASIFICADO"}},{"type":"Feature","id":21,"geometry":{"type":"Polygon","coordinates":[[[-75.681208,6.27623],[-75.681353,6.276633],[-75.681503,6.276931],[-75.682696,6.278545],[-75.683227,6.27931],[-75.683411,6.279644],[-75.683484,6.280013],[-75.683482,6.280299],[-75.68355,6.280582],[-75.685238,6.280084],[-75.685937,6.280042],[-75.686364,6.27996],[-75.68667,6.27985],[-75.686782,6.279591],[-75.687761,6.278352],[-75.687997,6.277989],[-75.688292,6.277281],[-75.688484,6.276983],[-75.688695,6.276729],[-75.689772,6.276038],[-75.690239,6.275873],[-75.690525,6.275951],[-75.690898,6.275948],[-75.691477,6.275883],[-75.692148,6.275503],[-75.692724,6.274893],[-75.693155,6.274369],[-75.693372,6.274148],[-75.693675,6.273934],[-75.694241,6.273837],[-75.694861,6.273599],[-75.695774,6.273357],[-75.696159,6.273213],[-75.696419,6.272946],[-75.696588,6.27231],[-75.696811,6.271645],[-75.697845,6.269788],[-75.698529,6.26886],[-75.698911,6.268214],[-75.699041,6.267878],[-75.699116,6.267468],[-75.69909,6.267068],[-75.699151,6.266671],[-75.699971,6.265237],[-75.700442,6.26484],[-75.700687,6.264665],[-75.701018,6.264486],[-75.701983,6.264225],[-75.702301,6.264062],[-75.702501,6.263783],[-75.702609,6.263448],[-75.702638,6.262998],[-75.702513,6.262307],[-75.702581,6.261974],[-75.702911,6.26167],[-75.703205,6.261615],[-75.703759,6.261699],[-75.70412,6.261606],[-75.705286,6.260959],[-75.705878,6.260496],[-75.706115,6.260249],[-75.706304,6.260005],[-75.706472,6.259688],[-75.706687,6.258827],[-75.706896,6.258524],[-75.707224,6.258345],[-75.707796,6.25827],[-75.707868,6.257961],[-75.708009,6.257721],[-75.708114,6.257384],[-75.708223,6.25666],[-75.708249,6.256249],[-75.708401,6.255722],[-75.708614,6.255297],[-75.709152,6.254402],[-75.709362,6.254145],[-75.709612,6.253954],[-75.709778,6.25377],[-75.709867,6.253597],[-75.709859,6.253384],[-75.709689,6.25289],[-75.70961,6.252754],[-75.709118,6.252192],[-75.708959,6.251925],[-75.708933,6.251818],[-75.708963,6.251721],[-75.709091,6.251556],[-75.709621,6.251202],[-75.709688,6.251039],[-75.70968,6.250882],[-75.709415,6.250522],[-75.70924,6.250213],[-75.709229,6.249674],[-75.70933,6.249297],[-75.709481,6.248909],[-75.709605,6.247955],[-75.709668,6.247676],[-75.710215,6.246308],[-75.710542,6.245139],[-75.710527,6.244772],[-75.710381,6.244306],[-75.710364,6.243766],[-75.710157,6.243307],[-75.710003,6.243112],[-75.709835,6.242983],[-75.709462,6.242814],[-75.708793,6.242686],[-75.708614,6.242693],[-75.70815,6.242797],[-75.707207,6.242689],[-75.70659,6.242571],[-75.706248,6.242437],[-75.706076,6.242327],[-75.705848,6.242103],[-75.705369,6.241472],[-75.705037,6.240764],[-75.704745,6.240252],[-75.704588,6.240068],[-75.704415,6.239785],[-75.704163,6.239586],[-75.703931,6.239328],[-75.703789,6.239109],[-75.703729,6.239064],[-75.703559,6.238759],[-75.703371,6.238548],[-75.702952,6.237943],[-75.702784,6.237346],[-75.7025,6.23672],[-75.702396,6.236265],[-75.702336,6.234891],[-75.702064,6.233031],[-75.702018,6.231582],[-75.702112,6.230739],[-75.702183,6.230462],[-75.702321,6.230119],[-75.702784,6.229184],[-75.703096,6.228356],[-75.703243,6.228074],[-75.703303,6.22784],[-75.703294,6.227557],[-75.703067,6.227164],[-75.702873,6.226982],[-75.702403,6.226665],[-75.702286,6.226455],[-75.702216,6.226115],[-75.702313,6.225241],[-75.702321,6.224862],[-75.702302,6.224709],[-75.702214,6.224513],[-75.702067,6.22435],[-75.701519,6.22395],[-75.701267,6.223654],[-75.701003,6.223233],[-75.700645,6.22254],[-75.700338,6.222294],[-75.700068,6.222129],[-75.700009,6.222055],[-75.700044,6.221871],[-75.699979,6.221174],[-75.700023,6.220975],[-75.700508,6.220031],[-75.70098,6.219315],[-75.701038,6.219166],[-75.701057,6.218878],[-75.701166,6.218622],[-75.701418,6.218328],[-75.70149,6.218188],[-75.70117,6.217782],[-75.701011,6.217685],[-75.700608,6.217308],[-75.700394,6.216952],[-75.700306,6.216731],[-75.700028,6.215541],[-75.699805,6.214344],[-75.699658,6.21318],[-75.699654,6.212837],[-75.699705,6.212291],[-75.699677,6.212065],[-75.69937,6.211459],[-75.699175,6.211347],[-75.699036,6.211206],[-75.698745,6.210737],[-75.69859,6.210408],[-75.69858,6.210152],[-75.69877,6.20973],[-75.699288,6.208951],[-75.700438,6.207624],[-75.700701,6.207388],[-75.701019,6.20704],[-75.701261,6.206721],[-75.701646,6.206142],[-75.701978,6.20555],[-75.702326,6.205065],[-75.702388,6.204941],[-75.702363,6.204805],[-75.702102,6.204262],[-75.701943,6.203691],[-75.701817,6.203364],[-75.701634,6.20306],[-75.701504,6.202969],[-75.701184,6.20287],[-75.700694,6.202632],[-75.700104,6.20227],[-75.699734,6.201844],[-75.699268,6.201441],[-75.698957,6.201239],[-75.69863,6.200834],[-75.698403,6.200224],[-75.698211,6.199843],[-75.697948,6.199463],[-75.697712,6.199252],[-75.697356,6.19869],[-75.697209,6.198395],[-75.697185,6.198253],[-75.697265,6.198019],[-75.697257,6.197764],[-75.697009,6.197117],[-75.696672,6.196396],[-75.696622,6.195844],[-75.696615,6.195306],[-75.696577,6.195158],[-75.696512,6.195076],[-75.696297,6.194954],[-75.695848,6.194823],[-75.695339,6.19476],[-75.694705,6.194746],[-75.694561,6.194706],[-75.693983,6.194261],[-75.693633,6.193907],[-75.693398,6.193733],[-75.693173,6.193626],[-75.69234,6.193639],[-75.691995,6.19357],[-75.691499,6.19337],[-75.691259,6.193307],[-75.690837,6.193327],[-75.690326,6.193302],[-75.689867,6.193159],[-75.689713,6.193041],[-75.689491,6.19278],[-75.689184,6.192321],[-75.688905,6.191811],[-75.688636,6.191436],[-75.688352,6.191172],[-75.687917,6.190858],[-75.687783,6.190696],[-75.687677,6.190483],[-75.687552,6.189892],[-75.687359,6.189615],[-75.686426,6.188575],[-75.686006,6.188167],[-75.68557,6.187835],[-75.685354,6.187627],[-75.684962,6.187115],[-75.684859,6.186869],[-75.684832,6.186533],[-75.684869,6.186124],[-75.684991,6.18564],[-75.684954,6.185188],[-75.684865,6.184799],[-75.684651,6.184281],[-75.684321,6.183238],[-75.68415,6.18233],[-75.684059,6.182023],[-75.682925,6.179547],[-75.682739,6.179261],[-75.681922,6.178292],[-75.681694,6.177895],[-75.681549,6.177464],[-75.681484,6.176674],[-75.681433,6.176535],[-75.6815,6.175976],[-75.681496,6.17545],[-75.681457,6.175269],[-75.681246,6.174733],[-75.681203,6.174473],[-75.681205,6.174144],[-75.681235,6.173732],[-75.681301,6.173365],[-75.681795,6.17178],[-75.681894,6.171267],[-75.682062,6.169531],[-75.682072,6.168712],[-75.682015,6.168272],[-75.681702,6.167414],[-75.681194,6.166196],[-75.680777,6.165361],[-75.68045,6.164475],[-75.680345,6.164303],[-75.680207,6.164158],[-75.679714,6.163711],[-75.679598,6.16353],[-75.679477,6.16325],[-75.679345,6.16369],[-75.679059,6.164125],[-75.678834,6.164375],[-75.678089,6.164967],[-75.677789,6.165288],[-75.677327,6.165706],[-75.676947,6.166194],[-75.676591,6.166794],[-75.676317,6.167129],[-75.676047,6.167282],[-75.675759,6.167356],[-75.675264,6.167554],[-75.674999,6.167626],[-75.674769,6.167746],[-75.674309,6.167777],[-75.674093,6.167748],[-75.673948,6.167692],[-75.673074,6.167204],[-75.672587,6.166857],[-75.671814,6.166236],[-75.671411,6.165872],[-75.670889,6.165465],[-75.670424,6.164905],[-75.669897,6.164136],[-75.669353,6.163833],[-75.668967,6.163551],[-75.668542,6.16316],[-75.668287,6.163001],[-75.667926,6.162924],[-75.667566,6.162915],[-75.666616,6.163606],[-75.665942,6.164354],[-75.665665,6.164609],[-75.665387,6.164719],[-75.665058,6.164672],[-75.664809,6.164898],[-75.664055,6.165325],[-75.663484,6.165752],[-75.663329,6.165924],[-75.663187,6.166359],[-75.661543,6.167636],[-75.661554,6.167695],[-75.661439,6.167774],[-75.661373,6.16772],[-75.661314,6.167747],[-75.661253,6.167722],[-75.66104,6.16803],[-75.660954,6.168259],[-75.660442,6.16881],[-75.660065,6.169096],[-75.65958,6.16918],[-75.659347,6.16959],[-75.658981,6.169798],[-75.658875,6.169814],[-75.658051,6.169739],[-75.657699,6.169794],[-75.657431,6.169789],[-75.65661,6.169658],[-75.655864,6.169622],[-75.655925,6.169266],[-75.656108,6.168783],[-75.656115,6.168722],[-75.656076,6.168642],[-75.655619,6.168393],[-75.65558,6.168168],[-75.655211,6.168001],[-75.655101,6.167824],[-75.655022,6.167764],[-75.6545,6.167556],[-75.65409,6.167554],[-75.653497,6.167698],[-75.65307,6.167752],[-75.652116,6.167556],[-75.651657,6.167576],[-75.651204,6.167664],[-75.650664,6.167667],[-75.64996,6.167775],[-75.649827,6.167767],[-75.649542,6.167582],[-75.649174,6.167144],[-75.648645,6.167268],[-75.648523,6.167261],[-75.648392,6.16719],[-75.648219,6.166832],[-75.648084,6.166668],[-75.647791,6.166429],[-75.647713,6.166309],[-75.647553,6.16569],[-75.64713,6.165659],[-75.646568,6.165449],[-75.645945,6.165493],[-75.645452,6.165488],[-75.645453,6.165688],[-75.64567,6.166607],[-75.645932,6.168281],[-75.645999,6.168421],[-75.646242,6.16869],[-75.646227,6.168799],[-75.64607,6.1691],[-75.646036,6.169264],[-75.646057,6.169512],[-75.64613,6.169815],[-75.646206,6.169898],[-75.646295,6.169927],[-75.646925,6.169945],[-75.64696,6.169983],[-75.647176,6.170483],[-75.647484,6.170911],[-75.647714,6.171648],[-75.64753,6.171626],[-75.647372,6.171564],[-75.647145,6.171605],[-75.646915,6.171533],[-75.646728,6.171531],[-75.64631,6.171377],[-75.646155,6.171472],[-75.645907,6.171399],[-75.645649,6.171563],[-75.645444,6.171571],[-75.645442,6.171708],[-75.645371,6.171763],[-75.645176,6.171747],[-75.644957,6.171608],[-75.644602,6.171588],[-75.644283,6.171686],[-75.643895,6.171755],[-75.643793,6.171722],[-75.643762,6.171578],[-75.643699,6.171478],[-75.64349,6.171481],[-75.643428,6.171521],[-75.643391,6.171623],[-75.643554,6.171824],[-75.643569,6.171913],[-75.643412,6.172003],[-75.643266,6.172222],[-75.643214,6.172207],[-75.643089,6.172068],[-75.642883,6.171989],[-75.642743,6.172077],[-75.642635,6.172203],[-75.64234,6.172235],[-75.642167,6.172297],[-75.642042,6.17266],[-75.641614,6.172648],[-75.641411,6.172674],[-75.641311,6.172724],[-75.641164,6.172867],[-75.641093,6.172889],[-75.640774,6.172835],[-75.640509,6.172852],[-75.640451,6.17289],[-75.640383,6.173022],[-75.640011,6.172913],[-75.639785,6.172953],[-75.639233,6.173349],[-75.638979,6.173404],[-75.638756,6.173381],[-75.63855,6.17351],[-75.638384,6.173529],[-75.638285,6.173577],[-75.638137,6.173571],[-75.638104,6.173612],[-75.638082,6.173778],[-75.637975,6.173877],[-75.637651,6.173805],[-75.637179,6.173966],[-75.636844,6.173946],[-75.63657,6.173979],[-75.636355,6.174226],[-75.636263,6.174226],[-75.636126,6.174168],[-75.636035,6.174181],[-75.635925,6.174264],[-75.635757,6.17452],[-75.635584,6.174663],[-75.635509,6.174832],[-75.635318,6.175028],[-75.635213,6.175294],[-75.634988,6.175438],[-75.634807,6.175377],[-75.634563,6.175587],[-75.634517,6.175654],[-75.634646,6.175752],[-75.634859,6.176012],[-75.63524,6.176508],[-75.635269,6.176591],[-75.635148,6.177053],[-75.635123,6.177432],[-75.635247,6.17778],[-75.635372,6.177832],[-75.635713,6.177843],[-75.635955,6.177891],[-75.636149,6.177964],[-75.636284,6.178067],[-75.636321,6.178195],[-75.636336,6.178547],[-75.636475,6.179006],[-75.636555,6.179453],[-75.63671,6.179791],[-75.637105,6.180348],[-75.637186,6.180617],[-75.636873,6.180796],[-75.636592,6.180863],[-75.636428,6.181057],[-75.635998,6.181272],[-75.635791,6.181491],[-75.635372,6.181844],[-75.635321,6.181997],[-75.635343,6.182039],[-75.635465,6.182103],[-75.635455,6.182273],[-75.635329,6.182404],[-75.634894,6.182557],[-75.634882,6.183196],[-75.63483,6.183373],[-75.634688,6.183562],[-75.634527,6.183656],[-75.634064,6.183725],[-75.633943,6.183793],[-75.633792,6.183976],[-75.63363,6.184103],[-75.63321,6.184227],[-75.633138,6.184328],[-75.633045,6.1846],[-75.632845,6.184685],[-75.632729,6.184809],[-75.632537,6.18516],[-75.632509,6.185343],[-75.632195,6.185404],[-75.631882,6.185725],[-75.631767,6.185779],[-75.63157,6.185947],[-75.631443,6.186002],[-75.630946,6.186138],[-75.630581,6.186136],[-75.630339,6.186235],[-75.630108,6.186239],[-75.629751,6.186368],[-75.629689,6.186621],[-75.629513,6.186874],[-75.629422,6.187361],[-75.629173,6.187775],[-75.629072,6.187872],[-75.628873,6.187986],[-75.628584,6.18833],[-75.628385,6.188477],[-75.628159,6.18879],[-75.627994,6.188884],[-75.627343,6.189482],[-75.62733,6.189881],[-75.627378,6.190068],[-75.62733,6.19052],[-75.627209,6.190947],[-75.62707,6.191904],[-75.627605,6.192566],[-75.628172,6.192951],[-75.628621,6.193433],[-75.629063,6.194137],[-75.629118,6.194935],[-75.629374,6.195891],[-75.629659,6.196544],[-75.630229,6.197455],[-75.6303,6.197794],[-75.630307,6.19861],[-75.630467,6.199186],[-75.63069,6.199399],[-75.631025,6.199636],[-75.631906,6.200484],[-75.632323,6.200972],[-75.632614,6.201119],[-75.633511,6.201164],[-75.633855,6.201219],[-75.634202,6.201438],[-75.634849,6.202029],[-75.635154,6.20239],[-75.635347,6.202699],[-75.635576,6.202951],[-75.63642,6.203457],[-75.636868,6.204111],[-75.636993,6.204419],[-75.637295,6.205376],[-75.637469,6.205805],[-75.637612,6.20606],[-75.637696,6.206357],[-75.637997,6.206438],[-75.638489,6.206795],[-75.638939,6.20721],[-75.639253,6.207413],[-75.639755,6.207674],[-75.640461,6.207887],[-75.64134,6.208062],[-75.641695,6.208091],[-75.643244,6.208077],[-75.643605,6.208053],[-75.64381,6.207945],[-75.644017,6.208056],[-75.645242,6.20804],[-75.646242,6.208067],[-75.647584,6.208238],[-75.648927,6.208182],[-75.651133,6.208265],[-75.651727,6.208216],[-75.651832,6.208429],[-75.652986,6.209681],[-75.653224,6.210026],[-75.653287,6.210472],[-75.653231,6.210888],[-75.653224,6.211275],[-75.653281,6.212362],[-75.653316,6.212732],[-75.653392,6.213024],[-75.653634,6.213657],[-75.653605,6.214521],[-75.653623,6.214787],[-75.653508,6.215426],[-75.653227,6.215682],[-75.65283,6.215963],[-75.652647,6.216214],[-75.652624,6.216548],[-75.653179,6.21791],[-75.653458,6.218504],[-75.65354,6.218876],[-75.653643,6.22063],[-75.653899,6.221567],[-75.654084,6.221806],[-75.654263,6.222235],[-75.654325,6.222524],[-75.654387,6.222913],[-75.654362,6.223482],[-75.654206,6.223835],[-75.654002,6.224106],[-75.654202,6.224299],[-75.654736,6.225029],[-75.655233,6.225617],[-75.655791,6.226224],[-75.655938,6.226795],[-75.655982,6.227257],[-75.656092,6.227615],[-75.656972,6.228902],[-75.657226,6.229186],[-75.65746,6.229556],[-75.657583,6.229911],[-75.657632,6.230891],[-75.657727,6.231264],[-75.658034,6.231619],[-75.658389,6.231949],[-75.659241,6.232513],[-75.659492,6.232781],[-75.659692,6.233217],[-75.659778,6.23464],[-75.659842,6.234987],[-75.659944,6.235265],[-75.660281,6.235818],[-75.660504,6.236301],[-75.660613,6.236621],[-75.660672,6.236925],[-75.660644,6.237291],[-75.660494,6.237681],[-75.660299,6.237994],[-75.659681,6.238717],[-75.65935,6.239028],[-75.659146,6.239333],[-75.65932,6.239556],[-75.659918,6.240016],[-75.660205,6.240297],[-75.660663,6.240882],[-75.660905,6.241092],[-75.66177,6.241646],[-75.662712,6.242125],[-75.663833,6.242797],[-75.664712,6.243436],[-75.665086,6.243976],[-75.665168,6.244341],[-75.664933,6.245128],[-75.664782,6.245784],[-75.664733,6.246059],[-75.664732,6.246382],[-75.664833,6.247074],[-75.665047,6.247751],[-75.665126,6.248309],[-75.66549,6.249744],[-75.665534,6.250027],[-75.665533,6.250287],[-75.66544,6.250914],[-75.664983,6.251632],[-75.664862,6.251982],[-75.664782,6.252374],[-75.664789,6.252647],[-75.664839,6.252911],[-75.665031,6.253123],[-75.666379,6.253648],[-75.666654,6.253891],[-75.6668,6.254177],[-75.666897,6.254601],[-75.667004,6.254851],[-75.667224,6.255139],[-75.667562,6.255329],[-75.669067,6.255895],[-75.669386,6.256074],[-75.669624,6.256435],[-75.669888,6.257117],[-75.670015,6.258237],[-75.670461,6.259004],[-75.67083,6.259339],[-75.671224,6.259593],[-75.671536,6.259845],[-75.671931,6.260248],[-75.672975,6.261678],[-75.673156,6.262099],[-75.673248,6.262428],[-75.673305,6.262766],[-75.67335,6.263494],[-75.67343,6.263763],[-75.673603,6.26404],[-75.674377,6.264915],[-75.674568,6.265189],[-75.674698,6.265529],[-75.674749,6.265918],[-75.674722,6.266852],[-75.674744,6.26722],[-75.674909,6.267568],[-75.675689,6.268349],[-75.675963,6.268672],[-75.676194,6.269382],[-75.676446,6.269613],[-75.676744,6.26978],[-75.677473,6.27005],[-75.677873,6.270302],[-75.678337,6.271006],[-75.679484,6.27244],[-75.679983,6.273188],[-75.680136,6.27351],[-75.680297,6.274331],[-75.680465,6.27485],[-75.681208,6.27623]]]},"properties":{"CODIGO":"80","NOMBRE":"Corregimiento de San Antonio de Prado","IDENTIFICACION":"Corregimiento 80","LIMITEMUNICIPIOID":"001","SUBTIPO_COMUNACORREGIMIENTO":2,"MUNICIPIO":"Medellin","CODIGO_MUN":"001","SIMBOLOGIA":"CORREGIMIENTO 80"}},{"type":"Feature","id":22,"geometry":{"type":"MultiPolygon","coordinates":[[[[-75.603728,6.273837],[-75.60385,6.273941],[-75.603908,6.274159],[-75.603975,6.274215],[-75.604024,6.27421],[-75.604039,6.274191],[-75.603852,6.273811],[-75.603493,6.273608],[-75.603314,6.273428],[-75.603216,6.273088],[-75.603206,6.272851],[-75.603145,6.27279],[-75.603072,6.272803],[-75.603077,6.272757],[-75.603189,6.272724],[-75.603244,6.272777],[-75.603278,6.272866],[-75.603277,6.273053],[-75.603354,6.273232],[-75.603551,6.27324],[-75.603622,6.273418],[-75.603709,6.273501],[-75.603853,6.27356],[-75.604073,6.273733],[-75.604211,6.273735],[-75.604309,6.273688],[-75.604453,6.273495],[-75.604651,6.273449],[-75.604658,6.273274],[-75.604766,6.273145],[-75.604912,6.273113],[-75.605172,6.272958],[-75.605185,6.272882],[-75.605272,6.272761],[-75.605263,6.27265],[-75.605335,6.272593],[-75.605345,6.272536],[-75.605472,6.272368],[-75.605389,6.272189],[-75.605381,6.272083],[-75.604592,6.272211],[-75.604504,6.272242],[-75.604309,6.272402],[-75.60417,6.272459],[-75.604036,6.272449],[-75.603602,6.272289],[-75.603396,6.272275],[-75.603145,6.272311],[-75.602613,6.272455],[-75.602328,6.272435],[-75.602936,6.271996],[-75.603019,6.271879],[-75.603023,6.27174],[-75.602651,6.271287],[-75.602492,6.271229],[-75.602069,6.271225],[-75.601956,6.271132],[-75.602034,6.270719],[-75.602016,6.270587],[-75.601885,6.270352],[-75.601714,6.270253],[-75.601883,6.269876],[-75.601949,6.269872],[-75.60202,6.269738],[-75.602024,6.269596],[-75.601859,6.269094],[-75.601776,6.269109],[-75.60154,6.269002],[-75.601196,6.26906],[-75.601153,6.269138],[-75.601097,6.269121],[-75.60106,6.269166],[-75.601009,6.269136],[-75.600938,6.269152],[-75.600875,6.269108],[-75.600613,6.269048],[-75.600611,6.268955],[-75.600547,6.268852],[-75.600466,6.268871],[-75.600352,6.268812],[-75.600265,6.268817],[-75.600241,6.268934],[-75.60031,6.268978],[-75.600215,6.269107],[-75.600257,6.269152],[-75.600368,6.269189],[-75.60037,6.269216],[-75.600301,6.269233],[-75.600266,6.269333],[-75.600292,6.269402],[-75.600362,6.269431],[-75.600366,6.269466],[-75.600311,6.26951],[-75.600307,6.269572],[-75.600253,6.269621],[-75.600265,6.269661],[-75.60022,6.269721],[-75.60002,6.26972],[-75.599966,6.269884],[-75.599996,6.269919],[-75.600101,6.26991],[-75.600152,6.269939],[-75.600247,6.269909],[-75.600297,6.269939],[-75.600338,6.269921],[-75.600368,6.269962],[-75.600452,6.269945],[-75.600452,6.269986],[-75.600599,6.270019],[-75.600337,6.270225],[-75.600371,6.270368],[-75.600179,6.270395],[-75.600166,6.270435],[-75.600401,6.270543],[-75.600495,6.270648],[-75.600481,6.270694],[-75.600511,6.270743],[-75.600375,6.270734],[-75.600343,6.270773],[-75.600629,6.27087],[-75.600855,6.270856],[-75.600975,6.27089],[-75.601128,6.271124],[-75.601161,6.271303],[-75.601092,6.271405],[-75.600444,6.271613],[-75.600109,6.271876],[-75.600047,6.271987],[-75.599593,6.272504],[-75.599541,6.272656],[-75.59955,6.272789],[-75.59983,6.273126],[-75.599979,6.273421],[-75.600046,6.273476],[-75.600181,6.273482],[-75.600359,6.273582],[-75.600668,6.273585],[-75.600782,6.273537],[-75.600975,6.273529],[-75.601033,6.273729],[-75.601249,6.27389],[-75.601333,6.273923],[-75.601535,6.273928],[-75.601666,6.274129],[-75.601899,6.274182],[-75.602118,6.274124],[-75.602359,6.273984],[-75.602547,6.273981],[-75.602686,6.273915],[-75.602764,6.274024],[-75.602899,6.274027],[-75.602949,6.27399],[-75.603016,6.273749],[-75.603208,6.273939],[-75.603269,6.273926],[-75.603377,6.273779],[-75.603518,6.273862],[-75.603728,6.273837]]],[[[-75.615228,6.271202],[-75.615552,6.271127],[-75.615755,6.271044],[-75.616022,6.270856],[-75.616672,6.270773],[-75.616981,6.27066],[-75.61702,6.270617],[-75.616643,6.270316],[-75.616419,6.269971],[-75.616268,6.269602],[-75.616177,6.269586],[-75.616109,6.269613],[-75.61585,6.269904],[-75.615663,6.269967],[-75.615736,6.26977],[-75.615693,6.269735],[-75.615645,6.269528],[-75.615627,6.269228],[-75.61556,6.269089],[-75.615501,6.269045],[-75.615208,6.26898],[-75.614945,6.26906],[-75.614881,6.269014],[-75.614625,6.268976],[-75.614368,6.26907],[-75.614289,6.268993],[-75.614269,6.268923],[-75.614296,6.268796],[-75.614394,6.268723],[-75.614403,6.268671],[-75.614383,6.26864],[-75.614108,6.268599],[-75.613927,6.268361],[-75.613818,6.268125],[-75.61375,6.268078],[-75.613685,6.267944],[-75.61367,6.267797],[-75.613725,6.267648],[-75.613716,6.267575],[-75.613409,6.267133],[-75.613679,6.26654],[-75.613562,6.266528],[-75.613271,6.266685],[-75.61311,6.266613],[-75.612804,6.266669],[-75.61274,6.266428],[-75.612766,6.266281],[-75.612575,6.266153],[-75.612597,6.266062],[-75.612732,6.265912],[-75.6127,6.265788],[-75.612549,6.265608],[-75.612365,6.265598],[-75.612202,6.26552],[-75.612211,6.265435],[-75.612295,6.265339],[-75.612198,6.265162],[-75.612193,6.265049],[-75.612318,6.265024],[-75.612367,6.264969],[-75.612356,6.264636],[-75.612391,6.264572],[-75.612496,6.264504],[-75.612428,6.264251],[-75.612294,6.264028],[-75.611973,6.263998],[-75.611873,6.26395],[-75.611743,6.263961],[-75.611665,6.264003],[-75.611403,6.264279],[-75.611238,6.264307],[-75.610719,6.264591],[-75.610364,6.264674],[-75.610178,6.264593],[-75.610332,6.265008],[-75.610436,6.265122],[-75.610811,6.265382],[-75.611134,6.265787],[-75.611451,6.266331],[-75.611422,6.266475],[-75.611509,6.266836],[-75.611855,6.267105],[-75.612091,6.267452],[-75.612274,6.26757],[-75.61317,6.26846],[-75.613457,6.268944],[-75.613687,6.269611],[-75.613766,6.270958],[-75.614157,6.27109],[-75.614912,6.271123],[-75.615104,6.271203],[-75.615228,6.271202]]],[[[-75.604653,6.268689],[-75.604639,6.268883],[-75.604703,6.269057],[-75.604832,6.269187],[-75.605005,6.26925],[-75.60516,6.269242],[-75.605302,6.269175],[-75.605653,6.268733],[-75.605807,6.268654],[-75.605934,6.268667],[-75.606112,6.268764],[-75.606265,6.268961],[-75.606418,6.269037],[-75.606633,6.269051],[-75.606834,6.268989],[-75.6066,6.268932],[-75.606475,6.268827],[-75.606409,6.268736],[-75.606432,6.268578],[-75.606475,6.268525],[-75.60669,6.268473],[-75.606963,6.268688],[-75.607124,6.268214],[-75.607332,6.267939],[-75.60737,6.267664],[-75.607771,6.267071],[-75.607045,6.266887],[-75.6068,6.266887],[-75.606628,6.26679],[-75.606534,6.266792],[-75.606478,6.266824],[-75.606403,6.266818],[-75.606045,6.266974],[-75.60591,6.267145],[-75.605882,6.267309],[-75.605762,6.267331],[-75.605657,6.267424],[-75.605757,6.267186],[-75.605736,6.267075],[-75.605672,6.267016],[-75.605504,6.266967],[-75.605419,6.266888],[-75.605362,6.266748],[-75.605173,6.266677],[-75.6051,6.266492],[-75.60513,6.266386],[-75.605017,6.26622],[-75.605013,6.266003],[-75.604483,6.265776],[-75.604425,6.265827],[-75.604363,6.266251],[-75.604695,6.266552],[-75.604665,6.266717],[-75.604737,6.267063],[-75.60404,6.267946],[-75.603969,6.267999],[-75.604387,6.268248],[-75.604517,6.268359],[-75.604649,6.268549],[-75.604653,6.268689]]],[[[-75.608044,6.274122],[-75.608012,6.274243],[-75.608202,6.274185],[-75.608252,6.274128],[-75.608389,6.274061],[-75.608578,6.274085],[-75.608762,6.27404],[-75.608857,6.273923],[-75.608994,6.273837],[-75.609299,6.273441],[-75.609655,6.273493],[-75.609933,6.273674],[-75.610002,6.273672],[-75.610136,6.273601],[-75.610308,6.273614],[-75.610677,6.273799],[-75.610735,6.273721],[-75.610735,6.273616],[-75.610626,6.273526],[-75.610334,6.273401],[-75.610159,6.273249],[-75.609812,6.273107],[-75.609174,6.272602],[-75.609081,6.272559],[-75.608779,6.272532],[-75.608626,6.272434],[-75.608442,6.273018],[-75.608341,6.273219],[-75.608073,6.273596],[-75.608076,6.274051],[-75.608044,6.274122]]],[[[-75.631401,6.249317],[-75.631555,6.249531],[-75.631897,6.249279],[-75.631515,6.248817],[-75.631181,6.248616],[-75.630816,6.248323],[-75.630706,6.248267],[-75.629909,6.24823],[-75.629961,6.248358],[-75.630139,6.248504],[-75.631101,6.249005],[-75.631293,6.249166],[-75.631401,6.249317]]],[[[-75.55083,6.200827],[-75.550944,6.200902],[-75.551019,6.200798],[-75.551169,6.200693],[-75.551308,6.20065],[-75.55151,6.200642],[-75.551548,6.200577],[-75.551455,6.20039],[-75.551386,6.200072],[-75.551362,6.199865],[-75.551394,6.199732],[-75.551363,6.199491],[-75.551288,6.199405],[-75.551118,6.199337],[-75.550912,6.19933],[-75.55083,6.200827]]],[[[-75.623396,6.245118],[-75.623611,6.244916],[-75.623591,6.244823],[-75.623693,6.244792],[-75.62363,6.244654],[-75.623315,6.244804],[-75.62325,6.24466],[-75.623295,6.244645],[-75.62322,6.244508],[-75.623164,6.244543],[-75.623089,6.244486],[-75.623002,6.244578],[-75.622971,6.244549],[-75.622768,6.244593],[-75.623396,6.245118]]],[[[-75.611968,6.223037],[-75.612109,6.223104],[-75.612216,6.22326],[-75.612395,6.223127],[-75.612178,6.223002],[-75.612076,6.223024],[-75.611922,6.222988],[-75.611899,6.22307],[-75.611968,6.223037]]]]},"properties":{"CODIGO":"SN01","NOMBRE":null,"IDENTIFICACION":null,"LIMITEMUNICIPIOID":null,"SUBTIPO_COMUNACORREGIMIENTO":1,"MUNICIPIO":"Medellin","CODIGO_MUN":"001","SIMBOLOGIA":"NO CLASIFICADO"}},{"type":"Feature","id":23,"geometry":{"type":"Polygon","coordinates":[[[-75.589839,6.194202],[-75.589604,6.194279],[-75.588524,6.194886],[-75.588383,6.194879],[-75.587633,6.196683],[-75.587496,6.19682],[-75.58735,6.196849],[-75.58316,6.195823],[-75.581616,6.196664],[-75.58111,6.197038],[-75.58081,6.197172],[-75.580616,6.197719],[-75.580183,6.19918],[-75.579896,6.200774],[-75.579462,6.204089],[-75.577866,6.215172],[-75.577256,6.219705],[-75.576204,6.227007],[-75.57563,6.231217],[-75.575627,6.231344],[-75.576504,6.231604],[-75.576748,6.232],[-75.576759,6.232184],[-75.576709,6.232402],[-75.578081,6.232635],[-75.579987,6.233084],[-75.580671,6.233202],[-75.581001,6.23325],[-75.582704,6.2333],[-75.582704,6.232787],[-75.582758,6.232363],[-75.582766,6.231788],[-75.588679,6.231636],[-75.589735,6.231595],[-75.589949,6.231523],[-75.590158,6.231399],[-75.59038,6.231103],[-75.590614,6.229884],[-75.590713,6.229602],[-75.590826,6.22943],[-75.591002,6.229284],[-75.591388,6.229103],[-75.591277,6.22763],[-75.591272,6.226687],[-75.591324,6.226265],[-75.593053,6.217092],[-75.593178,6.216483],[-75.593315,6.216166],[-75.594355,6.210508],[-75.594372,6.210294],[-75.594338,6.210015],[-75.594131,6.209608],[-75.594043,6.209331],[-75.594487,6.209921],[-75.595102,6.211107],[-75.595199,6.210852],[-75.595352,6.210731],[-75.596357,6.210287],[-75.596665,6.21019],[-75.59692,6.210158],[-75.597138,6.210204],[-75.59773,6.210482],[-75.597716,6.210323],[-75.597743,6.210182],[-75.597885,6.209972],[-75.597911,6.209881],[-75.597893,6.209422],[-75.597755,6.208559],[-75.597793,6.208104],[-75.597881,6.207662],[-75.597924,6.206905],[-75.597829,6.206572],[-75.597825,6.206267],[-75.597377,6.205558],[-75.597292,6.205334],[-75.597891,6.204656],[-75.598058,6.204582],[-75.598209,6.204563],[-75.598653,6.204659],[-75.598787,6.204582],[-75.598897,6.204441],[-75.598915,6.204405],[-75.598609,6.204058],[-75.598384,6.203588],[-75.598265,6.203472],[-75.597935,6.203267],[-75.598622,6.203223],[-75.598908,6.203136],[-75.599186,6.202888],[-75.599224,6.202775],[-75.599193,6.202723],[-75.599124,6.202711],[-75.598996,6.20279],[-75.598889,6.202798],[-75.598843,6.202755],[-75.598846,6.2027],[-75.599359,6.202329],[-75.599621,6.202023],[-75.599558,6.201963],[-75.599353,6.201546],[-75.599074,6.201104],[-75.598721,6.200871],[-75.59856,6.200729],[-75.598375,6.200437],[-75.598155,6.200002],[-75.598188,6.199857],[-75.598341,6.199661],[-75.59827,6.199577],[-75.598186,6.199303],[-75.597821,6.199236],[-75.596778,6.198945],[-75.596615,6.198782],[-75.596521,6.198605],[-75.596502,6.198485],[-75.595937,6.198176],[-75.595608,6.197848],[-75.595477,6.19765],[-75.595289,6.197264],[-75.595159,6.197162],[-75.595069,6.197199],[-75.595043,6.197293],[-75.594748,6.197488],[-75.594505,6.197583],[-75.594266,6.197456],[-75.594002,6.197436],[-75.59347,6.197153],[-75.593621,6.196935],[-75.593318,6.196773],[-75.593377,6.196634],[-75.593287,6.196548],[-75.593275,6.196575],[-75.592975,6.196456],[-75.592853,6.196758],[-75.592208,6.196529],[-75.592255,6.195802],[-75.5922,6.195372],[-75.592055,6.194611],[-75.591979,6.194384],[-75.591937,6.194063],[-75.591891,6.194063],[-75.591877,6.194004],[-75.591901,6.194004],[-75.591894,6.193861],[-75.591787,6.193333],[-75.591528,6.193164],[-75.591401,6.193148],[-75.591387,6.193206],[-75.591245,6.193212],[-75.591217,6.193282],[-75.591056,6.193384],[-75.590897,6.193415],[-75.590782,6.193481],[-75.5906,6.193673],[-75.59055,6.193743],[-75.590567,6.193768],[-75.590465,6.193781],[-75.590209,6.193903],[-75.590258,6.193947],[-75.589847,6.194151],[-75.589839,6.194202]]]},"properties":{"CODIGO":"15","NOMBRE":"Guayabal","IDENTIFICACION":"Comuna 15","LIMITEMUNICIPIOID":"001","SUBTIPO_COMUNACORREGIMIENTO":1,"MUNICIPIO":"Medellin","CODIGO_MUN":"001","SIMBOLOGIA":"COMUNA 15"}}]}