{"type":"FeatureCollection","features":[{"type":"Feature","id":75,"geometry":{"type":"Polygon","coordinates":[[[-75.647767,6.208204],[-75.648193,6.208245],[-75.649907,6.208178],[-75.6509,6.208229],[-75.651542,6.208188],[-75.652034,6.208203],[-75.652455,6.207885],[-75.652772,6.20748],[-75.65289,6.207276],[-75.652965,6.207214],[-75.653208,6.206008],[-75.653294,6.204997],[-75.653345,6.204888],[-75.653674,6.204537],[-75.65409,6.203748],[-75.654133,6.203597],[-75.654147,6.203296],[-75.654513,6.202269],[-75.654692,6.201071],[-75.654792,6.200726],[-75.654914,6.200396],[-75.655323,6.199708],[-75.655853,6.1997],[-75.656119,6.199729],[-75.656792,6.199965],[-75.656936,6.200081],[-75.657123,6.200303],[-75.657323,6.201156],[-75.65804,6.201329],[-75.658069,6.200102],[-75.658098,6.199851],[-75.65827,6.199277],[-75.658305,6.198997],[-75.658102,6.198279],[-75.65811,6.198152],[-75.658352,6.19791],[-75.658732,6.197674],[-75.65886,6.197262],[-75.659059,6.196895],[-75.659031,6.1965],[-75.658953,6.196036],[-75.658762,6.195465],[-75.658852,6.195198],[-75.658933,6.195087],[-75.659,6.195107],[-75.659151,6.195402],[-75.659308,6.195545],[-75.65943,6.195595],[-75.660062,6.195659],[-75.660212,6.195717],[-75.660291,6.195788],[-75.660556,6.195602],[-75.66129,6.195398],[-75.661228,6.195054],[-75.661194,6.194987],[-75.661032,6.194843],[-75.660856,6.194791],[-75.660674,6.194605],[-75.660543,6.194298],[-75.6604,6.193679],[-75.660378,6.193349],[-75.660322,6.193271],[-75.660179,6.193185],[-75.659993,6.193158],[-75.659553,6.193215],[-75.659317,6.192678],[-75.658804,6.192541],[-75.658487,6.192213],[-75.657792,6.192138],[-75.6576,6.192068],[-75.657461,6.191899],[-75.657411,6.191668],[-75.657115,6.191088],[-75.657003,6.190939],[-75.656897,6.190875],[-75.656657,6.190837],[-75.656524,6.190906],[-75.65627,6.190962],[-75.65598,6.191099],[-75.655727,6.191167],[-75.655199,6.191066],[-75.655009,6.191067],[-75.654851,6.191126],[-75.654536,6.191322],[-75.654277,6.191344],[-75.654069,6.191227],[-75.653774,6.190598],[-75.653575,6.190424],[-75.653474,6.190414],[-75.652911,6.190499],[-75.652099,6.190483],[-75.651831,6.19042],[-75.651697,6.19044],[-75.651503,6.190553],[-75.651321,6.190553],[-75.650934,6.190429],[-75.650674,6.190277],[-75.65037,6.189991],[-75.650112,6.189817],[-75.649715,6.189664],[-75.649663,6.189852],[-75.649611,6.190442],[-75.649575,6.190511],[-75.649438,6.190601],[-75.649369,6.190704],[-75.648788,6.190395],[-75.648833,6.190234],[-75.648905,6.190116],[-75.648908,6.189974],[-75.648868,6.189867],[-75.648891,6.189743],[-75.649021,6.189601],[-75.648779,6.189515],[-75.648434,6.189307],[-75.647639,6.189094],[-75.647378,6.189107],[-75.647163,6.189181],[-75.646889,6.18936],[-75.646796,6.189387],[-75.646606,6.189578],[-75.646427,6.189692],[-75.645755,6.189774],[-75.645391,6.189978],[-75.645315,6.189989],[-75.645065,6.189807],[-75.644866,6.18942],[-75.644227,6.188833],[-75.644127,6.188603],[-75.644109,6.188223],[-75.644089,6.188234],[-75.644031,6.188025],[-75.643944,6.187911],[-75.643791,6.18782],[-75.64346,6.1878],[-75.643143,6.187704],[-75.642825,6.18749],[-75.64261,6.187299],[-75.642377,6.187445],[-75.642422,6.18752],[-75.642409,6.187567],[-75.642223,6.187611],[-75.642114,6.187756],[-75.641934,6.187782],[-75.641828,6.187735],[-75.641715,6.18782],[-75.641597,6.187854],[-75.641299,6.186968],[-75.641237,6.186987],[-75.641003,6.187309],[-75.640484,6.187686],[-75.640373,6.187619],[-75.640409,6.187665],[-75.640194,6.187871],[-75.640078,6.18778],[-75.64024,6.187682],[-75.640226,6.18766],[-75.64003,6.187772],[-75.639921,6.187631],[-75.639685,6.187421],[-75.639431,6.187103],[-75.639367,6.187052],[-75.639208,6.187011],[-75.639207,6.186805],[-75.639146,6.186655],[-75.639102,6.186375],[-75.639338,6.186228],[-75.639293,6.186159],[-75.639269,6.186],[-75.639287,6.185413],[-75.639258,6.185198],[-75.639061,6.184857],[-75.638919,6.184483],[-75.638894,6.184333],[-75.638969,6.184058],[-75.639261,6.183652],[-75.639266,6.183484],[-75.63875,6.183128],[-75.63862,6.183079],[-75.638488,6.183093],[-75.638389,6.183062],[-75.638099,6.182854],[-75.637997,6.182677],[-75.637988,6.182428],[-75.638034,6.181974],[-75.637907,6.181895],[-75.637525,6.181803],[-75.637352,6.181691],[-75.637338,6.181163],[-75.637219,6.180887],[-75.637172,6.180625],[-75.636873,6.180796],[-75.636592,6.180863],[-75.636405,6.181062],[-75.636024,6.181263],[-75.635366,6.181866],[-75.635321,6.181997],[-75.635365,6.182047],[-75.63502,6.182503],[-75.634894,6.182557],[-75.634876,6.182694],[-75.634714,6.182921],[-75.634618,6.183328],[-75.634403,6.183542],[-75.6342,6.183673],[-75.63383,6.183829],[-75.633603,6.184069],[-75.633387,6.184186],[-75.63324,6.184204],[-75.633138,6.184328],[-75.633086,6.184505],[-75.63242,6.184918],[-75.632431,6.185014],[-75.632539,6.185085],[-75.632509,6.185343],[-75.632195,6.185404],[-75.631882,6.185725],[-75.631767,6.185779],[-75.63157,6.185947],[-75.631443,6.186002],[-75.630946,6.186138],[-75.630581,6.186136],[-75.630339,6.186235],[-75.630108,6.186239],[-75.629751,6.186368],[-75.629689,6.186621],[-75.629513,6.186874],[-75.62945,6.187293],[-75.629302,6.187557],[-75.62905,6.187741],[-75.628571,6.188337],[-75.628343,6.188525],[-75.628205,6.188746],[-75.627994,6.188884],[-75.627343,6.189482],[-75.62733,6.189881],[-75.627378,6.190068],[-75.62733,6.19052],[-75.627209,6.190947],[-75.62707,6.191904],[-75.627659,6.192627],[-75.628218,6.193028],[-75.628663,6.193537],[-75.628971,6.194025],[-75.629057,6.194255],[-75.629093,6.195062],[-75.629409,6.196],[-75.629842,6.196887],[-75.629922,6.197],[-75.630209,6.197259],[-75.630316,6.197869],[-75.630335,6.198737],[-75.630408,6.199002],[-75.630705,6.199337],[-75.631324,6.199821],[-75.631767,6.200259],[-75.632204,6.200563],[-75.632733,6.201146],[-75.63294,6.201068],[-75.633115,6.201083],[-75.633422,6.201052],[-75.633867,6.20119],[-75.634473,6.201589],[-75.634641,6.201804],[-75.634864,6.202011],[-75.635286,6.20251],[-75.635754,6.202994],[-75.636083,6.203301],[-75.636361,6.203475],[-75.636863,6.204148],[-75.637013,6.204675],[-75.637245,6.20503],[-75.637272,6.205541],[-75.637306,6.20567],[-75.637721,6.206436],[-75.637946,6.206428],[-75.638175,6.206531],[-75.638902,6.207174],[-75.639329,6.207428],[-75.640603,6.207899],[-75.641347,6.208022],[-75.64249,6.20812],[-75.643593,6.208141],[-75.644632,6.207994],[-75.646027,6.208028],[-75.646725,6.208118],[-75.647432,6.208143],[-75.647767,6.208204]]]},"properties":{"CODIGO":"8005","COMUNA":"80","BARRIO":"05","NOMBRE_BARRIO":"La Verde ","SECTOR":8,"INDICADOR_UR":"R","NOMBRE_COMUNA":"SAN ANTONIO DE PRADO","MUNICIPIO":"001"}},{"type":"Feature","id":76,"geometry":{"type":"Polygon","coordinates":[[[-75.627533,6.276931],[-75.627837,6.277139],[-75.627958,6.277136],[-75.628115,6.277038],[-75.62835,6.276744],[-75.628359,6.276564],[-75.628389,6.27653],[-75.62874,6.276371],[-75.628795,6.276311],[-75.628848,6.276166],[-75.628886,6.275862],[-75.628914,6.275806],[-75.62903,6.275765],[-75.62921,6.275767],[-75.629358,6.275842],[-75.629586,6.276236],[-75.629629,6.276416],[-75.629737,6.27656],[-75.629912,6.276653],[-75.630001,6.276653],[-75.630189,6.276547],[-75.630638,6.276041],[-75.630788,6.276031],[-75.630943,6.276125],[-75.631078,6.276139],[-75.631213,6.276095],[-75.631397,6.276086],[-75.631596,6.276243],[-75.63168,6.276216],[-75.631753,6.276123],[-75.632102,6.275927],[-75.632262,6.27589],[-75.632528,6.275897],[-75.632933,6.276059],[-75.633127,6.276063],[-75.633238,6.276446],[-75.633349,6.27669],[-75.633946,6.27705],[-75.634046,6.276996],[-75.634341,6.276628],[-75.63479,6.276428],[-75.635092,6.276422],[-75.635307,6.276628],[-75.635491,6.276733],[-75.635869,6.276755],[-75.635693,6.276086],[-75.635756,6.275873],[-75.635664,6.275747],[-75.635661,6.275697],[-75.635617,6.275731],[-75.635326,6.275645],[-75.635013,6.275341],[-75.634939,6.275253],[-75.634936,6.275184],[-75.634997,6.275089],[-75.635177,6.274972],[-75.635431,6.274855],[-75.635478,6.274897],[-75.635846,6.274702],[-75.636257,6.274232],[-75.636377,6.274049],[-75.636732,6.274037],[-75.636789,6.274002],[-75.636965,6.273725],[-75.637113,6.273563],[-75.637096,6.273323],[-75.637168,6.27308],[-75.637107,6.272456],[-75.637268,6.271776],[-75.637581,6.271138],[-75.63778,6.270825],[-75.637933,6.27069],[-75.637922,6.270546],[-75.638058,6.270398],[-75.637607,6.270026],[-75.637538,6.269902],[-75.637625,6.269723],[-75.637751,6.2693],[-75.637798,6.269025],[-75.637451,6.268779],[-75.637124,6.268304],[-75.636977,6.268272],[-75.636912,6.26821],[-75.636723,6.267851],[-75.636549,6.267701],[-75.636684,6.267589],[-75.636721,6.267265],[-75.635796,6.267122],[-75.635728,6.267419],[-75.635793,6.267709],[-75.635703,6.267702],[-75.635351,6.267479],[-75.635249,6.267461],[-75.635406,6.266607],[-75.635449,6.26661],[-75.635493,6.266351],[-75.635133,6.266547],[-75.634652,6.266731],[-75.634266,6.266705],[-75.633719,6.266616],[-75.63324,6.266745],[-75.63308,6.266648],[-75.632573,6.266554],[-75.632494,6.266366],[-75.632004,6.266025],[-75.631627,6.26565],[-75.632113,6.265027],[-75.631922,6.264765],[-75.631748,6.264599],[-75.631293,6.26391],[-75.631035,6.263726],[-75.630881,6.263715],[-75.630728,6.263807],[-75.630559,6.263847],[-75.630129,6.263809],[-75.629314,6.263441],[-75.629133,6.263529],[-75.628941,6.263674],[-75.628851,6.263943],[-75.628164,6.264187],[-75.628257,6.263932],[-75.628141,6.263903],[-75.62811,6.263962],[-75.628072,6.26396],[-75.628001,6.263915],[-75.627766,6.263573],[-75.627512,6.26308],[-75.627375,6.262938],[-75.627308,6.262916],[-75.627171,6.262938],[-75.62666,6.263369],[-75.626554,6.263387],[-75.626412,6.263333],[-75.626061,6.262934],[-75.625946,6.262738],[-75.625955,6.262378],[-75.625897,6.262191],[-75.62579,6.26208],[-75.625728,6.262063],[-75.625449,6.262085],[-75.625433,6.262061],[-75.625375,6.261602],[-75.62518,6.260993],[-75.624991,6.260833],[-75.624807,6.260322],[-75.624802,6.260161],[-75.624572,6.259863],[-75.624589,6.259679],[-75.624406,6.259226],[-75.624056,6.258944],[-75.623884,6.258663],[-75.623534,6.258474],[-75.623465,6.258399],[-75.623418,6.258224],[-75.622536,6.258513],[-75.622561,6.258582],[-75.622348,6.258658],[-75.62277,6.259514],[-75.623132,6.25976],[-75.623333,6.260098],[-75.623362,6.2601],[-75.623345,6.260405],[-75.623317,6.260407],[-75.62332,6.26047],[-75.623375,6.260468],[-75.62338,6.260597],[-75.62335,6.260599],[-75.623301,6.260756],[-75.62338,6.260814],[-75.623385,6.260882],[-75.623229,6.261038],[-75.62318,6.261158],[-75.623296,6.261364],[-75.623409,6.261744],[-75.623644,6.262001],[-75.62383,6.26212],[-75.624163,6.262702],[-75.624243,6.262784],[-75.624133,6.262806],[-75.623663,6.262526],[-75.623334,6.262424],[-75.623265,6.26234],[-75.623246,6.262352],[-75.623064,6.262094],[-75.622929,6.26199],[-75.62285,6.262062],[-75.622674,6.261877],[-75.622755,6.261806],[-75.622699,6.261737],[-75.622575,6.26184],[-75.622657,6.262041],[-75.62133,6.263177],[-75.621295,6.263632],[-75.621712,6.26422],[-75.621958,6.26441],[-75.622041,6.264601],[-75.622226,6.264885],[-75.62237,6.265018],[-75.622542,6.265252],[-75.623388,6.265959],[-75.623635,6.266538],[-75.623789,6.266765],[-75.623966,6.266894],[-75.624406,6.267581],[-75.624747,6.267888],[-75.625016,6.268278],[-75.625178,6.268635],[-75.626004,6.269889],[-75.626037,6.269902],[-75.626184,6.269612],[-75.626433,6.269873],[-75.626677,6.269975],[-75.626704,6.270017],[-75.626668,6.270039],[-75.626761,6.270132],[-75.626791,6.270259],[-75.626979,6.270251],[-75.62706,6.270456],[-75.626863,6.270524],[-75.626708,6.270641],[-75.626288,6.271442],[-75.626162,6.271573],[-75.625922,6.271741],[-75.625753,6.271998],[-75.625683,6.272179],[-75.625666,6.272453],[-75.625769,6.272744],[-75.625629,6.273023],[-75.62544,6.273296],[-75.625468,6.273583],[-75.62587,6.274206],[-75.626108,6.274435],[-75.62577,6.275005],[-75.625656,6.275498],[-75.625495,6.275711],[-75.625603,6.275874],[-75.625736,6.27598],[-75.625978,6.276115],[-75.626063,6.27613],[-75.626296,6.276442],[-75.626321,6.276523],[-75.626909,6.276662],[-75.62723,6.276901],[-75.627533,6.276931]]]},"properties":{"CODIGO":"6084","COMUNA":"60","BARRIO":"84","NOMBRE_BARRIO":"Suburbano La Loma","SECTOR":7,"INDICADOR_UR":"R","NOMBRE_COMUNA":"SAN CRISTOBAL","MUNICIPIO":"001"}},{"type":"Feature","id":77,"geometry":{"type":"Polygon","coordinates":[[[-75.624904,6.282698],[-75.624862,6.282762],[-75.624882,6.282827],[-75.624929,6.282843],[-75.624892,6.282916],[-75.624927,6.28308],[-75.624898,6.283128],[-75.624988,6.283509],[-75.624987,6.283551],[-75.624923,6.283598],[-75.625037,6.283856],[-75.625108,6.283911],[-75.62538,6.283203],[-75.625457,6.282854],[-75.625513,6.282763],[-75.625601,6.282705],[-75.626022,6.282677],[-75.626372,6.282568],[-75.626369,6.282538],[-75.626436,6.282517],[-75.626471,6.282536],[-75.627873,6.28214],[-75.628776,6.281659],[-75.629004,6.281682],[-75.629374,6.281909],[-75.629482,6.281913],[-75.62949,6.281944],[-75.629599,6.281856],[-75.629734,6.281415],[-75.629936,6.281296],[-75.630068,6.281298],[-75.630289,6.281397],[-75.630727,6.281771],[-75.630888,6.28174],[-75.631224,6.281565],[-75.631281,6.281515],[-75.631179,6.281258],[-75.631132,6.280876],[-75.631187,6.280618],[-75.631279,6.280478],[-75.63128,6.280366],[-75.631169,6.280221],[-75.630948,6.279677],[-75.630807,6.279682],[-75.630677,6.279621],[-75.630627,6.27956],[-75.630602,6.279464],[-75.630705,6.278964],[-75.630424,6.279044],[-75.630399,6.279142],[-75.63028,6.278952],[-75.630037,6.278972],[-75.63004,6.278993],[-75.629786,6.279034],[-75.629766,6.278906],[-75.629115,6.279011],[-75.629151,6.279215],[-75.628945,6.27929],[-75.628867,6.279484],[-75.628761,6.279479],[-75.628267,6.279279],[-75.628212,6.279154],[-75.628144,6.279091],[-75.628067,6.279112],[-75.62793,6.279077],[-75.627583,6.278817],[-75.626768,6.278647],[-75.626637,6.278665],[-75.626264,6.279026],[-75.625585,6.279445],[-75.625482,6.279476],[-75.625133,6.279467],[-75.624727,6.279612],[-75.624603,6.27957],[-75.624538,6.279488],[-75.624468,6.279542],[-75.624471,6.279597],[-75.624242,6.279875],[-75.624152,6.280422],[-75.624199,6.280529],[-75.624203,6.280639],[-75.624486,6.281242],[-75.624501,6.28162],[-75.624615,6.281723],[-75.624735,6.282006],[-75.624835,6.282142],[-75.624846,6.282223],[-75.624801,6.282302],[-75.624951,6.282465],[-75.624939,6.282561],[-75.624875,6.28265],[-75.624904,6.282698]]]},"properties":{"CODIGO":"6010","COMUNA":"60","BARRIO":"10","NOMBRE_BARRIO":"Pedregal Bajo","SECTOR":7,"INDICADOR_UR":"R","NOMBRE_COMUNA":"SAN CRISTOBAL","MUNICIPIO":"001"}},{"type":"Feature","id":78,"geometry":{"type":"Polygon","coordinates":[[[-75.625244,6.27525],[-75.625386,6.275288],[-75.625502,6.275421],[-75.625495,6.275711],[-75.625656,6.275498],[-75.62577,6.275005],[-75.626108,6.274435],[-75.62587,6.274206],[-75.625468,6.273583],[-75.62544,6.273296],[-75.625629,6.273023],[-75.625769,6.272744],[-75.625666,6.272453],[-75.625683,6.272179],[-75.625753,6.271998],[-75.625922,6.271741],[-75.626162,6.271573],[-75.626288,6.271442],[-75.626708,6.270641],[-75.626863,6.270524],[-75.62706,6.270456],[-75.626979,6.270251],[-75.626791,6.270259],[-75.626761,6.270132],[-75.626668,6.270039],[-75.626704,6.270017],[-75.626677,6.269975],[-75.626433,6.269873],[-75.626184,6.269612],[-75.626037,6.269902],[-75.626004,6.269889],[-75.625178,6.268635],[-75.625016,6.268278],[-75.624747,6.267888],[-75.624406,6.267581],[-75.623966,6.266894],[-75.623789,6.266765],[-75.623635,6.266538],[-75.623388,6.265959],[-75.622542,6.265252],[-75.62237,6.265018],[-75.622226,6.264885],[-75.622041,6.264601],[-75.621958,6.26441],[-75.621712,6.26422],[-75.621295,6.263632],[-75.62133,6.263177],[-75.620994,6.263198],[-75.620849,6.263406],[-75.620846,6.26322],[-75.620697,6.263033],[-75.62072,6.262889],[-75.620179,6.262876],[-75.620114,6.262913],[-75.620005,6.263037],[-75.62003,6.263786],[-75.620229,6.264029],[-75.62022,6.26409],[-75.620041,6.264132],[-75.619581,6.264155],[-75.619542,6.264227],[-75.619513,6.263938],[-75.619414,6.263833],[-75.619375,6.263727],[-75.61932,6.263677],[-75.619179,6.263783],[-75.619104,6.263772],[-75.619069,6.263725],[-75.618955,6.263434],[-75.618994,6.263369],[-75.618974,6.263239],[-75.618931,6.263248],[-75.618768,6.263182],[-75.618677,6.263085],[-75.618503,6.262982],[-75.618378,6.262985],[-75.618132,6.26319],[-75.618115,6.263165],[-75.618147,6.263128],[-75.618053,6.262962],[-75.617896,6.262914],[-75.617917,6.262816],[-75.617886,6.262745],[-75.617733,6.262602],[-75.617642,6.262583],[-75.617533,6.26263],[-75.617455,6.262707],[-75.617401,6.262681],[-75.617363,6.262611],[-75.617316,6.262606],[-75.617294,6.262475],[-75.617332,6.262367],[-75.617299,6.26225],[-75.617351,6.262095],[-75.617251,6.262058],[-75.61722,6.262009],[-75.617238,6.261885],[-75.617331,6.261841],[-75.617312,6.261775],[-75.617266,6.261749],[-75.616913,6.261745],[-75.616853,6.261592],[-75.616696,6.261584],[-75.616551,6.261351],[-75.616354,6.261125],[-75.615885,6.260468],[-75.615696,6.260293],[-75.615651,6.260156],[-75.615525,6.260107],[-75.615435,6.260191],[-75.615324,6.260204],[-75.61525,6.260171],[-75.614883,6.26049],[-75.614834,6.260627],[-75.614913,6.261245],[-75.614867,6.261374],[-75.614409,6.261836],[-75.614441,6.261917],[-75.614427,6.262011],[-75.614287,6.262252],[-75.614221,6.262428],[-75.614215,6.26254],[-75.614312,6.262719],[-75.614324,6.262904],[-75.614397,6.263036],[-75.614483,6.263091],[-75.614439,6.263229],[-75.614447,6.263396],[-75.614544,6.26372],[-75.614655,6.263842],[-75.61472,6.264027],[-75.614671,6.264302],[-75.61473,6.264821],[-75.614691,6.264952],[-75.614868,6.265023],[-75.614942,6.265105],[-75.614969,6.265193],[-75.614973,6.265476],[-75.615268,6.265764],[-75.615384,6.265979],[-75.61556,6.266076],[-75.615584,6.266316],[-75.615675,6.266458],[-75.615745,6.266678],[-75.615912,6.266884],[-75.615962,6.267087],[-75.616117,6.267297],[-75.616352,6.267517],[-75.616534,6.267785],[-75.616567,6.268019],[-75.616561,6.268385],[-75.616764,6.268841],[-75.61672,6.269072],[-75.616654,6.269205],[-75.616549,6.269325],[-75.616353,6.269439],[-75.616286,6.269554],[-75.616348,6.269752],[-75.616506,6.270064],[-75.616683,6.270324],[-75.617084,6.270631],[-75.617499,6.270549],[-75.617969,6.270401],[-75.618301,6.270194],[-75.618564,6.270114],[-75.618982,6.270161],[-75.619629,6.270122],[-75.620013,6.270064],[-75.620328,6.270099],[-75.620485,6.270172],[-75.620744,6.270337],[-75.620546,6.273568],[-75.620541,6.273609],[-75.620495,6.273609],[-75.620786,6.273878],[-75.620799,6.273994],[-75.62087,6.2741],[-75.621313,6.274256],[-75.621406,6.2744],[-75.621489,6.274662],[-75.621607,6.274838],[-75.621693,6.275065],[-75.62205,6.275186],[-75.622194,6.275324],[-75.622346,6.275327],[-75.622987,6.275178],[-75.623673,6.275216],[-75.624048,6.275343],[-75.624382,6.275531],[-75.624464,6.275522],[-75.624795,6.275347],[-75.625244,6.27525]]]},"properties":{"CODIGO":"6017","COMUNA":"60","BARRIO":"17","NOMBRE_BARRIO":"La Loma Oriental","SECTOR":7,"INDICADOR_UR":"R","NOMBRE_COMUNA":"SAN CRISTOBAL","MUNICIPIO":"001"}},{"type":"Feature","id":79,"geometry":{"type":"Polygon","coordinates":[[[-75.665598,6.309522],[-75.666315,6.310247],[-75.666683,6.310666],[-75.667215,6.31112],[-75.667799,6.311794],[-75.668196,6.312025],[-75.668284,6.311808],[-75.668451,6.311584],[-75.668604,6.311283],[-75.668882,6.310991],[-75.669104,6.310818],[-75.669396,6.310378],[-75.669836,6.309966],[-75.670097,6.309632],[-75.670302,6.309468],[-75.670496,6.309435],[-75.670598,6.309375],[-75.670801,6.309057],[-75.67085,6.308836],[-75.671084,6.308557],[-75.671367,6.308504],[-75.67142,6.308455],[-75.671459,6.308274],[-75.671682,6.307834],[-75.671753,6.307533],[-75.671753,6.307446],[-75.671705,6.307342],[-75.671705,6.307199],[-75.671795,6.306383],[-75.671793,6.306135],[-75.671753,6.306078],[-75.671727,6.305852],[-75.671777,6.30584],[-75.671932,6.304939],[-75.671908,6.304859],[-75.671519,6.304249],[-75.671512,6.304067],[-75.671428,6.303856],[-75.670508,6.303927],[-75.67046,6.303827],[-75.670298,6.303664],[-75.669978,6.303483],[-75.66955,6.303312],[-75.669291,6.303171],[-75.668489,6.302962],[-75.668172,6.302988],[-75.667362,6.302808],[-75.666858,6.302534],[-75.666597,6.302467],[-75.666349,6.302427],[-75.666077,6.302477],[-75.665712,6.302435],[-75.664951,6.302448],[-75.664924,6.30244],[-75.664906,6.302323],[-75.664701,6.302161],[-75.664167,6.302074],[-75.663829,6.301943],[-75.663733,6.301962],[-75.66339,6.301867],[-75.66301,6.301852],[-75.662713,6.301886],[-75.662531,6.301744],[-75.662303,6.301623],[-75.662238,6.301725],[-75.662082,6.301652],[-75.661902,6.301387],[-75.661771,6.30107],[-75.661579,6.300947],[-75.66138,6.300895],[-75.661156,6.300779],[-75.661014,6.300753],[-75.660789,6.300967],[-75.660696,6.301004],[-75.660496,6.300948],[-75.660369,6.300785],[-75.660216,6.300705],[-75.659946,6.300742],[-75.659591,6.30061],[-75.659483,6.300526],[-75.659386,6.300267],[-75.658974,6.300084],[-75.658819,6.299897],[-75.658618,6.299762],[-75.658471,6.299572],[-75.65838,6.299522],[-75.658179,6.299554],[-75.658078,6.299535],[-75.657634,6.299332],[-75.657144,6.298763],[-75.657354,6.298354],[-75.657257,6.298256],[-75.657201,6.298227],[-75.656704,6.298535],[-75.656531,6.298518],[-75.656472,6.298338],[-75.656302,6.298162],[-75.656216,6.298106],[-75.655979,6.298078],[-75.655798,6.297783],[-75.655349,6.297776],[-75.655224,6.297816],[-75.655076,6.297666],[-75.65496,6.297651],[-75.654956,6.297496],[-75.65484,6.297472],[-75.654848,6.297246],[-75.654801,6.297174],[-75.654669,6.297095],[-75.654614,6.297095],[-75.654603,6.297179],[-75.654483,6.297295],[-75.654381,6.297334],[-75.653831,6.297334],[-75.653744,6.297401],[-75.653751,6.297301],[-75.653688,6.297099],[-75.653466,6.29698],[-75.653398,6.296871],[-75.653386,6.296786],[-75.653444,6.296775],[-75.653446,6.296574],[-75.653472,6.296544],[-75.652896,6.29601],[-75.652663,6.296105],[-75.652637,6.296149],[-75.652568,6.296127],[-75.652351,6.296192],[-75.652303,6.296149],[-75.65224,6.295852],[-75.652297,6.295504],[-75.65217,6.295341],[-75.651979,6.295199],[-75.651901,6.29502],[-75.651903,6.294952],[-75.651699,6.294877],[-75.651566,6.294791],[-75.651547,6.294607],[-75.651489,6.294706],[-75.651459,6.294906],[-75.651478,6.294972],[-75.651577,6.29508],[-75.65159,6.295314],[-75.651659,6.295498],[-75.651657,6.29574],[-75.651968,6.296079],[-75.652013,6.296456],[-75.651997,6.29652],[-75.651885,6.296607],[-75.65188,6.296706],[-75.651711,6.296797],[-75.651708,6.29696],[-75.651878,6.297201],[-75.652149,6.297237],[-75.652209,6.297272],[-75.652287,6.297386],[-75.652389,6.297822],[-75.652404,6.298201],[-75.652549,6.298513],[-75.652699,6.298699],[-75.652798,6.2991],[-75.652917,6.299219],[-75.653373,6.299347],[-75.65339,6.299515],[-75.653252,6.299789],[-75.653362,6.299959],[-75.653548,6.300041],[-75.653887,6.300003],[-75.654019,6.300159],[-75.65424,6.300321],[-75.654354,6.300719],[-75.654331,6.301027],[-75.654409,6.301268],[-75.654535,6.301227],[-75.6552,6.30182],[-75.655374,6.301756],[-75.655627,6.301945],[-75.655481,6.302253],[-75.655324,6.302481],[-75.655662,6.302737],[-75.65571,6.302968],[-75.655916,6.30314],[-75.656007,6.303407],[-75.656195,6.30363],[-75.656144,6.303872],[-75.655825,6.303775],[-75.655084,6.303838],[-75.655051,6.304],[-75.655198,6.30415],[-75.655237,6.304245],[-75.655235,6.304313],[-75.655102,6.304472],[-75.655072,6.304571],[-75.655088,6.304672],[-75.655154,6.304793],[-75.655269,6.304964],[-75.655383,6.305065],[-75.65541,6.305197],[-75.655535,6.305251],[-75.655843,6.305271],[-75.655929,6.305413],[-75.655914,6.305479],[-75.655752,6.305659],[-75.655531,6.306272],[-75.655583,6.306537],[-75.65588,6.306699],[-75.656025,6.307048],[-75.656009,6.307182],[-75.655895,6.307257],[-75.655865,6.307313],[-75.655914,6.307612],[-75.656441,6.307381],[-75.656625,6.307383],[-75.656842,6.307304],[-75.657162,6.307263],[-75.657723,6.307473],[-75.657913,6.3077],[-75.658105,6.307833],[-75.65839,6.307875],[-75.65862,6.307835],[-75.658665,6.307849],[-75.658848,6.308055],[-75.659128,6.308108],[-75.659362,6.308084],[-75.659487,6.308005],[-75.659595,6.307847],[-75.65975,6.307513],[-75.659843,6.307268],[-75.659993,6.306536],[-75.660147,6.306083],[-75.660313,6.306101],[-75.660486,6.30616],[-75.660677,6.306354],[-75.661222,6.306432],[-75.661556,6.306528],[-75.662028,6.306589],[-75.662196,6.306669],[-75.66322,6.306996],[-75.664018,6.307432],[-75.664503,6.307637],[-75.664811,6.30769],[-75.664927,6.307658],[-75.664983,6.307683],[-75.665767,6.308504],[-75.665542,6.308705],[-75.665484,6.308809],[-75.665432,6.309093],[-75.665442,6.309229],[-75.665598,6.309522]]]},"properties":{"CODIGO":"6005","COMUNA":"60","BARRIO":"05","NOMBRE_BARRIO":"Naranjal","SECTOR":7,"INDICADOR_UR":"R","NOMBRE_COMUNA":"SAN CRISTOBAL","MUNICIPIO":"001"}},{"type":"Feature","id":1,"geometry":{"type":"Polygon","coordinates":[[[-75.671114,6.28581],[-75.671217,6.285848],[-75.671397,6.28604],[-75.671742,6.286253],[-75.672577,6.286715],[-75.672943,6.28684],[-75.67274,6.286961],[-75.672629,6.287097],[-75.672652,6.287349],[-75.672825,6.287687],[-75.672724,6.28801],[-75.672838,6.288254],[-75.672834,6.288306],[-75.672763,6.28839],[-75.672575,6.288421],[-75.672482,6.288556],[-75.672468,6.28904],[-75.672399,6.289444],[-75.672188,6.289846],[-75.672192,6.289908],[-75.67234,6.290188],[-75.672415,6.290514],[-75.672494,6.290602],[-75.67257,6.290448],[-75.672666,6.290107],[-75.67292,6.289687],[-75.673181,6.289121],[-75.673834,6.28841],[-75.674682,6.28783],[-75.674785,6.287598],[-75.674896,6.287471],[-75.675028,6.28723],[-75.675134,6.287122],[-75.675285,6.286994],[-75.675507,6.286909],[-75.675599,6.286794],[-75.675922,6.286656],[-75.676162,6.286137],[-75.676435,6.285965],[-75.676653,6.285876],[-75.67685,6.285593],[-75.677046,6.285446],[-75.677096,6.285254],[-75.677083,6.285078],[-75.677342,6.284712],[-75.67743,6.284416],[-75.677697,6.284191],[-75.677936,6.283862],[-75.678029,6.283665],[-75.678587,6.283209],[-75.67862,6.283143],[-75.678706,6.283103],[-75.679121,6.282678],[-75.679485,6.282636],[-75.680226,6.282331],[-75.680735,6.282405],[-75.681599,6.282223],[-75.681666,6.28217],[-75.681881,6.281856],[-75.682903,6.280874],[-75.683118,6.280701],[-75.683513,6.280527],[-75.683617,6.280437],[-75.683205,6.280379],[-75.683338,6.279996],[-75.683907,6.280074],[-75.683623,6.279865],[-75.683513,6.279741],[-75.683432,6.279569],[-75.683413,6.279297],[-75.683356,6.27909],[-75.683193,6.278904],[-75.682901,6.278665],[-75.682791,6.278411],[-75.682452,6.277895],[-75.68195,6.277336],[-75.681448,6.27646],[-75.681079,6.276106],[-75.680878,6.275738],[-75.680562,6.274977],[-75.680539,6.274781],[-75.680352,6.274408],[-75.680228,6.273896],[-75.680228,6.2736],[-75.680184,6.273456],[-75.679916,6.272795],[-75.679788,6.272604],[-75.67962,6.272365],[-75.679419,6.272159],[-75.679218,6.272064],[-75.679008,6.271915],[-75.678645,6.271566],[-75.678377,6.271131],[-75.678262,6.270835],[-75.678142,6.270629],[-75.67775,6.270204],[-75.677473,6.270003],[-75.676918,6.269898],[-75.676521,6.26974],[-75.676139,6.269434],[-75.676048,6.269242],[-75.676057,6.26875],[-75.6759,6.268391],[-75.675604,6.268237],[-75.675327,6.268374],[-75.674714,6.268782],[-75.674439,6.268925],[-75.674214,6.26916],[-75.674143,6.269303],[-75.67398,6.269415],[-75.673816,6.269497],[-75.673245,6.269609],[-75.67251,6.269803],[-75.67175,6.270072],[-75.670903,6.270511],[-75.670617,6.270705],[-75.670423,6.270909],[-75.66995,6.27066],[-75.669812,6.270536],[-75.669641,6.270301],[-75.669463,6.270349],[-75.669156,6.270329],[-75.668936,6.270395],[-75.668705,6.270386],[-75.668263,6.270097],[-75.667418,6.26985],[-75.667123,6.269711],[-75.6668,6.269669],[-75.666392,6.269548],[-75.666022,6.269339],[-75.665805,6.269129],[-75.665446,6.269012],[-75.665199,6.26887],[-75.6648,6.268461],[-75.66461,6.268322],[-75.664388,6.268243],[-75.664056,6.268242],[-75.663822,6.268079],[-75.663319,6.26781],[-75.663087,6.267836],[-75.662916,6.26792],[-75.662768,6.268037],[-75.662469,6.268113],[-75.662468,6.268145],[-75.662241,6.268184],[-75.662029,6.268172],[-75.661935,6.268108],[-75.661769,6.267846],[-75.661462,6.267519],[-75.661419,6.267291],[-75.661362,6.26719],[-75.661096,6.266995],[-75.660872,6.266907],[-75.660773,6.266831],[-75.660667,6.266598],[-75.660457,6.26674],[-75.66035,6.266892],[-75.660127,6.266968],[-75.660025,6.267063],[-75.659991,6.267199],[-75.659926,6.267295],[-75.659902,6.267482],[-75.659843,6.267579],[-75.659851,6.267785],[-75.659788,6.267913],[-75.659801,6.268005],[-75.659745,6.268077],[-75.659377,6.268279],[-75.659101,6.26824],[-75.658963,6.268275],[-75.658871,6.268259],[-75.658614,6.268386],[-75.658206,6.268369],[-75.657537,6.268589],[-75.657447,6.268698],[-75.657373,6.268921],[-75.657318,6.268997],[-75.656914,6.269328],[-75.656781,6.269367],[-75.656512,6.269557],[-75.656293,6.269864],[-75.656045,6.27008],[-75.655874,6.270163],[-75.655465,6.270248],[-75.655363,6.270408],[-75.655069,6.27065],[-75.654839,6.270764],[-75.654746,6.270751],[-75.654663,6.270795],[-75.654089,6.271544],[-75.653973,6.271772],[-75.653723,6.271951],[-75.653572,6.272123],[-75.653669,6.272189],[-75.653577,6.272365],[-75.653403,6.272585],[-75.653374,6.272566],[-75.653249,6.272742],[-75.653073,6.272832],[-75.653159,6.273084],[-75.653101,6.273331],[-75.652987,6.2734],[-75.652901,6.273515],[-75.652793,6.273515],[-75.652908,6.273267],[-75.652903,6.273157],[-75.652813,6.272951],[-75.652637,6.273036],[-75.652537,6.273131],[-75.652497,6.273315],[-75.652468,6.273335],[-75.652465,6.273434],[-75.652686,6.273596],[-75.652334,6.273978],[-75.652206,6.274005],[-75.65207,6.274095],[-75.65217,6.274237],[-75.652286,6.274241],[-75.652211,6.274908],[-75.652424,6.274884],[-75.652471,6.275348],[-75.65261,6.275393],[-75.652692,6.275596],[-75.652761,6.275663],[-75.652529,6.276057],[-75.652559,6.276247],[-75.652679,6.276307],[-75.652764,6.276484],[-75.652381,6.276553],[-75.652314,6.276773],[-75.652377,6.276806],[-75.652458,6.276773],[-75.652553,6.276811],[-75.652759,6.277002],[-75.65296,6.277005],[-75.653223,6.277121],[-75.65318,6.277222],[-75.653008,6.277184],[-75.652499,6.277389],[-75.652653,6.277403],[-75.652739,6.277654],[-75.652861,6.277714],[-75.652973,6.277826],[-75.65304,6.277832],[-75.65309,6.277785],[-75.653205,6.277789],[-75.653385,6.278016],[-75.653704,6.278014],[-75.653878,6.277959],[-75.653992,6.277884],[-75.654047,6.277925],[-75.654025,6.278124],[-75.65406,6.27818],[-75.654372,6.278307],[-75.654712,6.278502],[-75.654847,6.27853],[-75.654987,6.278499],[-75.655036,6.278655],[-75.655019,6.278765],[-75.655077,6.278881],[-75.655054,6.279038],[-75.654984,6.279195],[-75.654973,6.279376],[-75.654856,6.279606],[-75.654784,6.279977],[-75.654621,6.280167],[-75.654533,6.280214],[-75.654249,6.280253],[-75.653831,6.280386],[-75.653643,6.280403],[-75.653439,6.280494],[-75.653125,6.280754],[-75.652633,6.280932],[-75.652691,6.281093],[-75.652943,6.281353],[-75.653022,6.281398],[-75.653045,6.281509],[-75.653104,6.281543],[-75.653115,6.281632],[-75.653169,6.281666],[-75.653379,6.281585],[-75.653392,6.28165],[-75.653307,6.281836],[-75.653333,6.281987],[-75.653458,6.282046],[-75.653686,6.282028],[-75.653713,6.282057],[-75.653715,6.282238],[-75.653811,6.282263],[-75.65396,6.282216],[-75.654,6.282239],[-75.654016,6.282392],[-75.654209,6.282444],[-75.654346,6.282293],[-75.654528,6.282217],[-75.654732,6.282314],[-75.654769,6.282466],[-75.654874,6.282501],[-75.654932,6.282472],[-75.655017,6.282362],[-75.655065,6.282209],[-75.655122,6.282179],[-75.655256,6.282465],[-75.655343,6.282533],[-75.6554,6.282503],[-75.655486,6.28232],[-75.655668,6.282415],[-75.655872,6.28228],[-75.65607,6.282276],[-75.656309,6.282347],[-75.656382,6.282431],[-75.656394,6.282568],[-75.656436,6.28262],[-75.656883,6.282857],[-75.656899,6.282922],[-75.65687,6.28301],[-75.656919,6.283107],[-75.657206,6.283253],[-75.657374,6.283471],[-75.657614,6.283604],[-75.657789,6.283619],[-75.657925,6.283724],[-75.658066,6.283722],[-75.658287,6.283639],[-75.658522,6.283612],[-75.658664,6.283624],[-75.658983,6.283738],[-75.659197,6.283632],[-75.65931,6.283635],[-75.659403,6.28368],[-75.659802,6.283601],[-75.660016,6.283512],[-75.660027,6.283542],[-75.660567,6.283653],[-75.660695,6.283926],[-75.660719,6.284084],[-75.66089,6.284503],[-75.661161,6.284543],[-75.661392,6.284848],[-75.661506,6.284947],[-75.661739,6.285071],[-75.662417,6.285293],[-75.662929,6.285648],[-75.663109,6.285924],[-75.663225,6.286006],[-75.663318,6.285994],[-75.663571,6.285713],[-75.663778,6.285603],[-75.664015,6.285592],[-75.664902,6.285753],[-75.6649,6.285903],[-75.664716,6.286095],[-75.664303,6.28615],[-75.664215,6.286193],[-75.664087,6.286401],[-75.663854,6.286633],[-75.66383,6.286801],[-75.663641,6.28734],[-75.664109,6.287545],[-75.664498,6.287641],[-75.664741,6.287748],[-75.665115,6.287977],[-75.665361,6.288199],[-75.665544,6.28791],[-75.665636,6.287867],[-75.666024,6.28714],[-75.666183,6.286949],[-75.666405,6.286479],[-75.666505,6.286531],[-75.666647,6.286517],[-75.667104,6.286265],[-75.667375,6.286169],[-75.667947,6.286194],[-75.668797,6.28596],[-75.669667,6.285776],[-75.669947,6.28577],[-75.670162,6.285857],[-75.670487,6.285893],[-75.67085,6.285803],[-75.671114,6.28581]]]},"properties":{"CODIGO":"6002","COMUNA":"60","BARRIO":"02","NOMBRE_BARRIO":"La Palma-El Patio","SECTOR":7,"INDICADOR_UR":"R","NOMBRE_COMUNA":"SAN CRISTOBAL","MUNICIPIO":"001"}},{"type":"Feature","id":2,"geometry":{"type":"Polygon","coordinates":[[[-75.660183,6.300696],[-75.660369,6.300785],[-75.660496,6.300948],[-75.66073,6.301002],[-75.661023,6.300753],[-75.661083,6.300554],[-75.661242,6.300387],[-75.661659,6.300137],[-75.662006,6.300041],[-75.661725,6.299672],[-75.66136,6.299272],[-75.660739,6.29884],[-75.66006,6.298476],[-75.659696,6.298344],[-75.659835,6.298161],[-75.66008,6.298034],[-75.660241,6.297904],[-75.660397,6.297433],[-75.660862,6.297105],[-75.661085,6.296887],[-75.661289,6.296765],[-75.661689,6.296412],[-75.661627,6.296255],[-75.66169,6.296192],[-75.661543,6.296109],[-75.661215,6.29605],[-75.66114,6.296008],[-75.661084,6.295943],[-75.660999,6.295703],[-75.660891,6.295511],[-75.660657,6.295401],[-75.66061,6.295344],[-75.6607,6.29532],[-75.660859,6.295395],[-75.661411,6.294899],[-75.661611,6.294673],[-75.66167,6.294585],[-75.661633,6.293977],[-75.661455,6.293902],[-75.660892,6.293819],[-75.660596,6.293576],[-75.66007,6.293241],[-75.659806,6.292767],[-75.659692,6.292688],[-75.659043,6.292576],[-75.658436,6.292697],[-75.657981,6.292528],[-75.65769,6.292336],[-75.65743,6.292354],[-75.657454,6.292398],[-75.657435,6.292467],[-75.657277,6.292578],[-75.657045,6.292636],[-75.656782,6.292595],[-75.656695,6.292619],[-75.656561,6.29276],[-75.656497,6.293142],[-75.65652,6.293266],[-75.656719,6.293759],[-75.656712,6.294118],[-75.656776,6.29453],[-75.656747,6.294617],[-75.656516,6.294766],[-75.656358,6.294949],[-75.656669,6.295102],[-75.656596,6.295273],[-75.656627,6.295287],[-75.656474,6.295458],[-75.656393,6.295418],[-75.656241,6.294988],[-75.65609,6.294951],[-75.655912,6.294996],[-75.655825,6.294986],[-75.655554,6.294795],[-75.655206,6.294736],[-75.654903,6.294285],[-75.654491,6.293824],[-75.654359,6.293723],[-75.6541,6.293618],[-75.65403,6.293545],[-75.653978,6.293612],[-75.653698,6.293432],[-75.653499,6.293511],[-75.653206,6.293453],[-75.652975,6.293449],[-75.652716,6.293651],[-75.65267,6.293453],[-75.652417,6.293235],[-75.651902,6.292933],[-75.651606,6.292589],[-75.65153,6.292811],[-75.650995,6.292511],[-75.650488,6.291786],[-75.650501,6.291681],[-75.650472,6.291631],[-75.650283,6.291484],[-75.650054,6.291204],[-75.649858,6.291299],[-75.650904,6.292816],[-75.650298,6.293143],[-75.650425,6.293273],[-75.650716,6.293469],[-75.650776,6.293644],[-75.65096,6.293743],[-75.650996,6.293896],[-75.651052,6.293939],[-75.651048,6.293974],[-75.651166,6.294013],[-75.651319,6.294183],[-75.651444,6.294231],[-75.651506,6.294224],[-75.651626,6.294145],[-75.651712,6.294167],[-75.651687,6.294423],[-75.651547,6.294607],[-75.65155,6.294765],[-75.651699,6.294877],[-75.651903,6.294952],[-75.651901,6.29502],[-75.651979,6.295199],[-75.65217,6.295341],[-75.652297,6.295504],[-75.65224,6.295852],[-75.652303,6.296149],[-75.652351,6.296192],[-75.652568,6.296127],[-75.652637,6.296149],[-75.652663,6.296105],[-75.652896,6.29601],[-75.653472,6.296544],[-75.653446,6.296574],[-75.653444,6.296775],[-75.653386,6.296786],[-75.653398,6.296871],[-75.653466,6.29698],[-75.653688,6.297099],[-75.653751,6.297301],[-75.653744,6.297401],[-75.653831,6.297334],[-75.654381,6.297334],[-75.654483,6.297295],[-75.654603,6.297179],[-75.654614,6.297095],[-75.654669,6.297095],[-75.654801,6.297174],[-75.654848,6.297246],[-75.65484,6.297472],[-75.654956,6.297496],[-75.65496,6.297651],[-75.655076,6.297666],[-75.655224,6.297816],[-75.655349,6.297776],[-75.655798,6.297783],[-75.655979,6.298078],[-75.656216,6.298106],[-75.656302,6.298162],[-75.656472,6.298338],[-75.656531,6.298518],[-75.656704,6.298535],[-75.657201,6.298227],[-75.657257,6.298256],[-75.657354,6.298354],[-75.657144,6.298763],[-75.657634,6.299332],[-75.658078,6.299535],[-75.658179,6.299554],[-75.65838,6.299522],[-75.658471,6.299572],[-75.658618,6.299762],[-75.658819,6.299897],[-75.658974,6.300084],[-75.659386,6.300267],[-75.659483,6.300526],[-75.659591,6.30061],[-75.659946,6.300742],[-75.660183,6.300696]]]},"properties":{"CODIGO":"6006","COMUNA":"60","BARRIO":"06","NOMBRE_BARRIO":"La Cuchilla","SECTOR":7,"INDICADOR_UR":"R","NOMBRE_COMUNA":"SAN CRISTOBAL","MUNICIPIO":"001"}},{"type":"Feature","id":3,"geometry":{"type":"MultiPolygon","coordinates":[[[[-75.511757,6.280631],[-75.512018,6.280559],[-75.512906,6.280178],[-75.513449,6.279863],[-75.513847,6.279562],[-75.513796,6.279518],[-75.512724,6.277735],[-75.512354,6.277508],[-75.51206,6.277519],[-75.511739,6.277381],[-75.51161,6.277225],[-75.51098,6.277514],[-75.511243,6.277804],[-75.511601,6.277809],[-75.511942,6.278117],[-75.511743,6.278161],[-75.511358,6.278171],[-75.511331,6.278287],[-75.511378,6.278571],[-75.511595,6.27887],[-75.511807,6.27946],[-75.511918,6.279996],[-75.511757,6.280631]]],[[[-75.513017,6.277065],[-75.513142,6.277266],[-75.512993,6.277374],[-75.51351,6.278064],[-75.513891,6.277761],[-75.513369,6.277074],[-75.513553,6.276914],[-75.513261,6.276428],[-75.513594,6.276232],[-75.513545,6.276061],[-75.513388,6.27582],[-75.513003,6.27608],[-75.513041,6.276106],[-75.512926,6.276203],[-75.51292,6.276426],[-75.511799,6.276424],[-75.511817,6.276658],[-75.512142,6.276778],[-75.51264,6.277056],[-75.513017,6.277065]]]]},"properties":{"CODIGO":"9088","COMUNA":"90","BARRIO":"88","NOMBRE_BARRIO":"Suburbano Matasano 2","SECTOR":9,"INDICADOR_UR":"R","NOMBRE_COMUNA":"SANTA ELENA","MUNICIPIO":"001"}},{"type":"Feature","id":4,"geometry":{"type":"Polygon","coordinates":[[[-75.626332,6.227089],[-75.626282,6.227339],[-75.627506,6.227492],[-75.627481,6.227054],[-75.628032,6.227167],[-75.628103,6.227148],[-75.627922,6.226813],[-75.627711,6.225837],[-75.627699,6.225624],[-75.627571,6.225114],[-75.627173,6.224796],[-75.627129,6.224731],[-75.627081,6.2243],[-75.627271,6.224096],[-75.627272,6.224211],[-75.627348,6.224325],[-75.627649,6.224243],[-75.627823,6.224141],[-75.627848,6.224062],[-75.628,6.224112],[-75.628207,6.224357],[-75.628387,6.224185],[-75.628514,6.223758],[-75.628487,6.22358],[-75.628584,6.223578],[-75.628588,6.223428],[-75.62911,6.223397],[-75.629655,6.223519],[-75.630589,6.223598],[-75.630943,6.223645],[-75.630964,6.223688],[-75.631156,6.223713],[-75.631156,6.223683],[-75.631711,6.22377],[-75.632191,6.223753],[-75.632806,6.223635],[-75.63293,6.223653],[-75.632969,6.223722],[-75.633058,6.223783],[-75.633238,6.223805],[-75.633213,6.224027],[-75.633457,6.224409],[-75.633366,6.223536],[-75.633899,6.223598],[-75.633872,6.223323],[-75.633718,6.22308],[-75.634096,6.223082],[-75.634196,6.223003],[-75.634356,6.22263],[-75.634217,6.222583],[-75.63385,6.222651],[-75.633828,6.222624],[-75.633699,6.222739],[-75.633196,6.222616],[-75.633213,6.222536],[-75.63331,6.222455],[-75.63351,6.222399],[-75.633304,6.221955],[-75.633269,6.221699],[-75.633365,6.22141],[-75.63333,6.221299],[-75.633248,6.221248],[-75.632924,6.221322],[-75.632477,6.221312],[-75.632179,6.221354],[-75.631875,6.22133],[-75.631544,6.221384],[-75.631497,6.220886],[-75.630891,6.220876],[-75.630862,6.221369],[-75.631101,6.22143],[-75.6311,6.221524],[-75.631208,6.221561],[-75.631264,6.221654],[-75.631251,6.221914],[-75.631273,6.221908],[-75.631289,6.222208],[-75.631259,6.222216],[-75.631269,6.22246],[-75.631127,6.222485],[-75.631032,6.222611],[-75.630971,6.222604],[-75.630863,6.222663],[-75.630955,6.222888],[-75.630916,6.222925],[-75.63077,6.222954],[-75.630115,6.222949],[-75.629805,6.222973],[-75.62969,6.223019],[-75.629711,6.222939],[-75.6298,6.222858],[-75.629321,6.22282],[-75.629212,6.223012],[-75.629047,6.222982],[-75.6289,6.223338],[-75.628608,6.223353],[-75.62878,6.222983],[-75.628564,6.222881],[-75.628594,6.222786],[-75.628556,6.222659],[-75.628255,6.223364],[-75.627266,6.223353],[-75.626907,6.223317],[-75.626656,6.223339],[-75.626574,6.223315],[-75.626525,6.222365],[-75.625992,6.222612],[-75.626067,6.223303],[-75.625761,6.223313],[-75.62572,6.223303],[-75.625697,6.222773],[-75.62557,6.222846],[-75.625459,6.222839],[-75.625299,6.222757],[-75.625166,6.222613],[-75.624912,6.222432],[-75.624666,6.222409],[-75.624545,6.222448],[-75.624466,6.222567],[-75.624472,6.223188],[-75.624138,6.22313],[-75.624104,6.223376],[-75.623803,6.223409],[-75.623574,6.223366],[-75.623803,6.223409],[-75.624087,6.22359],[-75.624608,6.223625],[-75.625017,6.223983],[-75.62509,6.224015],[-75.625234,6.224026],[-75.625423,6.223887],[-75.625561,6.223901],[-75.625546,6.223968],[-75.625586,6.224146],[-75.62569,6.224163],[-75.625603,6.224163],[-75.625581,6.22421],[-75.6256,6.224633],[-75.625452,6.225349],[-75.625147,6.226216],[-75.625024,6.226744],[-75.626342,6.227032],[-75.626332,6.227089]]]},"properties":{"CODIGO":"7087","COMUNA":"70","BARRIO":"87","NOMBRE_BARRIO":"Suburbano Altavista","SECTOR":8,"INDICADOR_UR":"R","NOMBRE_COMUNA":"ALTAVISTA","MUNICIPIO":"001"}},{"type":"Feature","id":5,"geometry":{"type":"Polygon","coordinates":[[[-75.533207,6.300085],[-75.533485,6.300063],[-75.533849,6.299915],[-75.533911,6.299874],[-75.534047,6.299684],[-75.534272,6.299659],[-75.534387,6.299504],[-75.534438,6.299372],[-75.534554,6.299393],[-75.534785,6.299291],[-75.535004,6.299259],[-75.535134,6.299278],[-75.535244,6.299213],[-75.535344,6.299077],[-75.535565,6.298916],[-75.535666,6.298741],[-75.535774,6.298644],[-75.535899,6.29844],[-75.53588,6.298336],[-75.535928,6.298176],[-75.536324,6.297653],[-75.536258,6.297648],[-75.536031,6.297862],[-75.535936,6.29791],[-75.535862,6.297893],[-75.535813,6.297835],[-75.535847,6.297668],[-75.536156,6.2971],[-75.536383,6.296956],[-75.537098,6.296647],[-75.536855,6.296128],[-75.5367,6.296175],[-75.536698,6.296153],[-75.536239,6.296436],[-75.53607,6.29634],[-75.536001,6.296482],[-75.53578,6.296735],[-75.535541,6.296582],[-75.535584,6.296504],[-75.535842,6.296264],[-75.535858,6.296205],[-75.535428,6.29499],[-75.535505,6.294733],[-75.535764,6.294558],[-75.535886,6.294625],[-75.536079,6.294891],[-75.536623,6.295284],[-75.537469,6.294414],[-75.537094,6.294252],[-75.536943,6.294156],[-75.536768,6.294156],[-75.536635,6.294066],[-75.536259,6.29394],[-75.536065,6.29375],[-75.535811,6.293413],[-75.536194,6.293243],[-75.536382,6.293091],[-75.536418,6.293039],[-75.536319,6.292973],[-75.536425,6.292792],[-75.53638,6.292628],[-75.536516,6.292584],[-75.536477,6.292391],[-75.536394,6.292421],[-75.53639,6.29217],[-75.536471,6.292167],[-75.53647,6.29207],[-75.536187,6.292136],[-75.536173,6.291694],[-75.536191,6.291702],[-75.536309,6.291457],[-75.536273,6.291338],[-75.536261,6.291067],[-75.536563,6.291249],[-75.536905,6.291071],[-75.536927,6.290882],[-75.536268,6.290684],[-75.536382,6.290214],[-75.536278,6.290077],[-75.53623,6.289826],[-75.536381,6.28977],[-75.536399,6.289657],[-75.536451,6.289656],[-75.536449,6.289598],[-75.536515,6.289598],[-75.5364,6.289164],[-75.536506,6.289012],[-75.536479,6.288949],[-75.535997,6.288702],[-75.536002,6.288878],[-75.535896,6.28886],[-75.535869,6.288745],[-75.53578,6.287959],[-75.535826,6.287082],[-75.536809,6.286984],[-75.536785,6.286834],[-75.536714,6.286852],[-75.536691,6.286669],[-75.536609,6.286496],[-75.536375,6.286618],[-75.536364,6.286577],[-75.536326,6.286599],[-75.536299,6.28649],[-75.535876,6.286512],[-75.53593,6.286238],[-75.53587,6.285673],[-75.535882,6.285486],[-75.536148,6.285491],[-75.53615,6.285366],[-75.536208,6.285366],[-75.536262,6.285155],[-75.536186,6.285145],[-75.536205,6.284986],[-75.536372,6.285004],[-75.536649,6.284536],[-75.536673,6.284335],[-75.536914,6.28399],[-75.536966,6.283863],[-75.537,6.283885],[-75.537299,6.283436],[-75.537557,6.283677],[-75.537724,6.283744],[-75.537844,6.283351],[-75.537637,6.2833],[-75.537627,6.28326],[-75.537792,6.283211],[-75.537759,6.283003],[-75.537499,6.282968],[-75.537449,6.282834],[-75.537465,6.28247],[-75.53728,6.282423],[-75.537344,6.282274],[-75.53731,6.282252],[-75.537358,6.282147],[-75.53731,6.281996],[-75.537648,6.28181],[-75.537615,6.281748],[-75.537532,6.281782],[-75.53748,6.281645],[-75.537715,6.281599],[-75.538004,6.281611],[-75.538137,6.281572],[-75.538542,6.281778],[-75.538672,6.281781],[-75.539061,6.281998],[-75.539374,6.282087],[-75.5394,6.282069],[-75.539343,6.28184],[-75.539368,6.281722],[-75.539525,6.281507],[-75.539583,6.281303],[-75.53957,6.281036],[-75.539278,6.280134],[-75.539035,6.27963],[-75.538915,6.279496],[-75.538828,6.279168],[-75.538884,6.279062],[-75.538739,6.278909],[-75.538645,6.278943],[-75.538665,6.278969],[-75.538621,6.279006],[-75.538494,6.279035],[-75.53836,6.278903],[-75.538233,6.279104],[-75.538399,6.279257],[-75.538318,6.279356],[-75.538398,6.279432],[-75.538371,6.279448],[-75.538183,6.279499],[-75.537708,6.279488],[-75.537368,6.279407],[-75.53694,6.278987],[-75.536742,6.278695],[-75.536638,6.2782],[-75.53624,6.277273],[-75.536503,6.277147],[-75.536233,6.276729],[-75.536089,6.276615],[-75.535924,6.276242],[-75.535937,6.276079],[-75.535981,6.276039],[-75.53604,6.275771],[-75.536669,6.275815],[-75.536616,6.275698],[-75.536123,6.275604],[-75.535869,6.275483],[-75.535715,6.275517],[-75.535696,6.275017],[-75.537337,6.274858],[-75.537274,6.274042],[-75.536286,6.27389],[-75.536354,6.273561],[-75.536371,6.273303],[-75.536767,6.273327],[-75.536796,6.273229],[-75.536685,6.27321],[-75.536714,6.273089],[-75.536762,6.272965],[-75.53683,6.272997],[-75.536943,6.272751],[-75.536966,6.27248],[-75.537019,6.27245],[-75.536926,6.2723],[-75.536384,6.271795],[-75.536128,6.271387],[-75.535977,6.27127],[-75.535864,6.271131],[-75.535713,6.270906],[-75.535657,6.27066],[-75.535494,6.27066],[-75.535498,6.270771],[-75.535436,6.270738],[-75.535413,6.270781],[-75.535179,6.270661],[-75.535101,6.270663],[-75.534827,6.270384],[-75.534533,6.270186],[-75.53441,6.270219],[-75.534381,6.269785],[-75.534304,6.269425],[-75.534351,6.26934],[-75.53437,6.269154],[-75.534335,6.269102],[-75.534311,6.268751],[-75.534209,6.26856],[-75.534112,6.268201],[-75.53388,6.268077],[-75.534064,6.267801],[-75.534275,6.267729],[-75.53465,6.267676],[-75.534961,6.267572],[-75.535268,6.267391],[-75.535511,6.26729],[-75.535714,6.267677],[-75.535736,6.267877],[-75.536504,6.267815],[-75.536514,6.267619],[-75.5366,6.267293],[-75.536664,6.26725],[-75.536802,6.267235],[-75.537014,6.267284],[-75.537244,6.267506],[-75.537384,6.267585],[-75.537632,6.267512],[-75.537707,6.267591],[-75.537898,6.267583],[-75.538021,6.267512],[-75.53789,6.267239],[-75.537762,6.267294],[-75.53765,6.267125],[-75.537799,6.267027],[-75.537755,6.266926],[-75.537774,6.26691],[-75.538034,6.266893],[-75.538212,6.266967],[-75.538423,6.266922],[-75.538873,6.266941],[-75.539477,6.266816],[-75.539502,6.26667],[-75.539403,6.266643],[-75.539333,6.266558],[-75.539078,6.26602],[-75.539389,6.265777],[-75.539472,6.265486],[-75.539451,6.26543],[-75.538871,6.265121],[-75.539099,6.264446],[-75.539077,6.263946],[-75.538973,6.263933],[-75.538971,6.263794],[-75.539176,6.263782],[-75.539176,6.263655],[-75.539059,6.263653],[-75.539063,6.263532],[-75.539151,6.263532],[-75.539153,6.263475],[-75.539213,6.263464],[-75.539166,6.263316],[-75.53918,6.263183],[-75.539318,6.26246],[-75.539168,6.262376],[-75.539413,6.262161],[-75.539425,6.262107],[-75.539324,6.261957],[-75.539354,6.261928],[-75.539491,6.261928],[-75.539527,6.261898],[-75.539545,6.261772],[-75.539711,6.261734],[-75.539824,6.261262],[-75.540065,6.261378],[-75.540261,6.261408],[-75.540411,6.261484],[-75.540875,6.261534],[-75.541411,6.261728],[-75.5415,6.261708],[-75.541503,6.261589],[-75.541591,6.26159],[-75.541586,6.261666],[-75.541623,6.261655],[-75.541626,6.261617],[-75.541829,6.261626],[-75.54186,6.261518],[-75.54239,6.26152],[-75.542786,6.261583],[-75.542817,6.261292],[-75.5446,6.261581],[-75.544946,6.26031],[-75.544949,6.260228],[-75.544809,6.25998],[-75.544804,6.259856],[-75.54489,6.259771],[-75.545999,6.259217],[-75.545702,6.259125],[-75.545489,6.25885],[-75.54487,6.258833],[-75.544687,6.25864],[-75.544529,6.258579],[-75.544442,6.258496],[-75.544389,6.258371],[-75.544183,6.258155],[-75.544295,6.25795],[-75.544009,6.257735],[-75.54376,6.257672],[-75.543519,6.257758],[-75.543118,6.257569],[-75.542822,6.257677],[-75.542722,6.25766],[-75.542306,6.257411],[-75.542119,6.257365],[-75.542092,6.257381],[-75.542037,6.257659],[-75.541967,6.257693],[-75.54186,6.257687],[-75.541628,6.25758],[-75.541396,6.257417],[-75.541293,6.257325],[-75.541182,6.257153],[-75.541093,6.257176],[-75.540977,6.257151],[-75.54071,6.257036],[-75.540702,6.257123],[-75.540429,6.256913],[-75.540325,6.256885],[-75.540209,6.25695],[-75.540051,6.256878],[-75.540001,6.256884],[-75.540004,6.256945],[-75.53991,6.256879],[-75.539668,6.25698],[-75.539368,6.256976],[-75.539306,6.257021],[-75.539087,6.25698],[-75.538929,6.256996],[-75.538687,6.256831],[-75.538579,6.256604],[-75.538523,6.256553],[-75.538406,6.25659],[-75.538234,6.256592],[-75.538014,6.256756],[-75.537952,6.256729],[-75.537799,6.256782],[-75.537601,6.256765],[-75.53731,6.256935],[-75.537083,6.256962],[-75.53702,6.256833],[-75.537439,6.256667],[-75.537781,6.256432],[-75.537806,6.256455],[-75.53788,6.256439],[-75.537946,6.256353],[-75.538081,6.256271],[-75.538248,6.256233],[-75.538198,6.256014],[-75.538139,6.255932],[-75.538483,6.255653],[-75.538696,6.255557],[-75.538747,6.255299],[-75.539159,6.255143],[-75.539519,6.254951],[-75.539489,6.254571],[-75.539433,6.254465],[-75.539275,6.254278],[-75.538959,6.253995],[-75.538918,6.253917],[-75.538933,6.253669],[-75.539189,6.253477],[-75.53921,6.253418],[-75.539176,6.253351],[-75.539172,6.253129],[-75.539256,6.253027],[-75.539233,6.252847],[-75.538663,6.25258],[-75.53834,6.252867],[-75.53814,6.252904],[-75.538231,6.252146],[-75.538321,6.252131],[-75.538348,6.252008],[-75.538196,6.251659],[-75.538232,6.251635],[-75.538248,6.2513],[-75.538325,6.251121],[-75.5383,6.251074],[-75.538299,6.250805],[-75.538307,6.250768],[-75.538529,6.250659],[-75.538524,6.250466],[-75.538701,6.25046],[-75.538706,6.250266],[-75.538473,6.250252],[-75.538388,6.249751],[-75.538486,6.249654],[-75.53832,6.249525],[-75.538336,6.249503],[-75.538239,6.249494],[-75.538095,6.249379],[-75.53788,6.249325],[-75.537867,6.249124],[-75.537881,6.249167],[-75.537935,6.24915],[-75.537918,6.249096],[-75.537866,6.249122],[-75.537796,6.248997],[-75.538245,6.248895],[-75.538367,6.248734],[-75.53856,6.248657],[-75.538719,6.248504],[-75.538524,6.248456],[-75.538432,6.248417],[-75.538449,6.248395],[-75.538397,6.24835],[-75.538366,6.248375],[-75.538328,6.248351],[-75.538256,6.248076],[-75.538298,6.248058],[-75.53845,6.248189],[-75.538723,6.247965],[-75.538901,6.247907],[-75.539199,6.247734],[-75.539216,6.247722],[-75.539146,6.247638],[-75.539367,6.247476],[-75.539388,6.247498],[-75.539635,6.247063],[-75.540043,6.246664],[-75.540556,6.246344],[-75.540691,6.246396],[-75.541041,6.24612],[-75.541063,6.246033],[-75.541037,6.245983],[-75.540969,6.246011],[-75.540706,6.245967],[-75.540669,6.245895],[-75.540515,6.245795],[-75.540034,6.246164],[-75.539784,6.245909],[-75.539935,6.24523],[-75.540469,6.244715],[-75.540512,6.244628],[-75.540536,6.244296],[-75.540618,6.244292],[-75.541055,6.244791],[-75.541104,6.244869],[-75.541124,6.245153],[-75.541201,6.24525],[-75.541536,6.245262],[-75.541452,6.245177],[-75.5414,6.245036],[-75.54142,6.244746],[-75.541319,6.244798],[-75.541275,6.244862],[-75.541201,6.244856],[-75.540613,6.244236],[-75.540401,6.24386],[-75.540352,6.243818],[-75.540327,6.24394],[-75.539846,6.243622],[-75.539911,6.242965],[-75.539296,6.242724],[-75.538262,6.241791],[-75.537797,6.241414],[-75.537629,6.24133],[-75.53751,6.241139],[-75.537486,6.240959],[-75.537492,6.240678],[-75.537534,6.240469],[-75.53742,6.239734],[-75.537277,6.239602],[-75.536978,6.239518],[-75.536733,6.239363],[-75.536739,6.2391],[-75.536817,6.238998],[-75.536817,6.238896],[-75.536291,6.238412],[-75.536237,6.2384],[-75.535974,6.238071],[-75.535837,6.237999],[-75.535747,6.237987],[-75.535418,6.238161],[-75.535323,6.238143],[-75.535251,6.238083],[-75.535084,6.238053],[-75.534809,6.238191],[-75.534719,6.238173],[-75.534438,6.237904],[-75.534235,6.237844],[-75.534146,6.237862],[-75.53405,6.237957],[-75.533678,6.238508],[-75.533425,6.238611],[-75.533192,6.23889],[-75.532909,6.239115],[-75.532855,6.239043],[-75.532964,6.23896],[-75.532762,6.238791],[-75.532793,6.238752],[-75.532849,6.238767],[-75.532915,6.238621],[-75.532699,6.238576],[-75.532604,6.23866],[-75.53256,6.238626],[-75.532544,6.238676],[-75.532507,6.238666],[-75.5324,6.238989],[-75.532344,6.239069],[-75.532297,6.239084],[-75.532252,6.239047],[-75.532149,6.238784],[-75.532132,6.238417],[-75.532057,6.23819],[-75.532054,6.238036],[-75.53204,6.237985],[-75.532001,6.237999],[-75.532032,6.238073],[-75.532021,6.238193],[-75.532079,6.238322],[-75.532046,6.238469],[-75.532071,6.238591],[-75.531992,6.238841],[-75.531418,6.238818],[-75.531423,6.239634],[-75.530895,6.239623],[-75.530908,6.239995],[-75.530511,6.24],[-75.53014,6.240064],[-75.53013,6.23998],[-75.529889,6.239901],[-75.529772,6.239898],[-75.529531,6.240079],[-75.529106,6.240224],[-75.528879,6.240391],[-75.528874,6.240099],[-75.528759,6.240009],[-75.528639,6.239712],[-75.528691,6.239331],[-75.528759,6.239214],[-75.52867,6.238972],[-75.528642,6.238708],[-75.528556,6.238384],[-75.528514,6.238303],[-75.528323,6.238178],[-75.528096,6.237925],[-75.52798,6.237643],[-75.527897,6.237523],[-75.527839,6.237313],[-75.527676,6.237118],[-75.527404,6.236314],[-75.527346,6.236259],[-75.527165,6.236275],[-75.526998,6.236216],[-75.52683,6.235922],[-75.526528,6.235646],[-75.5262,6.235588],[-75.526219,6.235513],[-75.526053,6.235382],[-75.525742,6.235219],[-75.525632,6.235119],[-75.525268,6.234993],[-75.525196,6.234931],[-75.52516,6.234827],[-75.524899,6.234763],[-75.524953,6.234556],[-75.525153,6.234156],[-75.525309,6.234049],[-75.52515,6.233481],[-75.52504,6.232883],[-75.52487,6.232979],[-75.524758,6.233188],[-75.524726,6.233206],[-75.524666,6.233176],[-75.524588,6.233476],[-75.524581,6.233779],[-75.524556,6.233818],[-75.524413,6.233868],[-75.524292,6.234139],[-75.524272,6.234237],[-75.524293,6.234276],[-75.524178,6.234475],[-75.524133,6.234806],[-75.524046,6.235121],[-75.523938,6.235274],[-75.523529,6.235584],[-75.523427,6.235943],[-75.523426,6.236128],[-75.523372,6.236203],[-75.523175,6.236329],[-75.523131,6.236411],[-75.523118,6.236551],[-75.523169,6.236732],[-75.523149,6.236821],[-75.522677,6.237119],[-75.522315,6.237485],[-75.521902,6.237664],[-75.521813,6.23777],[-75.521778,6.237953],[-75.521687,6.238058],[-75.521185,6.238157],[-75.521077,6.238559],[-75.520999,6.238675],[-75.520416,6.239144],[-75.520212,6.239261],[-75.520063,6.239737],[-75.519952,6.239945],[-75.51972,6.240176],[-75.519444,6.240304],[-75.519249,6.240979],[-75.519089,6.241314],[-75.519121,6.241435],[-75.519119,6.24171],[-75.518966,6.242134],[-75.518972,6.24257],[-75.518654,6.242624],[-75.518579,6.242814],[-75.518454,6.242981],[-75.518386,6.243173],[-75.518331,6.243242],[-75.51819,6.243326],[-75.518156,6.243405],[-75.518093,6.243686],[-75.518098,6.243896],[-75.518188,6.244262],[-75.518465,6.244869],[-75.518535,6.245165],[-75.518567,6.24554],[-75.518509,6.245907],[-75.518485,6.246365],[-75.518599,6.246608],[-75.518595,6.246937],[-75.518512,6.247195],[-75.518508,6.247345],[-75.518568,6.247504],[-75.518334,6.247739],[-75.518095,6.248086],[-75.517951,6.248493],[-75.518047,6.248851],[-75.517684,6.249486],[-75.517561,6.249792],[-75.517409,6.250358],[-75.517276,6.250516],[-75.517081,6.250657],[-75.517062,6.25087],[-75.516967,6.25097],[-75.517182,6.25151],[-75.51721,6.25196],[-75.517062,6.252044],[-75.516826,6.252244],[-75.516518,6.252405],[-75.516319,6.25262],[-75.51587,6.252347],[-75.515531,6.252387],[-75.515432,6.252362],[-75.515209,6.252146],[-75.514652,6.251835],[-75.5141,6.251437],[-75.513261,6.250992],[-75.513087,6.25162],[-75.512996,6.251748],[-75.512649,6.251975],[-75.512289,6.252117],[-75.51209,6.252332],[-75.512246,6.252589],[-75.51239,6.252721],[-75.512952,6.252696],[-75.513131,6.252821],[-75.513271,6.252967],[-75.513436,6.253067],[-75.513764,6.253473],[-75.513966,6.253633],[-75.514019,6.253944],[-75.514211,6.254199],[-75.514367,6.254313],[-75.514643,6.25462],[-75.514756,6.254809],[-75.515021,6.255114],[-75.515104,6.255326],[-75.515211,6.255222],[-75.515346,6.255151],[-75.515449,6.255151],[-75.515588,6.255202],[-75.515783,6.255317],[-75.515643,6.255605],[-75.515626,6.255706],[-75.515698,6.255935],[-75.515593,6.256211],[-75.515576,6.256384],[-75.5156,6.256522],[-75.515335,6.256544],[-75.514722,6.256494],[-75.514611,6.25684],[-75.514668,6.256977],[-75.514663,6.257151],[-75.514482,6.257356],[-75.514379,6.257356],[-75.51432,6.257422],[-75.514202,6.257784],[-75.514165,6.258002],[-75.514621,6.257949],[-75.514684,6.258134],[-75.51481,6.258358],[-75.514868,6.258577],[-75.515174,6.258648],[-75.515267,6.258796],[-75.515425,6.258932],[-75.515744,6.258946],[-75.516091,6.258863],[-75.516069,6.259531],[-75.516199,6.260608],[-75.516542,6.261147],[-75.516665,6.261284],[-75.516888,6.261433],[-75.517386,6.261621],[-75.517621,6.261857],[-75.51813,6.262563],[-75.518185,6.262742],[-75.518439,6.263109],[-75.518565,6.263355],[-75.518749,6.263838],[-75.518848,6.263933],[-75.519167,6.264133],[-75.519686,6.264903],[-75.520095,6.265412],[-75.520127,6.265434],[-75.520161,6.265413],[-75.520266,6.26559],[-75.520777,6.266199],[-75.520871,6.266353],[-75.521414,6.266644],[-75.521522,6.266729],[-75.521841,6.267215],[-75.522724,6.267754],[-75.523313,6.26824],[-75.523515,6.268311],[-75.523862,6.268301],[-75.524022,6.268407],[-75.524091,6.268505],[-75.524203,6.268854],[-75.524419,6.269724],[-75.524446,6.268987],[-75.524972,6.268944],[-75.524873,6.269843],[-75.524901,6.270162],[-75.525201,6.270541],[-75.525201,6.270925],[-75.525304,6.271075],[-75.525341,6.271544],[-75.525547,6.271759],[-75.525622,6.271998],[-75.525571,6.272373],[-75.525603,6.272476],[-75.525837,6.272752],[-75.525906,6.273068],[-75.525748,6.273245],[-75.525176,6.273644],[-75.525173,6.273717],[-75.525215,6.273788],[-75.52536,6.273877],[-75.525425,6.273994],[-75.525416,6.274097],[-75.525327,6.274205],[-75.525144,6.274556],[-75.52506,6.274626],[-75.524863,6.274645],[-75.524522,6.274626],[-75.524311,6.274575],[-75.523762,6.274561],[-75.523845,6.274922],[-75.523912,6.275626],[-75.524072,6.276123],[-75.524232,6.276404],[-75.52448,6.276611],[-75.524913,6.276868],[-75.525114,6.276939],[-75.526509,6.277002],[-75.526622,6.277197],[-75.52672,6.277268],[-75.527145,6.277931],[-75.527386,6.278437],[-75.527812,6.279503],[-75.527789,6.27957],[-75.527703,6.279622],[-75.527217,6.279726],[-75.526748,6.279786],[-75.5267,6.279861],[-75.526707,6.279906],[-75.527034,6.280108],[-75.527424,6.280298],[-75.527687,6.280636],[-75.527899,6.28083],[-75.52794,6.281],[-75.527544,6.281937],[-75.52732,6.282232],[-75.527311,6.282312],[-75.527404,6.282571],[-75.527405,6.282655],[-75.527239,6.282999],[-75.527127,6.283508],[-75.52708,6.283942],[-75.526885,6.284729],[-75.526747,6.284938],[-75.526584,6.285043],[-75.526446,6.285212],[-75.526344,6.285496],[-75.526277,6.285964],[-75.52611,6.286354],[-75.525944,6.287062],[-75.525868,6.287262],[-75.525822,6.287354],[-75.525473,6.287711],[-75.524926,6.288077],[-75.524665,6.28815],[-75.52494,6.288124],[-75.525057,6.288437],[-75.525348,6.288938],[-75.525552,6.289147],[-75.526022,6.289404],[-75.526305,6.289621],[-75.526624,6.289707],[-75.527213,6.290054],[-75.527357,6.290209],[-75.52756,6.290508],[-75.527851,6.291154],[-75.528163,6.29142],[-75.52833,6.291748],[-75.528527,6.291969],[-75.528722,6.292115],[-75.528943,6.292393],[-75.529264,6.292653],[-75.529461,6.292877],[-75.529611,6.292979],[-75.529696,6.293081],[-75.529792,6.29324],[-75.529892,6.293541],[-75.530107,6.293893],[-75.530131,6.294114],[-75.53006,6.294171],[-75.530051,6.294234],[-75.529901,6.294491],[-75.529882,6.294626],[-75.529699,6.294992],[-75.529651,6.295452],[-75.529564,6.29573],[-75.529572,6.296113],[-75.529602,6.296221],[-75.529569,6.296307],[-75.529598,6.296597],[-75.529723,6.296865],[-75.529849,6.29705],[-75.530017,6.297128],[-75.530219,6.297503],[-75.530225,6.297604],[-75.530145,6.297867],[-75.530417,6.298102],[-75.530552,6.298301],[-75.530703,6.298375],[-75.531066,6.298993],[-75.531202,6.299154],[-75.531352,6.299193],[-75.53143,6.299146],[-75.531436,6.299182],[-75.532124,6.299626],[-75.532264,6.299755],[-75.532713,6.299982],[-75.532967,6.300074],[-75.533207,6.300085]]]},"properties":{"CODIGO":"9008","COMUNA":"90","BARRIO":"08","NOMBRE_BARRIO":"Piedras Blancas","SECTOR":9,"INDICADOR_UR":"R","NOMBRE_COMUNA":"SANTA ELENA","MUNICIPIO":"001"}},{"type":"Feature","id":6,"geometry":{"type":"MultiPolygon","coordinates":[[[[-75.497828,6.20497],[-75.497877,6.204995],[-75.497911,6.20508],[-75.498006,6.205099],[-75.498139,6.20506],[-75.498195,6.20499],[-75.498301,6.204941],[-75.49886,6.204992],[-75.499009,6.204884],[-75.499129,6.204876],[-75.499283,6.205039],[-75.499352,6.205043],[-75.499458,6.204992],[-75.499697,6.205067],[-75.499866,6.205051],[-75.500074,6.204938],[-75.500298,6.204911],[-75.500364,6.204738],[-75.500488,6.20457],[-75.500458,6.20439],[-75.500531,6.20427],[-75.500533,6.2042],[-75.500629,6.204096],[-75.500164,6.20371],[-75.499684,6.203147],[-75.499819,6.202985],[-75.499987,6.202625],[-75.500085,6.202233],[-75.50015,6.201705],[-75.501486,6.20258],[-75.502001,6.202974],[-75.501234,6.203491],[-75.501449,6.203855],[-75.50154,6.203796],[-75.501767,6.203755],[-75.501874,6.203799],[-75.501982,6.203922],[-75.502062,6.203916],[-75.50211,6.20384],[-75.502142,6.203683],[-75.502357,6.203546],[-75.502403,6.203435],[-75.502607,6.203248],[-75.502649,6.203228],[-75.502817,6.203272],[-75.502936,6.203174],[-75.503764,6.204267],[-75.504216,6.204729],[-75.504456,6.204379],[-75.504703,6.204115],[-75.505004,6.203442],[-75.505419,6.203143],[-75.505673,6.203068],[-75.506086,6.202824],[-75.506133,6.202734],[-75.506171,6.202347],[-75.50621,6.202278],[-75.506309,6.202266],[-75.505483,6.20037],[-75.505833,6.200338],[-75.506058,6.200236],[-75.505616,6.199427],[-75.505633,6.198243],[-75.505126,6.198332],[-75.505125,6.19757],[-75.505096,6.197493],[-75.50509,6.197155],[-75.505236,6.19715],[-75.505148,6.196698],[-75.504441,6.196684],[-75.504472,6.196907],[-75.504423,6.19743],[-75.504351,6.197604],[-75.504034,6.197873],[-75.503512,6.198221],[-75.503229,6.19829],[-75.502908,6.198318],[-75.502724,6.198416],[-75.502691,6.198483],[-75.502721,6.198787],[-75.50259,6.199288],[-75.502599,6.199683],[-75.502581,6.199735],[-75.502425,6.199871],[-75.500471,6.201077],[-75.50042,6.20101],[-75.500214,6.201166],[-75.499282,6.201334],[-75.498791,6.202461],[-75.498421,6.202682],[-75.498136,6.203709],[-75.498291,6.204158],[-75.498046,6.20462],[-75.497853,6.204793],[-75.497735,6.204828],[-75.497724,6.204928],[-75.497753,6.204914],[-75.497732,6.204963],[-75.497828,6.20497]]],[[[-75.508767,6.200378],[-75.508154,6.200481],[-75.508823,6.201616],[-75.510151,6.201307],[-75.509802,6.200204],[-75.508767,6.200378]]],[[[-75.507715,6.205846],[-75.508228,6.20612],[-75.508626,6.206268],[-75.509237,6.206306],[-75.509247,6.206334],[-75.509742,6.206428],[-75.51086,6.20648],[-75.511062,6.206454],[-75.511478,6.206247],[-75.510775,6.205034],[-75.511486,6.204401],[-75.51089,6.203619],[-75.51068,6.203053],[-75.510397,6.203151],[-75.50987,6.20344],[-75.509291,6.202439],[-75.507341,6.203072],[-75.506704,6.203212],[-75.506775,6.20352],[-75.506963,6.203751],[-75.507011,6.204051],[-75.507394,6.204665],[-75.507393,6.205502],[-75.507618,6.205799],[-75.507715,6.205846]]]]},"properties":{"CODIGO":"9085","COMUNA":"90","BARRIO":"85","NOMBRE_BARRIO":"Suburbano El Llano","SECTOR":9,"INDICADOR_UR":"R","NOMBRE_COMUNA":"SANTA ELENA","MUNICIPIO":"001"}},{"type":"Feature","id":7,"geometry":{"type":"Polygon","coordinates":[[[-75.502611,6.214382],[-75.502572,6.214453],[-75.502421,6.214557],[-75.502461,6.214624],[-75.502872,6.214364],[-75.503026,6.214376],[-75.503135,6.214534],[-75.503551,6.214276],[-75.503758,6.214024],[-75.503824,6.213874],[-75.504166,6.212684],[-75.504694,6.212915],[-75.504862,6.212164],[-75.505312,6.212143],[-75.505053,6.211157],[-75.50463,6.211365],[-75.504213,6.211508],[-75.50421,6.211148],[-75.504289,6.210609],[-75.504459,6.20982],[-75.504201,6.209747],[-75.504029,6.209837],[-75.503793,6.21003],[-75.503761,6.209844],[-75.503782,6.209705],[-75.504026,6.209254],[-75.504002,6.209094],[-75.503705,6.208702],[-75.503594,6.208444],[-75.503597,6.208344],[-75.50337,6.208262],[-75.503148,6.208098],[-75.502931,6.207888],[-75.502408,6.207297],[-75.50207,6.206804],[-75.501603,6.206991],[-75.50153,6.2072],[-75.501454,6.207284],[-75.501487,6.207371],[-75.501481,6.207463],[-75.50142,6.20758],[-75.501294,6.207678],[-75.501268,6.207791],[-75.501154,6.207981],[-75.50117,6.208071],[-75.501027,6.208232],[-75.501018,6.208488],[-75.50097,6.208645],[-75.500715,6.208779],[-75.500609,6.209014],[-75.500381,6.209254],[-75.499893,6.209488],[-75.499538,6.20981],[-75.499266,6.21028],[-75.498997,6.209952],[-75.498655,6.209663],[-75.498291,6.209415],[-75.497938,6.209071],[-75.497932,6.209175],[-75.497801,6.209082],[-75.497776,6.209122],[-75.497379,6.208824],[-75.496732,6.209707],[-75.496622,6.210004],[-75.496561,6.210516],[-75.4964,6.210852],[-75.495989,6.211238],[-75.495911,6.211355],[-75.49585,6.211337],[-75.495759,6.211376],[-75.49553,6.21139],[-75.495313,6.211536],[-75.495189,6.211686],[-75.495134,6.2117],[-75.495179,6.211895],[-75.495367,6.212059],[-75.49574,6.21217],[-75.495947,6.212166],[-75.49585,6.212327],[-75.496288,6.212698],[-75.496569,6.211909],[-75.496685,6.211783],[-75.496718,6.211814],[-75.49697,6.211644],[-75.497098,6.21189],[-75.497312,6.211787],[-75.497606,6.212216],[-75.497757,6.212135],[-75.497943,6.212093],[-75.498081,6.212005],[-75.498187,6.212114],[-75.49863,6.212226],[-75.498121,6.212652],[-75.498091,6.212759],[-75.498183,6.212719],[-75.498624,6.212838],[-75.498663,6.212733],[-75.498794,6.212573],[-75.49895,6.212518],[-75.498923,6.212404],[-75.498963,6.212385],[-75.498985,6.212315],[-75.49896,6.212279],[-75.499004,6.212231],[-75.498986,6.21203],[-75.499102,6.211859],[-75.499114,6.211781],[-75.499187,6.211699],[-75.499309,6.211355],[-75.499456,6.211235],[-75.499576,6.210919],[-75.500322,6.211097],[-75.501908,6.212151],[-75.502136,6.212788],[-75.50191,6.213263],[-75.501925,6.213287],[-75.502104,6.213132],[-75.502166,6.213305],[-75.502295,6.213263],[-75.502594,6.214097],[-75.502639,6.214312],[-75.502611,6.214382]]]},"properties":{"CODIGO":"9084","COMUNA":"90","BARRIO":"84","NOMBRE_BARRIO":"Suburbano Santa Elena Central","SECTOR":9,"INDICADOR_UR":"R","NOMBRE_COMUNA":"SANTA ELENA","MUNICIPIO":"001"}},{"type":"Feature","id":8,"geometry":{"type":"Polygon","coordinates":[[[-75.497549,6.241054],[-75.497564,6.241247],[-75.497738,6.240979],[-75.497765,6.241034],[-75.49787,6.240795],[-75.498074,6.240551],[-75.498302,6.240383],[-75.499087,6.240708],[-75.49912,6.24058],[-75.499205,6.240438],[-75.499272,6.239872],[-75.499562,6.238604],[-75.499497,6.238423],[-75.499682,6.238023],[-75.50013,6.237529],[-75.500208,6.237526],[-75.500233,6.237493],[-75.499509,6.236932],[-75.499001,6.237363],[-75.498829,6.237315],[-75.498404,6.237283],[-75.498614,6.236931],[-75.498772,6.236747],[-75.498341,6.236468],[-75.498384,6.236354],[-75.498177,6.236174],[-75.498304,6.236002],[-75.498262,6.235968],[-75.498149,6.236022],[-75.49782,6.236048],[-75.497436,6.236274],[-75.497241,6.236438],[-75.496729,6.236474],[-75.496643,6.236808],[-75.496617,6.237181],[-75.496533,6.237451],[-75.496536,6.237602],[-75.496486,6.237672],[-75.496507,6.237746],[-75.496576,6.23779],[-75.496608,6.237779],[-75.49668,6.237938],[-75.496687,6.238031],[-75.496589,6.238243],[-75.496415,6.238312],[-75.496361,6.238387],[-75.496371,6.238663],[-75.496244,6.238963],[-75.495904,6.239469],[-75.495696,6.239659],[-75.495628,6.239777],[-75.495776,6.240202],[-75.496364,6.240032],[-75.496309,6.240687],[-75.496574,6.240714],[-75.49666,6.240809],[-75.496725,6.240993],[-75.496843,6.24088],[-75.497227,6.240783],[-75.497477,6.240556],[-75.497549,6.241054]]]},"properties":{"CODIGO":"9079","COMUNA":"90","BARRIO":"79","NOMBRE_BARRIO":"Suburbano Piedra Gorda","SECTOR":9,"INDICADOR_UR":"R","NOMBRE_COMUNA":"SANTA ELENA","MUNICIPIO":"001"}},{"type":"Feature","id":9,"geometry":{"type":"Polygon","coordinates":[[[-75.600856,6.298659],[-75.600843,6.298636],[-75.600706,6.298758],[-75.600513,6.298848],[-75.599233,6.299191],[-75.599079,6.29929],[-75.598853,6.299299],[-75.598693,6.299369],[-75.598474,6.29948],[-75.598176,6.299742],[-75.597426,6.300248],[-75.597362,6.300303],[-75.597391,6.300327],[-75.597359,6.30035],[-75.59701,6.300511],[-75.596929,6.3005],[-75.596568,6.300593],[-75.596403,6.300697],[-75.59624,6.300854],[-75.596114,6.301046],[-75.595946,6.301503],[-75.595271,6.302085],[-75.59456,6.303302],[-75.594542,6.303726],[-75.594365,6.304242],[-75.594424,6.304769],[-75.594389,6.305495],[-75.594255,6.305892],[-75.593789,6.306626],[-75.593789,6.306787],[-75.593851,6.306916],[-75.593958,6.306984],[-75.594347,6.307028],[-75.594394,6.307001],[-75.594696,6.307094],[-75.594956,6.307314],[-75.595208,6.307719],[-75.595347,6.307759],[-75.595385,6.307804],[-75.59565,6.307726],[-75.596036,6.307479],[-75.596478,6.307359],[-75.596841,6.30712],[-75.597063,6.307072],[-75.597659,6.307292],[-75.597911,6.307329],[-75.598202,6.307466],[-75.59867,6.307514],[-75.599059,6.30763],[-75.599285,6.307786],[-75.599377,6.307969],[-75.599598,6.308198],[-75.600408,6.308595],[-75.600579,6.308641],[-75.601341,6.308799],[-75.601564,6.308768],[-75.602144,6.309029],[-75.602489,6.308977],[-75.602931,6.308815],[-75.603264,6.308733],[-75.603456,6.30873],[-75.604022,6.308863],[-75.604213,6.309007],[-75.604297,6.309194],[-75.604323,6.309344],[-75.604394,6.309364],[-75.604664,6.309338],[-75.604839,6.309429],[-75.604958,6.309638],[-75.605003,6.309877],[-75.605068,6.310019],[-75.605437,6.310241],[-75.605592,6.310561],[-75.60612,6.310834],[-75.606406,6.311037],[-75.607085,6.311741],[-75.607123,6.311875],[-75.607243,6.311941],[-75.607308,6.312194],[-75.607409,6.312295],[-75.607563,6.312358],[-75.607751,6.31258],[-75.607795,6.312837],[-75.607738,6.313326],[-75.607766,6.313491],[-75.607896,6.313625],[-75.608422,6.31389],[-75.60882,6.313944],[-75.609452,6.313764],[-75.6098,6.31362],[-75.610034,6.31359],[-75.610495,6.313626],[-75.61062,6.313705],[-75.610747,6.31387],[-75.610844,6.313934],[-75.611185,6.313963],[-75.61176,6.314183],[-75.612296,6.314096],[-75.612537,6.314188],[-75.612894,6.314206],[-75.613134,6.314114],[-75.613852,6.31404],[-75.614394,6.314102],[-75.614561,6.314047],[-75.614036,6.313476],[-75.613692,6.313374],[-75.613425,6.313152],[-75.613162,6.312807],[-75.612818,6.312505],[-75.612621,6.312043],[-75.612571,6.311785],[-75.612407,6.311513],[-75.61239,6.311234],[-75.612303,6.31105],[-75.611989,6.311041],[-75.611662,6.310839],[-75.611435,6.310751],[-75.611143,6.310791],[-75.610961,6.310753],[-75.609548,6.30986],[-75.609084,6.30964],[-75.609104,6.309611],[-75.608873,6.309439],[-75.608358,6.308811],[-75.608184,6.308654],[-75.607757,6.30843],[-75.6074,6.308171],[-75.607285,6.308007],[-75.606964,6.307263],[-75.606834,6.307063],[-75.606277,6.306605],[-75.606038,6.306505],[-75.605942,6.306432],[-75.605861,6.306337],[-75.605497,6.305621],[-75.605264,6.305353],[-75.605051,6.305225],[-75.60462,6.305033],[-75.604369,6.305019],[-75.604241,6.30497],[-75.60408,6.304845],[-75.603698,6.304105],[-75.603676,6.30398],[-75.603547,6.303726],[-75.603427,6.303327],[-75.603424,6.303225],[-75.603326,6.303017],[-75.603262,6.302947],[-75.603249,6.302636],[-75.60306,6.302336],[-75.603027,6.302203],[-75.603079,6.302058],[-75.603031,6.301894],[-75.603083,6.301635],[-75.603071,6.301465],[-75.602937,6.301171],[-75.602708,6.300948],[-75.602604,6.300504],[-75.602407,6.300267],[-75.602387,6.300154],[-75.602437,6.300057],[-75.602434,6.299982],[-75.602271,6.299861],[-75.602293,6.29975],[-75.602204,6.299593],[-75.602203,6.299427],[-75.601947,6.299311],[-75.601755,6.299312],[-75.601557,6.29936],[-75.601477,6.299335],[-75.601199,6.299142],[-75.60108,6.298932],[-75.600856,6.298659]]]},"properties":{"CODIGO":"6013","COMUNA":"60","BARRIO":"13","NOMBRE_BARRIO":"El Carmelo","SECTOR":7,"INDICADOR_UR":"R","NOMBRE_COMUNA":"SAN CRISTOBAL","MUNICIPIO":"001"}},{"type":"Feature","id":10,"geometry":{"type":"Polygon","coordinates":[[[-75.623026,6.315039],[-75.623099,6.314938],[-75.623307,6.314997],[-75.623406,6.314955],[-75.623736,6.31442],[-75.623947,6.314163],[-75.624295,6.313841],[-75.624704,6.313592],[-75.62507,6.313459],[-75.62532,6.313418],[-75.625786,6.313437],[-75.625465,6.313087],[-75.625148,6.312536],[-75.62495,6.312248],[-75.624808,6.312112],[-75.624926,6.311843],[-75.624931,6.311403],[-75.62489,6.311159],[-75.624785,6.310956],[-75.62458,6.310713],[-75.624479,6.310465],[-75.624478,6.310214],[-75.624567,6.309997],[-75.624611,6.309701],[-75.6249,6.309292],[-75.625168,6.309074],[-75.625854,6.309002],[-75.62553,6.308331],[-75.625155,6.307401],[-75.624923,6.306476],[-75.624978,6.305878],[-75.624954,6.304827],[-75.624705,6.30459],[-75.624245,6.304002],[-75.624735,6.303866],[-75.624687,6.303834],[-75.624727,6.303807],[-75.624945,6.303833],[-75.625452,6.303714],[-75.625756,6.30378],[-75.625977,6.303655],[-75.626002,6.303581],[-75.626017,6.302884],[-75.625932,6.300468],[-75.625984,6.299947],[-75.625987,6.298987],[-75.625219,6.298912],[-75.624846,6.298923],[-75.624909,6.29833],[-75.625003,6.297985],[-75.625911,6.296003],[-75.625367,6.295489],[-75.625285,6.295287],[-75.625285,6.295114],[-75.625239,6.294904],[-75.625129,6.294693],[-75.6248,6.294419],[-75.624572,6.293962],[-75.624387,6.29335],[-75.623276,6.292952],[-75.622927,6.292869],[-75.622756,6.292961],[-75.6225,6.293477],[-75.622426,6.293562],[-75.622267,6.293642],[-75.622033,6.293678],[-75.621665,6.293901],[-75.621378,6.293643],[-75.621217,6.293629],[-75.621018,6.29366],[-75.619784,6.293596],[-75.619387,6.293412],[-75.618979,6.293293],[-75.618388,6.292871],[-75.618193,6.292828],[-75.617723,6.292858],[-75.617143,6.292572],[-75.616795,6.292495],[-75.616689,6.2925],[-75.616204,6.292733],[-75.616032,6.292759],[-75.615778,6.292748],[-75.615648,6.292791],[-75.615484,6.292941],[-75.615321,6.293154],[-75.615146,6.293289],[-75.614922,6.293422],[-75.614611,6.293533],[-75.614654,6.293603],[-75.614642,6.29364],[-75.614427,6.293813],[-75.614471,6.293928],[-75.614604,6.294006],[-75.615093,6.294079],[-75.615405,6.294418],[-75.61489,6.294646],[-75.614469,6.294886],[-75.614107,6.294641],[-75.613582,6.294915],[-75.612316,6.294959],[-75.612082,6.295058],[-75.611683,6.295077],[-75.611173,6.29521],[-75.610781,6.295462],[-75.610573,6.295487],[-75.610437,6.295555],[-75.610331,6.295739],[-75.610285,6.295899],[-75.610014,6.296165],[-75.60954,6.296431],[-75.609069,6.296427],[-75.608786,6.296653],[-75.608787,6.29612],[-75.608712,6.295793],[-75.608407,6.295988],[-75.608332,6.296107],[-75.608256,6.296344],[-75.608154,6.296414],[-75.60807,6.296405],[-75.607817,6.296245],[-75.607657,6.296204],[-75.606418,6.296234],[-75.605965,6.296284],[-75.604493,6.295917],[-75.604285,6.295949],[-75.60397,6.296067],[-75.603524,6.296072],[-75.60328,6.296151],[-75.603049,6.296316],[-75.602745,6.296458],[-75.602666,6.296545],[-75.60258,6.296756],[-75.602483,6.296872],[-75.601578,6.297473],[-75.601316,6.297714],[-75.601063,6.298117],[-75.600856,6.298659],[-75.60108,6.298932],[-75.601199,6.299142],[-75.601477,6.299335],[-75.601557,6.29936],[-75.601755,6.299312],[-75.601947,6.299311],[-75.602203,6.299427],[-75.602204,6.299593],[-75.602293,6.29975],[-75.602271,6.299861],[-75.602434,6.299982],[-75.602437,6.300057],[-75.602387,6.300154],[-75.602407,6.300267],[-75.602604,6.300504],[-75.602708,6.300948],[-75.602937,6.301171],[-75.603071,6.301465],[-75.603083,6.301635],[-75.603031,6.301894],[-75.603079,6.302058],[-75.603027,6.302203],[-75.60306,6.302336],[-75.603249,6.302636],[-75.603262,6.302947],[-75.603326,6.303017],[-75.603424,6.303225],[-75.603427,6.303327],[-75.603547,6.303726],[-75.603676,6.30398],[-75.603698,6.304105],[-75.60408,6.304845],[-75.604241,6.30497],[-75.604369,6.305019],[-75.60462,6.305033],[-75.605051,6.305225],[-75.605264,6.305353],[-75.605497,6.305621],[-75.605861,6.306337],[-75.605942,6.306432],[-75.606038,6.306505],[-75.606277,6.306605],[-75.606834,6.307063],[-75.606964,6.307263],[-75.607285,6.308007],[-75.6074,6.308171],[-75.607757,6.30843],[-75.608184,6.308654],[-75.608358,6.308811],[-75.608873,6.309439],[-75.609104,6.309611],[-75.609084,6.30964],[-75.609548,6.30986],[-75.610961,6.310753],[-75.611143,6.310791],[-75.611435,6.310751],[-75.611662,6.310839],[-75.611989,6.311041],[-75.612303,6.31105],[-75.61239,6.311234],[-75.612407,6.311513],[-75.612571,6.311785],[-75.612621,6.312043],[-75.612818,6.312505],[-75.613162,6.312807],[-75.613425,6.313152],[-75.613692,6.313374],[-75.614036,6.313476],[-75.614561,6.314047],[-75.614597,6.314036],[-75.614708,6.313732],[-75.614888,6.313581],[-75.615495,6.313272],[-75.615699,6.313212],[-75.615957,6.313203],[-75.616153,6.313248],[-75.616434,6.313401],[-75.616968,6.313587],[-75.617542,6.313714],[-75.617813,6.313722],[-75.618063,6.313621],[-75.618816,6.313936],[-75.619667,6.31413],[-75.61978,6.314209],[-75.620036,6.314312],[-75.620322,6.31437],[-75.620622,6.31437],[-75.620838,6.314422],[-75.621082,6.314386],[-75.621702,6.314514],[-75.622824,6.314881],[-75.623026,6.315039]]]},"properties":{"CODIGO":"6014","COMUNA":"60","BARRIO":"14","NOMBRE_BARRIO":"Yolombo","SECTOR":7,"INDICADOR_UR":"R","NOMBRE_COMUNA":"SAN CRISTOBAL","MUNICIPIO":"001"}},{"type":"Feature","id":11,"geometry":{"type":"Polygon","coordinates":[[[-75.614162,6.207377],[-75.614392,6.207852],[-75.614564,6.207588],[-75.614687,6.207315],[-75.614572,6.207364],[-75.614548,6.20734],[-75.614828,6.207239],[-75.614916,6.207236],[-75.614951,6.207273],[-75.615111,6.207297],[-75.615273,6.207262],[-75.615252,6.207389],[-75.615394,6.207369],[-75.615599,6.207393],[-75.615985,6.2075],[-75.616299,6.207537],[-75.616579,6.207501],[-75.617004,6.207278],[-75.61706,6.207441],[-75.617276,6.20749],[-75.617465,6.207438],[-75.61741,6.207121],[-75.617956,6.20695],[-75.61852,6.20699],[-75.618536,6.206749],[-75.618521,6.206706],[-75.618415,6.206694],[-75.618344,6.205992],[-75.618016,6.205963],[-75.617853,6.205988],[-75.617635,6.205888],[-75.617476,6.205966],[-75.617266,6.206149],[-75.617201,6.206154],[-75.617068,6.206061],[-75.616967,6.206045],[-75.616834,6.206115],[-75.61676,6.206231],[-75.616711,6.206248],[-75.616394,6.206084],[-75.6163,6.205711],[-75.616883,6.205521],[-75.617007,6.20532],[-75.617074,6.20509],[-75.617031,6.205098],[-75.617047,6.20506],[-75.617176,6.204967],[-75.617071,6.20492],[-75.61712,6.204825],[-75.617208,6.20475],[-75.617254,6.204235],[-75.617081,6.204018],[-75.617044,6.203804],[-75.617111,6.203741],[-75.617026,6.203737],[-75.616942,6.203795],[-75.616933,6.203892],[-75.616727,6.204227],[-75.616725,6.204329],[-75.616644,6.204422],[-75.616482,6.204517],[-75.616345,6.204527],[-75.616362,6.204796],[-75.61618,6.204772],[-75.61596,6.204651],[-75.616085,6.204476],[-75.615828,6.204279],[-75.615628,6.203856],[-75.615181,6.203767],[-75.614736,6.203805],[-75.614676,6.204105],[-75.614507,6.204406],[-75.614241,6.204543],[-75.614014,6.204761],[-75.613941,6.205201],[-75.613095,6.205216],[-75.612814,6.2053],[-75.612765,6.205219],[-75.612963,6.20489],[-75.613068,6.204784],[-75.612532,6.204526],[-75.612668,6.203289],[-75.612166,6.203273],[-75.611773,6.2032],[-75.611776,6.203249],[-75.611835,6.203314],[-75.611789,6.203521],[-75.611855,6.203551],[-75.611906,6.203711],[-75.611904,6.203854],[-75.611788,6.204313],[-75.611581,6.204316],[-75.611045,6.204453],[-75.610841,6.204424],[-75.610206,6.20416],[-75.609729,6.205053],[-75.609484,6.205419],[-75.609464,6.205528],[-75.609581,6.205417],[-75.609848,6.205324],[-75.610446,6.205343],[-75.610357,6.205724],[-75.610234,6.205643],[-75.609984,6.205665],[-75.609886,6.205695],[-75.609879,6.205769],[-75.609962,6.20589],[-75.60994,6.205934],[-75.609658,6.205977],[-75.60944,6.205913],[-75.609373,6.205928],[-75.609333,6.206112],[-75.609261,6.206139],[-75.609436,6.206605],[-75.609417,6.206967],[-75.609454,6.207103],[-75.609684,6.207262],[-75.609996,6.207403],[-75.610183,6.206962],[-75.610262,6.206844],[-75.610408,6.206731],[-75.610727,6.206603],[-75.610945,6.206539],[-75.611875,6.206394],[-75.612328,6.206458],[-75.612617,6.206418],[-75.612996,6.206499],[-75.613327,6.206493],[-75.613577,6.20656],[-75.61383,6.20673],[-75.613881,6.207071],[-75.614026,6.207302],[-75.614162,6.207377]]]},"properties":{"CODIGO":"7089","COMUNA":"70","BARRIO":"89","NOMBRE_BARRIO":"San Jose Del Manzanillo","SECTOR":8,"INDICADOR_UR":"R","NOMBRE_COMUNA":"ALTAVISTA","MUNICIPIO":"001"}},{"type":"Feature","id":12,"geometry":{"type":"Polygon","coordinates":[[[-75.609867,6.22735],[-75.610085,6.227603],[-75.61018,6.227879],[-75.609925,6.228522],[-75.609437,6.229376],[-75.609687,6.229517],[-75.609616,6.229706],[-75.610336,6.22987],[-75.610615,6.229623],[-75.610931,6.229467],[-75.611079,6.229351],[-75.611085,6.229179],[-75.610976,6.228442],[-75.611041,6.228145],[-75.611154,6.227999],[-75.611509,6.227932],[-75.61168,6.22784],[-75.611754,6.227701],[-75.611845,6.227344],[-75.611996,6.22739],[-75.612012,6.227607],[-75.612366,6.227494],[-75.612417,6.227453],[-75.612462,6.22747],[-75.612828,6.227372],[-75.613588,6.227573],[-75.613987,6.227711],[-75.614379,6.228012],[-75.614459,6.227886],[-75.615238,6.228235],[-75.615286,6.228223],[-75.615334,6.228139],[-75.615465,6.228139],[-75.615668,6.228199],[-75.615747,6.228182],[-75.615998,6.227907],[-75.616082,6.227751],[-75.617289,6.227631],[-75.61757,6.226791],[-75.61818,6.226374],[-75.61892,6.226819],[-75.619211,6.227148],[-75.619555,6.227468],[-75.619735,6.227767],[-75.619812,6.227834],[-75.620272,6.22785],[-75.620424,6.22789],[-75.620653,6.228005],[-75.620867,6.227991],[-75.621197,6.228025],[-75.621579,6.228346],[-75.621695,6.22839],[-75.622275,6.22839],[-75.623108,6.228861],[-75.623143,6.228739],[-75.623413,6.228447],[-75.623539,6.228116],[-75.623741,6.227945],[-75.623933,6.227871],[-75.624133,6.227937],[-75.624356,6.227926],[-75.624836,6.227997],[-75.625104,6.228072],[-75.625236,6.228175],[-75.626028,6.228133],[-75.626283,6.228157],[-75.626569,6.2281],[-75.626752,6.22811],[-75.627401,6.228286],[-75.628131,6.228121],[-75.628428,6.227959],[-75.62853,6.227868],[-75.628387,6.227631],[-75.628748,6.227627],[-75.628921,6.227595],[-75.629347,6.227351],[-75.629725,6.227239],[-75.629849,6.227268],[-75.630154,6.227607],[-75.630749,6.227772],[-75.630746,6.227822],[-75.630836,6.227892],[-75.631719,6.22835],[-75.631898,6.228328],[-75.632008,6.228266],[-75.63215,6.228119],[-75.632323,6.227858],[-75.632394,6.227879],[-75.632847,6.228304],[-75.633426,6.228475],[-75.633931,6.228327],[-75.634346,6.228327],[-75.634714,6.228258],[-75.635678,6.227896],[-75.636352,6.227715],[-75.63681,6.227677],[-75.637346,6.227686],[-75.63824,6.227794],[-75.638484,6.22757],[-75.638633,6.227341],[-75.639543,6.226567],[-75.639769,6.226474],[-75.640418,6.226302],[-75.640665,6.226268],[-75.641532,6.226426],[-75.642029,6.226375],[-75.642507,6.226231],[-75.642722,6.226208],[-75.642994,6.226313],[-75.643082,6.226413],[-75.643546,6.226564],[-75.643784,6.226614],[-75.644022,6.226601],[-75.645702,6.225974],[-75.646,6.225993],[-75.646459,6.226232],[-75.646649,6.226298],[-75.647136,6.22637],[-75.647332,6.22636],[-75.648243,6.226111],[-75.648875,6.225852],[-75.649113,6.22579],[-75.649372,6.225769],[-75.649573,6.225807],[-75.649831,6.225647],[-75.650876,6.225207],[-75.651127,6.225208],[-75.651553,6.225328],[-75.651714,6.225266],[-75.652166,6.224955],[-75.652274,6.224926],[-75.652494,6.224957],[-75.652951,6.225188],[-75.653125,6.225222],[-75.653781,6.224896],[-75.653893,6.224876],[-75.654038,6.224896],[-75.653993,6.224666],[-75.654028,6.224055],[-75.654156,6.223893],[-75.65444,6.223159],[-75.654475,6.222776],[-75.654292,6.222337],[-75.654201,6.22195],[-75.654083,6.22182],[-75.653985,6.221597],[-75.653987,6.221147],[-75.653803,6.220841],[-75.653764,6.220554],[-75.653599,6.220079],[-75.653608,6.219726],[-75.653573,6.219534],[-75.65362,6.219391],[-75.653665,6.21895],[-75.653591,6.218619],[-75.653447,6.218494],[-75.653402,6.218359],[-75.653192,6.218032],[-75.65315,6.217741],[-75.652943,6.217239],[-75.652709,6.216821],[-75.652671,6.216168],[-75.652047,6.214788],[-75.651904,6.214236],[-75.652181,6.214166],[-75.652486,6.214199],[-75.652753,6.214277],[-75.653227,6.214231],[-75.653514,6.214258],[-75.65331,6.212387],[-75.653245,6.211026],[-75.653458,6.210182],[-75.653493,6.209923],[-75.653407,6.209825],[-75.652988,6.209665],[-75.652691,6.209489],[-75.652578,6.209367],[-75.652252,6.208755],[-75.65216,6.20833],[-75.652036,6.208203],[-75.651542,6.208188],[-75.6509,6.208229],[-75.649907,6.208178],[-75.648193,6.208245],[-75.647432,6.208143],[-75.646725,6.208118],[-75.646027,6.208028],[-75.644632,6.207994],[-75.643593,6.208141],[-75.64249,6.20812],[-75.641347,6.208022],[-75.640603,6.207899],[-75.639329,6.207428],[-75.639014,6.207251],[-75.638175,6.206531],[-75.637946,6.206428],[-75.637721,6.206436],[-75.637306,6.20567],[-75.637272,6.205541],[-75.637245,6.20503],[-75.637013,6.204675],[-75.636863,6.204148],[-75.636361,6.203475],[-75.636083,6.203301],[-75.635754,6.202994],[-75.635286,6.20251],[-75.634864,6.202011],[-75.634641,6.201804],[-75.634473,6.201589],[-75.633867,6.20119],[-75.633422,6.201052],[-75.633115,6.201083],[-75.63294,6.201068],[-75.632733,6.201146],[-75.632204,6.200563],[-75.631767,6.200259],[-75.631324,6.199821],[-75.630705,6.199337],[-75.630545,6.199179],[-75.630408,6.199002],[-75.630335,6.198737],[-75.630316,6.197869],[-75.630209,6.197259],[-75.629922,6.197],[-75.629842,6.196887],[-75.629541,6.196255],[-75.627041,6.196674],[-75.626723,6.196618],[-75.626641,6.196637],[-75.626566,6.196594],[-75.625926,6.196461],[-75.624712,6.196345],[-75.624589,6.196343],[-75.624198,6.196461],[-75.624066,6.196472],[-75.622673,6.196376],[-75.622089,6.196302],[-75.621529,6.196367],[-75.620892,6.196605],[-75.620534,6.196499],[-75.619986,6.196202],[-75.619286,6.195955],[-75.619169,6.195875],[-75.618618,6.196046],[-75.618384,6.196061],[-75.618015,6.19617],[-75.617903,6.196171],[-75.617519,6.19651],[-75.617314,6.196929],[-75.61701,6.197401],[-75.616823,6.197526],[-75.616576,6.197526],[-75.61619,6.197433],[-75.615635,6.197424],[-75.615219,6.19771],[-75.614961,6.197767],[-75.614369,6.197775],[-75.6142,6.197741],[-75.614178,6.197914],[-75.614036,6.198393],[-75.613895,6.198575],[-75.613437,6.198833],[-75.6124,6.199097],[-75.610745,6.199174],[-75.609782,6.199294],[-75.608852,6.199296],[-75.608444,6.199145],[-75.608396,6.199056],[-75.608341,6.199026],[-75.60823,6.199044],[-75.608194,6.198978],[-75.607946,6.19887],[-75.607737,6.198657],[-75.607385,6.198142],[-75.606927,6.19793],[-75.606253,6.198448],[-75.605825,6.19885],[-75.605272,6.198405],[-75.605023,6.198285],[-75.603517,6.198145],[-75.603431,6.198242],[-75.602437,6.198685],[-75.602345,6.198614],[-75.60217,6.198599],[-75.601507,6.198939],[-75.601112,6.199051],[-75.60099,6.199123],[-75.600807,6.199028],[-75.600452,6.199206],[-75.600297,6.199221],[-75.60007,6.199319],[-75.60008,6.199342],[-75.599881,6.199309],[-75.599912,6.199427],[-75.600949,6.200218],[-75.600838,6.200312],[-75.601644,6.200245],[-75.601797,6.200045],[-75.601779,6.19992],[-75.601623,6.199802],[-75.601949,6.19937],[-75.602108,6.19949],[-75.602073,6.199608],[-75.602289,6.199816],[-75.603051,6.200167],[-75.603036,6.200252],[-75.60328,6.200748],[-75.603338,6.200811],[-75.603354,6.200986],[-75.603425,6.201097],[-75.603416,6.201345],[-75.60346,6.201531],[-75.603572,6.201656],[-75.603663,6.201699],[-75.603467,6.201979],[-75.603822,6.202595],[-75.604031,6.202749],[-75.604094,6.20266],[-75.605432,6.203433],[-75.6054,6.203056],[-75.605467,6.202955],[-75.605601,6.202961],[-75.605866,6.202733],[-75.605812,6.202589],[-75.605708,6.202466],[-75.605776,6.202537],[-75.605868,6.202568],[-75.605933,6.20254],[-75.606177,6.202537],[-75.60639,6.20247],[-75.606483,6.20281],[-75.606461,6.203045],[-75.606509,6.20307],[-75.60672,6.203],[-75.606817,6.203065],[-75.606724,6.203251],[-75.606719,6.203398],[-75.606758,6.203483],[-75.606891,6.20358],[-75.60684,6.203733],[-75.606878,6.203776],[-75.606732,6.203834],[-75.606969,6.203951],[-75.607049,6.204027],[-75.607056,6.204117],[-75.607159,6.204331],[-75.607426,6.204616],[-75.607505,6.204612],[-75.607749,6.20449],[-75.607824,6.204487],[-75.607926,6.204546],[-75.608461,6.204642],[-75.608726,6.204735],[-75.609013,6.204786],[-75.609292,6.204785],[-75.609608,6.205001],[-75.609733,6.205043],[-75.610206,6.20416],[-75.610841,6.204424],[-75.611045,6.204453],[-75.611581,6.204316],[-75.611788,6.204313],[-75.611904,6.203854],[-75.611906,6.203711],[-75.611855,6.203551],[-75.611789,6.203521],[-75.611835,6.203314],[-75.611776,6.203249],[-75.611773,6.2032],[-75.612166,6.203273],[-75.612668,6.203289],[-75.612532,6.204526],[-75.613068,6.204784],[-75.612963,6.20489],[-75.612765,6.205219],[-75.612814,6.2053],[-75.613095,6.205216],[-75.613941,6.205201],[-75.614014,6.204761],[-75.614241,6.204543],[-75.614507,6.204406],[-75.614676,6.204105],[-75.614736,6.203805],[-75.615181,6.203767],[-75.615628,6.203856],[-75.615828,6.204279],[-75.616085,6.204476],[-75.61596,6.204651],[-75.61618,6.204772],[-75.616362,6.204796],[-75.616345,6.204527],[-75.616482,6.204517],[-75.616644,6.204422],[-75.616725,6.204329],[-75.616727,6.204227],[-75.616933,6.203892],[-75.616942,6.203795],[-75.617026,6.203737],[-75.617111,6.203741],[-75.617044,6.203804],[-75.617081,6.204018],[-75.617254,6.204235],[-75.617208,6.20475],[-75.61712,6.204825],[-75.617071,6.20492],[-75.617176,6.204967],[-75.617047,6.20506],[-75.617031,6.205098],[-75.617074,6.20509],[-75.617007,6.20532],[-75.616883,6.205521],[-75.6163,6.205711],[-75.616394,6.206084],[-75.616711,6.206248],[-75.61676,6.206231],[-75.616834,6.206115],[-75.616967,6.206045],[-75.617068,6.206061],[-75.617201,6.206154],[-75.617266,6.206149],[-75.617476,6.205966],[-75.617635,6.205888],[-75.617853,6.205988],[-75.618016,6.205963],[-75.618344,6.205992],[-75.618415,6.206694],[-75.618521,6.206706],[-75.618536,6.206749],[-75.61852,6.20699],[-75.617956,6.20695],[-75.61741,6.207121],[-75.617465,6.207438],[-75.617276,6.20749],[-75.61706,6.207441],[-75.617004,6.207278],[-75.616579,6.207501],[-75.616299,6.207537],[-75.615985,6.2075],[-75.615599,6.207393],[-75.615394,6.207369],[-75.615252,6.207389],[-75.615273,6.207262],[-75.615111,6.207297],[-75.614951,6.207273],[-75.614916,6.207236],[-75.614828,6.207239],[-75.614548,6.20734],[-75.614572,6.207364],[-75.614687,6.207315],[-75.614564,6.207588],[-75.614392,6.207852],[-75.614198,6.207422],[-75.614026,6.207302],[-75.613881,6.207071],[-75.61383,6.20673],[-75.613577,6.20656],[-75.613327,6.206493],[-75.612996,6.206499],[-75.612617,6.206418],[-75.612328,6.206458],[-75.611875,6.206394],[-75.610945,6.206539],[-75.610408,6.206731],[-75.610262,6.206844],[-75.610183,6.206962],[-75.609996,6.207403],[-75.609684,6.207262],[-75.609454,6.207103],[-75.609417,6.206967],[-75.609436,6.206605],[-75.609261,6.206139],[-75.609333,6.206112],[-75.609397,6.20591],[-75.609658,6.205977],[-75.60994,6.205934],[-75.609962,6.20589],[-75.609879,6.205769],[-75.609886,6.205695],[-75.609922,6.20568],[-75.610234,6.205643],[-75.610357,6.205724],[-75.610446,6.205343],[-75.609755,6.205344],[-75.609581,6.205417],[-75.609256,6.205796],[-75.608826,6.205801],[-75.608433,6.20588],[-75.607989,6.206109],[-75.607548,6.206189],[-75.607345,6.206153],[-75.607264,6.206074],[-75.607216,6.205937],[-75.60691,6.205646],[-75.606728,6.205653],[-75.606493,6.205858],[-75.606306,6.205728],[-75.606245,6.205723],[-75.605965,6.206187],[-75.605986,6.206329],[-75.605964,6.206648],[-75.605528,6.206587],[-75.605353,6.206983],[-75.605746,6.207028],[-75.605927,6.207016],[-75.606097,6.207083],[-75.606336,6.207247],[-75.606464,6.207227],[-75.606683,6.207308],[-75.60696,6.207341],[-75.607119,6.207453],[-75.607167,6.207539],[-75.607249,6.20796],[-75.60713,6.208427],[-75.607121,6.208709],[-75.607028,6.208862],[-75.606869,6.209014],[-75.606471,6.209226],[-75.60624,6.209282],[-75.606059,6.209479],[-75.605868,6.209509],[-75.605641,6.209703],[-75.605457,6.209793],[-75.605494,6.209894],[-75.605616,6.210049],[-75.605414,6.210168],[-75.605319,6.210149],[-75.605346,6.210272],[-75.605428,6.21029],[-75.605444,6.210386],[-75.605532,6.210544],[-75.60526,6.210838],[-75.605474,6.210649],[-75.605526,6.210668],[-75.605596,6.210629],[-75.605859,6.210599],[-75.606069,6.210523],[-75.606206,6.210454],[-75.606272,6.21037],[-75.606508,6.210305],[-75.606654,6.210167],[-75.606727,6.210163],[-75.606795,6.210216],[-75.606843,6.210184],[-75.606891,6.210195],[-75.606987,6.210251],[-75.607057,6.21019],[-75.607123,6.210212],[-75.607167,6.210238],[-75.607062,6.210358],[-75.60721,6.210499],[-75.607284,6.21062],[-75.607154,6.210789],[-75.607243,6.210898],[-75.607327,6.210938],[-75.607417,6.211065],[-75.607552,6.211507],[-75.60769,6.211638],[-75.608199,6.2119],[-75.608284,6.211825],[-75.608363,6.211829],[-75.608547,6.211752],[-75.608942,6.211939],[-75.609167,6.212312],[-75.609322,6.21265],[-75.609706,6.2129],[-75.609894,6.212945],[-75.610205,6.21293],[-75.6107,6.212999],[-75.610729,6.213213],[-75.610649,6.213429],[-75.610396,6.213543],[-75.610267,6.213755],[-75.610047,6.213701],[-75.609794,6.213792],[-75.609106,6.213803],[-75.60912,6.214147],[-75.609197,6.214445],[-75.609532,6.214362],[-75.609668,6.214417],[-75.609573,6.214632],[-75.60935,6.214992],[-75.609407,6.215076],[-75.609561,6.215126],[-75.609604,6.21517],[-75.609631,6.215284],[-75.609855,6.215457],[-75.609937,6.215718],[-75.609582,6.216014],[-75.609255,6.216397],[-75.609498,6.216595],[-75.609733,6.216654],[-75.609798,6.216713],[-75.609811,6.216767],[-75.609759,6.216727],[-75.609742,6.216744],[-75.609587,6.216971],[-75.609572,6.21704],[-75.609321,6.217125],[-75.609198,6.217232],[-75.609195,6.217367],[-75.609351,6.21754],[-75.609422,6.217706],[-75.609488,6.217736],[-75.609681,6.217754],[-75.609961,6.217661],[-75.610065,6.217794],[-75.61015,6.217847],[-75.609962,6.218182],[-75.609976,6.218255],[-75.610032,6.218301],[-75.610175,6.218306],[-75.610246,6.218397],[-75.610358,6.218417],[-75.610431,6.218473],[-75.610479,6.218554],[-75.610357,6.218864],[-75.610229,6.21898],[-75.610063,6.219241],[-75.609882,6.219326],[-75.610522,6.219274],[-75.610521,6.219138],[-75.61073,6.21884],[-75.611258,6.218453],[-75.61186,6.21831],[-75.612715,6.218358],[-75.612647,6.218462],[-75.612757,6.218614],[-75.612535,6.218765],[-75.612406,6.218937],[-75.612107,6.219078],[-75.612152,6.21919],[-75.612083,6.219308],[-75.613491,6.22015],[-75.613486,6.220198],[-75.613424,6.220192],[-75.613473,6.220339],[-75.613384,6.220526],[-75.613204,6.220526],[-75.613196,6.22061],[-75.61257,6.220543],[-75.612485,6.221287],[-75.612326,6.2214],[-75.612387,6.221441],[-75.61255,6.221333],[-75.612632,6.220628],[-75.613246,6.220688],[-75.613114,6.221714],[-75.612861,6.221742],[-75.612525,6.221709],[-75.612308,6.221505],[-75.612021,6.221074],[-75.611994,6.221443],[-75.612051,6.221606],[-75.612235,6.221772],[-75.612518,6.221815],[-75.612502,6.221879],[-75.612322,6.221861],[-75.612235,6.221915],[-75.611894,6.222349],[-75.61199,6.222486],[-75.611984,6.222594],[-75.611946,6.223005],[-75.611815,6.223359],[-75.611793,6.223496],[-75.611716,6.223482],[-75.611708,6.223521],[-75.611394,6.223453],[-75.611361,6.223395],[-75.611312,6.223414],[-75.61129,6.223384],[-75.610898,6.223275],[-75.610875,6.223432],[-75.610822,6.223541],[-75.611007,6.223686],[-75.610812,6.224011],[-75.610816,6.224103],[-75.610682,6.224222],[-75.610635,6.224398],[-75.610656,6.224584],[-75.610573,6.224722],[-75.609795,6.224198],[-75.609646,6.224271],[-75.609332,6.224297],[-75.609195,6.224374],[-75.609132,6.22464],[-75.608791,6.224492],[-75.608659,6.22451],[-75.608616,6.224194],[-75.608581,6.224205],[-75.608577,6.224182],[-75.608312,6.224274],[-75.608521,6.224634],[-75.608521,6.224934],[-75.608426,6.225245],[-75.608494,6.225574],[-75.608484,6.225838],[-75.608635,6.225984],[-75.608626,6.22602],[-75.608853,6.226216],[-75.608943,6.22637],[-75.609001,6.226378],[-75.609018,6.226342],[-75.609129,6.22636],[-75.609208,6.226435],[-75.609437,6.226474],[-75.609539,6.22641],[-75.609808,6.226527],[-75.609822,6.226671],[-75.609561,6.226676],[-75.609624,6.22679],[-75.609582,6.226955],[-75.609825,6.226895],[-75.609836,6.227135],[-75.6097,6.22721],[-75.609829,6.227268],[-75.609867,6.22735]],[[-75.627069,6.227428],[-75.626282,6.227339],[-75.626342,6.227032],[-75.625024,6.226744],[-75.625147,6.226216],[-75.625452,6.225349],[-75.6256,6.224633],[-75.625581,6.22421],[-75.625603,6.224163],[-75.62569,6.224163],[-75.625586,6.224146],[-75.625546,6.223968],[-75.625561,6.223901],[-75.625423,6.223887],[-75.625234,6.224026],[-75.62509,6.224015],[-75.625017,6.223983],[-75.624608,6.223625],[-75.624087,6.22359],[-75.623803,6.223409],[-75.623574,6.223366],[-75.62343,6.223371],[-75.622891,6.223508],[-75.622539,6.223462],[-75.622519,6.223325],[-75.622638,6.223174],[-75.622696,6.222904],[-75.622717,6.222563],[-75.62268,6.222465],[-75.622276,6.222133],[-75.62192,6.221944],[-75.621671,6.221878],[-75.621495,6.221671],[-75.621497,6.221628],[-75.621535,6.221608],[-75.621695,6.221636],[-75.621867,6.221598],[-75.621958,6.221384],[-75.622114,6.221228],[-75.622857,6.220696],[-75.623372,6.220247],[-75.623684,6.220091],[-75.624154,6.219761],[-75.624238,6.219732],[-75.624502,6.219849],[-75.624687,6.219825],[-75.62508,6.220896],[-75.625653,6.220981],[-75.625454,6.221278],[-75.625333,6.221387],[-75.625273,6.221532],[-75.625278,6.221723],[-75.625623,6.221547],[-75.626025,6.221183],[-75.626148,6.221179],[-75.626246,6.221223],[-75.626223,6.221307],[-75.626198,6.221283],[-75.626081,6.22141],[-75.625995,6.221575],[-75.625868,6.222026],[-75.625849,6.222129],[-75.625952,6.222164],[-75.625928,6.22257],[-75.625792,6.222597],[-75.625697,6.222773],[-75.62572,6.223303],[-75.625761,6.223313],[-75.626067,6.223303],[-75.625992,6.222612],[-75.626525,6.222365],[-75.626574,6.223315],[-75.626656,6.223339],[-75.626907,6.223317],[-75.627266,6.223353],[-75.628255,6.223364],[-75.628556,6.222659],[-75.628594,6.222786],[-75.628564,6.222881],[-75.62878,6.222983],[-75.628608,6.223353],[-75.6289,6.223338],[-75.629047,6.222982],[-75.629212,6.223012],[-75.629321,6.22282],[-75.6298,6.222858],[-75.629711,6.222939],[-75.62969,6.223019],[-75.629805,6.222973],[-75.630115,6.222949],[-75.63077,6.222954],[-75.630916,6.222925],[-75.630955,6.222888],[-75.630863,6.222663],[-75.630971,6.222604],[-75.631032,6.222611],[-75.631127,6.222485],[-75.631269,6.22246],[-75.631259,6.222216],[-75.631289,6.222208],[-75.631273,6.221908],[-75.631251,6.221914],[-75.631264,6.221654],[-75.631208,6.221561],[-75.6311,6.221524],[-75.631101,6.22143],[-75.630862,6.221369],[-75.630891,6.220876],[-75.631497,6.220886],[-75.631544,6.221384],[-75.631875,6.22133],[-75.632179,6.221354],[-75.632477,6.221312],[-75.632924,6.221322],[-75.633248,6.221248],[-75.63333,6.221299],[-75.63328,6.220829],[-75.633306,6.220627],[-75.633252,6.22035],[-75.633297,6.220161],[-75.633265,6.219922],[-75.633444,6.219558],[-75.633396,6.219062],[-75.633428,6.218671],[-75.633355,6.218515],[-75.633351,6.21841],[-75.633397,6.218213],[-75.633479,6.218103],[-75.63365,6.217645],[-75.633657,6.217403],[-75.633802,6.217068],[-75.63457,6.21717],[-75.634892,6.217245],[-75.634983,6.217472],[-75.634987,6.21751],[-75.634918,6.21758],[-75.634675,6.217679],[-75.634273,6.217952],[-75.634191,6.218035],[-75.634113,6.218188],[-75.634142,6.218375],[-75.634352,6.218705],[-75.634367,6.218848],[-75.634316,6.219058],[-75.634495,6.219284],[-75.634748,6.219309],[-75.634844,6.219286],[-75.634895,6.219215],[-75.634972,6.219005],[-75.635033,6.218476],[-75.635154,6.218302],[-75.63524,6.218225],[-75.635391,6.218216],[-75.635441,6.218227],[-75.635489,6.218345],[-75.635542,6.218524],[-75.635613,6.219272],[-75.635614,6.219499],[-75.635572,6.219503],[-75.635623,6.220206],[-75.635807,6.220401],[-75.63593,6.220604],[-75.635999,6.220625],[-75.636027,6.220671],[-75.635957,6.220745],[-75.635945,6.220837],[-75.636036,6.220998],[-75.636027,6.221071],[-75.63593,6.221239],[-75.635986,6.221344],[-75.635958,6.221408],[-75.635674,6.221509],[-75.635415,6.221532],[-75.635198,6.221818],[-75.635196,6.22192],[-75.635519,6.222313],[-75.635599,6.222334],[-75.635732,6.222287],[-75.636034,6.222156],[-75.636323,6.221983],[-75.636358,6.221929],[-75.636251,6.221877],[-75.636328,6.221722],[-75.636217,6.221672],[-75.636417,6.221209],[-75.636591,6.221284],[-75.636905,6.221108],[-75.636959,6.220986],[-75.637015,6.220981],[-75.63728,6.221169],[-75.637312,6.220937],[-75.63754,6.220925],[-75.637578,6.221282],[-75.638046,6.221313],[-75.638312,6.221161],[-75.6383,6.221142],[-75.638352,6.2211],[-75.638626,6.221003],[-75.638804,6.220897],[-75.639099,6.220558],[-75.639204,6.220558],[-75.63927,6.220599],[-75.639184,6.220612],[-75.639121,6.220698],[-75.639146,6.220911],[-75.638673,6.221272],[-75.638553,6.221277],[-75.638504,6.221319],[-75.63843,6.221542],[-75.638157,6.221813],[-75.638066,6.221743],[-75.638021,6.221599],[-75.637947,6.221546],[-75.63785,6.22158],[-75.637589,6.221787],[-75.637543,6.221786],[-75.637096,6.221518],[-75.636892,6.221506],[-75.636808,6.221422],[-75.636827,6.221367],[-75.636697,6.221328],[-75.636546,6.221548],[-75.636562,6.221712],[-75.636537,6.221798],[-75.636595,6.22182],[-75.636558,6.222065],[-75.636486,6.222188],[-75.636375,6.222276],[-75.636038,6.222427],[-75.635976,6.222231],[-75.635669,6.222353],[-75.635727,6.222556],[-75.635601,6.222655],[-75.635459,6.222658],[-75.635313,6.222572],[-75.635284,6.222488],[-75.63502,6.222675],[-75.634913,6.22283],[-75.634777,6.222657],[-75.634663,6.222607],[-75.63455,6.222594],[-75.634356,6.22263],[-75.634196,6.223003],[-75.634096,6.223082],[-75.633718,6.22308],[-75.633872,6.223323],[-75.633899,6.223598],[-75.633366,6.223536],[-75.633457,6.224409],[-75.633213,6.224027],[-75.633238,6.223805],[-75.633058,6.223783],[-75.632969,6.223722],[-75.63293,6.223653],[-75.632806,6.223635],[-75.632191,6.223753],[-75.631711,6.22377],[-75.631156,6.223683],[-75.631156,6.223713],[-75.630964,6.223688],[-75.630943,6.223645],[-75.630589,6.223598],[-75.629655,6.223519],[-75.62911,6.223397],[-75.628588,6.223428],[-75.628584,6.223578],[-75.628487,6.22358],[-75.628514,6.223758],[-75.628387,6.224185],[-75.628207,6.224357],[-75.628,6.224112],[-75.627848,6.224062],[-75.627823,6.224141],[-75.627649,6.224243],[-75.627348,6.224325],[-75.627272,6.224211],[-75.627271,6.224096],[-75.627081,6.2243],[-75.627129,6.224731],[-75.627173,6.224796],[-75.627571,6.225114],[-75.627699,6.225624],[-75.627711,6.225837],[-75.627922,6.226813],[-75.628103,6.227148],[-75.628032,6.227167],[-75.627481,6.227054],[-75.627506,6.227492],[-75.627069,6.227428]],[[-75.613658,6.223161],[-75.613602,6.223168],[-75.613569,6.223033],[-75.613463,6.222895],[-75.613384,6.222631],[-75.613489,6.222605],[-75.613471,6.22254],[-75.613515,6.222363],[-75.613943,6.221312],[-75.614084,6.220322],[-75.614046,6.220284],[-75.613839,6.220244],[-75.613538,6.220057],[-75.613916,6.218238],[-75.61536,6.218329],[-75.615675,6.219529],[-75.615639,6.219806],[-75.615462,6.220218],[-75.615343,6.220284],[-75.615186,6.220443],[-75.615052,6.220722],[-75.614933,6.221784],[-75.61567,6.221776],[-75.615782,6.221731],[-75.615922,6.221607],[-75.616117,6.221295],[-75.616214,6.221219],[-75.616365,6.221201],[-75.61671,6.221256],[-75.616771,6.22121],[-75.616634,6.221395],[-75.616453,6.221539],[-75.616887,6.22157],[-75.617023,6.221625],[-75.617038,6.221726],[-75.617082,6.221729],[-75.6171,6.22189],[-75.617044,6.22203],[-75.617113,6.222058],[-75.617082,6.222151],[-75.617106,6.222218],[-75.61705,6.222391],[-75.617219,6.222478],[-75.617195,6.22255],[-75.616679,6.222356],[-75.616124,6.222241],[-75.615006,6.222241],[-75.614864,6.222277],[-75.614844,6.222415],[-75.614865,6.222633],[-75.614639,6.222588],[-75.614559,6.222622],[-75.614547,6.222676],[-75.614518,6.222613],[-75.614371,6.222674],[-75.614385,6.222726],[-75.614333,6.222741],[-75.614398,6.222834],[-75.614342,6.222883],[-75.614303,6.222851],[-75.614267,6.222936],[-75.614185,6.223009],[-75.614046,6.222899],[-75.614088,6.222862],[-75.614055,6.222886],[-75.614013,6.222827],[-75.61377,6.222969],[-75.613788,6.223011],[-75.613753,6.223015],[-75.61376,6.223124],[-75.613658,6.223161]]]},"properties":{"CODIGO":"7001","COMUNA":"70","BARRIO":"01","NOMBRE_BARRIO":"Altavista Sector Central","SECTOR":8,"INDICADOR_UR":"R","NOMBRE_COMUNA":"ALTAVISTA","MUNICIPIO":"001"}},{"type":"Feature","id":13,"geometry":{"type":"Polygon","coordinates":[[[-75.649118,6.299994],[-75.649588,6.300155],[-75.649871,6.300309],[-75.650158,6.300553],[-75.650244,6.300639],[-75.65062,6.301343],[-75.650711,6.301296],[-75.650775,6.301168],[-75.650796,6.301099],[-75.650741,6.301067],[-75.650706,6.300997],[-75.651031,6.300137],[-75.651106,6.300022],[-75.651274,6.299843],[-75.651357,6.299655],[-75.65153,6.299547],[-75.651593,6.299426],[-75.651756,6.299388],[-75.651833,6.299321],[-75.651985,6.298865],[-75.652119,6.298628],[-75.65252,6.298451],[-75.652404,6.298201],[-75.652389,6.297822],[-75.652287,6.297386],[-75.652209,6.297272],[-75.652149,6.297237],[-75.651878,6.297201],[-75.651735,6.297023],[-75.651701,6.296926],[-75.651711,6.296797],[-75.65188,6.296706],[-75.651885,6.296607],[-75.651997,6.29652],[-75.652013,6.296456],[-75.651968,6.296079],[-75.651917,6.295995],[-75.651769,6.295889],[-75.65166,6.295754],[-75.651657,6.29548],[-75.65159,6.295314],[-75.651577,6.29508],[-75.651464,6.294942],[-75.65151,6.294647],[-75.651687,6.294423],[-75.651712,6.294167],[-75.651626,6.294145],[-75.651506,6.294224],[-75.651415,6.294224],[-75.651319,6.294183],[-75.651118,6.293978],[-75.651048,6.293974],[-75.651052,6.293939],[-75.650996,6.293896],[-75.65096,6.293743],[-75.650776,6.293644],[-75.650716,6.293469],[-75.650315,6.293175],[-75.650298,6.293143],[-75.650353,6.293113],[-75.650292,6.292947],[-75.650024,6.292795],[-75.649778,6.292554],[-75.649572,6.292431],[-75.649445,6.292314],[-75.649367,6.292089],[-75.649279,6.29194],[-75.649084,6.291747],[-75.648716,6.29129],[-75.648509,6.291443],[-75.648417,6.291364],[-75.648288,6.291349],[-75.648018,6.291453],[-75.647997,6.29151],[-75.648015,6.291624],[-75.648114,6.291746],[-75.648258,6.291807],[-75.648292,6.291904],[-75.648265,6.291983],[-75.648043,6.292197],[-75.647887,6.292227],[-75.647723,6.292135],[-75.647658,6.292142],[-75.647412,6.292323],[-75.647357,6.292396],[-75.647306,6.292701],[-75.64715,6.292873],[-75.646986,6.293135],[-75.646916,6.293166],[-75.646795,6.293122],[-75.646542,6.292941],[-75.64638,6.292919],[-75.646264,6.292947],[-75.645925,6.292887],[-75.645655,6.29289],[-75.645658,6.292917],[-75.645506,6.29293],[-75.645526,6.29299],[-75.645184,6.293155],[-75.645128,6.293357],[-75.644879,6.293632],[-75.644873,6.293896],[-75.644724,6.294034],[-75.64464,6.294225],[-75.644615,6.294459],[-75.644674,6.29487],[-75.644585,6.295156],[-75.644427,6.295301],[-75.644311,6.295574],[-75.644107,6.2958],[-75.644046,6.295917],[-75.644027,6.296136],[-75.64398,6.296267],[-75.643635,6.296793],[-75.643814,6.296817],[-75.644144,6.296774],[-75.644247,6.296799],[-75.644236,6.296911],[-75.644163,6.297072],[-75.64401,6.297237],[-75.643704,6.297431],[-75.643496,6.297521],[-75.644905,6.298833],[-75.645174,6.298412],[-75.64533,6.298631],[-75.645269,6.298774],[-75.644893,6.299016],[-75.644908,6.299248],[-75.645203,6.299128],[-75.645778,6.298819],[-75.645968,6.298532],[-75.645997,6.298379],[-75.646669,6.298659],[-75.64683,6.298689],[-75.647211,6.298929],[-75.647009,6.29906],[-75.647446,6.299195],[-75.647465,6.299266],[-75.647385,6.299352],[-75.647481,6.299288],[-75.647491,6.299222],[-75.647581,6.299228],[-75.647561,6.299374],[-75.647493,6.299519],[-75.647608,6.299583],[-75.64779,6.299669],[-75.647951,6.299683],[-75.648052,6.299281],[-75.648595,6.299563],[-75.648413,6.299784],[-75.649118,6.299994]]]},"properties":{"CODIGO":"6088","COMUNA":"60","BARRIO":"88","NOMBRE_BARRIO":"Suburbano El Llano","SECTOR":7,"INDICADOR_UR":"R","NOMBRE_COMUNA":"SAN CRISTOBAL","MUNICIPIO":"001"}},{"type":"Feature","id":14,"geometry":{"type":"Polygon","coordinates":[[[-75.659043,6.22322],[-75.659135,6.223122],[-75.659249,6.222901],[-75.659253,6.222736],[-75.659184,6.222411],[-75.659284,6.22222],[-75.659285,6.221893],[-75.659814,6.22171],[-75.659979,6.221568],[-75.660098,6.221561],[-75.660245,6.22149],[-75.660532,6.221479],[-75.660678,6.220989],[-75.660937,6.220743],[-75.661022,6.220626],[-75.661085,6.220418],[-75.661189,6.22029],[-75.661542,6.220025],[-75.661609,6.21989],[-75.661661,6.219658],[-75.661782,6.21955],[-75.66242,6.219148],[-75.662465,6.219096],[-75.662494,6.218959],[-75.662735,6.219031],[-75.663128,6.218998],[-75.663478,6.219009],[-75.663751,6.218386],[-75.663865,6.218042],[-75.664212,6.217655],[-75.664313,6.217445],[-75.664356,6.217251],[-75.664624,6.217208],[-75.66504,6.217204],[-75.665138,6.217205],[-75.665207,6.21726],[-75.665279,6.217259],[-75.665383,6.217192],[-75.665684,6.216866],[-75.665716,6.21672],[-75.665698,6.216573],[-75.665669,6.216503],[-75.665548,6.21642],[-75.665523,6.216358],[-75.665494,6.216009],[-75.665617,6.215687],[-75.665667,6.215349],[-75.665703,6.215295],[-75.665752,6.215264],[-75.665882,6.215266],[-75.666084,6.215468],[-75.666265,6.215581],[-75.666518,6.215834],[-75.666746,6.216014],[-75.666876,6.216072],[-75.666959,6.216056],[-75.667053,6.215944],[-75.667241,6.215571],[-75.667655,6.215526],[-75.667962,6.215381],[-75.668159,6.215398],[-75.668204,6.215434],[-75.668314,6.215696],[-75.668327,6.215887],[-75.668406,6.215931],[-75.668515,6.215882],[-75.668794,6.215346],[-75.668076,6.214127],[-75.667903,6.213667],[-75.667936,6.21362],[-75.668194,6.213473],[-75.668301,6.213449],[-75.668438,6.213473],[-75.668786,6.213632],[-75.668829,6.213617],[-75.669122,6.213341],[-75.669804,6.212856],[-75.669915,6.212856],[-75.670471,6.213138],[-75.670577,6.213105],[-75.670701,6.213021],[-75.67071,6.212663],[-75.670913,6.212556],[-75.671162,6.212211],[-75.671245,6.212173],[-75.671391,6.212171],[-75.671747,6.21229],[-75.671941,6.212126],[-75.672029,6.212118],[-75.672181,6.212176],[-75.672331,6.212004],[-75.672585,6.211829],[-75.672891,6.211708],[-75.673102,6.211692],[-75.673285,6.212028],[-75.673518,6.212216],[-75.673512,6.212295],[-75.67365,6.212411],[-75.673713,6.212375],[-75.67396,6.212042],[-75.674291,6.211768],[-75.674654,6.211724],[-75.674782,6.211791],[-75.674884,6.211933],[-75.674986,6.211976],[-75.675046,6.211801],[-75.675079,6.211433],[-75.675146,6.211362],[-75.675285,6.211315],[-75.675623,6.211366],[-75.675747,6.211432],[-75.675977,6.211431],[-75.676399,6.211611],[-75.676725,6.211633],[-75.676837,6.211723],[-75.677231,6.211839],[-75.677699,6.211783],[-75.677982,6.211842],[-75.67811,6.211837],[-75.678336,6.211562],[-75.678474,6.211499],[-75.678548,6.211504],[-75.678661,6.211607],[-75.678718,6.211763],[-75.67875,6.211779],[-75.678788,6.211651],[-75.678851,6.211627],[-75.678925,6.211638],[-75.678956,6.211718],[-75.679108,6.211734],[-75.679198,6.211669],[-75.679236,6.211453],[-75.679281,6.211381],[-75.679346,6.21135],[-75.679422,6.211354],[-75.679567,6.211511],[-75.679639,6.211538],[-75.679859,6.211374],[-75.680051,6.211374],[-75.680219,6.211417],[-75.680494,6.211567],[-75.680625,6.211581],[-75.681037,6.211419],[-75.681294,6.211547],[-75.681493,6.211428],[-75.681711,6.21142],[-75.681773,6.211435],[-75.681921,6.21163],[-75.682036,6.211723],[-75.68221,6.211735],[-75.682367,6.211709],[-75.682432,6.211682],[-75.682452,6.211633],[-75.682544,6.211626],[-75.682788,6.211702],[-75.682875,6.211689],[-75.682934,6.211398],[-75.682967,6.211339],[-75.683027,6.211313],[-75.68341,6.211433],[-75.683525,6.211411],[-75.683672,6.21132],[-75.683794,6.211317],[-75.68408,6.210971],[-75.684241,6.210834],[-75.684369,6.210772],[-75.68444,6.210666],[-75.684466,6.210505],[-75.684423,6.210358],[-75.684412,6.210145],[-75.684469,6.209944],[-75.684592,6.20987],[-75.684592,6.20974],[-75.684512,6.209621],[-75.684509,6.209541],[-75.684679,6.209145],[-75.684765,6.209033],[-75.68483,6.209013],[-75.68511,6.209147],[-75.685264,6.20912],[-75.685307,6.209051],[-75.685302,6.208977],[-75.685011,6.208787],[-75.685168,6.208657],[-75.685177,6.208588],[-75.685112,6.208465],[-75.685125,6.208339],[-75.68509,6.208277],[-75.684957,6.208201],[-75.684922,6.208149],[-75.685004,6.208029],[-75.685007,6.207961],[-75.684848,6.20765],[-75.684881,6.207457],[-75.684964,6.207355],[-75.685233,6.207322],[-75.685268,6.207257],[-75.685267,6.207105],[-75.685197,6.206885],[-75.685206,6.206812],[-75.685321,6.206645],[-75.685271,6.206272],[-75.685159,6.206073],[-75.685161,6.205487],[-75.685186,6.205401],[-75.685403,6.205184],[-75.685528,6.204985],[-75.685558,6.204726],[-75.685591,6.204664],[-75.685719,6.204613],[-75.685721,6.204546],[-75.685678,6.204495],[-75.685382,6.204319],[-75.685404,6.204251],[-75.685588,6.204148],[-75.6856,6.204072],[-75.685409,6.203822],[-75.685425,6.203739],[-75.685595,6.203482],[-75.685381,6.203005],[-75.685321,6.202652],[-75.68539,6.202542],[-75.685603,6.20241],[-75.685877,6.202043],[-75.686077,6.202018],[-75.686522,6.202113],[-75.686586,6.202087],[-75.686634,6.20189],[-75.687117,6.201817],[-75.687275,6.201686],[-75.687445,6.201843],[-75.6875,6.201831],[-75.687656,6.20159],[-75.687728,6.20155],[-75.68779,6.201564],[-75.687933,6.201686],[-75.688025,6.201684],[-75.688264,6.201466],[-75.688389,6.201427],[-75.688472,6.201421],[-75.688951,6.201553],[-75.689162,6.201768],[-75.689363,6.201851],[-75.689461,6.201841],[-75.6898,6.201708],[-75.689936,6.201717],[-75.690204,6.201832],[-75.690267,6.201821],[-75.690351,6.201714],[-75.690491,6.201661],[-75.690728,6.201792],[-75.690803,6.201804],[-75.690953,6.201934],[-75.691017,6.201947],[-75.691224,6.201935],[-75.691431,6.201976],[-75.691855,6.201893],[-75.692269,6.201925],[-75.692476,6.202004],[-75.692483,6.201893],[-75.69245,6.201789],[-75.692486,6.201519],[-75.692725,6.201187],[-75.692556,6.201005],[-75.692236,6.200197],[-75.692184,6.200162],[-75.691726,6.199347],[-75.691662,6.199284],[-75.691545,6.198805],[-75.691472,6.198659],[-75.691443,6.19841],[-75.691335,6.198215],[-75.69116,6.197755],[-75.690957,6.197496],[-75.690578,6.19713],[-75.690495,6.197076],[-75.690339,6.197037],[-75.689969,6.19655],[-75.689769,6.196345],[-75.689525,6.196247],[-75.689345,6.196228],[-75.689245,6.196051],[-75.689269,6.196346],[-75.689127,6.196739],[-75.688943,6.197066],[-75.688341,6.198615],[-75.688304,6.198783],[-75.688196,6.198755],[-75.688067,6.198782],[-75.68774,6.198965],[-75.687628,6.199064],[-75.687547,6.199174],[-75.687443,6.199587],[-75.687284,6.199738],[-75.687035,6.199855],[-75.686947,6.199964],[-75.686829,6.200223],[-75.686354,6.200303],[-75.686229,6.200243],[-75.6862,6.200186],[-75.686194,6.19983],[-75.686078,6.199453],[-75.686105,6.199116],[-75.686064,6.198962],[-75.685968,6.19878],[-75.685963,6.198486],[-75.685563,6.197938],[-75.685474,6.197898],[-75.685267,6.197969],[-75.685063,6.198533],[-75.684965,6.198637],[-75.684748,6.19878],[-75.684703,6.198917],[-75.684714,6.199344],[-75.684666,6.199395],[-75.684539,6.199424],[-75.684102,6.199419],[-75.683868,6.199293],[-75.683729,6.199259],[-75.683594,6.199287],[-75.683295,6.199471],[-75.683162,6.199484],[-75.683015,6.199341],[-75.682753,6.198788],[-75.68266,6.19868],[-75.682458,6.198604],[-75.682091,6.19863],[-75.681903,6.19858],[-75.681632,6.198174],[-75.680696,6.197651],[-75.680447,6.197576],[-75.680285,6.197172],[-75.679986,6.196981],[-75.67988,6.19688],[-75.679849,6.196749],[-75.679873,6.196664],[-75.679927,6.19661],[-75.680395,6.196461],[-75.680715,6.196175],[-75.680805,6.196034],[-75.680863,6.195492],[-75.680807,6.195365],[-75.68072,6.195301],[-75.680253,6.195246],[-75.679811,6.195046],[-75.679422,6.194924],[-75.679359,6.194873],[-75.679338,6.194749],[-75.679402,6.194486],[-75.679408,6.194037],[-75.679481,6.193893],[-75.679721,6.193646],[-75.679752,6.193467],[-75.67973,6.193375],[-75.679637,6.193256],[-75.67958,6.193236],[-75.679362,6.193261],[-75.678824,6.193574],[-75.678699,6.193726],[-75.6783,6.194056],[-75.677971,6.194551],[-75.677826,6.19471],[-75.677665,6.194796],[-75.67726,6.194818],[-75.67733,6.195933],[-75.677492,6.195976],[-75.67755,6.196279],[-75.677614,6.196329],[-75.677639,6.196412],[-75.677626,6.196645],[-75.67766,6.196719],[-75.677857,6.196922],[-75.677931,6.197302],[-75.677973,6.197364],[-75.678092,6.197435],[-75.678057,6.197584],[-75.678143,6.197692],[-75.678145,6.197832],[-75.678199,6.197977],[-75.678193,6.198185],[-75.678316,6.198613],[-75.678289,6.198842],[-75.678475,6.199297],[-75.678595,6.199383],[-75.678575,6.199457],[-75.67847,6.19955],[-75.678407,6.199675],[-75.678363,6.199906],[-75.678369,6.200202],[-75.678321,6.200573],[-75.67829,6.200641],[-75.67801,6.200855],[-75.677816,6.201057],[-75.677224,6.201361],[-75.676798,6.201443],[-75.676729,6.201477],[-75.676587,6.201639],[-75.676516,6.201634],[-75.676324,6.201532],[-75.676022,6.201533],[-75.675675,6.201698],[-75.675395,6.201773],[-75.675133,6.201934],[-75.674785,6.201993],[-75.674637,6.202133],[-75.674505,6.202096],[-75.674343,6.201961],[-75.674067,6.201889],[-75.673842,6.201879],[-75.673802,6.201825],[-75.673844,6.201636],[-75.673781,6.201624],[-75.673602,6.201773],[-75.673463,6.201804],[-75.673232,6.201707],[-75.672888,6.201626],[-75.672704,6.201514],[-75.672319,6.201392],[-75.672085,6.201361],[-75.671822,6.201174],[-75.671673,6.201112],[-75.671534,6.201123],[-75.671504,6.201188],[-75.671503,6.201402],[-75.671454,6.201468],[-75.67139,6.201483],[-75.671009,6.201474],[-75.670801,6.201549],[-75.670377,6.201608],[-75.67031,6.201605],[-75.670118,6.201498],[-75.669747,6.201491],[-75.669433,6.201691],[-75.668839,6.201814],[-75.668612,6.201993],[-75.668209,6.202144],[-75.667947,6.20237],[-75.667741,6.202459],[-75.667369,6.202789],[-75.6672,6.203001],[-75.667235,6.203269],[-75.667176,6.203539],[-75.666944,6.203678],[-75.666831,6.203804],[-75.666765,6.203981],[-75.666652,6.204146],[-75.666461,6.204208],[-75.666186,6.204083],[-75.665973,6.204051],[-75.665849,6.204067],[-75.665679,6.204251],[-75.665547,6.204595],[-75.665476,6.204653],[-75.665036,6.204454],[-75.664896,6.204358],[-75.664706,6.204048],[-75.664548,6.203659],[-75.664467,6.203543],[-75.664362,6.203492],[-75.664119,6.203483],[-75.663973,6.203411],[-75.663904,6.203296],[-75.663918,6.203152],[-75.663837,6.202823],[-75.66374,6.202705],[-75.663621,6.202653],[-75.663235,6.202709],[-75.663099,6.202572],[-75.66314,6.202453],[-75.663344,6.202213],[-75.66339,6.202096],[-75.663386,6.201772],[-75.663241,6.201363],[-75.663212,6.201122],[-75.663225,6.200914],[-75.663402,6.200755],[-75.663438,6.200668],[-75.66341,6.200212],[-75.663286,6.200091],[-75.663122,6.20005],[-75.662869,6.200043],[-75.662449,6.199921],[-75.662064,6.199718],[-75.661976,6.199582],[-75.661925,6.199403],[-75.661921,6.199278],[-75.66198,6.199058],[-75.661632,6.198542],[-75.661578,6.198194],[-75.661576,6.197912],[-75.661641,6.197925],[-75.661771,6.198021],[-75.662001,6.197999],[-75.662646,6.198239],[-75.662975,6.198449],[-75.663474,6.19809],[-75.663503,6.198022],[-75.663503,6.197984],[-75.663273,6.197768],[-75.663201,6.197473],[-75.663218,6.197146],[-75.663314,6.196911],[-75.663149,6.196808],[-75.663137,6.196842],[-75.662885,6.196725],[-75.66274,6.196545],[-75.66262,6.195999],[-75.662649,6.196004],[-75.662674,6.195919],[-75.662725,6.195925],[-75.662783,6.195867],[-75.66275,6.195772],[-75.662511,6.195511],[-75.662276,6.195478],[-75.662187,6.195314],[-75.662098,6.195252],[-75.661888,6.195279],[-75.661784,6.195398],[-75.66174,6.19533],[-75.661581,6.195426],[-75.661476,6.195439],[-75.661462,6.19525],[-75.66142,6.195252],[-75.661341,6.195402],[-75.661055,6.195449],[-75.660556,6.195602],[-75.660291,6.195788],[-75.660212,6.195717],[-75.660062,6.195659],[-75.65943,6.195595],[-75.659308,6.195545],[-75.659151,6.195402],[-75.659,6.195107],[-75.658933,6.195087],[-75.658852,6.195198],[-75.658762,6.195465],[-75.658953,6.196036],[-75.659031,6.1965],[-75.659059,6.196895],[-75.65886,6.197262],[-75.658732,6.197674],[-75.658352,6.19791],[-75.65811,6.198152],[-75.658102,6.198279],[-75.658305,6.198997],[-75.65827,6.199277],[-75.658098,6.199851],[-75.658069,6.200102],[-75.65804,6.201329],[-75.657323,6.201156],[-75.657123,6.200303],[-75.656936,6.200081],[-75.656792,6.199965],[-75.656119,6.199729],[-75.655853,6.1997],[-75.655323,6.199708],[-75.654914,6.200396],[-75.654792,6.200726],[-75.654692,6.201071],[-75.654513,6.202269],[-75.654147,6.203296],[-75.654133,6.203597],[-75.65409,6.203748],[-75.653674,6.204537],[-75.653345,6.204888],[-75.653294,6.204997],[-75.653208,6.206008],[-75.652965,6.207214],[-75.65289,6.207276],[-75.652772,6.20748],[-75.652455,6.207885],[-75.652034,6.208203],[-75.65216,6.20833],[-75.652252,6.208755],[-75.652578,6.209367],[-75.652691,6.209489],[-75.652989,6.209665],[-75.653407,6.209825],[-75.653493,6.209923],[-75.653458,6.210182],[-75.653245,6.211026],[-75.65331,6.212387],[-75.653514,6.214258],[-75.653227,6.214231],[-75.652753,6.214277],[-75.652486,6.214199],[-75.652181,6.214166],[-75.651904,6.214236],[-75.652047,6.214788],[-75.652671,6.216168],[-75.652709,6.216821],[-75.652943,6.217239],[-75.65315,6.217741],[-75.653192,6.218032],[-75.653402,6.218359],[-75.653447,6.218494],[-75.653591,6.218619],[-75.653652,6.218855],[-75.653664,6.219001],[-75.653625,6.219343],[-75.653573,6.219534],[-75.653608,6.219726],[-75.653599,6.220079],[-75.653764,6.220554],[-75.653803,6.220841],[-75.653987,6.221147],[-75.653985,6.221597],[-75.654083,6.22182],[-75.654201,6.22195],[-75.654292,6.222337],[-75.654475,6.222776],[-75.65444,6.223159],[-75.654146,6.223905],[-75.654424,6.224098],[-75.654799,6.224542],[-75.654992,6.224688],[-75.655254,6.224811],[-75.655491,6.224799],[-75.655582,6.224831],[-75.655713,6.225027],[-75.655789,6.225087],[-75.656026,6.225114],[-75.656246,6.225025],[-75.656396,6.225006],[-75.656603,6.224888],[-75.656796,6.224875],[-75.657181,6.224787],[-75.657332,6.224789],[-75.657457,6.224691],[-75.657635,6.224626],[-75.657893,6.224409],[-75.65824,6.224454],[-75.658574,6.224405],[-75.658637,6.224337],[-75.658712,6.224066],[-75.658911,6.223798],[-75.658978,6.22355],[-75.658996,6.223331],[-75.659043,6.22322]]]},"properties":{"CODIGO":"8006","COMUNA":"80","BARRIO":"06","NOMBRE_BARRIO":"El Salado ","SECTOR":8,"INDICADOR_UR":"R","NOMBRE_COMUNA":"SAN ANTONIO DE PRADO","MUNICIPIO":"001"}},{"type":"Feature","id":15,"geometry":{"type":"Polygon","coordinates":[[[-75.645315,6.304497],[-75.645719,6.304846],[-75.645846,6.304672],[-75.645881,6.304491],[-75.645867,6.304411],[-75.645889,6.304484],[-75.645748,6.304025],[-75.645753,6.303853],[-75.646028,6.303132],[-75.645956,6.303053],[-75.646397,6.302324],[-75.646377,6.302156],[-75.646247,6.301996],[-75.646235,6.301931],[-75.646445,6.301617],[-75.646645,6.301428],[-75.646707,6.301268],[-75.646765,6.300998],[-75.646687,6.300773],[-75.646743,6.30061],[-75.646741,6.300407],[-75.646786,6.300274],[-75.64692,6.300123],[-75.646851,6.299874],[-75.646914,6.299637],[-75.646882,6.299365],[-75.646975,6.299253],[-75.647014,6.299052],[-75.647222,6.298938],[-75.64683,6.298689],[-75.646669,6.298659],[-75.645997,6.298379],[-75.645968,6.298532],[-75.645778,6.298819],[-75.645203,6.299128],[-75.644908,6.299248],[-75.644893,6.299016],[-75.645269,6.298774],[-75.64533,6.298631],[-75.645174,6.298412],[-75.644905,6.298833],[-75.643496,6.297521],[-75.643704,6.297431],[-75.64401,6.297237],[-75.644163,6.297072],[-75.644236,6.296911],[-75.644247,6.296799],[-75.644144,6.296774],[-75.643814,6.296817],[-75.643635,6.296793],[-75.643233,6.296944],[-75.642809,6.297364],[-75.642611,6.297476],[-75.642541,6.297705],[-75.642318,6.297745],[-75.642257,6.297913],[-75.641951,6.298221],[-75.641776,6.298336],[-75.641613,6.29859],[-75.641481,6.298575],[-75.641421,6.298648],[-75.641357,6.298584],[-75.64121,6.298621],[-75.641019,6.298755],[-75.640985,6.298839],[-75.640909,6.298902],[-75.640659,6.299032],[-75.640667,6.299125],[-75.640548,6.299246],[-75.640475,6.299401],[-75.640323,6.29948],[-75.640189,6.299509],[-75.640005,6.299665],[-75.639736,6.299712],[-75.639599,6.299817],[-75.639558,6.299911],[-75.639465,6.299953],[-75.639331,6.300112],[-75.639245,6.300169],[-75.639229,6.300187],[-75.639659,6.300571],[-75.639365,6.301035],[-75.639673,6.301277],[-75.640757,6.302008],[-75.641003,6.301819],[-75.641072,6.301699],[-75.641224,6.301557],[-75.64168,6.300833],[-75.641766,6.300777],[-75.64187,6.300776],[-75.641959,6.300728],[-75.641954,6.300526],[-75.641785,6.300151],[-75.641898,6.299975],[-75.642594,6.300492],[-75.642224,6.300975],[-75.642567,6.301125],[-75.642927,6.301532],[-75.642839,6.301707],[-75.642768,6.301986],[-75.642933,6.302294],[-75.643055,6.302452],[-75.643457,6.302725],[-75.6436,6.302883],[-75.643744,6.303062],[-75.64393,6.303399],[-75.644066,6.303557],[-75.644318,6.303715],[-75.644533,6.303988],[-75.645035,6.304275],[-75.645315,6.304497]]]},"properties":{"CODIGO":"6008","COMUNA":"60","BARRIO":"08","NOMBRE_BARRIO":"Travesías","SECTOR":7,"INDICADOR_UR":"R","NOMBRE_COMUNA":"SAN CRISTOBAL","MUNICIPIO":"001"}},{"type":"Feature","id":16,"geometry":{"type":"Polygon","coordinates":[[[-75.715258,6.324823],[-75.715227,6.324988],[-75.715217,6.325522],[-75.715135,6.326087],[-75.716255,6.326138],[-75.716963,6.32622],[-75.717323,6.326219],[-75.71795,6.326332],[-75.718306,6.326327],[-75.718109,6.325864],[-75.718147,6.325523],[-75.71825,6.325175],[-75.718151,6.324916],[-75.718129,6.32472],[-75.718261,6.324426],[-75.718307,6.324107],[-75.718294,6.32388],[-75.718239,6.323625],[-75.718062,6.323247],[-75.718108,6.32308],[-75.718211,6.322918],[-75.718243,6.322774],[-75.718183,6.322662],[-75.71783,6.322395],[-75.71779,6.322244],[-75.717815,6.321975],[-75.717721,6.321764],[-75.717569,6.321685],[-75.717314,6.321696],[-75.717228,6.321643],[-75.717214,6.321529],[-75.717263,6.321303],[-75.717205,6.321138],[-75.716834,6.32108],[-75.716709,6.320986],[-75.716566,6.320934],[-75.716207,6.321016],[-75.716097,6.320998],[-75.716004,6.320917],[-75.71602,6.320749],[-75.715934,6.320682],[-75.715553,6.320596],[-75.715238,6.320581],[-75.714972,6.320499],[-75.714924,6.320433],[-75.714898,6.320089],[-75.714855,6.319986],[-75.714762,6.319896],[-75.71464,6.319863],[-75.714248,6.319904],[-75.713976,6.319816],[-75.713912,6.319717],[-75.71386,6.319423],[-75.713791,6.319262],[-75.713528,6.318969],[-75.713478,6.318817],[-75.713426,6.318161],[-75.713315,6.317957],[-75.713218,6.317865],[-75.713,6.317754],[-75.712621,6.317379],[-75.712228,6.317208],[-75.712044,6.317008],[-75.712078,6.316895],[-75.712402,6.316569],[-75.71243,6.316441],[-75.712413,6.316326],[-75.712181,6.315886],[-75.712112,6.315813],[-75.711703,6.315724],[-75.7113,6.315538],[-75.710607,6.314971],[-75.71044,6.314779],[-75.710427,6.314338],[-75.710241,6.313411],[-75.71026,6.313289],[-75.710344,6.313144],[-75.710521,6.312954],[-75.710554,6.312847],[-75.710515,6.312558],[-75.710523,6.312367],[-75.710633,6.312042],[-75.710427,6.311841],[-75.710366,6.311658],[-75.710393,6.311527],[-75.710551,6.311201],[-75.710591,6.310989],[-75.710556,6.310833],[-75.710725,6.310271],[-75.710715,6.310202],[-75.710412,6.309547],[-75.710106,6.309309],[-75.709916,6.308834],[-75.709838,6.308389],[-75.709709,6.30818],[-75.709543,6.308023],[-75.709272,6.307486],[-75.709254,6.306886],[-75.709315,6.306486],[-75.709246,6.306231],[-75.708989,6.305935],[-75.708827,6.305659],[-75.708583,6.305534],[-75.708356,6.305296],[-75.708138,6.304906],[-75.708124,6.304557],[-75.708174,6.304274],[-75.708169,6.303817],[-75.707978,6.303478],[-75.707739,6.302954],[-75.707693,6.302678],[-75.707763,6.302443],[-75.707987,6.302306],[-75.708028,6.302239],[-75.708159,6.301732],[-75.708188,6.301425],[-75.708398,6.301143],[-75.708529,6.301022],[-75.708754,6.300954],[-75.708871,6.301028],[-75.708907,6.301022],[-75.708945,6.300934],[-75.708955,6.300748],[-75.708916,6.30067],[-75.70867,6.300461],[-75.708601,6.300295],[-75.708606,6.300026],[-75.70877,6.299724],[-75.708832,6.299379],[-75.708875,6.298704],[-75.708693,6.298296],[-75.708299,6.297898],[-75.708027,6.297478],[-75.707993,6.297299],[-75.708007,6.297021],[-75.707945,6.296942],[-75.707776,6.296866],[-75.707728,6.296797],[-75.707804,6.296169],[-75.707663,6.295882],[-75.707429,6.295593],[-75.707414,6.295463],[-75.707503,6.295214],[-75.70804,6.294194],[-75.708007,6.294076],[-75.707858,6.293894],[-75.707753,6.293531],[-75.70777,6.293423],[-75.707862,6.293333],[-75.708135,6.29336],[-75.708214,6.2933],[-75.708487,6.293],[-75.708546,6.292773],[-75.708666,6.292733],[-75.708914,6.292829],[-75.708964,6.292818],[-75.709093,6.292688],[-75.709136,6.292585],[-75.709108,6.292538],[-75.708955,6.292497],[-75.708852,6.292423],[-75.708517,6.292007],[-75.708489,6.291899],[-75.708596,6.291807],[-75.709002,6.291764],[-75.709007,6.291619],[-75.708957,6.291448],[-75.708797,6.291314],[-75.708388,6.291188],[-75.708085,6.290937],[-75.708075,6.290828],[-75.708163,6.290601],[-75.708187,6.29031],[-75.708247,6.290178],[-75.708421,6.290023],[-75.708462,6.289933],[-75.708381,6.28972],[-75.708128,6.28943],[-75.707944,6.289012],[-75.707964,6.288459],[-75.707944,6.288238],[-75.708036,6.288059],[-75.708053,6.287706],[-75.70813,6.287382],[-75.708125,6.287019],[-75.70826,6.286845],[-75.708294,6.286742],[-75.708274,6.286583],[-75.708173,6.286402],[-75.707932,6.286165],[-75.707811,6.286116],[-75.707627,6.286097],[-75.707437,6.285919],[-75.706749,6.285024],[-75.70674,6.284929],[-75.706898,6.284438],[-75.706829,6.28419],[-75.706774,6.283766],[-75.706651,6.283526],[-75.70655,6.283145],[-75.706538,6.282962],[-75.706593,6.282821],[-75.706728,6.282643],[-75.707174,6.28216],[-75.707749,6.282001],[-75.707853,6.281925],[-75.70793,6.281774],[-75.707994,6.281094],[-75.70808,6.280873],[-75.708114,6.280678],[-75.708149,6.280179],[-75.708244,6.27996],[-75.708295,6.279723],[-75.708246,6.279415],[-75.708301,6.279326],[-75.708387,6.279029],[-75.708473,6.278616],[-75.708419,6.278309],[-75.708309,6.27812],[-75.708292,6.278023],[-75.708367,6.277677],[-75.708476,6.277396],[-75.708369,6.276992],[-75.708524,6.275696],[-75.708337,6.275332],[-75.70834,6.275267],[-75.708605,6.274838],[-75.708651,6.274576],[-75.708817,6.274465],[-75.708953,6.27429],[-75.708993,6.273769],[-75.70905,6.273572],[-75.709223,6.273235],[-75.709246,6.272509],[-75.709349,6.272001],[-75.709306,6.271804],[-75.709507,6.27144],[-75.709521,6.271151],[-75.709478,6.270803],[-75.7093,6.270485],[-75.709257,6.270342],[-75.709308,6.270169],[-75.70938,6.270061],[-75.709596,6.269861],[-75.709774,6.269597],[-75.709794,6.269096],[-75.709908,6.26857],[-75.710145,6.268135],[-75.710201,6.267937],[-75.71022,6.267499],[-75.710426,6.266527],[-75.710403,6.265987],[-75.710511,6.265549],[-75.710623,6.265343],[-75.71069,6.265045],[-75.710688,6.264855],[-75.71046,6.264339],[-75.710523,6.264061],[-75.710635,6.263832],[-75.710655,6.263398],[-75.710292,6.262575],[-75.71019,6.262153],[-75.710181,6.261918],[-75.710295,6.26128],[-75.710182,6.260777],[-75.710187,6.260414],[-75.7103,6.260119],[-75.710341,6.259878],[-75.710293,6.259753],[-75.710304,6.259588],[-75.710269,6.259394],[-75.710217,6.259259],[-75.710156,6.259166],[-75.709765,6.25914],[-75.709387,6.259008],[-75.709094,6.258817],[-75.707797,6.258273],[-75.707584,6.258363],[-75.707266,6.258341],[-75.707154,6.258369],[-75.706896,6.258549],[-75.706509,6.259374],[-75.706351,6.259905],[-75.706294,6.259998],[-75.705813,6.260236],[-75.705513,6.260429],[-75.705513,6.260551],[-75.705785,6.260824],[-75.705848,6.260965],[-75.70585,6.261038],[-75.705803,6.261112],[-75.705619,6.261284],[-75.705524,6.261335],[-75.705179,6.261367],[-75.704877,6.261346],[-75.704622,6.261253],[-75.704395,6.26134],[-75.704288,6.261568],[-75.704349,6.262105],[-75.704237,6.262253],[-75.704109,6.262308],[-75.704036,6.262289],[-75.704029,6.262382],[-75.704065,6.262547],[-75.704208,6.26289],[-75.704416,6.263134],[-75.703971,6.263687],[-75.703792,6.263781],[-75.703541,6.264025],[-75.70342,6.26409],[-75.703247,6.264104],[-75.702494,6.264111],[-75.702043,6.26424],[-75.701412,6.264313],[-75.701304,6.2646],[-75.70124,6.265087],[-75.701132,6.265187],[-75.700982,6.265217],[-75.700831,6.265152],[-75.700798,6.26504],[-75.700663,6.263959],[-75.700544,6.26348],[-75.700508,6.263444],[-75.700443,6.263516],[-75.700207,6.263925],[-75.699841,6.263904],[-75.699963,6.264356],[-75.699978,6.264536],[-75.699963,6.264937],[-75.699906,6.265166],[-75.699554,6.26574],[-75.699245,6.265992],[-75.698941,6.266082],[-75.699171,6.267094],[-75.69923,6.267261],[-75.699278,6.267311],[-75.699247,6.267622],[-75.699447,6.268224],[-75.699481,6.26841],[-75.699467,6.2686],[-75.699432,6.268637],[-75.699363,6.268632],[-75.699235,6.268507],[-75.699106,6.268455],[-75.698545,6.268426],[-75.698486,6.268487],[-75.698531,6.268645],[-75.698875,6.269028],[-75.698893,6.269129],[-75.698854,6.269238],[-75.698724,6.269262],[-75.698147,6.269153],[-75.698001,6.269179],[-75.697948,6.269226],[-75.69794,6.269287],[-75.697987,6.26938],[-75.698228,6.269529],[-75.698279,6.269593],[-75.698336,6.269892],[-75.698303,6.270031],[-75.698293,6.270444],[-75.698138,6.270764],[-75.698098,6.270938],[-75.698088,6.271206],[-75.698126,6.271331],[-75.698124,6.271467],[-75.69796,6.271828],[-75.697931,6.272013],[-75.697829,6.272055],[-75.697784,6.271992],[-75.697764,6.271588],[-75.697637,6.271353],[-75.697144,6.271049],[-75.697135,6.271188],[-75.696909,6.271607],[-75.696742,6.271732],[-75.696642,6.271888],[-75.696616,6.272149],[-75.696668,6.272457],[-75.696617,6.272845],[-75.696355,6.273281],[-75.696063,6.273601],[-75.6958,6.273818],[-75.695724,6.274121],[-75.695738,6.274291],[-75.695506,6.27473],[-75.695399,6.27484],[-75.695219,6.274887],[-75.695147,6.274853],[-75.695082,6.274458],[-75.694966,6.274328],[-75.694767,6.274295],[-75.69445,6.274312],[-75.693651,6.274812],[-75.693434,6.274895],[-75.693068,6.274945],[-75.692518,6.275145],[-75.692385,6.275296],[-75.691832,6.275707],[-75.691453,6.27581],[-75.691281,6.275921],[-75.690899,6.275947],[-75.690484,6.276092],[-75.690417,6.276061],[-75.690364,6.275858],[-75.6903,6.275799],[-75.690138,6.275799],[-75.690067,6.275942],[-75.690036,6.27625],[-75.689898,6.276342],[-75.68985,6.276291],[-75.689807,6.275981],[-75.689725,6.275886],[-75.689672,6.275872],[-75.689613,6.275948],[-75.689559,6.276183],[-75.689471,6.276309],[-75.689285,6.276268],[-75.689134,6.276281],[-75.689042,6.276355],[-75.688978,6.276477],[-75.688908,6.276538],[-75.68853,6.27661],[-75.688372,6.276763],[-75.688265,6.276956],[-75.688608,6.276884],[-75.688735,6.276965],[-75.688822,6.276933],[-75.688842,6.27697],[-75.688772,6.27701],[-75.688749,6.277123],[-75.688586,6.277433],[-75.688118,6.277976],[-75.687856,6.278352],[-75.68763,6.279029],[-75.687491,6.279084],[-75.687407,6.279464],[-75.687234,6.279848],[-75.687244,6.280159],[-75.687097,6.280314],[-75.687086,6.28042],[-75.687167,6.280592],[-75.687218,6.280847],[-75.687531,6.281354],[-75.687523,6.281581],[-75.687599,6.282108],[-75.687818,6.282947],[-75.687885,6.283866],[-75.687966,6.284119],[-75.688006,6.2842],[-75.688135,6.284318],[-75.68823,6.284531],[-75.688575,6.284996],[-75.688765,6.285658],[-75.688875,6.285871],[-75.688917,6.286061],[-75.688993,6.286185],[-75.689094,6.286496],[-75.689374,6.286776],[-75.689475,6.286936],[-75.689635,6.287343],[-75.689735,6.287514],[-75.689856,6.287654],[-75.6901,6.287816],[-75.690204,6.288041],[-75.690243,6.288241],[-75.690244,6.288635],[-75.69017,6.289978],[-75.690212,6.290251],[-75.690144,6.290823],[-75.689998,6.291288],[-75.690011,6.291561],[-75.690138,6.292371],[-75.690074,6.292659],[-75.690227,6.292738],[-75.690156,6.293001],[-75.690139,6.293202],[-75.690131,6.293405],[-75.690166,6.293641],[-75.690847,6.293938],[-75.691509,6.294314],[-75.691918,6.294843],[-75.692134,6.295276],[-75.692551,6.295846],[-75.694676,6.297],[-75.695188,6.297496],[-75.695643,6.297789],[-75.695952,6.29796],[-75.696421,6.298045],[-75.696612,6.298215],[-75.696742,6.298379],[-75.696934,6.298879],[-75.696987,6.299188],[-75.696955,6.299348],[-75.697009,6.299529],[-75.697115,6.299636],[-75.697073,6.300317],[-75.696958,6.300918],[-75.697309,6.301088],[-75.697565,6.301322],[-75.697808,6.301973],[-75.698917,6.30186],[-75.699266,6.301877],[-75.699698,6.301828],[-75.700398,6.301908],[-75.700601,6.302013],[-75.700713,6.302],[-75.701384,6.301651],[-75.701807,6.301633],[-75.70203,6.301555],[-75.70225,6.301401],[-75.702421,6.301341],[-75.702753,6.301403],[-75.703086,6.301304],[-75.703277,6.301162],[-75.703445,6.300952],[-75.703651,6.300487],[-75.703864,6.30038],[-75.704128,6.300499],[-75.704328,6.300505],[-75.70449,6.300439],[-75.704755,6.300408],[-75.70483,6.300375],[-75.704923,6.300245],[-75.704617,6.301088],[-75.704419,6.301525],[-75.704254,6.302216],[-75.703834,6.303209],[-75.704118,6.30326],[-75.70399,6.303924],[-75.704004,6.304068],[-75.703931,6.304441],[-75.703833,6.304701],[-75.703847,6.304977],[-75.703731,6.305284],[-75.70358,6.305403],[-75.703463,6.305559],[-75.703271,6.305586],[-75.703116,6.305537],[-75.70291,6.305385],[-75.702681,6.305359],[-75.702535,6.305247],[-75.702083,6.305103],[-75.70199,6.304912],[-75.701803,6.30475],[-75.701545,6.304646],[-75.701211,6.304608],[-75.70097,6.304525],[-75.700873,6.304545],[-75.700755,6.304649],[-75.700098,6.304883],[-75.699884,6.304909],[-75.699434,6.305078],[-75.699169,6.305098],[-75.699088,6.305202],[-75.699061,6.305359],[-75.698994,6.305456],[-75.69875,6.305454],[-75.698606,6.305501],[-75.698333,6.30544],[-75.6981,6.305445],[-75.697977,6.305407],[-75.697643,6.305383],[-75.697346,6.305559],[-75.696845,6.305684],[-75.696695,6.305835],[-75.696344,6.306023],[-75.696068,6.306273],[-75.695843,6.306411],[-75.695517,6.306486],[-75.69515,6.306739],[-75.694937,6.306739],[-75.694483,6.306879],[-75.694263,6.307182],[-75.694389,6.307229],[-75.695,6.307703],[-75.695084,6.307714],[-75.695251,6.307635],[-75.695672,6.307715],[-75.695857,6.307792],[-75.696027,6.307988],[-75.696044,6.308147],[-75.695895,6.308635],[-75.69603,6.309367],[-75.6961,6.30954],[-75.696111,6.309724],[-75.696038,6.31039],[-75.696044,6.310587],[-75.696085,6.310761],[-75.696201,6.310954],[-75.696225,6.311166],[-75.696374,6.311501],[-75.696365,6.311697],[-75.696283,6.311967],[-75.696292,6.312108],[-75.696531,6.312481],[-75.696518,6.312907],[-75.696572,6.313277],[-75.696784,6.313852],[-75.696944,6.313942],[-75.697023,6.314058],[-75.697134,6.314757],[-75.69707,6.314878],[-75.69707,6.315002],[-75.697211,6.315399],[-75.697058,6.31615],[-75.697181,6.317117],[-75.697187,6.317644],[-75.697305,6.318083],[-75.697502,6.318398],[-75.697689,6.319362],[-75.697707,6.319853],[-75.698036,6.319887],[-75.698302,6.32016],[-75.698452,6.320756],[-75.698732,6.320815],[-75.698814,6.320876],[-75.698895,6.320886],[-75.699095,6.320807],[-75.699281,6.320822],[-75.699433,6.320904],[-75.699557,6.32105],[-75.699666,6.321043],[-75.699856,6.321102],[-75.700047,6.321236],[-75.700298,6.321296],[-75.70039,6.321393],[-75.700518,6.321463],[-75.700838,6.321537],[-75.700952,6.321599],[-75.701037,6.321701],[-75.701044,6.321767],[-75.701114,6.321873],[-75.701109,6.321925],[-75.700906,6.321977],[-75.701181,6.322082],[-75.701267,6.322254],[-75.70125,6.322309],[-75.701286,6.322354],[-75.701445,6.32243],[-75.701452,6.322539],[-75.701593,6.322488],[-75.701825,6.322608],[-75.701817,6.322654],[-75.701973,6.322715],[-75.702028,6.322846],[-75.702118,6.322933],[-75.702402,6.323099],[-75.702541,6.323218],[-75.70268,6.323526],[-75.702999,6.323604],[-75.703037,6.323669],[-75.70314,6.323713],[-75.703303,6.323917],[-75.703926,6.324419],[-75.704021,6.324605],[-75.704243,6.324855],[-75.704311,6.325132],[-75.704391,6.32516],[-75.704381,6.325306],[-75.704408,6.325401],[-75.704479,6.325497],[-75.704599,6.325529],[-75.704612,6.325674],[-75.704678,6.325609],[-75.704656,6.32545],[-75.704696,6.325366],[-75.704843,6.325298],[-75.70492,6.325156],[-75.705046,6.325099],[-75.705109,6.325031],[-75.705138,6.324895],[-75.705083,6.324817],[-75.705302,6.324851],[-75.70555,6.325004],[-75.705691,6.325042],[-75.706199,6.325005],[-75.706354,6.32505],[-75.706542,6.325205],[-75.706664,6.325158],[-75.707,6.325137],[-75.70695,6.325089],[-75.706773,6.325091],[-75.706718,6.325023],[-75.706588,6.324478],[-75.706459,6.324134],[-75.706455,6.324018],[-75.706357,6.323889],[-75.70639,6.323665],[-75.706563,6.323472],[-75.706281,6.323074],[-75.705918,6.322664],[-75.705987,6.322517],[-75.706456,6.32238],[-75.706552,6.322255],[-75.707035,6.321916],[-75.707193,6.321745],[-75.707326,6.321763],[-75.707615,6.321633],[-75.707568,6.322027],[-75.707501,6.322193],[-75.708062,6.322071],[-75.708399,6.322143],[-75.708294,6.322388],[-75.708387,6.322452],[-75.709081,6.322485],[-75.709372,6.32259],[-75.70961,6.32226],[-75.709689,6.322197],[-75.710684,6.322235],[-75.710684,6.322056],[-75.711159,6.321996],[-75.711237,6.321993],[-75.711392,6.322152],[-75.711689,6.322289],[-75.711518,6.322807],[-75.711327,6.323125],[-75.711728,6.323277],[-75.712239,6.323818],[-75.712694,6.324159],[-75.712763,6.324247],[-75.712857,6.32448],[-75.712872,6.324754],[-75.712836,6.324813],[-75.712711,6.324897],[-75.712805,6.324987],[-75.712944,6.325238],[-75.712923,6.325599],[-75.712988,6.325732],[-75.713054,6.325581],[-75.713079,6.325648],[-75.713176,6.325653],[-75.713229,6.325725],[-75.71328,6.325724],[-75.713328,6.325637],[-75.713374,6.325628],[-75.713412,6.325652],[-75.713456,6.325777],[-75.713631,6.325517],[-75.714046,6.325111],[-75.714693,6.324813],[-75.714806,6.3247],[-75.715237,6.324566],[-75.715258,6.324823]]]},"properties":{"CODIGO":"5001","COMUNA":"50","BARRIO":"01","NOMBRE_BARRIO":"La Suiza","SECTOR":7,"INDICADOR_UR":"R","NOMBRE_COMUNA":"PALMITAS","MUNICIPIO":"001"}},{"type":"Feature","id":17,"geometry":{"type":"MultiPolygon","coordinates":[[[[-75.673647,6.366524],[-75.673893,6.366648],[-75.67409,6.366626],[-75.674583,6.366205],[-75.674749,6.366139],[-75.675262,6.366246],[-75.675865,6.36625],[-75.676161,6.366315],[-75.676313,6.366295],[-75.676653,6.366022],[-75.676918,6.365864],[-75.677624,6.365609],[-75.678431,6.365241],[-75.679046,6.364786],[-75.679542,6.364482],[-75.680139,6.36423],[-75.68055,6.364154],[-75.680718,6.364076],[-75.680855,6.363909],[-75.680914,6.36377],[-75.680944,6.363636],[-75.680903,6.363352],[-75.680917,6.363238],[-75.681033,6.362993],[-75.68111,6.362902],[-75.681273,6.362821],[-75.682022,6.362655],[-75.682362,6.362518],[-75.682553,6.362396],[-75.68273,6.362154],[-75.682919,6.361992],[-75.683195,6.36199],[-75.683791,6.362252],[-75.684035,6.36232],[-75.684435,6.36235],[-75.684844,6.362336],[-75.685305,6.362439],[-75.685433,6.362236],[-75.685721,6.362054],[-75.686425,6.361677],[-75.686676,6.361732],[-75.686907,6.361557],[-75.687013,6.361562],[-75.687458,6.361712],[-75.687687,6.361912],[-75.687798,6.361936],[-75.687894,6.361887],[-75.68796,6.361633],[-75.687975,6.361533],[-75.687938,6.361322],[-75.687963,6.361125],[-75.688079,6.361045],[-75.688227,6.361059],[-75.688795,6.360823],[-75.68906,6.360751],[-75.689288,6.360601],[-75.689411,6.360368],[-75.689464,6.360326],[-75.689555,6.360332],[-75.689712,6.360428],[-75.689923,6.36048],[-75.690414,6.360355],[-75.690683,6.360338],[-75.691103,6.360373],[-75.691233,6.360435],[-75.69149,6.360479],[-75.691611,6.360475],[-75.691638,6.36044],[-75.69196,6.360476],[-75.692414,6.360386],[-75.692732,6.360214],[-75.69285,6.360114],[-75.692973,6.360073],[-75.693112,6.359863],[-75.693215,6.359622],[-75.693287,6.359566],[-75.693127,6.359312],[-75.69237,6.35831],[-75.692165,6.358121],[-75.691692,6.357827],[-75.691483,6.357644],[-75.691505,6.35763],[-75.691472,6.357359],[-75.691293,6.357088],[-75.691253,6.356815],[-75.691672,6.356891],[-75.69181,6.356878],[-75.691892,6.356836],[-75.691969,6.356746],[-75.692115,6.356459],[-75.692264,6.356357],[-75.692193,6.355798],[-75.692692,6.355697],[-75.692866,6.35569],[-75.692872,6.356172],[-75.69304,6.356246],[-75.693351,6.35655],[-75.694338,6.356748],[-75.694921,6.356757],[-75.695162,6.356669],[-75.69531,6.356507],[-75.695516,6.35608],[-75.695703,6.355934],[-75.696046,6.3559],[-75.696463,6.356059],[-75.696598,6.356065],[-75.696973,6.355942],[-75.697189,6.355796],[-75.697255,6.355558],[-75.697221,6.355449],[-75.696992,6.355069],[-75.696601,6.354682],[-75.696413,6.354182],[-75.696436,6.353985],[-75.696631,6.353713],[-75.696672,6.353587],[-75.696645,6.353364],[-75.696269,6.352949],[-75.696058,6.352478],[-75.695909,6.352326],[-75.695559,6.352095],[-75.695201,6.351699],[-75.695163,6.351476],[-75.695268,6.351158],[-75.695272,6.351028],[-75.695076,6.350537],[-75.695126,6.35035],[-75.695282,6.350196],[-75.695701,6.350088],[-75.696066,6.34988],[-75.696534,6.349777],[-75.696744,6.349656],[-75.696829,6.349533],[-75.696864,6.349389],[-75.696842,6.349183],[-75.696777,6.349037],[-75.696579,6.34887],[-75.696242,6.348685],[-75.696025,6.348616],[-75.695571,6.348658],[-75.69511,6.348535],[-75.694373,6.348549],[-75.694222,6.348516],[-75.694048,6.349076],[-75.693957,6.349249],[-75.693814,6.349355],[-75.693569,6.349336],[-75.692575,6.348995],[-75.69188,6.348597],[-75.691401,6.348489],[-75.691242,6.348394],[-75.690802,6.348276],[-75.690764,6.348172],[-75.690621,6.348521],[-75.690717,6.348819],[-75.690849,6.349008],[-75.690957,6.349273],[-75.690985,6.34941],[-75.690905,6.349515],[-75.69102,6.349737],[-75.690866,6.35047],[-75.690632,6.350579],[-75.690185,6.350886],[-75.689934,6.351156],[-75.689615,6.351644],[-75.688865,6.351248],[-75.688564,6.351144],[-75.687848,6.351076],[-75.687193,6.350937],[-75.687042,6.350985],[-75.687019,6.350935],[-75.686756,6.350714],[-75.686551,6.350644],[-75.686102,6.350342],[-75.685897,6.350381],[-75.685626,6.350305],[-75.685418,6.350302],[-75.685003,6.350398],[-75.685426,6.351623],[-75.685521,6.352053],[-75.685766,6.352693],[-75.685966,6.353078],[-75.686153,6.353703],[-75.686131,6.354026],[-75.685382,6.353437],[-75.685159,6.353337],[-75.684836,6.353057],[-75.684471,6.352842],[-75.684191,6.352756],[-75.683022,6.35272],[-75.68247,6.352792],[-75.682384,6.352835],[-75.682255,6.352993],[-75.682176,6.353172],[-75.682025,6.353395],[-75.68181,6.353588],[-75.681394,6.353833],[-75.680964,6.354328],[-75.680928,6.35445],[-75.680856,6.354515],[-75.680405,6.354594],[-75.679847,6.354872],[-75.679679,6.354912],[-75.679074,6.35499],[-75.678627,6.35493],[-75.678305,6.354804],[-75.677575,6.354214],[-75.677288,6.354223],[-75.677199,6.354199],[-75.677124,6.354144],[-75.676977,6.354122],[-75.676633,6.354],[-75.676446,6.35386],[-75.676189,6.353755],[-75.675716,6.353823],[-75.675213,6.353977],[-75.674838,6.354037],[-75.67442,6.354356],[-75.674311,6.354488],[-75.674191,6.354571],[-75.674133,6.354688],[-75.673961,6.354704],[-75.673769,6.354791],[-75.673441,6.355045],[-75.67335,6.355154],[-75.673261,6.355164],[-75.67321,6.355208],[-75.673278,6.355458],[-75.67326,6.355503],[-75.67314,6.355529],[-75.673242,6.355695],[-75.673243,6.355771],[-75.672927,6.356191],[-75.672922,6.356308],[-75.672983,6.356356],[-75.672993,6.356417],[-75.672796,6.35671],[-75.672432,6.356673],[-75.672227,6.356713],[-75.671745,6.356901],[-75.671043,6.35729],[-75.670308,6.357489],[-75.670004,6.35752],[-75.669266,6.357509],[-75.669098,6.357436],[-75.668276,6.356746],[-75.667895,6.356513],[-75.667663,6.356294],[-75.66748,6.35621],[-75.667255,6.356366],[-75.667197,6.356348],[-75.667148,6.356258],[-75.66715,6.356079],[-75.667103,6.356091],[-75.667052,6.356189],[-75.667037,6.356117],[-75.666988,6.356209],[-75.666925,6.356218],[-75.666898,6.356174],[-75.666776,6.356156],[-75.666647,6.356287],[-75.666418,6.35627],[-75.666321,6.356365],[-75.666044,6.356355],[-75.665914,6.356414],[-75.665652,6.356613],[-75.665308,6.356756],[-75.664951,6.356819],[-75.664133,6.357511],[-75.66385,6.357658],[-75.66364,6.3577],[-75.663074,6.357899],[-75.662917,6.35792],[-75.661171,6.357657],[-75.661045,6.357616],[-75.660395,6.357249],[-75.659734,6.357008],[-75.659294,6.356767],[-75.658642,6.35658],[-75.658017,6.356497],[-75.658453,6.356827],[-75.658683,6.356958],[-75.659295,6.357461],[-75.659566,6.35759],[-75.66082,6.359011],[-75.660944,6.35922],[-75.661432,6.359179],[-75.661759,6.358965],[-75.661978,6.358871],[-75.662214,6.358862],[-75.66254,6.358964],[-75.662828,6.358789],[-75.662885,6.358782],[-75.66333,6.358958],[-75.663591,6.35896],[-75.663807,6.35903],[-75.664059,6.359034],[-75.664164,6.359068],[-75.664534,6.359362],[-75.664684,6.359417],[-75.664745,6.359471],[-75.664839,6.359686],[-75.665058,6.359819],[-75.665161,6.359928],[-75.665293,6.360151],[-75.665668,6.360494],[-75.665715,6.360589],[-75.665767,6.360878],[-75.666031,6.361349],[-75.666379,6.361729],[-75.667019,6.362576],[-75.66749,6.362958],[-75.667832,6.362976],[-75.667918,6.363007],[-75.668036,6.363255],[-75.668127,6.363323],[-75.668253,6.36338],[-75.668351,6.363388],[-75.668726,6.363258],[-75.668968,6.363245],[-75.669164,6.363276],[-75.669704,6.363037],[-75.670359,6.363044],[-75.670627,6.363198],[-75.670962,6.363233],[-75.671144,6.363568],[-75.671287,6.364107],[-75.671635,6.364538],[-75.671795,6.365073],[-75.672143,6.365583],[-75.672662,6.366056],[-75.672863,6.366349],[-75.673198,6.366628],[-75.673302,6.366651],[-75.673527,6.366535],[-75.673647,6.366524]]],[[[-75.708298,6.364399],[-75.70843,6.364762],[-75.708481,6.364823],[-75.708615,6.364865],[-75.708847,6.364881],[-75.708985,6.364838],[-75.709312,6.364631],[-75.709693,6.36449],[-75.710177,6.364369],[-75.710525,6.364366],[-75.710783,6.364306],[-75.711158,6.364421],[-75.711289,6.364341],[-75.711374,6.364166],[-75.711466,6.364062],[-75.711904,6.363863],[-75.712379,6.363962],[-75.712569,6.363945],[-75.712688,6.363851],[-75.712913,6.363748],[-75.713053,6.363592],[-75.713058,6.363499],[-75.712921,6.363279],[-75.712852,6.36308],[-75.71288,6.362945],[-75.712995,6.362812],[-75.713498,6.362563],[-75.713791,6.362508],[-75.71403,6.362284],[-75.71419,6.362215],[-75.714425,6.362216],[-75.714559,6.362338],[-75.714906,6.362372],[-75.714956,6.362463],[-75.715047,6.362511],[-75.715147,6.362478],[-75.715429,6.362297],[-75.716027,6.362225],[-75.716137,6.362108],[-75.716363,6.361741],[-75.716485,6.361509],[-75.716559,6.36124],[-75.716857,6.360811],[-75.716919,6.360772],[-75.716905,6.360709],[-75.716396,6.360442],[-75.716184,6.360291],[-75.716108,6.360175],[-75.716132,6.360039],[-75.716383,6.359702],[-75.716443,6.359564],[-75.716397,6.35888],[-75.716272,6.358593],[-75.71604,6.358441],[-75.715977,6.358332],[-75.715914,6.358083],[-75.715791,6.357233],[-75.715868,6.35701],[-75.715875,6.356874],[-75.715431,6.356114],[-75.715444,6.356012],[-75.715557,6.355787],[-75.715625,6.355456],[-75.715854,6.355131],[-75.715863,6.354907],[-75.715818,6.354839],[-75.715574,6.354757],[-75.71499,6.354191],[-75.714855,6.354021],[-75.714693,6.353512],[-75.714538,6.353386],[-75.714488,6.353301],[-75.714312,6.352515],[-75.714338,6.352222],[-75.714743,6.352213],[-75.714914,6.352179],[-75.715098,6.352074],[-75.715221,6.351895],[-75.715234,6.351793],[-75.715181,6.351552],[-75.714848,6.350898],[-75.714818,6.350771],[-75.714907,6.350259],[-75.715027,6.349912],[-75.715105,6.349567],[-75.715141,6.349235],[-75.715129,6.34903],[-75.714937,6.348677],[-75.714606,6.348194],[-75.714423,6.34805],[-75.714148,6.347981],[-75.714014,6.347905],[-75.713711,6.347532],[-75.713659,6.347346],[-75.713673,6.347092],[-75.713554,6.346937],[-75.713546,6.346799],[-75.713421,6.346551],[-75.713172,6.346686],[-75.712921,6.346742],[-75.712691,6.346854],[-75.712567,6.346868],[-75.712574,6.347403],[-75.712058,6.347409],[-75.711632,6.347332],[-75.711343,6.347334],[-75.711343,6.347492],[-75.711276,6.347791],[-75.710857,6.347733],[-75.710724,6.347689],[-75.710711,6.347651],[-75.710724,6.346757],[-75.710977,6.346375],[-75.710584,6.346058],[-75.710375,6.346388],[-75.709982,6.347138],[-75.709258,6.348109],[-75.709169,6.348559],[-75.708911,6.348596],[-75.70892,6.348798],[-75.708269,6.348858],[-75.708275,6.348738],[-75.708199,6.348586],[-75.708116,6.34818],[-75.707838,6.348618],[-75.707515,6.349232],[-75.707635,6.349372],[-75.706701,6.350153],[-75.705586,6.350762],[-75.705149,6.350901],[-75.704882,6.351251],[-75.704786,6.351538],[-75.704917,6.351843],[-75.705246,6.352159],[-75.70537,6.352234],[-75.705664,6.351879],[-75.7057,6.351777],[-75.70579,6.351705],[-75.705999,6.351717],[-75.706282,6.351638],[-75.706412,6.351672],[-75.70649,6.35175],[-75.706992,6.352351],[-75.706789,6.352531],[-75.706696,6.352669],[-75.706589,6.353004],[-75.706605,6.353186],[-75.706581,6.353266],[-75.706327,6.353404],[-75.706024,6.353693],[-75.705503,6.353571],[-75.705403,6.353463],[-75.705382,6.353373],[-75.704604,6.353167],[-75.704414,6.35305],[-75.704021,6.352966],[-75.703648,6.353064],[-75.703283,6.35281],[-75.702941,6.352706],[-75.702648,6.352746],[-75.702621,6.352721],[-75.702492,6.352805],[-75.702463,6.352763],[-75.702221,6.353167],[-75.702286,6.353227],[-75.70216,6.353237],[-75.70206,6.353423],[-75.701755,6.353366],[-75.701544,6.353274],[-75.701401,6.353296],[-75.701285,6.35336],[-75.701151,6.353545],[-75.700877,6.353715],[-75.700763,6.353968],[-75.700711,6.354006],[-75.699788,6.353945],[-75.699426,6.354017],[-75.699159,6.354147],[-75.699001,6.354546],[-75.6988,6.354772],[-75.699041,6.355041],[-75.699336,6.355572],[-75.699314,6.355718],[-75.699056,6.356061],[-75.699249,6.356094],[-75.699525,6.35637],[-75.699794,6.356025],[-75.699912,6.356064],[-75.700242,6.356046],[-75.700548,6.356133],[-75.700866,6.356746],[-75.700709,6.356856],[-75.700617,6.35722],[-75.700445,6.357469],[-75.700301,6.357512],[-75.700057,6.357465],[-75.699803,6.357375],[-75.699608,6.357224],[-75.699374,6.357125],[-75.699155,6.356975],[-75.698846,6.356935],[-75.698526,6.356811],[-75.698082,6.356712],[-75.697472,6.357128],[-75.697351,6.357359],[-75.697287,6.3576],[-75.697217,6.3576],[-75.697043,6.357479],[-75.6969,6.357462],[-75.696757,6.357497],[-75.696504,6.357839],[-75.696515,6.357867],[-75.696451,6.357967],[-75.696551,6.358124],[-75.69653,6.358203],[-75.696465,6.358238],[-75.696372,6.358217],[-75.696294,6.358267],[-75.696213,6.358777],[-75.696115,6.358826],[-75.696034,6.359015],[-75.695944,6.358903],[-75.695651,6.358724],[-75.695515,6.358731],[-75.695473,6.358924],[-75.695272,6.358644],[-75.695271,6.35856],[-75.695159,6.358207],[-75.695096,6.357662],[-75.694925,6.35783],[-75.694794,6.357881],[-75.694501,6.357903],[-75.69437,6.357865],[-75.694059,6.357678],[-75.693994,6.357667],[-75.693952,6.358345],[-75.6938,6.35843],[-75.693702,6.358735],[-75.693287,6.359565],[-75.693419,6.359588],[-75.693785,6.359813],[-75.694096,6.359898],[-75.694333,6.360031],[-75.694472,6.360034],[-75.694773,6.359914],[-75.694863,6.359921],[-75.694943,6.359968],[-75.695025,6.360133],[-75.695179,6.3603],[-75.695387,6.360401],[-75.695505,6.360569],[-75.695641,6.360598],[-75.695877,6.360736],[-75.695958,6.360901],[-75.695878,6.36126],[-75.69594,6.361434],[-75.696096,6.361577],[-75.696619,6.361756],[-75.696725,6.361756],[-75.69713,6.361658],[-75.697366,6.361483],[-75.697681,6.361488],[-75.698055,6.361308],[-75.698321,6.36131],[-75.698635,6.361223],[-75.698988,6.361191],[-75.699149,6.361361],[-75.699894,6.361612],[-75.700309,6.36164],[-75.70046,6.361589],[-75.700644,6.361679],[-75.700956,6.361766],[-75.70117,6.361764],[-75.701544,6.361866],[-75.701758,6.36199],[-75.701973,6.362207],[-75.702087,6.362389],[-75.702205,6.362457],[-75.702333,6.362454],[-75.702542,6.362363],[-75.702754,6.362353],[-75.703032,6.362374],[-75.703415,6.362514],[-75.703545,6.362587],[-75.703652,6.362725],[-75.703735,6.363113],[-75.703913,6.363318],[-75.704048,6.363686],[-75.704142,6.363766],[-75.705027,6.363811],[-75.705442,6.363752],[-75.705758,6.363638],[-75.706115,6.363651],[-75.706239,6.363711],[-75.706423,6.363915],[-75.706712,6.364025],[-75.707046,6.364097],[-75.707424,6.364109],[-75.70769,6.364418],[-75.70776,6.364459],[-75.707967,6.36443],[-75.708142,6.364305],[-75.708298,6.364399]]]]},"properties":{"CODIGO":"5006","COMUNA":"50","BARRIO":"06","NOMBRE_BARRIO":"Potrera Miserenga","SECTOR":7,"INDICADOR_UR":"R","NOMBRE_COMUNA":"PALMITAS","MUNICIPIO":"001"}},{"type":"Feature","id":18,"geometry":{"type":"Polygon","coordinates":[[[-75.608592,6.295418],[-75.608681,6.295572],[-75.608712,6.295793],[-75.608912,6.295496],[-75.609293,6.295397],[-75.609389,6.295325],[-75.609786,6.294053],[-75.60988,6.293904],[-75.610027,6.293759],[-75.610531,6.293492],[-75.611056,6.293263],[-75.611153,6.293189],[-75.612006,6.292035],[-75.612049,6.291837],[-75.612011,6.291744],[-75.612017,6.291437],[-75.612162,6.291163],[-75.612035,6.291098],[-75.611872,6.291187],[-75.611843,6.291103],[-75.611567,6.29134],[-75.611565,6.291369],[-75.611808,6.291537],[-75.611259,6.292042],[-75.610563,6.29229],[-75.610066,6.292585],[-75.609996,6.292568],[-75.609496,6.292814],[-75.608431,6.293119],[-75.608503,6.293527],[-75.608603,6.293726],[-75.608809,6.293984],[-75.608875,6.294216],[-75.608723,6.294463],[-75.608719,6.294562],[-75.608772,6.294731],[-75.608687,6.294868],[-75.60871,6.295083],[-75.608586,6.295221],[-75.608592,6.295418]]]},"properties":{"CODIGO":"6011","COMUNA":"60","BARRIO":"11","NOMBRE_BARRIO":"Pajarito","SECTOR":7,"INDICADOR_UR":"R","NOMBRE_COMUNA":"SAN CRISTOBAL","MUNICIPIO":"001"}},{"type":"Feature","id":19,"geometry":{"type":"Polygon","coordinates":[[[-75.628465,6.288326],[-75.62864,6.28848],[-75.628856,6.288366],[-75.629044,6.288315],[-75.629361,6.28838],[-75.629653,6.28838],[-75.629869,6.28821],[-75.629973,6.288275],[-75.630093,6.288409],[-75.630199,6.28843],[-75.630352,6.288372],[-75.630514,6.28821],[-75.630665,6.288152],[-75.630893,6.288173],[-75.631023,6.288091],[-75.631168,6.288118],[-75.631186,6.288002],[-75.631232,6.28793],[-75.631321,6.287895],[-75.631431,6.287904],[-75.631512,6.288071],[-75.63159,6.288123],[-75.631601,6.287382],[-75.631483,6.2872],[-75.63128,6.286747],[-75.631246,6.286516],[-75.631733,6.286453],[-75.63199,6.286367],[-75.632639,6.286008],[-75.632682,6.286113],[-75.632682,6.286268],[-75.634081,6.286411],[-75.634319,6.286074],[-75.634525,6.285866],[-75.634369,6.285767],[-75.634175,6.28571],[-75.63391,6.28582],[-75.633729,6.285756],[-75.633214,6.285749],[-75.632781,6.28474],[-75.632901,6.284701],[-75.633003,6.284615],[-75.633178,6.284301],[-75.63307,6.284299],[-75.632621,6.284413],[-75.632418,6.284414],[-75.632166,6.284507],[-75.632143,6.284242],[-75.632006,6.284126],[-75.631991,6.28399],[-75.631888,6.283829],[-75.631742,6.283765],[-75.631621,6.283773],[-75.631581,6.283712],[-75.631552,6.283759],[-75.631504,6.284382],[-75.631346,6.284383],[-75.631081,6.284583],[-75.631089,6.284645],[-75.630458,6.284586],[-75.630166,6.284612],[-75.630086,6.28466],[-75.630089,6.284718],[-75.629996,6.284689],[-75.630053,6.284746],[-75.630046,6.284782],[-75.629948,6.28487],[-75.629873,6.284793],[-75.629812,6.284781],[-75.629688,6.285101],[-75.629589,6.285152],[-75.629611,6.285255],[-75.62952,6.285402],[-75.629532,6.285512],[-75.628633,6.285488],[-75.62866,6.285924],[-75.628718,6.286069],[-75.628693,6.286223],[-75.6286,6.286276],[-75.628558,6.286422],[-75.628372,6.286604],[-75.628463,6.286787],[-75.628546,6.286853],[-75.628284,6.286907],[-75.628077,6.286883],[-75.628072,6.286849],[-75.627128,6.286921],[-75.627263,6.28705],[-75.627276,6.287166],[-75.627328,6.287256],[-75.627734,6.28732],[-75.627734,6.287366],[-75.62757,6.287365],[-75.627419,6.287409],[-75.627404,6.287583],[-75.62748,6.287641],[-75.627514,6.287712],[-75.627495,6.287836],[-75.627536,6.287994],[-75.627496,6.288146],[-75.627524,6.288312],[-75.627783,6.288259],[-75.628317,6.288233],[-75.628383,6.288249],[-75.628465,6.288326]]]},"properties":{"CODIGO":"6089","COMUNA":"60","BARRIO":"89","NOMBRE_BARRIO":"Suburbano Pedregal alto","SECTOR":7,"INDICADOR_UR":"R","NOMBRE_COMUNA":"SAN CRISTOBAL","MUNICIPIO":"001"}},{"type":"Feature","id":20,"geometry":{"type":"Polygon","coordinates":[[[-75.666909,6.373907],[-75.666883,6.374621],[-75.667061,6.374872],[-75.667259,6.374826],[-75.668105,6.374389],[-75.668698,6.374016],[-75.669151,6.373893],[-75.66967,6.374029],[-75.669894,6.374005],[-75.671371,6.373277],[-75.672959,6.372664],[-75.674756,6.372403],[-75.675251,6.372298],[-75.676554,6.371854],[-75.676741,6.371863],[-75.677093,6.371976],[-75.677296,6.371979],[-75.677401,6.371867],[-75.67771,6.371249],[-75.678283,6.370585],[-75.678549,6.370399],[-75.679325,6.370064],[-75.679553,6.370031],[-75.68118,6.370109],[-75.682047,6.369855],[-75.682283,6.369823],[-75.683913,6.370077],[-75.684133,6.370043],[-75.684548,6.369906],[-75.684838,6.369873],[-75.684835,6.369903],[-75.684913,6.369903],[-75.685335,6.369725],[-75.685436,6.369729],[-75.685628,6.369601],[-75.685759,6.369558],[-75.685893,6.369581],[-75.686227,6.369812],[-75.686334,6.370069],[-75.686405,6.370589],[-75.686566,6.370892],[-75.686727,6.371084],[-75.686987,6.371312],[-75.687189,6.371407],[-75.687269,6.37152],[-75.688005,6.372159],[-75.688433,6.372476],[-75.688786,6.372196],[-75.689456,6.371798],[-75.689515,6.371724],[-75.68967,6.371636],[-75.690624,6.371479],[-75.691471,6.371456],[-75.691729,6.371361],[-75.691957,6.371169],[-75.692126,6.37097],[-75.692296,6.370631],[-75.692443,6.370491],[-75.69286,6.370224],[-75.693492,6.370405],[-75.693986,6.370502],[-75.694422,6.370474],[-75.694761,6.370375],[-75.695274,6.37028],[-75.695803,6.370436],[-75.696035,6.370552],[-75.696463,6.370954],[-75.696854,6.371227],[-75.696994,6.371374],[-75.697209,6.371428],[-75.697419,6.371651],[-75.697548,6.371853],[-75.698082,6.372356],[-75.698343,6.372501],[-75.698992,6.372735],[-75.69924,6.373013],[-75.699342,6.372865],[-75.699703,6.372975],[-75.700076,6.372897],[-75.70098,6.372435],[-75.702309,6.37233],[-75.7024,6.372398],[-75.702751,6.372535],[-75.702938,6.372807],[-75.703039,6.37279],[-75.703137,6.372627],[-75.703626,6.372577],[-75.703946,6.372451],[-75.704141,6.372581],[-75.704725,6.372779],[-75.704858,6.372967],[-75.704864,6.373021],[-75.704964,6.372968],[-75.705011,6.372917],[-75.705048,6.372786],[-75.7048,6.372471],[-75.704748,6.372337],[-75.704806,6.371929],[-75.704791,6.371879],[-75.704629,6.371764],[-75.704243,6.371576],[-75.70419,6.371527],[-75.704083,6.371286],[-75.703837,6.37112],[-75.703656,6.371064],[-75.703626,6.371026],[-75.703632,6.370911],[-75.703727,6.370623],[-75.703677,6.370456],[-75.70338,6.370461],[-75.703049,6.370301],[-75.702984,6.370251],[-75.702856,6.370053],[-75.70276,6.370001],[-75.702505,6.370104],[-75.702306,6.370092],[-75.701774,6.369725],[-75.701522,6.369491],[-75.701331,6.36942],[-75.701086,6.369183],[-75.70098,6.369143],[-75.700674,6.369192],[-75.700514,6.369252],[-75.700427,6.369315],[-75.700296,6.369585],[-75.700245,6.369614],[-75.699996,6.369432],[-75.699869,6.369391],[-75.699483,6.369471],[-75.699418,6.369417],[-75.699212,6.368934],[-75.699195,6.368801],[-75.699226,6.368607],[-75.699192,6.368517],[-75.699018,6.368399],[-75.698924,6.368243],[-75.698927,6.367569],[-75.698791,6.36749],[-75.698561,6.36748],[-75.698334,6.367341],[-75.69838,6.367273],[-75.698054,6.366732],[-75.697981,6.366677],[-75.69771,6.366623],[-75.697529,6.366488],[-75.697382,6.366455],[-75.697248,6.366211],[-75.697,6.366332],[-75.696643,6.366453],[-75.696236,6.366816],[-75.696087,6.366857],[-75.696014,6.366843],[-75.696561,6.365941],[-75.696903,6.365542],[-75.697346,6.364697],[-75.69804,6.364657],[-75.698031,6.364617],[-75.698161,6.364567],[-75.698198,6.364662],[-75.6983,6.36449],[-75.698566,6.364818],[-75.698425,6.3651],[-75.698521,6.365457],[-75.698521,6.365688],[-75.699024,6.365956],[-75.699468,6.365494],[-75.699896,6.365323],[-75.700078,6.365293],[-75.700214,6.365314],[-75.700723,6.365543],[-75.701254,6.365422],[-75.701681,6.365648],[-75.701944,6.36556],[-75.702886,6.365059],[-75.703229,6.365028],[-75.703531,6.36506],[-75.70353,6.365334],[-75.703368,6.365912],[-75.70318,6.366019],[-75.702898,6.36604],[-75.702814,6.366083],[-75.702456,6.366691],[-75.702612,6.367216],[-75.702647,6.367517],[-75.702494,6.367913],[-75.702356,6.368051],[-75.702331,6.368233],[-75.702218,6.368533],[-75.70203,6.368744],[-75.702443,6.368848],[-75.702869,6.36907],[-75.703196,6.369046],[-75.703343,6.369094],[-75.704453,6.368227],[-75.704697,6.368091],[-75.70485,6.368034],[-75.704997,6.368021],[-75.704831,6.368313],[-75.704768,6.368672],[-75.704693,6.368826],[-75.704992,6.36944],[-75.705058,6.369497],[-75.705162,6.369403],[-75.705272,6.369011],[-75.705434,6.368738],[-75.705646,6.368715],[-75.705729,6.368656],[-75.706134,6.368658],[-75.706234,6.36875],[-75.706061,6.369004],[-75.706006,6.369182],[-75.705996,6.369333],[-75.706075,6.369677],[-75.706056,6.37021],[-75.706026,6.370223],[-75.705731,6.370844],[-75.706222,6.371056],[-75.706222,6.371107],[-75.706103,6.371318],[-75.70623,6.371462],[-75.706443,6.372061],[-75.706672,6.372359],[-75.706947,6.372597],[-75.707201,6.372753],[-75.707207,6.373062],[-75.707911,6.373133],[-75.70806,6.373049],[-75.708248,6.372754],[-75.708565,6.372536],[-75.708823,6.372522],[-75.709127,6.372574],[-75.70961,6.372537],[-75.710348,6.372185],[-75.710827,6.371856],[-75.710994,6.371791],[-75.711212,6.371762],[-75.71149,6.37182],[-75.711983,6.371842],[-75.712421,6.371762],[-75.712664,6.371677],[-75.712959,6.37153],[-75.713303,6.371287],[-75.713417,6.371415],[-75.71397,6.371356],[-75.713815,6.370992],[-75.713964,6.370941],[-75.714055,6.370854],[-75.714016,6.370332],[-75.714178,6.36938],[-75.71436,6.368951],[-75.71503,6.367935],[-75.715455,6.367197],[-75.715899,6.366619],[-75.716227,6.36606],[-75.716462,6.365764],[-75.716934,6.365351],[-75.717115,6.365113],[-75.717244,6.364875],[-75.717494,6.364683],[-75.717543,6.364599],[-75.717597,6.364146],[-75.717568,6.363437],[-75.717427,6.363179],[-75.717191,6.36287],[-75.71708,6.362256],[-75.71711,6.361888],[-75.717095,6.361476],[-75.717154,6.360938],[-75.717193,6.360824],[-75.71689,6.360768],[-75.716559,6.36124],[-75.716485,6.361509],[-75.716363,6.361741],[-75.716137,6.362108],[-75.716027,6.362225],[-75.715429,6.362297],[-75.715147,6.362478],[-75.715047,6.362511],[-75.714956,6.362463],[-75.714906,6.362372],[-75.714559,6.362338],[-75.714425,6.362216],[-75.71419,6.362215],[-75.71403,6.362284],[-75.713791,6.362508],[-75.713498,6.362563],[-75.712995,6.362812],[-75.71288,6.362945],[-75.712852,6.36308],[-75.712921,6.363279],[-75.713058,6.363499],[-75.713053,6.363592],[-75.712913,6.363748],[-75.712688,6.363851],[-75.712615,6.363924],[-75.712482,6.363972],[-75.711904,6.363863],[-75.711466,6.364062],[-75.711374,6.364166],[-75.711289,6.364341],[-75.711158,6.364421],[-75.710783,6.364306],[-75.710525,6.364366],[-75.710177,6.364369],[-75.709693,6.36449],[-75.709345,6.364619],[-75.708985,6.364838],[-75.708803,6.364883],[-75.708481,6.364823],[-75.70843,6.364762],[-75.708298,6.364399],[-75.708179,6.364318],[-75.708142,6.364305],[-75.707967,6.36443],[-75.70776,6.364459],[-75.70769,6.364418],[-75.707424,6.364109],[-75.707046,6.364097],[-75.706712,6.364025],[-75.706423,6.363915],[-75.706239,6.363711],[-75.706115,6.363651],[-75.705758,6.363638],[-75.705442,6.363752],[-75.705027,6.363811],[-75.704142,6.363766],[-75.704048,6.363686],[-75.703913,6.363318],[-75.703735,6.363113],[-75.703652,6.362725],[-75.703545,6.362587],[-75.703415,6.362514],[-75.703032,6.362374],[-75.702754,6.362353],[-75.702542,6.362363],[-75.702333,6.362454],[-75.702205,6.362457],[-75.702087,6.362389],[-75.701973,6.362207],[-75.701758,6.36199],[-75.701544,6.361866],[-75.70117,6.361764],[-75.700956,6.361766],[-75.700644,6.361679],[-75.70046,6.361589],[-75.700309,6.36164],[-75.699894,6.361612],[-75.699149,6.361361],[-75.698988,6.361191],[-75.698635,6.361223],[-75.698321,6.36131],[-75.698055,6.361308],[-75.697681,6.361488],[-75.697366,6.361483],[-75.69713,6.361658],[-75.696686,6.361762],[-75.696155,6.361602],[-75.69594,6.361434],[-75.695886,6.361306],[-75.695958,6.360901],[-75.695877,6.360736],[-75.695641,6.360598],[-75.695505,6.360569],[-75.695387,6.360401],[-75.695179,6.3603],[-75.695025,6.360133],[-75.694943,6.359968],[-75.694863,6.359921],[-75.694773,6.359914],[-75.694472,6.360034],[-75.694333,6.360031],[-75.694096,6.359898],[-75.693785,6.359813],[-75.693332,6.359556],[-75.693215,6.359622],[-75.693112,6.359863],[-75.692973,6.360073],[-75.69285,6.360114],[-75.692732,6.360214],[-75.692456,6.360366],[-75.692215,6.360436],[-75.69196,6.360476],[-75.691638,6.36044],[-75.691611,6.360475],[-75.69149,6.360479],[-75.691233,6.360435],[-75.691103,6.360373],[-75.690666,6.360338],[-75.690414,6.360355],[-75.689951,6.360481],[-75.689754,6.360442],[-75.689555,6.360332],[-75.689464,6.360326],[-75.689411,6.360368],[-75.689288,6.360601],[-75.68906,6.360751],[-75.688795,6.360823],[-75.688227,6.361059],[-75.688079,6.361045],[-75.687963,6.361125],[-75.687938,6.361322],[-75.687975,6.361533],[-75.68796,6.361633],[-75.687894,6.361887],[-75.687798,6.361936],[-75.687687,6.361912],[-75.687458,6.361712],[-75.687013,6.361562],[-75.686907,6.361557],[-75.686676,6.361732],[-75.686425,6.361677],[-75.685721,6.362054],[-75.685433,6.362236],[-75.685305,6.362439],[-75.684844,6.362336],[-75.684435,6.36235],[-75.684035,6.36232],[-75.683791,6.362252],[-75.683195,6.36199],[-75.682919,6.361992],[-75.68273,6.362154],[-75.682553,6.362396],[-75.682362,6.362518],[-75.682022,6.362655],[-75.681273,6.362821],[-75.68111,6.362902],[-75.681033,6.362993],[-75.680917,6.363238],[-75.680903,6.363352],[-75.680944,6.363636],[-75.680914,6.36377],[-75.680855,6.363909],[-75.680718,6.364076],[-75.68055,6.364154],[-75.680139,6.36423],[-75.679542,6.364482],[-75.679046,6.364786],[-75.678431,6.365241],[-75.677624,6.365609],[-75.676918,6.365864],[-75.676653,6.366022],[-75.676313,6.366295],[-75.676161,6.366315],[-75.675865,6.36625],[-75.675262,6.366246],[-75.674749,6.366139],[-75.674583,6.366205],[-75.67409,6.366626],[-75.673893,6.366648],[-75.673694,6.366536],[-75.673616,6.366524],[-75.673527,6.366535],[-75.673275,6.366652],[-75.673161,6.366603],[-75.672863,6.366349],[-75.672662,6.366056],[-75.672143,6.365583],[-75.671841,6.365152],[-75.67174,6.364945],[-75.671635,6.364538],[-75.671287,6.364107],[-75.671144,6.363568],[-75.670962,6.363233],[-75.670627,6.363198],[-75.670359,6.363044],[-75.669704,6.363037],[-75.669164,6.363276],[-75.668968,6.363245],[-75.668726,6.363258],[-75.668452,6.363365],[-75.668253,6.36338],[-75.668068,6.363291],[-75.667918,6.363007],[-75.667832,6.362976],[-75.66749,6.362958],[-75.667019,6.362576],[-75.666379,6.361729],[-75.666054,6.361383],[-75.665821,6.361003],[-75.665767,6.360878],[-75.665715,6.360589],[-75.665584,6.36039],[-75.665373,6.360238],[-75.665058,6.359819],[-75.664839,6.359686],[-75.664733,6.359456],[-75.664534,6.359362],[-75.664164,6.359068],[-75.664059,6.359034],[-75.663807,6.35903],[-75.663591,6.35896],[-75.66333,6.358958],[-75.662862,6.358783],[-75.66254,6.358964],[-75.662214,6.358862],[-75.661978,6.358871],[-75.661759,6.358965],[-75.661432,6.359179],[-75.660944,6.35922],[-75.661106,6.359474],[-75.661529,6.359672],[-75.662071,6.36007],[-75.66254,6.360546],[-75.662732,6.360863],[-75.662963,6.361168],[-75.663201,6.361816],[-75.6633,6.362411],[-75.663485,6.362801],[-75.663552,6.363066],[-75.66414,6.364005],[-75.664351,6.364409],[-75.664682,6.364885],[-75.664834,6.365229],[-75.665363,6.36593],[-75.665462,6.366611],[-75.665277,6.367035],[-75.665231,6.367425],[-75.665542,6.368781],[-75.665714,6.369198],[-75.666071,6.370256],[-75.666274,6.371254],[-75.666406,6.371565],[-75.666413,6.371843],[-75.666466,6.37216],[-75.666704,6.372498],[-75.666836,6.372881],[-75.666836,6.373126],[-75.666796,6.373351],[-75.666909,6.373907]]]},"properties":{"CODIGO":"5007","COMUNA":"50","BARRIO":"07","NOMBRE_BARRIO":"La Urquita","SECTOR":7,"INDICADOR_UR":"R","NOMBRE_COMUNA":"PALMITAS","MUNICIPIO":"001"}},{"type":"Feature","id":21,"geometry":{"type":"Polygon","coordinates":[[[-75.655458,6.172068],[-75.655679,6.172098],[-75.656108,6.17198],[-75.656503,6.171753],[-75.65678,6.171706],[-75.657053,6.17172],[-75.656988,6.171085],[-75.657074,6.170692],[-75.657074,6.170525],[-75.657155,6.170315],[-75.657126,6.170253],[-75.656968,6.170124],[-75.656701,6.170018],[-75.656663,6.169961],[-75.656705,6.16986],[-75.65663,6.169742],[-75.656657,6.169651],[-75.656508,6.169641],[-75.656503,6.169664],[-75.656497,6.16964],[-75.656148,6.169591],[-75.655969,6.169637],[-75.655886,6.1696],[-75.655926,6.169292],[-75.656138,6.168718],[-75.656027,6.168583],[-75.655644,6.168394],[-75.655564,6.168139],[-75.655253,6.168021],[-75.655118,6.167823],[-75.655033,6.167752],[-75.654679,6.16759],[-75.654346,6.167524],[-75.654086,6.167539],[-75.65341,6.167705],[-75.653074,6.167734],[-75.652521,6.167639],[-75.652315,6.167561],[-75.652035,6.167551],[-75.651741,6.167563],[-75.651151,6.167653],[-75.650649,6.167654],[-75.649883,6.167753],[-75.649792,6.167733],[-75.649639,6.167639],[-75.649174,6.167144],[-75.648645,6.167268],[-75.648523,6.167261],[-75.648417,6.167208],[-75.648402,6.1673],[-75.648596,6.167523],[-75.648591,6.167573],[-75.649196,6.16794],[-75.649311,6.168115],[-75.649394,6.168356],[-75.649376,6.168933],[-75.649341,6.168929],[-75.649207,6.169921],[-75.649206,6.170047],[-75.649253,6.170084],[-75.64918,6.170357],[-75.64924,6.170355],[-75.649146,6.170748],[-75.649153,6.170965],[-75.649238,6.171129],[-75.649552,6.171399],[-75.649626,6.171663],[-75.649904,6.171767],[-75.649996,6.171763],[-75.650056,6.171712],[-75.65008,6.171782],[-75.650143,6.1717],[-75.650482,6.171713],[-75.650531,6.171737],[-75.650555,6.171848],[-75.65108,6.171841],[-75.651509,6.171786],[-75.651848,6.171639],[-75.652006,6.171506],[-75.652296,6.171027],[-75.652319,6.170767],[-75.652414,6.170741],[-75.652689,6.170786],[-75.652777,6.170853],[-75.652867,6.17109],[-75.652964,6.171185],[-75.653056,6.171191],[-75.653,6.171407],[-75.653129,6.171582],[-75.653235,6.171575],[-75.653337,6.171445],[-75.653457,6.171397],[-75.653568,6.171395],[-75.653687,6.171482],[-75.653646,6.171637],[-75.653669,6.171745],[-75.653867,6.171909],[-75.654071,6.171923],[-75.654156,6.171993],[-75.6543,6.172027],[-75.654634,6.172032],[-75.654811,6.171929],[-75.655201,6.172078],[-75.655458,6.172068]]]},"properties":{"CODIGO":"8001","COMUNA":"80","BARRIO":"01","NOMBRE_BARRIO":"El Vergel","SECTOR":8,"INDICADOR_UR":"R","NOMBRE_COMUNA":"SAN ANTONIO DE PRADO","MUNICIPIO":"001"}},{"type":"Feature","id":22,"geometry":{"type":"Polygon","coordinates":[[[-75.493977,6.269099],[-75.494506,6.269447],[-75.494373,6.26849],[-75.494677,6.267927],[-75.494736,6.267673],[-75.494836,6.267439],[-75.495006,6.267222],[-75.494894,6.267076],[-75.494873,6.266955],[-75.495182,6.266318],[-75.495186,6.266251],[-75.495002,6.265771],[-75.494869,6.265175],[-75.49484,6.264683],[-75.494915,6.264462],[-75.494907,6.26437],[-75.494823,6.264303],[-75.494582,6.264253],[-75.494519,6.264174],[-75.494448,6.263865],[-75.494298,6.263532],[-75.494249,6.263177],[-75.494303,6.262819],[-75.494595,6.262406],[-75.494703,6.262302],[-75.494828,6.262243],[-75.495057,6.262202],[-75.49509,6.262152],[-75.495186,6.261664],[-75.495203,6.260851],[-75.495191,6.260763],[-75.49487,6.260738],[-75.494591,6.260775],[-75.494378,6.260863],[-75.494295,6.260863],[-75.494203,6.260821],[-75.494086,6.260663],[-75.493999,6.260296],[-75.493897,6.260074],[-75.493949,6.259612],[-75.493916,6.258832],[-75.493845,6.258669],[-75.493628,6.25839],[-75.493495,6.257956],[-75.493424,6.257443],[-75.493378,6.257331],[-75.493333,6.257243],[-75.493074,6.25701],[-75.493012,6.256893],[-75.492841,6.256021],[-75.492841,6.255825],[-75.493024,6.255367],[-75.49337,6.255083],[-75.493341,6.254975],[-75.49337,6.254858],[-75.493679,6.254758],[-75.494083,6.254691],[-75.495025,6.254283],[-75.4955,6.254187],[-75.49615,6.253795],[-75.495802,6.253052],[-75.495807,6.252987],[-75.496761,6.252523],[-75.496623,6.252334],[-75.495913,6.252215],[-75.495249,6.251812],[-75.494557,6.251485],[-75.494114,6.251312],[-75.493493,6.251142],[-75.493235,6.25099],[-75.493112,6.250847],[-75.493037,6.250662],[-75.493061,6.250301],[-75.492986,6.250033],[-75.492933,6.249946],[-75.492779,6.249858],[-75.492629,6.249649],[-75.492479,6.249362],[-75.492363,6.248882],[-75.492217,6.248598],[-75.492279,6.248361],[-75.492184,6.248148],[-75.492192,6.248077],[-75.492334,6.24794],[-75.492384,6.247719],[-75.492342,6.247568],[-75.492342,6.247335],[-75.492409,6.247039],[-75.492426,6.246497],[-75.492521,6.245913],[-75.492496,6.245746],[-75.492534,6.245262],[-75.492384,6.24505],[-75.492159,6.244574],[-75.491917,6.244341],[-75.491628,6.243837],[-75.491508,6.243532],[-75.491163,6.242864],[-75.491094,6.242804],[-75.490824,6.242729],[-75.490738,6.242594],[-75.490623,6.242513],[-75.490451,6.242231],[-75.490227,6.241992],[-75.489881,6.24175],[-75.489685,6.241547],[-75.489144,6.241174],[-75.488984,6.241002],[-75.488936,6.24087],[-75.488924,6.240684],[-75.488984,6.240063],[-75.488895,6.239847],[-75.488866,6.239615],[-75.488798,6.23944],[-75.488596,6.239251],[-75.488519,6.239134],[-75.488375,6.238542],[-75.488365,6.23826],[-75.488294,6.23809],[-75.488047,6.237873],[-75.487499,6.237605],[-75.487231,6.237515],[-75.486855,6.23747],[-75.486625,6.237408],[-75.486512,6.237323],[-75.486305,6.237067],[-75.486187,6.236989],[-75.486002,6.236999],[-75.485784,6.237079],[-75.485656,6.237035],[-75.485326,6.236559],[-75.485192,6.236532],[-75.485,6.23641],[-75.484874,6.236112],[-75.484854,6.235787],[-75.484759,6.235577],[-75.484608,6.235466],[-75.484154,6.235265],[-75.483922,6.234938],[-75.483969,6.234851],[-75.48397,6.234618],[-75.484004,6.234482],[-75.483943,6.234115],[-75.484041,6.233957],[-75.484291,6.233333],[-75.484309,6.232897],[-75.484387,6.23271],[-75.484206,6.232297],[-75.48407,6.232146],[-75.48397,6.231934],[-75.484004,6.231916],[-75.484314,6.23107],[-75.484074,6.230677],[-75.483883,6.230498],[-75.483594,6.230364],[-75.482819,6.230252],[-75.482406,6.230159],[-75.481828,6.230181],[-75.481009,6.230815],[-75.480169,6.231683],[-75.479919,6.231839],[-75.47935,6.232098],[-75.479105,6.232279],[-75.478911,6.232471],[-75.478837,6.232579],[-75.478786,6.232897],[-75.478797,6.233136],[-75.47886,6.23345],[-75.478791,6.234355],[-75.478722,6.234582],[-75.47859,6.234839],[-75.478443,6.235031],[-75.477987,6.235222],[-75.477832,6.235334],[-75.477864,6.235359],[-75.477694,6.235463],[-75.477569,6.235505],[-75.477204,6.235545],[-75.477351,6.235605],[-75.477616,6.235846],[-75.477175,6.236399],[-75.477177,6.236363],[-75.477128,6.236388],[-75.477113,6.236302],[-75.477063,6.236339],[-75.476958,6.236819],[-75.476985,6.236915],[-75.476811,6.236987],[-75.476804,6.237162],[-75.476692,6.237275],[-75.476404,6.237465],[-75.476432,6.23774],[-75.476353,6.238204],[-75.476327,6.238717],[-75.476686,6.239687],[-75.476433,6.239752],[-75.476235,6.239873],[-75.476006,6.239916],[-75.475872,6.240053],[-75.475797,6.240017],[-75.474483,6.240523],[-75.474131,6.240016],[-75.474101,6.23999],[-75.473988,6.240011],[-75.473951,6.239983],[-75.473808,6.239646],[-75.473621,6.239889],[-75.472694,6.24073],[-75.472467,6.240893],[-75.47221,6.240992],[-75.472116,6.241132],[-75.472072,6.24131],[-75.472089,6.241682],[-75.471853,6.242275],[-75.471971,6.243347],[-75.472202,6.243811],[-75.472323,6.244233],[-75.472342,6.24448],[-75.472482,6.244567],[-75.472699,6.244861],[-75.473159,6.245386],[-75.473359,6.245518],[-75.473671,6.245639],[-75.473773,6.245739],[-75.473808,6.245897],[-75.473672,6.24653],[-75.473644,6.246931],[-75.473687,6.247785],[-75.473776,6.248067],[-75.473979,6.248464],[-75.474277,6.24874],[-75.474615,6.248943],[-75.474723,6.248966],[-75.475119,6.248718],[-75.47546,6.248436],[-75.475713,6.248367],[-75.475955,6.248412],[-75.47613,6.24859],[-75.476561,6.249252],[-75.477259,6.250609],[-75.4774,6.250813],[-75.477494,6.250872],[-75.477806,6.25084],[-75.478031,6.25089],[-75.478174,6.251012],[-75.478451,6.251351],[-75.478927,6.251634],[-75.479043,6.251757],[-75.479376,6.251704],[-75.479611,6.251763],[-75.479783,6.251713],[-75.480114,6.251894],[-75.48048,6.251855],[-75.480583,6.251897],[-75.480825,6.251907],[-75.480993,6.251996],[-75.481149,6.251992],[-75.481202,6.252021],[-75.481228,6.251972],[-75.481205,6.251794],[-75.48135,6.251764],[-75.481873,6.251874],[-75.482135,6.251849],[-75.482306,6.25189],[-75.482469,6.251875],[-75.482549,6.251829],[-75.482607,6.251714],[-75.482844,6.251541],[-75.483162,6.251401],[-75.483325,6.251376],[-75.483456,6.251397],[-75.483673,6.251597],[-75.483921,6.251689],[-75.484097,6.251594],[-75.484391,6.251529],[-75.484527,6.251662],[-75.484904,6.251922],[-75.485464,6.252464],[-75.485607,6.252676],[-75.485829,6.252827],[-75.485933,6.253049],[-75.485965,6.253463],[-75.48612,6.253657],[-75.486242,6.253718],[-75.486307,6.253833],[-75.486016,6.254484],[-75.485655,6.25485],[-75.48558,6.255063],[-75.485748,6.255683],[-75.485824,6.255851],[-75.485937,6.255962],[-75.48595,6.256371],[-75.486099,6.256903],[-75.486537,6.257469],[-75.486635,6.257546],[-75.486973,6.257717],[-75.48722,6.257692],[-75.487346,6.257776],[-75.487468,6.258014],[-75.487359,6.258353],[-75.487384,6.258446],[-75.487714,6.258693],[-75.487801,6.25882],[-75.488006,6.258968],[-75.48821,6.259264],[-75.48827,6.25928],[-75.488525,6.259212],[-75.488628,6.259219],[-75.488794,6.259318],[-75.489073,6.259677],[-75.489416,6.259809],[-75.490177,6.260027],[-75.490248,6.26009],[-75.490603,6.26062],[-75.490801,6.260799],[-75.491012,6.261244],[-75.491158,6.261402],[-75.490967,6.26171],[-75.490962,6.262003],[-75.491086,6.262198],[-75.491306,6.262376],[-75.49137,6.262492],[-75.491412,6.262702],[-75.491348,6.263107],[-75.49117,6.263227],[-75.490978,6.263544],[-75.491063,6.263684],[-75.491082,6.263822],[-75.491045,6.264198],[-75.491179,6.264509],[-75.4914,6.264901],[-75.492394,6.265894],[-75.492513,6.266316],[-75.492461,6.26679],[-75.492729,6.267536],[-75.492924,6.267973],[-75.493072,6.268166],[-75.493209,6.268281],[-75.493456,6.268699],[-75.493634,6.268852],[-75.493757,6.26906],[-75.493977,6.269099]]]},"properties":{"CODIGO":"9013","COMUNA":"90","BARRIO":"13","NOMBRE_BARRIO":"Barro Blanco","SECTOR":9,"INDICADOR_UR":"R","NOMBRE_COMUNA":"SANTA ELENA","MUNICIPIO":"001"}},{"type":"Feature","id":23,"geometry":{"type":"Polygon","coordinates":[[[-75.692811,6.358909],[-75.693287,6.359565],[-75.693702,6.358735],[-75.6938,6.35843],[-75.693952,6.358345],[-75.693994,6.357667],[-75.694059,6.357678],[-75.69437,6.357865],[-75.694501,6.357903],[-75.694794,6.357881],[-75.694925,6.35783],[-75.695096,6.357662],[-75.695159,6.358207],[-75.695271,6.35856],[-75.695272,6.358644],[-75.695473,6.358924],[-75.695515,6.358731],[-75.695651,6.358724],[-75.695944,6.358903],[-75.696034,6.359015],[-75.696115,6.358826],[-75.696213,6.358777],[-75.696294,6.358267],[-75.696372,6.358217],[-75.696465,6.358238],[-75.69653,6.358203],[-75.696551,6.358124],[-75.696451,6.357967],[-75.696515,6.357867],[-75.696504,6.357839],[-75.696757,6.357497],[-75.6969,6.357462],[-75.697043,6.357479],[-75.697217,6.3576],[-75.697287,6.3576],[-75.697351,6.357359],[-75.697472,6.357128],[-75.698082,6.356712],[-75.698526,6.356811],[-75.698846,6.356935],[-75.699155,6.356975],[-75.699374,6.357125],[-75.699608,6.357224],[-75.699803,6.357375],[-75.700057,6.357465],[-75.700301,6.357512],[-75.700445,6.357469],[-75.700617,6.35722],[-75.700709,6.356856],[-75.700866,6.356746],[-75.700548,6.356133],[-75.700242,6.356046],[-75.699912,6.356064],[-75.699793,6.356024],[-75.699525,6.35637],[-75.699249,6.356094],[-75.699056,6.356061],[-75.699314,6.355718],[-75.699336,6.355572],[-75.699041,6.355041],[-75.6988,6.354772],[-75.699001,6.354546],[-75.699082,6.354379],[-75.69913,6.354183],[-75.699382,6.354031],[-75.699787,6.353945],[-75.700711,6.354006],[-75.700763,6.353968],[-75.700877,6.353715],[-75.701187,6.353516],[-75.701285,6.35336],[-75.701451,6.353278],[-75.701544,6.353274],[-75.701755,6.353366],[-75.70206,6.353423],[-75.70216,6.353237],[-75.702286,6.353227],[-75.702221,6.353167],[-75.702463,6.352763],[-75.702492,6.352805],[-75.702621,6.352721],[-75.702648,6.352746],[-75.702941,6.352706],[-75.703318,6.352825],[-75.703648,6.353064],[-75.704021,6.352966],[-75.704414,6.35305],[-75.704604,6.353167],[-75.705382,6.353373],[-75.705403,6.353463],[-75.705503,6.353571],[-75.706024,6.353693],[-75.706327,6.353404],[-75.706581,6.353266],[-75.706605,6.353186],[-75.706589,6.353004],[-75.706696,6.352669],[-75.706789,6.352531],[-75.706992,6.352351],[-75.70649,6.35175],[-75.706351,6.351651],[-75.706282,6.351638],[-75.705999,6.351717],[-75.70579,6.351705],[-75.7057,6.351777],[-75.705664,6.351879],[-75.70537,6.352234],[-75.705132,6.35207],[-75.704917,6.351843],[-75.704852,6.351729],[-75.704797,6.351505],[-75.704319,6.351361],[-75.704215,6.351774],[-75.704003,6.35172],[-75.703755,6.351717],[-75.703631,6.351815],[-75.703386,6.351724],[-75.703341,6.351735],[-75.703331,6.351835],[-75.703242,6.35179],[-75.702809,6.351941],[-75.702698,6.351941],[-75.702627,6.351679],[-75.702768,6.351508],[-75.703644,6.350809],[-75.703157,6.350859],[-75.7026,6.350998],[-75.702438,6.350923],[-75.702336,6.350791],[-75.702063,6.35063],[-75.701603,6.350209],[-75.701475,6.35017],[-75.701417,6.348964],[-75.701065,6.348733],[-75.700747,6.348339],[-75.700703,6.34824],[-75.700783,6.348011],[-75.701008,6.34778],[-75.701028,6.347821],[-75.70111,6.347749],[-75.701516,6.347575],[-75.701501,6.347452],[-75.701574,6.347315],[-75.701691,6.347231],[-75.701684,6.347072],[-75.701746,6.346839],[-75.701888,6.34672],[-75.70197,6.346594],[-75.701937,6.346372],[-75.701849,6.346269],[-75.701857,6.346088],[-75.701805,6.345967],[-75.701894,6.345864],[-75.702024,6.345821],[-75.702089,6.345852],[-75.702226,6.346108],[-75.702367,6.346615],[-75.702648,6.346845],[-75.702907,6.347197],[-75.703097,6.347284],[-75.703161,6.347278],[-75.703445,6.347152],[-75.703702,6.347123],[-75.703812,6.347158],[-75.70391,6.347233],[-75.70402,6.347414],[-75.70405,6.347611],[-75.704002,6.347654],[-75.704038,6.347853],[-75.704003,6.348093],[-75.704126,6.347988],[-75.704195,6.347867],[-75.70447,6.347626],[-75.704539,6.347827],[-75.704603,6.347844],[-75.704539,6.348104],[-75.704615,6.348273],[-75.704595,6.348515],[-75.704486,6.348743],[-75.704048,6.349291],[-75.704379,6.349479],[-75.705086,6.348304],[-75.705365,6.348105],[-75.705574,6.348015],[-75.705683,6.347846],[-75.705842,6.347368],[-75.705911,6.346907],[-75.705959,6.34683],[-75.704419,6.345963],[-75.704511,6.345797],[-75.704506,6.345543],[-75.704459,6.345545],[-75.70438,6.345629],[-75.70425,6.34568],[-75.704185,6.345865],[-75.703967,6.345927],[-75.70386,6.345919],[-75.70367,6.346003],[-75.703201,6.346547],[-75.703023,6.346355],[-75.702682,6.345879],[-75.702471,6.345969],[-75.702378,6.345914],[-75.702367,6.345597],[-75.702562,6.345435],[-75.702563,6.345385],[-75.702485,6.345271],[-75.702487,6.345179],[-75.702579,6.345068],[-75.70259,6.344655],[-75.702943,6.344424],[-75.702772,6.344208],[-75.702315,6.344233],[-75.702104,6.344277],[-75.701755,6.344128],[-75.701612,6.344199],[-75.701424,6.344398],[-75.701198,6.344572],[-75.701038,6.344413],[-75.700951,6.344378],[-75.700954,6.34432],[-75.700726,6.344313],[-75.70074,6.344086],[-75.700654,6.344165],[-75.700503,6.344429],[-75.700311,6.344604],[-75.699827,6.344614],[-75.699361,6.344735],[-75.699345,6.344893],[-75.698817,6.344714],[-75.698749,6.344727],[-75.698594,6.344871],[-75.698367,6.344911],[-75.698056,6.344877],[-75.698014,6.344768],[-75.698062,6.344409],[-75.698152,6.344196],[-75.697862,6.3441],[-75.697611,6.344134],[-75.69737,6.344055],[-75.697116,6.344253],[-75.696785,6.34439],[-75.696601,6.344404],[-75.696307,6.344609],[-75.696062,6.344637],[-75.695872,6.344719],[-75.695885,6.344883],[-75.69585,6.345111],[-75.695518,6.345555],[-75.695537,6.345688],[-75.695477,6.345864],[-75.695482,6.346002],[-75.69556,6.346289],[-75.695567,6.346429],[-75.695539,6.346565],[-75.695385,6.346902],[-75.695367,6.347107],[-75.695295,6.347326],[-75.695126,6.347514],[-75.694953,6.347565],[-75.694845,6.347651],[-75.694698,6.347887],[-75.694524,6.348038],[-75.694386,6.348213],[-75.69422,6.348516],[-75.694373,6.348549],[-75.69511,6.348535],[-75.695571,6.348658],[-75.695878,6.348612],[-75.696044,6.34862],[-75.696242,6.348685],[-75.696579,6.34887],[-75.696745,6.349],[-75.696823,6.349129],[-75.696857,6.349246],[-75.696848,6.349485],[-75.696803,6.349579],[-75.696679,6.349713],[-75.6963,6.349846],[-75.696106,6.349865],[-75.695701,6.350088],[-75.695282,6.350196],[-75.695126,6.35035],[-75.695076,6.350537],[-75.695272,6.351028],[-75.695268,6.351158],[-75.695163,6.351476],[-75.695201,6.351699],[-75.695559,6.352095],[-75.695909,6.352326],[-75.696058,6.352478],[-75.696269,6.352949],[-75.696645,6.353364],[-75.696672,6.353587],[-75.696631,6.353713],[-75.696436,6.353985],[-75.696413,6.354182],[-75.696601,6.354682],[-75.696992,6.355069],[-75.6972,6.355406],[-75.697255,6.355558],[-75.697243,6.355653],[-75.697216,6.355755],[-75.697102,6.355874],[-75.696598,6.356065],[-75.696463,6.356059],[-75.696046,6.3559],[-75.695703,6.355934],[-75.695516,6.35608],[-75.695338,6.356461],[-75.695246,6.356592],[-75.695104,6.356701],[-75.694892,6.356758],[-75.694179,6.356735],[-75.693745,6.356615],[-75.693351,6.35655],[-75.69304,6.356246],[-75.692872,6.356172],[-75.692866,6.35569],[-75.692692,6.355697],[-75.692193,6.355798],[-75.692264,6.356357],[-75.692115,6.356459],[-75.691943,6.356783],[-75.69181,6.356878],[-75.691672,6.356891],[-75.691253,6.356815],[-75.691293,6.357088],[-75.691472,6.357359],[-75.691505,6.35763],[-75.691483,6.357644],[-75.691692,6.357827],[-75.69214,6.358102],[-75.692296,6.358239],[-75.692473,6.358428],[-75.692811,6.358909]]]},"properties":{"CODIGO":"5087","COMUNA":"50","BARRIO":"87","NOMBRE_BARRIO":"Suburbano Potrera Miserenga","SECTOR":7,"INDICADOR_UR":"R","NOMBRE_COMUNA":"PALMITAS","MUNICIPIO":"001"}},{"type":"Feature","id":24,"geometry":{"type":"Polygon","coordinates":[[[-75.698209,6.344885],[-75.698467,6.344911],[-75.698497,6.344877],[-75.698594,6.344871],[-75.698749,6.344727],[-75.698817,6.344714],[-75.699345,6.344893],[-75.699361,6.344735],[-75.699827,6.344614],[-75.700311,6.344604],[-75.700503,6.344429],[-75.700654,6.344165],[-75.70074,6.344086],[-75.700726,6.344313],[-75.700954,6.34432],[-75.700951,6.344378],[-75.701038,6.344413],[-75.701198,6.344572],[-75.701424,6.344398],[-75.701612,6.344199],[-75.701755,6.344128],[-75.702104,6.344277],[-75.702315,6.344233],[-75.702772,6.344208],[-75.702961,6.344039],[-75.702925,6.343943],[-75.703407,6.343784],[-75.70376,6.343731],[-75.704016,6.343771],[-75.704288,6.343701],[-75.704294,6.343643],[-75.704313,6.343741],[-75.704379,6.343779],[-75.704935,6.343748],[-75.705112,6.343799],[-75.705194,6.343792],[-75.705318,6.343762],[-75.705454,6.343578],[-75.70567,6.343513],[-75.70586,6.343598],[-75.706068,6.343481],[-75.706126,6.34355],[-75.706972,6.343677],[-75.707003,6.343733],[-75.707058,6.343757],[-75.707391,6.343682],[-75.707784,6.343756],[-75.708096,6.343607],[-75.7086,6.343102],[-75.708885,6.342902],[-75.70876,6.342749],[-75.708492,6.342618],[-75.708319,6.342487],[-75.70845,6.342026],[-75.708436,6.341959],[-75.708358,6.341883],[-75.708162,6.341807],[-75.708082,6.341729],[-75.708101,6.341391],[-75.708059,6.34128],[-75.707981,6.341213],[-75.70775,6.341142],[-75.70768,6.341052],[-75.707633,6.340632],[-75.707578,6.340467],[-75.707529,6.340419],[-75.707336,6.340342],[-75.706932,6.340255],[-75.706486,6.340229],[-75.7062,6.340128],[-75.706032,6.340125],[-75.705591,6.339843],[-75.705363,6.339617],[-75.7049,6.339562],[-75.704669,6.339412],[-75.704432,6.33933],[-75.704261,6.339179],[-75.704125,6.339159],[-75.703934,6.339001],[-75.703596,6.339028],[-75.703513,6.338845],[-75.703553,6.338456],[-75.703539,6.338319],[-75.703463,6.338236],[-75.70336,6.338193],[-75.703176,6.338162],[-75.702946,6.33817],[-75.702865,6.338129],[-75.702774,6.337974],[-75.7028,6.337584],[-75.702741,6.337495],[-75.702378,6.337449],[-75.702112,6.33752],[-75.701868,6.33747],[-75.701564,6.337513],[-75.701343,6.337608],[-75.701175,6.338334],[-75.701057,6.338404],[-75.700829,6.338331],[-75.700693,6.338351],[-75.700481,6.338616],[-75.700266,6.338762],[-75.700153,6.338966],[-75.699787,6.33906],[-75.699645,6.339141],[-75.6995,6.339335],[-75.69937,6.339703],[-75.698847,6.340395],[-75.698683,6.340767],[-75.698762,6.340981],[-75.699281,6.34127],[-75.699238,6.34134],[-75.699188,6.341377],[-75.698846,6.341213],[-75.698601,6.34114],[-75.698313,6.341212],[-75.698051,6.341176],[-75.69793,6.34119],[-75.697606,6.341277],[-75.69743,6.341398],[-75.697262,6.341659],[-75.696933,6.341941],[-75.696805,6.342319],[-75.696599,6.342504],[-75.696613,6.34274],[-75.696581,6.342973],[-75.696618,6.343428],[-75.696503,6.343998],[-75.696313,6.344225],[-75.695963,6.344462],[-75.695872,6.344606],[-75.695872,6.344719],[-75.696062,6.344637],[-75.696307,6.344609],[-75.696601,6.344404],[-75.696785,6.34439],[-75.697116,6.344253],[-75.69737,6.344055],[-75.697611,6.344134],[-75.697862,6.3441],[-75.698152,6.344196],[-75.698062,6.344409],[-75.698014,6.344768],[-75.698056,6.344877],[-75.698209,6.344885]]]},"properties":{"CODIGO":"5088","COMUNA":"50","BARRIO":"88","NOMBRE_BARRIO":"Suburbano La Aldea","SECTOR":7,"INDICADOR_UR":"R","NOMBRE_COMUNA":"PALMITAS","MUNICIPIO":"001"}},{"type":"Feature","id":25,"geometry":{"type":"Polygon","coordinates":[[[-75.634611,6.222597],[-75.634777,6.222657],[-75.634913,6.22283],[-75.63502,6.222675],[-75.635284,6.222488],[-75.635313,6.222572],[-75.635459,6.222658],[-75.635601,6.222655],[-75.635727,6.222556],[-75.635669,6.222353],[-75.635976,6.222231],[-75.636038,6.222427],[-75.636375,6.222276],[-75.636486,6.222188],[-75.636558,6.222065],[-75.636595,6.22182],[-75.636537,6.221798],[-75.636562,6.221712],[-75.636546,6.221548],[-75.636697,6.221328],[-75.636827,6.221367],[-75.636808,6.221422],[-75.636892,6.221506],[-75.637096,6.221518],[-75.637543,6.221786],[-75.637589,6.221787],[-75.63785,6.22158],[-75.637947,6.221546],[-75.638021,6.221599],[-75.638066,6.221743],[-75.638157,6.221813],[-75.63843,6.221542],[-75.638504,6.221319],[-75.638553,6.221277],[-75.638673,6.221272],[-75.639146,6.220911],[-75.639121,6.220698],[-75.639184,6.220612],[-75.63927,6.220599],[-75.639204,6.220558],[-75.639099,6.220558],[-75.638804,6.220897],[-75.638626,6.221003],[-75.638352,6.2211],[-75.6383,6.221142],[-75.638312,6.221161],[-75.638046,6.221313],[-75.637578,6.221282],[-75.63754,6.220925],[-75.637312,6.220937],[-75.63728,6.221169],[-75.637015,6.220981],[-75.636959,6.220986],[-75.636905,6.221108],[-75.636591,6.221284],[-75.636417,6.221209],[-75.636217,6.221672],[-75.636328,6.221722],[-75.636251,6.221877],[-75.636358,6.221929],[-75.636323,6.221983],[-75.636034,6.222156],[-75.635732,6.222287],[-75.635599,6.222334],[-75.635519,6.222313],[-75.635196,6.22192],[-75.635198,6.221818],[-75.635415,6.221532],[-75.635674,6.221509],[-75.635958,6.221408],[-75.635986,6.221344],[-75.63593,6.221239],[-75.636027,6.221071],[-75.636036,6.220998],[-75.635945,6.220837],[-75.635957,6.220745],[-75.636027,6.220671],[-75.635999,6.220625],[-75.63593,6.220604],[-75.635807,6.220401],[-75.635623,6.220206],[-75.635572,6.219503],[-75.635614,6.219499],[-75.635613,6.219272],[-75.635542,6.218524],[-75.635489,6.218345],[-75.635441,6.218227],[-75.635391,6.218216],[-75.63524,6.218225],[-75.635154,6.218302],[-75.635033,6.218476],[-75.634972,6.219005],[-75.634895,6.219215],[-75.634844,6.219286],[-75.634748,6.219309],[-75.634495,6.219284],[-75.634316,6.219058],[-75.634367,6.218848],[-75.634352,6.218705],[-75.634142,6.218375],[-75.634113,6.218188],[-75.634191,6.218035],[-75.634273,6.217952],[-75.634675,6.217679],[-75.634918,6.21758],[-75.634987,6.21751],[-75.634983,6.217472],[-75.634892,6.217245],[-75.63457,6.21717],[-75.633802,6.217068],[-75.633657,6.217403],[-75.63365,6.217645],[-75.633479,6.218103],[-75.633397,6.218213],[-75.633356,6.218373],[-75.633355,6.218515],[-75.633428,6.218671],[-75.633396,6.219062],[-75.633444,6.219571],[-75.633265,6.219922],[-75.633297,6.220105],[-75.633252,6.22035],[-75.633306,6.220627],[-75.633282,6.220859],[-75.633327,6.221297],[-75.633365,6.22141],[-75.633269,6.221699],[-75.633325,6.222017],[-75.63351,6.222399],[-75.63331,6.222455],[-75.633183,6.22259],[-75.633196,6.222616],[-75.633699,6.222739],[-75.633828,6.222624],[-75.63385,6.222651],[-75.634217,6.222583],[-75.634356,6.22263],[-75.634611,6.222597]]]},"properties":{"CODIGO":"7084","COMUNA":"70","BARRIO":"84","NOMBRE_BARRIO":"Buga Patio Bonito","SECTOR":8,"INDICADOR_UR":"R","NOMBRE_COMUNA":"ALTAVISTA","MUNICIPIO":"001"}},{"type":"Feature","id":26,"geometry":{"type":"Polygon","coordinates":[[[-75.637938,6.234019],[-75.637911,6.234162],[-75.63776,6.234398],[-75.637514,6.234569],[-75.63756,6.234781],[-75.63776,6.234803],[-75.637763,6.234885],[-75.637905,6.234862],[-75.638001,6.234798],[-75.638004,6.234522],[-75.637969,6.234369],[-75.638029,6.234177],[-75.637938,6.234019]]]},"properties":{"CODIGO":"7086","COMUNA":"70","BARRIO":"86","NOMBRE_BARRIO":"Suburbano Aguas Frias","SECTOR":8,"INDICADOR_UR":"R","NOMBRE_COMUNA":"ALTAVISTA","MUNICIPIO":"001"}},{"type":"Feature","id":27,"geometry":{"type":"MultiPolygon","coordinates":[[[[-75.493151,6.202427],[-75.493659,6.202332],[-75.494916,6.202283],[-75.494929,6.202252],[-75.494926,6.202135],[-75.494786,6.201711],[-75.494772,6.201524],[-75.494659,6.201346],[-75.494579,6.201029],[-75.49448,6.200933],[-75.494377,6.200671],[-75.494277,6.200309],[-75.494277,6.200171],[-75.494035,6.199799],[-75.493667,6.199951],[-75.493359,6.199858],[-75.493143,6.199858],[-75.492893,6.19991],[-75.49283,6.19988],[-75.492739,6.199895],[-75.492633,6.19985],[-75.492452,6.199989],[-75.491731,6.199957],[-75.491463,6.200047],[-75.490982,6.200041],[-75.490851,6.200121],[-75.490818,6.200161],[-75.490949,6.200263],[-75.491292,6.200233],[-75.491302,6.200315],[-75.491678,6.200266],[-75.491685,6.200479],[-75.491481,6.200484],[-75.491496,6.200663],[-75.491468,6.200667],[-75.490692,6.200548],[-75.490637,6.200944],[-75.490393,6.201383],[-75.490164,6.201943],[-75.490176,6.202127],[-75.490455,6.202191],[-75.490631,6.20219],[-75.490917,6.202074],[-75.490913,6.202019],[-75.491152,6.201981],[-75.491458,6.201819],[-75.491498,6.201829],[-75.49152,6.201906],[-75.491956,6.201894],[-75.492134,6.20195],[-75.492286,6.20196],[-75.492394,6.20203],[-75.492645,6.201998],[-75.493138,6.202048],[-75.493151,6.202427]]],[[[-75.489859,6.199705],[-75.489958,6.19975],[-75.490088,6.199882],[-75.490157,6.199867],[-75.490325,6.199735],[-75.490375,6.199658],[-75.490206,6.199574],[-75.490285,6.199231],[-75.490278,6.199078],[-75.490417,6.198922],[-75.490999,6.198528],[-75.491334,6.198144],[-75.491709,6.197892],[-75.49176,6.197792],[-75.491721,6.197422],[-75.491771,6.197236],[-75.491314,6.196668],[-75.491225,6.196629],[-75.490819,6.196564],[-75.490522,6.196561],[-75.490452,6.19634],[-75.490272,6.196186],[-75.489632,6.195911],[-75.489546,6.195941],[-75.489451,6.195909],[-75.489235,6.196011],[-75.4895,6.196953],[-75.489213,6.196992],[-75.489035,6.196961],[-75.488916,6.1969],[-75.48868,6.1971],[-75.488577,6.197272],[-75.488742,6.197379],[-75.488987,6.197604],[-75.489125,6.197797],[-75.488819,6.197915],[-75.488891,6.198081],[-75.489011,6.198022],[-75.489067,6.198194],[-75.489144,6.198247],[-75.489026,6.198307],[-75.488811,6.198489],[-75.488658,6.198717],[-75.488319,6.199045],[-75.4881,6.199056],[-75.488125,6.199224],[-75.488468,6.199275],[-75.488633,6.199182],[-75.488756,6.199267],[-75.489372,6.19986],[-75.489618,6.199732],[-75.489859,6.199705]]]]},"properties":{"CODIGO":"9078","COMUNA":"90","BARRIO":"78","NOMBRE_BARRIO":"Suburbano El Cerro","SECTOR":9,"INDICADOR_UR":"R","NOMBRE_COMUNA":"SANTA ELENA","MUNICIPIO":"001"}},{"type":"Feature","id":28,"geometry":{"type":"Polygon","coordinates":[[[-75.495737,6.234131],[-75.496203,6.234415],[-75.49694,6.234322],[-75.497396,6.234194],[-75.498248,6.233788],[-75.498323,6.233699],[-75.498409,6.233662],[-75.498166,6.233169],[-75.498409,6.233075],[-75.498838,6.232825],[-75.499153,6.2327],[-75.499349,6.232998],[-75.500142,6.232674],[-75.500231,6.233127],[-75.500804,6.233133],[-75.500811,6.232255],[-75.501868,6.232277],[-75.501851,6.231466],[-75.500792,6.231707],[-75.500772,6.231611],[-75.500523,6.23152],[-75.500504,6.231348],[-75.500181,6.231249],[-75.500499,6.231077],[-75.500479,6.230955],[-75.500398,6.230854],[-75.500557,6.23082],[-75.500506,6.230578],[-75.499909,6.228884],[-75.499789,6.228631],[-75.499503,6.227654],[-75.499365,6.227357],[-75.498744,6.226608],[-75.498728,6.226231],[-75.498674,6.226304],[-75.498581,6.226254],[-75.498553,6.226195],[-75.498575,6.226171],[-75.498581,6.225824],[-75.498422,6.225488],[-75.49842,6.225282],[-75.497792,6.224757],[-75.497953,6.224602],[-75.497925,6.224243],[-75.497604,6.224033],[-75.497396,6.224134],[-75.497235,6.224021],[-75.49719,6.223822],[-75.497074,6.223715],[-75.497252,6.223408],[-75.49635,6.222828],[-75.496305,6.222833],[-75.496263,6.222774],[-75.495759,6.222436],[-75.494761,6.22162],[-75.494446,6.221291],[-75.494342,6.221243],[-75.494313,6.221172],[-75.49428,6.221369],[-75.49417,6.221492],[-75.493956,6.221511],[-75.493663,6.221422],[-75.493555,6.221418],[-75.493042,6.221642],[-75.493308,6.221895],[-75.493281,6.222014],[-75.493183,6.22213],[-75.493038,6.222034],[-75.492825,6.222077],[-75.492615,6.221953],[-75.492394,6.222137],[-75.49193,6.22235],[-75.491805,6.22246],[-75.491552,6.222883],[-75.490792,6.223505],[-75.49057,6.223732],[-75.490543,6.223799],[-75.490555,6.223954],[-75.490739,6.224246],[-75.490768,6.224375],[-75.490584,6.224727],[-75.490584,6.225452],[-75.490524,6.225626],[-75.490321,6.225801],[-75.490248,6.225978],[-75.490449,6.226734],[-75.490666,6.22719],[-75.491295,6.228051],[-75.491561,6.228526],[-75.491659,6.228578],[-75.492006,6.228917],[-75.492117,6.229129],[-75.492256,6.229564],[-75.492494,6.23013],[-75.492734,6.230386],[-75.492896,6.230628],[-75.493081,6.23124],[-75.493392,6.231725],[-75.493498,6.232138],[-75.493563,6.232229],[-75.494177,6.232782],[-75.494245,6.232828],[-75.494573,6.232884],[-75.494647,6.232926],[-75.49501,6.233358],[-75.495155,6.233681],[-75.495368,6.233956],[-75.495655,6.234179],[-75.495737,6.234131]]]},"properties":{"CODIGO":"9081","COMUNA":"90","BARRIO":"81","NOMBRE_BARRIO":"Suburbano El Placer","SECTOR":9,"INDICADOR_UR":"R","NOMBRE_COMUNA":"SANTA ELENA","MUNICIPIO":"001"}},{"type":"Feature","id":29,"geometry":{"type":"Polygon","coordinates":[[[-75.503354,6.234858],[-75.503484,6.234906],[-75.503667,6.234881],[-75.503776,6.234792],[-75.503932,6.234505],[-75.504012,6.234459],[-75.504284,6.234402],[-75.504427,6.234284],[-75.504495,6.23416],[-75.504594,6.234062],[-75.50463,6.233909],[-75.504684,6.233833],[-75.505013,6.233658],[-75.505207,6.233462],[-75.505384,6.233135],[-75.505606,6.233069],[-75.505691,6.232962],[-75.505798,6.232739],[-75.505709,6.23265],[-75.505667,6.23245],[-75.505764,6.231935],[-75.50579,6.231216],[-75.505879,6.230766],[-75.505869,6.230304],[-75.505672,6.22992],[-75.505008,6.229319],[-75.5046,6.229105],[-75.504186,6.228531],[-75.503747,6.228179],[-75.50347,6.227897],[-75.503316,6.227667],[-75.50324,6.22737],[-75.503241,6.227234],[-75.503331,6.226821],[-75.503257,6.226516],[-75.503081,6.226051],[-75.502612,6.225411],[-75.502469,6.225139],[-75.502427,6.224777],[-75.502534,6.224635],[-75.503126,6.224571],[-75.503205,6.224532],[-75.503267,6.22447],[-75.503532,6.223856],[-75.503847,6.223597],[-75.503872,6.223525],[-75.503859,6.223392],[-75.503795,6.223305],[-75.503682,6.223246],[-75.503156,6.223111],[-75.502837,6.222967],[-75.502693,6.222831],[-75.501763,6.221682],[-75.501714,6.221472],[-75.501806,6.220934],[-75.501864,6.220332],[-75.501553,6.219405],[-75.501455,6.219278],[-75.501284,6.21921],[-75.500839,6.219269],[-75.500847,6.21935],[-75.500744,6.219369],[-75.500426,6.219612],[-75.4997,6.219729],[-75.498707,6.220109],[-75.498508,6.220092],[-75.498128,6.219979],[-75.497554,6.220067],[-75.496644,6.219952],[-75.496418,6.219987],[-75.495972,6.220337],[-75.495783,6.220423],[-75.495565,6.220442],[-75.494983,6.220379],[-75.494831,6.220414],[-75.494426,6.220692],[-75.494328,6.220994],[-75.494313,6.221172],[-75.494342,6.221243],[-75.494446,6.221291],[-75.494761,6.22162],[-75.495759,6.222436],[-75.496263,6.222774],[-75.496305,6.222833],[-75.49635,6.222828],[-75.497234,6.22339],[-75.497252,6.223408],[-75.497074,6.223715],[-75.49719,6.223822],[-75.497235,6.224021],[-75.497396,6.224134],[-75.497604,6.224033],[-75.497925,6.224243],[-75.497953,6.224602],[-75.497792,6.224757],[-75.49842,6.225282],[-75.498422,6.225488],[-75.498581,6.225824],[-75.498575,6.226171],[-75.498553,6.226195],[-75.498581,6.226254],[-75.498674,6.226304],[-75.498728,6.226231],[-75.498744,6.226608],[-75.499365,6.227357],[-75.499503,6.227654],[-75.499789,6.228631],[-75.499909,6.228884],[-75.500506,6.230578],[-75.500557,6.23082],[-75.500398,6.230854],[-75.500479,6.230955],[-75.500499,6.231077],[-75.500181,6.231249],[-75.500504,6.231348],[-75.500523,6.23152],[-75.500772,6.231611],[-75.500792,6.231707],[-75.501851,6.231466],[-75.501868,6.232277],[-75.500811,6.232255],[-75.500804,6.233133],[-75.500231,6.233127],[-75.500142,6.232674],[-75.499349,6.232998],[-75.499153,6.2327],[-75.498838,6.232825],[-75.498409,6.233075],[-75.498166,6.233169],[-75.498409,6.233662],[-75.498532,6.233622],[-75.498669,6.23362],[-75.499178,6.23369],[-75.500044,6.234144],[-75.500406,6.234152],[-75.500813,6.234403],[-75.501298,6.234613],[-75.501491,6.234451],[-75.501561,6.234436],[-75.501649,6.234465],[-75.501822,6.234417],[-75.502318,6.234672],[-75.502863,6.23459],[-75.503037,6.234659],[-75.503354,6.234858]]]},"properties":{"CODIGO":"9007","COMUNA":"90","BARRIO":"07","NOMBRE_BARRIO":"El Placer","SECTOR":9,"INDICADOR_UR":"R","NOMBRE_COMUNA":"SANTA ELENA","MUNICIPIO":"001"}},{"type":"Feature","id":30,"geometry":{"type":"Polygon","coordinates":[[[-75.608774,6.29642],[-75.608786,6.296653],[-75.609069,6.296427],[-75.609212,6.29641],[-75.609445,6.296442],[-75.609619,6.296398],[-75.610136,6.296074],[-75.610285,6.295899],[-75.610331,6.295739],[-75.610449,6.295545],[-75.610573,6.295487],[-75.610781,6.295462],[-75.611108,6.295234],[-75.611444,6.29513],[-75.611683,6.295077],[-75.612082,6.295058],[-75.612316,6.294959],[-75.613582,6.294915],[-75.614107,6.294641],[-75.614469,6.294886],[-75.61489,6.294646],[-75.615405,6.294418],[-75.615093,6.294079],[-75.614604,6.294006],[-75.614471,6.293928],[-75.614427,6.293813],[-75.614642,6.29364],[-75.614654,6.293603],[-75.614611,6.293533],[-75.614922,6.293422],[-75.615146,6.293289],[-75.615321,6.293154],[-75.615484,6.292941],[-75.615648,6.292791],[-75.615778,6.292748],[-75.616032,6.292759],[-75.616204,6.292733],[-75.616588,6.292528],[-75.616742,6.292495],[-75.617143,6.292572],[-75.617723,6.292858],[-75.618193,6.292828],[-75.618388,6.292871],[-75.618979,6.293293],[-75.619387,6.293412],[-75.619784,6.293596],[-75.621018,6.29366],[-75.621217,6.293629],[-75.621378,6.293643],[-75.621665,6.293901],[-75.622033,6.293678],[-75.622267,6.293642],[-75.622426,6.293562],[-75.6225,6.293477],[-75.622756,6.292961],[-75.622927,6.292869],[-75.623276,6.292952],[-75.624387,6.29335],[-75.62475,6.293292],[-75.624873,6.293302],[-75.62503,6.293398],[-75.625114,6.293576],[-75.625171,6.293806],[-75.625251,6.293892],[-75.625377,6.293938],[-75.626448,6.294099],[-75.626786,6.294294],[-75.627232,6.294376],[-75.627227,6.294555],[-75.627161,6.294708],[-75.627209,6.295023],[-75.62718,6.295232],[-75.627245,6.295498],[-75.627243,6.29571],[-75.627197,6.295847],[-75.627758,6.295781],[-75.62827,6.295814],[-75.628509,6.295936],[-75.629166,6.296107],[-75.62946,6.295786],[-75.629596,6.295407],[-75.629912,6.294804],[-75.629997,6.294867],[-75.630035,6.294828],[-75.63001,6.294621],[-75.630121,6.29452],[-75.630098,6.294431],[-75.630149,6.294178],[-75.630246,6.294169],[-75.630311,6.294042],[-75.630233,6.293842],[-75.630292,6.293665],[-75.630217,6.29337],[-75.631017,6.292814],[-75.631159,6.292904],[-75.631268,6.293022],[-75.631418,6.293258],[-75.631625,6.293354],[-75.631713,6.293354],[-75.631811,6.293416],[-75.631917,6.293574],[-75.631996,6.293853],[-75.632165,6.294008],[-75.63235,6.295147],[-75.632335,6.295249],[-75.632273,6.295332],[-75.632626,6.295253],[-75.633211,6.295381],[-75.634754,6.294954],[-75.634809,6.294843],[-75.634813,6.293573],[-75.635269,6.293425],[-75.635635,6.29391],[-75.635983,6.294466],[-75.636402,6.29502],[-75.637001,6.295936],[-75.637021,6.295781],[-75.636968,6.295475],[-75.637028,6.295315],[-75.637175,6.295127],[-75.637316,6.294703],[-75.637489,6.293998],[-75.637569,6.293847],[-75.637815,6.29373],[-75.638061,6.293443],[-75.638196,6.293337],[-75.638224,6.293134],[-75.638317,6.293035],[-75.63835,6.292938],[-75.638332,6.292837],[-75.638257,6.292727],[-75.638303,6.292559],[-75.638744,6.29252],[-75.639044,6.292396],[-75.639716,6.292249],[-75.640113,6.292234],[-75.640124,6.292162],[-75.640247,6.292189],[-75.640458,6.291751],[-75.640653,6.291183],[-75.64054,6.291163],[-75.640674,6.291135],[-75.6407,6.291102],[-75.640908,6.290698],[-75.641019,6.290544],[-75.641097,6.290595],[-75.641135,6.290495],[-75.641235,6.290519],[-75.641365,6.290024],[-75.641568,6.289703],[-75.641626,6.289727],[-75.641671,6.289666],[-75.641855,6.289302],[-75.642012,6.289263],[-75.642104,6.289191],[-75.642081,6.289185],[-75.642089,6.288956],[-75.642167,6.289065],[-75.642216,6.288567],[-75.642124,6.288475],[-75.642063,6.288514],[-75.64176,6.288547],[-75.641585,6.288379],[-75.641556,6.288313],[-75.641324,6.28816],[-75.640414,6.287692],[-75.640447,6.287616],[-75.640833,6.28737],[-75.640882,6.287305],[-75.640862,6.287235],[-75.640657,6.287051],[-75.640877,6.286712],[-75.640711,6.286539],[-75.640681,6.286397],[-75.64071,6.286309],[-75.640697,6.286221],[-75.640401,6.286075],[-75.640349,6.286001],[-75.640324,6.28578],[-75.640251,6.28565],[-75.640285,6.28545],[-75.640226,6.285258],[-75.640316,6.284975],[-75.640318,6.284884],[-75.639981,6.284443],[-75.640084,6.284173],[-75.639906,6.283808],[-75.639858,6.283533],[-75.639623,6.28325],[-75.639506,6.28293],[-75.639367,6.282774],[-75.639247,6.282565],[-75.639294,6.282198],[-75.639195,6.282048],[-75.639176,6.281938],[-75.638336,6.281685],[-75.637939,6.281399],[-75.637356,6.281227],[-75.636718,6.28109],[-75.636481,6.280699],[-75.635988,6.281109],[-75.635699,6.281165],[-75.635676,6.280821],[-75.635827,6.280851],[-75.635924,6.280339],[-75.635814,6.280331],[-75.635833,6.28016],[-75.635501,6.280078],[-75.635512,6.280183],[-75.635412,6.280234],[-75.634977,6.280071],[-75.634807,6.28006],[-75.634615,6.280092],[-75.634607,6.280455],[-75.634554,6.280645],[-75.634458,6.280743],[-75.634442,6.280665],[-75.634276,6.280678],[-75.634285,6.279977],[-75.63383,6.279989],[-75.63381,6.279839],[-75.633754,6.279821],[-75.633738,6.279723],[-75.633704,6.279819],[-75.633606,6.279896],[-75.633258,6.279909],[-75.633163,6.279944],[-75.633089,6.28005],[-75.633029,6.280333],[-75.632926,6.280445],[-75.632789,6.280475],[-75.63251,6.280449],[-75.632355,6.280493],[-75.632137,6.280618],[-75.631859,6.280665],[-75.631703,6.280739],[-75.631622,6.280828],[-75.631314,6.281534],[-75.631281,6.281515],[-75.630812,6.281769],[-75.630687,6.281755],[-75.630425,6.28149],[-75.630289,6.281397],[-75.630068,6.281298],[-75.629936,6.281296],[-75.629734,6.281415],[-75.629599,6.281856],[-75.62949,6.281944],[-75.629482,6.281913],[-75.629374,6.281909],[-75.629004,6.281682],[-75.628776,6.281659],[-75.627873,6.28214],[-75.626471,6.282536],[-75.626436,6.282517],[-75.626369,6.282538],[-75.626372,6.282568],[-75.626022,6.282677],[-75.625601,6.282705],[-75.625513,6.282763],[-75.625457,6.282854],[-75.62538,6.283203],[-75.625137,6.283873],[-75.625034,6.283971],[-75.624933,6.283979],[-75.624824,6.28393],[-75.624529,6.283709],[-75.624553,6.28369],[-75.624498,6.283637],[-75.624367,6.283579],[-75.623856,6.283529],[-75.623639,6.283575],[-75.623232,6.283862],[-75.622682,6.284056],[-75.622566,6.284166],[-75.622358,6.284547],[-75.622156,6.285171],[-75.622059,6.285256],[-75.621392,6.285391],[-75.621094,6.285417],[-75.620291,6.285236],[-75.619803,6.285083],[-75.619578,6.285086],[-75.619219,6.285146],[-75.618488,6.285026],[-75.618342,6.28509],[-75.618122,6.285275],[-75.617777,6.285319],[-75.617222,6.285484],[-75.616773,6.285798],[-75.616149,6.285958],[-75.616014,6.286075],[-75.615776,6.286466],[-75.615553,6.286667],[-75.615459,6.286827],[-75.615443,6.286998],[-75.615671,6.287603],[-75.615645,6.287703],[-75.615151,6.287944],[-75.615087,6.287969],[-75.615068,6.287928],[-75.614718,6.288092],[-75.614381,6.288193],[-75.61435,6.288173],[-75.614085,6.288322],[-75.613972,6.288467],[-75.613932,6.288589],[-75.613667,6.288927],[-75.613317,6.289245],[-75.613237,6.289448],[-75.613232,6.289739],[-75.613274,6.290072],[-75.613215,6.290256],[-75.612807,6.29064],[-75.612743,6.290745],[-75.612406,6.290934],[-75.612122,6.291211],[-75.612017,6.291437],[-75.612011,6.291744],[-75.612049,6.291837],[-75.612006,6.292035],[-75.611153,6.293189],[-75.611056,6.293263],[-75.610531,6.293492],[-75.610027,6.293759],[-75.60988,6.293904],[-75.609786,6.294053],[-75.609389,6.295325],[-75.609293,6.295397],[-75.608912,6.295496],[-75.608712,6.295793],[-75.608787,6.29612],[-75.608774,6.29642]],[[-75.628709,6.288441],[-75.62864,6.28848],[-75.628383,6.288249],[-75.628317,6.288233],[-75.627783,6.288259],[-75.627524,6.288312],[-75.627496,6.288146],[-75.627536,6.287994],[-75.627495,6.287836],[-75.627514,6.287712],[-75.62748,6.287641],[-75.627404,6.287583],[-75.627419,6.287409],[-75.62757,6.287365],[-75.627734,6.287366],[-75.627734,6.28732],[-75.627328,6.287256],[-75.627276,6.287166],[-75.627263,6.28705],[-75.627128,6.286921],[-75.628072,6.286849],[-75.628077,6.286883],[-75.628284,6.286907],[-75.628546,6.286853],[-75.628463,6.286787],[-75.628372,6.286604],[-75.628558,6.286422],[-75.6286,6.286276],[-75.628693,6.286223],[-75.628718,6.286069],[-75.62866,6.285924],[-75.628633,6.285488],[-75.629532,6.285512],[-75.62952,6.285402],[-75.629611,6.285255],[-75.629589,6.285152],[-75.629688,6.285101],[-75.629812,6.284781],[-75.629873,6.284793],[-75.629948,6.28487],[-75.630046,6.284782],[-75.630053,6.284746],[-75.629996,6.284689],[-75.630089,6.284718],[-75.630086,6.28466],[-75.630166,6.284612],[-75.630458,6.284586],[-75.631089,6.284645],[-75.631081,6.284583],[-75.631346,6.284383],[-75.631504,6.284382],[-75.631552,6.283759],[-75.631581,6.283712],[-75.631621,6.283773],[-75.631742,6.283765],[-75.631888,6.283829],[-75.631991,6.28399],[-75.632006,6.284126],[-75.632143,6.284242],[-75.632166,6.284507],[-75.632418,6.284414],[-75.632621,6.284413],[-75.63307,6.284299],[-75.633178,6.284301],[-75.633003,6.284615],[-75.632901,6.284701],[-75.632781,6.28474],[-75.633214,6.285749],[-75.633729,6.285756],[-75.63391,6.28582],[-75.634175,6.28571],[-75.634369,6.285767],[-75.634525,6.285866],[-75.634319,6.286074],[-75.634081,6.286411],[-75.632682,6.286268],[-75.632682,6.286113],[-75.632639,6.286008],[-75.63199,6.286367],[-75.631733,6.286453],[-75.631246,6.286516],[-75.63128,6.286747],[-75.631483,6.2872],[-75.631601,6.287382],[-75.63159,6.288123],[-75.631512,6.288071],[-75.631431,6.287904],[-75.631321,6.287895],[-75.631232,6.28793],[-75.631186,6.288002],[-75.631168,6.288118],[-75.631023,6.288091],[-75.630893,6.288173],[-75.630665,6.288152],[-75.630514,6.28821],[-75.630403,6.288333],[-75.630263,6.288417],[-75.630128,6.28843],[-75.629869,6.28821],[-75.629653,6.28838],[-75.629361,6.28838],[-75.629044,6.288315],[-75.628709,6.288441]]]},"properties":{"CODIGO":"6009","COMUNA":"60","BARRIO":"09","NOMBRE_BARRIO":"Pedregal Alto","SECTOR":7,"INDICADOR_UR":"R","NOMBRE_COMUNA":"SAN CRISTOBAL","MUNICIPIO":"001"}},{"type":"Feature","id":31,"geometry":{"type":"Polygon","coordinates":[[[-75.652453,6.333515],[-75.652568,6.333543],[-75.652714,6.333495],[-75.653257,6.333522],[-75.653292,6.332872],[-75.65356,6.332521],[-75.653583,6.332437],[-75.653881,6.332225],[-75.654176,6.332243],[-75.65462,6.332206],[-75.655134,6.332264],[-75.655021,6.332119],[-75.655107,6.331158],[-75.655041,6.330322],[-75.655264,6.329249],[-75.655855,6.328621],[-75.656952,6.328668],[-75.65728,6.328379],[-75.658203,6.327818],[-75.658502,6.327674],[-75.659065,6.32714],[-75.659252,6.327056],[-75.659386,6.326925],[-75.659447,6.32677],[-75.659647,6.326548],[-75.659709,6.326185],[-75.659783,6.326093],[-75.659854,6.325787],[-75.660309,6.325485],[-75.660605,6.325344],[-75.660689,6.325262],[-75.660754,6.325124],[-75.661264,6.325066],[-75.661363,6.324873],[-75.661495,6.324777],[-75.661615,6.324528],[-75.661749,6.324378],[-75.662046,6.324192],[-75.662879,6.323826],[-75.663023,6.323688],[-75.663215,6.323292],[-75.663353,6.323205],[-75.663485,6.323055],[-75.663734,6.322953],[-75.663836,6.322955],[-75.664132,6.323016],[-75.664306,6.323112],[-75.664546,6.323154],[-75.664798,6.323142],[-75.66497,6.323212],[-75.665303,6.323256],[-75.665469,6.323323],[-75.665994,6.323306],[-75.666133,6.323259],[-75.666402,6.323006],[-75.666753,6.322843],[-75.666919,6.322712],[-75.667536,6.322586],[-75.667971,6.322348],[-75.668198,6.322185],[-75.66833,6.322031],[-75.669052,6.321729],[-75.669171,6.321601],[-75.669184,6.321457],[-75.66945,6.321329],[-75.669627,6.32116],[-75.669727,6.321032],[-75.669941,6.320849],[-75.670133,6.320523],[-75.670318,6.320059],[-75.670291,6.319855],[-75.670387,6.319097],[-75.670373,6.318983],[-75.670254,6.318702],[-75.670187,6.318154],[-75.669987,6.317787],[-75.669914,6.317715],[-75.669819,6.317443],[-75.669707,6.316935],[-75.669566,6.316782],[-75.669447,6.316264],[-75.669275,6.315827],[-75.668998,6.315286],[-75.668757,6.314188],[-75.668644,6.313982],[-75.668578,6.313771],[-75.668654,6.313417],[-75.668447,6.313021],[-75.668327,6.31265],[-75.668196,6.312025],[-75.667799,6.311794],[-75.667215,6.31112],[-75.666683,6.310666],[-75.666315,6.310247],[-75.665598,6.309522],[-75.665442,6.309229],[-75.665432,6.309093],[-75.665484,6.308809],[-75.665542,6.308705],[-75.665767,6.308504],[-75.664983,6.307683],[-75.664927,6.307658],[-75.664829,6.307691],[-75.664503,6.307636],[-75.664018,6.307432],[-75.663633,6.307199],[-75.662966,6.306898],[-75.662392,6.306734],[-75.662028,6.306589],[-75.661556,6.306528],[-75.661222,6.306432],[-75.660677,6.306354],[-75.660418,6.306124],[-75.660147,6.306083],[-75.659993,6.306536],[-75.659843,6.307268],[-75.65975,6.307513],[-75.659595,6.307847],[-75.659487,6.308005],[-75.659362,6.308083],[-75.659128,6.308108],[-75.658848,6.308055],[-75.658665,6.307849],[-75.65862,6.307835],[-75.65839,6.307874],[-75.658105,6.307833],[-75.657913,6.3077],[-75.657723,6.307473],[-75.657161,6.307263],[-75.656842,6.307304],[-75.656625,6.307383],[-75.656441,6.307381],[-75.655914,6.307612],[-75.655865,6.307313],[-75.655895,6.307257],[-75.656009,6.307182],[-75.656025,6.307048],[-75.65588,6.306699],[-75.655583,6.306537],[-75.655531,6.306272],[-75.655738,6.305689],[-75.655914,6.305479],[-75.655921,6.30538],[-75.655873,6.305288],[-75.655811,6.305258],[-75.655535,6.305251],[-75.65541,6.305197],[-75.655383,6.305065],[-75.655249,6.304936],[-75.65507,6.304605],[-75.655102,6.304472],[-75.655241,6.304279],[-75.655198,6.30415],[-75.655051,6.304],[-75.655084,6.303838],[-75.655825,6.303775],[-75.656144,6.303872],[-75.656184,6.303738],[-75.656195,6.30363],[-75.656007,6.303407],[-75.655916,6.30314],[-75.65571,6.302968],[-75.655662,6.302737],[-75.655324,6.302481],[-75.655481,6.302253],[-75.655627,6.301945],[-75.655374,6.301756],[-75.6552,6.30182],[-75.654535,6.301227],[-75.654409,6.301268],[-75.654331,6.301027],[-75.654354,6.300719],[-75.65424,6.300321],[-75.654019,6.300159],[-75.653887,6.300003],[-75.653548,6.300041],[-75.653362,6.299959],[-75.653252,6.299789],[-75.65339,6.299515],[-75.653391,6.299377],[-75.653348,6.299324],[-75.65311,6.299291],[-75.652858,6.299185],[-75.652785,6.299068],[-75.652685,6.298668],[-75.65252,6.298451],[-75.652119,6.298628],[-75.651985,6.298865],[-75.651833,6.299321],[-75.651756,6.299388],[-75.65162,6.299403],[-75.65153,6.299547],[-75.651357,6.299655],[-75.651274,6.299843],[-75.651031,6.300137],[-75.650706,6.300997],[-75.650792,6.30112],[-75.650711,6.301296],[-75.65062,6.301343],[-75.650593,6.301392],[-75.650744,6.301612],[-75.650718,6.301742],[-75.650587,6.301764],[-75.650576,6.301901],[-75.650609,6.302069],[-75.650563,6.302197],[-75.650423,6.302297],[-75.650045,6.302463],[-75.649733,6.302369],[-75.649541,6.302512],[-75.649304,6.302761],[-75.649189,6.302972],[-75.648996,6.303114],[-75.648829,6.303288],[-75.648784,6.303381],[-75.648766,6.303587],[-75.648703,6.303783],[-75.64841,6.304116],[-75.648154,6.304259],[-75.648085,6.304254],[-75.647866,6.304351],[-75.647697,6.304372],[-75.647551,6.30464],[-75.647272,6.304852],[-75.647025,6.304991],[-75.646692,6.304762],[-75.647025,6.304991],[-75.646849,6.305197],[-75.646774,6.305343],[-75.646741,6.305572],[-75.646746,6.306035],[-75.646906,6.306467],[-75.64692,6.306791],[-75.64689,6.306912],[-75.647015,6.307454],[-75.646916,6.307708],[-75.646976,6.307886],[-75.646835,6.308129],[-75.646785,6.308353],[-75.646906,6.308557],[-75.646901,6.308833],[-75.647003,6.3093],[-75.646997,6.309948],[-75.647077,6.310215],[-75.647201,6.310409],[-75.64721,6.310734],[-75.646968,6.311069],[-75.646866,6.311327],[-75.646774,6.31145],[-75.646738,6.311552],[-75.646748,6.311666],[-75.646684,6.312135],[-75.646423,6.312396],[-75.646307,6.312598],[-75.646278,6.312933],[-75.646144,6.313231],[-75.646228,6.313492],[-75.64618,6.313662],[-75.646115,6.314225],[-75.645744,6.314391],[-75.645544,6.314428],[-75.645139,6.315071],[-75.64458,6.31628],[-75.644189,6.317032],[-75.643263,6.318426],[-75.64484,6.31919],[-75.646447,6.319911],[-75.646593,6.320136],[-75.646558,6.320483],[-75.647358,6.320684],[-75.647632,6.320817],[-75.648001,6.32087],[-75.648466,6.320776],[-75.648967,6.32058],[-75.648746,6.322028],[-75.648637,6.322164],[-75.648571,6.322312],[-75.648464,6.322712],[-75.648367,6.322946],[-75.648298,6.323262],[-75.648129,6.323591],[-75.647965,6.323787],[-75.647779,6.324185],[-75.647612,6.324371],[-75.647601,6.324667],[-75.647551,6.324921],[-75.647255,6.325416],[-75.647262,6.326754],[-75.64741,6.328098],[-75.647447,6.329895],[-75.647792,6.330166],[-75.648482,6.330585],[-75.6491,6.331042],[-75.64921,6.33107],[-75.649505,6.33105],[-75.649896,6.33112],[-75.650262,6.331347],[-75.650402,6.331491],[-75.65063,6.331628],[-75.650984,6.332131],[-75.651373,6.332549],[-75.65165,6.332799],[-75.652276,6.333259],[-75.652355,6.33345],[-75.652453,6.333515]]]},"properties":{"CODIGO":"6016","COMUNA":"60","BARRIO":"16","NOMBRE_BARRIO":"Boqueron","SECTOR":7,"INDICADOR_UR":"R","NOMBRE_COMUNA":"SAN CRISTOBAL","MUNICIPIO":"001"}},{"type":"Feature","id":32,"geometry":{"type":"Polygon","coordinates":[[[-75.636678,6.251865],[-75.636563,6.252143],[-75.636449,6.252277],[-75.637166,6.252124],[-75.637395,6.251798],[-75.637927,6.252183],[-75.63797,6.252077],[-75.638051,6.252065],[-75.638329,6.251895],[-75.638736,6.251994],[-75.63889,6.251956],[-75.639321,6.25179],[-75.639436,6.251644],[-75.639465,6.251359],[-75.639516,6.251267],[-75.639719,6.251102],[-75.640124,6.250978],[-75.640209,6.25088],[-75.640316,6.250661],[-75.640385,6.250599],[-75.640519,6.250561],[-75.640746,6.250627],[-75.640836,6.25061],[-75.641004,6.250386],[-75.64108,6.250335],[-75.641172,6.250344],[-75.641248,6.250399],[-75.64145,6.250657],[-75.641633,6.250806],[-75.642339,6.25112],[-75.642427,6.251055],[-75.642514,6.250485],[-75.642622,6.250326],[-75.642406,6.25015],[-75.642361,6.250144],[-75.641757,6.250221],[-75.641438,6.250181],[-75.641104,6.250001],[-75.640886,6.249431],[-75.640645,6.249699],[-75.639966,6.250328],[-75.639991,6.250344],[-75.639781,6.250498],[-75.639256,6.251088],[-75.638993,6.251278],[-75.638902,6.251304],[-75.638896,6.251054],[-75.638715,6.250827],[-75.638612,6.250782],[-75.63839,6.250594],[-75.63815,6.251003],[-75.637714,6.250687],[-75.637815,6.250586],[-75.637732,6.250497],[-75.637609,6.250616],[-75.637519,6.250563],[-75.637609,6.250361],[-75.637436,6.250303],[-75.63754,6.250008],[-75.637653,6.249846],[-75.637349,6.249616],[-75.637282,6.249685],[-75.63742,6.249794],[-75.637208,6.250111],[-75.63727,6.250129],[-75.63724,6.250209],[-75.637263,6.250261],[-75.637056,6.250026],[-75.637047,6.249976],[-75.637191,6.249908],[-75.637205,6.249832],[-75.637172,6.249773],[-75.637026,6.249847],[-75.637091,6.249683],[-75.63708,6.249459],[-75.637184,6.249349],[-75.637115,6.249045],[-75.637139,6.248933],[-75.637287,6.249001],[-75.637174,6.248772],[-75.636969,6.248755],[-75.636965,6.248979],[-75.636923,6.249125],[-75.6368,6.249235],[-75.636701,6.249425],[-75.636383,6.249445],[-75.636261,6.24941],[-75.636183,6.24948],[-75.636125,6.249368],[-75.636044,6.249415],[-75.635883,6.249136],[-75.635809,6.248888],[-75.635439,6.248705],[-75.635576,6.248365],[-75.634883,6.248153],[-75.634936,6.248046],[-75.634516,6.247896],[-75.634395,6.247912],[-75.634366,6.247691],[-75.634486,6.247645],[-75.634461,6.247597],[-75.63464,6.247338],[-75.634895,6.247359],[-75.635103,6.24746],[-75.63518,6.246942],[-75.635248,6.246873],[-75.635521,6.246851],[-75.635584,6.246738],[-75.635578,6.246707],[-75.635322,6.246608],[-75.634969,6.246391],[-75.634783,6.246218],[-75.634642,6.245978],[-75.634171,6.245983],[-75.633987,6.246034],[-75.633994,6.246311],[-75.633864,6.246343],[-75.633823,6.246194],[-75.633744,6.246211],[-75.63375,6.246256],[-75.633669,6.246274],[-75.633661,6.246252],[-75.633574,6.24628],[-75.63356,6.246235],[-75.633469,6.246265],[-75.63336,6.246387],[-75.633354,6.246431],[-75.633297,6.24643],[-75.633303,6.246399],[-75.63323,6.246415],[-75.633194,6.246371],[-75.633381,6.246169],[-75.633328,6.246033],[-75.632935,6.246112],[-75.632871,6.246146],[-75.632712,6.246338],[-75.632531,6.246366],[-75.632345,6.246352],[-75.632134,6.24651],[-75.632046,6.246507],[-75.631869,6.246329],[-75.631738,6.24632],[-75.631643,6.246355],[-75.631635,6.246533],[-75.631321,6.246493],[-75.631196,6.246506],[-75.630873,6.246655],[-75.630878,6.246394],[-75.630852,6.246305],[-75.630572,6.245804],[-75.630648,6.245645],[-75.630805,6.245485],[-75.630908,6.245325],[-75.630949,6.245147],[-75.630851,6.245035],[-75.630188,6.24454],[-75.630257,6.244502],[-75.630238,6.244475],[-75.630266,6.244439],[-75.630202,6.244407],[-75.630362,6.244116],[-75.630241,6.243928],[-75.630289,6.243593],[-75.630023,6.243296],[-75.629954,6.243072],[-75.629362,6.243483],[-75.629085,6.243711],[-75.629002,6.243858],[-75.628939,6.244257],[-75.628458,6.244277],[-75.628178,6.244356],[-75.627778,6.244243],[-75.627397,6.244187],[-75.627473,6.243899],[-75.627246,6.243855],[-75.627092,6.244045],[-75.6271,6.244199],[-75.626147,6.244624],[-75.626268,6.245626],[-75.626279,6.245976],[-75.626065,6.246025],[-75.625987,6.246074],[-75.625797,6.246262],[-75.625876,6.246359],[-75.626185,6.24643],[-75.626424,6.246403],[-75.626526,6.246158],[-75.626961,6.245922],[-75.626974,6.245802],[-75.627116,6.245473],[-75.627312,6.245432],[-75.62762,6.245468],[-75.628421,6.245428],[-75.628504,6.245354],[-75.628664,6.245287],[-75.628588,6.245941],[-75.628689,6.246147],[-75.628837,6.246117],[-75.629011,6.2462],[-75.629177,6.246223],[-75.629509,6.246409],[-75.629659,6.246417],[-75.629863,6.246334],[-75.630117,6.246476],[-75.630419,6.246484],[-75.630491,6.246515],[-75.630541,6.246585],[-75.630554,6.246866],[-75.630605,6.246997],[-75.630771,6.24707],[-75.630872,6.247267],[-75.631091,6.247574],[-75.631286,6.247664],[-75.631387,6.24775],[-75.631401,6.247907],[-75.631361,6.247982],[-75.63118,6.248074],[-75.631145,6.248129],[-75.63114,6.248235],[-75.631194,6.24834],[-75.631282,6.248422],[-75.631628,6.248591],[-75.631864,6.248574],[-75.632005,6.2486],[-75.632403,6.248858],[-75.632413,6.24893],[-75.632373,6.248968],[-75.632068,6.249104],[-75.631949,6.249196],[-75.631876,6.2493],[-75.631559,6.249537],[-75.631663,6.249819],[-75.631905,6.250099],[-75.631995,6.250311],[-75.631973,6.250316],[-75.632036,6.250369],[-75.632203,6.250444],[-75.632398,6.250577],[-75.632408,6.250622],[-75.632685,6.250787],[-75.632759,6.250676],[-75.63282,6.250713],[-75.632887,6.250612],[-75.633307,6.250763],[-75.633491,6.250775],[-75.633673,6.250746],[-75.633708,6.250435],[-75.633832,6.250551],[-75.634046,6.250509],[-75.63407,6.250574],[-75.634361,6.250691],[-75.634517,6.250825],[-75.634711,6.25086],[-75.634703,6.250922],[-75.635107,6.250927],[-75.635497,6.250803],[-75.635475,6.251092],[-75.63565,6.251102],[-75.635688,6.250665],[-75.635894,6.250669],[-75.635993,6.250598],[-75.636213,6.2512],[-75.63624,6.251213],[-75.63613,6.251227],[-75.636209,6.251551],[-75.63669,6.251507],[-75.636741,6.251461],[-75.636678,6.251865]]]},"properties":{"CODIGO":"7088","COMUNA":"70","BARRIO":"88","NOMBRE_BARRIO":"El Corazon El Morro ","SECTOR":8,"INDICADOR_UR":"R","NOMBRE_COMUNA":"ALTAVISTA","MUNICIPIO":"001"}},{"type":"Feature","id":33,"geometry":{"type":"MultiPolygon","coordinates":[[[[-75.50543,6.281251],[-75.505933,6.281411],[-75.50602,6.281387],[-75.50544,6.279908],[-75.505158,6.279879],[-75.505169,6.279614],[-75.504991,6.279248],[-75.504848,6.279065],[-75.504679,6.278584],[-75.504385,6.278115],[-75.504397,6.27775],[-75.50427,6.277451],[-75.504229,6.277225],[-75.503897,6.276861],[-75.504932,6.276789],[-75.504924,6.276759],[-75.505619,6.276699],[-75.505929,6.277302],[-75.506192,6.277281],[-75.506746,6.277338],[-75.507346,6.277455],[-75.507752,6.27737],[-75.507661,6.277158],[-75.507465,6.276961],[-75.507227,6.276817],[-75.506729,6.276636],[-75.50654,6.276505],[-75.506124,6.276076],[-75.50604,6.275814],[-75.505793,6.275482],[-75.505342,6.275142],[-75.504982,6.274791],[-75.504603,6.274535],[-75.504469,6.274691],[-75.504427,6.274826],[-75.504286,6.274949],[-75.504239,6.274908],[-75.504055,6.274888],[-75.50394,6.275002],[-75.503654,6.274923],[-75.503419,6.274956],[-75.503352,6.275061],[-75.503198,6.275088],[-75.503145,6.275179],[-75.503093,6.275205],[-75.502708,6.275002],[-75.502187,6.275044],[-75.501714,6.275011],[-75.501657,6.275099],[-75.50126,6.275226],[-75.501205,6.275298],[-75.500896,6.275195],[-75.500566,6.275332],[-75.500402,6.275353],[-75.500367,6.275428],[-75.500413,6.275489],[-75.500211,6.275599],[-75.500262,6.275794],[-75.499861,6.276211],[-75.49955,6.276398],[-75.499666,6.276674],[-75.499742,6.276758],[-75.499767,6.277226],[-75.499355,6.27695],[-75.499235,6.276913],[-75.499158,6.277071],[-75.499087,6.277364],[-75.49885,6.277802],[-75.49878,6.277821],[-75.498313,6.277649],[-75.498134,6.277963],[-75.497835,6.277875],[-75.497791,6.277626],[-75.49773,6.277622],[-75.497737,6.277556],[-75.497683,6.277462],[-75.497623,6.277731],[-75.497612,6.277944],[-75.498425,6.278238],[-75.498811,6.27844],[-75.499237,6.278538],[-75.499555,6.278841],[-75.5001,6.279177],[-75.500563,6.279512],[-75.501059,6.279658],[-75.501457,6.279692],[-75.501939,6.279821],[-75.502084,6.279911],[-75.502568,6.28034],[-75.50296,6.280598],[-75.503938,6.280951],[-75.504197,6.281119],[-75.504518,6.281239],[-75.504622,6.281315],[-75.504814,6.281358],[-75.50543,6.281251]]],[[[-75.513435,6.274276],[-75.513925,6.274663],[-75.514686,6.274469],[-75.515282,6.274187],[-75.515004,6.273929],[-75.515051,6.273866],[-75.513547,6.272498],[-75.512805,6.271775],[-75.512617,6.271796],[-75.512335,6.272034],[-75.512035,6.272149],[-75.511953,6.272228],[-75.511915,6.272358],[-75.511327,6.272671],[-75.511209,6.272891],[-75.511071,6.27298],[-75.511192,6.273272],[-75.511476,6.273691],[-75.511632,6.273861],[-75.511784,6.273962],[-75.511896,6.274109],[-75.512091,6.27423],[-75.512425,6.274318],[-75.512713,6.274539],[-75.512911,6.274254],[-75.513435,6.274276]]],[[[-75.513017,6.277065],[-75.513142,6.277266],[-75.512993,6.277374],[-75.51351,6.278064],[-75.513891,6.277761],[-75.513369,6.277074],[-75.513553,6.276914],[-75.513261,6.276428],[-75.513594,6.276232],[-75.513545,6.276061],[-75.513388,6.27582],[-75.513003,6.27608],[-75.513041,6.276106],[-75.512926,6.276203],[-75.51292,6.276426],[-75.511799,6.276424],[-75.511817,6.276658],[-75.512142,6.276778],[-75.51264,6.277056],[-75.513017,6.277065]]],[[[-75.511757,6.280631],[-75.512018,6.280559],[-75.512906,6.280178],[-75.513449,6.279863],[-75.513847,6.279562],[-75.513796,6.279518],[-75.512724,6.277735],[-75.512354,6.277508],[-75.51206,6.277519],[-75.511739,6.277381],[-75.51161,6.277225],[-75.51098,6.277514],[-75.511243,6.277804],[-75.511601,6.277809],[-75.511942,6.278117],[-75.511743,6.278161],[-75.511358,6.278171],[-75.511331,6.278287],[-75.511378,6.278571],[-75.511595,6.27887],[-75.511807,6.27946],[-75.511918,6.279996],[-75.511757,6.280631]]]]},"properties":{"CODIGO":"9011","COMUNA":"90","BARRIO":"11","NOMBRE_BARRIO":"Piedras Blancas Represa","SECTOR":9,"INDICADOR_UR":"R","NOMBRE_COMUNA":"SANTA ELENA","MUNICIPIO":"001"}},{"type":"Feature","id":34,"geometry":{"type":"MultiPolygon","coordinates":[[[[-75.651406,6.2608],[-75.651551,6.26088],[-75.651865,6.260975],[-75.652511,6.26066],[-75.653531,6.260426],[-75.653675,6.26034],[-75.654053,6.260255],[-75.654215,6.260078],[-75.654268,6.260177],[-75.654521,6.260344],[-75.655719,6.260808],[-75.656226,6.260882],[-75.656592,6.26084],[-75.657038,6.26085],[-75.657367,6.260684],[-75.657779,6.26029],[-75.657975,6.260095],[-75.658311,6.25962],[-75.658519,6.259411],[-75.658636,6.259326],[-75.658901,6.259262],[-75.659241,6.258992],[-75.659381,6.258734],[-75.659876,6.258237],[-75.660242,6.258088],[-75.660514,6.257868],[-75.661047,6.257733],[-75.661206,6.257655],[-75.661319,6.257655],[-75.661572,6.257758],[-75.661822,6.25779],[-75.662143,6.257776],[-75.662532,6.257542],[-75.662751,6.257322],[-75.662906,6.257042],[-75.663042,6.255797],[-75.663299,6.255064],[-75.663571,6.254677],[-75.663813,6.254429],[-75.663975,6.254198],[-75.664164,6.253752],[-75.664858,6.252856],[-75.664728,6.252711],[-75.664573,6.252264],[-75.66454,6.252126],[-75.664573,6.251792],[-75.664783,6.251402],[-75.665363,6.250983],[-75.665532,6.250785],[-75.665588,6.250588],[-75.665516,6.249882],[-75.665384,6.249038],[-75.665089,6.248171],[-75.664918,6.247084],[-75.664787,6.24686],[-75.664635,6.246389],[-75.664627,6.246158],[-75.664667,6.245986],[-75.664826,6.245463],[-75.665001,6.245164],[-75.665057,6.244985],[-75.665116,6.244556],[-75.665089,6.244548],[-75.665015,6.244282],[-75.665103,6.24409],[-75.665034,6.243361],[-75.664785,6.243186],[-75.663987,6.242785],[-75.6635,6.242501],[-75.662354,6.241919],[-75.661992,6.241781],[-75.66174,6.241616],[-75.661145,6.241196],[-75.660663,6.240783],[-75.660485,6.2406],[-75.660398,6.240421],[-75.660116,6.240054],[-75.659899,6.239883],[-75.659409,6.239643],[-75.659226,6.239427],[-75.659177,6.23941],[-75.659186,6.239199],[-75.659261,6.239033],[-75.659754,6.238587],[-75.660291,6.237857],[-75.660567,6.237562],[-75.660706,6.237277],[-75.660728,6.237106],[-75.66055,6.236605],[-75.66051,6.236369],[-75.66038,6.235953],[-75.660354,6.235725],[-75.660145,6.23549],[-75.659933,6.235334],[-75.659746,6.234785],[-75.659711,6.234642],[-75.659811,6.234182],[-75.659789,6.233734],[-75.659703,6.233437],[-75.659676,6.233082],[-75.659616,6.232903],[-75.659468,6.232708],[-75.659277,6.232545],[-75.6584,6.231934],[-75.658101,6.231657],[-75.657957,6.231613],[-75.657606,6.23136],[-75.657484,6.230619],[-75.6575,6.230279],[-75.657406,6.229662],[-75.657059,6.229127],[-75.656988,6.228792],[-75.656919,6.228715],[-75.656626,6.228089],[-75.656296,6.227664],[-75.656249,6.227504],[-75.656222,6.226572],[-75.656195,6.226475],[-75.656024,6.226186],[-75.655533,6.225995],[-75.655271,6.225729],[-75.655009,6.225575],[-75.654731,6.22547],[-75.65446,6.225254],[-75.654209,6.224988],[-75.654007,6.224885],[-75.653781,6.224896],[-75.653125,6.225222],[-75.652951,6.225188],[-75.652494,6.224957],[-75.652274,6.224926],[-75.652068,6.225011],[-75.651642,6.225308],[-75.651462,6.225319],[-75.651127,6.225208],[-75.650876,6.225207],[-75.649831,6.225647],[-75.649573,6.225807],[-75.649372,6.225769],[-75.649113,6.22579],[-75.648875,6.225852],[-75.648243,6.226111],[-75.647332,6.22636],[-75.647136,6.22637],[-75.646649,6.226298],[-75.646459,6.226232],[-75.646,6.225993],[-75.645702,6.225974],[-75.644022,6.226601],[-75.643784,6.226614],[-75.643546,6.226564],[-75.643082,6.226413],[-75.642994,6.226313],[-75.642722,6.226208],[-75.642507,6.226231],[-75.642029,6.226375],[-75.641532,6.226426],[-75.640665,6.226268],[-75.640418,6.226302],[-75.639769,6.226474],[-75.639543,6.226567],[-75.638633,6.227341],[-75.638484,6.22757],[-75.63824,6.227794],[-75.637346,6.227686],[-75.63681,6.227677],[-75.636352,6.227715],[-75.635678,6.227896],[-75.634714,6.228258],[-75.634346,6.228327],[-75.633931,6.228327],[-75.633426,6.228475],[-75.632847,6.228304],[-75.632394,6.227879],[-75.632323,6.227858],[-75.63215,6.228119],[-75.632008,6.228266],[-75.631898,6.228328],[-75.631719,6.22835],[-75.630836,6.227892],[-75.630746,6.227822],[-75.630749,6.227772],[-75.630154,6.227607],[-75.629849,6.227268],[-75.629725,6.227239],[-75.629347,6.227351],[-75.628921,6.227595],[-75.628748,6.227627],[-75.628387,6.227631],[-75.62853,6.227868],[-75.628428,6.227959],[-75.628131,6.228121],[-75.627401,6.228286],[-75.626752,6.22811],[-75.626569,6.2281],[-75.626283,6.228157],[-75.626028,6.228133],[-75.625236,6.228175],[-75.625104,6.228072],[-75.624836,6.227997],[-75.624356,6.227926],[-75.624133,6.227937],[-75.623933,6.227871],[-75.623741,6.227945],[-75.623539,6.228116],[-75.623413,6.228447],[-75.623143,6.228739],[-75.623108,6.228861],[-75.622275,6.22839],[-75.621695,6.22839],[-75.621579,6.228346],[-75.621197,6.228025],[-75.620867,6.227991],[-75.620653,6.228005],[-75.620424,6.22789],[-75.620272,6.22785],[-75.619812,6.227834],[-75.619735,6.227767],[-75.619555,6.227468],[-75.619211,6.227148],[-75.61892,6.226819],[-75.61818,6.226374],[-75.61757,6.226791],[-75.617289,6.227631],[-75.616082,6.227751],[-75.615998,6.227907],[-75.615747,6.228182],[-75.615668,6.228199],[-75.615465,6.228139],[-75.615334,6.228139],[-75.615286,6.228223],[-75.615238,6.228235],[-75.614459,6.227886],[-75.614013,6.228609],[-75.612707,6.229381],[-75.612231,6.229706],[-75.612509,6.230067],[-75.612656,6.230379],[-75.612772,6.230696],[-75.612817,6.231009],[-75.612912,6.231004],[-75.612925,6.23097],[-75.612984,6.231005],[-75.613012,6.230969],[-75.613046,6.230975],[-75.613046,6.230935],[-75.613009,6.230921],[-75.613042,6.230783],[-75.613517,6.230844],[-75.61395,6.231023],[-75.613962,6.23099],[-75.614247,6.231044],[-75.614325,6.230992],[-75.615099,6.231205],[-75.615292,6.231189],[-75.615346,6.231152],[-75.615331,6.23119],[-75.615396,6.23118],[-75.61556,6.231275],[-75.615585,6.231251],[-75.61557,6.231281],[-75.61576,6.231417],[-75.615865,6.23154],[-75.615934,6.231512],[-75.615948,6.231564],[-75.615981,6.231553],[-75.616017,6.231605],[-75.616047,6.231738],[-75.616023,6.231785],[-75.615876,6.232014],[-75.615848,6.231996],[-75.615717,6.232155],[-75.615772,6.232239],[-75.615773,6.232297],[-75.6158,6.232296],[-75.615802,6.232369],[-75.615652,6.232882],[-75.615673,6.233],[-75.615585,6.232991],[-75.615553,6.233298],[-75.615435,6.233321],[-75.61546,6.233462],[-75.615375,6.233524],[-75.615449,6.233599],[-75.615609,6.233505],[-75.615521,6.233864],[-75.614876,6.233816],[-75.61484,6.233992],[-75.614766,6.233973],[-75.614725,6.234135],[-75.61477,6.234236],[-75.614858,6.234246],[-75.614864,6.234492],[-75.615392,6.234493],[-75.615899,6.234554],[-75.616252,6.234668],[-75.616665,6.234894],[-75.617349,6.234999],[-75.618116,6.235544],[-75.61852,6.235736],[-75.618966,6.235811],[-75.619293,6.235807],[-75.620004,6.235657],[-75.620287,6.235634],[-75.620555,6.235687],[-75.621096,6.235903],[-75.621324,6.235939],[-75.62166,6.235941],[-75.622371,6.235843],[-75.622483,6.235788],[-75.622618,6.235625],[-75.622729,6.235549],[-75.622925,6.235465],[-75.623092,6.235483],[-75.623468,6.235594],[-75.624031,6.235023],[-75.624081,6.234923],[-75.624047,6.234899],[-75.624199,6.234639],[-75.624441,6.234382],[-75.624552,6.234316],[-75.624827,6.234251],[-75.625534,6.234183],[-75.625763,6.234013],[-75.626032,6.233756],[-75.626208,6.233684],[-75.62662,6.233621],[-75.627227,6.233305],[-75.627355,6.23328],[-75.627799,6.233365],[-75.627914,6.233346],[-75.628261,6.233202],[-75.629091,6.2331],[-75.629356,6.232962],[-75.62965,6.233038],[-75.62972,6.232842],[-75.629776,6.232778],[-75.629971,6.232717],[-75.629951,6.232319],[-75.630179,6.232267],[-75.630428,6.232124],[-75.630524,6.231865],[-75.630619,6.231789],[-75.631116,6.231588],[-75.631317,6.231607],[-75.631527,6.231674],[-75.631804,6.231798],[-75.632321,6.232095],[-75.632474,6.232095],[-75.632799,6.232018],[-75.633234,6.23199],[-75.633578,6.231923],[-75.63396,6.231779],[-75.634266,6.231769],[-75.634505,6.231942],[-75.635424,6.231998],[-75.635438,6.232058],[-75.635783,6.23203],[-75.636406,6.23205],[-75.636772,6.231965],[-75.637038,6.2321],[-75.637188,6.232123],[-75.637485,6.232075],[-75.637775,6.231982],[-75.637931,6.231882],[-75.638232,6.231769],[-75.638748,6.231672],[-75.639375,6.231734],[-75.63963,6.231422],[-75.639845,6.23122],[-75.640147,6.231022],[-75.64053,6.23064],[-75.640672,6.230578],[-75.640696,6.23064],[-75.640519,6.230782],[-75.640337,6.231114],[-75.640049,6.231243],[-75.640035,6.231935],[-75.639954,6.232235],[-75.639814,6.232372],[-75.639585,6.232468],[-75.639661,6.232602],[-75.639738,6.232659],[-75.639512,6.232858],[-75.639458,6.233006],[-75.639342,6.232827],[-75.639149,6.233051],[-75.638993,6.232855],[-75.63877,6.233053],[-75.638837,6.233101],[-75.63878,6.233158],[-75.638713,6.23312],[-75.638493,6.23313],[-75.638359,6.23335],[-75.638053,6.23335],[-75.637766,6.233266],[-75.637587,6.233254],[-75.637616,6.233341],[-75.637668,6.233383],[-75.637178,6.233456],[-75.636991,6.233386],[-75.636691,6.233396],[-75.636216,6.233463],[-75.636094,6.233522],[-75.636107,6.233886],[-75.636056,6.234256],[-75.635631,6.234221],[-75.635313,6.234119],[-75.635184,6.234537],[-75.634727,6.235371],[-75.634309,6.235238],[-75.633997,6.235195],[-75.633624,6.235253],[-75.633588,6.2352],[-75.633614,6.235145],[-75.633413,6.235091],[-75.632476,6.234561],[-75.631744,6.236009],[-75.629839,6.23516],[-75.629409,6.235381],[-75.628989,6.235725],[-75.628857,6.235663],[-75.628587,6.235389],[-75.628316,6.235257],[-75.628081,6.235205],[-75.627981,6.235136],[-75.627826,6.23509],[-75.627657,6.234994],[-75.62764,6.234916],[-75.627469,6.234861],[-75.627344,6.234861],[-75.627354,6.234819],[-75.62706,6.234694],[-75.626878,6.234719],[-75.626438,6.23495],[-75.626008,6.235121],[-75.625855,6.235143],[-75.6254,6.234982],[-75.625147,6.234935],[-75.624861,6.234958],[-75.62475,6.23488],[-75.624688,6.234784],[-75.624486,6.234754],[-75.624408,6.234808],[-75.624338,6.235015],[-75.623875,6.235402],[-75.623786,6.235515],[-75.623783,6.235566],[-75.623863,6.235721],[-75.623759,6.235804],[-75.623727,6.235769],[-75.623617,6.23582],[-75.623319,6.236094],[-75.6233,6.23605],[-75.623247,6.236093],[-75.623181,6.236062],[-75.623223,6.236299],[-75.622895,6.23635],[-75.622804,6.236325],[-75.622718,6.236245],[-75.622802,6.236098],[-75.622832,6.235961],[-75.622799,6.235954],[-75.622816,6.235881],[-75.622574,6.235891],[-75.622347,6.236089],[-75.622064,6.236553],[-75.621913,6.23654],[-75.621754,6.236363],[-75.621658,6.236354],[-75.62113,6.236737],[-75.620854,6.236865],[-75.620758,6.236886],[-75.620207,6.236773],[-75.619957,6.23678],[-75.619703,6.236856],[-75.619324,6.23706],[-75.619223,6.237246],[-75.619141,6.237328],[-75.619171,6.237461],[-75.618981,6.238318],[-75.618668,6.23913],[-75.618658,6.239577],[-75.618514,6.240272],[-75.618859,6.240414],[-75.619106,6.240446],[-75.619355,6.240542],[-75.620356,6.240521],[-75.620852,6.240597],[-75.620898,6.240556],[-75.620957,6.240607],[-75.620985,6.240699],[-75.621099,6.240599],[-75.621229,6.240583],[-75.621407,6.240757],[-75.621584,6.240759],[-75.621672,6.240937],[-75.621929,6.24116],[-75.622114,6.241229],[-75.622175,6.241315],[-75.622199,6.241514],[-75.622423,6.242238],[-75.622489,6.242248],[-75.622489,6.242195],[-75.622561,6.242194],[-75.622528,6.242172],[-75.62253,6.242127],[-75.622593,6.242073],[-75.622645,6.242248],[-75.622828,6.242454],[-75.6227,6.242609],[-75.622231,6.242862],[-75.622294,6.243076],[-75.622456,6.24302],[-75.622492,6.243367],[-75.622578,6.24347],[-75.62273,6.243519],[-75.622946,6.243484],[-75.622905,6.24361],[-75.622408,6.244179],[-75.622688,6.244385],[-75.622725,6.244483],[-75.622871,6.244619],[-75.622902,6.244609],[-75.622885,6.244577],[-75.622969,6.24455],[-75.623,6.24458],[-75.623089,6.244486],[-75.62315,6.244544],[-75.623216,6.244501],[-75.623295,6.244645],[-75.62325,6.24466],[-75.623319,6.244802],[-75.62363,6.244654],[-75.623693,6.244792],[-75.623591,6.244823],[-75.623592,6.244943],[-75.62335,6.245068],[-75.623336,6.24514],[-75.623232,6.245164],[-75.62308,6.245124],[-75.623073,6.245216],[-75.623034,6.245229],[-75.623052,6.245398],[-75.623175,6.245383],[-75.623193,6.245453],[-75.623135,6.245475],[-75.623267,6.245866],[-75.623708,6.245874],[-75.623806,6.245936],[-75.623988,6.246199],[-75.624134,6.246325],[-75.62423,6.246342],[-75.624653,6.246291],[-75.624861,6.24607],[-75.625114,6.246126],[-75.625241,6.246069],[-75.625511,6.246038],[-75.625797,6.246262],[-75.626016,6.246051],[-75.626279,6.245976],[-75.626268,6.245626],[-75.626147,6.244624],[-75.6271,6.244199],[-75.627092,6.244045],[-75.627246,6.243855],[-75.627473,6.243899],[-75.627397,6.244187],[-75.627778,6.244243],[-75.628178,6.244356],[-75.628458,6.244277],[-75.628939,6.244257],[-75.629002,6.243858],[-75.629085,6.243711],[-75.629362,6.243483],[-75.629954,6.243072],[-75.630023,6.243296],[-75.630289,6.243593],[-75.630241,6.243928],[-75.630362,6.244116],[-75.630202,6.244407],[-75.630266,6.244439],[-75.630238,6.244475],[-75.630257,6.244502],[-75.630188,6.24454],[-75.630851,6.245035],[-75.630949,6.245147],[-75.630908,6.245325],[-75.630805,6.245485],[-75.630648,6.245645],[-75.630572,6.245804],[-75.630852,6.246305],[-75.630878,6.246394],[-75.630873,6.246655],[-75.631196,6.246506],[-75.631321,6.246493],[-75.631635,6.246533],[-75.631643,6.246355],[-75.631738,6.24632],[-75.631869,6.246329],[-75.632046,6.246507],[-75.632134,6.24651],[-75.632345,6.246352],[-75.632531,6.246366],[-75.632712,6.246338],[-75.632871,6.246146],[-75.632935,6.246112],[-75.633328,6.246033],[-75.633381,6.246169],[-75.633194,6.246371],[-75.63323,6.246415],[-75.633303,6.246399],[-75.633297,6.24643],[-75.633354,6.246431],[-75.63336,6.246387],[-75.633469,6.246265],[-75.63356,6.246235],[-75.633574,6.24628],[-75.633661,6.246252],[-75.633669,6.246274],[-75.63375,6.246256],[-75.633744,6.246211],[-75.633823,6.246194],[-75.633864,6.246343],[-75.633994,6.246311],[-75.633987,6.246034],[-75.634171,6.245983],[-75.634642,6.245978],[-75.634783,6.246218],[-75.634969,6.246391],[-75.635322,6.246608],[-75.635578,6.246707],[-75.635584,6.246738],[-75.635521,6.246851],[-75.635248,6.246873],[-75.63518,6.246942],[-75.635103,6.24746],[-75.634895,6.247359],[-75.63464,6.247338],[-75.634461,6.247597],[-75.634486,6.247645],[-75.634366,6.247691],[-75.634395,6.247912],[-75.634516,6.247896],[-75.634936,6.248046],[-75.634883,6.248153],[-75.635576,6.248365],[-75.635439,6.248705],[-75.635809,6.248888],[-75.635883,6.249136],[-75.636044,6.249415],[-75.636125,6.249368],[-75.636183,6.24948],[-75.636261,6.24941],[-75.636383,6.249445],[-75.636701,6.249425],[-75.6368,6.249235],[-75.636923,6.249125],[-75.636965,6.248979],[-75.636969,6.248755],[-75.637174,6.248772],[-75.637287,6.249001],[-75.637139,6.248933],[-75.637115,6.249045],[-75.637184,6.249349],[-75.63708,6.249459],[-75.637091,6.249683],[-75.637026,6.249847],[-75.637172,6.249773],[-75.637205,6.249832],[-75.637191,6.249908],[-75.637047,6.249976],[-75.637056,6.250026],[-75.637263,6.250261],[-75.63724,6.250209],[-75.63727,6.250129],[-75.637208,6.250111],[-75.63742,6.249794],[-75.637282,6.249685],[-75.637349,6.249616],[-75.637653,6.249846],[-75.63754,6.250008],[-75.637436,6.250303],[-75.637609,6.250361],[-75.637519,6.250563],[-75.637609,6.250616],[-75.637732,6.250497],[-75.637815,6.250586],[-75.637714,6.250687],[-75.63815,6.251003],[-75.63839,6.250594],[-75.638612,6.250782],[-75.638715,6.250827],[-75.638896,6.251054],[-75.638902,6.251304],[-75.638993,6.251278],[-75.639256,6.251088],[-75.639781,6.250498],[-75.639991,6.250344],[-75.639966,6.250328],[-75.640645,6.249699],[-75.640886,6.249431],[-75.641104,6.250001],[-75.641438,6.250181],[-75.641757,6.250221],[-75.642361,6.250144],[-75.642406,6.25015],[-75.642622,6.250326],[-75.642514,6.250485],[-75.642427,6.251055],[-75.642339,6.25112],[-75.642831,6.25134],[-75.643065,6.25138],[-75.643069,6.251522],[-75.643139,6.251582],[-75.643277,6.251583],[-75.643353,6.25153],[-75.643499,6.251594],[-75.643593,6.251724],[-75.643599,6.251939],[-75.643659,6.252021],[-75.643873,6.251944],[-75.64435,6.252178],[-75.644421,6.252124],[-75.644472,6.251947],[-75.644598,6.251903],[-75.64506,6.252118],[-75.645107,6.252199],[-75.645148,6.25252],[-75.645554,6.252747],[-75.64569,6.252774],[-75.645828,6.252757],[-75.645978,6.252582],[-75.646105,6.252529],[-75.646186,6.252573],[-75.646204,6.252616],[-75.646149,6.252794],[-75.646192,6.252871],[-75.646373,6.252897],[-75.646601,6.252795],[-75.646643,6.25281],[-75.646682,6.252894],[-75.6467,6.253174],[-75.646757,6.253241],[-75.647355,6.253147],[-75.647586,6.253164],[-75.647718,6.25321],[-75.647689,6.25354],[-75.647714,6.253678],[-75.648027,6.254025],[-75.648206,6.25441],[-75.648471,6.254796],[-75.648539,6.255019],[-75.64852,6.255347],[-75.64855,6.255484],[-75.649224,6.256391],[-75.649441,6.256858],[-75.649453,6.257044],[-75.649381,6.257204],[-75.649423,6.257743],[-75.649415,6.2587],[-75.649472,6.259256],[-75.649408,6.259714],[-75.649582,6.260143],[-75.649899,6.260497],[-75.650198,6.260713],[-75.650701,6.260837],[-75.650905,6.260848],[-75.651309,6.260766],[-75.651406,6.2608]]],[[[-75.613453,6.240068],[-75.613798,6.240366],[-75.614007,6.240376],[-75.614389,6.24029],[-75.614962,6.240224],[-75.615182,6.240111],[-75.615781,6.240056],[-75.61627,6.240233],[-75.616978,6.239992],[-75.617284,6.239986],[-75.618036,6.240071],[-75.617838,6.239876],[-75.617635,6.239238],[-75.617477,6.238973],[-75.617105,6.238701],[-75.616966,6.238497],[-75.616719,6.238311],[-75.616499,6.238234],[-75.616245,6.238229],[-75.615626,6.238012],[-75.615139,6.23793],[-75.614662,6.237973],[-75.61449,6.237942],[-75.613859,6.23793],[-75.613522,6.237706],[-75.613457,6.237585],[-75.613447,6.237485],[-75.613485,6.237227],[-75.61328,6.237071],[-75.613043,6.236724],[-75.613002,6.236823],[-75.612956,6.236804],[-75.612907,6.236919],[-75.612691,6.236825],[-75.612487,6.237243],[-75.612416,6.237234],[-75.612273,6.237854],[-75.612161,6.238053],[-75.611838,6.238221],[-75.611955,6.238699],[-75.612338,6.239443],[-75.61262,6.239621],[-75.612981,6.239751],[-75.613353,6.239931],[-75.613453,6.240068]]],[[[-75.632066,6.2544],[-75.632241,6.254533],[-75.632427,6.254366],[-75.632538,6.254205],[-75.632832,6.253571],[-75.633363,6.253582],[-75.633839,6.253821],[-75.634626,6.253742],[-75.635399,6.253761],[-75.635547,6.253651],[-75.635949,6.253484],[-75.636193,6.253163],[-75.636255,6.253124],[-75.63684,6.253357],[-75.636996,6.253375],[-75.637154,6.253468],[-75.637243,6.253476],[-75.637579,6.252798],[-75.637881,6.252444],[-75.637927,6.252183],[-75.637395,6.251798],[-75.637166,6.252124],[-75.636449,6.252277],[-75.636563,6.252143],[-75.636678,6.251865],[-75.636741,6.251461],[-75.63669,6.251507],[-75.636209,6.251551],[-75.63613,6.251227],[-75.63624,6.251213],[-75.636213,6.2512],[-75.635993,6.250598],[-75.635894,6.250669],[-75.635688,6.250665],[-75.63565,6.251102],[-75.635475,6.251092],[-75.635497,6.250803],[-75.635107,6.250927],[-75.634703,6.250922],[-75.634711,6.25086],[-75.634517,6.250825],[-75.634361,6.250691],[-75.63407,6.250574],[-75.634046,6.250509],[-75.633832,6.250551],[-75.633708,6.250435],[-75.633673,6.250746],[-75.633491,6.250775],[-75.633307,6.250763],[-75.632887,6.250612],[-75.63282,6.250713],[-75.632759,6.250676],[-75.632685,6.250787],[-75.631979,6.250311],[-75.631382,6.250177],[-75.631267,6.250271],[-75.631146,6.25023],[-75.631234,6.250163],[-75.631199,6.250119],[-75.631122,6.250131],[-75.63105,6.250183],[-75.631105,6.250109],[-75.631074,6.250066],[-75.631099,6.25001],[-75.631041,6.25005],[-75.630996,6.249993],[-75.630963,6.250025],[-75.630889,6.249988],[-75.630344,6.25018],[-75.630259,6.250404],[-75.63012,6.250539],[-75.630067,6.250658],[-75.62998,6.250686],[-75.629989,6.250657],[-75.629555,6.250628],[-75.629365,6.250658],[-75.629319,6.250689],[-75.629326,6.251025],[-75.629375,6.251],[-75.629252,6.251096],[-75.629072,6.251075],[-75.629072,6.251153],[-75.628618,6.251158],[-75.628615,6.2514],[-75.628682,6.251627],[-75.62916,6.252049],[-75.629355,6.252097],[-75.629552,6.252001],[-75.629611,6.252073],[-75.629691,6.252293],[-75.629808,6.252236],[-75.63002,6.252287],[-75.630264,6.252113],[-75.630665,6.252193],[-75.630867,6.25216],[-75.631232,6.25244],[-75.63127,6.252481],[-75.631177,6.252577],[-75.631305,6.252642],[-75.631272,6.252705],[-75.631212,6.252682],[-75.631292,6.252725],[-75.631322,6.252686],[-75.631515,6.252755],[-75.63143,6.252842],[-75.631341,6.252821],[-75.631288,6.252853],[-75.631318,6.25293],[-75.631417,6.25293],[-75.631422,6.25303],[-75.631374,6.253033],[-75.631489,6.253133],[-75.631446,6.253169],[-75.631512,6.253134],[-75.631584,6.25321],[-75.631543,6.253251],[-75.631649,6.253348],[-75.631646,6.253476],[-75.631822,6.253509],[-75.631632,6.253506],[-75.631632,6.253353],[-75.631603,6.253326],[-75.631542,6.253392],[-75.631569,6.253416],[-75.631526,6.253427],[-75.631484,6.253695],[-75.631812,6.253757],[-75.631797,6.253887],[-75.631669,6.253927],[-75.631725,6.254005],[-75.631768,6.253982],[-75.631799,6.254037],[-75.631839,6.254015],[-75.631862,6.254064],[-75.6319,6.254049],[-75.631935,6.254118],[-75.632086,6.254008],[-75.632243,6.254264],[-75.632343,6.254205],[-75.632228,6.25432],[-75.632236,6.254284],[-75.632079,6.25403],[-75.631838,6.254203],[-75.631903,6.254352],[-75.632002,6.254351],[-75.632066,6.2544]]]]},"properties":{"CODIGO":"7002","COMUNA":"70","BARRIO":"02","NOMBRE_BARRIO":"Aguas Frias","SECTOR":8,"INDICADOR_UR":"R","NOMBRE_COMUNA":"ALTAVISTA","MUNICIPIO":"001"}},{"type":"Feature","id":35,"geometry":{"type":"Polygon","coordinates":[[[-75.513261,6.250992],[-75.51319,6.250897],[-75.513046,6.250252],[-75.513017,6.250219],[-75.512508,6.250169],[-75.512483,6.250019],[-75.512307,6.249679],[-75.511882,6.249172],[-75.511455,6.248464],[-75.51134,6.24839],[-75.511025,6.247899],[-75.510876,6.247811],[-75.510506,6.24772],[-75.510386,6.247595],[-75.510255,6.247551],[-75.510142,6.24747],[-75.509753,6.247053],[-75.509396,6.246988],[-75.50936,6.24682],[-75.509491,6.246796],[-75.5096,6.246731],[-75.509549,6.246551],[-75.509548,6.246379],[-75.509469,6.246103],[-75.509657,6.245995],[-75.509433,6.245813],[-75.509296,6.24537],[-75.509234,6.245287],[-75.508593,6.244936],[-75.508485,6.244643],[-75.508546,6.244141],[-75.508182,6.244313],[-75.50783,6.244627],[-75.507527,6.245031],[-75.507445,6.245255],[-75.50734,6.245427],[-75.506739,6.245234],[-75.506596,6.245292],[-75.50627,6.245533],[-75.506118,6.245579],[-75.505876,6.245569],[-75.505126,6.24544],[-75.504999,6.245467],[-75.504928,6.245564],[-75.504769,6.246077],[-75.50448,6.246281],[-75.504304,6.246481],[-75.504281,6.246571],[-75.504305,6.246721],[-75.504244,6.246836],[-75.504123,6.246909],[-75.503869,6.24688],[-75.503596,6.247083],[-75.503384,6.247287],[-75.503134,6.247619],[-75.502901,6.247721],[-75.502723,6.247955],[-75.50287,6.247991],[-75.502365,6.248296],[-75.501674,6.248264],[-75.501492,6.248084],[-75.501158,6.247956],[-75.501039,6.24784],[-75.500911,6.247585],[-75.500791,6.247694],[-75.500724,6.247928],[-75.500681,6.248002],[-75.500648,6.248001],[-75.500679,6.247246],[-75.500178,6.247313],[-75.499328,6.247683],[-75.499061,6.247615],[-75.498864,6.247662],[-75.49859,6.247849],[-75.498396,6.247714],[-75.498267,6.247724],[-75.498075,6.247657],[-75.498063,6.247838],[-75.497688,6.247881],[-75.497483,6.24781],[-75.49696,6.247977],[-75.496699,6.248003],[-75.496476,6.247973],[-75.496278,6.248013],[-75.49597,6.247783],[-75.495845,6.247646],[-75.495816,6.247453],[-75.495784,6.245275],[-75.495458,6.245595],[-75.495346,6.245659],[-75.495242,6.245859],[-75.495082,6.247189],[-75.495178,6.248607],[-75.495122,6.248735],[-75.495026,6.248775],[-75.494841,6.248759],[-75.494323,6.248803],[-75.494132,6.248854],[-75.493414,6.249335],[-75.49323,6.249423],[-75.493054,6.249598],[-75.492933,6.249946],[-75.492986,6.250033],[-75.493061,6.250301],[-75.493037,6.250662],[-75.493112,6.250847],[-75.493235,6.25099],[-75.493493,6.251142],[-75.494114,6.251312],[-75.494557,6.251485],[-75.495249,6.251812],[-75.495913,6.252215],[-75.496623,6.252334],[-75.496761,6.252523],[-75.495807,6.252987],[-75.495802,6.253052],[-75.49615,6.253795],[-75.4955,6.254187],[-75.495025,6.254283],[-75.494083,6.254691],[-75.493679,6.254758],[-75.49337,6.254858],[-75.493341,6.254975],[-75.49337,6.255083],[-75.493137,6.25525],[-75.492962,6.255471],[-75.492841,6.255825],[-75.492841,6.256021],[-75.493012,6.256893],[-75.493074,6.25701],[-75.493333,6.257243],[-75.493378,6.257331],[-75.493424,6.257443],[-75.493495,6.257956],[-75.493628,6.25839],[-75.493845,6.258669],[-75.493916,6.258832],[-75.493949,6.259612],[-75.493897,6.260074],[-75.493999,6.260296],[-75.494086,6.260663],[-75.494203,6.260821],[-75.494295,6.260863],[-75.494378,6.260863],[-75.494591,6.260775],[-75.49487,6.260738],[-75.495191,6.260763],[-75.495203,6.260851],[-75.495186,6.261664],[-75.49509,6.262152],[-75.495057,6.262202],[-75.494828,6.262243],[-75.494703,6.262302],[-75.494595,6.262406],[-75.494374,6.262685],[-75.494261,6.262965],[-75.494265,6.263386],[-75.494298,6.263532],[-75.494448,6.263865],[-75.494519,6.264174],[-75.494582,6.264253],[-75.494823,6.264303],[-75.494907,6.26437],[-75.494915,6.264462],[-75.49484,6.264683],[-75.494869,6.265175],[-75.495002,6.265771],[-75.495186,6.266251],[-75.495182,6.266318],[-75.494873,6.266955],[-75.494894,6.267076],[-75.495006,6.267222],[-75.494836,6.267439],[-75.494736,6.267673],[-75.494677,6.267927],[-75.494373,6.26849],[-75.494508,6.269444],[-75.494571,6.269474],[-75.494625,6.269457],[-75.495054,6.269262],[-75.495362,6.269344],[-75.495785,6.269595],[-75.49588,6.269776],[-75.495905,6.269993],[-75.496179,6.270277],[-75.496319,6.270524],[-75.496583,6.27075],[-75.496635,6.270828],[-75.496631,6.270894],[-75.496213,6.271335],[-75.495982,6.271959],[-75.495955,6.272591],[-75.495819,6.272871],[-75.495481,6.273036],[-75.494636,6.273076],[-75.493927,6.272978],[-75.493815,6.272989],[-75.49368,6.273082],[-75.493185,6.274233],[-75.492781,6.274724],[-75.492753,6.274994],[-75.492497,6.276276],[-75.492562,6.276513],[-75.492581,6.277012],[-75.492707,6.277207],[-75.493202,6.277509],[-75.493636,6.277695],[-75.493888,6.277916],[-75.494329,6.278413],[-75.494494,6.278493],[-75.495053,6.278601],[-75.495403,6.27878],[-75.495471,6.278962],[-75.495448,6.279018],[-75.494915,6.279802],[-75.49466,6.280403],[-75.49458,6.280778],[-75.494644,6.281095],[-75.494789,6.281467],[-75.494877,6.282168],[-75.495016,6.282664],[-75.495496,6.283493],[-75.495988,6.283902],[-75.496378,6.284417],[-75.496415,6.284439],[-75.496514,6.284414],[-75.496574,6.284321],[-75.496688,6.283984],[-75.49676,6.283887],[-75.496919,6.283879],[-75.497045,6.284037],[-75.497258,6.284465],[-75.497349,6.284838],[-75.497321,6.285079],[-75.497367,6.285315],[-75.497683,6.285791],[-75.497862,6.286324],[-75.497931,6.286769],[-75.498131,6.287515],[-75.498136,6.288328],[-75.498213,6.288398],[-75.49828,6.288536],[-75.498408,6.288689],[-75.498579,6.288802],[-75.49891,6.288966],[-75.499347,6.289079],[-75.499414,6.289156],[-75.49953,6.289151],[-75.499676,6.289224],[-75.500115,6.28972],[-75.500244,6.2899],[-75.500349,6.290135],[-75.50035,6.290449],[-75.500437,6.290662],[-75.500407,6.290793],[-75.499838,6.291237],[-75.499706,6.291532],[-75.499593,6.291701],[-75.499229,6.291708],[-75.49913,6.291772],[-75.499074,6.291912],[-75.499159,6.29223],[-75.499125,6.292418],[-75.499041,6.29254],[-75.498806,6.292612],[-75.498668,6.292707],[-75.498514,6.292938],[-75.498523,6.293024],[-75.498778,6.293245],[-75.499043,6.293588],[-75.499064,6.293839],[-75.49903,6.293904],[-75.499053,6.29418],[-75.499009,6.294406],[-75.498919,6.294482],[-75.498481,6.294694],[-75.498463,6.294738],[-75.498503,6.294826],[-75.498563,6.294854],[-75.498596,6.294913],[-75.498824,6.294916],[-75.499213,6.295053],[-75.499265,6.295214],[-75.499389,6.295228],[-75.499724,6.294841],[-75.499846,6.294861],[-75.499974,6.295023],[-75.500053,6.295275],[-75.500188,6.295369],[-75.500582,6.295539],[-75.50079,6.295736],[-75.50083,6.295849],[-75.500825,6.295977],[-75.500879,6.29604],[-75.500854,6.296478],[-75.500908,6.296612],[-75.501113,6.296675],[-75.501686,6.296675],[-75.501775,6.296728],[-75.5018,6.296873],[-75.501756,6.297378],[-75.501769,6.297527],[-75.501828,6.297557],[-75.501943,6.297489],[-75.502136,6.29729],[-75.502285,6.297076],[-75.502378,6.29704],[-75.502694,6.297009],[-75.50287,6.296946],[-75.502958,6.296765],[-75.503021,6.296443],[-75.503072,6.296351],[-75.503277,6.296341],[-75.503464,6.296207],[-75.503706,6.29612],[-75.503909,6.296114],[-75.504167,6.296158],[-75.504402,6.29628],[-75.504481,6.296432],[-75.50452,6.296654],[-75.504473,6.296841],[-75.504975,6.297163],[-75.505311,6.297421],[-75.505599,6.297766],[-75.506116,6.298152],[-75.506292,6.298407],[-75.506728,6.298836],[-75.5069,6.298879],[-75.508153,6.298913],[-75.508497,6.298865],[-75.509644,6.299014],[-75.510557,6.29943],[-75.511475,6.299975],[-75.512326,6.300192],[-75.512738,6.300364],[-75.512989,6.300542],[-75.513229,6.300768],[-75.513829,6.301159],[-75.513972,6.301348],[-75.514289,6.301013],[-75.514703,6.300795],[-75.514956,6.300618],[-75.515415,6.300173],[-75.515673,6.300058],[-75.516061,6.299993],[-75.516312,6.299911],[-75.516581,6.299742],[-75.516931,6.299349],[-75.517189,6.299278],[-75.51781,6.298924],[-75.518704,6.298115],[-75.519288,6.297431],[-75.519446,6.297106],[-75.519489,6.296819],[-75.519651,6.296565],[-75.519756,6.296312],[-75.519991,6.295456],[-75.520129,6.295145],[-75.520278,6.294905],[-75.520349,6.294518],[-75.52036,6.294265],[-75.520453,6.293932],[-75.520963,6.29307],[-75.520967,6.292668],[-75.520804,6.29194],[-75.520802,6.291729],[-75.520961,6.291146],[-75.521172,6.290571],[-75.521158,6.289859],[-75.521297,6.289404],[-75.521392,6.288725],[-75.521434,6.288636],[-75.521601,6.288487],[-75.52176,6.288441],[-75.5219,6.288425],[-75.522109,6.28854],[-75.522206,6.288543],[-75.522595,6.28843],[-75.522866,6.288408],[-75.523779,6.288242],[-75.524806,6.288126],[-75.524925,6.288077],[-75.525473,6.287711],[-75.525822,6.287354],[-75.525944,6.287062],[-75.52611,6.286354],[-75.526242,6.286086],[-75.526344,6.285496],[-75.526446,6.285212],[-75.526584,6.285043],[-75.526747,6.284938],[-75.526885,6.284729],[-75.52708,6.283942],[-75.527127,6.283508],[-75.527239,6.282999],[-75.527405,6.282655],[-75.527404,6.282571],[-75.527311,6.282312],[-75.52732,6.282232],[-75.527544,6.281937],[-75.52794,6.281],[-75.527899,6.28083],[-75.527687,6.280636],[-75.527424,6.280298],[-75.527034,6.280108],[-75.526707,6.279906],[-75.5267,6.279861],[-75.526748,6.279786],[-75.527217,6.279726],[-75.527703,6.279622],[-75.527789,6.27957],[-75.527812,6.279503],[-75.527386,6.278437],[-75.527145,6.277931],[-75.52672,6.277268],[-75.526622,6.277197],[-75.526509,6.277002],[-75.525114,6.276939],[-75.524913,6.276868],[-75.52448,6.276611],[-75.524232,6.276404],[-75.524072,6.276123],[-75.523912,6.275626],[-75.523845,6.274922],[-75.523762,6.274561],[-75.524311,6.274575],[-75.524522,6.274626],[-75.524863,6.274645],[-75.52506,6.274626],[-75.525144,6.274556],[-75.525327,6.274205],[-75.525416,6.274097],[-75.525425,6.273994],[-75.52536,6.273877],[-75.525215,6.273788],[-75.525173,6.273717],[-75.525176,6.273644],[-75.525748,6.273245],[-75.525906,6.273068],[-75.525837,6.272752],[-75.525603,6.272476],[-75.525571,6.272373],[-75.525622,6.271998],[-75.525547,6.271759],[-75.525341,6.271544],[-75.525304,6.271075],[-75.525201,6.270925],[-75.525201,6.270541],[-75.524901,6.270162],[-75.524873,6.269843],[-75.524972,6.268944],[-75.524446,6.268987],[-75.524419,6.269724],[-75.524203,6.268854],[-75.524091,6.268505],[-75.524022,6.268407],[-75.523862,6.268301],[-75.523515,6.268311],[-75.523313,6.26824],[-75.522724,6.267754],[-75.521841,6.267215],[-75.521522,6.266729],[-75.521414,6.266644],[-75.520871,6.266353],[-75.520777,6.266199],[-75.520266,6.26559],[-75.520161,6.265413],[-75.520127,6.265434],[-75.520095,6.265412],[-75.519686,6.264903],[-75.519167,6.264133],[-75.518848,6.263933],[-75.518749,6.263838],[-75.518565,6.263355],[-75.518439,6.263109],[-75.518185,6.262742],[-75.51813,6.262563],[-75.517621,6.261857],[-75.517386,6.261621],[-75.516888,6.261433],[-75.516665,6.261284],[-75.516474,6.261055],[-75.516199,6.260608],[-75.516069,6.259531],[-75.516091,6.258863],[-75.515744,6.258946],[-75.515425,6.258932],[-75.515267,6.258796],[-75.515174,6.258648],[-75.514868,6.258577],[-75.51481,6.258358],[-75.514684,6.258134],[-75.514621,6.257949],[-75.514169,6.258014],[-75.514202,6.257784],[-75.51432,6.257422],[-75.514379,6.257356],[-75.514482,6.257356],[-75.514663,6.257151],[-75.514668,6.256977],[-75.514611,6.25684],[-75.514722,6.256494],[-75.515335,6.256544],[-75.5156,6.256522],[-75.515576,6.256384],[-75.515593,6.256211],[-75.515698,6.255935],[-75.515626,6.255706],[-75.515643,6.255605],[-75.515783,6.255317],[-75.515588,6.255202],[-75.515449,6.255151],[-75.515346,6.255151],[-75.515211,6.255222],[-75.515104,6.255326],[-75.515021,6.255114],[-75.514756,6.254809],[-75.514643,6.25462],[-75.514367,6.254313],[-75.514211,6.254199],[-75.514019,6.253944],[-75.513966,6.253633],[-75.513764,6.253473],[-75.513436,6.253067],[-75.513271,6.252967],[-75.513131,6.252821],[-75.512952,6.252696],[-75.51239,6.252721],[-75.512246,6.252589],[-75.512104,6.252358],[-75.51209,6.252332],[-75.512289,6.252117],[-75.512649,6.251975],[-75.512996,6.251748],[-75.513087,6.25162],[-75.513261,6.250992]],[[-75.50543,6.281251],[-75.504814,6.281358],[-75.504622,6.281315],[-75.504518,6.281239],[-75.504197,6.281119],[-75.503938,6.280951],[-75.50296,6.280598],[-75.502568,6.28034],[-75.502084,6.279911],[-75.501939,6.279821],[-75.501457,6.279692],[-75.501059,6.279658],[-75.500563,6.279512],[-75.5001,6.279177],[-75.499555,6.278841],[-75.499237,6.278538],[-75.498811,6.27844],[-75.498425,6.278238],[-75.497612,6.277944],[-75.497623,6.277731],[-75.497683,6.277462],[-75.497737,6.277556],[-75.49773,6.277622],[-75.497791,6.277626],[-75.497835,6.277875],[-75.498134,6.277963],[-75.498313,6.277649],[-75.49878,6.277821],[-75.49885,6.277802],[-75.499087,6.277364],[-75.499158,6.277071],[-75.499235,6.276913],[-75.499355,6.27695],[-75.499767,6.277226],[-75.499742,6.276758],[-75.499666,6.276674],[-75.49955,6.276398],[-75.499861,6.276211],[-75.500262,6.275794],[-75.500211,6.275599],[-75.500413,6.275489],[-75.500367,6.275428],[-75.500402,6.275353],[-75.500566,6.275332],[-75.500896,6.275195],[-75.501205,6.275298],[-75.50126,6.275226],[-75.501657,6.275099],[-75.501714,6.275011],[-75.502187,6.275044],[-75.502708,6.275002],[-75.503093,6.275205],[-75.503145,6.275179],[-75.503198,6.275088],[-75.503352,6.275061],[-75.503419,6.274956],[-75.503654,6.274923],[-75.50394,6.275002],[-75.504055,6.274888],[-75.504239,6.274908],[-75.504286,6.274949],[-75.504427,6.274826],[-75.504469,6.274691],[-75.504603,6.274535],[-75.504982,6.274791],[-75.505342,6.275142],[-75.505793,6.275482],[-75.50604,6.275814],[-75.506124,6.276076],[-75.50654,6.276505],[-75.506729,6.276636],[-75.507227,6.276817],[-75.507465,6.276961],[-75.507661,6.277158],[-75.507752,6.27737],[-75.507346,6.277455],[-75.506746,6.277338],[-75.506192,6.277281],[-75.505929,6.277302],[-75.505619,6.276699],[-75.504924,6.276759],[-75.504932,6.276789],[-75.503897,6.276861],[-75.504229,6.277225],[-75.50427,6.277451],[-75.504397,6.27775],[-75.504385,6.278115],[-75.504679,6.278584],[-75.504848,6.279065],[-75.504991,6.279248],[-75.505169,6.279614],[-75.505158,6.279879],[-75.50544,6.279908],[-75.50602,6.281387],[-75.505933,6.281411],[-75.50543,6.281251]],[[-75.513435,6.274276],[-75.512911,6.274254],[-75.512713,6.274539],[-75.512425,6.274318],[-75.512091,6.27423],[-75.511896,6.274109],[-75.511784,6.273962],[-75.511632,6.273861],[-75.511476,6.273691],[-75.511192,6.273272],[-75.511071,6.27298],[-75.511209,6.272891],[-75.511327,6.272671],[-75.511915,6.272358],[-75.511953,6.272228],[-75.512035,6.272149],[-75.512335,6.272034],[-75.512617,6.271796],[-75.512805,6.271775],[-75.513547,6.272498],[-75.515051,6.273866],[-75.515004,6.273929],[-75.515282,6.274187],[-75.514686,6.274469],[-75.513925,6.274663],[-75.513435,6.274276]],[[-75.513017,6.277065],[-75.51264,6.277056],[-75.512142,6.276778],[-75.511817,6.276658],[-75.511799,6.276424],[-75.51292,6.276426],[-75.512926,6.276203],[-75.513041,6.276106],[-75.513003,6.27608],[-75.513388,6.27582],[-75.513545,6.276061],[-75.513594,6.276232],[-75.513261,6.276428],[-75.513553,6.276914],[-75.513369,6.277074],[-75.513891,6.277761],[-75.51351,6.278064],[-75.512993,6.277374],[-75.513142,6.277266],[-75.513017,6.277065]],[[-75.511757,6.280631],[-75.511918,6.279996],[-75.511807,6.27946],[-75.511595,6.27887],[-75.511378,6.278571],[-75.511331,6.278287],[-75.511358,6.278171],[-75.511743,6.278161],[-75.511942,6.278117],[-75.511601,6.277809],[-75.511243,6.277804],[-75.51098,6.277514],[-75.51161,6.277225],[-75.511739,6.277381],[-75.51206,6.277519],[-75.512354,6.277508],[-75.512724,6.277735],[-75.513796,6.279518],[-75.513847,6.279562],[-75.513449,6.279863],[-75.512906,6.280178],[-75.512018,6.280559],[-75.511757,6.280631]]]},"properties":{"CODIGO":"9011","COMUNA":"90","BARRIO":"11","NOMBRE_BARRIO":"Piedras Blancas Represa","SECTOR":9,"INDICADOR_UR":"R","NOMBRE_COMUNA":"SANTA ELENA","MUNICIPIO":"001"}},{"type":"Feature","id":36,"geometry":{"type":"Polygon","coordinates":[[[-75.622802,6.236098],[-75.622718,6.236245],[-75.622804,6.236325],[-75.622895,6.23635],[-75.623223,6.236299],[-75.623181,6.236062],[-75.623247,6.236093],[-75.6233,6.23605],[-75.623319,6.236094],[-75.623617,6.23582],[-75.623727,6.235769],[-75.623759,6.235804],[-75.623863,6.235721],[-75.623783,6.235566],[-75.623786,6.235515],[-75.623875,6.235402],[-75.624338,6.235015],[-75.624408,6.234808],[-75.624541,6.234749],[-75.624688,6.234784],[-75.62475,6.23488],[-75.624861,6.234958],[-75.625147,6.234935],[-75.6254,6.234982],[-75.625855,6.235143],[-75.626008,6.235121],[-75.626438,6.23495],[-75.626878,6.234719],[-75.62706,6.234694],[-75.627354,6.234819],[-75.627344,6.234861],[-75.627469,6.234861],[-75.62764,6.234916],[-75.627657,6.234994],[-75.627826,6.23509],[-75.627981,6.235136],[-75.628081,6.235205],[-75.628316,6.235257],[-75.628587,6.235389],[-75.628857,6.235663],[-75.628989,6.235725],[-75.629409,6.235381],[-75.629839,6.23516],[-75.631744,6.236009],[-75.632476,6.234561],[-75.633413,6.235091],[-75.633614,6.235145],[-75.633588,6.2352],[-75.633624,6.235253],[-75.633997,6.235195],[-75.634309,6.235238],[-75.634727,6.235371],[-75.635184,6.234537],[-75.635313,6.234119],[-75.635631,6.234221],[-75.636056,6.234256],[-75.636107,6.233886],[-75.636094,6.233522],[-75.636216,6.233463],[-75.636691,6.233396],[-75.636991,6.233386],[-75.637178,6.233456],[-75.637668,6.233383],[-75.637616,6.233341],[-75.637587,6.233254],[-75.637766,6.233266],[-75.638053,6.23335],[-75.638359,6.23335],[-75.638493,6.23313],[-75.638713,6.23312],[-75.63878,6.233158],[-75.638837,6.233101],[-75.63877,6.233053],[-75.638993,6.232855],[-75.639149,6.233051],[-75.639342,6.232827],[-75.639458,6.233006],[-75.639512,6.232858],[-75.639738,6.232659],[-75.639661,6.232602],[-75.639585,6.232468],[-75.639814,6.232372],[-75.639954,6.232235],[-75.640035,6.231935],[-75.640049,6.231243],[-75.640337,6.231114],[-75.640519,6.230782],[-75.640696,6.23064],[-75.640672,6.230578],[-75.64053,6.23064],[-75.640147,6.231022],[-75.639845,6.23122],[-75.63963,6.231422],[-75.639375,6.231734],[-75.638748,6.231672],[-75.638232,6.231769],[-75.637931,6.231882],[-75.637775,6.231982],[-75.637485,6.232075],[-75.637188,6.232123],[-75.637038,6.2321],[-75.636772,6.231965],[-75.636406,6.23205],[-75.635783,6.23203],[-75.635438,6.232058],[-75.635424,6.231998],[-75.634505,6.231942],[-75.634266,6.231769],[-75.63396,6.231779],[-75.633578,6.231923],[-75.633234,6.23199],[-75.632799,6.232018],[-75.632474,6.232095],[-75.632321,6.232095],[-75.631805,6.231798],[-75.631527,6.231674],[-75.631317,6.231607],[-75.631116,6.231588],[-75.630619,6.231789],[-75.630524,6.231865],[-75.630428,6.232124],[-75.630179,6.232267],[-75.629951,6.232319],[-75.629971,6.232717],[-75.629776,6.232778],[-75.62972,6.232842],[-75.62965,6.233038],[-75.629356,6.232962],[-75.629091,6.2331],[-75.628261,6.233202],[-75.627914,6.233346],[-75.627799,6.233365],[-75.627299,6.233286],[-75.62662,6.233621],[-75.626208,6.233684],[-75.626032,6.233756],[-75.625763,6.234013],[-75.625534,6.234183],[-75.624827,6.234251],[-75.624552,6.234316],[-75.624397,6.234422],[-75.624199,6.234639],[-75.624047,6.234899],[-75.624081,6.234923],[-75.624031,6.235023],[-75.623468,6.235594],[-75.623092,6.235483],[-75.622925,6.235465],[-75.622618,6.235625],[-75.622568,6.23568],[-75.622673,6.235873],[-75.622816,6.235881],[-75.622799,6.235954],[-75.622832,6.235961],[-75.622802,6.236098]]]},"properties":{"CODIGO":"7085","COMUNA":"70","BARRIO":"85","NOMBRE_BARRIO":"San Pablo","SECTOR":8,"INDICADOR_UR":"R","NOMBRE_COMUNA":"ALTAVISTA","MUNICIPIO":"001"}},{"type":"Feature","id":37,"geometry":{"type":"MultiPolygon","coordinates":[[[[-75.659043,6.22322],[-75.658996,6.223331],[-75.658935,6.223736],[-75.658837,6.223919],[-75.658712,6.224066],[-75.658613,6.224379],[-75.65853,6.224423],[-75.65824,6.224454],[-75.657893,6.224409],[-75.657635,6.224626],[-75.657457,6.224691],[-75.657332,6.224789],[-75.657181,6.224787],[-75.656796,6.224875],[-75.656603,6.224888],[-75.656396,6.225005],[-75.656246,6.225025],[-75.656118,6.225095],[-75.655833,6.225107],[-75.655713,6.225027],[-75.655582,6.224831],[-75.655491,6.224799],[-75.655209,6.224799],[-75.654911,6.224632],[-75.654799,6.224542],[-75.654424,6.224098],[-75.654146,6.223905],[-75.654028,6.224055],[-75.653993,6.224666],[-75.654038,6.224896],[-75.654209,6.224988],[-75.65446,6.225254],[-75.654731,6.22547],[-75.65514,6.225646],[-75.655271,6.225729],[-75.655533,6.225995],[-75.655929,6.226134],[-75.656024,6.226186],[-75.656101,6.226298],[-75.656222,6.226572],[-75.656249,6.227504],[-75.656296,6.227664],[-75.656626,6.228089],[-75.656919,6.228715],[-75.656988,6.228792],[-75.657059,6.229127],[-75.657406,6.229662],[-75.6575,6.230279],[-75.657484,6.230619],[-75.657606,6.23136],[-75.657957,6.231613],[-75.658101,6.231657],[-75.6584,6.231934],[-75.659277,6.232545],[-75.659468,6.232708],[-75.659616,6.232903],[-75.659676,6.233082],[-75.659703,6.233437],[-75.659789,6.233734],[-75.659811,6.234182],[-75.659711,6.234642],[-75.659746,6.234785],[-75.659933,6.235334],[-75.660145,6.23549],[-75.660354,6.235725],[-75.66038,6.235953],[-75.66051,6.236369],[-75.66055,6.236605],[-75.660728,6.237106],[-75.660706,6.237277],[-75.660567,6.237562],[-75.660291,6.237857],[-75.659754,6.238587],[-75.659261,6.239033],[-75.659186,6.239199],[-75.659177,6.23941],[-75.659226,6.239427],[-75.659409,6.239643],[-75.659899,6.239883],[-75.660116,6.240054],[-75.660398,6.240421],[-75.660485,6.2406],[-75.660663,6.240783],[-75.661145,6.241196],[-75.66174,6.241616],[-75.661992,6.241781],[-75.662354,6.241919],[-75.6635,6.242501],[-75.663987,6.242785],[-75.664785,6.243186],[-75.665034,6.243361],[-75.665103,6.24409],[-75.665015,6.244282],[-75.665089,6.244548],[-75.665116,6.244556],[-75.665057,6.244985],[-75.665001,6.245164],[-75.664826,6.245463],[-75.664667,6.245986],[-75.664627,6.246158],[-75.664635,6.246389],[-75.664787,6.24686],[-75.664918,6.247084],[-75.665089,6.248171],[-75.665384,6.249038],[-75.665516,6.249882],[-75.665588,6.250588],[-75.665532,6.250785],[-75.665363,6.250983],[-75.664783,6.251402],[-75.664573,6.251792],[-75.66454,6.252126],[-75.664687,6.252623],[-75.664858,6.252856],[-75.664913,6.252837],[-75.66514,6.253066],[-75.665486,6.253318],[-75.665993,6.25344],[-75.666161,6.25353],[-75.666295,6.253654],[-75.666475,6.253655],[-75.666535,6.253726],[-75.666655,6.253775],[-75.666761,6.253925],[-75.666803,6.254285],[-75.666899,6.254689],[-75.667099,6.255027],[-75.667301,6.255218],[-75.667409,6.2552],[-75.667491,6.255244],[-75.667628,6.255262],[-75.667945,6.255395],[-75.66817,6.255556],[-75.668424,6.255669],[-75.668492,6.255761],[-75.668664,6.255783],[-75.669231,6.255968],[-75.669393,6.25605],[-75.669536,6.2559],[-75.669522,6.255987],[-75.669623,6.256111],[-75.669682,6.256249],[-75.67001,6.257415],[-75.670039,6.257758],[-75.669959,6.258049],[-75.66993,6.258436],[-75.669959,6.258815],[-75.670032,6.258975],[-75.670113,6.25912],[-75.670294,6.259259],[-75.670804,6.259806],[-75.671115,6.260049],[-75.671327,6.260328],[-75.671514,6.260441],[-75.672074,6.260653],[-75.672445,6.260858],[-75.672489,6.260923],[-75.672639,6.261467],[-75.673097,6.261771],[-75.673252,6.261963],[-75.673332,6.262761],[-75.673307,6.263441],[-75.673252,6.263729],[-75.673328,6.263833],[-75.673651,6.264036],[-75.674144,6.264522],[-75.67422,6.264609],[-75.674275,6.264798],[-75.674716,6.265393],[-75.674778,6.26573],[-75.674747,6.265957],[-75.67478,6.266448],[-75.674695,6.266985],[-75.674742,6.267176],[-75.674809,6.267329],[-75.675034,6.267626],[-75.675106,6.26785],[-75.67546,6.268185],[-75.675699,6.268272],[-75.6759,6.268391],[-75.676057,6.26875],[-75.676048,6.269242],[-75.676115,6.269405],[-75.676521,6.26974],[-75.676918,6.269898],[-75.677473,6.270003],[-75.67775,6.270204],[-75.678142,6.270629],[-75.678262,6.270835],[-75.678377,6.271131],[-75.678645,6.271566],[-75.679008,6.271915],[-75.679218,6.272064],[-75.679419,6.272159],[-75.67962,6.272365],[-75.679916,6.272795],[-75.680184,6.273456],[-75.680228,6.2736],[-75.680228,6.273896],[-75.680352,6.274408],[-75.680539,6.274781],[-75.680562,6.274977],[-75.680878,6.275738],[-75.681079,6.276106],[-75.681448,6.27646],[-75.68195,6.277336],[-75.682452,6.277895],[-75.682791,6.278411],[-75.682901,6.278665],[-75.683193,6.278904],[-75.683356,6.27909],[-75.68347,6.279679],[-75.683647,6.279878],[-75.684185,6.279557],[-75.6842,6.279389],[-75.685852,6.279515],[-75.685859,6.279965],[-75.686556,6.279434],[-75.686659,6.279576],[-75.686758,6.279432],[-75.686809,6.279125],[-75.687117,6.278997],[-75.687299,6.278998],[-75.687491,6.279084],[-75.68763,6.279029],[-75.687856,6.278352],[-75.688118,6.277976],[-75.688586,6.277433],[-75.688749,6.277123],[-75.688772,6.27701],[-75.688842,6.27697],[-75.688821,6.276933],[-75.688735,6.276965],[-75.688608,6.276884],[-75.688265,6.276956],[-75.688268,6.27691],[-75.688529,6.27661],[-75.688907,6.276538],[-75.689096,6.276298],[-75.689211,6.276266],[-75.689471,6.276309],[-75.689559,6.276183],[-75.689613,6.275948],[-75.689671,6.275872],[-75.689725,6.275886],[-75.689807,6.275981],[-75.68985,6.276291],[-75.689897,6.276343],[-75.690036,6.27625],[-75.690067,6.275942],[-75.690137,6.275799],[-75.690299,6.2758],[-75.690363,6.275859],[-75.690417,6.276061],[-75.690483,6.276092],[-75.690899,6.275947],[-75.691281,6.275921],[-75.691454,6.27581],[-75.691833,6.275706],[-75.692386,6.275295],[-75.692519,6.275145],[-75.693068,6.274945],[-75.693434,6.274895],[-75.693651,6.274812],[-75.69445,6.274312],[-75.694766,6.274295],[-75.694966,6.274328],[-75.695081,6.274458],[-75.695146,6.274853],[-75.695219,6.274887],[-75.695401,6.274839],[-75.695506,6.27473],[-75.695738,6.274291],[-75.695724,6.274121],[-75.6958,6.273818],[-75.696063,6.273601],[-75.696355,6.273281],[-75.696617,6.272845],[-75.696668,6.272457],[-75.696616,6.272149],[-75.696642,6.271888],[-75.696742,6.271732],[-75.696909,6.271607],[-75.697135,6.271188],[-75.697144,6.27105],[-75.697637,6.271354],[-75.697763,6.271588],[-75.697784,6.271993],[-75.697829,6.272055],[-75.697931,6.272013],[-75.69796,6.271828],[-75.698124,6.271467],[-75.698126,6.271331],[-75.698088,6.271206],[-75.698098,6.270938],[-75.698138,6.270764],[-75.698293,6.270444],[-75.698303,6.270031],[-75.698336,6.269892],[-75.698279,6.269593],[-75.698228,6.269529],[-75.697987,6.26938],[-75.69794,6.269287],[-75.697948,6.269226],[-75.698,6.26918],[-75.698146,6.269154],[-75.698723,6.269263],[-75.698854,6.269238],[-75.698893,6.269129],[-75.698875,6.269028],[-75.698531,6.268645],[-75.698486,6.268487],[-75.698545,6.268426],[-75.699106,6.268455],[-75.699234,6.268507],[-75.699363,6.268632],[-75.699432,6.268637],[-75.699467,6.2686],[-75.699481,6.26841],[-75.699447,6.268224],[-75.699247,6.267622],[-75.699278,6.267311],[-75.69923,6.267261],[-75.699171,6.267094],[-75.698941,6.266083],[-75.699246,6.265993],[-75.699411,6.265878],[-75.699554,6.265741],[-75.699906,6.265167],[-75.699963,6.264937],[-75.699977,6.264536],[-75.699962,6.264356],[-75.69984,6.263904],[-75.700206,6.263926],[-75.700443,6.263517],[-75.700507,6.263444],[-75.700543,6.26348],[-75.700663,6.263959],[-75.700797,6.26504],[-75.700831,6.265152],[-75.700981,6.265217],[-75.701132,6.265188],[-75.701239,6.265087],[-75.701304,6.2646],[-75.701411,6.264313],[-75.702042,6.264241],[-75.702494,6.264112],[-75.703247,6.264105],[-75.703419,6.26409],[-75.703541,6.264025],[-75.703792,6.263781],[-75.703971,6.263687],[-75.704416,6.263135],[-75.704208,6.262891],[-75.704064,6.262547],[-75.704028,6.262382],[-75.704035,6.26229],[-75.704164,6.262295],[-75.704328,6.262159],[-75.704359,6.262062],[-75.704288,6.261568],[-75.704395,6.261341],[-75.704499,6.261296],[-75.704457,6.261213],[-75.704132,6.261297],[-75.704096,6.261477],[-75.704143,6.261868],[-75.704096,6.261987],[-75.704046,6.262018],[-75.703763,6.262048],[-75.703458,6.262183],[-75.70336,6.262012],[-75.70315,6.261865],[-75.702767,6.261856],[-75.702642,6.261957],[-75.702284,6.261939],[-75.702107,6.261749],[-75.701481,6.261277],[-75.701474,6.260991],[-75.701558,6.26049],[-75.701527,6.260018],[-75.701501,6.259939],[-75.701302,6.259765],[-75.701187,6.259318],[-75.701186,6.259112],[-75.701024,6.258702],[-75.700848,6.258582],[-75.700701,6.258405],[-75.700347,6.258164],[-75.700188,6.25797],[-75.699957,6.257503],[-75.699857,6.257368],[-75.699514,6.257371],[-75.699144,6.257199],[-75.698894,6.257122],[-75.698712,6.257008],[-75.698599,6.257112],[-75.698488,6.257416],[-75.698562,6.257609],[-75.698538,6.257681],[-75.698397,6.257814],[-75.698325,6.257796],[-75.698099,6.25727],[-75.697921,6.257007],[-75.697945,6.256858],[-75.697905,6.256584],[-75.697918,6.256251],[-75.697881,6.256136],[-75.697681,6.256005],[-75.697451,6.255588],[-75.697376,6.255506],[-75.697202,6.255475],[-75.696927,6.255579],[-75.696758,6.255533],[-75.696674,6.255424],[-75.696566,6.255026],[-75.696489,6.254925],[-75.696252,6.254729],[-75.696114,6.254545],[-75.695525,6.254164],[-75.695392,6.254176],[-75.695275,6.254296],[-75.695245,6.254444],[-75.695274,6.254779],[-75.69526,6.255088],[-75.6952,6.25538],[-75.695082,6.255629],[-75.694913,6.255807],[-75.69487,6.256066],[-75.694713,6.256275],[-75.694611,6.256327],[-75.694213,6.256352],[-75.694049,6.256438],[-75.69398,6.256581],[-75.693911,6.25722],[-75.693722,6.2574],[-75.693671,6.257196],[-75.69368,6.25713],[-75.693754,6.257044],[-75.69372,6.25684],[-75.693521,6.256536],[-75.693605,6.25643],[-75.693646,6.256204],[-75.693623,6.255911],[-75.693655,6.255823],[-75.693723,6.255763],[-75.694222,6.25566],[-75.694284,6.255568],[-75.694349,6.25535],[-75.694205,6.25493],[-75.694083,6.254735],[-75.693945,6.254394],[-75.693942,6.254255],[-75.694042,6.253996],[-75.694047,6.253858],[-75.693848,6.253523],[-75.693821,6.253388],[-75.693761,6.253319],[-75.693257,6.253169],[-75.693051,6.252871],[-75.692826,6.252832],[-75.692687,6.252753],[-75.692666,6.252664],[-75.692725,6.252538],[-75.692924,6.252284],[-75.693005,6.252118],[-75.69292,6.251663],[-75.692805,6.251401],[-75.692588,6.251235],[-75.692362,6.250887],[-75.691986,6.250624],[-75.691981,6.250514],[-75.692145,6.250324],[-75.692127,6.250236],[-75.691654,6.249948],[-75.691476,6.249801],[-75.691343,6.249622],[-75.691119,6.249573],[-75.690875,6.249638],[-75.690829,6.249561],[-75.690826,6.249372],[-75.69076,6.2491],[-75.690709,6.249026],[-75.690435,6.248829],[-75.690096,6.248714],[-75.689905,6.248578],[-75.689695,6.248505],[-75.689319,6.24849],[-75.689143,6.248452],[-75.688984,6.248367],[-75.688767,6.24818],[-75.688708,6.248056],[-75.688714,6.247779],[-75.688753,6.247672],[-75.689024,6.247354],[-75.68903,6.247173],[-75.688782,6.246966],[-75.688544,6.246823],[-75.688251,6.2465],[-75.688231,6.246323],[-75.688407,6.246],[-75.688369,6.245897],[-75.688287,6.245852],[-75.688152,6.245845],[-75.687891,6.245937],[-75.687752,6.245947],[-75.687608,6.245831],[-75.687579,6.245742],[-75.687592,6.24556],[-75.687779,6.245296],[-75.687808,6.245115],[-75.687746,6.245056],[-75.687377,6.245072],[-75.687283,6.24501],[-75.687242,6.244753],[-75.687319,6.244487],[-75.68725,6.244229],[-75.687135,6.24405],[-75.687037,6.24395],[-75.686971,6.243931],[-75.686843,6.243967],[-75.686692,6.244072],[-75.686623,6.24408],[-75.686557,6.244013],[-75.686481,6.243659],[-75.686036,6.242998],[-75.685419,6.241591],[-75.685214,6.241063],[-75.685141,6.240697],[-75.685071,6.240522],[-75.68486,6.240063],[-75.68469,6.239845],[-75.68469,6.239777],[-75.684791,6.239658],[-75.684772,6.239568],[-75.68451,6.239311],[-75.684368,6.238969],[-75.684298,6.238884],[-75.684397,6.238628],[-75.684337,6.238583],[-75.6841,6.238576],[-75.684041,6.238531],[-75.684063,6.238435],[-75.684182,6.23839],[-75.684323,6.238464],[-75.684354,6.238284],[-75.684234,6.238195],[-75.684081,6.238144],[-75.683652,6.238349],[-75.683437,6.238368],[-75.683374,6.238275],[-75.683197,6.238312],[-75.682804,6.238086],[-75.682391,6.237507],[-75.682324,6.237502],[-75.682205,6.237573],[-75.681792,6.237713],[-75.681701,6.237658],[-75.681622,6.237492],[-75.681563,6.236995],[-75.681378,6.236916],[-75.681357,6.236852],[-75.681385,6.236717],[-75.681358,6.23656],[-75.681392,6.236425],[-75.681378,6.23629],[-75.681307,6.236167],[-75.68111,6.236121],[-75.680839,6.235949],[-75.680639,6.235514],[-75.6806,6.2351],[-75.680535,6.234926],[-75.680433,6.234769],[-75.68044,6.23468],[-75.680507,6.234589],[-75.68095,6.234417],[-75.681009,6.234334],[-75.681009,6.234247],[-75.680903,6.233978],[-75.680644,6.233655],[-75.680516,6.233335],[-75.680513,6.233131],[-75.680622,6.23272],[-75.680586,6.232609],[-75.680001,6.232498],[-75.679889,6.232388],[-75.679891,6.23223],[-75.679987,6.231948],[-75.679995,6.231532],[-75.679872,6.231284],[-75.67974,6.231114],[-75.679699,6.230702],[-75.679608,6.230491],[-75.679516,6.230432],[-75.67929,6.230416],[-75.67905,6.230138],[-75.678926,6.23008],[-75.678655,6.230039],[-75.678538,6.22993],[-75.678502,6.229845],[-75.678492,6.229708],[-75.678554,6.229467],[-75.678712,6.229134],[-75.678803,6.22903],[-75.679123,6.228809],[-75.679137,6.228677],[-75.679011,6.228432],[-75.678687,6.228145],[-75.67866,6.227916],[-75.678687,6.227619],[-75.678671,6.227576],[-75.678474,6.227429],[-75.678434,6.227323],[-75.678438,6.227092],[-75.678589,6.226835],[-75.678599,6.226745],[-75.678508,6.226644],[-75.67826,6.226593],[-75.678147,6.226517],[-75.677933,6.226064],[-75.677788,6.225927],[-75.677732,6.225666],[-75.677746,6.225554],[-75.677795,6.225507],[-75.677953,6.225511],[-75.678031,6.225557],[-75.678211,6.225763],[-75.67836,6.22582],[-75.678431,6.225738],[-75.678417,6.225486],[-75.678483,6.225368],[-75.678474,6.225254],[-75.678203,6.224944],[-75.6781,6.224895],[-75.677601,6.224811],[-75.677386,6.224727],[-75.677267,6.224646],[-75.67722,6.22449],[-75.677281,6.224082],[-75.677339,6.223951],[-75.677654,6.223808],[-75.677977,6.223586],[-75.67817,6.223266],[-75.678755,6.222631],[-75.678844,6.222423],[-75.678853,6.222181],[-75.67897,6.221816],[-75.679039,6.221796],[-75.6791,6.221834],[-75.679231,6.222195],[-75.679315,6.222304],[-75.679371,6.222336],[-75.679565,6.222295],[-75.680226,6.221204],[-75.680253,6.221132],[-75.680213,6.220993],[-75.680164,6.220928],[-75.680094,6.220917],[-75.680023,6.220951],[-75.679917,6.221069],[-75.679807,6.22108],[-75.679617,6.220799],[-75.679552,6.220512],[-75.679487,6.220478],[-75.679337,6.220496],[-75.679145,6.220619],[-75.679084,6.220579],[-75.679069,6.220253],[-75.678986,6.220134],[-75.678627,6.220024],[-75.678327,6.219982],[-75.678334,6.219899],[-75.678498,6.219847],[-75.678617,6.219765],[-75.67865,6.219635],[-75.678079,6.218294],[-75.67795,6.2179],[-75.677717,6.217702],[-75.677303,6.217473],[-75.677256,6.217421],[-75.676713,6.217218],[-75.676595,6.217124],[-75.676485,6.216911],[-75.676391,6.216813],[-75.676261,6.216826],[-75.676125,6.216902],[-75.675972,6.216913],[-75.675865,6.216821],[-75.675533,6.216282],[-75.67546,6.216275],[-75.675316,6.216347],[-75.675115,6.216296],[-75.675057,6.216092],[-75.675072,6.216025],[-75.675193,6.215917],[-75.675213,6.215837],[-75.675205,6.21568],[-75.675144,6.215522],[-75.674916,6.21515],[-75.674804,6.215061],[-75.674454,6.215096],[-75.674253,6.215161],[-75.67421,6.2151],[-75.674146,6.214821],[-75.674168,6.214579],[-75.674121,6.214338],[-75.674065,6.214295],[-75.673891,6.214309],[-75.673919,6.21447],[-75.673872,6.214579],[-75.673722,6.21472],[-75.673529,6.214809],[-75.673485,6.21487],[-75.673467,6.214966],[-75.673541,6.215147],[-75.67354,6.215287],[-75.673509,6.215429],[-75.673411,6.215604],[-75.673146,6.215823],[-75.672972,6.215863],[-75.672835,6.215856],[-75.672779,6.215836],[-75.672694,6.215735],[-75.672669,6.215581],[-75.672623,6.215516],[-75.672421,6.215366],[-75.672313,6.21487],[-75.67226,6.214802],[-75.672157,6.214751],[-75.671836,6.214681],[-75.671601,6.214521],[-75.670753,6.213811],[-75.670287,6.213347],[-75.670255,6.213224],[-75.670471,6.213138],[-75.670051,6.212917],[-75.669836,6.212853],[-75.669743,6.212881],[-75.669477,6.213071],[-75.668951,6.213485],[-75.668829,6.213617],[-75.668786,6.213632],[-75.668438,6.213473],[-75.668301,6.213449],[-75.668194,6.213473],[-75.667936,6.21362],[-75.667903,6.213667],[-75.668076,6.214127],[-75.668794,6.215346],[-75.668515,6.215882],[-75.668406,6.215931],[-75.668327,6.215887],[-75.668314,6.215696],[-75.668204,6.215434],[-75.668159,6.215398],[-75.667962,6.215381],[-75.667655,6.215526],[-75.667241,6.215571],[-75.667053,6.215944],[-75.666959,6.216056],[-75.666876,6.216072],[-75.666746,6.216014],[-75.666518,6.215834],[-75.666265,6.215581],[-75.666084,6.215468],[-75.665882,6.215266],[-75.665752,6.215264],[-75.665703,6.215295],[-75.665667,6.215349],[-75.665617,6.215687],[-75.665494,6.216009],[-75.665523,6.216358],[-75.665548,6.21642],[-75.665669,6.216503],[-75.665698,6.216573],[-75.665716,6.21672],[-75.665684,6.216866],[-75.665383,6.217192],[-75.665279,6.217259],[-75.665207,6.21726],[-75.665138,6.217205],[-75.66504,6.217204],[-75.664624,6.217208],[-75.664356,6.217251],[-75.664313,6.217445],[-75.664212,6.217655],[-75.663865,6.218042],[-75.663751,6.218386],[-75.663478,6.219009],[-75.663128,6.218998],[-75.662735,6.219031],[-75.662494,6.218959],[-75.662465,6.219096],[-75.66242,6.219148],[-75.661782,6.21955],[-75.661661,6.219658],[-75.661609,6.21989],[-75.661542,6.220025],[-75.661189,6.22029],[-75.661085,6.220418],[-75.661022,6.220626],[-75.660937,6.220743],[-75.660678,6.220989],[-75.660532,6.221479],[-75.660245,6.22149],[-75.660098,6.221561],[-75.659979,6.221568],[-75.659814,6.22171],[-75.659285,6.221893],[-75.659284,6.22222],[-75.659184,6.222411],[-75.659253,6.222736],[-75.659249,6.222901],[-75.659135,6.223122],[-75.659043,6.22322]]],[[[-75.659043,6.22322],[-75.659042,6.22322],[-75.659042,6.22322],[-75.659043,6.22322]]]]},"properties":{"CODIGO":"8007","COMUNA":"80","BARRIO":"07","NOMBRE_BARRIO":"El Astillero","SECTOR":8,"INDICADOR_UR":"R","NOMBRE_COMUNA":"SAN ANTONIO DE PRADO","MUNICIPIO":"001"}},{"type":"Feature","id":38,"geometry":{"type":"Polygon","coordinates":[[[-75.670405,6.194634],[-75.670841,6.194666],[-75.671206,6.194499],[-75.671379,6.194476],[-75.671578,6.194511],[-75.671839,6.194608],[-75.671893,6.194583],[-75.672202,6.194082],[-75.672293,6.19356],[-75.672431,6.193279],[-75.672361,6.193109],[-75.672338,6.192879],[-75.67259,6.192798],[-75.673772,6.192775],[-75.673871,6.192679],[-75.673973,6.192382],[-75.674056,6.192264],[-75.674394,6.192036],[-75.674763,6.1917],[-75.674922,6.191656],[-75.67512,6.191767],[-75.675273,6.191798],[-75.675386,6.19176],[-75.675508,6.191661],[-75.675561,6.191565],[-75.67557,6.191451],[-75.675519,6.191206],[-75.675514,6.190986],[-75.67561,6.190833],[-75.675679,6.190787],[-75.675757,6.190378],[-75.675829,6.190268],[-75.675813,6.19015],[-75.675872,6.190032],[-75.675888,6.189726],[-75.675982,6.189555],[-75.675929,6.189299],[-75.675825,6.189166],[-75.675841,6.188971],[-75.676051,6.188779],[-75.675959,6.188576],[-75.675955,6.188367],[-75.676053,6.188241],[-75.676268,6.188118],[-75.676354,6.188012],[-75.676455,6.187753],[-75.676518,6.187734],[-75.676718,6.187544],[-75.676857,6.187526],[-75.677046,6.187449],[-75.677237,6.18744],[-75.677629,6.187351],[-75.677809,6.187274],[-75.6779,6.187194],[-75.678508,6.187124],[-75.678596,6.187129],[-75.678812,6.187261],[-75.679029,6.187342],[-75.67921,6.187312],[-75.67949,6.187381],[-75.679963,6.187442],[-75.680311,6.187549],[-75.680675,6.187764],[-75.681281,6.187827],[-75.681423,6.18793],[-75.68171,6.188296],[-75.681811,6.188367],[-75.682951,6.188984],[-75.683543,6.189174],[-75.683908,6.189352],[-75.684108,6.189193],[-75.684341,6.188874],[-75.684366,6.188767],[-75.684472,6.188631],[-75.684679,6.188509],[-75.685099,6.188393],[-75.685256,6.188312],[-75.68561,6.188013],[-75.685678,6.187777],[-75.685672,6.187645],[-75.685488,6.187351],[-75.685249,6.187112],[-75.685065,6.186726],[-75.684984,6.186386],[-75.685047,6.186024],[-75.685068,6.185599],[-75.684769,6.184234],[-75.684474,6.183628],[-75.684267,6.182927],[-75.684288,6.182538],[-75.684256,6.182436],[-75.683727,6.181279],[-75.683644,6.181029],[-75.683389,6.180588],[-75.683217,6.180207],[-75.683131,6.179837],[-75.683003,6.179661],[-75.682926,6.179418],[-75.682665,6.179547],[-75.682799,6.179753],[-75.680765,6.180814],[-75.680134,6.181084],[-75.679729,6.181149],[-75.67951,6.181217],[-75.679224,6.181332],[-75.678618,6.181695],[-75.677772,6.181982],[-75.677463,6.182491],[-75.677349,6.182951],[-75.677234,6.183086],[-75.677177,6.183091],[-75.677145,6.183058],[-75.677137,6.182918],[-75.677105,6.182904],[-75.676872,6.18294],[-75.676771,6.1829],[-75.676667,6.18266],[-75.676517,6.18257],[-75.676391,6.182588],[-75.676324,6.182542],[-75.675735,6.182844],[-75.675646,6.182836],[-75.675591,6.182804],[-75.67557,6.18274],[-75.676313,6.181917],[-75.676302,6.181559],[-75.676355,6.181369],[-75.676345,6.180973],[-75.676284,6.180694],[-75.676151,6.180478],[-75.676004,6.180134],[-75.676015,6.179961],[-75.675771,6.179889],[-75.675631,6.179804],[-75.675183,6.179776],[-75.675051,6.179733],[-75.674842,6.179809],[-75.674753,6.1798],[-75.67463,6.179725],[-75.673866,6.179738],[-75.673691,6.179802],[-75.673046,6.17983],[-75.672892,6.179915],[-75.672644,6.179871],[-75.672255,6.18007],[-75.672114,6.180191],[-75.671961,6.180245],[-75.671839,6.180205],[-75.671614,6.180219],[-75.6713,6.180099],[-75.671195,6.179682],[-75.671176,6.179344],[-75.671447,6.179224],[-75.67244,6.178902],[-75.672512,6.178905],[-75.672683,6.179019],[-75.672854,6.17892],[-75.672964,6.178903],[-75.672898,6.178644],[-75.672992,6.178476],[-75.673226,6.178294],[-75.673596,6.178202],[-75.673831,6.177991],[-75.673967,6.177934],[-75.674052,6.177788],[-75.673842,6.177696],[-75.673524,6.177408],[-75.67325,6.177417],[-75.67288,6.177184],[-75.672759,6.177074],[-75.672543,6.176964],[-75.672268,6.176739],[-75.671837,6.17628],[-75.671652,6.176441],[-75.671193,6.176697],[-75.670975,6.176782],[-75.670794,6.177055],[-75.67052,6.177181],[-75.670436,6.177261],[-75.670332,6.177214],[-75.670254,6.177156],[-75.670204,6.177049],[-75.669917,6.17566],[-75.669749,6.175676],[-75.669451,6.175762],[-75.668777,6.175998],[-75.668846,6.176472],[-75.668814,6.176587],[-75.668706,6.176767],[-75.668663,6.17695],[-75.668315,6.177308],[-75.668318,6.177527],[-75.668426,6.177815],[-75.668432,6.178003],[-75.66819,6.178186],[-75.667859,6.178293],[-75.667329,6.178323],[-75.666768,6.178283],[-75.666488,6.178364],[-75.666223,6.178371],[-75.666105,6.17829],[-75.66591,6.178541],[-75.665983,6.178676],[-75.665986,6.178806],[-75.66571,6.178981],[-75.665524,6.179169],[-75.665441,6.179122],[-75.665294,6.179109],[-75.665025,6.179021],[-75.66463,6.17896],[-75.664383,6.17901],[-75.664285,6.178971],[-75.664269,6.178896],[-75.664136,6.178742],[-75.663774,6.178737],[-75.663721,6.178692],[-75.663697,6.178522],[-75.663624,6.178388],[-75.663586,6.178364],[-75.663486,6.178385],[-75.663359,6.17858],[-75.663302,6.178591],[-75.66318,6.178523],[-75.663121,6.178558],[-75.663074,6.178651],[-75.663089,6.17903],[-75.663026,6.179114],[-75.662819,6.179226],[-75.662565,6.179461],[-75.662455,6.179491],[-75.662091,6.17943],[-75.661933,6.179597],[-75.661724,6.17966],[-75.661586,6.179642],[-75.661406,6.17968],[-75.661364,6.179718],[-75.661378,6.179939],[-75.661315,6.180085],[-75.661095,6.180169],[-75.660912,6.180197],[-75.660894,6.180233],[-75.660981,6.180244],[-75.661169,6.180338],[-75.661215,6.180411],[-75.661138,6.180809],[-75.661364,6.18078],[-75.661366,6.180655],[-75.6614,6.18061],[-75.66166,6.180396],[-75.661845,6.180177],[-75.661953,6.180193],[-75.662368,6.18042],[-75.662493,6.180407],[-75.662504,6.180696],[-75.662622,6.180676],[-75.662839,6.180533],[-75.662911,6.180638],[-75.662764,6.180833],[-75.662809,6.181002],[-75.662693,6.181048],[-75.662842,6.181447],[-75.662875,6.181704],[-75.663095,6.18164],[-75.663162,6.181527],[-75.663197,6.181845],[-75.662923,6.182006],[-75.663028,6.182193],[-75.662858,6.182226],[-75.662714,6.182184],[-75.662574,6.182082],[-75.662328,6.18198],[-75.662042,6.181924],[-75.661976,6.182095],[-75.661828,6.182255],[-75.661789,6.182209],[-75.661746,6.182425],[-75.661599,6.182406],[-75.661568,6.182638],[-75.661225,6.182784],[-75.661264,6.182936],[-75.6612,6.183115],[-75.661127,6.183201],[-75.660965,6.183304],[-75.660923,6.183482],[-75.660871,6.183477],[-75.660886,6.183924],[-75.660791,6.184236],[-75.660789,6.184422],[-75.660577,6.184612],[-75.660507,6.184639],[-75.660465,6.184749],[-75.660481,6.184893],[-75.660673,6.185085],[-75.661143,6.185391],[-75.661322,6.18536],[-75.66117,6.185571],[-75.661055,6.185568],[-75.660937,6.185894],[-75.661082,6.185773],[-75.661147,6.185842],[-75.661248,6.185777],[-75.661395,6.185955],[-75.661593,6.18587],[-75.66165,6.185968],[-75.661534,6.186019],[-75.661569,6.186061],[-75.661468,6.18615],[-75.661615,6.186293],[-75.661488,6.186394],[-75.66156,6.18635],[-75.66158,6.186381],[-75.661649,6.186369],[-75.66167,6.186406],[-75.661761,6.186277],[-75.661927,6.18642],[-75.66186,6.186659],[-75.662314,6.187143],[-75.662348,6.187301],[-75.662901,6.187578],[-75.662803,6.187763],[-75.66267,6.187804],[-75.662358,6.188132],[-75.662345,6.188227],[-75.662443,6.188261],[-75.662498,6.188319],[-75.662647,6.188515],[-75.662683,6.188615],[-75.662667,6.188778],[-75.662524,6.189032],[-75.662552,6.189115],[-75.662676,6.189193],[-75.663459,6.189272],[-75.66358,6.189328],[-75.663679,6.189383],[-75.663834,6.189804],[-75.66391,6.189876],[-75.663993,6.189899],[-75.664201,6.18989],[-75.664415,6.189836],[-75.664434,6.189792],[-75.664971,6.189407],[-75.66517,6.189345],[-75.665313,6.18946],[-75.665403,6.189789],[-75.665523,6.189848],[-75.665948,6.189925],[-75.66603,6.190002],[-75.666159,6.190258],[-75.666243,6.190322],[-75.66682,6.190339],[-75.666925,6.19035],[-75.667004,6.190397],[-75.66705,6.190475],[-75.667033,6.19061],[-75.666817,6.190923],[-75.666832,6.191063],[-75.666917,6.191139],[-75.666947,6.191212],[-75.666932,6.191413],[-75.666772,6.19174],[-75.666432,6.192053],[-75.666405,6.192195],[-75.666469,6.192329],[-75.666586,6.192386],[-75.666722,6.192401],[-75.666852,6.192717],[-75.667009,6.192739],[-75.667262,6.193005],[-75.667457,6.192979],[-75.667813,6.192703],[-75.6679,6.192719],[-75.668049,6.193004],[-75.668331,6.193287],[-75.668463,6.193636],[-75.668757,6.193884],[-75.668934,6.194214],[-75.669098,6.194357],[-75.669344,6.194439],[-75.669665,6.194324],[-75.669751,6.194329],[-75.669945,6.194447],[-75.670269,6.194553],[-75.670358,6.194632],[-75.670405,6.194634]],[[-75.667642,6.181805],[-75.667645,6.181736],[-75.667793,6.181872],[-75.668165,6.181899],[-75.668213,6.181936],[-75.668249,6.181811],[-75.668411,6.181629],[-75.66847,6.181411],[-75.668116,6.181432],[-75.667701,6.18127],[-75.66749,6.180929],[-75.667149,6.180785],[-75.667144,6.18067],[-75.667198,6.180541],[-75.667081,6.180397],[-75.667416,6.18044],[-75.667773,6.180603],[-75.668108,6.180827],[-75.668329,6.180855],[-75.668272,6.180693],[-75.668146,6.180612],[-75.668059,6.180454],[-75.668087,6.1802],[-75.668054,6.179942],[-75.66812,6.179702],[-75.668976,6.179951],[-75.670166,6.180125],[-75.67027,6.180082],[-75.670384,6.180168],[-75.670556,6.180133],[-75.670869,6.180389],[-75.670757,6.180693],[-75.670773,6.181037],[-75.671103,6.180987],[-75.671126,6.181082],[-75.671259,6.181279],[-75.671183,6.181306],[-75.67125,6.181478],[-75.671086,6.181676],[-75.671233,6.182019],[-75.671176,6.183014],[-75.670803,6.182997],[-75.670921,6.18361],[-75.670717,6.183708],[-75.670385,6.183753],[-75.670317,6.183805],[-75.670442,6.184483],[-75.670408,6.184582],[-75.670214,6.184608],[-75.669993,6.184524],[-75.669736,6.18453],[-75.669407,6.184466],[-75.669304,6.184491],[-75.669222,6.184618],[-75.668905,6.184613],[-75.668688,6.184808],[-75.668361,6.185003],[-75.668158,6.185178],[-75.668013,6.185215],[-75.667597,6.184621],[-75.667476,6.184984],[-75.666657,6.184639],[-75.666482,6.184559],[-75.666468,6.18452],[-75.666429,6.184558],[-75.665856,6.184172],[-75.665511,6.183839],[-75.665238,6.183901],[-75.665304,6.183532],[-75.665071,6.182864],[-75.665236,6.18274],[-75.66527,6.182665],[-75.665451,6.182472],[-75.665553,6.182552],[-75.66628,6.182555],[-75.66627,6.182382],[-75.666032,6.181676],[-75.665936,6.181285],[-75.66601,6.181194],[-75.666151,6.18112],[-75.66628,6.181127],[-75.66681,6.181677],[-75.667143,6.18187],[-75.667203,6.182062],[-75.667396,6.182293],[-75.667533,6.182311],[-75.667631,6.182087],[-75.667642,6.181805]]]},"properties":{"CODIGO":"8003","COMUNA":"80","BARRIO":"03","NOMBRE_BARRIO":"Potrerito","SECTOR":8,"INDICADOR_UR":"R","NOMBRE_COMUNA":"SAN ANTONIO DE PRADO","MUNICIPIO":"001"}},{"type":"Feature","id":39,"geometry":{"type":"Polygon","coordinates":[[[-75.680574,6.232867],[-75.680502,6.233198],[-75.680516,6.233335],[-75.680644,6.233655],[-75.680903,6.233978],[-75.681009,6.234247],[-75.681009,6.234334],[-75.68095,6.234417],[-75.680507,6.234589],[-75.68044,6.23468],[-75.680433,6.234769],[-75.680535,6.234926],[-75.6806,6.2351],[-75.680639,6.235514],[-75.680839,6.235949],[-75.68111,6.236121],[-75.681307,6.236167],[-75.681378,6.23629],[-75.681392,6.236425],[-75.681358,6.23656],[-75.681385,6.236717],[-75.681357,6.236852],[-75.681378,6.236916],[-75.681563,6.236995],[-75.681622,6.237492],[-75.681701,6.237658],[-75.681792,6.237713],[-75.682205,6.237573],[-75.682324,6.237502],[-75.682391,6.237507],[-75.682804,6.238086],[-75.683197,6.238312],[-75.683374,6.238275],[-75.683437,6.238368],[-75.683652,6.238349],[-75.684081,6.238144],[-75.684234,6.238195],[-75.684354,6.238284],[-75.684323,6.238464],[-75.684182,6.23839],[-75.684063,6.238435],[-75.684041,6.238531],[-75.6841,6.238576],[-75.684337,6.238583],[-75.684397,6.238628],[-75.684298,6.238884],[-75.684368,6.238969],[-75.68451,6.239311],[-75.684772,6.239568],[-75.684791,6.239658],[-75.68469,6.239777],[-75.68469,6.239845],[-75.68486,6.240063],[-75.685071,6.240522],[-75.685141,6.240697],[-75.685214,6.241063],[-75.685419,6.241591],[-75.686036,6.242998],[-75.686481,6.243659],[-75.686557,6.244013],[-75.686623,6.24408],[-75.686692,6.244072],[-75.686843,6.243967],[-75.686971,6.243931],[-75.687037,6.24395],[-75.687135,6.24405],[-75.68725,6.244229],[-75.687319,6.244487],[-75.687242,6.244753],[-75.687283,6.24501],[-75.687377,6.245072],[-75.687746,6.245056],[-75.687808,6.245115],[-75.687779,6.245296],[-75.687592,6.24556],[-75.687579,6.245742],[-75.687608,6.245831],[-75.687752,6.245947],[-75.687891,6.245937],[-75.688152,6.245845],[-75.688287,6.245852],[-75.688369,6.245897],[-75.688407,6.246],[-75.688231,6.246323],[-75.688251,6.2465],[-75.688544,6.246823],[-75.688782,6.246966],[-75.68903,6.247173],[-75.689024,6.247354],[-75.688753,6.247672],[-75.688714,6.247779],[-75.688708,6.248056],[-75.688767,6.24818],[-75.688984,6.248367],[-75.689143,6.248452],[-75.689319,6.24849],[-75.689657,6.248497],[-75.689868,6.248562],[-75.690096,6.248714],[-75.690408,6.248813],[-75.690709,6.249026],[-75.69078,6.249146],[-75.690829,6.249561],[-75.690875,6.249638],[-75.691074,6.249575],[-75.691281,6.249592],[-75.691343,6.249622],[-75.691476,6.249801],[-75.691654,6.249948],[-75.692093,6.250204],[-75.692145,6.250324],[-75.691981,6.250514],[-75.691986,6.250624],[-75.692331,6.250853],[-75.692588,6.251235],[-75.692805,6.251401],[-75.69292,6.251663],[-75.693005,6.252118],[-75.692924,6.252284],[-75.692748,6.252498],[-75.692666,6.252711],[-75.692783,6.252815],[-75.693051,6.252871],[-75.693257,6.253169],[-75.693719,6.2533],[-75.693797,6.253349],[-75.693848,6.253523],[-75.694047,6.253858],[-75.694042,6.253996],[-75.693942,6.254255],[-75.693956,6.254439],[-75.694083,6.254735],[-75.694205,6.25493],[-75.69434,6.255282],[-75.694349,6.25535],[-75.694258,6.255631],[-75.693723,6.255763],[-75.693655,6.255823],[-75.693623,6.255911],[-75.693646,6.256204],[-75.693605,6.25643],[-75.693521,6.256536],[-75.69372,6.25684],[-75.693754,6.257044],[-75.69368,6.25713],[-75.693671,6.257196],[-75.693722,6.2574],[-75.693911,6.25722],[-75.69398,6.256581],[-75.694049,6.256438],[-75.694213,6.256352],[-75.694611,6.256327],[-75.694713,6.256275],[-75.69487,6.256066],[-75.694913,6.255807],[-75.695082,6.255629],[-75.6952,6.25538],[-75.69526,6.255088],[-75.695274,6.254779],[-75.695245,6.254444],[-75.695275,6.254296],[-75.695392,6.254176],[-75.695515,6.254161],[-75.696114,6.254545],[-75.696252,6.254729],[-75.696489,6.254925],[-75.696566,6.255026],[-75.696674,6.255424],[-75.696758,6.255533],[-75.696927,6.255579],[-75.697202,6.255475],[-75.697376,6.255506],[-75.697451,6.255588],[-75.697681,6.256005],[-75.697881,6.256136],[-75.697918,6.256251],[-75.697905,6.256584],[-75.697945,6.256858],[-75.697921,6.257007],[-75.698099,6.25727],[-75.698325,6.257796],[-75.698397,6.257814],[-75.698538,6.257681],[-75.698562,6.257609],[-75.698488,6.257416],[-75.698599,6.257112],[-75.698712,6.257008],[-75.698894,6.257122],[-75.699144,6.257199],[-75.699514,6.257371],[-75.699857,6.257368],[-75.699957,6.257503],[-75.700188,6.25797],[-75.700347,6.258164],[-75.700701,6.258405],[-75.700848,6.258582],[-75.701024,6.258702],[-75.701186,6.259112],[-75.701187,6.259318],[-75.701302,6.259765],[-75.701501,6.259939],[-75.701527,6.260018],[-75.701558,6.26049],[-75.701474,6.260991],[-75.701481,6.261277],[-75.702107,6.261749],[-75.702284,6.261939],[-75.702642,6.261957],[-75.702767,6.261856],[-75.70315,6.261865],[-75.70336,6.262012],[-75.703458,6.262183],[-75.703763,6.262048],[-75.704046,6.262018],[-75.704096,6.261987],[-75.704132,6.261929],[-75.704147,6.261796],[-75.704096,6.261409],[-75.704164,6.261269],[-75.704457,6.261213],[-75.704499,6.261296],[-75.704679,6.261255],[-75.704877,6.261346],[-75.705179,6.261367],[-75.705524,6.261335],[-75.705619,6.261284],[-75.705803,6.261112],[-75.70585,6.261038],[-75.705848,6.260965],[-75.705785,6.260824],[-75.705513,6.260551],[-75.705513,6.260429],[-75.705813,6.260236],[-75.706294,6.259998],[-75.706351,6.259905],[-75.706509,6.259374],[-75.706896,6.258549],[-75.707154,6.258369],[-75.707266,6.258341],[-75.707584,6.258363],[-75.707797,6.258274],[-75.707919,6.258012],[-75.707942,6.257862],[-75.708255,6.257418],[-75.708265,6.257268],[-75.708326,6.257128],[-75.708683,6.256797],[-75.708598,6.256728],[-75.708464,6.256354],[-75.708278,6.256227],[-75.708193,6.256054],[-75.70829,6.255937],[-75.708331,6.255751],[-75.708438,6.255716],[-75.708502,6.255624],[-75.708587,6.255291],[-75.708678,6.255128],[-75.708831,6.255033],[-75.708846,6.254821],[-75.708941,6.254813],[-75.709027,6.254642],[-75.709255,6.254444],[-75.709265,6.254284],[-75.709308,6.254204],[-75.709543,6.254059],[-75.709696,6.253916],[-75.709875,6.253642],[-75.709897,6.253458],[-75.709856,6.253108],[-75.708981,6.251975],[-75.708931,6.251752],[-75.709124,6.251487],[-75.709583,6.251243],[-75.709677,6.251128],[-75.709712,6.250992],[-75.709683,6.250855],[-75.709224,6.250106],[-75.709229,6.249674],[-75.709269,6.249498],[-75.709375,6.249334],[-75.709482,6.248909],[-75.709605,6.247955],[-75.709694,6.247599],[-75.710152,6.246486],[-75.710307,6.246007],[-75.710586,6.245754],[-75.710693,6.24561],[-75.710751,6.245452],[-75.7107,6.245279],[-75.710548,6.245003],[-75.710508,6.244679],[-75.710381,6.244306],[-75.710456,6.244074],[-75.710442,6.243622],[-75.710096,6.24271],[-75.709857,6.242761],[-75.709507,6.242752],[-75.70939,6.24278],[-75.70925,6.242653],[-75.709077,6.242574],[-75.70895,6.242575],[-75.708842,6.242625],[-75.708448,6.242604],[-75.708018,6.242632],[-75.707717,6.242553],[-75.707487,6.242561],[-75.70743,6.242582],[-75.707339,6.242701],[-75.707207,6.242689],[-75.70659,6.242571],[-75.706249,6.242437],[-75.706076,6.242327],[-75.705998,6.242258],[-75.705938,6.242044],[-75.705734,6.241836],[-75.705456,6.241442],[-75.705414,6.241336],[-75.705442,6.241164],[-75.705386,6.241026],[-75.704362,6.239707],[-75.703866,6.239204],[-75.703468,6.238627],[-75.703026,6.238067],[-75.702957,6.237537],[-75.702707,6.237041],[-75.702524,6.23683],[-75.702484,6.236636],[-75.702473,6.236015],[-75.702364,6.235764],[-75.702387,6.235558],[-75.702369,6.234851],[-75.702261,6.234564],[-75.702081,6.23347],[-75.702152,6.232904],[-75.702207,6.232695],[-75.7022,6.232562],[-75.702033,6.232019],[-75.702045,6.231732],[-75.702194,6.230697],[-75.702265,6.230511],[-75.702606,6.230093],[-75.70294,6.229817],[-75.702995,6.229722],[-75.703006,6.229274],[-75.703115,6.228312],[-75.703273,6.227988],[-75.703304,6.22784],[-75.703299,6.227591],[-75.703247,6.227442],[-75.703067,6.227164],[-75.702873,6.226982],[-75.702403,6.226665],[-75.702286,6.226455],[-75.702222,6.226196],[-75.70222,6.226018],[-75.702436,6.22578],[-75.702511,6.225603],[-75.702439,6.224951],[-75.702288,6.224425],[-75.701831,6.224094],[-75.701478,6.223939],[-75.701362,6.223842],[-75.70129,6.223683],[-75.701023,6.223315],[-75.700988,6.223225],[-75.70075,6.222458],[-75.700573,6.222127],[-75.700577,6.221798],[-75.700209,6.221727],[-75.700011,6.221588],[-75.699979,6.221174],[-75.70005,6.220911],[-75.700508,6.220031],[-75.70098,6.219315],[-75.701038,6.219166],[-75.701057,6.218878],[-75.701166,6.218622],[-75.701418,6.218328],[-75.701491,6.218188],[-75.70117,6.217782],[-75.701011,6.217685],[-75.700627,6.217327],[-75.700401,6.216931],[-75.70029,6.216634],[-75.700275,6.216308],[-75.700195,6.216285],[-75.699831,6.21452],[-75.69968,6.213412],[-75.699654,6.212837],[-75.699706,6.212291],[-75.699677,6.212065],[-75.69937,6.211459],[-75.699175,6.211347],[-75.698936,6.211066],[-75.698608,6.210466],[-75.69857,6.210256],[-75.69861,6.210053],[-75.698691,6.209875],[-75.698654,6.209868],[-75.698782,6.209669],[-75.698978,6.209578],[-75.699145,6.209106],[-75.699425,6.208846],[-75.699592,6.208608],[-75.699703,6.208286],[-75.700371,6.207952],[-75.700519,6.207804],[-75.700923,6.207249],[-75.701287,6.206538],[-75.702009,6.205576],[-75.702249,6.205039],[-75.702286,6.204649],[-75.701934,6.203575],[-75.701711,6.203057],[-75.70149,6.202797],[-75.701193,6.202519],[-75.700196,6.201831],[-75.699866,6.201547],[-75.699213,6.201261],[-75.698935,6.201075],[-75.69875,6.200872],[-75.698361,6.200038],[-75.698176,6.199723],[-75.697861,6.199409],[-75.697398,6.198686],[-75.697268,6.19826],[-75.697287,6.197834],[-75.697194,6.197408],[-75.696972,6.197074],[-75.696768,6.196686],[-75.69662,6.196204],[-75.696601,6.195575],[-75.696673,6.194369],[-75.696046,6.194352],[-75.695675,6.19437],[-75.694952,6.194465],[-75.694575,6.194455],[-75.694198,6.19421],[-75.694029,6.194184],[-75.693632,6.19367],[-75.693478,6.193659],[-75.693256,6.193744],[-75.692991,6.193718],[-75.69271,6.193638],[-75.692165,6.193718],[-75.691752,6.193697],[-75.691641,6.193649],[-75.69154,6.193538],[-75.691238,6.193326],[-75.690439,6.193284],[-75.690185,6.193358],[-75.6901,6.193331],[-75.689883,6.193167],[-75.689718,6.193105],[-75.689777,6.19334],[-75.689651,6.193589],[-75.689625,6.193836],[-75.689443,6.193988],[-75.689317,6.194271],[-75.689312,6.194423],[-75.689372,6.1946],[-75.689373,6.194898],[-75.689302,6.195178],[-75.689257,6.196101],[-75.689345,6.196228],[-75.689525,6.196247],[-75.689769,6.196345],[-75.689969,6.19655],[-75.690339,6.197037],[-75.690495,6.197076],[-75.690578,6.19713],[-75.690957,6.197496],[-75.69116,6.197755],[-75.691335,6.198215],[-75.691443,6.19841],[-75.691472,6.198659],[-75.691545,6.198805],[-75.691662,6.199284],[-75.691726,6.199347],[-75.692184,6.200162],[-75.692236,6.200197],[-75.692556,6.201005],[-75.692725,6.201187],[-75.692486,6.201519],[-75.69245,6.201789],[-75.692483,6.201893],[-75.692476,6.202004],[-75.692269,6.201925],[-75.691855,6.201893],[-75.691431,6.201976],[-75.691224,6.201935],[-75.691017,6.201947],[-75.690953,6.201934],[-75.690803,6.201804],[-75.690728,6.201792],[-75.690491,6.201661],[-75.690351,6.201714],[-75.690267,6.201821],[-75.690204,6.201832],[-75.689936,6.201717],[-75.6898,6.201708],[-75.689461,6.201841],[-75.689363,6.201851],[-75.689162,6.201768],[-75.688951,6.201553],[-75.688472,6.201421],[-75.688389,6.201427],[-75.688264,6.201466],[-75.688025,6.201684],[-75.687933,6.201686],[-75.68779,6.201564],[-75.687728,6.20155],[-75.687656,6.20159],[-75.6875,6.201831],[-75.687445,6.201843],[-75.687275,6.201686],[-75.687117,6.201817],[-75.686634,6.20189],[-75.686586,6.202087],[-75.686522,6.202113],[-75.686077,6.202018],[-75.685877,6.202043],[-75.685603,6.20241],[-75.68539,6.202542],[-75.685321,6.202652],[-75.685381,6.203005],[-75.685595,6.203482],[-75.685425,6.203739],[-75.685409,6.203822],[-75.6856,6.204072],[-75.685588,6.204148],[-75.685404,6.204251],[-75.685382,6.204319],[-75.685678,6.204495],[-75.685721,6.204546],[-75.685719,6.204613],[-75.685591,6.204664],[-75.685558,6.204726],[-75.685528,6.204985],[-75.685403,6.205184],[-75.685186,6.205401],[-75.685161,6.205487],[-75.685159,6.206073],[-75.685271,6.206272],[-75.685321,6.206645],[-75.685206,6.206812],[-75.685197,6.206885],[-75.685267,6.207105],[-75.685268,6.207257],[-75.685233,6.207322],[-75.684964,6.207355],[-75.684881,6.207457],[-75.684848,6.20765],[-75.685007,6.207961],[-75.685004,6.208029],[-75.684922,6.208149],[-75.684957,6.208201],[-75.68509,6.208277],[-75.685125,6.208339],[-75.685112,6.208465],[-75.685177,6.208588],[-75.685168,6.208657],[-75.685011,6.208787],[-75.685302,6.208977],[-75.685307,6.209051],[-75.685264,6.20912],[-75.68511,6.209147],[-75.68483,6.209013],[-75.684765,6.209033],[-75.684679,6.209145],[-75.684509,6.209541],[-75.684512,6.209621],[-75.684592,6.20974],[-75.684592,6.20987],[-75.684469,6.209944],[-75.684412,6.210145],[-75.684423,6.210358],[-75.684466,6.210505],[-75.68444,6.210666],[-75.684369,6.210772],[-75.684241,6.210834],[-75.68408,6.210971],[-75.683794,6.211317],[-75.683672,6.21132],[-75.683525,6.211411],[-75.68341,6.211433],[-75.683027,6.211313],[-75.682967,6.211339],[-75.682934,6.211398],[-75.682875,6.211689],[-75.682788,6.211702],[-75.682544,6.211626],[-75.682452,6.211633],[-75.682432,6.211682],[-75.682367,6.211709],[-75.68221,6.211735],[-75.682036,6.211723],[-75.681921,6.21163],[-75.681773,6.211435],[-75.681711,6.21142],[-75.681493,6.211428],[-75.681294,6.211547],[-75.681037,6.211419],[-75.680625,6.211581],[-75.680494,6.211567],[-75.680219,6.211417],[-75.680051,6.211374],[-75.679859,6.211374],[-75.679639,6.211538],[-75.679567,6.211511],[-75.679422,6.211354],[-75.679346,6.21135],[-75.679281,6.211381],[-75.679236,6.211453],[-75.679198,6.211669],[-75.679108,6.211734],[-75.678956,6.211718],[-75.678925,6.211638],[-75.678851,6.211627],[-75.678788,6.211651],[-75.67875,6.211779],[-75.678718,6.211763],[-75.678661,6.211607],[-75.678548,6.211504],[-75.678474,6.211499],[-75.678336,6.211562],[-75.67811,6.211837],[-75.677982,6.211842],[-75.677699,6.211783],[-75.677231,6.211839],[-75.676837,6.211723],[-75.676725,6.211633],[-75.676399,6.211611],[-75.675977,6.211431],[-75.675747,6.211432],[-75.675623,6.211366],[-75.675285,6.211315],[-75.675146,6.211362],[-75.675079,6.211433],[-75.675046,6.211801],[-75.674986,6.211976],[-75.674884,6.211933],[-75.674782,6.211791],[-75.674654,6.211724],[-75.674291,6.211768],[-75.67396,6.212042],[-75.673713,6.212375],[-75.67365,6.212411],[-75.673512,6.212295],[-75.673518,6.212216],[-75.673285,6.212028],[-75.673102,6.211692],[-75.672891,6.211708],[-75.672665,6.211789],[-75.672331,6.212004],[-75.672181,6.212176],[-75.672029,6.212118],[-75.671941,6.212126],[-75.671747,6.21229],[-75.671391,6.212171],[-75.671245,6.212173],[-75.671108,6.212265],[-75.671016,6.212446],[-75.670913,6.212556],[-75.67071,6.212663],[-75.670701,6.213021],[-75.670577,6.213105],[-75.670255,6.213224],[-75.670287,6.213347],[-75.67054,6.213612],[-75.671601,6.214521],[-75.671836,6.214681],[-75.672157,6.214751],[-75.67226,6.214802],[-75.672313,6.21487],[-75.672421,6.215366],[-75.672623,6.215516],[-75.672669,6.215581],[-75.672694,6.215735],[-75.672779,6.215836],[-75.672835,6.215856],[-75.672972,6.215863],[-75.673146,6.215823],[-75.673411,6.215604],[-75.673509,6.215429],[-75.67354,6.215287],[-75.673541,6.215147],[-75.673467,6.214966],[-75.673485,6.21487],[-75.673529,6.214809],[-75.673722,6.21472],[-75.673872,6.214579],[-75.673919,6.21447],[-75.673891,6.214309],[-75.674065,6.214295],[-75.674121,6.214338],[-75.674168,6.214579],[-75.674146,6.214821],[-75.67421,6.2151],[-75.674253,6.215161],[-75.674454,6.215096],[-75.674804,6.215061],[-75.674916,6.21515],[-75.675144,6.215522],[-75.675205,6.21568],[-75.675213,6.215837],[-75.675193,6.215917],[-75.675072,6.216025],[-75.675057,6.216092],[-75.675115,6.216296],[-75.675316,6.216347],[-75.67546,6.216275],[-75.675533,6.216282],[-75.675865,6.216821],[-75.675972,6.216913],[-75.676125,6.216902],[-75.676261,6.216826],[-75.676391,6.216813],[-75.676485,6.216911],[-75.676595,6.217124],[-75.676713,6.217218],[-75.677256,6.217421],[-75.677303,6.217473],[-75.677717,6.217702],[-75.67795,6.2179],[-75.678079,6.218294],[-75.67865,6.219635],[-75.678617,6.219765],[-75.678498,6.219847],[-75.678334,6.219899],[-75.678327,6.219982],[-75.678627,6.220024],[-75.678986,6.220134],[-75.679069,6.220253],[-75.679084,6.220579],[-75.679145,6.220619],[-75.679337,6.220496],[-75.679487,6.220478],[-75.679552,6.220512],[-75.679617,6.220799],[-75.679807,6.22108],[-75.679917,6.221069],[-75.680023,6.220951],[-75.680094,6.220917],[-75.680164,6.220928],[-75.680213,6.220993],[-75.680253,6.221132],[-75.680226,6.221204],[-75.679565,6.222295],[-75.679371,6.222336],[-75.679315,6.222304],[-75.679231,6.222195],[-75.6791,6.221834],[-75.679039,6.221796],[-75.67897,6.221816],[-75.678853,6.222181],[-75.678844,6.222423],[-75.678755,6.222631],[-75.67817,6.223266],[-75.677977,6.223586],[-75.677654,6.223808],[-75.677339,6.223951],[-75.677296,6.224018],[-75.677216,6.224418],[-75.677267,6.224646],[-75.677386,6.224727],[-75.677601,6.224811],[-75.678144,6.224909],[-75.678242,6.224969],[-75.678474,6.225254],[-75.678483,6.225368],[-75.678417,6.225486],[-75.678431,6.225738],[-75.67836,6.22582],[-75.678211,6.225763],[-75.678031,6.225557],[-75.677953,6.225511],[-75.677795,6.225507],[-75.677746,6.225554],[-75.677732,6.225666],[-75.677788,6.225927],[-75.677933,6.226064],[-75.678147,6.226517],[-75.67826,6.226593],[-75.678508,6.226644],[-75.678599,6.226745],[-75.678589,6.226835],[-75.678438,6.227092],[-75.678434,6.227323],[-75.678474,6.227429],[-75.678671,6.227576],[-75.678687,6.227619],[-75.67866,6.227916],[-75.678687,6.228145],[-75.679011,6.228432],[-75.679137,6.228677],[-75.679123,6.228809],[-75.678803,6.22903],[-75.678712,6.229134],[-75.678554,6.229467],[-75.678492,6.229708],[-75.678502,6.229845],[-75.678538,6.22993],[-75.678655,6.230039],[-75.678926,6.23008],[-75.67905,6.230138],[-75.67929,6.230416],[-75.679516,6.230432],[-75.679608,6.230491],[-75.679699,6.230702],[-75.67974,6.231114],[-75.679872,6.231284],[-75.679995,6.231532],[-75.679987,6.231948],[-75.679891,6.23223],[-75.679889,6.232388],[-75.680001,6.232498],[-75.680586,6.232609],[-75.680622,6.23272],[-75.680574,6.232867]]]},"properties":{"CODIGO":"8008","COMUNA":"80","BARRIO":"08","NOMBRE_BARRIO":"Yarumalito","SECTOR":8,"INDICADOR_UR":"R","NOMBRE_COMUNA":"SAN ANTONIO DE PRADO","MUNICIPIO":"001"}},{"type":"Feature","id":40,"geometry":{"type":"Polygon","coordinates":[[[-75.514878,6.212582],[-75.515254,6.21286],[-75.515527,6.212997],[-75.515773,6.213189],[-75.515938,6.213274],[-75.516534,6.213463],[-75.516758,6.213597],[-75.516879,6.213402],[-75.517038,6.213072],[-75.51671,6.212845],[-75.516531,6.212657],[-75.51651,6.212598],[-75.516966,6.212157],[-75.516735,6.211806],[-75.517076,6.211635],[-75.517492,6.211601],[-75.517691,6.211499],[-75.517317,6.210782],[-75.517823,6.210535],[-75.517726,6.209956],[-75.517258,6.209995],[-75.517188,6.209777],[-75.517823,6.209187],[-75.517565,6.209043],[-75.517297,6.208596],[-75.517086,6.20848],[-75.517354,6.208242],[-75.51753,6.208273],[-75.517637,6.208166],[-75.517735,6.208448],[-75.517742,6.208565],[-75.518531,6.208381],[-75.518682,6.208516],[-75.518673,6.208395],[-75.52031,6.208565],[-75.520341,6.208602],[-75.520359,6.208845],[-75.520275,6.209173],[-75.521043,6.209406],[-75.521303,6.208847],[-75.521605,6.208342],[-75.521727,6.208202],[-75.5219,6.208094],[-75.522331,6.207916],[-75.522605,6.207934],[-75.523245,6.207859],[-75.523505,6.207792],[-75.523686,6.207801],[-75.524042,6.207892],[-75.524045,6.207974],[-75.5247,6.207956],[-75.524719,6.208067],[-75.526397,6.208041],[-75.526344,6.207583],[-75.526285,6.207422],[-75.526021,6.207095],[-75.525691,6.206003],[-75.525586,6.205518],[-75.526205,6.205536],[-75.527026,6.206003],[-75.527002,6.206295],[-75.527513,6.205991],[-75.527842,6.205913],[-75.527738,6.206019],[-75.527707,6.206108],[-75.527791,6.206697],[-75.528015,6.206666],[-75.528054,6.206702],[-75.528693,6.206256],[-75.527841,6.205599],[-75.528242,6.205548],[-75.5284,6.205492],[-75.528474,6.205422],[-75.528578,6.205178],[-75.52874,6.205079],[-75.528948,6.20501],[-75.529048,6.20489],[-75.529218,6.20477],[-75.529452,6.204525],[-75.529384,6.204512],[-75.529123,6.204313],[-75.529331,6.204023],[-75.529523,6.203666],[-75.52968,6.203747],[-75.529741,6.203836],[-75.530098,6.203551],[-75.53007,6.203473],[-75.529851,6.203279],[-75.529565,6.203156],[-75.529615,6.203126],[-75.529983,6.203292],[-75.530106,6.203279],[-75.530176,6.203214],[-75.530185,6.203082],[-75.530025,6.202914],[-75.529786,6.202806],[-75.529796,6.20249],[-75.530115,6.202105],[-75.530264,6.202317],[-75.530171,6.202759],[-75.530089,6.202873],[-75.530511,6.203089],[-75.530698,6.203454],[-75.531378,6.20288],[-75.531485,6.202767],[-75.531497,6.202622],[-75.531573,6.202608],[-75.531614,6.202541],[-75.531822,6.202513],[-75.531904,6.202387],[-75.532003,6.20247],[-75.532115,6.202393],[-75.532124,6.202264],[-75.532152,6.202248],[-75.532415,6.202269],[-75.532448,6.202215],[-75.532526,6.202207],[-75.532686,6.202269],[-75.532705,6.201862],[-75.532802,6.201454],[-75.532744,6.201315],[-75.532802,6.201212],[-75.532795,6.201088],[-75.53252,6.200332],[-75.532511,6.199893],[-75.532555,6.199365],[-75.532746,6.198882],[-75.53252,6.198754],[-75.532433,6.19864],[-75.532152,6.198493],[-75.531914,6.198289],[-75.531796,6.198222],[-75.531635,6.198189],[-75.531231,6.197765],[-75.531212,6.197598],[-75.531001,6.197501],[-75.53092,6.197425],[-75.530763,6.197384],[-75.530503,6.197369],[-75.530385,6.197248],[-75.530093,6.19709],[-75.529695,6.197137],[-75.529558,6.197098],[-75.529108,6.197089],[-75.529014,6.197051],[-75.528797,6.196832],[-75.528658,6.196798],[-75.52828,6.196817],[-75.527994,6.196569],[-75.527677,6.196475],[-75.527298,6.196272],[-75.526995,6.196214],[-75.527213,6.19682],[-75.527372,6.197441],[-75.52708,6.197656],[-75.527254,6.198196],[-75.527601,6.197898],[-75.527801,6.198454],[-75.527502,6.198694],[-75.527929,6.199128],[-75.527883,6.199442],[-75.527178,6.19972],[-75.526842,6.199636],[-75.52678,6.199584],[-75.526682,6.199229],[-75.526323,6.198718],[-75.526154,6.198306],[-75.525977,6.197739],[-75.525879,6.197613],[-75.525589,6.197451],[-75.525218,6.197376],[-75.523164,6.200925],[-75.522608,6.201765],[-75.522603,6.20185],[-75.52171,6.201825],[-75.521844,6.202127],[-75.521832,6.202186],[-75.521517,6.202261],[-75.521541,6.202827],[-75.521032,6.202952],[-75.520841,6.202983],[-75.521108,6.202929],[-75.521084,6.202443],[-75.519638,6.202499],[-75.51953,6.202906],[-75.519969,6.202891],[-75.519977,6.20323],[-75.519568,6.203215],[-75.51957,6.203249],[-75.519239,6.20315],[-75.519044,6.203221],[-75.518927,6.203292],[-75.518349,6.203866],[-75.517741,6.203416],[-75.51732,6.203151],[-75.517272,6.202608],[-75.516701,6.202681],[-75.516188,6.20198],[-75.515975,6.201763],[-75.515885,6.20171],[-75.515852,6.201493],[-75.51592,6.20133],[-75.515859,6.201241],[-75.515853,6.20113],[-75.515814,6.201063],[-75.515662,6.200907],[-75.51559,6.200522],[-75.515606,6.200319],[-75.515503,6.199141],[-75.515363,6.198243],[-75.515403,6.197853],[-75.515546,6.197468],[-75.51485,6.197421],[-75.514655,6.197447],[-75.514626,6.196821],[-75.513265,6.197324],[-75.513013,6.196297],[-75.512922,6.196035],[-75.512903,6.196059],[-75.512868,6.195973],[-75.512657,6.195918],[-75.512503,6.195836],[-75.51233,6.195648],[-75.512241,6.195458],[-75.512109,6.195553],[-75.511745,6.195533],[-75.512502,6.198298],[-75.511566,6.198811],[-75.511987,6.199499],[-75.51141,6.199665],[-75.511414,6.199769],[-75.51147,6.19987],[-75.511404,6.200077],[-75.511377,6.200313],[-75.511467,6.200601],[-75.511438,6.201039],[-75.511546,6.201218],[-75.511613,6.201484],[-75.512018,6.201758],[-75.51205,6.20189],[-75.512131,6.201937],[-75.512234,6.202088],[-75.512263,6.202223],[-75.512227,6.202304],[-75.512208,6.202572],[-75.512267,6.202791],[-75.511728,6.202996],[-75.51235,6.203914],[-75.513342,6.205098],[-75.513965,6.204776],[-75.513943,6.204933],[-75.513992,6.205059],[-75.514458,6.205589],[-75.514781,6.205884],[-75.513457,6.206784],[-75.513894,6.207299],[-75.512491,6.20799],[-75.513006,6.208811],[-75.513288,6.209329],[-75.514088,6.211016],[-75.514771,6.212597],[-75.514878,6.212582]]]},"properties":{"CODIGO":"9086","COMUNA":"90","BARRIO":"86","NOMBRE_BARRIO":"SUBURB El Plan","SECTOR":9,"INDICADOR_UR":"R","NOMBRE_COMUNA":"SANTA ELENA","MUNICIPIO":"001"}},{"type":"Feature","id":41,"geometry":{"type":"Polygon","coordinates":[[[-75.556402,6.1853],[-75.556791,6.185565],[-75.55677,6.184639],[-75.556912,6.183685],[-75.556844,6.183625],[-75.556186,6.18358],[-75.555858,6.183489],[-75.555549,6.183339],[-75.555449,6.183229],[-75.555403,6.183111],[-75.555399,6.182992],[-75.555631,6.182364],[-75.555444,6.181786],[-75.555471,6.181776],[-75.555419,6.181459],[-75.555453,6.181283],[-75.555482,6.181231],[-75.555708,6.181304],[-75.555846,6.181299],[-75.555981,6.181253],[-75.556118,6.181272],[-75.556169,6.181226],[-75.556344,6.18119],[-75.556464,6.181271],[-75.556543,6.181279],[-75.55687,6.18114],[-75.55714,6.181133],[-75.55716,6.180959],[-75.55728,6.180963],[-75.557438,6.181033],[-75.557659,6.181257],[-75.55796,6.181441],[-75.558157,6.181653],[-75.558254,6.181664],[-75.558357,6.181608],[-75.558376,6.181831],[-75.558512,6.181724],[-75.558613,6.181751],[-75.558574,6.181167],[-75.558677,6.180974],[-75.55883,6.180889],[-75.559214,6.180834],[-75.559489,6.180752],[-75.559577,6.180555],[-75.559818,6.180451],[-75.559795,6.180375],[-75.559289,6.180628],[-75.558579,6.180709],[-75.558625,6.179675],[-75.5586,6.179651],[-75.558496,6.179647],[-75.558262,6.179722],[-75.557511,6.179631],[-75.557312,6.179644],[-75.557274,6.179701],[-75.556355,6.179694],[-75.556828,6.179424],[-75.556944,6.179246],[-75.556932,6.179211],[-75.557163,6.178659],[-75.557149,6.17863],[-75.557316,6.178055],[-75.557337,6.178059],[-75.55741,6.177878],[-75.557558,6.177209],[-75.557802,6.177239],[-75.557932,6.176939],[-75.558913,6.177365],[-75.559155,6.176714],[-75.55956,6.176828],[-75.559665,6.176702],[-75.559913,6.17657],[-75.559947,6.176333],[-75.559921,6.176327],[-75.559899,6.176122],[-75.559851,6.176089],[-75.55989,6.175832],[-75.55932,6.175527],[-75.559221,6.175559],[-75.559155,6.175544],[-75.558526,6.175323],[-75.558254,6.175328],[-75.558127,6.175373],[-75.558114,6.175338],[-75.55786,6.17547],[-75.557427,6.175529],[-75.556719,6.175447],[-75.55647,6.175502],[-75.556061,6.175489],[-75.555792,6.175403],[-75.555403,6.175168],[-75.555037,6.175149],[-75.554781,6.175179],[-75.554706,6.17522],[-75.55411,6.175337],[-75.553308,6.175817],[-75.553369,6.176173],[-75.553527,6.176167],[-75.553485,6.176689],[-75.553176,6.176629],[-75.553007,6.176939],[-75.553117,6.177019],[-75.553055,6.177122],[-75.55263,6.177504],[-75.552481,6.177567],[-75.552495,6.177904],[-75.55232,6.178254],[-75.552202,6.17836],[-75.551935,6.178819],[-75.551874,6.179356],[-75.552147,6.179443],[-75.55236,6.179429],[-75.552545,6.179563],[-75.552485,6.179836],[-75.552399,6.17992],[-75.552145,6.180062],[-75.552012,6.180059],[-75.552456,6.180339],[-75.55235,6.180589],[-75.551975,6.180476],[-75.551725,6.180483],[-75.551539,6.18054],[-75.551414,6.18064],[-75.551285,6.180877],[-75.551196,6.181076],[-75.551193,6.181191],[-75.551271,6.181573],[-75.551686,6.18173],[-75.551763,6.181846],[-75.551698,6.18204],[-75.551633,6.182117],[-75.551437,6.182121],[-75.551418,6.18219],[-75.551534,6.182358],[-75.551897,6.183475],[-75.552004,6.183648],[-75.552291,6.184584],[-75.552255,6.184603],[-75.552331,6.184726],[-75.552283,6.184884],[-75.552399,6.185111],[-75.552647,6.185227],[-75.553135,6.18534],[-75.553627,6.185218],[-75.554053,6.185223],[-75.554049,6.185168],[-75.554411,6.185169],[-75.555019,6.185014],[-75.555263,6.185078],[-75.555755,6.185333],[-75.55596,6.185375],[-75.55617,6.185309],[-75.556402,6.1853]]]},"properties":{"CODIGO":"9077","COMUNA":"90","BARRIO":"77","NOMBRE_BARRIO":"Suburbano el Tesoro","SECTOR":9,"INDICADOR_UR":"R","NOMBRE_COMUNA":"SANTA ELENA","MUNICIPIO":"001"}},{"type":"Feature","id":42,"geometry":{"type":"Polygon","coordinates":[[[-75.513433,6.274275],[-75.513924,6.274662],[-75.514684,6.274468],[-75.51528,6.274186],[-75.515002,6.273928],[-75.515049,6.273864],[-75.513545,6.272497],[-75.512803,6.271773],[-75.512616,6.271795],[-75.512335,6.272034],[-75.512035,6.272149],[-75.511953,6.272228],[-75.511915,6.272358],[-75.511327,6.272671],[-75.511207,6.27289],[-75.511069,6.272978],[-75.51119,6.273271],[-75.511474,6.27369],[-75.51163,6.27386],[-75.511782,6.273961],[-75.511894,6.274108],[-75.512089,6.274229],[-75.512423,6.274316],[-75.512711,6.274538],[-75.512909,6.274253],[-75.513433,6.274275]]]},"properties":{"CODIGO":"9087","COMUNA":"90","BARRIO":"87","NOMBRE_BARRIO":"Suburbano Matasano 3","SECTOR":9,"INDICADOR_UR":"R","NOMBRE_COMUNA":"SANTA ELENA","MUNICIPIO":"001"}},{"type":"Feature","id":43,"geometry":{"type":"Polygon","coordinates":[[[-75.497751,6.20101],[-75.497849,6.201099],[-75.497855,6.201238],[-75.497713,6.201472],[-75.497694,6.201937],[-75.497756,6.202083],[-75.497758,6.202271],[-75.497685,6.202466],[-75.497623,6.202546],[-75.497548,6.202547],[-75.497547,6.203293],[-75.497554,6.20337],[-75.497895,6.203867],[-75.497872,6.204],[-75.49772,6.204157],[-75.497685,6.204275],[-75.497671,6.204509],[-75.497703,6.204751],[-75.49775,6.204836],[-75.497853,6.204793],[-75.498046,6.20462],[-75.498291,6.204158],[-75.498136,6.203709],[-75.498421,6.202682],[-75.498791,6.202461],[-75.499282,6.201334],[-75.500214,6.201166],[-75.50042,6.20101],[-75.500471,6.201077],[-75.502259,6.199986],[-75.50255,6.199765],[-75.502599,6.199683],[-75.50259,6.199288],[-75.502721,6.198787],[-75.502691,6.198483],[-75.502724,6.198416],[-75.502908,6.198318],[-75.503229,6.19829],[-75.503512,6.198221],[-75.504034,6.197873],[-75.504351,6.197604],[-75.504423,6.19743],[-75.504472,6.196907],[-75.504441,6.196684],[-75.505148,6.196698],[-75.505236,6.19715],[-75.50509,6.197155],[-75.505096,6.197493],[-75.505125,6.19757],[-75.505126,6.198332],[-75.505633,6.198243],[-75.505616,6.199427],[-75.506057,6.200236],[-75.506947,6.199691],[-75.507452,6.199284],[-75.50768,6.198415],[-75.507647,6.198401],[-75.507822,6.197929],[-75.507895,6.197395],[-75.507826,6.196381],[-75.507922,6.195992],[-75.507893,6.195563],[-75.507937,6.194939],[-75.508019,6.19458],[-75.508138,6.194299],[-75.508223,6.194159],[-75.508363,6.19402],[-75.508533,6.193733],[-75.508617,6.193458],[-75.508695,6.193315],[-75.508687,6.193227],[-75.508748,6.193],[-75.508404,6.192748],[-75.507958,6.192354],[-75.507288,6.191625],[-75.506979,6.191225],[-75.506799,6.191067],[-75.506292,6.190848],[-75.506169,6.190761],[-75.506061,6.190762],[-75.505151,6.190501],[-75.504299,6.190116],[-75.503541,6.189881],[-75.50266,6.189731],[-75.502554,6.189704],[-75.502575,6.189652],[-75.502335,6.189648],[-75.501378,6.189462],[-75.500746,6.189464],[-75.500175,6.189554],[-75.499627,6.189564],[-75.499063,6.189682],[-75.498594,6.18974],[-75.498569,6.189808],[-75.498133,6.190025],[-75.498082,6.190106],[-75.498334,6.190995],[-75.498344,6.191158],[-75.498302,6.191363],[-75.498084,6.191589],[-75.497904,6.191704],[-75.497798,6.191696],[-75.497586,6.191756],[-75.497234,6.191917],[-75.497143,6.192076],[-75.497281,6.192412],[-75.497248,6.192695],[-75.497315,6.192905],[-75.497342,6.193524],[-75.497393,6.193796],[-75.497632,6.194407],[-75.497589,6.194742],[-75.497484,6.194999],[-75.497515,6.195631],[-75.497461,6.195784],[-75.497474,6.196055],[-75.497565,6.196342],[-75.497599,6.196619],[-75.497752,6.196617],[-75.497926,6.197174],[-75.49801,6.197557],[-75.498055,6.198095],[-75.498158,6.198397],[-75.498452,6.198825],[-75.498747,6.199094],[-75.498715,6.19927],[-75.498779,6.199363],[-75.498981,6.199488],[-75.498727,6.199735],[-75.498666,6.199835],[-75.498513,6.19995],[-75.498419,6.20014],[-75.498242,6.200375],[-75.497878,6.200679],[-75.497739,6.200939],[-75.497751,6.20101]]]},"properties":{"CODIGO":"9002","COMUNA":"90","BARRIO":"02","NOMBRE_BARRIO":"El Llano SE","SECTOR":9,"INDICADOR_UR":"R","NOMBRE_COMUNA":"SANTA ELENA","MUNICIPIO":"001"}},{"type":"Feature","id":44,"geometry":{"type":"Polygon","coordinates":[[[-75.647423,6.329899],[-75.647435,6.329924],[-75.64741,6.328098],[-75.647262,6.326754],[-75.647255,6.325416],[-75.647551,6.324921],[-75.647601,6.324667],[-75.647612,6.324371],[-75.647779,6.324185],[-75.647965,6.323787],[-75.648129,6.323591],[-75.648298,6.323262],[-75.648367,6.322946],[-75.648464,6.322712],[-75.648571,6.322312],[-75.648637,6.322164],[-75.648746,6.322028],[-75.648967,6.32058],[-75.648465,6.320776],[-75.648001,6.32087],[-75.647632,6.320817],[-75.647358,6.320684],[-75.646558,6.320483],[-75.646593,6.320136],[-75.646447,6.319911],[-75.64484,6.31919],[-75.643263,6.318426],[-75.644189,6.317032],[-75.64458,6.31628],[-75.645139,6.315071],[-75.645544,6.314428],[-75.645744,6.314391],[-75.646115,6.314225],[-75.64618,6.313662],[-75.646228,6.313492],[-75.646144,6.313231],[-75.646278,6.312933],[-75.646307,6.312598],[-75.646423,6.312396],[-75.646684,6.312135],[-75.646748,6.311666],[-75.646738,6.311552],[-75.646774,6.31145],[-75.646866,6.311327],[-75.646968,6.311069],[-75.64721,6.310734],[-75.647201,6.310409],[-75.647077,6.310215],[-75.646997,6.309948],[-75.647003,6.3093],[-75.646901,6.308833],[-75.646906,6.308557],[-75.646785,6.308353],[-75.646835,6.308129],[-75.646976,6.307886],[-75.646916,6.307708],[-75.647015,6.307454],[-75.64689,6.306912],[-75.64692,6.306791],[-75.646906,6.306467],[-75.646746,6.306035],[-75.646741,6.305572],[-75.646774,6.305343],[-75.646849,6.305197],[-75.647025,6.304991],[-75.646609,6.304709],[-75.646502,6.304701],[-75.64615,6.304766],[-75.645949,6.304637],[-75.645867,6.304411],[-75.645881,6.304491],[-75.645846,6.304672],[-75.645719,6.304846],[-75.645035,6.304275],[-75.644533,6.303988],[-75.644318,6.303715],[-75.644066,6.303557],[-75.64393,6.303399],[-75.643744,6.303062],[-75.6436,6.302883],[-75.643457,6.302725],[-75.643055,6.302452],[-75.64284,6.302144],[-75.642769,6.301981],[-75.642839,6.301707],[-75.642927,6.301532],[-75.642567,6.301125],[-75.642224,6.300975],[-75.642594,6.300492],[-75.641898,6.299975],[-75.641785,6.300151],[-75.641954,6.300526],[-75.641959,6.300728],[-75.64187,6.300776],[-75.641766,6.300777],[-75.64168,6.300833],[-75.641224,6.301557],[-75.641072,6.301699],[-75.641003,6.301819],[-75.640757,6.302008],[-75.639673,6.301277],[-75.639365,6.301035],[-75.639659,6.300571],[-75.639229,6.300187],[-75.639465,6.299953],[-75.639558,6.299911],[-75.639599,6.299817],[-75.639736,6.299712],[-75.640005,6.299665],[-75.640189,6.299509],[-75.640323,6.29948],[-75.640475,6.299401],[-75.640548,6.299246],[-75.640667,6.299125],[-75.640659,6.299032],[-75.640774,6.298971],[-75.640637,6.298683],[-75.640503,6.29853],[-75.64035,6.298405],[-75.640034,6.2983],[-75.640761,6.297372],[-75.640519,6.297017],[-75.640373,6.297187],[-75.639674,6.296555],[-75.639511,6.296583],[-75.639365,6.296358],[-75.639226,6.296232],[-75.639379,6.296135],[-75.639661,6.296216],[-75.639766,6.29612],[-75.640302,6.295345],[-75.640321,6.29505],[-75.640417,6.294877],[-75.640787,6.294839],[-75.640901,6.294785],[-75.641113,6.294603],[-75.640896,6.294088],[-75.640668,6.293923],[-75.641158,6.293428],[-75.641291,6.293348],[-75.641774,6.293165],[-75.64178,6.293017],[-75.641929,6.292764],[-75.641829,6.292761],[-75.641535,6.292896],[-75.641396,6.292885],[-75.640844,6.292399],[-75.640124,6.292162],[-75.640113,6.292234],[-75.639716,6.292249],[-75.639044,6.292396],[-75.638744,6.29252],[-75.638303,6.292559],[-75.638257,6.292727],[-75.638332,6.292837],[-75.63835,6.292938],[-75.638317,6.293035],[-75.638224,6.293134],[-75.638196,6.293337],[-75.638061,6.293443],[-75.637815,6.29373],[-75.637569,6.293847],[-75.637489,6.293998],[-75.637316,6.294703],[-75.637175,6.295127],[-75.637028,6.295315],[-75.636968,6.295475],[-75.637021,6.295781],[-75.637001,6.295936],[-75.636402,6.29502],[-75.635983,6.294466],[-75.635635,6.29391],[-75.635269,6.293425],[-75.634813,6.293573],[-75.634809,6.294843],[-75.634754,6.294954],[-75.633211,6.295381],[-75.632626,6.295253],[-75.632273,6.295332],[-75.632335,6.295249],[-75.63235,6.295147],[-75.632165,6.294008],[-75.631996,6.293853],[-75.631917,6.293574],[-75.631811,6.293416],[-75.631713,6.293354],[-75.631625,6.293354],[-75.631418,6.293258],[-75.631268,6.293022],[-75.631159,6.292904],[-75.631017,6.292814],[-75.630217,6.29337],[-75.630292,6.293665],[-75.630233,6.293842],[-75.630311,6.294042],[-75.630246,6.294169],[-75.630149,6.294178],[-75.630098,6.294431],[-75.630121,6.29452],[-75.63001,6.294621],[-75.630035,6.294828],[-75.629997,6.294867],[-75.629912,6.294804],[-75.629596,6.295407],[-75.62946,6.295786],[-75.629166,6.296107],[-75.628509,6.295936],[-75.62827,6.295814],[-75.627758,6.295781],[-75.627197,6.295847],[-75.627243,6.29571],[-75.627245,6.295498],[-75.62718,6.295232],[-75.627209,6.295023],[-75.627161,6.294708],[-75.627227,6.294555],[-75.627232,6.294376],[-75.626786,6.294294],[-75.626448,6.294099],[-75.625377,6.293938],[-75.625251,6.293892],[-75.625171,6.293806],[-75.625114,6.293576],[-75.62503,6.293398],[-75.624873,6.293302],[-75.62475,6.293292],[-75.624387,6.29335],[-75.624572,6.293962],[-75.6248,6.294419],[-75.625129,6.294693],[-75.625239,6.294904],[-75.625285,6.295114],[-75.625285,6.295287],[-75.625367,6.295489],[-75.625911,6.296003],[-75.625003,6.297985],[-75.624909,6.29833],[-75.624846,6.298923],[-75.625219,6.298912],[-75.625987,6.298987],[-75.625984,6.299947],[-75.625932,6.300468],[-75.626017,6.302884],[-75.626002,6.303581],[-75.625977,6.303655],[-75.625756,6.30378],[-75.625452,6.303714],[-75.624945,6.303833],[-75.624727,6.303807],[-75.624687,6.303834],[-75.624735,6.303866],[-75.624245,6.304002],[-75.624705,6.30459],[-75.624954,6.304827],[-75.624978,6.305878],[-75.624923,6.306476],[-75.625155,6.307401],[-75.62553,6.308331],[-75.625854,6.309002],[-75.625168,6.309074],[-75.624935,6.309256],[-75.624611,6.309701],[-75.624567,6.309997],[-75.624478,6.310214],[-75.624479,6.310465],[-75.62458,6.310713],[-75.624785,6.310956],[-75.62489,6.311159],[-75.624931,6.311403],[-75.624926,6.311843],[-75.624808,6.312112],[-75.62495,6.312248],[-75.625148,6.312536],[-75.625465,6.313087],[-75.625786,6.313437],[-75.625258,6.313428],[-75.62553,6.313521],[-75.625972,6.313808],[-75.626256,6.314078],[-75.626861,6.314524],[-75.627265,6.314928],[-75.627451,6.315057],[-75.627778,6.315235],[-75.628103,6.315361],[-75.628306,6.315505],[-75.62958,6.316047],[-75.630151,6.316348],[-75.631324,6.316636],[-75.631897,6.31683],[-75.632244,6.31706],[-75.63276,6.317309],[-75.633961,6.317308],[-75.634991,6.317726],[-75.635132,6.317868],[-75.635296,6.318248],[-75.635403,6.318384],[-75.636076,6.318934],[-75.636204,6.319351],[-75.636209,6.319618],[-75.636288,6.320074],[-75.637111,6.320958],[-75.637503,6.321504],[-75.637876,6.321889],[-75.639082,6.321653],[-75.639208,6.321566],[-75.639195,6.32155],[-75.639334,6.321506],[-75.640398,6.321902],[-75.641068,6.322325],[-75.6413,6.322513],[-75.641621,6.322649],[-75.641925,6.323097],[-75.642187,6.323615],[-75.642756,6.324506],[-75.642809,6.324655],[-75.643564,6.325075],[-75.643789,6.325349],[-75.644129,6.325924],[-75.644782,6.327262],[-75.645233,6.32775],[-75.646541,6.328913],[-75.646991,6.329398],[-75.647235,6.329718],[-75.647238,6.329785],[-75.647352,6.329822],[-75.647423,6.329899]]]},"properties":{"CODIGO":"6015","COMUNA":"60","BARRIO":"15","NOMBRE_BARRIO":"San José de la Montaña","SECTOR":7,"INDICADOR_UR":"R","NOMBRE_COMUNA":"SAN CRISTOBAL","MUNICIPIO":"001"}},{"type":"Feature","id":45,"geometry":{"type":"Polygon","coordinates":[[[-75.587101,6.310026],[-75.587246,6.310095],[-75.587377,6.310096],[-75.587613,6.309881],[-75.587745,6.309817],[-75.587869,6.309776],[-75.58803,6.309816],[-75.588262,6.309754],[-75.588478,6.309651],[-75.588741,6.309605],[-75.588812,6.309544],[-75.588821,6.309476],[-75.58896,6.309437],[-75.589113,6.309288],[-75.58931,6.309164],[-75.589679,6.308993],[-75.589942,6.308935],[-75.590104,6.308845],[-75.590373,6.308856],[-75.59055,6.308817],[-75.591016,6.30857],[-75.591079,6.308576],[-75.591246,6.308677],[-75.591408,6.30869],[-75.591515,6.30864],[-75.59166,6.308435],[-75.591919,6.308391],[-75.592139,6.308404],[-75.59227,6.308465],[-75.592491,6.30846],[-75.592649,6.308416],[-75.592801,6.308511],[-75.593041,6.308468],[-75.593326,6.308532],[-75.59351,6.30845],[-75.593767,6.308459],[-75.593868,6.308417],[-75.593848,6.308195],[-75.594059,6.308077],[-75.594048,6.307965],[-75.594085,6.307884],[-75.594194,6.30789],[-75.594719,6.307647],[-75.594919,6.307728],[-75.595124,6.307753],[-75.595208,6.307719],[-75.594956,6.307314],[-75.594755,6.30713],[-75.59457,6.307039],[-75.594394,6.307001],[-75.594347,6.307028],[-75.593932,6.306976],[-75.593814,6.306855],[-75.593777,6.3067],[-75.593848,6.306504],[-75.594255,6.305892],[-75.59436,6.305633],[-75.594403,6.305395],[-75.594424,6.304769],[-75.594365,6.304242],[-75.594542,6.303726],[-75.59456,6.303302],[-75.595271,6.302085],[-75.595946,6.301503],[-75.596114,6.301046],[-75.59624,6.300854],[-75.596403,6.300697],[-75.596568,6.300593],[-75.596929,6.3005],[-75.59701,6.300511],[-75.597359,6.30035],[-75.597391,6.300327],[-75.597362,6.300303],[-75.597426,6.300248],[-75.598176,6.299742],[-75.598474,6.29948],[-75.598693,6.299369],[-75.598853,6.299299],[-75.599079,6.29929],[-75.599233,6.299191],[-75.600513,6.298848],[-75.600706,6.298758],[-75.600843,6.298636],[-75.600856,6.298659],[-75.601107,6.298028],[-75.601395,6.297625],[-75.601578,6.297473],[-75.602483,6.296872],[-75.60258,6.296756],[-75.602666,6.296545],[-75.602745,6.296458],[-75.603049,6.296316],[-75.603347,6.296119],[-75.603576,6.296066],[-75.60397,6.296067],[-75.604285,6.295949],[-75.604493,6.295917],[-75.605965,6.296284],[-75.606418,6.296234],[-75.607657,6.296204],[-75.607817,6.296245],[-75.60807,6.296405],[-75.608194,6.2964],[-75.608256,6.296344],[-75.608332,6.296107],[-75.608407,6.295988],[-75.608712,6.295793],[-75.608681,6.295572],[-75.608596,6.295449],[-75.608586,6.295221],[-75.608715,6.295072],[-75.608687,6.294868],[-75.608774,6.294695],[-75.608722,6.294576],[-75.608723,6.294463],[-75.608875,6.294228],[-75.608817,6.294045],[-75.608741,6.29401],[-75.608685,6.29393],[-75.60856,6.293935],[-75.608504,6.293894],[-75.608458,6.293921],[-75.608305,6.29381],[-75.608178,6.293824],[-75.60795,6.293742],[-75.607849,6.293754],[-75.607771,6.293802],[-75.607783,6.293947],[-75.607636,6.293907],[-75.607527,6.293929],[-75.607182,6.294185],[-75.606954,6.294283],[-75.606905,6.294355],[-75.606851,6.294251],[-75.606771,6.294228],[-75.606682,6.294316],[-75.606687,6.294368],[-75.606487,6.294478],[-75.606418,6.294479],[-75.606394,6.294528],[-75.606369,6.294501],[-75.606296,6.294506],[-75.606095,6.294563],[-75.605986,6.294527],[-75.60589,6.294538],[-75.605841,6.294437],[-75.605807,6.294434],[-75.605747,6.294649],[-75.605604,6.29483],[-75.605611,6.294746],[-75.605578,6.294686],[-75.605618,6.294635],[-75.605636,6.294452],[-75.60558,6.29426],[-75.605611,6.294194],[-75.6054,6.293883],[-75.605503,6.293766],[-75.605552,6.293616],[-75.605855,6.293434],[-75.605833,6.293348],[-75.605997,6.292986],[-75.60598,6.292876],[-75.605873,6.292838],[-75.605909,6.292771],[-75.605879,6.292682],[-75.605693,6.292507],[-75.605719,6.292394],[-75.605618,6.292126],[-75.605537,6.292071],[-75.605514,6.291916],[-75.605426,6.291843],[-75.605496,6.291759],[-75.605468,6.291652],[-75.605339,6.291589],[-75.605328,6.291555],[-75.605341,6.291517],[-75.605213,6.290979],[-75.605159,6.290958],[-75.605044,6.290808],[-75.604973,6.290865],[-75.60452,6.291057],[-75.603713,6.291316],[-75.602782,6.291729],[-75.601462,6.292224],[-75.601329,6.292064],[-75.601289,6.291867],[-75.60132,6.291709],[-75.601246,6.291643],[-75.601246,6.291019],[-75.601184,6.290912],[-75.600634,6.291184],[-75.600372,6.290752],[-75.600214,6.290669],[-75.59989,6.290852],[-75.599539,6.291104],[-75.599469,6.291026],[-75.599479,6.290943],[-75.599399,6.290839],[-75.599461,6.290661],[-75.599383,6.29051],[-75.599132,6.290291],[-75.599087,6.290333],[-75.598988,6.290206],[-75.598922,6.290184],[-75.59888,6.290226],[-75.598854,6.290211],[-75.598831,6.290024],[-75.598787,6.289932],[-75.598423,6.289559],[-75.597621,6.290131],[-75.596063,6.290921],[-75.595792,6.291272],[-75.59576,6.291659],[-75.595718,6.291811],[-75.595219,6.291668],[-75.595171,6.291822],[-75.595269,6.291855],[-75.595193,6.292317],[-75.595251,6.292361],[-75.595523,6.292368],[-75.595372,6.292838],[-75.595998,6.295],[-75.596101,6.295144],[-75.594966,6.295157],[-75.594693,6.295121],[-75.594543,6.295047],[-75.594282,6.294977],[-75.594189,6.294975],[-75.593748,6.295161],[-75.593628,6.295163],[-75.593122,6.295064],[-75.593082,6.295353],[-75.592848,6.295504],[-75.593091,6.295725],[-75.592899,6.295855],[-75.592836,6.295933],[-75.592508,6.295671],[-75.59218,6.295461],[-75.592132,6.295391],[-75.592084,6.295385],[-75.591968,6.295215],[-75.591967,6.295148],[-75.591876,6.295037],[-75.591591,6.294776],[-75.591445,6.294687],[-75.591391,6.294496],[-75.590284,6.295353],[-75.590194,6.295349],[-75.589366,6.294424],[-75.589235,6.294339],[-75.588989,6.294055],[-75.588936,6.294043],[-75.588423,6.293536],[-75.58769,6.294764],[-75.586734,6.29616],[-75.586745,6.296208],[-75.586111,6.296627],[-75.586388,6.296809],[-75.586294,6.29692],[-75.58636,6.297191],[-75.586526,6.297624],[-75.58641,6.297899],[-75.586182,6.29806],[-75.586038,6.298115],[-75.586007,6.298255],[-75.586168,6.298326],[-75.58628,6.298474],[-75.586366,6.298492],[-75.586664,6.29828],[-75.58681,6.298358],[-75.586918,6.298542],[-75.586736,6.298784],[-75.586654,6.298733],[-75.586534,6.298914],[-75.586606,6.29896],[-75.586495,6.299125],[-75.586396,6.299266],[-75.586348,6.299224],[-75.586203,6.2994],[-75.586272,6.299462],[-75.586236,6.299569],[-75.585992,6.3],[-75.586241,6.300184],[-75.586431,6.300437],[-75.586491,6.300301],[-75.586642,6.300349],[-75.586351,6.30097],[-75.58633,6.301075],[-75.586052,6.301525],[-75.585946,6.301831],[-75.585974,6.301844],[-75.585929,6.302071],[-75.58561,6.30252],[-75.585319,6.302311],[-75.585287,6.302364],[-75.585066,6.3023],[-75.585006,6.302451],[-75.585201,6.302502],[-75.585243,6.302435],[-75.585324,6.302503],[-75.585245,6.302555],[-75.585233,6.302521],[-75.585191,6.302537],[-75.585192,6.302589],[-75.584612,6.302417],[-75.584548,6.302533],[-75.584488,6.302782],[-75.584261,6.302673],[-75.584175,6.3028],[-75.583899,6.303002],[-75.583873,6.302984],[-75.583779,6.303232],[-75.583685,6.30318],[-75.583765,6.303409],[-75.583757,6.303774],[-75.583897,6.30392],[-75.583955,6.30392],[-75.583958,6.304141],[-75.584017,6.304329],[-75.584068,6.304427],[-75.584255,6.304563],[-75.584438,6.304866],[-75.584507,6.304912],[-75.584544,6.305047],[-75.584616,6.304961],[-75.584699,6.304973],[-75.584708,6.305054],[-75.584796,6.305157],[-75.584907,6.305194],[-75.584932,6.305162],[-75.585394,6.305367],[-75.585424,6.306003],[-75.585491,6.306031],[-75.585505,6.306116],[-75.585491,6.306188],[-75.585444,6.306186],[-75.585498,6.30632],[-75.585401,6.306834],[-75.585321,6.307051],[-75.585768,6.307023],[-75.585914,6.307091],[-75.5857,6.307232],[-75.585773,6.307295],[-75.586035,6.307399],[-75.586462,6.307213],[-75.586503,6.307293],[-75.586144,6.307461],[-75.586389,6.307652],[-75.586175,6.307658],[-75.586223,6.307954],[-75.586121,6.308598],[-75.586079,6.308584],[-75.586045,6.309123],[-75.585987,6.309441],[-75.586588,6.309527],[-75.5866,6.30946],[-75.586965,6.309504],[-75.586937,6.30968],[-75.586773,6.309661],[-75.586768,6.309715],[-75.586882,6.309723],[-75.586873,6.30983],[-75.586818,6.309826],[-75.586823,6.309766],[-75.586767,6.309762],[-75.586763,6.309806],[-75.586708,6.309802],[-75.586701,6.30988],[-75.586507,6.309873],[-75.586442,6.309983],[-75.586473,6.310042],[-75.586641,6.310055],[-75.586768,6.310026],[-75.587101,6.310026]]]},"properties":{"CODIGO":"6012","COMUNA":"60","BARRIO":"12","NOMBRE_BARRIO":"El Picacho","SECTOR":7,"INDICADOR_UR":"R","NOMBRE_COMUNA":"SAN CRISTOBAL","MUNICIPIO":"001"}},{"type":"Feature","id":46,"geometry":{"type":"Polygon","coordinates":[[[-75.550408,6.221122],[-75.550675,6.221355],[-75.55092,6.220995],[-75.550969,6.221024],[-75.551231,6.221038],[-75.551314,6.221015],[-75.55148,6.220882],[-75.551712,6.220861],[-75.551859,6.220737],[-75.552039,6.220469],[-75.552373,6.22027],[-75.552895,6.220037],[-75.552895,6.219825],[-75.553564,6.220167],[-75.553717,6.220124],[-75.553798,6.220048],[-75.554141,6.219964],[-75.554433,6.220049],[-75.554455,6.220017],[-75.554589,6.219995],[-75.554636,6.21995],[-75.554681,6.22012],[-75.554786,6.220143],[-75.555174,6.220098],[-75.555351,6.219848],[-75.555558,6.219746],[-75.555071,6.219268],[-75.555063,6.219135],[-75.555132,6.218894],[-75.555041,6.218837],[-75.555047,6.218545],[-75.555349,6.218458],[-75.554899,6.218103],[-75.554551,6.217612],[-75.554401,6.2175],[-75.553965,6.217295],[-75.55304,6.216387],[-75.551392,6.214865],[-75.551336,6.214735],[-75.551323,6.214566],[-75.551483,6.214008],[-75.551454,6.213831],[-75.551328,6.213771],[-75.550729,6.213754],[-75.550383,6.213685],[-75.549772,6.213749],[-75.54879,6.213789],[-75.548549,6.213867],[-75.547903,6.214169],[-75.547353,6.214518],[-75.547229,6.214533],[-75.54708,6.214433],[-75.547012,6.214317],[-75.546791,6.213461],[-75.546792,6.213305],[-75.546884,6.21285],[-75.546813,6.212778],[-75.546726,6.212885],[-75.546673,6.212764],[-75.546423,6.212626],[-75.546427,6.212594],[-75.546279,6.212488],[-75.546202,6.211965],[-75.54623,6.211825],[-75.546344,6.211642],[-75.545959,6.211787],[-75.54561,6.212021],[-75.545515,6.212153],[-75.5455,6.212267],[-75.545783,6.212897],[-75.543844,6.212506],[-75.543694,6.212528],[-75.543604,6.212483],[-75.543437,6.212217],[-75.541975,6.21165],[-75.541903,6.21187],[-75.541752,6.212103],[-75.541621,6.212092],[-75.541722,6.212294],[-75.541813,6.213133],[-75.542012,6.213408],[-75.542106,6.213455],[-75.54256,6.213545],[-75.542643,6.213623],[-75.542664,6.214014],[-75.542614,6.21436],[-75.542631,6.214585],[-75.542672,6.214683],[-75.542952,6.214917],[-75.542994,6.215049],[-75.542954,6.215155],[-75.542833,6.215292],[-75.542745,6.215504],[-75.542598,6.215716],[-75.542602,6.215836],[-75.542665,6.215919],[-75.54294,6.216055],[-75.543023,6.216382],[-75.543168,6.216671],[-75.543351,6.216761],[-75.543694,6.216865],[-75.543814,6.216857],[-75.543926,6.21679],[-75.544027,6.216773],[-75.544104,6.216814],[-75.544138,6.21687],[-75.544174,6.217135],[-75.544308,6.217223],[-75.544575,6.217254],[-75.544858,6.217389],[-75.545014,6.217362],[-75.545165,6.217272],[-75.54526,6.217265],[-75.545835,6.217538],[-75.545987,6.217927],[-75.546783,6.218453],[-75.546781,6.218481],[-75.547473,6.218736],[-75.547618,6.218944],[-75.547885,6.219133],[-75.548087,6.219456],[-75.54824,6.219895],[-75.548302,6.219846],[-75.54846,6.21996],[-75.549924,6.220569],[-75.550408,6.221122]]]},"properties":{"CODIGO":"9083","COMUNA":"90","BARRIO":"83","NOMBRE_BARRIO":"Suburbano Mirador del Poblado","SECTOR":9,"INDICADOR_UR":"R","NOMBRE_COMUNA":"SANTA ELENA","MUNICIPIO":"001"}},{"type":"Feature","id":47,"geometry":{"type":"Polygon","coordinates":[[[-75.656161,6.294958],[-75.656241,6.294988],[-75.656393,6.295418],[-75.656474,6.295458],[-75.656627,6.295287],[-75.656596,6.295273],[-75.656669,6.295102],[-75.656358,6.294949],[-75.656516,6.294766],[-75.656747,6.294617],[-75.656776,6.29453],[-75.656712,6.294118],[-75.656719,6.293759],[-75.65652,6.293266],[-75.656497,6.293142],[-75.656561,6.29276],[-75.656695,6.292619],[-75.656782,6.292595],[-75.657045,6.292636],[-75.657277,6.292578],[-75.657435,6.292467],[-75.657454,6.292398],[-75.65743,6.292354],[-75.656349,6.291861],[-75.65615,6.29182],[-75.655729,6.291579],[-75.655345,6.291265],[-75.655202,6.291043],[-75.65516,6.290922],[-75.654748,6.291095],[-75.654274,6.291059],[-75.654099,6.290993],[-75.654047,6.290937],[-75.654176,6.290481],[-75.654378,6.290441],[-75.654283,6.290379],[-75.654218,6.290274],[-75.653993,6.290142],[-75.653879,6.290028],[-75.653726,6.289992],[-75.65346,6.290063],[-75.653331,6.290033],[-75.653279,6.289981],[-75.653249,6.289748],[-75.653142,6.289616],[-75.652777,6.29018],[-75.652355,6.289954],[-75.652128,6.289734],[-75.651885,6.289553],[-75.650766,6.28941],[-75.650483,6.289238],[-75.651135,6.289116],[-75.651449,6.288769],[-75.651541,6.288764],[-75.651805,6.288853],[-75.652055,6.288884],[-75.652233,6.288791],[-75.652445,6.288764],[-75.652368,6.288654],[-75.6523,6.288639],[-75.652227,6.288191],[-75.652147,6.288055],[-75.651963,6.287976],[-75.651851,6.28783],[-75.651672,6.287789],[-75.651404,6.287638],[-75.651091,6.287338],[-75.650925,6.287127],[-75.650679,6.287104],[-75.650432,6.287167],[-75.650348,6.287122],[-75.650311,6.287037],[-75.650256,6.287003],[-75.650033,6.287067],[-75.649856,6.287044],[-75.649801,6.287081],[-75.649542,6.287045],[-75.649294,6.286966],[-75.649237,6.286918],[-75.649106,6.286598],[-75.648894,6.286614],[-75.648988,6.287313],[-75.648947,6.288486],[-75.648881,6.288721],[-75.648819,6.288805],[-75.648632,6.288898],[-75.648555,6.288906],[-75.648414,6.288861],[-75.648379,6.288907],[-75.648375,6.289023],[-75.648459,6.289427],[-75.648411,6.289579],[-75.64824,6.289846],[-75.648199,6.289964],[-75.648186,6.290172],[-75.648306,6.290705],[-75.648517,6.290948],[-75.648585,6.291119],[-75.64875,6.29134],[-75.649279,6.29194],[-75.649367,6.292089],[-75.649445,6.292314],[-75.649572,6.292431],[-75.649778,6.292554],[-75.650024,6.292795],[-75.650267,6.292923],[-75.650353,6.293113],[-75.650904,6.292816],[-75.649858,6.291299],[-75.650054,6.291204],[-75.650283,6.291484],[-75.650472,6.291632],[-75.650501,6.291681],[-75.650488,6.291786],[-75.650995,6.292511],[-75.65153,6.292811],[-75.651606,6.292589],[-75.651902,6.292933],[-75.652417,6.293235],[-75.65267,6.293453],[-75.652716,6.293651],[-75.652975,6.293449],[-75.653206,6.293453],[-75.653499,6.293511],[-75.653698,6.293432],[-75.653978,6.293612],[-75.65403,6.293545],[-75.6541,6.293618],[-75.654359,6.293723],[-75.654491,6.293824],[-75.654903,6.294285],[-75.655206,6.294736],[-75.655554,6.294795],[-75.655825,6.294986],[-75.656161,6.294958]]]},"properties":{"CODIGO":"6086","COMUNA":"60","BARRIO":"86","NOMBRE_BARRIO":"Suburbano La Cuchilla","SECTOR":7,"INDICADOR_UR":"R","NOMBRE_COMUNA":"SAN CRISTOBAL","MUNICIPIO":"001"}},{"type":"Feature","id":48,"geometry":{"type":"Polygon","coordinates":[[[-75.607126,6.274642],[-75.607375,6.27439],[-75.607685,6.274572],[-75.607806,6.274518],[-75.607879,6.27442],[-75.607732,6.274243],[-75.608452,6.272914],[-75.608644,6.272443],[-75.608719,6.272368],[-75.609026,6.272355],[-75.609527,6.272429],[-75.609818,6.272486],[-75.610222,6.272649],[-75.610367,6.272647],[-75.611187,6.272392],[-75.611788,6.271854],[-75.612381,6.271535],[-75.612752,6.271205],[-75.612852,6.271154],[-75.613768,6.27091],[-75.613753,6.270455],[-75.61378,6.270236],[-75.613773,6.270174],[-75.613732,6.270167],[-75.613758,6.270014],[-75.613734,6.269817],[-75.613662,6.269611],[-75.613615,6.269253],[-75.613237,6.2685],[-75.612294,6.267554],[-75.612183,6.267524],[-75.611989,6.267361],[-75.611828,6.267074],[-75.611613,6.266901],[-75.611437,6.266674],[-75.6113,6.266251],[-75.611076,6.265766],[-75.610227,6.265061],[-75.609117,6.264832],[-75.608767,6.264959],[-75.608292,6.265033],[-75.608188,6.265092],[-75.607955,6.265097],[-75.607564,6.267001],[-75.60685,6.266868],[-75.606545,6.26834],[-75.605825,6.268227],[-75.605996,6.268535],[-75.605947,6.268681],[-75.605856,6.268661],[-75.60576,6.268691],[-75.605365,6.269167],[-75.605231,6.269249],[-75.60508,6.269279],[-75.604903,6.26925],[-75.604709,6.269103],[-75.604614,6.268949],[-75.604577,6.268547],[-75.604456,6.268413],[-75.603466,6.268531],[-75.602527,6.269136],[-75.602341,6.269334],[-75.602155,6.269617],[-75.601831,6.270305],[-75.601927,6.270406],[-75.602016,6.270587],[-75.602016,6.270862],[-75.60195,6.271092],[-75.601984,6.271179],[-75.602069,6.271225],[-75.602577,6.271247],[-75.602705,6.271349],[-75.603024,6.271748],[-75.603021,6.271861],[-75.602936,6.271996],[-75.602373,6.272403],[-75.602478,6.272456],[-75.602645,6.27247],[-75.603145,6.272311],[-75.603396,6.272275],[-75.603602,6.272289],[-75.604036,6.272448],[-75.60417,6.272459],[-75.604309,6.272402],[-75.604504,6.272242],[-75.604592,6.272211],[-75.605029,6.272124],[-75.605383,6.272107],[-75.605389,6.272189],[-75.605472,6.272367],[-75.605345,6.272536],[-75.605335,6.272592],[-75.605263,6.27265],[-75.605266,6.272778],[-75.605177,6.272901],[-75.605139,6.273055],[-75.605176,6.273243],[-75.605325,6.273296],[-75.605942,6.273393],[-75.605928,6.273503],[-75.606262,6.273766],[-75.606391,6.27392],[-75.606206,6.274176],[-75.606396,6.274348],[-75.606573,6.274142],[-75.607126,6.274642]]]},"properties":{"CODIGO":"6097","COMUNA":"60","BARRIO":"97","NOMBRE_BARRIO":"Area de Expansion Altos de Calasanz","SECTOR":7,"INDICADOR_UR":"R","NOMBRE_COMUNA":"SAN CRISTOBAL","MUNICIPIO":"001"}},{"type":"Feature","id":49,"geometry":{"type":"Polygon","coordinates":[[[-75.650835,6.287112],[-75.650944,6.287139],[-75.651156,6.287393],[-75.65115,6.287306],[-75.650884,6.286867],[-75.650865,6.286767],[-75.650873,6.286643],[-75.650916,6.286553],[-75.651044,6.286424],[-75.651173,6.286361],[-75.651272,6.28639],[-75.65109,6.286168],[-75.650927,6.285728],[-75.650917,6.285613],[-75.65107,6.285278],[-75.65112,6.284954],[-75.651058,6.284928],[-75.650963,6.284807],[-75.650934,6.28494],[-75.650905,6.284971],[-75.650837,6.284962],[-75.650631,6.284857],[-75.650551,6.28472],[-75.650455,6.284294],[-75.650448,6.283641],[-75.650518,6.283622],[-75.650773,6.283783],[-75.650935,6.283754],[-75.651139,6.283767],[-75.651821,6.283955],[-75.652314,6.283925],[-75.652758,6.284053],[-75.653265,6.284369],[-75.653857,6.284455],[-75.654221,6.284474],[-75.654587,6.284421],[-75.654691,6.284313],[-75.654795,6.283875],[-75.654912,6.283596],[-75.654746,6.28345],[-75.654887,6.283142],[-75.655144,6.283248],[-75.655464,6.282818],[-75.65542,6.282443],[-75.6554,6.282503],[-75.655343,6.282533],[-75.655284,6.282502],[-75.655122,6.282179],[-75.655065,6.282209],[-75.655017,6.282362],[-75.654932,6.282472],[-75.654874,6.282501],[-75.654769,6.282466],[-75.654732,6.282314],[-75.654574,6.282221],[-75.654346,6.282293],[-75.654214,6.282444],[-75.654016,6.282392],[-75.654,6.282239],[-75.65396,6.282216],[-75.653811,6.282263],[-75.653715,6.282238],[-75.653713,6.282057],[-75.653686,6.282028],[-75.653458,6.282046],[-75.653333,6.281987],[-75.653307,6.281836],[-75.653392,6.28165],[-75.653379,6.281585],[-75.653169,6.281666],[-75.653115,6.281632],[-75.653104,6.281543],[-75.653045,6.281509],[-75.653022,6.281398],[-75.652943,6.281353],[-75.652653,6.281037],[-75.652633,6.280932],[-75.653125,6.280754],[-75.653439,6.280494],[-75.653579,6.280429],[-75.653831,6.280386],[-75.654249,6.280253],[-75.654533,6.280214],[-75.654684,6.280112],[-75.654784,6.279977],[-75.654856,6.279606],[-75.654973,6.279376],[-75.654984,6.279195],[-75.655054,6.279038],[-75.655077,6.278881],[-75.655019,6.278765],[-75.655036,6.278655],[-75.654987,6.278499],[-75.654847,6.27853],[-75.654712,6.278502],[-75.654372,6.278307],[-75.65406,6.27818],[-75.654025,6.278124],[-75.654047,6.277925],[-75.653992,6.277884],[-75.653878,6.277959],[-75.653704,6.278014],[-75.653385,6.278016],[-75.653205,6.277789],[-75.65309,6.277785],[-75.65304,6.277832],[-75.652973,6.277826],[-75.652861,6.277714],[-75.652739,6.277654],[-75.652653,6.277403],[-75.652499,6.277389],[-75.653008,6.277184],[-75.65318,6.277222],[-75.653223,6.277121],[-75.65296,6.277005],[-75.652759,6.277002],[-75.652553,6.276811],[-75.652458,6.276773],[-75.652377,6.276806],[-75.652314,6.276773],[-75.652381,6.276553],[-75.652764,6.276484],[-75.652679,6.276307],[-75.652559,6.276247],[-75.652529,6.276057],[-75.652761,6.275663],[-75.652692,6.275596],[-75.65261,6.275393],[-75.652471,6.275348],[-75.652424,6.274884],[-75.652211,6.274908],[-75.652286,6.274241],[-75.65217,6.274237],[-75.65207,6.274095],[-75.652206,6.274005],[-75.652334,6.273978],[-75.652686,6.273596],[-75.652465,6.273434],[-75.652503,6.273203],[-75.652637,6.273036],[-75.652813,6.272951],[-75.652903,6.273157],[-75.652908,6.273267],[-75.652793,6.273515],[-75.652901,6.273515],[-75.652987,6.2734],[-75.653101,6.273331],[-75.653159,6.273084],[-75.653084,6.272859],[-75.653304,6.27274],[-75.653328,6.272715],[-75.653294,6.272679],[-75.653351,6.272632],[-75.653468,6.272594],[-75.653428,6.272545],[-75.653463,6.272492],[-75.653483,6.272517],[-75.653526,6.272485],[-75.653524,6.272422],[-75.653669,6.272189],[-75.653572,6.272123],[-75.653723,6.271951],[-75.653973,6.271772],[-75.654089,6.271544],[-75.654663,6.270795],[-75.654746,6.270751],[-75.654839,6.270764],[-75.655069,6.27065],[-75.655363,6.270408],[-75.655465,6.270248],[-75.655874,6.270163],[-75.656045,6.27008],[-75.656293,6.269864],[-75.656512,6.269557],[-75.656781,6.269367],[-75.656914,6.269328],[-75.657318,6.268997],[-75.657471,6.268657],[-75.657578,6.268566],[-75.658195,6.268371],[-75.658614,6.268386],[-75.658871,6.268259],[-75.658963,6.268275],[-75.659148,6.268239],[-75.659377,6.268279],[-75.659496,6.268199],[-75.659632,6.268161],[-75.659779,6.268047],[-75.659788,6.267913],[-75.659858,6.267739],[-75.659843,6.267579],[-75.659902,6.267482],[-75.659926,6.267295],[-75.659991,6.267199],[-75.660025,6.267063],[-75.660127,6.266968],[-75.66035,6.266892],[-75.660457,6.26674],[-75.660667,6.266598],[-75.660459,6.266448],[-75.660296,6.266475],[-75.660188,6.266456],[-75.660004,6.2665],[-75.659944,6.266464],[-75.659762,6.266602],[-75.659495,6.266939],[-75.659428,6.267119],[-75.659367,6.267515],[-75.659468,6.26775],[-75.659679,6.267964],[-75.659592,6.26807],[-75.658959,6.268105],[-75.658608,6.268182],[-75.658265,6.268171],[-75.658083,6.268204],[-75.657231,6.268515],[-75.657014,6.268627],[-75.656919,6.268744],[-75.656774,6.268631],[-75.656643,6.268447],[-75.656566,6.268075],[-75.656385,6.267894],[-75.656273,6.267901],[-75.656136,6.267936],[-75.655921,6.268115],[-75.655861,6.268329],[-75.655518,6.268572],[-75.65539,6.268444],[-75.655213,6.268611],[-75.655272,6.268717],[-75.655035,6.268824],[-75.654729,6.269093],[-75.654663,6.269099],[-75.654316,6.268943],[-75.654243,6.269085],[-75.654263,6.269221],[-75.654239,6.269458],[-75.654165,6.26959],[-75.65389,6.269776],[-75.653846,6.269755],[-75.653781,6.269794],[-75.653691,6.26998],[-75.653774,6.270438],[-75.653678,6.270844],[-75.653715,6.270967],[-75.653259,6.271202],[-75.652982,6.271064],[-75.652747,6.270743],[-75.652547,6.270724],[-75.65247,6.270849],[-75.652169,6.270545],[-75.652454,6.270334],[-75.652317,6.270153],[-75.652534,6.270099],[-75.652348,6.269956],[-75.652121,6.26992],[-75.651977,6.270035],[-75.651884,6.270052],[-75.651668,6.269961],[-75.651303,6.269881],[-75.651093,6.269978],[-75.651043,6.269965],[-75.651092,6.270231],[-75.651343,6.270274],[-75.651359,6.270348],[-75.65154,6.270261],[-75.651734,6.27025],[-75.651676,6.270296],[-75.651608,6.270517],[-75.651853,6.270692],[-75.651916,6.270891],[-75.651584,6.270884],[-75.651021,6.271091],[-75.650744,6.270981],[-75.650419,6.271108],[-75.650576,6.271674],[-75.650754,6.271855],[-75.650553,6.272361],[-75.650543,6.272505],[-75.650486,6.272672],[-75.650423,6.272702],[-75.650329,6.272886],[-75.650285,6.273071],[-75.650148,6.273245],[-75.649189,6.273144],[-75.649001,6.273144],[-75.648757,6.273204],[-75.648348,6.273196],[-75.648176,6.273222],[-75.647562,6.273578],[-75.647363,6.273644],[-75.647055,6.273815],[-75.646805,6.273927],[-75.646308,6.274082],[-75.645167,6.274857],[-75.644985,6.274952],[-75.644468,6.275128],[-75.643785,6.275552],[-75.643427,6.275654],[-75.64288,6.275904],[-75.642688,6.27588],[-75.642207,6.276045],[-75.642043,6.27614],[-75.641785,6.27623],[-75.641109,6.276185],[-75.640802,6.276195],[-75.640429,6.275963],[-75.63997,6.275524],[-75.639807,6.275543],[-75.639635,6.275416],[-75.639605,6.275335],[-75.639553,6.275301],[-75.639464,6.275309],[-75.639264,6.275465],[-75.638996,6.275456],[-75.638853,6.275558],[-75.638843,6.275723],[-75.638905,6.275875],[-75.638671,6.276191],[-75.638647,6.276261],[-75.638665,6.276365],[-75.638469,6.276537],[-75.638334,6.276755],[-75.638489,6.276824],[-75.638773,6.277052],[-75.639,6.276992],[-75.639254,6.277131],[-75.639352,6.277242],[-75.639676,6.277847],[-75.639856,6.278108],[-75.639949,6.278387],[-75.640268,6.27866],[-75.640442,6.278721],[-75.641305,6.278459],[-75.641509,6.278434],[-75.64171,6.278508],[-75.641872,6.278639],[-75.642239,6.278818],[-75.642299,6.278901],[-75.642644,6.279625],[-75.642811,6.279834],[-75.643171,6.280517],[-75.643227,6.280683],[-75.643355,6.280725],[-75.644103,6.28072],[-75.644257,6.280785],[-75.644379,6.280913],[-75.644443,6.281035],[-75.644485,6.281279],[-75.644554,6.28143],[-75.644794,6.281659],[-75.645032,6.281788],[-75.646161,6.282197],[-75.646433,6.282258],[-75.646807,6.282237],[-75.647299,6.282303],[-75.647492,6.282435],[-75.64759,6.282555],[-75.64766,6.282832],[-75.647514,6.283859],[-75.647537,6.284015],[-75.647636,6.284195],[-75.647879,6.284297],[-75.648087,6.284441],[-75.648675,6.284878],[-75.648778,6.285024],[-75.648959,6.2855],[-75.648977,6.285678],[-75.648854,6.285997],[-75.648834,6.286173],[-75.648894,6.286614],[-75.649106,6.286598],[-75.649237,6.286918],[-75.649294,6.286966],[-75.649542,6.287045],[-75.649801,6.287081],[-75.649856,6.287044],[-75.650033,6.287067],[-75.650256,6.287003],[-75.650311,6.287037],[-75.650348,6.287122],[-75.650432,6.287167],[-75.650679,6.287104],[-75.650835,6.287112]]]},"properties":{"CODIGO":"6085","COMUNA":"60","BARRIO":"85","NOMBRE_BARRIO":"Suburbano La Palma-El Patio","SECTOR":7,"INDICADOR_UR":"R","NOMBRE_COMUNA":"SAN CRISTOBAL","MUNICIPIO":"001"}},{"type":"Feature","id":50,"geometry":{"type":"Polygon","coordinates":[[[-75.50543,6.281251],[-75.505933,6.281411],[-75.50602,6.281387],[-75.50544,6.279908],[-75.505158,6.279879],[-75.505169,6.279614],[-75.504991,6.279248],[-75.504848,6.279065],[-75.504679,6.278584],[-75.504385,6.278115],[-75.504397,6.27775],[-75.50427,6.277451],[-75.504229,6.277225],[-75.503897,6.276861],[-75.504932,6.276789],[-75.504924,6.276759],[-75.505619,6.276699],[-75.505929,6.277302],[-75.506192,6.277281],[-75.506746,6.277338],[-75.507346,6.277455],[-75.507752,6.27737],[-75.507661,6.277158],[-75.507465,6.276961],[-75.507227,6.276817],[-75.506729,6.276636],[-75.50654,6.276505],[-75.506124,6.276076],[-75.50604,6.275814],[-75.505793,6.275482],[-75.505342,6.275142],[-75.504982,6.274791],[-75.504603,6.274535],[-75.504469,6.274691],[-75.504427,6.274826],[-75.504286,6.274949],[-75.504239,6.274908],[-75.504055,6.274888],[-75.50394,6.275002],[-75.503654,6.274923],[-75.503419,6.274956],[-75.503352,6.275061],[-75.503198,6.275088],[-75.503145,6.275179],[-75.503093,6.275205],[-75.502708,6.275002],[-75.502187,6.275044],[-75.501714,6.275011],[-75.501657,6.275099],[-75.50126,6.275226],[-75.501205,6.275298],[-75.500896,6.275195],[-75.500566,6.275332],[-75.500402,6.275353],[-75.500367,6.275428],[-75.500413,6.275489],[-75.500211,6.275599],[-75.500262,6.275794],[-75.499861,6.276211],[-75.49955,6.276398],[-75.499666,6.276674],[-75.499742,6.276758],[-75.499767,6.277226],[-75.499355,6.27695],[-75.499235,6.276913],[-75.499158,6.277071],[-75.499087,6.277364],[-75.49885,6.277802],[-75.49878,6.277821],[-75.498313,6.277649],[-75.498134,6.277963],[-75.497835,6.277875],[-75.497791,6.277626],[-75.49773,6.277622],[-75.497737,6.277556],[-75.497683,6.277462],[-75.497623,6.277731],[-75.497612,6.277944],[-75.498425,6.278238],[-75.498811,6.27844],[-75.499237,6.278538],[-75.499555,6.278841],[-75.5001,6.279177],[-75.500563,6.279512],[-75.501059,6.279658],[-75.501457,6.279692],[-75.501939,6.279821],[-75.502084,6.279911],[-75.502568,6.28034],[-75.50296,6.280598],[-75.503938,6.280951],[-75.504197,6.281119],[-75.504518,6.281239],[-75.504622,6.281315],[-75.504814,6.281358],[-75.50543,6.281251]]]},"properties":{"CODIGO":"9089","COMUNA":"90","BARRIO":"89","NOMBRE_BARRIO":"Suburbano Matasano 1","SECTOR":9,"INDICADOR_UR":"R","NOMBRE_COMUNA":"SANTA ELENA","MUNICIPIO":"001"}},{"type":"Feature","id":51,"geometry":{"type":"MultiPolygon","coordinates":[[[[-75.627375,6.262938],[-75.627512,6.26308],[-75.627766,6.263573],[-75.628001,6.263915],[-75.62811,6.263962],[-75.628141,6.263903],[-75.628103,6.263821],[-75.628192,6.263659],[-75.628383,6.263483],[-75.628393,6.263416],[-75.628383,6.263336],[-75.628216,6.262991],[-75.628012,6.262764],[-75.627996,6.262655],[-75.628042,6.262534],[-75.627992,6.262416],[-75.628065,6.262362],[-75.62808,6.262291],[-75.628052,6.262243],[-75.627882,6.262179],[-75.627757,6.262014],[-75.627705,6.261532],[-75.627447,6.261541],[-75.627291,6.261499],[-75.62727,6.26098],[-75.627162,6.260801],[-75.627017,6.260731],[-75.626881,6.260553],[-75.626686,6.260072],[-75.62647,6.259824],[-75.626153,6.259367],[-75.626149,6.259021],[-75.625881,6.258878],[-75.625709,6.258878],[-75.625425,6.258635],[-75.625048,6.25843],[-75.624963,6.258339],[-75.624904,6.258064],[-75.62481,6.257846],[-75.624585,6.257719],[-75.624441,6.257527],[-75.62416,6.257427],[-75.624031,6.25732],[-75.623796,6.257482],[-75.623143,6.257769],[-75.623192,6.257889],[-75.623266,6.257906],[-75.62327,6.258089],[-75.623349,6.258127],[-75.623418,6.258224],[-75.623465,6.258399],[-75.623534,6.258474],[-75.623884,6.258663],[-75.624056,6.258944],[-75.624406,6.259226],[-75.624589,6.259679],[-75.624572,6.259863],[-75.624802,6.260161],[-75.624807,6.260322],[-75.624991,6.260833],[-75.62518,6.260993],[-75.625375,6.261602],[-75.625433,6.262061],[-75.625449,6.262085],[-75.625728,6.262063],[-75.62579,6.26208],[-75.625897,6.262191],[-75.625955,6.262378],[-75.625946,6.262738],[-75.626221,6.263133],[-75.626412,6.263333],[-75.626612,6.263387],[-75.626736,6.263316],[-75.627171,6.262938],[-75.627308,6.262916],[-75.627375,6.262938]]],[[[-75.641557,6.276233],[-75.641878,6.276202],[-75.642167,6.276061],[-75.642688,6.27588],[-75.64288,6.275904],[-75.643427,6.275654],[-75.643785,6.275552],[-75.644468,6.275128],[-75.644985,6.274952],[-75.645167,6.274857],[-75.646308,6.274082],[-75.646805,6.273927],[-75.647055,6.273815],[-75.647363,6.273644],[-75.647562,6.273578],[-75.648176,6.273222],[-75.648348,6.273196],[-75.648757,6.273204],[-75.649001,6.273144],[-75.649189,6.273144],[-75.650148,6.273245],[-75.650285,6.273071],[-75.650329,6.272886],[-75.650423,6.272702],[-75.650486,6.272672],[-75.650543,6.272505],[-75.650553,6.272361],[-75.650754,6.271855],[-75.650576,6.271674],[-75.650419,6.271108],[-75.650744,6.270981],[-75.651021,6.271091],[-75.651584,6.270884],[-75.651916,6.270891],[-75.651853,6.270692],[-75.651608,6.270517],[-75.651676,6.270296],[-75.651734,6.27025],[-75.65154,6.270261],[-75.651359,6.270348],[-75.651343,6.270274],[-75.651092,6.270231],[-75.651043,6.269965],[-75.651093,6.269978],[-75.651303,6.269881],[-75.651668,6.269961],[-75.651884,6.270052],[-75.651977,6.270035],[-75.652121,6.26992],[-75.652348,6.269956],[-75.652534,6.270099],[-75.652317,6.270153],[-75.652454,6.270334],[-75.652169,6.270545],[-75.65247,6.270849],[-75.652547,6.270724],[-75.652747,6.270743],[-75.652982,6.271064],[-75.653259,6.271202],[-75.653715,6.270967],[-75.653678,6.270844],[-75.653774,6.270438],[-75.653691,6.26998],[-75.653781,6.269794],[-75.653846,6.269755],[-75.65389,6.269776],[-75.654165,6.26959],[-75.654239,6.269458],[-75.654263,6.269221],[-75.654243,6.269085],[-75.654316,6.268943],[-75.654663,6.269099],[-75.654729,6.269093],[-75.655035,6.268824],[-75.655272,6.268717],[-75.655213,6.268611],[-75.65539,6.268444],[-75.655518,6.268572],[-75.655861,6.268329],[-75.655921,6.268115],[-75.656136,6.267936],[-75.656273,6.267901],[-75.656385,6.267894],[-75.656566,6.268075],[-75.656643,6.268447],[-75.656774,6.268631],[-75.656919,6.268744],[-75.657014,6.268627],[-75.657231,6.268515],[-75.658083,6.268204],[-75.658265,6.268171],[-75.658608,6.268182],[-75.658959,6.268105],[-75.659592,6.26807],[-75.659679,6.267964],[-75.659468,6.26775],[-75.659367,6.267515],[-75.659428,6.267119],[-75.659584,6.266799],[-75.659762,6.266602],[-75.659944,6.266464],[-75.660004,6.2665],[-75.660188,6.266456],[-75.660296,6.266475],[-75.660459,6.266448],[-75.660665,6.266595],[-75.660773,6.266831],[-75.660872,6.266907],[-75.661096,6.266995],[-75.661362,6.26719],[-75.661419,6.267291],[-75.661462,6.267519],[-75.661769,6.267846],[-75.661935,6.268108],[-75.662029,6.268172],[-75.662241,6.268184],[-75.662468,6.268145],[-75.662469,6.268113],[-75.662768,6.268037],[-75.662916,6.26792],[-75.663087,6.267836],[-75.663319,6.26781],[-75.663822,6.268079],[-75.664056,6.268242],[-75.664388,6.268243],[-75.66461,6.268322],[-75.6648,6.268461],[-75.665199,6.26887],[-75.665446,6.269012],[-75.665805,6.269129],[-75.666022,6.269339],[-75.666392,6.269548],[-75.6668,6.269669],[-75.667123,6.269711],[-75.667418,6.26985],[-75.668263,6.270097],[-75.668705,6.270386],[-75.668936,6.270395],[-75.669156,6.270329],[-75.669463,6.270349],[-75.669641,6.270301],[-75.669812,6.270536],[-75.66995,6.27066],[-75.670423,6.270909],[-75.670617,6.270705],[-75.670903,6.270511],[-75.67175,6.270072],[-75.67251,6.269803],[-75.673245,6.269609],[-75.673816,6.269497],[-75.67398,6.269415],[-75.674143,6.269303],[-75.674214,6.26916],[-75.674439,6.268925],[-75.674714,6.268782],[-75.675327,6.268374],[-75.675604,6.268237],[-75.67546,6.268185],[-75.675106,6.26785],[-75.675034,6.267626],[-75.674809,6.267329],[-75.674695,6.267028],[-75.67478,6.266448],[-75.674747,6.265957],[-75.674778,6.26573],[-75.674716,6.265393],[-75.674275,6.264798],[-75.67422,6.264609],[-75.674144,6.264522],[-75.673651,6.264036],[-75.673328,6.263833],[-75.673252,6.263729],[-75.673319,6.263282],[-75.67333,6.262627],[-75.673252,6.261963],[-75.673212,6.261896],[-75.673097,6.261771],[-75.672639,6.261467],[-75.672489,6.260923],[-75.672445,6.260858],[-75.672074,6.260653],[-75.671514,6.260441],[-75.671327,6.260328],[-75.671115,6.260049],[-75.670804,6.259806],[-75.670294,6.259259],[-75.670113,6.25912],[-75.670032,6.258975],[-75.669959,6.258815],[-75.66993,6.258436],[-75.669959,6.258049],[-75.670039,6.257758],[-75.67001,6.257415],[-75.669682,6.256249],[-75.669623,6.256111],[-75.669522,6.255987],[-75.669536,6.2559],[-75.669393,6.25605],[-75.669231,6.255968],[-75.668664,6.255783],[-75.668492,6.255761],[-75.668424,6.255669],[-75.66817,6.255556],[-75.667945,6.255395],[-75.667628,6.255262],[-75.667491,6.255244],[-75.667409,6.2552],[-75.667301,6.255218],[-75.667099,6.255027],[-75.666899,6.254689],[-75.666803,6.254285],[-75.666761,6.253925],[-75.666655,6.253775],[-75.666535,6.253726],[-75.666475,6.253655],[-75.666295,6.253654],[-75.666161,6.25353],[-75.665993,6.25344],[-75.665486,6.253318],[-75.66514,6.253066],[-75.664913,6.252837],[-75.664858,6.252856],[-75.664164,6.253752],[-75.663975,6.254198],[-75.663813,6.254429],[-75.663571,6.254677],[-75.663299,6.255064],[-75.663042,6.255797],[-75.662906,6.257042],[-75.662751,6.257322],[-75.662532,6.257542],[-75.662374,6.257648],[-75.662143,6.257776],[-75.661822,6.25779],[-75.661572,6.257758],[-75.661319,6.257655],[-75.661206,6.257655],[-75.661047,6.257733],[-75.660514,6.257868],[-75.660242,6.258088],[-75.659876,6.258237],[-75.659381,6.258734],[-75.659241,6.258992],[-75.658901,6.259262],[-75.658636,6.259326],[-75.658519,6.259411],[-75.658311,6.25962],[-75.657975,6.260095],[-75.657779,6.26029],[-75.657367,6.260684],[-75.657038,6.26085],[-75.656592,6.26084],[-75.656226,6.260882],[-75.655719,6.260808],[-75.654521,6.260344],[-75.654268,6.260177],[-75.654215,6.260078],[-75.654053,6.260255],[-75.653675,6.26034],[-75.653531,6.260426],[-75.652511,6.26066],[-75.651865,6.260975],[-75.651551,6.26088],[-75.651309,6.260766],[-75.650905,6.260848],[-75.650429,6.260788],[-75.650198,6.260713],[-75.649899,6.260497],[-75.649582,6.260143],[-75.649408,6.259714],[-75.649472,6.259256],[-75.649415,6.2587],[-75.649423,6.257743],[-75.649381,6.257204],[-75.649453,6.257044],[-75.649441,6.256858],[-75.649224,6.256391],[-75.64855,6.255484],[-75.64852,6.255347],[-75.648539,6.255019],[-75.648471,6.254796],[-75.648206,6.25441],[-75.648027,6.254025],[-75.647714,6.253678],[-75.647689,6.25354],[-75.647718,6.25321],[-75.647586,6.253164],[-75.647355,6.253147],[-75.646757,6.253241],[-75.6467,6.253174],[-75.646682,6.252894],[-75.646643,6.25281],[-75.646601,6.252795],[-75.646373,6.252897],[-75.646192,6.252871],[-75.646149,6.252794],[-75.646204,6.252616],[-75.646186,6.252573],[-75.646105,6.252529],[-75.645978,6.252582],[-75.645828,6.252757],[-75.64569,6.252774],[-75.645554,6.252747],[-75.645148,6.25252],[-75.645107,6.252199],[-75.64506,6.252118],[-75.644598,6.251903],[-75.644472,6.251947],[-75.644421,6.252124],[-75.64435,6.252178],[-75.643873,6.251944],[-75.643659,6.252021],[-75.643599,6.251939],[-75.643593,6.251724],[-75.643499,6.251594],[-75.643417,6.251539],[-75.643353,6.25153],[-75.643231,6.251592],[-75.643139,6.251582],[-75.643069,6.251522],[-75.643065,6.25138],[-75.642831,6.25134],[-75.642428,6.251169],[-75.642411,6.251135],[-75.641881,6.250935],[-75.64152,6.250721],[-75.641212,6.250369],[-75.64108,6.250335],[-75.641004,6.250386],[-75.640836,6.25061],[-75.640746,6.250627],[-75.640519,6.250561],[-75.640385,6.250599],[-75.640316,6.250661],[-75.640209,6.25088],[-75.640124,6.250978],[-75.639761,6.251085],[-75.639607,6.25118],[-75.639481,6.251315],[-75.639418,6.251687],[-75.639282,6.251815],[-75.638736,6.251994],[-75.638329,6.251895],[-75.638051,6.252065],[-75.63797,6.252077],[-75.637881,6.252444],[-75.637579,6.252798],[-75.637243,6.253476],[-75.637154,6.253468],[-75.636996,6.253375],[-75.63684,6.253357],[-75.636255,6.253124],[-75.636193,6.253163],[-75.635949,6.253484],[-75.635547,6.253651],[-75.635399,6.253761],[-75.634626,6.253742],[-75.633839,6.253821],[-75.633363,6.253582],[-75.632832,6.253571],[-75.632538,6.254205],[-75.632427,6.254366],[-75.631686,6.255],[-75.631695,6.255115],[-75.6316,6.255249],[-75.631485,6.255335],[-75.631408,6.255354],[-75.631097,6.255276],[-75.630674,6.255461],[-75.630382,6.255508],[-75.630248,6.255483],[-75.630051,6.25527],[-75.629677,6.255093],[-75.629691,6.254972],[-75.629048,6.254643],[-75.628834,6.254802],[-75.628751,6.254889],[-75.628626,6.25522],[-75.628667,6.255196],[-75.629039,6.255515],[-75.629034,6.255623],[-75.629124,6.255719],[-75.629282,6.255993],[-75.629306,6.256142],[-75.629168,6.256131],[-75.628858,6.256198],[-75.628813,6.256229],[-75.628827,6.256294],[-75.628767,6.256307],[-75.628773,6.256337],[-75.629269,6.256251],[-75.629631,6.256555],[-75.62971,6.256687],[-75.629914,6.256824],[-75.630045,6.257205],[-75.629826,6.257352],[-75.629884,6.257436],[-75.630069,6.257483],[-75.630167,6.25761],[-75.630213,6.257596],[-75.630302,6.257372],[-75.630372,6.257335],[-75.630689,6.257249],[-75.630948,6.257358],[-75.630985,6.257417],[-75.630886,6.257549],[-75.63093,6.257704],[-75.630769,6.257841],[-75.630831,6.257854],[-75.630928,6.257956],[-75.631144,6.258324],[-75.631214,6.258343],[-75.631436,6.258276],[-75.631471,6.258333],[-75.631518,6.258308],[-75.631609,6.258453],[-75.631551,6.258564],[-75.631234,6.258729],[-75.631178,6.258806],[-75.630922,6.258842],[-75.630822,6.258767],[-75.631151,6.259207],[-75.630115,6.259906],[-75.630069,6.25982],[-75.629919,6.259679],[-75.629637,6.259768],[-75.629515,6.259881],[-75.629405,6.260184],[-75.628989,6.259747],[-75.628905,6.259532],[-75.6287,6.259329],[-75.628796,6.259252],[-75.628353,6.258716],[-75.628296,6.258616],[-75.628253,6.258355],[-75.62804,6.258315],[-75.62803,6.258395],[-75.628206,6.259092],[-75.628502,6.25959],[-75.628621,6.259911],[-75.628622,6.259935],[-75.628321,6.2601],[-75.628156,6.260281],[-75.628645,6.260763],[-75.62858,6.260903],[-75.628379,6.260903],[-75.627957,6.261015],[-75.627828,6.261021],[-75.627977,6.261365],[-75.628557,6.261805],[-75.628662,6.261934],[-75.628861,6.262538],[-75.628737,6.263018],[-75.628853,6.263125],[-75.628885,6.263247],[-75.630129,6.263809],[-75.630559,6.263847],[-75.630728,6.263807],[-75.630881,6.263715],[-75.630963,6.263711],[-75.631082,6.263749],[-75.631293,6.26391],[-75.631748,6.264599],[-75.631922,6.264765],[-75.632113,6.265027],[-75.631627,6.26565],[-75.632004,6.266025],[-75.632494,6.266366],[-75.632573,6.266554],[-75.63308,6.266648],[-75.63324,6.266745],[-75.633719,6.266616],[-75.634266,6.266705],[-75.634652,6.266731],[-75.635133,6.266547],[-75.635493,6.266351],[-75.635449,6.26661],[-75.635406,6.266607],[-75.635249,6.267461],[-75.635351,6.267479],[-75.635703,6.267702],[-75.635793,6.267709],[-75.635728,6.267419],[-75.635796,6.267122],[-75.636721,6.267265],[-75.636684,6.267589],[-75.636549,6.267701],[-75.636723,6.267851],[-75.636912,6.26821],[-75.636977,6.268272],[-75.637124,6.268304],[-75.637451,6.268779],[-75.637798,6.269025],[-75.637751,6.2693],[-75.637625,6.269723],[-75.637538,6.269902],[-75.637607,6.270026],[-75.638058,6.270398],[-75.637922,6.270546],[-75.637933,6.27069],[-75.63778,6.270825],[-75.637581,6.271138],[-75.637268,6.271776],[-75.637107,6.272456],[-75.637168,6.27308],[-75.637096,6.273323],[-75.637113,6.273563],[-75.63676,6.274022],[-75.636377,6.274049],[-75.636257,6.274232],[-75.635846,6.274702],[-75.635478,6.274897],[-75.635431,6.274855],[-75.634997,6.275089],[-75.634931,6.275223],[-75.635013,6.275341],[-75.635326,6.275645],[-75.635617,6.275731],[-75.635661,6.275697],[-75.635693,6.275783],[-75.635704,6.275698],[-75.635975,6.275517],[-75.636122,6.275517],[-75.636324,6.27544],[-75.636892,6.275597],[-75.637295,6.27583],[-75.637529,6.275787],[-75.637803,6.275652],[-75.638474,6.275817],[-75.63855,6.275811],[-75.638689,6.275722],[-75.638834,6.275557],[-75.638854,6.275591],[-75.638853,6.275558],[-75.638949,6.275474],[-75.639044,6.27545],[-75.639264,6.275465],[-75.639464,6.275309],[-75.639553,6.275301],[-75.639605,6.275335],[-75.639635,6.275416],[-75.639807,6.275543],[-75.63997,6.275524],[-75.640429,6.275963],[-75.640802,6.276195],[-75.641187,6.276188],[-75.641557,6.276233]]]]},"properties":{"CODIGO":"6001","COMUNA":"60","BARRIO":"01","NOMBRE_BARRIO":"La Loma","SECTOR":7,"INDICADOR_UR":"R","NOMBRE_COMUNA":"SAN CRISTOBAL","MUNICIPIO":"001"}},{"type":"Feature","id":52,"geometry":{"type":"Polygon","coordinates":[[[-75.701356,6.337582],[-75.701564,6.337513],[-75.701868,6.33747],[-75.702112,6.33752],[-75.702378,6.337449],[-75.702741,6.337495],[-75.7028,6.337584],[-75.702774,6.337974],[-75.702865,6.338129],[-75.702946,6.33817],[-75.703176,6.338162],[-75.70336,6.338193],[-75.703463,6.338236],[-75.703539,6.338319],[-75.703553,6.338456],[-75.703513,6.338845],[-75.703596,6.339028],[-75.703934,6.339001],[-75.704125,6.339159],[-75.704261,6.339179],[-75.704432,6.33933],[-75.704669,6.339412],[-75.7049,6.339562],[-75.705363,6.339617],[-75.705591,6.339843],[-75.706032,6.340125],[-75.7062,6.340128],[-75.706486,6.340229],[-75.706932,6.340255],[-75.707336,6.340342],[-75.707529,6.340419],[-75.707578,6.340467],[-75.707633,6.340632],[-75.70768,6.341052],[-75.70775,6.341142],[-75.707981,6.341213],[-75.708059,6.34128],[-75.708101,6.341391],[-75.708082,6.341729],[-75.708162,6.341807],[-75.708358,6.341883],[-75.708436,6.341959],[-75.70845,6.342026],[-75.708319,6.342487],[-75.708466,6.342603],[-75.708807,6.342789],[-75.709012,6.343197],[-75.709093,6.343276],[-75.709205,6.343284],[-75.709481,6.343181],[-75.709587,6.343178],[-75.709932,6.343258],[-75.71011,6.343209],[-75.710438,6.34296],[-75.710757,6.342852],[-75.710971,6.34265],[-75.711627,6.342408],[-75.712298,6.342431],[-75.712492,6.342523],[-75.712564,6.342727],[-75.712505,6.342875],[-75.712491,6.343022],[-75.712604,6.343379],[-75.712572,6.343723],[-75.712665,6.343967],[-75.712785,6.344046],[-75.713155,6.344134],[-75.713516,6.343999],[-75.713654,6.344017],[-75.713669,6.344059],[-75.713535,6.344465],[-75.713189,6.34499],[-75.713061,6.345269],[-75.713066,6.345328],[-75.713188,6.345491],[-75.713264,6.345714],[-75.713505,6.345936],[-75.713561,6.346025],[-75.713553,6.346181],[-75.713401,6.346363],[-75.713385,6.346466],[-75.71353,6.346755],[-75.713554,6.346937],[-75.713673,6.347092],[-75.713766,6.347013],[-75.714205,6.34679],[-75.714648,6.346702],[-75.714859,6.346594],[-75.715095,6.346215],[-75.715196,6.346153],[-75.715346,6.346161],[-75.715786,6.346403],[-75.716051,6.346434],[-75.716213,6.346367],[-75.716497,6.346069],[-75.716589,6.346044],[-75.716787,6.346072],[-75.716907,6.346053],[-75.717326,6.345782],[-75.717688,6.345635],[-75.717731,6.345584],[-75.717786,6.345341],[-75.717816,6.344682],[-75.718015,6.344348],[-75.71816,6.343981],[-75.718313,6.343765],[-75.718959,6.343357],[-75.718953,6.343245],[-75.718461,6.342531],[-75.718434,6.342398],[-75.71848,6.342306],[-75.718535,6.342274],[-75.718715,6.342192],[-75.71912,6.342106],[-75.719262,6.342004],[-75.719313,6.341824],[-75.71931,6.3417],[-75.71918,6.340991],[-75.719301,6.340062],[-75.719279,6.340002],[-75.718778,6.339525],[-75.718736,6.339424],[-75.718728,6.339187],[-75.718654,6.339035],[-75.718379,6.33873],[-75.718045,6.338462],[-75.718042,6.338395],[-75.718314,6.33817],[-75.718337,6.338118],[-75.718317,6.338001],[-75.718182,6.337886],[-75.717865,6.337774],[-75.717779,6.337656],[-75.717745,6.337473],[-75.717582,6.33732],[-75.717585,6.337206],[-75.717764,6.336857],[-75.717809,6.33665],[-75.717788,6.336522],[-75.717599,6.336069],[-75.717593,6.335858],[-75.717543,6.335702],[-75.717474,6.335608],[-75.717349,6.335533],[-75.717029,6.335522],[-75.716748,6.335571],[-75.716515,6.335551],[-75.716388,6.335497],[-75.716313,6.335402],[-75.716296,6.3352],[-75.716211,6.334994],[-75.715953,6.334586],[-75.715921,6.334337],[-75.716063,6.333916],[-75.716036,6.333507],[-75.716104,6.333331],[-75.716212,6.333205],[-75.716673,6.332818],[-75.717046,6.332619],[-75.71722,6.332224],[-75.717537,6.332193],[-75.717901,6.33194],[-75.718023,6.331493],[-75.718058,6.331469],[-75.718364,6.331468],[-75.718506,6.331373],[-75.718525,6.330815],[-75.718583,6.330581],[-75.718525,6.330097],[-75.718596,6.329968],[-75.718781,6.329809],[-75.718873,6.329455],[-75.719081,6.329257],[-75.719096,6.329201],[-75.719028,6.329035],[-75.718747,6.328677],[-75.718564,6.328367],[-75.718041,6.327722],[-75.71794,6.327333],[-75.717768,6.327054],[-75.717765,6.326994],[-75.717827,6.326911],[-75.718195,6.326739],[-75.718328,6.326594],[-75.718343,6.326462],[-75.718306,6.326327],[-75.71795,6.326332],[-75.717323,6.326219],[-75.716963,6.32622],[-75.716255,6.326138],[-75.715135,6.326087],[-75.715217,6.325522],[-75.715227,6.324988],[-75.715258,6.324823],[-75.715237,6.324566],[-75.714806,6.3247],[-75.714693,6.324813],[-75.714046,6.325111],[-75.713631,6.325517],[-75.713456,6.325777],[-75.713412,6.325652],[-75.713374,6.325628],[-75.713328,6.325637],[-75.71328,6.325724],[-75.713229,6.325725],[-75.713176,6.325653],[-75.713079,6.325648],[-75.713054,6.325581],[-75.712988,6.325732],[-75.712923,6.325599],[-75.712944,6.325238],[-75.712805,6.324987],[-75.712711,6.324897],[-75.712836,6.324813],[-75.712872,6.324754],[-75.712857,6.32448],[-75.712763,6.324247],[-75.712694,6.324159],[-75.712239,6.323818],[-75.711728,6.323277],[-75.711327,6.323125],[-75.711518,6.322807],[-75.711689,6.322289],[-75.711392,6.322152],[-75.711237,6.321993],[-75.711159,6.321996],[-75.710684,6.322056],[-75.710684,6.322235],[-75.709689,6.322197],[-75.70961,6.32226],[-75.709372,6.32259],[-75.709081,6.322485],[-75.708387,6.322452],[-75.708294,6.322388],[-75.708399,6.322143],[-75.708062,6.322071],[-75.707501,6.322193],[-75.707568,6.322027],[-75.707615,6.321633],[-75.707326,6.321763],[-75.707193,6.321745],[-75.707035,6.321916],[-75.706552,6.322255],[-75.706456,6.32238],[-75.705987,6.322517],[-75.705918,6.322664],[-75.706281,6.323074],[-75.706563,6.323472],[-75.70639,6.323665],[-75.706357,6.323889],[-75.706455,6.324018],[-75.706459,6.324134],[-75.706588,6.324478],[-75.706718,6.325023],[-75.706773,6.325091],[-75.70695,6.325089],[-75.707,6.325137],[-75.706664,6.325158],[-75.706542,6.325205],[-75.706354,6.32505],[-75.706199,6.325005],[-75.705691,6.325042],[-75.70555,6.325004],[-75.705302,6.324851],[-75.705083,6.324817],[-75.705138,6.324895],[-75.705109,6.325031],[-75.705046,6.325099],[-75.70492,6.325156],[-75.704843,6.325298],[-75.704696,6.325366],[-75.704656,6.32545],[-75.704678,6.325609],[-75.704612,6.325674],[-75.704599,6.325529],[-75.704479,6.325497],[-75.704408,6.325401],[-75.704381,6.325306],[-75.704391,6.32516],[-75.704311,6.325132],[-75.704243,6.324855],[-75.704021,6.324605],[-75.703926,6.324419],[-75.703303,6.323917],[-75.70314,6.323713],[-75.703037,6.323669],[-75.702999,6.323604],[-75.70268,6.323526],[-75.702541,6.323218],[-75.702402,6.323099],[-75.702118,6.322933],[-75.702028,6.322846],[-75.701973,6.322715],[-75.701817,6.322654],[-75.701825,6.322608],[-75.701593,6.322488],[-75.701452,6.322539],[-75.701445,6.32243],[-75.701286,6.322354],[-75.70125,6.322309],[-75.701267,6.322254],[-75.701181,6.322082],[-75.700906,6.321977],[-75.701109,6.321925],[-75.701114,6.321873],[-75.701044,6.321767],[-75.701037,6.321701],[-75.700952,6.321599],[-75.700838,6.321537],[-75.700518,6.321463],[-75.70039,6.321393],[-75.700298,6.321296],[-75.700047,6.321236],[-75.699856,6.321102],[-75.699666,6.321043],[-75.699557,6.32105],[-75.699433,6.320904],[-75.699281,6.320822],[-75.699095,6.320807],[-75.698895,6.320886],[-75.698814,6.320876],[-75.698732,6.320815],[-75.698452,6.320756],[-75.698302,6.32016],[-75.698036,6.319887],[-75.697707,6.319853],[-75.697689,6.319362],[-75.697502,6.318398],[-75.697305,6.318083],[-75.697187,6.317644],[-75.697181,6.317117],[-75.697058,6.31615],[-75.697211,6.315399],[-75.69707,6.315002],[-75.69707,6.314878],[-75.697134,6.314757],[-75.697023,6.314058],[-75.696944,6.313942],[-75.696784,6.313852],[-75.696572,6.313277],[-75.696518,6.312907],[-75.696531,6.312481],[-75.696292,6.312108],[-75.696283,6.311967],[-75.696365,6.311697],[-75.696374,6.311501],[-75.696225,6.311166],[-75.696201,6.310954],[-75.696085,6.310761],[-75.696044,6.310587],[-75.696038,6.31039],[-75.696111,6.309724],[-75.6961,6.30954],[-75.69603,6.309367],[-75.695895,6.308635],[-75.696044,6.308147],[-75.696027,6.307988],[-75.695857,6.307792],[-75.695672,6.307715],[-75.695251,6.307635],[-75.695084,6.307714],[-75.695,6.307703],[-75.694389,6.307229],[-75.694263,6.307182],[-75.694483,6.306879],[-75.694937,6.306739],[-75.69515,6.306739],[-75.695517,6.306486],[-75.695843,6.306411],[-75.696068,6.306273],[-75.696344,6.306023],[-75.696695,6.305835],[-75.696845,6.305684],[-75.697346,6.305559],[-75.697643,6.305383],[-75.697977,6.305407],[-75.6981,6.305445],[-75.698333,6.30544],[-75.698606,6.305501],[-75.69875,6.305454],[-75.698994,6.305456],[-75.699061,6.305359],[-75.699088,6.305202],[-75.699169,6.305098],[-75.699434,6.305078],[-75.699884,6.304909],[-75.700098,6.304883],[-75.700755,6.304649],[-75.700873,6.304545],[-75.70097,6.304525],[-75.701211,6.304608],[-75.701545,6.304646],[-75.701803,6.30475],[-75.70199,6.304912],[-75.702083,6.305103],[-75.702535,6.305247],[-75.702681,6.305359],[-75.70291,6.305385],[-75.703116,6.305537],[-75.703271,6.305586],[-75.703463,6.305559],[-75.70358,6.305403],[-75.703731,6.305284],[-75.703847,6.304977],[-75.703833,6.304701],[-75.703931,6.304441],[-75.704004,6.304068],[-75.70399,6.303924],[-75.704118,6.30326],[-75.703834,6.303209],[-75.704254,6.302216],[-75.704419,6.301525],[-75.704617,6.301088],[-75.704923,6.300245],[-75.70483,6.300375],[-75.704755,6.300408],[-75.70449,6.300439],[-75.704328,6.300505],[-75.704128,6.300499],[-75.703864,6.30038],[-75.703651,6.300487],[-75.703445,6.300952],[-75.703277,6.301162],[-75.703086,6.301304],[-75.702753,6.301403],[-75.702421,6.301341],[-75.70225,6.301401],[-75.70203,6.301555],[-75.701807,6.301633],[-75.701384,6.301651],[-75.700713,6.302],[-75.700601,6.302013],[-75.700398,6.301908],[-75.699698,6.301828],[-75.699266,6.301877],[-75.698917,6.30186],[-75.697808,6.301973],[-75.697565,6.301322],[-75.697309,6.301088],[-75.696958,6.300918],[-75.697073,6.300317],[-75.697115,6.299636],[-75.697009,6.299529],[-75.696955,6.299348],[-75.696987,6.299188],[-75.696934,6.298879],[-75.696742,6.298379],[-75.696612,6.298215],[-75.696421,6.298045],[-75.695952,6.29796],[-75.695643,6.297789],[-75.695188,6.297496],[-75.694676,6.297],[-75.692551,6.295846],[-75.692134,6.295276],[-75.691918,6.294843],[-75.691509,6.294314],[-75.690847,6.293938],[-75.690166,6.293641],[-75.690131,6.293405],[-75.690139,6.293202],[-75.690156,6.293001],[-75.690227,6.292738],[-75.690074,6.292659],[-75.690138,6.292371],[-75.690011,6.291561],[-75.689998,6.291288],[-75.690144,6.290823],[-75.690189,6.290576],[-75.690212,6.290251],[-75.69017,6.289978],[-75.690244,6.288635],[-75.690224,6.288135],[-75.6901,6.287816],[-75.689803,6.287603],[-75.689635,6.287343],[-75.689475,6.286936],[-75.689374,6.286776],[-75.689094,6.286496],[-75.688993,6.286185],[-75.688917,6.286061],[-75.688875,6.285871],[-75.688765,6.285658],[-75.688575,6.284996],[-75.68823,6.284531],[-75.688135,6.284318],[-75.688006,6.2842],[-75.687885,6.283866],[-75.687818,6.282947],[-75.687599,6.282108],[-75.687523,6.281581],[-75.687531,6.281354],[-75.687218,6.280847],[-75.687167,6.280592],[-75.687086,6.28042],[-75.687097,6.280314],[-75.687244,6.280159],[-75.687234,6.279848],[-75.687407,6.279464],[-75.687492,6.279083],[-75.687203,6.278987],[-75.68708,6.279006],[-75.686809,6.279125],[-75.686758,6.279432],[-75.686659,6.279576],[-75.686556,6.279434],[-75.685859,6.279965],[-75.685852,6.279515],[-75.6842,6.279389],[-75.684185,6.279557],[-75.683647,6.279878],[-75.683907,6.280074],[-75.683338,6.279996],[-75.683205,6.280379],[-75.683617,6.280437],[-75.683513,6.280527],[-75.683118,6.280701],[-75.682903,6.280874],[-75.681881,6.281856],[-75.681666,6.28217],[-75.681599,6.282223],[-75.680735,6.282405],[-75.680226,6.282331],[-75.679485,6.282636],[-75.679121,6.282678],[-75.678706,6.283103],[-75.67862,6.283143],[-75.678587,6.283209],[-75.678029,6.283665],[-75.677936,6.283862],[-75.677697,6.284191],[-75.67743,6.284416],[-75.677342,6.284712],[-75.677083,6.285078],[-75.677096,6.285254],[-75.677046,6.285446],[-75.67685,6.285593],[-75.676653,6.285876],[-75.676435,6.285965],[-75.676162,6.286137],[-75.675922,6.286656],[-75.675599,6.286794],[-75.675507,6.286909],[-75.675285,6.286994],[-75.675134,6.287122],[-75.675028,6.28723],[-75.674896,6.287471],[-75.674785,6.287598],[-75.674682,6.28783],[-75.673834,6.28841],[-75.673181,6.289121],[-75.67292,6.289687],[-75.672666,6.290107],[-75.67257,6.290448],[-75.672443,6.290698],[-75.672402,6.291037],[-75.672327,6.291116],[-75.67227,6.29139],[-75.67207,6.291548],[-75.671793,6.292063],[-75.671835,6.292542],[-75.671775,6.292804],[-75.671551,6.292936],[-75.671424,6.293142],[-75.671419,6.293237],[-75.671503,6.293525],[-75.671586,6.293628],[-75.671547,6.293913],[-75.671658,6.294245],[-75.671638,6.294599],[-75.671517,6.294749],[-75.671388,6.295079],[-75.671369,6.295245],[-75.671426,6.295514],[-75.671385,6.295546],[-75.671422,6.295639],[-75.671413,6.295985],[-75.671324,6.296541],[-75.671352,6.297099],[-75.67128,6.297371],[-75.671367,6.297976],[-75.671237,6.298386],[-75.67131,6.298445],[-75.67119,6.298857],[-75.671203,6.299036],[-75.671127,6.299164],[-75.671145,6.299259],[-75.671034,6.299299],[-75.670993,6.299351],[-75.670919,6.299621],[-75.670932,6.299685],[-75.67115,6.299906],[-75.671268,6.300302],[-75.671348,6.300412],[-75.67144,6.300475],[-75.67145,6.300608],[-75.671417,6.300697],[-75.671273,6.300765],[-75.671246,6.300864],[-75.671292,6.301152],[-75.671408,6.301509],[-75.671431,6.301767],[-75.671303,6.30192],[-75.671409,6.301991],[-75.671504,6.302178],[-75.671632,6.303143],[-75.67165,6.303947],[-75.671703,6.304107],[-75.671852,6.304351],[-75.671953,6.304792],[-75.671906,6.304855],[-75.67193,6.305022],[-75.671777,6.30584],[-75.671727,6.305852],[-75.671795,6.306223],[-75.671788,6.306524],[-75.671705,6.307199],[-75.671705,6.307342],[-75.671756,6.307479],[-75.671729,6.307678],[-75.671682,6.307834],[-75.671459,6.308274],[-75.67142,6.308455],[-75.671367,6.308504],[-75.671084,6.308557],[-75.67085,6.308836],[-75.670801,6.309057],[-75.670598,6.309375],[-75.670496,6.309435],[-75.670302,6.309468],[-75.670097,6.309632],[-75.669836,6.309966],[-75.669396,6.310378],[-75.669104,6.310818],[-75.668882,6.310991],[-75.668604,6.311283],[-75.668451,6.311584],[-75.668284,6.311808],[-75.668196,6.312025],[-75.668327,6.31265],[-75.668447,6.313021],[-75.668654,6.313417],[-75.668578,6.313771],[-75.668644,6.313982],[-75.668757,6.314188],[-75.668998,6.315286],[-75.669275,6.315827],[-75.669447,6.316264],[-75.669566,6.316782],[-75.669707,6.316935],[-75.669825,6.317468],[-75.669914,6.317715],[-75.669987,6.317787],[-75.670187,6.318154],[-75.670219,6.318267],[-75.670254,6.318702],[-75.670373,6.318983],[-75.670387,6.319097],[-75.670291,6.319855],[-75.670318,6.320059],[-75.670299,6.320111],[-75.670456,6.320165],[-75.670977,6.320088],[-75.671175,6.320219],[-75.671468,6.320325],[-75.672025,6.320322],[-75.672099,6.320371],[-75.672204,6.320533],[-75.672411,6.320624],[-75.672449,6.320802],[-75.672388,6.321217],[-75.672347,6.3213],[-75.672008,6.321616],[-75.671956,6.321744],[-75.672335,6.321752],[-75.672656,6.321806],[-75.672936,6.321809],[-75.672992,6.321841],[-75.673142,6.321736],[-75.673461,6.321767],[-75.673718,6.32193],[-75.67388,6.322108],[-75.674182,6.322329],[-75.674457,6.322394],[-75.674786,6.322575],[-75.674686,6.321383],[-75.674832,6.321375],[-75.675062,6.3216],[-75.675096,6.3218],[-75.675389,6.322161],[-75.675692,6.322686],[-75.67575,6.322862],[-75.675825,6.322979],[-75.675976,6.323102],[-75.676068,6.323116],[-75.676146,6.323168],[-75.676269,6.32333],[-75.676454,6.323319],[-75.676852,6.323452],[-75.677076,6.3237],[-75.677144,6.323673],[-75.677211,6.323691],[-75.677285,6.323829],[-75.677499,6.324013],[-75.677975,6.323409],[-75.678088,6.323305],[-75.678303,6.322991],[-75.678396,6.322697],[-75.678402,6.322148],[-75.678472,6.321978],[-75.678347,6.321797],[-75.678537,6.321712],[-75.679099,6.321682],[-75.679334,6.321703],[-75.679514,6.321761],[-75.679753,6.321908],[-75.679933,6.322121],[-75.680245,6.322403],[-75.68038,6.322593],[-75.681039,6.322712],[-75.68137,6.322924],[-75.681532,6.32297],[-75.681668,6.322837],[-75.682019,6.322596],[-75.682206,6.32256],[-75.682488,6.322575],[-75.682788,6.322443],[-75.683232,6.322429],[-75.683573,6.322278],[-75.683798,6.322317],[-75.685038,6.321763],[-75.685268,6.32171],[-75.685734,6.321755],[-75.685921,6.321733],[-75.686223,6.321605],[-75.686785,6.32163],[-75.68693,6.321692],[-75.686967,6.321745],[-75.686915,6.321823],[-75.686915,6.321917],[-75.686957,6.322001],[-75.687037,6.322049],[-75.687224,6.322261],[-75.687846,6.322677],[-75.6879,6.322752],[-75.688044,6.323345],[-75.688067,6.323843],[-75.688114,6.324055],[-75.68804,6.324661],[-75.688089,6.324799],[-75.688175,6.324895],[-75.688204,6.324883],[-75.688267,6.325105],[-75.688335,6.325168],[-75.688544,6.325267],[-75.68883,6.325349],[-75.688922,6.325332],[-75.68904,6.325362],[-75.689145,6.325437],[-75.689265,6.325644],[-75.68938,6.325702],[-75.689472,6.325705],[-75.689566,6.325653],[-75.690024,6.325766],[-75.69019,6.325925],[-75.690365,6.326336],[-75.690466,6.326445],[-75.690692,6.326601],[-75.690755,6.326802],[-75.690976,6.327123],[-75.691209,6.327198],[-75.691282,6.327292],[-75.69138,6.327539],[-75.691528,6.327641],[-75.691847,6.327994],[-75.691942,6.328067],[-75.692079,6.328069],[-75.692627,6.328586],[-75.692959,6.328585],[-75.693087,6.328614],[-75.693182,6.328675],[-75.693341,6.328653],[-75.693644,6.328798],[-75.693764,6.328905],[-75.694061,6.329479],[-75.694527,6.329722],[-75.694673,6.329967],[-75.694828,6.330081],[-75.695142,6.330179],[-75.695436,6.330501],[-75.695986,6.331225],[-75.69596,6.331453],[-75.695987,6.331649],[-75.696078,6.33178],[-75.696331,6.33191],[-75.696531,6.332066],[-75.696852,6.332165],[-75.697039,6.332294],[-75.697252,6.332526],[-75.697313,6.332723],[-75.697176,6.333121],[-75.697433,6.333321],[-75.69748,6.33349],[-75.697452,6.333559],[-75.697256,6.333638],[-75.697262,6.333755],[-75.697441,6.333975],[-75.697571,6.334647],[-75.69758,6.334884],[-75.697666,6.335165],[-75.697938,6.33529],[-75.698055,6.335766],[-75.698201,6.33596],[-75.698327,6.336012],[-75.698712,6.33648],[-75.69901,6.336765],[-75.699187,6.336782],[-75.699463,6.336713],[-75.69962,6.336787],[-75.699716,6.336859],[-75.699699,6.336894],[-75.699802,6.336934],[-75.700117,6.336875],[-75.700345,6.336906],[-75.70062,6.336881],[-75.700732,6.336902],[-75.700936,6.337085],[-75.70119,6.337469],[-75.701356,6.337582]]]},"properties":{"CODIGO":"5002","COMUNA":"50","BARRIO":"02","NOMBRE_BARRIO":"La Frisola","SECTOR":7,"INDICADOR_UR":"R","NOMBRE_COMUNA":"PALMITAS","MUNICIPIO":"001"}},{"type":"Feature","id":53,"geometry":{"type":"Polygon","coordinates":[[[-75.670015,6.345877],[-75.670289,6.345872],[-75.670688,6.345775],[-75.67104,6.345775],[-75.671134,6.345727],[-75.67119,6.345566],[-75.671124,6.345077],[-75.671137,6.344766],[-75.67118,6.344658],[-75.671274,6.344569],[-75.671429,6.344471],[-75.671524,6.344458],[-75.672471,6.344333],[-75.672715,6.344352],[-75.672908,6.344435],[-75.673045,6.34458],[-75.673358,6.344717],[-75.673635,6.34502],[-75.673914,6.345123],[-75.674175,6.345263],[-75.674705,6.345239],[-75.674981,6.345169],[-75.675683,6.344853],[-75.676181,6.344736],[-75.676477,6.344506],[-75.676708,6.344401],[-75.676948,6.344324],[-75.677385,6.34425],[-75.677539,6.344189],[-75.677622,6.344126],[-75.677715,6.343989],[-75.677879,6.343529],[-75.678201,6.343366],[-75.678605,6.342897],[-75.678768,6.342823],[-75.679238,6.342761],[-75.67959,6.342441],[-75.680014,6.342615],[-75.680285,6.342664],[-75.680593,6.34281],[-75.68095,6.343117],[-75.681139,6.343014],[-75.681212,6.342895],[-75.681288,6.342848],[-75.681659,6.342887],[-75.68183,6.342956],[-75.682096,6.342919],[-75.682114,6.342883],[-75.681729,6.342256],[-75.681763,6.342224],[-75.682138,6.341923],[-75.682265,6.341865],[-75.683472,6.341731],[-75.683731,6.341628],[-75.683973,6.341287],[-75.684361,6.340947],[-75.684455,6.340713],[-75.684782,6.340381],[-75.685233,6.339846],[-75.685526,6.339615],[-75.686102,6.339369],[-75.686309,6.339179],[-75.686416,6.338972],[-75.686449,6.338787],[-75.686418,6.338557],[-75.686487,6.338438],[-75.686659,6.338367],[-75.686984,6.338351],[-75.687184,6.338234],[-75.687318,6.338198],[-75.687938,6.338276],[-75.688077,6.338257],[-75.688181,6.338104],[-75.688213,6.337827],[-75.688323,6.337745],[-75.688506,6.337712],[-75.688696,6.337513],[-75.688945,6.337513],[-75.689383,6.337574],[-75.689498,6.337558],[-75.689629,6.337602],[-75.689751,6.337526],[-75.689877,6.337519],[-75.690112,6.337578],[-75.690355,6.337712],[-75.690497,6.337836],[-75.690779,6.337743],[-75.691033,6.337792],[-75.691345,6.337712],[-75.691633,6.337774],[-75.69163,6.337822],[-75.691802,6.337979],[-75.691875,6.338099],[-75.691997,6.338541],[-75.69223,6.338538],[-75.692865,6.338383],[-75.693515,6.338424],[-75.693918,6.338532],[-75.693997,6.338579],[-75.694069,6.338698],[-75.694088,6.338927],[-75.694156,6.338986],[-75.694246,6.339006],[-75.694384,6.338981],[-75.694684,6.338853],[-75.694826,6.338568],[-75.695152,6.338381],[-75.696043,6.338107],[-75.696145,6.338014],[-75.69634,6.337696],[-75.69644,6.337601],[-75.696762,6.337612],[-75.697064,6.337495],[-75.697204,6.337482],[-75.697327,6.337536],[-75.697696,6.337509],[-75.697881,6.337541],[-75.6981,6.337642],[-75.698321,6.337633],[-75.698496,6.337562],[-75.698805,6.337346],[-75.699294,6.337189],[-75.69967,6.336954],[-75.699716,6.336859],[-75.699463,6.336713],[-75.699187,6.336782],[-75.69901,6.336765],[-75.698712,6.33648],[-75.698327,6.336012],[-75.698201,6.33596],[-75.698055,6.335766],[-75.697938,6.33529],[-75.697666,6.335165],[-75.69758,6.334884],[-75.697571,6.334647],[-75.697441,6.333975],[-75.697262,6.333755],[-75.697256,6.333638],[-75.697452,6.333559],[-75.69748,6.33349],[-75.697433,6.333321],[-75.697176,6.333121],[-75.697313,6.332723],[-75.697252,6.332526],[-75.697039,6.332294],[-75.696852,6.332165],[-75.696531,6.332066],[-75.696331,6.33191],[-75.696078,6.33178],[-75.695987,6.331649],[-75.69596,6.331453],[-75.695986,6.331225],[-75.695436,6.330501],[-75.695142,6.330179],[-75.694828,6.330081],[-75.694673,6.329967],[-75.694527,6.329722],[-75.694061,6.329479],[-75.693764,6.328905],[-75.693644,6.328798],[-75.693341,6.328653],[-75.693182,6.328675],[-75.693087,6.328614],[-75.692959,6.328585],[-75.692627,6.328586],[-75.692079,6.328069],[-75.691942,6.328067],[-75.691847,6.327994],[-75.691528,6.327641],[-75.69138,6.327539],[-75.691282,6.327292],[-75.691209,6.327198],[-75.690976,6.327123],[-75.690755,6.326802],[-75.690692,6.326601],[-75.690466,6.326445],[-75.690365,6.326336],[-75.69019,6.325925],[-75.690024,6.325766],[-75.689566,6.325653],[-75.689472,6.325705],[-75.68938,6.325702],[-75.689265,6.325644],[-75.689145,6.325437],[-75.68904,6.325362],[-75.688922,6.325332],[-75.68883,6.325349],[-75.688544,6.325267],[-75.688335,6.325168],[-75.688267,6.325105],[-75.688204,6.324883],[-75.688175,6.324895],[-75.688089,6.324799],[-75.68804,6.324661],[-75.688114,6.324055],[-75.688067,6.323843],[-75.688044,6.323345],[-75.6879,6.322752],[-75.687846,6.322677],[-75.687224,6.322261],[-75.687037,6.322049],[-75.686957,6.322001],[-75.686915,6.321917],[-75.686915,6.321823],[-75.686967,6.321745],[-75.68693,6.321692],[-75.686785,6.32163],[-75.686223,6.321605],[-75.685921,6.321733],[-75.685734,6.321755],[-75.685268,6.32171],[-75.685038,6.321763],[-75.683798,6.322317],[-75.683573,6.322278],[-75.683232,6.322429],[-75.682788,6.322443],[-75.682488,6.322575],[-75.682206,6.32256],[-75.682019,6.322596],[-75.681668,6.322837],[-75.681532,6.32297],[-75.68137,6.322924],[-75.681039,6.322712],[-75.68038,6.322593],[-75.680245,6.322403],[-75.679933,6.322121],[-75.679753,6.321908],[-75.679514,6.321761],[-75.679334,6.321703],[-75.679099,6.321682],[-75.678537,6.321712],[-75.678347,6.321797],[-75.678472,6.321978],[-75.678402,6.322148],[-75.678396,6.322697],[-75.678303,6.322991],[-75.678088,6.323305],[-75.677975,6.323409],[-75.677499,6.324013],[-75.677285,6.323829],[-75.677211,6.323691],[-75.677144,6.323673],[-75.677076,6.3237],[-75.676852,6.323452],[-75.676454,6.323319],[-75.676269,6.32333],[-75.676146,6.323168],[-75.676068,6.323116],[-75.675976,6.323102],[-75.675825,6.322979],[-75.67575,6.322862],[-75.675692,6.322686],[-75.675389,6.322161],[-75.675096,6.3218],[-75.675062,6.3216],[-75.674832,6.321375],[-75.674686,6.321383],[-75.674786,6.322575],[-75.674457,6.322394],[-75.674182,6.322329],[-75.67388,6.322108],[-75.673718,6.32193],[-75.673461,6.321767],[-75.673142,6.321736],[-75.672992,6.321841],[-75.672936,6.321809],[-75.672656,6.321806],[-75.672335,6.321752],[-75.671956,6.321744],[-75.672008,6.321616],[-75.672347,6.3213],[-75.672388,6.321217],[-75.672449,6.320802],[-75.672411,6.320624],[-75.672204,6.320533],[-75.672099,6.320371],[-75.672025,6.320322],[-75.671468,6.320325],[-75.671175,6.320219],[-75.670977,6.320088],[-75.670456,6.320165],[-75.670299,6.320111],[-75.670133,6.320523],[-75.669941,6.320849],[-75.66945,6.321329],[-75.669184,6.321457],[-75.669171,6.321601],[-75.669052,6.321729],[-75.66833,6.322031],[-75.668198,6.322185],[-75.667971,6.322348],[-75.667536,6.322585],[-75.666919,6.322712],[-75.666753,6.322843],[-75.666402,6.323006],[-75.666133,6.323259],[-75.665906,6.323325],[-75.665469,6.323323],[-75.665303,6.323256],[-75.66497,6.323212],[-75.664798,6.323142],[-75.664546,6.323154],[-75.664306,6.323112],[-75.664132,6.323016],[-75.663836,6.322955],[-75.663733,6.322953],[-75.663485,6.323055],[-75.663353,6.323205],[-75.663215,6.323292],[-75.663023,6.323688],[-75.662879,6.323826],[-75.662046,6.324192],[-75.661749,6.324378],[-75.661615,6.324528],[-75.661495,6.324777],[-75.661363,6.324873],[-75.661264,6.325066],[-75.660754,6.325124],[-75.660689,6.325262],[-75.660605,6.325344],[-75.660309,6.325485],[-75.659854,6.325787],[-75.659783,6.326093],[-75.659709,6.326185],[-75.659647,6.326548],[-75.659447,6.32677],[-75.659386,6.326925],[-75.659252,6.327056],[-75.659065,6.32714],[-75.658502,6.327674],[-75.658203,6.327818],[-75.65728,6.328379],[-75.656952,6.328668],[-75.655855,6.328621],[-75.655264,6.329249],[-75.655041,6.330322],[-75.655107,6.331158],[-75.655021,6.332119],[-75.655134,6.332264],[-75.65462,6.332206],[-75.654176,6.332243],[-75.653881,6.332225],[-75.653583,6.332437],[-75.65356,6.332521],[-75.653292,6.332872],[-75.653257,6.333522],[-75.653569,6.333545],[-75.653812,6.333601],[-75.653769,6.333644],[-75.653697,6.333861],[-75.653679,6.334207],[-75.653537,6.334579],[-75.653468,6.334868],[-75.653434,6.335224],[-75.653478,6.335725],[-75.653599,6.336307],[-75.653779,6.336742],[-75.653893,6.337156],[-75.654061,6.338095],[-75.654158,6.33842],[-75.65478,6.33949],[-75.655258,6.340448],[-75.655292,6.340673],[-75.65527,6.341236],[-75.655408,6.341707],[-75.655345,6.342052],[-75.655469,6.342264],[-75.655648,6.342181],[-75.656216,6.341678],[-75.656294,6.341553],[-75.656437,6.340721],[-75.656568,6.340747],[-75.65697,6.340886],[-75.657157,6.341],[-75.657584,6.341349],[-75.657918,6.341553],[-75.659058,6.341915],[-75.659956,6.342524],[-75.660564,6.342976],[-75.660708,6.343134],[-75.660849,6.343388],[-75.661408,6.34398],[-75.66164,6.34443],[-75.662461,6.345102],[-75.662799,6.345289],[-75.662962,6.345343],[-75.663155,6.345362],[-75.663272,6.345341],[-75.663598,6.345193],[-75.66405,6.344926],[-75.665064,6.344566],[-75.665265,6.344518],[-75.66577,6.344547],[-75.665824,6.34445],[-75.666395,6.344278],[-75.666526,6.344439],[-75.666742,6.344843],[-75.666928,6.344999],[-75.667672,6.345382],[-75.668454,6.345418],[-75.668707,6.345593],[-75.668946,6.34558],[-75.669417,6.3457],[-75.669884,6.345864],[-75.670015,6.345877]]]},"properties":{"CODIGO":"5003","COMUNA":"50","BARRIO":"03","NOMBRE_BARRIO":"Volcana Guayabal","SECTOR":7,"INDICADOR_UR":"R","NOMBRE_COMUNA":"PALMITAS","MUNICIPIO":"001"}},{"type":"Feature","id":54,"geometry":{"type":"Polygon","coordinates":[[[-75.658642,6.35658],[-75.659294,6.356767],[-75.659734,6.357008],[-75.660395,6.357249],[-75.661045,6.357616],[-75.661171,6.357657],[-75.662917,6.35792],[-75.663074,6.357899],[-75.66364,6.3577],[-75.66385,6.357658],[-75.664133,6.357511],[-75.664951,6.356819],[-75.665308,6.356756],[-75.665652,6.356613],[-75.665914,6.356414],[-75.666044,6.356355],[-75.666321,6.356365],[-75.666418,6.35627],[-75.666647,6.356287],[-75.666776,6.356156],[-75.666898,6.356174],[-75.666925,6.356218],[-75.666988,6.356209],[-75.667037,6.356117],[-75.667052,6.356189],[-75.667103,6.356091],[-75.66715,6.356079],[-75.667148,6.356258],[-75.667197,6.356348],[-75.667255,6.356366],[-75.66748,6.35621],[-75.667663,6.356294],[-75.667895,6.356513],[-75.668276,6.356746],[-75.669098,6.357436],[-75.669266,6.357509],[-75.670004,6.35752],[-75.670571,6.357435],[-75.671043,6.35729],[-75.671745,6.356901],[-75.672227,6.356713],[-75.672432,6.356673],[-75.672796,6.35671],[-75.672993,6.356417],[-75.672983,6.356356],[-75.672922,6.356308],[-75.672927,6.356191],[-75.673243,6.355771],[-75.673242,6.355695],[-75.67314,6.355529],[-75.67326,6.355503],[-75.673278,6.355458],[-75.67321,6.355208],[-75.673261,6.355164],[-75.67335,6.355154],[-75.673441,6.355045],[-75.673769,6.354791],[-75.673961,6.354704],[-75.674133,6.354688],[-75.674191,6.354571],[-75.674311,6.354488],[-75.67442,6.354356],[-75.674838,6.354037],[-75.675213,6.353977],[-75.675716,6.353823],[-75.676189,6.353755],[-75.676446,6.35386],[-75.676633,6.354],[-75.676977,6.354122],[-75.677124,6.354144],[-75.677199,6.354199],[-75.677288,6.354223],[-75.677575,6.354214],[-75.678305,6.354804],[-75.678627,6.35493],[-75.679074,6.35499],[-75.679679,6.354912],[-75.679847,6.354872],[-75.680405,6.354594],[-75.680856,6.354515],[-75.680928,6.35445],[-75.680964,6.354328],[-75.681394,6.353833],[-75.68181,6.353588],[-75.682025,6.353395],[-75.682176,6.353172],[-75.682255,6.352993],[-75.682384,6.352835],[-75.68247,6.352792],[-75.683022,6.35272],[-75.684191,6.352756],[-75.684471,6.352842],[-75.684836,6.353057],[-75.685159,6.353337],[-75.685382,6.353437],[-75.686131,6.354026],[-75.686153,6.353703],[-75.685966,6.353078],[-75.685766,6.352693],[-75.685521,6.352053],[-75.685426,6.351623],[-75.685003,6.350398],[-75.685418,6.350302],[-75.685626,6.350305],[-75.685897,6.350381],[-75.686102,6.350342],[-75.686551,6.350644],[-75.686756,6.350714],[-75.687019,6.350935],[-75.687042,6.350985],[-75.687193,6.350937],[-75.687848,6.351076],[-75.688564,6.351144],[-75.688865,6.351248],[-75.689615,6.351644],[-75.689934,6.351156],[-75.690185,6.350886],[-75.690632,6.350579],[-75.690866,6.35047],[-75.69102,6.349737],[-75.690905,6.349515],[-75.690985,6.34941],[-75.690957,6.349273],[-75.690849,6.349008],[-75.690717,6.348819],[-75.690621,6.348521],[-75.690764,6.348172],[-75.690802,6.348276],[-75.691242,6.348394],[-75.691401,6.348489],[-75.691923,6.348614],[-75.692316,6.348864],[-75.692625,6.349014],[-75.693511,6.349325],[-75.693814,6.349355],[-75.693896,6.349318],[-75.694026,6.349128],[-75.694169,6.348641],[-75.694386,6.348213],[-75.694524,6.348038],[-75.694698,6.347887],[-75.694877,6.347618],[-75.695126,6.347514],[-75.695314,6.347284],[-75.695367,6.347107],[-75.695385,6.346902],[-75.695539,6.346565],[-75.695567,6.346429],[-75.69556,6.346289],[-75.695482,6.346002],[-75.695477,6.345864],[-75.695537,6.345688],[-75.695518,6.345555],[-75.69585,6.345111],[-75.695889,6.344563],[-75.696007,6.344421],[-75.696325,6.344214],[-75.696503,6.343998],[-75.696618,6.343428],[-75.696581,6.342973],[-75.696613,6.34274],[-75.696583,6.342547],[-75.696659,6.342432],[-75.696805,6.342319],[-75.696923,6.341955],[-75.697262,6.341659],[-75.69734,6.341504],[-75.697472,6.341358],[-75.697606,6.341277],[-75.697832,6.341204],[-75.698051,6.341176],[-75.698313,6.341212],[-75.698601,6.34114],[-75.698846,6.341213],[-75.699188,6.341377],[-75.699238,6.34134],[-75.699281,6.34127],[-75.698762,6.340981],[-75.698683,6.340767],[-75.698847,6.340395],[-75.69937,6.339703],[-75.6995,6.339335],[-75.699645,6.339141],[-75.699787,6.33906],[-75.700153,6.338966],[-75.700266,6.338762],[-75.700481,6.338616],[-75.700693,6.338351],[-75.700829,6.338331],[-75.701057,6.338404],[-75.701175,6.338334],[-75.701356,6.337582],[-75.70119,6.337469],[-75.700936,6.337085],[-75.700732,6.336902],[-75.70062,6.336881],[-75.700345,6.336906],[-75.700117,6.336875],[-75.699848,6.336937],[-75.699699,6.336894],[-75.69967,6.336954],[-75.699294,6.337189],[-75.698805,6.337346],[-75.698496,6.337562],[-75.698321,6.337633],[-75.6981,6.337642],[-75.697881,6.337541],[-75.697696,6.337509],[-75.697327,6.337536],[-75.697204,6.337482],[-75.697064,6.337495],[-75.696762,6.337612],[-75.69644,6.337601],[-75.69634,6.337696],[-75.696145,6.338014],[-75.696043,6.338107],[-75.695152,6.338381],[-75.694826,6.338568],[-75.694684,6.338853],[-75.694384,6.338981],[-75.694246,6.339006],[-75.694156,6.338986],[-75.694088,6.338927],[-75.694069,6.338698],[-75.693997,6.338579],[-75.693918,6.338532],[-75.693515,6.338424],[-75.692865,6.338383],[-75.69223,6.338538],[-75.691997,6.338541],[-75.691875,6.338099],[-75.691802,6.337979],[-75.69163,6.337822],[-75.691633,6.337774],[-75.691345,6.337712],[-75.691033,6.337792],[-75.690779,6.337743],[-75.690497,6.337836],[-75.690355,6.337712],[-75.690112,6.337578],[-75.689877,6.337519],[-75.689751,6.337526],[-75.689629,6.337602],[-75.689498,6.337558],[-75.689383,6.337574],[-75.688945,6.337513],[-75.688696,6.337513],[-75.688506,6.337712],[-75.688323,6.337745],[-75.688213,6.337827],[-75.688181,6.338104],[-75.688077,6.338257],[-75.687938,6.338276],[-75.687318,6.338198],[-75.687184,6.338234],[-75.686984,6.338351],[-75.686659,6.338367],[-75.686487,6.338438],[-75.686418,6.338557],[-75.686449,6.338787],[-75.686416,6.338972],[-75.686309,6.339179],[-75.686102,6.339369],[-75.685526,6.339615],[-75.685233,6.339846],[-75.684782,6.340381],[-75.684455,6.340713],[-75.684361,6.340947],[-75.683973,6.341287],[-75.683731,6.341628],[-75.683472,6.341731],[-75.682265,6.341865],[-75.682138,6.341923],[-75.681763,6.342224],[-75.681729,6.342256],[-75.682114,6.342883],[-75.682096,6.342919],[-75.68183,6.342956],[-75.681659,6.342887],[-75.681288,6.342848],[-75.681212,6.342895],[-75.681139,6.343014],[-75.68095,6.343117],[-75.680593,6.34281],[-75.680285,6.342664],[-75.680014,6.342615],[-75.67959,6.342441],[-75.679238,6.342761],[-75.678768,6.342823],[-75.678605,6.342897],[-75.678201,6.343366],[-75.677879,6.343529],[-75.677715,6.343989],[-75.677561,6.344175],[-75.677385,6.34425],[-75.676913,6.344333],[-75.676559,6.34446],[-75.676181,6.344736],[-75.675683,6.344853],[-75.674845,6.345214],[-75.674234,6.345275],[-75.673635,6.34502],[-75.673358,6.344717],[-75.673045,6.34458],[-75.672908,6.344435],[-75.672715,6.344352],[-75.672471,6.344333],[-75.671429,6.344471],[-75.671195,6.344637],[-75.671137,6.344766],[-75.671124,6.345077],[-75.67119,6.345566],[-75.671134,6.345727],[-75.67104,6.345775],[-75.670688,6.345775],[-75.670158,6.345885],[-75.669884,6.345864],[-75.669417,6.3457],[-75.668946,6.34558],[-75.668707,6.345593],[-75.668454,6.345418],[-75.667672,6.345382],[-75.666928,6.344999],[-75.666742,6.344843],[-75.666526,6.344439],[-75.666395,6.344278],[-75.665824,6.34445],[-75.66577,6.344547],[-75.665265,6.344518],[-75.665064,6.344566],[-75.66405,6.344926],[-75.663598,6.345193],[-75.663272,6.345341],[-75.663155,6.345362],[-75.662962,6.345343],[-75.662799,6.345289],[-75.662461,6.345102],[-75.66164,6.34443],[-75.661408,6.34398],[-75.660849,6.343388],[-75.660708,6.343134],[-75.660564,6.342976],[-75.659956,6.342524],[-75.659058,6.341915],[-75.657918,6.341553],[-75.657584,6.341349],[-75.657157,6.341],[-75.65697,6.340886],[-75.656676,6.340774],[-75.656437,6.340721],[-75.656294,6.341553],[-75.656216,6.341678],[-75.655648,6.342181],[-75.655469,6.342264],[-75.655345,6.342052],[-75.655355,6.342015],[-75.655254,6.342307],[-75.654933,6.342958],[-75.654842,6.343226],[-75.654459,6.344593],[-75.654262,6.345706],[-75.654237,6.346125],[-75.654326,6.34781],[-75.654452,6.348474],[-75.654737,6.349243],[-75.655025,6.350299],[-75.655687,6.352069],[-75.655974,6.353135],[-75.656116,6.353508],[-75.656206,6.354274],[-75.656479,6.355179],[-75.656656,6.355466],[-75.656872,6.355679],[-75.656997,6.355762],[-75.657253,6.35586],[-75.657417,6.355971],[-75.657962,6.356462],[-75.658017,6.356497],[-75.658642,6.35658]],[[-75.692599,6.345609],[-75.692772,6.3457],[-75.692949,6.345964],[-75.69299,6.346167],[-75.692962,6.346352],[-75.692859,6.34635],[-75.692769,6.346107],[-75.692556,6.345885],[-75.692567,6.345799],[-75.692482,6.345714],[-75.692441,6.345496],[-75.692533,6.345465],[-75.692599,6.345609]],[[-75.692341,6.345428],[-75.692387,6.345623],[-75.692383,6.345771],[-75.692145,6.345546],[-75.691821,6.34538],[-75.691782,6.345392],[-75.691746,6.345478],[-75.691574,6.345494],[-75.691435,6.345468],[-75.691064,6.345311],[-75.690956,6.345199],[-75.690777,6.344811],[-75.690605,6.344628],[-75.689897,6.343952],[-75.689685,6.343921],[-75.689581,6.343935],[-75.689233,6.344342],[-75.689151,6.344402],[-75.687665,6.344659],[-75.687572,6.344709],[-75.6873,6.345007],[-75.687203,6.344682],[-75.687232,6.344412],[-75.687349,6.344149],[-75.687631,6.3437],[-75.687689,6.343508],[-75.687682,6.34332],[-75.68772,6.343088],[-75.687603,6.342787],[-75.688112,6.34273],[-75.688247,6.343181],[-75.688497,6.343139],[-75.688479,6.34305],[-75.688565,6.34302],[-75.688636,6.343011],[-75.688658,6.343117],[-75.688834,6.343087],[-75.688969,6.343029],[-75.688912,6.34296],[-75.689057,6.342852],[-75.689114,6.342922],[-75.68919,6.342861],[-75.689059,6.342666],[-75.689155,6.342382],[-75.689293,6.342413],[-75.689469,6.342341],[-75.689494,6.342439],[-75.689724,6.342549],[-75.689908,6.342691],[-75.689882,6.342718],[-75.689904,6.342738],[-75.69003,6.342818],[-75.690133,6.342692],[-75.690202,6.342707],[-75.69031,6.342791],[-75.690293,6.34283],[-75.690369,6.34289],[-75.690212,6.343132],[-75.690282,6.343169],[-75.690473,6.342884],[-75.690605,6.342951],[-75.690726,6.34271],[-75.691224,6.343065],[-75.691282,6.342743],[-75.691277,6.342517],[-75.691323,6.342538],[-75.691417,6.342608],[-75.691661,6.342902],[-75.691974,6.34304],[-75.691965,6.343148],[-75.691861,6.343243],[-75.691885,6.343335],[-75.691963,6.34339],[-75.692094,6.343652],[-75.692233,6.343802],[-75.69198,6.344057],[-75.692394,6.344687],[-75.692075,6.344953],[-75.692341,6.345428]]]},"properties":{"CODIGO":"5004","COMUNA":"50","BARRIO":"04","NOMBRE_BARRIO":"Palmitas Sector Central","SECTOR":7,"INDICADOR_UR":"R","NOMBRE_COMUNA":"PALMITAS","MUNICIPIO":"001"}},{"type":"Feature","id":55,"geometry":{"type":"Polygon","coordinates":[[[-75.62251,6.223397],[-75.622539,6.223462],[-75.622891,6.223508],[-75.62343,6.223371],[-75.623803,6.223409],[-75.624104,6.223376],[-75.624138,6.22313],[-75.624472,6.223188],[-75.62447,6.222533],[-75.62453,6.222458],[-75.62465,6.22241],[-75.624912,6.222432],[-75.625166,6.222613],[-75.625299,6.222757],[-75.625459,6.222839],[-75.62564,6.22282],[-75.625709,6.222754],[-75.625793,6.222597],[-75.625928,6.22257],[-75.625952,6.222164],[-75.625849,6.222129],[-75.62591,6.221847],[-75.625995,6.221575],[-75.626081,6.22141],[-75.626198,6.221283],[-75.626222,6.221308],[-75.626246,6.221223],[-75.626148,6.221179],[-75.626025,6.221183],[-75.625623,6.221547],[-75.625278,6.221723],[-75.625273,6.221532],[-75.625333,6.221387],[-75.625454,6.221278],[-75.625653,6.220981],[-75.62508,6.220896],[-75.624687,6.219825],[-75.624502,6.219849],[-75.624238,6.219732],[-75.624154,6.219761],[-75.623684,6.220091],[-75.623372,6.220247],[-75.622857,6.220696],[-75.622114,6.221228],[-75.621958,6.221384],[-75.621867,6.221598],[-75.621757,6.221634],[-75.621535,6.221608],[-75.621497,6.221628],[-75.621545,6.22175],[-75.621671,6.221878],[-75.62192,6.221944],[-75.622276,6.222133],[-75.62268,6.222465],[-75.622717,6.222563],[-75.62268,6.223004],[-75.622638,6.223174],[-75.622519,6.223325],[-75.62251,6.223397]]]},"properties":{"CODIGO":"7083","COMUNA":"70","BARRIO":"83","NOMBRE_BARRIO":"La Esperanza","SECTOR":8,"INDICADOR_UR":"R","NOMBRE_COMUNA":"ALTAVISTA","MUNICIPIO":"001"}},{"type":"Feature","id":56,"geometry":{"type":"Polygon","coordinates":[[[-75.671429,6.303865],[-75.671512,6.304067],[-75.671519,6.304249],[-75.671906,6.304855],[-75.671953,6.304792],[-75.671852,6.304351],[-75.671703,6.304107],[-75.67165,6.303947],[-75.671632,6.303143],[-75.671504,6.302178],[-75.671409,6.301991],[-75.67125,6.30187],[-75.671204,6.301794],[-75.671172,6.301534],[-75.671014,6.301275],[-75.671018,6.301118],[-75.671112,6.30095],[-75.671097,6.300797],[-75.670698,6.300377],[-75.670567,6.300179],[-75.670548,6.299964],[-75.670672,6.299701],[-75.670679,6.299524],[-75.670525,6.299207],[-75.670317,6.298933],[-75.670035,6.298639],[-75.669814,6.298518],[-75.669756,6.298411],[-75.669383,6.298485],[-75.66868,6.298384],[-75.668609,6.298331],[-75.667994,6.298421],[-75.667411,6.298839],[-75.667161,6.29896],[-75.666639,6.299016],[-75.666073,6.298967],[-75.665497,6.298793],[-75.66554,6.298291],[-75.665473,6.298004],[-75.665661,6.297969],[-75.665891,6.297814],[-75.666153,6.297724],[-75.666473,6.297784],[-75.666705,6.297771],[-75.667139,6.297816],[-75.667606,6.297773],[-75.668069,6.297801],[-75.667487,6.297365],[-75.667256,6.297101],[-75.667308,6.297004],[-75.66743,6.296889],[-75.667552,6.296825],[-75.667351,6.296283],[-75.667093,6.295867],[-75.666626,6.295515],[-75.666072,6.294946],[-75.665993,6.294788],[-75.66566,6.294677],[-75.665482,6.294569],[-75.665305,6.294548],[-75.665075,6.294445],[-75.664778,6.294412],[-75.664424,6.294317],[-75.664027,6.294291],[-75.663747,6.294205],[-75.663016,6.294109],[-75.662648,6.294096],[-75.662243,6.294009],[-75.661789,6.294055],[-75.661633,6.293977],[-75.66167,6.294585],[-75.661611,6.294673],[-75.661411,6.294899],[-75.660859,6.295395],[-75.6607,6.29532],[-75.66061,6.295344],[-75.660657,6.295401],[-75.660891,6.295511],[-75.660999,6.295703],[-75.661084,6.295943],[-75.66114,6.296008],[-75.661215,6.29605],[-75.661543,6.296109],[-75.66169,6.296192],[-75.661627,6.296255],[-75.661689,6.296412],[-75.661289,6.296765],[-75.661085,6.296887],[-75.660862,6.297105],[-75.660397,6.297433],[-75.660241,6.297904],[-75.66008,6.298034],[-75.659835,6.298161],[-75.659696,6.298344],[-75.66006,6.298476],[-75.660739,6.29884],[-75.66136,6.299272],[-75.661725,6.299672],[-75.662005,6.300041],[-75.661659,6.300137],[-75.661242,6.300387],[-75.661083,6.300554],[-75.661023,6.300753],[-75.661221,6.300803],[-75.66138,6.300895],[-75.661703,6.301009],[-75.661771,6.30107],[-75.661902,6.301387],[-75.662082,6.301652],[-75.662238,6.301725],[-75.662303,6.301623],[-75.662531,6.301744],[-75.662713,6.301886],[-75.66301,6.301852],[-75.66339,6.301867],[-75.663733,6.301962],[-75.663829,6.301943],[-75.664167,6.302074],[-75.664701,6.302161],[-75.664906,6.302323],[-75.664924,6.30244],[-75.664951,6.302448],[-75.665712,6.302435],[-75.666077,6.302477],[-75.666349,6.302427],[-75.666597,6.302467],[-75.666858,6.302534],[-75.667362,6.302808],[-75.668172,6.302988],[-75.668489,6.302962],[-75.669291,6.303171],[-75.66955,6.303312],[-75.669978,6.303483],[-75.670298,6.303664],[-75.67046,6.303827],[-75.670508,6.303927],[-75.671429,6.303865]]]},"properties":{"CODIGO":"6004","COMUNA":"60","BARRIO":"04","NOMBRE_BARRIO":"El Uvito","SECTOR":7,"INDICADOR_UR":"R","NOMBRE_COMUNA":"SAN CRISTOBAL","MUNICIPIO":"001"}},{"type":"Feature","id":57,"geometry":{"type":"Polygon","coordinates":[[[-75.711188,6.347772],[-75.711276,6.347791],[-75.711343,6.347492],[-75.711343,6.347334],[-75.711632,6.347332],[-75.712058,6.347409],[-75.712574,6.347403],[-75.712567,6.346868],[-75.712691,6.346854],[-75.712921,6.346742],[-75.713172,6.346686],[-75.713421,6.346551],[-75.713386,6.346398],[-75.713553,6.346181],[-75.713546,6.345992],[-75.713264,6.345714],[-75.713188,6.345491],[-75.713066,6.345328],[-75.713061,6.345269],[-75.713189,6.34499],[-75.713535,6.344465],[-75.713669,6.344059],[-75.713654,6.344017],[-75.713516,6.343999],[-75.713155,6.344134],[-75.712785,6.344046],[-75.712665,6.343967],[-75.712572,6.343723],[-75.712597,6.34332],[-75.712491,6.343022],[-75.712557,6.342668],[-75.712492,6.342523],[-75.71234,6.342437],[-75.711582,6.342419],[-75.710993,6.342639],[-75.710726,6.342871],[-75.710438,6.34296],[-75.71015,6.34319],[-75.709932,6.343258],[-75.709562,6.343177],[-75.709392,6.343198],[-75.709205,6.343284],[-75.709093,6.343276],[-75.709012,6.343197],[-75.708885,6.342902],[-75.7086,6.343102],[-75.708096,6.343607],[-75.707784,6.343756],[-75.707391,6.343682],[-75.707058,6.343757],[-75.707003,6.343733],[-75.706972,6.343677],[-75.706126,6.34355],[-75.706068,6.343481],[-75.70586,6.343598],[-75.70567,6.343513],[-75.705454,6.343578],[-75.705318,6.343762],[-75.705194,6.343792],[-75.705112,6.343799],[-75.704935,6.343748],[-75.704379,6.343779],[-75.704313,6.343741],[-75.704294,6.343643],[-75.704288,6.343701],[-75.704016,6.343771],[-75.70376,6.343731],[-75.703407,6.343784],[-75.702925,6.343943],[-75.702961,6.344039],[-75.702772,6.344208],[-75.702943,6.344424],[-75.70259,6.344655],[-75.702579,6.345068],[-75.702487,6.345179],[-75.702485,6.345271],[-75.702563,6.345385],[-75.702562,6.345435],[-75.702367,6.345597],[-75.702368,6.345905],[-75.702471,6.345969],[-75.702682,6.345879],[-75.703023,6.346355],[-75.703201,6.346547],[-75.70367,6.346003],[-75.70386,6.345919],[-75.703967,6.345927],[-75.704185,6.345865],[-75.70425,6.34568],[-75.70438,6.345629],[-75.704459,6.345545],[-75.704506,6.345543],[-75.704511,6.345797],[-75.704419,6.345963],[-75.705959,6.34683],[-75.705911,6.346907],[-75.705842,6.347368],[-75.705683,6.347846],[-75.705574,6.348015],[-75.705365,6.348105],[-75.705086,6.348304],[-75.704377,6.34948],[-75.704048,6.349291],[-75.704486,6.348743],[-75.704595,6.348515],[-75.704615,6.348273],[-75.704539,6.348104],[-75.704603,6.347844],[-75.704539,6.347827],[-75.70447,6.347626],[-75.704195,6.347867],[-75.704126,6.347988],[-75.704003,6.348093],[-75.704038,6.347853],[-75.704002,6.347654],[-75.70405,6.347611],[-75.70402,6.347414],[-75.70391,6.347233],[-75.703812,6.347158],[-75.703702,6.347123],[-75.703445,6.347152],[-75.703161,6.347278],[-75.703097,6.347284],[-75.702907,6.347197],[-75.702648,6.346845],[-75.702367,6.346615],[-75.702226,6.346108],[-75.702089,6.345852],[-75.702012,6.345819],[-75.701894,6.345864],[-75.701805,6.345967],[-75.701857,6.346088],[-75.701849,6.346269],[-75.701937,6.346372],[-75.701965,6.346619],[-75.701746,6.346839],[-75.701684,6.347072],[-75.701691,6.347231],[-75.701574,6.347315],[-75.701501,6.347452],[-75.701516,6.347575],[-75.70111,6.347749],[-75.701028,6.347821],[-75.701008,6.34778],[-75.700783,6.348011],[-75.700703,6.34824],[-75.700747,6.348339],[-75.701065,6.348733],[-75.701417,6.348964],[-75.701475,6.35017],[-75.701603,6.350209],[-75.702063,6.35063],[-75.702336,6.350791],[-75.702438,6.350923],[-75.7026,6.350998],[-75.703157,6.350859],[-75.703644,6.350809],[-75.702768,6.351508],[-75.702627,6.351679],[-75.702698,6.351941],[-75.702809,6.351941],[-75.703242,6.35179],[-75.703331,6.351835],[-75.703341,6.351735],[-75.703386,6.351724],[-75.703631,6.351815],[-75.703755,6.351717],[-75.704003,6.35172],[-75.704215,6.351774],[-75.704319,6.351361],[-75.704797,6.351505],[-75.704882,6.351251],[-75.705149,6.350901],[-75.705586,6.350762],[-75.706701,6.350153],[-75.707635,6.349372],[-75.707515,6.349232],[-75.707838,6.348618],[-75.708116,6.34818],[-75.708199,6.348586],[-75.708275,6.348738],[-75.708269,6.348858],[-75.70892,6.348798],[-75.708911,6.348596],[-75.709169,6.348559],[-75.709258,6.348109],[-75.709982,6.347138],[-75.710375,6.346388],[-75.710584,6.346058],[-75.710977,6.346375],[-75.710724,6.346757],[-75.710724,6.347689],[-75.710857,6.347733],[-75.711188,6.347772]]]},"properties":{"CODIGO":"5005","COMUNA":"50","BARRIO":"05","NOMBRE_BARRIO":"La Aldea","SECTOR":7,"INDICADOR_UR":"R","NOMBRE_COMUNA":"PALMITAS","MUNICIPIO":"001"}},{"type":"Feature","id":58,"geometry":{"type":"MultiPolygon","coordinates":[[[[-75.692145,6.345546],[-75.692383,6.345771],[-75.692387,6.345623],[-75.692341,6.345428],[-75.692075,6.344953],[-75.692394,6.344687],[-75.69198,6.344057],[-75.692233,6.343802],[-75.692094,6.343652],[-75.691963,6.34339],[-75.691885,6.343335],[-75.691861,6.343243],[-75.691965,6.343148],[-75.691961,6.343021],[-75.691661,6.342902],[-75.691417,6.342608],[-75.691323,6.342538],[-75.691277,6.342517],[-75.691282,6.342743],[-75.691224,6.343065],[-75.690726,6.34271],[-75.690605,6.342951],[-75.690473,6.342884],[-75.690282,6.343169],[-75.690212,6.343132],[-75.690369,6.34289],[-75.690293,6.34283],[-75.69031,6.342791],[-75.690202,6.342707],[-75.690133,6.342692],[-75.69003,6.342818],[-75.689904,6.342738],[-75.689882,6.342718],[-75.689908,6.342691],[-75.689724,6.342549],[-75.689494,6.342439],[-75.689469,6.342341],[-75.689293,6.342413],[-75.689155,6.342382],[-75.689059,6.342666],[-75.68919,6.342861],[-75.689114,6.342922],[-75.689057,6.342852],[-75.688912,6.34296],[-75.688969,6.343029],[-75.688834,6.343087],[-75.688658,6.343117],[-75.688636,6.343011],[-75.688565,6.34302],[-75.688479,6.34305],[-75.688497,6.343139],[-75.688247,6.343181],[-75.688112,6.34273],[-75.687603,6.342787],[-75.68772,6.343088],[-75.687682,6.34332],[-75.687689,6.343508],[-75.687631,6.3437],[-75.687349,6.344149],[-75.687232,6.344412],[-75.687211,6.34475],[-75.6873,6.345007],[-75.687572,6.344709],[-75.687665,6.344659],[-75.689151,6.344402],[-75.689233,6.344342],[-75.689581,6.343935],[-75.689685,6.343921],[-75.689897,6.343952],[-75.690605,6.344628],[-75.690777,6.344811],[-75.690956,6.345199],[-75.691064,6.345311],[-75.691435,6.345468],[-75.691574,6.345494],[-75.691746,6.345478],[-75.691782,6.345392],[-75.691821,6.34538],[-75.692145,6.345546]]],[[[-75.692962,6.346352],[-75.69299,6.346167],[-75.692949,6.345964],[-75.692772,6.3457],[-75.692585,6.345618],[-75.692533,6.345465],[-75.692441,6.345496],[-75.692482,6.345714],[-75.692567,6.345799],[-75.692556,6.345885],[-75.692769,6.346107],[-75.692859,6.34635],[-75.692962,6.346352]]]]},"properties":{"CODIGO":"5089","COMUNA":"50","BARRIO":"89","NOMBRE_BARRIO":"Suburbano Palmitas","SECTOR":7,"INDICADOR_UR":"R","NOMBRE_COMUNA":"PALMITAS","MUNICIPIO":"001"}},{"type":"Feature","id":59,"geometry":{"type":"MultiPolygon","coordinates":[[[[-75.51732,6.203151],[-75.517741,6.203416],[-75.518349,6.203866],[-75.518927,6.203292],[-75.519044,6.203221],[-75.519239,6.20315],[-75.51957,6.203249],[-75.519568,6.203215],[-75.519977,6.20323],[-75.519969,6.202891],[-75.51953,6.202906],[-75.519638,6.202499],[-75.521084,6.202443],[-75.521108,6.202929],[-75.520841,6.202983],[-75.521541,6.202827],[-75.521517,6.202261],[-75.521832,6.202186],[-75.521844,6.202127],[-75.52171,6.201825],[-75.522603,6.20185],[-75.522608,6.201765],[-75.523164,6.200925],[-75.525218,6.197376],[-75.525589,6.197451],[-75.525879,6.197613],[-75.525977,6.197739],[-75.526154,6.198306],[-75.526323,6.198718],[-75.526682,6.199229],[-75.52678,6.199584],[-75.526842,6.199636],[-75.527178,6.19972],[-75.527883,6.199442],[-75.527929,6.199128],[-75.527502,6.198694],[-75.527801,6.198454],[-75.527601,6.197898],[-75.527254,6.198196],[-75.52708,6.197656],[-75.527372,6.197441],[-75.527213,6.19682],[-75.526995,6.196213],[-75.526483,6.19607],[-75.525868,6.195825],[-75.525746,6.195842],[-75.525312,6.196032],[-75.525273,6.195657],[-75.524961,6.195766],[-75.52447,6.1958],[-75.52431,6.195795],[-75.52384,6.195696],[-75.522602,6.195741],[-75.521867,6.195837],[-75.520563,6.196149],[-75.520182,6.196167],[-75.518121,6.195761],[-75.517002,6.195451],[-75.516476,6.195215],[-75.513999,6.194486],[-75.513121,6.19419],[-75.512525,6.19394],[-75.511497,6.193741],[-75.510412,6.193292],[-75.510068,6.193187],[-75.509616,6.193143],[-75.509207,6.19315],[-75.508972,6.193099],[-75.508696,6.192974],[-75.508748,6.193],[-75.508687,6.193227],[-75.508695,6.193315],[-75.508617,6.193458],[-75.508533,6.193733],[-75.508363,6.19402],[-75.508223,6.194159],[-75.508138,6.194299],[-75.508019,6.19458],[-75.507937,6.194939],[-75.507893,6.195563],[-75.507922,6.195992],[-75.507826,6.196381],[-75.507861,6.196634],[-75.507849,6.196936],[-75.507888,6.197139],[-75.507879,6.19758],[-75.507822,6.197929],[-75.507647,6.198401],[-75.50768,6.198415],[-75.50755,6.198934],[-75.508057,6.198948],[-75.510358,6.198799],[-75.510568,6.198998],[-75.510721,6.199068],[-75.510905,6.199244],[-75.511338,6.199529],[-75.511409,6.199665],[-75.511987,6.199499],[-75.511566,6.198811],[-75.512502,6.198298],[-75.511745,6.195533],[-75.512109,6.195553],[-75.512241,6.195458],[-75.51233,6.195648],[-75.512503,6.195836],[-75.512657,6.195918],[-75.512868,6.195973],[-75.512903,6.196059],[-75.512922,6.196035],[-75.513013,6.196297],[-75.513265,6.197324],[-75.514626,6.196821],[-75.514655,6.197447],[-75.51485,6.197421],[-75.515546,6.197468],[-75.515403,6.197853],[-75.515363,6.198243],[-75.515503,6.199141],[-75.515606,6.200319],[-75.51559,6.200522],[-75.515662,6.200907],[-75.515814,6.201063],[-75.515853,6.20113],[-75.515859,6.201241],[-75.51592,6.20133],[-75.515852,6.201493],[-75.515885,6.20171],[-75.515975,6.201763],[-75.516188,6.20198],[-75.516701,6.202681],[-75.517272,6.202608],[-75.51732,6.203151]]],[[[-75.525913,6.206713],[-75.526021,6.207095],[-75.526285,6.207422],[-75.526344,6.207583],[-75.526397,6.20804],[-75.526919,6.208019],[-75.528123,6.207849],[-75.529038,6.20779],[-75.529185,6.207176],[-75.529123,6.206734],[-75.52904,6.206539],[-75.529219,6.20644],[-75.52963,6.206107],[-75.52959,6.206037],[-75.529499,6.206062],[-75.529418,6.206029],[-75.529539,6.204724],[-75.529432,6.204519],[-75.529843,6.203988],[-75.529991,6.204101],[-75.53006,6.204217],[-75.530284,6.204089],[-75.530334,6.204175],[-75.530396,6.204203],[-75.530963,6.204327],[-75.531257,6.204049],[-75.531355,6.204037],[-75.53141,6.203966],[-75.531525,6.203908],[-75.531495,6.203809],[-75.531498,6.203593],[-75.531579,6.203546],[-75.53155,6.203346],[-75.53158,6.203008],[-75.531481,6.202752],[-75.531378,6.20288],[-75.530698,6.203454],[-75.530511,6.203089],[-75.530089,6.202873],[-75.530171,6.202759],[-75.530264,6.202317],[-75.530115,6.202105],[-75.529796,6.20249],[-75.529786,6.202806],[-75.530025,6.202914],[-75.530185,6.203082],[-75.530176,6.203214],[-75.530106,6.203279],[-75.529983,6.203292],[-75.529615,6.203126],[-75.529565,6.203156],[-75.529851,6.203279],[-75.53007,6.203473],[-75.530098,6.203551],[-75.529741,6.203836],[-75.52968,6.203747],[-75.529523,6.203666],[-75.529331,6.204023],[-75.529123,6.204313],[-75.529384,6.204512],[-75.529452,6.204525],[-75.529218,6.20477],[-75.529048,6.20489],[-75.528948,6.20501],[-75.52874,6.205079],[-75.528578,6.205178],[-75.528474,6.205422],[-75.5284,6.205492],[-75.528242,6.205548],[-75.527841,6.205599],[-75.528693,6.206256],[-75.528054,6.206702],[-75.528015,6.206666],[-75.527791,6.206697],[-75.527707,6.206108],[-75.527738,6.206019],[-75.527842,6.205913],[-75.527513,6.205991],[-75.527002,6.206295],[-75.527026,6.206003],[-75.526205,6.205536],[-75.525586,6.205518],[-75.525691,6.206003],[-75.525913,6.206713]]],[[[-75.512782,6.213133],[-75.513715,6.212862],[-75.513996,6.21264],[-75.514771,6.212597],[-75.514088,6.211016],[-75.513685,6.210171],[-75.513393,6.210346],[-75.513381,6.21041],[-75.512525,6.211059],[-75.511786,6.211268],[-75.512106,6.211527],[-75.512636,6.212378],[-75.51274,6.212637],[-75.512782,6.213133]]],[[[-75.516766,6.213605],[-75.516939,6.213733],[-75.517541,6.213931],[-75.517838,6.214219],[-75.517872,6.214454],[-75.518074,6.21471],[-75.519772,6.212866],[-75.519697,6.212704],[-75.519819,6.21259],[-75.519805,6.212265],[-75.519965,6.211849],[-75.519924,6.211531],[-75.519941,6.21111],[-75.520655,6.210369],[-75.520727,6.210261],[-75.520765,6.210088],[-75.521043,6.209406],[-75.520275,6.209173],[-75.520359,6.208845],[-75.520341,6.208602],[-75.52031,6.208565],[-75.518673,6.208395],[-75.518682,6.208516],[-75.518531,6.208381],[-75.517742,6.208565],[-75.517735,6.208448],[-75.517637,6.208166],[-75.51753,6.208273],[-75.517354,6.208242],[-75.517086,6.20848],[-75.517297,6.208596],[-75.517565,6.209043],[-75.517823,6.209187],[-75.517188,6.209777],[-75.517258,6.209995],[-75.517726,6.209956],[-75.517823,6.210535],[-75.517317,6.210782],[-75.517691,6.211499],[-75.517492,6.211601],[-75.517076,6.211635],[-75.516735,6.211806],[-75.516966,6.212157],[-75.51651,6.212598],[-75.516531,6.212657],[-75.51671,6.212845],[-75.517038,6.213072],[-75.516766,6.213605]]]]},"properties":{"CODIGO":"9003","COMUNA":"90","BARRIO":"03","NOMBRE_BARRIO":"El Plan","SECTOR":9,"INDICADOR_UR":"R","NOMBRE_COMUNA":"SANTA ELENA","MUNICIPIO":"001"}},{"type":"Feature","id":60,"geometry":{"type":"Polygon","coordinates":[[[-75.490242,6.225416],[-75.490211,6.225771],[-75.490251,6.225977],[-75.490323,6.225801],[-75.490525,6.225627],[-75.490585,6.225452],[-75.490585,6.224727],[-75.490769,6.224376],[-75.490741,6.224247],[-75.490557,6.223955],[-75.49054,6.223883],[-75.490571,6.223732],[-75.49066,6.223634],[-75.491553,6.222884],[-75.491805,6.22246],[-75.49193,6.22235],[-75.492394,6.222137],[-75.492615,6.221953],[-75.492825,6.222077],[-75.493038,6.222034],[-75.493183,6.22213],[-75.493281,6.222014],[-75.493308,6.221895],[-75.493042,6.221642],[-75.493555,6.221418],[-75.493663,6.221422],[-75.493956,6.221511],[-75.49417,6.221492],[-75.494295,6.221326],[-75.494328,6.220994],[-75.494426,6.220692],[-75.494831,6.220414],[-75.494983,6.220379],[-75.495565,6.220442],[-75.495783,6.220423],[-75.495972,6.220337],[-75.496418,6.219987],[-75.496644,6.219952],[-75.497554,6.220067],[-75.498128,6.219979],[-75.498508,6.220092],[-75.498707,6.220109],[-75.4997,6.219729],[-75.500426,6.219612],[-75.500744,6.219369],[-75.500847,6.21935],[-75.500839,6.219269],[-75.501284,6.21921],[-75.501456,6.219278],[-75.501555,6.219406],[-75.501867,6.22034],[-75.501944,6.220316],[-75.501922,6.219839],[-75.501818,6.219366],[-75.501623,6.218865],[-75.501597,6.218751],[-75.501613,6.218556],[-75.502301,6.21734],[-75.502732,6.216676],[-75.503231,6.216169],[-75.503274,6.21606],[-75.503274,6.215617],[-75.503236,6.21547],[-75.503033,6.215094],[-75.502877,6.214962],[-75.502442,6.214924],[-75.502353,6.214813],[-75.502351,6.214758],[-75.502564,6.214663],[-75.502962,6.214615],[-75.502896,6.214381],[-75.503049,6.214412],[-75.503229,6.214703],[-75.503415,6.214875],[-75.503742,6.215013],[-75.503931,6.214996],[-75.504843,6.214661],[-75.505061,6.214609],[-75.50589,6.214569],[-75.506168,6.214591],[-75.506587,6.214678],[-75.506883,6.214658],[-75.507452,6.2147],[-75.508162,6.215022],[-75.508259,6.215257],[-75.508384,6.215322],[-75.508522,6.215316],[-75.508739,6.215565],[-75.509103,6.215417],[-75.509353,6.215443],[-75.509578,6.215709],[-75.509884,6.215949],[-75.510104,6.216179],[-75.51018,6.216179],[-75.510813,6.215923],[-75.511363,6.215796],[-75.511276,6.215123],[-75.511102,6.214268],[-75.510989,6.213988],[-75.511176,6.213961],[-75.511205,6.213986],[-75.512043,6.213464],[-75.512784,6.213133],[-75.51274,6.212637],[-75.512636,6.212378],[-75.512106,6.211527],[-75.511786,6.211268],[-75.512525,6.211059],[-75.513381,6.21041],[-75.513393,6.210346],[-75.513683,6.21017],[-75.513288,6.209329],[-75.513006,6.208811],[-75.512491,6.20799],[-75.513894,6.207299],[-75.513457,6.206784],[-75.514781,6.205884],[-75.514458,6.205589],[-75.513992,6.205059],[-75.513943,6.204933],[-75.513965,6.204776],[-75.513342,6.205098],[-75.51235,6.203914],[-75.511728,6.202996],[-75.512267,6.202791],[-75.512208,6.202572],[-75.512227,6.202304],[-75.512263,6.202223],[-75.512234,6.202088],[-75.512131,6.201937],[-75.51205,6.20189],[-75.512018,6.201758],[-75.511613,6.201484],[-75.511546,6.201218],[-75.511438,6.201039],[-75.511467,6.200601],[-75.511377,6.200313],[-75.511404,6.200077],[-75.51147,6.19987],[-75.511338,6.199529],[-75.510905,6.199244],[-75.510721,6.199068],[-75.510549,6.198984],[-75.510388,6.198803],[-75.508057,6.198948],[-75.50755,6.198934],[-75.507452,6.199284],[-75.506947,6.199691],[-75.506057,6.200236],[-75.505833,6.200338],[-75.505483,6.20037],[-75.506309,6.202267],[-75.50621,6.202278],[-75.506171,6.202347],[-75.506133,6.202734],[-75.506086,6.202824],[-75.505673,6.203068],[-75.505419,6.203143],[-75.504981,6.203466],[-75.504703,6.204115],[-75.504456,6.204379],[-75.504216,6.204729],[-75.503764,6.204267],[-75.502936,6.203174],[-75.502817,6.203272],[-75.502649,6.203228],[-75.502607,6.203248],[-75.502403,6.203435],[-75.502357,6.203546],[-75.502142,6.203683],[-75.50211,6.20384],[-75.502062,6.203916],[-75.501982,6.203922],[-75.501874,6.203799],[-75.501767,6.203755],[-75.50154,6.203796],[-75.501449,6.203855],[-75.501234,6.203491],[-75.502001,6.202974],[-75.501486,6.20258],[-75.50015,6.201705],[-75.500085,6.202233],[-75.499987,6.202625],[-75.499819,6.202985],[-75.499684,6.203147],[-75.500164,6.20371],[-75.500629,6.204096],[-75.500533,6.2042],[-75.500531,6.20427],[-75.500458,6.20439],[-75.500488,6.20457],[-75.500364,6.204738],[-75.500298,6.204911],[-75.500074,6.204938],[-75.499866,6.205051],[-75.499697,6.205067],[-75.499458,6.204992],[-75.499352,6.205043],[-75.499283,6.205039],[-75.499129,6.204876],[-75.499009,6.204884],[-75.49886,6.204992],[-75.498301,6.204941],[-75.498195,6.20499],[-75.498139,6.20506],[-75.498006,6.205099],[-75.497911,6.20508],[-75.49786,6.20498],[-75.497732,6.204963],[-75.497703,6.205624],[-75.497606,6.205976],[-75.497533,6.206102],[-75.49748,6.206374],[-75.497502,6.206602],[-75.497545,6.206741],[-75.497632,6.206865],[-75.497629,6.206958],[-75.497749,6.207288],[-75.49782,6.207657],[-75.497772,6.2084],[-75.497813,6.208686],[-75.49794,6.208938],[-75.497938,6.209071],[-75.498291,6.209415],[-75.498655,6.209663],[-75.498997,6.209952],[-75.499266,6.21028],[-75.499538,6.20981],[-75.499893,6.209488],[-75.500381,6.209254],[-75.500609,6.209014],[-75.500715,6.208779],[-75.50097,6.208645],[-75.501018,6.208488],[-75.501027,6.208232],[-75.50117,6.208071],[-75.501154,6.207981],[-75.501268,6.207791],[-75.501294,6.207678],[-75.50142,6.20758],[-75.501481,6.207463],[-75.501487,6.207371],[-75.501454,6.207284],[-75.50153,6.2072],[-75.501603,6.206991],[-75.50207,6.206804],[-75.502408,6.207297],[-75.502931,6.207888],[-75.503148,6.208098],[-75.50337,6.208262],[-75.503597,6.208344],[-75.503594,6.208444],[-75.503705,6.208702],[-75.504002,6.209094],[-75.504026,6.209254],[-75.503782,6.209705],[-75.503761,6.209844],[-75.503793,6.21003],[-75.504029,6.209837],[-75.504201,6.209747],[-75.504459,6.20982],[-75.504289,6.210609],[-75.50421,6.211148],[-75.504213,6.211508],[-75.50463,6.211365],[-75.505053,6.211157],[-75.505312,6.212143],[-75.504862,6.212164],[-75.504694,6.212915],[-75.504166,6.212684],[-75.503758,6.214024],[-75.503551,6.214276],[-75.503135,6.214534],[-75.503026,6.214376],[-75.502872,6.214364],[-75.502461,6.214624],[-75.502421,6.214557],[-75.502572,6.214453],[-75.502639,6.214312],[-75.502594,6.214097],[-75.502295,6.213263],[-75.502166,6.213305],[-75.502104,6.213132],[-75.501925,6.213287],[-75.50191,6.213263],[-75.502136,6.212788],[-75.501908,6.212151],[-75.500322,6.211097],[-75.499576,6.210919],[-75.499456,6.211235],[-75.499309,6.211355],[-75.499187,6.211699],[-75.499114,6.211781],[-75.499102,6.211859],[-75.498986,6.21203],[-75.499004,6.212231],[-75.49896,6.212279],[-75.498985,6.212315],[-75.498963,6.212385],[-75.498923,6.212404],[-75.49895,6.212518],[-75.498794,6.212573],[-75.498663,6.212733],[-75.498624,6.212838],[-75.498183,6.212719],[-75.498091,6.212759],[-75.498121,6.212652],[-75.49863,6.212226],[-75.498187,6.212114],[-75.498081,6.212005],[-75.497943,6.212093],[-75.497757,6.212135],[-75.497606,6.212216],[-75.497312,6.211787],[-75.497098,6.21189],[-75.49697,6.211644],[-75.496718,6.211814],[-75.496685,6.211783],[-75.496569,6.211909],[-75.496288,6.212698],[-75.49585,6.212327],[-75.495947,6.212166],[-75.49574,6.21217],[-75.495367,6.212059],[-75.495179,6.211895],[-75.495134,6.2117],[-75.495189,6.211686],[-75.495313,6.211536],[-75.49553,6.21139],[-75.495759,6.211376],[-75.49585,6.211337],[-75.495911,6.211355],[-75.495989,6.211238],[-75.496428,6.210816],[-75.496561,6.210516],[-75.496622,6.210004],[-75.496732,6.209707],[-75.497359,6.20885],[-75.496644,6.208356],[-75.496401,6.208275],[-75.495997,6.208279],[-75.495727,6.208223],[-75.494791,6.207754],[-75.494498,6.207666],[-75.493835,6.207786],[-75.493378,6.207812],[-75.492904,6.207798],[-75.492582,6.207701],[-75.492366,6.207548],[-75.492058,6.207249],[-75.49185,6.20693],[-75.491767,6.206469],[-75.491731,6.205582],[-75.491685,6.205542],[-75.491554,6.205535],[-75.491397,6.205594],[-75.491151,6.205752],[-75.491061,6.205764],[-75.490865,6.205618],[-75.490129,6.204819],[-75.489862,6.204576],[-75.489397,6.204576],[-75.489008,6.204493],[-75.488548,6.204257],[-75.488424,6.204294],[-75.488355,6.204369],[-75.488248,6.204671],[-75.488101,6.204757],[-75.487796,6.20471],[-75.487497,6.204813],[-75.487308,6.20479],[-75.487253,6.20475],[-75.48712,6.204434],[-75.486987,6.204337],[-75.486699,6.204407],[-75.486353,6.204584],[-75.486198,6.204715],[-75.486112,6.204861],[-75.485994,6.205179],[-75.485792,6.205442],[-75.485826,6.205608],[-75.485942,6.205884],[-75.485933,6.205981],[-75.485605,6.206275],[-75.485398,6.206394],[-75.485247,6.206589],[-75.485013,6.206747],[-75.484804,6.207115],[-75.484668,6.207513],[-75.484632,6.207516],[-75.484525,6.208334],[-75.484578,6.209005],[-75.484733,6.209366],[-75.484906,6.210321],[-75.485021,6.210494],[-75.485073,6.210637],[-75.485081,6.210781],[-75.485043,6.210991],[-75.485309,6.211174],[-75.485761,6.211681],[-75.486016,6.211874],[-75.485855,6.212214],[-75.485948,6.212335],[-75.486257,6.212323],[-75.487162,6.212673],[-75.487832,6.21325],[-75.487859,6.213498],[-75.488004,6.214058],[-75.488085,6.214225],[-75.488193,6.21436],[-75.488435,6.214549],[-75.488645,6.214985],[-75.488952,6.215407],[-75.488961,6.215513],[-75.488577,6.215695],[-75.488573,6.21573],[-75.488743,6.215972],[-75.488967,6.216157],[-75.489463,6.21567],[-75.489713,6.215528],[-75.489869,6.215543],[-75.49001,6.215588],[-75.490051,6.21566],[-75.490253,6.215694],[-75.490607,6.21609],[-75.490703,6.216294],[-75.490851,6.216842],[-75.490813,6.217224],[-75.490732,6.21748],[-75.490547,6.217869],[-75.49024,6.218231],[-75.490216,6.218636],[-75.490356,6.21906],[-75.490577,6.219488],[-75.490902,6.22033],[-75.490958,6.220545],[-75.490974,6.220815],[-75.490908,6.221352],[-75.490766,6.221882],[-75.490672,6.221985],[-75.490568,6.222303],[-75.490183,6.22295],[-75.490085,6.22325],[-75.490062,6.223483],[-75.490082,6.223701],[-75.490261,6.224226],[-75.490226,6.224522],[-75.490242,6.225416]],[[-75.511478,6.206247],[-75.511062,6.206454],[-75.51086,6.20648],[-75.509742,6.206428],[-75.509247,6.206334],[-75.509237,6.206306],[-75.508626,6.206268],[-75.508228,6.20612],[-75.507691,6.205848],[-75.507618,6.205799],[-75.507393,6.205502],[-75.507394,6.204665],[-75.507011,6.204051],[-75.506963,6.203751],[-75.506775,6.20352],[-75.506704,6.203212],[-75.507341,6.203072],[-75.509291,6.202439],[-75.50987,6.20344],[-75.510397,6.203151],[-75.51068,6.203053],[-75.51089,6.203619],[-75.511486,6.204401],[-75.510775,6.205034],[-75.511478,6.206247]],[[-75.509802,6.200204],[-75.510151,6.201307],[-75.508823,6.201616],[-75.508154,6.200481],[-75.509802,6.200204]]]},"properties":{"CODIGO":"9006","COMUNA":"90","BARRIO":"06","NOMBRE_BARRIO":"Santa Elena Sector Central","SECTOR":9,"INDICADOR_UR":"R","NOMBRE_COMUNA":"SANTA ELENA","MUNICIPIO":"001"}},{"type":"Feature","id":61,"geometry":{"type":"Polygon","coordinates":[[[-75.66129,6.195398],[-75.661353,6.195391],[-75.66142,6.195252],[-75.661462,6.19525],[-75.661476,6.195439],[-75.661581,6.195426],[-75.66174,6.19533],[-75.661784,6.195398],[-75.661888,6.195279],[-75.662098,6.195252],[-75.662187,6.195314],[-75.662276,6.195478],[-75.662511,6.195511],[-75.662779,6.195834],[-75.662764,6.195888],[-75.662725,6.195925],[-75.662674,6.195919],[-75.662649,6.196004],[-75.66262,6.195999],[-75.662751,6.196565],[-75.662885,6.196725],[-75.663137,6.196842],[-75.663149,6.196808],[-75.663314,6.196911],[-75.663218,6.197146],[-75.663201,6.197473],[-75.663273,6.197768],[-75.663503,6.197984],[-75.663503,6.198022],[-75.663474,6.19809],[-75.663092,6.198382],[-75.662975,6.198449],[-75.662646,6.198239],[-75.662001,6.197999],[-75.661771,6.198021],[-75.661641,6.197925],[-75.661576,6.197912],[-75.661578,6.198194],[-75.661632,6.198542],[-75.66198,6.199058],[-75.661919,6.199349],[-75.662012,6.199658],[-75.66214,6.199771],[-75.662449,6.199921],[-75.662869,6.200043],[-75.663122,6.20005],[-75.663286,6.200091],[-75.66341,6.200212],[-75.663438,6.200668],[-75.663402,6.200755],[-75.663225,6.200914],[-75.663212,6.201122],[-75.663241,6.201363],[-75.663386,6.201772],[-75.66339,6.202096],[-75.663344,6.202213],[-75.66314,6.202453],[-75.663099,6.202572],[-75.663235,6.202709],[-75.663621,6.202653],[-75.66374,6.202705],[-75.663837,6.202823],[-75.663918,6.203152],[-75.663904,6.203296],[-75.663973,6.203411],[-75.664119,6.203483],[-75.664362,6.203492],[-75.664467,6.203543],[-75.664548,6.203659],[-75.664706,6.204048],[-75.664896,6.204358],[-75.665036,6.204454],[-75.665476,6.204653],[-75.665547,6.204595],[-75.665679,6.204251],[-75.665849,6.204067],[-75.665973,6.204051],[-75.666186,6.204083],[-75.666461,6.204208],[-75.666652,6.204146],[-75.666765,6.203981],[-75.666831,6.203804],[-75.666944,6.203678],[-75.667176,6.203539],[-75.667235,6.203269],[-75.6672,6.203001],[-75.667369,6.202789],[-75.667741,6.202459],[-75.667947,6.20237],[-75.668209,6.202144],[-75.668612,6.201993],[-75.668839,6.201814],[-75.669433,6.201691],[-75.669747,6.201491],[-75.670118,6.201498],[-75.67031,6.201605],[-75.670377,6.201608],[-75.670801,6.201549],[-75.671009,6.201474],[-75.67139,6.201483],[-75.671454,6.201468],[-75.671503,6.201402],[-75.671504,6.201188],[-75.671534,6.201123],[-75.671673,6.201112],[-75.671822,6.201174],[-75.672085,6.201361],[-75.672319,6.201392],[-75.672704,6.201514],[-75.672888,6.201626],[-75.673232,6.201707],[-75.673463,6.201804],[-75.673602,6.201773],[-75.673781,6.201624],[-75.673844,6.201636],[-75.673802,6.201825],[-75.673842,6.201879],[-75.674067,6.201889],[-75.674343,6.201961],[-75.674505,6.202096],[-75.674637,6.202133],[-75.674785,6.201993],[-75.675133,6.201934],[-75.675395,6.201773],[-75.675675,6.201698],[-75.676022,6.201533],[-75.676324,6.201532],[-75.676516,6.201634],[-75.676587,6.201639],[-75.676729,6.201477],[-75.676798,6.201443],[-75.677224,6.201361],[-75.677816,6.201057],[-75.67801,6.200855],[-75.67829,6.200641],[-75.678321,6.200573],[-75.678369,6.200202],[-75.678363,6.199906],[-75.678407,6.199675],[-75.67847,6.19955],[-75.678575,6.199457],[-75.678595,6.199383],[-75.678475,6.199297],[-75.678289,6.198842],[-75.678316,6.198613],[-75.678193,6.198185],[-75.678199,6.197977],[-75.678145,6.197832],[-75.678143,6.197692],[-75.678057,6.197584],[-75.678092,6.197435],[-75.677973,6.197364],[-75.677931,6.197302],[-75.677857,6.196922],[-75.67766,6.196719],[-75.677626,6.196645],[-75.677639,6.196412],[-75.677614,6.196329],[-75.67755,6.196279],[-75.677492,6.195976],[-75.67733,6.195933],[-75.67726,6.194818],[-75.677665,6.194796],[-75.677826,6.19471],[-75.677971,6.194551],[-75.678249,6.194114],[-75.678699,6.193726],[-75.678824,6.193574],[-75.679255,6.193307],[-75.679419,6.193247],[-75.679637,6.193256],[-75.67973,6.193375],[-75.67975,6.193556],[-75.679721,6.193646],[-75.679481,6.193893],[-75.679408,6.194037],[-75.679402,6.194486],[-75.679338,6.194749],[-75.679359,6.194873],[-75.679422,6.194924],[-75.679811,6.195046],[-75.680253,6.195246],[-75.68072,6.195301],[-75.680807,6.195365],[-75.680854,6.195449],[-75.680815,6.195984],[-75.680714,6.196176],[-75.680395,6.196461],[-75.679927,6.19661],[-75.679873,6.196664],[-75.679849,6.196749],[-75.679852,6.196815],[-75.679922,6.196932],[-75.680285,6.197172],[-75.680447,6.197576],[-75.680696,6.197651],[-75.681632,6.198174],[-75.681713,6.198267],[-75.681809,6.198466],[-75.681958,6.198612],[-75.682091,6.19863],[-75.682458,6.198604],[-75.682603,6.198639],[-75.682714,6.198728],[-75.683015,6.199341],[-75.683162,6.199484],[-75.683295,6.199471],[-75.683594,6.199287],[-75.683729,6.199259],[-75.683868,6.199293],[-75.684102,6.199419],[-75.684539,6.199424],[-75.684666,6.199395],[-75.684714,6.199344],[-75.684703,6.198917],[-75.684748,6.19878],[-75.684965,6.198637],[-75.685063,6.198533],[-75.685267,6.197969],[-75.685423,6.197905],[-75.685516,6.19791],[-75.685963,6.198486],[-75.685968,6.19878],[-75.686064,6.198962],[-75.686105,6.199116],[-75.686078,6.199453],[-75.686194,6.19983],[-75.6862,6.200186],[-75.686229,6.200243],[-75.686354,6.200303],[-75.686829,6.200223],[-75.686947,6.199964],[-75.687035,6.199855],[-75.687284,6.199738],[-75.687443,6.199587],[-75.687547,6.199174],[-75.687628,6.199064],[-75.68774,6.198965],[-75.688067,6.198782],[-75.688196,6.198755],[-75.688304,6.198783],[-75.688341,6.198615],[-75.688943,6.197066],[-75.689127,6.196739],[-75.689269,6.196346],[-75.689269,6.196186],[-75.689242,6.196134],[-75.689252,6.195805],[-75.689302,6.195466],[-75.689302,6.195178],[-75.689373,6.194898],[-75.689378,6.194732],[-75.689372,6.1946],[-75.689312,6.194423],[-75.689317,6.194271],[-75.689443,6.193988],[-75.689625,6.193836],[-75.689651,6.193589],[-75.689777,6.19334],[-75.689671,6.193042],[-75.689342,6.192394],[-75.689251,6.192262],[-75.68913,6.192156],[-75.688699,6.191463],[-75.688573,6.191332],[-75.688235,6.19113],[-75.687997,6.190916],[-75.687916,6.190796],[-75.687759,6.190422],[-75.687668,6.190016],[-75.687511,6.189672],[-75.687097,6.189237],[-75.686823,6.18904],[-75.686616,6.18865],[-75.6865,6.188539],[-75.686034,6.188225],[-75.685853,6.188165],[-75.685726,6.188043],[-75.68561,6.188013],[-75.685256,6.188312],[-75.685099,6.188393],[-75.684679,6.188509],[-75.684472,6.188631],[-75.684366,6.188767],[-75.684341,6.188874],[-75.684108,6.189193],[-75.683908,6.189352],[-75.683543,6.189174],[-75.682951,6.188984],[-75.681811,6.188367],[-75.68171,6.188296],[-75.681423,6.18793],[-75.681281,6.187827],[-75.680675,6.187764],[-75.680311,6.187549],[-75.679963,6.187442],[-75.67949,6.187381],[-75.67921,6.187312],[-75.679029,6.187342],[-75.678812,6.187261],[-75.678596,6.187129],[-75.6779,6.187194],[-75.677809,6.187274],[-75.677629,6.187351],[-75.677237,6.18744],[-75.677046,6.187449],[-75.676857,6.187526],[-75.676718,6.187544],[-75.676518,6.187734],[-75.676455,6.187753],[-75.676354,6.188012],[-75.676268,6.188118],[-75.676052,6.188242],[-75.675955,6.188367],[-75.675959,6.188576],[-75.676051,6.188779],[-75.675841,6.188971],[-75.675825,6.189166],[-75.675929,6.189299],[-75.675982,6.189555],[-75.675888,6.189726],[-75.675872,6.190032],[-75.675813,6.19015],[-75.675829,6.190268],[-75.675757,6.190378],[-75.675679,6.190787],[-75.67561,6.190833],[-75.675514,6.190986],[-75.675519,6.191206],[-75.67557,6.191451],[-75.675533,6.191625],[-75.675386,6.19176],[-75.675273,6.191798],[-75.67512,6.191767],[-75.674922,6.191656],[-75.674763,6.1917],[-75.674394,6.192036],[-75.674056,6.192264],[-75.673973,6.192382],[-75.673871,6.192679],[-75.673772,6.192775],[-75.67259,6.192798],[-75.672338,6.192879],[-75.672361,6.193109],[-75.672431,6.193279],[-75.672293,6.19356],[-75.672209,6.194061],[-75.672081,6.194315],[-75.671893,6.194583],[-75.671839,6.194608],[-75.671578,6.194511],[-75.671379,6.194476],[-75.671206,6.194499],[-75.670866,6.194661],[-75.670714,6.194668],[-75.670358,6.194632],[-75.670326,6.19458],[-75.669945,6.194447],[-75.669709,6.19432],[-75.669386,6.194434],[-75.669216,6.194412],[-75.668966,6.19425],[-75.668757,6.193884],[-75.668463,6.193636],[-75.668331,6.193287],[-75.668049,6.193004],[-75.667882,6.192706],[-75.667794,6.192714],[-75.667457,6.192979],[-75.667284,6.19301],[-75.667209,6.192971],[-75.667009,6.192739],[-75.666852,6.192717],[-75.666722,6.192401],[-75.666586,6.192386],[-75.666469,6.192329],[-75.666409,6.192217],[-75.666407,6.192147],[-75.666445,6.192034],[-75.666739,6.19178],[-75.666899,6.191517],[-75.666951,6.191241],[-75.666917,6.191139],[-75.666832,6.191063],[-75.666817,6.190923],[-75.667025,6.190629],[-75.66705,6.190475],[-75.667004,6.190397],[-75.666925,6.19035],[-75.666243,6.190322],[-75.666159,6.190258],[-75.66603,6.190002],[-75.665948,6.189925],[-75.665523,6.189848],[-75.665403,6.189789],[-75.665338,6.18952],[-75.665236,6.189376],[-75.66517,6.189345],[-75.66502,6.189376],[-75.664569,6.189689],[-75.664415,6.189836],[-75.664201,6.18989],[-75.663947,6.189893],[-75.663834,6.189804],[-75.663679,6.189383],[-75.66358,6.189328],[-75.663459,6.189272],[-75.662676,6.189193],[-75.662572,6.189138],[-75.662524,6.189032],[-75.662667,6.188778],[-75.662684,6.188621],[-75.662647,6.188515],[-75.662443,6.188261],[-75.662345,6.188227],[-75.662101,6.188264],[-75.661997,6.188244],[-75.661721,6.187978],[-75.661674,6.187999],[-75.66143,6.187832],[-75.661409,6.187781],[-75.661288,6.187753],[-75.661156,6.187743],[-75.661045,6.18778],[-75.660607,6.188302],[-75.660113,6.188575],[-75.659911,6.18861],[-75.659824,6.188557],[-75.659489,6.188464],[-75.659388,6.188358],[-75.659353,6.188193],[-75.659261,6.188054],[-75.659241,6.187896],[-75.659174,6.187799],[-75.659069,6.187722],[-75.658763,6.187721],[-75.658744,6.187679],[-75.658612,6.187648],[-75.658521,6.187557],[-75.658472,6.187058],[-75.65839,6.186947],[-75.658303,6.187079],[-75.657954,6.18744],[-75.657845,6.187735],[-75.657749,6.187853],[-75.65768,6.188053],[-75.65759,6.188043],[-75.657535,6.188072],[-75.657281,6.188341],[-75.656951,6.188363],[-75.656599,6.187951],[-75.656307,6.187921],[-75.656235,6.188026],[-75.656241,6.188105],[-75.656107,6.188423],[-75.656045,6.188862],[-75.655978,6.189051],[-75.655998,6.189056],[-75.655991,6.189209],[-75.655891,6.189206],[-75.655648,6.189096],[-75.655333,6.188913],[-75.654957,6.188639],[-75.654873,6.188791],[-75.653851,6.18883],[-75.653595,6.188303],[-75.652668,6.188662],[-75.652099,6.188168],[-75.651983,6.188336],[-75.650955,6.188046],[-75.651063,6.18774],[-75.65134,6.187402],[-75.651358,6.187327],[-75.651011,6.187522],[-75.650684,6.187649],[-75.650395,6.187485],[-75.650161,6.187846],[-75.650054,6.188172],[-75.64983,6.188499],[-75.649734,6.18846],[-75.649658,6.188547],[-75.649091,6.189529],[-75.648901,6.189712],[-75.648867,6.189849],[-75.648908,6.189974],[-75.648905,6.190116],[-75.648833,6.190234],[-75.648788,6.190395],[-75.649369,6.190704],[-75.649438,6.190601],[-75.649575,6.190511],[-75.649611,6.190442],[-75.649663,6.189852],[-75.649715,6.189664],[-75.650112,6.189817],[-75.65037,6.189991],[-75.650674,6.190277],[-75.650934,6.190429],[-75.651321,6.190553],[-75.651503,6.190553],[-75.651697,6.19044],[-75.651831,6.19042],[-75.652099,6.190483],[-75.652911,6.190499],[-75.653474,6.190414],[-75.653575,6.190424],[-75.653774,6.190598],[-75.654069,6.191227],[-75.654277,6.191344],[-75.654536,6.191322],[-75.654851,6.191126],[-75.655009,6.191067],[-75.655199,6.191066],[-75.655727,6.191167],[-75.65598,6.191099],[-75.65627,6.190962],[-75.656524,6.190906],[-75.656657,6.190837],[-75.656897,6.190875],[-75.657003,6.190939],[-75.657115,6.191088],[-75.657411,6.191668],[-75.657461,6.191899],[-75.6576,6.192068],[-75.657792,6.192138],[-75.658487,6.192213],[-75.658804,6.192541],[-75.659317,6.192678],[-75.659553,6.193215],[-75.659993,6.193158],[-75.660179,6.193185],[-75.660322,6.193271],[-75.660378,6.193349],[-75.6604,6.193679],[-75.660582,6.19441],[-75.660686,6.194624],[-75.660837,6.194777],[-75.660994,6.194814],[-75.661194,6.194987],[-75.66129,6.195398]]]},"properties":{"CODIGO":"8004","COMUNA":"80","BARRIO":"04","NOMBRE_BARRIO":"La Oculta","SECTOR":8,"INDICADOR_UR":"R","NOMBRE_COMUNA":"SAN ANTONIO DE PRADO","MUNICIPIO":"001"}},{"type":"Feature","id":62,"geometry":{"type":"Polygon","coordinates":[[[-75.548784,6.23096],[-75.548759,6.231005],[-75.548895,6.23101],[-75.548968,6.230907],[-75.54905,6.230854],[-75.549521,6.230645],[-75.549918,6.230245],[-75.549901,6.23019],[-75.549934,6.23019],[-75.549972,6.229763],[-75.550265,6.229202],[-75.550409,6.229194],[-75.550978,6.229056],[-75.55094,6.228846],[-75.550953,6.228668],[-75.551128,6.228435],[-75.551225,6.228191],[-75.551416,6.227381],[-75.551556,6.227082],[-75.551714,6.2265],[-75.552105,6.226631],[-75.552476,6.227016],[-75.552903,6.226907],[-75.553281,6.22696],[-75.554337,6.227372],[-75.554631,6.227533],[-75.554844,6.227723],[-75.554947,6.227746],[-75.555036,6.227489],[-75.554995,6.227252],[-75.555051,6.226881],[-75.555033,6.226822],[-75.555463,6.226735],[-75.555939,6.227113],[-75.556035,6.227244],[-75.556062,6.22748],[-75.556342,6.227764],[-75.556982,6.228018],[-75.557129,6.228228],[-75.557157,6.228364],[-75.557239,6.228357],[-75.557286,6.228247],[-75.557235,6.228033],[-75.557027,6.227714],[-75.556686,6.227489],[-75.556639,6.227427],[-75.556704,6.227083],[-75.556824,6.226946],[-75.557149,6.226837],[-75.557567,6.226461],[-75.559219,6.226939],[-75.559297,6.226798],[-75.55935,6.226595],[-75.559274,6.226465],[-75.559353,6.225911],[-75.559236,6.2245],[-75.559613,6.22305],[-75.559723,6.222991],[-75.559955,6.223046],[-75.560171,6.223146],[-75.560357,6.223105],[-75.560565,6.222947],[-75.560673,6.22277],[-75.560698,6.222655],[-75.560654,6.222434],[-75.560418,6.221985],[-75.56033,6.221887],[-75.559528,6.221331],[-75.559251,6.221102],[-75.558984,6.220734],[-75.557478,6.219522],[-75.557099,6.219308],[-75.556393,6.219203],[-75.556181,6.219114],[-75.555349,6.218458],[-75.555047,6.218545],[-75.555041,6.218837],[-75.555132,6.218895],[-75.555063,6.219134],[-75.555071,6.219268],[-75.555558,6.219745],[-75.555351,6.219848],[-75.555174,6.220098],[-75.554714,6.220139],[-75.554681,6.220119],[-75.554636,6.219949],[-75.554589,6.219995],[-75.554455,6.220017],[-75.554433,6.220049],[-75.554141,6.219955],[-75.553798,6.220048],[-75.553717,6.220124],[-75.553564,6.220166],[-75.552895,6.219824],[-75.552895,6.220036],[-75.552373,6.22027],[-75.552039,6.220469],[-75.551859,6.220737],[-75.551712,6.22086],[-75.55148,6.220882],[-75.551314,6.221015],[-75.551231,6.221038],[-75.550969,6.221024],[-75.55092,6.220995],[-75.550675,6.221354],[-75.550408,6.221122],[-75.549924,6.220568],[-75.54846,6.219959],[-75.548302,6.219845],[-75.54824,6.219894],[-75.548087,6.219456],[-75.547983,6.219266],[-75.547805,6.219055],[-75.547618,6.218944],[-75.547473,6.218736],[-75.546781,6.218481],[-75.546783,6.218453],[-75.545987,6.217927],[-75.545835,6.217538],[-75.54526,6.217265],[-75.545165,6.217272],[-75.545014,6.217362],[-75.544858,6.217389],[-75.544575,6.217254],[-75.544308,6.217223],[-75.544174,6.217135],[-75.544138,6.21687],[-75.544104,6.216814],[-75.544027,6.216773],[-75.543926,6.21679],[-75.543814,6.216857],[-75.543694,6.216865],[-75.543351,6.216761],[-75.543168,6.216671],[-75.543023,6.216382],[-75.54294,6.216055],[-75.542665,6.215919],[-75.542602,6.215836],[-75.542598,6.215716],[-75.542745,6.215504],[-75.542833,6.215292],[-75.542954,6.215155],[-75.542994,6.215049],[-75.542952,6.214917],[-75.542672,6.214683],[-75.542631,6.214585],[-75.542614,6.21436],[-75.542664,6.214014],[-75.542643,6.213623],[-75.54256,6.213545],[-75.542106,6.213455],[-75.541964,6.213364],[-75.541813,6.213133],[-75.541722,6.212294],[-75.541621,6.212092],[-75.541752,6.212103],[-75.541903,6.21187],[-75.541975,6.21165],[-75.543437,6.212217],[-75.543604,6.212483],[-75.543694,6.212528],[-75.543844,6.212506],[-75.545783,6.212897],[-75.5455,6.212267],[-75.545515,6.212153],[-75.54561,6.212021],[-75.545959,6.211787],[-75.546344,6.211642],[-75.54623,6.211825],[-75.546202,6.211965],[-75.546279,6.212488],[-75.546427,6.212594],[-75.546423,6.212626],[-75.546673,6.212764],[-75.546726,6.212885],[-75.546813,6.212778],[-75.546864,6.212764],[-75.546913,6.212848],[-75.54694,6.213367],[-75.547135,6.212974],[-75.547151,6.212452],[-75.547395,6.212197],[-75.547552,6.212091],[-75.547619,6.211892],[-75.547662,6.211609],[-75.547631,6.211553],[-75.547405,6.211556],[-75.547383,6.211381],[-75.547337,6.211305],[-75.547413,6.210891],[-75.547379,6.210491],[-75.547397,6.210423],[-75.547348,6.210253],[-75.547307,6.210227],[-75.547143,6.21029],[-75.547273,6.210171],[-75.5472,6.210149],[-75.547039,6.210281],[-75.546909,6.210297],[-75.546752,6.21026],[-75.546685,6.210303],[-75.546598,6.210303],[-75.546491,6.210404],[-75.546314,6.21038],[-75.54589,6.210171],[-75.545982,6.210202],[-75.546068,6.210178],[-75.546121,6.21011],[-75.54617,6.210097],[-75.546248,6.210141],[-75.546384,6.210156],[-75.546613,6.210056],[-75.546597,6.210043],[-75.546708,6.210023],[-75.547003,6.209792],[-75.547468,6.209738],[-75.547625,6.209683],[-75.547703,6.209585],[-75.547687,6.209527],[-75.547611,6.209466],[-75.547385,6.20941],[-75.547321,6.209352],[-75.547344,6.209316],[-75.547398,6.209361],[-75.547565,6.209356],[-75.547611,6.209254],[-75.547743,6.2092],[-75.547613,6.209146],[-75.547486,6.208974],[-75.547451,6.208635],[-75.547689,6.208663],[-75.547698,6.208443],[-75.547893,6.208298],[-75.547528,6.208315],[-75.547506,6.208226],[-75.547264,6.208236],[-75.547189,6.208139],[-75.547125,6.207453],[-75.5476,6.207364],[-75.547679,6.206416],[-75.547778,6.206415],[-75.547891,6.20646],[-75.54808,6.206615],[-75.548173,6.206624],[-75.548654,6.204592],[-75.549532,6.20527],[-75.550736,6.203639],[-75.550803,6.202667],[-75.550565,6.202404],[-75.55064,6.20199],[-75.550733,6.201894],[-75.550813,6.201728],[-75.551111,6.200792],[-75.550999,6.200875],[-75.550937,6.20088],[-75.550817,6.200815],[-75.550891,6.199559],[-75.550939,6.199322],[-75.551227,6.199341],[-75.551429,6.199488],[-75.551551,6.199536],[-75.551998,6.199491],[-75.551954,6.198858],[-75.551911,6.198675],[-75.551781,6.198419],[-75.551566,6.198118],[-75.551501,6.19793],[-75.551617,6.197939],[-75.551512,6.196849],[-75.551395,6.196586],[-75.550746,6.195663],[-75.551253,6.195893],[-75.55158,6.19623],[-75.552601,6.196681],[-75.552724,6.196375],[-75.552862,6.196185],[-75.553008,6.195787],[-75.553193,6.195404],[-75.553252,6.195147],[-75.55324,6.195059],[-75.553302,6.194882],[-75.553381,6.194815],[-75.553442,6.194694],[-75.553572,6.194724],[-75.553719,6.194378],[-75.553527,6.194287],[-75.553701,6.193796],[-75.553872,6.193878],[-75.554092,6.194074],[-75.554132,6.193996],[-75.553952,6.193836],[-75.553767,6.193737],[-75.553929,6.193283],[-75.554356,6.193359],[-75.554509,6.193602],[-75.554613,6.193645],[-75.554692,6.193659],[-75.554773,6.193626],[-75.554819,6.193529],[-75.554916,6.193514],[-75.555442,6.191898],[-75.55545,6.191861],[-75.555125,6.191813],[-75.554835,6.19169],[-75.554389,6.191187],[-75.554217,6.190784],[-75.554031,6.190209],[-75.553868,6.188846],[-75.553624,6.18848],[-75.553549,6.18844],[-75.553418,6.188386],[-75.552896,6.188378],[-75.552899,6.188122],[-75.552987,6.187714],[-75.553117,6.1874],[-75.553278,6.187157],[-75.553379,6.187042],[-75.553532,6.186993],[-75.553933,6.186967],[-75.554825,6.187333],[-75.555167,6.18643],[-75.555366,6.186496],[-75.555473,6.186026],[-75.555546,6.186169],[-75.555925,6.185443],[-75.556183,6.185363],[-75.556394,6.185355],[-75.556792,6.185636],[-75.556791,6.185565],[-75.556451,6.185311],[-75.556224,6.1853],[-75.55596,6.185375],[-75.555755,6.185333],[-75.55539,6.185134],[-75.555082,6.185022],[-75.554942,6.185022],[-75.554411,6.185169],[-75.554049,6.185168],[-75.554053,6.185223],[-75.553627,6.185218],[-75.553135,6.18534],[-75.552473,6.185164],[-75.552339,6.185035],[-75.5523,6.18494],[-75.552283,6.184884],[-75.552331,6.184726],[-75.552255,6.184603],[-75.552291,6.184584],[-75.552004,6.183648],[-75.551897,6.183475],[-75.551534,6.182358],[-75.551418,6.18219],[-75.551437,6.182121],[-75.551633,6.182117],[-75.551698,6.18204],[-75.551763,6.181846],[-75.551686,6.18173],[-75.551271,6.181573],[-75.551193,6.181191],[-75.551196,6.181076],[-75.551414,6.18064],[-75.551539,6.18054],[-75.551725,6.180483],[-75.551975,6.180476],[-75.55235,6.180589],[-75.552456,6.180339],[-75.552012,6.180059],[-75.552145,6.180062],[-75.552399,6.17992],[-75.552485,6.179836],[-75.552545,6.179563],[-75.55236,6.179429],[-75.552147,6.179443],[-75.551874,6.179356],[-75.551896,6.179028],[-75.551961,6.178761],[-75.552202,6.17836],[-75.55232,6.178254],[-75.552495,6.177904],[-75.552481,6.177567],[-75.55263,6.177504],[-75.553055,6.177122],[-75.553117,6.177019],[-75.553007,6.176939],[-75.553176,6.176629],[-75.553485,6.176689],[-75.553527,6.176167],[-75.553369,6.176173],[-75.553307,6.175812],[-75.553197,6.175779],[-75.552902,6.175851],[-75.552413,6.175719],[-75.552352,6.175727],[-75.552236,6.175848],[-75.552135,6.175881],[-75.551834,6.175837],[-75.551515,6.175911],[-75.551,6.175897],[-75.550725,6.175933],[-75.550101,6.17573],[-75.549714,6.175643],[-75.549374,6.175617],[-75.549117,6.175517],[-75.548879,6.175492],[-75.54862,6.175365],[-75.548276,6.175348],[-75.547553,6.175146],[-75.547445,6.17515],[-75.546969,6.174773],[-75.546897,6.174761],[-75.54678,6.174817],[-75.546676,6.174827],[-75.546197,6.174742],[-75.546149,6.175475],[-75.545654,6.176362],[-75.545504,6.176481],[-75.545025,6.177053],[-75.545049,6.177245],[-75.545214,6.177488],[-75.545223,6.177592],[-75.545164,6.177758],[-75.545045,6.177866],[-75.544612,6.177997],[-75.544233,6.178501],[-75.54408,6.178603],[-75.54321,6.178741],[-75.54307,6.178844],[-75.543016,6.178977],[-75.543065,6.179111],[-75.543372,6.179346],[-75.543502,6.179734],[-75.543966,6.180266],[-75.544036,6.180397],[-75.544052,6.180545],[-75.543859,6.180541],[-75.543749,6.180602],[-75.543699,6.180692],[-75.543683,6.180961],[-75.543756,6.181241],[-75.544095,6.181118],[-75.544114,6.181289],[-75.544167,6.181373],[-75.544889,6.181911],[-75.54494,6.182003],[-75.544968,6.182642],[-75.545178,6.183311],[-75.545207,6.183918],[-75.545121,6.183958],[-75.544103,6.183518],[-75.542229,6.182776],[-75.541192,6.182307],[-75.540705,6.18217],[-75.54069,6.182013],[-75.540605,6.181891],[-75.540146,6.181741],[-75.540095,6.181714],[-75.540085,6.181634],[-75.539881,6.181764],[-75.539805,6.181842],[-75.53976,6.181951],[-75.539567,6.182071],[-75.539416,6.182118],[-75.539529,6.182408],[-75.539538,6.182531],[-75.539207,6.182569],[-75.538501,6.182362],[-75.538277,6.182231],[-75.536998,6.181754],[-75.536138,6.181397],[-75.536208,6.181173],[-75.536109,6.180936],[-75.536098,6.180755],[-75.536233,6.18018],[-75.536422,6.179888],[-75.536538,6.179844],[-75.5367,6.179556],[-75.536965,6.179778],[-75.537104,6.179637],[-75.537164,6.179511],[-75.537006,6.17944],[-75.537365,6.178553],[-75.537541,6.177818],[-75.53769,6.177839],[-75.537794,6.1778],[-75.53783,6.177832],[-75.537824,6.177894],[-75.538398,6.178089],[-75.538495,6.178184],[-75.53862,6.178208],[-75.538762,6.178402],[-75.538853,6.178483],[-75.538916,6.178498],[-75.539155,6.17853],[-75.539398,6.178496],[-75.539416,6.178521],[-75.539503,6.178497],[-75.539677,6.178523],[-75.53989,6.178507],[-75.540105,6.178635],[-75.540172,6.178639],[-75.540238,6.178621],[-75.54041,6.178474],[-75.540575,6.178536],[-75.540776,6.178523],[-75.540929,6.178559],[-75.541096,6.178516],[-75.54156,6.17852],[-75.541708,6.178663],[-75.541829,6.178679],[-75.542139,6.178672],[-75.542295,6.178618],[-75.542393,6.178657],[-75.54255,6.178603],[-75.542778,6.178765],[-75.542988,6.178818],[-75.542922,6.178627],[-75.542817,6.178457],[-75.542799,6.178216],[-75.542731,6.17816],[-75.542697,6.178071],[-75.542857,6.177519],[-75.543705,6.176638],[-75.543895,6.176394],[-75.544044,6.176296],[-75.544162,6.176317],[-75.54506,6.175679],[-75.54544,6.175894],[-75.545728,6.17601],[-75.545736,6.176042],[-75.545784,6.176028],[-75.546066,6.175522],[-75.546109,6.17535],[-75.546088,6.17474],[-75.545991,6.174574],[-75.545917,6.17464],[-75.545778,6.174546],[-75.545695,6.17462],[-75.545512,6.174532],[-75.545153,6.174431],[-75.544904,6.174186],[-75.544853,6.173922],[-75.544444,6.17354],[-75.544227,6.173061],[-75.5442,6.172898],[-75.544128,6.172807],[-75.543875,6.172618],[-75.543576,6.172536],[-75.543025,6.172581],[-75.542411,6.172527],[-75.541743,6.172174],[-75.541354,6.172057],[-75.541156,6.171912],[-75.540894,6.170601],[-75.540722,6.170502],[-75.540336,6.170466],[-75.540011,6.170285],[-75.539802,6.170347],[-75.539584,6.170485],[-75.538757,6.17086],[-75.53849,6.170424],[-75.538218,6.170128],[-75.538097,6.16992],[-75.537976,6.17028],[-75.537933,6.170637],[-75.537873,6.170848],[-75.537689,6.171299],[-75.537589,6.171462],[-75.537402,6.171697],[-75.537206,6.171837],[-75.537083,6.171865],[-75.536535,6.171818],[-75.536271,6.171919],[-75.536161,6.17205],[-75.536082,6.172232],[-75.535917,6.17239],[-75.535885,6.172501],[-75.535889,6.172851],[-75.535635,6.17343],[-75.535355,6.173625],[-75.535014,6.173972],[-75.534762,6.174409],[-75.532981,6.175496],[-75.532544,6.175711],[-75.530892,6.176674],[-75.530885,6.176705],[-75.531191,6.176886],[-75.531463,6.17714],[-75.531524,6.177412],[-75.53184,6.178132],[-75.531942,6.178445],[-75.532046,6.179042],[-75.532019,6.179471],[-75.531716,6.180559],[-75.531152,6.18106],[-75.530525,6.181541],[-75.530451,6.181638],[-75.530511,6.182342],[-75.531462,6.182647],[-75.531379,6.183323],[-75.531274,6.18375],[-75.531066,6.184396],[-75.530778,6.184995],[-75.530552,6.185364],[-75.530186,6.185865],[-75.529491,6.187064],[-75.529307,6.187178],[-75.529114,6.187237],[-75.528742,6.187234],[-75.528569,6.187376],[-75.52852,6.187455],[-75.528428,6.18774],[-75.528428,6.188059],[-75.528562,6.189242],[-75.528729,6.189751],[-75.528803,6.190148],[-75.528817,6.190563],[-75.528758,6.190828],[-75.528659,6.190996],[-75.528428,6.191266],[-75.527999,6.191656],[-75.527866,6.191833],[-75.527596,6.192364],[-75.526996,6.193386],[-75.526685,6.194032],[-75.526474,6.194393],[-75.525657,6.195399],[-75.525453,6.195566],[-75.525273,6.195657],[-75.525312,6.196032],[-75.525746,6.195842],[-75.52591,6.195832],[-75.526483,6.19607],[-75.527343,6.196289],[-75.527677,6.196475],[-75.528014,6.19658],[-75.52828,6.196817],[-75.528658,6.196798],[-75.528797,6.196832],[-75.529014,6.197051],[-75.529108,6.197089],[-75.529558,6.197098],[-75.529695,6.197137],[-75.530093,6.19709],[-75.530385,6.197248],[-75.530503,6.197369],[-75.530763,6.197384],[-75.53092,6.197425],[-75.531001,6.197501],[-75.531158,6.197554],[-75.531212,6.197598],[-75.531231,6.197765],[-75.531635,6.198189],[-75.531796,6.198222],[-75.531914,6.198289],[-75.532152,6.198493],[-75.532433,6.19864],[-75.53252,6.198754],[-75.532746,6.198882],[-75.532555,6.199365],[-75.532511,6.199893],[-75.53252,6.200332],[-75.532795,6.201088],[-75.532802,6.201212],[-75.532744,6.201315],[-75.532802,6.201454],[-75.532705,6.201862],[-75.532686,6.202269],[-75.532526,6.202207],[-75.532448,6.202215],[-75.532415,6.202269],[-75.532152,6.202248],[-75.532124,6.202264],[-75.532115,6.202393],[-75.532003,6.20247],[-75.531904,6.202387],[-75.531822,6.202513],[-75.531614,6.202541],[-75.531573,6.202608],[-75.531497,6.202622],[-75.531481,6.202752],[-75.53158,6.203008],[-75.53155,6.203346],[-75.531579,6.203546],[-75.531498,6.203593],[-75.531495,6.203809],[-75.531525,6.203908],[-75.53141,6.203966],[-75.531355,6.204037],[-75.531257,6.204049],[-75.530963,6.204327],[-75.530396,6.204203],[-75.530334,6.204175],[-75.530284,6.204089],[-75.53006,6.204217],[-75.529991,6.204101],[-75.529843,6.203988],[-75.529432,6.204519],[-75.529539,6.204724],[-75.529418,6.206029],[-75.529499,6.206062],[-75.52959,6.206037],[-75.52963,6.206107],[-75.529219,6.20644],[-75.52904,6.206539],[-75.529123,6.206734],[-75.529185,6.207176],[-75.529042,6.207778],[-75.529591,6.207912],[-75.530733,6.210891],[-75.532267,6.211493],[-75.53214,6.213011],[-75.532215,6.214013],[-75.532669,6.214324],[-75.533033,6.214363],[-75.53339,6.214503],[-75.533763,6.214804],[-75.534165,6.214986],[-75.535211,6.215157],[-75.535461,6.215242],[-75.535807,6.215272],[-75.535976,6.215199],[-75.536402,6.21531],[-75.536478,6.215456],[-75.536273,6.21598],[-75.536352,6.216182],[-75.536405,6.216498],[-75.536396,6.216727],[-75.536256,6.216946],[-75.536256,6.217315],[-75.536344,6.218475],[-75.53659,6.21966],[-75.536625,6.220003],[-75.536818,6.220486],[-75.536834,6.22084],[-75.536997,6.22128],[-75.536982,6.221698],[-75.537295,6.222335],[-75.537295,6.222537],[-75.53738,6.222894],[-75.53755,6.223103],[-75.537892,6.223289],[-75.537985,6.223375],[-75.53807,6.223545],[-75.538256,6.223677],[-75.538295,6.223848],[-75.538382,6.223848],[-75.538418,6.224],[-75.538531,6.224062],[-75.538605,6.224149],[-75.538738,6.224476],[-75.538969,6.224638],[-75.5391,6.224809],[-75.539181,6.224848],[-75.539267,6.22509],[-75.539335,6.225118],[-75.539407,6.225252],[-75.539624,6.225404],[-75.539838,6.225138],[-75.539996,6.225084],[-75.540087,6.22473],[-75.540136,6.224712],[-75.540173,6.224825],[-75.540302,6.224791],[-75.540904,6.225123],[-75.541296,6.225498],[-75.541351,6.225467],[-75.541451,6.225244],[-75.541365,6.22498],[-75.541397,6.224948],[-75.541622,6.225048],[-75.541717,6.22503],[-75.54183,6.224908],[-75.542097,6.224921],[-75.542174,6.224899],[-75.542286,6.224939],[-75.542499,6.224896],[-75.542553,6.225044],[-75.543551,6.22504],[-75.543564,6.224875],[-75.543813,6.224544],[-75.543929,6.224655],[-75.543998,6.224815],[-75.544177,6.225018],[-75.544248,6.225334],[-75.544545,6.225663],[-75.544658,6.225612],[-75.544566,6.225465],[-75.544692,6.225212],[-75.54468,6.225129],[-75.546056,6.225854],[-75.546239,6.22601],[-75.546318,6.226155],[-75.546422,6.226097],[-75.546488,6.226228],[-75.546664,6.225908],[-75.546682,6.225375],[-75.547096,6.225385],[-75.548067,6.225906],[-75.547889,6.226243],[-75.547999,6.226283],[-75.548031,6.226469],[-75.548406,6.226404],[-75.548466,6.226357],[-75.548566,6.226191],[-75.548917,6.226393],[-75.548932,6.226449],[-75.548787,6.226477],[-75.548787,6.227188],[-75.548832,6.227428],[-75.548871,6.227461],[-75.548865,6.227546],[-75.549027,6.22752],[-75.549023,6.227564],[-75.549101,6.227553],[-75.549065,6.227665],[-75.548978,6.227767],[-75.548876,6.228184],[-75.548787,6.228282],[-75.548624,6.228884],[-75.548707,6.229224],[-75.548844,6.229353],[-75.548706,6.229648],[-75.548709,6.229961],[-75.548686,6.230007],[-75.548752,6.230221],[-75.548819,6.230312],[-75.548863,6.230504],[-75.548868,6.230678],[-75.548784,6.23096]]]},"properties":{"CODIGO":"9004","COMUNA":"90","BARRIO":"04","NOMBRE_BARRIO":"Las Palmas","SECTOR":9,"INDICADOR_UR":"R","NOMBRE_COMUNA":"SANTA ELENA","MUNICIPIO":"001"}},{"type":"Feature","id":63,"geometry":{"type":"Polygon","coordinates":[[[-75.545773,6.176028],[-75.545736,6.176042],[-75.545728,6.17601],[-75.54544,6.175894],[-75.54506,6.175679],[-75.544162,6.176317],[-75.544044,6.176296],[-75.543895,6.176394],[-75.543705,6.176638],[-75.542857,6.177519],[-75.542697,6.178071],[-75.542731,6.17816],[-75.542799,6.178216],[-75.542817,6.178457],[-75.542922,6.178627],[-75.542988,6.178818],[-75.542778,6.178765],[-75.54255,6.178603],[-75.542393,6.178657],[-75.542295,6.178618],[-75.542139,6.178672],[-75.541829,6.178679],[-75.541708,6.178663],[-75.54156,6.17852],[-75.541096,6.178516],[-75.540929,6.178559],[-75.540776,6.178523],[-75.540575,6.178536],[-75.54041,6.178474],[-75.540238,6.178621],[-75.540172,6.178639],[-75.540105,6.178635],[-75.53989,6.178507],[-75.539677,6.178523],[-75.539503,6.178497],[-75.539416,6.178521],[-75.539398,6.178496],[-75.539155,6.17853],[-75.538916,6.178498],[-75.538853,6.178483],[-75.538762,6.178402],[-75.538676,6.178248],[-75.538581,6.178187],[-75.538495,6.178184],[-75.538398,6.178089],[-75.537824,6.177894],[-75.53783,6.177832],[-75.537794,6.1778],[-75.53769,6.177839],[-75.537541,6.177818],[-75.537365,6.178553],[-75.537006,6.17944],[-75.537164,6.179511],[-75.537104,6.179637],[-75.536965,6.179778],[-75.5367,6.179556],[-75.536538,6.179844],[-75.536422,6.179888],[-75.536233,6.18018],[-75.536092,6.180788],[-75.536131,6.181009],[-75.536208,6.181173],[-75.536138,6.181397],[-75.536998,6.181754],[-75.538277,6.182231],[-75.538501,6.182362],[-75.539207,6.182569],[-75.539538,6.182531],[-75.539529,6.182408],[-75.539416,6.182118],[-75.539567,6.182071],[-75.53976,6.181951],[-75.539805,6.181842],[-75.539881,6.181765],[-75.540085,6.181634],[-75.540095,6.181714],[-75.540146,6.181741],[-75.540605,6.181891],[-75.54069,6.182013],[-75.540705,6.18217],[-75.541192,6.182307],[-75.542229,6.182776],[-75.544103,6.183518],[-75.545121,6.183958],[-75.545207,6.183918],[-75.545178,6.183311],[-75.544968,6.182642],[-75.54494,6.182003],[-75.544889,6.181911],[-75.544167,6.181373],[-75.544114,6.181289],[-75.544095,6.181118],[-75.543756,6.181241],[-75.543686,6.18098],[-75.543699,6.180692],[-75.543749,6.180602],[-75.543859,6.180541],[-75.544052,6.180545],[-75.544036,6.180397],[-75.543966,6.180266],[-75.543502,6.179734],[-75.543372,6.179346],[-75.543065,6.179111],[-75.543016,6.178977],[-75.54307,6.178844],[-75.54321,6.178741],[-75.54408,6.178603],[-75.544233,6.178501],[-75.544612,6.177997],[-75.545045,6.177866],[-75.545164,6.177758],[-75.545223,6.177592],[-75.545214,6.177488],[-75.545049,6.177245],[-75.545025,6.177053],[-75.545504,6.176481],[-75.545654,6.176362],[-75.546149,6.175475],[-75.546197,6.174742],[-75.546077,6.174697],[-75.546109,6.17535],[-75.546066,6.175522],[-75.545773,6.176028]]]},"properties":{"CODIGO":"9082","COMUNA":"90","BARRIO":"82","NOMBRE_BARRIO":"Suburbano Chacaltaya","SECTOR":9,"INDICADOR_UR":"R","NOMBRE_COMUNA":"SANTA ELENA","MUNICIPIO":"001"}},{"type":"Feature","id":64,"geometry":{"type":"Polygon","coordinates":[[[-75.492363,6.248882],[-75.492479,6.249362],[-75.492629,6.249649],[-75.492779,6.249858],[-75.492933,6.249946],[-75.493054,6.249598],[-75.49323,6.249423],[-75.493414,6.249335],[-75.494132,6.248854],[-75.494323,6.248803],[-75.494841,6.248759],[-75.495026,6.248775],[-75.495122,6.248735],[-75.495178,6.248607],[-75.495082,6.247189],[-75.495242,6.245859],[-75.495346,6.245659],[-75.495458,6.245595],[-75.495784,6.245275],[-75.495816,6.247453],[-75.495845,6.247646],[-75.49597,6.247783],[-75.496278,6.248013],[-75.496476,6.247973],[-75.496699,6.248003],[-75.49696,6.247977],[-75.497483,6.24781],[-75.497688,6.247881],[-75.498063,6.247838],[-75.498075,6.247657],[-75.498267,6.247724],[-75.498396,6.247714],[-75.49859,6.247849],[-75.498864,6.247662],[-75.499061,6.247615],[-75.499328,6.247683],[-75.500178,6.247313],[-75.500679,6.247246],[-75.500648,6.248001],[-75.500681,6.248002],[-75.500724,6.247928],[-75.500791,6.247694],[-75.500911,6.247585],[-75.501039,6.24784],[-75.501158,6.247956],[-75.501492,6.248084],[-75.501674,6.248264],[-75.502365,6.248296],[-75.50287,6.247991],[-75.502723,6.247955],[-75.502901,6.247721],[-75.503134,6.247619],[-75.503384,6.247287],[-75.503596,6.247083],[-75.503869,6.24688],[-75.504123,6.246909],[-75.504244,6.246836],[-75.504305,6.246721],[-75.504281,6.246571],[-75.504304,6.246481],[-75.50448,6.246281],[-75.504769,6.246077],[-75.504928,6.245564],[-75.504999,6.245467],[-75.505126,6.24544],[-75.505876,6.245569],[-75.506118,6.245579],[-75.50627,6.245533],[-75.506596,6.245292],[-75.506739,6.245234],[-75.50734,6.245427],[-75.507445,6.245255],[-75.507527,6.245031],[-75.50783,6.244627],[-75.508182,6.244313],[-75.508542,6.244122],[-75.508526,6.244],[-75.508468,6.243872],[-75.508157,6.243369],[-75.508076,6.24303],[-75.507541,6.242436],[-75.507286,6.242201],[-75.507088,6.241899],[-75.50702,6.241676],[-75.507006,6.241351],[-75.506941,6.241079],[-75.506848,6.240866],[-75.506757,6.24076],[-75.506545,6.240669],[-75.506354,6.240544],[-75.506138,6.240369],[-75.505929,6.240123],[-75.505807,6.240058],[-75.505597,6.239754],[-75.50548,6.239449],[-75.505424,6.239175],[-75.505344,6.239007],[-75.504532,6.238072],[-75.504463,6.237952],[-75.504441,6.237723],[-75.504398,6.237674],[-75.503853,6.237791],[-75.503425,6.237967],[-75.503078,6.238067],[-75.502897,6.238086],[-75.502696,6.238277],[-75.502579,6.238528],[-75.502511,6.23859],[-75.502277,6.238738],[-75.501741,6.238939],[-75.501687,6.238937],[-75.501519,6.238628],[-75.501319,6.238412],[-75.500856,6.238159],[-75.500233,6.237493],[-75.500208,6.237526],[-75.50013,6.237529],[-75.499682,6.238023],[-75.499497,6.238423],[-75.499562,6.238604],[-75.499272,6.239872],[-75.499205,6.240438],[-75.49912,6.24058],[-75.499087,6.240708],[-75.498302,6.240383],[-75.498074,6.240551],[-75.49787,6.240795],[-75.497765,6.241034],[-75.497738,6.240979],[-75.497564,6.241247],[-75.497521,6.240731],[-75.497477,6.240556],[-75.497227,6.240783],[-75.496843,6.24088],[-75.496725,6.240993],[-75.49666,6.240809],[-75.496574,6.240714],[-75.496309,6.240687],[-75.496364,6.240032],[-75.495776,6.240202],[-75.495704,6.239941],[-75.495631,6.239823],[-75.495639,6.239733],[-75.495904,6.239469],[-75.496244,6.238963],[-75.496371,6.238663],[-75.496361,6.238387],[-75.496415,6.238312],[-75.496589,6.238243],[-75.496687,6.238031],[-75.49668,6.237938],[-75.496608,6.237779],[-75.496576,6.23779],[-75.496507,6.237746],[-75.496486,6.237672],[-75.496536,6.237602],[-75.496533,6.237451],[-75.496617,6.237181],[-75.496643,6.236808],[-75.496729,6.236474],[-75.497241,6.236438],[-75.497436,6.236274],[-75.49782,6.236048],[-75.498149,6.236022],[-75.498262,6.235968],[-75.498304,6.236002],[-75.498177,6.236174],[-75.498384,6.236354],[-75.498341,6.236468],[-75.498767,6.236749],[-75.49861,6.236932],[-75.4984,6.237284],[-75.498826,6.237316],[-75.498998,6.237364],[-75.49951,6.236931],[-75.498664,6.236256],[-75.498238,6.235872],[-75.496987,6.235024],[-75.496416,6.234821],[-75.49618,6.234792],[-75.496009,6.234717],[-75.495749,6.234493],[-75.495701,6.234414],[-75.495659,6.234183],[-75.495368,6.233956],[-75.495243,6.233812],[-75.49501,6.233358],[-75.494693,6.232971],[-75.494573,6.232884],[-75.494245,6.232828],[-75.493563,6.232229],[-75.49346,6.232033],[-75.493392,6.231725],[-75.493081,6.23124],[-75.492896,6.230628],[-75.492734,6.230386],[-75.492494,6.23013],[-75.492433,6.230012],[-75.492117,6.229129],[-75.492006,6.228917],[-75.491659,6.228578],[-75.491561,6.228526],[-75.491482,6.228712],[-75.49131,6.228948],[-75.491138,6.2291],[-75.490921,6.229221],[-75.490704,6.229248],[-75.490499,6.229226],[-75.489745,6.228954],[-75.489494,6.229001],[-75.48866,6.229489],[-75.48855,6.229622],[-75.488443,6.229954],[-75.488272,6.230137],[-75.48778,6.230244],[-75.487221,6.230444],[-75.486536,6.230845],[-75.485836,6.231056],[-75.485352,6.231422],[-75.485131,6.231459],[-75.484815,6.231455],[-75.484445,6.231236],[-75.484306,6.231077],[-75.484004,6.231916],[-75.48397,6.231934],[-75.48407,6.232146],[-75.484206,6.232297],[-75.484387,6.23271],[-75.484309,6.232897],[-75.484291,6.233333],[-75.484041,6.233957],[-75.483943,6.234115],[-75.484004,6.234482],[-75.48397,6.234618],[-75.483969,6.234851],[-75.483922,6.234938],[-75.484154,6.235265],[-75.484608,6.235466],[-75.484759,6.235577],[-75.484854,6.235787],[-75.484874,6.236112],[-75.485,6.23641],[-75.485192,6.236532],[-75.485326,6.236559],[-75.485656,6.237035],[-75.485784,6.237079],[-75.486002,6.236999],[-75.486187,6.236989],[-75.486305,6.237067],[-75.486512,6.237323],[-75.486625,6.237408],[-75.486855,6.23747],[-75.487231,6.237515],[-75.487499,6.237605],[-75.488086,6.237899],[-75.488324,6.238129],[-75.488373,6.238307],[-75.488375,6.238542],[-75.488519,6.239134],[-75.488596,6.239251],[-75.488798,6.23944],[-75.488866,6.239615],[-75.488895,6.239847],[-75.488984,6.240063],[-75.488924,6.240684],[-75.488936,6.24087],[-75.488984,6.241002],[-75.489144,6.241174],[-75.489685,6.241547],[-75.489881,6.24175],[-75.490227,6.241992],[-75.490451,6.242231],[-75.490623,6.242513],[-75.490738,6.242594],[-75.490824,6.242729],[-75.491094,6.242804],[-75.491194,6.242901],[-75.491673,6.243919],[-75.491917,6.244341],[-75.492159,6.244574],[-75.492384,6.24505],[-75.492534,6.245262],[-75.492496,6.245746],[-75.492521,6.245913],[-75.492426,6.246497],[-75.492409,6.247039],[-75.492342,6.247335],[-75.492342,6.247568],[-75.492384,6.247719],[-75.492334,6.24794],[-75.492192,6.248077],[-75.492184,6.248148],[-75.492279,6.248361],[-75.492217,6.248598],[-75.492363,6.248882]]]},"properties":{"CODIGO":"9012","COMUNA":"90","BARRIO":"12","NOMBRE_BARRIO":"Piedra Gorda","SECTOR":9,"INDICADOR_UR":"R","NOMBRE_COMUNA":"SANTA ELENA","MUNICIPIO":"001"}},{"type":"Feature","id":65,"geometry":{"type":"Polygon","coordinates":[[[-75.497359,6.20885],[-75.497379,6.208824],[-75.497776,6.209122],[-75.497801,6.209082],[-75.497932,6.209175],[-75.49794,6.208938],[-75.497848,6.208777],[-75.497775,6.208549],[-75.49782,6.207657],[-75.497749,6.207288],[-75.497629,6.206958],[-75.497632,6.206865],[-75.497545,6.206741],[-75.497502,6.206602],[-75.49748,6.206374],[-75.497533,6.206102],[-75.497606,6.205976],[-75.497703,6.205624],[-75.497753,6.204914],[-75.497724,6.204928],[-75.497735,6.204827],[-75.497671,6.204509],[-75.497685,6.204275],[-75.497721,6.204157],[-75.497872,6.204],[-75.497896,6.203928],[-75.497895,6.203867],[-75.497554,6.20337],[-75.497547,6.203306],[-75.497548,6.202547],[-75.497623,6.202546],[-75.497685,6.202466],[-75.497758,6.202271],[-75.497756,6.202083],[-75.497694,6.201937],[-75.497713,6.201472],[-75.497855,6.201238],[-75.497849,6.201099],[-75.497746,6.201006],[-75.497739,6.200939],[-75.497878,6.200679],[-75.498242,6.200375],[-75.498419,6.20014],[-75.498513,6.19995],[-75.498666,6.199835],[-75.498727,6.199735],[-75.498981,6.199488],[-75.498779,6.199363],[-75.498715,6.19927],[-75.498747,6.199094],[-75.498452,6.198825],[-75.498158,6.198397],[-75.498055,6.198095],[-75.497964,6.197306],[-75.497752,6.196617],[-75.497611,6.196636],[-75.497577,6.19656],[-75.497565,6.196342],[-75.497474,6.196055],[-75.497461,6.195784],[-75.497515,6.195631],[-75.497479,6.195085],[-75.497492,6.194975],[-75.497589,6.194742],[-75.497632,6.194407],[-75.49742,6.193882],[-75.497342,6.193524],[-75.497316,6.192905],[-75.497248,6.192695],[-75.497281,6.192412],[-75.497143,6.192076],[-75.49718,6.192003],[-75.496555,6.192015],[-75.496089,6.191968],[-75.495687,6.191888],[-75.495527,6.191828],[-75.495169,6.19159],[-75.494769,6.19139],[-75.493274,6.190857],[-75.493078,6.190814],[-75.492509,6.190766],[-75.492067,6.190766],[-75.490316,6.190908],[-75.489284,6.190849],[-75.48776,6.19065],[-75.486824,6.190433],[-75.486657,6.190426],[-75.486419,6.190466],[-75.48622,6.190449],[-75.485841,6.190355],[-75.485222,6.190103],[-75.484974,6.190093],[-75.48477,6.19015],[-75.484692,6.190341],[-75.484718,6.190589],[-75.484802,6.190977],[-75.485035,6.191415],[-75.48511,6.191636],[-75.485219,6.192251],[-75.485219,6.192447],[-75.48508,6.192748],[-75.484863,6.193071],[-75.4846,6.193356],[-75.484269,6.193612],[-75.483875,6.19401],[-75.483823,6.194165],[-75.483798,6.194677],[-75.483839,6.195176],[-75.483926,6.195544],[-75.483894,6.195772],[-75.483743,6.19602],[-75.483062,6.196716],[-75.482931,6.197089],[-75.482658,6.197261],[-75.482617,6.197568],[-75.482543,6.197624],[-75.4826,6.197764],[-75.482772,6.197647],[-75.482912,6.197734],[-75.482962,6.197913],[-75.482914,6.197995],[-75.483084,6.198117],[-75.483278,6.198425],[-75.483316,6.198718],[-75.483451,6.198732],[-75.483535,6.198701],[-75.484128,6.19919],[-75.484175,6.199457],[-75.484106,6.199612],[-75.484115,6.199677],[-75.484317,6.199988],[-75.484592,6.200201],[-75.484933,6.200397],[-75.485655,6.201263],[-75.485764,6.201542],[-75.485763,6.201643],[-75.485652,6.201765],[-75.485639,6.201843],[-75.485673,6.20233],[-75.485828,6.203019],[-75.485816,6.20334],[-75.48556,6.203884],[-75.485542,6.204093],[-75.48545,6.204395],[-75.485744,6.205022],[-75.485792,6.205442],[-75.485994,6.205179],[-75.486112,6.204861],[-75.486198,6.204715],[-75.486353,6.204584],[-75.486826,6.204356],[-75.486987,6.204337],[-75.487078,6.204383],[-75.487253,6.20475],[-75.487414,6.204816],[-75.487796,6.20471],[-75.488045,6.20476],[-75.488167,6.204733],[-75.488248,6.204671],[-75.488355,6.204369],[-75.488424,6.204294],[-75.488548,6.204257],[-75.489008,6.204493],[-75.489397,6.204576],[-75.489862,6.204576],[-75.490129,6.204819],[-75.490865,6.205618],[-75.491061,6.205764],[-75.491151,6.205752],[-75.491397,6.205594],[-75.491554,6.205535],[-75.491685,6.205542],[-75.491731,6.205582],[-75.491767,6.206469],[-75.49185,6.20693],[-75.492058,6.207249],[-75.492366,6.207548],[-75.492582,6.207701],[-75.492904,6.207798],[-75.493378,6.207812],[-75.493835,6.207786],[-75.494361,6.207671],[-75.494576,6.207679],[-75.494791,6.207754],[-75.495727,6.208223],[-75.495997,6.208279],[-75.496401,6.208275],[-75.496587,6.208327],[-75.497359,6.20885]],[[-75.493151,6.202427],[-75.493138,6.202048],[-75.492645,6.201998],[-75.492394,6.20203],[-75.492286,6.20196],[-75.492134,6.20195],[-75.491956,6.201894],[-75.49152,6.201906],[-75.491498,6.201829],[-75.491458,6.201819],[-75.491152,6.201981],[-75.490913,6.202019],[-75.490917,6.202074],[-75.490631,6.20219],[-75.490455,6.202191],[-75.490176,6.202127],[-75.490164,6.201943],[-75.490393,6.201383],[-75.490637,6.200944],[-75.490692,6.200548],[-75.491468,6.200667],[-75.491496,6.200663],[-75.491481,6.200484],[-75.491685,6.200479],[-75.491678,6.200266],[-75.491302,6.200315],[-75.491292,6.200233],[-75.490949,6.200263],[-75.490818,6.200161],[-75.490851,6.200121],[-75.490982,6.200041],[-75.491463,6.200047],[-75.491731,6.199957],[-75.492452,6.199989],[-75.492633,6.19985],[-75.492739,6.199895],[-75.49283,6.19988],[-75.492893,6.19991],[-75.493143,6.199858],[-75.493359,6.199858],[-75.493667,6.199951],[-75.494035,6.199799],[-75.494277,6.200171],[-75.494277,6.200309],[-75.494377,6.200671],[-75.49448,6.200933],[-75.494579,6.201029],[-75.494659,6.201346],[-75.494772,6.201524],[-75.494786,6.201711],[-75.494926,6.202135],[-75.494929,6.202252],[-75.494916,6.202283],[-75.493659,6.202332],[-75.493151,6.202427]],[[-75.489859,6.199705],[-75.489618,6.199732],[-75.489372,6.19986],[-75.488756,6.199267],[-75.488633,6.199182],[-75.488468,6.199275],[-75.488125,6.199224],[-75.4881,6.199056],[-75.488319,6.199045],[-75.488658,6.198717],[-75.488811,6.198489],[-75.489026,6.198307],[-75.489144,6.198247],[-75.489067,6.198194],[-75.489011,6.198022],[-75.488891,6.198081],[-75.488819,6.197915],[-75.489125,6.197797],[-75.488987,6.197604],[-75.488742,6.197379],[-75.488577,6.197272],[-75.48868,6.1971],[-75.488916,6.1969],[-75.489035,6.196961],[-75.489213,6.196992],[-75.4895,6.196953],[-75.489235,6.196011],[-75.489451,6.195909],[-75.489546,6.195941],[-75.489632,6.195911],[-75.490272,6.196186],[-75.490452,6.19634],[-75.490522,6.196561],[-75.490819,6.196564],[-75.491225,6.196629],[-75.491314,6.196668],[-75.491771,6.197236],[-75.491721,6.197422],[-75.49176,6.197792],[-75.491709,6.197892],[-75.491334,6.198144],[-75.490999,6.198528],[-75.490417,6.198922],[-75.490278,6.199078],[-75.490285,6.199231],[-75.490206,6.199574],[-75.490375,6.199658],[-75.490325,6.199735],[-75.490157,6.199867],[-75.490088,6.199882],[-75.489958,6.19975],[-75.489859,6.199705]]]},"properties":{"CODIGO":"9001","COMUNA":"90","BARRIO":"01","NOMBRE_BARRIO":"El Cerro","SECTOR":9,"INDICADOR_UR":"R","NOMBRE_COMUNA":"SANTA ELENA","MUNICIPIO":"001"}},{"type":"Feature","id":66,"geometry":{"type":"Polygon","coordinates":[[[-75.677137,6.182918],[-75.677145,6.183058],[-75.677177,6.183091],[-75.677234,6.183086],[-75.677302,6.183026],[-75.677381,6.182854],[-75.677463,6.182491],[-75.677772,6.181982],[-75.678618,6.181695],[-75.679224,6.181332],[-75.67951,6.181217],[-75.679729,6.181149],[-75.680134,6.181084],[-75.680765,6.180814],[-75.682799,6.179753],[-75.682665,6.179547],[-75.682863,6.179449],[-75.682308,6.178729],[-75.681922,6.178292],[-75.681608,6.177697],[-75.681542,6.177408],[-75.681484,6.176674],[-75.681434,6.176536],[-75.6815,6.175976],[-75.681496,6.17545],[-75.681219,6.174599],[-75.68122,6.174378],[-75.681289,6.173909],[-75.681409,6.1734],[-75.681753,6.172897],[-75.682045,6.171965],[-75.68199,6.17166],[-75.681871,6.171422],[-75.682001,6.170664],[-75.682065,6.169419],[-75.68213,6.169205],[-75.681973,6.167955],[-75.681773,6.167588],[-75.681194,6.166196],[-75.680777,6.165361],[-75.680645,6.165028],[-75.680622,6.164647],[-75.680543,6.164445],[-75.680395,6.164275],[-75.680139,6.164103],[-75.679715,6.163711],[-75.679626,6.16358],[-75.679507,6.163198],[-75.679345,6.16369],[-75.679069,6.164112],[-75.678092,6.164966],[-75.677792,6.165287],[-75.677329,6.165705],[-75.677035,6.166029],[-75.676594,6.166793],[-75.67632,6.167127],[-75.676049,6.16728],[-75.675768,6.167339],[-75.674872,6.167684],[-75.674591,6.167768],[-75.674312,6.167776],[-75.673944,6.167656],[-75.67346,6.167351],[-75.672684,6.166928],[-75.67238,6.166687],[-75.671763,6.166096],[-75.671071,6.165619],[-75.670889,6.165465],[-75.670509,6.165017],[-75.669897,6.164136],[-75.669353,6.163833],[-75.668967,6.163551],[-75.668542,6.16316],[-75.668287,6.163002],[-75.667927,6.162924],[-75.667566,6.162915],[-75.666616,6.163606],[-75.665942,6.164354],[-75.665665,6.164609],[-75.665387,6.164719],[-75.665058,6.164672],[-75.664809,6.164898],[-75.664055,6.165325],[-75.663484,6.165752],[-75.663329,6.165924],[-75.663187,6.166359],[-75.661543,6.167636],[-75.661554,6.167695],[-75.661439,6.167774],[-75.661373,6.16772],[-75.661314,6.167747],[-75.661253,6.167722],[-75.66104,6.16803],[-75.660954,6.168259],[-75.660442,6.16881],[-75.660065,6.169096],[-75.659579,6.169165],[-75.65941,6.169487],[-75.659321,6.169591],[-75.658976,6.169785],[-75.658857,6.1698],[-75.658103,6.169724],[-75.657918,6.169728],[-75.657685,6.169781],[-75.657424,6.169776],[-75.656657,6.16965],[-75.65663,6.169742],[-75.656705,6.16986],[-75.656663,6.169961],[-75.656701,6.170018],[-75.656968,6.170124],[-75.657126,6.170253],[-75.657155,6.170315],[-75.657074,6.170525],[-75.657074,6.170692],[-75.656988,6.171085],[-75.65706,6.171712],[-75.657033,6.171732],[-75.65678,6.171706],[-75.656503,6.171753],[-75.65684,6.172113],[-75.656971,6.172314],[-75.656939,6.172591],[-75.656826,6.172583],[-75.656825,6.172886],[-75.656408,6.172832],[-75.656417,6.172894],[-75.656385,6.172904],[-75.65636,6.173492],[-75.656396,6.173711],[-75.656336,6.174479],[-75.656474,6.175137],[-75.656193,6.175223],[-75.656271,6.175435],[-75.656253,6.175877],[-75.656131,6.17615],[-75.656235,6.17621],[-75.656319,6.176202],[-75.656328,6.176158],[-75.65664,6.176003],[-75.657031,6.175922],[-75.657294,6.175815],[-75.65767,6.175715],[-75.657754,6.175713],[-75.65813,6.17584],[-75.658507,6.175889],[-75.658828,6.17583],[-75.658959,6.175835],[-75.65905,6.17579],[-75.659047,6.175505],[-75.659377,6.175553],[-75.659756,6.175537],[-75.659908,6.175479],[-75.659873,6.175588],[-75.659888,6.175856],[-75.660154,6.176406],[-75.66026,6.176478],[-75.660212,6.176487],[-75.660142,6.176649],[-75.660035,6.17725],[-75.659933,6.177245],[-75.65993,6.177332],[-75.659828,6.177309],[-75.659669,6.177332],[-75.659449,6.177457],[-75.659401,6.178023],[-75.659444,6.17817],[-75.659053,6.178055],[-75.658892,6.178065],[-75.658662,6.178149],[-75.658428,6.178318],[-75.65829,6.178365],[-75.658252,6.178638],[-75.6582,6.178725],[-75.657777,6.179195],[-75.658149,6.179587],[-75.65846,6.179561],[-75.658591,6.179587],[-75.659024,6.179457],[-75.659131,6.179621],[-75.659205,6.179635],[-75.659304,6.179878],[-75.659665,6.179769],[-75.659783,6.179809],[-75.660255,6.180128],[-75.660585,6.180221],[-75.660893,6.180232],[-75.660932,6.180187],[-75.661095,6.180169],[-75.661315,6.180085],[-75.661378,6.179939],[-75.661364,6.179718],[-75.661406,6.17968],[-75.661586,6.179642],[-75.661724,6.17966],[-75.661933,6.179597],[-75.662091,6.17943],[-75.662455,6.179491],[-75.662565,6.179461],[-75.662819,6.179226],[-75.663026,6.179114],[-75.663089,6.17903],[-75.663074,6.178651],[-75.663129,6.178549],[-75.66318,6.178523],[-75.663302,6.178591],[-75.663359,6.17858],[-75.663472,6.178391],[-75.66357,6.178365],[-75.663661,6.178448],[-75.663721,6.178692],[-75.663756,6.178723],[-75.664136,6.178742],[-75.664269,6.178896],[-75.664285,6.178971],[-75.664398,6.179014],[-75.664584,6.178956],[-75.664991,6.179016],[-75.665294,6.179109],[-75.665441,6.179122],[-75.665524,6.179169],[-75.66571,6.178981],[-75.665986,6.178806],[-75.665983,6.178676],[-75.66591,6.178541],[-75.666105,6.17829],[-75.666223,6.178371],[-75.666488,6.178364],[-75.666768,6.178283],[-75.666941,6.178282],[-75.667144,6.178325],[-75.667859,6.178293],[-75.668137,6.17821],[-75.668278,6.178128],[-75.668432,6.178],[-75.668426,6.177815],[-75.668318,6.177527],[-75.668315,6.177308],[-75.668663,6.17695],[-75.668706,6.176767],[-75.668814,6.176587],[-75.668846,6.176472],[-75.668777,6.175998],[-75.669451,6.175762],[-75.669749,6.175676],[-75.669917,6.17566],[-75.670204,6.177049],[-75.670254,6.177156],[-75.670332,6.177214],[-75.670436,6.177261],[-75.67052,6.177181],[-75.670794,6.177055],[-75.670975,6.176782],[-75.671193,6.176697],[-75.671652,6.176441],[-75.671837,6.17628],[-75.672268,6.176739],[-75.672543,6.176964],[-75.672759,6.177074],[-75.67288,6.177184],[-75.67325,6.177417],[-75.673524,6.177408],[-75.673842,6.177696],[-75.674052,6.177788],[-75.673967,6.177934],[-75.673831,6.177991],[-75.673596,6.178202],[-75.673226,6.178294],[-75.672992,6.178476],[-75.672898,6.178644],[-75.672964,6.178903],[-75.672854,6.17892],[-75.672683,6.179019],[-75.672512,6.178905],[-75.67244,6.178902],[-75.671447,6.179224],[-75.671176,6.179344],[-75.671195,6.179682],[-75.6713,6.180099],[-75.671614,6.180219],[-75.671839,6.180205],[-75.671961,6.180245],[-75.672114,6.180191],[-75.672255,6.18007],[-75.672644,6.179871],[-75.672892,6.179915],[-75.673046,6.17983],[-75.673691,6.179802],[-75.673866,6.179738],[-75.67463,6.179725],[-75.674753,6.1798],[-75.674842,6.179809],[-75.675051,6.179733],[-75.675183,6.179776],[-75.675631,6.179804],[-75.675771,6.179889],[-75.675939,6.17992],[-75.676015,6.179961],[-75.676004,6.180134],[-75.676151,6.180478],[-75.676284,6.180694],[-75.676345,6.180973],[-75.676355,6.181369],[-75.676302,6.181559],[-75.676313,6.181917],[-75.67557,6.18274],[-75.675591,6.182804],[-75.675735,6.182844],[-75.676324,6.182542],[-75.676391,6.182588],[-75.676517,6.18257],[-75.676585,6.182596],[-75.676667,6.18266],[-75.676771,6.1829],[-75.676822,6.182926],[-75.677137,6.182918]]]},"properties":{"CODIGO":"8002","COMUNA":"80","BARRIO":"02","NOMBRE_BARRIO":"La Florida","SECTOR":8,"INDICADOR_UR":"R","NOMBRE_COMUNA":"SAN ANTONIO DE PRADO","MUNICIPIO":"001"}},{"type":"Feature","id":67,"geometry":{"type":"Polygon","coordinates":[[[-75.474483,6.240523],[-75.475797,6.240017],[-75.475872,6.240053],[-75.476006,6.239916],[-75.476235,6.239873],[-75.476433,6.239752],[-75.476686,6.239687],[-75.476327,6.238717],[-75.476353,6.238204],[-75.476432,6.23774],[-75.476404,6.237465],[-75.476692,6.237275],[-75.476804,6.237162],[-75.476811,6.236987],[-75.476985,6.236915],[-75.476958,6.236819],[-75.477063,6.236339],[-75.477113,6.236302],[-75.477128,6.236388],[-75.477177,6.236363],[-75.477175,6.236399],[-75.477616,6.235846],[-75.477351,6.235605],[-75.477204,6.235545],[-75.476184,6.23593],[-75.475325,6.236134],[-75.474997,6.236256],[-75.474443,6.236345],[-75.474055,6.236462],[-75.473881,6.236537],[-75.473605,6.236718],[-75.473458,6.236855],[-75.473312,6.237068],[-75.473065,6.237534],[-75.473081,6.237687],[-75.473661,6.239282],[-75.473753,6.239695],[-75.473808,6.239646],[-75.473951,6.239983],[-75.473988,6.240011],[-75.474101,6.23999],[-75.474131,6.240016],[-75.474483,6.240523]]]},"properties":{"CODIGO":"9080","COMUNA":"90","BARRIO":"80","NOMBRE_BARRIO":"Suburbano Barro Blanco","SECTOR":9,"INDICADOR_UR":"R","NOMBRE_COMUNA":"SANTA ELENA","MUNICIPIO":"001"}},{"type":"Feature","id":68,"geometry":{"type":"Polygon","coordinates":[[[-75.646531,6.304703],[-75.646609,6.304709],[-75.647025,6.304991],[-75.647272,6.304852],[-75.647551,6.30464],[-75.647697,6.304372],[-75.647866,6.304351],[-75.648085,6.304254],[-75.648154,6.304259],[-75.64841,6.304116],[-75.648703,6.303783],[-75.648809,6.303317],[-75.648996,6.303114],[-75.649189,6.302972],[-75.649304,6.302761],[-75.649438,6.302604],[-75.6497,6.30238],[-75.649767,6.30237],[-75.650045,6.302463],[-75.650511,6.302243],[-75.650583,6.30217],[-75.650609,6.302069],[-75.650576,6.301901],[-75.650587,6.301764],[-75.650718,6.301742],[-75.650744,6.301612],[-75.650701,6.301518],[-75.650602,6.301425],[-75.65062,6.301343],[-75.650596,6.301271],[-75.650244,6.300639],[-75.649871,6.300309],[-75.649588,6.300155],[-75.648413,6.299784],[-75.648595,6.299563],[-75.648052,6.299281],[-75.647951,6.299683],[-75.64779,6.299669],[-75.647493,6.299519],[-75.647561,6.299374],[-75.647581,6.299228],[-75.647491,6.299222],[-75.647481,6.299288],[-75.647385,6.299352],[-75.647465,6.299266],[-75.647446,6.299195],[-75.647009,6.29906],[-75.646975,6.299253],[-75.646882,6.299365],[-75.646914,6.299637],[-75.646851,6.299874],[-75.64692,6.300123],[-75.646774,6.300306],[-75.646735,6.300438],[-75.646743,6.30061],[-75.646692,6.300738],[-75.646765,6.300998],[-75.646707,6.301268],[-75.646645,6.301428],[-75.646445,6.301617],[-75.646235,6.301931],[-75.646247,6.301996],[-75.646377,6.302156],[-75.646397,6.302324],[-75.645956,6.303053],[-75.646028,6.303132],[-75.645746,6.303887],[-75.64577,6.304126],[-75.645949,6.304637],[-75.64615,6.304766],[-75.646531,6.304703]]]},"properties":{"CODIGO":"6007","COMUNA":"60","BARRIO":"07","NOMBRE_BARRIO":"El Llano","SECTOR":7,"INDICADOR_UR":"R","NOMBRE_COMUNA":"SAN CRISTOBAL","MUNICIPIO":"001"}},{"type":"Feature","id":69,"geometry":{"type":"Polygon","coordinates":[[[-75.650555,6.171881],[-75.650304,6.172664],[-75.650236,6.173724],[-75.650489,6.17374],[-75.651858,6.173405],[-75.651852,6.173433],[-75.652037,6.173478],[-75.652119,6.173538],[-75.652159,6.173622],[-75.652204,6.174218],[-75.65238,6.174513],[-75.65247,6.174507],[-75.652439,6.174649],[-75.652794,6.176505],[-75.653327,6.176796],[-75.653433,6.176922],[-75.65364,6.177286],[-75.653798,6.177437],[-75.653982,6.177555],[-75.653894,6.177573],[-75.654037,6.177689],[-75.654054,6.177763],[-75.65394,6.177954],[-75.653899,6.178095],[-75.653988,6.178129],[-75.653903,6.1782],[-75.653997,6.178519],[-75.653972,6.178569],[-75.653902,6.178605],[-75.653504,6.178569],[-75.653444,6.178592],[-75.653415,6.178651],[-75.653009,6.178554],[-75.652291,6.178576],[-75.651744,6.178393],[-75.651155,6.178256],[-75.650809,6.178267],[-75.650622,6.178317],[-75.650755,6.179267],[-75.650213,6.179363],[-75.650136,6.179122],[-75.649412,6.179236],[-75.649461,6.179425],[-75.649224,6.179459],[-75.649221,6.17989],[-75.6492,6.179892],[-75.64923,6.180087],[-75.649461,6.180133],[-75.64941,6.180432],[-75.649324,6.180431],[-75.64909,6.180304],[-75.648945,6.180434],[-75.649001,6.180602],[-75.64937,6.180799],[-75.649971,6.18072],[-75.650733,6.180738],[-75.651192,6.180656],[-75.651244,6.181167],[-75.651172,6.181859],[-75.651574,6.181946],[-75.651698,6.182016],[-75.651996,6.182086],[-75.652188,6.181927],[-75.652264,6.182058],[-75.652379,6.182077],[-75.652522,6.182023],[-75.652729,6.181745],[-75.652792,6.181716],[-75.652982,6.181728],[-75.653099,6.181687],[-75.653251,6.181783],[-75.653512,6.181827],[-75.653681,6.181914],[-75.653739,6.181974],[-75.653795,6.182288],[-75.65404,6.18227],[-75.654169,6.182108],[-75.654424,6.182128],[-75.654567,6.182216],[-75.654655,6.182348],[-75.65467,6.1825],[-75.65475,6.182525],[-75.654949,6.182417],[-75.655229,6.182517],[-75.65588,6.18235],[-75.656166,6.182522],[-75.656292,6.182497],[-75.656475,6.182393],[-75.656632,6.182258],[-75.65665,6.182215],[-75.656603,6.182149],[-75.656612,6.182094],[-75.656808,6.181934],[-75.656992,6.181836],[-75.657324,6.181434],[-75.657447,6.181372],[-75.65759,6.18122],[-75.657643,6.181201],[-75.657713,6.181203],[-75.657835,6.181294],[-75.65788,6.181295],[-75.658017,6.181089],[-75.658256,6.181148],[-75.658487,6.181297],[-75.658894,6.181341],[-75.659395,6.181458],[-75.659536,6.181572],[-75.659875,6.181662],[-75.660029,6.181803],[-75.660194,6.181685],[-75.660212,6.18153],[-75.660373,6.181497],[-75.660429,6.181454],[-75.660963,6.181369],[-75.661249,6.181428],[-75.661388,6.181489],[-75.661405,6.181144],[-75.661364,6.180781],[-75.661138,6.18081],[-75.661138,6.180713],[-75.661214,6.180471],[-75.661169,6.180338],[-75.660981,6.180244],[-75.660585,6.180221],[-75.660255,6.180128],[-75.659783,6.179809],[-75.659665,6.179769],[-75.659304,6.179878],[-75.659205,6.179635],[-75.659131,6.179621],[-75.659024,6.179457],[-75.658591,6.179587],[-75.65846,6.179561],[-75.658149,6.179587],[-75.657777,6.179195],[-75.6582,6.178725],[-75.658252,6.178638],[-75.65829,6.178365],[-75.658428,6.178318],[-75.658662,6.178149],[-75.658892,6.178065],[-75.659053,6.178055],[-75.659444,6.17817],[-75.659401,6.178023],[-75.659449,6.177457],[-75.659669,6.177332],[-75.659828,6.177309],[-75.65993,6.177332],[-75.659933,6.177245],[-75.660035,6.17725],[-75.660142,6.176649],[-75.660212,6.176487],[-75.66026,6.176478],[-75.660154,6.176406],[-75.659888,6.175856],[-75.659873,6.175588],[-75.659908,6.175479],[-75.659756,6.175537],[-75.659377,6.175553],[-75.659047,6.175505],[-75.65905,6.17579],[-75.658959,6.175835],[-75.658828,6.17583],[-75.658507,6.175889],[-75.65813,6.17584],[-75.657754,6.175713],[-75.65767,6.175715],[-75.657294,6.175815],[-75.657031,6.175922],[-75.65664,6.176003],[-75.656328,6.176158],[-75.656319,6.176202],[-75.656235,6.17621],[-75.656131,6.17615],[-75.656253,6.175877],[-75.656271,6.175435],[-75.656193,6.175223],[-75.656474,6.175137],[-75.656336,6.174479],[-75.656396,6.173711],[-75.65636,6.173492],[-75.656385,6.172904],[-75.656417,6.172894],[-75.656408,6.172832],[-75.656825,6.172886],[-75.656826,6.172583],[-75.656939,6.172591],[-75.656971,6.172314],[-75.65684,6.172113],[-75.656503,6.171753],[-75.656179,6.171957],[-75.655679,6.172098],[-75.655458,6.172068],[-75.655201,6.172078],[-75.654811,6.171929],[-75.654616,6.172035],[-75.654209,6.172009],[-75.654071,6.171923],[-75.653867,6.171909],[-75.653688,6.171776],[-75.653646,6.171637],[-75.653694,6.1715],[-75.653568,6.171395],[-75.653386,6.171417],[-75.653235,6.171575],[-75.653129,6.171582],[-75.653,6.171407],[-75.653056,6.171191],[-75.652964,6.171185],[-75.652867,6.17109],[-75.652777,6.170853],[-75.652689,6.170786],[-75.652396,6.17074],[-75.652319,6.170767],[-75.652296,6.171027],[-75.652134,6.171306],[-75.652006,6.171506],[-75.651848,6.171639],[-75.651509,6.171786],[-75.65108,6.171841],[-75.650578,6.171833],[-75.650555,6.171881]]]},"properties":{"CODIGO":"8098","COMUNA":"80","BARRIO":"98","NOMBRE_BARRIO":"Área de Expansión San Antonio de Prado","SECTOR":8,"INDICADOR_UR":"R","NOMBRE_COMUNA":"SAN ANTONIO DE PRADO","MUNICIPIO":"001"}},{"type":"Feature","id":70,"geometry":{"type":"Polygon","coordinates":[[[-75.669771,6.298472],[-75.670035,6.298639],[-75.670317,6.298933],[-75.670525,6.299207],[-75.670679,6.299524],[-75.670672,6.299701],[-75.670548,6.299964],[-75.670567,6.300179],[-75.670698,6.300377],[-75.671097,6.300797],[-75.671112,6.30095],[-75.671018,6.301118],[-75.671014,6.301275],[-75.671172,6.301534],[-75.671204,6.301794],[-75.671303,6.30192],[-75.671431,6.301767],[-75.671408,6.301509],[-75.671292,6.301152],[-75.671246,6.300864],[-75.671273,6.300765],[-75.671417,6.300697],[-75.67145,6.300608],[-75.67144,6.300475],[-75.671348,6.300412],[-75.671268,6.300302],[-75.67115,6.299906],[-75.670932,6.299685],[-75.670919,6.299621],[-75.670993,6.299351],[-75.671034,6.299299],[-75.671145,6.299259],[-75.671127,6.299164],[-75.671203,6.299036],[-75.67119,6.298857],[-75.67131,6.298445],[-75.671237,6.298386],[-75.671367,6.297976],[-75.67128,6.297371],[-75.671352,6.297099],[-75.671324,6.296541],[-75.671413,6.295985],[-75.671422,6.295639],[-75.671385,6.295546],[-75.671426,6.295514],[-75.671369,6.295245],[-75.671388,6.295079],[-75.671517,6.294749],[-75.671638,6.294599],[-75.671658,6.294245],[-75.671547,6.293913],[-75.671586,6.293628],[-75.671503,6.293525],[-75.671419,6.293237],[-75.671424,6.293142],[-75.671551,6.292936],[-75.671775,6.292804],[-75.671835,6.292542],[-75.671793,6.292063],[-75.67207,6.291548],[-75.67227,6.29139],[-75.672327,6.291116],[-75.672402,6.291037],[-75.672443,6.290698],[-75.672494,6.290602],[-75.672415,6.290514],[-75.67234,6.290188],[-75.672192,6.289908],[-75.672188,6.289846],[-75.672399,6.289444],[-75.672468,6.28904],[-75.672482,6.288556],[-75.672575,6.288421],[-75.672763,6.28839],[-75.672834,6.288306],[-75.672838,6.288254],[-75.672724,6.28801],[-75.672825,6.287687],[-75.672652,6.287349],[-75.672629,6.287097],[-75.67274,6.286961],[-75.672943,6.28684],[-75.672914,6.286814],[-75.672577,6.286715],[-75.672371,6.286602],[-75.671511,6.286116],[-75.671397,6.28604],[-75.671217,6.285848],[-75.671085,6.285802],[-75.67085,6.285803],[-75.670487,6.285893],[-75.670162,6.285857],[-75.669947,6.28577],[-75.669667,6.285776],[-75.668797,6.28596],[-75.667947,6.286194],[-75.667375,6.286169],[-75.667104,6.286265],[-75.666647,6.286517],[-75.666505,6.286531],[-75.666405,6.286479],[-75.666183,6.286949],[-75.666024,6.28714],[-75.665636,6.287867],[-75.665544,6.28791],[-75.665361,6.288199],[-75.665115,6.287977],[-75.664741,6.287748],[-75.664498,6.287641],[-75.664109,6.287545],[-75.663641,6.28734],[-75.66383,6.286801],[-75.663854,6.286633],[-75.664087,6.286401],[-75.664215,6.286193],[-75.664303,6.28615],[-75.664716,6.286095],[-75.6649,6.285903],[-75.664902,6.285753],[-75.664015,6.285592],[-75.663778,6.285603],[-75.663571,6.285713],[-75.663318,6.285994],[-75.66318,6.28599],[-75.662929,6.285648],[-75.662417,6.285293],[-75.661739,6.285071],[-75.661506,6.284947],[-75.661392,6.284848],[-75.661161,6.284543],[-75.66089,6.284503],[-75.660719,6.284084],[-75.660695,6.283926],[-75.660567,6.283653],[-75.660027,6.283542],[-75.660016,6.283512],[-75.659802,6.283601],[-75.659403,6.28368],[-75.65931,6.283635],[-75.659197,6.283632],[-75.658983,6.283738],[-75.658664,6.283624],[-75.658522,6.283612],[-75.658287,6.283639],[-75.658066,6.283722],[-75.657925,6.283724],[-75.657789,6.283619],[-75.657614,6.283604],[-75.657374,6.283471],[-75.657206,6.283253],[-75.656919,6.283107],[-75.65687,6.28301],[-75.656899,6.282922],[-75.656883,6.282857],[-75.656436,6.28262],[-75.656394,6.282568],[-75.656382,6.282431],[-75.656309,6.282347],[-75.65607,6.282276],[-75.655872,6.28228],[-75.655668,6.282415],[-75.655486,6.28232],[-75.655444,6.282371],[-75.65542,6.282443],[-75.655464,6.282818],[-75.655144,6.283248],[-75.654887,6.283142],[-75.654746,6.28345],[-75.654916,6.283578],[-75.654795,6.283875],[-75.654691,6.284313],[-75.654587,6.284421],[-75.654221,6.284474],[-75.653857,6.284455],[-75.653265,6.284369],[-75.652758,6.284053],[-75.652314,6.283925],[-75.651867,6.283961],[-75.651139,6.283767],[-75.650935,6.283754],[-75.650773,6.283783],[-75.650518,6.283622],[-75.650434,6.283658],[-75.650473,6.284206],[-75.650455,6.284294],[-75.650594,6.284803],[-75.650631,6.284857],[-75.650905,6.284971],[-75.650963,6.284807],[-75.651058,6.284928],[-75.65112,6.284954],[-75.65107,6.285278],[-75.650917,6.285613],[-75.650927,6.285728],[-75.65109,6.286168],[-75.651272,6.28639],[-75.65112,6.286375],[-75.650916,6.286553],[-75.650873,6.286643],[-75.650884,6.286867],[-75.65115,6.287306],[-75.651156,6.287393],[-75.651404,6.287638],[-75.651672,6.287789],[-75.651851,6.28783],[-75.651963,6.287976],[-75.652147,6.288055],[-75.652227,6.288191],[-75.6523,6.288639],[-75.652368,6.288654],[-75.652442,6.288764],[-75.652233,6.288791],[-75.652055,6.288884],[-75.651805,6.288853],[-75.651541,6.288764],[-75.651449,6.288769],[-75.651135,6.289116],[-75.650483,6.289238],[-75.650766,6.28941],[-75.651885,6.289553],[-75.652128,6.289734],[-75.652355,6.289954],[-75.652777,6.29018],[-75.653142,6.289616],[-75.653249,6.289748],[-75.653279,6.289981],[-75.653331,6.290033],[-75.65346,6.290063],[-75.653726,6.289992],[-75.653879,6.290028],[-75.653993,6.290142],[-75.654218,6.290274],[-75.654283,6.290379],[-75.654378,6.290441],[-75.654176,6.290481],[-75.654047,6.290937],[-75.654099,6.290993],[-75.654274,6.291059],[-75.654748,6.291095],[-75.65516,6.290922],[-75.655202,6.291043],[-75.655345,6.291265],[-75.655729,6.291579],[-75.65615,6.29182],[-75.656349,6.291861],[-75.65743,6.292354],[-75.65769,6.292336],[-75.657981,6.292528],[-75.658436,6.292697],[-75.659043,6.292576],[-75.659692,6.292688],[-75.659806,6.292767],[-75.66007,6.293241],[-75.660568,6.293556],[-75.660956,6.293847],[-75.661455,6.293902],[-75.661789,6.294055],[-75.662243,6.294009],[-75.662648,6.294096],[-75.663062,6.294115],[-75.663747,6.294205],[-75.664055,6.294296],[-75.66456,6.29434],[-75.664778,6.294412],[-75.665075,6.294445],[-75.665305,6.294548],[-75.665482,6.294569],[-75.66566,6.294677],[-75.665993,6.294788],[-75.666072,6.294946],[-75.666626,6.295515],[-75.666963,6.295752],[-75.667164,6.295967],[-75.667351,6.296283],[-75.667552,6.296825],[-75.66743,6.296889],[-75.667308,6.297004],[-75.667256,6.297101],[-75.667487,6.297365],[-75.668069,6.297801],[-75.667606,6.297773],[-75.667139,6.297816],[-75.666705,6.297771],[-75.666473,6.297784],[-75.666153,6.297724],[-75.665891,6.297814],[-75.665661,6.297969],[-75.665473,6.298004],[-75.66554,6.298291],[-75.665497,6.298793],[-75.666073,6.298967],[-75.666639,6.299016],[-75.667161,6.29896],[-75.667411,6.298839],[-75.668038,6.298408],[-75.668609,6.298331],[-75.66868,6.298384],[-75.669197,6.298468],[-75.669383,6.298485],[-75.669756,6.298411],[-75.669771,6.298472]]]},"properties":{"CODIGO":"6003","COMUNA":"60","BARRIO":"03","NOMBRE_BARRIO":"Las Playas","SECTOR":7,"INDICADOR_UR":"R","NOMBRE_COMUNA":"SAN CRISTOBAL","MUNICIPIO":"001"}},{"type":"Feature","id":71,"geometry":{"type":"Polygon","coordinates":[[[-75.640637,6.298683],[-75.640774,6.298971],[-75.640959,6.298863],[-75.641019,6.298755],[-75.64121,6.298621],[-75.641357,6.298584],[-75.641421,6.298648],[-75.641481,6.298575],[-75.641613,6.29859],[-75.641776,6.298336],[-75.641951,6.298221],[-75.642257,6.297913],[-75.642318,6.297745],[-75.642541,6.297705],[-75.642611,6.297476],[-75.642809,6.297364],[-75.643233,6.296944],[-75.643539,6.296845],[-75.64369,6.29674],[-75.643999,6.296226],[-75.644046,6.295917],[-75.644107,6.2958],[-75.644311,6.295574],[-75.644427,6.295301],[-75.644585,6.295156],[-75.64465,6.295],[-75.644674,6.29487],[-75.644615,6.294459],[-75.644625,6.294276],[-75.644724,6.294034],[-75.644873,6.293896],[-75.644879,6.293632],[-75.645128,6.293357],[-75.645184,6.293155],[-75.645526,6.29299],[-75.645506,6.29293],[-75.645658,6.292917],[-75.645655,6.29289],[-75.645925,6.292887],[-75.646264,6.292947],[-75.64638,6.292919],[-75.646542,6.292941],[-75.646795,6.293122],[-75.646916,6.293166],[-75.646986,6.293135],[-75.64715,6.292873],[-75.647306,6.292701],[-75.647357,6.292396],[-75.647412,6.292323],[-75.647658,6.292142],[-75.647723,6.292135],[-75.647948,6.292235],[-75.648043,6.292197],[-75.648225,6.292038],[-75.648292,6.291904],[-75.648282,6.291844],[-75.648202,6.29177],[-75.648114,6.291746],[-75.648015,6.291624],[-75.647997,6.29151],[-75.648018,6.291453],[-75.648288,6.291349],[-75.648417,6.291364],[-75.648509,6.291443],[-75.648721,6.291298],[-75.648585,6.291119],[-75.648517,6.290948],[-75.648306,6.290705],[-75.648186,6.290172],[-75.648199,6.289964],[-75.64824,6.289846],[-75.648411,6.289579],[-75.648459,6.289427],[-75.648375,6.289023],[-75.648379,6.288907],[-75.648414,6.288861],[-75.648555,6.288906],[-75.648632,6.288898],[-75.648735,6.288864],[-75.648855,6.288771],[-75.648947,6.288486],[-75.648966,6.288259],[-75.648951,6.287947],[-75.648988,6.287313],[-75.648834,6.286173],[-75.648854,6.285997],[-75.648977,6.285678],[-75.648959,6.2855],[-75.648861,6.285188],[-75.648675,6.284878],[-75.647879,6.284297],[-75.647636,6.284195],[-75.647537,6.284015],[-75.647514,6.283859],[-75.64766,6.282832],[-75.64759,6.282555],[-75.647492,6.282435],[-75.647299,6.282303],[-75.646807,6.282237],[-75.646433,6.282258],[-75.646161,6.282197],[-75.644936,6.281745],[-75.644694,6.281581],[-75.644554,6.28143],[-75.644485,6.281279],[-75.644443,6.281035],[-75.644379,6.280913],[-75.644174,6.280739],[-75.643942,6.280712],[-75.643355,6.280725],[-75.643227,6.280683],[-75.643171,6.280517],[-75.642811,6.279834],[-75.642644,6.279625],[-75.642239,6.278818],[-75.641872,6.278639],[-75.64171,6.278508],[-75.641509,6.278434],[-75.641305,6.278459],[-75.640442,6.278721],[-75.640374,6.278707],[-75.640456,6.278937],[-75.640082,6.279415],[-75.640054,6.279628],[-75.640006,6.279679],[-75.640003,6.279852],[-75.639966,6.279851],[-75.639977,6.280012],[-75.639904,6.280206],[-75.639815,6.280294],[-75.639741,6.280292],[-75.639684,6.280368],[-75.639634,6.280364],[-75.639679,6.280114],[-75.639572,6.280074],[-75.639436,6.280034],[-75.639388,6.280168],[-75.63898,6.279938],[-75.638746,6.279879],[-75.638549,6.279881],[-75.638361,6.279843],[-75.638192,6.279948],[-75.637901,6.2799],[-75.637672,6.27969],[-75.637207,6.279465],[-75.637224,6.279409],[-75.636451,6.279303],[-75.636446,6.279562],[-75.636753,6.279628],[-75.637236,6.279667],[-75.637227,6.280311],[-75.637385,6.280315],[-75.63792,6.28065],[-75.637859,6.281375],[-75.638007,6.281432],[-75.638336,6.281685],[-75.639176,6.281938],[-75.639195,6.282048],[-75.639289,6.282179],[-75.639247,6.282565],[-75.639367,6.282774],[-75.639506,6.28293],[-75.639623,6.28325],[-75.639858,6.283533],[-75.639906,6.283808],[-75.640084,6.284173],[-75.639981,6.284443],[-75.640318,6.284884],[-75.640316,6.284975],[-75.640226,6.285258],[-75.640285,6.28545],[-75.640251,6.28565],[-75.640324,6.28578],[-75.640349,6.286001],[-75.640401,6.286075],[-75.640697,6.286221],[-75.64071,6.286309],[-75.640681,6.286397],[-75.640711,6.286539],[-75.640877,6.286712],[-75.640657,6.287051],[-75.640862,6.287235],[-75.640882,6.287305],[-75.640833,6.28737],[-75.640447,6.287616],[-75.640414,6.287692],[-75.641324,6.28816],[-75.641556,6.288313],[-75.641585,6.288379],[-75.64176,6.288547],[-75.642063,6.288514],[-75.642124,6.288475],[-75.642216,6.288567],[-75.642167,6.289065],[-75.642089,6.288956],[-75.642081,6.289185],[-75.642104,6.289191],[-75.642012,6.289263],[-75.641855,6.289302],[-75.641671,6.289666],[-75.641626,6.289727],[-75.641568,6.289703],[-75.641365,6.290024],[-75.641235,6.290519],[-75.641135,6.290495],[-75.641097,6.290595],[-75.641019,6.290544],[-75.640908,6.290698],[-75.6407,6.291102],[-75.640674,6.291135],[-75.64054,6.291163],[-75.640653,6.291183],[-75.640458,6.291751],[-75.640247,6.292189],[-75.640844,6.292399],[-75.641374,6.292878],[-75.641595,6.292882],[-75.641829,6.292761],[-75.641929,6.292764],[-75.641916,6.292815],[-75.641867,6.29285],[-75.64178,6.293017],[-75.641774,6.293165],[-75.641291,6.293348],[-75.641158,6.293428],[-75.640668,6.293923],[-75.640896,6.294088],[-75.641113,6.294603],[-75.640901,6.294785],[-75.640787,6.294839],[-75.640417,6.294877],[-75.640321,6.29505],[-75.640302,6.295345],[-75.639766,6.29612],[-75.639661,6.296216],[-75.639379,6.296135],[-75.639226,6.296232],[-75.639365,6.296358],[-75.639511,6.296583],[-75.639674,6.296555],[-75.640373,6.297187],[-75.640519,6.297017],[-75.640761,6.297372],[-75.640034,6.2983],[-75.64035,6.298405],[-75.640637,6.298683]]]},"properties":{"CODIGO":"6087","COMUNA":"60","BARRIO":"87","NOMBRE_BARRIO":"Suburbano Travesias","SECTOR":7,"INDICADOR_UR":"R","NOMBRE_COMUNA":"SAN CRISTOBAL","MUNICIPIO":"001"}},{"type":"Feature","id":72,"geometry":{"type":"Polygon","coordinates":[[[-75.705759,6.373469],[-75.705861,6.373518],[-75.706025,6.37351],[-75.70647,6.373277],[-75.706666,6.373208],[-75.707172,6.373283],[-75.707223,6.372959],[-75.707201,6.372753],[-75.706947,6.372597],[-75.706672,6.372359],[-75.706443,6.372061],[-75.70623,6.371462],[-75.706103,6.371318],[-75.706222,6.371107],[-75.706222,6.371056],[-75.705731,6.370844],[-75.706026,6.370223],[-75.706056,6.37021],[-75.706075,6.369677],[-75.705996,6.369333],[-75.706006,6.369182],[-75.706061,6.369004],[-75.706234,6.36875],[-75.706134,6.368658],[-75.705729,6.368656],[-75.705646,6.368715],[-75.705434,6.368738],[-75.705272,6.369011],[-75.705162,6.369403],[-75.705058,6.369497],[-75.704992,6.36944],[-75.704693,6.368826],[-75.704768,6.368672],[-75.704831,6.368313],[-75.704997,6.368021],[-75.70485,6.368034],[-75.704697,6.368091],[-75.704453,6.368227],[-75.703343,6.369094],[-75.703196,6.369046],[-75.702869,6.36907],[-75.702443,6.368848],[-75.70203,6.368744],[-75.702218,6.368533],[-75.702331,6.368233],[-75.702356,6.368051],[-75.702494,6.367913],[-75.702647,6.367517],[-75.702612,6.367216],[-75.702456,6.366691],[-75.702814,6.366083],[-75.702898,6.36604],[-75.70318,6.366019],[-75.703368,6.365912],[-75.70353,6.365334],[-75.703531,6.36506],[-75.703229,6.365028],[-75.702886,6.365059],[-75.701944,6.36556],[-75.701681,6.365648],[-75.701254,6.365422],[-75.700723,6.365543],[-75.700214,6.365314],[-75.700078,6.365293],[-75.699896,6.365323],[-75.699468,6.365494],[-75.699024,6.365956],[-75.698521,6.365688],[-75.698521,6.365457],[-75.698425,6.3651],[-75.698566,6.364818],[-75.6983,6.36449],[-75.698198,6.364662],[-75.698161,6.364567],[-75.698031,6.364617],[-75.69804,6.364657],[-75.697346,6.364697],[-75.696903,6.365542],[-75.696561,6.365941],[-75.696012,6.366843],[-75.696087,6.366857],[-75.696236,6.366816],[-75.696643,6.366453],[-75.697,6.366332],[-75.697248,6.366211],[-75.697382,6.366455],[-75.697529,6.366488],[-75.69771,6.366623],[-75.697981,6.366677],[-75.698054,6.366732],[-75.69838,6.367273],[-75.698334,6.367341],[-75.698561,6.36748],[-75.698791,6.36749],[-75.698927,6.367569],[-75.698924,6.368243],[-75.699018,6.368399],[-75.699192,6.368517],[-75.699226,6.368607],[-75.699195,6.368801],[-75.699212,6.368934],[-75.699418,6.369417],[-75.699483,6.369471],[-75.699869,6.369391],[-75.699996,6.369432],[-75.700245,6.369614],[-75.700296,6.369585],[-75.700427,6.369315],[-75.700514,6.369252],[-75.700674,6.369192],[-75.70098,6.369143],[-75.701086,6.369183],[-75.701331,6.36942],[-75.701522,6.369491],[-75.701774,6.369725],[-75.702306,6.370092],[-75.702505,6.370104],[-75.70276,6.370001],[-75.702856,6.370053],[-75.702984,6.370251],[-75.703049,6.370301],[-75.70338,6.370461],[-75.703677,6.370456],[-75.703727,6.370623],[-75.703632,6.370911],[-75.703626,6.371026],[-75.703656,6.371064],[-75.703837,6.37112],[-75.704083,6.371286],[-75.70419,6.371527],[-75.704243,6.371576],[-75.704629,6.371764],[-75.704791,6.371879],[-75.704806,6.371929],[-75.704748,6.3722],[-75.704768,6.372413],[-75.705048,6.372786],[-75.705011,6.372917],[-75.704864,6.373021],[-75.70496,6.373158],[-75.705063,6.373239],[-75.705302,6.373221],[-75.705759,6.373469]]]},"properties":{"CODIGO":"5086","COMUNA":"50","BARRIO":"86","NOMBRE_BARRIO":"Suburbano Urquita","SECTOR":7,"INDICADOR_UR":"R","NOMBRE_COMUNA":"PALMITAS","MUNICIPIO":"001"}},{"type":"Feature","id":73,"geometry":{"type":"Polygon","coordinates":[[[-75.51587,6.252347],[-75.516319,6.25262],[-75.516518,6.252405],[-75.516826,6.252244],[-75.517062,6.252044],[-75.51721,6.25196],[-75.517182,6.25151],[-75.516967,6.25097],[-75.517062,6.25087],[-75.517081,6.250657],[-75.517276,6.250516],[-75.517409,6.250358],[-75.517561,6.249792],[-75.517684,6.249486],[-75.518047,6.248851],[-75.517951,6.248493],[-75.518095,6.248086],[-75.518334,6.247739],[-75.518568,6.247504],[-75.518508,6.247345],[-75.518512,6.247195],[-75.518595,6.246937],[-75.518599,6.246608],[-75.518485,6.246365],[-75.518509,6.245907],[-75.518567,6.24554],[-75.518535,6.245165],[-75.518465,6.244869],[-75.518177,6.244228],[-75.518098,6.243896],[-75.518093,6.243686],[-75.51819,6.243326],[-75.518331,6.243242],[-75.518386,6.243173],[-75.518454,6.242981],[-75.518579,6.242814],[-75.518654,6.242624],[-75.518972,6.24257],[-75.518966,6.242134],[-75.519119,6.24171],[-75.519121,6.241435],[-75.519089,6.241314],[-75.519249,6.240979],[-75.519444,6.240304],[-75.51972,6.240176],[-75.519952,6.239945],[-75.520063,6.239737],[-75.520212,6.239261],[-75.520416,6.239144],[-75.520999,6.238675],[-75.521077,6.238559],[-75.521185,6.238157],[-75.521687,6.238058],[-75.521778,6.237953],[-75.521813,6.23777],[-75.521902,6.237664],[-75.522315,6.237485],[-75.522677,6.237119],[-75.523149,6.236821],[-75.523169,6.236732],[-75.523117,6.236503],[-75.523149,6.236368],[-75.523372,6.236203],[-75.523426,6.236128],[-75.523427,6.235943],[-75.523529,6.235584],[-75.523938,6.235274],[-75.524046,6.235121],[-75.524133,6.234806],[-75.524178,6.234475],[-75.524293,6.234276],[-75.524272,6.234237],[-75.524292,6.234139],[-75.524413,6.233868],[-75.524556,6.233818],[-75.524581,6.233779],[-75.524588,6.233476],[-75.524666,6.233176],[-75.524726,6.233206],[-75.524758,6.233188],[-75.52487,6.232979],[-75.52512,6.232862],[-75.525388,6.23281],[-75.525607,6.232828],[-75.525892,6.232431],[-75.526261,6.232253],[-75.526841,6.231744],[-75.526991,6.231674],[-75.527072,6.231718],[-75.527297,6.231944],[-75.527272,6.232075],[-75.527406,6.232295],[-75.527454,6.232305],[-75.527784,6.232165],[-75.528268,6.232199],[-75.528443,6.232181],[-75.528364,6.231682],[-75.528572,6.231581],[-75.528665,6.231431],[-75.528682,6.231309],[-75.528718,6.231261],[-75.528592,6.231208],[-75.528818,6.231199],[-75.52912,6.230903],[-75.529549,6.230621],[-75.529631,6.230537],[-75.529616,6.230316],[-75.529662,6.230309],[-75.529682,6.230211],[-75.529299,6.230323],[-75.528886,6.230514],[-75.528481,6.230751],[-75.528346,6.230773],[-75.528282,6.230723],[-75.528207,6.230566],[-75.528134,6.230511],[-75.527715,6.230432],[-75.527429,6.230511],[-75.527164,6.230424],[-75.527116,6.230374],[-75.526971,6.230018],[-75.526845,6.229903],[-75.526758,6.229866],[-75.52676,6.229741],[-75.526297,6.229713],[-75.526191,6.229643],[-75.526196,6.229543],[-75.526265,6.229502],[-75.526829,6.229535],[-75.527041,6.229449],[-75.527,6.229593],[-75.527087,6.229662],[-75.527111,6.229633],[-75.527349,6.22968],[-75.527357,6.229785],[-75.527432,6.22981],[-75.527417,6.229852],[-75.527467,6.229867],[-75.52748,6.229827],[-75.527587,6.229862],[-75.52757,6.229753],[-75.527593,6.229636],[-75.527806,6.229633],[-75.527809,6.229607],[-75.52794,6.229592],[-75.527948,6.229451],[-75.527971,6.22945],[-75.527969,6.229519],[-75.528048,6.229514],[-75.528046,6.229448],[-75.528084,6.229447],[-75.528063,6.229487],[-75.528114,6.229521],[-75.528176,6.229646],[-75.528236,6.229446],[-75.528284,6.229463],[-75.528287,6.229369],[-75.528158,6.229287],[-75.528146,6.229321],[-75.528067,6.229284],[-75.528073,6.22921],[-75.527995,6.229101],[-75.527971,6.228913],[-75.527881,6.228689],[-75.527889,6.228479],[-75.528071,6.22814],[-75.528085,6.22777],[-75.528039,6.227617],[-75.527882,6.2274],[-75.528005,6.227389],[-75.528121,6.227433],[-75.528257,6.227538],[-75.528434,6.227877],[-75.528538,6.227931],[-75.528661,6.227933],[-75.528835,6.227902],[-75.528959,6.227843],[-75.529038,6.227746],[-75.529095,6.227528],[-75.5292,6.227359],[-75.529265,6.227287],[-75.529373,6.227268],[-75.529477,6.227343],[-75.529632,6.227568],[-75.530047,6.227956],[-75.530143,6.228012],[-75.530251,6.228026],[-75.53037,6.227989],[-75.530781,6.227719],[-75.530875,6.227587],[-75.530947,6.22738],[-75.531027,6.227304],[-75.531157,6.227274],[-75.531617,6.22727],[-75.53199,6.227058],[-75.532132,6.22705],[-75.532232,6.227098],[-75.5323,6.227212],[-75.532256,6.227887],[-75.53228,6.227986],[-75.532345,6.228066],[-75.532521,6.228098],[-75.532916,6.227973],[-75.533418,6.228182],[-75.53361,6.228294],[-75.533707,6.2285],[-75.533876,6.228464],[-75.533852,6.22856],[-75.533933,6.228562],[-75.535887,6.227994],[-75.53599,6.228123],[-75.536251,6.227948],[-75.536238,6.22786],[-75.536336,6.227846],[-75.536322,6.227816],[-75.536561,6.227792],[-75.53651,6.227693],[-75.536734,6.227692],[-75.53676,6.227654],[-75.537169,6.227573],[-75.53793,6.227348],[-75.538181,6.227336],[-75.53863,6.227372],[-75.538821,6.227582],[-75.53911,6.227792],[-75.539668,6.227636],[-75.539611,6.227481],[-75.539644,6.227378],[-75.539851,6.22732],[-75.540019,6.227334],[-75.540121,6.227281],[-75.540237,6.227161],[-75.540239,6.227034],[-75.540334,6.227005],[-75.54034,6.226925],[-75.540308,6.226863],[-75.540372,6.226358],[-75.540353,6.226318],[-75.540424,6.2261],[-75.540372,6.225951],[-75.540202,6.225771],[-75.540052,6.225756],[-75.539915,6.225585],[-75.539407,6.225252],[-75.539335,6.225118],[-75.539267,6.22509],[-75.539181,6.224848],[-75.5391,6.224809],[-75.538969,6.224638],[-75.538738,6.224476],[-75.538605,6.224149],[-75.538531,6.224062],[-75.538418,6.224],[-75.538382,6.223848],[-75.538295,6.223848],[-75.538256,6.223677],[-75.53807,6.223545],[-75.537985,6.223375],[-75.537892,6.223289],[-75.53755,6.223103],[-75.53738,6.222894],[-75.537295,6.222537],[-75.537295,6.222335],[-75.536982,6.221698],[-75.536997,6.22128],[-75.536834,6.22084],[-75.536818,6.220486],[-75.536625,6.220003],[-75.53659,6.21966],[-75.536344,6.218475],[-75.536256,6.217315],[-75.536256,6.216946],[-75.536396,6.216727],[-75.536405,6.216498],[-75.536352,6.216182],[-75.536273,6.21598],[-75.536478,6.215456],[-75.536402,6.21531],[-75.535976,6.215199],[-75.535807,6.215272],[-75.535461,6.215242],[-75.535211,6.215157],[-75.534165,6.214986],[-75.533763,6.214804],[-75.53339,6.214503],[-75.533033,6.214363],[-75.532669,6.214324],[-75.532215,6.214013],[-75.53214,6.213011],[-75.532267,6.211493],[-75.530733,6.210891],[-75.529591,6.207912],[-75.529032,6.207776],[-75.528117,6.207836],[-75.526913,6.208006],[-75.524719,6.208067],[-75.5247,6.207956],[-75.524045,6.207974],[-75.524042,6.207892],[-75.523679,6.207788],[-75.523498,6.207779],[-75.523238,6.207847],[-75.522597,6.207922],[-75.522323,6.207904],[-75.521893,6.208082],[-75.52172,6.20819],[-75.521597,6.20833],[-75.521321,6.208792],[-75.520893,6.20972],[-75.52072,6.21025],[-75.520648,6.210358],[-75.519933,6.211099],[-75.519917,6.21152],[-75.519958,6.211838],[-75.519798,6.212255],[-75.519812,6.21258],[-75.51969,6.212694],[-75.519765,6.212856],[-75.519701,6.212896],[-75.519566,6.213094],[-75.518074,6.21471],[-75.517872,6.214454],[-75.517838,6.214219],[-75.517541,6.213931],[-75.516939,6.213733],[-75.516534,6.213463],[-75.515873,6.213243],[-75.515527,6.212997],[-75.515254,6.21286],[-75.514868,6.212565],[-75.514707,6.212607],[-75.513996,6.21264],[-75.513715,6.212862],[-75.51295,6.213077],[-75.512407,6.213286],[-75.511656,6.213683],[-75.511205,6.213986],[-75.511176,6.213961],[-75.510989,6.213988],[-75.511102,6.214268],[-75.511276,6.215123],[-75.511363,6.215796],[-75.510813,6.215923],[-75.51018,6.216179],[-75.510104,6.216179],[-75.509884,6.215949],[-75.509578,6.215709],[-75.509353,6.215443],[-75.509103,6.215417],[-75.508739,6.215565],[-75.508522,6.215316],[-75.508384,6.215322],[-75.508259,6.215257],[-75.508162,6.215022],[-75.507452,6.2147],[-75.506883,6.214658],[-75.506587,6.214678],[-75.506168,6.214591],[-75.50589,6.214569],[-75.505061,6.214609],[-75.504843,6.214661],[-75.503931,6.214996],[-75.503742,6.215013],[-75.503415,6.214875],[-75.503229,6.214703],[-75.503049,6.214412],[-75.502913,6.21438],[-75.502962,6.214615],[-75.502608,6.214651],[-75.502351,6.214758],[-75.502389,6.214889],[-75.502442,6.214924],[-75.502877,6.214962],[-75.503033,6.215094],[-75.503236,6.21547],[-75.503274,6.215617],[-75.503274,6.21606],[-75.503231,6.216169],[-75.502732,6.216676],[-75.502301,6.21734],[-75.501613,6.218556],[-75.501597,6.218751],[-75.501623,6.218865],[-75.501818,6.219366],[-75.501922,6.219839],[-75.501944,6.220316],[-75.501867,6.22034],[-75.501555,6.219406],[-75.501456,6.219278],[-75.501285,6.21921],[-75.501455,6.219278],[-75.501553,6.219405],[-75.501864,6.220332],[-75.501723,6.221559],[-75.501828,6.221775],[-75.502719,6.222862],[-75.502837,6.222967],[-75.503156,6.223111],[-75.503682,6.223246],[-75.503795,6.223305],[-75.503859,6.223392],[-75.503872,6.223525],[-75.503847,6.223597],[-75.503532,6.223856],[-75.503267,6.22447],[-75.503205,6.224532],[-75.503126,6.224571],[-75.502646,6.224607],[-75.502534,6.224635],[-75.502473,6.22469],[-75.502423,6.224855],[-75.502469,6.225139],[-75.502612,6.225411],[-75.503081,6.226051],[-75.503176,6.22628],[-75.503331,6.226821],[-75.503241,6.227234],[-75.50324,6.22737],[-75.503285,6.227585],[-75.503389,6.227799],[-75.503747,6.228179],[-75.504186,6.228531],[-75.5046,6.229105],[-75.505008,6.229319],[-75.505672,6.22992],[-75.505839,6.230215],[-75.505869,6.230304],[-75.505879,6.230766],[-75.50579,6.231216],[-75.505764,6.231935],[-75.505667,6.23245],[-75.505709,6.23265],[-75.505798,6.232739],[-75.505642,6.23304],[-75.505564,6.23309],[-75.505384,6.233135],[-75.505207,6.233462],[-75.505013,6.233658],[-75.504684,6.233833],[-75.50463,6.233909],[-75.504594,6.234062],[-75.504495,6.23416],[-75.504427,6.234284],[-75.504243,6.234422],[-75.503969,6.234477],[-75.503902,6.23454],[-75.503746,6.234829],[-75.503577,6.234905],[-75.503438,6.234899],[-75.503037,6.234659],[-75.502863,6.23459],[-75.502318,6.234672],[-75.501822,6.234417],[-75.501649,6.234465],[-75.501561,6.234436],[-75.501491,6.234451],[-75.501298,6.234613],[-75.500813,6.234403],[-75.500406,6.234152],[-75.500269,6.234132],[-75.500087,6.234162],[-75.499309,6.233742],[-75.499087,6.233664],[-75.498738,6.233623],[-75.498532,6.233622],[-75.498346,6.233686],[-75.498248,6.233788],[-75.497741,6.234038],[-75.497363,6.234207],[-75.49694,6.234322],[-75.496203,6.234415],[-75.495732,6.234121],[-75.495654,6.23418],[-75.495701,6.234414],[-75.495749,6.234493],[-75.496009,6.234717],[-75.49618,6.234792],[-75.496416,6.234821],[-75.496987,6.235024],[-75.498234,6.23587],[-75.49866,6.236254],[-75.500231,6.23749],[-75.500856,6.238159],[-75.501319,6.238412],[-75.501519,6.238628],[-75.501687,6.238937],[-75.501805,6.238931],[-75.502234,6.238757],[-75.502511,6.23859],[-75.502579,6.238528],[-75.502696,6.238277],[-75.502897,6.238086],[-75.503078,6.238067],[-75.503425,6.237967],[-75.503853,6.237791],[-75.504398,6.237674],[-75.504441,6.237723],[-75.504463,6.237952],[-75.504532,6.238072],[-75.505344,6.239007],[-75.505424,6.239175],[-75.50548,6.239449],[-75.505597,6.239754],[-75.505807,6.240058],[-75.505929,6.240123],[-75.506138,6.240369],[-75.506354,6.240544],[-75.506545,6.240669],[-75.506757,6.24076],[-75.506848,6.240866],[-75.506941,6.241079],[-75.507023,6.241448],[-75.50702,6.241676],[-75.50711,6.24194],[-75.507286,6.242201],[-75.507541,6.242436],[-75.508076,6.24303],[-75.508171,6.243401],[-75.508526,6.244],[-75.508543,6.244158],[-75.508482,6.244642],[-75.50859,6.244935],[-75.509231,6.245286],[-75.509293,6.245369],[-75.50943,6.245812],[-75.509654,6.245995],[-75.509466,6.246103],[-75.509545,6.246378],[-75.509546,6.246551],[-75.509597,6.246731],[-75.509489,6.246796],[-75.509357,6.24682],[-75.509393,6.246988],[-75.509751,6.247053],[-75.510139,6.24747],[-75.510253,6.247551],[-75.510384,6.247594],[-75.510503,6.24772],[-75.510873,6.247811],[-75.511023,6.247899],[-75.511339,6.248389],[-75.511453,6.248464],[-75.511881,6.249173],[-75.512287,6.24965],[-75.512469,6.249987],[-75.512508,6.250169],[-75.513017,6.250219],[-75.513046,6.250252],[-75.513211,6.250957],[-75.513359,6.25106],[-75.5141,6.251437],[-75.514652,6.251835],[-75.515209,6.252146],[-75.515432,6.252362],[-75.515531,6.252387],[-75.51587,6.252347]]]},"properties":{"CODIGO":"9005","COMUNA":"90","BARRIO":"05","NOMBRE_BARRIO":"Media Luna","SECTOR":9,"INDICADOR_UR":"R","NOMBRE_COMUNA":"SANTA ELENA","MUNICIPIO":"001"}},{"type":"Feature","id":74,"geometry":{"type":"Polygon","coordinates":[[[-75.667645,6.181736],[-75.667631,6.182087],[-75.667533,6.182311],[-75.667396,6.182293],[-75.667203,6.182062],[-75.667143,6.18187],[-75.66681,6.181677],[-75.66628,6.181127],[-75.666151,6.18112],[-75.66601,6.181194],[-75.665936,6.181285],[-75.666032,6.181676],[-75.66627,6.182382],[-75.66628,6.182555],[-75.665553,6.182552],[-75.665451,6.182472],[-75.66527,6.182665],[-75.665236,6.18274],[-75.665071,6.182864],[-75.665304,6.183532],[-75.665238,6.183901],[-75.665511,6.183839],[-75.665856,6.184172],[-75.666429,6.184558],[-75.666468,6.18452],[-75.666482,6.184559],[-75.666657,6.184639],[-75.667476,6.184984],[-75.667597,6.184621],[-75.668013,6.185215],[-75.668158,6.185178],[-75.668361,6.185003],[-75.668688,6.184808],[-75.668905,6.184613],[-75.669222,6.184618],[-75.669304,6.184491],[-75.669407,6.184466],[-75.669736,6.18453],[-75.669993,6.184524],[-75.670214,6.184608],[-75.670408,6.184582],[-75.670442,6.184483],[-75.670317,6.183805],[-75.670385,6.183753],[-75.670717,6.183708],[-75.670921,6.18361],[-75.670803,6.182997],[-75.671176,6.183014],[-75.671233,6.182019],[-75.671086,6.181676],[-75.67125,6.181478],[-75.671183,6.181306],[-75.671259,6.181279],[-75.671126,6.181082],[-75.671103,6.180987],[-75.670773,6.181037],[-75.670757,6.180693],[-75.670869,6.180389],[-75.670556,6.180133],[-75.670384,6.180168],[-75.67027,6.180082],[-75.670166,6.180125],[-75.668976,6.179951],[-75.66812,6.179702],[-75.668054,6.179942],[-75.668087,6.1802],[-75.668059,6.180454],[-75.668146,6.180612],[-75.668272,6.180693],[-75.668329,6.180855],[-75.668108,6.180827],[-75.667773,6.180603],[-75.667416,6.18044],[-75.667081,6.180397],[-75.667198,6.180541],[-75.667144,6.18067],[-75.667149,6.180785],[-75.66749,6.180929],[-75.667701,6.18127],[-75.668116,6.181432],[-75.66847,6.181411],[-75.668411,6.181629],[-75.668249,6.181811],[-75.668213,6.181936],[-75.668165,6.181899],[-75.667793,6.181872],[-75.667645,6.181736]]]},"properties":{"CODIGO":"8089","COMUNA":"80","BARRIO":"89","NOMBRE_BARRIO":"Suburbano Potrerito","SECTOR":8,"INDICADOR_UR":"R","NOMBRE_COMUNA":"SAN ANTONIO DE PRADO","MUNICIPIO":"001"}}]}